0.918124 0.679847 0.000000
0.057667 1.183153 0.000000
0.825880 0.744546 0.000000
-0.527328 -1.344636 0.000000
0.907158 -0.672413 0.000000
1.180625 -0.468710 0.000000
1.581732 -0.132865 0.000000
1.215638 -0.441178 0.000000
-1.269817 1.146547 0.000000
-0.556677 -1.347829 0.000000
-0.754057 -1.351414 0.000000
1.684620 0.046668 0.000000
0.304727 -1.049122 0.000000
-0.699975 1.360361 0.000000
-0.790065 -1.348165 0.000000
1.050000 -0.568475 0.000000
1.335931 0.356830 0.000000
-0.588114 -1.350546 0.000000
-0.271051 1.301684 0.000000
1.376459 -0.310492 0.000000
-0.739823 1.358540 0.000000
0.292434 -1.055676 0.000000
-0.306867 1.311290 0.000000
-0.917374 -1.325787 0.000000
0.353463 -1.022683 0.000000
-1.160319 -1.223305 0.000000
1.296045 0.389851 0.000000
-0.235540 -1.280890 0.000000
1.063294 -0.558504 0.000000
0.337803 -1.031253 0.000000
-1.424685 -0.972772 0.000000
-1.678332 0.306975 0.000000
-1.693604 0.163069 0.000000
0.586111 0.901476 0.000000
-1.574371 -0.698013 0.000000
-0.986712 -1.305453 0.000000
-1.402362 -1.002461 0.000000
-0.230695 -1.279433 0.000000
-0.843277 -1.341051 0.000000
-0.825291 1.349382 0.000000
-0.492788 1.348317 0.000000
1.187061 -0.463669 0.000000
-0.674360 1.360781 0.000000
1.474977 -0.226832 0.000000
-0.299697 1.309386 0.000000
0.247267 -1.079287 0.000000
0.694286 -0.817271 0.000000
-1.117789 1.252221 0.000000
-1.695480 -0.127151 0.000000
-1.508551 -0.838893 0.000000
0.009873 1.203515 0.000000
1.591008 -0.124546 0.000000
0.378258 -1.008931 0.000000
-1.086204 1.268634 0.000000
1.452294 -0.246325 0.000000
0.988669 -0.613736 0.000000
0.405385 1.008467 0.000000
1.232639 -0.427706 0.000000
-1.400106 -1.005374 0.000000
-0.059331 1.231215 0.000000
0.539593 -0.914767 0.000000
-1.397218 1.013228 0.000000
1.388083 0.312941 0.000000
0.966315 0.645089 0.000000
0.518405 0.942760 0.000000
1.160411 0.498607 0.000000
0.744208 0.799862 0.000000
-1.490066 -0.871971 0.000000
-0.921040 -1.324862 0.000000
-0.302553 1.310142 0.000000
-0.993107 -1.303212 0.000000
0.116622 -1.143426 0.000000
1.202882 -0.451261 0.000000
-0.382137 -1.319597 0.000000
-1.134365 1.242923 0.000000
-1.697366 -0.088388 0.000000
-1.331958 1.087786 0.000000
-0.154270 -1.254338 0.000000
-1.018536 1.298435 0.000000
1.140680 -0.499687 0.000000
-0.195558 -1.268258 0.000000
0.593991 -0.881242 0.000000
0.851018 -0.711793 0.000000
0.306335 1.062662 0.000000
-0.594825 1.358540 0.000000
-1.424314 -0.973276 0.000000
-1.151407 -1.228795 0.000000
-0.952569 -1.316264 0.000000
1.379373 0.320335 0.000000
1.406397 -0.285369 0.000000
0.223788 -1.091275 0.000000
-1.302767 1.116718 0.000000
0.845662 -0.715490 0.000000
0.627711 0.875456 0.000000
-1.698803 -0.038421 0.000000
-1.105921 1.258551 0.000000
0.531648 -0.919585 0.000000
-0.257729 1.297931 0.000000
1.116701 0.532525 0.000000
-0.368294 1.325911 0.000000
-1.110986 -1.251733 0.000000
-0.451170 -1.333265 0.000000
0.728178 0.810477 0.000000
-0.035564 1.221945 0.000000
0.008224 -1.191628 0.000000
-0.841223 -1.341359 0.000000
-0.330723 -1.307441 0.000000
1.070101 0.568067 0.000000
-1.429890 -0.965574 0.000000
-0.901258 -1.329652 0.000000
1.228644 -0.430871 0.000000
0.819681 0.748803 0.000000
-0.742303 -1.352114 0.000000
-0.034508 1.221524 0.000000
-1.178832 1.215447 0.000000
1.675142 0.055658 0.000000
-1.540698 0.780284 0.000000
1.607234 -0.109926 0.000000
0.621930 -0.863709 0.000000
0.388391 1.017989 0.000000
1.285161 0.398786 0.000000
-1.031676 1.293141 0.000000
-1.477245 0.898171 0.000000
0.172888 -1.116566 0.000000
0.359491 -1.019378 0.000000
0.029312 -1.182637 0.000000
1.577319 0.146432 0.000000
0.115809 1.157106 0.000000
-0.214010 1.284963 0.000000
1.186742 -0.463921 0.000000
1.052610 0.581259 0.000000
0.992047 -0.611271 0.000000
0.963414 -0.632109 0.000000
1.196031 0.470543 0.000000
-0.946287 -1.318056 0.000000
0.751715 0.794849 0.000000
-0.141781 -1.249969 0.000000
-1.578455 0.693123 0.000000
-0.981561 1.311851 0.000000
0.668242 -0.834160 0.000000
-0.070520 1.235500 0.000000
0.173094 1.130134 0.000000
1.030746 0.597643 0.000000
1.431432 -0.264139 0.000000
0.822616 0.746787 0.000000
-0.485978 1.347337 0.000000
0.330228 -1.035398 0.000000
0.066373 -1.166364 0.000000
-1.666162 -0.375499 0.000000
0.237203 -1.084441 0.000000
1.709463 -0.015763 0.000000
1.193528 0.472531 0.000000
0.078165 -1.161071 0.000000
0.262629 -1.071333 0.000000
0.095359 -1.153257 0.000000
1.515045 -0.191962 0.000000
-0.257102 -1.287359 0.000000
1.539185 0.180938 0.000000
-1.544419 -0.767305 0.000000
-0.007882 -1.198406 0.000000
-1.201930 -1.195717 0.000000
0.191511 -1.107435 0.000000
1.624005 0.103524 0.000000
-1.665823 -0.377347 0.000000
0.111029 -1.146030 0.000000
-0.361063 1.324314 0.000000
-0.935318 -1.321109 0.000000
1.510495 -0.195939 0.000000
1.489780 -0.214004 0.000000
1.149657 0.506981 0.000000
-1.584305 0.678027 0.000000
1.406517 0.297228 0.000000
-1.661797 0.404835 0.000000
-0.487850 1.347617 0.000000
-0.914103 -1.326627 0.000000
0.635036 -0.855418 0.000000
1.609741 0.116716 0.000000
-1.407279 1.000344 0.000000
0.879483 0.707239 0.000000
1.459972 -0.239744 0.000000
-0.719983 -1.353207 0.000000
-1.499945 0.859323 0.000000
-0.461526 -1.335029 0.000000
0.460853 0.976705 0.000000
-0.684795 -1.353991 0.000000
-0.600150 1.358820 0.000000
0.058466 1.182817 0.000000
0.237528 1.098317 0.000000
-1.560693 -0.730922 0.000000
-1.106230 -1.254254 0.000000
0.613118 -0.869254 0.000000
1.271966 -0.396225 0.000000
0.312144 1.059553 0.000000
1.016458 -0.593346 0.000000
0.223374 -1.091471 0.000000
-0.003753 -1.196669 0.000000
-1.281850 1.135988 0.000000
1.587089 -0.128075 0.000000
1.377892 0.321595 0.000000
-0.454715 1.342548 0.000000
0.351197 1.038519 0.000000
1.719404 0.013450 0.000000
-1.079542 1.271827 0.000000
-1.668693 0.367669 0.000000
-0.970873 1.315352 0.000000
-1.109758 1.256507 0.000000
-1.648369 -0.461288 0.000000
-0.888337 1.337730 0.000000
1.683416 -0.040074 0.000000
-0.001782 -1.195829 0.000000
-1.081366 -1.266718 0.000000
-1.657315 0.426934 0.000000
0.961155 0.648842 0.000000
-0.920998 -1.324862 0.000000
-1.451921 0.937942 0.000000
1.628617 0.099239 0.000000
1.437316 0.270733 0.000000
1.703589 0.028602 0.000000
-0.257174 1.297791 0.000000
1.036919 0.593022 0.000000
-1.653420 -0.438937 0.000000
-1.542173 0.777175 0.000000
1.440622 0.267876 0.000000
-1.416599 0.988049 0.000000
-0.454263 -1.333825 0.000000
0.119420 -1.142137 0.000000
-0.310838 1.312299 0.000000
-1.139656 1.239814 0.000000
1.186145 0.478385 0.000000
-0.537838 -1.345812 0.000000
0.305313 -1.048814 0.000000
-1.684699 -0.251311 0.000000
0.029182 -1.182693 0.000000
1.520504 0.197659 0.000000
-1.692500 0.177858 0.000000
-1.593714 -0.647234 0.000000
-1.116407 -1.248792 0.000000
-1.008603 1.302160 0.000000
-0.875053 -1.335253 0.000000
1.310855 0.377640 0.000000
-1.689260 -0.208486 0.000000
0.152095 -1.126649 0.000000
1.536031 0.183767 0.000000
-1.366491 1.050171 0.000000
1.667351 -0.054974 0.000000
-0.377045 1.327843 0.000000
-1.685803 0.248298 0.000000
-0.634882 -1.353207 0.000000
1.365781 0.331818 0.000000
1.084252 0.557340 0.000000
-0.275176 -1.292569 0.000000
-0.412597 1.335041 0.000000
0.205361 -1.100545 0.000000
0.560122 -0.902220 0.000000
0.505694 -0.935185 0.000000
-0.215584 -1.274672 0.000000
0.326659 -1.037331 0.000000
-0.177669 1.273451 0.000000
0.106739 -1.148019 0.000000
-0.030435 1.219900 0.000000
-0.139573 -1.249156 0.000000
-0.546294 -1.346765 0.000000
-1.419044 -0.980474 0.000000
1.451386 0.258521 0.000000
1.036270 -0.578698 0.000000
1.578225 -0.136029 0.000000
0.354663 -1.022011 0.000000
-0.399831 -1.323378 0.000000
0.539229 0.930184 0.000000
0.617586 -0.866453 0.000000
1.518917 -0.188573 0.000000
-1.608161 0.610919 0.000000
0.555984 -0.904740 0.000000
-0.203911 1.281826 0.000000
1.342199 0.351592 0.000000
1.499234 -0.205770 0.000000
0.252218 1.090838 0.000000
-1.075756 1.273648 0.000000
-1.324448 1.095460 0.000000
0.523110 0.939931 0.000000
1.366141 0.331510 0.000000
-0.591279 1.358316 0.000000
-1.147717 1.235080 0.000000
-0.061206 -1.219916 0.000000
1.494715 0.220542 0.000000
-0.002639 1.208669 0.000000
-1.687638 -0.224731 0.000000
-0.879302 -1.334413 0.000000
-0.445118 -1.332173 0.000000
0.021950 1.198474 0.000000
-0.479651 1.346413 0.000000
-0.757857 1.357196 0.000000
1.322993 0.367585 0.000000
1.323048 -0.354689 0.000000
1.523628 0.194859 0.000000
1.681510 0.049608 0.000000
-0.733860 -1.352590 0.000000
0.664724 0.851845 0.000000
-0.952230 1.321149 0.000000
0.826337 -0.728821 0.000000
-0.187689 1.276672 0.000000
-0.541768 1.354199 0.000000
0.116817 -1.143342 0.000000
-1.698703 0.050505 0.000000
-1.313612 -1.102310 0.000000
-0.677872 1.360753 0.000000
-0.197441 1.279809 0.000000
-1.428364 0.972000 0.000000
1.482171 0.231605 0.000000
-0.564972 1.356356 0.000000
-1.636947 0.513451 0.000000
1.373434 0.325348 0.000000
0.065578 1.179680 0.000000
-0.421780 1.336806 0.000000
-1.051609 1.284711 0.000000
0.038605 -1.178604 0.000000
0.988227 0.629097 0.000000
-0.802091 -1.346877 0.000000
0.211554 -1.097436 0.000000
-0.092407 1.243707 0.000000
0.612092 -0.869898 0.000000
1.016663 -0.593206 0.000000
-1.278746 1.138760 0.000000
0.149592 -1.127825 0.000000
-0.529049 1.352798 0.000000
-0.668356 -1.353963 0.000000
0.633164 0.871983 0.000000
1.582381 -0.132304 0.000000
-0.322675 1.315240 0.000000
0.832145 0.740233 0.000000
-1.439868 -0.951318 0.000000
0.349167 -1.025035 0.000000
-1.308808 -1.106959 0.000000
-1.595093 0.648898 0.000000
1.557184 0.164722 0.000000
0.080312 -1.160119 0.000000
0.278642 1.077199 0.000000
0.362804 -1.017529 0.000000
0.353261 1.037399 0.000000
1.310745 -0.364772 0.000000
-0.316033 -1.303688 0.000000
-1.006178 -1.298563 0.000000
-1.437914 -0.954147 0.000000
-1.434413 0.963542 0.000000
1.581859 -0.132753 0.000000
1.403140 0.300113 0.000000
1.530575 0.188669 0.000000
-1.637492 -0.505401 0.000000
0.238917 1.097588 0.000000
-0.247638 1.295046 0.000000
-1.322799 -1.093151 0.000000
0.842580 -0.717618 0.000000
1.256128 -0.408969 0.000000
0.058452 -1.169893 0.000000
-0.243743 -1.283382 0.000000
-0.573037 1.357000 0.000000
1.377679 0.321763 0.000000
-1.626067 -0.547105 0.000000
-1.228172 1.180408 0.000000
-0.707347 1.360109 0.000000
-0.253947 1.296866 0.000000
0.693041 -0.818083 0.000000
-0.296988 -1.298647 0.000000
0.752246 -0.779040 0.000000
-0.880090 -1.334245 0.000000
0.521224 0.941051 0.000000
-0.443571 -1.331892 0.000000
-1.196711 1.203319 0.000000
1.504631 0.211775 0.000000
0.052067 -1.172722 0.000000
-1.242011 1.169625 0.000000
0.688299 0.836609 0.000000
0.617562 -0.866481 0.000000
0.011756 1.202731 0.000000
-0.840492 1.347029 0.000000
1.688488 0.042998 0.000000
-0.635681 -1.353235 0.000000
-0.833473 1.348149 0.000000
0.899786 0.692899 0.000000
-0.694046 1.360557 0.000000
-1.120755 -1.246468 0.000000
-1.427198 0.973652 0.000000
-1.698299 -0.060716 0.000000
-1.033243 1.292525 0.000000
1.375430 -0.311360 0.000000
-1.454006 0.934805 0.000000
0.984146 0.632093 0.000000
-1.433573 0.964718 0.000000
-1.041840 -1.284559 0.000000
0.648207 -0.847016 0.000000
-0.298055 1.308966 0.000000
0.927372 -0.658017 0.000000
0.228702 -1.088782 0.000000
-0.469748 -1.336374 0.000000
0.074342 1.175815 0.000000
-1.179525 -1.211009 0.000000
-0.835030 1.347897 0.000000
0.442223 -0.972548 0.000000
-0.254160 -1.286491 0.000000
0.707281 -0.808785 0.000000
-0.639093 -1.353347 0.000000
1.481630 0.232081 0.000000
-1.461036 -0.919529 0.000000
1.124324 0.526643 0.000000
0.560980 -0.901688 0.000000
0.038012 1.191640 0.000000
-1.279103 -1.134491 0.000000
-0.142172 1.261492 0.000000
1.434237 0.273393 0.000000
0.518048 0.942956 0.000000
-0.192503 -1.267250 0.000000
-0.627548 1.360053 0.000000
-0.493408 1.348401 0.000000
0.261816 -1.071753 0.000000
-0.037368 -1.210449 0.000000
0.574826 -0.893145 0.000000
-0.996464 1.306641 0.000000
0.617911 0.881618 0.000000
-1.023399 -1.292037 0.000000
-0.906058 1.333641 0.000000
-1.517930 0.826050 0.000000
0.671983 0.847168 0.000000
-0.975554 -1.309122 0.000000
1.316921 -0.359730 0.000000
1.126193 -0.510834 0.000000
0.311067 -1.045733 0.000000
-0.345635 1.320757 0.000000
-0.699200 -1.353823 0.000000
0.098973 -1.151604 0.000000
-1.309374 -1.106399 0.000000
-0.331985 -1.307749 0.000000
-1.308260 1.111480 0.000000
-0.304529 -1.300635 0.000000
1.050803 -0.567859 0.000000
-1.254582 -1.155469 0.000000
0.240628 1.096720 0.000000
0.637158 -0.854046 0.000000
1.007659 -0.599844 0.000000
0.934422 -0.652975 0.000000
-0.187476 -1.265625 0.000000
-1.151873 -1.228514 0.000000
-1.438394 -0.953447 0.000000
-1.101923 1.260680 0.000000
-0.517209 1.351482 0.000000
-0.116221 1.252361 0.000000
0.016008 1.200938 0.000000
-1.202753 1.199118 0.000000
0.421416 -0.984536 0.000000
0.158034 1.137332 0.000000
-0.344089 1.320393 0.000000
0.223658 -1.091331 0.000000
0.619797 0.880441 0.000000
0.864755 -0.702214 0.000000
-0.975904 1.313699 0.000000
0.563397 -0.900203 0.000000
0.278563 1.077227 0.000000
-0.590816 -1.350770 0.000000
0.024059 -1.184906 0.000000
-0.111133 1.250513 0.000000
-0.682082 1.360697 0.000000
-1.184757 1.211497 0.000000
1.370670 -0.315337 0.000000
1.037423 0.592658 0.000000
0.305831 -1.048534 0.000000
0.590435 -0.883454 0.000000
1.163857 -0.481762 0.000000
0.786646 -0.755905 0.000000
-0.125373 -1.244115 0.000000
1.474600 0.238271 0.000000
-0.014274 -1.201038 0.000000
0.241362 -1.082312 0.000000
0.699731 -0.813714 0.000000
-0.388868 -1.321053 0.000000
-0.377052 -1.318449 0.000000
-1.416321 -0.984144 0.000000
0.905341 -0.673701 0.000000
-1.699043 0.028546 0.000000
-1.362147 -1.051055 0.000000
0.597156 0.894614 0.000000
0.100533 1.164080 0.000000
-0.703054 -1.353767 0.000000
0.150418 1.140973 0.000000
0.830297 -0.726105 0.000000
0.938798 0.665031 0.000000
-0.866937 -1.336878 0.000000
-1.697129 0.100891 0.000000
-0.932688 1.326751 0.000000
-1.014953 -1.295258 0.000000
0.150144 -1.127573 0.000000
-0.772992 -1.349846 0.000000
0.439178 -0.974313 0.000000
-1.447484 -0.940143 0.000000
0.606661 0.888676 0.000000
1.364262 0.333107 0.000000
0.755977 0.791992 0.000000
-0.049191 -1.215183 0.000000
-0.828268 -1.343348 0.000000
-1.445115 0.948053 0.000000
1.420247 0.285465 0.000000
-0.685789 -1.353963 0.000000
1.534614 0.185028 0.000000
-1.356914 1.060982 0.000000
-0.307457 -1.301420 0.000000
1.632975 0.095206 0.000000
-0.068068 1.234548 0.000000
0.149238 1.141533 0.000000
0.898949 -0.678211 0.000000
-0.242841 1.293673 0.000000
-1.495833 -0.861888 0.000000
1.483104 -0.219802 0.000000
1.221406 0.450349 0.000000
-1.460274 -0.920705 0.000000
-0.539714 1.353975 0.000000
-1.074618 1.274208 0.000000
-1.157085 1.229339 0.000000
-0.657589 -1.353823 0.000000
-0.107988 -1.237729 0.000000
-1.528254 -0.800914 0.000000
0.712267 -0.805508 0.000000
-0.598638 1.358736 0.000000
-0.031570 -1.208097 0.000000
1.685847 0.045519 0.000000
-0.696392 1.360501 0.000000
1.366292 -0.318979 0.000000
0.575553 -0.892697 0.000000
-1.676487 -0.313153 0.000000
1.547922 0.173068 0.000000
1.013893 -0.595251 0.000000
-0.540626 1.354087 0.000000
1.598127 0.127415 0.000000
1.607930 0.118396 0.000000
-0.946030 1.322998 0.000000
0.596504 -0.879673 0.000000
1.553663 -0.157904 0.000000
-0.696409 1.360501 0.000000
-1.680533 0.291066 0.000000
0.060832 1.181781 0.000000
-0.728515 -1.352899 0.000000
0.523250 0.939847 0.000000
-0.518704 1.351650 0.000000
-1.107567 1.257683 0.000000
0.748611 0.796921 0.000000
-1.636272 0.516028 0.000000
0.394405 -0.999856 0.000000
1.524554 0.194046 0.000000
-1.212786 1.191864 0.000000
0.627687 -0.860068 0.000000
0.748879 0.796725 0.000000
-1.445828 -0.942607 0.000000
-0.834982 1.347897 0.000000
0.570138 0.911334 0.000000
-0.769910 -1.350098 0.000000
1.116437 -0.518284 0.000000
1.376884 -0.310156 0.000000
1.688693 -0.035172 0.000000
1.674782 0.055994 0.000000
0.630482 0.873691 0.000000
-1.003493 1.304092 0.000000
-0.337495 1.318853 0.000000
-1.628131 0.545744 0.000000
-1.618643 -0.572144 0.000000
0.661134 -0.838725 0.000000
0.228373 1.102910 0.000000
-1.540794 -0.775035 0.000000
1.454578 0.255748 0.000000
0.535608 0.932397 0.000000
0.020836 -1.186278 0.000000
0.106640 1.161307 0.000000
-0.860223 -1.338082 0.000000
-0.346167 1.320897 0.000000
-0.240660 1.293029 0.000000
0.235992 -1.085057 0.000000
1.068846 -0.554359 0.000000
1.530489 -0.178406 0.000000
-0.881812 -1.333881 0.000000
1.313907 0.375119 0.000000
-0.730130 -1.352814 0.000000
-0.495675 -1.340379 0.000000
-0.628638 1.360109 0.000000
-1.368391 1.048014 0.000000
-1.248317 1.164528 0.000000
-0.343623 -1.310634 0.000000
-0.904347 1.334089 0.000000
-1.016647 -1.294614 0.000000
-0.428792 -1.329176 0.000000
1.332416 0.359770 0.000000
-0.836833 1.347617 0.000000
1.296700 0.389319 0.000000
-1.042221 1.288744 0.000000
1.515206 -0.191822 0.000000
0.193671 1.120135 0.000000
0.403485 1.009531 0.000000
0.189882 1.121984 0.000000
-0.676685 -1.354047 0.000000
-0.098257 1.245863 0.000000
0.005988 1.205112 0.000000
-0.527678 -1.344664 0.000000
-1.346215 -1.068672 0.000000
-0.137008 1.259699 0.000000
-0.480210 1.346497 0.000000
-0.507546 1.350222 0.000000
-1.336844 1.082688 0.000000
-1.023721 -1.291897 0.000000
-0.369940 -1.316852 0.000000
-1.232925 1.176711 0.000000
1.683701 0.047536 0.000000
-1.697939 -0.072647 0.000000
0.754259 -0.777696 0.000000
-1.442667 0.951666 0.000000
0.759018 0.789947 0.000000
0.353250 -1.022795 0.000000
1.291786 0.393352 0.000000
0.518988 -0.927231 0.000000
0.767526 -0.768817 0.000000
1.445584 0.263562 0.000000
-1.029581 -1.289544 0.000000
-1.406789 -0.996775 0.000000
0.788693 -0.754533 0.000000
-0.478825 1.346301 0.000000
1.080662 0.560085 0.000000
-0.717970 -1.353263 0.000000
1.527462 -0.181067 0.000000
-0.599426 -1.351414 0.000000
-0.400160 1.332633 0.000000
0.600602 -0.877124 0.000000
1.647508 0.081650 0.000000
-1.007519 1.302580 0.000000
0.133801 -1.135359 0.000000
-0.849349 -1.340043 0.000000
0.595314 -0.880429 0.000000
0.298452 -1.052483 0.000000
0.883601 0.704326 0.000000
1.650566 -0.070434 0.000000
1.621166 0.106157 0.000000
1.629433 -0.089760 0.000000
1.092009 -0.536882 0.000000
1.277703 -0.391604 0.000000
0.023785 1.197689 0.000000
-1.058231 1.281770 0.000000
0.051570 -1.172946 0.000000
-1.107913 1.257487 0.000000
-1.367571 -1.044809 0.000000
-0.617209 1.359716 0.000000
-1.599993 0.635006 0.000000
-0.864389 -1.337326 0.000000
-0.226543 -1.278117 0.000000
-1.388577 -1.019826 0.000000
-0.694338 -1.353879 0.000000
-1.447333 -0.940367 0.000000
0.748903 0.796725 0.000000
-1.627401 -0.542455 0.000000
-1.251352 -1.158130 0.000000
-1.635445 0.519137 0.000000
0.992173 0.626184 0.000000
-0.601425 -1.351554 0.000000
-1.157373 1.229143 0.000000
-1.410160 -0.992350 0.000000
-0.547107 -1.346849 0.000000
1.393439 -0.296264 0.000000
0.808396 0.756533 0.000000
1.066439 -0.556151 0.000000
-1.604540 -0.616145 0.000000
-0.866457 1.342295 0.000000
-0.230273 -1.279293 0.000000
1.144624 0.510902 0.000000
0.750552 0.795633 0.000000
-0.642025 1.360529 0.000000
0.454756 -0.965266 0.000000
-0.781918 -1.349033 0.000000
1.327348 0.363972 0.000000
0.576918 0.907161 0.000000
-1.170239 -1.217059 0.000000
1.664862 0.065349 0.000000
-0.316791 -1.303912 0.000000
-0.538599 1.353863 0.000000
-0.231844 -1.279769 0.000000
-1.382203 -1.027584 0.000000
0.256611 -1.074442 0.000000
-1.263158 -1.148299 0.000000
-0.803318 -1.346709 0.000000
1.534299 0.185336 0.000000
1.714812 0.017847 0.000000
0.779044 -0.761059 0.000000
1.135753 0.517792 0.000000
0.568777 0.912175 0.000000
0.688984 -0.820716 0.000000
-0.802951 1.352490 0.000000
-0.660061 1.360753 0.000000
-0.997743 -1.301560 0.000000
-1.213739 -1.187230 0.000000
1.265304 0.414974 0.000000
-1.148050 1.234884 0.000000
0.690445 0.835236 0.000000
0.449486 -0.968347 0.000000
0.040693 1.190491 0.000000
-0.822164 1.349858 0.000000
-0.321588 1.314960 0.000000
-0.554102 1.355347 0.000000
-0.037862 -1.210645 0.000000
1.599488 -0.116928 0.000000
0.154457 -1.125501 0.000000
-1.235850 -1.170538 0.000000
-1.208359 1.195085 0.000000
-0.266484 1.300423 0.000000
-0.473575 1.345516 0.000000
-1.345427 1.073557 0.000000
-1.039923 1.289724 0.000000
-1.638031 -0.503328 0.000000
0.421399 -0.984536 0.000000
1.129598 0.522554 0.000000
-0.040574 -1.211738 0.000000
-0.574895 -1.349538 0.000000
0.537851 -0.915832 0.000000
-0.622133 -1.352674 0.000000
-0.387726 1.330056 0.000000
1.486046 0.228188 0.000000
-1.242944 1.168869 0.000000
0.603410 0.890720 0.000000
0.630828 0.873467 0.000000
-0.670650 1.360837 0.000000
-1.525597 -0.806180 0.000000
1.322500 -0.355137 0.000000
-1.403281 1.005554 0.000000
-0.684908 -1.353991 0.000000
-0.362458 -1.315144 0.000000
-1.102060 1.260596 0.000000
0.528034 -0.921769 0.000000
-1.457439 -0.925102 0.000000
0.999247 -0.606006 0.000000
0.623034 0.878397 0.000000
1.126035 0.525326 0.000000
-1.126447 -1.243303 0.000000
-0.600040 1.358820 0.000000
1.042765 -0.573852 0.000000
-0.752017 1.357672 0.000000
0.065122 1.179876 0.000000
-1.410496 0.996171 0.000000
1.043907 0.587813 0.000000
1.614791 -0.103064 0.000000
-0.128569 -1.245235 0.000000
-0.634872 1.360305 0.000000
0.269939 1.081708 0.000000
1.562688 -0.149893 0.000000
-1.690429 -0.195883 0.000000
1.559876 0.162285 0.000000
0.878039 0.708247 0.000000
1.063654 -0.558252 0.000000
0.092293 1.167805 0.000000
-1.390422 1.021686 0.000000
0.955072 0.653268 0.000000
0.786474 0.771462 0.000000
-0.118234 1.253090 0.000000
1.471085 -0.230165 0.000000
0.063414 1.180633 0.000000
1.197386 -0.455574 0.000000
-0.753858 -1.351442 0.000000
1.355638 0.340361 0.000000
-0.810389 -1.345784 0.000000
0.184557 1.124588 0.000000
-1.698998 -0.025537 0.000000
-0.278986 -1.293633 0.000000
0.275512 1.078823 0.000000
0.396326 1.013564 0.000000
0.077757 1.174303 0.000000
0.285497 -1.059345 0.000000
-0.156176 -1.254982 0.000000
0.042062 1.189903 0.000000
0.463301 0.975277 0.000000
0.656563 -0.841666 0.000000
-1.274200 -1.138804 0.000000
1.494999 -0.209467 0.000000
-1.553636 0.752164 0.000000
-1.482830 -0.884267 0.000000
-1.359023 1.058657 0.000000
-0.896574 1.335854 0.000000
-0.623992 -1.352786 0.000000
-0.181966 -1.263777 0.000000
1.568918 -0.144348 0.000000
0.683268 -0.824441 0.000000
-0.198404 -1.269182 0.000000
0.532930 0.934021 0.000000
0.744970 0.799330 0.000000
-1.608874 -0.603065 0.000000
0.420750 -0.984900 0.000000
-0.514205 1.351090 0.000000
1.109768 0.537846 0.000000
-0.261110 -1.288508 0.000000
-1.484020 0.886883 0.000000
-0.628299 -1.352983 0.000000
0.340741 1.044205 0.000000
0.444435 -0.971260 0.000000
-0.416897 1.335854 0.000000
-1.253348 -1.156478 0.000000
0.224354 -1.090995 0.000000
-0.517182 1.351482 0.000000
0.493082 0.957828 0.000000
1.654595 0.075012 0.000000
1.390668 0.310756 0.000000
1.487805 -0.215713 0.000000
0.982943 -0.617937 0.000000
-0.740091 1.358512 0.000000
-0.789678 -1.348193 0.000000
-1.466141 -0.911518 0.000000
0.487949 0.960853 0.000000
-1.133960 -1.239045 0.000000
0.672991 -0.831079 0.000000
-1.494246 -0.864661 0.000000
0.616149 -0.867350 0.000000
1.185590 -0.464817 0.000000
-0.284393 1.305353 0.000000
-1.576854 -0.691795 0.000000
-1.053660 1.283842 0.000000
0.603245 0.890804 0.000000
1.331271 -0.347939 0.000000
0.541506 -0.913591 0.000000
-1.140177 -1.235460 0.000000
-1.629112 0.542271 0.000000
-0.363682 1.324874 0.000000
-0.370019 -1.316852 0.000000
0.235869 1.099129 0.000000
-0.756478 1.357308 0.000000
-0.967804 1.316332 0.000000
-0.163247 1.268634 0.000000
0.188706 -1.108808 0.000000
-0.727164 1.359268 0.000000
0.202055 1.116018 0.000000
0.786221 -0.756185 0.000000
-0.005879 1.209985 0.000000
-1.377083 -1.033690 0.000000
-1.284229 -1.129898 0.000000
1.556426 -0.155467 0.000000
-0.313677 1.312999 0.000000
-1.208123 -1.191348 0.000000
1.041469 0.589633 0.000000
0.634275 -0.855894 0.000000
-1.531241 0.799834 0.000000
1.613742 -0.104016 0.000000
-0.265596 -1.289824 0.000000
0.703067 0.827002 0.000000
-0.305255 -1.300831 0.000000
1.324300 -0.353681 0.000000
1.360898 0.335935 0.000000
0.874881 0.710460 0.000000
0.671541 0.847448 0.000000
0.739212 0.803167 0.000000
0.186453 -1.109928 0.000000
-1.695535 -0.126143 0.000000
-1.603531 -0.619142 0.000000
-0.503322 1.349690 0.000000
1.071325 0.567143 0.000000
-1.048036 -1.281898 0.000000
-0.274528 1.302636 0.000000
0.229206 1.102490 0.000000
-1.496084 0.866129 0.000000
0.256138 1.088822 0.000000
0.548285 0.924694 0.000000
1.598380 0.127163 0.000000
-0.908290 1.333081 0.000000
-0.807992 -1.346093 0.000000
-1.426272 -0.970588 0.000000
-1.280828 1.136884 0.000000
1.301696 -0.372138 0.000000
0.176266 1.128593 0.000000
-0.651876 -1.353767 0.000000
0.547764 0.925030 0.000000
-0.383156 -1.319821 0.000000
-1.020463 1.297650 0.000000
-1.183602 -1.208321 0.000000
0.333043 -1.033858 0.000000
0.498993 -0.939190 0.000000
-0.597962 -1.351302 0.000000
1.538407 -0.171432 0.000000
1.079788 -0.546124 0.000000
0.636620 0.869798 0.000000
0.131929 -1.136228 0.000000
-0.295997 1.308434 0.000000
0.886961 0.701974 0.000000
1.060342 0.575461 0.000000
-1.380492 1.033758 0.000000
1.635074 -0.084607 0.000000
-1.323639 1.096272 0.000000
-0.590089 1.358232 0.000000
-0.555899 1.355515 0.000000
-1.460052 0.925535 0.000000
1.024348 0.602405 0.000000
-0.677309 -1.354047 0.000000
-0.632259 1.360221 0.000000
0.298558 -1.052427 0.000000
-0.651328 -1.353739 0.000000
-0.717449 1.359773 0.000000
-1.578373 0.693319 0.000000
-1.661183 0.407944 0.000000
0.704867 0.825826 0.000000
-0.009298 -1.198966 0.000000
0.350490 1.038911 0.000000
-0.585196 1.357868 0.000000
0.606729 -0.873287 0.000000
0.596504 -0.879673 0.000000
1.492016 0.222923 0.000000
0.846811 -0.714705 0.000000
-0.028843 -1.207004 0.000000
-0.054119 -1.217115 0.000000
-0.913283 -1.326823 0.000000
-0.680779 1.360697 0.000000
0.937399 -0.650847 0.000000
1.494965 -0.209495 0.000000
0.170221 -1.117882 0.000000
0.481766 -0.949413 0.000000
-0.717394 -1.353291 0.000000
1.251530 -0.412638 0.000000
-0.897215 -1.330576 0.000000
0.824968 0.745162 0.000000
-0.487912 -1.339231 0.000000
0.920857 -0.662666 0.000000
1.138743 -0.501171 0.000000
-0.957089 1.319693 0.000000
-1.607660 0.612432 0.000000
0.192969 -1.106707 0.000000
-1.306947 -1.108752 0.000000
-0.878578 -1.334553 0.000000
0.346039 1.041320 0.000000
-1.572722 0.707407 0.000000
-1.305986 1.113637 0.000000
-1.308311 1.111424 0.000000
-0.174751 1.272471 0.000000
0.455925 -0.964594 0.000000
-0.209953 -1.272907 0.000000
0.714692 -0.803911 0.000000
-0.370952 1.326499 0.000000
-0.474199 1.345628 0.000000
1.230119 -0.429723 0.000000
1.005543 -0.601384 0.000000
-0.557016 1.355627 0.000000
-0.110430 -1.238625 0.000000
-1.390076 -1.017977 0.000000
0.751546 0.794961 0.000000
0.513718 0.945560 0.000000
1.694866 -0.029431 0.000000
0.442902 0.987096 0.000000
0.280600 1.076162 0.000000
-1.537468 -0.782037 0.000000
0.046121 1.188167 0.000000
0.377308 1.024151 0.000000
-0.302649 -1.300131 0.000000
1.210056 0.459423 0.000000
-0.784346 1.354675 0.000000
1.515114 -0.191906 0.000000
0.065941 1.179512 0.000000
-0.621705 1.359885 0.000000
0.917977 -0.664711 0.000000
-0.456704 1.342856 0.000000
-0.874799 1.340615 0.000000
0.421721 0.999224 0.000000
-1.362486 -1.050663 0.000000
0.552016 0.922426 0.000000
-0.173441 -1.260892 0.000000
-1.330915 -1.084861 0.000000
1.510663 0.206426 0.000000
-1.154448 -1.226946 0.000000
-0.671264 -1.353991 0.000000
-0.022867 -1.204567 0.000000
0.302926 -1.050075 0.000000
0.741554 0.801627 0.000000
-0.755635 1.357364 0.000000
1.478859 -0.223471 0.000000
0.021673 -1.185914 0.000000
-0.140667 -1.249549 0.000000
0.735660 -0.790075 0.000000
0.239915 -1.083040 0.000000
1.348516 -0.333711 0.000000
-0.170681 1.271127 0.000000
-0.787435 1.354367 0.000000
-1.225689 -1.178324 0.000000
0.258202 -1.073629 0.000000
-0.286012 -1.295594 0.000000
1.521272 0.196987 0.000000
0.227883 -1.089202 0.000000
-0.990549 -1.304136 0.000000
0.776849 0.777988 0.000000
-1.256331 1.157974 0.000000
-1.281116 -1.132727 0.000000
0.233163 -1.086513 0.000000
-1.293971 1.124952 0.000000
0.455212 -0.965014 0.000000
0.303286 -1.049907 0.000000
0.013731 -1.189303 0.000000
0.302635 1.064623 0.000000
1.161871 0.497458 0.000000
0.181982 1.125821 0.000000
-1.508781 0.843247 0.000000
0.302069 -1.050551 0.000000
-0.670846 1.360809 0.000000
0.970735 0.641868 0.000000
1.232636 -0.427706 0.000000
-1.232187 -1.173366 0.000000
1.290634 -0.381129 0.000000
-0.312017 -1.302624 0.000000
1.280645 -0.389223 0.000000
0.660602 0.854506 0.000000
1.703740 0.028462 0.000000
-1.681956 -0.273689 0.000000
-0.801943 1.352630 0.000000
0.143090 1.144418 0.000000
-1.116040 1.253146 0.000000
1.161285 0.497906 0.000000
0.625417 0.876884 0.000000
-0.362067 -1.315060 0.000000
1.643228 0.085655 0.000000
1.640410 0.088260 0.000000
-1.162969 -1.221652 0.000000
1.556872 -0.155075 0.000000
-0.220909 -1.276352 0.000000
-0.146846 1.263088 0.000000
-0.866076 -1.337046 0.000000
-0.332790 1.317732 0.000000
-1.054675 -1.279013 0.000000
-1.104844 -1.254954 0.000000
-1.400071 -1.005402 0.000000
1.463161 0.248270 0.000000
-0.390068 1.330560 0.000000
0.799868 0.762359 0.000000
0.378111 1.023703 0.000000
-1.618468 0.578486 0.000000
0.698249 0.830139 0.000000
-1.396594 -1.009827 0.000000
-0.746681 -1.351862 0.000000
1.417000 -0.276406 0.000000
1.423943 -0.270524 0.000000
0.062221 -1.168213 0.000000
1.507669 0.209087 0.000000
1.429999 0.277062 0.000000
-0.203503 1.281714 0.000000
1.401418 -0.289570 0.000000
-0.719033 -1.353235 0.000000
-0.220981 1.287147 0.000000
-1.034282 1.292105 0.000000
0.449208 0.983455 0.000000
1.045234 -0.572032 0.000000
-1.016037 -1.294838 0.000000
-1.152655 -1.228038 0.000000
-1.534622 -0.787947 0.000000
0.323812 -1.038871 0.000000
-1.669423 0.363523 0.000000
-1.462846 -0.916700 0.000000
0.368304 -1.014476 0.000000
-1.151866 1.232532 0.000000
-0.343403 1.320253 0.000000
-1.052226 1.284459 0.000000
1.722061 -0.003943 0.000000
-0.675619 1.360781 0.000000
0.815950 -0.735964 0.000000
-0.557510 -1.347913 0.000000
1.158175 0.500343 0.000000
0.358655 1.034430 0.000000
0.728312 -0.794921 0.000000
-1.369152 -1.042989 0.000000
-0.512727 -1.342732 0.000000
0.715405 -0.803435 0.000000
1.711088 0.021432 0.000000
1.605379 0.120749 0.000000
-1.368110 -1.044193 0.000000
-1.067749 1.277429 0.000000
-1.369063 -1.043101 0.000000
0.978372 0.636295 0.000000
1.076455 -0.548617 0.000000
-1.464742 0.918224 0.000000
1.325188 -0.352952 0.000000
0.390699 1.016701 0.000000
-0.373647 1.327087 0.000000
-0.570571 -1.349145 0.000000
-0.519167 -1.343572 0.000000
1.206294 0.462420 0.000000
0.889430 -0.684933 0.000000
0.165156 1.133943 0.000000
-1.029327 -1.289656 0.000000
0.187218 1.123300 0.000000
1.680718 0.050365 0.000000
0.401291 1.010763 0.000000
0.783601 -0.757978 0.000000
1.481743 0.231997 0.000000
-0.601333 -1.351554 0.000000
0.533386 0.933741 0.000000
0.511856 -0.931516 0.000000
0.950278 -0.641604 0.000000
-0.824036 1.349578 0.000000
-0.533367 1.353275 0.000000
-0.228267 1.289304 0.000000
-0.923234 -1.324302 0.000000
0.343166 -1.028340 0.000000
1.665757 0.064509 0.000000
0.719681 -0.800634 0.000000
0.519890 -0.926671 0.000000
1.478907 0.234490 0.000000
-1.087494 -1.263749 0.000000
-0.424341 1.337282 0.000000
-1.575839 -0.694343 0.000000
-0.717521 1.359773 0.000000
-1.147025 -1.231399 0.000000
0.457955 -0.963390 0.000000
1.241767 -0.420452 0.000000
-1.050574 1.285159 0.000000
1.728881 0.004319 0.000000
1.679222 -0.043967 0.000000
-0.938915 -1.320129 0.000000
0.028397 1.195729 0.000000
1.320463 -0.356818 0.000000
-0.248944 1.295410 0.000000
0.993929 0.624895 0.000000
0.251759 -1.076962 0.000000
-1.437626 -0.954567 0.000000
-0.513441 1.350978 0.000000
0.964642 0.646322 0.000000
-0.592071 1.358372 0.000000
-1.551846 -0.751060 0.000000
1.234093 -0.426558 0.000000
-1.180553 1.214298 0.000000
-1.591989 0.657469 0.000000
-1.212323 -1.188267 0.000000
-0.436772 1.339495 0.000000
-0.993584 1.307649 0.000000
1.187603 -0.463248 0.000000
0.829076 -0.726945 0.000000
1.291954 0.393212 0.000000
-0.605331 1.359100 0.000000
1.035773 -0.579062 0.000000
-1.302163 1.117278 0.000000
1.533744 0.185812 0.000000
-0.301868 1.309974 0.000000
1.690178 -0.033800 0.000000
1.571960 -0.141631 0.000000
-0.461440 1.343640 0.000000
0.837481 -0.721147 0.000000
1.187658 -0.463192 0.000000
-0.938130 1.325238 0.000000
-1.022144 -1.292513 0.000000
-0.193631 1.278577 0.000000
-0.595037 -1.351078 0.000000
1.447165 -0.250723 0.000000
0.880069 -0.691515 0.000000
1.280848 0.402287 0.000000
1.455981 -0.243161 0.000000
-1.655275 -0.430367 0.000000
-0.868764 1.341819 0.000000
-0.215549 -1.274672 0.000000
-0.208942 1.283394 0.000000
-1.505534 -0.844439 0.000000
-1.168274 -1.218319 0.000000
0.563064 -0.900399 0.000000
-1.567859 -0.713949 0.000000
0.839113 0.735415 0.000000
-0.118457 -1.241566 0.000000
1.159385 -0.485235 0.000000
-1.338771 -1.076626 0.000000
1.690871 -0.033156 0.000000
1.517106 -0.190169 0.000000
-0.238753 1.292441 0.000000
-1.575811 0.699761 0.000000
0.008800 -1.191404 0.000000
1.377045 0.322296 0.000000
-0.372121 1.326751 0.000000
-1.261234 -1.149924 0.000000
-1.497805 0.863104 0.000000
1.602080 -0.114575 0.000000
-0.148125 1.263509 0.000000
0.507425 0.949313 0.000000
0.301857 1.065015 0.000000
-0.848235 -1.340239 0.000000
1.461800 0.249446 0.000000
0.013433 -1.189443 0.000000
0.963771 -0.631857 0.000000
0.811808 -0.738792 0.000000
-0.381259 1.328712 0.000000
-0.274233 -1.292317 0.000000
1.260959 -0.405076 0.000000
0.805481 0.758550 0.000000
-0.011781 -1.200002 0.000000
1.325733 0.365316 0.000000
1.533702 -0.175577 0.000000
-0.634694 -1.353179 0.000000
0.976410 0.637751 0.000000
-0.676346 -1.354047 0.000000
-1.504334 0.851397 0.000000
-0.634083 1.360277 0.000000
-1.106744 1.258103 0.000000
0.192255 1.120835 0.000000
0.615182 0.883326 0.000000
1.227629 0.445363 0.000000
0.858381 0.722027 0.000000
1.396926 -0.293351 0.000000
0.574305 0.908786 0.000000
1.160472 -0.484395 0.000000
0.118940 -1.142333 0.000000
1.109771 -0.523382 0.000000
0.105368 -1.148663 0.000000
-0.465784 -1.335730 0.000000
1.303674 -0.370542 0.000000
-0.468610 -1.336206 0.000000
-1.321568 1.098373 0.000000
0.419705 -0.985516 0.000000
-0.946736 1.322802 0.000000
0.952160 -0.640232 0.000000
-0.856801 -1.338698 0.000000
0.126391 1.152204 0.000000
0.864601 -0.702326 0.000000
1.244624 0.431695 0.000000
1.271648 -0.396477 0.000000
0.420942 0.999644 0.000000
0.193596 -1.106399 0.000000
-0.940170 1.324678 0.000000
-0.914740 -1.326459 0.000000
1.211222 -0.444679 0.000000
0.958929 0.650467 0.000000
-0.343767 1.320337 0.000000
0.177603 1.127949 0.000000
0.917665 -0.664935 0.000000
1.027619 0.599968 0.000000
-0.340907 -1.309990 0.000000
-1.112423 -1.250949 0.000000
-1.567602 -0.714565 0.000000
-1.614741 -0.584776 0.000000
0.868356 0.715053 0.000000
1.427808 0.278939 0.000000
1.695905 0.035940 0.000000
-0.271648 1.301852 0.000000
-0.623069 -1.352730 0.000000
1.355782 -0.327717 0.000000
-0.472701 1.345404 0.000000
-0.924839 -1.323882 0.000000
1.162156 -0.483078 0.000000
0.094134 -1.153817 0.000000
0.684928 -0.823349 0.000000
-1.056060 1.282750 0.000000
-0.452188 1.342127 0.000000
0.785717 -0.756521 0.000000
-0.345395 -1.311082 0.000000
-0.058059 1.230739 0.000000
-0.292136 -1.297302 0.000000
0.158130 1.137304 0.000000
0.130156 -1.137068 0.000000
-1.581781 -0.679191 0.000000
-0.315954 -1.303688 0.000000
0.558926 -0.902948 0.000000
-0.454397 -1.333853 0.000000
-1.385992 -1.022963 0.000000
0.531555 0.934833 0.000000
-1.612896 -0.590601 0.000000
0.965592 0.645621 0.000000
0.047466 -1.174739 0.000000
-1.696790 -0.101804 0.000000
0.351419 1.038407 0.000000
0.086927 -1.157122 0.000000
0.233493 1.100333 0.000000
1.622853 -0.095754 0.000000
1.025675 -0.586540 0.000000
1.623961 -0.094745 0.000000
-1.394859 1.016225 0.000000
-0.590439 1.358260 0.000000
0.009294 1.203739 0.000000
-0.614483 1.359576 0.000000
-1.530010 0.802299 0.000000
0.241077 1.096496 0.000000
-1.296515 1.122600 0.000000
0.489289 0.960069 0.000000
-0.424379 -1.328307 0.000000
1.229056 -0.430563 0.000000
0.473540 -0.954259 0.000000
-1.247944 1.164836 0.000000
0.978886 -0.620878 0.000000
1.585909 -0.129139 0.000000
0.492530 0.958136 0.000000
1.210248 -0.445435 0.000000
-0.546726 -1.346793 0.000000
0.890634 0.699369 0.000000
0.859252 -0.706051 0.000000
1.222616 -0.435660 0.000000
-1.057586 1.282050 0.000000
1.089201 0.553587 0.000000
0.456241 -0.964398 0.000000
0.640251 -0.852085 0.000000
-0.804543 -1.346541 0.000000
-0.269025 -1.290804 0.000000
1.519253 -0.188265 0.000000
1.070416 0.567843 0.000000
1.257445 0.421332 0.000000
-0.360264 -1.314639 0.000000
-0.823111 -1.344132 0.000000
0.340532 -1.029769 0.000000
0.207545 -1.099453 0.000000
0.811815 0.754209 0.000000
-0.537889 1.353779 0.000000
-0.764409 -1.350574 0.000000
-1.412971 0.992894 0.000000
-0.395222 -1.322398 0.000000
-0.099731 -1.234648 0.000000
-0.034296 1.221440 0.000000
1.198476 0.468610 0.000000
1.604247 -0.112615 0.000000
-1.111980 -1.251201 0.000000
1.517284 0.200516 0.000000
-1.487744 -0.875920 0.000000
1.105818 -0.526379 0.000000
0.001767 1.206876 0.000000
-1.154531 -1.226890 0.000000
1.288481 0.396041 0.000000
-0.849414 -1.340015 0.000000
0.908818 -0.671237 0.000000
-1.251568 1.161895 0.000000
0.811801 -0.738792 0.000000
-0.540650 -1.346121 0.000000
0.916317 -0.665887 0.000000
-1.695532 -0.126255 0.000000
1.566271 -0.146701 0.000000
-0.473966 1.345572 0.000000
-0.584421 1.357812 0.000000
0.621502 0.879349 0.000000
-1.486390 0.882906 0.000000
0.862660 0.719031 0.000000
-0.341133 1.319693 0.000000
0.842587 -0.717618 0.000000
1.506987 -0.199020 0.000000
1.589156 -0.126227 0.000000
0.436236 -0.976021 0.000000
1.531426 0.187885 0.000000
1.380134 -0.307439 0.000000
-1.067578 -1.273187 0.000000
1.624883 0.102712 0.000000
-0.042460 1.224661 0.000000
-0.201734 1.281154 0.000000
1.257585 0.421220 0.000000
0.008584 1.204047 0.000000
1.720727 -0.005175 0.000000
1.358662 -0.325308 0.000000
0.478385 -0.951430 0.000000
-0.302176 1.310058 0.000000
-0.668281 -1.353963 0.000000
1.219352 0.452001 0.000000
-0.919881 1.330196 0.000000
0.871047 -0.697816 0.000000
0.566229 -0.898467 0.000000
-1.346552 1.072353 0.000000
1.234899 -0.425914 0.000000
0.942069 0.662650 0.000000
1.517943 -0.189441 0.000000
0.939717 -0.649194 0.000000
-0.180786 -1.263357 0.000000
1.595671 -0.120345 0.000000
-1.031628 -1.288704 0.000000
-0.509052 -1.342227 0.000000
-0.831052 -1.342928 0.000000
0.498661 -0.939387 0.000000
-0.536000 1.353555 0.000000
-0.528727 -1.344776 0.000000
0.418998 1.000764 0.000000
0.233023 -1.086569 0.000000
-1.180557 1.214298 0.000000
1.311239 0.377331 0.000000
-1.247899 1.164864 0.000000
1.227287 -0.431963 0.000000
0.518885 -0.927287 0.000000
-1.548780 0.762919 0.000000
0.672090 -0.831667 0.000000
-0.912810 -1.326935 0.000000
-1.699033 0.029415 0.000000
-1.493141 -0.866593 0.000000
-0.985988 -1.305677 0.000000
-0.276215 1.303112 0.000000
-1.655433 -0.429639 0.000000
-0.531659 -1.345112 0.000000
-0.581894 -1.350098 0.000000
0.369151 -1.014000 0.000000
1.443592 0.265299 0.000000
-0.682525 -1.354019 0.000000
0.530657 -0.920173 0.000000
-1.060377 -1.276520 0.000000
-0.282761 1.304905 0.000000
-1.463433 -0.915776 0.000000
0.340035 1.044597 0.000000
-0.041349 1.224213 0.000000
-0.715423 1.359829 0.000000
-1.420440 -0.978598 0.000000
0.464858 0.974381 0.000000
1.580141 -0.134293 0.000000
-0.506329 1.350082 0.000000
-0.002553 1.208641 0.000000
1.614839 -0.103036 0.000000
1.689053 -0.034836 0.000000
-0.203383 1.281686 0.000000
0.347483 1.040536 0.000000
0.991621 -0.611579 0.000000
0.804744 -0.743610 0.000000
-1.029063 1.294205 0.000000
1.089797 -0.538562 0.000000
0.578368 -0.890960 0.000000
-0.628576 1.360109 0.000000
-0.967965 -1.311587 0.000000
1.279908 0.403071 0.000000
-1.698635 0.053782 0.000000
-0.728535 -1.352899 0.000000
-1.687401 -0.227000 0.000000
-1.035359 1.291657 0.000000
-1.625446 -0.549261 0.000000
-0.663778 -1.353907 0.000000
1.022743 -0.588697 0.000000
1.433798 -0.262150 0.000000
-0.154160 -1.254282 0.000000
-1.003336 1.304148 0.000000
0.981753 -0.618806 0.000000
0.928284 0.672565 0.000000
1.635365 0.092965 0.000000
0.025259 1.197073 0.000000
1.015031 -0.594410 0.000000
1.503863 -0.201737 0.000000
1.459591 -0.240080 0.000000
-1.137067 -1.237281 0.000000
-0.955645 1.320113 0.000000
1.173660 0.488216 0.000000
0.592732 0.897358 0.000000
1.553940 -0.157680 0.000000
0.947857 0.658477 0.000000
0.814383 -0.737028 0.000000
1.502190 -0.203193 0.000000
0.893480 0.697352 0.000000
-1.370976 1.044989 0.000000
0.237690 -1.084189 0.000000
0.413752 1.003733 0.000000
-1.437283 -0.955071 0.000000
-1.190967 -1.203335 0.000000
-0.040752 1.223989 0.000000
-0.725850 -1.352983 0.000000
1.392153 -0.297356 0.000000
-0.072244 1.236145 0.000000
-0.469735 1.344956 0.000000
-1.680619 -0.283912 0.000000
-0.427911 -1.329008 0.000000
-0.220528 1.287007 0.000000
0.518580 0.942647 0.000000
-1.495710 -0.862112 0.000000
-1.450491 -0.935661 0.000000
-1.685162 0.253928 0.000000
0.852363 -0.710840 0.000000
-1.389133 1.023283 0.000000
-0.359406 1.323922 0.000000
-1.004831 -1.299067 0.000000
-1.658745 0.420044 0.000000
-1.210050 1.193852 0.000000
0.553618 -0.906197 0.000000
1.698284 0.033672 0.000000
0.775855 0.778660 0.000000
1.521725 -0.186108 0.000000
1.629186 0.098735 0.000000
-1.089932 -1.262544 0.000000
0.576753 -0.891969 0.000000
0.723967 -0.797805 0.000000
-0.557572 -1.347913 0.000000
0.530012 -0.920565 0.000000
1.087743 0.554679 0.000000
-0.327729 -1.306685 0.000000
0.129991 1.150552 0.000000
0.541702 -0.913479 0.000000
0.591422 -0.882866 0.000000
0.800468 0.761967 0.000000
-1.200668 1.200574 0.000000
1.180577 -0.468738 0.000000
-0.750957 -1.351610 0.000000
1.468592 -0.232321 0.000000
-0.492393 1.348261 0.000000
-0.023679 1.217211 0.000000
-1.479624 0.894221 0.000000
0.991176 -0.611916 0.000000
1.011619 0.611844 0.000000
0.392516 1.015693 0.000000
0.755576 -0.776799 0.000000
-0.784051 -1.348809 0.000000
-1.628714 -0.537806 0.000000
-1.087483 1.267990 0.000000
-1.239124 1.171894 0.000000
0.857232 -0.707479 0.000000
-1.657535 -0.419668 0.000000
1.325754 -0.352476 0.000000
-1.249442 1.163604 0.000000
0.728366 0.810365 0.000000
-0.725662 -1.353011 0.000000
-0.026224 1.218219 0.000000
-0.717909 1.359745 0.000000
0.397893 -0.997896 0.000000
0.839641 -0.719663 0.000000
0.142837 -1.131074 0.000000
0.702855 -0.811669 0.000000
1.383529 -0.304582 0.000000
0.373986 -1.011311 0.000000
1.314208 0.374867 0.000000
1.353193 -0.329846 0.000000
-0.971703 1.315072 0.000000
0.569055 0.912007 0.000000
-1.647025 -0.467001 0.000000
-0.056478 1.230123 0.000000
-0.318882 1.314287 0.000000
-0.626413 -1.352899 0.000000
0.385740 -1.004729 0.000000
-1.390775 -1.017109 0.000000
-0.936096 1.325799 0.000000
1.010364 0.612768 0.000000
1.101247 -0.529852 0.000000
-1.248557 1.164332 0.000000
1.660099 0.069830 0.000000
-1.305078 1.114505 0.000000
0.881540 0.705783 0.000000
-1.014000 -1.295622 0.000000
0.672357 -0.831499 0.000000
-1.439728 -0.951514 0.000000
-0.385618 1.329636 0.000000
0.923614 0.675926 0.000000
1.498740 0.216985 0.000000
-1.119750 1.251129 0.000000
-0.080447 1.239254 0.000000
0.513683 0.945560 0.000000
-0.287939 1.306305 0.000000
-1.131378 1.244631 0.000000
1.245759 0.430799 0.000000
0.654849 -0.842759 0.000000
-0.461844 1.343696 0.000000
0.703468 -0.811277 0.000000
0.916907 0.680715 0.000000
-0.335698 -1.308702 0.000000
-0.868418 1.341903 0.000000
1.694207 -0.030047 0.000000
1.177281 -0.471315 0.000000
-1.560635 -0.731062 0.000000
-0.404933 1.333557 0.000000
0.626696 0.876100 0.000000
0.603986 0.890356 0.000000
0.883844 -0.688854 0.000000
0.159577 1.136604 0.000000
1.283039 0.400494 0.000000
1.511764 -0.194847 0.000000
-0.523762 1.352210 0.000000
-0.819527 -1.344608 0.000000
-1.073613 -1.270415 0.000000
-0.411390 1.334789 0.000000
1.103482 -0.528171 0.000000
-1.482443 -0.884939 0.000000
1.172642 0.489000 0.000000
-0.478273 -1.337774 0.000000
0.782126 0.774403 0.000000
-0.167173 -1.258791 0.000000
-1.545427 -0.765120 0.000000
0.675231 0.845095 0.000000
1.603829 0.122177 0.000000
-0.359033 -1.314331 0.000000
1.492551 -0.211595 0.000000
1.232581 -0.427762 0.000000
-1.228265 -1.176363 0.000000
0.442357 -0.972464 0.000000
-0.947707 1.322494 0.000000
0.620593 0.879937 0.000000
1.163682 0.496030 0.000000
-0.871484 -1.335982 0.000000
-1.336237 -1.079315 0.000000
1.355319 -0.328081 0.000000
-0.951685 1.321317 0.000000
-0.707011 -1.353655 0.000000
0.057348 -1.170370 0.000000
1.499872 0.216005 0.000000
0.958117 -0.635947 0.000000
-1.121105 1.250373 0.000000
0.061134 -1.168689 0.000000
-0.534388 1.353387 0.000000
0.466082 0.973680 0.000000
0.255942 -1.074806 0.000000
0.773345 -0.764896 0.000000
-0.363075 1.324762 0.000000
-0.821338 -1.344356 0.000000
0.899412 -0.677875 0.000000
1.591567 -0.124042 0.000000
-0.226104 -1.277977 0.000000
-1.108932 -1.252825 0.000000
-0.278218 1.303644 0.000000
0.475436 0.968219 0.000000
0.021741 1.198558 0.000000
1.111211 -0.522290 0.000000
-0.920542 1.330028 0.000000
0.410566 1.005554 0.000000
0.722664 0.814118 0.000000
0.314379 1.058377 0.000000
-1.329979 -1.085813 0.000000
-1.018790 -1.293801 0.000000
1.008441 0.614196 0.000000
-1.198275 1.202227 0.000000
0.127457 -1.138356 0.000000
1.030489 -0.582983 0.000000
0.690503 -0.819736 0.000000
1.206229 -0.448628 0.000000
0.014592 1.201527 0.000000
-0.014956 -1.201319 0.000000
-0.605173 -1.351750 0.000000
-1.490631 0.875624 0.000000
0.438701 -0.974593 0.000000
-1.157987 1.228779 0.000000
1.709864 -0.015398 0.000000
-1.381058 1.033086 0.000000
-1.612505 -0.591834 0.000000
-0.909124 1.332885 0.000000
1.644627 0.084338 0.000000
1.340917 -0.340013 0.000000
-0.132351 1.258075 0.000000
-0.183810 1.275412 0.000000
0.826525 0.744098 0.000000
0.824341 -0.730194 0.000000
1.598997 -0.117348 0.000000
0.821035 0.747879 0.000000
0.941969 -0.647570 0.000000
1.087500 0.554875 0.000000
1.019434 -0.591162 0.000000
0.199696 -1.103374 0.000000
-0.707601 1.360109 0.000000
0.724910 -0.797189 0.000000
-0.900267 1.335041 0.000000
0.192379 -1.107015 0.000000
-0.382631 -1.319709 0.000000
1.221282 -0.436725 0.000000
-1.104474 -1.255150 0.000000
-0.253886 1.296838 0.000000
0.847137 0.729842 0.000000
0.059234 -1.169557 0.000000
-1.368182 -1.044109 0.000000
1.383992 -0.304190 0.000000
0.622733 -0.863204 0.000000
1.403424 -0.287862 0.000000
-0.417188 -1.326907 0.000000
-0.632228 1.360221 0.000000
1.673575 -0.049204 0.000000
-1.552474 0.754769 0.000000
-0.819195 1.350334 0.000000
-0.558978 -1.348053 0.000000
0.145919 -1.129590 0.000000
-0.462047 -1.335113 0.000000
-0.383965 1.329272 0.000000
0.189783 -1.108276 0.000000
-0.900236 -1.329876 0.000000
-1.234502 1.175479 0.000000
-0.073575 1.236649 0.000000
-1.501745 -0.851357 0.000000
0.853295 0.725557 0.000000
1.085405 0.556471 0.000000
-0.465939 -1.335758 0.000000
0.809754 -0.740193 0.000000
-0.557881 1.355711 0.000000
1.348564 -0.333683 0.000000
1.521759 -0.186080 0.000000
-0.321214 1.314875 0.000000
1.302310 -0.371634 0.000000
-0.178492 1.273704 0.000000
-1.077169 -1.268762 0.000000
0.143536 1.144194 0.000000
0.963418 0.647218 0.000000
0.067326 -1.165944 0.000000
0.900280 -0.677286 0.000000
-1.192665 -1.202187 0.000000
1.003133 0.618117 0.000000
1.356961 -0.326737 0.000000
-1.601796 0.629797 0.000000
1.670389 0.060139 0.000000
1.340780 0.352796 0.000000
0.503496 -0.936502 0.000000
1.101408 0.544260 0.000000
-1.283420 1.134587 0.000000
0.126309 -1.138888 0.000000
1.391700 -0.297748 0.000000
0.230040 -1.088110 0.000000
-1.320944 1.099017 0.000000
1.426649 -0.268228 0.000000
1.327352 0.363972 0.000000
1.091920 0.551514 0.000000
1.478958 -0.223387 0.000000
-1.154575 -1.226862 0.000000
-0.918368 -1.325535 0.000000
-0.458745 1.343192 0.000000
-1.512529 0.836273 0.000000
1.670232 -0.052313 0.000000
-0.342837 1.320113 0.000000
-0.847858 1.345712 0.000000
0.161075 1.135904 0.000000
1.037285 -0.577942 0.000000
0.992602 -0.610879 0.000000
0.558795 0.918308 0.000000
-0.241750 -1.282766 0.000000
1.579346 0.144584 0.000000
0.220671 -1.092843 0.000000
-1.195014 1.204495 0.000000
1.375516 -0.311276 0.000000
-0.530373 -1.344972 0.000000
0.360942 1.033170 0.000000
0.230945 -1.087634 0.000000
0.001925 1.206820 0.000000
-1.001385 1.304877 0.000000
-0.479603 1.346413 0.000000
-1.302173 -1.113345 0.000000
-0.194245 -1.267810 0.000000
1.477354 0.235834 0.000000
-0.874741 -1.335337 0.000000
-1.033243 -1.288060 0.000000
-0.077192 1.238021 0.000000
-0.192349 1.278157 0.000000
0.661624 -0.838417 0.000000
0.002230 1.206680 0.000000
-0.750025 1.357840 0.000000
1.359259 0.337308 0.000000
-0.018683 1.215195 0.000000
0.694409 -0.817187 0.000000
1.561642 0.160689 0.000000
0.089454 -1.155973 0.000000
-0.068757 1.234828 0.000000
0.015247 -1.188659 0.000000
-1.538655 0.784570 0.000000
0.687685 -0.821556 0.000000
-1.478352 -0.891773 0.000000
0.842089 -0.717954 0.000000
0.288888 1.071849 0.000000
-0.346530 -1.311334 0.000000
1.594475 0.130748 0.000000
0.810340 -0.739801 0.000000
-0.330599 -1.307413 0.000000
1.497883 0.217741 0.000000
0.265489 1.084005 0.000000
-0.223481 1.287876 0.000000
0.234062 1.100053 0.000000
-1.622991 0.563473 0.000000
1.133541 -0.505177 0.000000
0.892626 0.697969 0.000000
0.647157 -0.847688 0.000000
1.139291 -0.500751 0.000000
-0.159358 1.267346 0.000000
1.173702 0.488188 0.000000
-1.128909 -1.241902 0.000000
-1.623831 -0.554807 0.000000
-0.402653 -1.323966 0.000000
0.724828 -0.797245 0.000000
-0.027486 1.218724 0.000000
0.921605 -0.662134 0.000000
1.681952 -0.041446 0.000000
-0.188580 -1.265989 0.000000
-0.056536 -1.218067 0.000000
0.120390 1.155005 0.000000
0.230105 -1.088054 0.000000
0.528816 0.936486 0.000000
0.923374 0.676094 0.000000
-1.157212 1.229255 0.000000
0.541105 0.929064 0.000000
-1.018756 1.298351 0.000000
-0.362403 -1.315144 0.000000
-0.908891 -1.327887 0.000000
1.727222 0.005916 0.000000
-0.046088 -1.213950 0.000000
-1.402307 1.006786 0.000000
0.459402 -0.962549 0.000000
-1.387192 1.025692 0.000000
-1.460844 0.924330 0.000000
1.029587 -0.583655 0.000000
0.417109 -0.987000 0.000000
0.139017 -1.132895 0.000000
1.612227 0.114419 0.000000
-0.164080 -1.257727 0.000000
0.532779 -0.918885 0.000000
0.209970 -1.098249 0.000000
-0.036902 1.222477 0.000000
0.655980 -0.842030 0.000000
1.452750 -0.245933 0.000000
1.078423 -0.547133 0.000000
0.866545 0.716314 0.000000
0.513913 -0.930284 0.000000
-0.619006 -1.352506 0.000000
-0.062088 1.232280 0.000000
0.304761 1.063475 0.000000
0.010268 -1.190787 0.000000
-0.810224 -1.345812 0.000000
0.611791 0.885455 0.000000
-1.397167 -1.009127 0.000000
0.127893 1.151532 0.000000
1.302365 -0.371606 0.000000
-0.637481 -1.353291 0.000000
0.494971 0.956708 0.000000
-0.629348 -1.353011 0.000000
-0.546349 -1.346765 0.000000
-0.304127 -1.300523 0.000000
-1.523142 0.815939 0.000000
0.776493 0.778212 0.000000
0.328003 -1.036603 0.000000
-0.519153 -1.343544 0.000000
-0.639426 1.360445 0.000000
-0.124050 1.255134 0.000000
-1.283571 1.134447 0.000000
-1.547553 0.765580 0.000000
0.015089 -1.188743 0.000000
0.639175 0.868174 0.000000
1.248375 -0.415158 0.000000
0.278803 -1.062874 0.000000
1.454599 -0.244365 0.000000
1.225054 -0.433728 0.000000
0.694958 0.832295 0.000000
0.278718 -1.062930 0.000000
-0.150114 -1.252881 0.000000
1.667166 -0.055142 0.000000
0.754951 0.792692 0.000000
-0.692418 -1.353907 0.000000
-0.163991 -1.257699 0.000000
1.168095 -0.478457 0.000000
1.701813 0.030311 0.000000
-1.457569 -0.924906 0.000000
1.212271 -0.443839 0.000000
1.592211 0.132849 0.000000
-1.360665 -1.052707 0.000000
-1.043822 1.288044 0.000000
0.090795 -1.155357 0.000000
-0.825021 -1.343852 0.000000
-1.075729 1.273676 0.000000
1.720655 0.012246 0.000000
-0.096415 1.245191 0.000000
0.659114 0.855458 0.000000
-0.621441 -1.352646 0.000000
-0.592462 -1.350882 0.000000
-1.183657 -1.208265 0.000000
-0.435407 1.339243 0.000000
-1.602859 0.626716 0.000000
-0.918406 1.330560 0.000000
0.505214 0.950630 0.000000
-0.011887 1.212450 0.000000
-1.438761 0.957296 0.000000
0.871959 0.712533 0.000000
0.858363 -0.706667 0.000000
0.604809 0.889824 0.000000
1.540818 0.179482 0.000000
-1.207389 1.195785 0.000000
0.435159 -0.976637 0.000000
-1.647748 0.470038 0.000000
0.441578 -0.972912 0.000000
1.528830 -0.179862 0.000000
-0.219211 -1.275820 0.000000
0.266675 -1.069232 0.000000
1.716794 0.015943 0.000000
-0.334923 -1.308506 0.000000
-1.522298 -0.812706 0.000000
0.695962 0.831623 0.000000
-0.159320 1.267346 0.000000
0.335259 1.047174 0.000000
0.263870 1.084845 0.000000
1.075995 0.563614 0.000000
-0.296738 -1.298563 0.000000
-1.450176 -0.936138 0.000000
-0.615457 -1.352310 0.000000
1.350621 -0.331974 0.000000
0.402100 -0.995515 0.000000
1.486091 0.228160 0.000000
-0.972156 1.314932 0.000000
0.366421 1.030173 0.000000
-1.376812 1.038155 0.000000
-0.602941 1.358960 0.000000
1.400911 0.302018 0.000000
-0.832341 -1.342732 0.000000
-1.151506 1.232756 0.000000
0.944788 -0.645553 0.000000
1.511572 -0.195015 0.000000
0.431960 0.993370 0.000000
-0.063699 1.232896 0.000000
0.310110 -1.046266 0.000000
1.381990 0.318122 0.000000
-0.166491 -1.258567 0.000000
0.455531 0.979814 0.000000
0.901483 -0.676418 0.000000
1.534536 0.185112 0.000000
-0.077254 1.238049 0.000000
-1.507187 0.846188 0.000000
-0.416561 1.335798 0.000000
1.363305 -0.321471 0.000000
-1.333936 -1.081752 0.000000
-1.698727 0.049356 0.000000
0.483851 0.963261 0.000000
0.583584 -0.887712 0.000000
-1.533429 0.795381 0.000000
1.052315 -0.566738 0.000000
1.400558 -0.290298 0.000000
-1.149799 -1.229747 0.000000
-0.949871 1.321850 0.000000
-1.653190 0.446119 0.000000
1.469919 -0.231173 0.000000
-1.099248 -1.257839 0.000000
-1.423930 0.978134 0.000000
-0.709875 -1.353543 0.000000
-0.894393 1.336358 0.000000
1.228302 0.444831 0.000000
-1.564177 0.727965 0.000000
1.669971 0.060532 0.000000
0.032183 -1.181405 0.000000
0.612826 0.884811 0.000000
-0.165493 1.269390 0.000000
-0.840098 1.347085 0.000000
-1.217563 1.188391 0.000000
-0.102543 1.247404 0.000000
0.944569 0.660858 0.000000
0.730372 -0.793576 0.000000
0.141297 -1.131802 0.000000
1.438215 -0.258369 0.000000
-1.268645 -1.143650 0.000000
-1.274289 1.142682 0.000000
-1.094376 -1.260332 0.000000
1.022349 0.603889 0.000000
-0.144888 -1.251061 0.000000
-0.429163 -1.329260 0.000000
-1.629012 -0.536742 0.000000
-1.331440 -1.084301 0.000000
-1.525227 -0.806936 0.000000
0.047016 -1.174935 0.000000
0.448155 0.984072 0.000000
-0.121711 1.254322 0.000000
1.653399 0.076132 0.000000
1.352455 -0.330462 0.000000
0.164542 -1.120627 0.000000
-1.227109 -1.177232 0.000000
1.221738 -0.436361 0.000000
0.161840 -1.121944 0.000000
0.927266 0.673293 0.000000
-1.373538 1.041992 0.000000
-1.011990 1.300899 0.000000
1.428651 0.278211 0.000000
-1.490151 -0.871831 0.000000
-1.355892 -1.058057 0.000000
-1.240311 -1.167009 0.000000
-1.012402 1.300731 0.000000
-0.555439 1.355487 0.000000
1.479414 0.234042 0.000000
1.239343 0.435952 0.000000
1.050137 -0.568363 0.000000
-0.402163 -1.323854 0.000000
-1.102622 -1.256102 0.000000
-0.156142 -1.254982 0.000000
1.080124 -0.545872 0.000000
-0.817710 -1.344832 0.000000
1.396494 0.305771 0.000000
0.831566 0.740625 0.000000
-1.473579 -0.899559 0.000000
-0.835750 1.347785 0.000000
0.154149 -1.125641 0.000000
0.296446 1.067872 0.000000
-0.076147 1.237629 0.000000
0.264744 -1.070241 0.000000
1.389238 -0.299793 0.000000
0.310265 -1.046182 0.000000
1.062780 -0.558896 0.000000
0.315819 -1.043185 0.000000
0.189090 1.122376 0.000000
-0.960974 1.318517 0.000000
0.715202 -0.803575 0.000000
0.311067 -1.045733 0.000000
-0.677080 -1.354047 0.000000
1.038016 0.592210 0.000000
1.715354 -0.010245 0.000000
-0.835098 -1.342311 0.000000
0.906712 0.687970 0.000000
0.628850 -0.859339 0.000000
0.733908 -0.791224 0.000000
1.614671 -0.103176 0.000000
-1.628488 -0.538590 0.000000
0.136726 1.147415 0.000000
0.700358 0.828766 0.000000
-1.093645 -1.260696 0.000000
1.044709 0.587196 0.000000
0.483837 -0.948209 0.000000
1.239151 -0.422525 0.000000
-1.641840 -0.488344 0.000000
-1.409031 0.998076 0.000000
1.675488 0.055322 0.000000
-0.321759 1.315016 0.000000
-0.527674 -1.344664 0.000000
-0.373743 -1.317692 0.000000
0.974195 0.639347 0.000000
0.381547 -1.007082 0.000000
0.296987 -1.053268 0.000000
-0.837365 1.347533 0.000000
1.726601 0.006504 0.000000
-1.506971 -0.841806 0.000000
0.897019 0.694860 0.000000
-1.026464 1.295242 0.000000
0.884798 0.703486 0.000000
1.718464 -0.007304 0.000000
-0.170026 1.270903 0.000000
0.420308 -0.985152 0.000000
-0.885920 1.338262 0.000000
-1.486198 -0.878581 0.000000
-1.034642 -1.287500 0.000000
0.302055 -1.050551 0.000000
-0.372975 1.326947 0.000000
0.261477 -1.071949 0.000000
1.355672 -0.327801 0.000000
-1.646315 -0.469998 0.000000
0.295729 1.068236 0.000000
0.159841 1.136492 0.000000
0.581368 0.904416 0.000000
-0.822490 -1.344216 0.000000
-0.370753 -1.317020 0.000000
1.335317 0.357334 0.000000
1.432831 0.274598 0.000000
0.138454 -1.133147 0.000000
0.260979 -1.072201 0.000000
-1.309107 1.110668 0.000000
-1.684212 0.262022 0.000000
1.712021 0.020536 0.000000
-1.051222 1.284879 0.000000
-1.482374 0.889684 0.000000
0.318755 -1.041588 0.000000
1.334680 0.357866 0.000000
-1.661382 0.406936 0.000000
1.636195 0.092209 0.000000
-0.585347 1.357896 0.000000
-1.492240 0.872851 0.000000
1.243081 -0.419388 0.000000
1.087411 0.554931 0.000000
-1.466289 0.915788 0.000000
-0.609360 -1.351974 0.000000
-1.277210 1.140133 0.000000
-1.486266 0.883102 0.000000
0.844147 0.731914 0.000000
-1.341600 -1.073629 0.000000
1.304347 -0.369981 0.000000
-1.241089 1.170354 0.000000
-1.615385 0.588429 0.000000
-0.874504 -1.335365 0.000000
0.861391 -0.704566 0.000000
1.630729 -0.088584 0.000000
-1.623180 0.562829 0.000000
-0.894664 -1.331136 0.000000
0.877840 -0.693083 0.000000
0.656693 -0.841582 0.000000
-1.496653 -0.860432 0.000000
-1.360789 1.056641 0.000000
0.878214 -0.692803 0.000000
1.172783 0.488888 0.000000
-0.117315 1.252753 0.000000
0.885182 -0.687930 0.000000
-1.159160 1.228050 0.000000
1.358785 0.337700 0.000000
-0.301953 -1.299963 0.000000
-0.304096 1.310562 0.000000
1.525768 0.192954 0.000000
1.363349 0.333863 0.000000
-0.084647 -1.228991 0.000000
1.331127 -0.348079 0.000000
0.359388 1.034038 0.000000
-0.982991 -1.306657 0.000000
-1.277608 -1.135808 0.000000
-0.941442 1.324342 0.000000
-0.158017 1.266898 0.000000
0.026532 1.196513 0.000000
0.659265 0.855346 0.000000
1.375368 -0.311416 0.000000
1.468380 -0.232517 0.000000
0.000838 1.207240 0.000000
1.153354 0.504096 0.000000
-0.297509 1.308826 0.000000
-0.234021 -1.280441 0.000000
0.649571 0.861564 0.000000
0.494649 0.956876 0.000000
1.520905 -0.186836 0.000000
0.282812 -1.060774 0.000000
-1.270822 1.145678 0.000000
0.061140 1.181641 0.000000
0.331583 -1.034642 0.000000
1.387843 0.313137 0.000000
0.471993 -0.955183 0.000000
-0.471404 -1.336654 0.000000
0.519934 -0.926643 0.000000
1.343245 -0.338080 0.000000
-1.333713 1.085965 0.000000
-1.132331 1.244099 0.000000
1.533466 0.186064 0.000000
-0.858038 -1.338474 0.000000
0.182315 1.125681 0.000000
-1.088958 1.267234 0.000000
1.160675 -0.484226 0.000000
-0.730226 -1.352814 0.000000
1.689194 0.042326 0.000000
-1.401745 1.007486 0.000000
-0.471813 -1.336710 0.000000
0.628171 0.875148 0.000000
-1.273774 -1.139169 0.000000
0.345360 1.041684 0.000000
0.090054 1.168813 0.000000
-0.224924 -1.277613 0.000000
-0.326985 1.316304 0.000000
0.258658 -1.073405 0.000000
-0.767232 1.356440 0.000000
1.373043 0.325684 0.000000
-0.290051 -1.296714 0.000000
-1.476452 0.899459 0.000000
-1.333816 -1.081864 0.000000
-1.563707 0.729086 0.000000
1.583879 0.140467 0.000000
-0.694475 -1.353879 0.000000
-0.053015 1.228779 0.000000
1.209007 0.460236 0.000000
0.821056 0.747879 0.000000
-0.374847 -1.317944 0.000000
-0.141442 1.261240 0.000000
-1.657939 -0.417707 0.000000
1.103839 -0.527891 0.000000
-1.390631 -1.017277 0.000000
0.330533 -1.035230 0.000000
-1.609189 0.607782 0.000000
-0.311657 -1.302540 0.000000
0.776733 -0.762599 0.000000
-1.174251 -1.214454 0.000000
0.991100 0.626968 0.000000
1.048365 -0.569679 0.000000
-0.904885 -1.328812 0.000000
0.953439 -0.639307 0.000000
-1.017679 -1.294221 0.000000
-1.633076 0.527959 0.000000
-1.387089 -1.021618 0.000000
-0.981897 1.311739 0.000000
-0.621585 -1.352646 0.000000
0.969662 0.642652 0.000000
0.253017 1.090418 0.000000
0.821961 -0.731846 0.000000
-0.320305 -1.304809 0.000000
1.716894 -0.008789 0.000000
0.242370 1.095852 0.000000
0.718203 -0.801615 0.000000
-0.236391 -1.281142 0.000000
-0.918766 1.330476 0.000000
-1.311106 1.108708 0.000000
-1.483993 0.886939 0.000000
1.198428 0.468666 0.000000
0.574997 -0.893033 0.000000
1.522133 -0.185744 0.000000
0.681276 0.841174 0.000000
-1.139669 1.239786 0.000000
1.093415 0.550366 0.000000
-0.659657 1.360753 0.000000
-1.269882 1.146491 0.000000
1.462578 0.248774 0.000000
0.082949 1.171978 0.000000
-1.494506 -0.864213 0.000000
1.210553 0.459003 0.000000
0.949770 0.657105 0.000000
-0.060593 1.231691 0.000000
1.173708 0.488160 0.000000
-1.507722 0.845207 0.000000
0.699045 0.829607 0.000000
0.863445 0.718498 0.000000
-0.313465 1.312943 0.000000
-1.647560 0.470823 0.000000
0.339956 -1.030105 0.000000
-0.197780 -1.268958 0.000000
-1.009189 -1.297442 0.000000
-1.030246 1.293729 0.000000
-1.583629 0.679791 0.000000
0.747178 0.797873 0.000000
1.494145 0.221046 0.000000
-0.936981 -1.320661 0.000000
0.927406 -0.657989 0.000000
1.192928 0.473007 0.000000
-0.850947 1.345180 0.000000
1.603908 0.122093 0.000000
-0.272546 -1.291841 0.000000
-1.032225 -1.288480 0.000000
-0.822168 1.349858 0.000000
0.031737 1.194301 0.000000
-0.569546 -1.349033 0.000000
-0.815018 -1.345196 0.000000
0.041167 1.190295 0.000000
-1.619881 0.573864 0.000000
1.458607 -0.240920 0.000000
0.939998 0.664163 0.000000
1.233932 -0.426670 0.000000
-1.022490 -1.292373 0.000000
-1.143517 1.237545 0.000000
0.633263 0.871927 0.000000
1.309397 0.378844 0.000000
1.302279 -0.371662 0.000000
0.958624 0.650691 0.000000
0.846492 -0.714929 0.000000
-1.279977 1.137668 0.000000
0.106095 -1.148327 0.000000
-0.175859 1.272835 0.000000
-1.446229 0.946429 0.000000
-0.734951 1.358820 0.000000
-1.245818 1.166544 0.000000
1.547466 0.173488 0.000000
-0.056584 -1.218095 0.000000
-0.543084 1.354339 0.000000
-0.930205 1.327423 0.000000
1.138256 0.515860 0.000000
1.267529 -0.399810 0.000000
1.149822 0.506869 0.000000
-1.603638 -0.618806 0.000000
0.966041 -0.630205 0.000000
0.693641 -0.817691 0.000000
1.230259 0.443263 0.000000
0.212476 1.110864 0.000000
0.946674 -0.644181 0.000000
-0.286746 -1.295790 0.000000
-0.684095 1.360669 0.000000
1.312261 0.376491 0.000000
0.610549 -0.870879 0.000000
0.066404 1.179316 0.000000
0.288614 1.071989 0.000000
-1.028525 1.294402 0.000000
-0.447374 -1.332565 0.000000
0.240885 1.096608 0.000000
1.465349 0.246365 0.000000
-1.359407 -1.054108 0.000000
-0.685930 1.360641 0.000000
1.198761 0.468386 0.000000
-1.679059 0.301850 0.000000
-1.057305 -1.277865 0.000000
-0.462914 -1.335253 0.000000
1.206781 -0.448180 0.000000
-0.965706 1.317032 0.000000
0.451063 -0.967423 0.000000
-1.660120 -0.407008 0.000000
0.315501 1.057761 0.000000
-1.149716 1.233848 0.000000
1.524914 0.193710 0.000000
0.287054 -1.058533 0.000000
0.198753 -1.103822 0.000000
-0.450244 -1.333097 0.000000
0.190712 -1.107827 0.000000
-1.228830 1.179904 0.000000
0.607275 -0.872951 0.000000
0.237803 1.098177 0.000000
1.721410 -0.004531 0.000000
-1.466659 0.915228 0.000000
-0.285607 1.305689 0.000000
-0.494914 1.348625 0.000000
-1.564410 -0.722212 0.000000
-0.766487 1.356496 0.000000
0.569658 -0.896338 0.000000
1.016355 -0.593430 0.000000
-0.316359 1.313671 0.000000
-0.410824 1.334705 0.000000
-0.263137 1.299499 0.000000
-0.943671 -1.318785 0.000000
-1.336045 1.083528 0.000000
0.901216 0.691891 0.000000
-0.267190 -1.290272 0.000000
0.209640 1.112265 0.000000
-1.563559 0.729450 0.000000
-0.675557 -1.354047 0.000000
-0.005636 -1.197453 0.000000
-0.049513 -1.215295 0.000000
0.539144 -0.915019 0.000000
-0.515111 -1.343040 0.000000
0.477014 0.967267 0.000000
1.312305 -0.363483 0.000000
1.130921 -0.507193 0.000000
1.294365 -0.378104 0.000000
0.151234 -1.127041 0.000000
0.663397 -0.837269 0.000000
1.057383 -0.562957 0.000000
-0.733302 -1.352646 0.000000
0.958837 0.650523 0.000000
1.318265 -0.358610 0.000000
-0.451136 1.341959 0.000000
0.335704 -1.032402 0.000000
1.150028 -0.492489 0.000000
0.482802 -0.948797 0.000000
0.660767 0.854394 0.000000
0.018549 -1.187258 0.000000
-1.564773 0.726565 0.000000
-0.185923 -1.265093 0.000000
-0.891317 1.337058 0.000000
0.713677 -0.804583 0.000000
0.944023 -0.646085 0.000000
-0.870736 -1.336150 0.000000
-1.231735 -1.173731 0.000000
1.100863 -0.530160 0.000000
-0.566138 1.356468 0.000000
0.500509 0.953431 0.000000
-0.373424 -1.317636 0.000000
0.890205 -0.684373 0.000000
-1.140770 1.239142 0.000000
0.086567 -1.157290 0.000000
-1.089085 1.267178 0.000000
-1.460796 0.924414 0.000000
-1.503778 0.852405 0.000000
-0.672087 -1.353991 0.000000
-1.098713 -1.258119 0.000000
1.169107 0.491773 0.000000
-0.748883 -1.351722 0.000000
0.311242 1.060030 0.000000
-0.543835 1.354423 0.000000
-0.834066 -1.342451 0.000000
-1.694222 -0.147401 0.000000
-0.341757 -1.310186 0.000000
-0.360943 1.324286 0.000000
0.889300 0.700321 0.000000
0.642995 -0.850349 0.000000
1.040077 0.590669 0.000000
-1.242896 -1.164964 0.000000
-1.686016 -0.239800 0.000000
0.552016 0.922426 0.000000
0.531823 -0.919473 0.000000
0.827033 -0.728345 0.000000
-1.683595 -0.260582 0.000000
-0.082199 -1.228038 0.000000
-0.049949 1.227574 0.000000
1.151828 0.505301 0.000000
-0.750018 -1.351666 0.000000
0.442940 0.987068 0.000000
-0.620151 1.359829 0.000000
-0.496035 1.348765 0.000000
1.726310 0.000062 0.000000
-0.867773 1.342015 0.000000
1.047411 -0.570407 0.000000
1.315721 0.373606 0.000000
-0.181743 -1.263693 0.000000
0.950268 0.656741 0.000000
-1.135068 -1.238401 0.000000
0.493799 -0.942299 0.000000
1.517905 -0.189469 0.000000
-0.395178 1.331624 0.000000
-0.644549 1.360585 0.000000
-0.211736 1.284263 0.000000
1.338208 0.354925 0.000000
-0.694828 1.360557 0.000000
-0.964495 -1.312623 0.000000
-1.409175 0.997880 0.000000
-1.003658 -1.299459 0.000000
0.891841 -0.683224 0.000000
-0.266669 -1.290132 0.000000
-0.959455 -1.314163 0.000000
-0.716582 -1.353319 0.000000
-1.139741 -1.235713 0.000000
-0.045179 1.225726 0.000000
-0.869848 1.341595 0.000000
-1.094417 -1.260304 0.000000
-0.900479 1.334985 0.000000
0.679897 -0.826626 0.000000
0.603489 0.890664 0.000000
0.555212 0.920493 0.000000
1.637756 0.090752 0.000000
1.692325 -0.031783 0.000000
-0.580389 1.357532 0.000000
1.688148 0.043307 0.000000
0.953278 0.654556 0.000000
-1.317631 -1.098305 0.000000
-0.017970 -1.202551 0.000000
0.320459 -1.040664 0.000000
-0.056447 -1.218039 0.000000
1.276510 -0.392556 0.000000
1.122527 0.528015 0.000000
-1.685869 -0.241116 0.000000
1.421042 0.284765 0.000000
-1.184456 -1.207732 0.000000
1.407728 -0.284248 0.000000
-1.000030 1.305381 0.000000
1.458775 -0.240780 0.000000
-0.122034 -1.242883 0.000000
0.525500 -0.923310 0.000000
0.290664 1.070925 0.000000
-0.376256 -1.318252 0.000000
-0.062300 1.232364 0.000000
-0.120878 1.254014 0.000000
1.211167 0.458527 0.000000
0.329306 -1.035903 0.000000
-0.643763 1.360585 0.000000
-0.363638 -1.315424 0.000000
1.369686 0.328513 0.000000
-0.344219 -1.310802 0.000000
0.093167 -1.154265 0.000000
1.114188 0.534457 0.000000
0.697447 0.830671 0.000000
0.749709 0.796193 0.000000
-0.478256 -1.337774 0.000000
0.021234 -1.186110 0.000000
-1.092675 -1.261200 0.000000
1.542100 -0.168155 0.000000
0.382829 1.021098 0.000000
-1.017809 1.298715 0.000000
1.512950 0.204381 0.000000
-0.961471 1.318377 0.000000
1.020398 -0.590433 0.000000
0.719177 0.816415 0.000000
1.616845 -0.101215 0.000000
-0.030819 -1.207788 0.000000
-0.629512 1.360137 0.000000
0.274010 1.079607 0.000000
0.932852 -0.654096 0.000000
1.485480 0.228692 0.000000
1.448865 0.260734 0.000000
-0.638781 1.360445 0.000000
-0.748605 -1.351750 0.000000
-1.512145 0.837001 0.000000
-0.077237 -1.226134 0.000000
-0.925117 1.328824 0.000000
-0.417305 1.335938 0.000000
-0.740784 1.358484 0.000000
1.455264 0.255160 0.000000
-0.979988 1.312383 0.000000
-0.218567 -1.275624 0.000000
0.672566 -0.831359 0.000000
0.767416 -0.768873 0.000000
-0.803414 -1.346681 0.000000
-0.289088 1.306613 0.000000
-1.637081 0.512947 0.000000
-1.466543 0.915396 0.000000
0.517075 0.943544 0.000000
0.220263 1.106999 0.000000
1.216255 0.454466 0.000000
-0.205458 -1.271451 0.000000
-0.732379 -1.352674 0.000000
1.670304 0.060223 0.000000
1.126587 -0.510526 0.000000
-1.362016 1.055268 0.000000
-0.574038 -1.349454 0.000000
0.404209 -0.994338 0.000000
-0.227976 -1.278565 0.000000
1.098490 -0.531952 0.000000
-0.508157 1.350306 0.000000
1.177460 0.485219 0.000000
0.138643 1.146491 0.000000
-1.672472 -0.338920 0.000000
-0.314438 1.313195 0.000000
1.474487 -0.227252 0.000000
-1.327455 1.092407 0.000000
0.060606 -1.168941 0.000000
-0.633764 1.360277 0.000000
0.311108 1.060114 0.000000
1.229879 0.443571 0.000000
0.253871 -1.075870 0.000000
-1.689030 -0.210867 0.000000
-0.593398 1.358456 0.000000
1.616184 0.110778 0.000000
1.060256 0.575517 0.000000
-0.124636 -1.243835 0.000000
-0.563055 1.356187 0.000000
0.926885 -0.658353 0.000000
1.296648 -0.376255 0.000000
0.224385 1.104927 0.000000
-0.369261 -1.316684 0.000000
0.733925 0.806668 0.000000
-0.354815 -1.313323 0.000000
-1.047817 1.286335 0.000000
-1.012813 -1.296070 0.000000
1.410882 0.293503 0.000000
1.484942 0.229168 0.000000
0.996196 -0.608246 0.000000
-1.583575 0.679931 0.000000
-0.911222 -1.327355 0.000000
-0.066881 1.234100 0.000000
0.056504 -1.170762 0.000000
-1.193158 1.205784 0.000000
-0.519572 -1.343600 0.000000
0.557434 0.919121 0.000000
-1.377515 1.037343 0.000000
-0.970571 -1.310774 0.000000
-0.089441 -1.230783 0.000000
1.176472 -0.471959 0.000000
-0.305907 -1.300999 0.000000
1.725771 -0.000442 0.000000
-0.962482 1.318068 0.000000
-1.585272 -0.670060 0.000000
0.449407 -0.968375 0.000000
-0.117442 1.252809 0.000000
-0.316729 1.313755 0.000000
-0.966697 -1.311951 0.000000
1.475804 0.237207 0.000000
1.188775 -0.462324 0.000000
-0.717868 1.359745 0.000000
-0.379637 -1.319037 0.000000
-1.138840 -1.236245 0.000000
-1.679988 0.295100 0.000000
1.709494 -0.015735 0.000000
0.365454 1.030705 0.000000
-0.338966 1.319189 0.000000
-0.738366 -1.352338 0.000000
-0.596786 1.358624 0.000000
-1.641785 0.494602 0.000000
0.349712 -1.024755 0.000000
-0.540314 1.354059 0.000000
-1.186372 -1.206444 0.000000
0.268420 1.082492 0.000000
-1.539166 -0.778480 0.000000
0.016632 -1.188071 0.000000
-1.284778 -1.129422 0.000000
-1.663501 -0.389755 0.000000
0.723418 0.813614 0.000000
0.621039 0.879657 0.000000
0.190157 -1.108107 0.000000
-1.347237 1.071597 0.000000
1.168345 -0.478261 0.000000
-1.690700 -0.192858 0.000000
0.020884 -1.186250 0.000000
-0.845073 -1.340771 0.000000
-0.781421 -1.349089 0.000000
-1.598240 -0.634462 0.000000
0.027773 1.195981 0.000000
1.305098 -0.369365 0.000000
1.183844 0.480177 0.000000
1.150347 -0.492237 0.000000
0.384252 1.020314 0.000000
-1.477553 0.897666 0.000000
0.123593 1.153521 0.000000
-0.900404 -1.329848 0.000000
1.323422 0.367249 0.000000
-0.011400 1.212254 0.000000
-0.696275 -1.353851 0.000000
1.370845 0.327533 0.000000
-0.723597 -1.353067 0.000000
1.251900 0.425842 0.000000
-1.565202 0.725557 0.000000
-1.234145 -1.171882 0.000000
-1.335802 -1.079763 0.000000
-0.187795 -1.265709 0.000000
-0.199591 1.280510 0.000000
0.301606 1.065155 0.000000
0.619177 0.880834 0.000000
-1.351945 1.066499 0.000000
1.027064 -0.585504 0.000000
0.344092 1.042384 0.000000
0.711269 0.821624 0.000000
-0.893004 1.336666 0.000000
1.726094 0.007008 0.000000
0.820079 0.748551 0.000000
1.242566 0.433376 0.000000
0.170502 -1.117742 0.000000
1.196083 0.470515 0.000000
0.960136 -0.634490 0.000000
1.129508 -0.508285 0.000000
1.179040 -0.469942 0.000000
1.218508 -0.438909 0.000000
0.479746 0.965670 0.000000
0.947963 -0.643257 0.000000
-0.962606 1.318040 0.000000
-1.023779 1.296306 0.000000
-0.168874 1.270511 0.000000
0.451406 0.982195 0.000000
-0.357736 -1.314023 0.000000
-0.482888 1.346889 0.000000
0.768750 0.783421 0.000000
0.927986 -0.657569 0.000000
1.129731 0.522470 0.000000
1.065167 0.571792 0.000000
-0.779826 1.355151 0.000000
-0.067091 1.234184 0.000000
-1.371288 1.044625 0.000000
0.514085 0.945336 0.000000
-1.605088 -0.614492 0.000000
0.636325 -0.854578 0.000000
1.313629 -0.362419 0.000000
-0.680347 -1.354019 0.000000
-0.955110 1.320281 0.000000
-0.675917 1.360753 0.000000
-1.218255 -1.183897 0.000000
0.233180 1.100501 0.000000
-1.501374 0.856747 0.000000
1.210299 -0.445407 0.000000
-0.551588 1.355123 0.000000
-0.354839 -1.313323 0.000000
-1.052024 1.284543 0.000000
-1.174707 -1.214146 0.000000
-0.022798 1.216847 0.000000
-1.114020 1.254238 0.000000
-0.005951 1.210013 0.000000
0.753203 -0.778396 0.000000
0.991374 0.626772 0.000000
-0.740177 -1.352226 0.000000
-0.062211 1.232336 0.000000
0.059165 -1.169585 0.000000
0.979719 0.635314 0.000000
0.807947 -0.741425 0.000000
-1.013763 1.300227 0.000000
-1.304299 -1.111300 0.000000
1.074192 0.564986 0.000000
-0.624719 -1.352814 0.000000
-0.032279 -1.208377 0.000000
1.381952 -0.305899 0.000000
-0.537015 1.353667 0.000000
0.699004 -0.814190 0.000000
-0.396926 1.331988 0.000000
-0.800352 -1.347073 0.000000
1.363819 0.333471 0.000000
0.032786 -1.181153 0.000000
-0.763823 1.356692 0.000000
-0.820172 -1.344524 0.000000
1.458384 0.252443 0.000000
-0.517405 -1.343320 0.000000
0.297005 -1.053240 0.000000
0.986804 -0.615108 0.000000
1.669652 -0.052845 0.000000
-0.044792 -1.213418 0.000000
-0.375746 1.327563 0.000000
0.377233 1.024207 0.000000
-0.992294 -1.303520 0.000000
0.166222 -1.119815 0.000000
-0.264207 1.299807 0.000000
-1.653348 -0.439273 0.000000
1.418889 0.286613 0.000000
0.710779 -0.806488 0.000000
-1.437033 0.959788 0.000000
1.116674 0.532525 0.000000
0.741019 0.801963 0.000000
-1.648479 -0.460784 0.000000
-1.347062 1.071793 0.000000
-1.629376 0.541347 0.000000
1.088789 0.553895 0.000000
-0.301967 1.310002 0.000000
0.226717 1.103750 0.000000
-0.434622 1.339103 0.000000
-0.539745 1.353975 0.000000
-0.815512 1.350866 0.000000
-0.619561 1.359801 0.000000
1.332073 -0.347295 0.000000
0.912003 -0.668968 0.000000
0.869058 -0.699217 0.000000
0.313392 1.058881 0.000000
-0.031347 -1.208012 0.000000
0.983237 0.632738 0.000000
-0.251136 1.296054 0.000000
1.257352 -0.407988 0.000000
-0.196319 -1.268482 0.000000
-0.803480 -1.346681 0.000000
1.627739 0.100051 0.000000
-0.831518 -1.342844 0.000000
1.722198 -0.003803 0.000000
0.644335 -0.849480 0.000000
1.478471 0.234854 0.000000
-1.130452 1.245135 0.000000
1.663329 -0.058671 0.000000
-0.412748 -1.326039 0.000000
0.097316 1.165536 0.000000
-1.694883 0.143856 0.000000
-0.481921 1.346749 0.000000
1.283426 -0.386982 0.000000
-0.296213 1.308490 0.000000
-0.621399 -1.352646 0.000000
-0.463521 -1.335365 0.000000
0.535704 0.932341 0.000000
-0.056251 1.230039 0.000000
0.600890 0.892289 0.000000
0.646221 0.863693 0.000000
-0.459002 -1.334609 0.000000
1.229440 -0.430255 0.000000
0.006239 -1.192468 0.000000
1.182384 -0.467338 0.000000
-0.118958 1.253342 0.000000
0.220750 1.106747 0.000000
-1.469999 0.909906 0.000000
-1.473442 0.904360 0.000000
0.893065 0.697660 0.000000
-1.267630 -1.144518 0.000000
-0.344024 -1.310746 0.000000
0.409280 1.006254 0.000000
-1.427668 -0.968655 0.000000
1.596405 -0.119701 0.000000
0.723820 0.813362 0.000000
1.160675 0.498383 0.000000
0.856786 0.723148 0.000000
1.319551 -0.357574 0.000000
-1.679340 -0.293323 0.000000
0.093507 -1.154097 0.000000
1.197921 0.469058 0.000000
0.778169 0.777091 0.000000
0.448261 0.984015 0.000000
-0.745522 1.358204 0.000000
0.179729 1.126913 0.000000
-0.625219 -1.352842 0.000000
-1.083749 -1.265569 0.000000
0.961645 -0.633398 0.000000
1.364796 -0.320211 0.000000
0.537597 -0.915972 0.000000
-1.562256 0.732475 0.000000
-1.222020 -1.181125 0.000000
-0.948574 -1.317412 0.000000
-0.962009 1.318208 0.000000
-0.788159 1.354283 0.000000
0.153994 -1.125725 0.000000
1.185480 0.478889 0.000000
-1.387305 1.025552 0.000000
0.653391 -0.843711 0.000000
0.523579 0.939623 0.000000
1.210402 0.459143 0.000000
0.297471 -1.052988 0.000000
-1.551345 -0.752152 0.000000
-1.454905 0.933461 0.000000
0.790346 0.768829 0.000000
-1.308970 -1.106791 0.000000
0.167957 1.132599 0.000000
0.195643 1.119155 0.000000
-1.122802 -1.245347 0.000000
0.906609 -0.672777 0.000000
-0.595140 1.358540 0.000000
1.216036 -0.440870 0.000000
0.046091 1.188167 0.000000
1.508084 -0.198067 0.000000
1.460363 0.250707 0.000000
-0.365695 -1.315872 0.000000
-1.040887 1.289304 0.000000
-0.338390 1.319049 0.000000
0.761227 0.788491 0.000000
-1.063041 1.279585 0.000000
-0.573078 -1.349369 0.000000
-0.532917 -1.345252 0.000000
-0.430424 -1.329484 0.000000
-1.565833 0.724072 0.000000
-0.524640 -1.344272 0.000000
0.420946 0.999644 0.000000
0.170039 -1.117966 0.000000
0.417030 1.001885 0.000000
1.683197 -0.040298 0.000000
-1.513414 -0.829791 0.000000
0.759797 0.789443 0.000000
0.133777 -1.135359 0.000000
1.239281 -0.422413 0.000000
-0.827267 1.349101 0.000000
-0.945677 1.323110 0.000000
0.660712 -0.839005 0.000000
0.008834 1.203935 0.000000
1.155806 0.502192 0.000000
-0.134841 1.258943 0.000000
-0.789091 -1.348277 0.000000
0.987747 0.629433 0.000000
0.896648 0.695112 0.000000
-0.413262 1.335153 0.000000
-0.657733 1.360725 0.000000
0.805492 0.758522 0.000000
1.047250 0.585292 0.000000
0.331548 -1.034670 0.000000
0.664902 -0.836317 0.000000
-1.527257 0.807816 0.000000
-0.376202 1.327675 0.000000
0.051872 1.185674 0.000000
0.945110 0.660466 0.000000
-0.433113 -1.329988 0.000000
-1.240822 -1.166588 0.000000
1.109785 0.537818 0.000000
-1.254616 -1.155441 0.000000
-1.254908 1.159150 0.000000
-1.134979 1.242559 0.000000
-0.234237 1.291097 0.000000
-0.717576 1.359773 0.000000
0.775364 0.778968 0.000000
0.648210 0.862432 0.000000
0.518374 -0.927595 0.000000
0.329405 1.050311 0.000000
1.700883 -0.023801 0.000000
1.530873 0.188389 0.000000
1.573451 -0.140287 0.000000
0.905269 0.689006 0.000000
0.503215 0.951806 0.000000
-0.341788 1.319861 0.000000
-0.598130 1.358708 0.000000
0.382541 -1.006522 0.000000
0.676636 -0.828726 0.000000
0.494886 0.956736 0.000000
-0.071895 1.236033 0.000000
0.223572 -1.091387 0.000000
-1.458683 -0.923198 0.000000
-1.330137 1.089690 0.000000
-0.395569 -1.322482 0.000000
-0.144013 -1.250753 0.000000
0.362869 1.032133 0.000000
-0.163147 1.268606 0.000000
-0.171236 -1.260164 0.000000
-0.415093 1.335517 0.000000
0.311571 1.059862 0.000000
-1.178945 -1.211401 0.000000
-1.253598 1.160243 0.000000
0.499360 -0.938966 0.000000
0.519146 0.942311 0.000000
1.166425 -0.479773 0.000000
-0.681805 -1.354019 0.000000
0.219862 -1.093263 0.000000
0.557527 -0.903816 0.000000
-0.756509 -1.351218 0.000000
1.588042 -0.127207 0.000000
0.047054 -1.174935 0.000000
-1.230020 1.178980 0.000000
-0.842412 1.346693 0.000000
0.311393 1.059946 0.000000
1.483070 0.230821 0.000000
1.496069 0.219366 0.000000
-0.407975 1.334145 0.000000
-1.476693 0.899067 0.000000
0.463750 -0.960029 0.000000
0.299689 -1.051811 0.000000
0.669508 -0.833348 0.000000
0.290801 -1.056545 0.000000
0.447685 -0.969383 0.000000
1.437251 0.270789 0.000000
0.252091 1.090895 0.000000
0.025421 -1.184318 0.000000
0.013577 1.201947 0.000000
0.463472 -0.960169 0.000000
0.084523 1.171278 0.000000
-0.704601 1.360221 0.000000
0.740142 0.802551 0.000000
1.405951 -0.285733 0.000000
-0.710512 1.359997 0.000000
0.630088 -0.858555 0.000000
0.856258 -0.708151 0.000000
0.059385 1.182425 0.000000
-1.406425 1.001465 0.000000
-0.240728 1.293029 0.000000
1.308527 -0.366592 0.000000
0.372786 1.026672 0.000000
0.408265 1.006842 0.000000
0.031288 1.194497 0.000000
-0.625507 1.359997 0.000000
0.004788 1.205616 0.000000
1.008595 0.614084 0.000000
-1.111092 -1.251677 0.000000
1.402063 0.301037 0.000000
-0.576877 -1.349734 0.000000
-0.876905 -1.334889 0.000000
0.856735 -0.707815 0.000000
0.854605 -0.709300 0.000000
-1.596763 0.644221 0.000000
-0.163874 1.268858 0.000000
-0.095448 -1.233052 0.000000
-1.204992 1.197521 0.000000
-0.554455 -1.347633 0.000000
-0.608561 1.359268 0.000000
1.256035 0.422481 0.000000
1.582264 0.141923 0.000000
1.482977 -0.219886 0.000000
-0.882127 1.339131 0.000000
-0.661800 -1.353879 0.000000
1.646599 -0.074075 0.000000
1.411712 -0.280887 0.000000
-1.104275 -1.255262 0.000000
-1.460100 -0.920985 0.000000
-1.298408 -1.116874 0.000000
0.418806 -0.986020 0.000000
-0.938003 -1.320381 0.000000
-1.007252 1.302692 0.000000
0.103475 1.162735 0.000000
-1.278705 1.138788 0.000000
-0.435098 1.339187 0.000000
1.194433 0.471831 0.000000
1.383807 -0.304358 0.000000
0.742144 -0.785762 0.000000
-1.216078 -1.185494 0.000000
1.524475 -0.183699 0.000000
0.276235 -1.064219 0.000000
-0.667286 1.360837 0.000000
0.484719 -0.947677 0.000000
0.347449 -1.025988 0.000000
-1.117851 -1.248036 0.000000
-1.239669 1.171474 0.000000
1.159982 -0.484759 0.000000
1.712600 -0.012822 0.000000
-0.476877 1.346021 0.000000
1.369570 -0.316234 0.000000
-0.293905 1.307873 0.000000
-1.562843 0.731130 0.000000
0.393685 1.015020 0.000000
1.381125 -0.306599 0.000000
-0.738109 -1.352366 0.000000
-0.364749 1.325126 0.000000
0.212034 1.111060 0.000000
0.580950 -0.889364 0.000000
-0.683248 1.360669 0.000000
-0.311068 1.312355 0.000000
0.942041 0.662678 0.000000
0.288497 1.072045 0.000000
0.390922 1.016589 0.000000
0.092111 -1.154741 0.000000
-0.722627 -1.353095 0.000000
1.437755 0.270340 0.000000
0.921677 -0.662078 0.000000
-0.589811 1.358232 0.000000
1.635431 -0.084298 0.000000
-1.695655 -0.124070 0.000000
-1.364420 1.052523 0.000000
0.507154 0.949453 0.000000
-1.304776 -1.110852 0.000000
-1.225689 1.182257 0.000000
-0.353330 -1.312959 0.000000
-1.181640 1.213570 0.000000
0.937237 -0.650959 0.000000
-1.646092 -0.470951 0.000000
0.695637 -0.816403 0.000000
-0.580515 1.357532 0.000000
1.109812 -0.523354 0.000000
0.074407 -1.162779 0.000000
1.165263 -0.480669 0.000000
-0.267166 1.300619 0.000000
-1.613163 0.595487 0.000000
0.868071 0.715250 0.000000
0.700948 0.828374 0.000000
0.075823 -1.162135 0.000000
0.789571 0.769361 0.000000
-0.080975 1.239450 0.000000
0.551533 0.922734 0.000000
0.879270 0.707379 0.000000
-1.486407 -0.878217 0.000000
1.408540 0.295492 0.000000
-1.451332 -0.934401 0.000000
1.550258 -0.160929 0.000000
0.018412 -1.187314 0.000000
0.671867 0.847252 0.000000
0.965427 0.645733 0.000000
-0.885944 1.338262 0.000000
-1.102238 -1.256298 0.000000
1.115494 -0.519013 0.000000
1.239055 0.436205 0.000000
0.284173 1.074314 0.000000
0.080631 -1.159951 0.000000
-0.088854 1.242362 0.000000
-0.721804 -1.353123 0.000000
-1.511908 0.837449 0.000000
0.394796 1.014404 0.000000
0.365732 1.030565 0.000000
-0.122994 -1.243247 0.000000
-1.461560 -0.918717 0.000000
-0.657102 -1.353823 0.000000
1.379531 0.320195 0.000000
1.468730 0.243397 0.000000
-0.066518 1.233960 0.000000
0.762818 -0.771954 0.000000
-1.453392 -0.931264 0.000000
-0.933195 1.326611 0.000000
0.119300 -1.142165 0.000000
0.112473 1.158646 0.000000
1.155223 -0.488456 0.000000
-0.655676 1.360697 0.000000
-0.628569 1.360109 0.000000
1.016242 -0.593514 0.000000
0.844119 -0.716554 0.000000
0.713118 0.820420 0.000000
0.498133 0.954831 0.000000
1.697777 0.034148 0.000000
0.911482 -0.669332 0.000000
-1.350323 -1.064191 0.000000
-0.797743 1.353163 0.000000
1.582387 0.141811 0.000000
1.092256 0.551234 0.000000
-0.710581 -1.353515 0.000000
-1.136203 -1.237757 0.000000
-1.126581 1.247292 0.000000
-0.752127 1.357644 0.000000
-0.335708 1.318433 0.000000
-0.342186 -1.310298 0.000000
0.329659 -1.035706 0.000000
-0.220583 -1.276240 0.000000
-0.628209 1.360081 0.000000
0.241177 1.096440 0.000000
0.031414 1.194441 0.000000
-0.597486 1.358680 0.000000
-0.126426 1.255974 0.000000
1.600897 -0.115640 0.000000
-0.642803 1.360557 0.000000
1.341277 0.352376 0.000000
-1.255823 -1.154461 0.000000
1.722027 0.010929 0.000000
1.288285 0.396209 0.000000
-0.630188 -1.353039 0.000000
-1.507931 -0.840042 0.000000
-1.277080 -1.136284 0.000000
-0.183848 -1.264393 0.000000
1.441016 -0.255988 0.000000
0.868585 -0.699553 0.000000
1.491131 -0.212828 0.000000
-0.388858 1.330308 0.000000
0.152815 -1.126285 0.000000
0.699295 -0.813994 0.000000
0.317747 -1.042148 0.000000
-0.134992 -1.247532 0.000000
0.726703 -0.795985 0.000000
0.732423 0.807676 0.000000
-1.055625 1.282946 0.000000
0.338749 -1.030749 0.000000
-0.805088 1.352210 0.000000
1.437683 0.270424 0.000000
0.464841 -0.959384 0.000000
-0.085737 -1.229383 0.000000
0.417966 -0.986496 0.000000
0.819962 0.748635 0.000000
0.774377 -0.764196 0.000000
0.717788 -0.801867 0.000000
-1.556081 -0.741509 0.000000
-0.998991 -1.301139 0.000000
-1.265678 -1.146171 0.000000
0.789924 0.769137 0.000000
-0.609271 1.359296 0.000000
0.843307 -0.717114 0.000000
-1.689397 0.213680 0.000000
0.265098 1.084201 0.000000
1.515124 0.202449 0.000000
1.325658 0.365372 0.000000
1.386828 -0.301838 0.000000
-1.483876 0.887135 0.000000
-1.140389 -1.235348 0.000000
1.506054 0.210515 0.000000
-1.605616 -0.612924 0.000000
-1.548249 0.764068 0.000000
1.651352 0.078037 0.000000
1.077868 0.562185 0.000000
1.291800 -0.380204 0.000000
1.545443 -0.165214 0.000000
-1.681154 0.286389 0.000000
-0.750711 -1.351610 0.000000
-1.089068 1.267178 0.000000
-0.793333 -1.347801 0.000000
0.462749 0.975613 0.000000
1.392719 -0.296880 0.000000
-0.257009 -1.287331 0.000000
1.229128 0.444159 0.000000
-0.595600 -1.351106 0.000000
1.224180 -0.434428 0.000000
0.151371 1.140525 0.000000
1.081897 0.559132 0.000000
-1.279202 -1.134407 0.000000
0.171863 1.130722 0.000000
-1.215303 1.190043 0.000000
1.692126 -0.031979 0.000000
1.578273 -0.135973 0.000000
-1.576394 -0.692971 0.000000
0.120438 1.154977 0.000000
0.329426 1.050311 0.000000
0.206839 1.113665 0.000000
-0.903894 -1.329036 0.000000
0.059340 -1.169501 0.000000
-0.175961 1.272863 0.000000
-0.560397 -1.348193 0.000000
-0.841984 1.346749 0.000000
-1.519236 -0.818672 0.000000
1.636528 -0.083290 0.000000
0.194354 -1.106035 0.000000
1.071082 0.567339 0.000000
-0.046825 1.226370 0.000000
0.051944 1.185646 0.000000
-0.191951 1.278045 0.000000
-0.724866 -1.353039 0.000000
-0.352661 1.322438 0.000000
0.671006 0.847812 0.000000
0.110611 -1.146227 0.000000
0.971867 0.641056 0.000000
-1.121921 1.249925 0.000000
-0.151190 1.264573 0.000000
-1.687137 0.236086 0.000000
-0.098246 1.245863 0.000000
0.938307 -0.650203 0.000000
0.961069 0.648926 0.000000
-0.339724 1.319385 0.000000
-0.217504 1.286055 0.000000
-1.030476 -1.289180 0.000000
-0.927452 1.328179 0.000000
-1.201234 1.200182 0.000000
1.393244 -0.296432 0.000000
0.557578 -0.903760 0.000000
0.719468 -0.800774 0.000000
-1.266549 1.149375 0.000000
1.566340 0.156431 0.000000
-0.639182 1.360445 0.000000
-1.612622 0.597167 0.000000
0.889807 0.699957 0.000000
-0.664502 -1.353907 0.000000
1.711551 0.020984 0.000000
-1.506974 0.846580 0.000000
0.566637 0.913491 0.000000
0.904288 -0.674430 0.000000
-0.586465 -1.350434 0.000000
-1.321897 1.098037 0.000000
-1.335078 1.084537 0.000000
1.108156 -0.524614 0.000000
0.178982 1.127277 0.000000
1.433191 0.274290 0.000000
1.117473 -0.517500 0.000000
-0.481287 -1.338250 0.000000
0.594796 -0.880738 0.000000
0.701881 0.827758 0.000000
0.544184 0.927187 0.000000
0.209400 1.112377 0.000000
1.173012 -0.474648 0.000000
-0.619997 -1.352562 0.000000
0.802625 0.760483 0.000000
0.778601 -0.761339 0.000000
0.347665 -1.025876 0.000000
0.040481 1.190603 0.000000
0.860116 -0.705463 0.000000
0.792352 -0.752040 0.000000
0.507007 -0.934401 0.000000
1.169288 -0.477533 0.000000
0.665016 0.851677 0.000000
0.061833 1.181333 0.000000
-0.921355 -1.324778 0.000000
-1.640705 0.498887 0.000000
1.187839 -0.463052 0.000000
-1.649861 0.460936 0.000000
-0.022136 -1.204259 0.000000
1.223371 -0.435072 0.000000
-0.183742 -1.264365 0.000000
0.163702 1.134643 0.000000
0.044270 -1.176139 0.000000
-1.271518 -1.141157 0.000000
-0.523601 -1.344132 0.000000
0.752627 -0.778788 0.000000
1.321303 0.368985 0.000000
-1.112879 -1.250697 0.000000
0.561261 -0.901520 0.000000
-0.956691 1.319805 0.000000
-1.462476 -0.917288 0.000000
-1.071885 -1.271227 0.000000
-0.705077 1.360193 0.000000
1.488179 -0.215376 0.000000
0.128620 -1.137796 0.000000
0.832728 -0.724424 0.000000
-0.022476 -1.204399 0.000000
0.270152 -1.067412 0.000000
0.865403 0.717126 0.000000
1.073540 -0.550830 0.000000
1.722462 -0.003551 0.000000
0.138588 1.146519 0.000000
0.642206 0.866241 0.000000
0.516584 0.943824 0.000000
0.847332 0.729702 0.000000
0.640056 -0.852225 0.000000
1.137526 -0.502124 0.000000
1.517188 0.200628 0.000000
1.681379 0.049748 0.000000
0.700389 0.828738 0.000000
0.773249 -0.764952 0.000000
0.104524 1.162259 0.000000
-0.746407 1.358120 0.000000
0.650878 -0.845307 0.000000
0.371877 -1.012488 0.000000
-1.682357 -0.270581 0.000000
-0.477652 -1.337690 0.000000
-0.557493 -1.347913 0.000000
-0.417490 -1.326963 0.000000
-0.212494 -1.273720 0.000000
0.339593 -1.030301 0.000000
-1.083547 -1.265653 0.000000
-1.305962 1.113665 0.000000
0.204548 -1.100937 0.000000
1.461817 0.249446 0.000000
-0.385717 1.329636 0.000000
0.096939 -1.152528 0.000000
0.399467 1.011800 0.000000
-1.408778 -0.994170 0.000000
0.595955 -0.880009 0.000000
1.179407 0.483678 0.000000
-1.286815 1.131534 0.000000
-1.540715 -0.775203 0.000000
0.412538 -0.989605 0.000000
0.581111 0.904584 0.000000
-0.620172 -1.352562 0.000000
1.320411 0.369741 0.000000
0.479661 0.965726 0.000000
-0.775413 1.355627 0.000000
-1.447508 -0.940115 0.000000
-1.108321 1.257263 0.000000
0.899837 -0.677595 0.000000
-1.494150 -0.864829 0.000000
-1.560844 0.735751 0.000000
-1.027328 1.294878 0.000000
-0.619321 -1.352534 0.000000
0.488631 -0.945352 0.000000
-1.593882 -0.646758 0.000000
-0.613074 1.359492 0.000000
0.930626 0.670885 0.000000
1.225308 -0.433532 0.000000
-0.985906 1.310338 0.000000
-1.675019 -0.322872 0.000000
-0.667694 -1.353935 0.000000
0.653779 0.858875 0.000000
0.707768 -0.808477 0.000000
-0.253916 -1.286435 0.000000
0.996460 -0.608050 0.000000
-0.981270 1.311963 0.000000
0.822362 0.746983 0.000000
1.611808 0.114811 0.000000
-1.356225 1.061738 0.000000
-1.357130 -1.056657 0.000000
-0.468853 -1.336234 0.000000
-0.401247 1.332857 0.000000
1.195609 0.470879 0.000000
0.380497 -1.007670 0.000000
-0.462215 -1.335141 0.000000
-1.012927 -1.296014 0.000000
1.225956 -0.433028 0.000000
-1.149764 1.233820 0.000000
-1.312107 1.107727 0.000000
1.444298 -0.253187 0.000000
-1.144477 1.236985 0.000000
-1.603699 -0.618637 0.000000
0.936137 -0.651743 0.000000
-0.102018 1.247208 0.000000
-1.592308 0.656601 0.000000
0.584876 0.902232 0.000000
-1.249758 1.163352 0.000000
-0.671459 -1.353991 0.000000
-1.416349 0.988385 0.000000
1.548831 0.172256 0.000000
1.390511 0.310868 0.000000
0.356398 -1.021058 0.000000
-0.646205 -1.353571 0.000000
-0.740324 1.358512 0.000000
0.291158 -1.056348 0.000000
0.261178 1.086217 0.000000
-0.087575 -1.230083 0.000000
1.065918 0.571232 0.000000
0.604504 0.890020 0.000000
-1.405013 -0.999072 0.000000
1.563576 0.158924 0.000000
1.416897 0.288322 0.000000
0.061593 -1.168493 0.000000
0.694934 0.832295 0.000000
-0.733470 -1.352618 0.000000
-1.695895 0.126463 0.000000
0.444939 0.985920 0.000000
0.118425 1.155901 0.000000
0.905245 0.689034 0.000000
0.778132 -0.761675 0.000000
-1.560484 -0.731398 0.000000
-0.547223 -1.346849 0.000000
0.242799 -1.081584 0.000000
1.322743 0.367809 0.000000
-0.886609 -1.332901 0.000000
-0.029420 1.219508 0.000000
-1.043359 1.288268 0.000000
-0.373308 1.327031 0.000000
1.716290 -0.009349 0.000000
1.564056 0.158504 0.000000
-0.766707 1.356468 0.000000
0.775203 -0.763636 0.000000
-0.996296 1.306697 0.000000
-0.513667 1.351006 0.000000
-1.221053 1.185758 0.000000
-1.693241 -0.161405 0.000000
-0.583653 1.357756 0.000000
0.591457 0.898171 0.000000
0.289581 1.071485 0.000000
0.814006 -0.737280 0.000000
1.212504 -0.443671 0.000000
0.911153 -0.669584 0.000000
0.586220 -0.886087 0.000000
-0.592654 1.358428 0.000000
0.600129 -0.877405 0.000000
-1.091290 -1.261900 0.000000
0.812339 -0.738428 0.000000
0.915971 -0.666139 0.000000
-0.698693 1.360417 0.000000
0.856748 0.723148 0.000000
0.013172 -1.189555 0.000000
1.689019 -0.034864 0.000000
0.897457 0.694552 0.000000
-0.297979 1.308938 0.000000
-1.661910 -0.397961 0.000000
-0.388652 1.330252 0.000000
0.546759 -0.910398 0.000000
1.135849 -0.503412 0.000000
-1.270733 -1.141857 0.000000
-1.514556 -0.827634 0.000000
-0.955895 -1.315256 0.000000
-0.981057 -1.307301 0.000000
-0.872423 1.341091 0.000000
-0.708973 1.360053 0.000000
0.723628 -0.798030 0.000000
0.452273 0.981691 0.000000
-1.016911 1.299051 0.000000
-1.249860 -1.159334 0.000000
-1.330449 -1.085337 0.000000
0.023075 1.197998 0.000000
0.321392 -1.040188 0.000000
0.403122 1.009727 0.000000
-0.774186 1.355739 0.000000
0.813968 -0.737308 0.000000
0.954917 -0.638243 0.000000
-0.724643 1.359408 0.000000
-0.907135 -1.328307 0.000000
-1.449624 0.941387 0.000000
0.019115 1.199650 0.000000
-0.738373 1.358624 0.000000
-0.656523 -1.353823 0.000000
-0.207381 1.282918 0.000000
-1.303936 -1.111665 0.000000
-0.549013 -1.347073 0.000000
-1.285694 1.132543 0.000000
-0.708074 1.360081 0.000000
1.337961 0.355149 0.000000
-1.519072 0.823837 0.000000
1.692976 0.038741 0.000000
0.565982 0.913883 0.000000
-1.345420 -1.069540 0.000000
0.548392 -0.909390 0.000000
0.886598 -0.686921 0.000000
0.834271 0.738748 0.000000
0.719084 -0.801026 0.000000
-1.580756 -0.681852 0.000000
-1.363072 1.054064 0.000000
-1.468988 -0.906981 0.000000
-0.957713 -1.314695 0.000000
1.579438 -0.134937 0.000000
-1.173668 1.218836 0.000000
-1.541878 -0.772738 0.000000
-0.517202 1.351482 0.000000
1.470314 -0.230837 0.000000
-1.693539 0.163966 0.000000
0.122256 -1.140793 0.000000
0.477734 0.966847 0.000000
-1.182882 -1.208797 0.000000
1.046259 -0.571248 0.000000
1.665047 -0.057103 0.000000
1.193573 0.472503 0.000000
0.847912 0.729310 0.000000
0.858819 -0.706359 0.000000
-0.776342 -1.349594 0.000000
0.098956 1.164808 0.000000
-0.929965 1.327507 0.000000
-1.597976 -0.635218 0.000000
-0.937612 1.325379 0.000000
-1.200589 1.200630 0.000000
1.350950 0.344282 0.000000
1.327945 -0.350684 0.000000
-1.697836 0.082462 0.000000
0.475837 -0.952914 0.000000
-0.955011 -1.315508 0.000000
-0.649510 1.360641 0.000000
-0.327160 -1.306545 0.000000
1.337097 -0.343150 0.000000
1.199848 -0.453642 0.000000
0.984479 0.631841 0.000000
-1.192363 1.206344 0.000000
0.907326 -0.672273 0.000000
1.328562 0.362963 0.000000
-0.817933 -1.344804 0.000000
-0.384706 -1.320157 0.000000
0.860524 -0.705183 0.000000
1.389814 -0.299317 0.000000
-0.004840 -1.197117 0.000000
1.655686 0.073975 0.000000
-0.385223 -1.320297 0.000000
0.242946 -1.081500 0.000000
1.341400 -0.339593 0.000000
-1.263330 -1.148159 0.000000
0.597893 0.894165 0.000000
-1.113225 1.254658 0.000000
-0.852833 -1.339399 0.000000
0.512147 -0.931320 0.000000
1.228600 0.444607 0.000000
1.389684 -0.299429 0.000000
1.054677 -0.564974 0.000000
0.755716 0.792160 0.000000
0.986300 0.630497 0.000000
0.650579 0.860920 0.000000
0.613721 -0.868890 0.000000
1.068023 0.569663 0.000000
0.284544 -1.059849 0.000000
-0.893909 1.336470 0.000000
-1.438415 0.957800 0.000000
0.093822 1.167105 0.000000
-0.228607 -1.278761 0.000000
-0.634604 -1.353179 0.000000
-1.243952 1.168057 0.000000
-1.448561 0.942984 0.000000
-0.652271 -1.353767 0.000000
1.167697 0.492893 0.000000
0.741033 0.801963 0.000000
-0.931690 1.327031 0.000000
1.609446 0.116996 0.000000
1.329375 0.362291 0.000000
-1.633950 -0.518789 0.000000
0.668071 0.849689 0.000000
1.388535 0.312549 0.000000
0.307446 1.062046 0.000000
-1.008184 1.302328 0.000000
0.078934 1.173799 0.000000
-1.255666 -1.154573 0.000000
0.677706 0.843499 0.000000
0.262584 -1.071361 0.000000
1.184585 -0.465601 0.000000
-0.081756 -1.227870 0.000000
0.852236 0.726313 0.000000
0.497821 -0.939891 0.000000
-1.397894 1.012360 0.000000
-1.243284 1.168589 0.000000
-0.853996 1.344620 0.000000
0.069857 -1.164824 0.000000
-1.656948 0.428670 0.000000
1.285703 0.398338 0.000000
-1.131299 -1.240558 0.000000
0.906345 -0.672973 0.000000
0.062454 -1.168129 0.000000
0.111825 -1.145666 0.000000
1.540684 -0.169415 0.000000
-0.796947 -1.347437 0.000000
0.957753 0.651335 0.000000
0.601699 0.891785 0.000000
1.023223 0.603245 0.000000
1.107234 -0.525314 0.000000
1.358357 -0.325560 0.000000
-0.175252 -1.261508 0.000000
-0.348005 -1.311699 0.000000
0.386172 1.019222 0.000000
-1.198329 1.202199 0.000000
0.333410 -1.033662 0.000000
-0.854160 1.344592 0.000000
-0.311740 1.312523 0.000000
-0.866412 1.342295 0.000000
-0.448687 1.341567 0.000000
0.511005 -0.932020 0.000000
-1.115622 -1.249212 0.000000
0.381238 1.021967 0.000000
1.443211 0.265635 0.000000
0.349139 -1.025063 0.000000
-1.144443 1.237013 0.000000
-0.631059 1.360193 0.000000
1.227537 -0.431767 0.000000
-0.852254 1.344928 0.000000
-0.004237 -1.196865 0.000000
1.428970 0.277931 0.000000
-0.061001 1.231859 0.000000
1.614675 0.112179 0.000000
0.352359 -1.023299 0.000000
-1.661763 0.405004 0.000000
0.676342 0.844367 0.000000
0.659251 0.855374 0.000000
1.565818 0.156908 0.000000
1.721883 0.011041 0.000000
-1.465339 0.917300 0.000000
0.605745 0.889264 0.000000
0.833297 0.739449 0.000000
-0.953714 1.320701 0.000000
-0.578163 -1.349818 0.000000
-1.037341 -1.286379 0.000000
-1.642464 0.491857 0.000000
1.269607 -0.398130 0.000000
-0.053152 -1.216723 0.000000
-0.736569 1.358736 0.000000
0.386711 -1.004197 0.000000
-1.214891 1.190351 0.000000
-0.247182 1.294906 0.000000
-0.206816 1.282750 0.000000
-0.390833 -1.321473 0.000000
0.347538 1.040508 0.000000
-0.089719 1.242699 0.000000
0.685065 0.838709 0.000000
-1.319308 1.100641 0.000000
0.236212 -1.084945 0.000000
1.171380 -0.475908 0.000000
-0.883190 1.338878 0.000000
-1.217100 1.188727 0.000000
-0.830363 1.348625 0.000000
0.478258 -0.951486 0.000000
-1.696869 0.106801 0.000000
-0.434676 -1.330296 0.000000
0.701737 0.827870 0.000000
1.429282 0.277679 0.000000
-0.204155 -1.271031 0.000000
-1.656506 0.430771 0.000000
0.717562 -0.802035 0.000000
-1.698693 0.050981 0.000000
-0.520991 1.351902 0.000000
-0.800390 -1.347073 0.000000
1.367807 0.330110 0.000000
0.492214 -0.943224 0.000000
0.601322 0.892009 0.000000
-0.772581 1.355907 0.000000
-1.109700 -1.252433 0.000000
1.534114 0.185476 0.000000
1.349229 0.345710 0.000000
0.267351 1.083052 0.000000
-0.790730 -1.348081 0.000000
-0.556296 1.355571 0.000000
-1.580849 -0.681600 0.000000
0.301922 1.064987 0.000000
-1.321811 1.098149 0.000000
-1.007080 1.302748 0.000000
-0.176438 1.273031 0.000000
-0.706446 -1.353655 0.000000
0.698884 0.829719 0.000000
-1.587617 0.669288 0.000000
-0.600229 -1.351470 0.000000
-0.634460 -1.353179 0.000000
0.615504 -0.867770 0.000000
0.778804 -0.761199 0.000000
0.886879 -0.686725 0.000000
-1.478757 -0.891073 0.000000
-0.375087 -1.318000 0.000000
-1.261783 -1.149475 0.000000
1.239312 -0.422413 0.000000
0.254049 -1.075786 0.000000
-1.658615 -0.414430 0.000000
-0.125613 1.255694 0.000000
-1.368970 1.047342 0.000000
0.714318 0.819608 0.000000
-0.325895 1.316052 0.000000
0.662413 0.853330 0.000000
1.694187 -0.030047 0.000000
1.021903 -0.589341 0.000000
0.396768 -0.998540 0.000000
1.373067 -0.313321 0.000000
0.249849 1.092043 0.000000
0.780158 0.775747 0.000000
1.455322 0.255104 0.000000
-1.288680 1.129854 0.000000
-1.271302 1.145258 0.000000
-0.458326 1.343136 0.000000
-0.924006 1.329132 0.000000
-1.345595 -1.069344 0.000000
-1.469608 0.910550 0.000000
-0.660970 1.360781 0.000000
-0.523800 1.352210 0.000000
-1.585762 -0.668744 0.000000
-1.297215 -1.117994 0.000000
0.828483 0.742753 0.000000
0.943890 -0.646197 0.000000
-0.815358 -1.345140 0.000000
-0.319078 1.314343 0.000000
0.011879 -1.190115 0.000000
-1.323166 -1.092787 0.000000
1.602282 -0.114379 0.000000
1.453419 0.256756 0.000000
0.903554 0.690210 0.000000
0.806167 0.758074 0.000000
1.527678 -0.180870 0.000000
0.270663 1.081344 0.000000
-1.077697 -1.268510 0.000000
1.321324 -0.356117 0.000000
0.550874 -0.907877 0.000000
1.224368 0.447996 0.000000
1.703788 0.028406 0.000000
-1.680653 0.290198 0.000000
-0.951582 -1.316544 0.000000
-0.503665 1.349746 0.000000
-0.846918 -1.340463 0.000000
1.611136 -0.106397 0.000000
1.293082 -0.379140 0.000000
1.480872 0.232754 0.000000
-1.242625 -1.165160 0.000000
-1.049267 1.285719 0.000000
-1.033199 -1.288088 0.000000
-0.017065 -1.202187 0.000000
0.595997 0.895342 0.000000
0.322499 1.054036 0.000000
-0.523608 1.352210 0.000000
0.512325 0.946373 0.000000
0.912638 -0.668520 0.000000
0.436702 -0.975741 0.000000
0.041396 1.190211 0.000000
1.604861 0.121225 0.000000
1.338187 -0.342253 0.000000
-0.528357 -1.344748 0.000000
1.498764 0.216985 0.000000
0.460218 0.977097 0.000000
1.716900 -0.008789 0.000000
1.112981 -0.520917 0.000000
0.691700 0.834396 0.000000
0.181475 -1.112365 0.000000
-1.028110 1.294570 0.000000
-0.686815 -1.353963 0.000000
0.120277 -1.141717 0.000000
0.014201 -1.189107 0.000000
1.548361 0.172676 0.000000
-1.185549 1.210965 0.000000
1.070989 -0.552734 0.000000
-1.653098 0.446568 0.000000
-0.212834 1.284599 0.000000
-0.845180 1.346189 0.000000
1.572166 -0.141435 0.000000
0.967190 0.644473 0.000000
-0.100256 1.246592 0.000000
-1.488104 -0.875304 0.000000
1.043653 0.587981 0.000000
-1.009851 -1.297190 0.000000
0.601315 0.892037 0.000000
-0.639182 -1.353347 0.000000
-0.475358 -1.337298 0.000000
-1.051314 -1.280470 0.000000
-0.514898 1.351174 0.000000
-0.438205 -1.330912 0.000000
-0.466282 1.344424 0.000000
0.035934 1.192536 0.000000
1.585810 0.138702 0.000000
1.695915 0.035940 0.000000
-0.538719 1.353863 0.000000
1.664008 -0.058055 0.000000
0.890246 -0.684345 0.000000
1.276599 0.405760 0.000000
1.627510 0.100275 0.000000
1.658100 -0.063488 0.000000
-0.372550 -1.317440 0.000000
1.072237 -0.551810 0.000000
0.072991 -1.163396 0.000000
-0.209775 -1.272851 0.000000
-0.924050 1.329132 0.000000
-0.554722 1.355403 0.000000
-1.450910 0.939455 0.000000
0.550758 -0.907961 0.000000
1.587013 0.137582 0.000000
0.470111 -0.956275 0.000000
-1.025185 -1.291337 0.000000
0.982171 0.633522 0.000000
-1.193889 -1.201347 0.000000
-0.613952 1.359548 0.000000
-1.112303 -1.251005 0.000000
-0.149925 1.264125 0.000000
0.750946 0.795353 0.000000
1.645522 -0.075056 0.000000
-0.291289 1.307201 0.000000
1.302666 0.384390 0.000000
1.432005 -0.263662 0.000000
0.015034 -1.188771 0.000000
0.996693 0.622879 0.000000
1.340667 0.352880 0.000000
-0.089554 -1.230839 0.000000
-0.525668 -1.344412 0.000000
-0.985265 -1.305929 0.000000
-0.749048 -1.351722 0.000000
-0.565987 1.356468 0.000000
1.058490 -0.562117 0.000000
0.508866 0.948445 0.000000
-0.448866 1.341595 0.000000
0.226377 -1.089958 0.000000
0.474956 -0.953447 0.000000
0.248796 -1.078503 0.000000
-0.550717 1.355039 0.000000
-0.496604 1.348821 0.000000
1.050799 0.582631 0.000000
0.879915 -0.691627 0.000000
-1.149792 -1.229747 0.000000
-1.604680 -0.615697 0.000000
0.102885 1.163015 0.000000
0.923436 0.676038 0.000000
1.531724 -0.177313 0.000000
0.905663 -0.673449 0.000000
0.662242 0.853442 0.000000
-0.129721 -1.245655 0.000000
-1.479573 0.894333 0.000000
0.249448 1.092239 0.000000
-0.619088 -1.352506 0.000000
0.670855 -0.832480 0.000000
1.164464 0.495414 0.000000
1.448389 0.261126 0.000000
-1.081966 -1.266437 0.000000
0.137210 1.147163 0.000000
1.262050 -0.404207 0.000000
-0.613705 -1.352226 0.000000
0.140405 1.145678 0.000000
1.342601 -0.338612 0.000000
-1.351482 -1.062930 0.000000
1.681592 -0.041782 0.000000
1.521505 0.196763 0.000000
-0.629523 -1.353011 0.000000
1.547700 -0.163197 0.000000
-0.558083 -1.347969 0.000000
1.142998 -0.497894 0.000000
1.009850 -0.598220 0.000000
0.076444 -1.161855 0.000000
1.329190 0.362459 0.000000
0.238523 1.097813 0.000000
0.397762 1.012752 0.000000
1.071750 0.566834 0.000000
-0.581410 1.357616 0.000000
0.174322 -1.115866 0.000000
1.706147 0.026166 0.000000
1.444216 0.264767 0.000000
-1.171631 -1.216135 0.000000
0.587013 -0.885583 0.000000
-1.619353 -0.569819 0.000000
-1.501855 0.855878 0.000000
-0.267650 1.300759 0.000000
0.189029 1.122404 0.000000
-0.589153 1.358176 0.000000
1.065585 0.571484 0.000000
-1.386016 1.027120 0.000000
-0.181379 -1.263553 0.000000
-0.703925 -1.353767 0.000000
-0.762794 1.356776 0.000000
0.763401 -0.771562 0.000000
-0.128021 1.256535 0.000000
-1.363505 1.053560 0.000000
-1.286561 -1.127797 0.000000
1.240416 -0.421516 0.000000
-0.277679 -1.293269 0.000000
1.584277 0.140103 0.000000
-0.028055 1.218948 0.000000
-0.356797 -1.313799 0.000000
-0.423203 -1.328083 0.000000
-1.101203 -1.256831 0.000000
1.448221 -0.249826 0.000000
1.727427 0.001126 0.000000
-1.049223 -1.281366 0.000000
-1.178177 -1.211906 0.000000
1.060925 -0.560297 0.000000
0.184571 1.124588 0.000000
-1.618338 0.578906 0.000000
1.280971 -0.388971 0.000000
-0.903600 1.334257 0.000000
0.373516 -1.011591 0.000000
1.256594 0.422032 0.000000
-1.089654 -1.262684 0.000000
-1.189071 1.208613 0.000000
-0.508582 1.350362 0.000000
1.514959 0.202589 0.000000
0.653381 -0.843711 0.000000
-1.168665 -1.218067 0.000000
0.403928 1.009279 0.000000
-0.926135 -1.323574 0.000000
0.297149 1.067508 0.000000
-0.265801 -1.289880 0.000000
-1.182336 -1.209161 0.000000
-0.022459 -1.204399 0.000000
0.676410 -0.828866 0.000000
-0.354784 1.322914 0.000000
0.444894 -0.971008 0.000000
-1.528155 0.806024 0.000000
0.127499 -1.138328 0.000000
-0.252295 1.296390 0.000000
-1.394510 1.016645 0.000000
0.549410 0.924022 0.000000
-0.814823 -1.345196 0.000000
-0.431813 -1.329764 0.000000
1.083817 -0.543072 0.000000
-1.351287 -1.063154 0.000000
0.183693 -1.111272 0.000000
-1.600315 -0.628524 0.000000
1.107745 -0.524922 0.000000
0.517942 -0.927847 0.000000
0.032834 -1.181125 0.000000
-0.911373 -1.327299 0.000000
1.482535 -0.220278 0.000000
-0.555659 1.355487 0.000000
-0.244919 -1.283718 0.000000
-1.430020 -0.965378 0.000000
-0.378509 1.328151 0.000000
-1.028072 -1.290160 0.000000
0.315953 -1.043101 0.000000
1.068908 0.568991 0.000000
-0.858436 -1.338418 0.000000
0.271623 -1.066627 0.000000
1.408259 -0.283800 0.000000
-0.577570 1.357336 0.000000
0.289056 -1.057469 0.000000
-1.403734 1.004966 0.000000
-1.049264 -1.281366 0.000000
0.691402 0.834592 0.000000
-1.397640 -1.008511 0.000000
-1.304776 1.114813 0.000000
0.606719 -0.873287 0.000000
1.491292 0.223567 0.000000
-1.666395 0.380552 0.000000
0.652606 -0.844187 0.000000
-0.154215 1.265609 0.000000
1.456577 -0.242656 0.000000
0.395564 1.013984 0.000000
-1.073712 -1.270387 0.000000
0.293816 -1.054948 0.000000
-0.539463 -1.345981 0.000000
0.482232 0.964214 0.000000
0.873026 -0.696444 0.000000
-1.597874 0.641056 0.000000
-1.139309 1.240010 0.000000
-1.244755 1.167413 0.000000
-1.404786 -0.999352 0.000000
-1.236309 -1.170173 0.000000
1.243338 0.432732 0.000000
-0.637553 1.360389 0.000000
-0.356200 -1.313659 0.000000
0.282613 -1.060858 0.000000
0.555260 0.920465 0.000000
-0.008972 -1.198854 0.000000
1.003678 -0.602757 0.000000
-0.613616 -1.352226 0.000000
0.409298 1.006254 0.000000
0.802093 -0.745430 0.000000
-0.845574 1.346133 0.000000
-0.296018 1.308434 0.000000
-1.485464 -0.879813 0.000000
-1.436697 -0.955911 0.000000
0.112438 -1.145386 0.000000
-0.094499 -1.232688 0.000000
1.471994 -0.229381 0.000000
-1.402448 1.006618 0.000000
-0.884654 -1.333321 0.000000
-0.440410 1.340139 0.000000
0.634408 -0.855810 0.000000
0.011955 1.202647 0.000000
1.031202 0.597307 0.000000
-0.163374 -1.257475 0.000000
0.558281 0.918617 0.000000
1.687929 0.043531 0.000000
-0.348578 1.321457 0.000000
-0.889287 1.337506 0.000000
0.550545 -0.908073 0.000000
0.677387 -0.828250 0.000000
1.377576 -0.309568 0.000000
-0.876219 1.340307 0.000000
-1.569509 0.715250 0.000000
1.464752 -0.235626 0.000000
0.784057 -0.757670 0.000000
-1.456633 0.930800 0.000000
1.092462 0.551094 0.000000
-0.769694 1.356215 0.000000
1.507011 0.209675 0.000000
1.641202 -0.079005 0.000000
0.569970 0.911446 0.000000
0.226737 -1.089790 0.000000
1.036582 0.593274 0.000000
0.376948 1.024347 0.000000
-0.741106 -1.352170 0.000000
1.609223 -0.108105 0.000000
-1.068912 -1.272599 0.000000
1.132972 -0.505625 0.000000
1.519931 -0.187676 0.000000
1.098733 0.546305 0.000000
-0.218574 1.286391 0.000000
-1.655488 0.435588 0.000000
-1.576933 0.696932 0.000000
0.220061 1.107083 0.000000
-0.984785 -1.306069 0.000000
1.123515 0.527259 0.000000
-0.672598 -1.353991 0.000000
1.680495 -0.042790 0.000000
0.202110 1.115990 0.000000
0.396806 -0.998512 0.000000
-0.550354 -1.347213 0.000000
1.434896 -0.261198 0.000000
-0.192476 1.278213 0.000000
0.648553 -0.846792 0.000000
1.514476 -0.192466 0.000000
-0.068304 1.234660 0.000000
-1.470771 -0.904124 0.000000
0.543855 0.927383 0.000000
0.591693 0.898003 0.000000
1.328888 -0.349900 0.000000
0.644973 0.864477 0.000000
0.010261 1.203347 0.000000
1.076870 0.562941 0.000000
-0.009014 1.211273 0.000000
1.539820 -0.170171 0.000000
-1.221815 -1.181265 0.000000
1.044054 -0.572900 0.000000
-1.219737 1.186738 0.000000
-1.487302 -0.876676 0.000000
-0.622946 1.359913 0.000000
-0.144041 1.262108 0.000000
0.042260 -1.177007 0.000000
-0.170842 1.271183 0.000000
-1.230696 1.178476 0.000000
1.373942 -0.312593 0.000000
1.307323 0.380552 0.000000
-1.566272 0.723036 0.000000
0.224776 1.104731 0.000000
0.718669 0.816751 0.000000
1.438925 -0.257781 0.000000
-0.080519 -1.227394 0.000000
-0.334330 -1.308338 0.000000
1.226045 -0.432944 0.000000
-1.233436 1.176319 0.000000
-1.681929 0.280451 0.000000
-0.024478 1.217519 0.000000
1.163836 0.495918 0.000000
-0.510663 -1.342451 0.000000
0.994025 0.624839 0.000000
1.334570 0.357978 0.000000
1.579630 0.144332 0.000000
-0.583348 1.357756 0.000000
0.898346 0.693907 0.000000
-0.835976 -1.342171 0.000000
1.263315 -0.403199 0.000000
-0.857925 1.343948 0.000000
1.023518 0.603021 0.000000
-1.065363 1.278521 0.000000
-1.696269 -0.112587 0.000000
0.534566 0.933013 0.000000
-0.868305 1.341903 0.000000
-1.509731 0.841510 0.000000
-1.605846 -0.612252 0.000000
1.679041 0.051961 0.000000
0.908626 -0.671349 0.000000
-1.114775 -1.249689 0.000000
-1.516380 0.829019 0.000000
-0.777206 -1.349510 0.000000
-0.189643 1.277289 0.000000
-0.984579 1.310814 0.000000
-1.326773 1.093107 0.000000
-1.211483 1.192816 0.000000
-1.350190 -1.064359 0.000000
0.727180 -0.795677 0.000000
1.440608 0.267876 0.000000
-1.172735 -1.215435 0.000000
0.941177 0.663294 0.000000
0.388994 -1.002909 0.000000
0.470207 0.971272 0.000000
-0.753005 1.357588 0.000000
-1.448170 -0.939106 0.000000
-1.066196 -1.273832 0.000000
-1.556917 0.744770 0.000000
0.105700 1.161727 0.000000
-0.189722 1.277317 0.000000
1.208201 0.460880 0.000000
0.910621 -0.669948 0.000000
1.390881 -0.298421 0.000000
-0.623299 -1.352730 0.000000
-0.829999 1.348681 0.000000
-0.759022 -1.350994 0.000000
0.770793 -0.766604 0.000000
0.845302 -0.715742 0.000000
-1.139549 1.239870 0.000000
-0.540962 -1.346149 0.000000
-0.164169 1.268942 0.000000
-1.192503 1.206260 0.000000
1.445814 0.263366 0.000000
1.499718 0.216145 0.000000
-0.793052 -1.347857 0.000000
0.728414 -0.794865 0.000000
0.242405 1.095824 0.000000
0.280305 -1.062090 0.000000
-1.267719 1.148367 0.000000
-0.491231 -1.339707 0.000000
0.883687 0.704270 0.000000
-0.204326 1.281966 0.000000
1.590627 -0.124882 0.000000
-0.425881 -1.328615 0.000000
0.409462 -0.991342 0.000000
0.932944 -0.654040 0.000000
0.016368 -1.188183 0.000000
-0.341555 1.319805 0.000000
-1.177604 -1.212270 0.000000
-0.928913 1.327787 0.000000
1.004504 0.617109 0.000000
0.867800 -0.700113 0.000000
0.256988 -1.074246 0.000000
0.144674 -1.130206 0.000000
-0.664550 -1.353907 0.000000
0.783635 0.773394 0.000000
-0.678846 -1.354047 0.000000
-1.400445 -1.004926 0.000000
-0.398836 -1.323154 0.000000
-0.253793 1.296810 0.000000
-0.664711 1.360809 0.000000
0.713526 0.820140 0.000000
-1.126773 -1.243107 0.000000
0.515569 0.944440 0.000000
-1.350039 -1.064499 0.000000
-0.707666 1.360109 0.000000
-1.378115 1.036615 0.000000
-0.798017 1.353135 0.000000
-0.902574 -1.329344 0.000000
0.933236 0.669008 0.000000
0.593709 -0.881438 0.000000
0.204524 -1.100965 0.000000
0.766079 0.785214 0.000000
0.897855 -0.678995 0.000000
-0.904111 -1.328980 0.000000
-1.310238 -1.105559 0.000000
1.584311 0.140075 0.000000
0.626600 -0.860768 0.000000
-0.925518 1.328712 0.000000
-1.442032 0.952590 0.000000
0.083954 1.171530 0.000000
0.459083 0.977742 0.000000
0.175793 -1.115166 0.000000
1.196199 -0.456498 0.000000
-0.772313 -1.349902 0.000000
1.137117 0.516728 0.000000
-0.525288 1.352378 0.000000
-1.014079 1.300115 0.000000
-1.324119 -1.091835 0.000000
-1.150800 -1.229159 0.000000
-1.480629 -0.887964 0.000000
-1.145920 -1.232043 0.000000
1.497763 0.217853 0.000000
0.693644 -0.817691 0.000000
1.571514 0.151726 0.000000
1.293206 -0.379056 0.000000
-1.463429 0.920297 0.000000
0.157389 -1.124100 0.000000
-0.775447 -1.349650 0.000000
1.252682 0.425197 0.000000
0.608420 -0.872223 0.000000
-1.554562 -0.744954 0.000000
0.308067 -1.047358 0.000000
1.671627 0.058963 0.000000
-1.692459 0.178418 0.000000
-1.260717 1.154305 0.000000
-0.824787 1.349466 0.000000
1.137735 -0.501956 0.000000
1.546839 0.174049 0.000000
0.032875 -1.181097 0.000000
-0.551739 -1.347381 0.000000
-0.481589 -1.338278 0.000000
1.189893 0.475416 0.000000
-1.137557 -1.237001 0.000000
0.348179 1.040172 0.000000
0.710488 0.822129 0.000000
-0.110594 -1.238681 0.000000
1.377045 -0.310016 0.000000
1.189135 -0.462044 0.000000
-1.673332 0.340025 0.000000
0.551581 0.922706 0.000000
-1.399787 -1.005766 0.000000
-0.373428 -1.317636 0.000000
-1.050834 1.285047 0.000000
1.020614 -0.590293 0.000000
0.440148 0.988693 0.000000
0.306160 1.062746 0.000000
-1.132582 -1.239830 0.000000
-0.459283 -1.334665 0.000000
0.318840 1.055996 0.000000
-1.376031 -1.034922 0.000000
-0.795192 1.353499 0.000000
0.864378 0.717826 0.000000
1.644277 0.084675 0.000000
-0.448591 -1.332789 0.000000
-1.064266 1.279025 0.000000
0.838321 0.735948 0.000000
-1.438826 0.957212 0.000000
1.186512 0.478077 0.000000
-0.237687 1.292133 0.000000
-1.222274 1.184834 0.000000
0.083162 1.171894 0.000000
0.935537 -0.652191 0.000000
-1.360710 1.056753 0.000000
0.941081 0.663378 0.000000
0.672000 0.847168 0.000000
0.008821 -1.191376 0.000000
1.298281 -0.374939 0.000000
1.489489 0.225163 0.000000
-0.821197 1.350026 0.000000
0.372000 1.027092 0.000000
-0.081955 -1.227954 0.000000
-1.588080 -0.662582 0.000000
0.759831 -0.773971 0.000000
1.500108 -0.205013 0.000000
0.152126 1.140161 0.000000
-0.602235 -1.351582 0.000000
-1.305194 -1.110460 0.000000
-1.510695 -0.834888 0.000000
-1.073496 1.274740 0.000000
-1.100229 1.261548 0.000000
0.971994 -0.625892 0.000000
-0.053237 1.228863 0.000000
-1.310249 1.109576 0.000000
0.129083 1.150972 0.000000
0.719427 0.816247 0.000000
-0.330023 -1.307245 0.000000
0.791800 -0.752404 0.000000
0.961165 -0.633734 0.000000
1.263919 -0.402695 0.000000
0.038231 -1.178772 0.000000
-0.806548 -1.346289 0.000000
1.599385 -0.117012 0.000000
-0.336038 1.318489 0.000000
-1.596522 -0.639335 0.000000
-0.944240 1.323558 0.000000
0.497454 -0.940115 0.000000
-0.545519 -1.346681 0.000000
-1.333086 -1.082620 0.000000
-1.107413 -1.253638 0.000000
-0.587312 -1.350490 0.000000
0.742213 -0.785734 0.000000
0.418810 1.000876 0.000000
-1.445228 -0.943504 0.000000
0.434796 -0.976833 0.000000
-0.599135 -1.351386 0.000000
1.623868 0.103664 0.000000
-0.758131 -1.351078 0.000000
0.355191 1.036335 0.000000
0.707233 0.824257 0.000000
0.707546 -0.808617 0.000000
0.560489 -0.901996 0.000000
-0.553670 1.355319 0.000000
-1.285124 1.133047 0.000000
-0.821602 1.349942 0.000000
0.479410 -0.950814 0.000000
-0.804025 1.352350 0.000000
-1.650886 0.456454 0.000000
0.742912 0.800702 0.000000
-0.915910 1.331176 0.000000
-1.086314 1.268578 0.000000
1.701720 -0.023017 0.000000
1.709782 -0.015482 0.000000
1.251855 0.425870 0.000000
-0.841178 1.346889 0.000000
0.592640 -0.882082 0.000000
-1.240098 1.171138 0.000000
1.151454 0.505581 0.000000
-1.017336 -1.294334 0.000000
1.523580 -0.184484 0.000000
0.104555 1.162259 0.000000
1.302546 0.384502 0.000000
0.500609 -0.938238 0.000000
-0.847244 -1.340407 0.000000
-0.315488 -1.303548 0.000000
-0.344572 1.320505 0.000000
-0.362705 1.324678 0.000000
0.519784 -0.926755 0.000000
1.090593 0.552522 0.000000
-0.390137 -1.321333 0.000000
1.020881 0.604982 0.000000
1.525116 0.193542 0.000000
1.341483 0.352208 0.000000
0.066990 1.179064 0.000000
1.334652 0.357894 0.000000
0.678502 0.842967 0.000000
-1.239021 -1.168017 0.000000
-1.304965 -1.110656 0.000000
-0.789722 1.354115 0.000000
-0.565479 -1.348669 0.000000
-0.725501 1.359352 0.000000
0.610710 -0.870767 0.000000
-1.280492 -1.133287 0.000000
1.692016 -0.032091 0.000000
-1.229022 1.179764 0.000000
-1.566999 -0.716022 0.000000
-0.117291 -1.241146 0.000000
-1.040112 -1.285259 0.000000
1.725229 0.007820 0.000000
-1.254287 1.159682 0.000000
-1.662449 -0.395217 0.000000
-1.680451 -0.285173 0.000000
-0.497996 -1.340715 0.000000
-1.387288 1.025552 0.000000
1.701497 -0.023241 0.000000
-1.000942 1.305045 0.000000
0.284424 1.074174 0.000000
0.664752 -0.836401 0.000000
0.134216 -1.135163 0.000000
-0.079370 -1.226946 0.000000
1.277449 0.405088 0.000000
0.561391 -0.901436 0.000000
0.014050 1.201751 0.000000
-1.122631 -1.245431 0.000000
-0.197712 1.279893 0.000000
1.413797 -0.279123 0.000000
-0.544638 -1.346569 0.000000
0.434827 -0.976833 0.000000
0.524008 -0.924206 0.000000
-0.898305 1.335461 0.000000
-1.185323 1.211133 0.000000
0.457077 0.978918 0.000000
-1.158320 1.228582 0.000000
-0.316393 -1.303800 0.000000
0.333246 1.048266 0.000000
0.950007 0.656937 0.000000
1.094197 0.549778 0.000000
0.323744 -1.038899 0.000000
0.881465 -0.690534 0.000000
-1.011860 1.300955 0.000000
-0.322421 -1.305341 0.000000
-0.330057 1.317088 0.000000
0.897687 -0.679107 0.000000
0.094872 -1.153481 0.000000
1.622349 0.105064 0.000000
-0.060740 1.231747 0.000000
0.184770 -1.110740 0.000000
1.288093 0.396377 0.000000
-1.162225 -1.222101 0.000000
1.615121 -0.102784 0.000000
0.949692 0.657161 0.000000
-0.288484 -1.296294 0.000000
-0.290521 -1.296854 0.000000
1.491508 -0.212492 0.000000
0.987668 -0.614464 0.000000
-1.346637 1.072269 0.000000
0.692430 -0.818475 0.000000
0.215113 1.109548 0.000000
-1.499677 -0.855026 0.000000
-0.494633 1.348569 0.000000
-0.886948 1.338038 0.000000
0.454290 0.980514 0.000000
-1.566659 0.722112 0.000000
1.077418 0.562521 0.000000
1.587041 -0.128103 0.000000
-0.128761 1.256787 0.000000
-1.661917 0.404219 0.000000
-1.521088 -0.815058 0.000000
-0.644113 -1.353515 0.000000
1.196182 -0.456526 0.000000
0.780069 0.775803 0.000000
1.229413 0.443935 0.000000
1.288196 -0.383117 0.000000
-0.425809 1.337534 0.000000
1.068040 0.569635 0.000000
-0.115539 -1.240502 0.000000
1.506106 0.210459 0.000000
0.871407 0.712897 0.000000
0.288384 -1.057805 0.000000
-0.225967 -1.277949 0.000000
1.374473 0.324480 0.000000
-1.323467 1.096440 0.000000
0.802045 0.760875 0.000000
-1.224836 1.182901 0.000000
1.155559 0.502388 0.000000
-0.356495 1.323278 0.000000
-1.461848 0.922790 0.000000
1.621838 0.105541 0.000000
1.705057 -0.019908 0.000000
1.334018 0.358426 0.000000
0.165763 1.133663 0.000000
0.747295 0.797789 0.000000
1.146023 0.509810 0.000000
0.842192 0.733287 0.000000
-1.184178 -1.207928 0.000000
-1.218931 1.187354 0.000000
-1.336669 -1.078839 0.000000
0.349146 1.039640 0.000000
-0.022572 -1.204455 0.000000
1.206363 0.462336 0.000000
0.865389 -0.701794 0.000000
-1.674213 0.334451 0.000000
-1.057202 1.282218 0.000000
1.120247 0.529780 0.000000
-1.468401 -0.907905 0.000000
-0.837543 -1.341919 0.000000
0.230002 -1.088110 0.000000
0.626885 -0.860572 0.000000
-0.966673 1.316696 0.000000
-0.578537 -1.349846 0.000000
0.284376 -1.059934 0.000000
-0.500133 1.349269 0.000000
-0.919452 1.330280 0.000000
-0.906991 1.333417 0.000000
-0.962918 -1.313099 0.000000
1.384236 -0.303994 0.000000
1.640362 -0.079789 0.000000
-0.766004 1.356524 0.000000
-0.168846 -1.259351 0.000000
-0.567958 -1.348893 0.000000
-0.327791 -1.306685 0.000000
-0.381729 1.328824 0.000000
1.601994 -0.114659 0.000000
0.149345 -1.127965 0.000000
-1.218372 1.187775 0.000000
1.609233 0.117192 0.000000
-0.188525 1.276924 0.000000
-0.272268 -1.291757 0.000000
0.250336 -1.077691 0.000000
0.916259 0.681164 0.000000
0.856059 0.723652 0.000000
0.923343 -0.660902 0.000000
1.498123 0.217545 0.000000
0.361055 1.033114 0.000000
-0.798213 1.353107 0.000000
0.764601 0.786222 0.000000
0.840142 0.734687 0.000000
-0.859808 -1.338166 0.000000
-0.777471 -1.349482 0.000000
1.461920 -0.238063 0.000000
-1.264087 1.151476 0.000000
-1.447978 -0.939415 0.000000
1.211448 -0.444511 0.000000
-0.756612 -1.351190 0.000000
1.121725 -0.514251 0.000000
0.564498 -0.899531 0.000000
0.167422 -1.119227 0.000000
-1.306909 -1.108780 0.000000
-0.238705 -1.281842 0.000000
-1.581308 0.685813 0.000000
1.242035 0.433796 0.000000
0.298400 1.066836 0.000000
-1.352929 -1.061362 0.000000
-0.432358 1.338710 0.000000
-0.828261 -1.343348 0.000000
-1.127092 1.247012 0.000000
0.005227 -1.192888 0.000000
-0.566823 -1.348781 0.000000
0.005872 -1.192636 0.000000
0.152637 -1.126369 0.000000
1.498569 -0.206358 0.000000
-0.725569 -1.353011 0.000000
-1.113996 -1.250109 0.000000
1.471174 -0.230109 0.000000
1.229162 0.444131 0.000000
0.715220 -0.803575 0.000000
-0.463302 1.343920 0.000000
-0.349901 -1.312147 0.000000
0.695520 0.831903 0.000000
-0.736700 1.358708 0.000000
0.723384 -0.798198 0.000000
-0.438740 -1.331024 0.000000
0.402717 1.009979 0.000000
-1.133868 1.243203 0.000000
1.493926 0.221242 0.000000
1.037450 -0.577802 0.000000
0.997653 -0.607182 0.000000
1.465225 -0.235234 0.000000
1.100455 0.544988 0.000000
1.075317 0.564118 0.000000
0.588490 0.899991 0.000000
-0.006658 1.210321 0.000000
1.210203 -0.445491 0.000000
1.291584 -0.380372 0.000000
-1.271854 -1.140849 0.000000
-1.317693 1.102238 0.000000
-0.474535 1.345656 0.000000
-1.257500 -1.153089 0.000000
0.885418 -0.687762 0.000000
0.289180 -1.057385 0.000000
1.448193 -0.249854 0.000000
-0.423001 -1.328027 0.000000
0.414750 1.003173 0.000000
-1.609152 0.607894 0.000000
-1.635812 -0.511786 0.000000
0.472861 0.969703 0.000000
-0.785210 -1.348669 0.000000
-0.832653 -1.342676 0.000000
-0.135129 1.259055 0.000000
-1.366642 -1.045901 0.000000
0.153048 1.139713 0.000000
0.585401 -0.886591 0.000000
-1.547573 0.765552 0.000000
-0.859688 -1.338194 0.000000
1.270571 0.410689 0.000000
0.251416 -1.077131 0.000000
1.478859 0.234518 0.000000
-0.340797 -1.309962 0.000000
1.672244 0.058375 0.000000
0.300547 1.065715 0.000000
-0.839957 1.347113 0.000000
-0.542861 -1.346373 0.000000
-0.738894 1.358596 0.000000
0.083542 -1.158634 0.000000
1.364635 0.332771 0.000000
1.104144 -0.527667 0.000000
-0.421238 -1.327691 0.000000
1.193322 0.472699 0.000000
-0.670571 -1.353991 0.000000
-0.891643 1.336974 0.000000
1.311554 -0.364100 0.000000
0.821742 0.747403 0.000000
-0.963799 -1.312847 0.000000
-0.918739 -1.325451 0.000000
-1.001553 -1.300215 0.000000
-0.866535 1.342267 0.000000
0.960970 0.648982 0.000000
0.179184 -1.113513 0.000000
-1.255145 1.158954 0.000000
1.096669 -0.533353 0.000000
-0.075008 1.237209 0.000000
-0.034042 1.221356 0.000000
0.837152 -0.721371 0.000000
1.466031 0.245749 0.000000
0.379465 1.022947 0.000000
0.332971 -1.033886 0.000000
-1.343174 -1.071977 0.000000
-0.395335 -1.322426 0.000000
-1.519044 -0.819036 0.000000
0.097958 -1.152052 0.000000
-0.223748 -1.277249 0.000000
-0.154938 1.265861 0.000000
0.004908 1.205560 0.000000
0.540220 0.929596 0.000000
-0.131888 -1.246440 0.000000
-0.431861 -1.329764 0.000000
-1.520549 0.821008 0.000000
1.689554 -0.034388 0.000000
1.669546 -0.052929 0.000000
-0.665493 1.360809 0.000000
0.840996 0.734099 0.000000
0.592766 -0.882026 0.000000
-1.617343 0.582155 0.000000
0.384835 1.019978 0.000000
-0.798590 -1.347269 0.000000
0.245463 -1.080211 0.000000
0.799618 0.762527 0.000000
0.854917 -0.709076 0.000000
1.541665 0.178698 0.000000
-1.334893 -1.080744 0.000000
1.302509 -0.371494 0.000000
1.432499 0.274906 0.000000
1.187201 0.477545 0.000000
-0.384565 -1.320129 0.000000
-1.166326 -1.219552 0.000000
-1.419600 0.984044 0.000000
0.921642 0.677327 0.000000
-1.322103 -1.093851 0.000000
-1.142632 -1.234004 0.000000
-0.964115 1.317536 0.000000
-0.872598 1.341035 0.000000
1.550282 -0.160929 0.000000
0.973561 -0.624743 0.000000
-0.135437 -1.247700 0.000000
-0.723131 1.359492 0.000000
0.862266 0.719311 0.000000
-1.102674 -1.256074 0.000000
1.320617 0.369573 0.000000
-1.375938 -1.035034 0.000000
0.643523 0.865401 0.000000
-0.398020 -1.322986 0.000000
0.045899 1.188251 0.000000
0.559004 -0.902892 0.000000
-0.761018 1.356944 0.000000
0.775923 0.778604 0.000000
0.989670 -0.613008 0.000000
-0.896673 1.335854 0.000000
0.195036 -1.105699 0.000000
-0.104004 -1.236273 0.000000
-1.659376 0.416935 0.000000
-1.011528 -1.296546 0.000000
-0.946191 1.322970 0.000000
0.089728 -1.155833 0.000000
0.783495 -0.758034 0.000000
-1.234643 -1.171490 0.000000
-1.224356 -1.179332 0.000000
-1.205095 1.197437 0.000000
1.476479 -0.225515 0.000000
-0.942169 1.324146 0.000000
1.146578 -0.495150 0.000000
-0.222942 1.287736 0.000000
-1.535778 0.790563 0.000000
0.002755 -1.193924 0.000000
1.351334 0.343946 0.000000
0.398921 -0.997307 0.000000
0.247476 1.093247 0.000000
1.426155 -0.268648 0.000000
-1.524208 0.813838 0.000000
1.233102 0.440966 0.000000
0.453731 0.980851 0.000000
1.665788 -0.056402 0.000000
0.035389 1.192760 0.000000
-0.526341 -1.344496 0.000000
-1.094876 1.264237 0.000000
-1.679991 0.295072 0.000000
-0.302581 -1.300131 0.000000
-0.510269 -1.342395 0.000000
-1.234937 1.175143 0.000000
-1.624181 0.559440 0.000000
1.661999 -0.059903 0.000000
0.355747 1.036027 0.000000
0.428507 0.995359 0.000000
-0.682038 1.360697 0.000000
0.295739 -1.053940 0.000000
-0.517048 -1.343292 0.000000
-1.400716 1.008803 0.000000
0.628445 0.874980 0.000000
1.097026 0.547593 0.000000
-1.065003 -1.274392 0.000000
1.390332 -0.298897 0.000000
-1.497260 -0.859367 0.000000
1.492849 -0.211343 0.000000
-0.687720 -1.353935 0.000000
1.697208 0.034708 0.000000
-0.416595 -1.326795 0.000000
1.141452 0.513367 0.000000
0.786999 -0.755653 0.000000
-1.351129 -1.063322 0.000000
1.328754 -0.350012 0.000000
0.371119 -1.012908 0.000000
1.474919 -0.226860 0.000000
-1.564218 0.727881 0.000000
-1.320721 -1.095224 0.000000
0.583885 -0.887544 0.000000
-1.581891 -0.678911 0.000000
-0.902139 -1.329428 0.000000
1.299560 -0.373874 0.000000
-0.327208 -1.306545 0.000000
0.289879 -1.057021 0.000000
0.047771 -1.174599 0.000000
-0.390514 -1.321417 0.000000
-1.143232 1.237713 0.000000
1.608156 -0.109086 0.000000
-1.551493 -0.751844 0.000000
1.359468 0.337140 0.000000
-1.683609 -0.260470 0.000000
-0.382614 -1.319709 0.000000
-0.003973 -1.196753 0.000000
-0.336010 1.318489 0.000000
0.749657 -0.780749 0.000000
0.265811 1.083836 0.000000
1.588272 0.136434 0.000000
0.594539 -0.880906 0.000000
1.175097 0.487067 0.000000
0.357633 1.034990 0.000000
1.419095 0.286445 0.000000
0.594001 0.896574 0.000000
0.473441 0.969367 0.000000
0.591638 0.898059 0.000000
0.451416 0.982195 0.000000
0.097906 -1.152080 0.000000
1.296638 -0.376255 0.000000
-1.657864 0.424301 0.000000
-0.041524 1.224297 0.000000
-1.307200 1.112489 0.000000
-1.086458 1.268494 0.000000
-0.220281 -1.276156 0.000000
-1.677200 0.314789 0.000000
1.157373 0.500959 0.000000
-0.809374 1.351650 0.000000
-0.788995 1.354199 0.000000
0.152355 -1.126509 0.000000
0.576969 -0.891829 0.000000
0.922962 0.676374 0.000000
-0.757401 1.357224 0.000000
-1.275235 1.141841 0.000000
1.152363 -0.490668 0.000000
-1.054064 -1.279265 0.000000
-0.422911 -1.328027 0.000000
0.474541 -0.953671 0.000000
0.286526 1.073081 0.000000
-1.029351 -1.289656 0.000000
1.066998 -0.555731 0.000000
0.123404 -1.140261 0.000000
0.438362 0.989701 0.000000
1.611513 -0.106033 0.000000
0.346783 -1.026352 0.000000
-1.695549 -0.125919 0.000000
0.931727 -0.654908 0.000000
1.606198 0.119993 0.000000
-1.071165 -1.271563 0.000000
0.340275 -1.029909 0.000000
-0.553697 1.355319 0.000000
0.301843 1.065043 0.000000
0.847792 -0.714033 0.000000
-1.145163 -1.232492 0.000000
-0.062900 -1.220588 0.000000
1.192811 -0.459159 0.000000
0.598126 0.894025 0.000000
1.001644 -0.604241 0.000000
-0.774210 1.355739 0.000000
1.127036 0.524542 0.000000
1.083052 -0.543660 0.000000
-0.036024 -1.209889 0.000000
0.566744 -0.898131 0.000000
-1.386342 1.026728 0.000000
-1.119260 1.251409 0.000000
-1.487477 -0.876396 0.000000
0.978807 0.635987 0.000000
0.718515 -0.801391 0.000000
1.060445 0.575377 0.000000
0.906990 -0.672525 0.000000
-1.205554 1.197101 0.000000
-0.768967 -1.350182 0.000000
0.861888 -0.704230 0.000000
-0.164183 1.268970 0.000000
-0.796001 1.353387 0.000000
0.778584 -0.761367 0.000000
1.693429 -0.030775 0.000000
-1.089126 1.267150 0.000000
-0.745920 -1.351890 0.000000
-0.656866 1.360725 0.000000
-0.078235 -1.226498 0.000000
-1.268044 1.148087 0.000000
-0.129831 1.257179 0.000000
0.647216 0.863048 0.000000
0.423991 -0.983051 0.000000
0.341674 -1.029153 0.000000
0.567443 -0.897710 0.000000
1.077895 -0.547553 0.000000
1.508763 -0.197451 0.000000
-0.690271 1.360613 0.000000
-0.581270 -1.350042 0.000000
0.177991 1.127753 0.000000
-0.843016 -1.341079 0.000000
1.578941 0.144948 0.000000
0.659803 -0.839594 0.000000
-0.264522 1.299891 0.000000
-1.689411 0.213540 0.000000
-0.139943 1.260708 0.000000
0.225013 1.104590 0.000000
-0.122496 1.254602 0.000000
0.019794 1.199370 0.000000
-1.028299 1.294514 0.000000
-0.516801 1.351426 0.000000
0.504768 0.950882 0.000000
0.404092 -0.994395 0.000000
-1.068267 -1.272879 0.000000
1.573647 0.149793 0.000000
-1.019980 1.297847 0.000000
-1.263758 -1.147795 0.000000
-1.478085 -0.892193 0.000000
-1.336330 1.083220 0.000000
0.735801 0.805436 0.000000
1.415659 -0.277527 0.000000
0.614822 0.883578 0.000000
0.762941 0.787342 0.000000
0.214359 -1.096036 0.000000
0.899803 0.692871 0.000000
0.498404 0.954663 0.000000
0.209952 -1.098249 0.000000
1.652672 0.076804 0.000000
-1.260099 -1.150904 0.000000
-1.286146 1.132122 0.000000
0.301160 1.065379 0.000000
-0.882233 -1.333797 0.000000
-0.822123 -1.344244 0.000000
1.341099 -0.339845 0.000000
1.563816 -0.148885 0.000000
0.964354 0.646518 0.000000
0.519063 -0.927175 0.000000
0.355935 -1.021310 0.000000
-0.787926 1.354311 0.000000
-1.100531 1.261380 0.000000
0.875176 -0.694932 0.000000
1.473407 -0.228176 0.000000
-0.548883 -1.347045 0.000000
1.710197 -0.015090 0.000000
-1.537743 -0.781477 0.000000
-0.862174 -1.337746 0.000000
0.204168 -1.101133 0.000000
-1.645417 -0.473723 0.000000
-0.319894 -1.304697 0.000000
0.772450 0.780929 0.000000
-0.036699 1.222393 0.000000
-0.685306 -1.353963 0.000000
-1.401042 1.008383 0.000000
1.245803 0.430771 0.000000
-1.167160 1.223009 0.000000
1.076863 0.562941 0.000000
0.633506 -0.856370 0.000000
-1.465956 0.916320 0.000000
-1.672262 -0.340237 0.000000
-1.170894 -1.216611 0.000000
-0.644007 1.360585 0.000000
-0.094900 -1.232828 0.000000
-1.018852 1.298295 0.000000
0.383079 1.020958 0.000000
0.325671 1.052327 0.000000
0.210251 1.111957 0.000000
0.539288 -0.914935 0.000000
-0.017922 1.214914 0.000000
0.365924 1.030453 0.000000
0.249647 1.092155 0.000000
1.608921 0.117472 0.000000
-0.660874 -1.353879 0.000000
-0.674336 1.360781 0.000000
-0.614198 1.359576 0.000000
-0.240317 -1.282346 0.000000
-0.512309 -1.342676 0.000000
0.621073 0.879629 0.000000
-1.194856 1.204607 0.000000
-0.516352 -1.343180 0.000000
0.621772 0.879181 0.000000
0.669000 0.849100 0.000000
-0.970956 -1.310634 0.000000
1.180844 0.482558 0.000000
0.564333 0.914891 0.000000
0.178320 1.127613 0.000000
-1.265836 -1.146030 0.000000
-1.625556 0.554707 0.000000
1.002539 -0.603597 0.000000
-1.592901 0.654976 0.000000
-0.399694 -1.323350 0.000000
-0.937351 1.325463 0.000000
1.007062 -0.600264 0.000000
-0.894094 1.336414 0.000000
-0.399488 -1.323294 0.000000
1.359948 0.336720 0.000000
0.166047 -1.119899 0.000000
0.756481 -0.776211 0.000000
-0.314143 -1.303184 0.000000
0.025067 1.197129 0.000000
0.267591 1.082940 0.000000
-0.208636 1.283310 0.000000
-0.692407 1.360585 0.000000
-0.924722 -1.323910 0.000000
1.230928 0.442730 0.000000
0.044784 -1.175915 0.000000
-0.757459 -1.351134 0.000000
-1.311596 -1.104242 0.000000
-0.422953 -1.328027 0.000000
-0.727321 1.359268 0.000000
0.556707 -0.904292 0.000000
-0.567197 1.356552 0.000000
1.578818 0.145088 0.000000
0.035018 -1.180172 0.000000
1.617740 0.109322 0.000000
-0.324177 -1.305789 0.000000
0.868877 0.714689 0.000000
0.631212 -0.857827 0.000000
-1.039090 -1.285679 0.000000
0.252548 1.090670 0.000000
-0.937382 1.325463 0.000000
1.089711 -0.538618 0.000000
-1.045540 -1.282962 0.000000
0.717198 0.817731 0.000000
0.066229 -1.166448 0.000000
0.502028 0.952506 0.000000
0.034593 -1.180368 0.000000
-0.680042 1.360725 0.000000
-1.380379 1.033898 0.000000
-1.257843 1.156686 0.000000
0.290747 -1.056573 0.000000
-1.208856 -1.190787 0.000000
-0.235009 1.291321 0.000000
1.235612 0.438949 0.000000
-1.642320 0.492445 0.000000
0.426086 0.996731 0.000000
0.687002 -0.822004 0.000000
-1.456986 -0.925803 0.000000
1.611133 -0.106397 0.000000
0.607031 0.888452 0.000000
1.696031 -0.028338 0.000000
1.643108 0.085767 0.000000
1.219619 0.451777 0.000000
1.481904 -0.220838 0.000000
1.104350 -0.527499 0.000000
-1.212724 1.191920 0.000000
0.706585 -0.809233 0.000000
-0.620134 1.359829 0.000000
0.830503 -0.725965 0.000000
-1.395370 1.015581 0.000000
-0.545214 1.354535 0.000000
1.343904 0.350164 0.000000
0.768146 0.783841 0.000000
0.489080 -0.945100 0.000000
-0.274436 1.302608 0.000000
-0.299094 1.309246 0.000000
0.134106 1.148647 0.000000
-0.450827 -1.333209 0.000000
-0.453783 -1.333741 0.000000
1.074953 -0.549766 0.000000
-1.018413 -1.293941 0.000000
1.575231 0.148337 0.000000
0.983097 0.632850 0.000000
-1.363018 -1.050075 0.000000
-0.170509 -1.259912 0.000000
-0.408798 -1.325254 0.000000
0.743670 -0.784754 0.000000
0.794015 0.766336 0.000000
-0.713718 -1.353403 0.000000
0.210059 -1.098193 0.000000
-0.737924 1.358652 0.000000
1.326909 0.364336 0.000000
0.155318 1.138648 0.000000
-1.269125 1.147135 0.000000
-0.682655 -1.353991 0.000000
-0.607138 1.359184 0.000000
-1.128299 1.246340 0.000000
0.679359 -0.826962 0.000000
1.396480 -0.293715 0.000000
0.490493 0.959340 0.000000
0.277874 -1.063379 0.000000
0.940642 -0.648522 0.000000
-0.139460 1.260540 0.000000
-1.263875 -1.147683 0.000000
-0.191138 -1.266802 0.000000
1.353203 -0.329846 0.000000
1.344397 -0.337128 0.000000
0.749650 0.796221 0.000000
0.320126 -1.040860 0.000000
1.287946 0.396489 0.000000
0.629512 -0.858919 0.000000
1.138722 -0.501199 0.000000
-0.941555 1.324314 0.000000
1.031593 -0.582171 0.000000
1.333195 -0.346370 0.000000
-0.351458 -1.312511 0.000000
-0.634889 -1.353207 0.000000
-1.132180 1.244183 0.000000
0.927670 -0.657793 0.000000
-0.901415 1.334761 0.000000
-0.803699 -1.346653 0.000000
-1.239981 -1.167261 0.000000
-1.278506 1.138984 0.000000
0.569021 0.912035 0.000000
0.415497 1.002753 0.000000
0.699974 0.829019 0.000000
-0.341970 1.319889 0.000000
1.295232 -0.377403 0.000000
-0.335455 -1.308618 0.000000
0.836243 -0.722015 0.000000
-0.163425 1.268718 0.000000
-0.048752 -1.214987 0.000000
1.639388 0.089212 0.000000
-0.048852 -1.215043 0.000000
0.373368 -1.011676 0.000000
-1.182799 -1.208853 0.000000
-0.330081 1.317088 0.000000
-0.890813 1.337170 0.000000
0.005279 -1.192888 0.000000
0.694940 -0.816851 0.000000
-0.127561 1.256367 0.000000
0.744736 0.799498 0.000000
-0.423059 -1.328055 0.000000
-0.654517 -1.353795 0.000000
1.074792 0.564510 0.000000
0.964707 0.646266 0.000000
-0.801834 -1.346905 0.000000
-1.697006 -0.096958 0.000000
-0.629074 -1.353011 0.000000
-0.340197 1.319497 0.000000
0.523915 -0.924262 0.000000
-1.114435 1.254014 0.000000
-1.686695 -0.233638 0.000000
0.035807 -1.179836 0.000000
0.821172 0.747795 0.000000
0.533990 -0.918156 0.000000
0.660016 0.854870 0.000000
-0.334327 1.318096 0.000000
0.568537 -0.897038 0.000000
1.441061 0.267484 0.000000
-0.375457 -1.318084 0.000000
-0.162266 -1.257111 0.000000
0.475436 -0.953167 0.000000
-0.952868 1.320953 0.000000
-0.604467 1.359044 0.000000
-0.286715 1.305997 0.000000
-1.528234 0.805884 0.000000
-0.712165 1.359941 0.000000
-0.124063 1.255134 0.000000
0.616848 -0.866930 0.000000
1.201716 -0.452185 0.000000
-1.131073 -1.240670 0.000000
-0.339834 1.319413 0.000000
1.322123 -0.355473 0.000000
0.392499 -1.000948 0.000000
-1.128978 1.245975 0.000000
1.022496 0.603777 0.000000
1.168561 -0.478121 0.000000
0.672851 0.846608 0.000000
0.248553 1.092687 0.000000
0.264278 1.084649 0.000000
-0.057328 -1.218375 0.000000
0.959440 0.650103 0.000000
0.017613 -1.187651 0.000000
-0.111644 -1.239073 0.000000
-0.839981 -1.341555 0.000000
0.901665 0.691555 0.000000
-1.200939 -1.196389 0.000000
1.297612 -0.375471 0.000000
-0.971730 1.315072 0.000000
-1.228717 -1.176027 0.000000
1.283533 -0.386898 0.000000
1.725713 -0.000498 0.000000
0.284893 1.073950 0.000000
0.059741 1.182257 0.000000
-0.609888 1.359324 0.000000
0.424389 -0.982827 0.000000
-1.515070 -0.826654 0.000000
1.250137 -0.413758 0.000000
1.119626 0.530256 0.000000
0.422969 0.998496 0.000000
-1.681171 -0.279739 0.000000
0.968160 0.643745 0.000000
-1.153821 -1.227338 0.000000
0.328106 1.051011 0.000000
-1.053300 -1.279601 0.000000
-0.844175 1.346357 0.000000
-1.507279 -0.841246 0.000000
1.291594 -0.380344 0.000000
1.717651 -0.008088 0.000000
-0.935723 -1.320997 0.000000
-1.600720 -0.627348 0.000000
0.799463 0.762639 0.000000
-1.246867 -1.161799 0.000000
-0.653248 -1.353767 0.000000
-0.419122 -1.327271 0.000000
-0.312652 -1.302792 0.000000
1.532314 -0.176809 0.000000
-1.014476 1.299947 0.000000
0.485699 0.962169 0.000000
1.691207 0.040422 0.000000
-0.128662 1.256759 0.000000
-0.029519 -1.207284 0.000000
-1.245482 -1.162919 0.000000
0.758720 -0.774699 0.000000
0.477946 -0.951682 0.000000
-0.731021 1.359044 0.000000
1.448601 0.260958 0.000000
-0.048276 -1.214818 0.000000
-0.417843 -1.327019 0.000000
-0.151386 1.264629 0.000000
0.097210 -1.152416 0.000000
0.364727 -1.016465 0.000000
0.603863 0.890440 0.000000
0.139229 1.146239 0.000000
-0.761615 -1.350798 0.000000
0.335663 1.046950 0.000000
-0.041647 1.224353 0.000000
-0.837015 1.347589 0.000000
0.077391 1.174471 0.000000
1.233284 -0.427202 0.000000
-1.346308 1.072605 0.000000
0.358459 1.034542 0.000000
0.072734 -1.163536 0.000000
-0.000832 -1.195437 0.000000
-0.827496 1.349045 0.000000
0.128154 1.151392 0.000000
1.587565 -0.127655 0.000000
0.948875 -0.642612 0.000000
-0.189763 -1.266353 0.000000
0.241012 -1.082480 0.000000
-0.649901 -1.353683 0.000000
-1.211737 1.192620 0.000000
1.042223 0.589073 0.000000
0.672326 -0.831527 0.000000
0.007442 1.204523 0.000000
-0.336199 -1.308814 0.000000
-0.646332 1.360613 0.000000
-1.613105 -0.589929 0.000000
-1.409138 -0.993694 0.000000
1.168599 -0.478065 0.000000
-0.916548 1.331008 0.000000
0.110906 1.159346 0.000000
0.107089 -1.147879 0.000000
-1.393570 -1.013608 0.000000
0.730300 -0.793632 0.000000
-1.296200 1.122908 0.000000
1.544322 0.176317 0.000000
-0.677824 -1.354047 0.000000
-0.677330 -1.354047 0.000000
1.723577 -0.002515 0.000000
0.334933 1.047342 0.000000
0.462077 -0.961009 0.000000
-1.695292 0.137106 0.000000
1.102296 0.543560 0.000000
-0.533264 -1.345280 0.000000
1.602375 -0.114323 0.000000
0.789845 -0.753749 0.000000
-1.014449 -1.295454 0.000000
-0.348674 1.321485 0.000000
1.321228 0.369069 0.000000
-0.948900 -1.317328 0.000000
0.057770 -1.170202 0.000000
0.623305 0.878229 0.000000
-1.187326 1.209789 0.000000
0.698928 -0.814246 0.000000
-0.665232 -1.353907 0.000000
0.417959 1.001353 0.000000
-1.692233 -0.174569 0.000000
-0.701463 -1.353795 0.000000
-1.054928 -1.278901 0.000000
-1.315738 1.104170 0.000000
1.229076 -0.430535 0.000000
1.371205 0.327225 0.000000
0.686821 -0.822145 0.000000
-0.988738 1.309358 0.000000
-1.545043 0.771014 0.000000
1.420885 -0.273101 0.000000
-1.377059 -1.033718 0.000000
1.452116 0.257905 0.000000
1.033668 -0.580630 0.000000
0.850741 -0.711961 0.000000
-1.381376 -1.028564 0.000000
-0.364248 -1.315564 0.000000
1.138969 -0.501003 0.000000
1.646304 -0.074328 0.000000
-0.030932 -1.207844 0.000000
-1.031453 1.293225 0.000000
-1.265092 1.150636 0.000000
-0.138774 1.260316 0.000000
-0.876020 -1.335057 0.000000
0.392801 1.015525 0.000000
0.380641 -1.007586 0.000000
-1.230775 -1.174459 0.000000
-0.384702 1.329440 0.000000
-0.798940 1.352995 0.000000
-1.106250 1.258383 0.000000
-0.439837 1.340027 0.000000
0.129409 1.150832 0.000000
0.672950 0.846552 0.000000
1.105478 0.541123 0.000000
-0.320689 -1.304893 0.000000
-0.637433 -1.353291 0.000000
-0.754524 -1.351386 0.000000
-0.771418 -1.349986 0.000000
1.113773 -0.520329 0.000000
-0.052390 -1.216443 0.000000
0.031630 1.194357 0.000000
0.286882 -1.058617 0.000000
1.544168 -0.166334 0.000000
0.447798 0.984268 0.000000
1.339377 0.353945 0.000000
0.498020 -0.939779 0.000000
-0.118556 1.253202 0.000000
-1.026622 1.295186 0.000000
-0.319321 1.314399 0.000000
-1.184912 1.211385 0.000000
-0.511027 1.350670 0.000000
1.352898 -0.330098 0.000000
-0.562475 1.356131 0.000000
-0.828960 1.348821 0.000000
-0.663045 1.360781 0.000000
1.198363 0.468694 0.000000
0.532721 0.934133 0.000000
1.471010 0.241408 0.000000
1.031682 -0.582087 0.000000
0.382815 1.021098 0.000000
1.324218 0.366576 0.000000
-0.660130 -1.353851 0.000000
0.414798 -0.988317 0.000000
1.100389 0.545044 0.000000
0.539692 -0.914683 0.000000
-0.768963 1.356300 0.000000
-0.978863 -1.308029 0.000000
1.485700 -0.217533 0.000000
-1.341494 1.077787 0.000000
0.649393 -0.846260 0.000000
0.097358 -1.152332 0.000000
0.317517 1.056697 0.000000
0.269511 -1.067748 0.000000
-1.600565 0.633354 0.000000
0.337059 -1.031673 0.000000
1.220645 0.450965 0.000000
-1.691715 0.187604 0.000000
-1.048609 1.285999 0.000000
-1.378825 -1.031617 0.000000
1.306942 0.380889 0.000000
-1.098086 -1.258427 0.000000
0.852047 0.726425 0.000000
0.437899 -0.975041 0.000000
0.260256 -1.072565 0.000000
-0.961382 -1.313575 0.000000
-1.697980 0.078065 0.000000
0.967882 -0.628860 0.000000
0.186467 1.123664 0.000000
0.461960 0.976061 0.000000
0.961018 -0.633846 0.000000
-0.741298 -1.352170 0.000000
-0.312960 1.312803 0.000000
1.624050 0.103496 0.000000
-0.066611 -1.222017 0.000000
1.468356 0.243733 0.000000
-0.704985 1.360193 0.000000
0.051080 1.186010 0.000000
-1.469783 0.910270 0.000000
-0.046390 1.226202 0.000000
-0.992716 1.307957 0.000000
1.255456 -0.409501 0.000000
-0.184517 1.275636 0.000000
-0.582967 1.357728 0.000000
0.046687 -1.175075 0.000000
-0.733281 1.358904 0.000000
0.643403 -0.850097 0.000000
0.205238 1.114449 0.000000
1.588666 -0.126647 0.000000
0.955648 -0.637711 0.000000
0.091624 1.168113 0.000000
1.535602 0.184159 0.000000
-1.383362 -1.026156 0.000000
-0.159763 -1.256242 0.000000
-0.463638 1.343976 0.000000
-1.087014 -1.263973 0.000000
1.260712 -0.405272 0.000000
0.438537 0.989617 0.000000
-0.021289 -1.203923 0.000000
1.664965 -0.057159 0.000000
-1.496183 0.865961 0.000000
0.072881 -1.163452 0.000000
0.137755 1.146911 0.000000
1.281945 -0.388187 0.000000
-1.007714 -1.298003 0.000000
-0.398974 -1.323182 0.000000
-1.414775 -0.986244 0.000000
-0.843938 1.346413 0.000000
-0.128490 1.256703 0.000000
0.767769 -0.768649 0.000000
0.992835 -0.610711 0.000000
-1.135609 -1.238093 0.000000
-1.372008 -1.039712 0.000000
-0.040241 1.223793 0.000000
-0.882017 -1.333853 0.000000
-0.591176 -1.350798 0.000000
-1.350063 1.068572 0.000000
0.915734 0.681556 0.000000
-0.505722 -1.341807 0.000000
-0.751674 1.357700 0.000000
0.751629 0.794905 0.000000
1.611637 -0.105921 0.000000
-0.025116 -1.205492 0.000000
-0.115728 -1.240558 0.000000
-0.100825 -1.235068 0.000000
-0.296313 1.308518 0.000000
0.784702 0.772666 0.000000
-0.080244 -1.227282 0.000000
-0.953876 -1.315872 0.000000
1.116852 -0.517976 0.000000
-0.538661 -1.345896 0.000000
0.438749 0.989477 0.000000
0.586560 0.901195 0.000000
1.585233 -0.129728 0.000000
-0.918217 1.330588 0.000000
-1.658728 -0.413870 0.000000
0.101469 -1.150456 0.000000
-1.467194 0.914359 0.000000
-0.386732 -1.320605 0.000000
1.643845 0.085067 0.000000
0.234460 -1.085841 0.000000
-1.011596 -1.296518 0.000000
1.510550 0.206510 0.000000
-1.049672 -1.281170 0.000000
0.108903 -1.147011 0.000000
0.114935 -1.144210 0.000000
0.194700 1.119631 0.000000
-1.079007 -1.267866 0.000000
-0.990329 -1.304192 0.000000
-0.749942 -1.351666 0.000000
0.441887 0.987685 0.000000
0.461995 0.976061 0.000000
-0.984260 -1.306265 0.000000
-1.331457 -1.084301 0.000000
-1.619925 0.573696 0.000000
-1.372228 -1.039432 0.000000
0.966586 -0.629813 0.000000
1.566336 -0.146645 0.000000
1.506099 -0.199776 0.000000
0.836658 0.737124 0.000000
-1.154016 -1.227226 0.000000
1.658096 -0.063488 0.000000
-0.899193 1.335265 0.000000
0.463764 0.975025 0.000000
0.095544 1.166348 0.000000
1.101898 -0.529376 0.000000
-1.394870 1.016197 0.000000
0.878934 0.707631 0.000000
-1.318513 1.101426 0.000000
-0.687439 1.360641 0.000000
-1.388344 1.024263 0.000000
1.648094 0.081090 0.000000
-1.441223 0.953767 0.000000
-1.351983 1.066443 0.000000
-0.702993 -1.353767 0.000000
-0.364972 1.325182 0.000000
0.950151 -0.641688 0.000000
1.082264 -0.544248 0.000000
0.119859 -1.141913 0.000000
-1.425789 0.975585 0.000000
1.067865 -0.555087 0.000000
0.835245 0.738076 0.000000
1.371318 -0.314777 0.000000
-0.142584 1.261632 0.000000
1.118248 0.531320 0.000000
-0.390902 1.330728 0.000000
1.411249 0.293167 0.000000
-1.296889 1.122264 0.000000
0.701421 0.828066 0.000000
-1.229797 1.179176 0.000000
1.393298 -0.296404 0.000000
0.684671 0.838961 0.000000
0.118233 1.155985 0.000000
-1.528981 0.804371 0.000000
0.409510 1.006142 0.000000
0.538859 -0.915216 0.000000
0.473430 0.969395 0.000000
0.015161 1.201303 0.000000
0.763737 -0.771338 0.000000
-1.120042 1.250961 0.000000
1.201524 -0.452325 0.000000
1.108667 -0.524222 0.000000
0.500386 0.953487 0.000000
0.444160 0.986368 0.000000
1.334350 0.358146 0.000000
1.581774 0.142371 0.000000
-0.986894 1.310002 0.000000
-0.194080 -1.267754 0.000000
-0.606356 -1.351806 0.000000
0.971593 -0.626172 0.000000
1.668730 -0.053686 0.000000
-1.038198 1.290452 0.000000
-0.822102 -1.344272 0.000000
0.304963 1.063391 0.000000
-1.093728 -1.260668 0.000000
0.609078 0.887163 0.000000
0.595907 0.895398 0.000000
-1.659116 -0.411994 0.000000
-0.646294 -1.353571 0.000000
0.563610 0.915340 0.000000
1.495692 -0.208851 0.000000
1.305464 -0.369085 0.000000
-1.389987 -1.018089 0.000000
-0.604560 -1.351722 0.000000
-0.709100 1.360053 0.000000
-1.661838 -0.398326 0.000000
-0.862256 1.343136 0.000000
-0.257328 1.297819 0.000000
-0.012854 -1.200450 0.000000
-1.672362 0.346018 0.000000
-1.680149 -0.287413 0.000000
0.123586 -1.140177 0.000000
1.145220 -0.496186 0.000000
-0.219695 1.286727 0.000000
1.336867 -0.343346 0.000000
-0.456982 -1.334273 0.000000
0.585542 -0.886507 0.000000
-0.538428 1.353835 0.000000
-0.511397 -1.342536 0.000000
1.170441 -0.476636 0.000000
-1.028055 1.294598 0.000000
0.958182 0.650999 0.000000
0.910988 0.684945 0.000000
0.215888 -1.095252 0.000000
-0.671747 1.360809 0.000000
-0.514006 -1.342900 0.000000
0.900784 0.692199 0.000000
-1.082408 -1.266213 0.000000
0.240340 1.096888 0.000000
0.418426 1.001100 0.000000
1.314294 -0.361859 0.000000
0.157869 -1.123876 0.000000
1.385827 -0.302650 0.000000
-1.683777 -0.259125 0.000000
-1.009117 -1.297470 0.000000
0.056830 1.183517 0.000000
1.658724 -0.062928 0.000000
-0.489379 1.347841 0.000000
1.241932 -0.420312 0.000000
1.360548 -0.323740 0.000000
1.102769 0.543224 0.000000
0.067272 -1.165972 0.000000
0.883035 0.704746 0.000000
1.565136 0.157524 0.000000
-0.470369 -1.336486 0.000000
-0.448776 -1.332817 0.000000
1.002385 0.618678 0.000000
-0.645005 1.360585 0.000000
-1.420899 -0.977982 0.000000
0.178090 1.127725 0.000000
0.300982 -1.051139 0.000000
-1.440702 -0.950114 0.000000
1.420994 -0.273017 0.000000
1.645268 0.083722 0.000000
1.173808 0.488104 0.000000
1.325246 -0.352896 0.000000
1.410368 -0.282008 0.000000
0.191120 1.121367 0.000000
0.494093 -0.942131 0.000000
-0.794904 1.353527 0.000000
-0.620621 1.359829 0.000000
0.019046 1.199678 0.000000
1.474569 -0.227168 0.000000
-1.155306 -1.226414 0.000000
1.002340 0.618706 0.000000
-1.050303 -1.280918 0.000000
1.391954 0.309636 0.000000
1.168383 -0.478233 0.000000
0.541568 0.928783 0.000000
-1.377947 -1.032654 0.000000
-1.667585 -0.367601 0.000000
1.704810 -0.020132 0.000000
1.288834 -0.382585 0.000000
-1.212577 1.192032 0.000000
0.708982 -0.807664 0.000000
1.697924 -0.026574 0.000000
-0.658131 -1.353823 0.000000
0.959375 0.650159 0.000000
0.588456 0.900019 0.000000
-1.593190 0.654164 0.000000
0.265842 -1.069652 0.000000
-1.003672 -1.299459 0.000000
-1.017168 1.298939 0.000000
0.905821 -0.673337 0.000000
-1.212128 1.192340 0.000000
-1.225768 -1.178268 0.000000
0.898987 -0.678183 0.000000
-1.372046 -1.039656 0.000000
0.977134 -0.622167 0.000000
-1.383581 1.030061 0.000000
-1.680509 0.291234 0.000000
1.290541 0.394360 0.000000
0.750278 -0.780356 0.000000
0.670307 0.848260 0.000000
-0.117013 1.252641 0.000000
-1.120704 1.250597 0.000000
-1.648475 0.466929 0.000000
1.570201 0.152930 0.000000
0.204031 1.115038 0.000000
0.772234 0.781097 0.000000
-0.887418 -1.332761 0.000000
1.407182 0.296668 0.000000
1.248697 0.428418 0.000000
1.550642 0.170632 0.000000
0.880570 -0.691151 0.000000
-0.031909 -1.208237 0.000000
-0.627719 1.360081 0.000000
-0.199927 1.280594 0.000000
0.133410 -1.135527 0.000000
-1.234012 1.175871 0.000000
-0.144010 -1.250753 0.000000
0.446074 -0.970308 0.000000
-0.366844 -1.316152 0.000000
-1.125089 -1.244059 0.000000
-0.616681 -1.352366 0.000000
0.129769 -1.137264 0.000000
0.109599 -1.146703 0.000000
1.100239 0.545156 0.000000
0.545395 -0.911210 0.000000
1.143924 -0.497194 0.000000
-0.862733 -1.337634 0.000000
0.096312 -1.152808 0.000000
-0.035962 -1.209861 0.000000
-1.422847 0.979590 0.000000
-0.167725 -1.258987 0.000000
1.611945 0.114699 0.000000
-0.759869 1.357028 0.000000
-0.144151 -1.250809 0.000000
0.616817 0.882318 0.000000
-1.105143 1.258971 0.000000
1.236956 0.437885 0.000000
-1.593107 -0.648886 0.000000
-0.723755 1.359464 0.000000
-0.865212 -1.337186 0.000000
1.458137 -0.241312 0.000000
0.064477 1.180156 0.000000
0.267858 1.082800 0.000000
0.761089 -0.773130 0.000000
-0.636196 1.360361 0.000000
0.933345 0.668952 0.000000
0.981609 0.633942 0.000000
0.691974 -0.818784 0.000000
-0.909107 -1.327859 0.000000
0.208550 1.112797 0.000000
-1.581181 -0.680731 0.000000
1.298538 -0.374715 0.000000
0.789636 -0.753889 0.000000
-0.553546 -1.347549 0.000000
-1.244446 -1.163732 0.000000
0.818323 0.749756 0.000000
-1.494060 0.869714 0.000000
1.204902 0.463512 0.000000
0.546015 -0.910846 0.000000
0.759313 0.789751 0.000000
1.206562 -0.448348 0.000000
0.237933 -1.084077 0.000000
1.088131 -0.539823 0.000000
1.403510 -0.287805 0.000000
-0.072001 -1.224117 0.000000
-1.406641 -0.996971 0.000000
0.307360 1.062102 0.000000
0.585655 -0.886451 0.000000
1.227057 -0.432131 0.000000
1.706785 -0.018283 0.000000
1.679294 0.051709 0.000000
0.175937 1.128761 0.000000
0.180463 1.126577 0.000000
0.695565 0.831875 0.000000
-1.609080 -0.602449 0.000000
-0.020007 -1.203391 0.000000
0.942868 0.662090 0.000000
-0.516712 -1.343236 0.000000
0.936072 -0.651799 0.000000
0.927924 -0.657625 0.000000
0.922705 0.676570 0.000000
-0.118982 1.253342 0.000000
-0.516318 1.351370 0.000000
0.452808 0.981383 0.000000
-1.387367 1.025468 0.000000
-1.128868 1.246032 0.000000
0.391696 -1.001397 0.000000
0.027598 1.196065 0.000000
-1.446792 0.945588 0.000000
1.105787 -0.526407 0.000000
1.617655 0.109406 0.000000
0.807871 0.756898 0.000000
0.880103 0.706791 0.000000
-1.688482 0.223063 0.000000
-0.256591 -1.287191 0.000000
1.216914 0.453934 0.000000
-0.861803 1.343220 0.000000
-0.474621 1.345684 0.000000
1.475759 -0.226132 0.000000
1.039226 -0.576485 0.000000
1.589684 0.135145 0.000000
-0.481517 1.346693 0.000000
-0.963155 -1.313043 0.000000
-1.544854 0.771434 0.000000
-0.007093 1.210489 0.000000
0.899261 -0.677987 0.000000
-0.447254 -1.332565 0.000000
0.130694 1.150216 0.000000
-1.470236 0.909542 0.000000
-0.825288 1.349382 0.000000
0.219828 1.107195 0.000000
1.539590 0.180574 0.000000
-0.202341 -1.270443 0.000000
1.702567 -0.022232 0.000000
0.297474 -1.052988 0.000000
0.882202 -0.690002 0.000000
0.478594 0.966342 0.000000
-1.684199 -0.255568 0.000000
0.325938 1.052187 0.000000
0.656278 0.857279 0.000000
-1.403679 1.005022 0.000000
0.832553 0.739953 0.000000
-0.441408 1.340307 0.000000
-1.485584 -0.879617 0.000000
1.016413 0.608286 0.000000
-0.921218 -1.324806 0.000000
0.685816 -0.822789 0.000000
-0.566096 1.356468 0.000000
1.712837 0.019752 0.000000
-0.718560 -1.353235 0.000000
-1.200990 -1.196361 0.000000
0.956639 0.652119 0.000000
0.358157 -1.020106 0.000000
1.070934 0.567451 0.000000
1.605393 -0.111578 0.000000
-0.090284 1.242895 0.000000
-1.319634 -1.096316 0.000000
-0.881585 1.339243 0.000000
-0.642375 -1.353431 0.000000
-0.457047 1.342912 0.000000
-1.305702 -1.109956 0.000000
1.687798 -0.036012 0.000000
-1.040780 1.289360 0.000000
0.358322 1.034626 0.000000
1.607261 -0.109898 0.000000
-1.693560 0.163714 0.000000
-0.291430 1.307229 0.000000
-0.447511 -1.332593 0.000000
0.835914 0.737628 0.000000
1.003719 0.617697 0.000000
1.589674 0.135145 0.000000
1.428531 -0.266631 0.000000
1.667351 -0.054974 0.000000
-0.546716 1.354675 0.000000
-0.498120 -1.340715 0.000000
-1.472327 -0.901604 0.000000
0.847610 0.729506 0.000000
-0.590617 -1.350742 0.000000
0.605423 -0.874100 0.000000
-1.273997 -1.138972 0.000000
-1.598552 0.639151 0.000000
1.608201 -0.109030 0.000000
-1.440441 -0.950478 0.000000
-0.554613 -1.347633 0.000000
0.729656 -0.794052 0.000000
-1.045022 -1.283186 0.000000
1.641785 -0.078473 0.000000
-1.197722 -1.198658 0.000000
-0.371775 -1.317244 0.000000
-0.702567 -1.353767 0.000000
0.895712 -0.680507 0.000000
-0.823838 1.349606 0.000000
1.208331 0.460796 0.000000
0.447510 -0.969495 0.000000
0.531919 -0.919417 0.000000
0.950919 0.656264 0.000000
1.052335 -0.566710 0.000000
-1.236443 -1.170061 0.000000
1.091817 0.551570 0.000000
-0.236514 -1.281170 0.000000
-0.923169 1.329356 0.000000
0.126700 1.152064 0.000000
-0.662071 1.360781 0.000000
0.701466 -0.812594 0.000000
0.170365 1.131450 0.000000
0.784352 0.772890 0.000000
-0.428346 1.337982 0.000000
-1.572115 -0.703614 0.000000
0.701596 0.827954 0.000000
-0.028106 -1.206696 0.000000
1.305574 -0.368973 0.000000
1.007213 0.615120 0.000000
0.759149 -0.774419 0.000000
0.266891 -1.069120 0.000000
-1.128974 1.245975 0.000000
1.708383 -0.016799 0.000000
0.726655 0.811485 0.000000
1.217219 0.453710 0.000000
-0.882425 1.339075 0.000000
1.508825 -0.197395 0.000000
1.408856 -0.283296 0.000000
-1.642886 0.490176 0.000000
-0.869467 -1.336402 0.000000
-1.001412 -1.300271 0.000000
0.419331 1.000568 0.000000
0.992540 0.625932 0.000000
0.651070 -0.845195 0.000000
0.770845 -0.766576 0.000000
-1.218886 -1.183449 0.000000
-0.129474 1.257039 0.000000
-0.769868 -1.350126 0.000000
-0.499128 -1.340883 0.000000
1.267759 -0.399614 0.000000
-1.042793 1.288492 0.000000
1.508345 0.208470 0.000000
-0.337272 1.318797 0.000000
-1.127990 1.246508 0.000000
0.536500 -0.916644 0.000000
1.354383 0.341397 0.000000
-1.012313 -1.296266 0.000000
-0.429643 -1.329344 0.000000
-0.130099 -1.245795 0.000000
-1.365541 -1.047162 0.000000
1.283934 -0.386562 0.000000
1.223744 0.448472 0.000000
0.105872 -1.148439 0.000000
1.278667 -0.390819 0.000000
-0.648170 1.360613 0.000000
0.579376 0.905649 0.000000
1.363483 -0.321303 0.000000
1.166456 0.493873 0.000000
-0.664625 1.360809 0.000000
-1.433175 0.965278 0.000000
-1.689963 0.207658 0.000000
0.920219 -0.663114 0.000000
-0.708849 1.360053 0.000000
-1.086743 -1.264113 0.000000
0.859690 -0.705743 0.000000
0.234593 1.099773 0.000000
0.604538 -0.874660 0.000000
0.456926 -0.964006 0.000000
-1.101717 -1.256579 0.000000
-1.428508 -0.967479 0.000000
-0.665805 -1.353935 0.000000
-1.175259 1.217827 0.000000
1.170382 -0.476692 0.000000
1.269299 0.411725 0.000000
0.573300 -0.894097 0.000000
-0.062300 -1.220336 0.000000
-1.400425 1.009167 0.000000
-0.304666 1.310702 0.000000
0.255181 1.089326 0.000000
0.396058 1.013704 0.000000
-0.481325 -1.338250 0.000000
0.095780 1.166236 0.000000
0.732913 0.807340 0.000000
-1.404927 1.003397 0.000000
-0.829262 -1.343208 0.000000
-0.152778 1.265105 0.000000
0.591350 -0.882894 0.000000
-0.616088 1.359660 0.000000
1.586056 0.138478 0.000000
0.929450 0.671725 0.000000
-1.696739 -0.102924 0.000000
0.920267 -0.663086 0.000000
1.619541 -0.098751 0.000000
-0.009922 -1.199246 0.000000
-1.226519 -1.177708 0.000000
1.039854 -0.576009 0.000000
-1.601488 0.630693 0.000000
-1.506635 -0.842422 0.000000
0.511115 -0.931964 0.000000
1.688474 0.042998 0.000000
1.226038 -0.432944 0.000000
-0.546603 1.354675 0.000000
-0.529992 -1.344916 0.000000
1.252287 0.425533 0.000000
0.256817 1.088486 0.000000
-0.071209 1.235753 0.000000
1.599577 0.126071 0.000000
-1.249854 1.163268 0.000000
-0.456036 -1.334133 0.000000
-0.676891 -1.354047 0.000000
0.300122 1.065939 0.000000
-0.056759 1.230235 0.000000
-1.248746 -1.160259 0.000000
0.687308 0.837253 0.000000
1.134254 -0.504644 0.000000
1.566357 0.156403 0.000000
-0.832218 1.348345 0.000000
0.526940 0.937606 0.000000
0.426813 0.996311 0.000000
0.260400 -1.072481 0.000000
0.080562 1.173070 0.000000
-1.219226 1.187130 0.000000
1.299244 -0.374155 0.000000
0.197334 1.118342 0.000000
-1.012326 -1.296238 0.000000
-0.662853 -1.353879 0.000000
1.376579 -0.310408 0.000000
1.459790 -0.239912 0.000000
-0.908476 -1.327999 0.000000
-1.040729 1.289388 0.000000
1.681657 0.049468 0.000000
0.884935 0.703402 0.000000
-1.523684 0.814874 0.000000
0.887939 0.701273 0.000000
-1.008891 -1.297554 0.000000
-1.662517 -0.394853 0.000000
-0.099200 -1.234452 0.000000
-0.642807 1.360557 0.000000
0.791121 0.768325 0.000000
-1.267794 -1.144378 0.000000
0.238670 1.097728 0.000000
0.796744 0.764488 0.000000
-1.051174 1.284907 0.000000
-0.298579 -1.299067 0.000000
-0.367104 1.325659 0.000000
0.929522 0.671697 0.000000
1.588371 -0.126927 0.000000
-0.236936 -1.281310 0.000000
0.578385 -0.890960 0.000000
-0.313393 -1.302988 0.000000
-1.301237 -1.114213 0.000000
1.297951 0.388283 0.000000
-0.883619 1.338794 0.000000
-0.706974 -1.353655 0.000000
0.174922 -1.115586 0.000000
-1.576535 -0.692607 0.000000
-0.893714 -1.331360 0.000000
-1.470812 0.908590 0.000000
-0.126560 -1.244535 0.000000
0.693236 0.833416 0.000000
0.000156 1.207520 0.000000
-0.475461 -1.337326 0.000000
-1.184318 1.211806 0.000000
0.900365 -0.677202 0.000000
-0.416938 1.335882 0.000000
-0.211020 -1.273243 0.000000
1.352990 -0.330014 0.000000
0.700941 -0.812930 0.000000
1.404707 0.298769 0.000000
-1.458032 -0.924206 0.000000
-0.333823 1.317984 0.000000
1.154571 0.503172 0.000000
1.054983 -0.564750 0.000000
-1.483180 0.888312 0.000000
1.472656 -0.228820 0.000000
-0.327633 1.316472 0.000000
-0.036476 1.222309 0.000000
0.574888 0.908422 0.000000
0.254543 -1.075534 0.000000
1.035982 0.593722 0.000000
0.256354 -1.074582 0.000000
-0.391413 -1.321585 0.000000
1.408547 -0.283548 0.000000
0.689348 0.835937 0.000000
0.451629 -0.967087 0.000000
0.535409 0.932509 0.000000
0.890373 0.699565 0.000000
1.580028 -0.134405 0.000000
1.107378 -0.525202 0.000000
0.406088 -0.993274 0.000000
-0.160860 -1.256607 0.000000
-1.663601 -0.389223 0.000000
1.012274 0.611367 0.000000
0.541688 0.928699 0.000000
1.383646 -0.304498 0.000000
0.924423 -0.660118 0.000000
0.466740 0.973288 0.000000
-1.468483 -0.907793 0.000000
-1.227524 -1.176923 0.000000
0.119104 1.155593 0.000000
0.530420 0.935533 0.000000
1.179723 0.483426 0.000000
-0.680382 1.360725 0.000000
-0.788426 -1.348333 0.000000
0.220874 1.106691 0.000000
-0.389698 -1.321221 0.000000
1.656714 0.073023 0.000000
-1.488036 -0.875444 0.000000
1.416173 0.288966 0.000000
1.450011 -0.248286 0.000000
1.692479 0.039189 0.000000
1.460287 0.250791 0.000000
1.714994 -0.010581 0.000000
-0.342110 -1.310270 0.000000
1.228497 -0.431011 0.000000
0.082225 1.172314 0.000000
-0.024266 1.217435 0.000000
0.812048 0.754041 0.000000
0.232275 1.100949 0.000000
-0.381084 -1.319345 0.000000
-1.209522 -1.190311 0.000000
-1.036467 -1.286743 0.000000
-0.152137 -1.253582 0.000000
-0.834718 -1.342367 0.000000
-1.076565 -1.269042 0.000000
-0.854448 -1.339119 0.000000
0.956255 0.652399 0.000000
1.122263 0.528239 0.000000
1.715491 0.017203 0.000000
0.610971 0.885987 0.000000
1.086571 0.555575 0.000000
-1.071000 -1.271619 0.000000
1.387356 0.313557 0.000000
-1.574837 -0.696836 0.000000
-0.193209 1.278437 0.000000
-0.961389 1.318405 0.000000
0.974490 0.639151 0.000000
-1.130775 1.244967 0.000000
0.251831 1.091035 0.000000
-0.622301 -1.352674 0.000000
0.779832 0.775971 0.000000
-1.589716 0.663659 0.000000
-1.564547 0.727097 0.000000
-0.654760 1.360697 0.000000
-1.621462 -0.562789 0.000000
-0.418828 -1.327215 0.000000
1.013653 -0.595419 0.000000
-0.827263 -1.343516 0.000000
1.088052 -0.539879 0.000000
-0.946774 1.322774 0.000000
-0.394605 -1.322258 0.000000
0.051783 -1.172862 0.000000
-1.385646 1.027568 0.000000
-0.277700 -1.293297 0.000000
0.793123 0.766953 0.000000
-1.118386 -1.247728 0.000000
1.581616 0.142511 0.000000
0.869024 0.714577 0.000000
-1.515269 -0.826262 0.000000
-1.632592 0.529724 0.000000
-0.987888 1.309638 0.000000
1.433305 -0.262570 0.000000
-0.985416 -1.305873 0.000000
0.772868 0.780648 0.000000
-1.165569 1.224017 0.000000
-1.051362 -1.280441 0.000000
-0.769951 1.356187 0.000000
1.495222 0.220094 0.000000
0.922630 -0.661406 0.000000
-0.826660 -1.343600 0.000000
0.764062 0.786586 0.000000
-0.237625 -1.281506 0.000000
0.508482 -0.933533 0.000000
1.697458 0.034456 0.000000
-1.574772 0.702366 0.000000
-1.681545 -0.276882 0.000000
-0.009182 1.211357 0.000000
-1.656849 0.429147 0.000000
-0.088563 1.242278 0.000000
-1.456009 0.931780 0.000000
0.672491 -0.831415 0.000000
-1.439817 -0.951402 0.000000
0.954115 0.653968 0.000000
0.877412 0.708696 0.000000
-0.525706 -1.344412 0.000000
0.709973 0.822465 0.000000
-1.079230 1.271995 0.000000
-0.441795 1.340391 0.000000
-1.275341 1.141757 0.000000
-1.457751 -0.924626 0.000000
-0.582394 -1.350126 0.000000
0.740176 -0.787078 0.000000
-0.685546 -1.353963 0.000000
0.232090 -1.087045 0.000000
-1.397369 -1.008847 0.000000
0.073310 -1.163255 0.000000
-0.199927 -1.269658 0.000000
0.748015 -0.781869 0.000000
0.592430 -0.882222 0.000000
1.323762 0.366968 0.000000
-0.043900 1.225221 0.000000
0.844599 -0.716246 0.000000
0.741856 0.801403 0.000000
-0.552627 1.355207 0.000000
-0.262225 -1.288844 0.000000
-0.992819 1.307929 0.000000
-0.074854 1.237153 0.000000
1.427023 -0.267892 0.000000
-0.837214 -1.341975 0.000000
0.952946 0.654808 0.000000
0.448018 0.984156 0.000000
1.395339 0.306779 0.000000
-0.626852 -1.352927 0.000000
-0.141147 1.261128 0.000000
1.008866 -0.598948 0.000000
0.874747 0.710572 0.000000
-0.306802 -1.301252 0.000000
-1.481695 -0.886171 0.000000
-0.956818 -1.314976 0.000000
-0.458515 -1.334525 0.000000
1.556972 -0.154991 0.000000
0.733438 0.807004 0.000000
-0.967928 -1.311587 0.000000
-1.492301 -0.868050 0.000000
1.698463 0.033504 0.000000
1.298504 -0.374743 0.000000
-0.100558 -1.234956 0.000000
-0.155675 -1.254814 0.000000
-0.661519 -1.353879 0.000000
-1.688776 -0.213472 0.000000
1.186313 0.478245 0.000000
-0.109857 -1.238429 0.000000
1.176853 0.485695 0.000000
-0.467879 -1.336066 0.000000
0.033578 1.193516 0.000000
-1.135486 1.242250 0.000000
0.168269 -1.118835 0.000000
-1.231032 -1.174263 0.000000
-0.669285 -1.353963 0.000000
-0.128326 -1.245151 0.000000
0.952716 -0.639840 0.000000
1.225257 -0.433588 0.000000
-1.557727 -0.737756 0.000000
-0.843733 -1.340967 0.000000
-0.961509 1.318348 0.000000
-0.399831 -1.323378 0.000000
-0.742724 -1.352086 0.000000
1.214150 0.456146 0.000000
0.516289 0.944020 0.000000
0.712692 0.820672 0.000000
1.136274 0.517400 0.000000
0.746280 -0.783017 0.000000
-1.262435 -1.148915 0.000000
0.834978 0.738272 0.000000
1.152270 -0.490752 0.000000
-0.962517 -1.313239 0.000000
-0.912992 -1.326907 0.000000
0.335492 -1.032514 0.000000
1.618594 0.108537 0.000000
0.648258 0.862404 0.000000
1.202862 -0.451261 0.000000
-1.224818 -1.178996 0.000000
-1.033994 -1.287752 0.000000
0.446046 -0.970336 0.000000
-0.781366 -1.349089 0.000000
0.353216 -1.022823 0.000000
-0.452157 -1.333433 0.000000
1.683368 0.047844 0.000000
-1.564969 -0.720867 0.000000
0.846448 0.730318 0.000000
-0.154318 1.265637 0.000000
1.223021 -0.435352 0.000000
-0.787648 -1.348417 0.000000
0.377459 -1.009379 0.000000
1.479833 0.233678 0.000000
0.908554 0.686681 0.000000
1.206088 -0.448740 0.000000
-0.315642 1.313475 0.000000
0.520637 0.941415 0.000000
-0.484088 1.347057 0.000000
-1.141312 1.238833 0.000000
0.296408 1.067900 0.000000
0.044541 1.188839 0.000000
-1.523557 0.815126 0.000000
1.318107 0.371646 0.000000
-1.696008 -0.117544 0.000000
-0.458210 1.343108 0.000000
-0.923982 -1.324106 0.000000
-0.623457 1.359941 0.000000
1.511592 -0.194987 0.000000
1.060009 0.575685 0.000000
-1.265349 1.150412 0.000000
0.128644 1.151168 0.000000
1.053710 0.580446 0.000000
1.498150 0.217517 0.000000
-1.676761 0.317758 0.000000
-1.334649 -1.080996 0.000000
-1.026571 -1.290776 0.000000
0.388576 -1.003161 0.000000
1.419715 -0.274110 0.000000
-1.434025 0.964074 0.000000
-1.657490 0.426094 0.000000
-0.143129 1.261800 0.000000
-0.200482 1.280762 0.000000
0.860397 -0.705267 0.000000
-0.997338 1.306333 0.000000
0.178018 1.127753 0.000000
1.586509 -0.128579 0.000000
-0.948893 -1.317328 0.000000
0.608125 -0.872419 0.000000
1.699344 0.032663 0.000000
-1.037029 -1.286519 0.000000
0.374188 1.025888 0.000000
1.650162 0.079157 0.000000
1.133548 -0.505177 0.000000
1.169261 -0.477561 0.000000
1.231593 -0.428546 0.000000
0.634100 0.871395 0.000000
-1.594503 -0.645021 0.000000
-1.663827 0.394304 0.000000
0.271997 1.080644 0.000000
0.932389 0.669624 0.000000
-0.856777 -1.338698 0.000000
-1.276308 1.140917 0.000000
1.223813 -0.434708 0.000000
-0.599553 1.358792 0.000000
-1.185707 -1.206892 0.000000
0.845484 -0.715630 0.000000
1.149740 0.506925 0.000000
-0.542995 1.354339 0.000000
0.064930 -1.167009 0.000000
-1.235668 -1.170678 0.000000
-1.394582 -1.012348 0.000000
-1.325384 1.094508 0.000000
-1.283149 1.134811 0.000000
0.797560 0.763928 0.000000
-0.808119 1.351818 0.000000
-0.162009 -1.256999 0.000000
0.623809 -0.862532 0.000000
1.566031 -0.146925 0.000000
0.782682 0.774039 0.000000
-0.799564 1.352939 0.000000
0.744030 0.799974 0.000000
0.757170 -0.775735 0.000000
-0.308746 1.311767 0.000000
0.183998 -1.111132 0.000000
-1.560206 0.737236 0.000000
-0.814216 -1.345280 0.000000
0.308622 1.061430 0.000000
0.241283 -1.082340 0.000000
-0.862177 1.343136 0.000000
0.574462 -0.893369 0.000000
-0.086979 1.241662 0.000000
1.177055 -0.471483 0.000000
-1.631769 -0.526827 0.000000
-1.301409 -1.114045 0.000000
-0.859280 1.343696 0.000000
0.371321 -1.012796 0.000000
-1.215831 -1.185690 0.000000
1.024588 -0.587352 0.000000
1.290452 -0.381297 0.000000
0.658716 -0.840294 0.000000
-0.029855 1.219676 0.000000
1.099186 -0.531420 0.000000
-0.123553 1.254966 0.000000
1.308883 -0.366284 0.000000
-1.638888 0.506001 0.000000
-0.816421 1.350754 0.000000
0.147702 1.142233 0.000000
1.053038 0.580951 0.000000
-0.765997 1.356524 0.000000
0.999391 0.620890 0.000000
0.373283 1.026392 0.000000
0.826340 0.744238 0.000000
-1.034207 -1.287668 0.000000
0.442209 0.987489 0.000000
0.348446 -1.025428 0.000000
-0.019520 -1.203195 0.000000
1.194800 -0.457619 0.000000
-0.454256 1.342463 0.000000
-0.288128 1.306361 0.000000
1.541932 -0.168295 0.000000
-0.877868 1.339999 0.000000
-1.688896 0.218862 0.000000
-0.994725 1.307257 0.000000
-1.325521 -1.090378 0.000000
-0.329824 1.317032 0.000000
0.361789 1.032722 0.000000
-1.694088 0.156095 0.000000
-0.534868 -1.345476 0.000000
0.394580 1.014544 0.000000
-1.013427 -1.295818 0.000000
1.257688 0.421136 0.000000
-0.991759 -1.303688 0.000000
-1.098281 -1.258315 0.000000
-1.610033 0.605178 0.000000
0.807933 -0.741425 0.000000
-0.341383 1.319777 0.000000
1.204617 -0.449889 0.000000
-0.301926 1.309974 0.000000
1.061902 -0.559568 0.000000
0.436280 -0.975993 0.000000
-0.382658 -1.319709 0.000000
-1.270633 1.145846 0.000000
-0.207628 1.283002 0.000000
1.293717 -0.378636 0.000000
-1.179391 -1.211121 0.000000
0.527852 -0.921881 0.000000
-0.490264 -1.339567 0.000000
0.696089 0.831539 0.000000
-0.247453 1.294990 0.000000
-1.471775 0.907049 0.000000
1.130750 0.521685 0.000000
1.106565 -0.525819 0.000000
-0.547888 1.354787 0.000000
1.491958 -0.212100 0.000000
0.311372 -1.045593 0.000000
1.520573 0.197603 0.000000
-1.406607 1.001212 0.000000
0.447164 -0.969691 0.000000
-0.196854 -1.268678 0.000000
-1.289369 1.129210 0.000000
1.509775 0.207210 0.000000
-0.738397 -1.352338 0.000000
0.355123 -1.021758 0.000000
1.245882 -0.417147 0.000000
-0.898031 -1.330380 0.000000
-1.646737 0.474296 0.000000
-1.691986 -0.177650 0.000000
-1.371652 1.044205 0.000000
1.347285 -0.334747 0.000000
-0.090360 1.242923 0.000000
1.257654 -0.407736 0.000000
-1.025806 -1.291085 0.000000
0.734662 -0.790719 0.000000
-1.341051 1.078263 0.000000
-1.695113 -0.133341 0.000000
0.111831 1.158926 0.000000
0.710858 0.821876 0.000000
0.444849 0.985976 0.000000
0.825164 0.745050 0.000000
-0.886259 1.338206 0.000000
1.188330 0.476648 0.000000
0.318570 -1.041700 0.000000
1.039658 0.590977 0.000000
-0.918118 -1.325591 0.000000
-0.305640 -1.300943 0.000000
0.830081 -0.726245 0.000000
-0.885662 1.338318 0.000000
0.663202 0.852825 0.000000
-0.193367 1.278493 0.000000
-1.449590 0.941443 0.000000
0.385264 -1.005010 0.000000
-0.670369 1.360837 0.000000
0.950806 -0.641212 0.000000
0.820689 -0.732715 0.000000
-1.645862 0.477965 0.000000
-1.605760 0.618117 0.000000
0.655233 -0.842534 0.000000
-1.074755 1.274124 0.000000
0.025143 -1.184430 0.000000
-1.012618 -1.296154 0.000000
0.512226 0.946429 0.000000
-1.300713 1.118679 0.000000
-0.066271 1.233876 0.000000
-0.442409 1.340475 0.000000
0.683776 -0.824105 0.000000
-1.424520 -0.972996 0.000000
-1.143455 1.237573 0.000000
-0.802698 1.352518 0.000000
-1.363871 1.053140 0.000000
-1.442814 -0.947033 0.000000
-1.437016 0.959788 0.000000
-0.028079 -1.206696 0.000000
0.161898 1.135483 0.000000
-1.436357 0.960741 0.000000
-0.355487 -1.313491 0.000000
0.743588 -0.784810 0.000000
-0.195088 -1.268090 0.000000
-0.372677 1.326891 0.000000
0.882394 0.705195 0.000000
0.094031 1.167021 0.000000
0.208354 -1.099033 0.000000
-1.356784 1.061122 0.000000
0.837584 0.736480 0.000000
1.072066 0.566582 0.000000
1.697009 0.034876 0.000000
0.615185 -0.867966 0.000000
-1.523293 -0.810773 0.000000
-1.068775 1.276980 0.000000
0.885895 -0.687425 0.000000
1.542035 -0.168211 0.000000
0.488182 0.960713 0.000000
-1.665631 -0.378384 0.000000
-1.305781 1.113833 0.000000
1.401099 -0.289822 0.000000
-0.196926 1.279641 0.000000
0.995630 0.623635 0.000000
0.812370 0.753817 0.000000
-1.634317 -0.517444 0.000000
1.325768 -0.352476 0.000000
0.181221 1.126213 0.000000
0.045034 1.188615 0.000000
-1.127034 1.247040 0.000000
0.604521 0.890020 0.000000
1.550405 -0.160817 0.000000
0.634491 -0.855754 0.000000
-1.527833 0.806668 0.000000
1.176767 -0.471707 0.000000
-1.009748 -1.297246 0.000000
0.402508 -0.995291 0.000000
1.697695 -0.026798 0.000000
-0.136665 1.259587 0.000000
-0.744288 -1.352002 0.000000
-1.431653 0.967407 0.000000
-0.716691 -1.353319 0.000000
1.652953 0.076552 0.000000
0.598548 -0.878413 0.000000
0.922733 0.676542 0.000000
-1.633772 0.525382 0.000000
0.901829 0.691443 0.000000
0.306434 -1.048226 0.000000
-0.921705 1.329720 0.000000
1.339014 0.354253 0.000000
0.881609 -0.690422 0.000000
1.644977 0.084002 0.000000
-1.226468 -1.177736 0.000000
0.316704 -1.042709 0.000000
-0.257109 1.297763 0.000000
1.592215 0.132821 0.000000
-0.474796 -1.337214 0.000000
1.180426 0.482894 0.000000
-1.265339 -1.146451 0.000000
0.957760 0.651307 0.000000
1.262406 -0.403927 0.000000
-0.785707 1.354535 0.000000
-0.368167 1.325883 0.000000
1.415110 0.289862 0.000000
1.261772 0.417831 0.000000
-0.316300 1.313643 0.000000
0.043920 -1.176279 0.000000
-0.848266 1.345656 0.000000
1.536823 -0.172832 0.000000
0.074016 -1.162947 0.000000
0.403184 1.009699 0.000000
0.917960 0.679959 0.000000
0.273992 -1.065395 0.000000
-0.081338 1.239562 0.000000
-0.927681 -1.323182 0.000000
0.985885 0.630805 0.000000
-0.153028 -1.253890 0.000000
-0.789626 1.354115 0.000000
-1.435483 0.962001 0.000000
-0.894928 1.336246 0.000000
0.900348 0.692507 0.000000
-0.285031 -1.295314 0.000000
1.638424 0.090136 0.000000
0.483872 0.963261 0.000000
0.789914 -0.753693 0.000000
-1.270654 -1.141913 0.000000
1.572927 0.150438 0.000000
0.178354 -1.113905 0.000000
-1.181695 -1.209609 0.000000
-0.595072 1.358540 0.000000
-0.114287 -1.240054 0.000000
1.424989 0.281376 0.000000
-1.231316 1.177972 0.000000
0.986183 -0.615557 0.000000
0.449506 -0.968319 0.000000
-0.764272 1.356664 0.000000
-1.312752 1.107111 0.000000
-0.342258 1.319973 0.000000
0.108258 -1.147319 0.000000
1.457819 -0.241592 0.000000
-1.298816 -1.116482 0.000000
-1.612965 0.596103 0.000000
0.889982 0.699845 0.000000
1.726670 0.006448 0.000000
1.400198 0.302634 0.000000
0.507638 -0.934037 0.000000
0.974408 0.639207 0.000000
-1.286527 1.131786 0.000000
0.054097 -1.171826 0.000000
-0.857377 -1.338586 0.000000
-1.235730 1.174527 0.000000
-0.385323 1.329552 0.000000
0.733047 0.807256 0.000000
0.032443 1.194020 0.000000
-0.917785 1.330700 0.000000
-1.393666 -1.013496 0.000000
0.161867 1.135511 0.000000
1.542642 -0.167679 0.000000
-0.630020 1.360137 0.000000
-1.228367 1.180268 0.000000
-1.056259 -1.278313 0.000000
-1.034793 -1.287416 0.000000
1.245210 -0.417707 0.000000
-0.492232 1.348233 0.000000
-1.579288 0.690994 0.000000
-0.395287 -1.322398 0.000000
1.376400 0.322856 0.000000
-1.640856 0.498299 0.000000
0.601480 -0.876564 0.000000
0.620037 0.880273 0.000000
-0.653769 -1.353795 0.000000
0.680895 -0.825982 0.000000
-1.161965 -1.222269 0.000000
0.120455 -1.141633 0.000000
-0.068815 1.234856 0.000000
0.737217 -0.789039 0.000000
-0.471850 -1.336738 0.000000
0.992575 0.625904 0.000000
1.318025 0.371702 0.000000
1.459221 0.251715 0.000000
-0.943208 -1.318925 0.000000
0.838540 -0.720419 0.000000
-0.481016 1.346609 0.000000
-0.544926 -1.346597 0.000000
1.153429 0.504040 0.000000
-0.583259 -1.350210 0.000000
-0.264197 -1.289404 0.000000
0.049386 -1.173899 0.000000
-0.755981 -1.351246 0.000000
1.329354 -0.349535 0.000000
-0.218646 -1.275652 0.000000
-1.455165 -0.928575 0.000000
-1.681586 0.283112 0.000000
-1.242375 -1.165384 0.000000
-1.612707 0.596887 0.000000
1.564821 0.157804 0.000000
-0.470705 1.345124 0.000000
0.897094 0.694804 0.000000
-0.979051 -1.307973 0.000000
-0.586636 1.357980 0.000000
-1.296344 -1.118807 0.000000
-1.326835 1.093051 0.000000
0.020826 1.198950 0.000000
-1.234252 -1.171798 0.000000
-0.131861 1.257907 0.000000
-1.364585 -1.048254 0.000000
0.842089 0.733343 0.000000
0.082407 -1.159166 0.000000
0.672906 -0.831135 0.000000
-1.164039 1.225025 0.000000
1.108664 0.538686 0.000000
-1.255995 -1.154321 0.000000
-1.547066 -0.761563 0.000000
0.424337 0.997739 0.000000
0.425212 -0.982351 0.000000
1.192163 -0.459663 0.000000
0.674137 0.845795 0.000000
0.337007 1.046222 0.000000
1.069264 0.568711 0.000000
-0.698658 1.360417 0.000000
1.630949 0.097082 0.000000
-0.415395 1.335573 0.000000
0.119372 -1.142137 0.000000
0.879788 0.707015 0.000000
-0.960806 -1.313743 0.000000
1.294375 0.391224 0.000000
-0.923337 -1.324274 0.000000
-1.471895 0.906853 0.000000
0.890277 -0.684345 0.000000
-0.757061 1.357252 0.000000
0.670670 -0.832592 0.000000
-0.760380 1.356972 0.000000
0.791272 -0.752768 0.000000
0.918841 0.679343 0.000000
0.672645 0.846748 0.000000
-0.915683 -1.326207 0.000000
0.076382 1.174919 0.000000
-1.313993 -1.101918 0.000000
-0.275516 1.302916 0.000000
1.335112 -0.344774 0.000000
1.688011 0.043447 0.000000
0.582709 -0.888272 0.000000
-0.353625 -1.313043 0.000000
1.617744 -0.100403 0.000000
0.816190 -0.735795 0.000000
-1.388663 -1.019714 0.000000
0.382747 1.021154 0.000000
0.532587 0.934217 0.000000
-1.018389 1.298491 0.000000
-0.647501 1.360613 0.000000
0.913965 -0.667568 0.000000
0.843327 0.732503 0.000000
0.654725 0.858259 0.000000
0.164257 1.134363 0.000000
-1.360628 1.056837 0.000000
1.475293 -0.226552 0.000000
-0.036178 -1.209945 0.000000
0.021247 1.198754 0.000000
1.718255 -0.007528 0.000000
0.318007 1.056445 0.000000
1.629063 -0.090096 0.000000
0.518789 0.942507 0.000000
-0.300794 -1.299655 0.000000
-1.262215 -1.149111 0.000000
-0.038242 -1.210785 0.000000
-0.606041 1.359128 0.000000
-0.427496 -1.328924 0.000000
0.065458 1.179736 0.000000
0.791944 -0.752320 0.000000
-0.181616 -1.263637 0.000000
-1.318022 1.101902 0.000000
0.759426 -0.774223 0.000000
1.310591 0.377864 0.000000
0.324025 1.053224 0.000000
-0.315961 -1.303688 0.000000
0.672306 -0.831527 0.000000
-0.893642 1.336526 0.000000
-1.621088 -0.564050 0.000000
-0.645680 1.360585 0.000000
0.424855 0.997431 0.000000
0.542782 -0.912807 0.000000
-1.454942 0.933405 0.000000
0.883687 0.704270 0.000000
-0.125603 1.255694 0.000000
1.435959 -0.260302 0.000000
1.580381 -0.134097 0.000000
0.004394 -1.193252 0.000000
-0.531508 -1.345084 0.000000
0.132522 1.149375 0.000000
-0.360411 -1.314667 0.000000
0.083415 -1.158718 0.000000
-1.175214 1.217855 0.000000
0.154519 1.139012 0.000000
0.045268 1.188531 0.000000
0.131024 -1.136676 0.000000
-0.466587 1.344452 0.000000
-1.054928 -1.278901 0.000000
-1.341912 -1.073293 0.000000
1.040944 0.590025 0.000000
-1.431711 -0.962969 0.000000
-1.408160 -0.994955 0.000000
-1.266539 1.149375 0.000000
0.664433 -0.836597 0.000000
0.381653 -1.007026 0.000000
0.036661 1.192228 0.000000
0.148131 1.142037 0.000000
1.495376 0.219954 0.000000
1.452442 0.257625 0.000000
-0.398031 1.332213 0.000000
0.763150 -0.771730 0.000000
0.699803 0.829131 0.000000
0.413399 -0.989101 0.000000
0.965434 -0.630653 0.000000
-1.671179 -0.346791 0.000000
-1.209014 1.194609 0.000000
1.457592 0.253115 0.000000
1.410128 0.294147 0.000000
1.198840 0.468330 0.000000
0.489015 -0.945128 0.000000
-1.502143 0.855346 0.000000
1.519115 0.198892 0.000000
0.855675 -0.708544 0.000000
-0.284760 -1.295258 0.000000
-0.537403 -1.345756 0.000000
0.003375 -1.193672 0.000000
0.534268 -0.917988 0.000000
-1.111075 -1.251677 0.000000
1.328020 0.363411 0.000000
1.699344 0.032663 0.000000
-0.455737 1.342716 0.000000
-0.159780 1.267486 0.000000
1.213104 0.456987 0.000000
0.166449 -1.119703 0.000000
-1.038236 1.290452 0.000000
-0.537920 1.353779 0.000000
-0.552956 1.355263 0.000000
-1.255745 -1.154517 0.000000
-0.307155 -1.301336 0.000000
-0.438801 -1.331024 0.000000
0.127265 -1.138440 0.000000
1.348282 -0.333907 0.000000
-0.038026 1.222925 0.000000
-1.303360 -1.112225 0.000000
-0.542049 1.354227 0.000000
1.331556 0.360471 0.000000
1.226066 0.446624 0.000000
0.361892 -1.018033 0.000000
0.568637 -0.896982 0.000000
0.194721 -1.105839 0.000000
-0.877735 1.340027 0.000000
-0.250275 -1.285343 0.000000
-1.411936 -0.989997 0.000000
1.436164 -0.260133 0.000000
0.118741 -1.142445 0.000000
1.526039 0.192730 0.000000
1.674408 0.056330 0.000000
0.859958 0.720907 0.000000
-0.922281 -1.324526 0.000000
-0.431940 1.338626 0.000000
-0.903706 -1.329092 0.000000
-0.743410 -1.352030 0.000000
-1.324897 -1.091023 0.000000
0.098465 -1.151828 0.000000
0.509874 -0.932693 0.000000
1.240831 -0.421180 0.000000
0.228613 -1.088838 0.000000
0.697162 0.830839 0.000000
-1.284960 1.133187 0.000000
-0.088004 -1.230251 0.000000
0.222914 1.105655 0.000000
1.650988 0.078373 0.000000
-0.874847 1.340587 0.000000
-1.624891 0.557004 0.000000
0.290867 1.070813 0.000000
-1.406689 1.001100 0.000000
1.505708 -0.200140 0.000000
-0.851681 1.345040 0.000000
1.361391 0.335515 0.000000
1.416592 -0.276742 0.000000
0.948426 0.658085 0.000000
-1.662421 -0.395357 0.000000
-1.482635 -0.884603 0.000000
1.366823 0.330922 0.000000
-1.427682 0.972952 0.000000
-0.889263 -1.332369 0.000000
1.597585 0.127919 0.000000
-1.425834 0.975529 0.000000
-1.094863 1.264265 0.000000
0.779476 0.776195 0.000000
-1.169725 1.221356 0.000000
-0.428755 1.338066 0.000000
-0.065222 1.233484 0.000000
0.239682 -1.083180 0.000000
1.602944 0.122990 0.000000
1.237262 0.437633 0.000000
-0.747124 1.358064 0.000000
-0.471394 1.345208 0.000000
-0.004336 1.209369 0.000000
1.560034 0.162145 0.000000
0.332430 1.048686 0.000000
0.896871 0.694972 0.000000
-1.209182 -1.190563 0.000000
0.781852 -0.759154 0.000000
-0.538784 1.353863 0.000000
1.417562 -0.275930 0.000000
0.528356 0.936766 0.000000
0.365091 -1.016269 0.000000
-1.104872 -1.254954 0.000000
0.830568 -0.725909 0.000000
0.945114 0.660466 0.000000
0.081721 -1.159474 0.000000
0.091062 -1.155217 0.000000
0.630393 0.873748 0.000000
1.495126 -0.209355 0.000000
1.453968 -0.244897 0.000000
-0.293333 -1.297638 0.000000
0.983124 -0.617797 0.000000
-0.840983 1.346945 0.000000
1.038211 0.592070 0.000000
-1.602544 -0.622026 0.000000
-1.501299 -0.852141 0.000000
1.124482 0.526503 0.000000
-1.695970 0.125034 0.000000
-1.399166 -1.006578 0.000000
-0.510461 -1.342423 0.000000
0.955123 -0.638103 0.000000
0.228099 1.103050 0.000000
-1.104399 1.259363 0.000000
1.003414 -0.602953 0.000000
0.678077 0.843247 0.000000
-1.052717 -1.279853 0.000000
-1.131563 -1.240390 0.000000
0.624553 0.877445 0.000000
0.660661 -0.839033 0.000000
0.716972 -0.802427 0.000000
-1.409621 0.997291 0.000000
-0.281184 -1.294249 0.000000
0.584221 -0.887319 0.000000
-0.260641 -1.288368 0.000000
0.983577 -0.617461 0.000000
-1.629211 -0.536042 0.000000
-1.473528 0.904220 0.000000
1.593871 -0.121969 0.000000
-1.373325 -1.038143 0.000000
1.040258 -0.575729 0.000000
-1.078331 -1.268202 0.000000
0.895997 0.695588 0.000000
-0.599594 -1.351414 0.000000
1.538033 -0.171740 0.000000
0.564491 -0.899531 0.000000
-1.684864 -0.249939 0.000000
0.118665 1.155789 0.000000
1.118179 -0.516968 0.000000
-1.273932 1.142990 0.000000
-1.025230 -1.291309 0.000000
-1.550210 0.759782 0.000000
-1.036912 1.291013 0.000000
0.245775 -1.080043 0.000000
0.941740 -0.647738 0.000000
0.254451 1.089690 0.000000
-1.558755 0.740597 0.000000
-1.584010 -0.673393 0.000000
-0.380478 -1.319205 0.000000
1.058144 -0.562369 0.000000
1.180333 -0.468934 0.000000
0.204497 1.114813 0.000000
0.365163 1.030873 0.000000
-0.743997 -1.352002 0.000000
-1.308270 -1.107463 0.000000
0.949733 -0.641996 0.000000
0.410549 -0.990725 0.000000
-0.401312 1.332857 0.000000
1.383848 -0.304330 0.000000
1.519246 -0.188293 0.000000
1.336349 -0.343766 0.000000
0.159333 -1.123176 0.000000
0.012994 1.202199 0.000000
0.785627 -0.756606 0.000000
0.701843 -0.812342 0.000000
1.543938 -0.166530 0.000000
-0.853591 -1.339259 0.000000
-0.023059 -1.204652 0.000000
1.030479 -0.582983 0.000000
0.115651 1.157190 0.000000
-0.047130 1.226482 0.000000
-0.514823 1.351174 0.000000
1.370664 -0.315337 0.000000
0.420678 -0.984956 0.000000
1.604467 0.121589 0.000000
-0.044761 -1.213418 0.000000
0.472117 -0.955099 0.000000
-0.655086 -1.353795 0.000000
-0.511678 -1.342592 0.000000
-0.330383 1.317172 0.000000
0.562331 0.916124 0.000000
-1.667897 0.372206 0.000000
-1.495357 -0.862728 0.000000
0.635447 0.870555 0.000000
0.165245 1.133915 0.000000
1.694931 -0.029375 0.000000
-0.918279 -1.325563 0.000000
-0.105663 -1.236889 0.000000
-0.308890 -1.301812 0.000000
-0.894753 1.336274 0.000000
0.349612 1.039388 0.000000
-0.190014 -1.266437 0.000000
-1.270242 1.146183 0.000000
0.611002 -0.870599 0.000000
0.352078 -1.023439 0.000000
0.781687 -0.759266 0.000000
1.630256 0.097726 0.000000
-1.130243 1.245247 0.000000
1.449424 -0.248790 0.000000
-0.808095 1.351818 0.000000
1.103023 0.543028 0.000000
-1.555813 0.747263 0.000000
-0.717048 -1.353291 0.000000
-1.655848 0.433908 0.000000
-1.057939 1.281882 0.000000
0.453542 -0.965966 0.000000
-1.677673 -0.305087 0.000000
-1.479659 -0.889588 0.000000
-1.058776 -1.277221 0.000000
-1.642163 0.493089 0.000000
-0.984209 -1.306265 0.000000
-1.273846 1.143046 0.000000
-0.632304 -1.353095 0.000000
0.392235 1.015833 0.000000
0.738499 -0.788199 0.000000
-0.087082 1.241718 0.000000
1.597067 -0.119085 0.000000
1.057859 -0.562593 0.000000
-0.718937 -1.353235 0.000000
-0.125024 -1.243975 0.000000
-1.303487 -1.112085 0.000000
-1.565648 0.724492 0.000000
1.009781 0.613216 0.000000
-1.682405 -0.270188 0.000000
-0.381266 1.328712 0.000000
1.383841 -0.304330 0.000000
1.574706 -0.139166 0.000000
-0.250295 1.295802 0.000000
-1.297393 1.121787 0.000000
1.499306 -0.205714 0.000000
0.059995 1.182145 0.000000
0.422383 0.998832 0.000000
0.025157 1.197101 0.000000
-0.706559 1.360137 0.000000
0.414811 1.003145 0.000000
-1.149325 1.234100 0.000000
-1.160446 -1.223221 0.000000
0.506527 -0.934709 0.000000
-0.806686 1.352014 0.000000
-0.056159 1.230011 0.000000
1.139970 -0.500247 0.000000
1.663137 0.066973 0.000000
0.634000 -0.856062 0.000000
1.562719 0.159708 0.000000
1.127492 0.524178 0.000000
-1.327294 1.092575 0.000000
-0.614699 1.359604 0.000000
-0.902036 -1.329456 0.000000
0.799285 0.762751 0.000000
-1.663697 -0.388719 0.000000
-0.523392 1.352182 0.000000
-1.475386 -0.896618 0.000000
-1.000880 -1.300467 0.000000
1.317949 0.371786 0.000000
-1.012728 1.300619 0.000000
-1.152765 1.231971 0.000000
-0.707954 -1.353627 0.000000
0.755545 -0.776827 0.000000
-0.045745 1.225950 0.000000
-1.214514 1.190631 0.000000
0.700938 0.828374 0.000000
0.853501 -0.710056 0.000000
-0.435479 -1.330436 0.000000
-0.483368 1.346945 0.000000
-1.091341 -1.261872 0.000000
1.472429 -0.229016 0.000000
-1.071662 1.275608 0.000000
0.370865 -1.013048 0.000000
0.898555 0.693767 0.000000
0.774881 0.779304 0.000000
0.251587 1.091147 0.000000
-1.233021 1.176655 0.000000
0.951831 -0.640484 0.000000
1.002155 -0.603877 0.000000
-0.806813 1.351986 0.000000
0.547843 0.924974 0.000000
0.499134 -0.939106 0.000000
1.437896 0.270228 0.000000
-1.109213 1.256787 0.000000
-1.496841 -0.860096 0.000000
-0.059766 1.231383 0.000000
0.970176 -0.627208 0.000000
0.092194 -1.154713 0.000000
0.849407 0.728273 0.000000
-0.966278 -1.312091 0.000000
-1.506350 0.847728 0.000000
-0.216887 -1.275092 0.000000
1.040793 0.590137 0.000000
-0.299587 1.309358 0.000000
1.666542 -0.055702 0.000000
-1.542663 0.776111 0.000000
0.160396 -1.122644 0.000000
-1.389743 -1.018397 0.000000
-0.101185 -1.235208 0.000000
0.153689 1.139405 0.000000
0.714386 -0.804107 0.000000
-1.659260 -0.411293 0.000000
0.892708 0.697912 0.000000
0.374263 -1.011171 0.000000
1.489122 -0.214564 0.000000
0.911588 -0.669248 0.000000
-1.332475 1.087253 0.000000
-0.167156 1.269950 0.000000
1.353872 -0.329286 0.000000
0.377878 -1.009155 0.000000
-0.676020 -1.354047 0.000000
0.416999 -0.987056 0.000000
-1.419250 0.984520 0.000000
-0.666823 -1.353935 0.000000
0.264792 1.084369 0.000000
0.477038 -0.952214 0.000000
1.206737 -0.448208 0.000000
-0.721365 1.359604 0.000000
-0.994955 -1.302568 0.000000
0.022670 -1.185494 0.000000
0.642888 0.865821 0.000000
-1.223755 1.183713 0.000000
-1.130130 1.245331 0.000000
-1.445818 -0.942607 0.000000
1.368071 -0.317494 0.000000
-1.380783 1.033422 0.000000
-1.455104 -0.928659 0.000000
0.848827 -0.713305 0.000000
1.707896 0.024485 0.000000
0.604981 0.889740 0.000000
-1.525079 -0.807216 0.000000
1.503819 0.212504 0.000000
0.202892 1.115598 0.000000
0.923700 0.675870 0.000000
1.214877 -0.441794 0.000000
1.461686 0.249558 0.000000
1.027736 -0.585028 0.000000
1.270927 0.410381 0.000000
0.018182 1.200042 0.000000
-1.299893 -1.115474 0.000000
0.605961 -0.873764 0.000000
1.155123 -0.488540 0.000000
-1.399149 -1.006578 0.000000
0.931237 -0.655272 0.000000
-0.992034 1.308182 0.000000
-1.162777 1.225810 0.000000
-1.539262 0.783309 0.000000
0.223295 -1.091527 0.000000
-1.598652 -0.633286 0.000000
-1.321125 1.098821 0.000000
-0.764032 -1.350602 0.000000
-1.698340 -0.059147 0.000000
-0.324489 1.315688 0.000000
0.454848 -0.965210 0.000000
0.085641 1.170774 0.000000
1.122020 0.528407 0.000000
-0.976322 1.313559 0.000000
0.189378 -1.108472 0.000000
0.477079 -0.952186 0.000000
0.151097 -1.127125 0.000000
0.274545 1.079327 0.000000
-0.322761 1.315268 0.000000
-1.623999 0.560056 0.000000
0.398229 -0.997699 0.000000
-0.016386 -1.201907 0.000000
-1.679741 0.296920 0.000000
0.435207 0.991522 0.000000
0.460637 0.976845 0.000000
0.776849 0.777988 0.000000
-1.050899 1.285019 0.000000
1.430699 0.276446 0.000000
0.919544 0.678839 0.000000
1.727397 0.001098 0.000000
0.858768 0.721747 0.000000
-0.431679 -1.329736 0.000000
-0.643081 -1.353459 0.000000
-0.913739 -1.326711 0.000000
1.258422 -0.407120 0.000000
-0.897407 -1.330520 0.000000
-1.263138 -1.148327 0.000000
0.047335 1.187635 0.000000
-0.402403 1.333081 0.000000
0.768561 0.783561 0.000000
0.797094 -0.748819 0.000000
1.318015 0.371730 0.000000
1.671586 -0.051053 0.000000
1.331000 0.360947 0.000000
-0.547384 -1.346877 0.000000
-1.093961 -1.260556 0.000000
0.721454 0.814930 0.000000
-1.063635 1.279305 0.000000
-0.832626 -1.342676 0.000000
-1.555361 -0.743134 0.000000
-0.931656 -1.322146 0.000000
1.540989 0.179314 0.000000
1.161491 -0.483610 0.000000
0.203485 1.115318 0.000000
-0.676730 -1.354047 0.000000
-0.230983 -1.279517 0.000000
-0.319661 1.314483 0.000000
-0.263044 -1.289068 0.000000
-1.173599 1.218892 0.000000
1.185456 -0.464929 0.000000
-1.442763 -0.947117 0.000000
-0.215052 -1.274504 0.000000
0.387805 1.018325 0.000000
1.446204 -0.251563 0.000000
0.429344 0.994883 0.000000
-0.477872 1.346161 0.000000
1.377604 -0.309540 0.000000
0.309418 1.061010 0.000000
-1.140410 1.239366 0.000000
-1.240033 1.171166 0.000000
1.098407 0.546557 0.000000
-1.439512 0.956231 0.000000
-1.630713 -0.530636 0.000000
1.666083 -0.056150 0.000000
-1.563326 0.729982 0.000000
-1.452813 -0.932160 0.000000
1.531251 -0.177734 0.000000
-0.934958 1.326135 0.000000
-0.525031 1.352350 0.000000
1.031370 -0.582311 0.000000
1.148118 -0.493945 0.000000
0.268952 1.082240 0.000000
-0.890367 1.337254 0.000000
1.668510 -0.053882 0.000000
-0.876459 -1.334973 0.000000
1.088841 0.553839 0.000000
-1.557116 0.744322 0.000000
0.150195 1.141085 0.000000
0.443526 0.986732 0.000000
-0.835002 1.347897 0.000000
-1.342306 -1.072873 0.000000
0.570927 0.910858 0.000000
1.297773 0.388423 0.000000
-1.473030 -0.900455 0.000000
1.677419 -0.045647 0.000000
-0.047573 -1.214538 0.000000
0.717085 0.817787 0.000000
0.727811 -0.795257 0.000000
1.211071 0.458611 0.000000
1.538290 -0.171516 0.000000
0.582318 0.903828 0.000000
0.254800 1.089522 0.000000
-0.842779 1.346609 0.000000
-0.730994 1.359044 0.000000
1.303630 0.383605 0.000000
-0.999211 1.305689 0.000000
-1.201532 -1.195997 0.000000
0.195458 1.119239 0.000000
0.628401 -0.859619 0.000000
0.852256 0.726285 0.000000
1.665836 -0.056374 0.000000
0.678903 0.842715 0.000000
-1.357847 -1.055872 0.000000
-0.641078 1.360501 0.000000
-1.672910 0.342629 0.000000
1.614353 0.112459 0.000000
-0.683876 1.360669 0.000000
-0.969231 1.315884 0.000000
-0.888022 -1.332621 0.000000
1.493319 -0.210923 0.000000
0.128277 -1.137964 0.000000
-1.101100 1.261100 0.000000
0.078124 -1.161099 0.000000
0.223363 -1.091471 0.000000
0.247250 1.093359 0.000000
-0.746599 -1.351862 0.000000
0.775649 -0.763327 0.000000
0.430616 -0.979242 0.000000
-0.699138 -1.353823 0.000000
0.840783 0.734267 0.000000
0.799789 -0.746999 0.000000
-0.019674 -1.203251 0.000000
1.538222 -0.171572 0.000000
1.687294 -0.036489 0.000000
-0.476531 1.345965 0.000000
0.054835 1.184386 0.000000
-1.459836 -0.921405 0.000000
-0.708057 -1.353599 0.000000
-0.901086 1.334845 0.000000
1.150196 0.506561 0.000000
-0.265249 1.300087 0.000000
-1.317899 -1.098025 0.000000
-1.365322 -1.047414 0.000000
-0.510392 -1.342423 0.000000
-0.039621 -1.211345 0.000000
-0.899375 -1.330072 0.000000
-1.062993 1.279585 0.000000
-0.225336 1.288436 0.000000
1.343924 0.350164 0.000000
0.852136 0.726369 0.000000
-0.460360 -1.334833 0.000000
-0.132825 1.258243 0.000000
-0.512422 1.350866 0.000000
-1.019215 1.298155 0.000000
-1.269896 1.146491 0.000000
-0.995634 1.306921 0.000000
-1.509813 0.841342 0.000000
1.680152 -0.043127 0.000000
-0.871974 -1.335898 0.000000
-1.373387 1.042160 0.000000
-0.325847 1.316024 0.000000
1.200160 0.467294 0.000000
1.488776 0.225808 0.000000
1.240406 0.435112 0.000000
-1.000061 -1.300747 0.000000
-1.363024 1.054120 0.000000
-0.870246 -1.336234 0.000000
-0.336003 1.318489 0.000000
0.170653 1.131310 0.000000
-1.589424 0.664443 0.000000
-1.140767 1.239170 0.000000
0.691758 0.834368 0.000000
-1.420522 -0.978486 0.000000
1.333414 0.358930 0.000000
0.069233 -1.165104 0.000000
-0.736110 -1.352478 0.000000
-1.306984 -1.108724 0.000000
0.429978 0.994519 0.000000
-0.289461 -1.296546 0.000000
-0.229653 1.289724 0.000000
-0.514089 -1.342900 0.000000
0.735300 0.805772 0.000000
1.296758 -0.376171 0.000000
0.478625 0.966342 0.000000
-1.614947 -0.584131 0.000000
0.228438 -1.088922 0.000000
-0.891005 -1.331976 0.000000
1.228723 -0.430815 0.000000
1.430338 0.276754 0.000000
0.821546 0.747543 0.000000
0.295036 -1.054304 0.000000
-1.371148 -1.040692 0.000000
-0.482052 1.346749 0.000000
0.346828 -1.026324 0.000000
-0.363418 -1.315368 0.000000
0.875279 0.710208 0.000000
1.058494 -0.562117 0.000000
-0.086975 -1.229859 0.000000
-1.686530 -0.235122 0.000000
0.923446 -0.660818 0.000000
-0.578245 -1.349818 0.000000
0.458349 -0.963165 0.000000
1.352874 -0.330126 0.000000
-1.100788 1.261240 0.000000
-0.890038 -1.332201 0.000000
-1.514017 0.833472 0.000000
-1.003644 -1.299487 0.000000
-0.556547 -1.347829 0.000000
-0.604464 1.359044 0.000000
1.647778 0.081398 0.000000
-1.449507 0.941583 0.000000
-0.723824 1.359464 0.000000
-1.239961 -1.167289 0.000000
0.459275 -0.962633 0.000000
-0.146530 1.262976 0.000000
0.663088 0.852909 0.000000
1.372111 -0.314133 0.000000
0.721649 -0.799346 0.000000
-0.846575 -1.340519 0.000000
-0.132008 1.257935 0.000000
-0.835836 1.347785 0.000000
-0.616026 1.359660 0.000000
-0.550830 -1.347269 0.000000
-0.045409 1.225810 0.000000
1.371041 0.327365 0.000000
-1.393831 1.017485 0.000000
0.209126 1.112517 0.000000
-0.517737 1.351538 0.000000
-0.747220 1.358064 0.000000
0.289732 -1.057105 0.000000
-0.023549 1.217155 0.000000
-0.535050 1.353471 0.000000
-0.050426 -1.215659 0.000000
-0.486780 1.347449 0.000000
-0.099028 -1.234396 0.000000
-0.267879 -1.290468 0.000000
0.147997 1.142093 0.000000
-0.534028 -1.345364 0.000000
0.400653 1.011127 0.000000
0.210594 -1.097913 0.000000
1.513958 0.203485 0.000000
0.861062 -0.704790 0.000000
1.006459 -0.600712 0.000000
1.025582 -0.586624 0.000000
0.498023 -0.939779 0.000000
0.551906 0.922510 0.000000
0.243776 -1.081080 0.000000
0.796895 0.764404 0.000000
-0.092740 1.243819 0.000000
0.304919 1.063391 0.000000
0.119838 -1.141941 0.000000
-0.465764 -1.335730 0.000000
-1.303164 -1.112421 0.000000
0.284938 -1.059625 0.000000
1.610704 0.115820 0.000000
0.750336 0.795773 0.000000
-0.270825 1.301628 0.000000
0.811328 0.754545 0.000000
-1.347412 1.071429 0.000000
-0.371158 -1.317104 0.000000
1.126484 0.524962 0.000000
0.011787 1.202703 0.000000
0.795599 0.765272 0.000000
0.278275 1.077395 0.000000
-0.000684 1.207884 0.000000
-1.593481 0.653380 0.000000
0.815100 0.751940 0.000000
-0.889342 1.337506 0.000000
-1.372561 -1.039039 0.000000
-1.294914 1.124084 0.000000
-1.669951 0.360415 0.000000
-0.292712 1.307565 0.000000
0.157746 1.137472 0.000000
1.415306 0.289694 0.000000
-0.694859 1.360557 0.000000
1.011852 0.611675 0.000000
0.193884 1.120023 0.000000
0.765115 -0.770414 0.000000
1.648886 0.080361 0.000000
1.185576 -0.464845 0.000000
-0.691564 -1.353907 0.000000
0.901061 0.692003 0.000000
0.086635 1.170354 0.000000
0.031150 1.194553 0.000000
0.142497 1.144698 0.000000
0.523504 -0.924514 0.000000
-0.722977 1.359520 0.000000
0.300197 -1.051559 0.000000
0.196538 1.118735 0.000000
0.267933 1.082744 0.000000
-1.651705 0.452785 0.000000
1.593165 0.131952 0.000000
1.358659 -0.325308 0.000000
0.439559 0.989029 0.000000
1.427904 -0.267164 0.000000
1.659492 -0.062228 0.000000
0.113505 -1.144882 0.000000
-1.117480 1.252389 0.000000
1.553385 0.168139 0.000000
0.727314 -0.795593 0.000000
-1.375671 1.039500 0.000000
-0.047912 -1.214678 0.000000
1.227263 0.445671 0.000000
-1.036834 1.291041 0.000000
-0.783667 1.354759 0.000000
-1.107440 -1.253638 0.000000
-0.741466 1.358428 0.000000
-0.830397 -1.343040 0.000000
-0.487829 -1.339203 0.000000
1.697719 -0.026770 0.000000
-1.509158 0.842546 0.000000
0.303825 1.063979 0.000000
0.935893 -0.651911 0.000000
0.446475 -0.970083 0.000000
0.532783 -0.918885 0.000000
0.033331 1.193628 0.000000
-1.462774 0.921333 0.000000
-0.886616 1.338122 0.000000
0.113875 1.158002 0.000000
0.142209 -1.131382 0.000000
1.467427 0.244545 0.000000
-0.716352 -1.353319 0.000000
0.991652 -0.611579 0.000000
1.308650 -0.366480 0.000000
-1.319826 -1.096120 0.000000
-0.602440 -1.351610 0.000000
0.725726 0.812102 0.000000
0.779424 0.776223 0.000000
0.924588 -0.660005 0.000000
-0.648749 1.360641 0.000000
-0.280395 -1.294025 0.000000
0.779654 0.776083 0.000000
0.956227 -0.637291 0.000000
-0.355305 -1.313435 0.000000
-0.397156 -1.322818 0.000000
1.036781 -0.578306 0.000000
0.317270 -1.042400 0.000000
0.503496 -0.936502 0.000000
1.664639 -0.057467 0.000000
1.212693 -0.443531 0.000000
-0.945629 -1.318252 0.000000
1.192979 -0.459047 0.000000
0.049790 -1.173731 0.000000
1.438980 -0.257725 0.000000
-0.988539 -1.304837 0.000000
-1.189455 -1.204343 0.000000
-0.009720 1.211554 0.000000
1.551681 0.169679 0.000000
-0.944854 -1.318449 0.000000
0.177871 -1.114157 0.000000
-1.014782 -1.295314 0.000000
1.592026 0.133017 0.000000
-0.855302 1.344396 0.000000
1.199217 -0.454146 0.000000
1.542481 -0.167819 0.000000
-1.602921 0.626520 0.000000
0.313587 1.058797 0.000000
-0.084568 -1.228935 0.000000
-1.223882 -1.179696 0.000000
-1.562003 -0.727841 0.000000
0.134507 -1.135023 0.000000
1.203791 0.464409 0.000000
0.983183 0.632794 0.000000
-1.019359 1.298099 0.000000
-0.340958 1.319665 0.000000
0.184825 -1.110712 0.000000
-1.490830 -0.870627 0.000000
0.429666 0.994687 0.000000
0.475224 -0.953279 0.000000
1.440691 -0.256268 0.000000
0.828250 -0.727505 0.000000
-0.338177 -1.309318 0.000000
-0.809659 -1.345868 0.000000
0.419739 1.000344 0.000000
1.196871 0.469898 0.000000
1.499330 -0.205686 0.000000
1.669556 -0.052929 0.000000
1.577738 0.146068 0.000000
0.180957 -1.112617 0.000000
-0.900675 1.334929 0.000000
-1.143441 -1.233528 0.000000
-0.595833 1.358596 0.000000
0.763740 0.786810 0.000000
-1.115961 -1.249044 0.000000
-1.315704 -1.100237 0.000000
-0.994280 -1.302792 0.000000
0.703575 -0.811193 0.000000
-0.977985 1.313027 0.000000
-1.567386 0.720375 0.000000
-0.973239 -1.309878 0.000000
0.381564 1.021798 0.000000
-1.308534 -1.107211 0.000000
-0.711099 -1.353515 0.000000
1.121752 -0.514223 0.000000
-0.126169 1.255890 0.000000
1.143519 0.511770 0.000000
-0.174593 -1.261284 0.000000
-0.731573 1.359016 0.000000
0.118905 1.155677 0.000000
-0.152099 -1.253582 0.000000
1.089876 -0.538506 0.000000
0.056820 -1.170622 0.000000
-0.528662 1.352742 0.000000
1.617802 -0.100347 0.000000
1.433874 -0.262066 0.000000
-0.492472 1.348289 0.000000
-0.213540 -1.274028 0.000000
-1.639567 -0.497362 0.000000
0.194601 1.119659 0.000000
0.298832 1.066611 0.000000
-1.695960 -0.118468 0.000000
1.084630 -0.542455 0.000000
0.886118 0.702562 0.000000
0.746561 -0.782821 0.000000
1.629132 -0.090040 0.000000
0.215501 1.109352 0.000000
-1.672838 -0.336680 0.000000
1.244723 -0.418071 0.000000
1.542131 -0.168127 0.000000
1.718169 -0.007584 0.000000
1.154887 0.502920 0.000000
-1.110283 1.256226 0.000000
-0.860521 1.343472 0.000000
-1.041360 -1.284755 0.000000
-0.176517 -1.261928 0.000000
-0.488275 -1.339287 0.000000
1.403338 -0.287946 0.000000
0.042936 1.189539 0.000000
-0.826821 1.349157 0.000000
1.595287 0.130020 0.000000
-1.483420 -0.883286 0.000000
1.367296 0.330530 0.000000
-0.321715 1.314988 0.000000
-0.264653 -1.289544 0.000000
0.299799 1.066107 0.000000
0.379692 1.022835 0.000000
-1.391197 1.020734 0.000000
1.718707 0.014122 0.000000
0.620072 0.880273 0.000000
0.683957 -0.823993 0.000000
0.661086 -0.838753 0.000000
-1.572255 -0.703250 0.000000
0.083134 -1.158830 0.000000
1.654619 -0.066709 0.000000
-0.260373 -1.288312 0.000000
1.167752 -0.478737 0.000000
0.757986 0.790647 0.000000
1.425531 -0.269180 0.000000
-1.331989 -1.083740 0.000000
-1.079871 1.271687 0.000000
0.684585 -0.823573 0.000000
-1.048211 -1.281814 0.000000
-1.055625 -1.278593 0.000000
-0.645121 -1.353543 0.000000
0.774212 0.779752 0.000000
1.619606 0.107613 0.000000
-0.403195 -1.324078 0.000000
1.181808 -0.467786 0.000000
-0.495058 1.348625 0.000000
-1.012717 1.300619 0.000000
0.112836 -1.145190 0.000000
-0.773345 1.355823 0.000000
-1.565980 -0.718458 0.000000
-0.360349 1.324146 0.000000
-0.596995 1.358652 0.000000
1.313413 -0.362587 0.000000
-0.605743 1.359128 0.000000
1.458467 0.252359 0.000000
-0.143873 -1.250697 0.000000
-1.206960 -1.192160 0.000000
0.521625 -0.925635 0.000000
1.038057 0.592182 0.000000
-1.050142 -1.280974 0.000000
1.070139 -0.553379 0.000000
-0.946908 1.322746 0.000000
-1.364180 1.052803 0.000000
0.788237 0.770285 0.000000
1.655579 0.074087 0.000000
1.179881 -0.469298 0.000000
1.625336 0.102292 0.000000
0.678351 -0.827634 0.000000
1.415042 -0.278059 0.000000
-1.234567 1.175451 0.000000
-0.571816 -1.349257 0.000000
1.570283 -0.143116 0.000000
0.398558 -0.997531 0.000000
-0.896704 -1.330688 0.000000
-1.265222 1.150524 0.000000
-1.223186 1.184162 0.000000
1.173386 0.488412 0.000000
1.305303 -0.369197 0.000000
-1.389514 -1.018678 0.000000
-0.057716 -1.218544 0.000000
-0.909528 -1.327747 0.000000
-1.079175 1.272023 0.000000
-1.515176 0.831287 0.000000
1.194138 0.472055 0.000000
-0.855295 1.344396 0.000000
0.603571 0.890608 0.000000
-1.099001 -1.257951 0.000000
-0.571768 -1.349257 0.000000
-1.595909 -0.641072 0.000000
1.687795 -0.036012 0.000000
0.553281 -0.906393 0.000000
-0.220521 -1.276240 0.000000
1.404710 0.298769 0.000000
0.878725 0.707771 0.000000
0.539229 0.930184 0.000000
1.385628 -0.302818 0.000000
-0.359132 -1.314359 0.000000
-1.135016 1.242530 0.000000
-0.081671 -1.227842 0.000000
0.682274 0.840530 0.000000
-0.914356 1.331568 0.000000
0.465890 0.973793 0.000000
0.275992 -1.064359 0.000000
1.619424 -0.098863 0.000000
-0.886153 -1.333013 0.000000
0.401994 1.010371 0.000000
1.004638 -0.602057 0.000000
-0.240914 1.293085 0.000000
-1.296749 1.122376 0.000000
-0.075324 1.237321 0.000000
0.072086 -1.163816 0.000000
1.349993 -0.332506 0.000000
0.816989 0.750652 0.000000
-1.687652 -0.224563 0.000000
-0.133637 1.258523 0.000000
-0.934550 -1.321333 0.000000
-0.855107 1.344424 0.000000
-1.052933 1.284151 0.000000
0.284732 1.074034 0.000000
-1.646449 0.475500 0.000000
0.876674 -0.693895 0.000000
-1.561804 -0.728317 0.000000
0.055380 -1.171266 0.000000
1.515025 -0.191990 0.000000
-1.611226 0.601537 0.000000
0.881869 0.705559 0.000000
0.472580 0.969871 0.000000
1.185631 0.478777 0.000000
0.197066 1.118455 0.000000
-1.532534 -0.792232 0.000000
0.059659 1.182285 0.000000
0.251395 1.091259 0.000000
0.939058 0.664835 0.000000
0.504192 -0.936082 0.000000
-0.343276 1.320225 0.000000
0.003691 1.206092 0.000000
-0.379157 1.328291 0.000000
-0.061508 1.232055 0.000000
1.626776 -0.092169 0.000000
-0.637721 1.360389 0.000000
0.985415 0.631141 0.000000
-1.480228 0.893241 0.000000
-1.009388 -1.297358 0.000000
-0.173534 1.272051 0.000000
-0.975190 -1.309234 0.000000
-1.216678 1.189035 0.000000
-1.616987 -0.577550 0.000000
-0.921170 1.329860 0.000000
-0.179113 -1.262796 0.000000
-0.789815 -1.348193 0.000000
-0.389448 -1.321193 0.000000
0.706589 -0.809233 0.000000
-0.570170 -1.349089 0.000000
-0.634570 -1.353179 0.000000
-1.184099 -1.207984 0.000000
-1.072293 1.275300 0.000000
1.352123 -0.330742 0.000000
-0.825799 1.349325 0.000000
-0.942697 -1.319065 0.000000
-0.087970 1.242054 0.000000
-0.074758 1.237125 0.000000
0.826566 -0.728681 0.000000
1.539271 -0.170648 0.000000
0.883203 0.704606 0.000000
-0.028843 -1.207004 0.000000
-0.947830 -1.317636 0.000000
-0.136939 -1.248232 0.000000
-0.015872 -1.201683 0.000000
0.951759 0.655648 0.000000
-0.835750 1.347785 0.000000
-1.667973 0.371786 0.000000
0.455229 0.979982 0.000000
-0.637001 -1.353263 0.000000
0.388278 1.018045 0.000000
1.244020 -0.418631 0.000000
-1.217501 1.188419 0.000000
-0.896179 -1.330800 0.000000
0.917678 -0.664935 0.000000
0.596864 -0.879449 0.000000
-0.411709 -1.325815 0.000000
1.692431 -0.031699 0.000000
1.516732 0.201020 0.000000
0.435838 -0.976245 0.000000
-1.589959 -0.657513 0.000000
-1.096625 1.263369 0.000000
0.817740 -0.734731 0.000000
-0.093854 1.244239 0.000000
-1.006730 1.302860 0.000000
1.018059 -0.592170 0.000000
1.171425 -0.475880 0.000000
-1.651417 0.454074 0.000000
-0.942323 1.324090 0.000000
-1.129352 1.245751 0.000000
-0.884452 1.338598 0.000000
0.375717 1.025047 0.000000
0.813371 -0.737728 0.000000
0.918453 0.679623 0.000000
-1.598751 0.638591 0.000000
-1.094585 -1.260220 0.000000
-1.067413 -1.273271 0.000000
-1.347080 -1.067748 0.000000
0.177041 1.128229 0.000000
-1.619487 0.575181 0.000000
-1.429928 0.969815 0.000000
-1.202410 1.199370 0.000000
-0.796519 1.353331 0.000000
-0.327637 1.316472 0.000000
-1.675691 -0.318446 0.000000
-1.250378 -1.158914 0.000000
-1.485186 -0.880289 0.000000
0.714150 0.819720 0.000000
-0.988323 -1.304921 0.000000
-0.884054 1.338682 0.000000
-0.016256 -1.201851 0.000000
-0.419212 1.336302 0.000000
-0.457003 1.342912 0.000000
1.096333 -0.533605 0.000000
0.107566 -1.147655 0.000000
-0.672793 1.360809 0.000000
-0.147010 -1.251817 0.000000
0.105704 1.161727 0.000000
-1.574632 0.702702 0.000000
-0.147436 -1.251957 0.000000
0.389286 1.017485 0.000000
-1.355796 1.062214 0.000000
1.690158 0.041402 0.000000
0.910327 0.685393 0.000000
-0.547868 1.354787 0.000000
0.386069 1.019278 0.000000
-0.846959 -1.340463 0.000000
0.934395 0.668196 0.000000
-0.700801 -1.353795 0.000000
-0.104611 -1.236497 0.000000
1.718498 0.014318 0.000000
1.299789 0.386770 0.000000
1.613146 0.113579 0.000000
-0.300486 1.309610 0.000000
-0.751739 1.357700 0.000000
-1.686849 0.238775 0.000000
-1.621126 -0.563938 0.000000
-1.397565 -1.008623 0.000000
-1.464612 -0.913955 0.000000
1.606390 0.119797 0.000000
0.458542 0.978050 0.000000
0.565952 0.913911 0.000000
-0.845985 1.346049 0.000000
-1.363316 -1.049711 0.000000
-0.871463 -1.336010 0.000000
1.621653 -0.096846 0.000000
-0.429406 1.338178 0.000000
1.367961 0.329970 0.000000
-0.075217 -1.225350 0.000000
0.136143 1.147667 0.000000
-0.545670 -1.346681 0.000000
-1.234999 -1.171210 0.000000
-1.581689 0.684833 0.000000
0.748628 0.796893 0.000000
-0.039854 -1.211429 0.000000
-1.394222 -1.012796 0.000000
0.251793 -1.076934 0.000000
-0.817813 1.350530 0.000000
0.643149 -0.850237 0.000000
0.084986 -1.157990 0.000000
0.108742 -1.147095 0.000000
-0.960024 1.318797 0.000000
-0.798662 1.353051 0.000000
-0.583091 1.357728 0.000000
0.494327 0.957072 0.000000
-0.299090 1.309246 0.000000
-0.116238 -1.240754 0.000000
-0.565363 1.356384 0.000000
-0.345581 1.320757 0.000000
1.144291 -0.496914 0.000000
-0.277714 1.303532 0.000000
0.685638 -0.822901 0.000000
-0.555638 1.355487 0.000000
0.179681 1.126941 0.000000
-0.034789 -1.209385 0.000000
-1.578071 -0.688714 0.000000
-0.372814 -1.317496 0.000000
0.569055 0.912007 0.000000
0.156799 1.137920 0.000000
1.526676 -0.181767 0.000000
-0.359461 -1.314443 0.000000
-0.475632 1.345824 0.000000
1.156865 -0.487195 0.000000
0.241674 -1.082144 0.000000
0.559382 -0.902668 0.000000
0.950113 0.656853 0.000000
0.062900 -1.167905 0.000000
0.386025 -1.004589 0.000000
0.052945 1.185198 0.000000
-0.905767 1.333725 0.000000
-0.312271 -1.302708 0.000000
0.372597 1.026756 0.000000
-0.353495 1.322634 0.000000
1.522860 -0.185100 0.000000
-1.693203 -0.161909 0.000000
-0.567893 -1.348893 0.000000
-0.213574 -1.274056 0.000000
-0.393847 1.331344 0.000000
-1.237478 -1.169249 0.000000
0.972464 -0.625555 0.000000
0.438574 -0.974649 0.000000
1.438818 -0.257865 0.000000
-0.767005 -1.350350 0.000000
1.398802 -0.291755 0.000000
1.713547 -0.011953 0.000000
-0.092750 1.243819 0.000000
-1.685773 0.248578 0.000000
0.656409 -0.841778 0.000000
-1.202276 1.199454 0.000000
-0.766220 1.356524 0.000000
0.363469 -1.017165 0.000000
1.517223 -0.190057 0.000000
-0.714579 1.359857 0.000000
1.074367 0.564846 0.000000
0.012586 -1.189807 0.000000
-0.923255 -1.324302 0.000000
-1.240924 -1.166504 0.000000
0.519276 -0.927035 0.000000
1.609058 0.117360 0.000000
-1.662606 0.400662 0.000000
0.552880 0.921893 0.000000
1.334649 0.357894 0.000000
-0.018142 -1.202607 0.000000
1.379370 0.320335 0.000000
-1.424143 0.977826 0.000000
-0.695778 1.360501 0.000000
0.179146 -1.113513 0.000000
-1.431461 -0.963333 0.000000
0.508564 -0.933477 0.000000
1.074048 0.565098 0.000000
-0.376160 -1.318252 0.000000
-1.156307 1.229815 0.000000
-0.507286 -1.342003 0.000000
0.520843 -0.926111 0.000000
1.032996 -0.581107 0.000000
-1.023152 1.296558 0.000000
1.478540 0.234798 0.000000
0.759128 0.789891 0.000000
-0.843942 1.346413 0.000000
0.969021 -0.628048 0.000000
-0.541418 1.354171 0.000000
-0.711287 1.359969 0.000000
0.210254 -1.098081 0.000000
0.078800 -1.160791 0.000000
1.205327 0.463176 0.000000
1.221327 -0.436697 0.000000
-1.320471 -1.095476 0.000000
-1.668316 -0.363483 0.000000
0.042926 -1.176727 0.000000
-0.066322 -1.221905 0.000000
0.445333 -0.970756 0.000000
0.761371 0.788379 0.000000
0.468647 0.972168 0.000000
-1.024760 -1.291505 0.000000
-1.623241 -0.556824 0.000000
0.350158 -1.024503 0.000000
0.838938 -0.720139 0.000000
-0.846414 -1.340547 0.000000
-0.572395 1.356944 0.000000
1.090846 -0.537750 0.000000
-1.593224 -0.648578 0.000000
-0.140584 -1.249521 0.000000
-0.015518 1.213934 0.000000
-1.369389 -1.042709 0.000000
-1.602612 -0.621830 0.000000
0.510885 -0.932076 0.000000
-1.596577 0.644725 0.000000
0.935838 0.667160 0.000000
0.843053 0.732699 0.000000
-0.405427 -1.324554 0.000000
-0.622685 -1.352702 0.000000
-1.627250 0.548825 0.000000
0.000677 -1.194821 0.000000
-0.992407 -1.303464 0.000000
-1.080907 1.271183 0.000000
-1.180207 -1.210589 0.000000
1.451084 -0.247362 0.000000
0.265146 1.084201 0.000000
1.286601 0.397581 0.000000
0.090016 -1.155693 0.000000
1.538640 -0.171208 0.000000
-0.009603 1.211526 0.000000
1.668599 -0.053826 0.000000
-1.032043 1.293001 0.000000
1.184544 -0.465629 0.000000
-0.728936 1.359156 0.000000
0.436387 0.990849 0.000000
-0.646047 1.360585 0.000000
0.680906 0.841398 0.000000
1.027173 0.600304 0.000000
0.276465 -1.064107 0.000000
1.313077 0.375819 0.000000
0.773417 0.780284 0.000000
-1.125943 1.247656 0.000000
0.630777 0.873495 0.000000
-0.959835 1.318853 0.000000
-1.328786 -1.087045 0.000000
1.244240 0.432031 0.000000
-0.511147 1.350698 0.000000
-1.503524 -0.848108 0.000000
-0.484191 1.347085 0.000000
0.773640 0.780144 0.000000
0.451406 -0.967227 0.000000
-1.562507 0.731914 0.000000
1.008862 0.613888 0.000000
1.628439 -0.090656 0.000000
0.975080 -0.623651 0.000000
-0.558885 -1.348053 0.000000
1.585422 -0.129560 0.000000
0.783741 -0.757866 0.000000
-1.206676 -1.192356 0.000000
0.984009 0.632177 0.000000
1.694101 -0.030131 0.000000
-0.119547 -1.241958 0.000000
-1.492922 -0.866986 0.000000
0.604857 -0.874464 0.000000
-0.541987 -1.346261 0.000000
-0.303311 1.310338 0.000000
-1.089479 1.266982 0.000000
-0.690075 1.360613 0.000000
-0.977855 -1.308366 0.000000
-1.132770 -1.239718 0.000000
0.451539 0.982111 0.000000
0.771952 0.781265 0.000000
1.235581 0.438977 0.000000
-1.072320 1.275300 0.000000
-0.269669 -1.291001 0.000000
-0.857058 1.344088 0.000000
0.483621 0.963402 0.000000
-0.570890 -1.349173 0.000000
-0.117651 -1.241286 0.000000
1.672615 -0.050101 0.000000
-1.399036 1.010931 0.000000
-1.116328 -1.248848 0.000000
1.226062 0.446624 0.000000
0.261686 1.085965 0.000000
-1.381778 1.032217 0.000000
1.689208 0.042326 0.000000
-1.094341 1.264517 0.000000
1.215182 0.455334 0.000000
1.455933 0.254572 0.000000
1.412652 0.291963 0.000000
0.938122 0.665507 0.000000
-1.680657 0.290142 0.000000
-0.988426 1.309470 0.000000
-1.357315 -1.056461 0.000000
-0.608781 1.359268 0.000000
0.490575 -0.944204 0.000000
1.701744 0.030367 0.000000
-1.566673 0.722084 0.000000
-1.693989 0.157552 0.000000
0.325644 1.052355 0.000000
0.927928 0.672845 0.000000
0.044414 1.188895 0.000000
0.118329 1.155957 0.000000
-0.353097 1.322522 0.000000
0.382490 1.021294 0.000000
1.486338 0.227936 0.000000
-0.522257 1.352042 0.000000
-1.258090 1.156490 0.000000
-1.650001 0.460320 0.000000
1.002800 0.618369 0.000000
0.002491 1.206568 0.000000
0.579486 0.905565 0.000000
-1.334797 -1.080828 0.000000
-1.078918 -1.267894 0.000000
1.202762 -0.451345 0.000000
1.315162 -0.361159 0.000000
-1.152254 -1.228290 0.000000
1.613416 -0.104324 0.000000
0.515034 0.944776 0.000000
0.812353 -0.738428 0.000000
0.224886 1.104675 0.000000
-1.417813 0.986452 0.000000
1.295798 -0.376955 0.000000
-0.561786 -1.348305 0.000000
-0.791550 -1.347997 0.000000
0.909809 -0.670509 0.000000
-1.107636 -1.253526 0.000000
-0.982796 1.311430 0.000000
1.328391 -0.350320 0.000000
0.834443 0.738636 0.000000
-0.884918 -1.333265 0.000000
-0.655816 1.360697 0.000000
1.282082 0.401278 0.000000
-1.065315 1.278549 0.000000
0.833160 -0.724144 0.000000
0.460691 -0.961793 0.000000
0.811331 -0.739128 0.000000
-1.674982 0.329522 0.000000
-0.993247 -1.303156 0.000000
-1.191646 -1.202859 0.000000
0.675021 -0.829791 0.000000
0.452260 -0.966722 0.000000
-0.108828 -1.238037 0.000000
1.372930 -0.313433 0.000000
-0.670030 1.360837 0.000000
0.005704 -1.192692 0.000000
0.671318 -0.832171 0.000000
0.935636 0.667300 0.000000
0.300386 -1.051447 0.000000
0.932927 0.669232 0.000000
0.583477 0.903100 0.000000
-1.398347 -1.007614 0.000000
1.054386 0.579942 0.000000
1.157287 -0.486859 0.000000
0.765341 -0.770273 0.000000
0.011742 1.202731 0.000000
1.542076 -0.168183 0.000000
-0.472101 1.345320 0.000000
-1.560014 0.737684 0.000000
-1.471498 -0.902976 0.000000
0.164257 -1.120767 0.000000
1.110786 -0.522598 0.000000
-0.635589 1.360333 0.000000
-1.398278 -1.007698 0.000000
0.989180 -0.613372 0.000000
0.566888 -0.898047 0.000000
-1.601635 -0.624687 0.000000
-0.097286 -1.233724 0.000000
-0.466460 1.344452 0.000000
-0.070057 1.235304 0.000000
-0.987785 1.309694 0.000000
-0.398250 -1.323042 0.000000
0.630880 0.873439 0.000000
-1.236319 -1.170145 0.000000
-1.082275 -1.266269 0.000000
0.164552 1.134223 0.000000
0.369891 -1.013580 0.000000
0.573399 -0.894041 0.000000
1.211808 0.458023 0.000000
-0.048941 -1.215071 0.000000
-0.477110 1.346049 0.000000
-0.374720 -1.317916 0.000000
0.224361 1.104927 0.000000
-1.064252 -1.274728 0.000000
-1.367894 1.048574 0.000000
-0.307378 -1.301392 0.000000
-1.348012 -1.066711 0.000000
-0.994821 -1.302596 0.000000
-0.866083 1.342351 0.000000
-0.653858 -1.353795 0.000000
-0.466498 1.344452 0.000000
-1.067300 1.277653 0.000000
-0.439415 -1.331136 0.000000
0.395067 1.014264 0.000000
0.152431 1.140021 0.000000
0.478906 0.966174 0.000000
-0.483447 1.346973 0.000000
-1.512046 -0.832367 0.000000
-1.516023 0.829691 0.000000
0.479040 0.966090 0.000000
1.699138 -0.025425 0.000000
-0.353759 1.322690 0.000000
-0.913427 -1.326795 0.000000
1.314058 -0.362055 0.000000
-1.567335 -0.715210 0.000000
-0.030952 1.220124 0.000000
-1.359458 1.058181 0.000000
-1.404697 1.003705 0.000000
-0.586214 -1.350406 0.000000
-1.435699 0.961693 0.000000
-1.277965 -1.135499 0.000000
-0.809559 -1.345896 0.000000
0.896127 0.695476 0.000000
0.346879 -1.026296 0.000000
0.996617 0.622935 0.000000
-0.665774 1.360809 0.000000
0.686838 0.837561 0.000000
-1.498967 -0.856314 0.000000
-1.039899 1.289724 0.000000
-0.081990 -1.227954 0.000000
-0.884987 -1.333237 0.000000
0.454471 0.980402 0.000000
-1.490851 0.875260 0.000000
-0.298123 1.308994 0.000000
1.187908 -0.462996 0.000000
0.099113 -1.151548 0.000000
0.359344 1.034066 0.000000
-0.522287 1.352042 0.000000
1.421907 0.284036 0.000000
-1.616068 -0.580518 0.000000
1.238156 0.436905 0.000000
-1.040393 -1.285147 0.000000
-1.609998 0.605290 0.000000
-1.308956 -1.106819 0.000000
-0.679806 1.360725 0.000000
1.650484 -0.070490 0.000000
-1.216445 1.189231 0.000000
-0.517987 -1.343404 0.000000
0.375731 -1.010359 0.000000
0.855757 0.723848 0.000000
1.243701 -0.418912 0.000000
-0.334855 1.318236 0.000000
-0.258552 -1.287780 0.000000
-1.148592 -1.230475 0.000000
1.678897 -0.044275 0.000000
-0.129948 -1.245739 0.000000
0.269127 1.082128 0.000000
1.010656 0.612572 0.000000
-1.260391 1.154557 0.000000
-0.882278 1.339103 0.000000
-0.407694 1.334089 0.000000
-0.539649 -1.346009 0.000000
0.824680 -0.729970 0.000000
-0.647426 1.360613 0.000000
-0.073513 -1.224677 0.000000
1.716609 -0.009069 0.000000
-0.155230 -1.254674 0.000000
1.446054 -0.251675 0.000000
0.443591 -0.971764 0.000000
-0.806535 1.352014 0.000000
1.161271 0.497934 0.000000
0.457948 -0.963418 0.000000
-0.613873 1.359548 0.000000
-0.819562 -1.344580 0.000000
-1.003291 1.304176 0.000000
-0.515810 -1.343124 0.000000
1.019036 0.606354 0.000000
-0.116448 1.252445 0.000000
-0.443496 -1.331864 0.000000
1.385892 0.314817 0.000000
-0.729986 -1.352814 0.000000
1.264080 0.415955 0.000000
0.008317 1.204159 0.000000
-0.231590 -1.279685 0.000000
0.759162 0.789863 0.000000
-1.492140 0.873019 0.000000
1.066350 -0.556235 0.000000
-1.010365 -1.296994 0.000000
1.165444 -0.480529 0.000000
-0.949463 1.321990 0.000000
-0.345635 1.320757 0.000000
1.642748 0.086075 0.000000
0.267189 -1.068952 0.000000
-0.404676 1.333501 0.000000
-0.800167 1.352855 0.000000
-0.192506 1.278213 0.000000
-0.500777 -1.341107 0.000000
0.722883 0.813978 0.000000
-0.202231 -1.270415 0.000000
-0.129032 -1.245403 0.000000
0.374044 -1.011283 0.000000
-0.723621 1.359464 0.000000
1.450072 0.259669 0.000000
0.386601 -1.004253 0.000000
-1.328474 1.091371 0.000000
-0.398041 1.332213 0.000000
-0.757932 -1.351106 0.000000
-1.696811 -0.101327 0.000000
-0.378022 -1.318673 0.000000
-0.534481 1.353387 0.000000
0.979082 -0.620738 0.000000
1.467331 0.244629 0.000000
0.525270 0.938614 0.000000
0.799981 -0.746859 0.000000
-0.422970 1.337030 0.000000
0.722304 -0.798898 0.000000
-0.333679 1.317956 0.000000
0.040992 1.190379 0.000000
0.890318 0.699593 0.000000
-1.231536 1.177804 0.000000
0.304617 -1.049178 0.000000
-1.252912 1.160803 0.000000
-0.937588 -1.320493 0.000000
0.462598 0.975697 0.000000
1.552514 0.168923 0.000000
-0.716890 1.359773 0.000000
-1.350262 -1.064275 0.000000
1.288213 -0.383089 0.000000
-0.047343 -1.214454 0.000000
-1.112447 1.255078 0.000000
-0.434244 -1.330212 0.000000
-0.771134 1.356075 0.000000
1.251036 0.426542 0.000000
1.324286 0.366520 0.000000
1.539539 0.180630 0.000000
-0.207855 -1.272235 0.000000
-1.575530 0.700461 0.000000
0.926930 -0.658325 0.000000
1.558888 -0.153282 0.000000
-0.516287 1.351370 0.000000
-0.211750 1.284263 0.000000
-1.183423 -1.208433 0.000000
1.480772 -0.221818 0.000000
0.336397 -1.032037 0.000000
1.112322 -0.521421 0.000000
0.607251 0.888312 0.000000
-0.688529 1.360613 0.000000
0.477459 -0.951962 0.000000
1.046396 0.585936 0.000000
-1.636001 0.517064 0.000000
-0.712851 -1.353459 0.000000
-1.095806 1.263761 0.000000
-0.428610 1.338038 0.000000
0.701003 0.828346 0.000000
-0.949130 1.322074 0.000000
-0.330747 -1.307441 0.000000
-1.289884 -1.124772 0.000000
-0.689397 -1.353935 0.000000
-0.028538 1.219144 0.000000
-0.920494 -1.325002 0.000000
-1.699163 -0.005147 0.000000
-0.808661 -1.346009 0.000000
-0.159677 -1.256214 0.000000
-0.506771 -1.341947 0.000000
-1.224901 -1.178940 0.000000
1.462077 0.249222 0.000000
-1.492449 0.872487 0.000000
0.101640 -1.150372 0.000000
0.834659 0.738496 0.000000
0.757263 -0.775679 0.000000
-1.646668 -0.468514 0.000000
-1.471652 0.907245 0.000000
1.041880 0.589325 0.000000
-0.212120 1.284375 0.000000
-1.198823 -1.197902 0.000000
-0.433613 -1.330100 0.000000
1.510797 0.206314 0.000000
-1.504941 0.850305 0.000000
-0.334330 1.318096 0.000000
0.710841 0.821904 0.000000
-0.051345 1.228134 0.000000
-0.950299 1.321737 0.000000
1.306209 0.381477 0.000000
-1.686345 -0.236803 0.000000
-0.495178 1.348653 0.000000
0.289207 1.071681 0.000000
0.223785 -1.091275 0.000000
0.294690 -1.054472 0.000000
-1.298587 1.120695 0.000000
0.172792 1.130274 0.000000
-0.783903 1.354731 0.000000
-0.964368 -1.312679 0.000000
-1.672643 0.344310 0.000000
-1.398244 1.011940 0.000000
0.713032 -0.805004 0.000000
0.470073 -0.956303 0.000000
0.064679 1.180072 0.000000
0.308601 -1.047050 0.000000
-1.364910 1.051963 0.000000
-0.886599 1.338122 0.000000
1.302203 0.384782 0.000000
-0.692493 1.360585 0.000000
1.542762 -0.167567 0.000000
1.666607 0.063696 0.000000
-0.927949 1.328039 0.000000
-0.485199 1.347225 0.000000
1.602481 -0.114211 0.000000
0.974891 0.638843 0.000000
-0.570174 1.356776 0.000000
-1.275533 1.141589 0.000000
1.126930 -0.510246 0.000000
0.992750 -0.610767 0.000000
-1.206189 1.196653 0.000000
1.208859 0.460376 0.000000
-1.142046 -1.234340 0.000000
1.148653 0.507765 0.000000
-0.969553 -1.311082 0.000000
0.039733 -1.178128 0.000000
0.183597 -1.111328 0.000000
-1.697970 0.078373 0.000000
-1.503641 0.852657 0.000000
-1.350927 -1.063547 0.000000
0.563448 0.915452 0.000000
-0.073887 -1.224845 0.000000
0.911657 -0.669220 0.000000
1.412593 -0.280131 0.000000
0.936898 -0.651211 0.000000
1.606953 -0.110178 0.000000
-1.403764 -1.000668 0.000000
-1.499667 0.859827 0.000000
-0.712693 1.359941 0.000000
-1.408606 0.998636 0.000000
1.637087 0.091369 0.000000
1.420401 -0.273521 0.000000
1.004830 -0.601917 0.000000
0.525949 -0.923030 0.000000
-0.468905 -1.336234 0.000000
-0.246287 -1.284139 0.000000
1.593460 -0.122333 0.000000
-0.882209 -1.333797 0.000000
1.466923 -0.233778 0.000000
0.160626 -1.122532 0.000000
-0.849013 1.345516 0.000000
0.857016 0.722980 0.000000
-0.534766 1.353443 0.000000
-1.146088 1.236033 0.000000
-0.102128 -1.235544 0.000000
-1.636772 -0.508145 0.000000
1.575186 0.148393 0.000000
0.887232 -0.686473 0.000000
-0.008609 1.211105 0.000000
-1.189215 -1.204511 0.000000
1.707165 0.025185 0.000000
0.604315 -0.874800 0.000000
-0.263075 -1.289096 0.000000
1.233400 0.440742 0.000000
0.667159 -0.834860 0.000000
-0.597180 -1.351246 0.000000
-1.023868 1.296278 0.000000
1.216098 0.454606 0.000000
1.292733 0.392568 0.000000
1.633637 0.094589 0.000000
-0.147165 1.263200 0.000000
-1.094084 -1.260472 0.000000
0.606524 0.888760 0.000000
-1.179556 -1.211009 0.000000
-0.713465 -1.353431 0.000000
-0.237546 -1.281506 0.000000
0.968273 -0.628580 0.000000
0.347798 1.040368 0.000000
-1.536004 0.790087 0.000000
0.835108 -0.722800 0.000000
0.389423 1.017429 0.000000
0.898616 -0.678435 0.000000
0.136212 -1.134211 0.000000
-1.259798 -1.151156 0.000000
-0.325329 -1.306069 0.000000
-1.512056 -0.832339 0.000000
-0.415505 1.335602 0.000000
-1.219085 1.187242 0.000000
1.460733 0.250399 0.000000
1.066007 0.571176 0.000000
1.537642 -0.172104 0.000000
-1.280204 -1.133539 0.000000
-0.456310 1.342800 0.000000
0.769597 0.782861 0.000000
-1.108959 1.256927 0.000000
-1.179196 -1.211233 0.000000
1.550659 0.170604 0.000000
0.606585 0.888732 0.000000
1.384218 -0.304022 0.000000
0.106479 1.161363 0.000000
1.348097 0.346663 0.000000
-0.199670 1.280510 0.000000
0.503736 0.951498 0.000000
0.989537 0.628116 0.000000
1.192167 0.473623 0.000000
1.589362 0.135453 0.000000
0.639929 0.867698 0.000000
-0.169090 -1.259435 0.000000
-1.430987 -0.964006 0.000000
0.492578 0.958108 0.000000
1.175793 0.486535 0.000000
0.554945 -0.905385 0.000000
0.865647 0.716958 0.000000
1.554516 0.167130 0.000000
1.058130 -0.562397 0.000000
1.140190 -0.500079 0.000000
1.671178 0.059383 0.000000
-0.880125 -1.334245 0.000000
-1.034420 1.292049 0.000000
0.181252 1.126185 0.000000
-0.745660 -1.351918 0.000000
0.116022 1.157022 0.000000
0.634425 0.871199 0.000000
0.382671 1.021182 0.000000
-0.758494 1.357140 0.000000
-1.047961 -1.281926 0.000000
1.317024 0.372542 0.000000
0.228277 -1.089006 0.000000
1.503908 -0.201709 0.000000
0.689128 -0.820632 0.000000
0.096391 1.165956 0.000000
1.545707 -0.164962 0.000000
1.655590 0.074059 0.000000
0.088099 1.169681 0.000000
-1.371350 1.044541 0.000000
0.188981 -1.108668 0.000000
1.534865 0.184804 0.000000
1.404487 0.298965 0.000000
-0.157071 1.266589 0.000000
-0.988039 1.309610 0.000000
-1.361728 -1.051531 0.000000
-0.506205 1.350054 0.000000
0.273050 -1.065899 0.000000
0.271116 1.081120 0.000000
0.852027 -0.711092 0.000000
0.753285 0.793812 0.000000
-0.075639 1.237461 0.000000
-0.409833 1.334509 0.000000
-1.023748 -1.291897 0.000000
0.619122 0.880862 0.000000
0.688864 0.836245 0.000000
1.093682 -0.535593 0.000000
0.459923 0.977266 0.000000
0.156878 1.137892 0.000000
0.389821 1.017205 0.000000
-1.323996 1.095908 0.000000
0.707659 0.823977 0.000000
0.801274 -0.745990 0.000000
-0.303586 -1.300383 0.000000
-1.698206 0.070699 0.000000
0.063764 1.180493 0.000000
0.392249 1.015833 0.000000
-0.879333 1.339691 0.000000
1.127084 0.524514 0.000000
-0.461025 -1.334945 0.000000
1.048869 -0.569315 0.000000
1.462941 0.248466 0.000000
-0.199793 -1.269630 0.000000
-1.690793 0.198472 0.000000
1.686015 -0.037665 0.000000
1.326357 0.364812 0.000000
-0.980937 1.312075 0.000000
0.272168 -1.066347 0.000000
-0.437944 -1.330884 0.000000
-1.366573 -1.045957 0.000000
1.103445 -0.528199 0.000000
-0.279270 1.303952 0.000000
1.349023 0.345906 0.000000
0.327752 1.051207 0.000000
1.471761 -0.229605 0.000000
-0.413029 -1.326095 0.000000
-1.628951 -0.536966 0.000000
-1.475016 -0.897234 0.000000
-0.068562 1.234744 0.000000
0.058860 1.182649 0.000000
-1.189479 -1.204343 0.000000
1.235828 0.438781 0.000000
1.580580 -0.133901 0.000000
-1.665291 0.386518 0.000000
1.472097 -0.229297 0.000000
1.459396 0.251547 0.000000
1.406335 0.297396 0.000000
1.183577 -0.466385 0.000000
-0.626375 1.360025 0.000000
1.712768 0.019808 0.000000
-1.304320 1.115234 0.000000
0.386711 1.018942 0.000000
-0.977255 -1.308562 0.000000
-1.256886 1.157498 0.000000
-0.417946 -1.327047 0.000000
-1.491355 -0.869702 0.000000
-0.326502 -1.306377 0.000000
-0.560655 1.355963 0.000000
-1.126447 -1.243303 0.000000
-0.088357 1.242194 0.000000
-1.561670 0.733847 0.000000
0.767148 0.784514 0.000000
-0.233593 -1.280301 0.000000
-1.533196 -0.790887 0.000000
1.724348 0.008689 0.000000
1.265204 0.415058 0.000000
1.389605 -0.299485 0.000000
-0.265664 -1.289824 0.000000
0.660332 0.854674 0.000000
0.198373 -1.104018 0.000000
-0.735500 -1.352506 0.000000
1.225864 -0.433084 0.000000
-0.271466 -1.291533 0.000000
0.788254 0.770257 0.000000
-1.544772 -0.766520 0.000000
-1.412896 0.993006 0.000000
-1.285121 -1.129114 0.000000
-0.295671 -1.298283 0.000000
-0.211112 1.284067 0.000000
0.226686 -1.089790 0.000000
1.038756 -0.576849 0.000000
-1.308589 -1.107155 0.000000
-1.374059 1.041376 0.000000
1.617908 -0.100235 0.000000
-1.124774 1.248328 0.000000
-1.562116 -0.727589 0.000000
0.531291 0.935001 0.000000
-1.287820 -1.126649 0.000000
-1.445293 0.947801 0.000000
0.715346 0.818936 0.000000
-0.645769 -1.353571 0.000000
-0.180320 -1.263216 0.000000
0.142710 -1.131130 0.000000
1.697719 0.034204 0.000000
0.365005 1.030957 0.000000
-0.880228 1.339523 0.000000
-1.171281 -1.216359 0.000000
-0.487919 1.347617 0.000000
-0.182727 1.275076 0.000000
-0.165071 1.269250 0.000000
-0.525634 1.352434 0.000000
0.238567 1.097785 0.000000
1.504371 -0.201288 0.000000
0.437899 0.989981 0.000000
0.435900 0.991130 0.000000
1.488717 0.225836 0.000000
0.702453 -0.811950 0.000000
-1.212992 1.191724 0.000000
0.205070 1.114533 0.000000
-0.890401 -1.332116 0.000000
-1.037084 -1.286491 0.000000
1.055229 -0.564554 0.000000
0.604703 0.889908 0.000000
0.167172 1.132991 0.000000
-1.072080 1.275412 0.000000
0.167813 -1.119031 0.000000
0.025763 -1.184178 0.000000
1.015724 0.608819 0.000000
-0.856567 -1.338726 0.000000
-0.577584 1.357336 0.000000
0.577627 -0.891409 0.000000
-0.197670 1.279865 0.000000
1.330681 -0.348443 0.000000
1.113855 -0.520273 0.000000
1.121924 -0.514083 0.000000
0.613227 0.884559 0.000000
-0.998052 -1.301476 0.000000
0.192512 -1.106931 0.000000
1.054520 0.579830 0.000000
0.358603 1.034458 0.000000
-0.733401 -1.352618 0.000000
1.719462 -0.006380 0.000000
-0.137934 1.260036 0.000000
-0.947028 -1.317860 0.000000
0.848491 -0.713529 0.000000
-1.617419 0.581903 0.000000
1.282305 -0.387879 0.000000
-0.250436 -1.285399 0.000000
0.062149 1.181193 0.000000
-0.160332 -1.256439 0.000000
-0.102666 1.247460 0.000000
0.280789 1.076078 0.000000
0.968527 -0.628412 0.000000
0.348752 -1.025259 0.000000
-0.774090 -1.349762 0.000000
-0.478691 -1.337858 0.000000
-1.290419 -1.124296 0.000000
0.852658 -0.710644 0.000000
-1.602503 0.627752 0.000000
-0.411088 -1.325703 0.000000
-0.649809 1.360641 0.000000
1.044733 0.587168 0.000000
-0.130054 -1.245767 0.000000
-0.325864 -1.306209 0.000000
-1.179333 1.215139 0.000000
-1.460134 0.925422 0.000000
0.579812 -0.890064 0.000000
0.330794 1.049583 0.000000
0.865643 -0.701598 0.000000
-1.130013 -1.241286 0.000000
1.524417 -0.183755 0.000000
-1.573219 -0.700869 0.000000
0.358476 -1.019938 0.000000
1.403177 0.300085 0.000000
-1.031467 1.293225 0.000000
-1.071947 1.275468 0.000000
1.644682 0.084282 0.000000
1.110289 -0.522990 0.000000
-0.171637 1.271435 0.000000
-1.620100 -0.567355 0.000000
1.205197 0.463288 0.000000
0.739823 -0.787302 0.000000
0.932396 -0.654432 0.000000
-0.479257 1.346357 0.000000
1.526779 -0.181655 0.000000
-1.035561 1.291573 0.000000
-0.031570 -1.208097 0.000000
1.567351 -0.145748 0.000000
-1.339069 -1.076318 0.000000
1.080388 0.560281 0.000000
1.325356 -0.352812 0.000000
1.023977 -0.587801 0.000000
-0.030174 1.219788 0.000000
-0.273352 -1.292065 0.000000
-1.206686 1.196289 0.000000
-0.202413 -1.270471 0.000000
-1.602527 -0.622082 0.000000
0.989170 0.628396 0.000000
0.198541 1.117754 0.000000
1.674000 -0.048812 0.000000
-0.394070 1.331372 0.000000
-1.438960 -0.952634 0.000000
1.346698 -0.335223 0.000000
1.068726 -0.554443 0.000000
-0.893073 -1.331500 0.000000
-1.397304 1.013116 0.000000
-0.394914 -1.322342 0.000000
1.232296 0.441638 0.000000
0.403698 1.009419 0.000000
1.210646 -0.445127 0.000000
1.214887 -0.441794 0.000000
-0.474103 -1.337102 0.000000
1.573702 0.149737 0.000000
0.759738 -0.774027 0.000000
1.341949 -0.339144 0.000000
-1.316640 -1.099285 0.000000
0.913063 0.683460 0.000000
0.596837 -0.879477 0.000000
0.440704 0.988357 0.000000
1.138150 0.515944 0.000000
0.757955 -0.775231 0.000000
-1.112447 -1.250949 0.000000
1.639011 -0.081022 0.000000
-0.895658 1.336078 0.000000
-0.629811 -1.353039 0.000000
-0.512227 1.350838 0.000000
-0.911387 1.332325 0.000000
1.256577 -0.408605 0.000000
-1.689863 -0.202073 0.000000
1.633301 0.094898 0.000000
-0.882717 -1.333713 0.000000
1.647082 -0.073627 0.000000
-0.179922 -1.263076 0.000000
0.146341 -1.129394 0.000000
0.977127 -0.622167 0.000000
-1.123094 1.249252 0.000000
1.287671 -0.383537 0.000000
1.220141 0.451357 0.000000
-0.010128 1.211722 0.000000
-1.661831 0.404667 0.000000
1.271048 0.410297 0.000000
1.231089 0.442590 0.000000
-0.937410 -1.320549 0.000000
1.556159 0.165646 0.000000
1.368524 0.329494 0.000000
-1.453132 -0.931684 0.000000
1.543077 -0.167287 0.000000
0.819989 -0.733191 0.000000
-1.409775 0.997095 0.000000
-1.557682 -0.737840 0.000000
-0.704045 -1.353739 0.000000
-1.395487 -1.011199 0.000000
0.691097 0.834788 0.000000
0.959955 -0.634602 0.000000
1.102344 0.543532 0.000000
1.471291 -0.229997 0.000000
0.993452 -0.610263 0.000000
1.594588 -0.121325 0.000000
0.838557 -0.720419 0.000000
-0.168023 1.270231 0.000000
-1.038798 -1.285791 0.000000
0.838739 0.735667 0.000000
1.140327 -0.499967 0.000000
-0.361299 1.324342 0.000000
-1.359232 1.058433 0.000000
-0.045940 1.226006 0.000000
-0.834598 -1.342367 0.000000
0.743608 0.800254 0.000000
-1.521925 -0.813434 0.000000
0.898781 0.693599 0.000000
-0.228508 -1.278733 0.000000
1.144555 0.510958 0.000000
0.357369 -1.020526 0.000000
1.680690 0.050393 0.000000
-1.394146 -1.012880 0.000000
1.455315 -0.243749 0.000000
-0.285659 -1.295510 0.000000
-0.564063 1.356271 0.000000
-1.691256 -0.186444 0.000000
0.424464 -0.982771 0.000000
-1.011648 -1.296518 0.000000
-0.936395 -1.320829 0.000000
1.618721 -0.099507 0.000000
-0.280412 1.304260 0.000000
-1.244038 1.167973 0.000000
1.091642 0.551710 0.000000
1.365883 0.331734 0.000000
1.532862 -0.176305 0.000000
1.103143 -0.528423 0.000000
-1.307152 1.112517 0.000000
-0.084692 -1.228991 0.000000
-0.592105 -1.350854 0.000000
-0.799886 -1.347129 0.000000
0.119324 -1.142165 0.000000
-1.340424 -1.074890 0.000000
1.256437 -0.408717 0.000000
-0.094269 -1.232604 0.000000
1.388162 0.312885 0.000000
-1.662404 0.401699 0.000000
1.094653 -0.534865 0.000000
0.107446 -1.147711 0.000000
-1.534022 0.794148 0.000000
0.266884 1.083304 0.000000
1.103163 -0.528395 0.000000
-0.553923 1.355347 0.000000
-1.094314 1.264517 0.000000
1.069648 0.568431 0.000000
-1.385131 -1.023999 0.000000
-0.322517 -1.305369 0.000000
0.793116 0.766953 0.000000
-1.679676 -0.290858 0.000000
-0.423083 -1.328055 0.000000
1.095829 -0.533969 0.000000
1.413646 0.291122 0.000000
1.580316 -0.134153 0.000000
1.340025 0.353413 0.000000
0.135834 -1.134407 0.000000
1.052908 -0.566290 0.000000
-0.790967 1.353975 0.000000
-0.109837 1.250065 0.000000
1.493484 -0.210783 0.000000
-1.472022 -0.902108 0.000000
-0.668593 -1.353963 0.000000
1.269882 0.411249 0.000000
-0.171271 -1.260164 0.000000
-1.046891 -1.282374 0.000000
1.503664 -0.201905 0.000000
0.108728 1.160355 0.000000
0.725198 0.812466 0.000000
0.128682 -1.137768 0.000000
-1.692977 -0.164962 0.000000
0.983879 0.632261 0.000000
0.991320 -0.611803 0.000000
-0.690778 1.360585 0.000000
0.911760 -0.669136 0.000000
-1.534828 0.792496 0.000000
-1.090107 -1.262460 0.000000
1.696333 -0.028058 0.000000
1.452894 -0.245821 0.000000
0.323082 -1.039264 0.000000
1.378643 0.320951 0.000000
0.779651 0.776083 0.000000
-0.995593 -1.302344 0.000000
1.263171 0.416711 0.000000
-1.073901 1.274544 0.000000
-1.207262 -1.191936 0.000000
-0.646808 -1.353599 0.000000
0.221433 -1.092451 0.000000
0.397756 1.012752 0.000000
-0.760483 -1.350882 0.000000
-1.066073 -1.273888 0.000000
-1.104855 1.259111 0.000000
-0.618529 -1.352478 0.000000
1.202526 -0.451541 0.000000
-0.566141 -1.348725 0.000000
0.434172 0.992110 0.000000
1.484705 0.229393 0.000000
-0.564529 1.356328 0.000000
0.669528 0.848764 0.000000
0.405461 -0.993610 0.000000
-0.601343 -1.351554 0.000000
1.079592 0.560897 0.000000
-0.228658 1.289444 0.000000
-0.336850 1.318685 0.000000
-1.428796 0.971412 0.000000
-0.704704 1.360193 0.000000
-0.289561 -1.296574 0.000000
0.781471 0.774851 0.000000
-0.509103 -1.342255 0.000000
1.576462 0.147217 0.000000
0.184269 1.124728 0.000000
0.992060 0.626268 0.000000
-0.327599 1.316472 0.000000
0.493733 -0.942327 0.000000
-1.061618 1.280229 0.000000
-0.891670 -1.331836 0.000000
1.671044 -0.051557 0.000000
-1.268497 1.147695 0.000000
1.376736 0.322576 0.000000
-0.066172 -1.221848 0.000000
1.027321 -0.585336 0.000000
-0.416146 -1.326683 0.000000
-1.539203 -0.778396 0.000000
1.545796 -0.164878 0.000000
0.366867 -1.015261 0.000000
0.632303 -0.857155 0.000000
0.646516 0.863497 0.000000
-0.695627 1.360529 0.000000
0.546314 -0.910650 0.000000
0.273845 -1.065479 0.000000
-0.591090 -1.350770 0.000000
0.200475 1.116802 0.000000
-1.086681 -1.264141 0.000000
-0.505458 1.349970 0.000000
1.676006 -0.046964 0.000000
-0.067927 -1.222549 0.000000
-1.534958 -0.787246 0.000000
0.479647 0.965726 0.000000
1.450090 0.259669 0.000000
1.424694 -0.269880 0.000000
-0.052442 1.228554 0.000000
1.664426 -0.057663 0.000000
0.964597 0.646350 0.000000
0.784996 0.772470 0.000000
-0.188738 -1.266017 0.000000
-0.151389 1.264629 0.000000
0.396185 1.013648 0.000000
1.558789 -0.153366 0.000000
0.334597 -1.033018 0.000000
-1.629489 -0.535061 0.000000
1.692482 -0.031643 0.000000
1.662585 0.067506 0.000000
0.263513 -1.070885 0.000000
0.943958 -0.646141 0.000000
-1.326379 1.093499 0.000000
0.562941 -0.900483 0.000000
-1.053636 1.283842 0.000000
0.341516 -1.029237 0.000000
-0.828789 1.348849 0.000000
-0.099433 -1.234536 0.000000
-0.169522 -1.259575 0.000000
0.840073 0.734743 0.000000
1.600328 -0.116144 0.000000
0.785103 0.772386 0.000000
0.646211 0.863693 0.000000
-0.804491 1.352294 0.000000
0.983381 0.632654 0.000000
0.793987 0.766364 0.000000
1.152918 0.504460 0.000000
-0.853807 -1.339231 0.000000
0.173807 -1.116118 0.000000
1.159996 -0.484759 0.000000
-1.581281 -0.680479 0.000000
-0.983893 -1.306377 0.000000
1.557795 0.164162 0.000000
0.990459 0.627444 0.000000
-0.855851 -1.338866 0.000000
-1.238432 -1.168493 0.000000
-0.304686 -1.300691 0.000000
-1.680982 -0.281168 0.000000
0.264275 1.084649 0.000000
1.657664 -0.063909 0.000000
-0.972526 -1.310130 0.000000
-1.210177 -1.189835 0.000000
-1.666111 0.382093 0.000000
0.759183 -0.774391 0.000000
-1.673692 -0.331330 0.000000
-1.123316 -1.245067 0.000000
-1.589092 0.665339 0.000000
1.321656 0.368705 0.000000
-1.394252 1.016953 0.000000
0.839812 -0.719551 0.000000
-1.524798 0.812690 0.000000
0.041098 1.190323 0.000000
-0.978770 -1.308058 0.000000
-1.111027 -1.251705 0.000000
-1.450258 0.940435 0.000000
-0.028346 1.219060 0.000000
-1.085162 1.269138 0.000000
0.130252 -1.137040 0.000000
-0.485446 -1.338866 0.000000
-1.278078 1.139349 0.000000
0.922129 -0.661770 0.000000
-1.458399 -0.923646 0.000000
1.202443 0.465473 0.000000
0.274476 1.079355 0.000000
0.558013 0.918785 0.000000
1.011232 -0.597211 0.000000
-1.647759 0.469982 0.000000
-1.518142 0.825630 0.000000
1.293957 -0.378440 0.000000
1.458021 -0.241424 0.000000
1.495222 0.220094 0.000000
-1.049747 -1.281142 0.000000
1.331511 -0.347743 0.000000
1.115714 0.533281 0.000000
0.025325 1.197045 0.000000
-0.464807 1.344172 0.000000
0.889224 0.700377 0.000000
1.606963 0.119293 0.000000
0.429992 0.994519 0.000000
1.542138 0.178278 0.000000
1.527300 -0.181207 0.000000
-1.343510 -1.071613 0.000000
-0.283173 1.305017 0.000000
1.383632 -0.304498 0.000000
0.109033 1.160215 0.000000
-0.675801 -1.354047 0.000000
0.734693 -0.790719 0.000000
-0.421495 1.336750 0.000000
-0.668024 -1.353963 0.000000
1.613876 -0.103904 0.000000
-1.526324 0.809693 0.000000
-1.480416 -0.888300 0.000000
0.360729 1.033310 0.000000
0.944737 -0.645581 0.000000
1.040255 -0.575729 0.000000
0.903297 0.690406 0.000000
0.320480 1.055128 0.000000
-0.176253 -1.261844 0.000000
-0.598634 -1.351330 0.000000
0.843077 0.732671 0.000000
1.639539 -0.080545 0.000000
-0.039761 1.223597 0.000000
0.206194 -1.100125 0.000000
1.605986 0.120189 0.000000
0.030900 -1.181965 0.000000
-1.379779 -1.030497 0.000000
0.974898 0.638843 0.000000
1.078968 -0.546741 0.000000
-0.740598 -1.352198 0.000000
1.530167 0.189033 0.000000
-0.754918 -1.351330 0.000000
-1.671707 0.349996 0.000000
0.741760 -0.786014 0.000000
1.304864 0.382597 0.000000
-1.042368 -1.284335 0.000000
-0.331203 1.317368 0.000000
1.247449 0.429427 0.000000
-0.598861 1.358736 0.000000
1.412789 -0.279963 0.000000
-1.670438 -0.351188 0.000000
-1.558197 0.741857 0.000000
1.406089 0.297592 0.000000
1.404192 -0.287217 0.000000
0.066366 1.179344 0.000000
-1.330802 -1.084973 0.000000
0.551155 -0.907709 0.000000
-1.230682 1.178476 0.000000
-0.745413 1.358204 0.000000
0.363675 1.031685 0.000000
-1.137087 1.241326 0.000000
-0.981760 1.311795 0.000000
0.498664 -0.939387 0.000000
-1.277906 -1.135555 0.000000
-0.880780 -1.334105 0.000000
-1.293152 -1.121775 0.000000
-1.387137 1.025748 0.000000
0.878207 0.708135 0.000000
0.851588 0.726761 0.000000
1.634868 0.093441 0.000000
0.323260 1.053616 0.000000
0.093047 1.167469 0.000000
-1.629149 -0.536266 0.000000
-1.522322 -0.812650 0.000000
1.117864 0.531628 0.000000
-0.725861 -1.352983 0.000000
0.066637 -1.166252 0.000000
-1.367849 1.048630 0.000000
0.560942 -0.901716 0.000000
-0.623416 -1.352758 0.000000
-1.427205 0.973624 0.000000
-0.700438 -1.353795 0.000000
0.236736 1.098709 0.000000
1.181489 -0.468038 0.000000
-0.321842 -1.305201 0.000000
1.542741 0.177746 0.000000
-0.933391 1.326555 0.000000
0.049523 1.186682 0.000000
-0.326076 -1.306265 0.000000
-1.018656 1.298379 0.000000
-0.704234 1.360221 0.000000
-0.991951 -1.303632 0.000000
0.318319 -1.041840 0.000000
0.561076 -0.901632 0.000000
-1.428285 -0.967787 0.000000
0.843804 -0.716778 0.000000
0.199796 1.117138 0.000000
0.300372 -1.051447 0.000000
1.024715 -0.587240 0.000000
0.753138 -0.778452 0.000000
-1.516915 0.827982 0.000000
1.497036 -0.207702 0.000000
-1.427692 0.972952 0.000000
-1.113804 -1.250193 0.000000
0.673763 0.846019 0.000000
-1.498936 -0.856370 0.000000
-1.072708 1.275104 0.000000
-1.009330 1.301908 0.000000
1.405770 -0.285901 0.000000
1.252757 -0.411657 0.000000
0.471363 -0.955547 0.000000
0.549201 -0.908914 0.000000
-1.344011 1.075070 0.000000
1.270502 0.410745 0.000000
0.367669 -1.014812 0.000000
-1.419192 -0.980278 0.000000
1.170615 0.490596 0.000000
-0.814771 1.350978 0.000000
-0.744710 -1.351974 0.000000
-1.314483 -1.101442 0.000000
1.044442 0.587392 0.000000
-1.437286 -0.955071 0.000000
-0.578821 -1.349874 0.000000
-0.490195 -1.339567 0.000000
-0.496196 1.348765 0.000000
0.872179 -0.697032 0.000000
-1.460021 -0.921097 0.000000
-1.680427 0.291851 0.000000
-1.619699 0.574453 0.000000
-1.051493 -1.280385 0.000000
1.160339 -0.484507 0.000000
0.414966 -0.988205 0.000000
0.589680 -0.883930 0.000000
-0.251396 -1.285679 0.000000
0.457787 0.978498 0.000000
0.400931 1.010987 0.000000
0.993706 0.625063 0.000000
-1.632685 0.529388 0.000000
0.741966 0.801346 0.000000
1.620854 0.106437 0.000000
0.094830 -1.153509 0.000000
0.678762 0.842799 0.000000
-0.573321 1.357000 0.000000
0.601829 0.891701 0.000000
1.602982 -0.113763 0.000000
1.623748 -0.094942 0.000000
1.166507 -0.479717 0.000000
0.026268 1.196625 0.000000
0.164453 1.134279 0.000000
-0.724962 1.359380 0.000000
-0.463789 -1.335393 0.000000
-0.014905 1.213682 0.000000
-0.185631 -1.264981 0.000000
-0.216708 1.285803 0.000000
1.291121 -0.380736 0.000000
-0.969083 1.315940 0.000000
0.906582 0.688082 0.000000
-1.231916 1.177524 0.000000
0.453703 0.980851 0.000000
-1.206367 -1.192580 0.000000
1.232032 -0.428182 0.000000
1.155497 0.502444 0.000000
-0.050590 -1.215715 0.000000
0.404456 1.008999 0.000000
-0.128710 -1.245291 0.000000
0.941352 -0.648018 0.000000
-0.317768 -1.304164 0.000000
0.255212 1.089298 0.000000
0.383971 1.020454 0.000000
1.674902 -0.047972 0.000000
-0.891828 -1.331808 0.000000
1.562845 -0.149753 0.000000
1.454088 -0.244785 0.000000
0.893524 -0.682048 0.000000
0.561542 0.916600 0.000000
0.393942 -1.000136 0.000000
-0.210605 -1.273131 0.000000
-0.305958 1.311038 0.000000
0.307580 1.061990 0.000000
-1.534554 -0.788087 0.000000
0.374953 1.025468 0.000000
-1.121040 1.250401 0.000000
-1.402187 1.006926 0.000000
0.514239 -0.930088 0.000000
-0.727630 -1.352927 0.000000
0.241942 1.096048 0.000000
0.628613 0.874868 0.000000
-0.964437 -1.312651 0.000000
-0.156629 -1.255150 0.000000
1.462249 -0.237783 0.000000
0.646876 0.863272 0.000000
-1.178894 -1.211429 0.000000
-0.850327 -1.339847 0.000000
-1.688286 0.225023 0.000000
-0.651712 1.360669 0.000000
-0.686935 -1.353963 0.000000
-0.058295 -1.218768 0.000000
1.533092 -0.176109 0.000000
-0.644151 1.360585 0.000000
0.455641 0.979730 0.000000
-0.548794 1.354871 0.000000
1.580597 -0.133901 0.000000
-0.436531 -1.330632 0.000000
-0.932777 -1.321838 0.000000
1.235146 0.439341 0.000000
0.539610 0.929960 0.000000
1.165554 -0.480445 0.000000
-0.725593 1.359352 0.000000
1.652898 -0.068278 0.000000
-1.510485 -0.835280 0.000000
-0.622524 -1.352702 0.000000
-0.375794 -1.318168 0.000000
1.296772 0.389263 0.000000
0.980439 0.634782 0.000000
-1.520604 -0.816011 0.000000
-0.888930 1.337590 0.000000
1.311407 -0.364240 0.000000
1.680543 0.050533 0.000000
1.088772 0.553895 0.000000
-0.118001 1.253006 0.000000
-1.689102 0.216789 0.000000
-1.205973 -1.192860 0.000000
1.120123 0.529892 0.000000
0.709342 0.822885 0.000000
-1.184819 -1.207480 0.000000
-0.160840 -1.256607 0.000000
1.047446 0.585152 0.000000
-1.393371 -1.013860 0.000000
-0.410210 1.334565 0.000000
-0.867547 1.342071 0.000000
0.785007 0.772470 0.000000
0.740100 0.802579 0.000000
-1.185704 1.210881 0.000000
-0.980817 1.312103 0.000000
-1.151661 1.232672 0.000000
-1.252947 1.160775 0.000000
-0.422006 -1.327831 0.000000
-0.948516 -1.317440 0.000000
1.066562 -0.556067 0.000000
-0.699399 -1.353823 0.000000
-0.038150 1.222981 0.000000
1.232684 0.441302 0.000000
0.737251 -0.789011 0.000000
0.567889 -0.897430 0.000000
1.182511 -0.467226 0.000000
1.663720 0.066413 0.000000
-0.771261 -1.350014 0.000000
0.788425 0.770145 0.000000
-0.025120 1.217771 0.000000
1.552572 0.168895 0.000000
-0.874048 1.340755 0.000000
0.127344 1.151784 0.000000
-0.259705 -1.288116 0.000000
-1.333960 1.085685 0.000000
-1.599338 0.636911 0.000000
-1.064969 1.278689 0.000000
0.968386 -0.628496 0.000000
0.167344 1.132907 0.000000
0.854389 -0.709440 0.000000
-1.336590 -1.078923 0.000000
1.114201 -0.519993 0.000000
0.011080 -1.190451 0.000000
-1.655347 -0.430031 0.000000
0.588004 0.900299 0.000000
0.465334 -0.959104 0.000000
-1.552916 0.753761 0.000000
0.859773 0.721047 0.000000
-0.223086 1.287764 0.000000
-0.938113 1.325267 0.000000
-0.894955 -1.331080 0.000000
-1.527603 0.807144 0.000000
1.628706 0.099155 0.000000
-1.143061 -1.233752 0.000000
-0.367468 1.325715 0.000000
1.228154 0.444943 0.000000
1.612257 -0.105361 0.000000
1.551952 0.169455 0.000000
0.682497 0.840390 0.000000
-1.011157 -1.296686 0.000000
1.385593 0.315069 0.000000
-0.780461 1.355095 0.000000
-0.418341 1.336134 0.000000
-1.144096 1.237209 0.000000
-1.203370 1.198698 0.000000
0.051529 1.185814 0.000000
1.394437 0.307535 0.000000
-0.075108 1.237237 0.000000
0.922421 0.676766 0.000000
1.482370 -0.220418 0.000000
-1.424023 -0.973696 0.000000
1.542930 0.177578 0.000000
0.968692 0.643381 0.000000
-0.838541 -1.341779 0.000000
-0.433953 1.338990 0.000000
-0.087743 -1.230139 0.000000
0.947980 0.658393 0.000000
1.177549 -0.471119 0.000000
-0.519928 -1.343656 0.000000
-0.451129 -1.333265 0.000000
1.641116 0.087615 0.000000
0.919410 0.678923 0.000000
1.008598 0.614084 0.000000
-0.616105 1.359660 0.000000
0.455051 0.980094 0.000000
0.174394 1.129490 0.000000
-1.380008 -1.030217 0.000000
1.078776 -0.546881 0.000000
1.487901 0.226564 0.000000
-0.578873 1.357420 0.000000
-1.663059 0.398338 0.000000
-0.216941 1.285887 0.000000
1.165417 -0.480557 0.000000
0.122122 1.154193 0.000000
-0.217432 1.286027 0.000000
-0.099337 -1.234508 0.000000
1.329416 0.362263 0.000000
1.219328 0.452029 0.000000
-0.094420 1.244435 0.000000
-0.946462 1.322886 0.000000
0.290438 -1.056741 0.000000
0.132344 -1.136032 0.000000
0.795115 -0.750164 0.000000
-1.487336 0.881310 0.000000
0.958178 0.651027 0.000000
1.063445 -0.558420 0.000000
-0.885453 1.338374 0.000000
-0.404902 1.333557 0.000000
-0.412103 1.334929 0.000000
0.620905 0.879741 0.000000
1.648159 0.081034 0.000000
-0.413259 -1.326123 0.000000
-0.700411 1.360361 0.000000
-1.088389 -1.263301 0.000000
1.373962 -0.312593 0.000000
0.124220 -1.139897 0.000000
-0.854753 1.344508 0.000000
0.338660 1.045325 0.000000
0.285908 -1.059121 0.000000
1.101782 -0.529460 0.000000
1.224413 -0.434232 0.000000
-1.188447 -1.205016 0.000000
0.726919 -0.795845 0.000000
-1.497613 0.863441 0.000000
0.456868 -0.964034 0.000000
-0.314624 -1.303324 0.000000
1.419822 0.285829 0.000000
0.837299 0.736676 0.000000
-0.029989 -1.207452 0.000000
-1.391218 1.020706 0.000000
-0.993367 1.307733 0.000000
1.424814 -0.269768 0.000000
-0.229855 1.289780 0.000000
1.297749 0.388451 0.000000
1.510899 -0.195603 0.000000
-0.473873 -1.337046 0.000000
-0.618087 1.359745 0.000000
1.698648 0.033336 0.000000
1.711867 0.020676 0.000000
-0.899636 1.335181 0.000000
-0.010080 1.211722 0.000000
0.886954 0.701974 0.000000
0.970317 -0.627096 0.000000
-1.492219 -0.868218 0.000000
-1.463073 -0.916364 0.000000
0.732217 -0.792344 0.000000
-1.410465 -0.991930 0.000000
-1.277814 -1.135639 0.000000
-0.675742 -1.354047 0.000000
1.201638 -0.452241 0.000000
0.549153 0.924162 0.000000
0.217993 -1.094187 0.000000
-1.220193 -1.182497 0.000000
0.498020 -0.939779 0.000000
-0.817196 1.350614 0.000000
-0.423896 1.337198 0.000000
-0.884137 1.338682 0.000000
-0.098435 1.245919 0.000000
1.328014 0.363411 0.000000
1.267869 -0.399530 0.000000
-0.143170 1.261828 0.000000
-0.322572 1.315212 0.000000
-0.603161 1.358988 0.000000
-0.944755 -1.318477 0.000000
0.848217 0.729086 0.000000
-0.664704 -1.353907 0.000000
1.341784 0.351956 0.000000
1.418172 0.287229 0.000000
-1.301488 -1.113989 0.000000
0.023315 1.197886 0.000000
0.852009 0.726453 0.000000
-0.426968 1.337730 0.000000
-1.217624 -1.184374 0.000000
1.074792 -0.549878 0.000000
0.139339 1.146183 0.000000
-0.067416 -1.222353 0.000000
-0.812011 -1.345560 0.000000
-0.492431 -1.339875 0.000000
-0.458470 1.343136 0.000000
-0.853780 1.344676 0.000000
0.940347 -0.648718 0.000000
1.538136 0.181891 0.000000
-0.456310 1.342800 0.000000
-1.289702 -1.124940 0.000000
1.532026 -0.177061 0.000000
-0.528004 1.352686 0.000000
-1.062620 1.279753 0.000000
-0.098397 1.245919 0.000000
-0.581904 1.357644 0.000000
-0.789740 1.354115 0.000000
-0.429457 -1.329316 0.000000
-1.297705 1.121507 0.000000
-1.114765 -1.249689 0.000000
-0.330387 1.317172 0.000000
-0.082147 1.239870 0.000000
0.604401 0.890104 0.000000
1.411976 0.292551 0.000000
-1.145605 1.236313 0.000000
-1.060274 -1.276548 0.000000
-0.067241 1.234240 0.000000
1.342532 -0.338668 0.000000
0.412099 -0.989829 0.000000
-0.314154 -1.303212 0.000000
-0.174796 -1.261368 0.000000
-0.972032 1.314960 0.000000
-0.226934 -1.278257 0.000000
1.219475 -0.438153 0.000000
0.494399 -0.941935 0.000000
-0.196453 1.279501 0.000000
-0.332314 1.317620 0.000000
-1.386297 -1.022599 0.000000
-0.793333 1.353723 0.000000
1.424530 0.281768 0.000000
0.307096 1.062242 0.000000
1.631751 0.096326 0.000000
0.039757 -1.178100 0.000000
-1.688938 -0.211819 0.000000
0.826765 0.743930 0.000000
1.008910 -0.598920 0.000000
-0.523426 -1.344104 0.000000
-0.736696 -1.352422 0.000000
-1.085505 -1.264701 0.000000
1.108962 -0.523998 0.000000
1.489907 -0.213892 0.000000
-1.465576 -0.912415 0.000000
-1.452007 0.937802 0.000000
-0.030242 1.219816 0.000000
-0.566107 1.356468 0.000000
-0.078159 1.238385 0.000000
-1.468802 -0.907261 0.000000
0.523675 -0.924402 0.000000
1.692572 -0.031559 0.000000
0.942364 -0.647290 0.000000
-1.663443 -0.390035 0.000000
0.762766 -0.771982 0.000000
-1.090155 -1.262432 0.000000
-1.131306 -1.240530 0.000000
-1.007077 1.302748 0.000000
0.317675 -1.042176 0.000000
-0.236490 -1.281170 0.000000
0.696892 0.831035 0.000000
0.317349 1.056781 0.000000
1.144250 0.511210 0.000000
-1.653890 0.442955 0.000000
-1.057822 1.281938 0.000000
1.164484 0.495414 0.000000
1.354362 0.341425 0.000000
-0.066573 -1.222017 0.000000
-0.394303 1.331428 0.000000
-1.697853 0.081958 0.000000
1.382812 -0.305199 0.000000
-1.630048 0.538938 0.000000
-1.636985 0.513311 0.000000
0.325465 -1.037975 0.000000
0.507950 0.948977 0.000000
-0.280742 -1.294137 0.000000
1.693552 -0.030663 0.000000
0.713941 -0.804415 0.000000
1.645320 -0.075252 0.000000
-0.725717 1.359352 0.000000
0.837539 0.736508 0.000000
-1.299187 -1.116146 0.000000
-1.686386 -0.236439 0.000000
-1.699170 0.008380 0.000000
-1.495271 0.867586 0.000000
1.295116 0.390607 0.000000
0.075834 1.175171 0.000000
-0.565129 -1.348641 0.000000
0.516656 0.943796 0.000000
0.211249 -1.097604 0.000000
1.342127 -0.339004 0.000000
-0.889537 -1.332313 0.000000
-1.688454 0.223343 0.000000
-1.087984 1.267738 0.000000
1.220926 -0.437005 0.000000
0.294028 1.069132 0.000000
-1.685783 -0.241872 0.000000
0.817973 -0.734563 0.000000
1.164138 0.495694 0.000000
-1.045039 1.287540 0.000000
0.036157 -1.179668 0.000000
0.152633 1.139909 0.000000
0.909648 0.685897 0.000000
-1.362918 -1.050187 0.000000
-1.606350 -0.610739 0.000000
1.648228 -0.072563 0.000000
-0.347796 -1.311643 0.000000
-1.337777 1.081708 0.000000
-1.036470 -1.286743 0.000000
-0.331439 1.317424 0.000000
-0.780358 -1.349201 0.000000
-0.102797 -1.235797 0.000000
-0.584596 -1.350294 0.000000
-0.993045 1.307845 0.000000
1.204367 0.463933 0.000000
0.551238 -0.907653 0.000000
-1.361739 1.055576 0.000000
-0.624736 -1.352814 0.000000
-0.931580 -1.322146 0.000000
1.643513 -0.076904 0.000000
-0.910416 -1.327551 0.000000
-0.388028 1.330140 0.000000
-0.887000 -1.332845 0.000000
-0.009871 1.211638 0.000000
0.136129 -1.134267 0.000000
1.504144 0.212196 0.000000
0.592454 -0.882222 0.000000
-1.588982 0.665619 0.000000
1.149688 0.506981 0.000000
-0.635887 1.360333 0.000000
-0.685944 -1.353963 0.000000
1.058120 -0.562397 0.000000
-0.111332 -1.238961 0.000000
0.856673 0.723204 0.000000
-1.441158 0.953851 0.000000
1.064621 0.572212 0.000000
-0.871717 -1.335954 0.000000
0.376427 -1.009967 0.000000
-1.647790 -0.463753 0.000000
1.003842 0.617585 0.000000
-0.871655 1.341231 0.000000
-1.255995 -1.154321 0.000000
1.519403 -0.188153 0.000000
1.115998 0.533057 0.000000
1.069923 0.568207 0.000000
-0.108852 -1.238065 0.000000
-1.695518 -0.126507 0.000000
1.107817 -0.524866 0.000000
-1.100397 -1.257251 0.000000
-0.924201 -1.324050 0.000000
0.455085 0.980066 0.000000
0.083919 1.171558 0.000000
-0.236339 -1.281142 0.000000
0.849774 -0.712633 0.000000
-1.621482 -0.562733 0.000000
-1.137934 1.240822 0.000000
-1.294976 -1.120095 0.000000
-0.240790 -1.282486 0.000000
-1.559884 0.737992 0.000000
-1.264111 1.151448 0.000000
1.203825 -0.450505 0.000000
0.155414 1.138592 0.000000
0.065852 -1.166616 0.000000
0.298966 -1.052203 0.000000
-0.861803 -1.337802 0.000000
-1.077594 1.272779 0.000000
-0.353454 -1.312987 0.000000
1.534807 -0.174597 0.000000
-1.033031 1.292609 0.000000
1.603421 0.122542 0.000000
1.275491 -0.393396 0.000000
-1.116308 -1.248848 0.000000
-1.354689 1.063447 0.000000
1.469035 -0.231957 0.000000
1.469436 -0.231593 0.000000
0.427838 -0.980839 0.000000
1.673527 0.057171 0.000000
0.396199 -0.998848 0.000000
0.575783 0.907861 0.000000
1.313773 -0.362307 0.000000
-0.776099 -1.349594 0.000000
1.510111 0.206902 0.000000
1.152346 -0.490696 0.000000
-1.401467 1.007850 0.000000
-0.387380 1.330000 0.000000
-0.723357 -1.353095 0.000000
0.515271 0.944636 0.000000
0.924512 -0.660062 0.000000
-1.673915 0.336356 0.000000
-0.018814 -1.202887 0.000000
-1.199890 1.201106 0.000000
-0.672234 -1.353991 0.000000
1.248399 0.428670 0.000000
1.489797 0.224883 0.000000
-1.354304 1.063867 0.000000
-1.068168 1.277261 0.000000
1.728672 0.002303 0.000000
-1.363851 -1.049094 0.000000
0.328452 -1.036351 0.000000
-0.352377 -1.312735 0.000000
0.159584 -1.123036 0.000000
-0.329649 -1.307161 0.000000
1.104758 -0.527191 0.000000
0.373698 1.026140 0.000000
1.089914 -0.538450 0.000000
-0.145827 1.262724 0.000000
-0.038098 1.222953 0.000000
1.286708 0.397497 0.000000
1.018765 0.606550 0.000000
-1.210931 1.193208 0.000000
-0.304614 -1.300663 0.000000
-1.697956 -0.072087 0.000000
-1.672382 0.345906 0.000000
-0.569724 -1.349061 0.000000
-0.046043 -1.213922 0.000000
-0.851486 1.345068 0.000000
0.780045 0.775803 0.000000
1.210214 0.459283 0.000000
1.241236 -0.420872 0.000000
-1.225209 1.182621 0.000000
-1.032448 1.292833 0.000000
0.773938 -0.764476 0.000000
-1.309319 -1.106455 0.000000
-0.134470 -1.247364 0.000000
-1.699074 -0.018563 0.000000
0.749328 0.796445 0.000000
-0.136353 1.259475 0.000000
0.383796 1.020566 0.000000
-1.432558 0.966146 0.000000
-0.901450 1.334761 0.000000
0.486961 -0.946361 0.000000
-0.237865 -1.281590 0.000000
-1.054009 1.283674 0.000000
0.223158 -1.091583 0.000000
-0.515104 1.351202 0.000000
-0.791070 -1.348053 0.000000
1.301356 0.385482 0.000000
-1.216373 -1.185298 0.000000
0.343773 -1.028004 0.000000
0.845213 -0.715798 0.000000
-0.543228 1.354367 0.000000
-1.108774 1.257039 0.000000
0.515820 0.944300 0.000000
0.395318 1.014124 0.000000
-1.315440 -1.100489 0.000000
-0.247010 -1.284363 0.000000
-1.366340 1.050339 0.000000
-0.724074 1.359436 0.000000
-0.868637 1.341847 0.000000
1.438969 -0.257725 0.000000
-0.992949 1.307873 0.000000
-1.191410 -1.203027 0.000000
-1.114432 1.254014 0.000000
1.702032 0.030087 0.000000
0.255558 1.089130 0.000000
0.166726 1.133187 0.000000
1.057640 -0.562761 0.000000
-0.896021 -1.330828 0.000000
1.225178 0.447324 0.000000
-0.448180 -1.332733 0.000000
0.142151 1.144866 0.000000
1.275107 -0.393704 0.000000
1.158442 0.500147 0.000000
-1.589184 -0.659613 0.000000
1.280837 0.402315 0.000000
1.696614 -0.027806 0.000000
-0.713232 -1.353431 0.000000
1.179829 0.483342 0.000000
1.683516 -0.039990 0.000000
1.246420 -0.416727 0.000000
-1.525919 0.810477 0.000000
-0.775050 1.355655 0.000000
-1.291273 -1.123512 0.000000
1.298774 0.387610 0.000000
0.234158 1.099997 0.000000
0.857612 0.722560 0.000000
0.049033 -1.174067 0.000000
1.067101 -0.555647 0.000000
-0.130513 -1.245935 0.000000
0.240340 -1.082844 0.000000
0.200931 1.116578 0.000000
-0.808441 -1.346037 0.000000
-1.270112 1.146295 0.000000
-0.552322 -1.347437 0.000000
1.572210 -0.141407 0.000000
-0.117744 1.252922 0.000000
-0.278334 -1.293465 0.000000
0.047610 1.187523 0.000000
1.351931 0.343470 0.000000
1.503969 -0.201653 0.000000
-0.220504 1.286979 0.000000
-0.413989 -1.326263 0.000000
1.668181 -0.054190 0.000000
1.113241 -0.520721 0.000000
-0.703548 1.360249 0.000000
-0.089496 -1.230811 0.000000
-0.801357 -1.346961 0.000000
1.367687 0.330194 0.000000
-0.207217 -1.272039 0.000000
-0.421626 -1.327775 0.000000
1.552973 0.168531 0.000000
-0.077642 -1.226274 0.000000
0.669898 -0.833096 0.000000
-0.241486 1.293281 0.000000
-1.497201 -0.859451 0.000000
1.332190 0.359938 0.000000
1.506531 -0.199412 0.000000
1.109936 0.537706 0.000000
0.852438 -0.710784 0.000000
-0.806267 -1.346317 0.000000
-1.001772 1.304737 0.000000
-0.101662 1.247096 0.000000
1.354019 0.341705 0.000000
1.356238 0.339857 0.000000
1.694125 -0.030103 0.000000
-1.487192 0.881534 0.000000
1.401377 -0.289598 0.000000
1.020939 0.604926 0.000000
-0.903236 -1.329176 0.000000
1.501706 0.214380 0.000000
0.919784 0.678671 0.000000
-1.019421 -1.293549 0.000000
-0.566624 -1.348781 0.000000
-1.241401 -1.166140 0.000000
-0.993556 -1.303072 0.000000
0.424080 0.997880 0.000000
-0.526594 -1.344524 0.000000
-0.024077 -1.205072 0.000000
-0.381558 -1.319457 0.000000
-0.750224 -1.351638 0.000000
1.391323 0.310196 0.000000
1.299573 -0.373874 0.000000
-1.686866 -0.232041 0.000000
-0.531234 -1.345056 0.000000
-1.460484 -0.920397 0.000000
1.279874 0.403099 0.000000
0.681588 0.840978 0.000000
1.680279 0.050785 0.000000
1.285401 0.398590 0.000000
-0.933048 -1.321753 0.000000
-0.323213 1.315380 0.000000
0.673324 0.846300 0.000000
-1.182810 -1.208853 0.000000
0.132186 -1.136116 0.000000
1.125270 -0.511534 0.000000
0.797509 -0.748539 0.000000
0.433441 -0.977618 0.000000
-1.580444 -0.682664 0.000000
-0.662431 1.360781 0.000000
-1.236254 -1.170202 0.000000
-0.147504 1.263313 0.000000
-1.414586 -0.986496 0.000000
-0.433977 -1.330156 0.000000
0.097498 -1.152276 0.000000
-0.526515 -1.344524 0.000000
-0.473685 1.345544 0.000000
-0.143921 1.262080 0.000000
-0.532938 1.353219 0.000000
-1.389435 1.022919 0.000000
-0.749946 1.357840 0.000000
0.653995 -0.843319 0.000000
-1.088426 1.267514 0.000000
1.097375 0.547341 0.000000
-1.372780 1.042889 0.000000
-0.335160 1.318292 0.000000
-0.282483 1.304821 0.000000
-1.447601 0.944412 0.000000
1.433191 0.274290 0.000000
-0.352926 -1.312875 0.000000
-1.463374 -0.915888 0.000000
0.553292 -0.906393 0.000000
-1.690590 -0.194090 0.000000
-0.881242 1.339299 0.000000
-1.511867 -0.832704 0.000000
0.431322 0.993734 0.000000
-0.576689 1.357252 0.000000
1.131881 -0.506465 0.000000
0.805348 0.758634 0.000000
1.079195 -0.546573 0.000000
0.468510 -0.957228 0.000000
-0.256015 1.297454 0.000000
-0.546222 -1.346737 0.000000
-1.236827 -1.169753 0.000000
-0.645416 -1.353543 0.000000
-1.141703 -1.234564 0.000000
-0.784075 1.354703 0.000000
-0.245389 -1.283858 0.000000
0.968572 0.643465 0.000000
0.657612 0.856410 0.000000
-1.554531 0.750176 0.000000
-1.155494 -1.226302 0.000000
0.754286 -0.777668 0.000000
-1.577474 -0.690226 0.000000
-0.033586 -1.208909 0.000000
1.187894 -0.463024 0.000000
-1.452477 -0.932665 0.000000
0.714338 0.819608 0.000000
-1.366419 -1.046154 0.000000
-1.467263 0.914275 0.000000
1.669258 0.061204 0.000000
1.628682 0.099183 0.000000
-1.161756 -1.222409 0.000000
0.414187 1.003509 0.000000
-1.387696 1.025047 0.000000
-0.764951 1.356608 0.000000
-0.520844 -1.343768 0.000000
0.734549 0.806276 0.000000
-1.441799 0.952926 0.000000
0.626199 -0.861020 0.000000
1.632475 0.095654 0.000000
0.434254 -0.977141 0.000000
0.538592 0.930576 0.000000
0.352091 1.038043 0.000000
-0.662376 -1.353879 0.000000
-1.197836 1.202535 0.000000
0.677027 -0.828474 0.000000
-0.867574 -1.336766 0.000000
-0.588584 1.358120 0.000000
-0.327510 1.316444 0.000000
0.832632 -0.724508 0.000000
-1.458159 0.928447 0.000000
1.508811 -0.197423 0.000000
-0.930003 1.327479 0.000000
-0.120991 -1.242490 0.000000
-1.372266 -1.039404 0.000000
1.421574 -0.272541 0.000000
-0.802934 -1.346765 0.000000
0.592177 -0.882390 0.000000
0.188103 -1.109116 0.000000
-0.822209 -1.344244 0.000000
-0.981942 1.311739 0.000000
-0.190418 1.277541 0.000000
-0.991001 1.308546 0.000000
-1.335445 1.084145 0.000000
1.064796 -0.557384 0.000000
-0.309418 -1.301952 0.000000
0.836558 0.737180 0.000000
0.923381 0.676094 0.000000
-1.534821 -0.787526 0.000000
-1.673346 -0.333515 0.000000
0.502200 -0.937286 0.000000
-1.339306 -1.076066 0.000000
0.750230 0.795829 0.000000
-0.692534 -1.353879 0.000000
-1.273887 -1.139084 0.000000
0.678663 -0.827410 0.000000
-0.288693 1.306501 0.000000
1.597955 0.127555 0.000000
-0.484815 -1.338754 0.000000
-0.129927 -1.245739 0.000000
0.430413 -0.979354 0.000000
0.065519 1.179708 0.000000
0.192091 1.120891 0.000000
-1.029382 1.294065 0.000000
0.005440 1.205336 0.000000
-0.586547 -1.350434 0.000000
-0.408366 1.334229 0.000000
1.221402 -0.436641 0.000000
-1.539526 -0.777724 0.000000
-0.063195 1.232700 0.000000
-1.302424 -1.113093 0.000000
1.438640 0.269584 0.000000
-1.563018 -0.725460 0.000000
1.205917 -0.448852 0.000000
-0.054993 -1.217451 0.000000
0.414846 1.003117 0.000000
-1.305095 -1.110544 0.000000
-0.446369 -1.332397 0.000000
-1.024129 1.296166 0.000000
-0.783944 -1.348809 0.000000
-1.265672 -1.146171 0.000000
0.593603 0.896826 0.000000
0.544949 0.926739 0.000000
-1.397256 1.013172 0.000000
1.493761 0.221382 0.000000
1.426038 0.280479 0.000000
-0.481489 1.346693 0.000000
-1.074758 -1.269910 0.000000
-0.050436 1.227770 0.000000
0.201359 1.116354 0.000000
-0.216787 1.285831 0.000000
-1.593718 -0.647206 0.000000
0.604377 -0.874772 0.000000
-1.125350 1.247992 0.000000
1.050515 0.582855 0.000000
-0.883032 -1.333629 0.000000
-0.333572 1.317928 0.000000
-0.159993 -1.256298 0.000000
-1.379820 -1.030441 0.000000
0.105213 1.161951 0.000000
0.727900 0.810673 0.000000
-1.610362 -0.598500 0.000000
-1.375252 1.039976 0.000000
-1.110156 -1.252181 0.000000
1.533503 0.186036 0.000000
1.727541 0.005608 0.000000
-1.140341 -1.235376 0.000000
0.009736 1.203571 0.000000
-1.699098 0.022581 0.000000
-1.545427 0.770201 0.000000
0.505622 -0.935241 0.000000
0.925935 -0.659053 0.000000
-1.634139 -0.518088 0.000000
-0.067996 -1.222577 0.000000
1.055538 0.579074 0.000000
-1.181298 -1.209861 0.000000
-1.332187 -1.083544 0.000000
1.553313 0.168223 0.000000
1.627369 -0.091637 0.000000
-0.084407 1.240710 0.000000
1.096768 0.547789 0.000000
-0.547810 1.354787 0.000000
-1.024290 1.296110 0.000000
-1.669080 -0.359086 0.000000
1.635918 -0.083850 0.000000
0.851625 0.726733 0.000000
0.769696 -0.767333 0.000000
1.224646 -0.434064 0.000000
1.252881 -0.411573 0.000000
1.363905 -0.320967 0.000000
1.401377 -0.289598 0.000000
-0.726423 1.359296 0.000000
-0.260027 1.298603 0.000000
0.549660 -0.908634 0.000000
-0.146335 1.262920 0.000000
1.342635 0.351228 0.000000
0.198366 1.117838 0.000000
0.533644 -0.918380 0.000000
0.563202 0.915592 0.000000
-1.236573 1.173883 0.000000
1.648622 0.080585 0.000000
1.144569 -0.496690 0.000000
-0.752693 -1.351498 0.000000
-1.202242 -1.195493 0.000000
-0.978547 1.312831 0.000000
-1.499170 0.860696 0.000000
0.057427 -1.170342 0.000000
-0.192743 -1.267334 0.000000
-1.692168 0.182059 0.000000
-0.144572 -1.250949 0.000000
-0.179552 -1.262964 0.000000
-1.004886 1.303560 0.000000
0.023459 1.197830 0.000000
-0.647299 1.360613 0.000000
1.158209 -0.486159 0.000000
-0.072625 1.236285 0.000000
-1.308311 1.111424 0.000000
-1.598738 0.638619 0.000000
0.386707 -1.004197 0.000000
-0.892586 1.336778 0.000000
-1.605891 -0.612112 0.000000
0.458353 0.978162 0.000000
-1.109498 1.256647 0.000000
0.098640 -1.151744 0.000000
0.365197 1.030845 0.000000
-0.088659 1.242306 0.000000
0.214431 1.109884 0.000000
-1.191002 1.207296 0.000000
0.166401 1.133355 0.000000
-1.141442 -1.234704 0.000000
-0.081108 -1.227618 0.000000
0.154996 -1.125248 0.000000
0.744980 0.799330 0.000000
-1.614117 0.592490 0.000000
-1.459088 -0.922554 0.000000
-0.685896 1.360641 0.000000
0.956995 -0.636731 0.000000
1.408540 -0.283548 0.000000
0.939260 0.664695 0.000000
-0.929797 1.327535 0.000000
-1.298679 -1.116622 0.000000
-0.612223 -1.352142 0.000000
-1.042313 -1.284363 0.000000
-1.352244 1.066163 0.000000
-0.529348 -1.344860 0.000000
0.288710 -1.057637 0.000000
0.046962 1.187803 0.000000
0.006928 1.204720 0.000000
-1.386479 1.026560 0.000000
1.618961 -0.099283 0.000000
0.313258 -1.044557 0.000000
-1.333004 -1.082704 0.000000
0.814462 0.752388 0.000000
1.436627 0.271321 0.000000
-1.674176 0.334703 0.000000
-0.683406 1.360669 0.000000
0.336013 1.046782 0.000000
0.892643 0.697969 0.000000
-0.469539 -1.336346 0.000000
-1.398597 -1.007306 0.000000
1.632777 0.095374 0.000000
-1.312968 -1.102926 0.000000
1.718618 0.014206 0.000000
-1.117062 -1.248456 0.000000
1.721039 -0.004895 0.000000
-0.733168 -1.352646 0.000000
-0.261399 -1.288592 0.000000
-0.079329 1.238833 0.000000
-1.637924 -0.503748 0.000000
1.491762 0.223147 0.000000
0.003207 -1.193756 0.000000
-1.519198 0.823585 0.000000
-1.593762 0.652567 0.000000
-1.131073 1.244799 0.000000
-0.084194 1.240626 0.000000
-0.969063 1.315940 0.000000
-1.274203 1.142738 0.000000
0.313176 1.059021 0.000000
0.258624 -1.073405 0.000000
-1.377419 1.037455 0.000000
1.402951 -0.288282 0.000000
-0.088038 -1.230251 0.000000
1.406692 -0.285117 0.000000
-1.499677 -0.855054 0.000000
0.598959 -0.878133 0.000000
1.051012 -0.567719 0.000000
-0.382590 -1.319681 0.000000
1.562681 -0.149893 0.000000
-0.308252 1.311627 0.000000
-1.696355 0.117584 0.000000
0.896281 -0.680087 0.000000
1.021262 -0.589817 0.000000
1.685086 0.046219 0.000000
-0.386053 1.329720 0.000000
1.119544 -0.515904 0.000000
0.547267 -0.910090 0.000000
0.808485 0.756477 0.000000
-0.014860 1.213654 0.000000
1.523721 -0.184343 0.000000
0.377415 -1.009407 0.000000
-0.799797 1.352883 0.000000
0.711767 -0.805844 0.000000
1.450607 -0.247782 0.000000
-1.043524 1.288184 0.000000
1.518097 -0.189301 0.000000
1.611939 -0.105669 0.000000
0.645062 0.864421 0.000000
-1.659990 -0.407652 0.000000
-1.332205 1.087534 0.000000
-1.090124 1.266645 0.000000
1.721135 0.011769 0.000000
1.300900 0.385846 0.000000
-0.078739 1.238609 0.000000
1.017500 -0.592590 0.000000
1.443009 -0.254280 0.000000
1.136644 -0.502796 0.000000
-0.849493 -1.340015 0.000000
0.885634 -0.687593 0.000000
-0.349836 1.321765 0.000000
0.505248 -0.935465 0.000000
1.575378 -0.138578 0.000000
-1.222761 -1.180565 0.000000
-0.801230 -1.346989 0.000000
0.525585 0.938418 0.000000
-0.088460 -1.230419 0.000000
0.682973 -0.824637 0.000000
0.340152 -1.029993 0.000000
-1.224918 -1.178912 0.000000
-0.753588 1.357532 0.000000
0.542309 -0.913115 0.000000
-0.369446 1.326163 0.000000
-0.746057 1.358148 0.000000
0.978094 -0.621466 0.000000
1.399306 0.303390 0.000000
-1.534461 0.793252 0.000000
-1.252532 1.161111 0.000000
-1.659945 -0.407876 0.000000
1.366682 0.331062 0.000000
-0.519002 -1.343544 0.000000
-1.004968 1.303532 0.000000
-0.993957 -1.302904 0.000000
-1.404210 -1.000108 0.000000
-0.828895 1.348849 0.000000
0.913522 -0.667876 0.000000
0.285301 -1.059457 0.000000
-0.338592 1.319105 0.000000
1.301799 -0.372054 0.000000
0.376029 -1.010191 0.000000
-0.764269 1.356664 0.000000
1.519976 -0.187648 0.000000
-1.451469 0.938614 0.000000
-0.392434 1.331036 0.000000
1.311541 -0.364128 0.000000
0.350500 -1.024307 0.000000
1.226402 -0.432664 0.000000
0.625215 -0.861636 0.000000
-0.416623 -1.326795 0.000000
0.017849 1.200182 0.000000
-1.221969 -1.181153 0.000000
-0.820302 -1.344496 0.000000
-0.488522 1.347701 0.000000
0.342922 -1.028480 0.000000
1.386262 -0.302286 0.000000
-1.059012 -1.277137 0.000000
0.248652 -1.078559 0.000000
1.700551 -0.024109 0.000000
0.606692 -0.873315 0.000000
-0.772732 1.355907 0.000000
1.204069 -0.450309 0.000000
-1.604639 0.621478 0.000000
-0.263459 -1.289208 0.000000
1.289914 0.394865 0.000000
-0.366727 1.325575 0.000000
-1.133333 1.243511 0.000000
-1.542502 -0.771422 0.000000
-0.137838 1.260008 0.000000
0.712847 -0.805116 0.000000
0.086093 -1.157486 0.000000
-1.403638 -1.000836 0.000000
-0.344977 1.320617 0.000000
0.320744 -1.040524 0.000000
1.246606 0.430099 0.000000
0.384739 -1.005290 0.000000
0.727773 0.810757 0.000000
0.807378 -0.741817 0.000000
0.671308 0.847616 0.000000
1.462153 -0.237867 0.000000
-1.146613 -1.231651 0.000000
0.963761 0.646966 0.000000
-0.481918 1.346749 0.000000
-0.817182 -1.344888 0.000000
0.806003 0.758186 0.000000
0.278848 -1.062846 0.000000
0.286810 -1.058645 0.000000
0.296240 -1.053660 0.000000
1.328984 -0.349815 0.000000
-1.467290 -0.909698 0.000000
-0.443822 -1.331920 0.000000
-0.548392 1.354843 0.000000
-0.439220 1.339915 0.000000
-0.045063 1.225670 0.000000
1.083694 -0.543156 0.000000
1.318299 0.371478 0.000000
0.794831 0.765804 0.000000
1.270125 0.411053 0.000000
-1.217364 -1.184570 0.000000
1.401785 0.301261 0.000000
-0.500352 1.349297 0.000000
-1.544868 0.771406 0.000000
-0.011873 1.212450 0.000000
-0.737708 -1.352366 0.000000
-1.064705 1.278829 0.000000
-0.700630 -1.353795 0.000000
0.811383 -0.739072 0.000000
-0.920419 1.330056 0.000000
1.236370 0.438361 0.000000
-1.124119 -1.244619 0.000000
1.413862 0.290926 0.000000
0.991525 -0.611663 0.000000
-0.826900 -1.343572 0.000000
-1.578270 0.693571 0.000000
0.907336 -0.672273 0.000000
-1.110948 -1.251761 0.000000
-0.287593 1.306221 0.000000
0.216526 1.108848 0.000000
0.493188 0.957744 0.000000
-0.258083 -1.287640 0.000000
1.562167 -0.150370 0.000000
-0.951403 1.321401 0.000000
-0.575200 -1.349566 0.000000
1.477933 -0.224255 0.000000
-0.621605 1.359885 0.000000
-0.499577 -1.340939 0.000000
-1.695514 -0.126535 0.000000
0.775467 0.778912 0.000000
-1.518986 -0.819148 0.000000
1.594680 -0.121241 0.000000
0.923309 0.676150 0.000000
0.432035 0.993342 0.000000
-0.807529 1.351902 0.000000
-1.102667 -1.256074 0.000000
-0.098425 1.245919 0.000000
0.721460 -0.799458 0.000000
0.580072 0.905201 0.000000
0.138958 -1.132923 0.000000
-1.580238 -0.683196 0.000000
-0.838181 1.347421 0.000000
0.903263 -0.675158 0.000000
-1.464561 0.918532 0.000000
-1.075067 1.273984 0.000000
1.295078 -0.377544 0.000000
-1.055487 -1.278649 0.000000
-0.044267 1.225362 0.000000
1.721451 0.011461 0.000000
0.618467 0.881282 0.000000
-1.371113 1.044821 0.000000
0.667649 0.849969 0.000000
-1.652398 0.449704 0.000000
0.093754 -1.153985 0.000000
0.783639 0.773394 0.000000
1.199656 -0.453782 0.000000
0.317030 1.056949 0.000000
1.727976 0.001658 0.000000
0.418710 -0.986076 0.000000
1.478677 -0.223611 0.000000
-0.748190 1.357980 0.000000
-1.414247 -0.986944 0.000000
1.579524 0.144444 0.000000
-1.289561 -1.125080 0.000000
-0.996961 -1.301840 0.000000
1.616242 -0.101748 0.000000
-1.683794 -0.258985 0.000000
0.327125 1.051543 0.000000
1.274542 0.407440 0.000000
0.653539 -0.843599 0.000000
-1.366207 1.050479 0.000000
-0.557116 -1.347885 0.000000
-0.639765 -1.353347 0.000000
-0.984754 1.310758 0.000000
-1.126409 -1.243331 0.000000
0.445515 0.985584 0.000000
1.137176 -0.502404 0.000000
1.335338 0.357334 0.000000
0.545700 -0.911042 0.000000
1.320216 -0.357014 0.000000
1.451838 -0.246718 0.000000
1.018330 0.606886 0.000000
0.940245 0.663967 0.000000
-1.274710 -1.138356 0.000000
-0.710091 1.360025 0.000000
0.660592 -0.839089 0.000000
-1.630123 0.538658 0.000000
-0.039494 -1.211289 0.000000
0.280028 -1.062230 0.000000
-0.842148 1.346721 0.000000
-1.380533 1.033702 0.000000
1.222856 -0.435464 0.000000
1.657112 0.072631 0.000000
-1.115042 -1.249549 0.000000
0.221138 1.106551 0.000000
0.693819 -0.817579 0.000000
0.720528 0.815519 0.000000
-1.500281 -0.853962 0.000000
0.241534 -1.082228 0.000000
1.621101 -0.097350 0.000000
-0.243784 -1.283382 0.000000
-1.572293 -0.703166 0.000000
-1.360922 -1.052427 0.000000
-1.295754 1.123300 0.000000
-0.121368 1.254182 0.000000
-0.559262 -1.348081 0.000000
0.686728 0.837645 0.000000
-1.607238 0.613692 0.000000
1.267382 0.413266 0.000000
0.121827 1.154333 0.000000
-1.069238 1.276756 0.000000
1.576047 -0.137962 0.000000
1.506504 -0.199440 0.000000
-0.136504 1.259531 0.000000
-1.444210 0.949397 0.000000
-1.655299 0.436429 0.000000
1.300777 0.385958 0.000000
0.917462 0.680323 0.000000
1.324821 -0.353260 0.000000
-1.526591 0.809161 0.000000
1.122393 0.528127 0.000000
0.127972 -1.138104 0.000000
1.146489 -0.495206 0.000000
-0.386050 -1.320465 0.000000
-1.015351 -1.295090 0.000000
-1.372927 1.042693 0.000000
-1.629746 -0.534137 0.000000
1.092780 0.550842 0.000000
1.347665 -0.334439 0.000000
0.716824 -0.802511 0.000000
1.063137 -0.558644 0.000000
-0.495281 -1.340295 0.000000
0.170594 -1.117686 0.000000
-0.063500 1.232812 0.000000
-0.799824 1.352883 0.000000
1.043084 0.588429 0.000000
0.585987 -0.886227 0.000000
0.750720 -0.780048 0.000000
0.208320 1.112909 0.000000
-1.557212 -0.738932 0.000000
-1.051438 1.284795 0.000000
0.899110 0.693375 0.000000
-0.047497 1.226622 0.000000
-0.704734 -1.353739 0.000000
-0.272450 -1.291813 0.000000
1.164635 0.495302 0.000000
1.014448 0.609743 0.000000
-0.295322 1.308238 0.000000
1.553200 -0.158324 0.000000
1.187298 -0.463500 0.000000
-0.724249 1.359436 0.000000
0.570241 -0.895974 0.000000
1.695815 -0.028534 0.000000
1.127657 0.524066 0.000000
-1.166700 -1.219328 0.000000
1.455936 0.254572 0.000000
-1.076171 -1.269238 0.000000
0.526960 -0.922414 0.000000
-0.989890 1.308938 0.000000
0.732471 0.807648 0.000000
-0.946267 1.322942 0.000000
0.568901 -0.896814 0.000000
-1.324654 -1.091275 0.000000
-0.879669 1.339635 0.000000
-0.396525 1.331904 0.000000
1.043725 -0.573152 0.000000
1.221104 0.450601 0.000000
-0.725771 -1.353011 0.000000
-0.206538 -1.271815 0.000000
-0.579998 -1.349958 0.000000
1.607460 0.118816 0.000000
-0.446170 -1.332369 0.000000
0.128335 1.151308 0.000000
-0.977536 1.313167 0.000000
-0.163542 1.268746 0.000000
-0.105043 -1.236665 0.000000
0.061144 1.181641 0.000000
-1.135483 1.242250 0.000000
0.724176 -0.797665 0.000000
1.286636 0.397553 0.000000
-1.425511 -0.971624 0.000000
-0.065812 -1.221708 0.000000
0.364998 -1.016297 0.000000
1.128576 0.523366 0.000000
1.548286 -0.162693 0.000000
-0.412594 -1.326011 0.000000
0.186395 -1.109956 0.000000
1.002721 -0.603457 0.000000
-0.752271 -1.351526 0.000000
1.668503 0.061904 0.000000
1.322366 -0.355249 0.000000
-0.744254 -1.352002 0.000000
-0.822589 -1.344188 0.000000
0.442724 0.987208 0.000000
0.200207 1.116914 0.000000
0.161871 1.135511 0.000000
-0.511637 -1.342564 0.000000
0.202690 1.115710 0.000000
-0.011599 -1.199918 0.000000
0.355346 -1.021646 0.000000
-0.380923 1.328655 0.000000
-0.302176 -1.300019 0.000000
-0.890494 -1.332088 0.000000
-1.036491 -1.286743 0.000000
1.614486 -0.103344 0.000000
-0.979912 1.312411 0.000000
-0.883458 -1.333545 0.000000
0.890774 -0.683980 0.000000
-0.499814 -1.340967 0.000000
-0.541624 -1.346233 0.000000
0.326165 1.052075 0.000000
-0.437108 1.339551 0.000000
-1.647344 -0.465657 0.000000
-0.709929 1.360025 0.000000
0.511629 -0.931656 0.000000
-1.385858 1.027316 0.000000
-1.633377 -0.520889 0.000000
0.829066 0.742361 0.000000
-1.168151 1.222365 0.000000
0.829663 -0.726553 0.000000
-1.250121 -1.159138 0.000000
0.296247 1.067984 0.000000
-0.007155 -1.198098 0.000000
-1.652124 -0.444791 0.000000
-0.075145 -1.225322 0.000000
-1.679923 -0.289038 0.000000
-1.493392 0.870863 0.000000
0.888419 0.700937 0.000000
-0.921588 -1.324722 0.000000
-1.552714 -0.749099 0.000000
-0.987819 1.309666 0.000000
-0.378694 -1.318813 0.000000
1.560891 -0.151490 0.000000
-0.712025 1.359941 0.000000
0.596446 0.895062 0.000000
-1.437993 0.958388 0.000000
0.401171 -0.996047 0.000000
0.771459 0.781601 0.000000
1.115364 0.533533 0.000000
-0.810643 -1.345756 0.000000
-1.181263 1.213822 0.000000
0.523398 0.939735 0.000000
-0.938997 -1.320101 0.000000
-1.414453 0.990905 0.000000
-0.503178 -1.341471 0.000000
-1.171031 -1.216527 0.000000
0.868650 -0.699497 0.000000
-1.655858 0.433852 0.000000
-1.047463 -1.282122 0.000000
-1.337862 -1.077579 0.000000
-1.532613 0.797033 0.000000
0.221957 1.106131 0.000000
-0.296052 -1.298395 0.000000
-1.410540 -0.991846 0.000000
-0.112323 1.250961 0.000000
1.302142 0.384838 0.000000
-0.206987 -1.271955 0.000000
-0.667561 1.360837 0.000000
-0.948749 1.322186 0.000000
-1.699087 -0.016967 0.000000
-0.579703 1.357476 0.000000
-0.923892 -1.324134 0.000000
0.066188 1.179400 0.000000
-1.565699 0.724380 0.000000
1.446585 -0.251227 0.000000
-1.411555 -0.990501 0.000000
0.643403 -0.850097 0.000000
0.421556 -0.984452 0.000000
-1.219654 -1.182889 0.000000
0.222900 1.105655 0.000000
0.319458 1.055660 0.000000
-0.794410 -1.347689 0.000000
1.383142 0.317142 0.000000
0.640430 -0.851973 0.000000
-0.511167 -1.342507 0.000000
-1.692792 -0.167399 0.000000
0.154951 1.138816 0.000000
0.078526 1.173967 0.000000
-1.698789 0.046023 0.000000
-0.684617 -1.353991 0.000000
-0.384205 1.329328 0.000000
-0.051441 -1.216051 0.000000
1.568572 0.154387 0.000000
-0.948461 -1.317468 0.000000
0.955764 -0.637627 0.000000
0.996919 0.622711 0.000000
-1.257531 -1.153061 0.000000
-0.880327 1.339495 0.000000
1.321502 0.368817 0.000000
-1.140225 1.239478 0.000000
0.483556 0.963430 0.000000
-1.013057 1.300479 0.000000
-0.717545 1.359773 0.000000
0.453343 0.981075 0.000000
-0.417761 1.336022 0.000000
-1.654205 0.441526 0.000000
-1.694842 -0.137766 0.000000
1.261899 0.417719 0.000000
0.016375 1.200798 0.000000
0.347942 1.040284 0.000000
0.312411 -1.045005 0.000000
-1.694832 -0.137934 0.000000
1.428086 0.278715 0.000000
0.491083 -0.943896 0.000000
-1.668377 0.369489 0.000000
-0.885340 -1.333181 0.000000
-0.729200 1.359156 0.000000
-0.820457 -1.344468 0.000000
-0.516444 -1.343208 0.000000
-1.317066 1.102854 0.000000
-0.987099 1.309918 0.000000
0.147064 -1.129058 0.000000
-0.438435 -1.330968 0.000000
0.698928 0.829691 0.000000
-1.106240 -1.254254 0.000000
-0.685566 1.360669 0.000000
1.677837 -0.045255 0.000000
-1.107128 1.257907 0.000000
0.056734 -1.170650 0.000000
-1.497359 -0.859171 0.000000
-0.867917 1.341987 0.000000
0.099761 1.164444 0.000000
-0.199423 1.280454 0.000000
-1.529427 0.803475 0.000000
0.095094 -1.153369 0.000000
-0.959516 -1.314135 0.000000
0.818580 0.749559 0.000000
1.700856 0.031207 0.000000
-1.551047 0.757934 0.000000
-0.517003 1.351454 0.000000
-0.329852 -1.307217 0.000000
-0.222363 -1.276800 0.000000
0.496943 0.955531 0.000000
-0.108293 1.249505 0.000000
0.343396 1.042749 0.000000
-0.764543 1.356636 0.000000
-1.578873 0.692059 0.000000
0.643660 0.865317 0.000000
-1.142546 1.238105 0.000000
1.080587 0.560141 0.000000
-1.078386 -1.268174 0.000000
0.920696 -0.662778 0.000000
-0.847813 1.345712 0.000000
-1.182158 1.213234 0.000000
1.058027 -0.562453 0.000000
1.047247 0.585292 0.000000
-0.729152 1.359156 0.000000
1.180402 -0.468878 0.000000
0.762207 -0.772374 0.000000
-0.698213 -1.353823 0.000000
-0.019993 -1.203391 0.000000
-0.596539 -1.351190 0.000000
0.806678 0.757710 0.000000
-0.290789 1.307061 0.000000
-0.123247 -1.243331 0.000000
-1.097421 1.262948 0.000000
-0.329876 -1.307217 0.000000
0.223271 -1.091527 0.000000
0.836322 0.737348 0.000000
-1.571765 0.709760 0.000000
-0.879593 1.339635 0.000000
-1.409271 0.997767 0.000000
-0.177621 -1.262292 0.000000
-1.683359 0.269080 0.000000
0.662975 -0.837549 0.000000
-0.024478 -1.205240 0.000000
-0.156591 1.266421 0.000000
0.740533 -0.786826 0.000000
-0.322911 1.315296 0.000000
1.239285 -0.422413 0.000000
1.261878 -0.404347 0.000000
0.491765 0.958584 0.000000
-1.691492 -0.183615 0.000000
-1.567654 0.719731 0.000000
-0.281256 1.304484 0.000000
1.431364 -0.264223 0.000000
1.379442 -0.307999 0.000000
-1.057408 1.282134 0.000000
0.082774 1.172062 0.000000
-1.178681 -1.211570 0.000000
1.699176 -0.025397 0.000000
-0.441047 -1.331444 0.000000
-1.624143 -0.553715 0.000000
0.169343 -1.118302 0.000000
1.124917 0.526167 0.000000
0.700773 -0.813042 0.000000
1.025610 -0.586596 0.000000
1.548553 -0.162441 0.000000
-1.317525 -1.098417 0.000000
0.469888 0.971440 0.000000
-0.766652 -1.350378 0.000000
-1.241175 1.170298 0.000000
1.116526 -0.518228 0.000000
-1.123951 -1.244703 0.000000
-0.105406 1.248440 0.000000
1.503404 -0.202129 0.000000
-0.072577 1.236285 0.000000
-0.137502 1.259868 0.000000
-0.629142 -1.353011 0.000000
0.515905 -0.929080 0.000000
0.308289 -1.047218 0.000000
1.413327 0.291403 0.000000
-0.332965 -1.308001 0.000000
0.499480 -0.938910 0.000000
-0.462859 1.343864 0.000000
0.687404 -0.821752 0.000000
0.554591 -0.905609 0.000000
1.664142 -0.057943 0.000000
0.452438 -0.966610 0.000000
0.377013 -1.009631 0.000000
-0.939251 1.324930 0.000000
0.284077 -1.060102 0.000000
-0.981572 1.311851 0.000000
0.192979 -1.106707 0.000000
-0.355168 -1.313407 0.000000
1.097770 -0.532512 0.000000
-1.524733 0.812802 0.000000
-1.165953 1.223793 0.000000
1.419571 -0.274222 0.000000
-0.568737 1.356664 0.000000
1.426995 -0.267920 0.000000
-1.277063 1.140273 0.000000
1.600558 -0.115948 0.000000
-1.523118 0.815995 0.000000
-1.313763 -1.102170 0.000000
-1.200298 1.200826 0.000000
-0.428634 -1.329148 0.000000
-0.862417 -1.337690 0.000000
-0.918324 -1.325535 0.000000
-0.792987 -1.347857 0.000000
1.385432 0.315181 0.000000
-1.671443 -0.345194 0.000000
1.428062 -0.267023 0.000000
-0.739175 -1.352282 0.000000
-0.112028 -1.239214 0.000000
-0.066741 -1.222073 0.000000
-0.188426 1.276896 0.000000
0.689279 -0.820520 0.000000
-1.571868 0.709508 0.000000
-1.472622 0.905677 0.000000
-1.177447 1.216399 0.000000
-1.034306 -1.287640 0.000000
-1.193937 1.205252 0.000000
-1.083262 1.270034 0.000000
-0.659485 -1.353851 0.000000
0.383131 1.020930 0.000000
0.824289 0.745638 0.000000
0.829378 0.742137 0.000000
1.566192 0.156543 0.000000
-1.694297 0.152958 0.000000
-0.140512 1.260904 0.000000
1.415285 -0.277863 0.000000
-0.774151 1.355739 0.000000
0.371242 1.027512 0.000000
-0.631529 1.360193 0.000000
1.508609 0.208246 0.000000
0.801703 0.761127 0.000000
0.978358 -0.621270 0.000000
-1.380903 -1.029153 0.000000
-0.492009 1.348205 0.000000
1.343701 -0.337716 0.000000
-0.040241 -1.211598 0.000000
1.596868 -0.119281 0.000000
-1.123707 1.248916 0.000000
-0.577241 1.357308 0.000000
1.459852 0.251155 0.000000
0.261075 1.086273 0.000000
-0.783060 -1.348893 0.000000
0.736517 0.804960 0.000000
-0.285628 -1.295482 0.000000
0.169987 -1.117994 0.000000
-0.519483 1.351734 0.000000
0.622492 -0.863344 0.000000
1.476524 -0.225487 0.000000
0.788052 -0.754953 0.000000
-0.679555 1.360725 0.000000
-0.025534 1.217939 0.000000
-0.503551 -1.341527 0.000000
0.744390 0.799722 0.000000
-1.006007 1.303140 0.000000
1.437992 0.270144 0.000000
-0.478866 1.346301 0.000000
-0.316856 -1.303912 0.000000
-0.914260 -1.326571 0.000000
0.574740 0.908506 0.000000
-0.187449 1.276588 0.000000
-0.274463 -1.292373 0.000000
1.246564 -0.416615 0.000000
0.882593 0.705055 0.000000
-1.032043 -1.288536 0.000000
-0.380330 -1.319177 0.000000
-1.516246 -0.824385 0.000000
-1.602849 0.626744 0.000000
-1.546747 -0.762263 0.000000
1.606188 0.119993 0.000000
-0.691461 1.360585 0.000000
-1.356184 -1.057721 0.000000
0.460962 -0.961653 0.000000
0.983920 0.632233 0.000000
-0.940036 -1.319793 0.000000
-1.288684 -1.125865 0.000000
-1.028278 1.294514 0.000000
-0.989674 -1.304444 0.000000
0.449900 -0.968095 0.000000
0.749674 0.796221 0.000000
-0.095263 -1.232968 0.000000
