0.497038 -0.000007 0.000000
0.166591 -0.050012 0.000000
-0.479970 0.023488 0.000000
0.232415 0.041362 0.000000
0.444610 -0.012513 0.000000
-0.161522 -0.072501 0.000000
0.498370 -0.000251 0.000000
-0.141969 -0.072182 0.000000
0.501156 -0.003081 0.000000
0.109956 0.056150 0.000000
-0.252902 -0.071204 0.000000
0.422261 -0.016055 0.000000
-0.236828 0.075541 0.000000
0.264806 -0.038349 0.000000
-0.181006 0.075807 0.000000
-0.419015 0.053305 0.000000
0.238963 -0.041586 0.000000
-0.044424 0.070035 0.000000
0.299924 -0.033762 0.000000
0.199024 0.045675 0.000000
0.455536 0.007384 0.000000
-0.301442 -0.068135 0.000000
0.157276 -0.051025 0.000000
-0.268654 0.074461 0.000000
-0.058669 -0.069018 0.000000
0.453547 0.007729 0.000000
0.087351 0.058551 0.000000
0.497016 -0.000004 0.000000
0.026025 0.064469 0.000000
-0.000664 0.066747 0.000000
-0.045575 0.070113 0.000000
0.275206 0.035543 0.000000
0.282153 0.034568 0.000000
-0.101361 0.073368 0.000000
-0.279403 -0.069777 0.000000
-0.392756 0.059992 0.000000
0.185631 0.047348 0.000000
-0.440343 0.046090 0.000000
-0.441129 -0.043150 0.000000
0.192891 -0.047061 0.000000
0.177947 0.048292 0.000000
-0.489831 0.010712 0.000000
-0.341322 0.068581 0.000000
-0.438546 -0.044020 0.000000
-0.370817 -0.059723 0.000000
0.060771 0.061227 0.000000
0.048412 0.062415 0.000000
0.387321 -0.021396 0.000000
-0.233656 0.075607 0.000000
0.369055 0.021645 0.000000
0.301735 -0.033520 0.000000
-0.138343 -0.072106 0.000000
0.376493 0.020475 0.000000
0.395408 -0.020180 0.000000
-0.442114 -0.042810 0.000000
0.310312 -0.032364 0.000000
-0.444031 -0.042134 0.000000
-0.061003 0.071124 0.000000
-0.405873 0.056900 0.000000
-0.392592 -0.055780 0.000000
0.218319 0.043207 0.000000
0.029658 -0.063083 0.000000
-0.132335 -0.071962 0.000000
0.362371 -0.025067 0.000000
0.327345 0.028016 0.000000
-0.391827 0.060193 0.000000
0.123415 -0.054567 0.000000
0.097376 -0.057130 0.000000
-0.239258 -0.071731 0.000000
-0.339805 -0.064159 0.000000
-0.190626 0.075892 0.000000
0.146117 -0.052218 0.000000
0.235484 -0.042012 0.000000
-0.431059 0.049474 0.000000
-0.039043 -0.067902 0.000000
-0.098176 -0.070857 0.000000
-0.421666 0.052509 0.000000
-0.324313 -0.065945 0.000000
-0.129412 0.074554 0.000000
0.340965 -0.028127 0.000000
-0.041622 -0.068058 0.000000
-0.107348 -0.071201 0.000000
-0.354900 -0.062151 0.000000
0.178313 -0.048712 0.000000
0.034654 0.063692 0.000000
0.065351 -0.060080 0.000000
-0.031097 -0.067416 0.000000
-0.324144 -0.065963 0.000000
0.294015 0.032883 0.000000
0.085312 -0.058268 0.000000
-0.342475 0.068440 0.000000
-0.316492 -0.066753 0.000000
-0.132062 -0.071955 0.000000
-0.464283 -0.033499 0.000000
0.150678 -0.051733 0.000000
0.180722 -0.048442 0.000000
-0.461830 -0.034731 0.000000
-0.196631 -0.072585 0.000000
0.294304 0.032842 0.000000
-0.292354 0.073134 0.000000
-0.297230 0.072797 0.000000
0.083997 0.058897 0.000000
0.251507 0.038806 0.000000
-0.098529 -0.070871 0.000000
-0.319572 -0.066441 0.000000
0.185133 -0.047945 0.000000
0.136156 0.053231 0.000000
-0.195597 -0.072591 0.000000
0.200900 0.045438 0.000000
0.397392 0.017133 0.000000
0.005095 -0.064959 0.000000
0.159398 -0.050796 0.000000
-0.193449 -0.072605 0.000000
0.335354 0.026817 0.000000
-0.296225 -0.068564 0.000000
-0.125052 0.074390 0.000000
-0.390428 0.060494 0.000000
-0.320499 0.070860 0.000000
-0.396554 0.059141 0.000000
-0.285881 0.073544 0.000000
-0.352641 -0.062471 0.000000
0.143728 -0.052470 0.000000
-0.321346 0.070777 0.000000
-0.063556 0.071283 0.000000
-0.085727 0.072570 0.000000
-0.069647 0.071654 0.000000
0.287043 0.033876 0.000000
-0.231945 -0.071960 0.000000
-0.373890 -0.059212 0.000000
-0.274925 0.074157 0.000000
0.052841 -0.061168 0.000000
0.449934 -0.011654 0.000000
0.364109 -0.024815 0.000000
0.369587 -0.024017 0.000000
-0.334430 0.069399 0.000000
0.220080 0.042979 0.000000
-0.120086 -0.071621 0.000000
0.086446 0.058644 0.000000
-0.337945 0.068992 0.000000
-0.276768 -0.069943 0.000000
0.028599 0.064239 0.000000
0.299347 0.032118 0.000000
0.018160 0.065160 0.000000
0.265019 -0.038321 0.000000
-0.377658 -0.058568 0.000000
0.007794 -0.064761 0.000000
-0.384094 -0.057413 0.000000
0.267956 0.036552 0.000000
0.227106 -0.043031 0.000000
0.004753 -0.064984 0.000000
0.364744 -0.024723 0.000000
-0.464369 -0.033455 0.000000
-0.226585 -0.072106 0.000000
0.401670 0.016438 0.000000
0.157732 -0.050976 0.000000
0.391586 0.018070 0.000000
0.043102 -0.061988 0.000000
0.007591 -0.064776 0.000000
-0.236931 0.075539 0.000000
-0.039493 -0.067930 0.000000
0.472852 -0.007889 0.000000
-0.128340 0.074516 0.000000
-0.067939 0.071552 0.000000
0.507303 -0.001896 0.000000
-0.368983 -0.060019 0.000000
-0.401037 -0.054023 0.000000
-0.161459 0.075485 0.000000
-0.049079 -0.068489 0.000000
-0.031096 -0.067416 0.000000
-0.140851 -0.072159 0.000000
0.379786 0.019954 0.000000
0.027780 0.064313 0.000000
-0.345099 -0.063485 0.000000
-0.479965 -0.023311 0.000000
-0.146484 0.075109 0.000000
0.134223 0.053452 0.000000
-0.378848 0.062813 0.000000
0.491971 -0.004661 0.000000
0.057246 0.061569 0.000000
0.268890 0.036422 0.000000
-0.451903 0.041197 0.000000
-0.170463 0.075660 0.000000
0.089620 -0.057866 0.000000
-0.130107 0.074579 0.000000
-0.019217 0.068212 0.000000
0.204626 0.044966 0.000000
0.365390 0.022217 0.000000
0.033332 -0.062787 0.000000
0.434578 0.010977 0.000000
0.275342 0.035524 0.000000
-0.034711 -0.067640 0.000000
0.321295 0.028914 0.000000
0.061083 0.061196 0.000000
-0.112713 0.073887 0.000000
-0.356996 0.066461 0.000000
-0.390266 -0.056241 0.000000
0.082698 0.059031 0.000000
-0.129830 -0.071898 0.000000
0.495350 0.000301 0.000000
0.348326 -0.027084 0.000000
-0.050329 -0.068559 0.000000
-0.487526 0.014773 0.000000
-0.492203 -0.003580 0.000000
-0.293510 -0.068775 0.000000
0.480532 -0.006602 0.000000
-0.320717 -0.066324 0.000000
0.289691 -0.035121 0.000000
0.451504 -0.011400 0.000000
-0.268649 0.074461 0.000000
-0.288624 -0.069142 0.000000
-0.239550 -0.071721 0.000000
0.383841 -0.021915 0.000000
-0.289471 0.073321 0.000000
-0.211899 0.075893 0.000000
0.124489 -0.054458 0.000000
-0.121424 -0.071662 0.000000
0.502393 -0.000989 0.000000
-0.007874 -0.065883 0.000000
0.261356 -0.038788 0.000000
-0.139931 -0.072139 0.000000
0.319549 0.029172 0.000000
-0.321625 0.070750 0.000000
-0.319855 0.070923 0.000000
0.149762 -0.051831 0.000000
0.213478 0.043833 0.000000
-0.458592 -0.036262 0.000000
-0.276088 0.074098 0.000000
0.305978 -0.032950 0.000000
-0.401058 -0.054018 0.000000
0.251952 -0.039973 0.000000
-0.009919 0.067489 0.000000
0.063212 0.060988 0.000000
-0.262526 0.074729 0.000000
-0.457453 0.038507 0.000000
0.039071 -0.062321 0.000000
0.457745 0.007000 0.000000
0.378294 -0.022737 0.000000
-0.178515 -0.072622 0.000000
-0.276514 -0.069959 0.000000
0.155279 0.051014 0.000000
-0.296937 -0.068508 0.000000
0.216416 0.043454 0.000000
0.074614 -0.059251 0.000000
-0.066953 -0.069450 0.000000
-0.402728 -0.053653 0.000000
0.132535 0.053643 0.000000
-0.150592 -0.072345 0.000000
0.380783 -0.022369 0.000000
0.283414 -0.035945 0.000000
-0.078017 0.072142 0.000000
-0.492018 -0.004721 0.000000
-0.025897 -0.067087 0.000000
-0.178372 0.075779 0.000000
-0.309758 0.071829 0.000000
0.374546 0.020782 0.000000
-0.255895 0.074985 0.000000
0.452827 -0.011185 0.000000
0.419334 0.013533 0.000000
-0.217185 0.075854 0.000000
0.075055 -0.059210 0.000000
0.425186 -0.015598 0.000000
0.355128 0.023807 0.000000
0.507050 -0.001849 0.000000
0.051896 0.062083 0.000000
0.028653 -0.063162 0.000000
0.378401 -0.022722 0.000000
0.064414 0.060870 0.000000
0.472318 0.004441 0.000000
0.323228 -0.030599 0.000000
-0.122192 -0.071685 0.000000
0.379691 0.019969 0.000000
-0.154914 -0.072413 0.000000
0.240921 -0.041344 0.000000
-0.100555 -0.070950 0.000000
0.469164 0.004998 0.000000
0.068435 0.060472 0.000000
0.268893 -0.037826 0.000000
-0.203260 -0.072525 0.000000
0.419996 -0.016409 0.000000
0.287898 0.033755 0.000000
-0.008930 -0.065956 0.000000
-0.405231 -0.053095 0.000000
-0.421819 -0.049007 0.000000
0.383352 0.019387 0.000000
-0.127797 -0.071843 0.000000
0.478381 0.003362 0.000000
0.174310 -0.049159 0.000000
-0.478684 0.024646 0.000000
0.192736 -0.047078 0.000000
0.293176 -0.034660 0.000000
0.423260 0.012879 0.000000
0.115018 -0.055409 0.000000
-0.053160 0.070620 0.000000
-0.413524 -0.051141 0.000000
-0.369616 0.064464 0.000000
0.319137 0.029233 0.000000
0.353273 0.024093 0.000000
-0.483588 0.019831 0.000000
-0.200343 0.075927 0.000000
0.259537 0.037711 0.000000
-0.427657 -0.047382 0.000000
-0.020164 0.068283 0.000000
0.028047 0.064289 0.000000
0.008464 -0.064711 0.000000
-0.166974 0.075595 0.000000
-0.268479 -0.070435 0.000000
0.190527 0.046740 0.000000
-0.342850 0.068392 0.000000
-0.339955 -0.064140 0.000000
-0.129229 -0.071882 0.000000
0.134892 -0.053392 0.000000
-0.443973 0.044644 0.000000
-0.036560 -0.067753 0.000000
-0.020465 0.068306 0.000000
0.462829 0.006112 0.000000
0.501469 -0.003027 0.000000
0.107765 -0.056125 0.000000
0.281215 0.034700 0.000000
0.280081 0.034860 0.000000
-0.262619 0.074725 0.000000
0.473715 -0.007745 0.000000
-0.027582 0.068838 0.000000
0.380804 0.019792 0.000000
0.464583 0.005805 0.000000
0.014063 0.065513 0.000000
0.160178 -0.050711 0.000000
-0.253925 0.075054 0.000000
-0.487707 -0.014888 0.000000
-0.019853 0.068260 0.000000
0.073690 -0.059334 0.000000
-0.087996 0.072692 0.000000
0.022354 0.064794 0.000000
0.320482 0.029034 0.000000
-0.410794 0.055616 0.000000
0.069917 -0.059673 0.000000
-0.475152 -0.027012 0.000000
-0.448978 -0.040295 0.000000
-0.413024 -0.051263 0.000000
0.001695 0.066552 0.000000
-0.264243 -0.070661 0.000000
-0.418198 -0.049962 0.000000
0.383524 0.019360 0.000000
-0.041524 -0.068052 0.000000
0.085489 -0.058252 0.000000
0.098068 -0.057064 0.000000
-0.445865 -0.041468 0.000000
0.198602 -0.046403 0.000000
0.319192 0.029225 0.000000
-0.366774 -0.060372 0.000000
0.047114 -0.061653 0.000000
-0.090388 0.072817 0.000000
0.324924 -0.030365 0.000000
-0.489300 0.011774 0.000000
0.483795 -0.006052 0.000000
0.045473 -0.061791 0.000000
0.257304 0.038017 0.000000
0.478429 0.003354 0.000000
0.219761 -0.043914 0.000000
0.255528 0.038259 0.000000
0.050604 -0.061358 0.000000
-0.219101 -0.072277 0.000000
0.293959 -0.034557 0.000000
-0.023949 -0.066962 0.000000
0.455514 -0.010748 0.000000
-0.077256 -0.069953 0.000000
-0.262590 -0.070749 0.000000
0.216546 0.043437 0.000000
0.482467 0.002631 0.000000
0.251425 -0.040039 0.000000
0.469767 -0.008403 0.000000
0.121549 0.054876 0.000000
-0.007592 -0.065863 0.000000
-0.049527 -0.068514 0.000000
-0.149173 0.075187 0.000000
0.290959 0.033320 0.000000
-0.037525 0.069556 0.000000
-0.317639 -0.066639 0.000000
-0.307998 0.071973 0.000000
0.144270 -0.052413 0.000000
0.244530 -0.040898 0.000000
-0.156507 -0.072435 0.000000
-0.139444 0.074896 0.000000
0.004438 -0.065007 0.000000
-0.212831 0.075886 0.000000
-0.001013 -0.065400 0.000000
0.501783 -0.002973 0.000000
-0.290675 -0.068992 0.000000
0.428253 0.012043 0.000000
-0.116636 0.074054 0.000000
0.373455 -0.023450 0.000000
0.426578 -0.015379 0.000000
0.383851 -0.021913 0.000000
-0.001905 0.066848 0.000000
0.041389 -0.062131 0.000000
-0.243194 0.075384 0.000000
0.029057 0.064198 0.000000
-0.173598 0.075708 0.000000
-0.274656 0.074170 0.000000
-0.083921 0.072471 0.000000
0.309803 -0.032433 0.000000
0.142256 0.052532 0.000000
0.341727 -0.028019 0.000000
-0.138083 -0.072101 0.000000
-0.472845 0.029270 0.000000
-0.284511 0.073626 0.000000
-0.445023 0.044211 0.000000
0.039586 -0.062279 0.000000
-0.150900 0.075232 0.000000
-0.363828 -0.060833 0.000000
0.280328 0.034825 0.000000
0.133696 -0.053516 0.000000
0.390564 0.018234 0.000000
-0.491754 -0.005959 0.000000
0.218361 0.043202 0.000000
-0.014125 -0.066311 0.000000
0.153211 0.051257 0.000000
-0.281305 0.073813 0.000000
-0.481917 -0.021568 0.000000
0.361663 0.022797 0.000000
-0.392620 -0.055774 0.000000
0.089333 -0.057893 0.000000
-0.134736 0.074743 0.000000
-0.156325 0.075371 0.000000
0.072951 0.060021 0.000000
-0.080026 -0.070083 0.000000
-0.052607 0.070583 0.000000
-0.091940 -0.070605 0.000000
-0.037461 -0.067807 0.000000
0.106760 0.056496 0.000000
0.253778 -0.039744 0.000000
-0.285273 0.073580 0.000000
0.364930 0.022289 0.000000
0.404109 0.016041 0.000000
-0.421624 -0.049060 0.000000
-0.492224 -0.003424 0.000000
0.112880 -0.055622 0.000000
0.319736 0.029145 0.000000
0.269327 0.036362 0.000000
0.169686 0.049296 0.000000
0.027236 -0.063274 0.000000
0.264951 0.036967 0.000000
-0.079732 0.072240 0.000000
0.321858 -0.030787 0.000000
-0.127096 -0.071823 0.000000
-0.288160 -0.069175 0.000000
0.047941 -0.061583 0.000000
0.353919 -0.026285 0.000000
-0.323014 -0.066084 0.000000
0.166135 0.049723 0.000000
-0.312465 -0.067146 0.000000
-0.316018 -0.066799 0.000000
-0.081195 0.072322 0.000000
0.063588 -0.060235 0.000000
-0.486543 -0.016501 0.000000
-0.048529 0.070314 0.000000
-0.040702 0.069778 0.000000
-0.365104 -0.060634 0.000000
0.020486 -0.063802 0.000000
-0.048195 0.070291 0.000000
-0.155468 -0.072421 0.000000
-0.307785 -0.067580 0.000000
-0.435586 0.047876 0.000000
0.313413 0.030074 0.000000
0.110053 -0.055900 0.000000
0.480830 0.002924 0.000000
-0.103156 -0.071049 0.000000
0.440104 0.010038 0.000000
-0.167654 -0.072563 0.000000
-0.160580 0.075466 0.000000
0.120997 0.054938 0.000000
-0.299290 -0.068313 0.000000
0.028102 0.064284 0.000000
-0.089245 -0.070492 0.000000
0.156950 0.050817 0.000000
-0.407116 0.056583 0.000000
-0.379185 -0.058299 0.000000
-0.115440 0.074004 0.000000
-0.252704 0.075097 0.000000
0.160743 -0.050650 0.000000
-0.453491 0.040454 0.000000
-0.011279 -0.066119 0.000000
-0.478932 -0.024169 0.000000
0.274269 0.035674 0.000000
0.348621 -0.027042 0.000000
0.149193 0.051727 0.000000
0.121614 0.054869 0.000000
-0.182994 0.075829 0.000000
-0.231283 -0.071980 0.000000
-0.258251 0.074900 0.000000
-0.475718 -0.026611 0.000000
0.351504 -0.026631 0.000000
0.245450 -0.040784 0.000000
-0.383153 -0.057585 0.000000
0.277859 -0.036669 0.000000
-0.072364 -0.069719 0.000000
-0.270865 -0.070297 0.000000
0.346704 -0.027314 0.000000
0.494602 0.000437 0.000000
-0.407778 0.056411 0.000000
-0.165240 0.075563 0.000000
0.140743 0.052706 0.000000
0.506071 -0.001668 0.000000
0.379721 -0.022526 0.000000
-0.103159 0.073453 0.000000
-0.272313 -0.070213 0.000000
-0.091648 -0.070593 0.000000
-0.108943 -0.071259 0.000000
-0.067600 -0.069484 0.000000
-0.036262 0.069467 0.000000
-0.449832 0.042140 0.000000
-0.235591 -0.071854 0.000000
-0.039478 0.069693 0.000000
0.352568 -0.026479 0.000000
0.474474 0.004058 0.000000
-0.248539 0.075229 0.000000
0.121100 0.054926 0.000000
0.479905 0.003090 0.000000
0.394062 -0.020384 0.000000
-0.352930 -0.062430 0.000000
0.459069 -0.010167 0.000000
0.300390 -0.033700 0.000000
-0.334507 -0.064798 0.000000
0.044548 -0.061868 0.000000
-0.439839 0.046284 0.000000
-0.375473 -0.058943 0.000000
0.039088 -0.062319 0.000000
0.179425 0.048112 0.000000
0.261977 -0.038709 0.000000
0.215805 0.043533 0.000000
0.474583 0.004039 0.000000
-0.385330 0.061551 0.000000
-0.484889 0.018323 0.000000
-0.132779 0.074673 0.000000
0.325929 -0.030226 0.000000
-0.099735 -0.070918 0.000000
0.320042 -0.031037 0.000000
-0.217007 -0.072319 0.000000
0.284104 -0.035855 0.000000
0.260717 -0.038869 0.000000
0.174889 -0.049095 0.000000
0.363574 0.022500 0.000000
-0.410877 -0.051783 0.000000
-0.436653 0.047485 0.000000
0.176840 0.048428 0.000000
0.052490 -0.061198 0.000000
0.276042 -0.036905 0.000000
0.272369 0.035939 0.000000
-0.003382 -0.065569 0.000000
0.166340 0.049698 0.000000
-0.230190 -0.072012 0.000000
-0.121638 0.074259 0.000000
-0.332535 -0.065029 0.000000
-0.080123 0.072262 0.000000
-0.470568 -0.029991 0.000000
-0.457483 -0.036764 0.000000
0.406856 -0.018439 0.000000
0.320582 -0.030963 0.000000
-0.222222 0.075796 0.000000
-0.214014 -0.072377 0.000000
-0.350008 -0.062832 0.000000
-0.300166 -0.068241 0.000000
-0.108082 0.073682 0.000000
0.096967 -0.057169 0.000000
0.355341 -0.026081 0.000000
-0.041498 -0.068050 0.000000
-0.147703 -0.072294 0.000000
-0.117900 -0.071554 0.000000
-0.329358 -0.065391 0.000000
-0.198697 0.075923 0.000000
0.343103 -0.027825 0.000000
-0.417540 0.053735 0.000000
0.237314 -0.041788 0.000000
-0.490586 0.008986 0.000000
-0.095780 -0.070763 0.000000
-0.326458 0.070264 0.000000
-0.256926 0.074948 0.000000
-0.167019 -0.072557 0.000000
0.437740 0.010440 0.000000
0.084266 -0.058366 0.000000
0.388148 0.018621 0.000000
-0.029625 0.068989 0.000000
-0.354277 -0.062240 0.000000
0.037568 0.063426 0.000000
-0.070150 -0.069610 0.000000
0.476766 0.003650 0.000000
-0.177919 0.075772 0.000000
0.234332 -0.042153 0.000000
-0.393171 -0.055665 0.000000
0.322369 0.028755 0.000000
-0.012702 0.067709 0.000000
-0.070824 -0.069643 0.000000
0.456023 0.007299 0.000000
0.010899 -0.064530 0.000000
-0.104800 0.073530 0.000000
0.330258 0.027581 0.000000
-0.434005 -0.045479 0.000000
-0.092097 -0.070611 0.000000
-0.301177 0.072509 0.000000
-0.336346 -0.064580 0.000000
-0.207469 -0.072477 0.000000
0.349535 0.024666 0.000000
0.107469 0.056420 0.000000
0.081100 -0.058658 0.000000
-0.159885 0.075450 0.000000
-0.492205 -0.003564 0.000000
-0.418238 0.053532 0.000000
-0.246433 0.075293 0.000000
-0.182437 -0.072631 0.000000
0.235942 -0.041956 0.000000
-0.277569 -0.069892 0.000000
-0.222205 0.075796 0.000000
-0.124784 -0.071760 0.000000
-0.331458 0.069730 0.000000
-0.298591 0.072702 0.000000
0.098159 -0.057056 0.000000
-0.238298 -0.071764 0.000000
-0.285628 -0.069359 0.000000
-0.418076 0.053579 0.000000
0.388461 -0.021225 0.000000
0.052581 0.062018 0.000000
0.455457 -0.010757 0.000000
0.253976 -0.039720 0.000000
0.398435 -0.019723 0.000000
0.224284 0.042431 0.000000
0.124361 -0.054471 0.000000
0.300907 0.031893 0.000000
0.007134 -0.064810 0.000000
-0.473147 -0.028369 0.000000
-0.393179 -0.055663 0.000000
0.468887 -0.008549 0.000000
0.026014 -0.063371 0.000000
-0.276220 0.074092 0.000000
-0.044996 -0.068254 0.000000
0.496990 0.000001 0.000000
0.397773 -0.019823 0.000000
-0.067551 -0.069481 0.000000
-0.081443 0.072335 0.000000
0.050673 0.062200 0.000000
-0.144103 -0.072227 0.000000
-0.371334 -0.059638 0.000000
-0.388845 -0.056515 0.000000
0.191171 -0.047258 0.000000
-0.108007 0.073679 0.000000
-0.224433 0.075768 0.000000
0.096931 -0.057173 0.000000
0.432478 -0.014449 0.000000
-0.446132 -0.041369 0.000000
0.460412 0.006535 0.000000
0.458842 0.006809 0.000000
-0.250233 -0.071319 0.000000
-0.266566 -0.070538 0.000000
-0.223641 -0.072178 0.000000
-0.025447 0.068681 0.000000
-0.072692 -0.069735 0.000000
-0.480698 0.022804 0.000000
-0.260873 0.074795 0.000000
0.273030 -0.037294 0.000000
0.144608 0.052260 0.000000
0.497313 -0.000058 0.000000
-0.385838 -0.057087 0.000000
0.417422 0.013851 0.000000
-0.121404 0.074250 0.000000
-0.154002 -0.072400 0.000000
0.435702 0.010786 0.000000
0.123946 0.054609 0.000000
-0.419092 0.053282 0.000000
0.387742 0.018686 0.000000
-0.434754 0.048177 0.000000
0.032558 -0.062850 0.000000
0.301125 0.031861 0.000000
0.311484 -0.032205 0.000000
-0.310713 0.071747 0.000000
0.317048 0.029541 0.000000
-0.008665 -0.065938 0.000000
0.408026 -0.018260 0.000000
0.354919 -0.026142 0.000000
0.143717 -0.052471 0.000000
0.305269 -0.033045 0.000000
-0.491959 0.004395 0.000000
-0.225840 -0.072124 0.000000
-0.081047 0.072314 0.000000
-0.353610 -0.062334 0.000000
-0.325092 -0.065861 0.000000
-0.311723 -0.067215 0.000000
-0.247008 -0.071448 0.000000
-0.180974 -0.072628 0.000000
-0.455294 0.039586 0.000000
0.167986 -0.049858 0.000000
0.064187 0.060892 0.000000
0.127073 -0.054196 0.000000
-0.004072 0.067022 0.000000
0.282045 -0.036124 0.000000
-0.150980 0.075234 0.000000
-0.453325 -0.038556 0.000000
0.144400 0.052284 0.000000
0.264817 -0.038347 0.000000
-0.304225 0.072278 0.000000
-0.347806 0.067750 0.000000
0.232014 0.041415 0.000000
0.325098 -0.030341 0.000000
-0.074497 0.071941 0.000000
-0.122182 -0.071685 0.000000
-0.082415 -0.070192 0.000000
-0.475693 0.027128 0.000000
0.492806 0.000764 0.000000
0.096791 -0.057186 0.000000
0.398839 -0.019661 0.000000
0.487286 0.001764 0.000000
-0.428733 0.050259 0.000000
0.116679 -0.055244 0.000000
-0.379037 0.062777 0.000000
-0.103121 0.073451 0.000000
-0.135750 0.074776 0.000000
-0.439569 -0.043679 0.000000
0.083084 -0.058475 0.000000
0.232264 -0.042406 0.000000
0.387914 -0.021307 0.000000
0.342993 -0.027840 0.000000
-0.002723 -0.065522 0.000000
0.398358 0.016976 0.000000
-0.448345 0.042797 0.000000
-0.460635 -0.035307 0.000000
-0.470898 -0.029791 0.000000
0.142472 0.052507 0.000000
0.368151 0.021786 0.000000
-0.158478 -0.072463 0.000000
0.391126 0.018144 0.000000
0.325033 0.028360 0.000000
0.187531 -0.047673 0.000000
0.145935 -0.052237 0.000000
0.478294 0.003378 0.000000
0.231105 0.041535 0.000000
0.199064 0.045670 0.000000
0.438942 -0.013421 0.000000
-0.477145 0.025957 0.000000
0.247378 -0.040545 0.000000
0.417874 -0.016739 0.000000
0.256728 0.038095 0.000000
-0.320502 0.070860 0.000000
0.139767 0.052818 0.000000
-0.413104 0.054989 0.000000
-0.474440 0.028094 0.000000
0.419114 -0.016546 0.000000
-0.415582 0.054297 0.000000
0.222427 0.042673 0.000000
-0.114518 -0.071446 0.000000
-0.462719 0.035690 0.000000
-0.237648 0.075524 0.000000
0.171196 -0.049505 0.000000
0.207688 -0.045344 0.000000
-0.347240 -0.063204 0.000000
-0.096921 -0.070808 0.000000
-0.437775 0.047068 0.000000
-0.270712 -0.070306 0.000000
-0.341459 -0.063951 0.000000
0.047964 0.062457 0.000000
0.178594 0.048213 0.000000
0.445682 0.009084 0.000000
0.344648 0.025411 0.000000
0.371799 0.021214 0.000000
-0.016485 0.068002 0.000000
0.085992 0.058691 0.000000
0.346172 -0.027390 0.000000
-0.108233 0.073689 0.000000
0.046767 -0.061683 0.000000
0.063135 0.060996 0.000000
-0.233708 -0.071909 0.000000
0.184635 0.047471 0.000000
-0.479794 -0.023455 0.000000
-0.471654 -0.029324 0.000000
0.462592 0.006154 0.000000
0.146749 -0.052151 0.000000
-0.359409 -0.061498 0.000000
0.494138 -0.004290 0.000000
-0.381581 0.062291 0.000000
0.360876 -0.025284 0.000000
-0.123377 0.074326 0.000000
0.242070 -0.041203 0.000000
-0.187485 -0.072626 0.000000
-0.112162 -0.071367 0.000000
0.255626 0.038246 0.000000
0.400534 0.016623 0.000000
-0.461753 -0.034768 0.000000
0.362106 -0.025106 0.000000
0.294452 0.032821 0.000000
-0.166593 0.075588 0.000000
0.016164 -0.064133 0.000000
-0.293403 0.073065 0.000000
0.489241 0.001410 0.000000
0.402391 -0.019121 0.000000
-0.116382 -0.071508 0.000000
0.347122 0.025035 0.000000
0.153753 -0.051405 0.000000
-0.327535 0.070152 0.000000
-0.165306 0.075564 0.000000
-0.091040 0.072851 0.000000
0.417382 0.013857 0.000000
0.249970 -0.040221 0.000000
-0.025012 -0.067030 0.000000
0.381922 -0.022200 0.000000
0.162126 0.050202 0.000000
-0.076423 -0.069914 0.000000
-0.021136 -0.066778 0.000000
0.446567 -0.012198 0.000000
0.319099 0.029239 0.000000
0.161343 -0.050585 0.000000
0.229455 -0.042747 0.000000
-0.056882 -0.068921 0.000000
-0.041390 0.069826 0.000000
-0.130907 -0.071927 0.000000
-0.276387 -0.069967 0.000000
-0.490866 -0.008849 0.000000
0.100284 -0.056851 0.000000
-0.330285 0.069859 0.000000
0.302406 0.031676 0.000000
-0.436767 -0.044602 0.000000
0.123042 0.054710 0.000000
-0.327628 0.070143 0.000000
-0.216722 -0.072325 0.000000
0.203791 -0.045800 0.000000
-0.297064 0.072809 0.000000
0.069165 -0.059741 0.000000
-0.236124 -0.071837 0.000000
-0.422702 0.052191 0.000000
0.083502 -0.058437 0.000000
0.392555 0.017914 0.000000
-0.461733 0.036239 0.000000
-0.211103 -0.072421 0.000000
-0.041011 0.069800 0.000000
-0.292118 -0.068884 0.000000
0.381309 0.019712 0.000000
-0.353617 -0.062333 0.000000
-0.164095 -0.072527 0.000000
-0.350242 0.067423 0.000000
0.265249 0.036926 0.000000
0.375960 -0.023082 0.000000
-0.187386 0.075870 0.000000
0.218628 0.043167 0.000000
-0.097731 -0.070840 0.000000
0.154650 -0.051308 0.000000
0.377879 0.020256 0.000000
-0.412121 -0.051485 0.000000
-0.443087 -0.042468 0.000000
0.332636 -0.029294 0.000000
0.002869 0.066456 0.000000
-0.283174 -0.069525 0.000000
0.050565 0.062210 0.000000
0.282706 -0.036038 0.000000
-0.080458 0.072281 0.000000
0.254246 0.038434 0.000000
-0.464011 -0.033638 0.000000
-0.290805 -0.068983 0.000000
-0.426443 -0.047728 0.000000
-0.145258 0.075073 0.000000
0.379962 0.019926 0.000000
-0.022581 -0.066873 0.000000
-0.481135 0.022381 0.000000
0.067113 0.060603 0.000000
0.385223 -0.021709 0.000000
0.435557 -0.013960 0.000000
-0.399579 -0.054337 0.000000
-0.314367 0.071430 0.000000
-0.463711 -0.033792 0.000000
0.352707 -0.026459 0.000000
0.439605 0.010123 0.000000
-0.279567 0.073909 0.000000
-0.226147 0.075741 0.000000
-0.153261 0.075292 0.000000
0.306836 -0.032834 0.000000
0.004639 0.066310 0.000000
0.437720 0.010444 0.000000
0.500896 -0.003126 0.000000
-0.470369 0.030992 0.000000
-0.103297 0.073459 0.000000
-0.187493 0.075871 0.000000
0.381321 0.019710 0.000000
-0.031936 0.069156 0.000000
-0.278886 -0.069810 0.000000
0.386042 -0.021587 0.000000
-0.217666 0.075848 0.000000
0.097226 -0.057145 0.000000
0.114165 0.055690 0.000000
0.377520 -0.022852 0.000000
-0.346255 0.067956 0.000000
-0.158665 -0.072465 0.000000
0.329282 -0.029761 0.000000
0.047808 -0.061595 0.000000
0.020565 -0.063796 0.000000
0.357399 0.023457 0.000000
-0.371556 -0.059601 0.000000
0.129654 0.053969 0.000000
-0.266740 0.074547 0.000000
0.377299 -0.022884 0.000000
-0.446109 0.043756 0.000000
0.344379 -0.027644 0.000000
-0.304155 -0.067901 0.000000
0.389410 -0.021083 0.000000
-0.492345 0.001662 0.000000
0.233866 -0.042210 0.000000
-0.039575 -0.067934 0.000000
-0.035791 -0.067707 0.000000
-0.006160 -0.065764 0.000000
-0.332600 -0.065021 0.000000
-0.452947 0.040711 0.000000
0.351104 0.024426 0.000000
-0.202455 -0.072534 0.000000
-0.196968 -0.072583 0.000000
0.175702 0.048566 0.000000
0.060283 0.061274 0.000000
-0.123261 0.074321 0.000000
0.179154 0.048145 0.000000
0.019153 -0.063905 0.000000
0.373884 -0.023387 0.000000
0.484414 -0.005947 0.000000
-0.136985 0.074816 0.000000
0.145077 0.052206 0.000000
-0.290000 -0.069041 0.000000
0.279595 -0.036444 0.000000
0.001397 0.066577 0.000000
0.133753 0.053505 0.000000
0.497125 -0.003777 0.000000
0.040955 0.063113 0.000000
-0.236337 0.075552 0.000000
0.317324 0.029500 0.000000
0.049744 0.062288 0.000000
-0.391074 0.060355 0.000000
-0.037394 -0.067803 0.000000
0.194039 0.046302 0.000000
-0.163813 -0.072524 0.000000
0.328937 0.027779 0.000000
-0.270337 -0.070328 0.000000
0.072534 -0.059439 0.000000
-0.163680 -0.072523 0.000000
-0.439127 -0.043828 0.000000
0.032144 0.063921 0.000000
-0.307730 -0.067585 0.000000
-0.380565 -0.058054 0.000000
-0.252323 -0.071229 0.000000
-0.415611 0.054288 0.000000
0.234441 0.041094 0.000000
0.185831 -0.047865 0.000000
0.186646 -0.047773 0.000000
-0.419925 0.053033 0.000000
-0.438623 -0.043995 0.000000
0.009824 -0.064610 0.000000
-0.231230 -0.071981 0.000000
0.097262 0.057512 0.000000
0.500562 -0.003184 0.000000
0.352101 -0.026545 0.000000
0.190718 -0.047310 0.000000
-0.432887 -0.045824 0.000000
-0.256774 0.074954 0.000000
0.279552 -0.036449 0.000000
0.366211 -0.024510 0.000000
-0.301237 0.072504 0.000000
-0.312030 -0.067186 0.000000
0.215844 -0.044381 0.000000
-0.357044 -0.061845 0.000000
-0.133855 -0.071999 0.000000
0.246324 0.039506 0.000000
0.024796 0.064578 0.000000
-0.341560 -0.063938 0.000000
-0.265975 0.074582 0.000000
0.456848 -0.010530 0.000000
0.501557 -0.003012 0.000000
-0.378594 0.062860 0.000000
-0.399319 -0.054393 0.000000
0.150051 0.051627 0.000000
0.479403 -0.006792 0.000000
0.274503 -0.037104 0.000000
-0.285447 0.073570 0.000000
-0.176169 -0.072617 0.000000
0.332355 -0.029334 0.000000
-0.106244 -0.071161 0.000000
0.398405 -0.019727 0.000000
0.258886 -0.039101 0.000000
0.499126 -0.003432 0.000000
-0.102260 -0.071016 0.000000
0.404117 -0.018858 0.000000
0.178442 0.048232 0.000000
-0.031589 0.069131 0.000000
0.396937 -0.019949 0.000000
-0.269777 0.074411 0.000000
0.060078 -0.060543 0.000000
0.022241 0.064804 0.000000
0.370556 0.021410 0.000000
-0.491798 -0.005774 0.000000
0.454810 -0.010863 0.000000
0.282201 -0.036104 0.000000
0.439677 0.010111 0.000000
0.359679 0.023105 0.000000
-0.110354 0.073783 0.000000
0.031947 -0.062899 0.000000
-0.210508 -0.072430 0.000000
-0.047885 -0.068422 0.000000
0.460897 0.006450 0.000000
0.023961 0.064652 0.000000
0.217558 -0.044177 0.000000
0.176749 -0.048887 0.000000
-0.323954 -0.065984 0.000000
-0.473310 0.028932 0.000000
0.203115 -0.045879 0.000000
-0.353865 0.066916 0.000000
-0.323418 0.070575 0.000000
0.044063 -0.061908 0.000000
-0.252054 0.075120 0.000000
0.241716 -0.041246 0.000000
0.320801 0.028987 0.000000
-0.095977 -0.070771 0.000000
0.475293 0.003912 0.000000
0.343828 0.025536 0.000000
0.296432 -0.034228 0.000000
-0.330656 -0.065246 0.000000
0.439546 0.010133 0.000000
0.425244 -0.015588 0.000000
-0.121375 -0.071660 0.000000
0.023328 0.064708 0.000000
0.267705 0.036586 0.000000
-0.016410 0.067996 0.000000
0.319085 -0.031168 0.000000
0.283095 0.034435 0.000000
-0.032799 -0.067522 0.000000
-0.405043 0.057108 0.000000
-0.349916 0.067466 0.000000
0.278183 0.035126 0.000000
0.033165 -0.062801 0.000000
0.068462 -0.059804 0.000000
0.240892 -0.041348 0.000000
0.419753 -0.016447 0.000000
-0.157321 0.075393 0.000000
0.209248 -0.045161 0.000000
0.376515 -0.023000 0.000000
-0.407420 -0.052596 0.000000
0.227374 -0.042999 0.000000
0.435346 0.010847 0.000000
0.264279 0.037060 0.000000
-0.089371 0.072764 0.000000
-0.199463 -0.072566 0.000000
0.050693 0.062198 0.000000
-0.446902 0.043421 0.000000
0.160269 0.050423 0.000000
-0.095157 0.073062 0.000000
0.442320 -0.012881 0.000000
0.500142 -0.000576 0.000000
-0.392451 -0.055808 0.000000
0.018082 -0.063987 0.000000
0.418344 0.013698 0.000000
0.099207 0.057305 0.000000
0.167017 -0.049965 0.000000
0.086742 0.058614 0.000000
-0.016949 -0.066502 0.000000
-0.152850 -0.072384 0.000000
0.422535 0.013000 0.000000
-0.102981 -0.071042 0.000000
-0.050913 0.070472 0.000000
0.028718 0.064229 0.000000
0.437279 -0.013686 0.000000
0.060711 -0.060487 0.000000
-0.458769 0.037830 0.000000
-0.059664 -0.069071 0.000000
-0.226635 -0.072105 0.000000
0.334470 0.026950 0.000000
-0.139664 -0.072134 0.000000
0.380427 -0.022422 0.000000
-0.357527 -0.061774 0.000000
-0.154327 -0.072405 0.000000
0.413035 0.014576 0.000000
-0.490646 -0.009417 0.000000
-0.378568 -0.058408 0.000000
0.314206 -0.031835 0.000000
0.107563 0.056409 0.000000
0.383787 -0.021923 0.000000
-0.251171 -0.071279 0.000000
0.491022 -0.004823 0.000000
0.035124 -0.062643 0.000000
0.306073 0.031145 0.000000
-0.181881 -0.072630 0.000000
-0.080800 -0.070119 0.000000
-0.073462 0.071880 0.000000
-0.439086 0.046573 0.000000
0.086828 0.058605 0.000000
0.340024 0.026113 0.000000
0.119042 -0.055007 0.000000
-0.066474 0.071462 0.000000
0.238320 -0.041665 0.000000
0.296423 0.032538 0.000000
-0.475758 0.027077 0.000000
0.334314 -0.029060 0.000000
-0.322883 -0.066099 0.000000
0.080568 -0.058707 0.000000
0.436246 -0.013851 0.000000
-0.302227 0.072429 0.000000
-0.020595 -0.066743 0.000000
-0.253514 0.075068 0.000000
0.085715 0.058720 0.000000
0.140799 -0.052778 0.000000
0.197264 0.045897 0.000000
-0.475238 0.027483 0.000000
0.354326 -0.026227 0.000000
0.020741 -0.063782 0.000000
0.063727 0.060938 0.000000
-0.384563 -0.057327 0.000000
-0.212679 -0.072397 0.000000
-0.459248 -0.035960 0.000000
-0.486766 -0.016206 0.000000
-0.149486 0.075195 0.000000
-0.412934 -0.051286 0.000000
0.332708 0.027215 0.000000
-0.028861 0.068932 0.000000
0.027324 -0.063267 0.000000
-0.377481 0.063068 0.000000
0.456610 -0.010569 0.000000
0.112460 0.055877 0.000000
-0.239128 0.075488 0.000000
0.496481 -0.003888 0.000000
0.044245 -0.061893 0.000000
0.322010 0.028808 0.000000
-0.136485 -0.072062 0.000000
-0.397381 0.058952 0.000000
-0.326321 0.070278 0.000000
0.155093 0.051036 0.000000
0.005771 0.066215 0.000000
0.136128 0.053235 0.000000
-0.333186 -0.064953 0.000000
0.163634 0.050022 0.000000
-0.077826 0.072131 0.000000
0.403299 0.016173 0.000000
-0.291866 -0.068903 0.000000
0.317855 -0.031337 0.000000
0.127445 -0.054158 0.000000
-0.438387 -0.044072 0.000000
0.214135 0.043748 0.000000
0.315204 -0.031699 0.000000
-0.479070 0.024305 0.000000
-0.133299 -0.071985 0.000000
0.187805 0.047079 0.000000
-0.282399 -0.069578 0.000000
-0.492100 -0.004261 0.000000
-0.171654 -0.072590 0.000000
-0.041243 -0.068035 0.000000
0.375683 0.020603 0.000000
-0.168204 0.075618 0.000000
0.171846 -0.049432 0.000000
-0.117898 0.074106 0.000000
0.243386 -0.041040 0.000000
0.450821 0.008200 0.000000
-0.252090 0.075119 0.000000
0.339903 0.026131 0.000000
0.381433 -0.022273 0.000000
0.099897 -0.056888 0.000000
0.271811 0.036016 0.000000
-0.166876 -0.072556 0.000000
-0.085526 -0.070330 0.000000
-0.053485 0.070641 0.000000
-0.492057 -0.004512 0.000000
0.496924 -0.003812 0.000000
0.044764 -0.061850 0.000000
0.052555 0.062021 0.000000
-0.182705 -0.072632 0.000000
-0.224592 0.075766 0.000000
-0.014154 -0.066313 0.000000
-0.424098 0.051756 0.000000
-0.161469 0.075485 0.000000
-0.079874 -0.070076 0.000000
0.146418 0.052051 0.000000
0.487964 0.001641 0.000000
-0.205443 -0.072501 0.000000
0.301990 -0.033486 0.000000
-0.237057 0.075537 0.000000
-0.206308 -0.072492 0.000000
-0.492345 0.001666 0.000000
0.062299 0.061077 0.000000
-0.101273 -0.070978 0.000000
0.151691 0.051436 0.000000
0.303794 -0.033243 0.000000
-0.184748 -0.072631 0.000000
0.265773 0.036854 0.000000
-0.035500 -0.067689 0.000000
-0.447657 -0.040800 0.000000
0.043755 0.062852 0.000000
0.173831 -0.049212 0.000000
0.278650 0.035061 0.000000
-0.190437 0.075890 0.000000
0.082355 0.059066 0.000000
0.222536 -0.043582 0.000000
-0.202774 0.075926 0.000000
0.241301 -0.041298 0.000000
-0.294198 0.073010 0.000000
-0.044585 0.070046 0.000000
0.087409 0.058545 0.000000
-0.487616 -0.015021 0.000000
0.429494 -0.014920 0.000000
0.287744 0.033777 0.000000
-0.372260 0.064007 0.000000
-0.415876 0.054213 0.000000
0.095512 0.057696 0.000000
-0.462466 -0.034418 0.000000
-0.041629 0.069843 0.000000
-0.386418 0.061332 0.000000
0.356132 -0.025968 0.000000
-0.155044 0.075338 0.000000
0.256053 -0.039458 0.000000
0.269799 -0.037710 0.000000
-0.020182 -0.066715 0.000000
0.105832 -0.056313 0.000000
-0.479684 -0.023548 0.000000
0.013399 -0.064343 0.000000
-0.477661 0.025526 0.000000
0.063249 0.060985 0.000000
0.201886 0.045313 0.000000
0.116753 0.055407 0.000000
0.405225 -0.018689 0.000000
-0.390906 -0.056115 0.000000
-0.004890 0.067088 0.000000
-0.092735 -0.070638 0.000000
0.481142 0.002868 0.000000
0.422177 -0.016069 0.000000
0.272827 -0.037320 0.000000
0.109063 -0.055998 0.000000
-0.448440 -0.040503 0.000000
-0.307763 0.071992 0.000000
0.034879 0.063671 0.000000
0.265035 -0.038320 0.000000
-0.006192 0.067193 0.000000
0.443530 0.009453 0.000000
0.346855 0.025075 0.000000
-0.284082 -0.069464 0.000000
0.089805 0.058295 0.000000
0.063940 -0.060204 0.000000
-0.422765 -0.048750 0.000000
-0.341751 0.068529 0.000000
-0.290095 0.073280 0.000000
-0.436882 0.047401 0.000000
-0.298679 -0.068364 0.000000
0.385267 0.019082 0.000000
0.339167 0.026242 0.000000
0.047185 0.062530 0.000000
-0.010714 -0.066080 0.000000
0.148764 0.051777 0.000000
0.353858 0.024003 0.000000
-0.424518 0.051624 0.000000
-0.230582 0.075669 0.000000
-0.490204 0.009898 0.000000
-0.100019 0.073304 0.000000
-0.175378 -0.072614 0.000000
-0.336235 -0.064594 0.000000
-0.412586 -0.051371 0.000000
0.361072 -0.025255 0.000000
-0.395022 -0.055289 0.000000
-0.169581 -0.072577 0.000000
0.379639 0.019977 0.000000
-0.125323 -0.071775 0.000000
-0.232632 0.075629 0.000000
-0.307889 -0.067570 0.000000
-0.269067 -0.070401 0.000000
0.426260 0.012377 0.000000
-0.195787 -0.072590 0.000000
-0.147809 0.075147 0.000000
0.382688 0.019493 0.000000
0.355848 -0.026008 0.000000
-0.332368 0.069631 0.000000
-0.149210 0.075188 0.000000
0.347590 -0.027189 0.000000
-0.377495 -0.058596 0.000000
-0.483018 0.020455 0.000000
0.388321 0.018594 0.000000
0.370388 0.021436 0.000000
-0.425342 0.051364 0.000000
0.115206 -0.055390 0.000000
-0.316239 0.071259 0.000000
0.090415 0.058231 0.000000
-0.199267 -0.072568 0.000000
-0.398089 -0.054652 0.000000
-0.314175 -0.066979 0.000000
-0.440748 0.045932 0.000000
-0.104262 -0.071089 0.000000
0.162277 -0.050483 0.000000
-0.447175 -0.040982 0.000000
0.153349 0.051241 0.000000
-0.180006 -0.072626 0.000000
-0.227527 -0.072083 0.000000
0.425669 -0.015522 0.000000
-0.264465 -0.070649 0.000000
0.042524 0.062968 0.000000
-0.032122 -0.067480 0.000000
-0.485008 0.018178 0.000000
-0.263604 -0.070695 0.000000
-0.160467 -0.072490 0.000000
0.503756 -0.001240 0.000000
0.197768 -0.046499 0.000000
0.131969 -0.053694 0.000000
-0.406110 -0.052896 0.000000
-0.432051 0.049132 0.000000
0.095498 0.057698 0.000000
0.077238 -0.059012 0.000000
0.489597 -0.005066 0.000000
-0.447282 0.043257 0.000000
0.106223 0.056554 0.000000
-0.040848 0.069788 0.000000
0.253444 0.038543 0.000000
-0.322185 0.070695 0.000000
-0.024416 0.068604 0.000000
-0.304404 -0.067879 0.000000
0.121174 -0.054793 0.000000
0.125938 -0.054311 0.000000
-0.445491 0.044017 0.000000
0.315257 0.029804 0.000000
-0.168995 0.075633 0.000000
0.047739 0.062478 0.000000
0.055895 -0.060905 0.000000
0.495704 0.000236 0.000000
0.117448 0.055330 0.000000
-0.108440 0.073698 0.000000
0.460275 -0.009969 0.000000
0.333915 0.027033 0.000000
-0.100917 -0.070964 0.000000
-0.047059 -0.068374 0.000000
-0.084606 0.072508 0.000000
-0.167002 0.075596 0.000000
0.190791 0.046707 0.000000
0.392617 -0.020601 0.000000
0.492595 -0.004554 0.000000
-0.115678 -0.071485 0.000000
0.074458 0.059869 0.000000
-0.307220 0.072036 0.000000
0.448743 0.008558 0.000000
0.260132 0.037630 0.000000
-0.114995 -0.071462 0.000000
0.281257 0.034694 0.000000
-0.039819 -0.067949 0.000000
0.030908 0.064032 0.000000
-0.141291 0.074956 0.000000
0.435714 -0.013935 0.000000
0.165905 0.049750 0.000000
0.215064 -0.044474 0.000000
-0.397130 -0.054854 0.000000
0.169408 0.049329 0.000000
-0.336770 0.069128 0.000000
0.451784 0.008034 0.000000
0.497150 -0.003773 0.000000
-0.015415 -0.066399 0.000000
0.461773 -0.009723 0.000000
-0.053888 0.070668 0.000000
0.189884 0.046820 0.000000
0.296156 -0.034265 0.000000
0.138695 0.052942 0.000000
-0.444756 0.044321 0.000000
-0.191847 -0.072615 0.000000
0.022555 -0.063641 0.000000
-0.356210 0.066576 0.000000
0.197274 0.045895 0.000000
0.385471 0.019049 0.000000
-0.278608 -0.069827 0.000000
0.286422 0.033964 0.000000
-0.476021 -0.026394 0.000000
0.451217 -0.011447 0.000000
0.184754 0.047456 0.000000
-0.120117 0.074198 0.000000
0.255549 -0.039522 0.000000
-0.322848 0.070630 0.000000
-0.312316 -0.067160 0.000000
-0.396332 0.059192 0.000000
0.341504 -0.028050 0.000000
-0.423170 0.052047 0.000000
0.482973 -0.006191 0.000000
-0.013453 -0.066266 0.000000
0.422964 -0.015945 0.000000
-0.046783 -0.068358 0.000000
-0.180979 -0.072628 0.000000
-0.382654 -0.057676 0.000000
0.143390 0.052401 0.000000
-0.473024 0.029141 0.000000
0.297118 -0.034137 0.000000
0.185358 -0.047919 0.000000
0.366413 0.022058 0.000000
-0.381309 -0.057922 0.000000
0.146878 0.051997 0.000000
0.196564 0.045985 0.000000
0.487373 0.001748 0.000000
0.045098 0.062726 0.000000
-0.081106 -0.070134 0.000000
0.025941 0.064477 0.000000
-0.110662 0.073796 0.000000
-0.468398 -0.031267 0.000000
-0.410481 -0.051877 0.000000
0.145872 0.052114 0.000000
-0.204216 -0.072515 0.000000
-0.051483 0.070509 0.000000
0.068954 0.060421 0.000000
-0.041122 -0.068027 0.000000
-0.153712 0.075304 0.000000
0.430408 0.011681 0.000000
0.005037 -0.064963 0.000000
-0.199455 0.075925 0.000000
-0.392166 -0.055865 0.000000
-0.122194 0.074280 0.000000
-0.367351 -0.060282 0.000000
0.188767 0.046959 0.000000
0.488043 -0.005331 0.000000
0.490900 0.001110 0.000000
0.065007 -0.060110 0.000000
-0.013966 0.067807 0.000000
0.257447 -0.039282 0.000000
-0.457633 -0.036697 0.000000
-0.105807 0.073577 0.000000
0.265699 0.036864 0.000000
-0.412870 0.055053 0.000000
-0.134468 0.074733 0.000000
0.286251 0.033989 0.000000
-0.139601 -0.072132 0.000000
0.156730 0.050843 0.000000
0.425398 -0.015564 0.000000
-0.159189 0.075435 0.000000
-0.017334 0.068067 0.000000
-0.233509 0.075610 0.000000
0.464577 0.005806 0.000000
-0.075356 -0.069864 0.000000
0.392601 0.017906 0.000000
-0.168848 -0.072572 0.000000
-0.007244 -0.065839 0.000000
-0.488804 -0.013154 0.000000
-0.436320 -0.044746 0.000000
-0.108518 0.073701 0.000000
-0.280220 -0.069726 0.000000
0.250092 0.038997 0.000000
-0.129786 -0.071897 0.000000
0.432366 0.011351 0.000000
-0.275460 -0.070025 0.000000
-0.033308 0.069255 0.000000
0.330009 -0.029660 0.000000
0.334710 -0.029005 0.000000
-0.321949 0.070718 0.000000
0.073740 -0.059330 0.000000
-0.204710 -0.072509 0.000000
-0.470510 -0.030026 0.000000
-0.477108 0.025988 0.000000
-0.435585 -0.044982 0.000000
-0.392514 -0.055795 0.000000
-0.129752 -0.071896 0.000000
-0.374721 -0.059073 0.000000
0.386815 -0.021471 0.000000
0.042088 0.063008 0.000000
0.266661 0.036731 0.000000
-0.358982 0.066166 0.000000
0.386929 0.018816 0.000000
0.347292 0.025008 0.000000
0.434100 0.011057 0.000000
-0.064718 0.071354 0.000000
0.188392 -0.047575 0.000000
-0.398474 0.058700 0.000000
0.376505 -0.023002 0.000000
0.492628 0.000796 0.000000
-0.157946 0.075407 0.000000
0.056152 -0.060883 0.000000
0.072850 0.060031 0.000000
0.261479 -0.038772 0.000000
0.331465 -0.029458 0.000000
0.474915 -0.007545 0.000000
0.067689 -0.059873 0.000000
-0.046679 -0.068352 0.000000
0.065692 -0.060049 0.000000
0.227032 -0.043040 0.000000
0.454584 0.007549 0.000000
0.146561 0.052034 0.000000
-0.212240 -0.072404 0.000000
-0.126290 -0.071801 0.000000
0.059278 0.061372 0.000000
-0.445767 0.043900 0.000000
0.040431 -0.062209 0.000000
-0.183010 -0.072632 0.000000
-0.326919 -0.065665 0.000000
-0.290816 0.073234 0.000000
-0.069954 -0.069600 0.000000
-0.348299 0.067683 0.000000
0.367180 0.021938 0.000000
0.158969 -0.050843 0.000000
0.337751 -0.028579 0.000000
0.500641 -0.000667 0.000000
0.350424 0.024530 0.000000
-0.353750 -0.062314 0.000000
0.351410 0.024379 0.000000
0.391381 -0.020787 0.000000
-0.082343 -0.070189 0.000000
0.497810 -0.003659 0.000000
-0.277106 0.074044 0.000000
-0.484254 0.019075 0.000000
-0.485616 -0.017660 0.000000
0.138541 -0.053013 0.000000
0.239817 -0.041481 0.000000
0.405122 0.015875 0.000000
-0.048643 -0.068465 0.000000
0.300144 0.032003 0.000000
0.302942 -0.033358 0.000000
0.404649 0.015953 0.000000
-0.319876 0.070921 0.000000
-0.395014 -0.055290 0.000000
0.318903 0.029267 0.000000
0.204646 -0.045700 0.000000
0.184739 0.047458 0.000000
-0.108557 0.073703 0.000000
0.305123 -0.033065 0.000000
0.436085 -0.013876 0.000000
-0.411502 -0.051633 0.000000
-0.185979 0.075861 0.000000
-0.389973 0.060591 0.000000
-0.451261 -0.039398 0.000000
0.188156 -0.047602 0.000000
-0.442098 0.045400 0.000000
-0.214552 -0.072368 0.000000
-0.225578 -0.072131 0.000000
0.253943 -0.039724 0.000000
-0.206691 -0.072488 0.000000
0.411202 -0.017771 0.000000
-0.340497 0.068682 0.000000
0.393362 -0.020489 0.000000
0.267287 -0.038032 0.000000
-0.376511 0.063248 0.000000
-0.212111 -0.072406 0.000000
-0.376526 0.063246 0.000000
-0.408796 -0.052275 0.000000
-0.268683 0.074460 0.000000
-0.332644 0.069600 0.000000
0.494581 -0.004214 0.000000
-0.207180 -0.072481 0.000000
0.116617 0.055422 0.000000
0.006904 -0.064827 0.000000
-0.491389 0.006685 0.000000
0.388780 -0.021177 0.000000
-0.262428 -0.070757 0.000000
0.472676 0.004377 0.000000
0.441555 0.009791 0.000000
-0.261859 0.074755 0.000000
0.124313 -0.054476 0.000000
-0.446382 0.043641 0.000000
0.401068 0.016536 0.000000
0.012433 0.065653 0.000000
0.416213 -0.016997 0.000000
0.022399 0.064790 0.000000
0.014255 0.065497 0.000000
0.185028 -0.047956 0.000000
-0.179896 0.075796 0.000000
-0.238621 -0.071753 0.000000
0.407797 0.015438 0.000000
0.092464 0.058017 0.000000
0.020291 0.064975 0.000000
0.490700 -0.004878 0.000000
0.434928 0.010917 0.000000
-0.379150 0.062756 0.000000
0.049634 0.062299 0.000000
0.506597 -0.002136 0.000000
0.089694 -0.057859 0.000000
-0.430406 -0.046575 0.000000
0.206474 0.044731 0.000000
-0.483383 0.020057 0.000000
0.022897 -0.063615 0.000000
0.022684 -0.063631 0.000000
0.181075 0.047909 0.000000
0.273009 -0.037297 0.000000
0.227987 0.041946 0.000000
-0.312202 0.071618 0.000000
-0.319418 -0.066457 0.000000
0.382023 -0.022185 0.000000
0.236913 0.040765 0.000000
0.137252 0.053106 0.000000
0.120008 -0.054910 0.000000
0.480377 -0.006628 0.000000
0.447829 -0.011995 0.000000
0.263434 -0.038524 0.000000
-0.007924 -0.065886 0.000000
0.362388 0.022685 0.000000
0.076096 -0.059116 0.000000
0.469516 -0.008444 0.000000
0.449832 0.008371 0.000000
-0.086131 -0.070357 0.000000
-0.218185 0.075842 0.000000
-0.413944 0.054758 0.000000
0.166572 -0.050014 0.000000
0.227147 0.042056 0.000000
0.492017 -0.004653 0.000000
0.046713 -0.061687 0.000000
0.081674 0.059136 0.000000
0.379354 -0.022581 0.000000
-0.309869 -0.067387 0.000000
0.101199 0.057093 0.000000
-0.070876 -0.069646 0.000000
0.417391 0.013856 0.000000
-0.390197 -0.056254 0.000000
-0.353990 -0.062280 0.000000
-0.414136 -0.050990 0.000000
-0.154609 0.075327 0.000000
-0.272760 0.074265 0.000000
-0.196117 -0.072588 0.000000
-0.426512 0.050987 0.000000
-0.321568 0.070756 0.000000
0.506997 -0.001839 0.000000
-0.211935 -0.072409 0.000000
-0.039924 -0.067955 0.000000
-0.484989 -0.018395 0.000000
0.433684 0.011128 0.000000
-0.166945 -0.072556 0.000000
-0.019112 0.068204 0.000000
0.263652 -0.038496 0.000000
-0.235813 0.075562 0.000000
-0.120581 -0.071636 0.000000
-0.484202 0.019135 0.000000
-0.312220 0.071616 0.000000
0.440231 -0.013215 0.000000
0.316871 -0.031471 0.000000
0.483285 0.002484 0.000000
0.407249 -0.018379 0.000000
0.269540 0.036332 0.000000
-0.462527 0.035798 0.000000
-0.267929 0.074494 0.000000
0.066959 0.060618 0.000000
-0.354424 -0.062219 0.000000
-0.168005 -0.072567 0.000000
0.130081 -0.053888 0.000000
0.115316 -0.055379 0.000000
0.048853 -0.061506 0.000000
0.195930 -0.046712 0.000000
0.218029 -0.044121 0.000000
0.311624 0.030336 0.000000
-0.039069 0.069664 0.000000
-0.236534 0.075547 0.000000
-0.426732 0.050916 0.000000
-0.488054 0.013950 0.000000
-0.470261 0.031064 0.000000
-0.138478 -0.072109 0.000000
-0.160191 0.075457 0.000000
0.201316 -0.046088 0.000000
-0.170752 0.075665 0.000000
-0.236429 -0.071827 0.000000
-0.032545 -0.067506 0.000000
0.220881 -0.043780 0.000000
-0.328067 0.070097 0.000000
0.144308 0.052295 0.000000
-0.319842 -0.066414 0.000000
0.017934 0.065180 0.000000
-0.153991 0.075311 0.000000
0.174348 -0.049155 0.000000
0.092131 -0.057629 0.000000
-0.052348 0.070566 0.000000
-0.446158 -0.041360 0.000000
0.404535 0.015971 0.000000
-0.255579 -0.071087 0.000000
-0.273213 0.074242 0.000000
-0.079453 0.072224 0.000000
0.077706 0.059540 0.000000
0.394525 0.017596 0.000000
0.372328 0.021131 0.000000
-0.072739 -0.069737 0.000000
0.318559 0.029318 0.000000
0.038924 -0.062333 0.000000
0.285113 -0.035723 0.000000
-0.468231 0.032392 0.000000
-0.440016 0.046216 0.000000
-0.076109 0.072033 0.000000
0.344608 0.025417 0.000000
0.375954 0.020560 0.000000
-0.087247 -0.070406 0.000000
-0.049843 -0.068532 0.000000
-0.273842 -0.070124 0.000000
0.332433 -0.029323 0.000000
0.197974 -0.046475 0.000000
0.261035 0.037506 0.000000
-0.354702 -0.062179 0.000000
-0.490919 -0.008708 0.000000
0.249118 -0.040328 0.000000
0.157430 0.050760 0.000000
0.140140 0.052776 0.000000
0.337842 -0.028566 0.000000
-0.132963 0.074680 0.000000
-0.173893 -0.072604 0.000000
-0.113841 0.073937 0.000000
0.251420 0.038818 0.000000
-0.350930 0.067328 0.000000
0.443785 -0.012646 0.000000
0.021860 -0.063695 0.000000
-0.303860 0.072306 0.000000
0.148052 0.051861 0.000000
-0.170716 -0.072584 0.000000
0.010371 -0.064569 0.000000
0.050181 -0.061394 0.000000
-0.271696 -0.070249 0.000000
-0.265977 0.074582 0.000000
0.175879 -0.048984 0.000000
0.379251 -0.022596 0.000000
0.086361 -0.058171 0.000000
0.105197 -0.056375 0.000000
0.157096 -0.051045 0.000000
-0.429592 -0.046817 0.000000
0.153458 0.051228 0.000000
0.422452 0.013014 0.000000
0.128607 0.054087 0.000000
-0.235690 0.075565 0.000000
-0.307537 -0.067603 0.000000
0.215528 0.043568 0.000000
-0.198026 0.075922 0.000000
0.137282 -0.053144 0.000000
0.230620 0.041599 0.000000
0.059088 0.061391 0.000000
0.447826 0.008716 0.000000
-0.397820 0.058851 0.000000
-0.026239 -0.067109 0.000000
-0.164712 0.075553 0.000000
-0.332218 -0.065066 0.000000
0.413421 0.014513 0.000000
-0.208019 -0.072469 0.000000
0.221676 -0.043685 0.000000
0.451990 -0.011321 0.000000
0.104900 -0.056404 0.000000
-0.249682 -0.071343 0.000000
0.391090 -0.020831 0.000000
-0.015027 -0.066372 0.000000
0.146453 0.052046 0.000000
0.376078 -0.023065 0.000000
-0.325957 0.070316 0.000000
-0.390127 0.060558 0.000000
0.251637 0.038788 0.000000
-0.128409 -0.071859 0.000000
0.337980 -0.028547 0.000000
-0.347615 -0.063154 0.000000
-0.421207 0.052650 0.000000
-0.324337 -0.065942 0.000000
-0.297609 0.072771 0.000000
0.000543 -0.065289 0.000000
0.151149 -0.051683 0.000000
-0.036436 0.069480 0.000000
-0.334184 -0.064836 0.000000
0.299177 -0.033862 0.000000
0.322153 -0.030747 0.000000
-0.471719 -0.029284 0.000000
-0.339237 -0.064228 0.000000
0.292693 -0.034724 0.000000
-0.429085 -0.046965 0.000000
-0.415531 0.054311 0.000000
-0.479848 -0.023410 0.000000
0.366860 0.021988 0.000000
0.036997 -0.062491 0.000000
-0.190503 0.075891 0.000000
-0.492290 -0.002865 0.000000
0.371058 0.021331 0.000000
-0.211152 -0.072421 0.000000
-0.177563 0.075767 0.000000
-0.314218 0.071443 0.000000
-0.411538 0.055418 0.000000
0.499667 -0.000489 0.000000
-0.103060 -0.071045 0.000000
-0.299506 -0.068295 0.000000
0.368888 0.021671 0.000000
-0.447958 -0.040686 0.000000
0.007445 -0.064787 0.000000
-0.260843 0.074796 0.000000
0.129027 0.054040 0.000000
-0.392052 0.060145 0.000000
0.420664 -0.016305 0.000000
0.048552 -0.061532 0.000000
0.119534 0.055099 0.000000
-0.055496 0.070773 0.000000
-0.295717 0.072904 0.000000
-0.187616 0.075872 0.000000
0.420829 -0.016279 0.000000
0.234987 -0.042073 0.000000
0.355982 0.023676 0.000000
0.048621 0.062395 0.000000
0.364722 0.022321 0.000000
-0.382427 0.062127 0.000000
-0.194574 -0.072598 0.000000
0.142657 0.052486 0.000000
0.062568 -0.060325 0.000000
0.178497 -0.048692 0.000000
-0.172931 0.075699 0.000000
-0.291996 -0.068893 0.000000
-0.411890 -0.051540 0.000000
0.146911 0.051993 0.000000
-0.125926 0.074424 0.000000
-0.480299 0.023182 0.000000
0.226113 -0.043151 0.000000
0.073954 -0.059311 0.000000
-0.167979 -0.072567 0.000000
-0.375721 0.063391 0.000000
0.306178 0.031130 0.000000
0.100045 -0.056874 0.000000
-0.162945 -0.072515 0.000000
-0.105293 -0.071126 0.000000
0.310974 0.030431 0.000000
0.004502 0.066321 0.000000
-0.396134 0.059238 0.000000
-0.405179 0.057074 0.000000
0.464959 0.005739 0.000000
0.493914 -0.004329 0.000000
-0.107450 0.073654 0.000000
0.463099 0.006065 0.000000
0.401231 -0.019298 0.000000
0.281097 0.034717 0.000000
-0.066407 0.071458 0.000000
-0.410255 0.055760 0.000000
-0.377015 -0.058678 0.000000
0.354869 0.023847 0.000000
0.460661 -0.009906 0.000000
-0.234597 -0.071883 0.000000
0.488953 0.001462 0.000000
-0.292121 0.073149 0.000000
0.053086 0.061970 0.000000
0.179858 0.048059 0.000000
-0.009122 -0.065970 0.000000
-0.310317 0.071781 0.000000
0.022871 0.064748 0.000000
0.342179 0.025786 0.000000
-0.136563 -0.072064 0.000000
-0.321371 -0.066257 0.000000
-0.354044 -0.062273 0.000000
-0.202200 -0.072536 0.000000
0.252996 0.038604 0.000000
-0.205549 -0.072500 0.000000
-0.127967 -0.071847 0.000000
-0.455554 0.039458 0.000000
-0.484985 -0.018399 0.000000
-0.427780 -0.047347 0.000000
0.114385 0.055666 0.000000
0.195926 -0.046712 0.000000
0.199193 0.045654 0.000000
0.199636 -0.046283 0.000000
-0.473551 0.028756 0.000000
0.252778 -0.039870 0.000000
-0.391355 0.060294 0.000000
0.389221 0.018449 0.000000
0.381597 0.019666 0.000000
0.420270 0.013378 0.000000
0.337636 0.026473 0.000000
0.066493 -0.059979 0.000000
-0.444177 -0.042081 0.000000
-0.437071 0.047332 0.000000
0.393060 0.017832 0.000000
0.134442 -0.053439 0.000000
-0.280858 -0.069682 0.000000
0.499829 -0.000518 0.000000
0.157868 -0.050962 0.000000
0.356084 -0.025974 0.000000
-0.422211 0.052342 0.000000
-0.264068 0.074667 0.000000
-0.076561 -0.069921 0.000000
-0.453617 -0.038434 0.000000
0.407431 0.015498 0.000000
-0.361708 0.065748 0.000000
-0.017165 -0.066517 0.000000
0.145729 -0.052259 0.000000
-0.318414 0.071058 0.000000
-0.425361 -0.048034 0.000000
0.253597 0.038522 0.000000
-0.453918 0.040252 0.000000
-0.065391 -0.069370 0.000000
0.220392 0.042938 0.000000
0.295625 0.032652 0.000000
-0.307844 -0.067575 0.000000
0.002960 -0.065114 0.000000
0.426582 -0.015378 0.000000
0.239012 0.040486 0.000000
0.279203 -0.036495 0.000000
0.420437 -0.016340 0.000000
0.163564 -0.050343 0.000000
0.038234 0.063365 0.000000
0.251542 -0.040025 0.000000
-0.333738 0.069479 0.000000
0.095041 0.057746 0.000000
-0.018781 0.068179 0.000000
0.248969 -0.040346 0.000000
0.480393 0.003003 0.000000
-0.366226 -0.060458 0.000000
-0.130784 0.074603 0.000000
0.398833 -0.019662 0.000000
0.290158 -0.035059 0.000000
-0.433049 0.048783 0.000000
-0.371227 0.064186 0.000000
-0.112616 0.073883 0.000000
0.053011 0.061977 0.000000
0.439134 -0.013390 0.000000
-0.487017 -0.015867 0.000000
-0.274713 0.074167 0.000000
-0.414891 -0.050803 0.000000
-0.346355 0.067943 0.000000
-0.178719 0.075783 0.000000
0.425635 -0.015527 0.000000
-0.041041 -0.068023 0.000000
0.310531 0.030496 0.000000
0.283594 -0.035922 0.000000
-0.462922 0.035575 0.000000
-0.432103 0.049113 0.000000
0.057266 -0.060788 0.000000
0.385723 0.019009 0.000000
0.274344 -0.037124 0.000000
0.354990 0.023829 0.000000
-0.205654 -0.072499 0.000000
-0.374801 0.063556 0.000000
0.133872 0.053492 0.000000
-0.147650 0.075143 0.000000
-0.092887 0.072947 0.000000
-0.160997 0.075475 0.000000
0.165852 -0.050093 0.000000
0.237601 -0.041753 0.000000
0.302302 -0.033444 0.000000
-0.489593 0.011200 0.000000
0.279490 0.034943 0.000000
-0.492069 0.003805 0.000000
-0.222744 0.075790 0.000000
-0.135823 -0.072046 0.000000
0.262745 -0.038611 0.000000
-0.180281 0.075800 0.000000
-0.285504 0.073566 0.000000
0.456682 0.007185 0.000000
-0.190916 -0.072619 0.000000
0.180519 0.047978 0.000000
-0.415423 0.054341 0.000000
-0.150640 -0.072346 0.000000
-0.037145 0.069530 0.000000
-0.084993 0.072530 0.000000
-0.072819 -0.069741 0.000000
0.169856 0.049275 0.000000
0.431038 -0.014676 0.000000
0.083178 -0.058467 0.000000
0.313894 -0.031877 0.000000
0.145653 0.052139 0.000000
-0.185012 -0.072631 0.000000
0.476568 0.003685 0.000000
0.382369 0.019544 0.000000
-0.350299 -0.062792 0.000000
-0.282774 -0.069552 0.000000
-0.204161 -0.072515 0.000000
0.150476 0.051578 0.000000
-0.070730 -0.069639 0.000000
0.277193 0.035265 0.000000
0.186588 0.047229 0.000000
0.413562 0.014489 0.000000
-0.366565 -0.060405 0.000000
0.311944 -0.032142 0.000000
-0.491457 -0.007073 0.000000
-0.442370 0.045292 0.000000
-0.211473 0.075896 0.000000
0.064217 -0.060180 0.000000
0.194769 0.046210 0.000000
0.446048 0.009022 0.000000
-0.426178 0.051095 0.000000
-0.104142 0.073499 0.000000
0.464945 0.005741 0.000000
-0.456824 -0.037058 0.000000
-0.442724 0.045149 0.000000
-0.317451 0.071147 0.000000
-0.048571 0.070317 0.000000
-0.023770 -0.066951 0.000000
0.259394 0.037731 0.000000
-0.375565 0.063418 0.000000
-0.336496 0.069160 0.000000
-0.360086 0.065997 0.000000
0.123482 0.054661 0.000000
0.145166 -0.052318 0.000000
0.031769 -0.062913 0.000000
-0.157561 0.075399 0.000000
-0.198185 0.075922 0.000000
-0.103922 0.073489 0.000000
-0.487254 -0.015538 0.000000
0.137140 0.053119 0.000000
0.254494 -0.039654 0.000000
0.124665 -0.054440 0.000000
-0.005095 0.067105 0.000000
0.150977 -0.051701 0.000000
-0.051462 0.070508 0.000000
-0.127497 0.074485 0.000000
-0.486992 -0.015900 0.000000
-0.299932 0.072603 0.000000
-0.488121 0.013842 0.000000
-0.318122 0.071085 0.000000
-0.434723 -0.045253 0.000000
0.454978 0.007481 0.000000
0.376152 0.020529 0.000000
0.078621 -0.058886 0.000000
-0.432348 -0.045989 0.000000
-0.367722 0.064780 0.000000
0.169008 -0.049746 0.000000
0.123784 0.054627 0.000000
-0.100375 -0.070943 0.000000
0.466828 -0.008890 0.000000
0.473660 0.004203 0.000000
0.100515 0.057166 0.000000
-0.268726 -0.070421 0.000000
0.149017 -0.051910 0.000000
0.422141 0.013066 0.000000
0.372480 -0.023594 0.000000
0.135678 -0.053311 0.000000
-0.130041 0.074576 0.000000
0.486453 0.001914 0.000000
-0.096351 0.073122 0.000000
0.268136 -0.037923 0.000000
0.019623 0.065033 0.000000
0.191134 -0.047262 0.000000
-0.294771 -0.068677 0.000000
0.427917 -0.015168 0.000000
0.211832 -0.044856 0.000000
-0.028970 0.068940 0.000000
-0.339972 -0.064138 0.000000
0.108794 0.056276 0.000000
-0.473888 0.028508 0.000000
-0.458628 0.037903 0.000000
-0.160156 -0.072486 0.000000
0.123557 0.054652 0.000000
0.365437 0.022210 0.000000
0.212834 0.043916 0.000000
-0.329124 -0.065417 0.000000
0.008802 0.065961 0.000000
0.478702 0.003305 0.000000
0.425067 0.012577 0.000000
-0.381330 0.062340 0.000000
-0.288290 0.073398 0.000000
-0.285697 -0.069354 0.000000
-0.374626 0.063588 0.000000
0.446690 0.008912 0.000000
-0.181863 -0.072630 0.000000
0.119509 0.055102 0.000000
0.090427 -0.057790 0.000000
0.001348 -0.065232 0.000000
0.093484 -0.057501 0.000000
-0.472413 -0.028845 0.000000
0.010237 0.065840 0.000000
0.207861 0.044553 0.000000
-0.235381 0.075571 0.000000
0.180340 -0.048485 0.000000
0.018245 -0.063975 0.000000
0.311165 0.030403 0.000000
0.038717 -0.062350 0.000000
0.264866 -0.038341 0.000000
-0.449589 -0.040058 0.000000
-0.483345 -0.020170 0.000000
-0.203912 -0.072518 0.000000
-0.016566 0.068008 0.000000
0.502321 -0.002880 0.000000
-0.427453 0.050683 0.000000
-0.461688 0.036264 0.000000
0.013361 -0.064346 0.000000
0.305096 -0.033068 0.000000
-0.310102 -0.067365 0.000000
-0.086569 -0.070376 0.000000
-0.392189 0.060115 0.000000
-0.361138 -0.061241 0.000000
-0.245570 0.075320 0.000000
-0.044918 0.070069 0.000000
0.067022 0.060612 0.000000
-0.431458 -0.046260 0.000000
0.084183 -0.058374 0.000000
-0.421646 -0.049054 0.000000
-0.117225 0.074078 0.000000
0.269318 -0.037772 0.000000
0.386511 -0.021517 0.000000
-0.138463 0.074864 0.000000
-0.197931 -0.072577 0.000000
0.036902 -0.062498 0.000000
0.113871 -0.055523 0.000000
0.266103 -0.038183 0.000000
0.405517 0.015811 0.000000
0.219973 0.042993 0.000000
-0.338155 0.068967 0.000000
0.141620 0.052605 0.000000
0.224469 0.042407 0.000000
-0.103662 0.073476 0.000000
0.201988 -0.046010 0.000000
-0.239831 0.075470 0.000000
-0.178365 0.075778 0.000000
0.049685 -0.061436 0.000000
-0.338976 0.068867 0.000000
-0.411950 -0.051526 0.000000
0.285260 -0.035704 0.000000
0.229781 0.041709 0.000000
-0.428836 0.050224 0.000000
-0.230948 -0.071990 0.000000
-0.276692 0.074067 0.000000
-0.141057 -0.072163 0.000000
-0.424120 0.051749 0.000000
0.046224 -0.061728 0.000000
0.061799 0.061126 0.000000
0.425286 -0.015582 0.000000
-0.248495 0.075231 0.000000
0.146143 0.052082 0.000000
0.214707 0.043674 0.000000
0.244154 0.039798 0.000000
0.362536 -0.025043 0.000000
-0.432867 0.048847 0.000000
-0.236225 -0.071834 0.000000
-0.374794 0.063557 0.000000
0.153266 0.051251 0.000000
0.368264 -0.024211 0.000000
0.116326 -0.055279 0.000000
-0.192350 -0.072612 0.000000
-0.359413 0.066100 0.000000
-0.451224 0.041511 0.000000
0.425534 -0.015543 0.000000
-0.427856 0.050549 0.000000
0.365722 0.022166 0.000000
-0.197366 -0.072580 0.000000
-0.480439 0.023050 0.000000
0.133397 0.053545 0.000000
0.493477 0.000642 0.000000
0.116501 -0.055261 0.000000
0.445059 0.009191 0.000000
0.492399 -0.004588 0.000000
-0.078970 -0.070034 0.000000
-0.243282 0.075382 0.000000
0.024499 0.064604 0.000000
-0.403742 0.057434 0.000000
0.075089 -0.059207 0.000000
0.321733 0.028849 0.000000
0.167290 -0.049935 0.000000
0.438865 -0.013433 0.000000
-0.223653 -0.072178 0.000000
0.179635 0.048086 0.000000
0.064139 -0.060187 0.000000
-0.202723 0.075926 0.000000
-0.219034 -0.072279 0.000000
-0.155457 0.075349 0.000000
-0.491340 0.006850 0.000000
-0.162074 0.075499 0.000000
0.302061 0.031726 0.000000
-0.445131 -0.041736 0.000000
-0.340771 0.068648 0.000000
-0.375913 0.063356 0.000000
0.364142 0.022412 0.000000
0.325786 -0.030246 0.000000
0.141012 -0.052755 0.000000
0.441924 -0.012944 0.000000
0.280565 0.034791 0.000000
0.241539 0.040149 0.000000
0.049994 0.062264 0.000000
0.478150 0.003403 0.000000
-0.380057 0.062587 0.000000
0.025893 0.064481 0.000000
-0.368422 -0.060110 0.000000
0.306381 -0.032895 0.000000
0.355112 -0.026114 0.000000
-0.458105 -0.036484 0.000000
0.137556 0.053072 0.000000
0.097443 -0.057124 0.000000
-0.442059 -0.042829 0.000000
0.260851 0.037531 0.000000
-0.418491 -0.049886 0.000000
0.166395 -0.050033 0.000000
0.475614 -0.007428 0.000000
0.160685 0.050374 0.000000
0.413126 0.014561 0.000000
0.356422 0.023608 0.000000
0.303967 0.031451 0.000000
-0.332882 0.069574 0.000000
-0.433920 0.048475 0.000000
-0.270797 -0.070301 0.000000
-0.080455 0.072281 0.000000
-0.334774 0.069359 0.000000
0.106969 0.056474 0.000000
0.151431 0.051466 0.000000
0.373171 0.020999 0.000000
-0.198539 0.075923 0.000000
-0.201642 -0.072542 0.000000
0.054552 -0.061021 0.000000
0.001956 0.066531 0.000000
0.359274 0.023167 0.000000
-0.214103 -0.072375 0.000000
0.387447 0.018734 0.000000
0.072672 -0.059426 0.000000
-0.456581 -0.037165 0.000000
0.189865 0.046823 0.000000
-0.405694 0.056945 0.000000
-0.374254 0.063655 0.000000
0.328681 -0.029845 0.000000
-0.299149 0.072662 0.000000
0.342493 0.025739 0.000000
0.325628 0.028272 0.000000
0.271508 0.036059 0.000000
0.146594 0.052030 0.000000
0.035441 0.063620 0.000000
0.340475 -0.028196 0.000000
-0.063918 -0.069294 0.000000
-0.196472 0.075918 0.000000
0.106178 0.056559 0.000000
-0.124365 0.074364 0.000000
0.359517 0.023130 0.000000
-0.332966 -0.064979 0.000000
-0.116732 0.074057 0.000000
0.092024 0.058063 0.000000
-0.068346 -0.069521 0.000000
0.018230 -0.063976 0.000000
-0.276661 0.074069 0.000000
-0.293889 -0.068746 0.000000
0.094787 0.057773 0.000000
-0.240581 0.075451 0.000000
-0.228277 0.075706 0.000000
-0.295371 0.072928 0.000000
0.211378 0.044103 0.000000
-0.491754 0.005330 0.000000
-0.079316 0.072216 0.000000
-0.315653 -0.066835 0.000000
-0.121663 -0.071669 0.000000
0.052754 -0.061175 0.000000
0.336904 0.026584 0.000000
0.243099 0.039939 0.000000
-0.022995 -0.066901 0.000000
-0.042020 0.069870 0.000000
0.416599 -0.016937 0.000000
0.204349 -0.045735 0.000000
0.467405 -0.008794 0.000000
-0.365632 -0.060551 0.000000
0.231692 -0.042475 0.000000
-0.163193 0.075523 0.000000
0.435225 0.010867 0.000000
-0.392628 -0.055773 0.000000
0.478790 -0.006895 0.000000
0.249917 0.039021 0.000000
0.326936 -0.030086 0.000000
-0.363818 -0.060834 0.000000
-0.156002 -0.072428 0.000000
-0.031564 -0.067445 0.000000
-0.147273 -0.072287 0.000000
0.329631 -0.029713 0.000000
0.393462 0.017768 0.000000
-0.455057 -0.037826 0.000000
0.375943 -0.023084 0.000000
-0.072069 -0.069704 0.000000
0.079793 -0.058778 0.000000
0.328883 0.027787 0.000000
-0.424153 -0.048370 0.000000
0.270271 0.036231 0.000000
-0.351413 0.067261 0.000000
-0.419005 0.053308 0.000000
-0.366928 -0.060348 0.000000
0.380229 -0.022451 0.000000
0.042465 -0.062041 0.000000
-0.192087 -0.072614 0.000000
0.131850 -0.053707 0.000000
-0.111070 -0.071330 0.000000
-0.289418 -0.069084 0.000000
0.288849 -0.035232 0.000000
0.074130 -0.059294 0.000000
0.476097 0.003769 0.000000
-0.154195 -0.072403 0.000000
0.045701 -0.061772 0.000000
-0.388538 0.060892 0.000000
-0.102882 0.073440 0.000000
0.480556 0.002973 0.000000
0.150842 -0.051716 0.000000
0.019256 0.065065 0.000000
-0.137557 0.074835 0.000000
0.244810 -0.040863 0.000000
0.184027 -0.048070 0.000000
-0.017102 -0.066513 0.000000
-0.347770 0.067754 0.000000
0.335467 -0.028899 0.000000
-0.093401 0.072974 0.000000
-0.151040 0.075235 0.000000
0.499078 -0.003440 0.000000
-0.105324 -0.071127 0.000000
0.390659 -0.020896 0.000000
0.221067 0.042851 0.000000
-0.322471 0.070667 0.000000
-0.087188 -0.070404 0.000000
0.264943 -0.038331 0.000000
-0.489413 0.011557 0.000000
-0.331004 -0.065206 0.000000
0.349576 0.024660 0.000000
-0.134721 -0.072020 0.000000
0.018683 0.065114 0.000000
0.318551 0.029319 0.000000
0.199503 0.045615 0.000000
0.467897 -0.008713 0.000000
-0.124940 0.074386 0.000000
0.378901 -0.022648 0.000000
0.380888 0.019779 0.000000
0.198677 -0.046394 0.000000
0.094897 -0.057367 0.000000
0.207160 0.044643 0.000000
0.434757 0.010946 0.000000
-0.403466 -0.053490 0.000000
0.217157 -0.044225 0.000000
-0.328583 0.070044 0.000000
0.432106 0.011394 0.000000
-0.111652 0.073840 0.000000
0.098823 -0.056992 0.000000
-0.213434 0.075882 0.000000
-0.072599 -0.069731 0.000000
-0.352988 -0.062422 0.000000
0.003853 -0.065049 0.000000
0.187756 -0.047647 0.000000
-0.323874 0.070530 0.000000
-0.138561 -0.072111 0.000000
-0.290476 0.073256 0.000000
0.217738 0.043283 0.000000
-0.131481 0.074627 0.000000
0.034757 0.063683 0.000000
0.330440 -0.029600 0.000000
0.453282 -0.011111 0.000000
0.169243 0.049349 0.000000
-0.359022 0.066160 0.000000
0.251051 0.038868 0.000000
-0.389779 0.060633 0.000000
-0.190615 -0.072620 0.000000
-0.278603 0.073962 0.000000
0.445005 -0.012450 0.000000
-0.237662 0.075524 0.000000
-0.351044 0.067312 0.000000
-0.284441 0.073630 0.000000
0.359160 -0.025532 0.000000
-0.027716 0.068848 0.000000
-0.372815 -0.059391 0.000000
0.309712 -0.032445 0.000000
0.251748 0.038773 0.000000
-0.250798 -0.071295 0.000000
0.464635 -0.009252 0.000000
-0.448689 -0.040407 0.000000
-0.455686 -0.037555 0.000000
-0.276346 0.074086 0.000000
-0.157701 0.075402 0.000000
0.160171 -0.050712 0.000000
-0.442235 0.045347 0.000000
0.124451 -0.054462 0.000000
-0.180143 -0.072626 0.000000
0.183749 -0.048101 0.000000
0.025836 -0.063385 0.000000
-0.327182 -0.065635 0.000000
0.302026 -0.033481 0.000000
0.102213 0.056985 0.000000
-0.452683 0.040836 0.000000
0.084896 0.058804 0.000000
0.268469 0.036481 0.000000
-0.109482 -0.071277 0.000000
0.179878 -0.048537 0.000000
-0.328543 -0.065483 0.000000
0.002896 -0.065119 0.000000
-0.193613 0.075911 0.000000
0.143012 0.052445 0.000000
0.351002 -0.026702 0.000000
0.069837 -0.059681 0.000000
-0.248477 0.075231 0.000000
-0.061952 0.071184 0.000000
0.297832 0.032336 0.000000
-0.192210 0.075902 0.000000
0.179897 0.048054 0.000000
0.069583 0.060358 0.000000
-0.068511 -0.069529 0.000000
-0.170939 -0.072585 0.000000
-0.487841 0.014288 0.000000
-0.111441 0.073831 0.000000
0.058874 -0.060648 0.000000
-0.378988 0.062787 0.000000
0.319050 -0.031173 0.000000
0.171387 -0.049483 0.000000
0.279350 0.034963 0.000000
0.303088 -0.033338 0.000000
0.391225 -0.020811 0.000000
-0.304723 -0.067851 0.000000
0.502989 -0.002764 0.000000
-0.466350 -0.032407 0.000000
-0.064241 -0.069311 0.000000
0.196920 0.045940 0.000000
0.395493 -0.020168 0.000000
0.012229 -0.064431 0.000000
0.405864 -0.018591 0.000000
-0.097792 0.073193 0.000000
-0.065486 -0.069375 0.000000
0.405635 -0.018626 0.000000
-0.205270 0.075921 0.000000
-0.485961 -0.017239 0.000000
0.412240 0.014707 0.000000
-0.312455 -0.067147 0.000000
0.069269 -0.059731 0.000000
0.416751 0.013962 0.000000
-0.106087 0.073590 0.000000
0.142512 0.052503 0.000000
0.392546 -0.020612 0.000000
-0.362000 0.065703 0.000000
-0.125128 -0.071769 0.000000
0.135747 -0.053304 0.000000
-0.193620 0.075911 0.000000
0.060076 -0.060543 0.000000
0.406965 -0.018422 0.000000
-0.000936 -0.065395 0.000000
-0.302105 -0.068080 0.000000
-0.406650 0.056703 0.000000
0.107687 -0.056133 0.000000
0.142090 0.052551 0.000000
-0.216273 -0.072334 0.000000
0.180265 -0.048494 0.000000
-0.172380 0.075690 0.000000
0.043479 0.062878 0.000000
-0.295451 0.072922 0.000000
-0.013963 0.067807 0.000000
0.066735 0.060640 0.000000
-0.317158 0.071174 0.000000
-0.235582 0.075567 0.000000
0.377300 0.020347 0.000000
-0.278523 -0.069833 0.000000
0.195945 0.046063 0.000000
0.163376 0.050053 0.000000
-0.360077 0.065998 0.000000
-0.143278 -0.072210 0.000000
-0.267818 -0.070471 0.000000
-0.090837 0.072840 0.000000
-0.275812 -0.070003 0.000000
-0.076858 -0.069935 0.000000
-0.186607 0.075865 0.000000
0.358651 0.023264 0.000000
0.405935 -0.018580 0.000000
0.493464 -0.004406 0.000000
0.109186 0.056233 0.000000
-0.426592 -0.047685 0.000000
0.322096 -0.030755 0.000000
-0.103123 0.073451 0.000000
-0.160801 0.075470 0.000000
0.352336 -0.026512 0.000000
-0.255786 -0.071078 0.000000
-0.310116 0.071798 0.000000
0.416187 0.014055 0.000000
0.464824 0.005762 0.000000
0.480818 -0.006554 0.000000
-0.029538 -0.067319 0.000000
0.198173 0.045782 0.000000
0.297411 -0.034098 0.000000
0.504034 -0.001292 0.000000
0.234565 -0.042125 0.000000
0.431907 -0.014539 0.000000
-0.050256 0.070429 0.000000
-0.468456 0.032247 0.000000
0.139560 -0.052907 0.000000
0.450697 -0.011531 0.000000
-0.185104 -0.072630 0.000000
-0.155112 -0.072416 0.000000
0.269755 0.036302 0.000000
0.060725 -0.060486 0.000000
-0.374491 0.063612 0.000000
-0.120459 0.074212 0.000000
0.396709 -0.019984 0.000000
-0.008181 0.067352 0.000000
-0.348515 0.067654 0.000000
0.165431 0.049807 0.000000
-0.354469 0.066831 0.000000
0.326822 0.028094 0.000000
-0.282762 -0.069553 0.000000
-0.390333 -0.056228 0.000000
0.375298 -0.023179 0.000000
0.426729 -0.015355 0.000000
0.429604 0.011816 0.000000
-0.078994 0.072198 0.000000
0.062108 -0.060366 0.000000
-0.260760 0.074799 0.000000
-0.416573 -0.050379 0.000000
-0.353155 -0.062398 0.000000
-0.035695 -0.067701 0.000000
-0.253686 0.075062 0.000000
0.447056 -0.012119 0.000000
0.239984 -0.041460 0.000000
-0.294900 0.072961 0.000000
0.500638 -0.003171 0.000000
-0.043019 0.069940 0.000000
-0.268847 0.074453 0.000000
-0.101195 -0.070975 0.000000
-0.021457 0.068381 0.000000
-0.064901 0.071365 0.000000
0.141645 0.052602 0.000000
0.091306 0.058138 0.000000
-0.297593 -0.068454 0.000000
0.075729 0.059741 0.000000
0.127756 -0.054126 0.000000
-0.459101 0.037657 0.000000
0.314763 -0.031759 0.000000
-0.267970 -0.070463 0.000000
0.492096 -0.004640 0.000000
-0.423129 0.052060 0.000000
0.457028 -0.010501 0.000000
0.060528 0.061250 0.000000
-0.253692 0.075062 0.000000
0.199643 -0.046283 0.000000
-0.457741 -0.036649 0.000000
0.152351 -0.051555 0.000000
-0.418938 -0.049771 0.000000
-0.450303 0.041928 0.000000
-0.052580 -0.068685 0.000000
0.098299 -0.057042 0.000000
-0.129433 0.074555 0.000000
0.344662 0.025409 0.000000
0.429871 0.011771 0.000000
-0.453734 -0.038385 0.000000
-0.163283 -0.072519 0.000000
0.245143 0.039665 0.000000
-0.290034 0.073285 0.000000
-0.397452 -0.054786 0.000000
0.291474 -0.034886 0.000000
-0.271867 -0.070239 0.000000
0.302012 0.031733 0.000000
0.171048 0.049131 0.000000
0.269814 -0.037708 0.000000
0.371235 0.021303 0.000000
-0.072648 -0.069733 0.000000
-0.421883 -0.048990 0.000000
0.175334 -0.049045 0.000000
0.475014 -0.007528 0.000000
-0.265375 0.074609 0.000000
-0.003622 0.066986 0.000000
0.275174 0.035547 0.000000
0.504519 -0.002498 0.000000
0.234524 0.041083 0.000000
0.465938 0.005567 0.000000
0.125180 0.054472 0.000000
0.114333 0.055672 0.000000
0.255836 0.038217 0.000000
-0.242295 -0.071628 0.000000
0.357910 -0.025712 0.000000
-0.025298 -0.067048 0.000000
-0.485228 0.017907 0.000000
0.364908 0.022292 0.000000
0.237129 -0.041811 0.000000
0.034589 -0.062686 0.000000
-0.483616 0.019799 0.000000
0.336806 -0.028711 0.000000
-0.391619 0.060237 0.000000
0.351009 0.024440 0.000000
-0.297516 0.072777 0.000000
0.291961 0.033177 0.000000
0.282619 0.034502 0.000000
-0.367748 -0.060219 0.000000
-0.049637 -0.068521 0.000000
-0.040807 0.069786 0.000000
-0.060015 0.071061 0.000000
-0.490186 0.009938 0.000000
-0.027239 -0.067173 0.000000
0.317699 -0.031358 0.000000
0.397205 0.017163 0.000000
-0.422309 0.052312 0.000000
0.299147 -0.033866 0.000000
-0.112395 0.073873 0.000000
0.154753 -0.051297 0.000000
-0.084017 0.072476 0.000000
0.053929 -0.061074 0.000000
0.078306 0.059480 0.000000
-0.220570 0.075815 0.000000
-0.406409 0.056765 0.000000
-0.275931 0.074106 0.000000
-0.279494 -0.069771 0.000000
0.258361 0.037872 0.000000
-0.089871 -0.070518 0.000000
0.173831 -0.049212 0.000000
0.247451 -0.040535 0.000000
0.374972 0.020715 0.000000
-0.214812 -0.072363 0.000000
0.382091 0.019588 0.000000
-0.308779 0.071910 0.000000
0.461106 -0.009833 0.000000
-0.392834 -0.055732 0.000000
-0.250332 -0.071315 0.000000
-0.045286 -0.068271 0.000000
0.050310 0.062234 0.000000
0.228507 -0.042862 0.000000
-0.355020 0.066751 0.000000
-0.264360 -0.070655 0.000000
0.325023 -0.030351 0.000000
-0.433758 0.048533 0.000000
-0.076198 0.072038 0.000000
0.295292 -0.034379 0.000000
0.204315 -0.045739 0.000000
-0.318588 0.071042 0.000000
-0.343003 0.068372 0.000000
-0.437242 0.047268 0.000000
0.216424 -0.044312 0.000000
-0.399498 -0.054355 0.000000
0.227693 0.041984 0.000000
-0.492416 -0.001035 0.000000
0.403844 0.016084 0.000000
0.471870 0.004520 0.000000
0.265204 -0.038298 0.000000
-0.452473 0.040933 0.000000
0.460978 -0.009854 0.000000
0.269758 0.036302 0.000000
0.347934 -0.027140 0.000000
0.295310 -0.034377 0.000000
0.245979 -0.040719 0.000000
0.202027 0.045295 0.000000
0.445401 0.009133 0.000000
-0.191772 0.075899 0.000000
-0.471675 0.030099 0.000000
-0.384511 0.061715 0.000000
-0.456369 -0.037258 0.000000
0.219727 -0.043918 0.000000
0.432190 0.011380 0.000000
-0.075153 0.071978 0.000000
-0.086004 -0.070351 0.000000
0.375809 0.020583 0.000000
0.359417 0.023145 0.000000
-0.474660 0.027927 0.000000
-0.398444 0.058708 0.000000
0.113019 0.055816 0.000000
-0.386805 0.061252 0.000000
0.007134 0.066101 0.000000
0.055632 -0.060928 0.000000
-0.242039 0.075414 0.000000
-0.019159 -0.066648 0.000000
-0.066768 -0.069441 0.000000
-0.143390 -0.072212 0.000000
-0.231441 -0.071975 0.000000
-0.058570 0.070969 0.000000
-0.119915 0.074189 0.000000
-0.446531 0.043577 0.000000
0.456887 0.007149 0.000000
-0.308008 -0.067559 0.000000
-0.472165 -0.029001 0.000000
0.426753 -0.015351 0.000000
0.323457 0.028594 0.000000
-0.183009 0.075829 0.000000
0.180826 -0.048430 0.000000
0.157318 -0.051021 0.000000
0.172477 0.048958 0.000000
0.496917 0.000015 0.000000
0.412640 -0.017550 0.000000
0.070955 -0.059580 0.000000
0.386264 0.018923 0.000000
0.480981 -0.006527 0.000000
0.327180 0.028041 0.000000
-0.213670 -0.072382 0.000000
-0.325899 0.070322 0.000000
0.107370 -0.056163 0.000000
0.418321 0.013702 0.000000
0.316003 -0.031590 0.000000
0.379723 -0.022526 0.000000
-0.224895 0.075761 0.000000
-0.111677 -0.071351 0.000000
-0.319375 0.070970 0.000000
0.328673 -0.029846 0.000000
0.205072 -0.045650 0.000000
0.505311 -0.001527 0.000000
-0.346680 -0.063277 0.000000
0.179990 -0.048525 0.000000
-0.312965 0.071552 0.000000
-0.008344 -0.065916 0.000000
-0.481677 -0.021792 0.000000
-0.262540 -0.070751 0.000000
0.098169 -0.057055 0.000000
-0.419076 0.053287 0.000000
0.266920 -0.038079 0.000000
-0.290201 -0.069027 0.000000
0.395382 -0.020184 0.000000
0.330133 0.027600 0.000000
-0.209944 0.075906 0.000000
0.398708 0.016920 0.000000
-0.175679 0.075739 0.000000
0.035484 -0.062614 0.000000
0.155904 0.050940 0.000000
0.340043 -0.028256 0.000000
0.213054 -0.044712 0.000000
-0.385756 -0.057103 0.000000
0.237289 -0.041791 0.000000
0.085172 -0.058281 0.000000
0.258183 -0.039189 0.000000
-0.053275 -0.068724 0.000000
-0.305936 -0.067744 0.000000
0.054886 -0.060992 0.000000
0.107483 -0.056153 0.000000
0.027146 -0.063281 0.000000
0.318474 0.029331 0.000000
-0.309866 -0.067387 0.000000
-0.126740 0.074456 0.000000
-0.372708 -0.059409 0.000000
-0.015228 -0.066386 0.000000
0.056706 0.061621 0.000000
0.411365 0.014852 0.000000
0.459656 0.006667 0.000000
0.295096 0.032728 0.000000
-0.131583 -0.071943 0.000000
0.381846 0.019627 0.000000
0.256454 -0.039408 0.000000
0.277602 -0.036703 0.000000
0.095008 0.057750 0.000000
-0.491194 0.007309 0.000000
0.469436 -0.008458 0.000000
0.292860 -0.034702 0.000000
0.425294 -0.015581 0.000000
0.346167 0.025180 0.000000
0.218345 -0.044083 0.000000
0.328761 -0.029834 0.000000
-0.030959 0.069086 0.000000
0.384232 -0.021856 0.000000
-0.192588 0.075905 0.000000
-0.052666 -0.068690 0.000000
-0.153420 -0.072392 0.000000
0.248554 -0.040398 0.000000
-0.206834 -0.072486 0.000000
-0.082802 0.072410 0.000000
0.322295 -0.030727 0.000000
0.293459 0.032963 0.000000
0.467607 0.005273 0.000000
-0.084959 0.072528 0.000000
-0.157817 0.075404 0.000000
0.152791 0.051306 0.000000
-0.379805 0.062634 0.000000
-0.392416 0.060066 0.000000
0.292766 -0.034715 0.000000
-0.341225 -0.063980 0.000000
-0.492421 0.000209 0.000000
0.259760 -0.038990 0.000000
0.066581 0.060656 0.000000
-0.333286 0.069530 0.000000
0.109309 -0.055973 0.000000
-0.218542 0.075838 0.000000
0.408370 -0.018207 0.000000
0.208965 -0.045194 0.000000
0.354616 -0.026185 0.000000
0.434772 0.010944 0.000000
-0.351039 0.067313 0.000000
0.042282 0.062990 0.000000
-0.294229 0.073008 0.000000
-0.172693 0.075695 0.000000
0.466113 -0.009008 0.000000
-0.254490 0.075034 0.000000
-0.055915 0.070800 0.000000
0.175491 0.048592 0.000000
-0.376666 0.063220 0.000000
0.140560 -0.052803 0.000000
0.039067 0.063287 0.000000
0.331034 0.027465 0.000000
0.122300 0.054793 0.000000
0.106047 0.056573 0.000000
0.309357 -0.032493 0.000000
0.023315 0.064709 0.000000
-0.025839 -0.067083 0.000000
0.048262 -0.061556 0.000000
0.085731 0.058718 0.000000
0.088220 0.058461 0.000000
-0.392915 -0.055716 0.000000
-0.408725 -0.052292 0.000000
-0.058377 0.070957 0.000000
0.455285 0.007428 0.000000
-0.383351 -0.057549 0.000000
0.330748 0.027508 0.000000
-0.408070 -0.052445 0.000000
-0.471466 -0.029441 0.000000
-0.238622 0.075501 0.000000
-0.050103 -0.068547 0.000000
-0.417487 0.053750 0.000000
0.344505 0.025433 0.000000
0.252665 -0.039884 0.000000
0.329301 0.027724 0.000000
0.375263 0.020669 0.000000
-0.262344 0.074736 0.000000
-0.002706 -0.065521 0.000000
-0.064663 0.071351 0.000000
-0.070401 0.071698 0.000000
0.242728 0.039989 0.000000
-0.402599 -0.053682 0.000000
-0.475528 -0.026747 0.000000
0.276597 0.035348 0.000000
-0.361477 -0.061189 0.000000
-0.148362 0.075164 0.000000
-0.362580 0.065613 0.000000
0.195626 -0.046747 0.000000
-0.229337 0.075689 0.000000
0.135487 0.053308 0.000000
0.448841 -0.011831 0.000000
0.137243 -0.053148 0.000000
-0.325096 -0.065861 0.000000
-0.486859 0.015751 0.000000
0.401370 0.016487 0.000000
0.063209 0.060988 0.000000
0.081952 -0.058580 0.000000
-0.303305 -0.067975 0.000000
-0.161816 0.075493 0.000000
0.290622 -0.034998 0.000000
0.064949 -0.060115 0.000000
-0.158908 -0.072469 0.000000
-0.477278 -0.025465 0.000000
-0.434909 0.048121 0.000000
0.461004 0.006432 0.000000
-0.206857 0.075917 0.000000
0.363858 -0.024852 0.000000
-0.350748 -0.062731 0.000000
0.035700 0.063597 0.000000
0.171655 0.049058 0.000000
-0.253207 0.075079 0.000000
0.308591 0.030779 0.000000
0.330259 -0.029625 0.000000
-0.372152 0.064026 0.000000
0.022051 -0.063680 0.000000
0.357391 -0.025787 0.000000
0.337341 -0.028636 0.000000
-0.299931 -0.068260 0.000000
-0.423830 -0.048460 0.000000
-0.058092 0.070939 0.000000
-0.063112 0.071255 0.000000
-0.358266 0.066274 0.000000
-0.313398 -0.067055 0.000000
-0.347062 0.067849 0.000000
0.110035 0.056141 0.000000
0.179821 -0.048544 0.000000
0.061789 0.061127 0.000000
0.361573 -0.025183 0.000000
-0.358314 0.066267 0.000000
-0.110799 0.073802 0.000000
-0.107879 0.073673 0.000000
0.397701 -0.019834 0.000000
-0.441904 0.045477 0.000000
-0.178381 -0.072622 0.000000
-0.032178 -0.067483 0.000000
-0.190364 0.075890 0.000000
0.106844 0.056487 0.000000
0.236399 0.040834 0.000000
0.388710 -0.021188 0.000000
-0.141195 0.074952 0.000000
0.180018 0.048039 0.000000
0.116269 0.055460 0.000000
0.424678 -0.015677 0.000000
-0.491845 -0.005569 0.000000
-0.273372 -0.070152 0.000000
0.290691 0.033358 0.000000
0.188477 0.046995 0.000000
0.487464 -0.005430 0.000000
-0.031073 -0.067414 0.000000
0.490930 -0.004839 0.000000
-0.251310 0.075145 0.000000
0.368199 -0.024220 0.000000
0.109503 0.056199 0.000000
0.016928 0.065267 0.000000
0.189197 0.046906 0.000000
0.395325 0.017467 0.000000
0.421787 -0.016129 0.000000
-0.384697 -0.057302 0.000000
0.099019 -0.056973 0.000000
-0.083113 -0.070223 0.000000
0.185571 0.047355 0.000000
-0.444054 0.044611 0.000000
-0.401436 0.057998 0.000000
0.282282 -0.036093 0.000000
0.025286 -0.063428 0.000000
-0.231057 -0.071986 0.000000
-0.343024 -0.063752 0.000000
-0.064993 -0.069349 0.000000
-0.464071 0.034917 0.000000
-0.475201 -0.026978 0.000000
0.429719 0.011797 0.000000
0.078815 -0.058868 0.000000
-0.421082 0.052688 0.000000
-0.019693 -0.066683 0.000000
-0.088078 0.072696 0.000000
-0.321972 -0.066195 0.000000
0.248910 -0.040354 0.000000
-0.474735 0.027870 0.000000
0.272556 -0.037355 0.000000
-0.316123 -0.066789 0.000000
-0.350351 0.067408 0.000000
0.329483 -0.029733 0.000000
-0.271475 0.074329 0.000000
0.404342 -0.018824 0.000000
-0.170747 0.075665 0.000000
-0.243771 -0.071573 0.000000
-0.296054 -0.068577 0.000000
0.308292 0.030822 0.000000
0.304963 0.031306 0.000000
-0.218012 -0.072299 0.000000
0.423029 -0.015935 0.000000
0.134196 0.053455 0.000000
0.083434 -0.058443 0.000000
-0.461066 -0.035101 0.000000
0.195493 -0.046762 0.000000
0.341064 0.025955 0.000000
-0.473988 -0.027811 0.000000
0.213511 0.043829 0.000000
0.475507 0.003874 0.000000
0.061444 0.061161 0.000000
0.135179 0.053343 0.000000
0.284468 -0.035808 0.000000
0.034421 -0.062700 0.000000
-0.330210 0.069867 0.000000
-0.083861 0.072468 0.000000
-0.079227 -0.070046 0.000000
0.300233 0.031990 0.000000
0.057120 0.061581 0.000000
0.424929 0.012600 0.000000
-0.113649 -0.071417 0.000000
-0.489545 0.011298 0.000000
-0.491682 -0.006249 0.000000
0.003062 -0.065107 0.000000
0.121488 -0.054761 0.000000
0.274728 0.035610 0.000000
-0.075191 -0.069857 0.000000
0.207795 0.044562 0.000000
-0.003416 -0.065571 0.000000
-0.073825 0.071902 0.000000
0.374591 -0.023284 0.000000
-0.042750 -0.068124 0.000000
-0.079195 0.072209 0.000000
-0.259400 0.074854 0.000000
-0.297003 -0.068503 0.000000
-0.398658 -0.054533 0.000000
0.083818 -0.058408 0.000000
0.143496 0.052389 0.000000
-0.317039 -0.066699 0.000000
-0.304804 0.072232 0.000000
-0.068594 -0.069533 0.000000
0.033582 -0.062767 0.000000
0.354055 0.023973 0.000000
-0.372263 0.064006 0.000000
0.141623 0.052605 0.000000
-0.489742 -0.011425 0.000000
-0.130456 -0.071916 0.000000
0.285861 -0.035625 0.000000
-0.213545 0.075882 0.000000
-0.482890 -0.020628 0.000000
-0.468107 0.032470 0.000000
-0.086814 0.072629 0.000000
0.401120 -0.019315 0.000000
0.324337 0.028463 0.000000
0.484296 0.002302 0.000000
-0.469457 0.031597 0.000000
-0.425320 -0.048045 0.000000
0.227858 0.041963 0.000000
-0.380862 0.062431 0.000000
0.336985 -0.028686 0.000000
-0.142888 0.075004 0.000000
-0.153051 -0.072387 0.000000
0.351729 0.024330 0.000000
-0.176779 0.075755 0.000000
0.306788 -0.032840 0.000000
-0.309850 -0.067388 0.000000
0.386531 -0.021514 0.000000
0.069906 -0.059674 0.000000
-0.216019 -0.072339 0.000000
-0.342797 -0.063781 0.000000
-0.475603 -0.026694 0.000000
0.366622 0.022025 0.000000
-0.167696 0.075609 0.000000
-0.011261 0.067595 0.000000
-0.174426 -0.072608 0.000000
-0.163507 0.075530 0.000000
-0.073122 0.071860 0.000000
-0.311022 0.071720 0.000000
-0.474005 0.028420 0.000000
-0.002711 -0.065521 0.000000
0.167856 -0.049873 0.000000
0.049068 -0.061488 0.000000
0.320801 -0.030933 0.000000
-0.172466 0.075692 0.000000
0.107798 -0.056122 0.000000
-0.145990 0.075095 0.000000
0.255498 -0.039528 0.000000
-0.152620 0.075276 0.000000
-0.397922 0.058827 0.000000
0.207063 0.044655 0.000000
0.365142 0.022256 0.000000
0.096224 -0.057240 0.000000
0.044681 -0.061857 0.000000
0.352887 -0.026433 0.000000
0.305808 -0.032972 0.000000
0.002205 -0.065169 0.000000
0.371093 0.021325 0.000000
-0.206009 0.075919 0.000000
0.466761 -0.008901 0.000000
-0.327483 -0.065602 0.000000
-0.271696 0.074318 0.000000
-0.079335 0.072217 0.000000
-0.251310 0.075145 0.000000
-0.177643 -0.072620 0.000000
0.427747 -0.015195 0.000000
-0.097606 -0.070835 0.000000
0.413765 -0.017376 0.000000
0.315636 -0.031640 0.000000
-0.394949 -0.055303 0.000000
-0.048100 0.070285 0.000000
-0.003390 -0.065569 0.000000
0.071145 0.060201 0.000000
0.171348 -0.049488 0.000000
-0.122251 0.074283 0.000000
0.238464 -0.041647 0.000000
-0.362082 0.065691 0.000000
-0.085066 0.072534 0.000000
0.440691 -0.013142 0.000000
0.444974 0.009206 0.000000
-0.250575 0.075168 0.000000
-0.122814 0.074304 0.000000
-0.178085 0.075774 0.000000
0.104266 -0.056466 0.000000
-0.108778 0.073713 0.000000
0.461436 0.006356 0.000000
0.248578 -0.040395 0.000000
0.457390 -0.010442 0.000000
0.176331 0.048490 0.000000
-0.116867 -0.071522 0.000000
-0.138538 -0.072110 0.000000
-0.064631 0.071349 0.000000
0.048469 0.062409 0.000000
-0.000944 -0.065395 0.000000
0.485284 0.002125 0.000000
-0.035058 -0.067662 0.000000
-0.488942 -0.012916 0.000000
-0.077305 0.072101 0.000000
0.362491 0.022668 0.000000
-0.065719 0.071416 0.000000
-0.243743 0.075370 0.000000
-0.433887 0.048487 0.000000
0.357806 -0.025727 0.000000
0.357814 0.023393 0.000000
0.387582 0.018712 0.000000
0.267410 -0.038016 0.000000
-0.230016 -0.072017 0.000000
0.109840 -0.055921 0.000000
-0.478289 -0.024683 0.000000
-0.298536 -0.068376 0.000000
-0.491099 0.007597 0.000000
-0.363147 0.065522 0.000000
-0.287542 -0.069221 0.000000
-0.214037 0.075878 0.000000
0.493532 0.000632 0.000000
-0.163656 -0.072523 0.000000
-0.485746 -0.017503 0.000000
-0.042194 -0.068091 0.000000
0.220772 0.042889 0.000000
0.230815 0.041573 0.000000
-0.398011 0.058807 0.000000
0.210284 0.044243 0.000000
-0.322879 0.070627 0.000000
-0.189626 -0.072622 0.000000
0.226630 -0.043089 0.000000
0.038600 0.063331 0.000000
0.069879 0.060328 0.000000
0.107405 0.056427 0.000000
-0.372678 0.063934 0.000000
-0.301130 -0.068161 0.000000
-0.271716 0.074317 0.000000
-0.097709 -0.070839 0.000000
-0.332782 -0.065000 0.000000
0.165958 -0.050081 0.000000
0.000183 0.066677 0.000000
-0.009266 -0.065980 0.000000
-0.193237 -0.072606 0.000000
-0.208468 -0.072462 0.000000
-0.124992 0.074388 0.000000
0.453206 -0.011124 0.000000
-0.315475 -0.066852 0.000000
0.401650 0.016442 0.000000
-0.474409 0.028118 0.000000
0.228709 -0.042837 0.000000
0.278888 -0.036536 0.000000
0.130793 0.053841 0.000000
-0.457848 -0.036601 0.000000
-0.213536 -0.072384 0.000000
0.433851 -0.014231 0.000000
0.141733 0.052592 0.000000
0.493777 0.000587 0.000000
-0.224174 -0.072165 0.000000
0.020780 0.064932 0.000000
-0.450000 -0.039899 0.000000
-0.053271 0.070627 0.000000
0.183305 0.047635 0.000000
-0.401488 0.057985 0.000000
-0.415187 -0.050728 0.000000
0.170945 -0.049532 0.000000
0.312051 0.030274 0.000000
0.365751 0.022161 0.000000
0.293746 0.032922 0.000000
-0.061944 -0.069192 0.000000
0.131946 -0.053697 0.000000
-0.488855 -0.013066 0.000000
-0.467562 0.032814 0.000000
0.118042 -0.055108 0.000000
0.400392 0.016646 0.000000
0.066826 0.060631 0.000000
0.278476 -0.036589 0.000000
-0.194370 0.075913 0.000000
0.404350 -0.018822 0.000000
0.504179 -0.001318 0.000000
0.443648 -0.012668 0.000000
-0.220633 -0.072247 0.000000
0.078991 -0.058852 0.000000
0.008311 0.066002 0.000000
-0.161249 0.075480 0.000000
0.311367 -0.032221 0.000000
0.250321 0.038966 0.000000
-0.475536 -0.026741 0.000000
0.440456 -0.013179 0.000000
0.262039 0.037368 0.000000
-0.094211 0.073015 0.000000
-0.205595 -0.072500 0.000000
0.028567 0.064242 0.000000
0.395538 -0.020161 0.000000
0.106937 -0.056206 0.000000
0.315048 0.029835 0.000000
0.119425 -0.054969 0.000000
-0.321778 -0.066215 0.000000
0.042316 -0.062054 0.000000
-0.479860 -0.023400 0.000000
-0.419306 0.053218 0.000000
0.198391 -0.046427 0.000000
0.457327 0.007073 0.000000
-0.066493 -0.069427 0.000000
-0.384764 0.061664 0.000000
-0.006340 -0.065776 0.000000
-0.284547 0.073624 0.000000
-0.488210 -0.014123 0.000000
-0.106319 0.073601 0.000000
-0.255742 0.074990 0.000000
-0.191943 0.075900 0.000000
0.354738 0.023867 0.000000
-0.480812 -0.022575 0.000000
-0.270007 0.074400 0.000000
0.475978 0.003791 0.000000
-0.453604 0.040400 0.000000
0.018942 0.065092 0.000000
0.425236 -0.015590 0.000000
0.166816 0.049641 0.000000
0.024633 0.064592 0.000000
-0.492410 -0.001214 0.000000
0.390032 0.018319 0.000000
-0.466084 -0.032549 0.000000
0.373138 0.021004 0.000000
0.112982 -0.055612 0.000000
0.485537 0.002079 0.000000
0.306397 -0.032893 0.000000
0.174842 0.048671 0.000000
0.173159 0.048875 0.000000
-0.313563 -0.067039 0.000000
0.231624 0.041467 0.000000
0.502737 -0.002807 0.000000
-0.229574 0.075686 0.000000
0.107959 0.056366 0.000000
-0.220239 -0.072255 0.000000
-0.208321 -0.072464 0.000000
0.280338 -0.036347 0.000000
-0.178347 0.075778 0.000000
-0.406655 -0.052772 0.000000
0.016857 -0.064080 0.000000
0.185357 -0.047919 0.000000
0.507210 -0.001878 0.000000
-0.204028 0.075923 0.000000
-0.372752 -0.059402 0.000000
0.226131 0.042189 0.000000
0.424469 -0.015710 0.000000
0.195706 0.046093 0.000000
-0.476957 -0.025706 0.000000
-0.257189 0.074939 0.000000
-0.395256 0.059437 0.000000
0.168066 -0.049850 0.000000
0.420488 0.013341 0.000000
-0.432131 -0.046056 0.000000
0.136322 0.053212 0.000000
-0.347085 -0.063224 0.000000
0.230681 -0.042598 0.000000
0.437177 -0.013702 0.000000
-0.288551 0.073381 0.000000
0.149964 -0.051810 0.000000
-0.252744 -0.071210 0.000000
0.506337 -0.001717 0.000000
-0.218565 0.075838 0.000000
0.493770 0.000588 0.000000
-0.309342 0.071864 0.000000
-0.247383 0.075265 0.000000
0.121796 -0.054730 0.000000
-0.410522 0.055689 0.000000
-0.207902 0.075915 0.000000
0.458112 0.006936 0.000000
0.478803 -0.006893 0.000000
0.298681 0.032214 0.000000
0.265066 0.036951 0.000000
-0.273474 -0.070146 0.000000
0.201705 0.045336 0.000000
0.449454 0.008436 0.000000
-0.242785 -0.071611 0.000000
0.130892 -0.053805 0.000000
-0.413869 -0.051056 0.000000
-0.375796 0.063377 0.000000
-0.353741 0.066933 0.000000
0.020152 -0.063828 0.000000
0.055383 0.061749 0.000000
-0.218188 0.075842 0.000000
-0.174983 0.075729 0.000000
-0.056518 -0.068902 0.000000
-0.352681 0.067082 0.000000
0.344847 0.025381 0.000000
0.005696 0.066221 0.000000
0.275911 -0.036922 0.000000
-0.119496 -0.071603 0.000000
0.287339 0.033834 0.000000
-0.004707 0.067074 0.000000
-0.061322 0.071145 0.000000
0.336110 0.026703 0.000000
0.106775 0.056494 0.000000
0.465888 -0.009045 0.000000
0.334773 -0.028996 0.000000
-0.435804 -0.044911 0.000000
-0.440902 -0.043228 0.000000
0.070812 -0.059593 0.000000
-0.136746 -0.072069 0.000000
0.110718 -0.055835 0.000000
-0.243101 0.075386 0.000000
-0.040703 -0.068002 0.000000
0.047859 -0.061590 0.000000
-0.291900 -0.068901 0.000000
0.249519 0.039075 0.000000
-0.428380 0.050375 0.000000
-0.339151 -0.064238 0.000000
0.339000 -0.028403 0.000000
-0.156241 -0.072431 0.000000
0.116332 -0.055278 0.000000
-0.491691 0.005584 0.000000
0.061078 0.061197 0.000000
-0.232233 0.075637 0.000000
0.146899 -0.052135 0.000000
0.405390 -0.018663 0.000000
0.328895 -0.029815 0.000000
0.034322 -0.062708 0.000000
-0.260669 -0.070843 0.000000
-0.344751 0.068149 0.000000
0.448024 0.008682 0.000000
-0.164089 -0.072527 0.000000
-0.081015 0.072312 0.000000
0.111172 0.056018 0.000000
-0.488595 -0.013505 0.000000
-0.339651 -0.064177 0.000000
0.379836 -0.022509 0.000000
0.176136 0.048514 0.000000
-0.118209 -0.071563 0.000000
-0.388239 -0.056633 0.000000
0.094493 -0.057405 0.000000
0.121885 0.054839 0.000000
0.172173 0.048995 0.000000
-0.006173 -0.065765 0.000000
-0.174008 -0.072605 0.000000
0.487666 -0.005395 0.000000
-0.131910 -0.071951 0.000000
0.431774 0.011450 0.000000
-0.150287 -0.072339 0.000000
0.239922 0.040364 0.000000
0.491351 0.001028 0.000000
0.065873 -0.060033 0.000000
0.300433 0.031961 0.000000
-0.474991 -0.027124 0.000000
0.407413 0.015501 0.000000
-0.164117 -0.072527 0.000000
0.216086 -0.044352 0.000000
-0.312431 0.071598 0.000000
-0.302301 0.072424 0.000000
0.448462 -0.011892 0.000000
-0.087918 0.072688 0.000000
0.016511 -0.064107 0.000000
0.225155 -0.043267 0.000000
-0.301327 0.072497 0.000000
-0.086610 0.072618 0.000000
-0.444764 0.044318 0.000000
-0.467267 0.032999 0.000000
-0.329610 0.069933 0.000000
-0.125530 -0.071780 0.000000
-0.473087 -0.028408 0.000000
0.443603 0.009441 0.000000
-0.479305 -0.023863 0.000000
0.493121 0.000707 0.000000
0.075477 0.059766 0.000000
-0.349004 -0.062969 0.000000
-0.235443 -0.071858 0.000000
-0.358674 -0.061606 0.000000
-0.397130 0.059009 0.000000
0.281266 0.034693 0.000000
-0.110064 -0.071297 0.000000
-0.340862 0.068637 0.000000
0.387601 -0.021354 0.000000
-0.129817 0.074568 0.000000
0.242137 0.040068 0.000000
0.467650 0.005265 0.000000
-0.093475 -0.070669 0.000000
-0.048112 0.070286 0.000000
-0.238618 0.075501 0.000000
0.101394 0.057072 0.000000
-0.384889 -0.057266 0.000000
-0.380281 0.062543 0.000000
-0.477099 -0.025600 0.000000
-0.234580 -0.071884 0.000000
0.269729 0.036306 0.000000
0.233051 -0.042309 0.000000
0.505589 -0.001579 0.000000
0.133710 -0.053514 0.000000
-0.056466 -0.068899 0.000000
-0.482942 0.020536 0.000000
0.502491 -0.002850 0.000000
-0.056526 -0.068902 0.000000
-0.017100 0.068049 0.000000
-0.024718 -0.067011 0.000000
0.353771 0.024016 0.000000
-0.061201 0.071137 0.000000
-0.350328 0.067411 0.000000
-0.150810 0.075229 0.000000
0.154984 0.051049 0.000000
-0.461381 -0.034950 0.000000
0.312371 0.030227 0.000000
-0.369834 0.064427 0.000000
0.432989 0.011245 0.000000
0.199218 -0.046332 0.000000
-0.112526 0.073879 0.000000
0.507182 -0.002034 0.000000
0.293482 0.032959 0.000000
0.387805 -0.021323 0.000000
0.219968 -0.043889 0.000000
0.073576 -0.059345 0.000000
0.070073 -0.059659 0.000000
-0.233044 -0.071928 0.000000
0.019981 0.065002 0.000000
0.407416 0.015500 0.000000
-0.105414 0.073559 0.000000
0.412582 -0.017558 0.000000
0.261077 0.037500 0.000000
0.134945 0.053370 0.000000
-0.177040 -0.072619 0.000000
-0.017613 0.068089 0.000000
-0.488464 -0.013719 0.000000
0.454470 0.007569 0.000000
0.311348 -0.032223 0.000000
-0.193127 0.075908 0.000000
-0.435764 0.047811 0.000000
-0.441026 0.045823 0.000000
0.350283 -0.026805 0.000000
-0.436954 -0.044542 0.000000
0.262676 -0.038620 0.000000
0.223326 -0.043487 0.000000
-0.061055 0.071128 0.000000
-0.406058 0.056853 0.000000
-0.092373 -0.070623 0.000000
0.481363 -0.006462 0.000000
-0.319508 -0.066448 0.000000
-0.110171 -0.071300 0.000000
0.360057 -0.025402 0.000000
-0.398437 0.058709 0.000000
0.425066 0.012578 0.000000
0.172090 0.049005 0.000000
0.005008 0.066279 0.000000
0.392379 -0.020637 0.000000
-0.177337 0.075763 0.000000
0.311454 -0.032209 0.000000
0.221512 0.042793 0.000000
0.503744 -0.002633 0.000000
0.010973 0.065777 0.000000
-0.242912 -0.071606 0.000000
0.059774 0.061324 0.000000
0.465370 0.005667 0.000000
-0.454565 0.039939 0.000000
0.424781 0.012625 0.000000
0.089721 -0.057856 0.000000
-0.473148 0.029051 0.000000
0.197162 0.045910 0.000000
-0.455861 0.039306 0.000000
-0.331201 -0.065184 0.000000
-0.239069 0.075490 0.000000
0.127143 -0.054189 0.000000
-0.367330 -0.060285 0.000000
0.063196 0.060990 0.000000
0.460683 0.006488 0.000000
0.356457 -0.025921 0.000000
-0.488238 -0.014079 0.000000
0.269389 -0.037763 0.000000
-0.025345 0.068673 0.000000
-0.031613 0.069133 0.000000
-0.311185 0.071706 0.000000
-0.350511 -0.062763 0.000000
0.381940 -0.022197 0.000000
-0.317398 0.071152 0.000000
0.184562 -0.048009 0.000000
0.222942 0.042606 0.000000
-0.209965 0.075906 0.000000
-0.241461 -0.071657 0.000000
-0.351747 -0.062594 0.000000
-0.088825 -0.070475 0.000000
-0.291143 0.073212 0.000000
-0.289342 -0.069089 0.000000
0.481455 0.002812 0.000000
0.094308 -0.057423 0.000000
-0.292779 -0.068832 0.000000
0.259390 -0.039037 0.000000
-0.197500 0.075920 0.000000
-0.486310 0.016509 0.000000
-0.025770 -0.067079 0.000000
-0.159212 -0.072473 0.000000
0.229701 -0.042717 0.000000
0.246850 0.039435 0.000000
-0.287376 -0.069233 0.000000
0.161750 -0.050541 0.000000
0.366831 -0.024419 0.000000
0.506778 -0.001798 0.000000
0.378546 -0.022700 0.000000
0.139425 0.052858 0.000000
0.210945 0.044158 0.000000
0.230262 0.041646 0.000000
0.109097 -0.055994 0.000000
0.485842 0.002024 0.000000
-0.271660 -0.070251 0.000000
-0.355282 -0.062097 0.000000
-0.406318 0.056787 0.000000
0.271075 -0.037546 0.000000
-0.003422 -0.065572 0.000000
0.090780 -0.057756 0.000000
0.047656 0.062486 0.000000
-0.152641 0.075276 0.000000
-0.141476 -0.072172 0.000000
0.026756 0.064405 0.000000
0.070233 0.060293 0.000000
-0.377853 -0.058534 0.000000
-0.258787 -0.070934 0.000000
-0.431204 0.049425 0.000000
-0.271506 -0.070260 0.000000
0.294370 -0.034502 0.000000
-0.449316 -0.040164 0.000000
-0.381471 -0.057892 0.000000
0.183168 0.047652 0.000000
-0.254298 0.075041 0.000000
0.399988 -0.019487 0.000000
0.336412 -0.028767 0.000000
0.007356 -0.064794 0.000000
0.487126 0.001792 0.000000
-0.492397 0.000885 0.000000
-0.079390 -0.070053 0.000000
-0.311000 -0.067282 0.000000
-0.480182 -0.023125 0.000000
0.215032 -0.044477 0.000000
-0.011710 0.067631 0.000000
-0.012811 0.067718 0.000000
-0.256668 -0.071036 0.000000
-0.070202 -0.069613 0.000000
0.060413 -0.060513 0.000000
0.013190 0.065588 0.000000
-0.355996 0.066608 0.000000
-0.329168 -0.065413 0.000000
0.283100 -0.035986 0.000000
-0.103570 -0.071064 0.000000
0.432291 0.011363 0.000000
-0.228045 -0.072070 0.000000
-0.081172 -0.070137 0.000000
0.098826 0.057346 0.000000
-0.276725 -0.069946 0.000000
0.186296 -0.047813 0.000000
0.445551 0.009107 0.000000
0.251021 0.038872 0.000000
-0.492163 -0.003862 0.000000
-0.022772 0.068480 0.000000
0.059635 -0.060581 0.000000
0.471663 -0.008087 0.000000
0.280981 -0.036263 0.000000
0.490358 0.001208 0.000000
0.310337 0.030524 0.000000
-0.348199 -0.063077 0.000000
0.203756 -0.045804 0.000000
0.277531 -0.036712 0.000000
0.337211 0.026538 0.000000
0.232322 0.041374 0.000000
0.133897 -0.053495 0.000000
-0.293782 -0.068754 0.000000
0.237069 -0.041818 0.000000
-0.323843 -0.065995 0.000000
-0.045167 0.070086 0.000000
0.045135 -0.061819 0.000000
0.147392 0.051938 0.000000
-0.227082 0.075726 0.000000
-0.044581 -0.068230 0.000000
-0.488878 0.012554 0.000000
0.194218 -0.046908 0.000000
0.355780 -0.026018 0.000000
0.485518 0.002082 0.000000
0.417522 0.013834 0.000000
0.091103 0.058160 0.000000
-0.281719 0.073791 0.000000
0.094765 0.057775 0.000000
-0.450479 -0.039709 0.000000
0.373987 -0.023372 0.000000
0.306541 -0.032874 0.000000
0.305691 -0.032988 0.000000
-0.075418 -0.069867 0.000000
-0.299653 0.072624 0.000000
0.455503 -0.010750 0.000000
-0.206737 -0.072487 0.000000
0.464405 -0.009290 0.000000
-0.074355 0.071933 0.000000
0.231973 0.041420 0.000000
0.300742 0.031917 0.000000
0.309927 -0.032416 0.000000
0.351756 0.024326 0.000000
-0.035055 -0.067662 0.000000
0.188087 -0.047609 0.000000
-0.413801 -0.051072 0.000000
-0.351769 -0.062591 0.000000
-0.445976 -0.041427 0.000000
-0.042681 -0.068120 0.000000
-0.030875 -0.067402 0.000000
0.184073 0.047541 0.000000
0.019084 -0.063910 0.000000
-0.359731 0.066051 0.000000
-0.399524 0.058452 0.000000
-0.274987 0.074153 0.000000
-0.400305 -0.054181 0.000000
0.042187 -0.062064 0.000000
0.142543 0.052499 0.000000
-0.195706 0.075916 0.000000
0.420133 -0.016387 0.000000
-0.065184 -0.069359 0.000000
-0.460357 -0.035440 0.000000
0.358202 0.023333 0.000000
0.276392 0.035377 0.000000
0.504913 -0.001454 0.000000
-0.079527 -0.070060 0.000000
-0.435007 -0.045164 0.000000
0.359190 0.023180 0.000000
0.296876 -0.034169 0.000000
0.351786 0.024321 0.000000
0.500143 -0.000576 0.000000
0.287991 -0.035345 0.000000
-0.116170 -0.071501 0.000000
-0.448962 0.042525 0.000000
0.003788 0.066380 0.000000
0.382996 0.019444 0.000000
-0.430005 0.049833 0.000000
-0.443829 0.044704 0.000000
-0.164884 -0.072535 0.000000
-0.136210 0.074791 0.000000
0.458388 -0.010278 0.000000
0.018366 -0.063966 0.000000
0.224877 0.042353 0.000000
0.024692 -0.063475 0.000000
-0.011075 -0.066105 0.000000
-0.475871 0.026988 0.000000
0.428852 0.011942 0.000000
-0.207459 -0.072477 0.000000
0.112749 0.055846 0.000000
-0.380576 -0.058052 0.000000
0.048488 -0.061537 0.000000
-0.041383 0.069826 0.000000
0.222048 0.042723 0.000000
0.262107 0.037359 0.000000
-0.339533 -0.064192 0.000000
0.480403 0.003001 0.000000
0.380801 -0.022366 0.000000
0.046572 -0.061699 0.000000
-0.003286 -0.065562 0.000000
-0.289779 0.073301 0.000000
-0.041723 -0.068064 0.000000
0.206721 -0.045458 0.000000
-0.020412 0.068302 0.000000
0.363157 -0.024953 0.000000
-0.480187 -0.023121 0.000000
-0.140262 0.074922 0.000000
0.130235 -0.053872 0.000000
0.031747 0.063957 0.000000
-0.415463 0.054330 0.000000
0.412660 -0.017546 0.000000
-0.484946 -0.018444 0.000000
0.353479 -0.026348 0.000000
-0.133778 -0.071997 0.000000
0.155421 -0.051225 0.000000
0.364649 -0.024737 0.000000
-0.406599 -0.052784 0.000000
-0.157176 0.075390 0.000000
-0.415921 0.054201 0.000000
-0.302225 0.072429 0.000000
0.331785 -0.029413 0.000000
-0.164563 -0.072532 0.000000
-0.253146 -0.071193 0.000000
0.235829 -0.041970 0.000000
0.230278 0.041644 0.000000
0.421612 -0.016157 0.000000
-0.232299 -0.071950 0.000000
0.163078 0.050089 0.000000
0.161900 0.050229 0.000000
-0.111561 -0.071347 0.000000
-0.439806 -0.043599 0.000000
0.009295 -0.064649 0.000000
0.339519 -0.028330 0.000000
0.208204 0.044509 0.000000
0.215528 0.043568 0.000000
-0.164751 0.075554 0.000000
0.301500 -0.033551 0.000000
0.079045 -0.058847 0.000000
0.202148 -0.045992 0.000000
0.035173 0.063645 0.000000
0.106954 0.056475 0.000000
-0.136983 -0.072075 0.000000
0.122122 0.054812 0.000000
-0.116698 0.074056 0.000000
0.267902 -0.037953 0.000000
0.292555 -0.034742 0.000000
0.156083 -0.051154 0.000000
-0.420187 0.052955 0.000000
0.371070 -0.023800 0.000000
-0.121456 -0.071663 0.000000
0.098069 0.057426 0.000000
-0.483399 -0.020115 0.000000
0.292613 0.033083 0.000000
-0.084641 -0.070291 0.000000
-0.492328 0.001856 0.000000
-0.292259 -0.068873 0.000000
0.267313 0.036641 0.000000
0.392526 -0.020615 0.000000
-0.308918 0.071899 0.000000
-0.356501 0.066534 0.000000
-0.432301 0.049044 0.000000
-0.187168 0.075869 0.000000
-0.428460 0.050349 0.000000
-0.402920 -0.053611 0.000000
0.286057 -0.035599 0.000000
-0.053000 0.070609 0.000000
0.331238 0.027435 0.000000
0.230705 -0.042595 0.000000
0.393912 -0.020406 0.000000
-0.341184 -0.063985 0.000000
0.439405 -0.013347 0.000000
0.242848 -0.041107 0.000000
0.117381 -0.055174 0.000000
0.468241 -0.008656 0.000000
-0.423227 -0.048625 0.000000
0.015932 0.065354 0.000000
0.162779 0.050124 0.000000
-0.156368 0.075372 0.000000
0.443767 -0.012649 0.000000
0.292367 -0.034767 0.000000
-0.030227 0.069033 0.000000
-0.060830 -0.069134 0.000000
0.408700 -0.018156 0.000000
-0.476753 -0.025858 0.000000
-0.253771 -0.071166 0.000000
-0.233640 0.075608 0.000000
0.332084 0.027308 0.000000
-0.008907 -0.065955 0.000000
0.115504 0.055544 0.000000
-0.235072 0.075578 0.000000
-0.441751 0.045537 0.000000
0.477547 -0.007104 0.000000
-0.326105 -0.065753 0.000000
-0.106891 -0.071184 0.000000
0.292152 -0.034796 0.000000
-0.205889 -0.072497 0.000000
-0.134284 0.074727 0.000000
-0.324966 -0.065875 0.000000
-0.247204 -0.071441 0.000000
0.361092 0.022886 0.000000
0.289053 -0.035205 0.000000
-0.257233 0.074937 0.000000
0.273263 0.035814 0.000000
-0.199312 -0.072568 0.000000
0.011874 0.065700 0.000000
0.461997 0.006258 0.000000
0.113897 -0.055520 0.000000
0.122145 0.054810 0.000000
0.125185 -0.054387 0.000000
0.488376 0.001567 0.000000
-0.362737 0.065588 0.000000
-0.154937 0.075335 0.000000
-0.026853 -0.067148 0.000000
-0.099838 0.073295 0.000000
-0.408491 -0.052346 0.000000
0.077859 -0.058956 0.000000
0.018462 0.065134 0.000000
0.456545 0.007209 0.000000
-0.437810 -0.044263 0.000000
-0.083876 0.072468 0.000000
0.496654 0.000062 0.000000
-0.230122 -0.072014 0.000000
0.426975 -0.015317 0.000000
-0.264776 -0.070633 0.000000
0.100575 -0.056823 0.000000
0.129960 -0.053900 0.000000
0.091180 0.058152 0.000000
0.293386 -0.034633 0.000000
0.246722 -0.040626 0.000000
0.229647 0.041727 0.000000
-0.039042 -0.067902 0.000000
0.003217 0.066427 0.000000
0.014094 0.065511 0.000000
0.145195 -0.052315 0.000000
-0.214258 -0.072373 0.000000
0.466823 0.005411 0.000000
0.276076 -0.036900 0.000000
-0.233753 -0.071908 0.000000
-0.293330 -0.068789 0.000000
-0.230895 -0.071991 0.000000
0.093898 -0.057462 0.000000
-0.385669 0.061483 0.000000
0.241806 0.040113 0.000000
-0.130803 0.074603 0.000000
0.148998 0.051750 0.000000
-0.086367 0.072605 0.000000
0.504698 -0.001414 0.000000
-0.115683 0.074014 0.000000
0.045482 -0.061790 0.000000
0.235454 -0.042016 0.000000
-0.179516 0.075791 0.000000
0.264443 0.037037 0.000000
-0.419075 0.053287 0.000000
0.498858 -0.003478 0.000000
-0.194047 -0.072601 0.000000
-0.229006 0.075695 0.000000
0.270499 -0.037620 0.000000
0.070062 -0.059660 0.000000
0.119401 0.055114 0.000000
0.009128 -0.064662 0.000000
-0.361026 0.065853 0.000000
0.331712 0.027364 0.000000
0.028405 -0.063182 0.000000
-0.101418 -0.070984 0.000000
-0.026940 0.068791 0.000000
0.422374 0.013027 0.000000
0.153030 0.051278 0.000000
-0.448732 -0.040391 0.000000
0.173900 -0.049205 0.000000
-0.380942 -0.057987 0.000000
-0.003847 0.067004 0.000000
0.221742 0.042763 0.000000
-0.246644 -0.071462 0.000000
-0.007474 -0.065855 0.000000
0.469279 0.004978 0.000000
-0.074555 -0.069827 0.000000
-0.247579 0.075259 0.000000
-0.297713 -0.068444 0.000000
0.157901 -0.050958 0.000000
-0.221635 0.075803 0.000000
0.253374 -0.039795 0.000000
0.138871 -0.052979 0.000000
-0.039126 0.069668 0.000000
-0.231449 0.075653 0.000000
-0.368186 0.064702 0.000000
-0.345707 0.068026 0.000000
-0.382317 0.062149 0.000000
0.204415 0.044992 0.000000
-0.199656 0.075925 0.000000
-0.061813 0.071175 0.000000
-0.342722 0.068408 0.000000
-0.343415 -0.063703 0.000000
-0.003521 0.066978 0.000000
-0.113658 -0.071417 0.000000
-0.309186 -0.067450 0.000000
-0.252649 0.075099 0.000000
-0.379262 -0.058285 0.000000
0.469514 -0.008445 0.000000
0.460746 0.006477 0.000000
0.064914 -0.060118 0.000000
0.126408 0.054334 0.000000
0.381604 0.019665 0.000000
0.427927 -0.015167 0.000000
0.158841 -0.050856 0.000000
-0.079117 0.072205 0.000000
0.321485 0.028886 0.000000
-0.175916 0.075742 0.000000
0.184923 0.047435 0.000000
-0.208341 -0.072464 0.000000
0.257419 -0.039286 0.000000
0.346629 -0.027325 0.000000
-0.404052 0.057358 0.000000
0.154222 -0.051354 0.000000
-0.330148 -0.065302 0.000000
-0.433910 0.048479 0.000000
-0.436426 0.047568 0.000000
0.070799 -0.059594 0.000000
-0.332451 -0.065039 0.000000
0.092409 0.058023 0.000000
0.279121 -0.036505 0.000000
-0.033214 0.069248 0.000000
0.284541 -0.035798 0.000000
-0.177021 0.075759 0.000000
0.213755 -0.044629 0.000000
0.496734 -0.003844 0.000000
0.490294 -0.004948 0.000000
-0.302919 -0.068009 0.000000
-0.424754 0.051550 0.000000
0.412113 0.014728 0.000000
0.258332 -0.039171 0.000000
0.472756 -0.007905 0.000000
-0.198097 0.075922 0.000000
-0.492132 0.003431 0.000000
0.096041 0.057641 0.000000
0.390209 -0.020963 0.000000
0.111294 -0.055778 0.000000
-0.330862 -0.065222 0.000000
-0.422959 -0.048697 0.000000
0.467520 -0.008775 0.000000
0.047544 -0.061617 0.000000
-0.193407 0.075910 0.000000
-0.435230 0.048006 0.000000
-0.473681 -0.028015 0.000000
0.034845 -0.062666 0.000000
-0.263931 -0.070677 0.000000
-0.190729 0.075892 0.000000
0.139079 0.052898 0.000000
0.095847 -0.057276 0.000000
-0.120065 0.074196 0.000000
0.173280 -0.049273 0.000000
-0.403725 0.057439 0.000000
0.400130 -0.019465 0.000000
0.479481 0.003166 0.000000
0.167742 -0.049885 0.000000
-0.446415 0.043627 0.000000
0.436475 0.010655 0.000000
-0.402259 -0.053757 0.000000
-0.430084 -0.046672 0.000000
-0.465465 -0.032882 0.000000
-0.047075 0.070215 0.000000
-0.364796 -0.060682 0.000000
0.391479 -0.020772 0.000000
-0.295819 0.072897 0.000000
0.501046 -0.003100 0.000000
0.164031 -0.050292 0.000000
0.003191 -0.065098 0.000000
-0.242628 0.075399 0.000000
-0.265690 0.074595 0.000000
0.326749 0.028105 0.000000
0.202123 -0.045994 0.000000
0.009152 0.065931 0.000000
0.489542 -0.005076 0.000000
-0.218439 0.075839 0.000000
-0.109119 0.073728 0.000000
0.206285 0.044755 0.000000
0.076356 0.059677 0.000000
-0.380571 -0.058053 0.000000
-0.167272 0.075601 0.000000
-0.192059 -0.072614 0.000000
0.378466 -0.022712 0.000000
-0.129691 -0.071895 0.000000
0.394850 0.017544 0.000000
0.110213 -0.055884 0.000000
-0.232421 -0.071947 0.000000
-0.266950 -0.070517 0.000000
-0.033567 -0.067569 0.000000
0.156255 0.050899 0.000000
0.255810 0.038221 0.000000
-0.065054 0.071375 0.000000
-0.100291 -0.070940 0.000000
-0.092072 -0.070610 0.000000
-0.122966 -0.071709 0.000000
-0.221382 0.075806 0.000000
-0.312604 0.071583 0.000000
-0.242746 0.075396 0.000000
-0.453000 -0.038691 0.000000
0.506777 -0.002105 0.000000
-0.006637 -0.065797 0.000000
-0.448119 0.042895 0.000000
0.482709 0.002587 0.000000
-0.092642 -0.070634 0.000000
0.324480 0.028442 0.000000
-0.332852 -0.064992 0.000000
-0.265102 0.074621 0.000000
-0.076915 -0.069937 0.000000
-0.054842 -0.068812 0.000000
0.094184 -0.057435 0.000000
-0.024403 0.068603 0.000000
-0.269972 -0.070349 0.000000
-0.044678 0.070052 0.000000
0.238071 -0.041695 0.000000
-0.474754 -0.027289 0.000000
0.266130 -0.038180 0.000000
-0.492371 0.001313 0.000000
-0.051581 -0.068629 0.000000
0.053257 0.061954 0.000000
-0.372040 -0.059521 0.000000
0.257657 0.037969 0.000000
0.286463 0.033959 0.000000
-0.243996 -0.071565 0.000000
0.220245 0.042957 0.000000
0.477300 0.003555 0.000000
-0.306442 -0.067700 0.000000
0.048864 0.062372 0.000000
0.364066 -0.024822 0.000000
-0.169712 0.075646 0.000000
-0.307985 0.071974 0.000000
0.489092 -0.005153 0.000000
-0.144085 -0.072227 0.000000
0.108170 -0.056086 0.000000
0.320961 0.028964 0.000000
-0.235366 -0.071861 0.000000
-0.044867 0.070065 0.000000
0.152631 -0.051525 0.000000
-0.199867 0.075926 0.000000
-0.416818 0.053945 0.000000
-0.472767 0.029326 0.000000
0.323558 -0.030553 0.000000
0.264694 0.037002 0.000000
-0.367032 -0.060332 0.000000
0.224474 0.042406 0.000000
-0.263559 -0.070697 0.000000
0.138468 -0.053021 0.000000
0.214919 -0.044491 0.000000
0.453206 -0.011124 0.000000
0.081292 0.059175 0.000000
-0.449969 0.042079 0.000000
0.455946 -0.010677 0.000000
0.441126 0.009864 0.000000
0.491093 0.001075 0.000000
-0.456330 0.039073 0.000000
0.456141 -0.010646 0.000000
0.359227 0.023175 0.000000
-0.131945 -0.071952 0.000000
0.496978 0.000003 0.000000
-0.026185 -0.067105 0.000000
0.424973 0.012593 0.000000
0.213760 0.043797 0.000000
-0.024599 0.068618 0.000000
0.303674 -0.033260 0.000000
-0.209021 -0.072453 0.000000
0.380280 -0.022444 0.000000
-0.452777 0.040792 0.000000
0.085745 0.058717 0.000000
-0.339418 -0.064206 0.000000
0.493001 -0.004485 0.000000
0.426278 -0.015426 0.000000
-0.362548 -0.061027 0.000000
-0.281947 0.073778 0.000000
-0.462211 0.035975 0.000000
-0.335159 0.069315 0.000000
0.194764 -0.046846 0.000000
-0.071909 -0.069697 0.000000
-0.044429 -0.068221 0.000000
-0.279534 -0.069769 0.000000
0.231328 -0.042519 0.000000
0.383822 0.019312 0.000000
0.448859 0.008539 0.000000
0.353205 -0.026388 0.000000
0.365201 0.022247 0.000000
0.058028 0.061494 0.000000
0.423649 -0.015838 0.000000
-0.413767 -0.051081 0.000000
-0.144550 -0.072236 0.000000
-0.124560 -0.071754 0.000000
-0.026916 -0.067152 0.000000
0.369445 -0.024038 0.000000
-0.385443 0.061528 0.000000
-0.017718 0.068097 0.000000
-0.057541 -0.068957 0.000000
-0.007700 0.067314 0.000000
0.481348 -0.006465 0.000000
-0.492197 0.002990 0.000000
-0.432403 0.049009 0.000000
-0.365323 -0.060600 0.000000
0.050283 0.062237 0.000000
-0.386120 0.061392 0.000000
-0.471257 0.030388 0.000000
0.403711 -0.018920 0.000000
-0.402436 -0.053718 0.000000
0.240749 0.040254 0.000000
0.380850 0.019785 0.000000
0.467206 -0.008827 0.000000
0.282064 -0.036122 0.000000
0.069304 0.060386 0.000000
0.045520 0.062687 0.000000
0.011707 0.065715 0.000000
-0.411144 -0.051719 0.000000
0.333733 0.027061 0.000000
0.400406 -0.019423 0.000000
-0.450927 -0.039531 0.000000
0.049035 -0.061491 0.000000
0.450909 0.008185 0.000000
-0.065877 -0.069395 0.000000
0.458189 0.006923 0.000000
-0.134754 0.074744 0.000000
0.268007 -0.037940 0.000000
0.335862 -0.028844 0.000000
-0.464023 0.034945 0.000000
-0.009627 0.067466 0.000000
-0.330114 0.069878 0.000000
-0.248041 0.075245 0.000000
-0.276502 0.074077 0.000000
-0.175032 0.075729 0.000000
0.256434 -0.039410 0.000000
0.273109 -0.037284 0.000000
-0.484881 -0.018517 0.000000
0.377834 -0.022805 0.000000
-0.073102 0.071859 0.000000
-0.097610 -0.070835 0.000000
-0.000012 -0.065329 0.000000
-0.070382 -0.069621 0.000000
0.139256 0.052877 0.000000
-0.012603 0.067701 0.000000
0.410580 -0.017867 0.000000
0.047916 -0.061586 0.000000
-0.011850 -0.066157 0.000000
0.048720 0.062386 0.000000
0.222668 -0.043566 0.000000
-0.377403 -0.058611 0.000000
0.064504 0.060861 0.000000
-0.286770 0.073491 0.000000
-0.192812 -0.072609 0.000000
0.388366 0.018587 0.000000
-0.192585 -0.072610 0.000000
-0.323138 0.070602 0.000000
-0.221095 0.075809 0.000000
0.247503 -0.040529 0.000000
-0.002146 0.066867 0.000000
-0.164800 0.075555 0.000000
0.194065 0.046298 0.000000
0.219187 -0.043983 0.000000
0.158529 -0.050890 0.000000
0.251909 -0.039979 0.000000
0.134302 -0.053453 0.000000
0.028533 0.064245 0.000000
-0.455891 -0.037466 0.000000
-0.231919 -0.071961 0.000000
0.190476 -0.047337 0.000000
-0.406203 -0.052874 0.000000
0.286833 0.033906 0.000000
-0.388881 -0.056508 0.000000
0.371421 0.021274 0.000000
0.492770 0.000770 0.000000
-0.074608 -0.069829 0.000000
-0.060229 0.071075 0.000000
0.241217 0.040192 0.000000
0.174682 0.048690 0.000000
-0.374813 0.063554 0.000000
-0.147555 -0.072292 0.000000
0.262225 0.037342 0.000000
-0.160276 -0.072488 0.000000
0.028308 0.064265 0.000000
-0.456819 0.038829 0.000000
-0.429503 0.050003 0.000000
-0.194155 -0.072601 0.000000
-0.006858 0.067247 0.000000
-0.069074 -0.069557 0.000000
-0.322187 -0.066173 0.000000
-0.466439 0.033510 0.000000
0.165731 0.049771 0.000000
-0.310045 -0.067370 0.000000
-0.070323 0.071694 0.000000
0.119559 0.055097 0.000000
-0.182110 0.075819 0.000000
-0.321103 -0.066285 0.000000
-0.011082 0.067581 0.000000
-0.057738 0.070916 0.000000
-0.406411 0.056764 0.000000
0.499570 -0.003356 0.000000
-0.216046 -0.072338 0.000000
-0.030648 0.069064 0.000000
0.280995 0.034731 0.000000
-0.057128 -0.068935 0.000000
0.040583 0.063147 0.000000
0.485202 -0.005813 0.000000
-0.147961 0.075152 0.000000
0.080597 0.059246 0.000000
0.182284 0.047761 0.000000
0.487834 -0.005366 0.000000
-0.264462 0.074650 0.000000
-0.166024 -0.072547 0.000000
-0.411219 0.055503 0.000000
0.361865 0.022766 0.000000
-0.318430 -0.066558 0.000000
-0.277425 0.074027 0.000000
0.391202 -0.020814 0.000000
0.234942 0.041027 0.000000
0.089968 -0.057833 0.000000
0.473855 0.004168 0.000000
-0.371181 -0.059664 0.000000
0.453826 -0.011023 0.000000
-0.087787 -0.070430 0.000000
0.231787 -0.042463 0.000000
-0.303096 -0.067994 0.000000
-0.084582 -0.070288 0.000000
0.118800 0.055181 0.000000
0.496056 0.000172 0.000000
0.276736 0.035329 0.000000
-0.158542 0.075420 0.000000
-0.072571 -0.069729 0.000000
-0.214102 -0.072375 0.000000
0.118973 -0.055014 0.000000
-0.065526 -0.069377 0.000000
-0.172589 -0.072596 0.000000
0.165657 0.049780 0.000000
-0.037782 0.069574 0.000000
0.206419 0.044738 0.000000
-0.180856 -0.072628 0.000000
0.320206 -0.031014 0.000000
0.144698 0.052250 0.000000
0.059269 -0.060613 0.000000
0.158960 0.050579 0.000000
0.205747 -0.045571 0.000000
0.423424 0.012852 0.000000
-0.136463 -0.072062 0.000000
-0.179377 0.075790 0.000000
-0.340695 -0.064047 0.000000
0.435018 -0.014046 0.000000
-0.402519 -0.053700 0.000000
0.501555 -0.000835 0.000000
0.268957 -0.037818 0.000000
0.170286 0.049223 0.000000
-0.159563 -0.072478 0.000000
0.216898 -0.044255 0.000000
0.308990 -0.032543 0.000000
-0.106451 0.073607 0.000000
0.012814 -0.064387 0.000000
0.268320 0.036501 0.000000
0.408740 -0.018150 0.000000
0.225122 0.042321 0.000000
-0.101412 0.073371 0.000000
-0.116812 0.074061 0.000000
-0.249407 -0.071355 0.000000
0.123674 0.054639 0.000000
-0.441134 0.045780 0.000000
-0.380816 -0.058009 0.000000
-0.231961 0.075643 0.000000
0.022939 -0.063611 0.000000
-0.491957 -0.005039 0.000000
-0.491863 -0.005487 0.000000
0.469407 0.004956 0.000000
-0.024432 -0.066993 0.000000
-0.425083 -0.048111 0.000000
0.015626 -0.064174 0.000000
0.437739 0.010441 0.000000
0.359156 0.023185 0.000000
-0.411233 0.055499 0.000000
-0.389360 -0.056416 0.000000
0.315420 -0.031669 0.000000
-0.300488 0.072561 0.000000
-0.469063 0.031856 0.000000
0.014801 -0.064237 0.000000
-0.241391 -0.071659 0.000000
0.184342 0.047507 0.000000
-0.382551 -0.057695 0.000000
0.311578 -0.032192 0.000000
-0.206835 -0.072486 0.000000
0.063207 0.060989 0.000000
-0.170283 0.075657 0.000000
-0.328094 -0.065533 0.000000
-0.482585 -0.020928 0.000000
0.405070 -0.018712 0.000000
-0.258499 0.074890 0.000000
-0.156240 -0.072431 0.000000
-0.285215 0.073584 0.000000
-0.242364 0.075405 0.000000
-0.232653 -0.071940 0.000000
-0.294153 -0.068725 0.000000
-0.456145 0.039165 0.000000
0.415730 0.014131 0.000000
-0.045348 -0.068274 0.000000
0.227491 -0.042984 0.000000
-0.399101 0.058552 0.000000
0.489881 0.001294 0.000000
0.275741 -0.036944 0.000000
-0.023689 -0.066945 0.000000
0.108921 0.056262 0.000000
0.427016 0.012251 0.000000
-0.014312 -0.066324 0.000000
-0.176608 -0.072618 0.000000
0.487202 0.001779 0.000000
-0.247620 0.075257 0.000000
0.177185 0.048386 0.000000
-0.084867 -0.070301 0.000000
-0.400667 -0.054103 0.000000
-0.073382 -0.069769 0.000000
0.219436 -0.043953 0.000000
-0.197564 0.075921 0.000000
0.272895 0.035866 0.000000
-0.264204 0.074661 0.000000
0.474004 -0.007697 0.000000
-0.363416 -0.060895 0.000000
-0.078459 -0.070010 0.000000
0.253411 0.038547 0.000000
-0.150864 0.075231 0.000000
-0.304546 0.072253 0.000000
-0.471765 -0.029254 0.000000
-0.439490 0.046418 0.000000
-0.325193 -0.065851 0.000000
-0.391177 -0.056061 0.000000
0.438272 -0.013528 0.000000
0.054848 -0.060995 0.000000
-0.181499 0.075813 0.000000
-0.093280 0.072968 0.000000
0.364995 0.022279 0.000000
-0.371050 -0.059685 0.000000
0.012567 -0.064406 0.000000
0.245713 0.039588 0.000000
0.121613 -0.054749 0.000000
-0.103753 -0.071070 0.000000
0.400097 0.016694 0.000000
0.279635 -0.036438 0.000000
0.422061 -0.016087 0.000000
-0.431423 -0.046271 0.000000
0.477567 -0.007101 0.000000
-0.315040 0.071369 0.000000
0.472406 -0.007964 0.000000
0.176572 -0.048907 0.000000
-0.119610 0.074177 0.000000
-0.167885 -0.072566 0.000000
-0.109709 -0.071285 0.000000
0.379628 0.019979 0.000000
-0.465595 -0.032812 0.000000
0.435145 0.010881 0.000000
0.434876 0.010926 0.000000
0.409018 -0.018107 0.000000
0.109151 -0.055989 0.000000
-0.445286 0.044102 0.000000
0.454176 -0.010966 0.000000
0.320364 0.029052 0.000000
-0.139276 -0.072126 0.000000
0.457625 0.007021 0.000000
-0.456333 -0.037273 0.000000
-0.374229 0.063659 0.000000
-0.287568 -0.069219 0.000000
0.112819 -0.055628 0.000000
-0.221747 0.075802 0.000000
-0.365807 -0.060524 0.000000
0.405956 -0.018577 0.000000
-0.067777 0.071543 0.000000
-0.328816 0.070020 0.000000
0.209150 0.044388 0.000000
0.359807 -0.025438 0.000000
0.293416 -0.034629 0.000000
0.222800 -0.043550 0.000000
0.003257 0.066424 0.000000
0.449687 -0.011694 0.000000
-0.119854 0.074187 0.000000
-0.183543 -0.072633 0.000000
0.152897 -0.051496 0.000000
-0.010920 -0.066094 0.000000
0.028549 0.064244 0.000000
-0.083523 0.072449 0.000000
0.171938 0.049024 0.000000
-0.090660 0.072831 0.000000
0.481546 -0.006431 0.000000
0.014645 0.065464 0.000000
0.326222 0.028183 0.000000
0.114365 0.055669 0.000000
0.081047 -0.058663 0.000000
-0.045020 0.070076 0.000000
-0.313060 0.071544 0.000000
0.114843 0.055616 0.000000
-0.311883 -0.067200 0.000000
-0.226387 -0.072111 0.000000
0.428739 0.011962 0.000000
0.415488 -0.017109 0.000000
0.458515 -0.010258 0.000000
-0.325916 0.070320 0.000000
0.388801 -0.021174 0.000000
-0.025348 0.068673 0.000000
-0.283179 0.073706 0.000000
-0.159651 0.075445 0.000000
0.473800 -0.007731 0.000000
0.392769 0.017879 0.000000
-0.214713 -0.072365 0.000000
-0.070275 0.071691 0.000000
0.320948 -0.030913 0.000000
-0.127395 0.074481 0.000000
-0.440177 0.046154 0.000000
-0.014276 0.067831 0.000000
0.099059 -0.056969 0.000000
-0.262222 -0.070768 0.000000
0.440516 -0.013170 0.000000
0.014509 -0.064259 0.000000
-0.251404 -0.071269 0.000000
-0.425450 0.051330 0.000000
0.488749 0.001499 0.000000
-0.460984 0.036651 0.000000
0.093879 -0.057464 0.000000
0.440150 0.010030 0.000000
0.145426 -0.052291 0.000000
-0.119019 0.074152 0.000000
-0.211470 0.075896 0.000000
0.493515 0.000635 0.000000
-0.069367 0.071637 0.000000
0.080319 -0.058730 0.000000
-0.361661 -0.061161 0.000000
0.494256 0.000500 0.000000
-0.003294 -0.065562 0.000000
-0.376764 0.063202 0.000000
0.298184 -0.033994 0.000000
0.347110 0.025036 0.000000
-0.265094 -0.070616 0.000000
0.281477 0.034663 0.000000
0.019935 -0.063844 0.000000
0.467971 0.005209 0.000000
-0.015147 0.067898 0.000000
0.360755 -0.025301 0.000000
0.183019 -0.048184 0.000000
-0.189743 -0.072621 0.000000
-0.249079 0.075213 0.000000
0.039861 -0.062256 0.000000
0.228487 0.041880 0.000000
0.207569 0.044591 0.000000
0.436162 -0.013864 0.000000
-0.303046 -0.067998 0.000000
-0.189686 -0.072622 0.000000
0.032400 -0.062863 0.000000
0.076869 -0.059046 0.000000
-0.155098 -0.072415 0.000000
-0.068784 -0.069543 0.000000
0.490413 0.001198 0.000000
0.020240 -0.063821 0.000000
-0.473114 0.029076 0.000000
0.265441 0.036899 0.000000
0.283651 -0.035914 0.000000
-0.285898 0.073543 0.000000
0.251188 -0.040069 0.000000
0.102015 -0.056684 0.000000
0.043739 -0.061935 0.000000
-0.019455 0.068230 0.000000
-0.380082 -0.058140 0.000000
0.092829 0.057979 0.000000
0.355587 0.023737 0.000000
0.403596 -0.018938 0.000000
0.454958 -0.010838 0.000000
0.452899 0.007841 0.000000
0.047385 0.062512 0.000000
-0.303464 -0.067961 0.000000
-0.163068 -0.072517 0.000000
-0.388710 -0.056541 0.000000
0.179094 -0.048625 0.000000
0.269037 0.036402 0.000000
0.466193 0.005522 0.000000
0.443802 -0.012643 0.000000
-0.329811 0.069911 0.000000
0.188650 -0.047545 0.000000
0.297260 -0.034118 0.000000
0.283004 0.034448 0.000000
0.314705 -0.031767 0.000000
0.285763 -0.035638 0.000000
-0.370280 0.064350 0.000000
0.316269 0.029655 0.000000
0.144201 0.052307 0.000000
-0.014498 0.067848 0.000000
-0.490953 0.008016 0.000000
0.246821 -0.040614 0.000000
0.245883 -0.040730 0.000000
0.347706 0.024945 0.000000
0.094532 -0.057402 0.000000
0.045054 0.062730 0.000000
-0.186934 0.075867 0.000000
0.158703 0.050609 0.000000
-0.008296 0.067361 0.000000
0.061355 -0.060431 0.000000
-0.459980 0.037191 0.000000
0.322433 0.028746 0.000000
-0.114360 0.073959 0.000000
-0.005922 -0.065747 0.000000
-0.039030 0.069661 0.000000
-0.102846 0.073438 0.000000
-0.048334 -0.068448 0.000000
-0.144553 -0.072236 0.000000
-0.460961 -0.035152 0.000000
-0.318717 0.071031 0.000000
0.465633 0.005620 0.000000
-0.102541 0.073424 0.000000
-0.340567 -0.064064 0.000000
-0.406372 0.056774 0.000000
0.178033 0.048282 0.000000
-0.165227 0.075563 0.000000
-0.467737 0.032703 0.000000
0.453771 -0.011032 0.000000
0.395368 -0.020187 0.000000
-0.457387 0.038541 0.000000
-0.308989 -0.067468 0.000000
-0.244273 -0.071554 0.000000
0.355086 0.023814 0.000000
-0.397793 -0.054714 0.000000
-0.017061 0.068046 0.000000
0.138875 -0.052978 0.000000
0.054061 -0.061063 0.000000
0.351464 0.024371 0.000000
-0.168263 -0.072568 0.000000
-0.141618 -0.072175 0.000000
0.265668 0.036868 0.000000
0.305979 0.031159 0.000000
-0.370931 0.064237 0.000000
-0.185781 0.075859 0.000000
-0.179165 0.075788 0.000000
-0.377717 -0.058557 0.000000
0.111408 0.055992 0.000000
0.219358 0.043072 0.000000
0.201911 0.045310 0.000000
-0.185898 0.075860 0.000000
-0.084833 -0.070299 0.000000
0.100512 0.057166 0.000000
0.040514 -0.062203 0.000000
-0.296384 0.072857 0.000000
-0.453789 -0.038363 0.000000
-0.227648 0.075717 0.000000
-0.225502 -0.072133 0.000000
0.074825 -0.059231 0.000000
-0.207149 0.075916 0.000000
0.018503 -0.063955 0.000000
-0.111853 -0.071357 0.000000
-0.475951 -0.026445 0.000000
-0.090292 -0.070536 0.000000
0.366894 0.021983 0.000000
-0.467533 -0.031756 0.000000
-0.336867 -0.064517 0.000000
0.102019 -0.056684 0.000000
0.220476 -0.043828 0.000000
-0.372474 -0.059448 0.000000
-0.344827 -0.063521 0.000000
0.343576 -0.027758 0.000000
0.437762 -0.013609 0.000000
0.492107 -0.004638 0.000000
-0.361817 -0.061138 0.000000
-0.095040 0.073057 0.000000
-0.471499 0.030221 0.000000
0.030789 0.064042 0.000000
0.448474 0.008605 0.000000
0.160118 0.050441 0.000000
-0.492177 0.003132 0.000000
-0.485433 -0.017878 0.000000
0.014186 -0.064283 0.000000
0.401036 0.016541 0.000000
-0.373537 -0.059271 0.000000
-0.471809 -0.029226 0.000000
0.486863 0.001840 0.000000
0.225254 0.042304 0.000000
-0.452817 -0.038767 0.000000
-0.309982 -0.067376 0.000000
0.409751 -0.017995 0.000000
-0.468552 -0.031179 0.000000
-0.464775 -0.033243 0.000000
0.492010 0.000908 0.000000
0.364796 -0.024716 0.000000
0.084181 -0.058374 0.000000
-0.353279 0.066998 0.000000
-0.442040 -0.042835 0.000000
0.267702 0.036587 0.000000
-0.232138 0.075639 0.000000
-0.186029 -0.072629 0.000000
-0.152676 0.075277 0.000000
0.479228 0.003211 0.000000
0.165756 0.049768 0.000000
0.376802 -0.022958 0.000000
0.251738 0.038774 0.000000
0.255872 0.038212 0.000000
-0.185928 -0.072629 0.000000
-0.007369 0.067288 0.000000
-0.406295 -0.052853 0.000000
0.082234 0.059078 0.000000
0.485884 0.002017 0.000000
-0.440201 0.046144 0.000000
-0.254031 -0.071155 0.000000
-0.445145 0.044160 0.000000
0.395572 -0.020156 0.000000
-0.246302 -0.071476 0.000000
-0.156219 0.075368 0.000000
0.477843 0.003458 0.000000
0.013877 -0.064307 0.000000
0.476010 0.003785 0.000000
0.023692 0.064675 0.000000
-0.308864 -0.067480 0.000000
-0.395439 0.059396 0.000000
0.335598 -0.028880 0.000000
0.443975 -0.012615 0.000000
-0.273021 -0.070172 0.000000
0.189148 -0.047488 0.000000
-0.199833 0.075926 0.000000
-0.385307 0.061555 0.000000
-0.073233 -0.069762 0.000000
-0.341865 0.068515 0.000000
-0.081235 0.072324 0.000000
-0.180154 0.075798 0.000000
0.274509 0.035640 0.000000
-0.486352 0.016453 0.000000
-0.178314 -0.072622 0.000000
-0.131139 0.074615 0.000000
-0.008144 -0.065902 0.000000
0.206016 -0.045540 0.000000
0.058038 -0.060720 0.000000
-0.121891 0.074269 0.000000
-0.492198 -0.003615 0.000000
-0.421726 -0.049032 0.000000
-0.418464 -0.049893 0.000000
-0.445418 0.044048 0.000000
0.207604 -0.045354 0.000000
0.027231 -0.063274 0.000000
-0.137279 -0.072082 0.000000
0.454234 0.007610 0.000000
0.018439 -0.063960 0.000000
-0.322613 0.070653 0.000000
0.032200 -0.062879 0.000000
-0.259967 0.074831 0.000000
-0.490562 0.009046 0.000000
-0.415789 0.054238 0.000000
-0.388124 0.060978 0.000000
0.098311 -0.057041 0.000000
-0.262928 -0.070731 0.000000
-0.246751 0.075284 0.000000
-0.398646 -0.054535 0.000000
0.359288 0.023165 0.000000
-0.292744 -0.068835 0.000000
0.287120 -0.035459 0.000000
-0.005122 -0.065692 0.000000
-0.153384 -0.072392 0.000000
0.351109 -0.026687 0.000000
0.158579 -0.050885 0.000000
0.114654 0.055637 0.000000
0.451280 0.008121 0.000000
0.289364 -0.035164 0.000000
0.398001 -0.019788 0.000000
-0.047962 -0.068426 0.000000
0.051337 -0.061296 0.000000
-0.433568 0.048601 0.000000
0.444681 0.009256 0.000000
0.079194 0.059389 0.000000
-0.379175 -0.058300 0.000000
0.286718 -0.035512 0.000000
-0.450565 0.041809 0.000000
-0.129276 -0.071883 0.000000
0.305462 -0.033019 0.000000
0.405323 -0.018674 0.000000
-0.333276 -0.064942 0.000000
0.369843 -0.023980 0.000000
-0.120775 0.074225 0.000000
-0.290832 -0.068981 0.000000
0.034171 0.063736 0.000000
-0.146568 0.075111 0.000000
-0.118701 -0.071579 0.000000
0.089748 0.058301 0.000000
-0.427530 0.050658 0.000000
0.033964 0.063755 0.000000
-0.483805 0.019589 0.000000
-0.359218 0.066130 0.000000
0.241343 -0.041292 0.000000
0.263866 0.037117 0.000000
0.198842 0.045698 0.000000
-0.292607 -0.068846 0.000000
0.383390 -0.021982 0.000000
-0.143134 -0.072207 0.000000
-0.185486 0.075855 0.000000
0.408910 -0.018124 0.000000
-0.001672 0.066829 0.000000
0.502729 -0.002809 0.000000
0.324941 0.028374 0.000000
0.301383 0.031824 0.000000
0.377984 0.020239 0.000000
-0.057464 -0.068953 0.000000
-0.040893 0.069792 0.000000
0.067886 0.060527 0.000000
-0.038940 0.069655 0.000000
-0.185665 0.075857 0.000000
0.211499 0.044087 0.000000
0.107347 0.056433 0.000000
-0.305284 -0.067801 0.000000
-0.126530 0.074447 0.000000
0.227382 0.042025 0.000000
0.306383 0.031100 0.000000
0.049409 0.062320 0.000000
-0.081696 0.072349 0.000000
-0.112786 -0.071388 0.000000
0.045331 0.062704 0.000000
-0.148348 -0.072305 0.000000
0.408805 0.015272 0.000000
0.282340 -0.036086 0.000000
-0.465074 -0.033087 0.000000
-0.183549 -0.072633 0.000000
-0.397346 0.058960 0.000000
-0.388196 -0.056641 0.000000
0.324051 0.028506 0.000000
0.246447 -0.040660 0.000000
0.500729 -0.000684 0.000000
-0.029796 0.069001 0.000000
0.318743 -0.031215 0.000000
-0.157207 -0.072445 0.000000
0.315473 0.029772 0.000000
-0.140422 -0.072150 0.000000
-0.372433 -0.059455 0.000000
-0.259581 0.074847 0.000000
0.457484 -0.010426 0.000000
-0.018114 0.068127 0.000000
-0.131468 0.074627 0.000000
0.095432 0.057705 0.000000
0.240351 0.040307 0.000000
0.061977 -0.060377 0.000000
0.112390 -0.055670 0.000000
-0.235016 0.075579 0.000000
-0.407526 0.056476 0.000000
0.420269 -0.016366 0.000000
-0.143899 0.075034 0.000000
-0.372388 -0.059463 0.000000
0.102197 0.056986 0.000000
-0.188205 0.075876 0.000000
-0.438493 0.046798 0.000000
-0.115102 0.073990 0.000000
-0.017235 -0.066521 0.000000
-0.103087 0.073449 0.000000
0.250952 0.038881 0.000000
-0.474242 0.028243 0.000000
0.430189 0.011718 0.000000
-0.321426 -0.066251 0.000000
0.325454 -0.030292 0.000000
0.129140 -0.053984 0.000000
-0.383307 0.061957 0.000000
0.124140 -0.054493 0.000000
-0.106042 0.073588 0.000000
0.326485 -0.030149 0.000000
-0.439553 0.046394 0.000000
-0.405773 -0.052972 0.000000
-0.127425 0.074482 0.000000
0.057220 -0.060792 0.000000
0.082178 0.059084 0.000000
-0.117275 0.074080 0.000000
0.045326 -0.061803 0.000000
-0.492402 0.000780 0.000000
-0.069794 -0.069592 0.000000
0.238456 0.040560 0.000000
0.169731 0.049290 0.000000
-0.485314 0.017801 0.000000
-0.135938 -0.072049 0.000000
0.473355 -0.007805 0.000000
0.232855 -0.042334 0.000000
0.364309 0.022386 0.000000
0.251642 -0.040012 0.000000
0.462050 -0.009678 0.000000
0.253910 0.038479 0.000000
0.497806 -0.000148 0.000000
0.116609 -0.055251 0.000000
0.431114 0.011562 0.000000
-0.403073 -0.053577 0.000000
0.260224 -0.038931 0.000000
0.050307 0.062234 0.000000
0.112171 -0.055691 0.000000
0.365875 0.022142 0.000000
-0.232248 0.075637 0.000000
-0.090270 0.072811 0.000000
0.291752 -0.034849 0.000000
-0.120261 0.074204 0.000000
-0.363144 0.065523 0.000000
-0.079685 -0.070067 0.000000
-0.032675 -0.067514 0.000000
-0.108163 0.073685 0.000000
-0.393736 0.059775 0.000000
-0.293916 -0.068744 0.000000
-0.478774 -0.024296 0.000000
0.470432 0.004774 0.000000
-0.270087 0.074397 0.000000
-0.182970 0.075828 0.000000
0.419358 0.013529 0.000000
-0.147330 -0.072288 0.000000
-0.288501 -0.069151 0.000000
0.327074 -0.030067 0.000000
-0.452456 0.040941 0.000000
-0.309170 0.071878 0.000000
0.001790 0.066545 0.000000
-0.058144 0.070942 0.000000
-0.448939 -0.040310 0.000000
-0.064486 -0.069323 0.000000
-0.490273 -0.010299 0.000000
0.264325 -0.038410 0.000000
0.090373 0.058236 0.000000
-0.334549 0.069385 0.000000
-0.379182 -0.058299 0.000000
-0.390750 -0.056146 0.000000
-0.241224 -0.071665 0.000000
0.343323 -0.027794 0.000000
-0.204508 0.075922 0.000000
0.239045 0.040482 0.000000
0.115344 0.055561 0.000000
0.049236 0.062336 0.000000
-0.154291 -0.072404 0.000000
0.347483 -0.027204 0.000000
0.311351 -0.032223 0.000000
-0.316512 0.071234 0.000000
0.171634 -0.049456 0.000000
0.196217 0.046029 0.000000
0.036996 0.063478 0.000000
0.365729 -0.024580 0.000000
0.340872 0.025984 0.000000
-0.489619 0.011149 0.000000
0.421491 -0.016176 0.000000
0.020005 0.065000 0.000000
0.284596 -0.035791 0.000000
0.494856 0.000391 0.000000
-0.408121 -0.052433 0.000000
0.050798 0.062188 0.000000
0.135555 0.053300 0.000000
-0.343795 -0.063654 0.000000
0.160187 -0.050710 0.000000
0.433240 0.011203 0.000000
-0.074104 0.071918 0.000000
0.188125 -0.047605 0.000000
-0.331702 -0.065127 0.000000
0.256329 0.038150 0.000000
0.467640 0.005267 0.000000
0.263944 -0.038459 0.000000
-0.066796 0.071482 0.000000
-0.411485 -0.051637 0.000000
0.386980 -0.021447 0.000000
-0.290336 -0.069017 0.000000
0.106486 -0.056250 0.000000
-0.343926 -0.063638 0.000000
-0.002006 -0.065471 0.000000
0.032565 0.063882 0.000000
-0.264928 -0.070624 0.000000
-0.315292 -0.066870 0.000000
-0.029765 0.068999 0.000000
-0.329924 -0.065328 0.000000
0.139052 -0.052960 0.000000
-0.394904 -0.055313 0.000000
0.327328 0.028019 0.000000
-0.050845 0.070467 0.000000
0.224291 -0.043371 0.000000
-0.338682 -0.064296 0.000000
-0.343336 -0.063713 0.000000
0.350151 -0.026824 0.000000
0.015468 0.065393 0.000000
-0.312814 0.071565 0.000000
0.400899 -0.019348 0.000000
0.408465 0.015328 0.000000
-0.392214 0.060110 0.000000
-0.324315 0.070486 0.000000
-0.321373 -0.066257 0.000000
-0.127791 -0.071842 0.000000
-0.071023 0.071735 0.000000
-0.217183 0.075854 0.000000
-0.265477 0.074604 0.000000
0.457415 -0.010437 0.000000
-0.487017 0.015524 0.000000
-0.482434 0.021072 0.000000
0.458239 -0.010303 0.000000
-0.414636 0.054564 0.000000
0.388496 -0.021220 0.000000
-0.263404 -0.070705 0.000000
-0.029726 -0.067331 0.000000
-0.491643 0.005775 0.000000
-0.463374 0.035319 0.000000
0.355078 -0.026119 0.000000
-0.432630 -0.045903 0.000000
-0.145437 0.075078 0.000000
0.086817 -0.058128 0.000000
0.084776 0.058817 0.000000
-0.042321 0.069891 0.000000
-0.446668 0.043519 0.000000
-0.218748 -0.072284 0.000000
-0.141726 0.074970 0.000000
0.044531 -0.061869 0.000000
-0.044097 0.070013 0.000000
0.363443 0.022520 0.000000
-0.025845 0.068710 0.000000
0.066594 0.060654 0.000000
0.413061 0.014572 0.000000
0.006699 -0.064842 0.000000
-0.249054 -0.071369 0.000000
-0.097648 0.073186 0.000000
0.394379 -0.020336 0.000000
-0.033549 0.069272 0.000000
-0.120869 -0.071645 0.000000
-0.289026 0.073350 0.000000
0.504270 -0.001335 0.000000
0.298647 0.032219 0.000000
0.299151 -0.033866 0.000000
0.468600 0.005098 0.000000
-0.244233 0.075357 0.000000
-0.354897 0.066769 0.000000
-0.141756 0.074971 0.000000
0.074653 0.059849 0.000000
0.068191 0.060496 0.000000
-0.484155 0.019190 0.000000
-0.032966 -0.067532 0.000000
-0.212641 0.075888 0.000000
0.314296 0.029945 0.000000
-0.492300 0.002142 0.000000
0.023085 0.064729 0.000000
-0.107626 -0.071211 0.000000
-0.417415 0.053771 0.000000
0.188230 0.047026 0.000000
0.178976 -0.048638 0.000000
-0.427756 -0.047353 0.000000
-0.199104 -0.072569 0.000000
-0.041816 0.069856 0.000000
-0.039030 0.069661 0.000000
0.028527 -0.063172 0.000000
0.287275 -0.035439 0.000000
-0.372383 -0.059463 0.000000
0.355124 0.023808 0.000000
-0.471540 0.030193 0.000000
-0.384373 0.061743 0.000000
-0.187691 0.075872 0.000000
0.272518 0.035918 0.000000
0.455402 -0.010766 0.000000
-0.186669 -0.072627 0.000000
0.332211 0.027289 0.000000
-0.020572 -0.066741 0.000000
-0.139094 -0.072122 0.000000
0.464424 -0.009287 0.000000
0.409439 0.015168 0.000000
0.242120 -0.041196 0.000000
0.500057 -0.000560 0.000000
0.217799 0.043275 0.000000
0.424267 -0.015742 0.000000
-0.381233 0.062359 0.000000
0.186225 -0.047821 0.000000
-0.013252 0.067752 0.000000
-0.204093 0.075923 0.000000
-0.311505 0.071678 0.000000
0.178767 -0.048662 0.000000
-0.395676 0.059343 0.000000
0.321589 0.028871 0.000000
-0.156976 -0.072442 0.000000
-0.071654 0.071773 0.000000
0.363232 0.022553 0.000000
-0.030752 -0.067395 0.000000
-0.276313 0.074087 0.000000
0.417468 -0.016802 0.000000
0.463958 0.005914 0.000000
0.482997 0.002536 0.000000
-0.420946 0.052728 0.000000
-0.296860 -0.068514 0.000000
-0.313111 -0.067083 0.000000
0.326614 -0.030131 0.000000
-0.483925 -0.019567 0.000000
0.359914 -0.025423 0.000000
0.164661 0.049900 0.000000
-0.189397 -0.072622 0.000000
0.289741 -0.035114 0.000000
0.216362 0.043461 0.000000
0.103217 -0.056568 0.000000
0.079027 0.059406 0.000000
0.075498 -0.059170 0.000000
0.323348 -0.030582 0.000000
0.483440 0.002456 0.000000
-0.445930 0.043831 0.000000
0.342508 0.025737 0.000000
0.024757 -0.063470 0.000000
0.433703 -0.014254 0.000000
0.082308 0.059071 0.000000
0.269799 -0.037710 0.000000
0.124009 -0.054507 0.000000
0.480537 0.002977 0.000000
-0.240046 -0.071704 0.000000
-0.303033 0.072368 0.000000
0.225592 0.042260 0.000000
-0.025916 0.068715 0.000000
0.078608 -0.058887 0.000000
0.162181 0.050196 0.000000
-0.068106 0.071562 0.000000
-0.147231 0.075131 0.000000
-0.042225 -0.068093 0.000000
0.179525 -0.048577 0.000000
0.328780 0.027802 0.000000
0.131288 -0.053764 0.000000
0.326231 -0.030184 0.000000
0.372373 0.021124 0.000000
0.483440 0.002456 0.000000
0.178854 -0.048652 0.000000
0.387393 -0.021385 0.000000
0.489785 -0.005034 0.000000
-0.070092 0.071680 0.000000
-0.303640 0.072323 0.000000
0.129279 -0.053970 0.000000
0.220919 -0.043775 0.000000
-0.090898 0.072843 0.000000
-0.078838 -0.070027 0.000000
-0.491566 0.006064 0.000000
0.463592 -0.009424 0.000000
0.362790 0.022622 0.000000
-0.231427 0.075654 0.000000
0.405160 -0.018699 0.000000
-0.142375 0.074989 0.000000
0.455324 0.007421 0.000000
-0.490497 -0.009781 0.000000
-0.048453 -0.068454 0.000000
0.417982 -0.016722 0.000000
-0.243015 0.075389 0.000000
-0.333186 -0.064953 0.000000
-0.204350 0.075923 0.000000
-0.070156 0.071684 0.000000
0.289877 0.033474 0.000000
0.030367 -0.063026 0.000000
0.321587 0.028871 0.000000
-0.475873 0.026986 0.000000
0.164244 -0.050269 0.000000
0.406219 0.015696 0.000000
0.105947 0.056584 0.000000
-0.056243 0.070821 0.000000
-0.419672 -0.049578 0.000000
0.109844 0.056162 0.000000
0.287785 0.033771 0.000000
-0.053416 0.070637 0.000000
-0.474599 0.027973 0.000000
0.222580 -0.043576 0.000000
0.433314 0.011190 0.000000
-0.489209 0.011947 0.000000
0.101792 0.057030 0.000000
-0.000502 0.066733 0.000000
0.437034 0.010560 0.000000
-0.305849 0.072147 0.000000
-0.420160 -0.049449 0.000000
0.094280 -0.057426 0.000000
0.381765 -0.022223 0.000000
-0.420535 -0.049350 0.000000
0.186200 0.047277 0.000000
0.126047 -0.054300 0.000000
0.262958 0.037242 0.000000
-0.217747 -0.072304 0.000000
0.281360 -0.036214 0.000000
0.393685 -0.020441 0.000000
-0.027278 0.068816 0.000000
-0.398971 -0.054467 0.000000
0.088853 0.058395 0.000000
0.254830 -0.039612 0.000000
0.141969 0.052565 0.000000
-0.296480 -0.068544 0.000000
-0.069998 0.071674 0.000000
-0.299134 -0.068326 0.000000
-0.273912 -0.070120 0.000000
0.118216 -0.055090 0.000000
-0.085877 0.072578 0.000000
0.474343 0.004081 0.000000
0.088825 0.058398 0.000000
-0.115160 0.073992 0.000000
-0.455784 -0.037512 0.000000
0.305106 -0.033067 0.000000
0.212551 0.043952 0.000000
0.067351 0.060579 0.000000
-0.211706 0.075894 0.000000
-0.263203 0.074701 0.000000
-0.292005 0.073156 0.000000
0.064402 -0.060164 0.000000
0.454902 0.007494 0.000000
-0.259878 -0.070881 0.000000
-0.390914 0.060389 0.000000
0.143344 -0.052510 0.000000
0.477402 0.003537 0.000000
0.481714 -0.006403 0.000000
0.062755 -0.060309 0.000000
-0.204165 0.075923 0.000000
-0.162700 -0.072513 0.000000
-0.401584 -0.053905 0.000000
0.218440 0.043192 0.000000
0.028835 0.064218 0.000000
-0.277380 0.074029 0.000000
0.448933 -0.011816 0.000000
0.382236 -0.022153 0.000000
0.247523 0.039344 0.000000
0.232025 0.041413 0.000000
-0.417389 -0.050171 0.000000
0.291652 -0.034862 0.000000
-0.047743 0.070261 0.000000
-0.154472 -0.072407 0.000000
-0.362513 0.065624 0.000000
0.011932 -0.064453 0.000000
-0.287265 0.073461 0.000000
0.146137 -0.052216 0.000000
0.418647 -0.016619 0.000000
0.502526 -0.001014 0.000000
-0.100980 -0.070967 0.000000
0.166571 0.049670 0.000000
-0.096868 -0.070806 0.000000
-0.471175 -0.029621 0.000000
-0.367219 0.064864 0.000000
0.442519 -0.012849 0.000000
0.050602 -0.061358 0.000000
0.261355 0.037462 0.000000
-0.283057 0.073713 0.000000
0.414285 -0.017295 0.000000
-0.105409 0.073559 0.000000
-0.367305 0.064849 0.000000
0.145976 0.052102 0.000000
0.469034 -0.008524 0.000000
0.221250 -0.043736 0.000000
-0.425390 -0.048026 0.000000
-0.438382 0.046840 0.000000
0.206804 -0.045448 0.000000
-0.194536 0.075914 0.000000
0.178060 0.048279 0.000000
0.474855 -0.007555 0.000000
-0.426539 -0.047700 0.000000
-0.348025 0.067720 0.000000
-0.234903 -0.071874 0.000000
0.193221 -0.047023 0.000000
0.156079 0.050920 0.000000
0.501177 -0.000766 0.000000
0.382275 0.019559 0.000000
0.504084 -0.002574 0.000000
-0.282083 0.073771 0.000000
-0.394162 0.059680 0.000000
-0.242950 0.075390 0.000000
-0.224846 0.075762 0.000000
-0.267183 -0.070505 0.000000
-0.047166 -0.068380 0.000000
-0.461915 -0.034689 0.000000
0.131922 0.053713 0.000000
0.385928 0.018976 0.000000
0.041781 -0.062098 0.000000
-0.155966 -0.072428 0.000000
-0.441535 0.045622 0.000000
0.464979 -0.009195 0.000000
0.111566 0.055975 0.000000
0.417236 0.013882 0.000000
0.173150 0.048877 0.000000
-0.356773 -0.061885 0.000000
0.400134 0.016688 0.000000
0.417517 -0.016794 0.000000
0.097779 -0.057092 0.000000
-0.401885 -0.053840 0.000000
-0.311642 0.071666 0.000000
-0.115419 -0.071476 0.000000
-0.180154 0.075798 0.000000
0.458175 0.006925 0.000000
0.358865 -0.025574 0.000000
0.223154 0.042578 0.000000
0.365396 -0.024628 0.000000
0.383965 -0.021896 0.000000
-0.017119 0.068051 0.000000
-0.063357 -0.069265 0.000000
0.313207 -0.031971 0.000000
-0.403998 -0.053372 0.000000
0.186184 0.047279 0.000000
-0.258020 -0.070971 0.000000
0.288781 -0.035241 0.000000
0.483529 0.002440 0.000000
0.064723 -0.060135 0.000000
-0.276310 -0.069972 0.000000
0.429381 0.011854 0.000000
0.427009 0.012252 0.000000
0.102812 -0.056607 0.000000
-0.239546 -0.071721 0.000000
-0.440663 0.045966 0.000000
0.438740 0.010270 0.000000
-0.270370 -0.070326 0.000000
0.451125 0.008148 0.000000
-0.476053 -0.026372 0.000000
0.480925 -0.006536 0.000000
-0.217598 -0.072307 0.000000
-0.329718 -0.065351 0.000000
-0.288361 -0.069161 0.000000
-0.175476 -0.072614 0.000000
-0.097589 -0.070834 0.000000
0.470598 -0.008264 0.000000
-0.262001 -0.070779 0.000000
-0.090922 0.072845 0.000000
-0.058319 0.070953 0.000000
0.403322 0.016169 0.000000
0.209693 -0.045108 0.000000
0.133866 0.053492 0.000000
-0.235768 0.075563 0.000000
0.318435 0.029337 0.000000
-0.159898 0.075450 0.000000
0.286060 0.034016 0.000000
-0.173415 -0.072601 0.000000
-0.086258 0.072599 0.000000
-0.307622 -0.067595 0.000000
-0.419601 -0.049597 0.000000
-0.197919 0.075921 0.000000
-0.294841 0.072965 0.000000
0.162915 0.050108 0.000000
0.315726 0.029735 0.000000
-0.422836 -0.048731 0.000000
-0.137310 -0.072083 0.000000
0.122222 0.054801 0.000000
-0.182390 -0.072631 0.000000
0.254913 0.038343 0.000000
0.347065 0.025043 0.000000
-0.491903 0.004669 0.000000
0.126807 0.054289 0.000000
-0.448600 -0.040442 0.000000
-0.218011 -0.072299 0.000000
-0.212288 -0.072403 0.000000
0.332005 0.027320 0.000000
0.416331 -0.016978 0.000000
-0.456511 0.038983 0.000000
-0.269143 -0.070397 0.000000
-0.466042 0.033750 0.000000
-0.448823 -0.040356 0.000000
-0.490575 -0.009591 0.000000
-0.417846 -0.050053 0.000000
0.403499 0.016140 0.000000
0.230832 -0.042580 0.000000
-0.073543 -0.069777 0.000000
0.490321 -0.004943 0.000000
-0.030344 0.069042 0.000000
0.167402 -0.049923 0.000000
0.083279 0.058971 0.000000
0.002093 -0.065177 0.000000
-0.404690 0.057197 0.000000
0.003121 0.066435 0.000000
-0.055148 0.070751 0.000000
-0.021778 0.068405 0.000000
-0.231677 -0.071968 0.000000
-0.310880 0.071732 0.000000
-0.301579 0.072478 0.000000
-0.306360 0.072106 0.000000
-0.305045 -0.067822 0.000000
0.482550 -0.006262 0.000000
0.425228 -0.015591 0.000000
-0.221712 0.075802 0.000000
0.429718 -0.014885 0.000000
0.409832 -0.017982 0.000000
0.270361 0.036218 0.000000
-0.103247 0.073457 0.000000
0.487776 -0.005376 0.000000
-0.016523 -0.066474 0.000000
0.101933 0.057015 0.000000
-0.291515 0.073188 0.000000
0.232091 -0.042427 0.000000
0.068365 -0.059813 0.000000
-0.283611 -0.069495 0.000000
-0.451959 0.041172 0.000000
-0.305360 -0.067795 0.000000
0.013040 0.065601 0.000000
0.212580 0.043948 0.000000
-0.145300 -0.072252 0.000000
-0.472508 0.029512 0.000000
0.455013 -0.010830 0.000000
-0.463443 -0.033929 0.000000
-0.453887 -0.038322 0.000000
-0.048841 0.070335 0.000000
-0.047733 -0.068413 0.000000
-0.188444 -0.072624 0.000000
0.029608 -0.063087 0.000000
-0.486389 0.016403 0.000000
0.296618 0.032510 0.000000
0.356789 -0.025873 0.000000
-0.444385 -0.042006 0.000000
-0.301562 -0.068125 0.000000
0.444250 0.009330 0.000000
-0.384390 0.061739 0.000000
0.430484 -0.014764 0.000000
0.218881 -0.044019 0.000000
-0.342179 0.068477 0.000000
0.085752 -0.058227 0.000000
-0.140771 -0.072157 0.000000
-0.054106 -0.068771 0.000000
-0.370365 0.064335 0.000000
0.075871 0.059726 0.000000
-0.076988 -0.069941 0.000000
0.047200 -0.061646 0.000000
-0.400163 -0.054211 0.000000
0.176396 0.048482 0.000000
-0.450574 0.041805 0.000000
0.266969 -0.038073 0.000000
0.484971 -0.005852 0.000000
-0.356042 0.066601 0.000000
0.210871 -0.044970 0.000000
0.047631 0.062489 0.000000
0.150068 0.051625 0.000000
0.065471 0.060765 0.000000
-0.155265 0.075344 0.000000
-0.255969 0.074982 0.000000
0.168816 0.049401 0.000000
0.435361 0.010844 0.000000
-0.111363 -0.071340 0.000000
-0.247926 -0.071413 0.000000
-0.213479 -0.072385 0.000000
0.038599 -0.062359 0.000000
0.202305 0.045260 0.000000
-0.128397 -0.071859 0.000000
0.392149 0.017979 0.000000
-0.228793 0.075698 0.000000
0.008896 0.065953 0.000000
0.112037 -0.055705 0.000000
-0.148937 -0.072316 0.000000
0.023388 0.064702 0.000000
0.052579 -0.061190 0.000000
-0.052859 0.070600 0.000000
0.078624 0.059448 0.000000
0.109451 -0.055959 0.000000
0.345658 0.025258 0.000000
-0.006022 0.067180 0.000000
-0.481412 -0.022036 0.000000
-0.096490 0.073128 0.000000
-0.295209 -0.068643 0.000000
0.464509 -0.009273 0.000000
0.236246 0.040854 0.000000
0.440547 0.009963 0.000000
0.012515 -0.064410 0.000000
-0.353156 0.067016 0.000000
-0.220549 0.075815 0.000000
0.233506 0.041217 0.000000
0.008353 0.065998 0.000000
-0.231293 -0.071979 0.000000
-0.443456 0.044854 0.000000
-0.075505 0.071998 0.000000
-0.427720 0.050595 0.000000
-0.331528 -0.065147 0.000000
-0.314738 0.071397 0.000000
-0.437186 -0.044467 0.000000
0.198139 0.045787 0.000000
0.195397 0.046132 0.000000
-0.077207 0.072096 0.000000
0.125737 0.054409 0.000000
-0.154221 -0.072403 0.000000
0.438808 -0.013442 0.000000
-0.330326 0.069855 0.000000
0.171667 -0.049452 0.000000
0.468425 -0.008625 0.000000
-0.475586 0.027212 0.000000
-0.294470 0.072991 0.000000
-0.197415 0.075920 0.000000
-0.128878 -0.071872 0.000000
0.362256 0.022705 0.000000
0.426022 -0.015466 0.000000
-0.129712 0.074565 0.000000
-0.053929 0.070671 0.000000
0.173946 -0.049199 0.000000
0.274201 -0.037143 0.000000
-0.472429 0.029568 0.000000
-0.304904 -0.067835 0.000000
0.210872 -0.044970 0.000000
0.434815 0.010937 0.000000
-0.491127 0.007514 0.000000
0.435494 0.010822 0.000000
-0.400559 -0.054126 0.000000
-0.022893 0.068489 0.000000
-0.043761 0.069990 0.000000
0.262288 -0.038669 0.000000
0.449292 0.008464 0.000000
-0.485200 0.017943 0.000000
-0.455017 0.039720 0.000000
-0.385505 -0.057150 0.000000
-0.211860 -0.072410 0.000000
-0.214769 0.075873 0.000000
0.337891 -0.028559 0.000000
-0.413499 -0.051147 0.000000
-0.106134 -0.071157 0.000000
0.239417 -0.041530 0.000000
0.304622 0.031356 0.000000
0.234083 0.041141 0.000000
0.132918 -0.053596 0.000000
-0.226014 -0.072120 0.000000
0.420863 0.013279 0.000000
0.501198 -0.003074 0.000000
-0.477394 -0.025376 0.000000
-0.225094 0.075758 0.000000
-0.201467 -0.072544 0.000000
-0.366743 0.064943 0.000000
-0.117382 -0.071538 0.000000
-0.300079 0.072592 0.000000
0.002395 -0.065156 0.000000
-0.462994 -0.034154 0.000000
0.305604 -0.033000 0.000000
0.462736 0.006129 0.000000
0.449252 0.008471 0.000000
0.056542 0.061637 0.000000
-0.140174 0.074919 0.000000
-0.036061 0.069453 0.000000
-0.487125 -0.015718 0.000000
-0.170206 -0.072581 0.000000
0.078710 0.059439 0.000000
0.394770 -0.020277 0.000000
0.429875 -0.014860 0.000000
0.142190 -0.052631 0.000000
-0.425456 -0.048007 0.000000
0.165168 0.049839 0.000000
0.247467 0.039352 0.000000
-0.438767 -0.043947 0.000000
-0.478044 0.025200 0.000000
-0.109388 0.073740 0.000000
-0.415599 -0.050625 0.000000
0.237300 -0.041790 0.000000
-0.355317 -0.062092 0.000000
0.356903 -0.025857 0.000000
0.298178 0.032286 0.000000
-0.283810 0.073668 0.000000
0.296445 0.032535 0.000000
0.166571 0.049670 0.000000
0.244710 0.039723 0.000000
-0.017110 -0.066513 0.000000
-0.172978 -0.072598 0.000000
0.165413 0.049809 0.000000
-0.446316 -0.041301 0.000000
-0.185449 -0.072630 0.000000
0.124721 0.054523 0.000000
-0.029054 0.068947 0.000000
0.344283 -0.027658 0.000000
-0.118276 -0.071566 0.000000
-0.094423 0.073026 0.000000
-0.475601 0.027200 0.000000
0.317194 0.029519 0.000000
-0.088413 -0.070457 0.000000
0.001850 -0.065195 0.000000
-0.263570 0.074687 0.000000
0.006237 0.066176 0.000000
-0.253653 -0.071171 0.000000
0.203793 0.045072 0.000000
-0.379598 -0.058225 0.000000
-0.234160 -0.071896 0.000000
0.214366 0.043718 0.000000
0.242343 0.040041 0.000000
0.013679 0.065546 0.000000
-0.384184 0.061781 0.000000
-0.213522 -0.072384 0.000000
-0.346871 0.067875 0.000000
0.313378 0.030080 0.000000
-0.403608 0.057467 0.000000
-0.001225 0.066793 0.000000
-0.398994 -0.054462 0.000000
-0.205850 0.075919 0.000000
0.061866 0.061120 0.000000
0.423854 -0.015806 0.000000
-0.366942 0.064910 0.000000
-0.425703 0.051248 0.000000
-0.135383 -0.072036 0.000000
0.046725 -0.061686 0.000000
0.081988 -0.058576 0.000000
-0.220715 0.075813 0.000000
-0.332317 0.069636 0.000000
-0.431558 -0.046230 0.000000
0.499817 -0.003313 0.000000
0.488246 -0.005296 0.000000
0.097310 0.057507 0.000000
0.111409 0.055992 0.000000
0.196317 -0.046667 0.000000
-0.096127 0.073110 0.000000
-0.469126 0.031815 0.000000
0.359146 -0.025534 0.000000
0.361505 0.022822 0.000000
0.381561 -0.022254 0.000000
-0.349330 0.067545 0.000000
-0.427027 0.050820 0.000000
0.487312 -0.005455 0.000000
-0.152242 0.075266 0.000000
-0.057682 -0.068964 0.000000
-0.479694 0.023742 0.000000
0.156970 0.050814 0.000000
0.048376 0.062418 0.000000
0.230971 -0.042563 0.000000
-0.082678 -0.070204 0.000000
0.134338 0.053439 0.000000
0.037899 -0.062417 0.000000
0.435064 -0.014039 0.000000
-0.114543 0.073967 0.000000
-0.319360 -0.066463 0.000000
0.437808 0.010429 0.000000
0.495007 -0.004141 0.000000
0.418320 -0.016670 0.000000
-0.477286 0.025839 0.000000
-0.293174 -0.068802 0.000000
-0.313938 0.071468 0.000000
-0.284709 0.073614 0.000000
0.000244 0.066672 0.000000
-0.376276 -0.058805 0.000000
-0.367290 0.064852 0.000000
0.373698 -0.023415 0.000000
0.294862 0.032762 0.000000
0.043474 0.062879 0.000000
-0.193016 0.075908 0.000000
-0.291876 0.073165 0.000000
-0.266411 0.074562 0.000000
-0.008908 -0.065955 0.000000
0.353300 0.024089 0.000000
-0.168074 0.075616 0.000000
-0.279703 0.073901 0.000000
0.194232 0.046277 0.000000
-0.243402 0.075379 0.000000
0.405472 0.015818 0.000000
0.334482 0.026948 0.000000
0.381526 -0.022259 0.000000
0.279786 -0.036419 0.000000
-0.407109 -0.052668 0.000000
0.166130 0.049723 0.000000
0.115649 -0.055346 0.000000
-0.246869 -0.071454 0.000000
-0.332464 0.069620 0.000000
0.023642 0.064680 0.000000
0.139206 0.052883 0.000000
-0.027206 0.068810 0.000000
-0.352661 0.067085 0.000000
-0.362993 0.065547 0.000000
-0.163064 0.075521 0.000000
0.033377 0.063808 0.000000
-0.147505 -0.072291 0.000000
-0.176639 0.075753 0.000000
0.060309 0.061272 0.000000
-0.395975 0.059274 0.000000
-0.492015 0.004108 0.000000
0.153285 0.051248 0.000000
-0.153642 -0.072395 0.000000
0.312852 0.030157 0.000000
-0.261979 0.074751 0.000000
0.093421 0.057917 0.000000
-0.116783 -0.071520 0.000000
-0.214820 -0.072363 0.000000
0.394359 -0.020339 0.000000
0.318133 0.029381 0.000000
0.047562 -0.061615 0.000000
0.329415 0.027707 0.000000
0.100089 0.057211 0.000000
-0.243215 0.075384 0.000000
-0.401567 0.057966 0.000000
-0.472888 0.029239 0.000000
0.380980 0.019764 0.000000
-0.465062 -0.033093 0.000000
-0.244004 -0.071564 0.000000
-0.489139 0.012077 0.000000
0.120267 -0.054884 0.000000
-0.207771 -0.072472 0.000000
0.379531 -0.022555 0.000000
0.340111 0.026100 0.000000
-0.400076 0.058321 0.000000
0.234809 0.041045 0.000000
-0.307860 -0.067573 0.000000
-0.135367 0.074764 0.000000
-0.158048 -0.072457 0.000000
0.307105 -0.032798 0.000000
-0.115331 -0.071473 0.000000
0.105473 0.056635 0.000000
0.204573 0.044972 0.000000
-0.044515 -0.068226 0.000000
-0.342332 0.068458 0.000000
-0.445555 0.043990 0.000000
-0.012844 0.067720 0.000000
-0.247497 0.075261 0.000000
-0.486064 0.016839 0.000000
-0.100266 -0.070939 0.000000
0.094037 0.057852 0.000000
0.029003 0.064203 0.000000
0.407066 0.015557 0.000000
-0.382397 0.062133 0.000000
-0.378863 0.062810 0.000000
-0.276832 -0.069939 0.000000
0.487763 -0.005379 0.000000
0.056607 0.061631 0.000000
-0.467037 -0.032031 0.000000
0.009702 -0.064619 0.000000
0.350283 -0.026805 0.000000
0.074165 -0.059291 0.000000
-0.265687 0.074595 0.000000
0.082211 -0.058556 0.000000
0.172788 -0.049328 0.000000
-0.154325 0.075320 0.000000
-0.073374 0.071875 0.000000
0.038353 0.063354 0.000000
0.077412 -0.058996 0.000000
0.446838 0.008886 0.000000
-0.212822 -0.072395 0.000000
0.472965 -0.007870 0.000000
0.280262 0.034834 0.000000
0.429348 -0.014943 0.000000
-0.328615 -0.065475 0.000000
0.441299 -0.013044 0.000000
0.262139 0.037354 0.000000
0.231373 0.041500 0.000000
0.088737 -0.057949 0.000000
0.432428 0.011340 0.000000
0.181511 -0.048353 0.000000
-0.404708 0.057193 0.000000
0.148745 0.051780 0.000000
-0.291599 0.073183 0.000000
-0.185282 0.075853 0.000000
-0.307878 -0.067571 0.000000
0.107019 -0.056198 0.000000
0.494224 -0.004275 0.000000
0.407466 -0.018345 0.000000
-0.325273 0.070387 0.000000
-0.128550 0.074523 0.000000
0.052212 -0.061222 0.000000
-0.411497 0.055429 0.000000
0.393345 -0.020492 0.000000
-0.136996 0.074817 0.000000
-0.225656 -0.072129 0.000000
0.292442 0.033108 0.000000
0.206835 -0.045444 0.000000
-0.076215 -0.069905 0.000000
-0.311623 0.071668 0.000000
-0.238421 0.075506 0.000000
-0.461594 0.036316 0.000000
0.208835 0.044429 0.000000
-0.220318 -0.072253 0.000000
0.254299 0.038426 0.000000
-0.332390 -0.065046 0.000000
0.314320 0.029942 0.000000
-0.453594 -0.038444 0.000000
0.181851 0.047814 0.000000
0.073954 -0.059311 0.000000
-0.292744 -0.068835 0.000000
0.125368 0.054451 0.000000
0.200223 -0.046215 0.000000
-0.312741 -0.067119 0.000000
0.485018 -0.005844 0.000000
-0.261246 -0.070815 0.000000
-0.470308 0.031032 0.000000
0.386235 0.018927 0.000000
0.284486 0.034239 0.000000
0.088687 -0.057954 0.000000
-0.480607 0.022890 0.000000
0.437627 -0.013631 0.000000
-0.395896 -0.055110 0.000000
-0.259569 0.074847 0.000000
-0.007471 0.067296 0.000000
-0.090090 -0.070528 0.000000
0.206998 0.044664 0.000000
-0.063826 -0.069289 0.000000
0.460926 -0.009862 0.000000
-0.119313 -0.071597 0.000000
0.090991 0.058171 0.000000
0.398318 0.016983 0.000000
0.272683 -0.037339 0.000000
-0.018581 -0.066610 0.000000
-0.486549 0.016183 0.000000
-0.249126 0.075212 0.000000
0.451751 0.008040 0.000000
0.158659 -0.050876 0.000000
0.322981 0.028665 0.000000
-0.375431 -0.058951 0.000000
-0.266578 -0.070537 0.000000
0.403451 0.016148 0.000000
0.191512 -0.047219 0.000000
0.325204 0.028335 0.000000
0.424998 -0.015627 0.000000
-0.473775 0.028592 0.000000
0.236742 0.040788 0.000000
0.235847 0.040907 0.000000
0.130694 -0.053825 0.000000
-0.399097 0.058553 0.000000
-0.083944 -0.070260 0.000000
0.337097 0.026555 0.000000
-0.166950 -0.072556 0.000000
0.101633 -0.056721 0.000000
-0.060323 0.071081 0.000000
0.424356 0.012696 0.000000
0.427448 0.012178 0.000000
0.437912 -0.013585 0.000000
0.063648 -0.060230 0.000000
0.310772 -0.032302 0.000000
-0.287547 -0.069220 0.000000
-0.200555 -0.072554 0.000000
0.279161 0.034989 0.000000
0.458909 -0.010193 0.000000
0.364633 -0.024739 0.000000
0.204178 -0.045755 0.000000
0.035899 0.063578 0.000000
0.259975 0.037651 0.000000
-0.399920 0.058358 0.000000
0.239190 0.040462 0.000000
-0.302975 -0.068004 0.000000
-0.386847 -0.056898 0.000000
0.323253 -0.030595 0.000000
0.199335 -0.046318 0.000000
-0.082524 -0.070197 0.000000
-0.263283 0.074698 0.000000
-0.410564 0.055678 0.000000
-0.189848 0.075887 0.000000
-0.220501 0.075816 0.000000
0.060906 -0.060470 0.000000
0.074986 0.059816 0.000000
-0.310045 -0.067370 0.000000
0.247822 0.039304 0.000000
0.054418 -0.061032 0.000000
-0.214651 0.075874 0.000000
0.495978 0.000186 0.000000
-0.002891 0.066927 0.000000
-0.310234 0.071788 0.000000
-0.340190 0.068719 0.000000
0.338074 -0.028533 0.000000
-0.443594 -0.042289 0.000000
0.153651 -0.051416 0.000000
-0.340189 0.068719 0.000000
-0.492418 -0.000947 0.000000
-0.393838 0.059752 0.000000
0.322408 -0.030712 0.000000
-0.468695 -0.031096 0.000000
-0.072164 0.071803 0.000000
-0.385181 -0.057211 0.000000
-0.369921 0.064412 0.000000
-0.489762 0.010856 0.000000
0.231546 0.041477 0.000000
0.317236 -0.031421 0.000000
-0.277350 0.074031 0.000000
-0.256607 0.074959 0.000000
0.108325 0.056327 0.000000
-0.452110 0.041102 0.000000
0.093361 -0.057513 0.000000
-0.075264 0.071985 0.000000
0.495843 -0.003997 0.000000
0.207825 0.044558 0.000000
-0.457300 0.038585 0.000000
0.179494 -0.048580 0.000000
0.081163 -0.058652 0.000000
-0.378780 -0.058370 0.000000
-0.304963 -0.067830 0.000000
-0.156860 -0.072440 0.000000
0.191346 -0.047238 0.000000
0.032799 -0.062830 0.000000
-0.181612 0.075814 0.000000
0.459561 0.006684 0.000000
0.264370 0.037047 0.000000
-0.431302 -0.046307 0.000000
0.071506 -0.059531 0.000000
-0.063726 -0.069284 0.000000
-0.213358 -0.072387 0.000000
-0.088577 -0.070464 0.000000
0.113433 -0.055567 0.000000
0.356658 0.023571 0.000000
0.073809 -0.059324 0.000000
-0.198676 -0.072572 0.000000
-0.420668 0.052812 0.000000
-0.032498 0.069197 0.000000
-0.451140 -0.039446 0.000000
-0.073629 0.071890 0.000000
0.018725 -0.063938 0.000000
0.420374 -0.016350 0.000000
-0.448115 0.042897 0.000000
-0.128655 -0.071866 0.000000
0.429209 -0.014965 0.000000
-0.279398 0.073918 0.000000
0.222825 -0.043547 0.000000
0.272755 0.035885 0.000000
0.396982 -0.019943 0.000000
-0.489406 -0.012077 0.000000
-0.122216 -0.071686 0.000000
-0.049609 0.070386 0.000000
0.297600 0.032369 0.000000
-0.307300 0.072030 0.000000
-0.468637 0.032130 0.000000
-0.400088 0.058318 0.000000
0.430942 0.011591 0.000000
-0.175941 -0.072616 0.000000
-0.234440 -0.071888 0.000000
0.459656 -0.010071 0.000000
0.092981 0.057963 0.000000
-0.217893 -0.072301 0.000000
0.168292 -0.049825 0.000000
-0.139794 0.074907 0.000000
0.084002 0.058897 0.000000
-0.320376 -0.066359 0.000000
0.353546 0.024051 0.000000
0.036851 0.063492 0.000000
-0.492095 0.003654 0.000000
0.146116 -0.052218 0.000000
-0.251270 -0.071274 0.000000
-0.116010 -0.071496 0.000000
0.197703 0.045842 0.000000
0.022117 -0.063675 0.000000
-0.142064 0.074980 0.000000
0.340636 0.026020 0.000000
-0.422234 0.052335 0.000000
-0.188084 0.075875 0.000000
0.166035 -0.050073 0.000000
-0.470169 0.031126 0.000000
0.205175 0.044896 0.000000
-0.210780 0.075900 0.000000
0.061664 -0.060404 0.000000
-0.251074 -0.071283 0.000000
-0.251566 -0.071262 0.000000
-0.433434 -0.045657 0.000000
-0.428953 -0.047004 0.000000
-0.286580 0.073502 0.000000
-0.050867 0.070469 0.000000
0.405626 -0.018627 0.000000
-0.203767 0.075924 0.000000
0.416843 -0.016899 0.000000
0.192552 0.046488 0.000000
-0.279530 -0.069769 0.000000
0.189684 0.046845 0.000000
0.300187 0.031997 0.000000
0.430385 0.011684 0.000000
0.384036 0.019278 0.000000
-0.122755 0.074302 0.000000
0.337222 0.026536 0.000000
0.285032 0.034161 0.000000
0.113152 0.055801 0.000000
0.432275 0.011366 0.000000
-0.070682 -0.069636 0.000000
0.492445 -0.004580 0.000000
0.495532 -0.004051 0.000000
0.077952 -0.058947 0.000000
-0.388996 -0.056486 0.000000
-0.406814 0.056661 0.000000
0.197594 -0.046519 0.000000
0.175684 -0.049006 0.000000
-0.134197 0.074724 0.000000
-0.098549 0.073231 0.000000
-0.081462 -0.070150 0.000000
-0.153122 -0.072388 0.000000
0.467993 -0.008697 0.000000
-0.034836 -0.067648 0.000000
-0.346454 -0.063307 0.000000
-0.484902 0.018308 0.000000
-0.062975 0.071247 0.000000
0.295767 0.032632 0.000000
-0.442619 -0.042633 0.000000
-0.314337 -0.066963 0.000000
0.433344 0.011185 0.000000
-0.029063 -0.067289 0.000000
0.370110 -0.023941 0.000000
0.464665 0.005790 0.000000
-0.469937 -0.030371 0.000000
0.114948 -0.055416 0.000000
0.169824 0.049279 0.000000
-0.284326 -0.069447 0.000000
-0.172797 -0.072597 0.000000
0.403648 0.016116 0.000000
0.434243 0.011033 0.000000
0.291976 0.033174 0.000000
0.090849 0.058186 0.000000
0.125464 -0.054359 0.000000
-0.324294 0.070489 0.000000
-0.335652 0.069258 0.000000
-0.232020 0.075641 0.000000
-0.137726 -0.072093 0.000000
0.476811 -0.007227 0.000000
0.398274 -0.019747 0.000000
0.475878 0.003808 0.000000
0.185446 0.047371 0.000000
-0.308334 0.071946 0.000000
-0.084658 0.072511 0.000000
0.492414 -0.004585 0.000000
-0.490535 -0.009690 0.000000
-0.414678 -0.050857 0.000000
0.120601 0.054982 0.000000
0.045304 -0.061805 0.000000
-0.035593 0.069419 0.000000
0.120211 0.055025 0.000000
0.506583 -0.002139 0.000000
0.147900 -0.052029 0.000000
-0.225355 0.075753 0.000000
-0.028830 0.068930 0.000000
0.038200 -0.062392 0.000000
-0.038667 0.069636 0.000000
0.057019 0.061591 0.000000
0.434195 0.011041 0.000000
0.104355 -0.056457 0.000000
0.195301 -0.046784 0.000000
0.441433 0.009812 0.000000
0.317148 -0.031433 0.000000
-0.369109 -0.059999 0.000000
-0.243734 -0.071575 0.000000
0.149783 -0.051829 0.000000
-0.277635 -0.069888 0.000000
0.435412 0.010835 0.000000
-0.017048 0.068045 0.000000
-0.468757 0.032053 0.000000
0.181066 0.047910 0.000000
-0.491523 -0.006843 0.000000
0.140930 0.052685 0.000000
-0.432599 -0.045913 0.000000
0.276245 -0.036879 0.000000
0.422160 0.013063 0.000000
-0.164766 0.075554 0.000000
0.260997 -0.038833 0.000000
-0.241627 0.075424 0.000000
0.178988 -0.048637 0.000000
0.257244 0.038025 0.000000
-0.262065 -0.070776 0.000000
0.042514 -0.062037 0.000000
-0.331912 -0.065102 0.000000
-0.492186 0.003069 0.000000
0.015371 -0.064193 0.000000
0.092089 0.058057 0.000000
-0.259774 0.074839 0.000000
-0.224214 0.075772 0.000000
0.285718 0.034064 0.000000
-0.443769 -0.042227 0.000000
-0.068377 0.071578 0.000000
-0.356523 0.066530 0.000000
0.432672 -0.014418 0.000000
0.136292 0.053216 0.000000
0.172070 0.049008 0.000000
0.336475 0.026648 0.000000
0.374886 -0.023240 0.000000
0.428385 -0.015095 0.000000
0.220354 0.042943 0.000000
0.443292 0.009494 0.000000
-0.257837 -0.070980 0.000000
0.400598 0.016613 0.000000
0.158490 -0.050895 0.000000
-0.414114 0.054711 0.000000
0.101971 0.057011 0.000000
0.442699 0.009595 0.000000
-0.092113 -0.070612 0.000000
0.057070 0.061586 0.000000
-0.436632 0.047493 0.000000
0.379418 -0.022571 0.000000
-0.239430 0.075480 0.000000
-0.385522 0.061512 0.000000
-0.355988 0.066609 0.000000
-0.102322 -0.071018 0.000000
0.260399 0.037593 0.000000
-0.228474 -0.072060 0.000000
-0.427492 -0.047429 0.000000
-0.440282 -0.043439 0.000000
-0.019494 0.068233 0.000000
-0.237029 0.075537 0.000000
0.009768 0.065880 0.000000
-0.464441 -0.033418 0.000000
0.202810 0.045196 0.000000
-0.389424 -0.056403 0.000000
-0.006835 -0.065811 0.000000
0.445656 -0.012345 0.000000
-0.177246 -0.072619 0.000000
0.333368 -0.029192 0.000000
-0.071051 -0.069654 0.000000
-0.372862 0.063903 0.000000
-0.008088 -0.065898 0.000000
-0.454292 -0.038152 0.000000
-0.382025 -0.057791 0.000000
-0.206315 -0.072492 0.000000
-0.394397 0.059628 0.000000
-0.080022 -0.070083 0.000000
-0.236388 0.075550 0.000000
-0.104095 -0.071083 0.000000
0.054531 0.061831 0.000000
-0.042409 0.069898 0.000000
-0.386841 0.061245 0.000000
-0.422411 0.052280 0.000000
0.501290 -0.003058 0.000000
0.341586 -0.028039 0.000000
-0.134673 -0.072018 0.000000
0.193226 0.046403 0.000000
0.308905 -0.032554 0.000000
-0.402612 -0.053679 0.000000
-0.170465 0.075660 0.000000
0.029994 -0.063056 0.000000
-0.038904 0.069653 0.000000
0.180413 0.047991 0.000000
0.322135 -0.030749 0.000000
-0.467644 0.032762 0.000000
0.456123 -0.010648 0.000000
0.495979 -0.003974 0.000000
-0.031647 -0.067450 0.000000
-0.455112 0.039674 0.000000
0.298545 0.032233 0.000000
-0.093353 0.072972 0.000000
-0.407425 0.056503 0.000000
-0.243058 -0.071601 0.000000
-0.415149 -0.050738 0.000000
-0.206585 0.075918 0.000000
0.035231 -0.062635 0.000000
-0.061070 -0.069147 0.000000
-0.015996 -0.066438 0.000000
-0.359627 -0.061466 0.000000
0.304517 -0.033146 0.000000
0.298976 -0.033889 0.000000
-0.049524 0.070380 0.000000
-0.168863 -0.072572 0.000000
-0.037480 0.069553 0.000000
-0.400991 -0.054033 0.000000
-0.074831 -0.069840 0.000000
-0.407690 0.056434 0.000000
-0.205302 0.075920 0.000000
0.212508 -0.044776 0.000000
-0.428493 0.050338 0.000000
-0.121842 0.074267 0.000000
0.261494 -0.038770 0.000000
0.385052 -0.021734 0.000000
0.083387 0.058960 0.000000
0.336690 -0.028727 0.000000
0.410386 0.015013 0.000000
-0.229593 -0.072029 0.000000
-0.292153 0.073147 0.000000
0.472034 0.004491 0.000000
0.503896 -0.002606 0.000000
0.374266 0.020826 0.000000
0.466795 0.005416 0.000000
-0.478362 -0.024626 0.000000
0.167412 0.049570 0.000000
0.419742 0.013465 0.000000
-0.190529 -0.072620 0.000000
0.009735 0.065883 0.000000
-0.391112 0.060347 0.000000
-0.461706 0.036255 0.000000
-0.407063 0.056596 0.000000
0.161200 -0.050600 0.000000
0.366086 -0.024528 0.000000
0.247643 -0.040512 0.000000
0.004408 0.066329 0.000000
-0.461965 -0.034664 0.000000
0.407566 -0.018330 0.000000
-0.144810 -0.072242 0.000000
-0.051961 0.070541 0.000000
-0.139576 0.074900 0.000000
0.337129 -0.028666 0.000000
0.348525 -0.027056 0.000000
-0.090599 -0.070549 0.000000
-0.239773 0.075472 0.000000
-0.238511 -0.071757 0.000000
-0.192689 -0.072610 0.000000
0.155908 0.050940 0.000000
-0.108727 -0.071251 0.000000
0.503881 -0.001263 0.000000
-0.301576 0.072479 0.000000
0.035002 -0.062653 0.000000
0.368289 -0.024207 0.000000
-0.075624 -0.069877 0.000000
-0.003016 -0.065543 0.000000
-0.436136 0.047675 0.000000
-0.305392 0.072184 0.000000
0.429769 0.011788 0.000000
-0.301482 0.072486 0.000000
-0.042752 -0.068124 0.000000
-0.173034 0.075700 0.000000
0.172809 0.048918 0.000000
0.337953 0.026426 0.000000
0.157428 0.050760 0.000000
0.138355 -0.053032 0.000000
-0.018018 -0.066573 0.000000
0.495381 -0.004077 0.000000
0.304359 -0.033167 0.000000
-0.184855 0.075849 0.000000
0.493128 -0.004463 0.000000
-0.120095 -0.071621 0.000000
-0.482479 0.021025 0.000000
-0.445942 0.043826 0.000000
0.491309 -0.004774 0.000000
0.243033 -0.041084 0.000000
0.082240 -0.058553 0.000000
-0.002721 -0.065522 0.000000
0.506740 -0.002111 0.000000
0.466535 0.005462 0.000000
-0.119211 -0.071594 0.000000
0.246626 -0.040638 0.000000
0.122547 0.054765 0.000000
0.433545 -0.014279 0.000000
0.294419 -0.034495 0.000000
0.506259 -0.002195 0.000000
-0.015113 0.067896 0.000000
0.257150 0.038038 0.000000
0.215169 -0.044461 0.000000
0.032647 -0.062843 0.000000
-0.043501 0.069972 0.000000
-0.178489 0.075780 0.000000
0.336900 0.026584 0.000000
-0.451794 -0.039183 0.000000
-0.097014 0.073155 0.000000
-0.101802 0.073389 0.000000
-0.080255 -0.070094 0.000000
0.442296 0.009664 0.000000
0.423726 0.012801 0.000000
0.411626 -0.017706 0.000000
0.412261 0.014704 0.000000
0.060618 -0.060496 0.000000
-0.214211 0.075877 0.000000
0.411791 -0.017680 0.000000
0.479944 -0.006701 0.000000
0.397171 0.017169 0.000000
0.184715 -0.047992 0.000000
0.224053 -0.043399 0.000000
0.435344 0.010847 0.000000
0.497560 -0.003702 0.000000
-0.395375 -0.055216 0.000000
0.020592 0.064948 0.000000
0.424399 -0.015721 0.000000
-0.248476 0.075231 0.000000
-0.375737 -0.058898 0.000000
-0.405886 0.056896 0.000000
-0.028067 -0.067226 0.000000
0.163282 -0.050374 0.000000
-0.273596 -0.070139 0.000000
0.295922 -0.034296 0.000000
-0.342656 0.068416 0.000000
-0.308243 -0.067537 0.000000
0.402150 0.016360 0.000000
-0.465593 -0.032813 0.000000
0.463966 -0.009362 0.000000
-0.355127 -0.062119 0.000000
0.383312 0.019394 0.000000
0.120181 -0.054893 0.000000
-0.194784 -0.072597 0.000000
0.050425 0.062223 0.000000
-0.354297 0.066855 0.000000
-0.480837 0.022671 0.000000
-0.448294 0.042819 0.000000
0.279489 -0.036457 0.000000
0.463159 0.006055 0.000000
0.332408 -0.029326 0.000000
0.088886 0.058391 0.000000
-0.221061 0.075810 0.000000
0.072485 0.060067 0.000000
0.048677 0.062390 0.000000
0.253151 -0.039823 0.000000
0.073794 -0.059325 0.000000
0.124230 0.054577 0.000000
0.394676 -0.020291 0.000000
-0.402352 -0.053737 0.000000
-0.203984 0.075923 0.000000
-0.182373 0.075822 0.000000
-0.489046 -0.012733 0.000000
0.165966 -0.050080 0.000000
0.441780 -0.012967 0.000000
-0.296274 0.072865 0.000000
-0.005071 0.067103 0.000000
0.237839 -0.041724 0.000000
-0.111083 0.073815 0.000000
0.239768 -0.041487 0.000000
0.133705 0.053511 0.000000
0.182458 0.047739 0.000000
-0.273079 -0.070169 0.000000
0.486538 -0.005587 0.000000
-0.145319 0.075075 0.000000
-0.225637 -0.072129 0.000000
-0.447617 -0.040815 0.000000
-0.451911 -0.039135 0.000000
-0.393632 0.059797 0.000000
0.496580 0.000076 0.000000
0.403375 -0.018971 0.000000
0.114667 -0.055444 0.000000
0.236114 -0.041935 0.000000
-0.022480 0.068458 0.000000
-0.184389 0.075844 0.000000
0.153777 0.051190 0.000000
-0.470034 -0.030313 0.000000
0.233778 0.041181 0.000000
0.077878 -0.058954 0.000000
-0.256514 0.074963 0.000000
-0.384023 -0.057426 0.000000
0.050986 0.062170 0.000000
-0.438704 -0.043968 0.000000
-0.136402 0.074797 0.000000
-0.314594 0.071411 0.000000
0.113170 0.055799 0.000000
-0.013506 0.067771 0.000000
0.179797 -0.048546 0.000000
0.486183 0.001963 0.000000
-0.102911 -0.071040 0.000000
0.305603 0.031213 0.000000
-0.248174 -0.071403 0.000000
-0.008701 0.067393 0.000000
-0.279442 -0.069775 0.000000
0.149196 -0.051891 0.000000
0.243639 -0.041009 0.000000
0.355577 -0.026047 0.000000
-0.138600 0.074868 0.000000
-0.023859 -0.066956 0.000000
-0.214701 0.075874 0.000000
0.240406 -0.041408 0.000000
-0.069164 -0.069562 0.000000
0.383659 0.019338 0.000000
-0.108399 0.073696 0.000000
-0.491708 0.005518 0.000000
-0.166015 0.075578 0.000000
0.484137 0.002331 0.000000
0.437307 0.010514 0.000000
0.312675 -0.032043 0.000000
0.024010 -0.063528 0.000000
0.174423 0.048722 0.000000
0.086420 -0.058165 0.000000
-0.129621 0.074561 0.000000
-0.309088 -0.067459 0.000000
0.127325 0.054231 0.000000
0.443413 0.009473 0.000000
-0.360373 -0.061356 0.000000
0.146433 -0.052184 0.000000
0.127313 -0.054171 0.000000
-0.308955 0.071896 0.000000
0.311412 -0.032215 0.000000
-0.448368 -0.040530 0.000000
0.288514 0.033667 0.000000
-0.009895 0.067487 0.000000
-0.326130 -0.065750 0.000000
0.130410 0.053884 0.000000
-0.467399 -0.031831 0.000000
0.503135 -0.002738 0.000000
0.466122 -0.009006 0.000000
-0.328776 0.070024 0.000000
-0.472651 -0.028690 0.000000
0.359639 -0.025463 0.000000
0.482881 -0.006206 0.000000
0.364928 0.022289 0.000000
0.181902 0.047808 0.000000
0.202870 -0.045908 0.000000
-0.440294 -0.043434 0.000000
0.389747 -0.021032 0.000000
0.277704 0.035193 0.000000
0.397811 0.017065 0.000000
0.321877 0.028828 0.000000
0.267090 0.036672 0.000000
0.460668 0.006490 0.000000
-0.295323 -0.068634 0.000000
-0.059049 -0.069038 0.000000
0.230866 -0.042575 0.000000
-0.492157 0.003267 0.000000
0.301791 0.031765 0.000000
-0.080355 -0.070099 0.000000
0.190543 -0.047329 0.000000
0.143762 0.052358 0.000000
0.330162 -0.029639 0.000000
-0.087591 0.072671 0.000000
-0.261319 0.074777 0.000000
0.101577 0.057053 0.000000
-0.334122 0.069435 0.000000
0.388762 -0.021180 0.000000
0.443155 0.009517 0.000000
0.333653 0.027073 0.000000
0.238294 -0.041668 0.000000
-0.447043 -0.041032 0.000000
-0.338021 0.068983 0.000000
0.058380 0.061460 0.000000
0.106283 -0.056269 0.000000
-0.445527 0.044002 0.000000
0.299404 0.032110 0.000000
-0.410413 -0.051894 0.000000
-0.146072 -0.072266 0.000000
0.264371 0.037047 0.000000
-0.300157 -0.068241 0.000000
-0.365150 0.065202 0.000000
-0.303223 -0.067982 0.000000
0.389341 -0.021093 0.000000
0.506076 -0.002227 0.000000
-0.370322 0.064343 0.000000
-0.029321 -0.067306 0.000000
-0.045169 0.070086 0.000000
-0.138756 0.074874 0.000000
-0.204146 0.075923 0.000000
-0.107499 -0.071206 0.000000
0.226902 -0.043056 0.000000
-0.041939 -0.068076 0.000000
0.262284 -0.038670 0.000000
-0.002156 -0.065481 0.000000
0.124999 -0.054406 0.000000
-0.127343 0.074479 0.000000
0.170702 -0.049559 0.000000
-0.097876 -0.070845 0.000000
0.240886 -0.041349 0.000000
-0.346586 -0.063290 0.000000
0.215922 0.043517 0.000000
0.386292 0.018918 0.000000
-0.484715 -0.018706 0.000000
-0.030507 -0.067379 0.000000
0.059439 0.061357 0.000000
0.390246 0.018285 0.000000
-0.058411 0.070959 0.000000
-0.160993 0.075475 0.000000
0.079964 -0.058763 0.000000
0.160187 0.050433 0.000000
-0.348685 0.067632 0.000000
0.167415 0.049569 0.000000
-0.408890 0.056123 0.000000
-0.212460 0.075889 0.000000
-0.043728 -0.068180 0.000000
-0.282569 -0.069566 0.000000
-0.491156 -0.008034 0.000000
0.418987 0.013591 0.000000
0.255080 0.038320 0.000000
0.242574 0.040010 0.000000
0.307610 -0.032730 0.000000
0.122310 0.054791 0.000000
0.278141 0.035132 0.000000
0.388886 -0.021161 0.000000
-0.323374 -0.066046 0.000000
-0.381273 -0.057928 0.000000
0.490371 0.001206 0.000000
0.183212 -0.048162 0.000000
0.139593 -0.052903 0.000000
0.183894 -0.048085 0.000000
0.357245 0.023481 0.000000
-0.189461 -0.072622 0.000000
0.241308 0.040179 0.000000
-0.007492 -0.065856 0.000000
0.323983 -0.030495 0.000000
0.492408 -0.004586 0.000000
0.214555 0.043694 0.000000
0.263776 0.037129 0.000000
-0.458038 0.038208 0.000000
-0.188086 0.075875 0.000000
0.267127 0.036667 0.000000
0.261601 -0.038757 0.000000
-0.260288 -0.070862 0.000000
0.156890 0.050824 0.000000
-0.120965 -0.071648 0.000000
0.279200 0.034984 0.000000
0.178076 0.048277 0.000000
0.492075 -0.004643 0.000000
-0.277101 0.074045 0.000000
0.241984 -0.041213 0.000000
0.296270 -0.034250 0.000000
-0.177096 -0.072619 0.000000
-0.339806 0.068766 0.000000
0.058470 -0.060683 0.000000
-0.168251 -0.072568 0.000000
-0.313086 -0.067085 0.000000
-0.183227 0.075831 0.000000
-0.000172 -0.065340 0.000000
0.209259 -0.045159 0.000000
-0.047630 0.070253 0.000000
-0.492415 0.000431 0.000000
-0.041636 0.069844 0.000000
0.183052 -0.048180 0.000000
0.334297 0.026976 0.000000
-0.136052 0.074786 0.000000
-0.048719 -0.068469 0.000000
-0.018153 0.068130 0.000000
-0.151404 0.075244 0.000000
-0.123039 -0.071711 0.000000
-0.002557 0.066900 0.000000
-0.387943 -0.056690 0.000000
-0.431977 0.049157 0.000000
-0.130747 -0.071923 0.000000
-0.061250 0.071140 0.000000
0.295814 -0.034310 0.000000
-0.415114 -0.050747 0.000000
0.139699 -0.052892 0.000000
0.343770 0.025545 0.000000
-0.422297 -0.048877 0.000000
0.049742 0.062288 0.000000
-0.449885 0.042117 0.000000
0.169085 -0.049737 0.000000
0.418029 0.013750 0.000000
-0.147633 -0.072293 0.000000
0.485452 0.002094 0.000000
0.173456 0.048839 0.000000
0.441942 0.009725 0.000000
0.162949 0.050104 0.000000
0.037442 0.063438 0.000000
-0.386547 0.061306 0.000000
0.038822 0.063310 0.000000
-0.476967 0.026104 0.000000
0.226836 -0.043064 0.000000
-0.131740 -0.071947 0.000000
-0.315349 -0.066864 0.000000
0.057783 0.061517 0.000000
0.137862 -0.053084 0.000000
-0.477036 -0.025647 0.000000
-0.221866 -0.072222 0.000000
-0.006716 0.067236 0.000000
-0.294302 0.073003 0.000000
-0.481276 0.022244 0.000000
0.374064 0.020858 0.000000
0.216919 0.043389 0.000000
0.298004 0.032311 0.000000
0.295775 -0.034315 0.000000
0.215836 0.043529 0.000000
-0.109905 0.073763 0.000000
0.172597 0.048944 0.000000
-0.255630 -0.071085 0.000000
0.138759 0.052934 0.000000
-0.333319 0.069526 0.000000
0.213257 -0.044688 0.000000
-0.043567 0.069977 0.000000
0.295719 -0.034323 0.000000
-0.477781 0.025425 0.000000
-0.455367 -0.037694 0.000000
-0.376642 0.063225 0.000000
0.107560 -0.056145 0.000000
0.057257 -0.060788 0.000000
-0.338712 -0.064292 0.000000
-0.364859 0.065249 0.000000
-0.011531 -0.066136 0.000000
0.173455 -0.049254 0.000000
0.426001 0.012421 0.000000
0.082421 0.059059 0.000000
-0.419713 0.053097 0.000000
-0.384202 -0.057394 0.000000
0.207864 -0.045323 0.000000
0.260385 0.037595 0.000000
-0.222396 -0.072209 0.000000
0.504287 -0.001338 0.000000
-0.244790 -0.071534 0.000000
-0.190420 0.075890 0.000000
-0.371224 -0.059657 0.000000
0.058677 0.061431 0.000000
-0.359232 0.066128 0.000000
-0.276559 0.074074 0.000000
-0.491139 0.007476 0.000000
-0.427721 -0.047363 0.000000
-0.472873 -0.028547 0.000000
0.482405 0.002642 0.000000
0.228413 -0.042873 0.000000
-0.428763 0.050248 0.000000
-0.275338 -0.070033 0.000000
0.086544 0.058634 0.000000
-0.308361 -0.067527 0.000000
-0.318896 -0.066511 0.000000
-0.490655 0.008813 0.000000
0.478131 0.003407 0.000000
0.456703 -0.010554 0.000000
-0.492206 0.002930 0.000000
-0.203522 0.075924 0.000000
-0.149362 0.075192 0.000000
0.503380 -0.001171 0.000000
0.295616 -0.034336 0.000000
-0.223900 0.075777 0.000000
0.083186 0.058981 0.000000
0.240248 0.040321 0.000000
0.072915 0.060024 0.000000
0.372162 -0.023640 0.000000
-0.267329 -0.070497 0.000000
0.438980 -0.013415 0.000000
0.391201 0.018131 0.000000
-0.419884 -0.049522 0.000000
-0.318614 0.071040 0.000000
0.405953 0.015740 0.000000
0.306982 -0.032814 0.000000
-0.253760 0.075060 0.000000
0.373186 0.020996 0.000000
-0.413015 0.055013 0.000000
0.360641 -0.025318 0.000000
-0.279675 0.073903 0.000000
-0.210034 -0.072438 0.000000
0.297568 0.032374 0.000000
-0.336170 0.069198 0.000000
-0.482980 -0.020538 0.000000
0.387922 -0.021306 0.000000
-0.306496 0.072095 0.000000
-0.325278 0.070387 0.000000
-0.321917 0.070722 0.000000
0.466997 -0.008862 0.000000
-0.242145 -0.071633 0.000000
-0.211194 -0.072420 0.000000
-0.261215 0.074781 0.000000
0.084098 0.058887 0.000000
-0.073526 -0.069776 0.000000
-0.141634 0.074967 0.000000
0.409158 -0.018086 0.000000
0.323658 0.028564 0.000000
-0.362279 -0.061068 0.000000
-0.475852 -0.026516 0.000000
0.309695 -0.032447 0.000000
-0.077440 0.072109 0.000000
-0.468853 0.031992 0.000000
0.200757 0.045456 0.000000
0.383705 0.019331 0.000000
-0.384489 0.061720 0.000000
-0.492334 0.001790 0.000000
-0.465602 -0.032808 0.000000
-0.326696 0.070239 0.000000
-0.445087 -0.041752 0.000000
0.472037 -0.008025 0.000000
0.016365 -0.064118 0.000000
0.022194 0.064808 0.000000
-0.253805 -0.071164 0.000000
0.105313 -0.056364 0.000000
0.101678 0.057042 0.000000
-0.349362 0.067541 0.000000
0.484923 -0.005861 0.000000
-0.353232 0.067005 0.000000
-0.368854 -0.060040 0.000000
-0.491966 0.004360 0.000000
0.267114 0.036668 0.000000
-0.321304 -0.066264 0.000000
-0.490107 -0.010665 0.000000
-0.301636 0.072474 0.000000
-0.423752 -0.048481 0.000000
0.220471 0.042928 0.000000
0.092492 -0.057595 0.000000
-0.070563 0.071708 0.000000
0.088717 0.058409 0.000000
0.421700 0.013140 0.000000
0.496389 -0.003904 0.000000
0.441190 -0.013062 0.000000
-0.070618 -0.069633 0.000000
0.329232 0.027735 0.000000
0.062356 0.061072 0.000000
-0.423330 -0.048597 0.000000
0.015879 0.065358 0.000000
-0.381848 0.062240 0.000000
-0.419610 -0.049594 0.000000
-0.049696 0.070392 0.000000
-0.041147 0.069809 0.000000
0.224326 0.042425 0.000000
-0.154554 0.075325 0.000000
0.375084 0.020697 0.000000
-0.287356 -0.069234 0.000000
-0.312550 -0.067138 0.000000
0.113848 -0.055525 0.000000
0.495528 -0.004052 0.000000
-0.079472 0.072225 0.000000
0.102508 0.056953 0.000000
0.062004 0.061106 0.000000
0.270733 -0.037590 0.000000
-0.463476 -0.033913 0.000000
-0.484219 0.019116 0.000000
-0.018375 0.068148 0.000000
-0.324517 -0.065923 0.000000
0.082830 -0.058499 0.000000
0.407063 -0.018407 0.000000
-0.187230 0.075869 0.000000
0.405729 -0.018612 0.000000
-0.031372 0.069116 0.000000
0.280621 0.034784 0.000000
0.089081 -0.057917 0.000000
-0.005292 0.067121 0.000000
0.450507 0.008254 0.000000
0.441330 -0.013039 0.000000
0.271583 -0.037480 0.000000
0.076355 -0.059092 0.000000
0.288267 0.033703 0.000000
-0.277515 -0.069896 0.000000
0.016805 -0.064084 0.000000
-0.315427 -0.066857 0.000000
-0.239615 -0.071719 0.000000
0.246977 -0.040594 0.000000
-0.029436 0.068975 0.000000
0.306391 0.031099 0.000000
-0.367277 0.064854 0.000000
0.101075 0.057106 0.000000
-0.164398 0.075548 0.000000
0.217059 0.043371 0.000000
0.364818 0.022306 0.000000
-0.230933 -0.071990 0.000000
0.204254 -0.045746 0.000000
0.028553 0.064243 0.000000
0.163608 0.050026 0.000000
0.217543 -0.044179 0.000000
0.423837 -0.015809 0.000000
0.478682 0.003309 0.000000
0.183494 -0.048130 0.000000
-0.481958 -0.021531 0.000000
-0.390926 -0.056111 0.000000
0.129514 0.053985 0.000000
-0.446356 -0.041286 0.000000
-0.210605 -0.072429 0.000000
0.324721 0.028406 0.000000
-0.410521 0.055689 0.000000
-0.209648 0.075908 0.000000
0.364233 0.022398 0.000000
0.342661 0.025713 0.000000
0.218030 0.043245 0.000000
-0.072634 -0.069732 0.000000
0.135750 -0.053304 0.000000
-0.115048 0.073988 0.000000
-0.323225 0.070593 0.000000
0.317942 -0.031325 0.000000
-0.198524 0.075923 0.000000
-0.236168 0.075555 0.000000
-0.268848 -0.070414 0.000000
-0.411615 -0.051606 0.000000
-0.269752 -0.070361 0.000000
-0.325525 -0.065815 0.000000
-0.076645 0.072063 0.000000
0.334403 0.026960 0.000000
-0.199818 -0.072562 0.000000
-0.214355 -0.072371 0.000000
0.125847 0.054397 0.000000
-0.243348 0.075380 0.000000
0.077461 0.059565 0.000000
-0.202910 0.075926 0.000000
0.172528 0.048952 0.000000
0.112221 0.055903 0.000000
-0.012692 0.067708 0.000000
0.205880 0.044806 0.000000
0.304520 0.031370 0.000000
-0.440530 0.046018 0.000000
0.482231 0.002673 0.000000
-0.014405 -0.066330 0.000000
-0.230095 0.075677 0.000000
0.493712 0.000599 0.000000
0.435929 0.010748 0.000000
0.506351 -0.001719 0.000000
0.488229 0.001593 0.000000
0.493170 -0.004456 0.000000
0.333332 0.027121 0.000000
-0.228845 0.075697 0.000000
-0.385815 0.061453 0.000000
-0.026351 0.068747 0.000000
0.486131 0.001972 0.000000
0.087836 0.058500 0.000000
0.159024 -0.050837 0.000000
-0.304667 0.072243 0.000000
-0.346916 -0.063246 0.000000
-0.405024 0.057113 0.000000
-0.128777 0.074531 0.000000
-0.377607 0.063045 0.000000
0.284865 -0.035756 0.000000
0.018702 0.065113 0.000000
0.177861 -0.048763 0.000000
0.162192 -0.050493 0.000000
0.239397 0.040434 0.000000
-0.287692 0.073435 0.000000
0.435548 -0.013962 0.000000
-0.438318 0.046864 0.000000
0.008653 0.065973 0.000000
0.234169 0.041130 0.000000
0.337203 -0.028656 0.000000
-0.404375 0.057277 0.000000
0.107688 0.056396 0.000000
-0.109407 0.073741 0.000000
0.109605 0.056188 0.000000
-0.023755 -0.066950 0.000000
0.158948 0.050580 0.000000
0.071153 0.060201 0.000000
-0.217304 0.075852 0.000000
-0.226087 -0.072118 0.000000
0.047897 -0.061587 0.000000
-0.018563 0.068162 0.000000
0.230707 0.041587 0.000000
0.148746 0.051780 0.000000
0.244757 -0.040870 0.000000
0.223849 -0.043424 0.000000
-0.228458 0.075704 0.000000
0.367403 0.021903 0.000000
-0.224807 -0.072150 0.000000
0.304539 0.031368 0.000000
0.448675 0.008570 0.000000
-0.237891 0.075519 0.000000
-0.259398 -0.070905 0.000000
-0.098994 -0.070889 0.000000
-0.377343 0.063094 0.000000
-0.371726 -0.059573 0.000000
-0.316163 0.071266 0.000000
0.391145 0.018140 0.000000
-0.484261 -0.019206 0.000000
0.130240 0.053903 0.000000
-0.251030 0.075154 0.000000
0.407433 0.015497 0.000000
-0.055639 -0.068855 0.000000
0.351940 -0.026568 0.000000
-0.148076 -0.072301 0.000000
0.376936 -0.022938 0.000000
-0.285798 0.073549 0.000000
0.051845 -0.061253 0.000000
0.329742 -0.029697 0.000000
-0.241069 -0.071670 0.000000
-0.345025 0.068113 0.000000
0.002126 0.066517 0.000000
0.067697 0.060545 0.000000
-0.367105 0.064883 0.000000
0.452817 0.007855 0.000000
0.078021 0.059509 0.000000
0.466794 -0.008895 0.000000
0.367958 0.021816 0.000000
-0.253509 0.075069 0.000000
0.326987 0.028069 0.000000
0.022353 -0.063657 0.000000
-0.129339 -0.071885 0.000000
0.036432 0.063530 0.000000
0.015157 -0.064210 0.000000
0.152476 0.051343 0.000000
-0.470399 0.030971 0.000000
-0.487365 0.015016 0.000000
0.271509 0.036058 0.000000
0.103501 -0.056541 0.000000
0.305002 0.031301 0.000000
-0.218782 -0.072284 0.000000
0.220685 0.042900 0.000000
-0.492422 -0.000771 0.000000
-0.002557 -0.065510 0.000000
-0.377868 0.062996 0.000000
0.065575 0.060755 0.000000
0.056279 0.061663 0.000000
0.176706 -0.048892 0.000000
0.037986 -0.062410 0.000000
-0.399635 0.058426 0.000000
0.232904 -0.042327 0.000000
0.486473 0.001910 0.000000
-0.240125 -0.071702 0.000000
-0.464604 -0.033333 0.000000
0.008938 0.065949 0.000000
-0.363291 -0.060914 0.000000
0.402351 -0.019127 0.000000
0.421295 0.013207 0.000000
0.459000 -0.010178 0.000000
-0.091000 -0.070566 0.000000
-0.008258 -0.065910 0.000000
0.465764 -0.009066 0.000000
-0.486322 0.016493 0.000000
-0.420816 -0.049275 0.000000
0.035663 0.063600 0.000000
0.335569 0.026785 0.000000
-0.359156 0.066140 0.000000
-0.091108 0.072854 0.000000
0.473256 -0.007822 0.000000
-0.066532 -0.069429 0.000000
0.200353 0.045507 0.000000
0.145891 0.052112 0.000000
-0.280815 0.073840 0.000000
0.098049 -0.057066 0.000000
-0.303116 -0.067992 0.000000
-0.064701 0.071353 0.000000
0.091589 -0.057680 0.000000
0.188445 -0.047569 0.000000
-0.026209 0.068737 0.000000
-0.279340 0.073921 0.000000
0.051951 -0.061244 0.000000
0.482388 0.002645 0.000000
-0.307545 0.072010 0.000000
-0.459809 -0.035698 0.000000
-0.198612 0.075923 0.000000
-0.178849 -0.072623 0.000000
-0.213453 -0.072385 0.000000
-0.069615 0.071652 0.000000
0.200709 -0.046159 0.000000
-0.164205 -0.072528 0.000000
-0.166982 0.075595 0.000000
-0.113048 -0.071397 0.000000
0.092936 0.057968 0.000000
-0.327204 -0.065633 0.000000
-0.133382 -0.071987 0.000000
0.200973 0.045429 0.000000
-0.061846 0.071177 0.000000
0.039118 -0.062317 0.000000
-0.107113 0.073639 0.000000
-0.083198 0.072431 0.000000
0.472980 -0.007868 0.000000
-0.158076 0.075410 0.000000
0.092822 -0.057564 0.000000
0.352818 0.024163 0.000000
-0.048838 0.070335 0.000000
0.442801 0.009578 0.000000
0.258960 0.037790 0.000000
0.110299 0.056112 0.000000
-0.077462 0.072110 0.000000
-0.131888 -0.071951 0.000000
0.013165 0.065590 0.000000
-0.067044 -0.069455 0.000000
-0.452043 -0.039082 0.000000
-0.312515 -0.067141 0.000000
-0.117044 0.074070 0.000000
-0.300396 0.072568 0.000000
0.356122 -0.025969 0.000000
-0.491932 0.004528 0.000000
-0.425914 0.051180 0.000000
-0.088626 -0.070466 0.000000
0.295176 -0.034395 0.000000
-0.183897 0.075838 0.000000
0.270763 0.036162 0.000000
0.147513 0.051924 0.000000
-0.098095 -0.070854 0.000000
-0.289819 0.073298 0.000000
0.247769 -0.040496 0.000000
0.023759 0.064670 0.000000
-0.274997 0.074153 0.000000
0.477882 0.003451 0.000000
-0.087765 0.072680 0.000000
0.404765 0.015934 0.000000
-0.149210 -0.072321 0.000000
0.175973 -0.048974 0.000000
-0.430735 0.049584 0.000000
0.360240 -0.025376 0.000000
0.453193 -0.011126 0.000000
0.153125 -0.051472 0.000000
0.491382 -0.004762 0.000000
0.336351 0.026667 0.000000
-0.282467 0.073749 0.000000
-0.320560 0.070854 0.000000
-0.257871 0.074915 0.000000
0.374235 -0.023336 0.000000
-0.112838 -0.071390 0.000000
0.246961 -0.040596 0.000000
0.232660 -0.042357 0.000000
0.000024 -0.065326 0.000000
-0.378892 0.062804 0.000000
0.336864 0.026590 0.000000
0.029154 -0.063123 0.000000
-0.199742 -0.072563 0.000000
0.299473 -0.033823 0.000000
-0.115782 -0.071488 0.000000
-0.434438 0.048290 0.000000
0.308349 -0.032630 0.000000
-0.326002 0.070311 0.000000
-0.350859 0.067338 0.000000
0.190359 -0.047350 0.000000
-0.038068 0.069594 0.000000
0.374759 -0.023259 0.000000
-0.057831 -0.068973 0.000000
0.495166 0.000334 0.000000
-0.127578 0.074488 0.000000
-0.368031 0.064728 0.000000
-0.418737 -0.049822 0.000000
0.062237 -0.060354 0.000000
-0.027957 0.068866 0.000000
0.197863 -0.046488 0.000000
-0.061247 -0.069156 0.000000
0.281093 -0.036249 0.000000
-0.362484 0.065628 0.000000
0.192748 0.046463 0.000000
-0.076649 -0.069925 0.000000
-0.348003 0.067723 0.000000
0.162523 0.050155 0.000000
0.381544 0.019675 0.000000
-0.431452 0.049340 0.000000
-0.374808 -0.059058 0.000000
-0.151129 -0.072354 0.000000
0.225314 0.042296 0.000000
0.438172 -0.013544 0.000000
0.067633 -0.059878 0.000000
-0.402712 -0.053657 0.000000
-0.142099 0.074981 0.000000
-0.414831 -0.050818 0.000000
0.266304 -0.038158 0.000000
-0.022429 0.068454 0.000000
0.416869 -0.016895 0.000000
-0.478005 0.025234 0.000000
0.212143 -0.044819 0.000000
-0.358926 0.066175 0.000000
-0.449951 -0.039918 0.000000
0.008601 0.065978 0.000000
0.304653 0.031351 0.000000
-0.481968 -0.021521 0.000000
0.061975 -0.060377 0.000000
0.209974 -0.045075 0.000000
-0.362733 -0.060999 0.000000
-0.284335 0.073637 0.000000
0.223688 0.042509 0.000000
0.426978 0.012257 0.000000
-0.489148 -0.012552 0.000000
-0.070720 0.071717 0.000000
-0.140075 0.074916 0.000000
0.327311 0.028021 0.000000
0.244487 -0.040904 0.000000
-0.448687 0.042647 0.000000
0.319341 -0.031133 0.000000
0.119691 -0.054942 0.000000
-0.250525 0.075169 0.000000
-0.301293 0.072500 0.000000
0.131046 -0.053789 0.000000
-0.197412 0.075920 0.000000
-0.412433 0.055173 0.000000
0.024801 -0.063467 0.000000
-0.242270 -0.071629 0.000000
-0.135382 0.074764 0.000000
0.311774 0.030314 0.000000
0.453240 0.007782 0.000000
-0.097480 0.073178 0.000000
0.498759 -0.000322 0.000000
-0.198763 0.075923 0.000000
-0.486210 0.016643 0.000000
0.063762 -0.060220 0.000000
0.100792 0.057136 0.000000
0.104922 -0.056402 0.000000
-0.097712 0.073189 0.000000
0.161845 0.050236 0.000000
-0.487918 -0.014572 0.000000
-0.298496 -0.068379 0.000000
0.487562 0.001714 0.000000
0.418275 -0.016677 0.000000
0.041761 -0.062100 0.000000
0.108674 -0.056036 0.000000
-0.469910 0.031299 0.000000
-0.237153 0.075535 0.000000
0.496931 -0.003810 0.000000
-0.115656 0.074013 0.000000
0.254968 0.038335 0.000000
-0.246334 0.075296 0.000000
0.107792 -0.056122 0.000000
0.385090 0.019110 0.000000
0.300600 -0.033672 0.000000
-0.301704 -0.068113 0.000000
-0.020878 -0.066761 0.000000
-0.394302 0.059649 0.000000
0.462230 0.006217 0.000000
-0.218123 0.075843 0.000000
0.036645 0.063510 0.000000
-0.456962 0.038756 0.000000
-0.113918 0.073940 0.000000
-0.395971 -0.055095 0.000000
0.326924 -0.030088 0.000000
-0.277784 0.074007 0.000000
-0.488232 -0.014088 0.000000
0.079333 0.059375 0.000000
0.374768 0.020747 0.000000
0.235884 -0.041963 0.000000
0.288933 0.033608 0.000000
-0.224791 0.075763 0.000000
-0.010800 0.067559 0.000000
-0.348242 0.067691 0.000000
-0.461951 -0.034671 0.000000
-0.242651 0.075398 0.000000
-0.058606 0.070971 0.000000
0.192363 -0.047121 0.000000
0.197658 -0.046512 0.000000
0.108301 -0.056073 0.000000
-0.326441 -0.065717 0.000000
0.490555 -0.004903 0.000000
0.287593 0.033798 0.000000
-0.368652 0.064625 0.000000
-0.306881 -0.067661 0.000000
-0.193052 0.075908 0.000000
0.077569 -0.058982 0.000000
-0.112026 0.073857 0.000000
0.314229 0.029955 0.000000
-0.457487 -0.036762 0.000000
0.276174 -0.036888 0.000000
-0.034944 -0.067655 0.000000
-0.232789 0.075625 0.000000
-0.492387 -0.001685 0.000000
-0.197001 0.075919 0.000000
0.101965 -0.056689 0.000000
0.157950 -0.050953 0.000000
-0.329960 -0.065324 0.000000
0.346385 -0.027360 0.000000
0.448990 -0.011807 0.000000
0.440118 -0.013233 0.000000
-0.441396 0.045677 0.000000
-0.109029 -0.071262 0.000000
0.155178 -0.051251 0.000000
0.376368 0.020495 0.000000
-0.454608 -0.038017 0.000000
0.467090 -0.008846 0.000000
0.062632 0.061045 0.000000
-0.471898 -0.029170 0.000000
-0.150411 -0.072342 0.000000
0.415268 0.014207 0.000000
-0.255957 0.074982 0.000000
0.097248 -0.057143 0.000000
0.082509 -0.058528 0.000000
-0.443080 -0.042471 0.000000
-0.267495 -0.070488 0.000000
-0.468113 0.032466 0.000000
0.113935 -0.055517 0.000000
-0.081826 0.072356 0.000000
0.230294 0.041642 0.000000
-0.396486 -0.054989 0.000000
-0.185373 -0.072630 0.000000
-0.303516 0.072332 0.000000
-0.129836 -0.071899 0.000000
0.395683 -0.020139 0.000000
-0.162628 -0.072512 0.000000
-0.177883 -0.072621 0.000000
0.479127 -0.006839 0.000000
0.307884 0.030882 0.000000
0.238807 0.040513 0.000000
-0.173468 0.075706 0.000000
-0.132218 -0.071959 0.000000
0.473517 -0.007778 0.000000
-0.199845 -0.072562 0.000000
0.025393 -0.063420 0.000000
0.382169 0.019575 0.000000
0.266211 -0.038170 0.000000
-0.139727 -0.072135 0.000000
0.484178 0.002323 0.000000
-0.002203 -0.065485 0.000000
-0.380698 0.062463 0.000000
0.275592 0.035489 0.000000
-0.252378 0.075108 0.000000
-0.271646 0.074320 0.000000
0.162222 0.050191 0.000000
0.501324 -0.000793 0.000000
0.382986 -0.022042 0.000000
-0.348728 0.067626 0.000000
0.441799 -0.012964 0.000000
-0.413873 0.054777 0.000000
0.136670 -0.053208 0.000000
0.325586 -0.030273 0.000000
-0.343592 -0.063680 0.000000
-0.063388 0.071272 0.000000
0.132579 -0.053631 0.000000
0.303348 0.031540 0.000000
-0.367454 0.064825 0.000000
0.199295 -0.046323 0.000000
0.218324 0.043207 0.000000
0.209582 -0.045121 0.000000
-0.014360 -0.066327 0.000000
-0.417838 -0.050055 0.000000
-0.397157 0.059003 0.000000
-0.131736 -0.071947 0.000000
0.306324 -0.032903 0.000000
0.166626 -0.050008 0.000000
-0.037859 0.069579 0.000000
0.134333 -0.053450 0.000000
0.290372 0.033403 0.000000
-0.376856 0.063185 0.000000
0.444143 -0.012588 0.000000
-0.214903 0.075872 0.000000
0.070342 -0.059635 0.000000
-0.483540 0.019884 0.000000
0.481535 0.002798 0.000000
-0.101921 0.073394 0.000000
0.441973 -0.012936 0.000000
-0.220349 0.075818 0.000000
-0.474618 -0.027383 0.000000
-0.485514 0.017550 0.000000
-0.086062 -0.070354 0.000000
0.193026 -0.047045 0.000000
-0.198011 -0.072576 0.000000
0.106869 -0.056212 0.000000
-0.476905 0.026154 0.000000
0.040227 0.063180 0.000000
-0.066661 -0.069435 0.000000
0.312721 -0.032037 0.000000
-0.338916 0.068874 0.000000
0.392922 -0.020555 0.000000
-0.011594 -0.066140 0.000000
0.067007 0.060613 0.000000
0.258422 -0.039159 0.000000
0.402510 -0.019103 0.000000
0.450233 -0.011606 0.000000
-0.424629 0.051589 0.000000
-0.232707 -0.071938 0.000000
0.011729 0.065713 0.000000
-0.481123 0.022393 0.000000
0.012411 0.065655 0.000000
0.002480 -0.065149 0.000000
-0.152420 0.075271 0.000000
0.436414 0.010666 0.000000
0.205810 0.044815 0.000000
-0.396616 -0.054962 0.000000
-0.216158 0.075864 0.000000
-0.327557 0.070150 0.000000
0.126493 0.054324 0.000000
0.269755 0.036302 0.000000
-0.444132 -0.042098 0.000000
0.308029 0.030861 0.000000
-0.288684 -0.069137 0.000000
0.304183 0.031419 0.000000
-0.454925 -0.037882 0.000000
-0.255834 -0.071076 0.000000
-0.337197 -0.064477 0.000000
0.239796 -0.041483 0.000000
-0.292805 0.073104 0.000000
-0.374245 -0.059153 0.000000
-0.401130 0.058072 0.000000
0.218809 0.043144 0.000000
0.326554 -0.030139 0.000000
-0.010669 -0.066077 0.000000
0.440195 -0.013221 0.000000
0.369265 0.021612 0.000000
0.284827 0.034190 0.000000
0.405813 -0.018599 0.000000
0.234219 0.041123 0.000000
0.177051 -0.048854 0.000000
0.429969 0.011755 0.000000
-0.054660 -0.068802 0.000000
0.486852 -0.005533 0.000000
-0.463928 -0.033681 0.000000
0.352473 -0.026492 0.000000
0.396637 0.017255 0.000000
-0.210494 -0.072431 0.000000
0.370851 0.021363 0.000000
-0.058570 0.070969 0.000000
-0.483866 0.019519 0.000000
-0.019150 -0.066647 0.000000
-0.492264 0.002471 0.000000
-0.253470 0.075070 0.000000
0.254247 -0.039685 0.000000
0.477711 -0.007077 0.000000
0.061267 -0.060439 0.000000
0.323181 -0.030605 0.000000
0.313507 0.030061 0.000000
0.182108 -0.048286 0.000000
0.204440 0.044989 0.000000
0.459661 0.006666 0.000000
0.435290 0.010856 0.000000
0.111935 -0.055715 0.000000
-0.483742 0.019659 0.000000
-0.489244 0.011881 0.000000
-0.198258 -0.072575 0.000000
0.258910 0.037797 0.000000
-0.190999 0.075894 0.000000
-0.476373 -0.026138 0.000000
0.033443 0.063802 0.000000
0.033741 -0.062755 0.000000
0.028320 -0.063188 0.000000
-0.379864 0.062623 0.000000
0.019200 0.065069 0.000000
0.275160 -0.037019 0.000000
-0.446243 0.043699 0.000000
0.260122 -0.038944 0.000000
-0.492151 -0.003938 0.000000
0.155044 0.051042 0.000000
0.047845 -0.061592 0.000000
0.042577 0.062963 0.000000
-0.355381 -0.062083 0.000000
-0.345633 -0.063415 0.000000
0.257264 0.038022 0.000000
0.103587 0.056837 0.000000
0.500065 -0.003270 0.000000
0.149862 -0.051821 0.000000
0.354835 0.023853 0.000000
0.501813 -0.000883 0.000000
0.153212 -0.051463 0.000000
-0.134411 -0.072012 0.000000
0.147647 -0.052056 0.000000
0.237118 0.040738 0.000000
-0.251547 -0.071262 0.000000
-0.337555 0.069037 0.000000
0.120949 -0.054816 0.000000
-0.372794 -0.059395 0.000000
0.289938 -0.035088 0.000000
-0.041962 0.069866 0.000000
0.277847 0.035173 0.000000
0.150125 -0.051792 0.000000
-0.271111 0.074347 0.000000
-0.396957 -0.054890 0.000000
0.109454 0.056204 0.000000
-0.344185 0.068221 0.000000
0.387979 -0.021297 0.000000
0.425816 0.012452 0.000000
-0.160314 0.075460 0.000000
-0.040893 -0.068014 0.000000
0.070322 0.060284 0.000000
-0.444948 -0.041803 0.000000
0.271552 0.036052 0.000000
0.455126 -0.010811 0.000000
-0.476864 0.026187 0.000000
-0.261760 -0.070791 0.000000
-0.333668 0.069487 0.000000
0.137826 -0.053087 0.000000
0.431597 -0.014588 0.000000
0.436020 0.010732 0.000000
0.067681 0.060547 0.000000
0.201828 -0.046029 0.000000
-0.370903 0.064242 0.000000
-0.125203 0.074396 0.000000
0.081238 0.059180 0.000000
0.004545 -0.064999 0.000000
0.034096 -0.062726 0.000000
-0.320623 -0.066334 0.000000
0.497393 -0.000072 0.000000
0.067617 -0.059879 0.000000
-0.326051 0.070306 0.000000
0.139007 0.052906 0.000000
-0.044727 0.070056 0.000000
0.194921 -0.046828 0.000000
-0.368620 -0.060078 0.000000
-0.053801 -0.068754 0.000000
0.425262 0.012545 0.000000
0.180590 0.047969 0.000000
-0.486959 0.015608 0.000000
-0.241957 -0.071640 0.000000
-0.420832 -0.049271 0.000000
0.313784 -0.031892 0.000000
0.409326 0.015187 0.000000
0.486140 0.001970 0.000000
0.398236 -0.019753 0.000000
-0.391057 0.060358 0.000000
-0.242667 0.075398 0.000000
-0.209719 0.075908 0.000000
-0.019144 0.068206 0.000000
0.445371 0.009138 0.000000
0.084996 0.058794 0.000000
0.258918 0.037796 0.000000
0.217725 0.043284 0.000000
-0.336610 0.069147 0.000000
-0.086569 -0.070376 0.000000
-0.321900 -0.066203 0.000000
0.438362 0.010335 0.000000
-0.492028 -0.004672 0.000000
0.222089 -0.043635 0.000000
-0.079649 0.072235 0.000000
-0.349100 0.067576 0.000000
-0.314041 0.071459 0.000000
-0.133426 0.074696 0.000000
-0.457882 -0.036585 0.000000
-0.061789 -0.069184 0.000000
-0.455182 0.039640 0.000000
0.392159 0.017977 0.000000
0.441155 0.009859 0.000000
-0.087011 0.072640 0.000000
-0.251491 0.075140 0.000000
0.085405 -0.058260 0.000000
0.375616 -0.023133 0.000000
0.098373 -0.057035 0.000000
-0.492401 -0.001420 0.000000
0.178876 0.048179 0.000000
-0.002550 0.066900 0.000000
0.023889 -0.063538 0.000000
0.167334 -0.049930 0.000000
-0.004845 0.067085 0.000000
0.173011 0.048893 0.000000
-0.440588 -0.043335 0.000000
-0.409212 0.056039 0.000000
-0.490350 -0.010124 0.000000
-0.174503 -0.072608 0.000000
0.233242 -0.042286 0.000000
0.373867 -0.023390 0.000000
-0.008804 -0.065948 0.000000
0.180680 -0.048447 0.000000
-0.286001 -0.069333 0.000000
-0.091593 0.072880 0.000000
-0.352149 -0.062539 0.000000
-0.473638 0.028692 0.000000
-0.397054 0.059026 0.000000
-0.104790 0.073529 0.000000
0.465866 0.005579 0.000000
-0.437553 0.047151 0.000000
-0.160706 -0.072492 0.000000
-0.132811 0.074675 0.000000
-0.476764 -0.025850 0.000000
-0.371373 0.064161 0.000000
-0.468230 -0.031364 0.000000
0.454358 0.007588 0.000000
0.099525 -0.056924 0.000000
0.122566 0.054763 0.000000
-0.479888 -0.023376 0.000000
-0.033464 0.069266 0.000000
-0.044280 -0.068212 0.000000
-0.390157 0.060552 0.000000
-0.351933 0.067187 0.000000
-0.278098 -0.069859 0.000000
0.366411 -0.024481 0.000000
-0.249585 -0.071348 0.000000
0.262981 -0.038581 0.000000
-0.363021 -0.060955 0.000000
-0.065406 0.071397 0.000000
0.396857 -0.019962 0.000000
-0.476676 0.026342 0.000000
0.088227 -0.057997 0.000000
0.170508 -0.049580 0.000000
-0.232323 -0.071949 0.000000
0.292263 -0.034781 0.000000
-0.269632 0.074417 0.000000
-0.397281 0.058974 0.000000
-0.320860 0.070825 0.000000
-0.220863 -0.072242 0.000000
-0.304493 -0.067871 0.000000
0.233728 -0.042227 0.000000
-0.409139 -0.052195 0.000000
-0.480445 -0.022898 0.000000
0.138381 -0.053030 0.000000
-0.288157 -0.069176 0.000000
-0.475630 0.027177 0.000000
-0.125575 -0.071782 0.000000
0.228740 -0.042834 0.000000
-0.169901 0.075650 0.000000
0.217825 0.043271 0.000000
0.465711 0.005607 0.000000
-0.208049 -0.072468 0.000000
-0.442727 0.045148 0.000000
-0.152080 0.075262 0.000000
0.036722 0.063503 0.000000
0.428908 -0.015012 0.000000
0.358733 -0.025593 0.000000
0.320040 0.029100 0.000000
0.086004 -0.058204 0.000000
-0.463503 -0.033899 0.000000
0.361918 0.022758 0.000000
-0.099318 -0.070902 0.000000
0.406784 0.015603 0.000000
-0.129344 -0.071885 0.000000
0.342238 0.025777 0.000000
0.101382 0.057073 0.000000
0.432953 -0.014373 0.000000
0.480111 -0.006673 0.000000
-0.021194 -0.066782 0.000000
0.249131 -0.040326 0.000000
0.031627 -0.062925 0.000000
-0.033755 0.069287 0.000000
0.417661 -0.016772 0.000000
-0.361073 0.065846 0.000000
-0.164141 0.075543 0.000000
0.178715 -0.048668 0.000000
0.139673 -0.052895 0.000000
0.129571 0.053978 0.000000
-0.457768 -0.036637 0.000000
0.370045 0.021490 0.000000
0.228015 0.041942 0.000000
0.272757 0.035885 0.000000
0.468153 0.005177 0.000000
-0.450822 -0.039573 0.000000
0.016233 -0.064128 0.000000
0.434185 0.011043 0.000000
-0.122529 -0.071696 0.000000
0.122494 0.054771 0.000000
-0.060230 -0.069102 0.000000
-0.304814 0.072231 0.000000
-0.235947 0.075560 0.000000
-0.081809 0.072355 0.000000
-0.190763 0.075893 0.000000
-0.003745 0.066996 0.000000
-0.257860 -0.070979 0.000000
-0.406083 -0.052902 0.000000
0.506275 -0.002192 0.000000
0.235796 -0.041974 0.000000
0.318781 0.029285 0.000000
-0.218226 -0.072295 0.000000
-0.385739 0.061469 0.000000
0.025455 0.064520 0.000000
0.368146 -0.024228 0.000000
-0.393969 0.059723 0.000000
-0.025165 -0.067040 0.000000
-0.410619 -0.051844 0.000000
-0.183028 -0.072633 0.000000
0.184175 -0.048053 0.000000
0.198633 0.045724 0.000000
-0.218289 0.075841 0.000000
0.126222 -0.054282 0.000000
-0.174077 0.075715 0.000000
-0.489878 -0.011150 0.000000
0.331952 -0.029390 0.000000
0.498041 -0.000191 0.000000
0.362242 -0.025086 0.000000
0.229880 -0.042695 0.000000
-0.137071 -0.072077 0.000000
-0.248391 -0.071395 0.000000
-0.071195 -0.069661 0.000000
0.031158 -0.062962 0.000000
0.315853 -0.031610 0.000000
0.049868 -0.061420 0.000000
-0.488132 -0.014245 0.000000
0.266534 0.036748 0.000000
-0.283140 0.073708 0.000000
-0.469711 -0.030504 0.000000
0.437871 -0.013592 0.000000
0.097315 -0.057136 0.000000
-0.144865 0.075062 0.000000
-0.178373 0.075779 0.000000
-0.265865 -0.070575 0.000000
-0.278449 0.073970 0.000000
-0.254142 0.075046 0.000000
0.199443 0.045622 0.000000
-0.330468 0.069839 0.000000
-0.264207 0.074661 0.000000
-0.011086 -0.066106 0.000000
0.281226 0.034698 0.000000
-0.018032 -0.066574 0.000000
0.237429 0.040697 0.000000
-0.090876 -0.070560 0.000000
-0.439869 -0.043578 0.000000
0.488947 0.001463 0.000000
-0.015889 -0.066431 0.000000
-0.009447 -0.065992 0.000000
-0.486612 0.016097 0.000000
-0.446467 0.043604 0.000000
0.143350 -0.052509 0.000000
-0.490932 0.008076 0.000000
0.271121 -0.037540 0.000000
-0.078444 0.072166 0.000000
0.099119 0.057315 0.000000
-0.255202 -0.071104 0.000000
0.185981 0.047304 0.000000
-0.382449 -0.057714 0.000000
0.358605 0.023271 0.000000
-0.113104 -0.071399 0.000000
-0.070809 -0.069642 0.000000
-0.216685 -0.072325 0.000000
0.408971 0.015245 0.000000
-0.441171 -0.043135 0.000000
0.505942 -0.001644 0.000000
0.318215 -0.031287 0.000000
0.489993 0.001274 0.000000
-0.365068 -0.060639 0.000000
-0.330307 0.069857 0.000000
-0.080228 -0.070093 0.000000
-0.159140 -0.072472 0.000000
-0.262293 -0.070764 0.000000
0.271692 0.036033 0.000000
0.465765 -0.009065 0.000000
0.415417 -0.017120 0.000000
0.265787 -0.038224 0.000000
-0.447775 -0.040755 0.000000
0.124630 -0.054444 0.000000
-0.065789 0.071420 0.000000
0.186222 0.047275 0.000000
-0.393864 -0.055525 0.000000
-0.066597 0.071470 0.000000
-0.327312 -0.065621 0.000000
-0.057764 0.070918 0.000000
0.195661 -0.046743 0.000000
0.059794 0.061322 0.000000
-0.288528 0.073382 0.000000
0.019331 -0.063891 0.000000
-0.400043 -0.054237 0.000000
-0.154317 -0.072405 0.000000
-0.136117 -0.072054 0.000000
-0.390476 0.060483 0.000000
0.052154 -0.061227 0.000000
0.227026 0.042071 0.000000
0.371394 0.021278 0.000000
-0.267936 -0.070465 0.000000
0.145863 -0.052245 0.000000
0.118172 -0.055095 0.000000
0.065977 0.060715 0.000000
-0.051564 0.070515 0.000000
0.011706 0.065715 0.000000
0.366147 0.022099 0.000000
0.302225 -0.033454 0.000000
-0.231817 0.075646 0.000000
0.278612 0.035066 0.000000
0.108882 0.056266 0.000000
-0.093938 -0.070688 0.000000
0.228757 0.041844 0.000000
-0.203547 0.075924 0.000000
0.004089 -0.065032 0.000000
0.379223 0.020043 0.000000
-0.422099 0.052376 0.000000
0.244789 0.039713 0.000000
-0.328056 -0.065537 0.000000
0.419304 0.013538 0.000000
-0.492182 0.003095 0.000000
0.139524 -0.052911 0.000000
0.481599 -0.006422 0.000000
-0.198654 0.075923 0.000000
-0.312709 0.071574 0.000000
0.332443 -0.029321 0.000000
0.432052 0.011404 0.000000
-0.413333 -0.051188 0.000000
0.497976 -0.000179 0.000000
-0.336831 0.069121 0.000000
-0.335143 0.069316 0.000000
-0.421635 -0.049057 0.000000
0.305715 -0.032985 0.000000
-0.474611 0.027964 0.000000
-0.102230 -0.071015 0.000000
-0.329923 0.069899 0.000000
-0.253902 -0.071160 0.000000
-0.399056 -0.054449 0.000000
-0.344944 0.068124 0.000000
0.293291 -0.034645 0.000000
-0.193522 -0.072605 0.000000
0.178647 -0.048675 0.000000
0.119158 0.055141 0.000000
-0.067655 0.071535 0.000000
0.015513 -0.064182 0.000000
-0.175526 -0.072615 0.000000
0.019407 -0.063885 0.000000
0.264083 -0.038441 0.000000
-0.381510 0.062305 0.000000
-0.095005 -0.070733 0.000000
-0.416760 0.053961 0.000000
0.242549 -0.041144 0.000000
-0.044680 -0.068236 0.000000
0.347581 0.024964 0.000000
-0.091285 -0.070577 0.000000
-0.157797 0.075404 0.000000
-0.111399 0.073829 0.000000
-0.205867 0.075919 0.000000
0.138565 -0.053011 0.000000
0.167353 0.049577 0.000000
-0.165371 -0.072540 0.000000
-0.110065 0.073770 0.000000
-0.219367 0.075829 0.000000
0.281320 0.034685 0.000000
0.071021 0.060214 0.000000
0.492184 0.000877 0.000000
0.050048 -0.061405 0.000000
0.380491 0.019842 0.000000
0.204238 0.045015 0.000000
-0.002654 -0.065517 0.000000
-0.464341 0.034761 0.000000
-0.380024 -0.058150 0.000000
-0.310990 -0.067283 0.000000
-0.214097 0.075878 0.000000
-0.394515 -0.055392 0.000000
-0.049613 0.070386 0.000000
-0.170793 0.075666 0.000000
0.496056 -0.003961 0.000000
0.422717 0.012970 0.000000
0.076849 0.059627 0.000000
0.296282 0.032558 0.000000
-0.395373 0.059411 0.000000
-0.077868 0.072133 0.000000
0.328958 -0.029806 0.000000
0.267866 -0.037958 0.000000
-0.223454 -0.072183 0.000000
-0.090902 0.072844 0.000000
0.271842 -0.037447 0.000000
0.404544 -0.018793 0.000000
-0.423259 0.052020 0.000000
-0.456726 0.038875 0.000000
-0.287288 -0.069239 0.000000
-0.238522 -0.071756 0.000000
0.198932 -0.046365 0.000000
0.430074 0.011737 0.000000
-0.257604 -0.070991 0.000000
-0.271799 0.074313 0.000000
-0.056366 -0.068894 0.000000
0.086205 0.058669 0.000000
0.477858 0.003456 0.000000
0.364287 -0.024790 0.000000
0.406909 0.015583 0.000000
0.271431 -0.037500 0.000000
-0.139604 -0.072133 0.000000
0.326616 0.028125 0.000000
-0.007618 -0.065865 0.000000
0.045067 0.062729 0.000000
-0.471852 -0.029199 0.000000
0.425380 0.012525 0.000000
-0.380315 0.062537 0.000000
-0.237657 -0.071785 0.000000
0.102537 0.056950 0.000000
0.296312 -0.034244 0.000000
0.401375 -0.019276 0.000000
-0.270256 0.074389 0.000000
-0.084432 -0.070282 0.000000
-0.448396 0.042775 0.000000
0.213880 -0.044614 0.000000
-0.423487 0.051949 0.000000
0.475395 -0.007465 0.000000
-0.124462 0.074368 0.000000
0.213943 -0.044607 0.000000
-0.445909 0.043840 0.000000
-0.241782 -0.071646 0.000000
-0.448874 0.042564 0.000000
0.438057 0.010387 0.000000
-0.099192 -0.070897 0.000000
0.393224 0.017806 0.000000
-0.080287 0.072271 0.000000
0.415695 0.014137 0.000000
-0.156891 -0.072441 0.000000
0.108949 -0.056009 0.000000
0.211699 0.044062 0.000000
-0.157730 -0.072452 0.000000
0.434186 -0.014178 0.000000
-0.220992 -0.072240 0.000000
0.139145 0.052890 0.000000
-0.268174 0.074483 0.000000
0.348004 0.024900 0.000000
-0.196317 0.075918 0.000000
-0.297557 0.072774 0.000000
0.074744 -0.059239 0.000000
0.122852 0.054731 0.000000
0.456501 -0.010587 0.000000
-0.096380 -0.070787 0.000000
0.141084 0.052667 0.000000
0.015004 -0.064221 0.000000
-0.395102 0.059471 0.000000
0.377826 0.020264 0.000000
-0.349616 -0.062885 0.000000
-0.377577 0.063050 0.000000
0.263810 0.037124 0.000000
-0.434245 0.048359 0.000000
0.288449 0.033677 0.000000
-0.215496 -0.072349 0.000000
0.387403 -0.021383 0.000000
0.103912 0.056802 0.000000
0.317857 -0.031336 0.000000
0.420051 -0.016400 0.000000
0.172129 0.049001 0.000000
-0.132364 -0.071962 0.000000
0.013233 0.065584 0.000000
0.414597 -0.017247 0.000000
-0.190685 0.075892 0.000000
-0.407902 -0.052484 0.000000
0.347086 0.025040 0.000000
-0.104041 0.073494 0.000000
0.056663 0.061625 0.000000
-0.313795 0.071480 0.000000
-0.171673 0.075680 0.000000
-0.144956 0.075064 0.000000
-0.242383 -0.071625 0.000000
-0.141349 -0.072169 0.000000
0.355419 -0.026070 0.000000
-0.222523 -0.072206 0.000000
0.386103 0.018948 0.000000
-0.487945 0.014124 0.000000
-0.222421 -0.072208 0.000000
0.219415 -0.043955 0.000000
-0.309392 0.071860 0.000000
-0.208453 0.075914 0.000000
0.193620 -0.046977 0.000000
-0.431699 -0.046188 0.000000
0.393123 -0.020525 0.000000
0.380056 0.019911 0.000000
-0.452896 0.040735 0.000000
-0.123964 0.074349 0.000000
0.495727 0.000232 0.000000
0.268401 0.036490 0.000000
0.015138 -0.064211 0.000000
0.477204 -0.007161 0.000000
-0.367476 -0.060262 0.000000
-0.478634 0.024690 0.000000
-0.262332 -0.070762 0.000000
0.111298 0.056004 0.000000
-0.116623 0.074053 0.000000
-0.124003 -0.071738 0.000000
0.006601 -0.064849 0.000000
0.393701 -0.020438 0.000000
-0.381754 0.062258 0.000000
-0.215956 -0.072340 0.000000
0.146167 0.052080 0.000000
0.464974 0.005736 0.000000
0.383702 0.019332 0.000000
0.019000 -0.063917 0.000000
0.347438 -0.027210 0.000000
0.383660 0.019338 0.000000
-0.044711 -0.068237 0.000000
0.205517 -0.045598 0.000000
-0.350203 0.067428 0.000000
0.137876 -0.053082 0.000000
0.240697 -0.041372 0.000000
-0.030420 0.069047 0.000000
0.359284 -0.025514 0.000000
0.289342 0.033550 0.000000
-0.456159 -0.037349 0.000000
0.258914 0.037797 0.000000
0.013309 -0.064350 0.000000
-0.121688 -0.071670 0.000000
-0.430747 0.049580 0.000000
0.256922 0.038069 0.000000
-0.492370 -0.001957 0.000000
-0.254323 0.075040 0.000000
-0.075844 0.072018 0.000000
-0.402676 0.057695 0.000000
0.249694 -0.040256 0.000000
-0.355973 0.066611 0.000000
0.276810 -0.036805 0.000000
-0.071257 -0.069665 0.000000
0.227853 0.041963 0.000000
0.276270 0.035394 0.000000
-0.236738 0.075543 0.000000
-0.293646 0.073049 0.000000
-0.171380 -0.072588 0.000000
-0.344580 0.068170 0.000000
-0.189377 0.075883 0.000000
-0.007490 -0.065856 0.000000
0.026429 0.064434 0.000000
-0.264439 0.074651 0.000000
0.228747 -0.042833 0.000000
-0.121731 -0.071671 0.000000
-0.277687 -0.069885 0.000000
-0.477075 -0.025618 0.000000
-0.409369 -0.052141 0.000000
0.249341 -0.040300 0.000000
0.183714 -0.048105 0.000000
0.316130 0.029676 0.000000
0.243083 0.039942 0.000000
-0.031572 0.069130 0.000000
0.388749 -0.021182 0.000000
0.056119 0.061678 0.000000
0.073791 0.059937 0.000000
-0.435722 0.047826 0.000000
0.427145 -0.015290 0.000000
-0.087535 0.072668 0.000000
0.357452 0.023449 0.000000
0.451306 0.008117 0.000000
0.069204 -0.059737 0.000000
-0.457407 0.038531 0.000000
0.324748 -0.030389 0.000000
-0.245466 0.075323 0.000000
-0.017351 0.068068 0.000000
-0.448582 0.042693 0.000000
0.496687 -0.003852 0.000000
-0.133436 0.074697 0.000000
-0.149186 0.075187 0.000000
0.164749 -0.050213 0.000000
0.177419 -0.048812 0.000000
-0.339669 0.068783 0.000000
0.228213 -0.042897 0.000000
-0.399421 -0.054371 0.000000
0.443246 0.009502 0.000000
0.049895 0.062274 0.000000
-0.333936 -0.064865 0.000000
0.054723 -0.061006 0.000000
-0.042445 0.069900 0.000000
-0.424769 0.051545 0.000000
0.376293 0.020507 0.000000
-0.244868 -0.071531 0.000000
-0.460849 0.036724 0.000000
0.261875 -0.038722 0.000000
-0.175534 -0.072615 0.000000
0.077707 -0.058969 0.000000
-0.471080 0.030509 0.000000
0.190237 0.046776 0.000000
-0.411409 -0.051655 0.000000
-0.325193 -0.065851 0.000000
-0.061599 0.071162 0.000000
0.108279 0.056332 0.000000
-0.287998 -0.069187 0.000000
0.501062 -0.003098 0.000000
0.372610 0.021087 0.000000
-0.480844 -0.022547 0.000000
-0.354963 0.066760 0.000000
0.170759 0.049166 0.000000
0.204076 -0.045767 0.000000
0.442163 0.009687 0.000000
0.412557 0.014655 0.000000
0.299826 0.032049 0.000000
0.116244 -0.055287 0.000000
0.121676 -0.054743 0.000000
-0.097869 0.073197 0.000000
0.201080 0.045415 0.000000
-0.057303 -0.068944 0.000000
-0.142108 -0.072185 0.000000
-0.246206 -0.071479 0.000000
-0.163257 -0.072518 0.000000
0.094988 -0.057358 0.000000
-0.038676 -0.067880 0.000000
-0.268317 -0.070445 0.000000
-0.181219 0.075810 0.000000
0.332617 0.027228 0.000000
-0.492416 0.000389 0.000000
0.246503 0.039482 0.000000
-0.133551 0.074701 0.000000
0.174598 0.048701 0.000000
-0.432576 -0.045920 0.000000
0.216366 0.043460 0.000000
-0.041169 0.069811 0.000000
-0.366753 0.064941 0.000000
0.126098 0.054369 0.000000
0.242729 0.039989 0.000000
-0.324371 -0.065939 0.000000
0.305527 0.031224 0.000000
-0.001094 0.066782 0.000000
0.505514 -0.001565 0.000000
-0.100263 -0.070939 0.000000
-0.093400 -0.070666 0.000000
-0.034892 -0.067652 0.000000
0.205929 -0.045550 0.000000
0.040798 0.063127 0.000000
-0.339084 0.068854 0.000000
-0.056965 0.070867 0.000000
-0.074443 -0.069821 0.000000
0.049681 -0.061436 0.000000
-0.299498 0.072636 0.000000
-0.165835 0.075574 0.000000
-0.374972 -0.059030 0.000000
-0.002194 0.066871 0.000000
0.186825 -0.047753 0.000000
-0.478727 -0.024334 0.000000
0.505656 -0.002300 0.000000
-0.297099 -0.068495 0.000000
0.266575 0.036743 0.000000
-0.102730 -0.071033 0.000000
-0.245264 0.075329 0.000000
0.394825 0.017548 0.000000
-0.437533 0.047159 0.000000
-0.437688 -0.044302 0.000000
0.329752 -0.029696 0.000000
-0.363355 -0.060905 0.000000
-0.283853 0.073665 0.000000
0.366516 0.022042 0.000000
-0.101394 0.073370 0.000000
-0.051539 -0.068627 0.000000
-0.319085 -0.066491 0.000000
-0.196934 0.075919 0.000000
0.346125 -0.027397 0.000000
-0.428580 0.050309 0.000000
0.445950 0.009039 0.000000
0.200446 0.045496 0.000000
-0.362763 0.065584 0.000000
0.388242 -0.021258 0.000000
0.168915 -0.049756 0.000000
0.336287 -0.028784 0.000000
0.328630 0.027824 0.000000
-0.288620 -0.069142 0.000000
0.248229 -0.040439 0.000000
-0.490108 0.010113 0.000000
-0.155971 -0.072428 0.000000
-0.153851 -0.072398 0.000000
-0.164471 0.075549 0.000000
-0.125779 0.074418 0.000000
0.450448 0.008265 0.000000
-0.273911 -0.070120 0.000000
0.460859 0.006457 0.000000
-0.181454 0.075812 0.000000
0.195937 -0.046711 0.000000
0.457202 -0.010472 0.000000
0.245278 0.039647 0.000000
0.051087 -0.061317 0.000000
-0.288990 -0.069115 0.000000
-0.044330 0.070029 0.000000
-0.091206 0.072859 0.000000
0.231963 -0.042442 0.000000
0.229201 -0.042778 0.000000
-0.146884 0.075121 0.000000
0.199510 -0.046298 0.000000
-0.448799 -0.040365 0.000000
0.043239 -0.061977 0.000000
-0.483874 -0.019620 0.000000
0.071285 0.060187 0.000000
0.447916 0.008701 0.000000
-0.102183 0.073407 0.000000
0.061216 0.061183 0.000000
0.404172 -0.018850 0.000000
0.406930 -0.018428 0.000000
-0.469577 -0.030583 0.000000
-0.148982 0.075182 0.000000
-0.227505 0.075719 0.000000
0.362457 -0.025055 0.000000
0.305836 -0.032969 0.000000
-0.338004 0.068985 0.000000
-0.053872 0.070667 0.000000
-0.388093 -0.056661 0.000000
-0.484057 -0.019427 0.000000
-0.016452 -0.066469 0.000000
-0.312631 -0.067130 0.000000
0.047161 0.062533 0.000000
0.179974 0.048045 0.000000
0.496433 0.000103 0.000000
0.390429 -0.020930 0.000000
-0.147351 -0.072288 0.000000
0.312531 -0.032063 0.000000
0.387551 -0.021361 0.000000
0.338009 -0.028542 0.000000
0.179891 0.048055 0.000000
0.470686 0.004730 0.000000
0.179890 -0.048536 0.000000
0.191238 -0.047250 0.000000
-0.361567 0.065770 0.000000
-0.214419 -0.072370 0.000000
-0.195072 0.075915 0.000000
0.405034 0.015890 0.000000
0.025517 -0.063410 0.000000
0.312545 0.030202 0.000000
0.423743 0.012799 0.000000
0.340043 -0.028256 0.000000
-0.065212 0.071385 0.000000
0.045678 0.062672 0.000000
0.174846 -0.049100 0.000000
0.433194 -0.014335 0.000000
0.256104 -0.039452 0.000000
0.248551 -0.040398 0.000000
0.376268 0.020511 0.000000
0.489783 0.001312 0.000000
-0.390908 0.060390 0.000000
0.153988 -0.051380 0.000000
-0.475271 0.027458 0.000000
-0.008193 -0.065905 0.000000
0.472367 -0.007970 0.000000
0.193719 -0.046966 0.000000
-0.248246 -0.071400 0.000000
0.389883 0.018343 0.000000
-0.114772 0.073976 0.000000
-0.413197 0.054963 0.000000
0.324133 -0.030474 0.000000
-0.418111 -0.049984 0.000000
-0.492193 -0.003650 0.000000
-0.466688 0.033356 0.000000
0.237342 -0.041785 0.000000
0.499466 -0.000452 0.000000
-0.227784 -0.072077 0.000000
-0.251412 -0.071268 0.000000
-0.370411 -0.059789 0.000000
-0.416633 -0.050364 0.000000
-0.459038 0.037690 0.000000
0.113170 -0.055593 0.000000
0.093981 0.057858 0.000000
0.411871 0.014768 0.000000
0.273617 -0.037218 0.000000
-0.372711 0.063929 0.000000
-0.126953 0.074464 0.000000
-0.215186 0.075870 0.000000
0.022823 0.064752 0.000000
-0.180529 0.075802 0.000000
-0.486141 -0.017014 0.000000
0.366003 0.022122 0.000000
-0.471286 0.030367 0.000000
-0.035146 0.069387 0.000000
-0.098104 -0.070854 0.000000
0.359221 -0.025523 0.000000
0.323249 -0.030596 0.000000
-0.067903 0.071550 0.000000
0.078202 -0.058925 0.000000
-0.302789 -0.068021 0.000000
-0.256831 0.074952 0.000000
-0.041967 0.069867 0.000000
-0.487764 -0.014803 0.000000
-0.156421 0.075373 0.000000
-0.061917 0.071182 0.000000
0.087138 0.058573 0.000000
0.004823 0.066295 0.000000
0.332387 0.027263 0.000000
0.456560 -0.010577 0.000000
-0.461935 -0.034679 0.000000
0.038510 -0.062367 0.000000
0.139459 -0.052917 0.000000
-0.309632 -0.067409 0.000000
0.459349 0.006721 0.000000
-0.279159 -0.069792 0.000000
-0.236498 0.075548 0.000000
-0.126651 -0.071811 0.000000
-0.119384 0.074167 0.000000
-0.048617 0.070320 0.000000
-0.127315 -0.071829 0.000000
-0.001206 -0.065414 0.000000
0.392145 -0.020672 0.000000
0.192683 0.046471 0.000000
0.127475 0.054214 0.000000
-0.488639 0.012974 0.000000
0.314147 0.029967 0.000000
0.021135 0.064901 0.000000
-0.111814 -0.071355 0.000000
-0.065439 0.071399 0.000000
-0.105662 0.073570 0.000000
0.102412 -0.056646 0.000000
-0.491250 0.007136 0.000000
-0.324652 0.070452 0.000000
0.459304 0.006728 0.000000
-0.480455 -0.022889 0.000000
0.071360 0.060180 0.000000
-0.104978 0.073538 0.000000
-0.255061 -0.071110 0.000000
0.042780 -0.062015 0.000000
-0.343442 -0.063699 0.000000
-0.456881 -0.037032 0.000000
0.299466 0.032101 0.000000
0.018740 -0.063937 0.000000
-0.245110 -0.071522 0.000000
0.452197 0.007963 0.000000
-0.249676 -0.071344 0.000000
-0.046114 -0.068319 0.000000
0.484857 0.002201 0.000000
-0.294882 -0.068668 0.000000
0.234887 -0.042085 0.000000
-0.492294 0.002203 0.000000
-0.284649 0.073618 0.000000
-0.175486 0.075736 0.000000
0.389099 0.018469 0.000000
-0.469213 -0.030798 0.000000
-0.262602 0.074726 0.000000
-0.154241 0.075317 0.000000
-0.054690 -0.068803 0.000000
-0.060581 -0.069120 0.000000
-0.125585 0.074411 0.000000
0.075113 -0.059205 0.000000
0.448646 -0.011863 0.000000
0.281197 -0.036235 0.000000
-0.009487 0.067455 0.000000
-0.407537 -0.052569 0.000000
-0.428795 0.050238 0.000000
-0.242081 -0.071636 0.000000
0.392271 0.017959 0.000000
0.287841 -0.035365 0.000000
0.025397 0.064525 0.000000
-0.137335 0.074828 0.000000
0.409331 0.015186 0.000000
0.283506 0.034377 0.000000
-0.307120 0.072044 0.000000
-0.410137 -0.051960 0.000000
0.359872 0.023075 0.000000
0.361953 -0.025128 0.000000
0.377315 -0.022882 0.000000
-0.486310 0.016510 0.000000
-0.195606 0.075916 0.000000
-0.472973 0.029178 0.000000
0.308308 0.030820 0.000000
-0.133729 -0.071996 0.000000
0.075725 -0.059150 0.000000
0.450484 0.008258 0.000000
0.385175 0.019097 0.000000
-0.354757 0.066790 0.000000
0.480706 0.002946 0.000000
0.072005 0.060115 0.000000
-0.015351 0.067914 0.000000
-0.061566 0.071160 0.000000
-0.269842 0.074408 0.000000
0.100324 -0.056847 0.000000
-0.470162 0.031130 0.000000
-0.369453 0.064491 0.000000
0.013243 -0.064355 0.000000
0.162593 0.050146 0.000000
0.474971 -0.007535 0.000000
-0.261317 0.074777 0.000000
0.029073 -0.063129 0.000000
0.395487 -0.020169 0.000000
-0.225139 -0.072141 0.000000
0.080761 0.059229 0.000000
-0.265104 0.074621 0.000000
0.156748 -0.051082 0.000000
0.122312 -0.054679 0.000000
0.073815 -0.059323 0.000000
-0.281896 0.073781 0.000000
0.316179 0.029669 0.000000
-0.191147 0.075895 0.000000
-0.485441 0.017641 0.000000
-0.150422 0.075219 0.000000
0.479428 0.003175 0.000000
-0.301703 0.072469 0.000000
0.353524 0.024054 0.000000
-0.261424 -0.070807 0.000000
0.493376 -0.004421 0.000000
0.062253 -0.060353 0.000000
-0.490528 0.009132 0.000000
-0.366780 -0.060371 0.000000
-0.491298 0.006984 0.000000
0.127018 -0.054201 0.000000
0.080115 0.059295 0.000000
-0.286155 0.073527 0.000000
0.015683 0.065375 0.000000
0.082258 0.059076 0.000000
0.051989 0.062074 0.000000
0.310161 0.030550 0.000000
0.254024 0.038464 0.000000
0.489623 0.001341 0.000000
0.093941 -0.057458 0.000000
-0.082947 -0.070216 0.000000
-0.468871 0.031980 0.000000
0.197747 -0.046502 0.000000
-0.393515 0.059824 0.000000
-0.477694 -0.025147 0.000000
0.411335 0.014857 0.000000
-0.322947 -0.066092 0.000000
0.094413 -0.057413 0.000000
0.080285 -0.058733 0.000000
-0.174749 -0.072610 0.000000
0.131059 0.053810 0.000000
-0.480403 0.023084 0.000000
0.179982 0.048044 0.000000
-0.339985 -0.064137 0.000000
0.025231 -0.063432 0.000000
-0.350264 -0.062797 0.000000
0.029499 -0.063095 0.000000
0.185503 0.047364 0.000000
0.004549 -0.064999 0.000000
-0.403050 0.057603 0.000000
-0.397953 0.058820 0.000000
0.445558 -0.012361 0.000000
0.426380 0.012357 0.000000
0.457253 0.007086 0.000000
-0.056250 -0.068887 0.000000
0.354988 -0.026132 0.000000
0.493400 -0.004417 0.000000
0.140197 -0.052840 0.000000
0.366742 0.022006 0.000000
0.496143 -0.003946 0.000000
0.225640 0.042253 0.000000
0.240768 -0.041363 0.000000
-0.063849 0.071301 0.000000
0.124027 -0.054505 0.000000
-0.430285 0.049737 0.000000
0.493990 0.000548 0.000000
0.435062 0.010895 0.000000
0.373413 0.020961 0.000000
0.465850 -0.009052 0.000000
-0.214685 0.075874 0.000000
0.122152 -0.054695 0.000000
-0.114352 0.073959 0.000000
-0.090039 0.072798 0.000000
0.010350 0.065831 0.000000
0.483861 -0.006040 0.000000
0.018312 0.065147 0.000000
-0.471043 0.030534 0.000000
0.095684 0.057678 0.000000
-0.330132 -0.065304 0.000000
-0.445875 -0.041464 0.000000
-0.481548 -0.021911 0.000000
0.199322 0.045638 0.000000
0.504849 -0.002441 0.000000
-0.461661 0.036279 0.000000
-0.230415 0.075672 0.000000
0.453330 -0.011103 0.000000
-0.145636 0.075084 0.000000
-0.399383 -0.054380 0.000000
-0.084818 -0.070299 0.000000
0.042348 -0.062051 0.000000
-0.135266 -0.072033 0.000000
-0.347072 -0.063226 0.000000
-0.358134 -0.061685 0.000000
-0.205996 0.075919 0.000000
-0.097822 -0.070843 0.000000
0.142449 -0.052604 0.000000
0.206024 -0.045539 0.000000
0.223513 0.042531 0.000000
0.204212 0.045018 0.000000
-0.007574 0.067304 0.000000
-0.076128 -0.069901 0.000000
0.053736 0.061908 0.000000
-0.275977 -0.069993 0.000000
0.267678 0.036590 0.000000
0.121564 0.054875 0.000000
0.339793 -0.028292 0.000000
0.461039 -0.009844 0.000000
-0.430977 -0.046404 0.000000
0.146606 -0.052166 0.000000
-0.408882 -0.052255 0.000000
-0.070946 -0.069649 0.000000
-0.338047 0.068980 0.000000
-0.431052 0.049476 0.000000
0.371318 0.021290 0.000000
-0.445971 -0.041429 0.000000
-0.332179 -0.065071 0.000000
0.342024 0.025810 0.000000
0.194981 -0.046821 0.000000
0.059465 -0.060596 0.000000
-0.269291 -0.070388 0.000000
-0.431216 -0.046333 0.000000
-0.039967 0.069727 0.000000
0.383815 -0.021919 0.000000
-0.232726 -0.071938 0.000000
0.016325 0.065319 0.000000
-0.257566 -0.070993 0.000000
0.499937 -0.000538 0.000000
-0.037378 0.069546 0.000000
-0.079664 0.072236 0.000000
0.236179 -0.041927 0.000000
0.028323 0.064264 0.000000
-0.320394 0.070871 0.000000
0.417811 0.013786 0.000000
-0.387767 0.061053 0.000000
-0.206519 -0.072490 0.000000
0.254078 -0.039707 0.000000
0.280341 0.034823 0.000000
-0.270658 0.074370 0.000000
0.397493 0.017116 0.000000
0.073013 -0.059396 0.000000
-0.248405 0.075234 0.000000
-0.322647 0.070650 0.000000
0.402666 0.016276 0.000000
-0.393968 -0.055504 0.000000
0.071167 0.060199 0.000000
0.161409 -0.050578 0.000000
-0.147344 -0.072288 0.000000
-0.300745 -0.068193 0.000000
-0.262638 -0.070746 0.000000
-0.076776 0.072071 0.000000
-0.112759 -0.071387 0.000000
-0.187571 -0.072626 0.000000
0.216265 0.043473 0.000000
0.062445 -0.060336 0.000000
-0.432192 -0.046037 0.000000
-0.273969 -0.070117 0.000000
0.398566 -0.019703 0.000000
0.169232 -0.049721 0.000000
0.103334 0.056865 0.000000
-0.190706 0.075892 0.000000
0.112785 -0.055631 0.000000
0.049964 -0.061412 0.000000
0.027378 -0.063263 0.000000
-0.040016 0.069730 0.000000
0.196924 -0.046597 0.000000
-0.171260 0.075674 0.000000
0.175214 -0.049059 0.000000
-0.205352 0.075920 0.000000
0.474582 0.004039 0.000000
-0.216662 -0.072326 0.000000
-0.091575 0.072879 0.000000
-0.075233 -0.069859 0.000000
0.141252 0.052648 0.000000
-0.365847 -0.060517 0.000000
-0.233065 0.075620 0.000000
0.055547 0.061733 0.000000
-0.149447 -0.072325 0.000000
0.131104 0.053805 0.000000
-0.475808 -0.026547 0.000000
0.062496 0.061058 0.000000
0.409048 0.015232 0.000000
-0.337168 -0.064480 0.000000
-0.085892 0.072579 0.000000
0.057280 -0.060786 0.000000
0.238075 -0.041695 0.000000
0.353668 0.024032 0.000000
0.160231 0.050428 0.000000
0.209572 -0.045123 0.000000
-0.236438 -0.071827 0.000000
-0.486267 -0.016856 0.000000
-0.327785 -0.065568 0.000000
0.504665 -0.001408 0.000000
-0.295175 -0.068646 0.000000
0.500552 -0.003186 0.000000
-0.249092 0.075213 0.000000
0.453240 0.007782 0.000000
0.066223 -0.060002 0.000000
0.384794 -0.021773 0.000000
0.273919 -0.037179 0.000000
0.014740 0.065456 0.000000
0.444798 -0.012483 0.000000
0.215685 0.043548 0.000000
-0.407893 -0.052486 0.000000
-0.163313 0.075526 0.000000
-0.122321 -0.071689 0.000000
0.367753 -0.024285 0.000000
0.475314 0.003909 0.000000
0.232151 0.041397 0.000000
-0.413888 -0.051051 0.000000
0.075733 -0.059149 0.000000
-0.385231 0.061571 0.000000
-0.491490 0.006340 0.000000
-0.269097 0.074441 0.000000
-0.154181 -0.072403 0.000000
0.331130 0.027451 0.000000
-0.429378 0.050045 0.000000
0.358373 0.023307 0.000000
-0.129252 0.074548 0.000000
0.105733 0.056607 0.000000
-0.302392 -0.068055 0.000000
0.189861 -0.047407 0.000000
-0.278970 -0.069804 0.000000
-0.312477 0.071594 0.000000
-0.180577 0.075803 0.000000
-0.148956 -0.072316 0.000000
0.262470 0.037309 0.000000
-0.467435 -0.031811 0.000000
-0.112778 0.073890 0.000000
0.378234 0.020200 0.000000
-0.282456 -0.069574 0.000000
0.333002 0.027170 0.000000
-0.279598 -0.069765 0.000000
0.308240 0.030830 0.000000
-0.273011 -0.070173 0.000000
0.258448 0.037860 0.000000
-0.448182 -0.040601 0.000000
-0.205331 0.075920 0.000000
-0.438740 0.046705 0.000000
-0.329664 -0.065357 0.000000
0.026809 -0.063308 0.000000
0.270241 -0.037653 0.000000
-0.104466 0.073514 0.000000
-0.478733 -0.024329 0.000000
0.361856 0.022767 0.000000
0.382280 0.019558 0.000000
0.193535 0.046365 0.000000
0.109062 -0.055998 0.000000
-0.369890 -0.059873 0.000000
0.440961 0.009892 0.000000
0.222289 -0.043611 0.000000
-0.345297 -0.063459 0.000000
-0.321571 -0.066237 0.000000
-0.323316 0.070585 0.000000
0.412225 -0.017614 0.000000
0.391094 -0.020830 0.000000
0.192414 -0.047115 0.000000
-0.078740 -0.070023 0.000000
-0.186115 -0.072628 0.000000
0.420841 0.013283 0.000000
0.431293 0.011532 0.000000
0.002485 -0.065149 0.000000
0.252298 -0.039930 0.000000
-0.098882 -0.070885 0.000000
0.125921 -0.054313 0.000000
0.099703 0.057252 0.000000
-0.384938 0.061629 0.000000
0.246899 0.039428 0.000000
-0.238889 -0.071744 0.000000
0.470515 -0.008278 0.000000
0.014426 -0.064265 0.000000
0.084155 0.058881 0.000000
-0.401139 -0.054001 0.000000
-0.431414 -0.046274 0.000000
0.187271 0.047145 0.000000
-0.100220 0.073314 0.000000
-0.194879 0.075914 0.000000
0.255540 -0.039523 0.000000
0.441144 0.009861 0.000000
0.403424 -0.018964 0.000000
0.011947 0.065694 0.000000
-0.248041 -0.071408 0.000000
0.346297 0.025160 0.000000
-0.410428 0.055714 0.000000
0.378578 -0.022695 0.000000
-0.203708 0.075924 0.000000
-0.220541 -0.072249 0.000000
-0.371422 -0.059624 0.000000
-0.357002 -0.061851 0.000000
-0.134805 0.074745 0.000000
0.141095 0.052666 0.000000
0.423508 -0.015860 0.000000
0.136431 -0.053233 0.000000
-0.168534 -0.072570 0.000000
0.413386 -0.017434 0.000000
-0.156922 0.075384 0.000000
0.419929 -0.016419 0.000000
-0.285097 0.073591 0.000000
-0.351260 -0.062660 0.000000
0.092421 -0.057602 0.000000
-0.080750 0.072298 0.000000
-0.354134 0.066878 0.000000
0.242486 -0.041151 0.000000
-0.355304 0.066710 0.000000
-0.080233 -0.070093 0.000000
-0.233258 0.075616 0.000000
-0.142000 0.074978 0.000000
0.449222 -0.011770 0.000000
-0.470045 -0.030307 0.000000
0.204238 -0.045748 0.000000
-0.139426 0.074895 0.000000
-0.287099 0.073471 0.000000
0.436182 -0.013861 0.000000
-0.107262 -0.071198 0.000000
0.079522 0.059356 0.000000
-0.280809 0.073841 0.000000
-0.444946 -0.041803 0.000000
-0.107057 0.073636 0.000000
-0.034813 0.069363 0.000000
-0.315110 -0.066888 0.000000
-0.403010 0.057613 0.000000
-0.418997 -0.049755 0.000000
0.464316 -0.009305 0.000000
-0.393265 0.059879 0.000000
0.485345 0.002114 0.000000
0.249814 -0.040241 0.000000
0.400415 0.016642 0.000000
-0.239284 -0.071730 0.000000
-0.432630 -0.045903 0.000000
0.382807 -0.022069 0.000000
0.346352 -0.027365 0.000000
-0.450737 0.041731 0.000000
0.038266 0.063362 0.000000
0.098860 -0.056988 0.000000
-0.492424 0.000069 0.000000
-0.460142 0.037106 0.000000
0.284998 -0.035738 0.000000
0.345567 0.025271 0.000000
-0.462834 -0.034234 0.000000
0.080454 0.059260 0.000000
-0.020972 0.068344 0.000000
0.370790 0.021373 0.000000
-0.059402 0.071022 0.000000
0.231401 0.041496 0.000000
0.293110 -0.034669 0.000000
0.165930 -0.050084 0.000000
0.301696 -0.033525 0.000000
0.315055 -0.031719 0.000000
-0.008521 0.067379 0.000000
0.159085 0.050564 0.000000
0.482406 0.002642 0.000000
0.348750 -0.027024 0.000000
0.118197 -0.055092 0.000000
0.443012 0.009542 0.000000
-0.028992 0.068942 0.000000
0.354901 0.023842 0.000000
0.323193 -0.030604 0.000000
0.030181 0.064097 0.000000
0.331190 0.027442 0.000000
-0.051391 -0.068619 0.000000
-0.073676 0.071893 0.000000
0.420305 -0.016361 0.000000
-0.352029 -0.062555 0.000000
0.048471 -0.061539 0.000000
-0.089188 0.072754 0.000000
0.071754 0.060141 0.000000
0.359024 -0.025551 0.000000
0.261685 0.037417 0.000000
0.018281 -0.063972 0.000000
0.159218 -0.050815 0.000000
-0.316130 -0.066788 0.000000
-0.035524 -0.067691 0.000000
-0.265863 -0.070575 0.000000
-0.072704 -0.069736 0.000000
0.506540 -0.002146 0.000000
0.454205 0.007615 0.000000
-0.393136 0.059908 0.000000
0.227730 -0.042956 0.000000
0.378654 -0.022684 0.000000
0.377650 -0.022833 0.000000
-0.127358 -0.071831 0.000000
0.299151 0.032146 0.000000
0.239115 0.040472 0.000000
-0.364383 -0.060747 0.000000
-0.439627 -0.043659 0.000000
-0.467479 0.032866 0.000000
-0.373007 -0.059359 0.000000
0.230077 -0.042671 0.000000
-0.109005 -0.071261 0.000000
0.003986 -0.065040 0.000000
0.077628 0.059548 0.000000
0.225224 0.042308 0.000000
-0.191238 0.075896 0.000000
-0.128038 -0.071849 0.000000
0.077452 -0.058993 0.000000
-0.104122 -0.071084 0.000000
-0.157098 -0.072443 0.000000
-0.453194 0.040594 0.000000
0.378497 -0.022707 0.000000
-0.492216 -0.003482 0.000000
0.148518 -0.051963 0.000000
-0.142673 -0.072197 0.000000
0.225481 -0.043227 0.000000
-0.246022 0.075306 0.000000
0.124960 -0.054410 0.000000
-0.051275 0.070496 0.000000
0.080401 0.059266 0.000000
0.503869 -0.002611 0.000000
-0.376623 0.063228 0.000000
0.381183 0.019732 0.000000
-0.274546 -0.070083 0.000000
-0.058525 0.070966 0.000000
-0.004806 0.067082 0.000000
0.351233 0.024406 0.000000
-0.401961 -0.053824 0.000000
0.128193 0.054133 0.000000
0.140235 0.052765 0.000000
0.115271 0.055569 0.000000
0.132488 -0.053640 0.000000
0.468809 0.005061 0.000000
0.172685 -0.049339 0.000000
-0.195416 0.075916 0.000000
0.225637 -0.043209 0.000000
0.310700 0.030471 0.000000
0.273111 0.035836 0.000000
-0.198104 0.075922 0.000000
0.156956 -0.051060 0.000000
-0.319403 -0.066459 0.000000
-0.385415 -0.057167 0.000000
-0.223753 -0.072175 0.000000
0.230345 -0.042639 0.000000
-0.200504 0.075927 0.000000
-0.492403 -0.001362 0.000000
0.282169 0.034566 0.000000
-0.419927 0.053033 0.000000
0.006817 0.066127 0.000000
0.456448 -0.010596 0.000000
0.120251 -0.054886 0.000000
0.060618 0.061242 0.000000
-0.010428 -0.066060 0.000000
-0.170186 -0.072581 0.000000
-0.345567 -0.063424 0.000000
0.154400 0.051117 0.000000
-0.415200 -0.050725 0.000000
0.292022 0.033168 0.000000
-0.321378 -0.066256 0.000000
-0.191092 -0.072619 0.000000
0.268110 0.036530 0.000000
0.464618 0.005799 0.000000
-0.487505 -0.015182 0.000000
-0.349815 -0.062858 0.000000
0.164434 0.049927 0.000000
-0.149788 -0.072331 0.000000
-0.489174 -0.012504 0.000000
-0.365921 -0.060506 0.000000
0.086266 -0.058179 0.000000
-0.135922 0.074782 0.000000
0.304267 -0.033180 0.000000
-0.036530 -0.067751 0.000000
-0.189478 -0.072622 0.000000
-0.423063 -0.048669 0.000000
-0.490609 -0.009510 0.000000
0.246492 -0.040655 0.000000
0.373774 -0.023404 0.000000
0.314043 -0.031857 0.000000
-0.159348 0.075438 0.000000
-0.046156 0.070153 0.000000
0.077707 -0.058970 0.000000
0.163221 -0.050380 0.000000
0.022397 0.064790 0.000000
-0.054605 -0.068799 0.000000
0.336085 0.026707 0.000000
0.467749 -0.008737 0.000000
0.172811 -0.049325 0.000000
-0.020292 0.068293 0.000000
-0.046856 -0.068362 0.000000
0.385603 0.019028 0.000000
-0.283070 -0.069532 0.000000
-0.151018 -0.072352 0.000000
0.203143 0.045154 0.000000
0.100021 -0.056876 0.000000
0.163905 0.049990 0.000000
0.385461 -0.021673 0.000000
0.407552 -0.018332 0.000000
0.211515 -0.044894 0.000000
-0.469843 0.031343 0.000000
0.302257 0.031698 0.000000
-0.487584 -0.015068 0.000000
-0.404703 0.057194 0.000000
0.244381 -0.040917 0.000000
0.121806 0.054848 0.000000
-0.489437 0.011511 0.000000
0.214265 -0.044568 0.000000
0.060742 0.061229 0.000000
0.176637 0.048453 0.000000
0.083396 0.058959 0.000000
-0.128627 0.074526 0.000000
0.284754 -0.035770 0.000000
-0.257329 -0.071004 0.000000
-0.216939 -0.072320 0.000000
0.006050 0.066192 0.000000
-0.281883 0.073782 0.000000
-0.402434 -0.053719 0.000000
-0.056163 0.070816 0.000000
-0.491555 -0.006727 0.000000
0.177318 -0.048824 0.000000
-0.015864 0.067954 0.000000
0.160842 0.050355 0.000000
0.242644 0.040000 0.000000
0.392151 -0.020671 0.000000
0.197510 0.045866 0.000000
0.095446 0.057703 0.000000
0.187825 -0.047639 0.000000
0.201984 0.045301 0.000000
-0.302202 -0.068072 0.000000
0.178233 -0.048721 0.000000
0.467285 0.005330 0.000000
-0.225746 -0.072127 0.000000
-0.370167 0.064370 0.000000
-0.450231 0.041961 0.000000
0.405064 0.015885 0.000000
0.458736 -0.010221 0.000000
-0.327802 0.070125 0.000000
-0.215843 -0.072342 0.000000
-0.010622 0.067545 0.000000
0.227365 -0.043000 0.000000
0.389782 -0.021027 0.000000
-0.361930 0.065714 0.000000
0.441891 -0.012950 0.000000
0.213889 0.043780 0.000000
0.206436 -0.045491 0.000000
-0.132904 0.074678 0.000000
0.057929 0.061503 0.000000
0.067685 0.060546 0.000000
0.485346 -0.005789 0.000000
0.337066 0.026559 0.000000
-0.410733 -0.051817 0.000000
-0.458795 -0.036169 0.000000
0.333301 0.027126 0.000000
-0.116166 0.074034 0.000000
-0.240119 0.075463 0.000000
-0.061854 -0.069188 0.000000
-0.407399 -0.052601 0.000000
0.162415 -0.050468 0.000000
0.136900 0.053147 0.000000
0.383509 -0.021964 0.000000
0.064659 -0.060141 0.000000
-0.145387 0.075077 0.000000
-0.023413 -0.066928 0.000000
0.049389 -0.061461 0.000000
0.389623 0.018385 0.000000
0.247452 -0.040535 0.000000
-0.381075 -0.057964 0.000000
0.239143 -0.041564 0.000000
-0.447070 -0.041022 0.000000
-0.144013 0.075037 0.000000
-0.487808 -0.014738 0.000000
0.028808 -0.063150 0.000000
-0.177904 -0.072621 0.000000
0.094299 -0.057424 0.000000
-0.491221 -0.007837 0.000000
0.325316 -0.030311 0.000000
0.129905 -0.053906 0.000000
-0.147506 -0.072291 0.000000
0.033527 0.063795 0.000000
-0.429579 0.049977 0.000000
0.139930 -0.052868 0.000000
-0.256324 0.074969 0.000000
0.249619 0.039061 0.000000
0.161629 -0.050554 0.000000
0.031438 -0.062940 0.000000
0.217065 0.043370 0.000000
0.110808 -0.055826 0.000000
-0.066263 0.071449 0.000000
-0.320331 0.070877 0.000000
0.382343 0.019548 0.000000
-0.142738 -0.072198 0.000000
0.255753 0.038228 0.000000
0.206015 0.044789 0.000000
0.454523 0.007560 0.000000
-0.454890 -0.037897 0.000000
0.123973 -0.054510 0.000000
-0.231958 -0.071960 0.000000
0.484621 0.002244 0.000000
0.440104 -0.013236 0.000000
-0.069014 0.071616 0.000000
-0.210171 -0.072436 0.000000
0.166749 -0.049995 0.000000
-0.476805 0.026236 0.000000
0.243976 0.039822 0.000000
0.331947 -0.029390 0.000000
0.184992 -0.047961 0.000000
0.468233 -0.008657 0.000000
-0.353084 0.067026 0.000000
0.457048 0.007121 0.000000
-0.399921 -0.054264 0.000000
-0.019665 0.068246 0.000000
0.473139 0.004295 0.000000
-0.167633 -0.072563 0.000000
0.137926 0.053029 0.000000
-0.093734 -0.070680 0.000000
0.232704 -0.042352 0.000000
-0.158451 0.075418 0.000000
-0.488603 0.013037 0.000000
-0.210394 -0.072432 0.000000
0.311130 0.030408 0.000000
-0.024841 0.068636 0.000000
-0.175670 -0.072616 0.000000
0.398625 0.016933 0.000000
-0.070278 -0.069616 0.000000
-0.171666 -0.072590 0.000000
-0.421840 0.052455 0.000000
-0.481191 -0.022236 0.000000
-0.164237 0.075545 0.000000
0.183222 0.047645 0.000000
0.206219 -0.045516 0.000000
-0.001272 0.066797 0.000000
-0.227832 -0.072075 0.000000
0.003441 -0.065079 0.000000
-0.209105 0.075912 0.000000
0.308832 -0.032564 0.000000
-0.226014 -0.072120 0.000000
0.336920 0.026581 0.000000
-0.205860 -0.072497 0.000000
0.096585 0.057583 0.000000
-0.393761 -0.055546 0.000000
-0.012644 -0.066211 0.000000
-0.408997 -0.052228 0.000000
-0.432237 0.049067 0.000000
0.300149 0.032002 0.000000
0.323820 -0.030517 0.000000
0.241516 -0.041271 0.000000
0.122365 0.054785 0.000000
-0.491701 -0.006174 0.000000
-0.343193 -0.063731 0.000000
0.255963 0.038200 0.000000
0.041370 -0.062132 0.000000
-0.335843 0.069236 0.000000
-0.222957 0.075788 0.000000
-0.349839 -0.062855 0.000000
0.405437 -0.018656 0.000000
0.121382 0.054895 0.000000
0.205286 -0.045625 0.000000
-0.487100 0.015406 0.000000
-0.001651 0.066827 0.000000
-0.373935 0.063712 0.000000
0.052605 0.062016 0.000000
-0.183266 0.075832 0.000000
0.146461 0.052045 0.000000
-0.033208 -0.067547 0.000000
-0.315368 0.071339 0.000000
0.336821 0.026596 0.000000
-0.456190 0.039143 0.000000
0.167870 -0.049871 0.000000
0.206364 0.044745 0.000000
-0.372759 0.063920 0.000000
-0.427127 0.050788 0.000000
-0.116519 0.074049 0.000000
0.449842 -0.011669 0.000000
0.280645 -0.036307 0.000000
0.307722 0.030905 0.000000
0.327737 0.027958 0.000000
-0.451539 0.041366 0.000000
-0.266628 0.074552 0.000000
0.243659 -0.041006 0.000000
-0.302954 0.072374 0.000000
-0.015120 -0.066379 0.000000
0.024809 0.064577 0.000000
0.107734 -0.056128 0.000000
-0.104384 -0.071093 0.000000
-0.415884 -0.050553 0.000000
0.142629 -0.052585 0.000000
-0.011182 0.067589 0.000000
0.498372 -0.000252 0.000000
-0.363713 0.065432 0.000000
0.125480 -0.054357 0.000000
0.002747 -0.065130 0.000000
-0.089369 -0.070497 0.000000
0.245033 0.039680 0.000000
-0.013352 0.067759 0.000000
0.199659 -0.046281 0.000000
-0.090718 -0.070554 0.000000
-0.231971 -0.071960 0.000000
-0.137267 -0.072081 0.000000
0.355196 0.023797 0.000000
0.032157 0.063920 0.000000
0.434899 -0.014065 0.000000
0.417517 -0.016794 0.000000
-0.267607 -0.070482 0.000000
-0.297892 0.072751 0.000000
-0.486910 0.015677 0.000000
0.175568 0.048583 0.000000
0.291522 0.033239 0.000000
0.361611 -0.025177 0.000000
0.428502 -0.015076 0.000000
0.237403 -0.041777 0.000000
-0.056434 -0.068897 0.000000
0.015525 0.065389 0.000000
0.367281 -0.024354 0.000000
-0.384485 0.061720 0.000000
0.171206 -0.049504 0.000000
-0.000688 0.066749 0.000000
0.412617 0.014645 0.000000
-0.260554 0.074808 0.000000
0.470995 -0.008198 0.000000
0.455954 0.007312 0.000000
0.084208 0.058876 0.000000
-0.429143 -0.046948 0.000000
-0.070907 -0.069647 0.000000
0.272303 0.035948 0.000000
-0.054521 0.070710 0.000000
-0.046569 -0.068345 0.000000
0.060910 0.061213 0.000000
-0.077853 0.072132 0.000000
-0.267820 -0.070471 0.000000
-0.172424 0.075691 0.000000
0.458369 -0.010281 0.000000
0.288505 0.033669 0.000000
-0.007678 -0.065869 0.000000
-0.242327 0.075406 0.000000
-0.352459 -0.062497 0.000000
0.318966 0.029258 0.000000
-0.125826 -0.071788 0.000000
-0.380357 -0.058091 0.000000
-0.441612 -0.042983 0.000000
-0.201941 -0.072539 0.000000
-0.406974 -0.052699 0.000000
-0.274534 0.074176 0.000000
0.360864 0.022921 0.000000
-0.040194 -0.067972 0.000000
-0.165250 -0.072539 0.000000
-0.264768 -0.070633 0.000000
0.302257 0.031698 0.000000
-0.204770 0.075922 0.000000
0.163152 0.050080 0.000000
-0.255554 -0.071089 0.000000
0.421543 -0.016167 0.000000
0.243941 0.039826 0.000000
0.065595 0.060753 0.000000
0.266495 -0.038133 0.000000
-0.223257 -0.072188 0.000000
0.121158 0.054920 0.000000
-0.205589 -0.072500 0.000000
0.187224 0.047151 0.000000
0.146978 0.051986 0.000000
-0.142398 -0.072191 0.000000
-0.061933 -0.069192 0.000000
-0.386067 -0.057044 0.000000
0.008182 -0.064732 0.000000
-0.420316 0.052917 0.000000
0.245177 -0.040818 0.000000
-0.043649 0.069982 0.000000
-0.349287 -0.062930 0.000000
0.095547 -0.057305 0.000000
-0.401729 -0.053874 0.000000
0.370932 0.021350 0.000000
0.047952 0.062458 0.000000
-0.373404 -0.059293 0.000000
0.470837 0.004703 0.000000
0.288412 0.033682 0.000000
0.353749 0.024020 0.000000
-0.107303 0.073647 0.000000
0.112728 -0.055637 0.000000
-0.375054 -0.059015 0.000000
-0.414899 0.054490 0.000000
-0.053404 0.070636 0.000000
0.439534 0.010135 0.000000
-0.478257 0.025018 0.000000
0.142540 -0.052595 0.000000
-0.481335 0.022186 0.000000
-0.093657 -0.070677 0.000000
-0.134449 -0.072013 0.000000
-0.324961 0.070419 0.000000
0.185743 0.047334 0.000000
0.439886 0.010075 0.000000
-0.294620 -0.068689 0.000000
-0.318769 -0.066524 0.000000
0.435588 -0.013955 0.000000
-0.138079 0.074852 0.000000
0.296007 -0.034285 0.000000
-0.435044 0.048073 0.000000
0.338665 -0.028450 0.000000
0.229545 -0.042736 0.000000
0.418271 0.013710 0.000000
0.392245 0.017964 0.000000
-0.332935 0.069569 0.000000
-0.112692 -0.071385 0.000000
-0.159340 -0.072475 0.000000
0.009173 -0.064658 0.000000
-0.236681 0.075544 0.000000
-0.369983 -0.059858 0.000000
-0.388329 -0.056615 0.000000
-0.420598 0.052832 0.000000
-0.077461 0.072110 0.000000
-0.475468 0.027304 0.000000
-0.125114 0.074393 0.000000
-0.324183 0.070500 0.000000
-0.461478 -0.034903 0.000000
0.284852 -0.035757 0.000000
-0.205923 -0.072496 0.000000
0.059639 -0.060581 0.000000
0.265366 0.036910 0.000000
-0.230223 0.075675 0.000000
-0.116304 -0.071505 0.000000
0.483279 0.002485 0.000000
-0.183630 0.075836 0.000000
0.336808 -0.028711 0.000000
-0.167540 0.075606 0.000000
0.440413 0.009985 0.000000
0.398582 -0.019700 0.000000
0.044489 -0.061873 0.000000
-0.163197 -0.072518 0.000000
-0.081142 0.072319 0.000000
-0.364284 0.065341 0.000000
0.026467 -0.063335 0.000000
0.069549 -0.059706 0.000000
-0.486594 -0.016433 0.000000
0.354364 -0.026221 0.000000
-0.064554 0.071344 0.000000
0.277251 -0.036748 0.000000
-0.218597 0.075838 0.000000
-0.376562 0.063239 0.000000
0.401998 0.016385 0.000000
-0.450073 -0.039870 0.000000
-0.399707 0.058408 0.000000
-0.255785 -0.071079 0.000000
-0.030224 0.069033 0.000000
-0.326248 -0.065737 0.000000
-0.094240 -0.070701 0.000000
0.317274 -0.031416 0.000000
-0.397770 -0.054719 0.000000
-0.355683 -0.062041 0.000000
0.390208 0.018291 0.000000
-0.116325 -0.071506 0.000000
-0.457574 -0.036723 0.000000
0.105950 -0.056302 0.000000
-0.053089 -0.068714 0.000000
-0.184909 0.075849 0.000000
-0.374144 0.063674 0.000000
0.470645 -0.008257 0.000000
0.073852 -0.059320 0.000000
-0.397337 -0.054810 0.000000
-0.159282 -0.072474 0.000000
0.032633 -0.062844 0.000000
0.131965 -0.053695 0.000000
0.319948 -0.031050 0.000000
0.197680 -0.046510 0.000000
-0.409442 0.055977 0.000000
0.414472 0.014339 0.000000
0.386382 -0.021536 0.000000
-0.227365 0.075721 0.000000
-0.217348 0.075852 0.000000
0.431255 0.011538 0.000000
-0.014694 -0.066350 0.000000
0.302996 0.031591 0.000000
-0.490486 0.009235 0.000000
0.464763 0.005773 0.000000
0.332589 0.027232 0.000000
0.448473 0.008605 0.000000
0.421927 0.013102 0.000000
0.138239 0.052994 0.000000
0.242799 -0.041113 0.000000
0.148479 -0.051967 0.000000
0.474510 0.004052 0.000000
-0.488592 0.013056 0.000000
0.000222 -0.065312 0.000000
-0.250495 0.075170 0.000000
-0.404573 -0.053245 0.000000
0.275009 -0.037039 0.000000
-0.160795 -0.072493 0.000000
-0.091346 -0.070580 0.000000
0.055941 0.061695 0.000000
0.320704 -0.030946 0.000000
0.498294 -0.000237 0.000000
-0.289125 0.073344 0.000000
0.372553 0.021096 0.000000
-0.175648 -0.072615 0.000000
0.024546 -0.063487 0.000000
0.283579 0.034367 0.000000
-0.483087 -0.020432 0.000000
-0.351471 0.067252 0.000000
0.450146 -0.011620 0.000000
0.238842 -0.041601 0.000000
-0.066706 0.071477 0.000000
0.331182 -0.029497 0.000000
-0.441403 -0.043055 0.000000
0.227751 0.041977 0.000000
-0.387276 -0.056817 0.000000
-0.043662 -0.068176 0.000000
-0.053027 0.070611 0.000000
-0.239617 -0.071719 0.000000
0.237171 -0.041806 0.000000
0.423268 0.012878 0.000000
-0.317833 -0.066620 0.000000
-0.278264 -0.069849 0.000000
0.463724 -0.009402 0.000000
0.272633 0.035902 0.000000
0.318560 -0.031240 0.000000
0.411839 0.014773 0.000000
0.432589 -0.014431 0.000000
0.161713 -0.050545 0.000000
0.133092 -0.053578 0.000000
0.266841 -0.038089 0.000000
-0.415215 0.054400 0.000000
-0.124669 -0.071757 0.000000
0.445957 0.009037 0.000000
-0.487362 -0.015387 0.000000
-0.350375 -0.062781 0.000000
0.409069 0.015229 0.000000
-0.447058 0.043354 0.000000
0.383031 -0.022035 0.000000
-0.137102 -0.072077 0.000000
-0.471621 -0.029345 0.000000
-0.381203 0.062365 0.000000
-0.063736 -0.069285 0.000000
-0.418781 -0.049811 0.000000
0.273216 -0.037270 0.000000
0.266531 0.036749 0.000000
0.017862 -0.064004 0.000000
0.251899 0.038753 0.000000
0.211942 -0.044843 0.000000
0.356676 0.023569 0.000000
0.462136 0.006234 0.000000
0.164479 -0.050243 0.000000
-0.314285 0.071438 0.000000
-0.051488 -0.068624 0.000000
0.407326 0.015515 0.000000
-0.232678 0.075628 0.000000
-0.491181 0.007350 0.000000
-0.083924 0.072471 0.000000
-0.393288 0.059874 0.000000
-0.429162 0.050116 0.000000
-0.004498 0.067057 0.000000
-0.411936 -0.051529 0.000000
0.079026 -0.058849 0.000000
0.464737 -0.009235 0.000000
0.082154 -0.058561 0.000000
-0.014177 -0.066315 0.000000
0.150222 -0.051782 0.000000
-0.002033 -0.065473 0.000000
0.128247 -0.054076 0.000000
-0.324442 -0.065931 0.000000
0.464383 -0.009294 0.000000
0.115064 0.055592 0.000000
0.222928 -0.043534 0.000000
-0.453686 -0.038406 0.000000
0.169714 0.049292 0.000000
0.117950 0.055274 0.000000
-0.266805 -0.070525 0.000000
-0.262112 0.074745 0.000000
0.438654 0.010285 0.000000
0.142084 0.052552 0.000000
0.163519 -0.050348 0.000000
-0.492382 -0.001773 0.000000
0.063735 -0.060222 0.000000
-0.350374 0.067405 0.000000
-0.418115 0.053568 0.000000
0.095907 0.057655 0.000000
-0.171353 0.075675 0.000000
-0.300573 -0.068207 0.000000
-0.339041 -0.064252 0.000000
-0.354988 -0.062139 0.000000
0.335587 -0.028882 0.000000
-0.227612 -0.072081 0.000000
0.131715 0.053736 0.000000
0.194647 -0.046859 0.000000
0.419012 -0.016562 0.000000
0.445795 -0.012323 0.000000
0.117236 0.055353 0.000000
0.317965 -0.031322 0.000000
-0.174108 -0.072606 0.000000
-0.183660 -0.072633 0.000000
-0.216614 -0.072327 0.000000
-0.306654 0.072082 0.000000
-0.469086 0.031842 0.000000
0.143499 0.052389 0.000000
-0.060336 -0.069107 0.000000
-0.078813 -0.070026 0.000000
0.186823 -0.047753 0.000000
0.191765 0.046586 0.000000
0.208707 0.044445 0.000000
0.293788 0.032916 0.000000
0.097769 0.057458 0.000000
-0.389529 0.060686 0.000000
-0.345057 0.068109 0.000000
-0.080709 0.072295 0.000000
-0.446604 0.043546 0.000000
-0.340395 0.068694 0.000000
0.440925 -0.013104 0.000000
-0.275073 0.074149 0.000000
0.127898 -0.054111 0.000000
0.491017 -0.004824 0.000000
-0.023662 0.068547 0.000000
-0.094091 0.073009 0.000000
-0.041041 0.069802 0.000000
-0.129393 -0.071886 0.000000
0.368172 -0.024224 0.000000
0.415060 -0.017175 0.000000
0.231209 -0.042534 0.000000
-0.151922 0.075258 0.000000
0.366164 0.022097 0.000000
0.062787 -0.060306 0.000000
-0.364804 -0.060681 0.000000
-0.255710 0.074991 0.000000
-0.271738 0.074316 0.000000
0.444106 0.009355 0.000000
-0.014323 -0.066325 0.000000
-0.041290 -0.068038 0.000000
0.035255 0.063637 0.000000
0.371271 0.021297 0.000000
-0.142499 -0.072193 0.000000
-0.084561 0.072506 0.000000
0.403826 -0.018902 0.000000
0.086744 -0.058135 0.000000
-0.480773 0.022732 0.000000
-0.438320 0.046863 0.000000
0.179142 -0.048620 0.000000
0.222747 0.042631 0.000000
0.112916 0.055827 0.000000
-0.296522 -0.068541 0.000000
-0.075877 0.072020 0.000000
0.404371 -0.018819 0.000000
0.060208 0.061282 0.000000
0.327594 -0.029995 0.000000
0.448701 0.008566 0.000000
0.276932 0.035302 0.000000
0.311286 -0.032232 0.000000
0.059517 -0.060592 0.000000
0.239027 -0.041578 0.000000
0.212393 0.043972 0.000000
-0.228702 -0.072054 0.000000
0.322411 0.028749 0.000000
-0.228614 -0.072056 0.000000
-0.363999 0.065386 0.000000
0.437604 -0.013634 0.000000
0.180664 0.047960 0.000000
0.174628 0.048697 0.000000
-0.259461 -0.070902 0.000000
0.433143 0.011219 0.000000
0.239775 -0.041486 0.000000
0.383292 -0.021996 0.000000
-0.206439 0.075918 0.000000
0.207725 0.044571 0.000000
-0.311097 0.071713 0.000000
0.327832 -0.029962 0.000000
-0.268709 -0.070422 0.000000
-0.259701 -0.070890 0.000000
-0.322608 0.070654 0.000000
0.083264 -0.058459 0.000000
0.153345 0.051241 0.000000
0.312785 -0.032028 0.000000
0.146811 0.052005 0.000000
-0.443025 0.045028 0.000000
-0.401776 -0.053863 0.000000
-0.011574 0.067620 0.000000
-0.083919 -0.070259 0.000000
0.396731 -0.019981 0.000000
-0.245021 0.075336 0.000000
-0.112912 -0.071392 0.000000
-0.042893 -0.068132 0.000000
0.498366 -0.003563 0.000000
0.263156 0.037214 0.000000
-0.293608 -0.068768 0.000000
0.014924 -0.064227 0.000000
0.217357 0.043332 0.000000
-0.276756 -0.069944 0.000000
0.091174 0.058152 0.000000
0.309355 -0.032493 0.000000
-0.100348 -0.070942 0.000000
-0.468294 -0.031327 0.000000
-0.480583 -0.022778 0.000000
0.220534 -0.043822 0.000000
0.328893 -0.029815 0.000000
0.089893 -0.057840 0.000000
0.192611 0.046480 0.000000
0.025542 0.064512 0.000000
0.312591 -0.032055 0.000000
-0.054915 -0.068816 0.000000
0.049535 -0.061448 0.000000
0.390772 -0.020879 0.000000
-0.115131 0.073991 0.000000
0.000959 -0.065260 0.000000
0.471666 -0.008087 0.000000
-0.233051 0.075620 0.000000
0.005234 -0.064949 0.000000
0.076904 -0.059042 0.000000
-0.350017 0.067453 0.000000
-0.089158 0.072753 0.000000
-0.326842 0.070224 0.000000
0.003626 -0.065066 0.000000
-0.073522 0.071884 0.000000
-0.178769 -0.072623 0.000000
0.145755 0.052127 0.000000
-0.232336 -0.071949 0.000000
0.331503 -0.029452 0.000000
-0.178341 -0.072622 0.000000
-0.053218 0.070624 0.000000
-0.197486 0.075920 0.000000
-0.185107 -0.072630 0.000000
0.463005 0.006081 0.000000
0.198096 0.045792 0.000000
0.397806 -0.019818 0.000000
-0.491404 0.006636 0.000000
0.031883 -0.062904 0.000000
-0.489951 -0.010998 0.000000
-0.028188 -0.067233 0.000000
0.433613 0.011140 0.000000
0.140628 0.052719 0.000000
0.307912 0.030878 0.000000
-0.382840 -0.057642 0.000000
0.243335 -0.041046 0.000000
-0.256083 0.074978 0.000000
-0.320764 0.070834 0.000000
-0.308581 0.071926 0.000000
0.147973 -0.052021 0.000000
-0.304208 -0.067896 0.000000
-0.393972 0.059722 0.000000
-0.167596 -0.072563 0.000000
0.311803 0.030310 0.000000
0.018369 -0.063965 0.000000
0.148181 0.051846 0.000000
0.136147 0.053232 0.000000
-0.458601 -0.036257 0.000000
-0.339435 -0.064204 0.000000
0.192304 -0.047128 0.000000
0.103385 -0.056552 0.000000
0.110842 0.056053 0.000000
0.376045 0.020546 0.000000
0.431332 -0.014630 0.000000
-0.421356 0.052604 0.000000
0.236987 -0.041828 0.000000
0.489268 0.001405 0.000000
0.309286 -0.032503 0.000000
0.309640 -0.032455 0.000000
0.213265 0.043860 0.000000
-0.171204 -0.072587 0.000000
-0.217555 0.075850 0.000000
-0.021554 -0.066806 0.000000
0.394466 -0.020323 0.000000
0.209511 0.044342 0.000000
0.006325 -0.064869 0.000000
0.486204 0.001959 0.000000
-0.403306 -0.053525 0.000000
-0.022661 -0.066879 0.000000
-0.178864 0.075784 0.000000
0.431466 0.011502 0.000000
-0.178059 -0.072621 0.000000
0.341161 0.025941 0.000000
-0.467507 0.032848 0.000000
-0.277521 -0.069895 0.000000
-0.414092 0.054717 0.000000
0.127125 -0.054190 0.000000
-0.135855 0.074780 0.000000
-0.244924 0.075339 0.000000
0.032859 0.063856 0.000000
0.264749 -0.038356 0.000000
-0.203563 -0.072522 0.000000
0.098651 -0.057009 0.000000
0.110411 0.056100 0.000000
-0.477179 -0.025540 0.000000
0.026257 -0.063351 0.000000
-0.263747 -0.070687 0.000000
-0.057390 -0.068949 0.000000
0.260192 0.037622 0.000000
0.007305 -0.064798 0.000000
-0.382695 -0.057669 0.000000
-0.235305 0.075573 0.000000
0.208736 0.044441 0.000000
-0.066099 -0.069406 0.000000
0.384391 -0.021833 0.000000
0.265847 -0.038216 0.000000
-0.215188 -0.072355 0.000000
-0.434304 0.048338 0.000000
0.032999 -0.062814 0.000000
0.425912 -0.015484 0.000000
0.379727 -0.022525 0.000000
-0.003199 0.066952 0.000000
-0.336513 0.069158 0.000000
0.137592 0.053067 0.000000
-0.285956 0.073539 0.000000
0.043545 0.062872 0.000000
-0.363421 -0.060895 0.000000
0.145044 0.052210 0.000000
0.366076 0.022110 0.000000
-0.319134 0.070992 0.000000
-0.229304 -0.072038 0.000000
-0.217407 0.075851 0.000000
-0.112775 0.073890 0.000000
0.064576 0.060854 0.000000
-0.471715 0.030070 0.000000
-0.385546 -0.057142 0.000000
0.196629 0.045977 0.000000
-0.424069 -0.048393 0.000000
-0.058775 -0.069023 0.000000
0.457196 -0.010473 0.000000
0.115998 0.055490 0.000000
0.118315 -0.055080 0.000000
-0.022549 -0.066871 0.000000
-0.105212 0.073549 0.000000
-0.110585 -0.071314 0.000000
-0.088647 -0.070467 0.000000
0.165359 0.049816 0.000000
-0.452106 -0.039056 0.000000
0.427623 -0.015215 0.000000
0.201833 -0.046028 0.000000
0.129663 -0.053931 0.000000
-0.111084 -0.071331 0.000000
0.053461 0.061934 0.000000
-0.290032 0.073285 0.000000
0.370690 0.021389 0.000000
-0.492395 -0.001541 0.000000
0.017170 0.065246 0.000000
0.011245 0.065754 0.000000
0.373539 0.020941 0.000000
-0.286297 -0.069311 0.000000
-0.004752 0.067077 0.000000
0.325924 -0.030227 0.000000
0.060063 0.061296 0.000000
-0.477962 -0.024940 0.000000
-0.204628 -0.072510 0.000000
-0.488715 0.012842 0.000000
-0.489314 -0.012248 0.000000
-0.491847 -0.005556 0.000000
0.280353 -0.036345 0.000000
-0.062716 0.071231 0.000000
-0.026006 -0.067094 0.000000
0.295675 0.032645 0.000000
-0.054209 0.070689 0.000000
0.418101 -0.016704 0.000000
0.031966 0.063937 0.000000
0.010777 -0.064539 0.000000
-0.436979 0.047366 0.000000
0.447606 0.008754 0.000000
0.155635 0.050972 0.000000
-0.422314 -0.048873 0.000000
0.235120 -0.042057 0.000000
-0.087241 -0.070406 0.000000
0.013395 0.065571 0.000000
-0.003426 -0.065572 0.000000
-0.075408 0.071993 0.000000
0.446131 -0.012268 0.000000
0.379714 0.019965 0.000000
0.146544 0.052036 0.000000
0.296847 -0.034173 0.000000
-0.122421 0.074289 0.000000
-0.265936 0.074584 0.000000
0.226408 -0.043115 0.000000
-0.472580 -0.028736 0.000000
-0.427868 0.050545 0.000000
0.489941 -0.005008 0.000000
-0.490721 0.008642 0.000000
-0.282395 -0.069578 0.000000
0.042747 0.062947 0.000000
0.030815 0.064040 0.000000
-0.090780 -0.070556 0.000000
0.169925 -0.049645 0.000000
0.336253 -0.028789 0.000000
0.455631 -0.010729 0.000000
0.084713 0.058823 0.000000
0.109978 0.056147 0.000000
0.269606 0.036323 0.000000
-0.374620 0.063589 0.000000
-0.287569 -0.069219 0.000000
0.115803 -0.055331 0.000000
-0.167257 -0.072559 0.000000
-0.205370 0.075920 0.000000
-0.331189 0.069760 0.000000
0.350618 0.024500 0.000000
0.260364 -0.038913 0.000000
0.143411 -0.052503 0.000000
0.390588 0.018230 0.000000
0.411446 0.014838 0.000000
-0.346394 0.067938 0.000000
0.496111 -0.003951 0.000000
-0.320130 -0.066384 0.000000
0.304019 0.031443 0.000000
-0.361675 0.065753 0.000000
-0.261808 0.074757 0.000000
-0.270120 0.074395 0.000000
0.120756 -0.054835 0.000000
-0.247396 -0.071433 0.000000
0.362910 -0.024989 0.000000
-0.300877 -0.068182 0.000000
-0.360418 0.065946 0.000000
-0.352526 0.067104 0.000000
0.232650 -0.042358 0.000000
0.100564 0.057161 0.000000
-0.025495 0.068684 0.000000
-0.269225 0.074436 0.000000
-0.125610 -0.071783 0.000000
-0.405981 -0.052925 0.000000
-0.387980 -0.056683 0.000000
0.217446 -0.044190 0.000000
0.346439 -0.027352 0.000000
0.314207 0.029958 0.000000
-0.404781 0.057174 0.000000
0.422426 0.013019 0.000000
0.174513 -0.049137 0.000000
-0.146215 0.075101 0.000000
-0.198514 -0.072573 0.000000
-0.032473 0.069195 0.000000
0.365556 0.022191 0.000000
0.174778 -0.049107 0.000000
0.031952 0.063938 0.000000
-0.085756 -0.070340 0.000000
-0.245108 -0.071522 0.000000
-0.346892 0.067872 0.000000
-0.155451 0.075348 0.000000
-0.031027 -0.067412 0.000000
0.475388 0.003896 0.000000
-0.300326 0.072573 0.000000
-0.249233 0.075208 0.000000
-0.324192 -0.065958 0.000000
0.355281 0.023784 0.000000
-0.081236 -0.070140 0.000000
-0.195105 -0.072595 0.000000
-0.056587 0.070843 0.000000
0.047637 -0.061609 0.000000
-0.330369 -0.065278 0.000000
-0.133886 -0.071999 0.000000
-0.491144 -0.008068 0.000000
-0.118655 0.074137 0.000000
0.200117 0.045537 0.000000
-0.175779 0.075740 0.000000
0.052703 0.062006 0.000000
0.473865 0.004166 0.000000
0.372130 0.021162 0.000000
0.311568 -0.032194 0.000000
0.102832 0.056919 0.000000
-0.452470 -0.038908 0.000000
0.454671 -0.010885 0.000000
0.469183 -0.008500 0.000000
-0.071176 -0.069661 0.000000
-0.491654 -0.006357 0.000000
0.466146 0.005530 0.000000
-0.185116 0.075852 0.000000
0.005844 0.066209 0.000000
0.377592 0.020301 0.000000
-0.289569 -0.069073 0.000000
0.214330 -0.044561 0.000000
0.074636 0.059851 0.000000
-0.274563 0.074175 0.000000
-0.030616 -0.067386 0.000000
-0.150854 -0.072349 0.000000
-0.086494 0.072612 0.000000
-0.324400 -0.065936 0.000000
-0.051891 -0.068647 0.000000
0.040865 -0.062174 0.000000
0.247527 0.039344 0.000000
-0.146195 0.075101 0.000000
0.022594 0.064773 0.000000
-0.489644 -0.011619 0.000000
-0.238647 -0.071752 0.000000
-0.434563 0.048245 0.000000
-0.008616 0.067386 0.000000
0.221201 -0.043742 0.000000
-0.309577 0.071845 0.000000
-0.093212 0.072964 0.000000
0.006703 -0.064842 0.000000
-0.407131 -0.052663 0.000000
-0.382828 -0.057644 0.000000
0.112405 -0.055668 0.000000
-0.132975 -0.071977 0.000000
-0.090913 -0.070562 0.000000
0.213038 0.043889 0.000000
0.129471 -0.053950 0.000000
0.184093 -0.048062 0.000000
-0.259641 -0.070893 0.000000
-0.456138 -0.037358 0.000000
-0.212524 -0.072399 0.000000
-0.068567 0.071590 0.000000
-0.434495 -0.045325 0.000000
-0.141246 0.074954 0.000000
0.426470 -0.015396 0.000000
0.280046 -0.036385 0.000000
0.486945 0.001825 0.000000
-0.054874 0.070733 0.000000
0.314739 0.029880 0.000000
-0.477387 0.025755 0.000000
-0.262592 -0.070748 0.000000
-0.111696 -0.071351 0.000000
-0.485076 -0.018296 0.000000
-0.170373 -0.072582 0.000000
-0.392584 -0.055782 0.000000
0.031919 0.063941 0.000000
0.194198 0.046282 0.000000
-0.396816 0.059081 0.000000
-0.454501 0.039970 0.000000
-0.072044 -0.069703 0.000000
-0.039103 0.069666 0.000000
-0.248765 0.075223 0.000000
-0.377959 0.062979 0.000000
0.274254 0.035676 0.000000
0.035165 -0.062640 0.000000
0.009636 -0.064624 0.000000
0.268827 0.036431 0.000000
-0.285827 -0.069345 0.000000
-0.349026 -0.062966 0.000000
0.121919 -0.054718 0.000000
-0.121849 -0.071675 0.000000
-0.467571 -0.031735 0.000000
0.496195 0.000146 0.000000
-0.399557 -0.054342 0.000000
-0.180565 0.075803 0.000000
-0.217810 -0.072303 0.000000
-0.034199 0.069319 0.000000
0.285247 0.034131 0.000000
0.460938 0.006443 0.000000
0.408636 0.015300 0.000000
-0.491020 -0.008427 0.000000
0.288311 -0.035303 0.000000
0.336858 -0.028704 0.000000
0.023361 -0.063579 0.000000
0.257831 -0.039234 0.000000
0.126942 0.054274 0.000000
-0.353277 0.066999 0.000000
-0.116820 -0.071521 0.000000
0.110331 0.056109 0.000000
0.040862 0.063121 0.000000
0.260391 0.037594 0.000000
0.404495 0.015978 0.000000
0.109223 -0.055982 0.000000
0.249804 0.039036 0.000000
-0.288264 -0.069168 0.000000
0.247095 -0.040580 0.000000
-0.222449 0.075794 0.000000
-0.263351 0.074695 0.000000
-0.028321 -0.067242 0.000000
-0.135088 -0.072029 0.000000
0.284138 -0.035851 0.000000
-0.034554 -0.067631 0.000000
-0.359502 -0.061485 0.000000
-0.275896 -0.069998 0.000000
0.127902 0.054166 0.000000
-0.039993 0.069729 0.000000
-0.372338 0.063993 0.000000
0.279917 0.034883 0.000000
-0.347749 0.067757 0.000000
-0.233635 0.075608 0.000000
-0.298788 -0.068355 0.000000
-0.419619 0.053125 0.000000
0.455641 0.007366 0.000000
0.477188 0.003575 0.000000
-0.144288 -0.072231 0.000000
-0.109762 -0.071287 0.000000
0.066714 -0.059959 0.000000
-0.209197 -0.072451 0.000000
0.205607 0.044841 0.000000
-0.288546 -0.069147 0.000000
0.201813 0.045323 0.000000
0.391258 0.018122 0.000000
0.393450 0.017770 0.000000
0.409632 0.015137 0.000000
-0.074125 -0.069806 0.000000
-0.232158 -0.071954 0.000000
0.392875 0.017862 0.000000
0.184586 0.047477 0.000000
0.025855 -0.063383 0.000000
-0.100031 0.073304 0.000000
-0.219694 0.075825 0.000000
-0.002751 -0.065524 0.000000
-0.296180 -0.068567 0.000000
-0.030580 0.069059 0.000000
0.491065 0.001080 0.000000
0.085519 0.058740 0.000000
-0.092796 0.072942 0.000000
0.420093 -0.016394 0.000000
-0.076879 0.072077 0.000000
0.457637 -0.010401 0.000000
-0.041701 0.069848 0.000000
0.422807 0.012955 0.000000
0.171759 0.049045 0.000000
0.001710 -0.065205 0.000000
-0.445934 -0.041443 0.000000
0.297589 -0.034074 0.000000
0.335270 0.026830 0.000000
-0.235684 -0.071851 0.000000
0.034250 0.063729 0.000000
0.045022 0.062733 0.000000
-0.476548 -0.026010 0.000000
-0.408013 0.056350 0.000000
-0.282809 -0.069550 0.000000
0.188084 -0.047610 0.000000
0.380810 -0.022365 0.000000
0.180505 0.047979 0.000000
-0.405595 -0.053013 0.000000
-0.220284 0.075818 0.000000
0.454975 -0.010836 0.000000
0.274656 0.035620 0.000000
0.011096 0.065767 0.000000
0.216980 -0.044246 0.000000
0.131663 0.053742 0.000000
0.064468 0.060865 0.000000
-0.269351 -0.070385 0.000000
-0.322085 -0.066184 0.000000
0.230188 0.041656 0.000000
0.359685 -0.025456 0.000000
-0.337734 0.069017 0.000000
-0.227837 -0.072075 0.000000
-0.255493 -0.071091 0.000000
-0.018710 0.068173 0.000000
0.230011 -0.042679 0.000000
0.257377 -0.039291 0.000000
-0.456068 -0.037389 0.000000
0.030840 -0.062988 0.000000
-0.464455 0.034695 0.000000
0.329442 0.027703 0.000000
-0.276424 0.074082 0.000000
-0.276879 0.074057 0.000000
0.030356 -0.063027 0.000000
-0.227951 0.075712 0.000000
-0.220736 0.075813 0.000000
-0.297129 0.072804 0.000000
-0.192822 -0.072609 0.000000
0.234953 0.041026 0.000000
-0.016495 0.068002 0.000000
-0.480837 0.022671 0.000000
0.456450 -0.010595 0.000000
0.446760 0.008899 0.000000
0.026839 0.064397 0.000000
-0.299752 0.072616 0.000000
0.186401 0.047253 0.000000
0.488024 0.001630 0.000000
0.260255 -0.038927 0.000000
0.049344 0.062326 0.000000
0.324022 0.028510 0.000000
0.190633 0.046727 0.000000
0.188044 -0.047614 0.000000
-0.492290 0.002241 0.000000
0.084455 0.058850 0.000000
0.414406 0.014350 0.000000
0.502217 -0.002898 0.000000
0.319448 -0.031118 0.000000
0.447658 0.008745 0.000000
0.420168 -0.016382 0.000000
0.463884 -0.009376 0.000000
0.206080 0.044781 0.000000
-0.010551 -0.066069 0.000000
-0.307695 -0.067588 0.000000
-0.065489 -0.069375 0.000000
-0.492419 -0.000915 0.000000
-0.352937 -0.062429 0.000000
-0.413431 0.054899 0.000000
0.408022 -0.018260 0.000000
0.133297 0.053557 0.000000
0.345854 -0.027435 0.000000
-0.275675 0.074119 0.000000
-0.226649 0.075733 0.000000
0.110580 0.056082 0.000000
-0.398938 -0.054474 0.000000
-0.200489 0.075927 0.000000
0.459951 -0.010022 0.000000
-0.374869 -0.059047 0.000000
0.494351 0.000483 0.000000
0.393120 -0.020526 0.000000
-0.328299 -0.065510 0.000000
-0.143464 -0.072214 0.000000
0.011456 -0.064489 0.000000
0.259455 -0.039029 0.000000
0.028669 0.064233 0.000000
0.207182 -0.045404 0.000000
0.484424 0.002279 0.000000
-0.002301 0.066880 0.000000
-0.260354 -0.070858 0.000000
0.328599 -0.029856 0.000000
0.286046 -0.035600 0.000000
0.430468 0.011671 0.000000
-0.481801 -0.021676 0.000000
-0.422547 -0.048810 0.000000
0.021571 -0.063718 0.000000
-0.162170 -0.072507 0.000000
-0.296528 0.072847 0.000000
-0.037596 -0.067815 0.000000
0.249643 -0.040262 0.000000
-0.228675 -0.072055 0.000000
-0.491936 0.004509 0.000000
0.225470 -0.043229 0.000000
0.224054 -0.043399 0.000000
0.442198 -0.012900 0.000000
0.162717 0.050132 0.000000
0.263833 -0.038473 0.000000
0.483559 -0.006091 0.000000
-0.339761 0.068771 0.000000
-0.464228 0.034826 0.000000
0.441576 -0.013000 0.000000
-0.323492 0.070567 0.000000
-0.430874 0.049537 0.000000
-0.488673 -0.013373 0.000000
0.306672 -0.032856 0.000000
0.115515 0.055543 0.000000
-0.310579 0.071758 0.000000
0.082951 0.059005 0.000000
-0.210978 0.075899 0.000000
0.022565 -0.063640 0.000000
0.037516 0.063431 0.000000
-0.153094 -0.072388 0.000000
0.284425 -0.035813 0.000000
0.399471 -0.019565 0.000000
-0.202518 -0.072533 0.000000
0.229532 0.041742 0.000000
0.266200 -0.038171 0.000000
-0.120603 -0.071637 0.000000
0.202707 -0.045927 0.000000
-0.445565 0.043986 0.000000
0.065907 0.060722 0.000000
0.281730 0.034628 0.000000
0.152126 -0.051579 0.000000
0.245014 0.039682 0.000000
-0.443329 -0.042383 0.000000
-0.414483 -0.050905 0.000000
0.351285 0.024398 0.000000
-0.486188 0.016673 0.000000
-0.062593 -0.069226 0.000000
0.298702 0.032211 0.000000
0.110987 0.056038 0.000000
-0.021280 -0.066788 0.000000
0.376773 -0.022962 0.000000
0.202708 -0.045926 0.000000
0.052685 0.062008 0.000000
0.106895 -0.056210 0.000000
-0.412741 -0.051333 0.000000
0.096365 0.057606 0.000000
0.285002 -0.035737 0.000000
0.053586 -0.061104 0.000000
-0.150079 0.075210 0.000000
0.281267 0.034693 0.000000
-0.257523 -0.070995 0.000000
-0.097459 -0.070829 0.000000
0.307502 -0.032744 0.000000
0.076564 -0.059073 0.000000
0.110686 0.056070 0.000000
0.157196 0.050787 0.000000
-0.113647 0.073928 0.000000
0.497431 -0.000079 0.000000
0.287961 0.033746 0.000000
0.403952 0.016067 0.000000
-0.292000 -0.068893 0.000000
-0.407920 -0.052480 0.000000
-0.292006 0.073156 0.000000
-0.483848 0.019539 0.000000
-0.156555 0.075376 0.000000
0.116174 -0.055294 0.000000
-0.119355 -0.071598 0.000000
0.172181 0.048994 0.000000
0.482695 -0.006238 0.000000
-0.153262 -0.072390 0.000000
-0.446247 0.043697 0.000000
0.424150 -0.015760 0.000000
0.004446 -0.065006 0.000000
-0.471962 -0.029130 0.000000
0.385738 -0.021632 0.000000
-0.054138 -0.068773 0.000000
-0.207307 -0.072480 0.000000
0.360653 0.022954 0.000000
-0.020451 -0.066733 0.000000
0.406702 -0.018463 0.000000
0.410963 -0.017808 0.000000
0.406527 -0.018489 0.000000
-0.469251 -0.030775 0.000000
0.105324 0.056651 0.000000
0.423252 0.012881 0.000000
-0.288333 -0.069163 0.000000
-0.186717 -0.072627 0.000000
-0.182304 0.075821 0.000000
-0.491901 -0.005311 0.000000
0.070684 -0.059605 0.000000
0.232422 -0.042386 0.000000
0.293030 0.033024 0.000000
0.312106 -0.032120 0.000000
-0.183252 0.075832 0.000000
-0.068160 -0.069512 0.000000
0.082921 -0.058490 0.000000
0.054373 0.061846 0.000000
0.104830 0.056704 0.000000
0.089278 -0.057898 0.000000
0.394712 0.017566 0.000000
-0.131655 0.074634 0.000000
-0.488957 0.012412 0.000000
-0.332650 -0.065016 0.000000
-0.288775 0.073366 0.000000
0.353490 -0.026347 0.000000
-0.090943 0.072846 0.000000
-0.357873 0.066332 0.000000
0.435895 -0.013906 0.000000
-0.163787 0.075536 0.000000
0.127431 -0.054159 0.000000
0.306943 0.031019 0.000000
0.315385 -0.031674 0.000000
0.353832 0.024007 0.000000
0.450375 -0.011583 0.000000
-0.332964 -0.064979 0.000000
0.198050 -0.046467 0.000000
-0.305963 -0.067742 0.000000
-0.132193 -0.071958 0.000000
0.375313 0.020661 0.000000
-0.344952 -0.063505 0.000000
-0.227078 -0.072094 0.000000
0.040102 0.063192 0.000000
-0.040257 -0.067975 0.000000
0.155162 0.051028 0.000000
0.457951 -0.010350 0.000000
0.016596 0.065296 0.000000
0.022432 -0.063651 0.000000
-0.344199 -0.063603 0.000000
0.314112 -0.031848 0.000000
-0.090453 -0.070543 0.000000
0.249846 0.039031 0.000000
-0.156290 0.075370 0.000000
0.121408 0.054892 0.000000
0.263685 -0.038492 0.000000
0.021735 0.064848 0.000000
-0.108648 0.073707 0.000000
0.472243 0.004454 0.000000
0.204826 0.044940 0.000000
0.077181 -0.059017 0.000000
-0.443698 -0.042252 0.000000
-0.267082 -0.070510 0.000000
0.014334 -0.064272 0.000000
-0.417027 -0.050264 0.000000
-0.222673 -0.072202 0.000000
-0.180044 -0.072626 0.000000
0.357892 -0.025714 0.000000
-0.362570 0.065615 0.000000
0.481008 -0.006522 0.000000
-0.437151 -0.044479 0.000000
0.319072 -0.031170 0.000000
0.111317 0.056002 0.000000
0.299696 0.032067 0.000000
0.058081 0.061489 0.000000
0.197629 0.045851 0.000000
-0.059214 0.071010 0.000000
-0.439242 0.046514 0.000000
-0.058840 0.070986 0.000000
-0.196135 -0.072588 0.000000
-0.397335 0.058962 0.000000
0.325318 0.028318 0.000000
0.237262 -0.041794 0.000000
0.242322 0.040044 0.000000
0.400968 -0.019338 0.000000
0.022857 -0.063618 0.000000
0.357547 0.023434 0.000000
-0.316275 -0.066774 0.000000
-0.226550 -0.072107 0.000000
-0.224783 0.075763 0.000000
-0.393715 0.059779 0.000000
0.461480 0.006348 0.000000
-0.150750 -0.072348 0.000000
0.022815 0.064753 0.000000
-0.121137 -0.071653 0.000000
-0.426347 -0.047755 0.000000
0.483468 0.002451 0.000000
0.042981 -0.061998 0.000000
-0.392621 -0.055774 0.000000
-0.058999 0.070997 0.000000
0.340158 -0.028240 0.000000
0.103721 -0.056519 0.000000
-0.047476 0.070242 0.000000
-0.017009 -0.066506 0.000000
-0.146898 -0.072280 0.000000
0.199687 0.045592 0.000000
-0.170269 -0.072581 0.000000
0.440365 -0.013194 0.000000
0.492858 -0.004509 0.000000
0.466789 0.005417 0.000000
-0.331918 -0.065101 0.000000
0.257948 -0.039219 0.000000
0.397325 -0.019891 0.000000
-0.306193 0.072120 0.000000
0.288385 -0.035293 0.000000
0.069952 0.060321 0.000000
0.274536 -0.037100 0.000000
-0.430780 -0.046463 0.000000
0.499727 -0.000500 0.000000
0.245223 0.039654 0.000000
0.413999 0.014417 0.000000
-0.114759 -0.071454 0.000000
0.159573 0.050506 0.000000
-0.187596 0.075872 0.000000
-0.239305 -0.071730 0.000000
-0.348725 0.067626 0.000000
-0.368297 -0.060130 0.000000
0.351675 -0.026606 0.000000
-0.004545 0.067061 0.000000
0.349840 -0.026868 0.000000
0.499413 -0.003383 0.000000
0.150200 0.051610 0.000000
0.493858 -0.004338 0.000000
-0.144898 0.075063 0.000000
0.306201 0.031126 0.000000
-0.128821 -0.071871 0.000000
0.245422 0.039628 0.000000
-0.219134 0.075832 0.000000
0.067038 -0.059930 0.000000
-0.313711 -0.067024 0.000000
-0.195649 0.075916 0.000000
0.243190 -0.041064 0.000000
-0.429845 0.049887 0.000000
-0.311819 0.071651 0.000000
-0.485162 0.017990 0.000000
-0.235652 -0.071852 0.000000
-0.457215 -0.036883 0.000000
0.201923 0.045309 0.000000
-0.199890 -0.072561 0.000000
0.204479 0.044984 0.000000
-0.267957 0.074493 0.000000
0.272653 0.035899 0.000000
0.202862 -0.045909 0.000000
-0.470201 0.031105 0.000000
0.155968 0.050933 0.000000
-0.044110 0.070014 0.000000
0.007287 -0.064799 0.000000
-0.455676 0.039397 0.000000
0.163730 0.050011 0.000000
0.069375 -0.059722 0.000000
-0.108712 0.073710 0.000000
0.142900 -0.052557 0.000000
-0.448180 -0.040601 0.000000
0.421830 -0.016123 0.000000
0.263194 -0.038554 0.000000
-0.328438 0.070059 0.000000
0.413051 0.014574 0.000000
0.359108 0.023193 0.000000
-0.467319 0.032967 0.000000
0.235129 -0.042056 0.000000
0.483544 0.002437 0.000000
-0.384671 -0.057307 0.000000
0.443100 0.009527 0.000000
-0.120745 -0.071641 0.000000
0.206650 -0.045466 0.000000
0.245975 0.039553 0.000000
0.340411 -0.028205 0.000000
-0.283220 0.073703 0.000000
-0.064735 0.071355 0.000000
0.468832 -0.008558 0.000000
-0.020620 -0.066744 0.000000
-0.484079 0.019276 0.000000
-0.386384 0.061339 0.000000
-0.207226 0.075916 0.000000
0.053515 0.061929 0.000000
-0.384214 -0.057391 0.000000
-0.003410 0.066969 0.000000
0.339757 0.026153 0.000000
0.335636 -0.028875 0.000000
0.217002 -0.044243 0.000000
-0.209201 0.075911 0.000000
0.496047 0.000173 0.000000
-0.416532 0.054028 0.000000
0.417818 0.013785 0.000000
-0.364763 0.065264 0.000000
0.010090 0.065853 0.000000
0.447887 0.008706 0.000000
0.300712 -0.033657 0.000000
0.399183 -0.019609 0.000000
0.079580 -0.058798 0.000000
-0.381957 0.062218 0.000000
0.152831 -0.051503 0.000000
0.015642 -0.064173 0.000000
-0.265225 0.074616 0.000000
-0.455023 -0.037840 0.000000
0.263263 -0.038545 0.000000
0.392983 0.017845 0.000000
0.032877 0.063854 0.000000
-0.337378 0.069058 0.000000
-0.407344 0.056524 0.000000
-0.356659 0.066511 0.000000
0.197693 -0.046508 0.000000
-0.224551 -0.072156 0.000000
0.118294 -0.055082 0.000000
-0.299026 -0.068335 0.000000
-0.011503 -0.066134 0.000000
-0.121790 0.074265 0.000000
0.077565 -0.058982 0.000000
-0.079675 -0.070067 0.000000
-0.393628 -0.055574 0.000000
0.293507 0.032956 0.000000
0.159433 -0.050792 0.000000
0.389299 0.018437 0.000000
-0.310218 -0.067354 0.000000
-0.474741 0.027865 0.000000
0.028803 -0.063150 0.000000
-0.172736 0.075696 0.000000
0.479853 0.003099 0.000000
-0.088558 0.072721 0.000000
-0.390545 0.060468 0.000000
-0.086400 -0.070369 0.000000
-0.147675 0.075144 0.000000
0.110358 0.056106 0.000000
-0.164865 0.075556 0.000000
-0.168180 -0.072568 0.000000
0.387768 -0.021329 0.000000
0.307535 -0.032740 0.000000
-0.205317 0.075920 0.000000
-0.278840 -0.069813 0.000000
0.024773 -0.063469 0.000000
0.196522 -0.046643 0.000000
0.036491 -0.062532 0.000000
0.116762 0.055406 0.000000
0.107724 -0.056129 0.000000
0.257774 0.037953 0.000000
0.064150 0.060896 0.000000
0.341921 -0.027992 0.000000
0.369109 0.021636 0.000000
0.168090 -0.049847 0.000000
0.493011 0.000726 0.000000
-0.025122 -0.067037 0.000000
-0.232440 0.075633 0.000000
0.217531 0.043310 0.000000
0.309684 0.030620 0.000000
-0.332410 -0.065044 0.000000
0.186614 0.047226 0.000000
0.216985 0.043380 0.000000
0.259551 0.037709 0.000000
-0.403682 -0.053442 0.000000
-0.332087 0.069662 0.000000
0.226936 -0.043052 0.000000
0.186563 0.047232 0.000000
0.323283 -0.030591 0.000000
-0.142344 0.074989 0.000000
-0.116024 0.074028 0.000000
0.295910 0.032612 0.000000
-0.336973 -0.064504 0.000000
0.365644 -0.024592 0.000000
0.074916 -0.059223 0.000000
-0.441464 0.045650 0.000000
0.219646 -0.043928 0.000000
-0.397597 -0.054756 0.000000
0.055348 0.061752 0.000000
0.124853 -0.054421 0.000000
-0.021484 0.068383 0.000000
-0.398474 0.058700 0.000000
0.125209 0.054468 0.000000
0.105032 0.056682 0.000000
-0.411580 0.055407 0.000000
-0.208272 -0.072465 0.000000
-0.232188 -0.071953 0.000000
-0.293831 -0.068750 0.000000
0.422242 0.013049 0.000000
-0.487184 -0.015636 0.000000
-0.465715 -0.032748 0.000000
-0.394726 0.059555 0.000000
0.279882 0.034888 0.000000
-0.075524 -0.069872 0.000000
-0.012191 0.067669 0.000000
-0.247334 -0.071436 0.000000
-0.196497 -0.072586 0.000000
-0.316561 0.071229 0.000000
-0.050819 -0.068587 0.000000
0.352166 0.024263 0.000000
0.295050 -0.034412 0.000000
-0.066290 0.071451 0.000000
0.235529 -0.042007 0.000000
0.172148 -0.049399 0.000000
-0.470076 0.031188 0.000000
0.122175 -0.054692 0.000000
0.131963 -0.053695 0.000000
0.243680 0.039861 0.000000
0.336647 0.026622 0.000000
-0.458693 0.037870 0.000000
-0.092401 0.072922 0.000000
-0.463787 0.035081 0.000000
-0.108080 -0.071228 0.000000
-0.217945 -0.072300 0.000000
-0.031419 0.069119 0.000000
0.218908 0.043131 0.000000
0.440611 0.009952 0.000000
0.317076 -0.031443 0.000000
-0.491351 -0.007426 0.000000
-0.237610 0.075525 0.000000
-0.200334 0.075927 0.000000
-0.134232 0.074725 0.000000
-0.394886 0.059519 0.000000
0.447230 0.008819 0.000000
-0.018236 0.068137 0.000000
0.478706 -0.006909 0.000000
0.324226 0.028480 0.000000
-0.286046 0.073534 0.000000
0.478684 -0.006913 0.000000
0.268783 0.036437 0.000000
0.173831 0.048794 0.000000
0.271415 0.036072 0.000000
0.099952 -0.056883 0.000000
-0.491849 0.004917 0.000000
0.283680 -0.035911 0.000000
-0.076528 -0.069919 0.000000
-0.492407 0.000669 0.000000
0.185681 -0.047883 0.000000
0.068380 -0.059811 0.000000
0.118333 -0.055079 0.000000
0.229549 -0.042735 0.000000
-0.133865 -0.071999 0.000000
0.109720 -0.055933 0.000000
-0.038489 0.069624 0.000000
-0.386422 0.061332 0.000000
0.453272 0.007776 0.000000
-0.214774 0.075873 0.000000
-0.458623 -0.036247 0.000000
0.453220 0.007786 0.000000
-0.465540 0.034053 0.000000
0.506093 -0.001672 0.000000
-0.443174 0.044968 0.000000
-0.269752 -0.070361 0.000000
0.474193 0.004108 0.000000
0.345761 -0.027448 0.000000
-0.429028 -0.046982 0.000000
0.350761 0.024478 0.000000
-0.214505 -0.072369 0.000000
-0.396415 -0.055004 0.000000
0.399595 0.016776 0.000000
-0.210159 -0.072436 0.000000
-0.097824 0.073195 0.000000
-0.322163 0.070697 0.000000
0.187769 0.047083 0.000000
0.218747 -0.044035 0.000000
-0.195723 0.075916 0.000000
-0.178625 -0.072622 0.000000
-0.441086 0.045799 0.000000
0.235879 0.040903 0.000000
0.034288 -0.062711 0.000000
-0.047879 -0.068421 0.000000
-0.163232 0.075524 0.000000
-0.200404 0.075927 0.000000
-0.024844 0.068636 0.000000
-0.046411 -0.068336 0.000000
-0.048329 -0.068447 0.000000
-0.435194 -0.045105 0.000000
0.354674 -0.026177 0.000000
-0.057661 0.070911 0.000000
-0.151059 -0.072353 0.000000
0.246465 -0.040658 0.000000
-0.131506 0.074628 0.000000
0.136623 0.053178 0.000000
0.141755 0.052590 0.000000
0.436987 -0.013733 0.000000
0.191809 -0.047185 0.000000
-0.229958 0.075679 0.000000
-0.045203 0.070088 0.000000
0.007144 -0.064810 0.000000
-0.483644 -0.019862 0.000000
-0.226822 -0.072100 0.000000
0.245134 -0.040823 0.000000
-0.379210 0.062745 0.000000
-0.070575 0.071709 0.000000
0.197591 -0.046520 0.000000
0.064709 0.060841 0.000000
0.124201 0.054581 0.000000
0.183524 -0.048127 0.000000
-0.127978 0.074503 0.000000
0.417726 0.013800 0.000000
-0.305170 0.072202 0.000000
-0.306255 0.072114 0.000000
-0.439866 -0.043579 0.000000
-0.273014 -0.070172 0.000000
0.312003 -0.032134 0.000000
0.278420 0.035093 0.000000
0.278413 0.035094 0.000000
-0.230468 -0.072004 0.000000
-0.396022 0.059263 0.000000
0.329381 -0.029747 0.000000
-0.492009 0.004138 0.000000
0.405080 -0.018711 0.000000
0.034252 -0.062713 0.000000
-0.140841 -0.072158 0.000000
-0.339436 -0.064204 0.000000
-0.376452 -0.058775 0.000000
-0.136501 -0.072063 0.000000
-0.251538 0.075138 0.000000
0.280937 -0.036269 0.000000
0.303995 0.031446 0.000000
-0.262130 -0.070773 0.000000
-0.260634 0.074804 0.000000
-0.126538 0.074448 0.000000
0.450664 -0.011536 0.000000
-0.315328 -0.066866 0.000000
-0.344636 0.068163 0.000000
-0.352164 0.067155 0.000000
0.235461 0.040958 0.000000
0.202443 -0.045957 0.000000
-0.043200 -0.068150 0.000000
-0.215924 0.075865 0.000000
-0.051165 -0.068606 0.000000
-0.271653 0.074320 0.000000
0.504101 -0.002571 0.000000
0.022812 -0.063621 0.000000
-0.109159 -0.071266 0.000000
-0.219667 0.075825 0.000000
-0.143867 -0.072222 0.000000
-0.234642 -0.071882 0.000000
-0.158869 0.075428 0.000000
-0.127820 -0.071843 0.000000
-0.156750 -0.072439 0.000000
0.020948 0.064918 0.000000
-0.336457 -0.064567 0.000000
0.441472 -0.013017 0.000000
0.343997 -0.027698 0.000000
-0.050730 -0.068582 0.000000
0.434776 0.010943 0.000000
0.260357 -0.038914 0.000000
-0.121251 0.074244 0.000000
0.411119 -0.017784 0.000000
0.505019 -0.002411 0.000000
0.009554 0.065898 0.000000
-0.084830 -0.070299 0.000000
0.297907 -0.034031 0.000000
0.259960 -0.038965 0.000000
-0.009285 0.067439 0.000000
-0.094389 -0.070707 0.000000
-0.196917 -0.072583 0.000000
0.022729 0.064761 0.000000
0.472235 -0.007992 0.000000
-0.075396 -0.069866 0.000000
-0.202253 -0.072536 0.000000
0.057507 -0.060767 0.000000
-0.363870 0.065407 0.000000
-0.350327 -0.062788 0.000000
-0.410342 -0.051911 0.000000
0.215666 -0.044402 0.000000
-0.335905 -0.064634 0.000000
-0.468984 -0.030930 0.000000
0.381490 0.019683 0.000000
0.090314 -0.057800 0.000000
0.471344 -0.008140 0.000000
-0.366359 -0.060437 0.000000
-0.020788 0.068330 0.000000
0.434534 -0.014123 0.000000
-0.145051 0.075067 0.000000
0.135823 0.053270 0.000000
-0.409053 0.056080 0.000000
0.303282 -0.033312 0.000000
0.124543 0.054543 0.000000
0.365021 -0.024683 0.000000
-0.123859 -0.071734 0.000000
-0.186593 -0.072627 0.000000
-0.492339 0.001733 0.000000
-0.047690 0.070257 0.000000
0.262140 0.037354 0.000000
0.461952 0.006266 0.000000
0.254537 0.038394 0.000000
0.318479 0.029330 0.000000
0.249304 -0.040305 0.000000
0.232815 -0.042338 0.000000
0.286179 -0.035583 0.000000
-0.152568 -0.072380 0.000000
-0.481671 -0.021797 0.000000
0.443761 0.009414 0.000000
0.376780 0.020430 0.000000
0.392220 -0.020661 0.000000
-0.180491 0.075802 0.000000
0.301984 -0.033487 0.000000
0.127080 0.054258 0.000000
0.284953 -0.035744 0.000000
0.359436 0.023142 0.000000
0.187012 0.047177 0.000000
-0.290082 -0.069035 0.000000
-0.237162 0.075534 0.000000
0.202903 0.045185 0.000000
0.461762 -0.009725 0.000000
0.264177 0.037074 0.000000
0.395210 -0.020210 0.000000
0.493137 -0.004462 0.000000
0.472001 0.004497 0.000000
0.209761 0.044310 0.000000
-0.205001 -0.072506 0.000000
-0.436958 0.047373 0.000000
0.136976 -0.053176 0.000000
0.217258 0.043345 0.000000
0.161886 -0.050526 0.000000
0.425332 -0.015575 0.000000
-0.430135 0.049788 0.000000
0.203313 0.045133 0.000000
0.081402 -0.058630 0.000000
0.448655 -0.011861 0.000000
-0.148822 0.075177 0.000000
0.022527 -0.063643 0.000000
-0.121843 0.074267 0.000000
-0.027083 -0.067163 0.000000
0.119918 0.055057 0.000000
-0.299621 0.072626 0.000000
0.226073 -0.043156 0.000000
0.422897 0.012940 0.000000
0.154245 -0.051352 0.000000
0.276412 -0.036857 0.000000
-0.011505 -0.066134 0.000000
-0.404949 -0.053159 0.000000
0.206675 0.044705 0.000000
0.369629 0.021555 0.000000
0.270399 -0.037633 0.000000
-0.172744 0.075696 0.000000
0.060686 -0.060490 0.000000
-0.060157 0.071070 0.000000
0.399206 -0.019606 0.000000
0.239952 -0.041464 0.000000
0.020947 -0.063766 0.000000
0.388317 -0.021247 0.000000
0.489708 -0.005047 0.000000
-0.435237 -0.045092 0.000000
0.417693 -0.016767 0.000000
-0.216739 0.075859 0.000000
-0.292402 -0.068862 0.000000
0.479629 0.003139 0.000000
-0.186400 -0.072628 0.000000
-0.210401 -0.072432 0.000000
0.042367 0.062982 0.000000
0.079571 0.059351 0.000000
0.185186 0.047403 0.000000
-0.392766 -0.055745 0.000000
0.078899 0.059420 0.000000
-0.486670 0.016016 0.000000
0.235716 -0.041984 0.000000
-0.353783 -0.062310 0.000000
-0.215858 -0.072342 0.000000
0.340070 0.026106 0.000000
0.106437 -0.056254 0.000000
-0.329168 0.069982 0.000000
0.227948 -0.042929 0.000000
0.021532 0.064866 0.000000
