0.233766 0.136174 0.000000
0.959533 -0.007263 0.000000
0.804708 0.052202 0.000000
0.887624 -0.019065 0.000000
0.105683 0.114008 0.000000
0.657097 0.085245 0.000000
0.993005 0.002058 0.000000
0.056278 -0.035255 0.000000
0.316273 -0.063510 0.000000
0.185421 0.132326 0.000000
0.352639 -0.064398 0.000000
0.644462 -0.049783 0.000000
0.091366 0.108540 0.000000
0.053336 -0.034479 0.000000
0.700142 -0.043968 0.000000
0.855667 -0.023890 0.000000
0.383064 -0.064537 0.000000
0.144585 -0.049742 0.000000
0.518366 -0.059881 0.000000
0.443649 0.122052 0.000000
0.455159 -0.063007 0.000000
0.253071 -0.059966 0.000000
0.018728 0.061164 0.000000
0.089145 -0.042056 0.000000
0.138342 -0.049001 0.000000
0.148330 -0.050176 0.000000
0.665889 -0.047635 0.000000
0.934676 0.018634 0.000000
0.869934 0.035901 0.000000
0.179571 -0.053535 0.000000
0.543739 0.106701 0.000000
0.472240 0.118072 0.000000
0.245286 -0.059384 0.000000
0.293750 0.135873 0.000000
0.452296 0.120884 0.000000
0.102226 0.112764 0.000000
0.101880 0.112636 0.000000
0.587761 0.098822 0.000000
0.535839 0.108048 0.000000
0.457565 0.120158 0.000000
0.455415 0.120457 0.000000
0.190523 0.132950 0.000000
0.902775 -0.016689 0.000000
0.330249 -0.063952 0.000000
0.972902 0.007887 0.000000
0.125587 0.120334 0.000000
0.810721 -0.030265 0.000000
0.234086 0.136186 0.000000
0.553401 0.105025 0.000000
0.431680 -0.063766 0.000000
0.669027 -0.047311 0.000000
0.166101 0.129447 0.000000
0.031213 -0.026979 0.000000
0.597416 0.097013 0.000000
0.331852 0.133696 0.000000
0.350797 -0.064374 0.000000
0.376134 -0.064551 0.000000
0.166570 0.129528 0.000000
0.110790 0.115761 0.000000
0.994058 0.001750 0.000000
0.163367 -0.051846 0.000000
0.099072 0.111589 0.000000
0.893609 0.029717 0.000000
0.858788 0.038762 0.000000
0.547730 0.106012 0.000000
0.061353 -0.036510 0.000000
0.370478 0.130466 0.000000
0.686997 0.078989 0.000000
0.311894 0.134979 0.000000
0.308934 -0.063224 0.000000
-0.003168 0.018493 0.000000
0.742358 -0.039069 0.000000
0.063328 0.095080 0.000000
0.596550 -0.054156 0.000000
0.429236 0.123919 0.000000
0.793911 0.054799 0.000000
0.803541 0.052484 0.000000
0.270655 0.136528 0.000000
0.131824 0.122038 0.000000
0.822852 -0.028591 0.000000
0.799478 -0.031786 0.000000
0.545017 -0.058142 0.000000
0.239947 -0.058971 0.000000
0.947363 -0.009357 0.000000
0.655723 0.085527 0.000000
-0.002962 0.010525 0.000000
0.785005 -0.033702 0.000000
0.445587 0.121792 0.000000
0.138650 -0.049039 0.000000
0.849161 -0.024842 0.000000
0.076424 -0.039746 0.000000
0.875742 0.034397 0.000000
0.822674 0.047817 0.000000
0.900631 0.027854 0.000000
0.231949 0.136104 0.000000
0.592039 -0.054535 0.000000
0.778538 0.058448 0.000000
0.389825 0.128513 0.000000
0.664738 0.083669 0.000000
-0.001743 0.026933 0.000000
0.785295 0.056851 0.000000
0.112246 -0.045616 0.000000
0.172988 -0.052862 0.000000
0.236303 -0.058680 0.000000
0.515635 -0.060047 0.000000
0.695237 0.077225 0.000000
0.401665 -0.064378 0.000000
0.874384 -0.021094 0.000000
0.912105 0.024783 0.000000
0.018829 -0.020541 0.000000
0.525213 -0.059457 0.000000
0.502271 0.113527 0.000000
0.004179 -0.007241 0.000000
0.189055 0.132770 0.000000
0.705206 0.075067 0.000000
0.373893 -0.064550 0.000000
0.288175 0.136088 0.000000
0.790042 0.055723 0.000000
0.430868 0.123713 0.000000
0.117947 0.118065 0.000000
0.695756 -0.044454 0.000000
0.199025 0.133856 0.000000
0.968447 0.009162 0.000000
0.059008 -0.035942 0.000000
0.126771 0.120663 0.000000
0.148512 -0.050196 0.000000
0.510867 -0.060328 0.000000
0.530852 0.108888 0.000000
0.280256 0.136332 0.000000
0.845764 0.042065 0.000000
0.826826 -0.028035 0.000000
0.059956 -0.036176 0.000000
0.070406 -0.038530 0.000000
0.767763 -0.035922 0.000000
0.355848 -0.064440 0.000000
0.070276 0.098808 0.000000
0.441994 0.122270 0.000000
0.480423 0.116868 0.000000
0.528502 0.109280 0.000000
0.633881 -0.050800 0.000000
0.743205 0.066619 0.000000
0.259305 -0.060411 0.000000
0.631716 -0.051005 0.000000
0.187145 -0.054290 0.000000
0.668481 0.082891 0.000000
0.516062 -0.060021 0.000000
0.196459 0.133603 0.000000
0.020670 -0.021668 0.000000
0.987099 0.003784 0.000000
0.440734 -0.063503 0.000000
0.395153 -0.064454 0.000000
0.948844 0.014701 0.000000
0.752154 -0.037873 0.000000
0.476209 -0.062133 0.000000
0.331517 -0.063984 0.000000
0.197334 -0.055272 0.000000
0.768726 -0.035800 0.000000
0.335852 0.133406 0.000000
0.826172 -0.028127 0.000000
0.831965 -0.027310 0.000000
0.038075 0.078607 0.000000
0.806539 -0.030834 0.000000
0.715466 0.072821 0.000000
0.590320 -0.054679 0.000000
0.609626 0.094687 0.000000
0.110204 0.115566 0.000000
0.150276 0.126422 0.000000
0.400677 0.127327 0.000000
0.000157 0.032824 0.000000
0.724061 -0.041243 0.000000
0.046229 0.084514 0.000000
0.055184 0.090318 0.000000
0.931310 -0.012057 0.000000
0.067126 -0.037828 0.000000
-0.002699 0.022446 0.000000
0.348137 0.132447 0.000000
0.093749 -0.042822 0.000000
0.572679 0.101590 0.000000
0.039570 -0.030237 0.000000
0.641160 -0.050103 0.000000
0.925167 0.021242 0.000000
0.532480 -0.058989 0.000000
0.169709 -0.052520 0.000000
0.736762 0.068077 0.000000
0.725592 -0.041064 0.000000
0.533126 0.108506 0.000000
0.048028 -0.032975 0.000000
0.514151 -0.060135 0.000000
0.765983 -0.036147 0.000000
0.033091 0.074646 0.000000
0.164044 -0.051919 0.000000
0.575949 0.100996 0.000000
0.206412 0.134533 0.000000
0.493917 -0.061266 0.000000
0.270422 -0.061160 0.000000
0.384951 -0.064529 0.000000
0.765994 -0.036146 0.000000
0.749826 -0.038159 0.000000
0.278714 0.136367 0.000000
0.813353 -0.029904 0.000000
0.522322 -0.059637 0.000000
0.999133 0.000256 0.000000
0.580115 -0.055512 0.000000
0.734986 -0.039954 0.000000
0.197168 0.133675 0.000000
0.762582 -0.036575 0.000000
0.521813 -0.059669 0.000000
0.380535 0.129475 0.000000
0.352113 0.132117 0.000000
0.381753 0.129352 0.000000
0.430298 -0.063804 0.000000
0.325141 0.134159 0.000000
0.091765 -0.042496 0.000000
0.979338 0.006035 0.000000
0.717592 -0.041993 0.000000
0.261321 0.136615 0.000000
0.440550 -0.063509 0.000000
0.206306 -0.056105 0.000000
0.209599 0.134800 0.000000
0.092048 0.108823 0.000000
0.655033 -0.048738 0.000000
0.799283 -0.031812 0.000000
0.496382 -0.061135 0.000000
0.199061 -0.055434 0.000000
0.592796 0.097882 0.000000
0.010329 -0.014103 0.000000
0.804903 0.052155 0.000000
0.255962 -0.060174 0.000000
0.517075 -0.059959 0.000000
0.844163 -0.025567 0.000000
0.974363 0.007468 0.000000
0.356586 0.131735 0.000000
0.685797 0.079244 0.000000
0.929021 -0.012436 0.000000
0.949112 -0.009058 0.000000
0.741171 -0.039212 0.000000
0.068347 0.097802 0.000000
0.087463 0.106901 0.000000
0.163503 0.128998 0.000000
0.787878 0.056238 0.000000
0.389526 -0.064502 0.000000
0.088684 0.107423 0.000000
0.462694 0.119439 0.000000
0.365932 0.130892 0.000000
0.739021 -0.039471 0.000000
0.664454 -0.047782 0.000000
0.930668 0.019736 0.000000
0.365929 0.130892 0.000000
0.962413 -0.006762 0.000000
0.370837 0.130432 0.000000
0.378483 -0.064548 0.000000
0.099896 0.111896 0.000000
0.762467 0.062202 0.000000
0.445733 0.121773 0.000000
0.918826 0.022967 0.000000
0.476230 -0.062132 0.000000
0.374478 0.130078 0.000000
0.952682 -0.008447 0.000000
0.908692 -0.015746 0.000000
0.020736 0.063284 0.000000
-0.003252 0.014068 0.000000
0.113292 0.116590 0.000000
0.501987 -0.060831 0.000000
0.571038 0.101887 0.000000
0.350663 0.132241 0.000000
0.712001 -0.042634 0.000000
0.022105 -0.022494 0.000000
0.463561 0.119316 0.000000
0.386195 -0.064523 0.000000
0.225977 -0.057832 0.000000
0.034401 -0.028298 0.000000
0.050999 0.087685 0.000000
0.448481 0.121404 0.000000
0.814308 -0.029773 0.000000
0.250208 0.136575 0.000000
0.495569 -0.061179 0.000000
0.952642 0.013637 0.000000
0.931947 -0.011951 0.000000
0.468549 0.118604 0.000000
0.524491 0.109946 0.000000
0.873335 0.035021 0.000000
0.682951 0.079849 0.000000
0.203077 0.134248 0.000000
0.213934 0.135118 0.000000
0.521540 0.110432 0.000000
0.263574 0.136605 0.000000
0.146417 -0.049955 0.000000
0.270736 0.136527 0.000000
0.756273 -0.037363 0.000000
0.674829 0.081563 0.000000
0.728130 -0.040766 0.000000
0.839760 0.043573 0.000000
0.076435 -0.039749 0.000000
0.978414 -0.003933 0.000000
0.942964 0.016340 0.000000
0.441759 0.122301 0.000000
0.880924 0.033049 0.000000
0.315179 -0.063468 0.000000
0.237102 -0.058744 0.000000
0.684404 -0.045688 0.000000
0.549386 0.105725 0.000000
0.745928 0.066000 0.000000
0.870031 0.035876 0.000000
0.008840 0.048933 0.000000
0.710133 -0.042846 0.000000
0.912723 0.024616 0.000000
0.492893 0.114985 0.000000
0.435497 0.123119 0.000000
0.061936 -0.036649 0.000000
0.544303 0.106604 0.000000
0.299049 0.135641 0.000000
0.748038 -0.038378 0.000000
0.162765 -0.051781 0.000000
0.309268 0.135130 0.000000
0.273572 -0.061361 0.000000
0.026633 0.069023 0.000000
0.079832 -0.040396 0.000000
0.324466 -0.063784 0.000000
0.770821 0.060258 0.000000
0.115405 -0.046055 0.000000
0.278838 0.136364 0.000000
0.391853 -0.064484 0.000000
0.959931 0.011582 0.000000
0.058717 -0.035870 0.000000
0.405545 -0.064325 0.000000
0.131776 0.122025 0.000000
0.264688 -0.060781 0.000000
0.970477 0.008582 0.000000
0.762020 -0.036646 0.000000
0.786859 -0.033459 0.000000
0.869195 0.036092 0.000000
0.047345 0.085273 0.000000
0.192422 0.133160 0.000000
0.766447 0.061278 0.000000
0.132036 0.122094 0.000000
0.788300 0.056138 0.000000
0.474436 -0.062214 0.000000
0.995130 0.001434 0.000000
0.625850 0.091531 0.000000
0.284336 0.136209 0.000000
0.601290 -0.053750 0.000000
0.413686 -0.064184 0.000000
0.013384 -0.016699 0.000000
0.794046 0.054767 0.000000
0.698292 -0.044174 0.000000
0.882474 0.032644 0.000000
0.389295 0.128570 0.000000
0.903172 -0.016626 0.000000
0.485941 0.116042 0.000000
0.643913 -0.049836 0.000000
0.102089 -0.044133 0.000000
0.559044 -0.057136 0.000000
0.126964 0.120716 0.000000
0.083834 0.105315 0.000000
0.435667 -0.063655 0.000000
0.549400 0.105723 0.000000
0.061646 -0.036580 0.000000
0.854992 -0.023989 0.000000
0.814925 0.049718 0.000000
0.168890 -0.052434 0.000000
0.446594 -0.063312 0.000000
0.113136 0.116538 0.000000
0.893332 0.029790 0.000000
0.335897 -0.064094 0.000000
0.685644 -0.045555 0.000000
0.429766 -0.063819 0.000000
0.599486 0.096622 0.000000
0.801339 -0.031536 0.000000
0.552935 -0.057581 0.000000
0.655589 -0.048682 0.000000
0.136229 -0.048745 0.000000
0.737111 -0.039700 0.000000
0.523284 -0.059577 0.000000
0.495418 -0.061187 0.000000
0.083806 0.105303 0.000000
0.293856 0.135868 0.000000
0.872604 -0.021363 0.000000
0.052439 0.088605 0.000000
0.708386 -0.043044 0.000000
0.724848 -0.041151 0.000000
0.089041 0.107576 0.000000
0.260802 0.136617 0.000000
0.595952 -0.054206 0.000000
0.617824 -0.052289 0.000000
0.531451 0.108787 0.000000
0.658998 0.084854 0.000000
0.404022 0.126948 0.000000
0.369567 0.130552 0.000000
0.759351 0.062923 0.000000
0.137648 0.123530 0.000000
0.594063 0.097644 0.000000
0.906745 0.026222 0.000000
0.579609 -0.055552 0.000000
0.282964 -0.061930 0.000000
0.621699 -0.051936 0.000000
0.303788 -0.063002 0.000000
0.605121 0.095551 0.000000
0.134611 0.122768 0.000000
0.203431 0.134279 0.000000
0.950267 0.014303 0.000000
0.026723 0.069106 0.000000
0.748330 -0.038342 0.000000
0.114926 -0.045988 0.000000
0.066429 -0.037674 0.000000
0.173161 0.130603 0.000000
0.635246 -0.050671 0.000000
0.172298 -0.052790 0.000000
0.147463 -0.050076 0.000000
0.851805 0.040538 0.000000
0.768487 -0.035830 0.000000
0.633056 -0.050878 0.000000
0.047101 0.085106 0.000000
0.047515 -0.032821 0.000000
0.210698 0.134881 0.000000
0.857158 0.039177 0.000000
0.221831 -0.057480 0.000000
0.623644 0.091964 0.000000
0.472092 -0.062318 0.000000
0.734558 -0.040005 0.000000
0.141900 -0.049426 0.000000
0.438866 0.122682 0.000000
-0.002946 0.010408 0.000000
0.282516 0.136265 0.000000
0.358304 -0.064463 0.000000
0.429421 -0.063828 0.000000
0.961724 0.011075 0.000000
0.620580 0.092564 0.000000
0.866558 -0.022273 0.000000
0.016608 0.058817 0.000000
0.421344 0.124902 0.000000
0.679858 0.080504 0.000000
0.295201 0.135816 0.000000
0.969535 -0.005512 0.000000
0.876969 -0.020701 0.000000
-0.002575 0.023165 0.000000
0.305065 -0.063057 0.000000
0.869835 0.035927 0.000000
0.200228 -0.055543 0.000000
0.583061 -0.055274 0.000000
0.640639 0.088588 0.000000
0.602504 0.096049 0.000000
0.995304 -0.000867 0.000000
0.004443 -0.007602 0.000000
0.002366 0.037922 0.000000
0.536222 -0.058741 0.000000
0.245967 0.136506 0.000000
0.885002 0.031982 0.000000
0.236985 0.136289 0.000000
0.186849 -0.054261 0.000000
0.543661 -0.058236 0.000000
0.082641 0.104781 0.000000
0.010051 0.050641 0.000000
0.645481 0.087613 0.000000
0.188127 -0.054386 0.000000
0.426028 -0.063913 0.000000
0.394683 0.127989 0.000000
0.150781 -0.050455 0.000000
0.715408 0.072834 0.000000
0.876698 -0.020742 0.000000
0.392530 -0.064479 0.000000
0.700544 0.076080 0.000000
0.643324 -0.049894 0.000000
0.125306 -0.047375 0.000000
0.000722 0.034247 0.000000
0.380199 -0.064546 0.000000
0.557200 0.104357 0.000000
0.742076 -0.039103 0.000000
0.050739 -0.033760 0.000000
0.656866 -0.048553 0.000000
0.568947 0.102265 0.000000
-0.001001 0.002479 0.000000
0.532445 -0.058991 0.000000
0.248971 0.136555 0.000000
0.046958 -0.032653 0.000000
0.815853 0.049491 0.000000
0.780966 -0.034228 0.000000
0.618134 0.093041 0.000000
0.035040 0.076231 0.000000
0.628407 -0.051316 0.000000
-0.002903 0.021072 0.000000
0.066027 0.096562 0.000000
0.623650 -0.051757 0.000000
0.361374 0.131308 0.000000
0.166537 0.129522 0.000000
0.708346 -0.043049 0.000000
0.973870 0.007610 0.000000
0.492226 -0.061353 0.000000
0.281546 0.136295 0.000000
0.729256 -0.040633 0.000000
0.283471 -0.061958 0.000000
0.213940 0.135118 0.000000
0.778218 -0.034584 0.000000
0.850346 0.040908 0.000000
0.299760 0.135608 0.000000
0.409701 -0.064256 0.000000
0.825751 -0.028185 0.000000
0.355373 -0.064433 0.000000
0.598660 -0.053977 0.000000
0.404408 -0.064340 0.000000
0.557332 0.104334 0.000000
0.662967 -0.047935 0.000000
0.790148 0.055697 0.000000
0.163234 0.128952 0.000000
0.911049 -0.015368 0.000000
0.358522 -0.064465 0.000000
0.184265 0.132178 0.000000
0.661584 0.084321 0.000000
0.758757 -0.037054 0.000000
0.487050 -0.061615 0.000000
0.395808 0.127868 0.000000
0.433271 0.123406 0.000000
0.219899 0.135506 0.000000
0.728469 0.069937 0.000000
0.814964 0.049708 0.000000
0.482865 0.116505 0.000000
0.721644 -0.041524 0.000000
0.190687 0.132970 0.000000
0.685419 -0.045579 0.000000
0.109344 -0.045203 0.000000
0.490524 0.115347 0.000000
0.103111 -0.044287 0.000000
0.530579 0.108934 0.000000
0.200799 -0.055597 0.000000
0.965524 -0.006217 0.000000
0.475628 -0.062159 0.000000
0.075243 -0.039513 0.000000
0.196555 -0.055198 0.000000
0.870105 -0.021740 0.000000
0.489038 -0.061517 0.000000
0.732640 -0.040233 0.000000
0.993066 -0.001278 0.000000
0.837414 0.044160 0.000000
0.725177 -0.041113 0.000000
0.168927 0.129925 0.000000
0.151405 -0.050526 0.000000
0.953799 0.013312 0.000000
0.168169 0.129804 0.000000
0.118806 0.118327 0.000000
0.362859 -0.064505 0.000000
0.414529 -0.064167 0.000000
0.514569 0.111568 0.000000
0.590474 0.098317 0.000000
0.054959 -0.034911 0.000000
0.652697 0.086146 0.000000
0.914491 -0.014813 0.000000
0.678837 -0.046282 0.000000
0.084633 -0.041273 0.000000
0.513030 -0.060201 0.000000
0.231591 -0.058298 0.000000
0.412307 0.125988 0.000000
0.136912 0.123345 0.000000
0.786276 0.056619 0.000000
0.656658 -0.048574 0.000000
0.981054 0.005539 0.000000
0.466285 -0.062567 0.000000
0.191410 -0.054706 0.000000
0.935384 -0.011378 0.000000
0.532171 -0.059009 0.000000
0.371846 0.130333 0.000000
0.151478 0.126676 0.000000
0.958779 -0.007394 0.000000
0.182599 0.131954 0.000000
0.558540 -0.057173 0.000000
0.318624 0.134578 0.000000
0.060470 -0.036299 0.000000
0.366568 -0.064526 0.000000
0.060968 -0.036418 0.000000
0.147044 -0.050028 0.000000
0.783365 -0.033916 0.000000
0.357865 -0.064459 0.000000
0.106090 0.114153 0.000000
0.001658 -0.003305 0.000000
0.283374 -0.061953 0.000000
0.659954 0.084657 0.000000
0.436375 -0.063634 0.000000
0.302042 -0.062922 0.000000
0.839245 0.043702 0.000000
0.022537 0.065108 0.000000
0.044870 -0.032007 0.000000
0.961025 -0.007004 0.000000
0.692272 -0.044836 0.000000
0.022099 -0.022491 0.000000
0.373840 0.130140 0.000000
0.611463 0.094334 0.000000
0.009725 0.050190 0.000000
0.166366 0.129493 0.000000
0.767356 0.061067 0.000000
0.157635 0.127915 0.000000
0.263524 -0.060702 0.000000
0.427119 -0.063886 0.000000
0.008399 0.048289 0.000000
0.694823 -0.044556 0.000000
0.940948 0.016900 0.000000
0.711698 -0.042669 0.000000
0.656027 -0.048638 0.000000
0.867269 0.036588 0.000000
0.439866 -0.063529 0.000000
0.882858 0.032543 0.000000
0.446438 0.121678 0.000000
0.341501 0.132977 0.000000
0.816457 -0.029477 0.000000
0.690860 0.078164 0.000000
0.103360 -0.044324 0.000000
0.473091 0.117948 0.000000
0.062317 -0.036739 0.000000
0.821441 -0.028787 0.000000
0.271693 -0.061241 0.000000
0.737659 0.067874 0.000000
0.568463 0.102352 0.000000
0.945826 0.015544 0.000000
0.316483 0.134713 0.000000
0.756940 -0.037280 0.000000
0.593644 -0.054401 0.000000
0.411565 -0.064225 0.000000
0.961310 -0.006954 0.000000
0.584156 -0.055185 0.000000
0.304417 0.135382 0.000000
0.489699 0.115473 0.000000
0.231009 0.136068 0.000000
0.731806 0.069191 0.000000
0.207543 0.134629 0.000000
0.725641 0.070568 0.000000
0.957236 -0.007661 0.000000
0.358828 -0.064468 0.000000
0.541374 0.107106 0.000000
0.001194 0.035364 0.000000
0.231251 -0.058270 0.000000
0.970846 -0.005280 0.000000
0.730280 0.069533 0.000000
0.779930 -0.034362 0.000000
0.788252 0.056149 0.000000
0.182710 -0.053850 0.000000
0.911622 -0.015275 0.000000
0.976270 -0.004316 0.000000
0.497586 0.114260 0.000000
0.196188 0.133573 0.000000
0.638176 -0.050391 0.000000
0.398302 0.127591 0.000000
0.610636 -0.052934 0.000000
0.919248 -0.014041 0.000000
0.073026 0.100206 0.000000
0.938487 -0.010858 0.000000
0.762790 0.062127 0.000000
0.546955 0.106146 0.000000
0.018978 -0.020633 0.000000
0.245862 0.136505 0.000000
0.312962 -0.063383 0.000000
0.832003 -0.027305 0.000000
0.507162 -0.060541 0.000000
0.244666 -0.059336 0.000000
0.340901 -0.064201 0.000000
0.155820 -0.051021 0.000000
0.876877 -0.020715 0.000000
0.627142 -0.051434 0.000000
0.393963 0.128067 0.000000
0.392860 0.128186 0.000000
0.052825 0.088850 0.000000
0.673545 -0.046840 0.000000
0.269064 -0.061073 0.000000
0.717217 -0.042037 0.000000
0.441011 -0.063494 0.000000
0.525455 -0.059442 0.000000
0.542293 0.106949 0.000000
0.652676 -0.048973 0.000000
0.360867 0.131354 0.000000
0.884533 0.032105 0.000000
0.794727 0.054604 0.000000
0.589187 -0.054773 0.000000
0.244618 0.136484 0.000000
0.219849 -0.057310 0.000000
0.768504 -0.035828 0.000000
0.228870 -0.058074 0.000000
0.703995 -0.043539 0.000000
0.729616 0.069681 0.000000
0.000424 0.033506 0.000000
0.746883 0.065783 0.000000
0.142591 -0.049508 0.000000
0.319114 -0.063608 0.000000
0.343591 -0.064256 0.000000
0.625878 0.091525 0.000000
0.571461 -0.056194 0.000000
0.928520 -0.012519 0.000000
0.649575 0.086782 0.000000
0.795460 -0.032323 0.000000
0.661928 -0.048041 0.000000
0.990357 -0.001774 0.000000
0.389136 0.128586 0.000000
0.204083 0.134334 0.000000
0.304340 0.135386 0.000000
0.663024 0.084023 0.000000
0.028636 -0.025827 0.000000
0.976629 0.006816 0.000000
0.215397 0.135225 0.000000
0.833987 0.045015 0.000000
0.256043 -0.060180 0.000000
0.479396 0.117021 0.000000
0.102460 0.112851 0.000000
0.793711 -0.032555 0.000000
0.099435 0.111725 0.000000
0.332254 0.133667 0.000000
0.947840 -0.009275 0.000000
0.549172 -0.057850 0.000000
0.377898 0.129741 0.000000
0.203699 -0.055866 0.000000
0.424319 -0.063956 0.000000
0.258373 0.136628 0.000000
0.023681 0.066234 0.000000
0.361599 -0.064494 0.000000
0.303494 -0.062990 0.000000
0.422736 -0.063993 0.000000
0.240735 0.136391 0.000000
0.274967 0.136453 0.000000
0.802679 0.052692 0.000000
0.275968 0.136430 0.000000
0.338042 0.133243 0.000000
0.047156 0.085144 0.000000
0.647640 0.087175 0.000000
0.908770 0.025679 0.000000
0.632975 0.090121 0.000000
0.938855 -0.010796 0.000000
0.053044 -0.034399 0.000000
0.245820 -0.059425 0.000000
0.046175 0.084477 0.000000
0.139868 0.124070 0.000000
0.372831 0.130238 0.000000
0.746648 0.065836 0.000000
0.560460 0.103781 0.000000
0.743517 0.066548 0.000000
0.211284 0.134924 0.000000
0.051196 -0.033889 0.000000
0.724218 -0.041225 0.000000
0.673123 0.081921 0.000000
0.115385 0.117258 0.000000
0.002435 -0.004627 0.000000
0.464629 -0.062635 0.000000
0.614408 -0.052597 0.000000
0.977167 -0.004156 0.000000
0.543851 0.106682 0.000000
0.118732 -0.046507 0.000000
0.078430 -0.040131 0.000000
0.305264 0.135338 0.000000
0.242282 0.136434 0.000000
0.487369 0.115827 0.000000
0.607682 -0.053195 0.000000
0.938377 0.017612 0.000000
0.138848 -0.049063 0.000000
0.921112 -0.013737 0.000000
0.797086 0.054038 0.000000
0.328170 -0.063892 0.000000
0.195058 -0.055055 0.000000
0.653118 -0.048929 0.000000
0.529645 -0.059174 0.000000
0.126368 -0.047512 0.000000
0.594448 -0.054334 0.000000
0.735546 0.068350 0.000000
0.627231 0.091258 0.000000
0.281876 -0.061867 0.000000
0.202289 -0.055736 0.000000
0.850361 -0.024667 0.000000
0.875662 0.034418 0.000000
0.870647 0.035717 0.000000
0.486268 -0.061654 0.000000
0.684162 0.079592 0.000000
0.061274 -0.036491 0.000000
0.187291 -0.054304 0.000000
0.058092 -0.035716 0.000000
0.726631 0.070347 0.000000
0.407089 0.126598 0.000000
0.794281 0.054711 0.000000
0.650445 0.086605 0.000000
0.143868 0.125013 0.000000
0.441194 0.122376 0.000000
0.531319 0.108809 0.000000
0.000695 0.034181 0.000000
0.154167 -0.050837 0.000000
0.241676 0.136417 0.000000
0.178838 -0.053461 0.000000
0.061416 0.094002 0.000000
0.786196 -0.033546 0.000000
0.404099 0.126939 0.000000
0.448483 0.121403 0.000000
0.732706 0.068989 0.000000
0.287824 -0.062203 0.000000
0.237944 -0.058811 0.000000
0.107701 0.114709 0.000000
0.835388 0.044666 0.000000
0.587400 -0.054920 0.000000
0.166980 0.129599 0.000000
0.409763 0.126287 0.000000
0.260773 -0.060516 0.000000
0.641580 -0.050063 0.000000
0.458703 -0.062872 0.000000
0.304408 0.135383 0.000000
0.969591 0.008836 0.000000
0.057526 -0.035573 0.000000
0.316396 0.134719 0.000000
0.641155 0.088485 0.000000
0.836035 -0.026732 0.000000
0.349742 -0.064360 0.000000
0.538563 -0.058584 0.000000
0.017773 0.060121 0.000000
0.780364 0.058018 0.000000
0.820334 -0.028941 0.000000
0.867879 -0.022075 0.000000
0.347059 0.132535 0.000000
0.099069 0.111588 0.000000
0.390556 0.128434 0.000000
0.788939 -0.033186 0.000000
0.790933 0.055510 0.000000
0.614321 -0.052605 0.000000
0.534025 -0.058887 0.000000
0.294415 -0.062551 0.000000
0.388484 0.128654 0.000000
0.956463 0.012562 0.000000
0.068406 -0.038105 0.000000
0.734848 0.068507 0.000000
0.015790 0.057879 0.000000
0.707051 0.074665 0.000000
0.770558 -0.035566 0.000000
0.244656 0.136485 0.000000
0.767251 -0.035986 0.000000
0.235742 -0.058635 0.000000
0.758300 0.063166 0.000000
0.453610 0.120704 0.000000
0.444107 -0.063393 0.000000
0.111285 0.115925 0.000000
0.807483 -0.030706 0.000000
0.213737 -0.056775 0.000000
0.950085 -0.008892 0.000000
0.964128 0.010393 0.000000
0.879698 -0.020285 0.000000
0.914451 -0.014819 0.000000
0.780024 0.058098 0.000000
0.548683 -0.057885 0.000000
0.572811 0.101566 0.000000
0.059010 0.092611 0.000000
0.625195 0.091659 0.000000
0.588054 0.098767 0.000000
0.537648 -0.058646 0.000000
0.734697 -0.039988 0.000000
0.732137 0.069116 0.000000
0.520409 0.110618 0.000000
0.763916 0.061866 0.000000
0.891686 0.030225 0.000000
0.459165 -0.062854 0.000000
0.522189 0.110325 0.000000
0.397030 -0.064434 0.000000
0.357605 -0.064457 0.000000
0.650125 0.086670 0.000000
0.332120 0.133677 0.000000
0.376500 -0.064551 0.000000
0.811450 -0.030165 0.000000
0.783502 0.057276 0.000000
0.332085 0.133679 0.000000
0.649698 0.086758 0.000000
0.270405 -0.061159 0.000000
0.935303 -0.011392 0.000000
0.151694 -0.050559 0.000000
0.573149 0.101505 0.000000
0.228510 -0.058044 0.000000
0.090975 0.108379 0.000000
0.820270 -0.028950 0.000000
0.082768 -0.040937 0.000000
0.469606 -0.062426 0.000000
0.572773 0.101573 0.000000
0.526063 -0.059403 0.000000
0.579918 0.100270 0.000000
0.547946 -0.057937 0.000000
0.928535 -0.012517 0.000000
0.511111 -0.060314 0.000000
0.187040 0.132524 0.000000
0.900703 -0.017018 0.000000
0.247812 0.136536 0.000000
0.756578 -0.037325 0.000000
0.891354 -0.018485 0.000000
0.511300 0.112094 0.000000
0.478172 0.117203 0.000000
-0.002948 0.020717 0.000000
0.821475 -0.028782 0.000000
0.154134 -0.050833 0.000000
0.739820 0.067386 0.000000
0.989649 -0.001903 0.000000
0.428151 0.124056 0.000000
0.643020 0.088109 0.000000
0.836131 -0.026719 0.000000
0.507112 0.112762 0.000000
0.608569 -0.053116 0.000000
0.727652 -0.040822 0.000000
0.111302 -0.045481 0.000000
0.965234 0.010078 0.000000
0.654220 -0.048819 0.000000
0.621459 0.092393 0.000000
0.064208 -0.037176 0.000000
0.798928 0.053596 0.000000
0.102738 0.112951 0.000000
0.963220 -0.006621 0.000000
0.505994 0.112940 0.000000
0.789955 0.055744 0.000000
0.085602 0.106097 0.000000
0.970545 -0.005333 0.000000
0.646672 0.087371 0.000000
0.383772 -0.064534 0.000000
0.042303 -0.031173 0.000000
0.952616 0.013644 0.000000
0.435683 0.123095 0.000000
0.405023 -0.064332 0.000000
0.684748 0.079467 0.000000
0.809952 0.050930 0.000000
0.036551 -0.029134 0.000000
0.640930 -0.050126 0.000000
0.874984 0.034594 0.000000
0.888816 0.030981 0.000000
0.523440 -0.059568 0.000000
0.977597 0.006537 0.000000
0.572287 -0.056131 0.000000
0.853315 -0.024235 0.000000
0.362426 0.131214 0.000000
0.682448 -0.045898 0.000000
0.034965 0.076171 0.000000
0.439648 -0.063536 0.000000
0.038903 -0.029998 0.000000
0.297158 -0.062690 0.000000
0.337097 -0.064122 0.000000
0.401491 -0.064380 0.000000
0.436666 -0.063625 0.000000
0.931530 -0.012020 0.000000
0.747896 -0.038395 0.000000
0.260943 -0.060527 0.000000
0.365266 0.130954 0.000000
0.219509 -0.057280 0.000000
0.844258 -0.025553 0.000000
0.628804 0.090947 0.000000
0.061708 -0.036594 0.000000
0.031495 0.073311 0.000000
0.386850 -0.064520 0.000000
0.959201 0.011789 0.000000
0.395636 -0.064449 0.000000
0.519031 -0.059841 0.000000
0.213072 0.135055 0.000000
0.229667 0.136017 0.000000
0.160102 -0.051492 0.000000
0.311040 -0.063309 0.000000
0.504006 0.113255 0.000000
0.046459 -0.032503 0.000000
0.647536 0.087196 0.000000
0.195807 -0.055127 0.000000
0.641628 -0.050058 0.000000
0.146651 -0.049982 0.000000
0.821468 0.048114 0.000000
0.635370 -0.050659 0.000000
0.769440 -0.035709 0.000000
0.860677 0.038279 0.000000
0.185024 0.132278 0.000000
0.677840 0.080929 0.000000
0.301894 0.135511 0.000000
0.749689 -0.038175 0.000000
0.396792 -0.064436 0.000000
0.902812 -0.016683 0.000000
0.095610 -0.043123 0.000000
0.251195 0.136588 0.000000
0.361659 0.131283 0.000000
0.994014 0.001762 0.000000
0.950105 0.014348 0.000000
0.742015 -0.039110 0.000000
0.023951 -0.023506 0.000000
0.927868 -0.012627 0.000000
0.634207 0.089876 0.000000
0.458247 -0.062890 0.000000
0.282083 0.136279 0.000000
0.438080 -0.063583 0.000000
0.646680 -0.049566 0.000000
0.037317 0.078024 0.000000
0.354693 0.131897 0.000000
0.018537 -0.020354 0.000000
0.476115 0.117505 0.000000
0.015307 -0.018156 0.000000
0.050559 -0.033710 0.000000
0.703052 -0.043644 0.000000
0.121962 -0.046938 0.000000
0.063350 0.095092 0.000000
0.457594 0.120154 0.000000
0.701254 0.075926 0.000000
0.439840 -0.063530 0.000000
0.933461 -0.011699 0.000000
0.250082 -0.059744 0.000000
0.236473 0.136275 0.000000
-0.002921 0.020932 0.000000
0.980086 -0.003633 0.000000
0.422751 0.124728 0.000000
0.966073 -0.006121 0.000000
0.796551 -0.032177 0.000000
0.702694 0.075613 0.000000
0.424686 0.124489 0.000000
0.634041 0.089909 0.000000
0.480795 0.116813 0.000000
0.675732 0.081373 0.000000
0.836988 0.044267 0.000000
0.617591 -0.052310 0.000000
0.236409 -0.058688 0.000000
0.687975 -0.045303 0.000000
0.647665 0.087170 0.000000
0.519805 0.110717 0.000000
0.962934 -0.006671 0.000000
0.434248 -0.063696 0.000000
0.820348 0.048389 0.000000
0.283768 0.136226 0.000000
0.541743 -0.058368 0.000000
-0.003004 0.020250 0.000000
0.030255 -0.026558 0.000000
0.213497 0.135086 0.000000
0.010599 0.051391 0.000000
0.692940 0.077718 0.000000
0.001903 -0.003734 0.000000
0.414775 0.125696 0.000000
0.214745 -0.056864 0.000000
0.595683 0.097341 0.000000
0.352398 0.132093 0.000000
0.974692 -0.004598 0.000000
0.487312 0.115835 0.000000
0.756213 0.063646 0.000000
0.794939 -0.032392 0.000000
0.703020 -0.043648 0.000000
0.253043 -0.059964 0.000000
0.027932 -0.025497 0.000000
0.115839 -0.046115 0.000000
0.889863 0.030705 0.000000
0.457326 0.120191 0.000000
0.874179 -0.021125 0.000000
0.780188 -0.034329 0.000000
0.279778 0.136343 0.000000
0.081213 0.104130 0.000000
0.221888 0.135628 0.000000
0.373872 0.130137 0.000000
0.909112 0.025587 0.000000
0.590787 -0.054640 0.000000
0.388392 -0.064510 0.000000
0.927055 -0.012761 0.000000
0.412481 0.125967 0.000000
0.337910 0.133253 0.000000
0.013909 -0.017110 0.000000
0.173215 -0.052885 0.000000
0.563276 0.103280 0.000000
0.792762 -0.032681 0.000000
0.904490 0.026825 0.000000
0.157853 -0.051246 0.000000
0.394663 0.127991 0.000000
0.550773 -0.057736 0.000000
0.382683 -0.064539 0.000000
0.145385 -0.049835 0.000000
0.367015 -0.064528 0.000000
0.302774 -0.062957 0.000000
0.341504 0.132976 0.000000
0.965588 0.009977 0.000000
0.701131 0.075953 0.000000
0.639452 -0.050268 0.000000
0.865886 0.036944 0.000000
0.169498 -0.052498 0.000000
0.824786 0.047296 0.000000
0.384609 -0.064530 0.000000
0.105474 0.113933 0.000000
0.116543 0.117626 0.000000
0.308274 0.135182 0.000000
0.122295 -0.046982 0.000000
0.867618 -0.022114 0.000000
0.324923 0.134174 0.000000
0.655401 -0.048701 0.000000
0.416341 0.125508 0.000000
0.778096 -0.034599 0.000000
0.215362 0.135223 0.000000
0.463918 0.119265 0.000000
0.171437 -0.052701 0.000000
0.978632 -0.003894 0.000000
0.300139 0.135591 0.000000
0.932283 0.019293 0.000000
0.496614 0.114410 0.000000
0.471182 0.118225 0.000000
0.495143 -0.061202 0.000000
0.018423 -0.020281 0.000000
0.366722 -0.064527 0.000000
0.715541 0.072805 0.000000
0.054791 -0.034867 0.000000
0.720761 0.071652 0.000000
0.388184 0.128686 0.000000
0.642307 -0.049992 0.000000
0.914925 0.024022 0.000000
0.093280 0.109320 0.000000
-0.001376 0.003558 0.000000
0.830446 0.045896 0.000000
0.203451 0.134280 0.000000
0.853711 0.040055 0.000000
0.024831 -0.023968 0.000000
0.007557 0.047030 0.000000
0.636338 0.089450 0.000000
0.215239 -0.056908 0.000000
0.026914 0.069282 0.000000
0.503978 0.113259 0.000000
0.316976 0.134682 0.000000
0.641879 0.088339 0.000000
0.914771 0.024064 0.000000
0.429539 -0.063825 0.000000
0.313554 0.134883 0.000000
0.681602 -0.045988 0.000000
0.403714 -0.064350 0.000000
0.668440 -0.047372 0.000000
0.830710 -0.027488 0.000000
0.821680 0.048062 0.000000
0.120212 -0.046706 0.000000
0.083058 0.104971 0.000000
-0.002895 0.021133 0.000000
0.121326 0.119094 0.000000
0.589675 0.098465 0.000000
0.049235 0.086535 0.000000
0.059610 0.092963 0.000000
0.713028 0.073357 0.000000
0.391172 0.128368 0.000000
0.070893 0.099125 0.000000
0.548627 -0.057889 0.000000
0.582791 0.099742 0.000000
0.740144 0.067313 0.000000
0.203949 -0.055889 0.000000
0.873683 -0.021200 0.000000
0.210977 0.134901 0.000000
0.969934 0.008737 0.000000
0.431330 -0.063776 0.000000
0.245104 0.136492 0.000000
0.303395 -0.062985 0.000000
0.902039 -0.016806 0.000000
0.246598 0.136517 0.000000
0.371412 -0.064544 0.000000
-0.001310 0.003360 0.000000
0.901314 0.027673 0.000000
0.895400 0.029243 0.000000
0.604770 -0.053449 0.000000
0.955250 0.012903 0.000000
0.402998 -0.064360 0.000000
0.425706 -0.063921 0.000000
0.546089 -0.058067 0.000000
0.158213 0.128024 0.000000
0.430678 -0.063794 0.000000
0.478891 -0.062010 0.000000
0.237362 -0.058765 0.000000
0.884816 0.032031 0.000000
0.449811 0.121225 0.000000
0.397395 -0.064430 0.000000
0.681883 -0.045958 0.000000
0.020748 0.063297 0.000000
0.528788 0.109232 0.000000
0.230166 -0.058181 0.000000
0.679095 0.080665 0.000000
0.342952 0.132865 0.000000
0.374333 -0.064551 0.000000
0.344922 -0.064279 0.000000
0.479036 0.117074 0.000000
0.661852 0.084266 0.000000
0.209086 -0.056359 0.000000
0.252055 0.136592 0.000000
0.713697 0.073210 0.000000
0.083885 -0.041138 0.000000
0.520043 0.110678 0.000000
0.238645 0.136335 0.000000
0.468344 0.118634 0.000000
0.891545 -0.018456 0.000000
0.332170 0.133673 0.000000
0.978391 0.006308 0.000000
0.769242 0.060627 0.000000
0.443468 -0.063414 0.000000
0.036360 -0.029061 0.000000
0.473593 -0.062252 0.000000
0.247958 -0.059587 0.000000
0.138636 0.123777 0.000000
0.261693 0.136613 0.000000
0.931224 -0.012071 0.000000
0.758837 0.063041 0.000000
0.769572 -0.035692 0.000000
0.768335 -0.035849 0.000000
0.173432 0.130646 0.000000
0.337395 -0.064128 0.000000
0.386779 -0.064520 0.000000
0.505020 -0.060664 0.000000
0.163409 0.128982 0.000000
0.854074 -0.024124 0.000000
0.144957 0.125257 0.000000
0.882587 -0.019842 0.000000
0.594232 0.097613 0.000000
0.750060 -0.038130 0.000000
0.471526 0.118175 0.000000
0.539009 0.107510 0.000000
0.308211 -0.063193 0.000000
0.982184 -0.003256 0.000000
0.851774 0.040546 0.000000
0.424114 0.124560 0.000000
0.378219 -0.064549 0.000000
0.661891 -0.048045 0.000000
0.848404 0.041399 0.000000
0.989065 0.003211 0.000000
0.748174 -0.038361 0.000000
0.183319 -0.053911 0.000000
0.434129 0.123296 0.000000
0.463006 -0.062703 0.000000
0.508251 -0.060479 0.000000
0.533076 0.108514 0.000000
0.960268 0.011487 0.000000
0.127901 -0.047708 0.000000
-0.000130 0.000297 0.000000
0.184501 0.132210 0.000000
0.833740 -0.027059 0.000000
0.018745 0.061183 0.000000
0.070045 0.098690 0.000000
0.407701 0.126528 0.000000
0.045108 0.083739 0.000000
0.420764 -0.064037 0.000000
0.439403 -0.063543 0.000000
0.894934 -0.017926 0.000000
0.454037 -0.063048 0.000000
0.563269 0.103282 0.000000
0.481008 0.116781 0.000000
0.368709 0.130633 0.000000
0.245632 0.136501 0.000000
0.847538 -0.025078 0.000000
0.253110 0.136598 0.000000
0.761598 -0.036699 0.000000
0.351942 0.132132 0.000000
0.887726 -0.019049 0.000000
0.575348 -0.055890 0.000000
0.283568 0.136233 0.000000
0.784914 0.056942 0.000000
0.789523 -0.033109 0.000000
0.685971 -0.045519 0.000000
0.516705 -0.059982 0.000000
0.479805 -0.061967 0.000000
0.882529 0.032629 0.000000
0.974060 -0.004710 0.000000
0.643686 -0.049859 0.000000
0.297244 -0.062694 0.000000
0.514604 -0.060108 0.000000
0.107025 -0.044867 0.000000
0.574387 0.101280 0.000000
0.431806 -0.063763 0.000000
0.801572 0.052959 0.000000
0.899967 -0.017134 0.000000
0.381797 0.129348 0.000000
0.166075 -0.052137 0.000000
0.600658 -0.053805 0.000000
0.392819 0.128190 0.000000
0.707413 0.074587 0.000000
0.069847 0.098588 0.000000
0.256340 0.136617 0.000000
0.614321 0.093781 0.000000
0.041810 0.081393 0.000000
0.403517 -0.064352 0.000000
0.526189 0.109665 0.000000
0.314694 0.134817 0.000000
0.649830 0.086731 0.000000
0.768516 -0.035826 0.000000
0.864434 -0.022591 0.000000
0.107264 -0.044901 0.000000
0.463699 0.119296 0.000000
0.636226 0.089472 0.000000
0.027514 0.069827 0.000000
0.654588 0.085759 0.000000
0.788740 0.056033 0.000000
0.484258 -0.061754 0.000000
0.221261 0.135589 0.000000
0.568982 0.102258 0.000000
0.603447 -0.053564 0.000000
0.012232 -0.015767 0.000000
0.534271 0.108313 0.000000
0.083815 0.105307 0.000000
0.887983 0.031200 0.000000
0.414602 0.125717 0.000000
0.373541 0.130169 0.000000
0.643782 -0.049849 0.000000
0.390600 -0.064493 0.000000
0.892856 -0.018251 0.000000
0.981772 -0.003330 0.000000
0.094379 -0.042924 0.000000
0.993585 0.001888 0.000000
0.897974 -0.017448 0.000000
0.113538 0.116671 0.000000
0.908629 0.025717 0.000000
0.236103 0.136264 0.000000
0.346896 0.132548 0.000000
0.964398 0.010316 0.000000
0.938138 0.017678 0.000000
0.475034 -0.062186 0.000000
0.394711 0.127986 0.000000
0.577235 -0.055741 0.000000
0.761563 0.062411 0.000000
0.627378 -0.051412 0.000000
0.423163 0.124677 0.000000
0.328824 -0.063911 0.000000
0.769354 -0.035720 0.000000
0.199978 0.133949 0.000000
0.644522 -0.049777 0.000000
0.925462 -0.013023 0.000000
0.772275 -0.035347 0.000000
0.151917 0.126769 0.000000
0.179322 0.131513 0.000000
0.992837 0.002107 0.000000
0.116938 0.117752 0.000000
0.358946 -0.064469 0.000000
0.084619 -0.041271 0.000000
0.145749 0.125435 0.000000
0.474482 0.117744 0.000000
0.122046 0.119305 0.000000
0.641136 -0.050106 0.000000
0.392030 -0.064483 0.000000
0.359200 0.131503 0.000000
0.232918 -0.058408 0.000000
0.997237 0.000815 0.000000
0.014555 0.056423 0.000000
0.015446 0.057479 0.000000
0.480321 -0.061942 0.000000
0.858218 0.038907 0.000000
0.303466 -0.062988 0.000000
0.339855 0.133103 0.000000
0.881042 0.033018 0.000000
0.490648 0.115328 0.000000
0.625128 0.091672 0.000000
0.178457 -0.053422 0.000000
0.970668 -0.005311 0.000000
0.759054 -0.037017 0.000000
0.534290 0.108310 0.000000
0.138812 0.123819 0.000000
0.168230 0.129814 0.000000
0.199470 0.133899 0.000000
0.012864 0.054347 0.000000
0.212656 0.135024 0.000000
0.563185 -0.056827 0.000000
0.164924 -0.052013 0.000000
0.602892 -0.053613 0.000000
-0.000358 0.000832 0.000000
0.512480 -0.060233 0.000000
0.324175 -0.063775 0.000000
0.307560 0.135219 0.000000
0.065209 0.096119 0.000000
0.329390 0.133871 0.000000
0.234148 0.136189 0.000000
0.675937 -0.046589 0.000000
0.838309 0.043937 0.000000
0.121775 0.119225 0.000000
0.686069 -0.045509 0.000000
0.720176 0.071781 0.000000
0.918773 0.022981 0.000000
0.348157 0.132445 0.000000
0.579017 -0.055599 0.000000
0.728851 -0.040681 0.000000
0.046024 0.084374 0.000000
0.150815 -0.050459 0.000000
0.785526 0.056797 0.000000
0.232546 -0.058377 0.000000
0.586410 -0.055001 0.000000
0.119491 -0.046610 0.000000
0.516222 -0.060011 0.000000
0.454384 0.120599 0.000000
0.566321 0.102736 0.000000
0.249819 0.136569 0.000000
0.048906 0.086316 0.000000
0.070163 0.098750 0.000000
0.454273 0.120614 0.000000
0.710960 -0.042753 0.000000
0.890508 0.030535 0.000000
0.121100 0.119025 0.000000
0.414416 0.125740 0.000000
0.833144 0.045225 0.000000
0.054192 0.089706 0.000000
0.816387 0.049360 0.000000
0.743571 0.066536 0.000000
0.687436 -0.045362 0.000000
0.849071 -0.024855 0.000000
0.099147 0.111617 0.000000
0.330383 0.133802 0.000000
0.239097 -0.058903 0.000000
0.678693 0.080750 0.000000
0.096813 0.110718 0.000000
0.563849 -0.056777 0.000000
0.722235 -0.041456 0.000000
0.178181 -0.053394 0.000000
0.188474 -0.054420 0.000000
0.503955 0.113263 0.000000
0.246386 -0.059469 0.000000
0.449518 -0.063210 0.000000
0.162869 -0.051792 0.000000
0.721817 -0.041504 0.000000
0.963590 -0.006556 0.000000
0.210265 0.134849 0.000000
0.316374 0.134720 0.000000
0.083548 -0.041078 0.000000
0.851019 0.040737 0.000000
0.202106 0.134156 0.000000
-0.002627 0.008407 0.000000
0.795290 0.054469 0.000000
0.361635 0.131285 0.000000
0.179356 0.131517 0.000000
0.622240 -0.051886 0.000000
0.512452 -0.060235 0.000000
0.409760 0.126287 0.000000
0.021589 -0.022203 0.000000
0.177347 -0.053310 0.000000
0.939643 -0.010664 0.000000
0.324632 -0.063789 0.000000
0.420074 0.125058 0.000000
0.900452 -0.017057 0.000000
0.695111 -0.044525 0.000000
0.534916 -0.058829 0.000000
0.554282 0.104871 0.000000
0.316652 -0.063524 0.000000
0.984441 -0.002849 0.000000
0.354810 0.131887 0.000000
0.662544 -0.047978 0.000000
0.945703 -0.009639 0.000000
0.960514 -0.007093 0.000000
0.370865 0.130429 0.000000
0.773201 -0.035229 0.000000
0.708993 0.074241 0.000000
0.652583 -0.048982 0.000000
0.623505 -0.051771 0.000000
0.651484 -0.049092 0.000000
0.144835 -0.049771 0.000000
0.272215 0.136506 0.000000
0.082923 0.104909 0.000000
0.722002 -0.041483 0.000000
0.506208 0.112906 0.000000
0.240519 -0.059016 0.000000
0.722422 0.071284 0.000000
0.751372 -0.037969 0.000000
0.524058 0.110017 0.000000
0.671940 0.082168 0.000000
0.526771 0.109568 0.000000
0.005210 0.043249 0.000000
0.048148 -0.033011 0.000000
0.926870 0.020777 0.000000
0.362612 0.131198 0.000000
0.636142 0.089489 0.000000
0.611477 0.094331 0.000000
0.828998 0.046255 0.000000
0.372354 -0.064546 0.000000
0.249688 0.136567 0.000000
0.128902 0.121254 0.000000
0.433716 0.123349 0.000000
0.987667 0.003618 0.000000
0.171608 0.130354 0.000000
0.856410 -0.023780 0.000000
0.005684 0.044048 0.000000
0.524919 -0.059476 0.000000
0.000973 0.034847 0.000000
0.584629 -0.055147 0.000000
-0.001489 0.027870 0.000000
0.940386 -0.010539 0.000000
0.668981 -0.047316 0.000000
0.053493 -0.034522 0.000000
-0.002864 0.021359 0.000000
0.858942 0.038723 0.000000
0.429941 0.123830 0.000000
0.280523 0.136326 0.000000
0.375262 0.130001 0.000000
0.025668 0.068128 0.000000
0.853612 0.040080 0.000000
0.081389 -0.040685 0.000000
0.656109 0.085448 0.000000
0.979632 0.005950 0.000000
0.648216 0.087058 0.000000
0.424348 -0.063955 0.000000
0.027254 -0.025176 0.000000
0.533237 -0.058939 0.000000
0.616726 0.093315 0.000000
0.974770 0.007351 0.000000
0.242790 0.136447 0.000000
0.218736 0.135434 0.000000
0.885141 -0.019448 0.000000
0.605739 0.095433 0.000000
0.002130 -0.004122 0.000000
0.864544 0.037288 0.000000
0.315518 -0.063481 0.000000
0.909504 0.025482 0.000000
0.252178 -0.059900 0.000000
0.929739 -0.012317 0.000000
0.952551 -0.008469 0.000000
0.619506 0.092774 0.000000
0.629786 0.090754 0.000000
0.343211 -0.064250 0.000000
0.784754 0.056980 0.000000
0.669589 0.082659 0.000000
0.031935 0.073684 0.000000
0.701435 -0.043825 0.000000
0.951318 -0.008681 0.000000
0.048519 -0.033120 0.000000
0.000939 -0.001963 0.000000
0.264753 0.136600 0.000000
0.035197 0.076355 0.000000
0.052264 -0.034187 0.000000
0.093883 -0.042844 0.000000
0.327475 -0.063872 0.000000
0.277262 0.136400 0.000000
0.872017 -0.021452 0.000000
0.055075 0.090250 0.000000
0.651400 0.086410 0.000000
0.735220 -0.039926 0.000000
0.183356 0.132056 0.000000
0.105270 -0.044609 0.000000
0.034566 -0.028364 0.000000
0.836749 0.044327 0.000000
0.958095 0.012101 0.000000
0.719254 0.071985 0.000000
0.510619 0.112203 0.000000
0.661668 -0.048067 0.000000
0.105505 0.113944 0.000000
0.164007 0.129085 0.000000
0.460965 -0.062783 0.000000
0.197078 0.133666 0.000000
0.690470 0.078248 0.000000
0.064875 0.095938 0.000000
0.261930 0.136612 0.000000
0.941655 0.016704 0.000000
0.005372 0.043523 0.000000
0.980051 0.005829 0.000000
0.753332 -0.037727 0.000000
0.256720 0.136619 0.000000
0.248894 -0.059656 0.000000
0.901524 -0.016888 0.000000
0.007727 -0.011530 0.000000
0.627200 0.091264 0.000000
0.211125 0.134912 0.000000
0.440155 0.122513 0.000000
0.626341 -0.051508 0.000000
0.077625 0.102456 0.000000
0.503490 0.113336 0.000000
0.234213 0.136191 0.000000
0.284162 0.136214 0.000000
0.148573 -0.050204 0.000000
0.411967 0.126028 0.000000
0.753296 -0.037732 0.000000
0.260750 -0.060514 0.000000
0.566498 0.102704 0.000000
0.844530 0.042376 0.000000
0.907362 -0.015959 0.000000
0.897915 -0.017458 0.000000
0.172486 -0.052810 0.000000
0.258846 -0.060379 0.000000
0.479937 -0.061960 0.000000
0.007334 -0.011107 0.000000
0.700740 -0.043902 0.000000
0.432968 -0.063731 0.000000
0.785440 0.056817 0.000000
0.454255 0.120616 0.000000
0.201121 0.134060 0.000000
0.707124 -0.043187 0.000000
0.315949 -0.063497 0.000000
0.638873 0.088943 0.000000
0.683556 0.079721 0.000000
0.021049 0.063605 0.000000
0.927333 0.020650 0.000000
0.108278 -0.045049 0.000000
0.845428 0.042150 0.000000
0.172571 -0.052818 0.000000
0.060956 0.093739 0.000000
0.878871 -0.020411 0.000000
0.512024 -0.060260 0.000000
0.176925 -0.053267 0.000000
0.109641 -0.045246 0.000000
0.355424 0.131834 0.000000
0.775690 -0.034909 0.000000
0.540352 0.107282 0.000000
0.686566 0.079081 0.000000
0.465032 0.119107 0.000000
0.320710 -0.063662 0.000000
0.249070 0.136557 0.000000
0.399798 0.127424 0.000000
0.398164 -0.064421 0.000000
0.399741 -0.064404 0.000000
0.991709 -0.001527 0.000000
0.518005 -0.059903 0.000000
0.146141 -0.049923 0.000000
0.813336 -0.029907 0.000000
0.243505 -0.059246 0.000000
0.697524 -0.044259 0.000000
0.177849 -0.053360 0.000000
0.570473 -0.056271 0.000000
0.230680 -0.058223 0.000000
0.472005 0.118106 0.000000
0.559819 0.103895 0.000000
0.946926 0.015237 0.000000
0.045601 0.084082 0.000000
0.958805 -0.007390 0.000000
0.901339 -0.016917 0.000000
0.586540 0.099049 0.000000
0.854373 -0.024080 0.000000
0.643797 0.087952 0.000000
0.262367 0.136610 0.000000
0.254250 -0.060052 0.000000
0.147714 -0.050106 0.000000
0.582852 0.099731 0.000000
0.962145 -0.006808 0.000000
0.051567 0.088053 0.000000
0.427826 0.124097 0.000000
-0.003223 0.013411 0.000000
0.564074 -0.056760 0.000000
0.376821 0.129849 0.000000
0.387207 0.128788 0.000000
0.947530 0.015068 0.000000
0.818566 0.048827 0.000000
0.571710 -0.056175 0.000000
0.927291 0.020662 0.000000
0.368567 0.130646 0.000000
0.492867 0.114989 0.000000
0.439193 0.122639 0.000000
0.990014 0.002934 0.000000
0.195623 0.133511 0.000000
0.909523 0.025477 0.000000
0.517061 -0.059960 0.000000
0.582714 -0.055302 0.000000
0.314328 0.134838 0.000000
0.593090 -0.054447 0.000000
0.753039 -0.037763 0.000000
0.301607 0.135524 0.000000
0.171122 0.130277 0.000000
0.202660 0.134210 0.000000
0.025609 0.068073 0.000000
0.985410 0.004275 0.000000
0.193437 -0.054900 0.000000
0.393454 0.128122 0.000000
0.291216 0.135970 0.000000
0.436854 -0.063619 0.000000
0.210185 0.134843 0.000000
0.063910 0.095404 0.000000
0.837976 -0.026455 0.000000
0.953470 -0.008311 0.000000
0.434854 0.123202 0.000000
0.871717 -0.021497 0.000000
0.508159 -0.060484 0.000000
0.534950 -0.058827 0.000000
0.401725 -0.064377 0.000000
0.184030 0.132147 0.000000
0.815001 0.049699 0.000000
0.298990 -0.062777 0.000000
0.613585 0.093924 0.000000
0.035288 -0.028650 0.000000
0.575969 -0.055841 0.000000
0.208903 -0.056342 0.000000
0.308915 0.135149 0.000000
0.866367 -0.022302 0.000000
0.990506 -0.001747 0.000000
0.281919 0.136284 0.000000
0.350759 -0.064373 0.000000
0.634528 0.089811 0.000000
0.646868 0.087332 0.000000
0.684111 0.079603 0.000000
0.840487 0.043391 0.000000
0.253571 -0.060004 0.000000
0.393466 -0.064472 0.000000
0.769840 0.060488 0.000000
0.173042 -0.052867 0.000000
0.021788 -0.022316 0.000000
0.310270 -0.063280 0.000000
0.583429 0.099624 0.000000
0.181678 0.131830 0.000000
0.547793 -0.057947 0.000000
0.366238 0.130863 0.000000
0.987713 0.003605 0.000000
0.237439 -0.058771 0.000000
0.128911 0.121257 0.000000
0.600322 -0.053834 0.000000
0.015405 0.057430 0.000000
0.212200 0.134991 0.000000
0.051064 0.087727 0.000000
0.740980 -0.039235 0.000000
0.245677 -0.059414 0.000000
0.465203 0.119083 0.000000
0.531087 0.108848 0.000000
0.266707 0.136583 0.000000
0.628497 0.091008 0.000000
0.106786 -0.044832 0.000000
0.296648 -0.062665 0.000000
0.685968 0.079208 0.000000
0.302632 -0.062950 0.000000
0.615505 -0.052499 0.000000
0.718345 0.072186 0.000000
0.619768 0.092722 0.000000
0.980474 0.005707 0.000000
0.737481 -0.039656 0.000000
0.437199 -0.063609 0.000000
0.325208 0.134154 0.000000
0.591478 -0.054582 0.000000
0.868131 0.036366 0.000000
0.410743 0.126172 0.000000
0.754301 -0.037608 0.000000
0.894386 0.029512 0.000000
0.537974 -0.058624 0.000000
0.128200 0.121060 0.000000
0.837026 -0.026591 0.000000
0.726640 0.070346 0.000000
0.835667 -0.026785 0.000000
0.435556 0.123112 0.000000
0.259060 -0.060394 0.000000
0.545113 -0.058135 0.000000
0.791959 0.055266 0.000000
0.308078 0.135192 0.000000
0.745834 -0.038647 0.000000
-0.000607 0.001444 0.000000
0.591633 0.098100 0.000000
0.225668 -0.057806 0.000000
0.076161 0.101750 0.000000
0.222616 0.135670 0.000000
0.927300 -0.012721 0.000000
0.304236 0.135392 0.000000
0.833943 -0.027030 0.000000
0.663726 0.083878 0.000000
0.089557 -0.042126 0.000000
0.588648 -0.054817 0.000000
0.159965 0.128349 0.000000
0.346247 0.132601 0.000000
0.657546 0.085153 0.000000
0.965933 0.009879 0.000000
0.933358 0.018997 0.000000
0.176036 -0.053177 0.000000
0.132761 -0.048319 0.000000
0.010024 0.050604 0.000000
0.554763 -0.057449 0.000000
0.825274 -0.028252 0.000000
0.049867 0.086951 0.000000
0.304419 -0.063029 0.000000
0.990353 0.002834 0.000000
0.900195 -0.017098 0.000000
0.429128 0.123933 0.000000
0.745255 0.066153 0.000000
0.695847 0.077093 0.000000
0.810872 0.050706 0.000000
0.771689 0.060056 0.000000
0.991795 0.002413 0.000000
0.299635 -0.062808 0.000000
0.376893 0.129842 0.000000
0.953153 -0.008366 0.000000
0.603058 -0.053598 0.000000
0.445527 -0.063348 0.000000
0.205032 -0.055988 0.000000
0.610978 0.094427 0.000000
0.415306 -0.064152 0.000000
0.330910 -0.063969 0.000000
0.054742 -0.034854 0.000000
0.125262 0.120241 0.000000
0.120747 -0.046777 0.000000
0.219052 -0.057240 0.000000
0.737776 0.067848 0.000000
0.985340 0.004296 0.000000
0.932695 0.019179 0.000000
0.675879 -0.046595 0.000000
0.257113 0.136621 0.000000
0.120350 -0.046724 0.000000
0.747813 0.065570 0.000000
0.698244 0.076577 0.000000
0.969166 -0.005577 0.000000
0.896723 -0.017645 0.000000
0.908919 0.025639 0.000000
0.411166 0.126122 0.000000
0.560858 0.103710 0.000000
0.805880 0.051918 0.000000
0.733266 -0.040159 0.000000
0.725774 0.070538 0.000000
0.252097 0.136593 0.000000
0.492955 -0.061315 0.000000
0.055603 0.090577 0.000000
0.403295 0.127032 0.000000
0.304444 -0.063030 0.000000
0.518132 -0.059895 0.000000
0.423499 0.124636 0.000000
0.905682 -0.016227 0.000000
0.390142 -0.064497 0.000000
0.613588 0.093923 0.000000
0.309453 -0.063246 0.000000
0.263433 0.136606 0.000000
0.104776 0.113683 0.000000
0.273061 0.136494 0.000000
0.258727 0.136627 0.000000
0.873007 0.035106 0.000000
0.099993 0.111933 0.000000
-0.003274 0.016029 0.000000
0.536795 -0.058703 0.000000
0.659302 0.084792 0.000000
0.895668 -0.017811 0.000000
0.834775 -0.026912 0.000000
0.818215 0.048913 0.000000
0.855022 0.039721 0.000000
0.354507 -0.064422 0.000000
0.492318 -0.061348 0.000000
0.107544 0.114655 0.000000
0.212450 0.135009 0.000000
0.206518 0.134542 0.000000
0.483803 -0.061776 0.000000
0.741518 -0.039170 0.000000
0.242806 0.136448 0.000000
0.172032 -0.052763 0.000000
0.346450 -0.064304 0.000000
0.722848 0.071189 0.000000
0.059981 0.093181 0.000000
0.716167 0.072667 0.000000
0.891047 -0.018533 0.000000
0.004586 -0.007793 0.000000
0.498345 0.114142 0.000000
0.920855 -0.013779 0.000000
0.217834 0.135379 0.000000
0.766328 -0.036103 0.000000
0.923637 0.021659 0.000000
0.376731 0.129859 0.000000
0.883748 0.032310 0.000000
0.879908 -0.020252 0.000000
0.805827 0.051931 0.000000
0.724570 0.070807 0.000000
-0.002972 0.010606 0.000000
0.520962 -0.059722 0.000000
0.854661 0.039813 0.000000
0.381938 0.129334 0.000000
0.681406 0.080176 0.000000
0.461069 0.119669 0.000000
0.289964 0.136019 0.000000
0.356788 0.131718 0.000000
0.498584 -0.061017 0.000000
0.008237 -0.012066 0.000000
0.786866 0.056479 0.000000
0.737203 -0.039689 0.000000
0.351451 0.132174 0.000000
0.326334 0.134078 0.000000
0.043971 -0.031719 0.000000
0.214013 -0.056799 0.000000
0.870226 -0.021722 0.000000
0.475294 0.117625 0.000000
0.876297 -0.020803 0.000000
0.559750 0.103907 0.000000
0.499702 -0.060958 0.000000
0.635850 -0.050613 0.000000
0.000658 0.034090 0.000000
0.554632 -0.057459 0.000000
0.811544 0.050543 0.000000
0.585961 -0.055038 0.000000
0.568763 -0.056403 0.000000
0.749072 -0.038251 0.000000
0.319194 0.134542 0.000000
0.564326 0.103093 0.000000
0.372974 0.130224 0.000000
0.718397 0.072175 0.000000
0.130713 0.121744 0.000000
0.009787 0.050276 0.000000
0.386169 -0.064523 0.000000
0.430606 -0.063796 0.000000
0.169382 -0.052485 0.000000
0.712602 0.073451 0.000000
0.170472 0.130173 0.000000
0.382958 -0.064538 0.000000
0.557961 0.104223 0.000000
0.642030 -0.050019 0.000000
0.735546 0.068350 0.000000
0.782108 0.057606 0.000000
0.907566 -0.015926 0.000000
-0.003258 0.016755 0.000000
0.530487 0.108949 0.000000
0.105611 -0.044660 0.000000
0.467443 -0.062519 0.000000
0.197589 -0.055296 0.000000
0.271340 0.136518 0.000000
0.364255 0.131049 0.000000
-0.003266 0.014514 0.000000
0.148112 -0.050151 0.000000
0.468167 0.118659 0.000000
0.862035 -0.022948 0.000000
0.466760 0.118862 0.000000
0.081102 -0.040632 0.000000
0.166828 -0.052216 0.000000
0.282816 0.136256 0.000000
0.587133 -0.054942 0.000000
0.157237 0.127836 0.000000
0.437219 -0.063608 0.000000
0.704530 -0.043479 0.000000
0.643133 0.088086 0.000000
0.000060 -0.000135 0.000000
0.695141 -0.044521 0.000000
0.945488 -0.009676 0.000000
0.726632 -0.040942 0.000000
0.126738 0.120653 0.000000
0.015872 0.057974 0.000000
0.144889 0.125242 0.000000
0.248402 -0.059620 0.000000
0.835785 -0.026768 0.000000
0.579401 -0.055569 0.000000
-0.003278 0.015519 0.000000
0.748512 0.065411 0.000000
0.606431 -0.053304 0.000000
0.766085 0.061363 0.000000
0.198720 0.133826 0.000000
0.027083 0.069437 0.000000
0.628790 0.090950 0.000000
0.275197 0.136447 0.000000
0.807336 -0.030726 0.000000
0.936659 -0.011165 0.000000
0.212916 0.135043 0.000000
0.796510 -0.032183 0.000000
0.065933 -0.037563 0.000000
0.088836 -0.042003 0.000000
0.361040 0.131338 0.000000
0.566446 0.102713 0.000000
-0.003179 0.018343 0.000000
0.168577 -0.052401 0.000000
0.459899 -0.062825 0.000000
0.191983 0.133112 0.000000
0.507243 0.112742 0.000000
0.030156 -0.026515 0.000000
0.480203 -0.061948 0.000000
0.060544 -0.036317 0.000000
0.662777 0.084074 0.000000
0.205492 0.134454 0.000000
0.006732 0.045748 0.000000
-0.002435 0.007455 0.000000
0.872864 0.035143 0.000000
0.004469 0.041953 0.000000
0.825405 0.047144 0.000000
0.771764 -0.035413 0.000000
0.488731 -0.061532 0.000000
0.529383 0.109133 0.000000
0.422400 0.124771 0.000000
0.141837 -0.049418 0.000000
0.045212 0.083811 0.000000
0.382488 -0.064540 0.000000
0.838488 -0.026382 0.000000
0.420668 -0.064039 0.000000
0.537026 -0.058687 0.000000
0.496947 0.114359 0.000000
0.403633 -0.064351 0.000000
0.707743 -0.043117 0.000000
0.025697 0.068155 0.000000
0.831050 0.045746 0.000000
0.716647 -0.042102 0.000000
0.057352 -0.035529 0.000000
0.075588 -0.039582 0.000000
0.447515 0.121533 0.000000
0.972237 0.008078 0.000000
0.856226 -0.023808 0.000000
0.641370 0.088442 0.000000
0.524741 0.109905 0.000000
0.744446 0.066337 0.000000
0.204086 0.134335 0.000000
0.047012 -0.032669 0.000000
0.890736 -0.018581 0.000000
0.926559 0.020862 0.000000
0.925721 0.021091 0.000000
0.093426 -0.042770 0.000000
0.611061 -0.052896 0.000000
0.398395 -0.064419 0.000000
0.674514 0.081629 0.000000
0.001019 0.034956 0.000000
0.278379 0.136375 0.000000
0.862648 -0.022857 0.000000
0.463080 -0.062700 0.000000
0.006760 -0.010467 0.000000
0.652452 -0.048995 0.000000
0.530757 -0.059101 0.000000
0.919224 0.022859 0.000000
0.832284 0.045439 0.000000
0.212018 0.134977 0.000000
0.402612 -0.064365 0.000000
0.944587 0.015889 0.000000
0.467924 0.118694 0.000000
0.749430 0.065202 0.000000
0.234231 0.136192 0.000000
0.812575 0.050291 0.000000
0.336855 -0.064117 0.000000
0.087121 0.106754 0.000000
0.209433 0.134788 0.000000
0.358801 -0.064468 0.000000
0.581912 0.099904 0.000000
0.848842 -0.024888 0.000000
0.510449 0.112231 0.000000
-0.002712 0.022365 0.000000
0.394743 0.127983 0.000000
0.252114 0.136593 0.000000
0.248981 -0.059663 0.000000
0.262945 0.136608 0.000000
0.034585 -0.028371 0.000000
0.455948 0.120383 0.000000
0.012155 -0.015701 0.000000
0.053932 -0.034641 0.000000
0.011175 0.052163 0.000000
0.003173 -0.005787 0.000000
0.112386 0.116290 0.000000
0.821373 -0.028797 0.000000
0.251394 0.136589 0.000000
0.770129 0.060420 0.000000
0.726212 0.070441 0.000000
0.600778 0.096378 0.000000
0.987900 -0.002222 0.000000
0.627397 0.091225 0.000000
0.068791 -0.038188 0.000000
0.909478 0.025489 0.000000
0.029470 -0.026208 0.000000
0.776440 -0.034813 0.000000
0.872427 0.035256 0.000000
0.502371 0.113512 0.000000
0.657698 0.085122 0.000000
0.670517 -0.047156 0.000000
0.156482 -0.051095 0.000000
0.887890 -0.019024 0.000000
0.297767 -0.062719 0.000000
0.208151 -0.056274 0.000000
0.690907 0.078154 0.000000
-0.003143 0.012233 0.000000
0.196734 -0.055215 0.000000
0.666943 -0.047526 0.000000
0.221325 0.135593 0.000000
0.104933 -0.044559 0.000000
0.815929 -0.029550 0.000000
0.987186 0.003759 0.000000
0.624130 -0.051713 0.000000
0.843240 0.042700 0.000000
0.030430 -0.026636 0.000000
0.186910 0.132508 0.000000
0.102973 0.113036 0.000000
0.710522 0.073907 0.000000
0.283942 0.136221 0.000000
0.768413 -0.035839 0.000000
0.912681 0.024628 0.000000
0.296265 0.135768 0.000000
0.989906 -0.001856 0.000000
0.597365 -0.054086 0.000000
0.040146 -0.030438 0.000000
0.485540 0.116103 0.000000
0.392430 -0.064479 0.000000
0.358191 -0.064462 0.000000
0.714220 -0.042381 0.000000
0.779949 -0.034360 0.000000
0.547235 -0.057986 0.000000
0.422289 0.124785 0.000000
0.927036 0.020731 0.000000
0.393657 -0.064470 0.000000
0.268238 -0.061020 0.000000
0.274708 -0.061434 0.000000
0.644147 0.087882 0.000000
0.734348 0.068620 0.000000
0.921540 0.022230 0.000000
0.743580 0.066534 0.000000
0.422229 -0.064004 0.000000
0.387606 -0.064516 0.000000
0.705247 0.075058 0.000000
0.748553 -0.038315 0.000000
0.911913 0.024834 0.000000
0.261167 -0.060542 0.000000
0.870982 0.035630 0.000000
0.883220 -0.019744 0.000000
-0.002065 0.025633 0.000000
0.567023 0.102610 0.000000
0.540799 0.107205 0.000000
0.913247 -0.015014 0.000000
0.729951 -0.040552 0.000000
0.381989 -0.064542 0.000000
0.159131 0.128194 0.000000
0.812848 -0.029974 0.000000
0.423278 0.124663 0.000000
0.187407 -0.054316 0.000000
0.056602 0.091179 0.000000
0.959887 -0.007202 0.000000
0.799370 0.053490 0.000000
0.975437 -0.004465 0.000000
0.815447 0.049590 0.000000
0.410297 -0.064246 0.000000
0.310982 0.135032 0.000000
0.565304 -0.056666 0.000000
0.286998 -0.062156 0.000000
0.419420 -0.064067 0.000000
0.870957 -0.021612 0.000000
0.479571 -0.061978 0.000000
0.634454 -0.050746 0.000000
0.200858 0.134035 0.000000
0.017874 -0.019926 0.000000
0.469176 -0.062445 0.000000
0.700540 -0.043924 0.000000
0.968550 -0.005685 0.000000
0.143924 -0.049665 0.000000
0.698807 0.076455 0.000000
0.451588 0.120981 0.000000
0.968363 -0.005718 0.000000
0.182484 0.131938 0.000000
0.195788 0.133529 0.000000
0.247910 0.136538 0.000000
0.684612 -0.045666 0.000000
0.197047 0.133663 0.000000
0.142345 -0.049479 0.000000
0.973624 0.007680 0.000000
0.014993 -0.017925 0.000000
0.171131 -0.052669 0.000000
0.141141 -0.049336 0.000000
0.366694 -0.064526 0.000000
-0.003215 0.013262 0.000000
0.144511 -0.049733 0.000000
0.213885 -0.056788 0.000000
0.628083 0.091090 0.000000
0.110939 -0.045430 0.000000
0.328805 0.133910 0.000000
0.795006 -0.032383 0.000000
0.808535 -0.030563 0.000000
0.510576 -0.060345 0.000000
0.905616 -0.016238 0.000000
0.688312 0.078709 0.000000
0.730516 -0.040485 0.000000
0.831520 -0.027374 0.000000
0.946186 0.015443 0.000000
0.073032 -0.039071 0.000000
0.732444 0.069048 0.000000
0.027965 0.070234 0.000000
0.445190 -0.063358 0.000000
0.881534 -0.020003 0.000000
0.491773 -0.061376 0.000000
0.476119 0.117504 0.000000
0.682401 0.079966 0.000000
0.213619 -0.056764 0.000000
0.131302 0.121900 0.000000
0.143126 -0.049571 0.000000
0.938847 -0.010798 0.000000
0.759402 -0.036974 0.000000
0.568225 -0.056444 0.000000
0.674820 -0.046706 0.000000
0.000512 0.033729 0.000000
0.989188 -0.001987 0.000000
0.625255 -0.051609 0.000000
0.043505 -0.031569 0.000000
0.195655 -0.055112 0.000000
0.990601 -0.001730 0.000000
0.525373 -0.059447 0.000000
0.691511 -0.044919 0.000000
0.552046 0.105262 0.000000
0.495521 0.114580 0.000000
0.214105 0.135130 0.000000
0.906731 0.026226 0.000000
0.848342 -0.024961 0.000000
0.896910 -0.017616 0.000000
0.400310 -0.064396 0.000000
0.423660 0.124616 0.000000
0.144312 -0.049710 0.000000
0.333568 0.133572 0.000000
0.593846 -0.054384 0.000000
0.103979 -0.044417 0.000000
0.915203 0.023947 0.000000
0.341577 -0.064216 0.000000
0.293917 -0.062525 0.000000
0.884903 0.032008 0.000000
0.724049 0.070923 0.000000
0.551341 0.105385 0.000000
0.489419 0.115516 0.000000
0.129652 -0.047930 0.000000
0.256263 0.136616 0.000000
0.516595 0.111239 0.000000
0.909951 0.025362 0.000000
0.777242 -0.034710 0.000000
0.019055 -0.020681 0.000000
0.766197 0.061336 0.000000
0.551502 0.105357 0.000000
0.996534 0.001022 0.000000
0.740862 0.067150 0.000000
0.237920 0.136315 0.000000
0.342989 0.132862 0.000000
0.625659 -0.051571 0.000000
0.577473 -0.055722 0.000000
0.024288 -0.023683 0.000000
0.482578 -0.061834 0.000000
0.487205 -0.061608 0.000000
0.539666 0.107399 0.000000
0.666337 -0.047589 0.000000
0.805066 -0.031034 0.000000
0.520295 0.110636 0.000000
0.974411 -0.004648 0.000000
0.143277 -0.049589 0.000000
0.816883 0.049239 0.000000
0.613944 0.093854 0.000000
0.027485 -0.025286 0.000000
0.628209 0.091065 0.000000
0.877665 0.033898 0.000000
0.308336 -0.063198 0.000000
0.168304 0.129826 0.000000
0.992136 -0.001449 0.000000
0.834354 0.044924 0.000000
0.869980 -0.021759 0.000000
0.672972 0.081952 0.000000
0.573919 0.101365 0.000000
0.294550 -0.062558 0.000000
0.091611 0.108642 0.000000
0.546512 -0.058037 0.000000
0.486433 -0.061646 0.000000
0.612431 -0.052774 0.000000
0.084494 0.105607 0.000000
0.132805 -0.048324 0.000000
0.237645 0.136307 0.000000
0.128898 0.121253 0.000000
0.008320 0.048173 0.000000
0.305930 0.135304 0.000000
0.799429 0.053475 0.000000
0.104225 0.113485 0.000000
0.945563 0.015617 0.000000
0.069269 0.098288 0.000000
0.943029 0.016322 0.000000
0.506933 -0.060554 0.000000
0.927601 0.020577 0.000000
0.678580 -0.046310 0.000000
0.741922 0.066910 0.000000
0.951865 -0.008587 0.000000
0.049870 -0.033513 0.000000
0.490761 0.115311 0.000000
0.551145 0.105419 0.000000
-0.002835 0.021564 0.000000
0.360959 0.131346 0.000000
0.668661 0.082853 0.000000
0.568319 -0.056437 0.000000
0.541165 -0.058407 0.000000
0.383285 -0.064536 0.000000
0.760651 -0.036817 0.000000
0.401330 -0.064382 0.000000
0.119856 0.118647 0.000000
0.771966 0.059991 0.000000
0.602940 -0.053609 0.000000
0.991045 0.002632 0.000000
0.714804 0.072967 0.000000
0.767466 0.061041 0.000000
0.420485 -0.064043 0.000000
0.584908 -0.055124 0.000000
0.026679 -0.024895 0.000000
0.683833 0.079662 0.000000
0.134903 -0.048584 0.000000
0.580237 0.100211 0.000000
0.279603 -0.061730 0.000000
0.968121 -0.005761 0.000000
0.206032 0.134501 0.000000
0.877082 0.034049 0.000000
0.218990 -0.057235 0.000000
0.025948 0.068390 0.000000
0.022536 -0.022737 0.000000
0.702164 0.075728 0.000000
0.972178 -0.005044 0.000000
0.658727 -0.048366 0.000000
0.975349 0.007185 0.000000
0.650104 -0.049228 0.000000
0.651310 0.086429 0.000000
0.857704 0.039039 0.000000
0.937195 -0.011075 0.000000
0.923325 0.021744 0.000000
0.466879 0.118845 0.000000
-0.001977 0.005562 0.000000
0.551090 -0.057713 0.000000
0.285161 -0.062053 0.000000
0.865828 -0.022382 0.000000
0.723347 0.071078 0.000000
0.050633 0.087447 0.000000
0.752488 -0.037831 0.000000
0.321823 -0.063699 0.000000
0.668143 -0.047402 0.000000
0.095065 -0.043035 0.000000
0.325378 0.134143 0.000000
0.613880 -0.052644 0.000000
0.793115 0.054989 0.000000
0.603791 -0.053534 0.000000
0.990685 0.002737 0.000000
0.952404 -0.008495 0.000000
0.842627 0.042854 0.000000
0.988366 -0.002137 0.000000
0.846975 0.041760 0.000000
0.651027 0.086487 0.000000
0.743705 -0.038905 0.000000
0.277663 0.136391 0.000000
0.961255 -0.006964 0.000000
0.770178 0.060409 0.000000
0.872009 0.035365 0.000000
0.990703 0.002732 0.000000
0.879013 0.033547 0.000000
0.475059 0.117660 0.000000
0.707056 0.074664 0.000000
0.721996 -0.041484 0.000000
0.862365 -0.022899 0.000000
0.224155 -0.057678 0.000000
0.337594 0.133277 0.000000
0.439626 -0.063536 0.000000
0.978546 0.006264 0.000000
0.820279 -0.028949 0.000000
0.875234 0.034529 0.000000
0.160404 0.128431 0.000000
0.564353 0.103089 0.000000
0.923674 0.021649 0.000000
0.987132 -0.002361 0.000000
0.187974 -0.054371 0.000000
0.848953 -0.024872 0.000000
0.001969 0.037086 0.000000
0.030954 0.072851 0.000000
0.079162 -0.040271 0.000000
0.289413 -0.062291 0.000000
0.165005 0.129258 0.000000
0.019505 -0.020962 0.000000
0.404785 0.126861 0.000000
0.807151 0.051610 0.000000
0.734387 0.068611 0.000000
0.839513 -0.026236 0.000000
0.488744 0.115619 0.000000
0.263126 -0.060675 0.000000
0.440195 0.122507 0.000000
0.674749 -0.046714 0.000000
0.360636 -0.064485 0.000000
0.683327 -0.045804 0.000000
0.041246 -0.030818 0.000000
-0.002550 0.023306 0.000000
0.082946 0.104920 0.000000
0.989173 0.003179 0.000000
0.971734 -0.005123 0.000000
0.097889 -0.043484 0.000000
0.723738 -0.041281 0.000000
0.976389 0.006885 0.000000
-0.003271 0.016209 0.000000
0.465558 -0.062597 0.000000
0.911785 0.024869 0.000000
0.136092 -0.048729 0.000000
0.504531 0.113173 0.000000
0.002353 0.037895 0.000000
0.521850 -0.059667 0.000000
0.843165 0.042719 0.000000
0.767733 -0.035925 0.000000
0.880752 0.033093 0.000000
0.215052 0.135200 0.000000
0.514969 -0.060086 0.000000
0.953231 0.013471 0.000000
0.454111 0.120636 0.000000
0.118592 -0.046488 0.000000
0.861050 0.038184 0.000000
0.363107 -0.064506 0.000000
0.774733 0.059343 0.000000
0.851927 -0.024438 0.000000
0.597428 0.097011 0.000000
0.710754 0.073856 0.000000
0.527423 -0.059316 0.000000
0.383486 -0.064535 0.000000
0.678677 0.080753 0.000000
0.701870 0.075792 0.000000
0.202163 -0.055724 0.000000
0.449717 -0.063204 0.000000
0.172367 -0.052797 0.000000
0.639776 0.088762 0.000000
0.184848 0.132256 0.000000
0.896699 0.028899 0.000000
0.412309 0.125988 0.000000
0.703813 0.075370 0.000000
0.109776 -0.045265 0.000000
0.965862 -0.006158 0.000000
0.871224 0.035568 0.000000
0.669628 -0.047249 0.000000
0.462452 0.119473 0.000000
0.342903 -0.064243 0.000000
0.452924 -0.063090 0.000000
0.114928 0.117113 0.000000
0.460298 0.119777 0.000000
0.743411 -0.038941 0.000000
0.290248 -0.062335 0.000000
0.597979 0.096907 0.000000
0.327013 -0.063858 0.000000
0.123894 0.119842 0.000000
0.827799 0.046552 0.000000
0.878363 0.033716 0.000000
0.855959 0.039483 0.000000
0.794043 0.054767 0.000000
0.215245 0.135214 0.000000
0.295979 -0.062633 0.000000
0.988928 -0.002035 0.000000
0.154888 0.127370 0.000000
0.604564 0.095657 0.000000
0.060220 -0.036240 0.000000
0.526484 0.109616 0.000000
0.528180 0.109333 0.000000
0.535356 0.108130 0.000000
0.628432 -0.051313 0.000000
0.410434 -0.064244 0.000000
0.201842 0.134130 0.000000
0.081241 0.104142 0.000000
0.853251 0.040171 0.000000
0.318307 -0.063581 0.000000
0.958745 0.011918 0.000000
0.243127 0.136457 0.000000
0.514496 -0.060114 0.000000
0.549258 -0.057844 0.000000
0.649834 0.086730 0.000000
0.506085 -0.060603 0.000000
0.197458 -0.055284 0.000000
0.673137 -0.046883 0.000000
0.966510 -0.006044 0.000000
0.176494 0.131099 0.000000
0.939329 0.017349 0.000000
0.838072 -0.026442 0.000000
0.318364 0.134595 0.000000
0.741448 0.067018 0.000000
0.409894 0.126271 0.000000
0.165559 -0.052081 0.000000
0.258537 0.136627 0.000000
0.954569 0.013095 0.000000
0.912979 -0.015057 0.000000
0.849565 0.041106 0.000000
0.680016 0.080471 0.000000
0.834775 0.044819 0.000000
0.055712 0.090643 0.000000
0.070328 0.098835 0.000000
0.479614 0.116988 0.000000
0.426301 -0.063906 0.000000
0.661686 -0.048065 0.000000
0.376027 -0.064551 0.000000
0.600689 0.096394 0.000000
0.463773 -0.062671 0.000000
0.008340 0.048202 0.000000
0.113173 0.116551 0.000000
0.902897 0.027251 0.000000
0.049442 0.086672 0.000000
-0.003214 0.013252 0.000000
0.721776 -0.041509 0.000000
0.398112 0.127612 0.000000
-0.003263 0.014428 0.000000
0.294217 -0.062541 0.000000
0.585884 -0.055045 0.000000
0.275510 0.136440 0.000000
0.621076 -0.051993 0.000000
0.978770 0.006199 0.000000
0.214177 0.135136 0.000000
0.737798 -0.039618 0.000000
0.394803 0.127976 0.000000
0.700179 0.076158 0.000000
-0.002848 0.021472 0.000000
0.083889 0.105340 0.000000
0.257014 -0.060249 0.000000
0.122708 0.119497 0.000000
0.030484 0.072449 0.000000
0.550899 -0.057727 0.000000
0.503650 0.113311 0.000000
0.991103 0.002615 0.000000
0.543436 -0.058251 0.000000
0.023626 -0.023332 0.000000
0.373905 -0.064550 0.000000
0.780398 -0.034302 0.000000
0.458018 0.120095 0.000000
0.912847 0.024583 0.000000
0.807050 -0.030765 0.000000
0.381898 -0.064542 0.000000
0.018085 -0.020062 0.000000
-0.003165 0.018529 0.000000
0.490848 -0.061424 0.000000
0.770510 -0.035573 0.000000
0.731343 0.069294 0.000000
0.548472 0.105884 0.000000
0.109359 -0.045205 0.000000
0.648636 0.086973 0.000000
0.365906 -0.064522 0.000000
0.087680 0.106993 0.000000
0.378427 -0.064548 0.000000
0.876082 -0.020836 0.000000
0.571569 0.101791 0.000000
0.038867 -0.029985 0.000000
0.124090 -0.047217 0.000000
0.980867 -0.003493 0.000000
0.672220 0.082110 0.000000
0.730184 -0.040524 0.000000
0.215038 0.135199 0.000000
0.261619 0.136614 0.000000
0.580443 -0.055485 0.000000
0.984520 0.004534 0.000000
0.682310 0.079985 0.000000
0.491884 -0.061371 0.000000
0.807422 -0.030714 0.000000
0.475446 0.117603 0.000000
0.335409 0.133438 0.000000
0.360571 0.131380 0.000000
0.597460 0.097005 0.000000
0.265087 0.136598 0.000000
0.872371 0.035271 0.000000
0.005719 0.044105 0.000000
0.219341 0.135471 0.000000
0.978223 -0.003967 0.000000
0.955947 -0.007884 0.000000
0.070220 0.098780 0.000000
0.418621 0.125233 0.000000
0.737876 -0.039608 0.000000
0.849113 0.041220 0.000000
0.628302 -0.051325 0.000000
0.190424 0.132937 0.000000
0.801784 -0.031477 0.000000
0.904223 -0.016459 0.000000
0.777913 0.058596 0.000000
0.192586 0.133178 0.000000
0.767173 0.061109 0.000000
0.526397 -0.059381 0.000000
0.150476 0.126464 0.000000
0.531852 -0.059030 0.000000
0.179899 -0.053568 0.000000
0.835640 -0.026789 0.000000
0.804122 0.052344 0.000000
0.955797 -0.007910 0.000000
0.766529 -0.036078 0.000000
0.465301 -0.062607 0.000000
0.563488 -0.056804 0.000000
0.783654 -0.033878 0.000000
0.992926 0.002081 0.000000
0.135841 -0.048698 0.000000
0.683232 -0.045814 0.000000
0.420238 -0.064049 0.000000
0.284590 0.136201 0.000000
0.012180 0.053477 0.000000
0.657021 0.085261 0.000000
0.190692 -0.054636 0.000000
0.469143 0.118519 0.000000
0.363479 -0.064508 0.000000
0.747526 -0.038440 0.000000
0.349979 -0.064363 0.000000
-0.002518 0.023478 0.000000
0.154045 0.127202 0.000000
0.247195 0.136526 0.000000
0.688548 0.078658 0.000000
0.719705 0.071886 0.000000
0.870760 0.035688 0.000000
0.483721 -0.061780 0.000000
0.808555 -0.030560 0.000000
0.023715 -0.023380 0.000000
0.208314 -0.056289 0.000000
0.023332 0.065892 0.000000
0.421818 -0.064014 0.000000
0.007623 -0.011420 0.000000
0.873626 0.034946 0.000000
0.918226 0.023129 0.000000
0.738940 -0.039481 0.000000
0.228376 0.135957 0.000000
0.962104 0.010967 0.000000
0.608233 -0.053146 0.000000
0.865024 0.037165 0.000000
0.156553 0.127701 0.000000
0.827016 0.046745 0.000000
0.528090 0.109348 0.000000
0.877899 0.033837 0.000000
0.719276 0.071981 0.000000
0.877674 -0.020594 0.000000
0.704309 -0.043503 0.000000
0.830240 0.045947 0.000000
0.337951 0.133250 0.000000
0.609522 0.094707 0.000000
0.954786 -0.008085 0.000000
0.102094 -0.044134 0.000000
0.036967 0.077751 0.000000
0.211550 -0.056579 0.000000
0.337007 0.133322 0.000000
0.282443 -0.061900 0.000000
0.951863 0.013856 0.000000
0.073775 0.100580 0.000000
0.169454 0.130010 0.000000
0.119448 -0.046604 0.000000
0.293482 0.135883 0.000000
0.369313 0.130576 0.000000
0.663969 -0.047832 0.000000
0.448647 0.121381 0.000000
0.575999 0.100987 0.000000
0.198025 0.133759 0.000000
0.239668 0.136362 0.000000
0.219557 0.135485 0.000000
0.095510 0.110213 0.000000
0.642195 -0.050003 0.000000
0.089048 -0.042039 0.000000
0.889969 0.030677 0.000000
0.897371 -0.017543 0.000000
0.389543 0.128543 0.000000
0.126524 0.120594 0.000000
0.074620 0.101002 0.000000
0.574991 0.101170 0.000000
0.082147 0.104556 0.000000
0.846377 0.041911 0.000000
0.223488 0.135714 0.000000
0.165055 0.129266 0.000000
0.441375 0.122352 0.000000
0.860322 -0.023202 0.000000
0.498576 0.114106 0.000000
0.847722 -0.025051 0.000000
0.128613 0.121174 0.000000
0.999371 0.000186 0.000000
0.116898 -0.046259 0.000000
0.353875 0.131967 0.000000
0.841739 0.043077 0.000000
0.817139 -0.029383 0.000000
0.739557 0.067446 0.000000
0.745655 0.066062 0.000000
0.058943 -0.035926 0.000000
0.501428 0.113660 0.000000
0.719017 0.072038 0.000000
0.268296 0.136561 0.000000
0.234116 -0.058505 0.000000
0.379127 0.129617 0.000000
0.689148 0.078530 0.000000
0.593895 -0.054380 0.000000
0.755542 -0.037454 0.000000
0.405775 -0.064321 0.000000
0.244124 -0.059294 0.000000
0.875782 -0.020882 0.000000
0.028764 0.070945 0.000000
0.859905 0.038477 0.000000
0.800914 -0.031593 0.000000
0.068902 0.098094 0.000000
0.214919 -0.056880 0.000000
0.320847 0.134438 0.000000
0.730826 0.069410 0.000000
0.205971 0.134495 0.000000
0.310770 0.135044 0.000000
0.135864 0.123082 0.000000
0.205820 -0.056060 0.000000
0.145247 -0.049819 0.000000
0.779736 0.058166 0.000000
0.547678 -0.057955 0.000000
0.586123 -0.055025 0.000000
0.204922 -0.055978 0.000000
0.026072 -0.024598 0.000000
-0.000991 0.002451 0.000000
0.331680 0.133708 0.000000
0.554822 -0.057445 0.000000
0.976421 0.006876 0.000000
0.502235 0.113533 0.000000
0.414973 -0.064159 0.000000
0.241408 -0.059084 0.000000
0.454693 0.120556 0.000000
0.123360 -0.047123 0.000000
0.687011 0.078986 0.000000
0.786412 -0.033518 0.000000
0.255147 -0.060116 0.000000
0.244410 -0.059316 0.000000
0.642449 -0.049979 0.000000
0.003872 -0.006811 0.000000
0.847816 -0.025038 0.000000
0.001184 -0.002435 0.000000
0.696852 0.076877 0.000000
0.847926 -0.025022 0.000000
0.348568 -0.064340 0.000000
0.399734 0.127432 0.000000
0.884095 0.032220 0.000000
0.740110 -0.039340 0.000000
0.823082 0.047717 0.000000
-0.002488 0.023640 0.000000
0.756665 -0.037314 0.000000
0.370117 -0.064541 0.000000
0.237035 -0.058738 0.000000
0.027235 0.069574 0.000000
0.700803 0.076023 0.000000
0.383937 0.129129 0.000000
0.988680 -0.002080 0.000000
0.818647 -0.029175 0.000000
0.967554 0.009417 0.000000
0.185091 -0.054087 0.000000
0.124484 0.120014 0.000000
0.950932 0.014117 0.000000
0.050250 -0.033623 0.000000
0.226682 0.135873 0.000000
0.992918 -0.001306 0.000000
0.010900 0.051798 0.000000
0.828409 -0.027812 0.000000
0.750130 -0.038121 0.000000
0.691937 -0.044872 0.000000
0.215847 0.135257 0.000000
0.491462 0.115204 0.000000
0.367517 0.130744 0.000000
0.674500 0.081632 0.000000
0.321891 0.134372 0.000000
0.238752 -0.058876 0.000000
0.229405 -0.058118 0.000000
0.508393 -0.060471 0.000000
0.101705 -0.044074 0.000000
0.113954 0.116803 0.000000
0.705656 0.074969 0.000000
0.847114 0.041725 0.000000
0.473873 0.117833 0.000000
0.571793 0.101750 0.000000
0.042905 -0.031374 0.000000
0.873671 0.034934 0.000000
0.758992 0.063006 0.000000
0.851483 -0.024503 0.000000
0.070210 0.098775 0.000000
0.761953 0.062321 0.000000
0.445320 -0.063354 0.000000
0.248534 -0.059629 0.000000
0.969566 -0.005506 0.000000
0.279396 -0.061718 0.000000
0.254285 -0.060055 0.000000
0.237176 -0.058750 0.000000
0.785771 0.056739 0.000000
0.291919 0.135943 0.000000
0.411669 0.126063 0.000000
0.137463 0.123484 0.000000
0.911089 0.025056 0.000000
0.537486 0.107769 0.000000
0.695679 0.077129 0.000000
0.787662 0.056289 0.000000
0.775126 0.059251 0.000000
0.190213 -0.054589 0.000000
0.265629 -0.060844 0.000000
0.978029 0.006413 0.000000
0.056697 0.091236 0.000000
0.090225 0.108068 0.000000
0.036480 0.077372 0.000000
0.784761 -0.033734 0.000000
0.243331 0.136462 0.000000
0.959444 0.011720 0.000000
0.019140 0.061606 0.000000
0.156637 0.127717 0.000000
0.493006 0.114967 0.000000
0.513603 -0.060167 0.000000
0.987631 0.003629 0.000000
0.580558 0.100153 0.000000
0.246511 0.136515 0.000000
0.409682 -0.064256 0.000000
0.729937 -0.040553 0.000000
0.170339 0.130151 0.000000
0.132656 -0.048306 0.000000
0.175229 -0.053093 0.000000
0.815803 -0.029567 0.000000
0.750769 0.064895 0.000000
0.339276 0.133148 0.000000
0.309824 -0.063262 0.000000
0.831252 -0.027411 0.000000
0.536392 -0.058730 0.000000
0.878234 -0.020508 0.000000
0.357335 -0.064454 0.000000
0.081534 0.104276 0.000000
0.583265 0.099655 0.000000
0.398492 -0.064418 0.000000
0.402019 0.127177 0.000000
0.961180 0.011229 0.000000
0.184325 -0.054011 0.000000
0.004610 -0.007825 0.000000
0.274264 0.136469 0.000000
0.559088 -0.057132 0.000000
0.672387 -0.046961 0.000000
0.070113 0.098725 0.000000
0.378023 0.129728 0.000000
0.251967 0.136592 0.000000
0.691240 0.078083 0.000000
0.510464 -0.060352 0.000000
0.700371 0.076117 0.000000
0.670400 0.082490 0.000000
0.584915 0.099349 0.000000
0.916794 0.023517 0.000000
0.870364 0.035790 0.000000
0.442301 0.122230 0.000000
0.224744 0.135776 0.000000
0.351300 -0.064380 0.000000
0.800832 -0.031605 0.000000
0.452748 -0.063096 0.000000
0.732826 -0.040211 0.000000
0.037000 0.077777 0.000000
0.835303 -0.026837 0.000000
0.956750 0.012481 0.000000
0.767496 0.061034 0.000000
0.609902 0.094634 0.000000
0.356968 -0.064451 0.000000
0.620892 -0.052010 0.000000
0.572039 0.101706 0.000000
0.111199 -0.045467 0.000000
0.439034 0.122660 0.000000
0.250675 0.136583 0.000000
0.271643 0.136514 0.000000
0.028465 0.070681 0.000000
0.380499 0.129479 0.000000
0.411351 0.126100 0.000000
0.434580 -0.063687 0.000000
0.259836 0.136622 0.000000
0.157662 0.127921 0.000000
0.447574 0.121526 0.000000
0.288776 -0.062256 0.000000
0.420669 -0.064039 0.000000
0.675342 -0.046651 0.000000
0.701096 0.075960 0.000000
0.834216 0.044958 0.000000
0.264040 -0.060737 0.000000
0.309980 -0.063269 0.000000
0.178635 -0.053440 0.000000
0.427156 -0.063885 0.000000
0.243517 -0.059247 0.000000
-0.002109 0.006063 0.000000
0.246356 0.136513 0.000000
0.635023 0.089713 0.000000
0.150512 -0.050425 0.000000
0.680183 -0.046140 0.000000
0.109852 0.115450 0.000000
0.921962 -0.013598 0.000000
0.619538 -0.052134 0.000000
0.339181 -0.064166 0.000000
-0.001706 0.027075 0.000000
0.187101 0.132532 0.000000
0.124805 0.120108 0.000000
0.085088 -0.041353 0.000000
0.460118 -0.062817 0.000000
0.261304 -0.060552 0.000000
0.972055 0.008130 0.000000
0.131900 0.122058 0.000000
0.167348 -0.052271 0.000000
0.372401 -0.064546 0.000000
0.381387 0.129389 0.000000
0.034718 0.075974 0.000000
0.819169 0.048679 0.000000
0.698114 0.076605 0.000000
0.000828 -0.001746 0.000000
0.414394 0.125742 0.000000
0.565414 -0.056658 0.000000
0.898115 -0.017426 0.000000
0.590569 0.098299 0.000000
0.050202 0.087168 0.000000
0.680264 -0.046131 0.000000
0.034091 0.075464 0.000000
0.616867 0.093288 0.000000
0.445991 0.121738 0.000000
0.145693 -0.049871 0.000000
0.231697 -0.058307 0.000000
0.893109 0.029849 0.000000
0.948722 0.014735 0.000000
0.709676 -0.042898 0.000000
0.163480 0.128994 0.000000
0.941052 -0.010426 0.000000
0.030698 -0.026754 0.000000
0.876089 -0.020835 0.000000
0.031526 -0.027112 0.000000
0.057983 -0.035689 0.000000
0.009733 0.050203 0.000000
0.131348 -0.048144 0.000000
0.176040 -0.053177 0.000000
0.133552 -0.048417 0.000000
0.309677 0.135107 0.000000
0.980091 -0.003632 0.000000
0.848624 0.041343 0.000000
0.885999 -0.019316 0.000000
0.022978 0.065544 0.000000
0.617090 -0.052356 0.000000
0.645568 0.087595 0.000000
0.823854 0.047526 0.000000
0.590993 0.098220 0.000000
0.845299 -0.025402 0.000000
0.458543 0.120021 0.000000
0.942428 -0.010194 0.000000
0.741067 0.067104 0.000000
0.029335 -0.026146 0.000000
0.362559 -0.064503 0.000000
0.680358 0.080398 0.000000
0.769460 -0.035706 0.000000
0.321134 -0.063676 0.000000
0.048775 -0.033195 0.000000
0.300308 0.135583 0.000000
0.860843 -0.023125 0.000000
0.550495 -0.057756 0.000000
0.288130 0.136089 0.000000
0.802530 -0.031376 0.000000
0.774662 0.059359 0.000000
0.026853 -0.024980 0.000000
-0.002888 0.021185 0.000000
0.573180 0.101500 0.000000
0.707241 0.074624 0.000000
0.898570 0.028403 0.000000
0.686261 0.079146 0.000000
0.236602 -0.058704 0.000000
0.564368 -0.056737 0.000000
0.011536 -0.015177 0.000000
0.603790 -0.053534 0.000000
0.898204 -0.017412 0.000000
0.905639 -0.016234 0.000000
0.958355 -0.007467 0.000000
0.035141 -0.028592 0.000000
0.177450 -0.053320 0.000000
0.064716 0.095852 0.000000
0.575075 0.101155 0.000000
0.351601 -0.064384 0.000000
0.856918 0.039239 0.000000
0.300245 -0.062837 0.000000
0.170988 0.130255 0.000000
0.305275 0.135338 0.000000
0.623300 0.092031 0.000000
0.683574 -0.045777 0.000000
0.099183 0.111631 0.000000
0.090221 0.108067 0.000000
0.024153 0.066689 0.000000
0.196858 -0.055227 0.000000
-0.000720 0.001731 0.000000
0.787319 -0.033399 0.000000
0.717135 -0.042046 0.000000
0.522904 -0.059601 0.000000
0.266087 0.136592 0.000000
0.040507 0.080439 0.000000
0.359627 0.131465 0.000000
0.666098 0.083386 0.000000
0.345418 0.132668 0.000000
0.869964 -0.021762 0.000000
0.302220 0.135496 0.000000
0.602105 -0.053680 0.000000
0.010033 -0.013828 0.000000
0.212704 -0.056682 0.000000
0.303073 -0.062971 0.000000
0.329402 -0.063928 0.000000
0.000260 -0.000573 0.000000
0.752789 0.064433 0.000000
0.605292 0.095518 0.000000
0.823295 -0.028529 0.000000
0.038825 -0.029970 0.000000
0.694163 -0.044629 0.000000
0.309196 -0.063235 0.000000
0.419819 0.125089 0.000000
0.610218 -0.052971 0.000000
0.721330 0.071526 0.000000
0.014939 -0.017885 0.000000
0.969009 -0.005604 0.000000
0.471800 0.118136 0.000000
0.762089 0.062290 0.000000
0.991536 0.002488 0.000000
0.059775 0.093060 0.000000
0.711469 -0.042695 0.000000
0.990619 0.002757 0.000000
0.494565 0.114728 0.000000
0.414328 0.125750 0.000000
0.836496 0.044390 0.000000
0.889633 -0.018753 0.000000
0.319403 0.134529 0.000000
0.001017 -0.002117 0.000000
0.454634 0.120564 0.000000
0.578201 -0.055664 0.000000
0.249466 -0.059699 0.000000
0.615614 -0.052489 0.000000
0.489451 0.115511 0.000000
0.366989 0.130793 0.000000
0.474046 0.117808 0.000000
0.244183 -0.059299 0.000000
0.664922 -0.047734 0.000000
0.336305 0.133373 0.000000
0.375713 0.129958 0.000000
0.933665 -0.011665 0.000000
0.782262 0.057569 0.000000
0.031459 -0.027083 0.000000
0.331719 -0.063989 0.000000
0.615256 -0.052521 0.000000
0.362492 0.131208 0.000000
0.813296 -0.029912 0.000000
0.822292 0.047911 0.000000
0.196203 -0.055165 0.000000
0.310164 -0.063276 0.000000
0.015036 0.056995 0.000000
0.299605 -0.062806 0.000000
-0.002292 0.024615 0.000000
0.093518 0.109416 0.000000
0.244493 0.136482 0.000000
0.404486 0.126895 0.000000
0.620129 -0.052080 0.000000
0.099005 0.111564 0.000000
0.325120 0.134160 0.000000
0.525723 0.109742 0.000000
0.474186 -0.062225 0.000000
0.366678 -0.064526 0.000000
0.569076 0.102241 0.000000
0.449256 -0.063220 0.000000
0.118694 0.118293 0.000000
0.863648 -0.022708 0.000000
0.646980 0.087309 0.000000
0.451380 -0.063146 0.000000
0.283913 0.136222 0.000000
0.621056 -0.051995 0.000000
0.723341 0.071080 0.000000
0.101109 0.112348 0.000000
0.524083 0.110013 0.000000
0.838477 -0.026384 0.000000
0.077578 -0.039968 0.000000
0.656172 0.085435 0.000000
0.100402 0.112085 0.000000
0.872470 0.035245 0.000000
0.582575 -0.055313 0.000000
0.854861 0.039762 0.000000
0.565665 0.102853 0.000000
0.885393 -0.019410 0.000000
0.433636 0.123359 0.000000
0.911905 -0.015230 0.000000
0.091569 -0.042463 0.000000
0.114186 -0.045886 0.000000
0.115351 -0.046047 0.000000
0.341129 -0.064206 0.000000
0.154717 0.127336 0.000000
0.020674 0.063221 0.000000
0.221488 -0.057451 0.000000
0.092454 0.108990 0.000000
0.965512 0.009999 0.000000
0.839983 0.043518 0.000000
0.615401 -0.052508 0.000000
0.127724 -0.047686 0.000000
0.067072 0.097129 0.000000
0.665781 -0.047646 0.000000
0.765516 0.061495 0.000000
0.446031 0.121733 0.000000
0.111965 0.116150 0.000000
0.319381 -0.063617 0.000000
0.016156 -0.018762 0.000000
0.209154 0.134767 0.000000
0.221322 0.135593 0.000000
0.691843 -0.044883 0.000000
0.818866 -0.029144 0.000000
0.240977 0.136398 0.000000
0.274014 0.136474 0.000000
0.701210 0.075935 0.000000
0.513064 -0.060199 0.000000
0.053078 0.089010 0.000000
0.616835 -0.052379 0.000000
0.914771 0.024064 0.000000
0.156502 -0.051098 0.000000
0.245779 0.136503 0.000000
0.726108 0.070464 0.000000
0.792691 0.055091 0.000000
0.157859 0.127958 0.000000
0.082704 0.104810 0.000000
0.376237 -0.064551 0.000000
0.040142 -0.030437 0.000000
0.441181 0.122377 0.000000
0.503660 0.113309 0.000000
0.414809 0.125692 0.000000
0.642664 -0.049958 0.000000
-0.003208 0.013153 0.000000
0.737153 0.067989 0.000000
0.232736 -0.058393 0.000000
0.247128 -0.059525 0.000000
0.199906 0.133942 0.000000
0.194900 0.133432 0.000000
0.063787 -0.037079 0.000000
0.836235 -0.026704 0.000000
0.025955 0.068396 0.000000
0.430693 0.123735 0.000000
0.314080 -0.063426 0.000000
0.219874 -0.057312 0.000000
0.548820 0.105823 0.000000
0.187536 -0.054328 0.000000
0.964723 -0.006358 0.000000
0.184156 0.132164 0.000000
0.132107 -0.048238 0.000000
0.275759 0.136435 0.000000
0.076338 0.101835 0.000000
0.408332 0.126455 0.000000
0.957230 0.012345 0.000000
0.714220 0.073096 0.000000
0.649056 -0.049332 0.000000
0.066958 -0.037791 0.000000
0.692358 -0.044826 0.000000
0.378193 -0.064549 0.000000
0.696994 -0.044317 0.000000
0.700290 -0.043952 0.000000
0.612867 0.094063 0.000000
0.589715 0.098458 0.000000
0.059869 -0.036154 0.000000
0.452415 -0.063108 0.000000
0.131850 0.122045 0.000000
0.009685 0.050134 0.000000
0.062156 -0.036701 0.000000
0.177258 -0.053301 0.000000
0.286162 0.136152 0.000000
0.733819 -0.040093 0.000000
0.945739 0.015568 0.000000
0.220082 -0.057330 0.000000
0.363830 0.131088 0.000000
0.822394 -0.028655 0.000000
0.669905 -0.047220 0.000000
0.235536 0.136242 0.000000
0.994989 -0.000925 0.000000
0.632232 -0.050956 0.000000
0.818015 0.048962 0.000000
0.677668 0.080966 0.000000
0.999665 -0.000062 0.000000
0.096631 -0.043286 0.000000
0.341036 0.133012 0.000000
0.472911 -0.062282 0.000000
0.267468 0.136572 0.000000
0.391617 -0.064486 0.000000
0.539865 0.107365 0.000000
0.246238 -0.059457 0.000000
0.761757 0.062367 0.000000
0.836096 -0.026724 0.000000
0.099364 -0.043715 0.000000
0.441973 -0.063463 0.000000
0.825810 0.047044 0.000000
0.600948 0.096345 0.000000
0.649478 0.086802 0.000000
0.943580 0.016169 0.000000
0.159585 0.128279 0.000000
0.708532 -0.043028 0.000000
0.409220 -0.064264 0.000000
0.527896 -0.059286 0.000000
0.107973 0.114803 0.000000
0.237824 -0.058802 0.000000
0.664456 0.083727 0.000000
0.165994 -0.052128 0.000000
0.018910 0.061362 0.000000
0.285866 -0.062093 0.000000
0.379205 -0.064547 0.000000
0.707719 -0.043120 0.000000
0.340656 0.133042 0.000000
0.657118 -0.048528 0.000000
0.067848 -0.037984 0.000000
0.312803 0.134926 0.000000
0.615942 0.093467 0.000000
0.041832 -0.031016 0.000000
0.311335 0.135011 0.000000
0.615652 0.093523 0.000000
0.072951 -0.039054 0.000000
0.255706 -0.060156 0.000000
0.989484 0.003088 0.000000
0.967305 -0.005905 0.000000
0.684225 -0.045708 0.000000
0.637164 -0.050488 0.000000
0.083521 0.105177 0.000000
0.372467 -0.064547 0.000000
0.561671 -0.056940 0.000000
0.070415 0.098880 0.000000
0.001259 -0.002577 0.000000
0.771958 0.059993 0.000000
0.826950 0.046762 0.000000
0.854240 0.039920 0.000000
0.872301 0.035289 0.000000
0.868255 -0.022019 0.000000
0.661576 -0.048077 0.000000
0.838761 -0.026343 0.000000
0.356175 0.131770 0.000000
0.911094 0.025055 0.000000
0.649310 -0.049307 0.000000
0.123385 -0.047126 0.000000
0.466223 -0.062569 0.000000
0.988715 0.003313 0.000000
0.007349 0.046710 0.000000
0.427823 0.124097 0.000000
0.767845 -0.035911 0.000000
0.156593 0.127708 0.000000
0.507107 -0.060544 0.000000
0.922941 -0.013437 0.000000
0.374398 -0.064551 0.000000
0.530690 -0.059106 0.000000
0.084702 -0.041285 0.000000
0.821265 0.048164 0.000000
0.606789 0.095232 0.000000
0.674713 -0.046718 0.000000
0.503751 0.113295 0.000000
0.175572 0.130963 0.000000
0.945074 0.015753 0.000000
0.481200 -0.061900 0.000000
0.961762 0.011064 0.000000
0.228265 0.135952 0.000000
0.060295 0.093360 0.000000
0.159611 -0.051439 0.000000
0.005414 -0.008863 0.000000
0.733387 -0.040144 0.000000
0.497045 -0.061100 0.000000
0.093167 0.109275 0.000000
0.791928 -0.032792 0.000000
0.791782 -0.032811 0.000000
0.369679 -0.064540 0.000000
0.712386 0.073498 0.000000
0.582642 -0.055308 0.000000
0.970181 0.008667 0.000000
0.725389 0.070624 0.000000
0.970631 -0.005318 0.000000
0.824908 0.047266 0.000000
0.809050 -0.030493 0.000000
0.337150 -0.064123 0.000000
0.679221 0.080638 0.000000
0.255523 -0.060143 0.000000
0.439325 0.122622 0.000000
0.324539 -0.063786 0.000000
0.052249 0.088485 0.000000
0.073289 0.100338 0.000000
0.490792 -0.061427 0.000000
0.989522 -0.001926 0.000000
0.637194 0.089279 0.000000
0.254755 0.136608 0.000000
0.938586 0.017554 0.000000
0.647486 0.087206 0.000000
0.708647 -0.043015 0.000000
0.445461 -0.063350 0.000000
0.887210 0.031403 0.000000
0.931082 0.019623 0.000000
0.921525 0.022234 0.000000
0.712083 0.073565 0.000000
0.882339 0.032679 0.000000
0.020746 0.063294 0.000000
0.443868 -0.063401 0.000000
0.706963 0.074685 0.000000
0.540905 0.107187 0.000000
0.655563 -0.048684 0.000000
0.753758 0.064210 0.000000
0.007768 0.047350 0.000000
-0.000542 0.030900 0.000000
0.108231 0.114892 0.000000
0.460248 -0.062812 0.000000
0.547495 0.106053 0.000000
0.564897 0.102991 0.000000
0.448092 0.121456 0.000000
0.038416 0.078867 0.000000
0.806830 -0.030795 0.000000
0.625925 0.091516 0.000000
0.196718 0.133631 0.000000
0.384969 0.129021 0.000000
0.141411 -0.049368 0.000000
0.109817 -0.045271 0.000000
0.698308 -0.044172 0.000000
0.553437 -0.057545 0.000000
0.371683 -0.064545 0.000000
0.000638 -0.001364 0.000000
0.053371 -0.034488 0.000000
0.630194 -0.051148 0.000000
0.424184 0.124551 0.000000
0.939687 0.017250 0.000000
0.405810 -0.064320 0.000000
0.668605 0.082865 0.000000
0.599950 0.096535 0.000000
0.676633 0.081184 0.000000
0.330399 -0.063956 0.000000
0.927542 0.020593 0.000000
0.049652 -0.033450 0.000000
0.250196 0.136575 0.000000
0.800320 0.053261 0.000000
0.395470 -0.064450 0.000000
0.089531 0.107781 0.000000
0.968186 -0.005750 0.000000
0.628303 -0.051325 0.000000
0.650560 -0.049183 0.000000
0.915082 0.023980 0.000000
0.869725 -0.021798 0.000000
0.768736 0.060745 0.000000
0.195039 0.133447 0.000000
0.572850 0.101559 0.000000
0.882736 -0.019819 0.000000
0.878836 -0.020416 0.000000
0.042991 -0.031402 0.000000
0.801886 0.052883 0.000000
0.143857 -0.049657 0.000000
0.814369 0.049854 0.000000
0.988596 0.003347 0.000000
-0.000353 0.000821 0.000000
0.412423 -0.064208 0.000000
0.188700 -0.054442 0.000000
0.274965 -0.061450 0.000000
0.608096 0.094981 0.000000
0.909114 0.025587 0.000000
0.488145 0.115710 0.000000
0.475337 -0.062173 0.000000
0.934247 0.018752 0.000000
0.327902 -0.063884 0.000000
0.317712 0.134636 0.000000
0.919480 0.022789 0.000000
0.918140 -0.014221 0.000000
0.375873 -0.064551 0.000000
0.545808 -0.058086 0.000000
0.129776 -0.047946 0.000000
0.946838 -0.009446 0.000000
0.914204 -0.014859 0.000000
0.233295 -0.058439 0.000000
0.236069 -0.058661 0.000000
0.328303 0.133944 0.000000
0.061020 -0.036430 0.000000
0.598483 0.096812 0.000000
0.800225 0.053284 0.000000
0.439067 0.122656 0.000000
0.408868 -0.064270 0.000000
0.130973 0.121813 0.000000
0.452932 -0.063089 0.000000
0.489404 -0.061498 0.000000
0.661986 0.084238 0.000000
0.704809 -0.043447 0.000000
0.845142 0.042222 0.000000
0.692515 0.077809 0.000000
0.973182 0.007807 0.000000
0.295382 -0.062602 0.000000
0.073531 -0.039173 0.000000
0.675084 -0.046678 0.000000
0.195117 -0.055061 0.000000
0.717757 0.072316 0.000000
0.286208 -0.062112 0.000000
0.798974 0.053585 0.000000
0.575080 0.101154 0.000000
0.757834 0.063273 0.000000
0.676517 -0.046528 0.000000
0.748213 -0.038356 0.000000
0.472793 -0.062287 0.000000
0.123939 -0.047198 0.000000
0.626257 -0.051516 0.000000
0.561049 0.103676 0.000000
0.080338 -0.040490 0.000000
0.655999 -0.048641 0.000000
0.010719 -0.014456 0.000000
0.069880 0.098605 0.000000
0.582625 0.099773 0.000000
0.157504 0.127889 0.000000
0.617805 0.093105 0.000000
0.143238 0.124871 0.000000
0.645026 -0.049728 0.000000
0.011466 -0.015115 0.000000
0.589113 -0.054779 0.000000
0.681725 0.080109 0.000000
0.022357 -0.022636 0.000000
0.175044 0.130885 0.000000
0.391132 0.128372 0.000000
0.523839 0.110053 0.000000
0.195833 -0.055129 0.000000
0.792851 -0.032669 0.000000
0.852847 0.040274 0.000000
0.603042 0.095947 0.000000
0.570558 0.101974 0.000000
0.397227 0.127710 0.000000
0.668359 0.082916 0.000000
0.763321 0.062004 0.000000
0.697345 -0.044278 0.000000
0.215594 -0.056939 0.000000
0.443805 -0.063403 0.000000
0.627427 0.091219 0.000000
0.546708 0.106189 0.000000
0.084882 -0.041317 0.000000
0.851978 0.040494 0.000000
0.046807 0.084907 0.000000
0.333527 0.133575 0.000000
0.258998 0.136625 0.000000
0.950937 -0.008746 0.000000
0.763499 -0.036460 0.000000
0.007285 -0.011052 0.000000
0.477506 0.117301 0.000000
0.244230 -0.059302 0.000000
0.535207 -0.058809 0.000000
0.648083 -0.049428 0.000000
0.743732 0.066499 0.000000
0.023433 0.065991 0.000000
0.031719 -0.027194 0.000000
0.534063 -0.058885 0.000000
0.588758 -0.054808 0.000000
0.002330 -0.004455 0.000000
0.279635 0.136346 0.000000
0.569633 0.102141 0.000000
0.849291 -0.024823 0.000000
0.767835 0.060955 0.000000
0.634507 0.089816 0.000000
0.554361 0.104857 0.000000
0.004147 -0.007197 0.000000
0.869787 0.035939 0.000000
0.152199 -0.050617 0.000000
0.989599 -0.001912 0.000000
0.417270 -0.064114 0.000000
0.006818 -0.010532 0.000000
0.084543 -0.041257 0.000000
0.711066 0.073788 0.000000
0.356696 -0.064449 0.000000
0.181101 -0.053690 0.000000
0.444829 -0.063370 0.000000
0.107692 -0.044964 0.000000
0.047138 0.085132 0.000000
0.092745 -0.042658 0.000000
0.409100 0.126365 0.000000
0.339977 0.133094 0.000000
0.693531 -0.044698 0.000000
0.936043 0.018257 0.000000
0.681219 -0.046029 0.000000
0.576241 -0.055820 0.000000
0.686506 0.079094 0.000000
0.498714 -0.061010 0.000000
0.218301 -0.057175 0.000000
0.141234 0.124395 0.000000
0.639714 -0.050243 0.000000
0.770306 -0.035598 0.000000
0.373770 -0.064549 0.000000
0.543931 -0.058217 0.000000
0.193578 0.133287 0.000000
0.764453 -0.036340 0.000000
0.010926 -0.014643 0.000000
0.407826 0.126513 0.000000
0.275722 0.136435 0.000000
0.433439 0.123385 0.000000
0.442657 0.122183 0.000000
0.096304 0.110521 0.000000
0.916694 0.023544 0.000000
0.637466 -0.050459 0.000000
0.487327 0.115833 0.000000
0.055614 0.090584 0.000000
0.001884 0.036905 0.000000
0.690472 0.078247 0.000000
0.115881 -0.046121 0.000000
0.476134 0.117502 0.000000
0.976079 0.006975 0.000000
0.013833 0.055548 0.000000
0.747873 -0.038398 0.000000
0.572319 -0.056128 0.000000
0.886112 -0.019299 0.000000
0.401946 -0.064374 0.000000
0.434507 0.123247 0.000000
0.855749 -0.023878 0.000000
0.182480 -0.053827 0.000000
0.357390 -0.064455 0.000000
0.336827 -0.064116 0.000000
-0.002770 0.021999 0.000000
0.660862 0.084470 0.000000
0.167582 -0.052296 0.000000
0.772279 -0.035347 0.000000
0.499391 -0.060974 0.000000
0.714964 0.072932 0.000000
0.685434 0.079322 0.000000
0.339029 0.133167 0.000000
0.665786 0.083451 0.000000
0.050521 -0.033699 0.000000
0.896255 0.029017 0.000000
0.913205 -0.015020 0.000000
0.565173 -0.056676 0.000000
0.553620 0.104987 0.000000
0.134228 -0.048500 0.000000
0.614563 -0.052583 0.000000
0.850187 -0.024692 0.000000
0.855001 -0.023988 0.000000
0.584109 -0.055189 0.000000
0.969656 -0.005490 0.000000
0.955660 0.012788 0.000000
0.554714 -0.057453 0.000000
0.211128 0.134912 0.000000
0.287680 -0.062194 0.000000
0.091134 -0.042391 0.000000
0.903003 -0.016653 0.000000
0.203543 0.134288 0.000000
0.344218 -0.064267 0.000000
0.313298 0.134898 0.000000
0.276960 0.136407 0.000000
0.168037 0.129782 0.000000
0.108866 0.115111 0.000000
0.626854 -0.051460 0.000000
0.569354 -0.056357 0.000000
0.265932 -0.060865 0.000000
0.097818 0.111106 0.000000
0.418547 -0.064086 0.000000
0.332876 0.133622 0.000000
0.329486 -0.063931 0.000000
0.377166 -0.064550 0.000000
0.579287 -0.055578 0.000000
0.965115 0.010112 0.000000
0.672266 -0.046974 0.000000
0.545918 0.106326 0.000000
0.616932 0.093275 0.000000
0.953748 0.013326 0.000000
0.696346 0.076986 0.000000
0.919525 0.022777 0.000000
0.487950 0.115739 0.000000
0.441692 -0.063472 0.000000
0.193713 0.133302 0.000000
0.824031 -0.028426 0.000000
0.641064 0.088503 0.000000
0.293238 -0.062490 0.000000
0.022295 0.064866 0.000000
0.930047 -0.012266 0.000000
0.690735 0.078191 0.000000
0.013157 0.054714 0.000000
0.970305 0.008631 0.000000
0.507800 -0.060505 0.000000
0.854457 -0.024068 0.000000
0.510706 -0.060338 0.000000
0.638513 -0.050358 0.000000
-0.001797 0.026724 0.000000
0.215163 0.135208 0.000000
0.057187 -0.035487 0.000000
0.959784 -0.007219 0.000000
0.024918 0.067421 0.000000
0.052921 0.088910 0.000000
0.297681 0.135703 0.000000
0.300001 0.135597 0.000000
0.001994 0.037139 0.000000
0.745225 -0.038721 0.000000
0.337942 0.133250 0.000000
0.200182 -0.055539 0.000000
0.886602 -0.019223 0.000000
0.384022 0.129120 0.000000
0.095991 -0.043184 0.000000
0.889175 0.030886 0.000000
0.704339 0.075256 0.000000
-0.002650 0.022742 0.000000
0.492757 0.115005 0.000000
0.765156 -0.036251 0.000000
0.655836 0.085504 0.000000
0.195619 0.133511 0.000000
0.548584 -0.057892 0.000000
0.503936 0.113266 0.000000
0.927958 0.020479 0.000000
0.227549 0.135916 0.000000
0.116131 0.117495 0.000000
0.579837 0.100285 0.000000
0.888722 -0.018894 0.000000
-0.001495 0.027850 0.000000
0.372985 -0.064548 0.000000
0.018853 -0.020555 0.000000
0.155815 0.127554 0.000000
0.253554 -0.060002 0.000000
0.629989 0.090713 0.000000
0.026031 0.068467 0.000000
0.435463 0.123124 0.000000
0.070491 -0.038547 0.000000
0.062526 -0.036787 0.000000
0.020320 0.062852 0.000000
0.995765 -0.000782 0.000000
0.542323 0.106944 0.000000
0.335397 -0.064081 0.000000
0.379493 -0.064547 0.000000
0.199424 -0.055468 0.000000
0.231691 0.136094 0.000000
0.875629 -0.020905 0.000000
0.028553 -0.025790 0.000000
0.241555 -0.059096 0.000000
0.893812 -0.018102 0.000000
0.359907 0.131440 0.000000
0.121689 -0.046902 0.000000
0.933117 0.019064 0.000000
0.204108 -0.055904 0.000000
0.005971 0.044523 0.000000
0.183436 0.132067 0.000000
0.459452 -0.062843 0.000000
0.822083 0.047962 0.000000
0.302143 0.135500 0.000000
0.463416 -0.062686 0.000000
0.927787 0.020526 0.000000
0.792089 -0.032770 0.000000
0.676864 -0.046491 0.000000
0.999866 0.000039 0.000000
0.558558 0.104118 0.000000
0.841541 -0.025944 0.000000
0.989324 0.003135 0.000000
0.006059 -0.009652 0.000000
0.548068 0.105954 0.000000
0.636812 0.089355 0.000000
0.063887 -0.037102 0.000000
0.594123 0.097633 0.000000
0.712762 -0.042547 0.000000
0.469889 0.118411 0.000000
0.125967 -0.047460 0.000000
0.000139 -0.000308 0.000000
-0.001111 0.029152 0.000000
0.378344 0.129696 0.000000
0.504866 0.113120 0.000000
0.539586 -0.058515 0.000000
0.736691 0.068093 0.000000
-0.001476 0.027915 0.000000
0.479427 0.117016 0.000000
0.386838 0.128826 0.000000
0.524964 0.109868 0.000000
0.345571 0.132656 0.000000
0.037117 0.077868 0.000000
0.241610 0.136415 0.000000
0.665222 0.083568 0.000000
0.417588 0.125357 0.000000
0.472429 -0.062303 0.000000
0.221745 -0.057473 0.000000
0.202689 -0.055773 0.000000
0.147323 0.125789 0.000000
0.075361 -0.039537 0.000000
0.482065 -0.061859 0.000000
0.957314 0.012322 0.000000
0.194659 0.133405 0.000000
0.243758 0.136470 0.000000
0.005596 -0.009091 0.000000
0.679172 -0.046247 0.000000
0.103292 -0.044314 0.000000
0.191923 0.133105 0.000000
0.868876 0.036174 0.000000
0.058359 -0.035782 0.000000
0.876503 0.034200 0.000000
-0.000559 0.001324 0.000000
0.968595 -0.005677 0.000000
0.773022 0.059744 0.000000
0.065474 0.096263 0.000000
0.687204 -0.045387 0.000000
0.814294 -0.029775 0.000000
0.031566 0.073371 0.000000
0.702213 -0.043738 0.000000
0.131505 -0.048163 0.000000
0.833328 0.045180 0.000000
0.838508 -0.026379 0.000000
0.591678 -0.054565 0.000000
0.692027 0.077914 0.000000
0.598134 0.096878 0.000000
0.611630 -0.052846 0.000000
0.246744 -0.059496 0.000000
0.694394 0.077406 0.000000
0.523529 0.110104 0.000000
0.973482 0.007721 0.000000
0.312261 -0.063356 0.000000
0.781896 -0.034107 0.000000
0.890960 -0.018547 0.000000
0.434600 0.123235 0.000000
0.622638 -0.051850 0.000000
0.695925 0.077077 0.000000
0.909003 0.025617 0.000000
0.550047 0.105611 0.000000
0.057290 -0.035513 0.000000
0.565491 -0.056652 0.000000
0.324144 -0.063774 0.000000
0.422492 -0.063999 0.000000
0.000409 -0.000891 0.000000
0.813520 0.050061 0.000000
0.286047 -0.062103 0.000000
-0.003235 0.017351 0.000000
0.167970 -0.052337 0.000000
0.005665 0.044016 0.000000
0.769406 0.060589 0.000000
0.156589 -0.051107 0.000000
0.752966 0.064392 0.000000
0.873137 -0.021283 0.000000
0.185185 0.132298 0.000000
0.204651 0.134383 0.000000
0.582174 0.099856 0.000000
0.756798 0.063511 0.000000
0.929761 0.019985 0.000000
0.411746 -0.064221 0.000000
0.254706 -0.060085 0.000000
0.065049 0.096032 0.000000
0.980492 -0.003560 0.000000
0.219917 -0.057316 0.000000
0.882989 -0.019780 0.000000
0.586498 0.099057 0.000000
0.742772 0.066717 0.000000
0.521894 -0.059664 0.000000
0.676800 0.081149 0.000000
0.273440 -0.061353 0.000000
0.020701 -0.021686 0.000000
0.969414 -0.005533 0.000000
0.313087 -0.063388 0.000000
0.699962 -0.043988 0.000000
0.833808 -0.027049 0.000000
0.933672 0.018911 0.000000
0.156326 -0.051078 0.000000
0.653490 0.085984 0.000000
0.945154 -0.009732 0.000000
0.855262 0.039660 0.000000
0.007580 -0.011374 0.000000
0.927852 -0.012630 0.000000
0.849274 -0.024825 0.000000
0.477931 -0.062054 0.000000
0.545148 0.106459 0.000000
0.315774 -0.063491 0.000000
0.117749 -0.046374 0.000000
0.129985 0.121552 0.000000
0.714016 -0.042404 0.000000
0.215498 -0.056930 0.000000
0.006246 0.044970 0.000000
0.013971 -0.017157 0.000000
0.055022 0.090218 0.000000
0.842325 -0.025832 0.000000
0.859619 -0.023306 0.000000
0.453861 -0.063055 0.000000
0.801495 -0.031515 0.000000
0.817528 -0.029330 0.000000
-0.003260 0.014304 0.000000
0.949010 -0.009076 0.000000
0.261913 0.136612 0.000000
0.469690 0.118440 0.000000
0.491952 -0.061367 0.000000
0.505946 0.112948 0.000000
0.736561 -0.039766 0.000000
0.290507 -0.062348 0.000000
0.607426 0.095110 0.000000
0.143054 0.124828 0.000000
0.969774 0.008783 0.000000
0.699706 -0.044017 0.000000
0.670138 -0.047196 0.000000
0.316253 -0.063509 0.000000
0.778668 0.058418 0.000000
0.873428 0.034998 0.000000
0.164689 0.129203 0.000000
0.308605 0.135165 0.000000
0.097556 -0.043431 0.000000
0.398251 -0.064421 0.000000
0.745161 0.066175 0.000000
0.332821 0.133626 0.000000
0.514977 -0.060086 0.000000
0.481994 -0.061862 0.000000
0.957321 -0.007647 0.000000
0.686209 0.079157 0.000000
0.268842 -0.061059 0.000000
0.569644 -0.056335 0.000000
0.161430 0.128621 0.000000
0.858667 0.038793 0.000000
0.544004 -0.058212 0.000000
0.685424 0.079324 0.000000
0.704362 -0.043498 0.000000
0.576124 -0.055829 0.000000
0.190441 -0.054611 0.000000
0.689850 0.078380 0.000000
0.903946 0.026971 0.000000
0.948870 -0.009100 0.000000
0.555903 -0.057366 0.000000
0.781802 0.057678 0.000000
0.769058 -0.035757 0.000000
0.637235 0.089271 0.000000
0.724322 0.070862 0.000000
0.325739 -0.063821 0.000000
0.531905 -0.059026 0.000000
0.407080 0.126599 0.000000
0.482328 0.116585 0.000000
0.494799 0.114691 0.000000
0.193220 0.133248 0.000000
0.404353 0.126911 0.000000
0.500839 -0.060895 0.000000
0.605681 -0.053370 0.000000
0.809296 0.051090 0.000000
0.158693 0.128113 0.000000
0.215883 0.135259 0.000000
0.925205 0.021231 0.000000
0.818572 0.048825 0.000000
0.423028 -0.063987 0.000000
0.227574 0.135917 0.000000
0.047826 -0.032914 0.000000
0.901714 -0.016858 0.000000
0.452223 0.120894 0.000000
0.357352 -0.064455 0.000000
0.072418 0.099903 0.000000
0.075701 -0.039604 0.000000
0.001844 0.036817 0.000000
-0.002059 0.025661 0.000000
0.537766 0.107721 0.000000
0.758228 0.063182 0.000000
0.871837 0.035409 0.000000
0.785250 0.056862 0.000000
0.923447 -0.013354 0.000000
0.598834 -0.053962 0.000000
0.851204 0.040691 0.000000
0.643310 0.088051 0.000000
0.551886 -0.057656 0.000000
0.110500 -0.045368 0.000000
0.623936 0.091906 0.000000
0.450155 0.121178 0.000000
0.981531 -0.003374 0.000000
0.511990 0.111983 0.000000
0.044191 -0.031790 0.000000
0.270466 -0.061163 0.000000
0.156505 0.127691 0.000000
0.479223 -0.061994 0.000000
0.660462 0.084553 0.000000
0.998083 -0.000355 0.000000
0.199771 -0.055500 0.000000
0.526310 -0.059387 0.000000
0.012601 -0.016069 0.000000
0.808235 0.051347 0.000000
0.139987 0.124099 0.000000
0.331004 0.133757 0.000000
0.267258 -0.060954 0.000000
0.758001 0.063234 0.000000
0.795537 -0.032313 0.000000
0.670694 -0.047138 0.000000
0.256857 0.136620 0.000000
0.950257 0.014306 0.000000
0.340255 0.133072 0.000000
0.131690 0.122002 0.000000
0.122811 -0.047050 0.000000
0.968205 0.009231 0.000000
0.397464 -0.064429 0.000000
0.007923 0.047582 0.000000
0.585818 0.099182 0.000000
0.038952 -0.030016 0.000000
0.971515 0.008285 0.000000
0.736487 -0.039775 0.000000
0.757729 0.063297 0.000000
0.880340 0.033201 0.000000
0.640116 0.088693 0.000000
0.138027 -0.048963 0.000000
0.586561 -0.054989 0.000000
0.764368 0.061761 0.000000
0.822854 -0.028590 0.000000
0.222039 0.135637 0.000000
0.078779 0.102999 0.000000
0.362455 0.131212 0.000000
0.559366 -0.057112 0.000000
0.451840 -0.063130 0.000000
0.762551 -0.036579 0.000000
0.656668 -0.048573 0.000000
0.271557 0.136515 0.000000
0.765228 0.061562 0.000000
0.620661 -0.052031 0.000000
0.400308 0.127368 0.000000
0.888724 0.031005 0.000000
0.017073 -0.019393 0.000000
0.051556 -0.033990 0.000000
0.851257 0.040677 0.000000
0.500697 -0.060903 0.000000
0.729217 0.069770 0.000000
0.966262 0.009785 0.000000
0.844976 -0.025449 0.000000
0.887717 0.031270 0.000000
0.128582 0.121165 0.000000
0.233259 0.136155 0.000000
0.887043 0.031447 0.000000
0.729126 -0.040649 0.000000
-0.002004 0.005663 0.000000
0.962923 -0.006673 0.000000
0.141004 -0.049319 0.000000
0.893417 0.029768 0.000000
0.181128 -0.053693 0.000000
0.000413 0.033480 0.000000
0.470857 0.118272 0.000000
0.951232 0.014032 0.000000
0.135728 -0.048684 0.000000
0.407274 -0.064296 0.000000
0.510740 -0.060336 0.000000
0.124176 -0.047228 0.000000
0.604957 0.095582 0.000000
0.750831 0.064881 0.000000
0.233159 -0.058428 0.000000
0.919477 -0.014003 0.000000
0.937276 0.017917 0.000000
0.952801 0.013592 0.000000
0.584850 -0.055129 0.000000
0.656952 0.085275 0.000000
0.247139 -0.059526 0.000000
-0.001542 0.027680 0.000000
0.639075 0.088902 0.000000
0.488865 0.115601 0.000000
0.094796 0.109927 0.000000
0.010936 0.051845 0.000000
0.518771 0.110885 0.000000
0.852295 0.040414 0.000000
0.020124 -0.021339 0.000000
0.474788 0.117699 0.000000
0.031414 0.073242 0.000000
0.669481 0.082682 0.000000
0.132464 0.122207 0.000000
0.172316 -0.052792 0.000000
0.225492 0.135813 0.000000
0.870687 0.035706 0.000000
0.932563 -0.011849 0.000000
0.525200 0.109829 0.000000
0.481596 0.116694 0.000000
0.783883 0.057186 0.000000
0.036258 -0.029022 0.000000
0.034215 0.075565 0.000000
0.924545 0.021411 0.000000
0.601539 0.096233 0.000000
0.487859 0.115753 0.000000
0.563270 0.103282 0.000000
0.951446 -0.008659 0.000000
0.508818 -0.060447 0.000000
0.331522 0.133720 0.000000
0.854030 -0.024130 0.000000
0.790916 0.055515 0.000000
0.226610 0.135869 0.000000
0.851463 0.040625 0.000000
0.300623 -0.062855 0.000000
-0.000290 0.000669 0.000000
0.850580 -0.024635 0.000000
0.654025 -0.048838 0.000000
0.284055 -0.061991 0.000000
0.018998 -0.020646 0.000000
0.948179 0.014887 0.000000
0.117878 0.118044 0.000000
0.100848 0.112251 0.000000
0.003877 0.040877 0.000000
0.968817 0.009056 0.000000
0.832335 -0.027258 0.000000
0.402049 0.127174 0.000000
0.143226 -0.049583 0.000000
0.709968 0.074028 0.000000
0.519439 0.110776 0.000000
0.450046 0.121192 0.000000
0.307312 0.135232 0.000000
0.086727 0.106586 0.000000
0.755057 -0.037514 0.000000
0.156378 -0.051084 0.000000
0.802353 0.052771 0.000000
0.967356 -0.005896 0.000000
0.866836 0.036699 0.000000
0.613684 0.093905 0.000000
0.476062 -0.062139 0.000000
0.113174 0.116551 0.000000
0.471595 0.118165 0.000000
0.408766 0.126404 0.000000
0.653272 0.086029 0.000000
0.057716 0.091850 0.000000
0.427053 0.124195 0.000000
0.085324 0.105974 0.000000
0.585316 -0.055091 0.000000
0.768537 -0.035824 0.000000
0.262656 -0.060643 0.000000
0.555661 -0.057383 0.000000
0.076400 -0.039742 0.000000
0.972015 0.008142 0.000000
0.922644 -0.013486 0.000000
0.203171 -0.055818 0.000000
0.616881 0.093285 0.000000
0.006674 0.045657 0.000000
0.003386 0.039952 0.000000
0.695927 -0.044435 0.000000
0.433044 0.123436 0.000000
0.924440 0.021440 0.000000
0.597752 0.096950 0.000000
0.811250 0.050614 0.000000
0.618928 0.092886 0.000000
0.174091 -0.052976 0.000000
0.524902 0.109878 0.000000
0.118632 -0.046494 0.000000
0.291413 -0.062395 0.000000
0.067658 -0.037943 0.000000
0.597520 -0.054073 0.000000
0.541545 -0.058381 0.000000
0.627713 -0.051381 0.000000
0.973399 -0.004827 0.000000
0.030145 -0.026510 0.000000
0.611447 -0.052862 0.000000
0.474831 0.117693 0.000000
0.125101 -0.047348 0.000000
0.438835 -0.063560 0.000000
0.771523 0.060094 0.000000
0.777556 -0.034669 0.000000
0.347231 -0.064318 0.000000
0.343791 -0.064260 0.000000
0.720095 0.071799 0.000000
0.542568 -0.058311 0.000000
0.435706 0.123092 0.000000
0.001722 -0.003419 0.000000
0.990153 -0.001811 0.000000
0.948679 0.014747 0.000000
0.520665 0.110575 0.000000
0.610819 -0.052918 0.000000
0.569421 -0.056352 0.000000
0.581027 -0.055439 0.000000
0.233106 -0.058423 0.000000
0.494140 0.114794 0.000000
0.810046 -0.030357 0.000000
0.482988 -0.061815 0.000000
0.515079 0.111486 0.000000
0.958730 0.011922 0.000000
0.013965 0.055710 0.000000
-0.002729 0.022259 0.000000
0.393502 0.128117 0.000000
0.777138 0.058778 0.000000
0.729658 -0.040586 0.000000
0.689541 -0.045133 0.000000
0.863685 0.037509 0.000000
0.053091 0.089018 0.000000
0.519224 0.110811 0.000000
0.024631 0.067148 0.000000
0.565319 0.102915 0.000000
0.662961 -0.047935 0.000000
0.595497 0.097376 0.000000
0.386955 -0.064520 0.000000
0.111515 -0.045512 0.000000
0.977126 -0.004164 0.000000
0.507189 0.112750 0.000000
0.820667 0.048311 0.000000
0.569954 -0.056311 0.000000
0.274527 -0.061422 0.000000
0.974090 -0.004705 0.000000
0.304739 0.135366 0.000000
0.327418 -0.063870 0.000000
0.615782 -0.052474 0.000000
0.046217 -0.032427 0.000000
0.554094 -0.057498 0.000000
0.889901 -0.018711 0.000000
0.331590 0.133715 0.000000
0.214751 0.135178 0.000000
0.962715 -0.006709 0.000000
0.522774 0.110229 0.000000
0.006328 0.045103 0.000000
0.388803 0.128621 0.000000
0.499524 0.113959 0.000000
0.296782 0.135744 0.000000
0.586694 0.099020 0.000000
0.621612 -0.051944 0.000000
0.113452 -0.045784 0.000000
0.804214 0.052321 0.000000
0.788731 0.056035 0.000000
0.584241 0.099474 0.000000
0.127321 0.120815 0.000000
0.908033 -0.015851 0.000000
0.356650 0.131729 0.000000
0.010663 -0.014405 0.000000
0.699738 0.076254 0.000000
0.697866 0.076658 0.000000
0.026271 -0.024695 0.000000
0.753414 -0.037717 0.000000
0.547035 -0.058000 0.000000
0.536597 0.107920 0.000000
0.503212 -0.060764 0.000000
0.426338 -0.063905 0.000000
0.265963 0.136593 0.000000
0.986282 -0.002515 0.000000
0.482941 0.116494 0.000000
0.085892 0.106225 0.000000
0.715573 0.072798 0.000000
0.639175 -0.050295 0.000000
0.171717 0.130372 0.000000
0.445357 0.121823 0.000000
0.736279 -0.039800 0.000000
0.712372 0.073501 0.000000
0.774695 0.059352 0.000000
0.845145 0.042221 0.000000
0.977981 -0.004011 0.000000
0.086430 -0.041588 0.000000
0.741067 -0.039224 0.000000
0.463137 0.119376 0.000000
0.438106 -0.063582 0.000000
0.723834 0.070970 0.000000
0.821390 -0.028794 0.000000
0.051678 0.088124 0.000000
0.701025 0.075975 0.000000
0.041493 0.081163 0.000000
0.777009 -0.034740 0.000000
0.011738 -0.015349 0.000000
0.174604 0.130820 0.000000
0.322947 0.134306 0.000000
0.331309 0.133735 0.000000
0.463588 -0.062679 0.000000
0.332045 -0.063997 0.000000
0.398314 -0.064420 0.000000
0.819366 -0.029075 0.000000
0.914995 -0.014731 0.000000
0.291417 -0.062395 0.000000
0.274285 0.136468 0.000000
0.179597 0.131550 0.000000
0.731189 -0.040405 0.000000
0.842725 0.042830 0.000000
0.185077 -0.054086 0.000000
0.875273 -0.020959 0.000000
0.969288 0.008922 0.000000
0.810201 -0.030336 0.000000
0.793814 0.054822 0.000000
0.716605 0.072570 0.000000
0.677616 0.080977 0.000000
0.087388 -0.041756 0.000000
0.880676 0.033113 0.000000
0.946728 0.015292 0.000000
0.596345 0.097216 0.000000
0.264778 0.136599 0.000000
0.428399 -0.063854 0.000000
0.166695 -0.052202 0.000000
0.025091 -0.024101 0.000000
0.798382 0.053727 0.000000
0.929409 -0.012372 0.000000
0.068596 -0.038146 0.000000
0.977479 0.006571 0.000000
0.009594 -0.013414 0.000000
0.748546 0.065403 0.000000
0.276511 -0.061544 0.000000
0.215700 0.135247 0.000000
0.332168 -0.064000 0.000000
0.524392 0.109962 0.000000
0.633722 -0.050815 0.000000
0.524431 -0.059506 0.000000
0.130098 -0.047986 0.000000
0.287062 -0.062160 0.000000
0.196190 0.133573 0.000000
0.590306 0.098348 0.000000
0.533281 -0.058936 0.000000
0.327995 -0.063887 0.000000
0.764913 0.061635 0.000000
0.292126 0.135935 0.000000
0.270309 0.136533 0.000000
0.852682 0.040316 0.000000
0.999057 -0.000175 0.000000
0.069134 0.098217 0.000000
0.433493 0.123378 0.000000
0.706662 -0.043239 0.000000
0.229235 0.136000 0.000000
0.906989 0.026157 0.000000
0.341125 0.133005 0.000000
0.993939 -0.001118 0.000000
0.565803 -0.056629 0.000000
0.001798 0.036717 0.000000
0.958214 0.012068 0.000000
0.954428 -0.008146 0.000000
0.139722 -0.049167 0.000000
0.281275 -0.061831 0.000000
0.575763 -0.055858 0.000000
0.067228 0.097211 0.000000
0.225566 -0.057798 0.000000
0.440798 0.122428 0.000000
0.694307 -0.044613 0.000000
0.078588 0.102909 0.000000
0.177668 -0.053342 0.000000
0.377667 -0.064549 0.000000
0.952899 0.013565 0.000000
0.970872 -0.005275 0.000000
0.695980 0.077065 0.000000
0.113737 0.116734 0.000000
0.896756 0.028884 0.000000
0.414410 -0.064170 0.000000
0.544706 0.106535 0.000000
0.803470 -0.031249 0.000000
0.186582 0.132468 0.000000
0.938677 -0.010826 0.000000
0.775549 0.059151 0.000000
0.253151 -0.059972 0.000000
0.808833 -0.030522 0.000000
0.856413 0.039368 0.000000
0.012080 -0.015638 0.000000
0.583260 0.099655 0.000000
0.248302 0.136544 0.000000
0.347362 -0.064320 0.000000
0.071760 0.099570 0.000000
0.850775 -0.024607 0.000000
0.668663 0.082853 0.000000
0.647186 0.087267 0.000000
0.930860 -0.012132 0.000000
0.198287 -0.055362 0.000000
0.733101 -0.040178 0.000000
0.439373 -0.063544 0.000000
0.800240 -0.031684 0.000000
0.611337 -0.052872 0.000000
-0.000481 0.001130 0.000000
0.786213 0.056634 0.000000
0.375759 -0.064552 0.000000
0.927792 0.020524 0.000000
-0.002801 0.021796 0.000000
0.186377 0.132443 0.000000
0.269567 0.136543 0.000000
0.285243 0.136181 0.000000
0.008238 0.048052 0.000000
0.138576 0.123763 0.000000
0.125131 -0.047352 0.000000
0.277067 0.136405 0.000000
0.379058 -0.064548 0.000000
0.961465 -0.006927 0.000000
0.442081 0.122259 0.000000
0.824053 -0.028423 0.000000
0.149270 -0.050283 0.000000
0.579425 -0.055567 0.000000
0.832330 -0.027259 0.000000
0.103949 0.113386 0.000000
0.939792 0.017221 0.000000
0.720531 -0.041654 0.000000
0.363328 0.131134 0.000000
0.556425 0.104494 0.000000
0.028429 0.070649 0.000000
0.646730 -0.049561 0.000000
0.415365 -0.064151 0.000000
0.771304 0.060146 0.000000
0.202489 0.134194 0.000000
0.864294 -0.022612 0.000000
0.891214 0.030349 0.000000
0.639665 0.088784 0.000000
0.739946 0.067358 0.000000
0.127807 0.120950 0.000000
0.092961 -0.042694 0.000000
0.473956 0.117821 0.000000
0.483905 -0.061771 0.000000
0.648438 0.087013 0.000000
0.522894 -0.059602 0.000000
0.650236 -0.049215 0.000000
0.445337 -0.063354 0.000000
0.637927 0.089133 0.000000
0.002996 0.039194 0.000000
0.833183 -0.027138 0.000000
0.411507 0.126082 0.000000
0.501750 -0.060845 0.000000
0.481667 0.116683 0.000000
0.190454 0.132941 0.000000
0.034309 0.075641 0.000000
0.715149 0.072891 0.000000
0.833862 0.045047 0.000000
0.353063 0.132036 0.000000
0.429283 0.123913 0.000000
0.185061 0.132283 0.000000
0.767294 0.061081 0.000000
0.666994 0.083200 0.000000
0.821721 -0.028748 0.000000
0.893922 0.029634 0.000000
0.244777 0.136487 0.000000
0.406447 0.126671 0.000000
0.517693 0.111060 0.000000
0.347143 -0.064316 0.000000
0.795008 -0.032383 0.000000
0.994295 -0.001053 0.000000
0.824361 -0.028380 0.000000
0.488676 0.115629 0.000000
0.826232 0.046939 0.000000
0.725855 0.070520 0.000000
0.925550 0.021137 0.000000
0.676889 0.081130 0.000000
0.580752 -0.055461 0.000000
0.346940 -0.064313 0.000000
0.025606 -0.024362 0.000000
0.878659 -0.020443 0.000000
0.211635 -0.056587 0.000000
0.518433 -0.059877 0.000000
0.059761 -0.036128 0.000000
0.748703 -0.038296 0.000000
0.966483 -0.006049 0.000000
0.666355 0.083333 0.000000
0.943232 0.016266 0.000000
0.313904 0.134863 0.000000
0.154017 -0.050820 0.000000
0.215272 -0.056911 0.000000
0.806430 0.051785 0.000000
0.973225 0.007795 0.000000
0.060474 -0.036300 0.000000
0.444188 0.121980 0.000000
0.982260 0.005189 0.000000
0.532726 0.108573 0.000000
0.933959 0.018831 0.000000
0.114945 -0.045991 0.000000
0.750702 0.064911 0.000000
0.511342 -0.060300 0.000000
0.671358 -0.047069 0.000000
0.154569 0.127306 0.000000
0.651046 -0.049135 0.000000
0.330222 0.133814 0.000000
0.005852 0.044326 0.000000
0.901791 -0.016845 0.000000
0.053409 0.089219 0.000000
0.930813 0.019697 0.000000
0.163103 0.128929 0.000000
0.570235 0.102032 0.000000
0.303134 0.135449 0.000000
0.044330 0.083197 0.000000
0.010850 -0.014574 0.000000
0.690916 0.078152 0.000000
-0.001297 0.028535 0.000000
0.780245 -0.034321 0.000000
0.044768 0.083502 0.000000
0.563395 0.103259 0.000000
0.912738 0.024612 0.000000
0.186039 -0.054182 0.000000
0.017353 -0.019580 0.000000
0.043149 0.082358 0.000000
0.870236 0.035823 0.000000
0.085543 0.106070 0.000000
0.844920 0.042278 0.000000
0.176056 -0.053179 0.000000
0.113738 -0.045823 0.000000
0.114011 -0.045861 0.000000
0.032297 0.073986 0.000000
0.974478 -0.004636 0.000000
0.331738 -0.063990 0.000000
0.520715 -0.059738 0.000000
0.370920 0.130423 0.000000
0.537772 -0.058637 0.000000
0.568857 0.102281 0.000000
0.435994 -0.063645 0.000000
0.792764 0.055073 0.000000
0.795730 0.054363 0.000000
0.539372 -0.058530 0.000000
0.001587 -0.003177 0.000000
0.723351 -0.041326 0.000000
0.953978 -0.008224 0.000000
0.325651 -0.063818 0.000000
0.041123 -0.030776 0.000000
0.106653 -0.044812 0.000000
0.739392 -0.039426 0.000000
0.863455 0.037568 0.000000
0.600046 0.096517 0.000000
0.089053 0.107581 0.000000
0.430819 -0.063790 0.000000
0.069765 0.098546 0.000000
0.250743 0.136584 0.000000
0.939665 -0.010660 0.000000
0.974437 -0.004643 0.000000
0.031067 -0.026917 0.000000
0.560879 0.103707 0.000000
0.227312 0.135904 0.000000
0.000766 -0.001621 0.000000
0.062852 0.094814 0.000000
0.988992 -0.002023 0.000000
0.009275 0.049556 0.000000
0.293672 0.135876 0.000000
0.893020 -0.018225 0.000000
0.878813 0.033599 0.000000
0.824211 -0.028401 0.000000
0.671465 -0.047057 0.000000
0.177580 0.131259 0.000000
0.510004 -0.060379 0.000000
0.452638 0.120838 0.000000
0.659690 -0.048268 0.000000
0.437005 -0.063615 0.000000
0.635388 0.089640 0.000000
0.301490 -0.062896 0.000000
0.638154 -0.050393 0.000000
0.074657 -0.039398 0.000000
0.951549 -0.008641 0.000000
0.343620 -0.064257 0.000000
0.879081 -0.020379 0.000000
0.749140 0.065268 0.000000
0.800470 0.053225 0.000000
0.339485 -0.064172 0.000000
0.202351 0.134180 0.000000
0.222855 0.135682 0.000000
0.354200 -0.064418 0.000000
0.859495 0.038581 0.000000
0.657669 0.085128 0.000000
0.404848 0.126854 0.000000
0.995271 -0.000873 0.000000
0.398585 0.127559 0.000000
0.817009 0.049208 0.000000
0.811949 -0.030097 0.000000
0.188305 0.132679 0.000000
0.015264 0.057264 0.000000
0.019816 -0.021153 0.000000
0.697845 -0.044223 0.000000
0.017213 0.059500 0.000000
0.214537 0.135162 0.000000
0.910117 0.025318 0.000000
0.882609 -0.019838 0.000000
0.786263 0.056622 0.000000
0.174403 -0.053008 0.000000
0.667219 0.083153 0.000000
0.510296 -0.060362 0.000000
0.438954 0.122671 0.000000
0.694464 0.077391 0.000000
0.297223 0.135724 0.000000
0.317828 0.134628 0.000000
0.169004 -0.052446 0.000000
0.268307 -0.061024 0.000000
0.424425 0.124521 0.000000
0.027957 0.070227 0.000000
0.748529 -0.038318 0.000000
0.146541 -0.049969 0.000000
0.923723 0.021636 0.000000
0.482960 -0.061816 0.000000
0.962078 -0.006820 0.000000
0.109815 -0.045270 0.000000
0.437474 -0.063601 0.000000
0.235305 -0.058600 0.000000
0.007184 -0.010942 0.000000
0.816274 0.049388 0.000000
0.452217 -0.063116 0.000000
0.822656 -0.028618 0.000000
0.876221 0.034273 0.000000
0.462546 -0.062721 0.000000
0.848931 -0.024875 0.000000
0.922944 -0.013437 0.000000
0.200116 -0.055533 0.000000
0.132776 0.122290 0.000000
0.677969 0.080902 0.000000
0.616206 -0.052436 0.000000
0.744142 -0.038852 0.000000
0.102045 -0.044126 0.000000
0.881674 -0.019982 0.000000
0.682660 -0.045875 0.000000
0.781868 -0.034111 0.000000
0.969056 0.008988 0.000000
0.994627 -0.000992 0.000000
0.098527 0.111380 0.000000
0.162469 -0.051749 0.000000
0.160351 -0.051520 0.000000
0.157347 0.127858 0.000000
0.807836 -0.030658 0.000000
0.131009 0.121822 0.000000
0.289932 0.136020 0.000000
0.507146 -0.060542 0.000000
0.996814 -0.000589 0.000000
0.137036 0.123377 0.000000
0.090183 0.108051 0.000000
0.586932 0.098976 0.000000
0.989051 0.003215 0.000000
0.730583 0.069465 0.000000
0.812071 -0.030080 0.000000
0.553703 -0.057526 0.000000
0.725439 -0.041082 0.000000
0.142684 -0.049519 0.000000
0.406241 -0.064313 0.000000
0.196963 0.133655 0.000000
0.133112 -0.048362 0.000000
0.145191 -0.049812 0.000000
0.423951 0.124580 0.000000
0.931015 0.019641 0.000000
0.259990 -0.060460 0.000000
0.198438 0.133799 0.000000
0.111732 -0.045542 0.000000
0.420611 0.124992 0.000000
0.013498 -0.016789 0.000000
0.267528 -0.060973 0.000000
0.670424 -0.047166 0.000000
0.224445 -0.057702 0.000000
0.789831 -0.033069 0.000000
0.013196 0.054762 0.000000
0.816164 0.049415 0.000000
0.575235 0.101126 0.000000
0.923214 -0.013393 0.000000
0.568959 0.102263 0.000000
0.789459 -0.033117 0.000000
0.988211 0.003460 0.000000
0.666493 -0.047573 0.000000
0.888649 0.031025 0.000000
0.162693 -0.051773 0.000000
0.436731 0.122960 0.000000
0.243576 -0.059252 0.000000
0.927778 0.020528 0.000000
0.848729 -0.024905 0.000000
0.662662 0.084098 0.000000
0.966225 0.009796 0.000000
0.354588 0.131906 0.000000
0.295063 -0.062585 0.000000
0.599265 0.096664 0.000000
0.470909 -0.062369 0.000000
0.724888 -0.041146 0.000000
0.373047 -0.064548 0.000000
0.071924 0.099654 0.000000
0.709729 0.074080 0.000000
0.226749 0.135876 0.000000
0.066434 0.096783 0.000000
0.722523 0.071261 0.000000
0.186375 -0.054215 0.000000
0.355584 0.131820 0.000000
0.961497 -0.006921 0.000000
0.317462 -0.063552 0.000000
0.045140 0.083761 0.000000
0.275785 0.136434 0.000000
0.707411 -0.043154 0.000000
0.070182 0.098761 0.000000
0.632657 -0.050916 0.000000
0.345950 -0.064296 0.000000
0.656276 -0.048613 0.000000
0.886657 0.031548 0.000000
0.714422 -0.042358 0.000000
0.009764 0.050245 0.000000
0.201269 0.134075 0.000000
0.943941 -0.009938 0.000000
0.225162 -0.057763 0.000000
0.371991 -0.064545 0.000000
0.396966 -0.064434 0.000000
0.343636 -0.064257 0.000000
0.657126 -0.048527 0.000000
0.668983 -0.047316 0.000000
0.218326 0.135409 0.000000
0.459311 -0.062848 0.000000
0.980534 0.005689 0.000000
0.191387 0.133046 0.000000
0.428170 0.124054 0.000000
0.934203 0.018764 0.000000
0.516830 -0.059974 0.000000
0.349354 0.132348 0.000000
0.457233 0.120204 0.000000
0.110315 0.115603 0.000000
0.514161 0.111634 0.000000
0.394460 0.128013 0.000000
0.266788 -0.060923 0.000000
0.320272 -0.063647 0.000000
0.451072 0.121052 0.000000
0.125480 0.120304 0.000000
0.421355 0.124900 0.000000
0.815770 -0.029572 0.000000
0.293608 0.135878 0.000000
0.270810 -0.061185 0.000000
0.820164 -0.028964 0.000000
0.690720 -0.045005 0.000000
0.889442 0.030816 0.000000
0.474185 0.117788 0.000000
0.058819 -0.035896 0.000000
0.246623 -0.059487 0.000000
0.813744 0.050006 0.000000
0.502275 0.113527 0.000000
0.383862 -0.064534 0.000000
0.118287 0.118169 0.000000
0.393778 0.128087 0.000000
0.467893 0.118699 0.000000
0.711405 0.073714 0.000000
0.471398 0.118194 0.000000
0.061696 -0.036592 0.000000
0.455828 -0.062982 0.000000
0.656339 0.085401 0.000000
0.545488 -0.058109 0.000000
0.121933 0.119271 0.000000
0.118992 0.118383 0.000000
0.764190 -0.036373 0.000000
0.579871 0.100279 0.000000
0.822657 0.047821 0.000000
0.008707 0.048740 0.000000
0.875158 0.034549 0.000000
0.167713 -0.052309 0.000000
0.674499 -0.046740 0.000000
0.430193 -0.063807 0.000000
0.438855 -0.063559 0.000000
0.029861 0.071909 0.000000
0.896711 -0.017647 0.000000
0.964675 -0.006366 0.000000
0.848134 0.041467 0.000000
0.397572 -0.064428 0.000000
0.727685 0.070113 0.000000
0.891181 -0.018512 0.000000
0.124613 -0.047285 0.000000
0.677561 0.080988 0.000000
0.423048 -0.063986 0.000000
0.549572 0.105693 0.000000
0.142484 0.124693 0.000000
0.460149 0.119798 0.000000
0.533162 0.108499 0.000000
0.254599 0.136607 0.000000
0.613444 -0.052683 0.000000
0.005019 0.042919 0.000000
0.144879 0.125240 0.000000
0.551567 -0.057679 0.000000
0.442838 -0.063435 0.000000
0.832452 0.045398 0.000000
0.908484 -0.015779 0.000000
0.590267 -0.054683 0.000000
0.105406 -0.044629 0.000000
0.915663 0.023823 0.000000
0.382369 -0.064540 0.000000
0.344890 0.132711 0.000000
0.960171 0.011515 0.000000
0.623899 -0.051734 0.000000
0.071458 0.099415 0.000000
0.917743 -0.014286 0.000000
0.278187 0.136379 0.000000
0.139762 -0.049172 0.000000
0.867875 0.036432 0.000000
0.712525 -0.042574 0.000000
0.553505 -0.057540 0.000000
0.400215 -0.064398 0.000000
0.283437 -0.061956 0.000000
0.292121 -0.062432 0.000000
0.562291 0.103456 0.000000
0.632839 -0.050899 0.000000
0.908357 0.025790 0.000000
0.787564 -0.033367 0.000000
0.746791 0.065804 0.000000
0.817179 -0.029378 0.000000
0.574999 -0.055918 0.000000
0.321946 0.134369 0.000000
0.381789 -0.064543 0.000000
0.859025 0.038701 0.000000
0.216883 0.135320 0.000000
0.737168 0.067985 0.000000
0.793431 0.054914 0.000000
0.968965 -0.005612 0.000000
0.145722 -0.049874 0.000000
0.437808 -0.063591 0.000000
0.806543 0.051758 0.000000
0.367131 -0.064529 0.000000
0.834818 -0.026906 0.000000
0.415774 -0.064143 0.000000
0.429451 -0.063827 0.000000
0.086003 -0.041513 0.000000
0.681357 0.080187 0.000000
0.940415 -0.010534 0.000000
0.693837 -0.044665 0.000000
0.606342 0.095317 0.000000
0.709471 -0.042921 0.000000
0.617612 -0.052308 0.000000
0.409584 0.126308 0.000000
0.504802 -0.060676 0.000000
0.288067 0.136092 0.000000
0.120090 0.118718 0.000000
0.181171 0.131762 0.000000
0.061163 0.093857 0.000000
0.467072 -0.062534 0.000000
0.857060 -0.023685 0.000000
0.636580 -0.050544 0.000000
0.266810 0.136581 0.000000
0.183048 -0.053884 0.000000
0.674487 0.081634 0.000000
0.793877 0.054807 0.000000
0.410548 0.126194 0.000000
0.790057 -0.033039 0.000000
0.042272 0.081730 0.000000
0.688370 0.078696 0.000000
0.755689 -0.037435 0.000000
0.399951 -0.064401 0.000000
0.538005 -0.058622 0.000000
0.458106 0.120082 0.000000
0.152362 0.126863 0.000000
0.867439 0.036544 0.000000
0.988709 0.003315 0.000000
0.691315 -0.044940 0.000000
0.088409 0.107305 0.000000
0.776250 0.058986 0.000000
0.220805 -0.057393 0.000000
0.222480 0.135663 0.000000
0.574276 -0.055974 0.000000
0.636709 0.089376 0.000000
0.388949 -0.064506 0.000000
0.304977 -0.063053 0.000000
0.522678 0.110244 0.000000
0.398751 -0.064415 0.000000
0.067498 -0.037908 0.000000
0.568388 -0.056432 0.000000
0.005740 0.044141 0.000000
0.197076 0.133666 0.000000
0.198707 -0.055401 0.000000
0.045502 0.084013 0.000000
0.662288 -0.048004 0.000000
0.381536 0.129374 0.000000
0.388702 0.128632 0.000000
0.822503 0.047859 0.000000
0.136257 0.123181 0.000000
0.943525 -0.010009 0.000000
0.496608 0.114411 0.000000
0.831235 0.045700 0.000000
0.130899 -0.048088 0.000000
0.819073 0.048702 0.000000
0.004906 0.042723 0.000000
0.312682 0.134933 0.000000
0.138818 -0.049059 0.000000
0.597323 -0.054090 0.000000
0.211063 -0.056535 0.000000
0.212635 0.135023 0.000000
0.891962 0.030152 0.000000
0.500676 -0.060904 0.000000
0.131446 0.121938 0.000000
0.586390 0.099077 0.000000
0.635797 0.089558 0.000000
0.083101 -0.040997 0.000000
0.253985 -0.060033 0.000000
0.275780 0.136434 0.000000
0.249206 0.136559 0.000000
0.568516 0.102342 0.000000
0.721239 -0.041572 0.000000
0.345550 -0.064289 0.000000
0.691915 0.077938 0.000000
0.002394 -0.004560 0.000000
0.827122 0.046719 0.000000
0.407981 -0.064284 0.000000
0.740148 -0.039335 0.000000
0.830314 0.045929 0.000000
0.406682 -0.064306 0.000000
0.056411 0.091064 0.000000
0.211847 -0.056606 0.000000
0.199367 -0.055463 0.000000
0.282343 -0.061895 0.000000
0.339557 -0.064173 0.000000
0.464289 0.119213 0.000000
0.643079 0.088097 0.000000
0.199577 -0.055482 0.000000
0.781223 -0.034195 0.000000
0.209129 0.134765 0.000000
0.095256 0.110111 0.000000
0.293760 0.135872 0.000000
0.309425 -0.063245 0.000000
0.337051 -0.064121 0.000000
0.590007 0.098403 0.000000
0.531477 -0.059054 0.000000
0.303526 0.135429 0.000000
0.871274 -0.021564 0.000000
0.573074 0.101519 0.000000
0.598797 -0.053965 0.000000
0.709235 0.074188 0.000000
0.264798 -0.060788 0.000000
0.833032 0.045253 0.000000
0.021462 0.064027 0.000000
0.796928 -0.032127 0.000000
0.968334 0.009195 0.000000
0.966067 0.009841 0.000000
0.644189 0.087873 0.000000
0.530065 0.109020 0.000000
0.642663 0.088181 0.000000
0.116399 -0.046191 0.000000
0.360551 -0.064484 0.000000
-0.002618 0.008363 0.000000
0.676987 -0.046478 0.000000
0.694909 0.077295 0.000000
0.157800 0.127947 0.000000
0.545996 0.106312 0.000000
0.664476 0.083723 0.000000
0.431349 -0.063775 0.000000
-0.000697 0.030441 0.000000
0.515377 -0.060062 0.000000
0.904197 0.026904 0.000000
0.150930 0.126560 0.000000
0.774879 -0.035014 0.000000
0.880389 -0.020179 0.000000
0.341910 0.132945 0.000000
0.441804 0.122295 0.000000
0.126229 -0.047494 0.000000
0.385025 -0.064528 0.000000
0.478294 -0.062037 0.000000
0.010950 -0.014664 0.000000
0.061886 0.094271 0.000000
0.665768 0.083455 0.000000
0.195355 0.133482 0.000000
0.621384 -0.051965 0.000000
0.055803 0.090698 0.000000
0.011105 0.052070 0.000000
0.211187 -0.056546 0.000000
0.865797 0.036966 0.000000
0.517850 -0.059912 0.000000
0.406845 -0.064303 0.000000
0.769668 -0.035680 0.000000
0.790162 0.055694 0.000000
0.469574 0.118457 0.000000
0.038903 -0.029998 0.000000
0.094347 -0.042919 0.000000
0.472662 0.118010 0.000000
0.701135 -0.043858 0.000000
0.299756 -0.062813 0.000000
0.552149 -0.057637 0.000000
0.327605 0.133992 0.000000
0.881463 -0.020014 0.000000
0.969939 0.008736 0.000000
0.400729 -0.064391 0.000000
0.875613 0.034431 0.000000
0.133878 0.122581 0.000000
0.848014 0.041497 0.000000
0.040965 -0.030721 0.000000
0.024218 0.066751 0.000000
0.724923 0.070728 0.000000
0.891575 -0.018451 0.000000
0.297630 -0.062712 0.000000
0.116027 0.117462 0.000000
0.655401 0.085593 0.000000
0.580156 -0.055508 0.000000
0.226261 -0.057857 0.000000
0.311125 0.135023 0.000000
0.073636 0.100510 0.000000
0.626949 -0.051452 0.000000
0.483786 0.116367 0.000000
0.974702 0.007371 0.000000
0.170929 0.130246 0.000000
0.888101 0.031169 0.000000
0.885330 0.031896 0.000000
0.069096 0.098197 0.000000
0.325850 0.134111 0.000000
0.253089 -0.059968 0.000000
0.505729 -0.060623 0.000000
0.067793 0.097509 0.000000
0.111170 0.115887 0.000000
0.131334 0.121908 0.000000
0.913438 -0.014983 0.000000
0.988960 -0.002029 0.000000
0.063575 0.095217 0.000000
0.156047 0.127600 0.000000
0.099875 -0.043794 0.000000
0.071752 0.099566 0.000000
0.778060 0.058561 0.000000
0.769276 -0.035730 0.000000
0.271657 -0.061239 0.000000
0.018098 0.060480 0.000000
-0.001233 0.028753 0.000000
0.117794 -0.046380 0.000000
0.789153 -0.033158 0.000000
0.155899 -0.051030 0.000000
0.870529 0.035747 0.000000
0.979457 -0.003746 0.000000
0.391865 -0.064484 0.000000
0.277927 -0.061629 0.000000
0.152138 -0.050610 0.000000
0.975109 -0.004523 0.000000
0.021984 -0.022426 0.000000
0.075247 0.101306 0.000000
0.792330 -0.032738 0.000000
0.418307 0.125271 0.000000
0.960037 -0.007176 0.000000
0.666041 -0.047620 0.000000
0.637273 -0.050477 0.000000
0.507092 0.112766 0.000000
0.716912 -0.042072 0.000000
0.334624 0.133495 0.000000
0.964830 -0.006339 0.000000
0.139550 0.123995 0.000000
0.159164 -0.051389 0.000000
0.943424 -0.010026 0.000000
0.391752 -0.064485 0.000000
0.036950 -0.029284 0.000000
0.345698 0.132645 0.000000
0.486293 -0.061653 0.000000
0.174330 -0.053000 0.000000
0.508840 0.112488 0.000000
0.826812 0.046796 0.000000
0.242733 -0.059187 0.000000
0.593973 0.097661 0.000000
0.292705 0.135913 0.000000
0.337593 -0.064132 0.000000
0.798919 0.053598 0.000000
0.973373 0.007752 0.000000
0.815451 0.049589 0.000000
0.771015 0.060213 0.000000
0.055405 -0.035029 0.000000
-0.003251 0.016966 0.000000
0.593137 0.097818 0.000000
0.122626 -0.047026 0.000000
0.558210 -0.057197 0.000000
0.701532 -0.043814 0.000000
0.299369 -0.062795 0.000000
0.978428 -0.003931 0.000000
0.895917 0.029106 0.000000
0.636388 0.089440 0.000000
0.906694 0.026236 0.000000
0.024191 0.066725 0.000000
0.913738 -0.014934 0.000000
0.672841 0.081980 0.000000
0.399695 0.127436 0.000000
0.870184 -0.021729 0.000000
0.380219 -0.064546 0.000000
0.507684 0.112672 0.000000
0.537894 0.107699 0.000000
0.516619 0.111235 0.000000
0.177663 0.131271 0.000000
0.376985 -0.064550 0.000000
0.268272 -0.061022 0.000000
0.008888 0.049002 0.000000
0.432113 0.123556 0.000000
0.068023 0.097630 0.000000
0.715772 -0.042203 0.000000
-0.003063 0.011387 0.000000
0.394961 0.127959 0.000000
0.383799 -0.064534 0.000000
0.902490 -0.016734 0.000000
0.785325 0.056844 0.000000
0.987665 -0.002264 0.000000
0.930826 0.019693 0.000000
0.884346 0.032154 0.000000
0.387773 0.128729 0.000000
0.495040 0.114654 0.000000
0.978394 -0.003937 0.000000
0.063554 -0.037025 0.000000
0.126992 -0.047593 0.000000
0.628626 -0.051295 0.000000
0.543946 -0.058216 0.000000
0.706121 -0.043300 0.000000
0.374699 -0.064551 0.000000
0.795445 0.054432 0.000000
0.265339 0.136597 0.000000
0.447246 0.121570 0.000000
0.203432 0.134279 0.000000
0.935954 -0.011283 0.000000
0.022388 0.064960 0.000000
0.912787 -0.015088 0.000000
0.073652 -0.039197 0.000000
0.035690 0.076748 0.000000
0.464954 0.119118 0.000000
0.482944 -0.061817 0.000000
0.903803 0.027009 0.000000
0.799196 0.053531 0.000000
0.017264 0.059557 0.000000
0.056694 0.091234 0.000000
0.105045 0.113779 0.000000
0.137913 -0.048949 0.000000
0.223167 -0.057594 0.000000
0.016119 -0.018736 0.000000
0.657595 0.085143 0.000000
0.745535 -0.038683 0.000000
0.495030 0.114656 0.000000
0.418870 -0.064079 0.000000
0.895139 -0.017894 0.000000
0.727957 0.070052 0.000000
0.195327 -0.055081 0.000000
0.890415 0.030560 0.000000
0.708700 -0.043009 0.000000
0.959832 0.011610 0.000000
0.384755 -0.064530 0.000000
0.319905 0.134498 0.000000
0.626275 0.091447 0.000000
0.197765 -0.055313 0.000000
0.082853 -0.040952 0.000000
0.031001 0.072891 0.000000
0.478606 0.117138 0.000000
0.144137 0.125073 0.000000
-0.002722 0.022303 0.000000
0.910575 0.025194 0.000000
0.008017 -0.011839 0.000000
0.670371 -0.047172 0.000000
0.944213 -0.009892 0.000000
0.496090 -0.061151 0.000000
0.377846 -0.064549 0.000000
0.999323 0.000200 0.000000
0.646510 -0.049582 0.000000
-0.002814 0.021707 0.000000
0.858267 0.038895 0.000000
0.316044 0.134739 0.000000
0.577791 0.100660 0.000000
0.675809 -0.046602 0.000000
0.496888 -0.061108 0.000000
0.842357 0.042922 0.000000
0.096244 0.110498 0.000000
0.681587 0.080138 0.000000
0.145074 -0.049799 0.000000
0.210994 -0.056529 0.000000
0.119403 -0.046598 0.000000
0.518294 -0.059885 0.000000
0.689326 -0.045157 0.000000
0.623177 -0.051801 0.000000
0.334324 -0.064054 0.000000
0.400913 -0.064388 0.000000
0.001180 0.035330 0.000000
0.323482 0.134271 0.000000
0.757198 0.063419 0.000000
0.767406 -0.035967 0.000000
0.658481 -0.048391 0.000000
0.188774 -0.054449 0.000000
0.358786 -0.064468 0.000000
0.466789 0.118858 0.000000
0.889641 0.030764 0.000000
0.091834 -0.042507 0.000000
0.283552 0.136233 0.000000
0.902581 0.027335 0.000000
0.562950 0.103338 0.000000
0.020509 0.063049 0.000000
0.319517 0.134522 0.000000
0.702645 0.075624 0.000000
0.104150 -0.044442 0.000000
0.828245 0.046441 0.000000
0.745217 -0.038722 0.000000
0.533224 -0.058940 0.000000
0.008621 0.048615 0.000000
0.869460 0.036023 0.000000
-0.002839 0.021534 0.000000
0.727080 -0.040890 0.000000
0.569964 -0.056310 0.000000
0.258864 0.136626 0.000000
0.577257 0.100758 0.000000
0.018902 0.061352 0.000000
-0.001022 0.029438 0.000000
0.739337 0.067495 0.000000
0.690905 -0.044985 0.000000
0.482748 0.116523 0.000000
0.145591 -0.049859 0.000000
0.983548 0.004816 0.000000
0.673093 -0.046888 0.000000
0.672759 0.081997 0.000000
0.295863 -0.062627 0.000000
0.217786 -0.057130 0.000000
0.371141 -0.064544 0.000000
0.573597 -0.056028 0.000000
0.878138 0.033774 0.000000
0.933756 0.018888 0.000000
0.128096 0.121031 0.000000
0.315053 -0.063463 0.000000
0.394566 0.128002 0.000000
0.092022 0.108812 0.000000
0.510969 0.112147 0.000000
0.980701 -0.003523 0.000000
0.532789 0.108562 0.000000
0.399136 0.127498 0.000000
0.135046 0.122877 0.000000
0.047267 -0.032746 0.000000
0.824864 -0.028310 0.000000
0.531419 -0.059058 0.000000
0.821314 -0.028805 0.000000
0.765290 0.061547 0.000000
0.555736 -0.057378 0.000000
0.538332 0.107625 0.000000
0.568969 0.102261 0.000000
-0.002027 0.005750 0.000000
0.844584 0.042362 0.000000
0.654979 0.085679 0.000000
0.987288 -0.002333 0.000000
-0.002361 0.024281 0.000000
0.841217 -0.025991 0.000000
0.660451 -0.048191 0.000000
0.991047 0.002632 0.000000
-0.001330 0.003420 0.000000
0.389169 0.128583 0.000000
0.459550 0.119881 0.000000
0.628019 0.091102 0.000000
0.931376 0.019542 0.000000
0.987717 -0.002255 0.000000
0.543203 -0.058267 0.000000
0.001307 0.035624 0.000000
0.755581 -0.037449 0.000000
0.940265 0.017089 0.000000
0.312448 -0.063363 0.000000
0.130808 -0.048076 0.000000
0.065424 -0.037450 0.000000
0.328862 0.133906 0.000000
0.216646 0.135306 0.000000
0.424377 0.124527 0.000000
0.097371 0.110933 0.000000
0.984473 -0.002843 0.000000
0.218219 0.135402 0.000000
0.028270 0.070508 0.000000
0.737735 0.067857 0.000000
0.536149 -0.058746 0.000000
0.232820 0.136138 0.000000
0.487662 -0.061585 0.000000
0.461486 -0.062763 0.000000
0.858169 0.038920 0.000000
0.872387 -0.021396 0.000000
0.172281 -0.052788 0.000000
0.012671 -0.016127 0.000000
0.736065 -0.039825 0.000000
0.164294 0.129135 0.000000
0.001775 -0.003510 0.000000
0.285567 0.136171 0.000000
0.543372 0.106764 0.000000
0.778599 0.058434 0.000000
0.069454 -0.038330 0.000000
0.844647 0.042346 0.000000
0.017873 -0.019926 0.000000
0.918403 -0.014178 0.000000
0.365164 -0.064518 0.000000
0.963465 -0.006578 0.000000
0.916376 -0.014508 0.000000
0.911668 -0.015268 0.000000
0.053123 -0.034421 0.000000
0.854380 -0.024079 0.000000
0.250190 -0.059752 0.000000
0.752040 -0.037887 0.000000
0.405095 0.126826 0.000000
0.610335 0.094551 0.000000
0.278756 0.136366 0.000000
0.361419 0.131304 0.000000
0.167384 0.129669 0.000000
0.470305 -0.062396 0.000000
0.074062 0.100723 0.000000
0.638918 0.088934 0.000000
0.654426 -0.048798 0.000000
0.070957 0.099158 0.000000
0.444637 0.121920 0.000000
0.204984 0.134411 0.000000
0.272434 0.136503 0.000000
0.778735 -0.034517 0.000000
0.465319 -0.062607 0.000000
0.519472 -0.059814 0.000000
0.728433 -0.040730 0.000000
0.483873 0.116354 0.000000
0.322025 -0.063706 0.000000
0.156516 0.127693 0.000000
0.250725 -0.059792 0.000000
0.679768 0.080523 0.000000
0.011350 0.052396 0.000000
0.616118 0.093433 0.000000
0.261607 -0.060572 0.000000
0.343801 -0.064260 0.000000
0.060986 -0.036422 0.000000
0.340911 0.133022 0.000000
0.258477 0.136628 0.000000
-0.003059 0.019737 0.000000
0.382016 -0.064542 0.000000
0.043786 0.082812 0.000000
0.568547 0.102337 0.000000
0.840887 -0.026038 0.000000
0.548210 -0.057918 0.000000
0.319695 0.134511 0.000000
0.991072 0.002624 0.000000
0.040402 -0.030527 0.000000
-0.001143 0.029047 0.000000
0.829875 -0.027606 0.000000
0.052355 -0.034212 0.000000
0.236005 0.136260 0.000000
0.328929 0.133902 0.000000
0.119634 0.118579 0.000000
0.088698 -0.041980 0.000000
0.144331 0.125116 0.000000
0.743488 0.066555 0.000000
0.270047 -0.061136 0.000000
0.606889 -0.053264 0.000000
0.121611 0.119178 0.000000
0.824290 -0.028390 0.000000
0.214893 0.135188 0.000000
0.567076 0.102600 0.000000
0.005497 -0.008966 0.000000
0.495356 0.114605 0.000000
0.040805 0.080661 0.000000
0.104529 0.113594 0.000000
0.784460 0.057049 0.000000
-0.003276 0.015866 0.000000
0.082317 -0.040855 0.000000
0.838166 -0.026428 0.000000
0.392382 0.128237 0.000000
0.857654 -0.023597 0.000000
0.607424 -0.053217 0.000000
0.093256 0.109311 0.000000
0.901212 0.027700 0.000000
0.603047 0.095946 0.000000
0.330832 -0.063967 0.000000
0.598157 -0.054019 0.000000
0.069261 -0.038289 0.000000
0.401516 0.127234 0.000000
0.783659 0.057239 0.000000
0.421300 0.124907 0.000000
0.696480 -0.044374 0.000000
0.991477 -0.001569 0.000000
0.827823 0.046546 0.000000
0.288416 -0.062236 0.000000
0.255986 0.136615 0.000000
0.171057 0.130266 0.000000
0.614550 -0.052585 0.000000
0.257669 -0.060295 0.000000
0.957614 -0.007596 0.000000
0.144106 -0.049686 0.000000
0.758870 0.063034 0.000000
0.030547 0.072504 0.000000
-0.000324 0.000751 0.000000
0.355446 0.131832 0.000000
0.834017 0.045008 0.000000
0.047303 0.085244 0.000000
0.758159 -0.037128 0.000000
0.032095 -0.027354 0.000000
0.901891 0.027519 0.000000
0.567944 0.102445 0.000000
0.680954 -0.046057 0.000000
0.128112 0.121035 0.000000
0.495843 0.114530 0.000000
0.680840 -0.046070 0.000000
0.534895 -0.058830 0.000000
0.987031 0.003804 0.000000
0.767496 -0.035955 0.000000
0.265286 0.136597 0.000000
-0.002714 0.008891 0.000000
0.454513 -0.063031 0.000000
0.234912 0.136218 0.000000
0.406766 -0.064305 0.000000
0.311264 -0.063318 0.000000
0.511739 0.112023 0.000000
0.870108 0.035856 0.000000
0.948605 0.014768 0.000000
0.000358 -0.000781 0.000000
0.000124 0.032735 0.000000
0.691159 -0.044957 0.000000
0.231259 0.136078 0.000000
0.316974 0.134682 0.000000
0.158849 0.128142 0.000000
0.429328 0.123907 0.000000
0.954687 -0.008102 0.000000
0.952110 -0.008545 0.000000
0.336466 0.133361 0.000000
0.772390 -0.035333 0.000000
0.372516 -0.064547 0.000000
0.543614 0.106722 0.000000
0.777231 0.058756 0.000000
0.686834 -0.045427 0.000000
0.756024 -0.037394 0.000000
0.622692 -0.051845 0.000000
0.122863 -0.047057 0.000000
0.871982 0.035372 0.000000
0.989365 0.003123 0.000000
0.834559 -0.026943 0.000000
0.570504 0.101983 0.000000
0.802585 0.052715 0.000000
0.888514 0.031060 0.000000
0.563127 0.103307 0.000000
0.443901 -0.063400 0.000000
0.932224 0.019309 0.000000
0.738792 -0.039498 0.000000
0.199974 0.133948 0.000000
0.508050 0.112613 0.000000
0.653116 -0.048929 0.000000
0.937560 -0.011014 0.000000
0.187950 0.132635 0.000000
0.748154 0.065493 0.000000
0.149283 0.126211 0.000000
0.462527 -0.062722 0.000000
0.223129 0.135696 0.000000
0.704714 -0.043458 0.000000
0.441198 -0.063488 0.000000
0.518138 -0.059895 0.000000
0.696716 -0.044348 0.000000
0.571078 -0.056224 0.000000
0.221361 0.135596 0.000000
0.737204 0.067977 0.000000
0.002260 0.037702 0.000000
0.067920 -0.038000 0.000000
0.004927 0.042759 0.000000
0.308507 -0.063205 0.000000
0.228014 0.135939 0.000000
0.723049 0.071145 0.000000
0.009051 -0.012888 0.000000
0.795254 0.054477 0.000000
0.164030 -0.051917 0.000000
0.350695 0.132238 0.000000
0.868017 0.036395 0.000000
0.264235 0.136602 0.000000
0.008681 -0.012519 0.000000
0.007268 0.046587 0.000000
0.137914 0.123597 0.000000
0.985870 -0.002590 0.000000
0.504257 0.113216 0.000000
0.560298 0.103810 0.000000
0.160249 -0.051508 0.000000
0.437768 0.122826 0.000000
0.393300 0.128138 0.000000
-0.002392 0.024129 0.000000
0.831154 0.045720 0.000000
0.838378 0.043919 0.000000
0.133960 0.122603 0.000000
0.403247 -0.064356 0.000000
0.326897 0.134040 0.000000
0.211946 -0.056614 0.000000
0.156467 -0.051094 0.000000
0.698937 0.076427 0.000000
0.795199 -0.032358 0.000000
0.166093 0.129446 0.000000
0.009427 -0.013253 0.000000
0.417396 -0.064111 0.000000
0.671478 -0.047056 0.000000
0.953389 -0.008325 0.000000
0.790418 0.055633 0.000000
0.975649 -0.004427 0.000000
0.253856 0.136603 0.000000
0.927943 -0.012614 0.000000
0.499586 0.113949 0.000000
0.939068 0.017421 0.000000
0.239013 0.136345 0.000000
0.668419 0.082904 0.000000
0.897365 -0.017544 0.000000
0.840405 0.043412 0.000000
0.216754 0.135312 0.000000
0.070867 -0.038626 0.000000
0.250687 0.136583 0.000000
0.503676 0.113307 0.000000
0.812800 0.050237 0.000000
0.227508 0.135914 0.000000
0.638162 -0.050392 0.000000
0.392061 -0.064482 0.000000
0.512245 0.111942 0.000000
0.111992 0.116159 0.000000
0.191675 0.133078 0.000000
0.943708 -0.009978 0.000000
0.208708 -0.056325 0.000000
0.293664 -0.062512 0.000000
0.426456 -0.063902 0.000000
0.107348 -0.044914 0.000000
0.270831 -0.061186 0.000000
0.855550 0.039587 0.000000
0.840107 0.043487 0.000000
0.722286 -0.041450 0.000000
0.586877 -0.054963 0.000000
0.652639 0.086158 0.000000
0.190154 0.132904 0.000000
0.856048 -0.023834 0.000000
0.020358 -0.021479 0.000000
0.338781 0.133186 0.000000
0.776761 -0.034772 0.000000
0.812315 -0.030047 0.000000
0.055043 -0.034933 0.000000
-0.002721 0.022309 0.000000
0.656834 -0.048557 0.000000
0.932328 0.019280 0.000000
0.906749 -0.016057 0.000000
0.842877 0.042792 0.000000
0.152076 -0.050603 0.000000
0.563773 0.103192 0.000000
0.043979 0.082949 0.000000
0.118337 -0.046454 0.000000
0.768809 -0.035789 0.000000
0.307278 -0.063152 0.000000
0.197857 0.133742 0.000000
0.658361 0.084985 0.000000
0.839334 -0.026261 0.000000
0.884051 0.032231 0.000000
0.672285 -0.046972 0.000000
0.552942 0.105105 0.000000
0.869284 -0.021864 0.000000
0.749103 -0.038247 0.000000
0.002225 -0.004283 0.000000
0.876830 -0.020722 0.000000
0.354500 0.131913 0.000000
0.124092 0.119900 0.000000
0.380918 0.129436 0.000000
0.154180 -0.050838 0.000000
0.850794 -0.024604 0.000000
0.317279 0.134663 0.000000
0.703453 -0.043599 0.000000
0.837208 0.044212 0.000000
0.030644 0.072588 0.000000
0.839268 -0.026271 0.000000
0.389789 -0.064500 0.000000
0.082409 -0.040872 0.000000
0.921086 0.022353 0.000000
0.600642 -0.053806 0.000000
0.749905 0.065093 0.000000
0.745868 0.066014 0.000000
0.066567 0.096855 0.000000
0.135481 -0.048655 0.000000
0.424995 0.124451 0.000000
0.278987 0.136361 0.000000
0.130065 0.121573 0.000000
0.183272 -0.053906 0.000000
0.333975 -0.064046 0.000000
0.256177 0.136616 0.000000
0.491025 -0.061415 0.000000
0.892554 -0.018298 0.000000
0.215609 -0.056940 0.000000
0.126426 0.120567 0.000000
0.312857 -0.063379 0.000000
0.744248 -0.038839 0.000000
0.473705 -0.062247 0.000000
0.607088 0.095174 0.000000
0.206672 0.134555 0.000000
0.063822 0.095355 0.000000
-0.003267 0.014587 0.000000
0.264338 0.136601 0.000000
-0.000029 0.032330 0.000000
0.541931 -0.058355 0.000000
0.386365 0.128875 0.000000
0.764584 0.061711 0.000000
0.019746 -0.021111 0.000000
0.290705 0.135990 0.000000
0.877150 -0.020674 0.000000
0.492184 0.115093 0.000000
0.613162 0.094006 0.000000
0.998128 0.000552 0.000000
0.795971 -0.032255 0.000000
0.288817 -0.062258 0.000000
0.671785 -0.047024 0.000000
0.953434 -0.008317 0.000000
0.028456 0.070672 0.000000
0.535035 -0.058821 0.000000
0.055128 0.090284 0.000000
0.601029 -0.053773 0.000000
0.116502 -0.046205 0.000000
0.643301 0.088053 0.000000
0.986209 0.004043 0.000000
0.829518 0.046126 0.000000
0.595453 -0.054249 0.000000
0.125257 0.120239 0.000000
0.565578 0.102869 0.000000
0.679166 -0.046247 0.000000
0.397648 0.127663 0.000000
0.050600 -0.033721 0.000000
0.482147 -0.061855 0.000000
0.708438 -0.043038 0.000000
0.691084 -0.044966 0.000000
0.551171 -0.057707 0.000000
-0.001773 0.026817 0.000000
0.480695 -0.061924 0.000000
0.642537 0.088207 0.000000
0.115435 0.117274 0.000000
0.048863 0.086288 0.000000
0.454363 0.120601 0.000000
0.015720 -0.018452 0.000000
0.201619 0.134109 0.000000
0.311431 -0.063324 0.000000
0.864033 0.037419 0.000000
0.351598 -0.064384 0.000000
0.230940 0.136065 0.000000
0.418280 -0.064092 0.000000
0.153013 0.126997 0.000000
0.804315 -0.031135 0.000000
0.560433 -0.057032 0.000000
0.006379 0.045186 0.000000
0.004564 -0.007764 0.000000
0.888548 0.031051 0.000000
0.336108 0.133387 0.000000
0.208460 -0.056302 0.000000
0.129353 -0.047892 0.000000
0.088553 -0.041955 0.000000
0.698591 -0.044141 0.000000
0.821541 -0.028773 0.000000
0.237316 0.136298 0.000000
0.123183 0.119635 0.000000
0.766017 -0.036143 0.000000
0.233148 -0.058427 0.000000
0.185298 0.132311 0.000000
0.533373 0.108464 0.000000
0.648571 0.086986 0.000000
0.901316 0.027672 0.000000
0.079167 -0.040272 0.000000
0.156548 -0.051103 0.000000
0.819410 0.048619 0.000000
0.035141 -0.028592 0.000000
0.490120 0.115409 0.000000
0.359718 0.131457 0.000000
0.881318 0.032946 0.000000
0.274073 -0.061393 0.000000
0.654675 0.085742 0.000000
0.157640 -0.051223 0.000000
0.100187 -0.043841 0.000000
0.656413 -0.048599 0.000000
0.257499 0.136623 0.000000
0.442147 -0.063457 0.000000
0.262714 0.136609 0.000000
0.745295 0.066144 0.000000
0.330242 -0.063952 0.000000
0.767942 -0.035899 0.000000
0.629940 0.090723 0.000000
0.482956 -0.061816 0.000000
0.255346 -0.060130 0.000000
0.158832 -0.051353 0.000000
0.425581 -0.063924 0.000000
0.257515 0.136623 0.000000
0.472864 -0.062284 0.000000
0.939668 0.017255 0.000000
0.909342 0.025526 0.000000
0.391876 0.128292 0.000000
0.976470 -0.004281 0.000000
0.200685 -0.055586 0.000000
0.607431 0.095109 0.000000
0.714518 -0.042347 0.000000
0.417516 -0.064109 0.000000
0.604855 0.095602 0.000000
0.723628 0.071016 0.000000
0.641559 0.088404 0.000000
-0.003230 0.017477 0.000000
0.242829 -0.059194 0.000000
0.192221 0.133138 0.000000
0.723007 0.071154 0.000000
0.772037 0.059974 0.000000
-0.001578 0.027548 0.000000
0.153396 -0.050750 0.000000
0.282273 -0.061891 0.000000
0.094896 -0.043007 0.000000
0.462156 -0.062737 0.000000
0.463584 0.119313 0.000000
0.733768 0.068750 0.000000
0.500263 -0.060927 0.000000
0.670873 0.082391 0.000000
0.851292 -0.024531 0.000000
0.583753 0.099564 0.000000
0.834739 -0.026917 0.000000
0.599806 -0.053878 0.000000
0.763656 0.061927 0.000000
0.654648 -0.048776 0.000000
0.195923 -0.055138 0.000000
0.431896 -0.063760 0.000000
0.095950 -0.043178 0.000000
0.408436 0.126443 0.000000
0.531078 -0.059080 0.000000
0.476644 -0.062113 0.000000
0.554757 -0.057449 0.000000
0.429025 0.123946 0.000000
0.722458 0.071276 0.000000
0.176639 0.131120 0.000000
0.207932 0.134663 0.000000
0.663581 -0.047872 0.000000
0.707798 0.074503 0.000000
0.009379 0.049702 0.000000
0.501008 -0.060886 0.000000
-0.001288 0.003295 0.000000
0.159791 0.128317 0.000000
0.891321 -0.018490 0.000000
0.018976 -0.020632 0.000000
0.721740 0.071435 0.000000
0.125335 0.120262 0.000000
0.593119 -0.054445 0.000000
0.588594 -0.054822 0.000000
0.733610 -0.040118 0.000000
0.609885 -0.053000 0.000000
0.766101 0.061359 0.000000
0.369191 0.130588 0.000000
0.087664 0.106986 0.000000
0.403057 -0.064359 0.000000
0.766049 0.061371 0.000000
0.533767 -0.058904 0.000000
-0.000109 0.000249 0.000000
0.668313 0.082925 0.000000
0.990275 0.002857 0.000000
0.223533 0.135716 0.000000
0.918287 -0.014197 0.000000
0.352247 -0.064393 0.000000
0.959708 -0.007233 0.000000
0.919675 -0.013971 0.000000
0.876570 -0.020762 0.000000
0.011402 0.052464 0.000000
0.132504 -0.048287 0.000000
0.153594 -0.050773 0.000000
0.454938 -0.063015 0.000000
0.418091 -0.064096 0.000000
0.630667 0.090579 0.000000
0.901861 0.027527 0.000000
0.250428 0.136579 0.000000
0.491571 0.115187 0.000000
0.231458 -0.058287 0.000000
0.307359 -0.063156 0.000000
0.784684 -0.033744 0.000000
0.050274 0.087215 0.000000
0.757080 0.063447 0.000000
0.119197 0.118446 0.000000
0.566761 -0.056556 0.000000
0.364987 0.130980 0.000000
0.946838 0.015261 0.000000
0.127711 -0.047684 0.000000
0.659661 -0.048271 0.000000
0.920857 0.022415 0.000000
0.406835 -0.064303 0.000000
0.501775 -0.060843 0.000000
0.713362 -0.042479 0.000000
0.841219 -0.025991 0.000000
0.902984 0.027228 0.000000
0.386047 0.128909 0.000000
0.927857 0.020507 0.000000
0.350850 -0.064374 0.000000
0.705513 0.075001 0.000000
0.633384 0.090039 0.000000
0.250671 0.136583 0.000000
0.879536 -0.020309 0.000000
0.821594 -0.028766 0.000000
0.229015 -0.058086 0.000000
0.497303 -0.061086 0.000000
-0.003110 0.011861 0.000000
0.749632 0.065155 0.000000
0.178705 0.131424 0.000000
0.006471 -0.010136 0.000000
0.652383 0.086210 0.000000
0.370246 0.130489 0.000000
0.975536 -0.004447 0.000000
0.084284 0.105514 0.000000
0.434388 -0.063692 0.000000
0.091460 -0.042445 0.000000
0.892939 0.029894 0.000000
0.437819 -0.063590 0.000000
0.724472 0.070828 0.000000
0.070646 -0.038580 0.000000
0.945239 -0.009718 0.000000
0.407848 -0.064287 0.000000
0.871539 -0.021524 0.000000
0.486186 0.116005 0.000000
0.575506 0.101076 0.000000
0.471377 -0.062349 0.000000
0.990378 0.002827 0.000000
0.729486 0.069710 0.000000
0.947768 0.015002 0.000000
0.388007 -0.064513 0.000000
0.082896 -0.040960 0.000000
0.286909 -0.062151 0.000000
0.412596 -0.064205 0.000000
0.033177 -0.027804 0.000000
0.300559 0.135572 0.000000
0.234773 -0.058558 0.000000
0.707969 -0.043092 0.000000
0.975853 -0.004391 0.000000
0.445166 -0.063359 0.000000
0.802283 0.052788 0.000000
0.477011 0.117374 0.000000
0.390836 0.128404 0.000000
0.281150 0.136307 0.000000
0.509830 0.112330 0.000000
0.603626 -0.053549 0.000000
0.028758 -0.025883 0.000000
0.908206 -0.015824 0.000000
0.086634 0.106546 0.000000
0.658828 -0.048356 0.000000
0.561148 -0.056979 0.000000
0.106381 0.114253 0.000000
0.573459 -0.056039 0.000000
0.660787 -0.048157 0.000000
0.264568 0.136600 0.000000
0.991155 -0.001628 0.000000
0.771361 -0.035464 0.000000
0.873979 0.034855 0.000000
0.554775 0.104785 0.000000
0.476842 0.117399 0.000000
0.967328 0.009482 0.000000
0.989039 -0.002014 0.000000
0.501469 0.113653 0.000000
0.037931 -0.029647 0.000000
0.307054 -0.063143 0.000000
0.139764 -0.049172 0.000000
0.809388 -0.030447 0.000000
0.359505 -0.064475 0.000000
0.639180 0.088881 0.000000
-0.002632 0.022847 0.000000
0.834794 0.044814 0.000000
0.773752 0.059573 0.000000
0.886499 -0.019239 0.000000
0.262313 0.136611 0.000000
0.471819 0.118133 0.000000
0.753174 0.064344 0.000000
0.011745 -0.015355 0.000000
0.722139 -0.041467 0.000000
0.693549 0.077588 0.000000
0.194498 0.133388 0.000000
0.748014 0.065525 0.000000
0.331717 -0.063989 0.000000
0.534770 -0.058838 0.000000
0.201004 0.134049 0.000000
0.291830 0.135947 0.000000
0.970537 0.008565 0.000000
0.767116 0.061123 0.000000
0.210614 -0.056495 0.000000
0.532268 0.108650 0.000000
0.523539 -0.059562 0.000000
0.052968 0.088940 0.000000
0.946021 0.015489 0.000000
0.795520 -0.032315 0.000000
0.407734 -0.064288 0.000000
0.076340 0.101836 0.000000
0.450290 -0.063184 0.000000
0.682792 -0.045861 0.000000
0.928981 0.020199 0.000000
0.981395 0.005440 0.000000
0.063793 0.095339 0.000000
0.083342 -0.041040 0.000000
0.864905 -0.022520 0.000000
0.701311 0.075913 0.000000
0.054934 0.090163 0.000000
0.077072 0.102191 0.000000
0.791679 -0.032824 0.000000
0.541828 0.107029 0.000000
0.233195 -0.058431 0.000000
0.167836 -0.052322 0.000000
0.871078 0.035605 0.000000
0.694335 0.077419 0.000000
0.472683 0.118007 0.000000
0.065162 0.096093 0.000000
0.238496 0.136331 0.000000
0.777847 -0.034632 0.000000
0.005949 0.044486 0.000000
0.741327 0.067045 0.000000
0.243532 -0.059248 0.000000
0.260506 0.136619 0.000000
0.525522 -0.059437 0.000000
0.003997 -0.006987 0.000000
0.354606 0.131904 0.000000
0.665825 0.083443 0.000000
0.281921 -0.061870 0.000000
0.853672 -0.024183 0.000000
0.129063 -0.047855 0.000000
0.541902 0.107016 0.000000
0.370060 0.130506 0.000000
0.476583 0.117436 0.000000
0.469832 -0.062416 0.000000
0.733012 0.068920 0.000000
0.598695 -0.053974 0.000000
0.633813 -0.050807 0.000000
0.523053 0.110182 0.000000
0.361075 -0.064489 0.000000
0.820786 -0.028878 0.000000
0.530551 -0.059115 0.000000
0.187153 -0.054291 0.000000
0.038376 0.078837 0.000000
0.205448 0.134451 0.000000
0.073374 -0.039141 0.000000
0.511893 0.111998 0.000000
0.017661 -0.019785 0.000000
0.841375 0.043169 0.000000
0.422287 0.124785 0.000000
0.329202 -0.063922 0.000000
0.774090 -0.035115 0.000000
0.361442 0.131302 0.000000
0.523348 0.110134 0.000000
0.515896 -0.060031 0.000000
0.161161 0.128571 0.000000
0.734776 0.068524 0.000000
0.428818 -0.063844 0.000000
0.008471 0.048395 0.000000
0.032709 0.074328 0.000000
0.287786 0.136102 0.000000
0.154909 -0.050919 0.000000
0.323306 -0.063749 0.000000
0.321952 0.134369 0.000000
0.219720 0.135495 0.000000
0.604336 0.095701 0.000000
0.048516 0.086057 0.000000
0.745463 0.066106 0.000000
0.153510 0.127096 0.000000
0.190960 0.133000 0.000000
0.533852 -0.058899 0.000000
0.930365 -0.012214 0.000000
0.134201 -0.048497 0.000000
0.834816 -0.026906 0.000000
0.417983 -0.064099 0.000000
0.274154 0.136471 0.000000
0.598205 -0.054015 0.000000
0.018303 0.060703 0.000000
0.054446 0.089862 0.000000
0.150237 0.126413 0.000000
0.291620 0.135955 0.000000
0.268017 -0.061006 0.000000
0.097343 -0.043398 0.000000
0.211534 0.134942 0.000000
0.893968 0.029622 0.000000
0.965271 0.010067 0.000000
0.481631 0.116689 0.000000
0.668703 -0.047345 0.000000
0.451327 0.121017 0.000000
0.109707 0.115402 0.000000
0.563527 0.103236 0.000000
0.354320 -0.064420 0.000000
0.534967 -0.058825 0.000000
0.660592 -0.048176 0.000000
0.670769 -0.047130 0.000000
0.513769 -0.060157 0.000000
0.559755 -0.057083 0.000000
0.142043 -0.049443 0.000000
0.982104 -0.003270 0.000000
0.661875 -0.048046 0.000000
0.258660 -0.060366 0.000000
0.385949 0.128919 0.000000
0.235024 -0.058578 0.000000
0.659607 0.084729 0.000000
0.948729 -0.009124 0.000000
0.521072 0.110509 0.000000
0.883300 0.032428 0.000000
0.704764 -0.043452 0.000000
0.690500 0.078241 0.000000
0.076226 -0.039707 0.000000
0.441591 0.122323 0.000000
0.208432 -0.056300 0.000000
0.666474 -0.047575 0.000000
-0.001283 0.028582 0.000000
0.672717 0.082006 0.000000
0.270324 -0.061153 0.000000
0.922514 -0.013507 0.000000
0.092974 0.109198 0.000000
0.809291 -0.030460 0.000000
0.711554 -0.042685 0.000000
0.994715 -0.000976 0.000000
0.466934 -0.062540 0.000000
0.746072 -0.038618 0.000000
0.771993 0.059985 0.000000
0.255506 0.136612 0.000000
0.316664 0.134702 0.000000
0.693054 -0.044750 0.000000
0.957862 -0.007553 0.000000
0.003965 -0.006942 0.000000
0.641545 -0.050066 0.000000
0.956318 -0.007820 0.000000
0.435934 0.123063 0.000000
0.330119 -0.063949 0.000000
0.438915 0.122676 0.000000
0.482994 0.116486 0.000000
0.965214 -0.006272 0.000000
0.613895 0.093864 0.000000
0.783966 0.057166 0.000000
0.922609 0.021939 0.000000
0.106703 0.114365 0.000000
-0.001539 0.004063 0.000000
0.687977 -0.045303 0.000000
0.352768 0.132061 0.000000
0.416098 0.125537 0.000000
0.383805 -0.064534 0.000000
0.579325 0.100379 0.000000
0.096982 -0.043341 0.000000
0.306117 0.135294 0.000000
0.574978 0.101173 0.000000
0.748640 0.065382 0.000000
0.556025 0.104564 0.000000
0.042989 -0.031402 0.000000
0.279943 0.136339 0.000000
0.613305 -0.052696 0.000000
0.001497 0.036053 0.000000
0.145871 -0.049891 0.000000
0.436300 0.123016 0.000000
0.988237 -0.002160 0.000000
0.484362 -0.061749 0.000000
0.576619 -0.055790 0.000000
-0.002105 0.025458 0.000000
0.204409 0.134362 0.000000
0.664032 0.083815 0.000000
0.190282 0.132920 0.000000
0.502105 -0.060825 0.000000
0.444180 -0.063391 0.000000
0.766317 0.061309 0.000000
0.828718 0.046324 0.000000
0.402993 -0.064360 0.000000
0.142246 -0.049467 0.000000
0.713441 -0.042470 0.000000
0.333041 -0.064022 0.000000
0.689477 -0.045140 0.000000
0.284597 0.136201 0.000000
0.129064 -0.047855 0.000000
0.695376 -0.044495 0.000000
0.000480 0.033650 0.000000
0.124940 -0.047327 0.000000
0.599774 0.096568 0.000000
0.145682 0.125420 0.000000
0.714836 -0.042310 0.000000
0.049697 -0.033463 0.000000
0.709882 0.074047 0.000000
0.720342 0.071745 0.000000
0.341243 -0.064209 0.000000
0.857737 -0.023585 0.000000
0.768211 0.060867 0.000000
0.423342 -0.063980 0.000000
0.104530 0.113594 0.000000
0.325265 0.134150 0.000000
0.164763 0.129216 0.000000
0.724729 0.070771 0.000000
0.530721 -0.059104 0.000000
0.214874 -0.056876 0.000000
0.550930 -0.057725 0.000000
0.758258 -0.037116 0.000000
0.963418 0.010594 0.000000
0.243907 -0.059277 0.000000
0.742650 0.066745 0.000000
0.587683 0.098837 0.000000
0.082071 0.104521 0.000000
0.726075 -0.041007 0.000000
0.521356 -0.059698 0.000000
0.423731 0.124607 0.000000
0.410117 0.126245 0.000000
0.053600 -0.034551 0.000000
0.208228 0.134688 0.000000
0.484072 0.116324 0.000000
0.203873 0.134316 0.000000
0.900226 -0.017093 0.000000
0.610834 -0.052916 0.000000
0.618635 0.092943 0.000000
0.992657 -0.001353 0.000000
0.915262 0.023931 0.000000
0.951047 0.014084 0.000000
0.257738 0.136625 0.000000
0.386590 0.128852 0.000000
0.051676 0.088122 0.000000
0.037986 -0.029667 0.000000
0.559730 -0.057084 0.000000
0.680844 -0.046069 0.000000
0.879649 -0.020292 0.000000
0.262655 -0.060643 0.000000
0.806945 -0.030779 0.000000
0.958858 0.011886 0.000000
0.815032 0.049692 0.000000
0.159423 -0.051418 0.000000
0.800036 0.053329 0.000000
0.854542 -0.024055 0.000000
0.664815 -0.047745 0.000000
0.057884 -0.035664 0.000000
0.739963 -0.039358 0.000000
0.408700 -0.064272 0.000000
0.900209 -0.017096 0.000000
0.125548 0.120323 0.000000
0.576441 -0.055804 0.000000
0.162945 -0.051800 0.000000
0.651299 0.086431 0.000000
0.943641 0.016152 0.000000
0.126825 0.120678 0.000000
0.308107 -0.063188 0.000000
0.202850 0.134229 0.000000
0.229297 0.136002 0.000000
0.996373 0.001069 0.000000
0.116655 -0.046226 0.000000
0.788071 0.056192 0.000000
0.446500 -0.063315 0.000000
0.001969 0.037086 0.000000
0.034639 -0.028393 0.000000
0.474772 -0.062198 0.000000
0.877068 -0.020686 0.000000
0.210288 0.134851 0.000000
0.162303 0.128783 0.000000
0.199857 0.133937 0.000000
0.052197 0.088452 0.000000
0.943791 0.016110 0.000000
0.743953 -0.038875 0.000000
0.068487 0.097875 0.000000
0.236827 -0.058722 0.000000
0.817616 0.049059 0.000000
0.081192 -0.040649 0.000000
0.420649 0.124987 0.000000
0.655873 -0.048653 0.000000
0.557552 0.104295 0.000000
0.494835 0.114686 0.000000
0.338524 -0.064152 0.000000
0.352930 0.132047 0.000000
0.537920 -0.058627 0.000000
0.701353 -0.043834 0.000000
0.278709 0.136367 0.000000
0.302491 0.135482 0.000000
0.127094 -0.047606 0.000000
0.436357 0.123008 0.000000
0.683669 0.079697 0.000000
0.977376 -0.004119 0.000000
0.659980 -0.048239 0.000000
0.305691 -0.063084 0.000000
0.419775 -0.064059 0.000000
0.452632 -0.063100 0.000000
0.149907 0.126343 0.000000
0.392617 0.128212 0.000000
0.427998 0.124075 0.000000
0.928078 0.020446 0.000000
0.300185 -0.062834 0.000000
0.591645 -0.054568 0.000000
0.779521 -0.034415 0.000000
0.267944 -0.061001 0.000000
0.331488 -0.063983 0.000000
0.814073 0.049926 0.000000
0.029886 -0.026396 0.000000
0.018635 0.061064 0.000000
0.041605 0.081244 0.000000
0.701744 0.075819 0.000000
0.088122 -0.041881 0.000000
0.890219 0.030611 0.000000
0.071776 0.099578 0.000000
0.393376 -0.064472 0.000000
0.096716 0.110680 0.000000
0.603698 -0.053542 0.000000
0.917828 0.023237 0.000000
0.439521 -0.063539 0.000000
0.979131 -0.003805 0.000000
0.757245 -0.037242 0.000000
0.978170 -0.003977 0.000000
0.179665 0.131559 0.000000
0.881694 -0.019979 0.000000
0.610848 0.094452 0.000000
0.154970 -0.050926 0.000000
0.515199 0.111466 0.000000
0.921869 0.022140 0.000000
0.571884 -0.056162 0.000000
-0.002297 0.006836 0.000000
0.352761 0.132062 0.000000
0.744044 -0.038864 0.000000
0.584407 0.099443 0.000000
0.194311 -0.054984 0.000000
0.297590 -0.062710 0.000000
0.324893 0.134176 0.000000
0.850284 -0.024678 0.000000
0.964222 0.010366 0.000000
0.419836 0.125087 0.000000
0.393696 -0.064469 0.000000
0.644343 -0.049794 0.000000
0.509451 0.112391 0.000000
0.361333 0.131312 0.000000
0.816328 0.049375 0.000000
0.702180 0.075725 0.000000
0.928485 0.020335 0.000000
-0.002867 0.021332 0.000000
0.819295 -0.029085 0.000000
0.301435 0.135532 0.000000
0.552194 0.105236 0.000000
0.643558 -0.049871 0.000000
0.572553 0.101613 0.000000
0.780586 -0.034277 0.000000
0.142234 0.124633 0.000000
0.251728 -0.059867 0.000000
0.720553 0.071698 0.000000
0.697060 -0.044310 0.000000
0.628064 0.091094 0.000000
0.561896 0.103526 0.000000
0.777749 -0.034644 0.000000
0.616038 -0.052451 0.000000
0.279396 -0.061718 0.000000
0.606518 -0.053297 0.000000
0.915200 0.023948 0.000000
0.707037 -0.043197 0.000000
0.033380 -0.027887 0.000000
0.099456 -0.043729 0.000000
0.273605 -0.061363 0.000000
0.892685 -0.018278 0.000000
0.775397 0.059187 0.000000
0.215551 0.135236 0.000000
0.043978 0.082949 0.000000
0.890665 0.030494 0.000000
0.810149 -0.030343 0.000000
0.064884 0.095942 0.000000
0.377740 0.129757 0.000000
0.491866 -0.061372 0.000000
0.175407 -0.053112 0.000000
0.390313 0.128461 0.000000
0.447330 0.121558 0.000000
0.215753 -0.056952 0.000000
0.848890 0.041276 0.000000
0.871169 0.035582 0.000000
0.967209 -0.005921 0.000000
0.409603 -0.064257 0.000000
0.708843 0.074274 0.000000
0.257227 -0.060264 0.000000
0.082493 -0.040887 0.000000
0.167315 0.129657 0.000000
0.292714 0.135913 0.000000
0.607364 -0.053223 0.000000
0.466111 0.118954 0.000000
0.253937 0.136603 0.000000
0.489741 -0.061481 0.000000
0.651164 -0.049124 0.000000
0.800782 0.053149 0.000000
0.185662 0.132356 0.000000
0.112595 0.116359 0.000000
0.952127 0.013781 0.000000
0.285531 0.136172 0.000000
0.411281 -0.064229 0.000000
0.688050 0.078764 0.000000
0.274792 0.136457 0.000000
0.256044 -0.060180 0.000000
0.708031 0.074452 0.000000
0.955029 0.012966 0.000000
0.771240 -0.035480 0.000000
0.975489 0.007144 0.000000
0.893618 0.029715 0.000000
0.675166 0.081492 0.000000
0.183591 -0.053938 0.000000
0.492135 -0.061358 0.000000
0.276110 -0.061520 0.000000
0.031077 -0.026921 0.000000
0.673625 -0.046832 0.000000
0.239322 0.136353 0.000000
0.547286 -0.057983 0.000000
0.958812 0.011899 0.000000
0.797676 -0.032027 0.000000
0.774023 0.059509 0.000000
0.187802 -0.054354 0.000000
0.433098 0.123429 0.000000
0.305296 -0.063067 0.000000
0.628963 -0.051264 0.000000
0.532409 0.108626 0.000000
0.857540 -0.023614 0.000000
0.001922 0.036986 0.000000
0.413318 -0.064191 0.000000
0.074762 0.101072 0.000000
0.326739 0.134050 0.000000
0.796338 0.054218 0.000000
0.872609 0.035209 0.000000
0.177475 0.131243 0.000000
0.608908 0.094826 0.000000
0.407792 0.126517 0.000000
0.379414 0.129588 0.000000
0.399576 0.127449 0.000000
0.232603 -0.058382 0.000000
0.323135 0.134294 0.000000
0.271238 0.136520 0.000000
0.593810 0.097692 0.000000
0.937135 0.017956 0.000000
0.182842 -0.053864 0.000000
0.352799 -0.064400 0.000000
0.462143 0.119517 0.000000
0.642492 0.088216 0.000000
0.974645 -0.004606 0.000000
0.189180 0.132786 0.000000
0.247069 -0.059521 0.000000
0.671816 0.082194 0.000000
0.812416 -0.030033 0.000000
0.031872 -0.027259 0.000000
0.892215 -0.018351 0.000000
0.696281 0.077000 0.000000
0.711450 -0.042697 0.000000
0.063633 -0.037043 0.000000
0.778619 -0.034532 0.000000
0.086978 -0.041684 0.000000
0.899924 -0.017141 0.000000
0.319253 -0.063612 0.000000
0.227242 -0.057939 0.000000
0.829783 -0.027619 0.000000
0.170102 -0.052561 0.000000
0.338448 0.133212 0.000000
-0.002591 0.023077 0.000000
0.328757 -0.063909 0.000000
0.903129 0.027189 0.000000
0.292619 -0.062458 0.000000
0.893833 0.029658 0.000000
0.431160 -0.063780 0.000000
0.108034 0.114824 0.000000
0.460655 0.119727 0.000000
0.407495 -0.064292 0.000000
0.624778 0.091741 0.000000
0.908464 0.025761 0.000000
0.603159 0.095925 0.000000
0.781195 0.057822 0.000000
-0.000633 0.030631 0.000000
0.155827 0.127556 0.000000
0.017905 -0.019946 0.000000
0.441723 0.122306 0.000000
0.537510 0.107765 0.000000
0.009888 0.050417 0.000000
0.860210 0.038399 0.000000
0.796204 -0.032224 0.000000
0.021835 0.064405 0.000000
0.098698 -0.043611 0.000000
0.407934 0.126501 0.000000
0.079074 0.103137 0.000000
0.071624 0.099501 0.000000
0.318045 -0.063572 0.000000
0.964009 -0.006483 0.000000
0.423220 -0.063983 0.000000
0.297904 0.135693 0.000000
0.875851 0.034369 0.000000
0.591819 0.098065 0.000000
0.860973 -0.023106 0.000000
0.338295 -0.064147 0.000000
0.818292 0.048894 0.000000
0.440132 -0.063521 0.000000
0.125591 -0.047411 0.000000
0.562824 -0.056854 0.000000
0.059066 -0.035956 0.000000
0.542256 0.106955 0.000000
0.324443 -0.063783 0.000000
0.829223 0.046199 0.000000
0.138401 0.123719 0.000000
-0.002935 0.020826 0.000000
0.886938 0.031474 0.000000
0.514620 0.111560 0.000000
0.514523 0.111575 0.000000
0.639944 0.088728 0.000000
0.721770 -0.041510 0.000000
0.643386 0.088035 0.000000
0.433319 0.123400 0.000000
0.385763 -0.064525 0.000000
0.245480 0.136498 0.000000
0.605327 0.095511 0.000000
0.232793 0.136137 0.000000
0.138512 0.123747 0.000000
0.326817 0.134045 0.000000
0.970959 0.008444 0.000000
0.692800 0.077748 0.000000
0.938340 -0.010883 0.000000
0.406133 -0.064315 0.000000
0.444384 0.121954 0.000000
0.581408 -0.055408 0.000000
0.232031 0.136107 0.000000
0.815007 -0.029677 0.000000
0.855049 -0.023981 0.000000
0.646900 -0.049544 0.000000
0.204214 -0.055913 0.000000
0.659023 0.084849 0.000000
0.584315 0.099460 0.000000
0.493189 -0.061303 0.000000
0.106879 -0.044845 0.000000
0.795615 0.054391 0.000000
0.709298 0.074175 0.000000
0.697088 -0.044307 0.000000
0.124475 -0.047267 0.000000
0.738582 0.067666 0.000000
0.349437 -0.064355 0.000000
0.242107 0.136429 0.000000
0.297727 0.135701 0.000000
0.667343 0.083127 0.000000
0.209958 -0.056437 0.000000
0.997322 0.000790 0.000000
0.837936 0.044030 0.000000
0.727047 0.070255 0.000000
0.358849 -0.064469 0.000000
0.407954 0.126499 0.000000
0.368683 -0.064538 0.000000
0.529343 0.109140 0.000000
0.341206 -0.064208 0.000000
0.420575 -0.064041 0.000000
0.243184 0.136458 0.000000
0.751629 0.064698 0.000000
0.920339 -0.013863 0.000000
0.614217 0.093802 0.000000
0.988092 -0.002187 0.000000
0.938016 0.017712 0.000000
0.076341 0.101836 0.000000
0.291901 0.135944 0.000000
0.927859 -0.012628 0.000000
0.295048 0.135822 0.000000
0.733783 0.068747 0.000000
0.905325 -0.016284 0.000000
0.960369 0.011458 0.000000
0.038896 0.079233 0.000000
0.229834 0.136023 0.000000
0.392840 0.128188 0.000000
0.291868 0.135945 0.000000
0.460680 -0.062795 0.000000
0.448569 0.121392 0.000000
0.505089 0.113084 0.000000
0.445971 0.121741 0.000000
0.301100 -0.062877 0.000000
0.670490 0.082471 0.000000
0.001756 -0.003478 0.000000
0.393180 -0.064474 0.000000
0.019540 -0.020984 0.000000
0.607664 0.095064 0.000000
0.604235 0.095720 0.000000
0.830173 0.045964 0.000000
0.178872 0.131449 0.000000
0.492533 -0.061337 0.000000
0.344221 0.132765 0.000000
0.052449 -0.034237 0.000000
0.036903 -0.029266 0.000000
0.700557 0.076077 0.000000
0.542713 0.106877 0.000000
0.007189 -0.010946 0.000000
0.967686 -0.005838 0.000000
0.185443 0.132329 0.000000
0.005173 -0.008559 0.000000
0.197555 -0.055293 0.000000
0.748628 0.065385 0.000000
0.173297 -0.052893 0.000000
0.383023 -0.064537 0.000000
0.215782 -0.056955 0.000000
0.155643 -0.051001 0.000000
0.361654 0.131283 0.000000
0.899842 -0.017154 0.000000
0.739388 -0.039427 0.000000
0.961093 0.011253 0.000000
0.914692 -0.014780 0.000000
0.823929 0.047508 0.000000
0.789957 -0.033052 0.000000
0.086528 -0.041605 0.000000
0.888520 -0.018926 0.000000
0.227281 0.135903 0.000000
0.380957 0.129432 0.000000
0.484053 -0.061764 0.000000
0.201080 -0.055623 0.000000
0.161588 0.128651 0.000000
0.005289 0.043381 0.000000
0.879292 -0.020347 0.000000
0.229697 -0.058142 0.000000
0.561374 -0.056962 0.000000
0.498402 0.114133 0.000000
0.707833 0.074495 0.000000
-0.000255 0.031713 0.000000
0.111359 0.115949 0.000000
0.042569 0.081945 0.000000
0.203052 -0.055807 0.000000
0.931328 -0.012054 0.000000
0.760201 -0.036874 0.000000
0.485046 0.116177 0.000000
0.984056 0.004669 0.000000
0.017410 -0.019618 0.000000
0.897300 0.028740 0.000000
0.001401 0.035836 0.000000
0.554765 -0.057449 0.000000
0.582939 0.099715 0.000000
0.906288 -0.016130 0.000000
0.668134 -0.047403 0.000000
-0.002305 0.006869 0.000000
0.615632 0.093527 0.000000
0.558503 -0.057176 0.000000
0.351779 -0.064387 0.000000
0.520087 0.110671 0.000000
0.325272 -0.063807 0.000000
0.384567 0.129063 0.000000
0.312958 0.134917 0.000000
0.649868 0.086723 0.000000
0.108430 -0.045071 0.000000
0.902401 0.027383 0.000000
0.331223 -0.063977 0.000000
0.001696 -0.003373 0.000000
0.842062 -0.025869 0.000000
0.901168 -0.016944 0.000000
0.027600 -0.025340 0.000000
0.666973 0.083204 0.000000
0.946807 0.015270 0.000000
0.198050 -0.055339 0.000000
0.721930 -0.041491 0.000000
0.070393 0.098868 0.000000
0.330151 -0.063950 0.000000
0.946396 -0.009521 0.000000
0.002658 -0.004986 0.000000
0.961493 -0.006922 0.000000
0.088524 -0.041950 0.000000
0.617676 -0.052303 0.000000
0.523918 0.110040 0.000000
0.715979 0.072708 0.000000
0.285755 -0.062086 0.000000
0.220060 -0.057328 0.000000
0.729636 0.069677 0.000000
0.203783 0.134309 0.000000
0.620350 -0.052060 0.000000
0.911658 -0.015270 0.000000
0.378071 -0.064549 0.000000
0.544196 0.106622 0.000000
0.053865 0.089503 0.000000
0.052906 -0.034362 0.000000
0.199307 -0.055457 0.000000
0.459843 0.119840 0.000000
0.770014 -0.035636 0.000000
0.302467 0.135484 0.000000
0.306793 -0.063132 0.000000
0.334357 0.133514 0.000000
0.656655 -0.048575 0.000000
0.558224 -0.057196 0.000000
0.415376 -0.064151 0.000000
0.214923 -0.056880 0.000000
0.278628 0.136369 0.000000
0.571589 -0.056185 0.000000
0.274173 0.136471 0.000000
0.604487 -0.053474 0.000000
0.869974 0.035891 0.000000
0.846343 -0.025251 0.000000
0.677625 -0.046411 0.000000
0.349913 0.132303 0.000000
0.312620 -0.063370 0.000000
0.314985 -0.063461 0.000000
0.287327 -0.062175 0.000000
0.207664 -0.056229 0.000000
0.977643 -0.004071 0.000000
0.409656 -0.064256 0.000000
0.571853 0.101740 0.000000
0.797578 0.053920 0.000000
0.673396 -0.046856 0.000000
0.783874 0.057188 0.000000
0.109245 0.115242 0.000000
0.287454 0.136112 0.000000
0.060421 -0.036288 0.000000
0.341151 -0.064207 0.000000
0.641466 -0.050074 0.000000
0.040495 0.080430 0.000000
0.084786 0.105736 0.000000
0.005892 0.044393 0.000000
0.358820 -0.064468 0.000000
0.340956 0.133018 0.000000
0.774352 -0.035081 0.000000
0.558136 -0.057203 0.000000
0.156006 0.127592 0.000000
0.210151 -0.056454 0.000000
0.680815 0.080301 0.000000
0.703470 -0.043597 0.000000
0.357107 -0.064452 0.000000
0.552770 0.105135 0.000000
0.264647 -0.060778 0.000000
0.094035 -0.042869 0.000000
0.254587 0.136607 0.000000
0.800777 -0.031612 0.000000
0.058798 -0.035890 0.000000
0.854745 -0.024025 0.000000
0.898627 0.028388 0.000000
0.207480 -0.056212 0.000000
0.411084 0.126132 0.000000
0.739370 0.067488 0.000000
0.743865 -0.038886 0.000000
0.520475 0.110607 0.000000
0.171708 -0.052729 0.000000
0.219693 0.135493 0.000000
0.425255 -0.063932 0.000000
0.773180 0.059707 0.000000
0.885519 -0.019390 0.000000
0.524267 -0.059516 0.000000
0.543012 0.106826 0.000000
0.394041 0.128059 0.000000
0.526165 0.109669 0.000000
0.968215 -0.005744 0.000000
0.101378 0.112448 0.000000
0.694667 0.077347 0.000000
0.393887 0.128075 0.000000
0.816251 0.049394 0.000000
0.302505 -0.062944 0.000000
0.579904 0.100273 0.000000
0.345656 0.132649 0.000000
0.838706 0.043837 0.000000
0.987324 0.003718 0.000000
0.216044 0.135269 0.000000
0.008881 0.048991 0.000000
0.753943 0.064168 0.000000
0.484521 -0.061741 0.000000
0.261325 0.136615 0.000000
-0.001082 0.029246 0.000000
0.703578 0.075421 0.000000
0.703842 -0.043556 0.000000
0.887834 -0.019032 0.000000
0.931626 0.019473 0.000000
0.229709 -0.058143 0.000000
0.807850 0.051441 0.000000
0.139787 0.124051 0.000000
0.573074 0.101519 0.000000
0.120625 0.118881 0.000000
0.885721 -0.019359 0.000000
0.782800 0.057442 0.000000
0.283481 0.136235 0.000000
0.866809 0.036706 0.000000
0.320367 0.134468 0.000000
0.804624 -0.031093 0.000000
0.819654 -0.029035 0.000000
0.478201 -0.062042 0.000000
0.516030 0.111331 0.000000
0.260956 0.136617 0.000000
0.490390 0.115367 0.000000
0.760580 0.062639 0.000000
0.016205 0.058358 0.000000
0.423883 0.124588 0.000000
0.723952 0.070944 0.000000
0.566730 -0.056558 0.000000
0.377314 0.129800 0.000000
0.700145 0.076166 0.000000
0.042082 -0.031099 0.000000
0.830349 0.045920 0.000000
0.883786 0.032300 0.000000
0.954050 -0.008211 0.000000
0.785650 0.056767 0.000000
0.266820 -0.060925 0.000000
0.232969 0.136143 0.000000
0.880682 0.033112 0.000000
0.128478 -0.047781 0.000000
0.159078 -0.051380 0.000000
0.805807 -0.030933 0.000000
0.135043 -0.048601 0.000000
0.974006 -0.004720 0.000000
0.348612 0.132408 0.000000
0.427649 -0.063873 0.000000
0.885061 -0.019461 0.000000
0.243737 0.136470 0.000000
0.053709 0.089407 0.000000
0.817064 0.049195 0.000000
0.001050 0.035029 0.000000
0.238139 -0.058827 0.000000
0.538646 -0.058579 0.000000
0.315793 0.134754 0.000000
0.010427 -0.014192 0.000000
0.888261 -0.018966 0.000000
0.909662 -0.015590 0.000000
0.310017 0.135087 0.000000
0.255495 -0.060141 0.000000
0.390333 -0.064496 0.000000
0.002108 -0.004084 0.000000
0.809381 -0.030448 0.000000
0.364266 0.131048 0.000000
0.130199 0.121608 0.000000
0.296955 -0.062680 0.000000
0.371707 0.130347 0.000000
0.706863 0.074706 0.000000
0.742393 -0.039064 0.000000
0.817334 0.049129 0.000000
0.772871 -0.035271 0.000000
0.334196 0.133526 0.000000
0.782421 -0.034039 0.000000
0.390113 0.128482 0.000000
0.635124 -0.050683 0.000000
0.350230 -0.064366 0.000000
0.830001 -0.027588 0.000000
0.533668 -0.058911 0.000000
0.464181 -0.062654 0.000000
0.765280 0.061549 0.000000
0.456985 -0.062939 0.000000
0.008621 0.048614 0.000000
0.381362 -0.064545 0.000000
0.019741 0.062246 0.000000
0.936604 -0.011174 0.000000
0.793665 -0.032561 0.000000
0.642132 0.088288 0.000000
0.403296 -0.064355 0.000000
0.296708 0.135747 0.000000
0.576864 0.100829 0.000000
0.615070 -0.052538 0.000000
0.670466 -0.047162 0.000000
0.402105 -0.064372 0.000000
0.372281 0.130291 0.000000
0.452590 0.120844 0.000000
0.965341 0.010048 0.000000
0.966316 0.009770 0.000000
0.539599 -0.058515 0.000000
0.477939 -0.062054 0.000000
0.900095 -0.017114 0.000000
0.342864 -0.064242 0.000000
0.201761 0.134123 0.000000
0.053498 0.089276 0.000000
0.768915 0.060704 0.000000
0.692018 0.077916 0.000000
0.789974 -0.033050 0.000000
0.966177 0.009809 0.000000
0.289530 -0.062297 0.000000
0.328190 0.133952 0.000000
0.198307 -0.055363 0.000000
0.459966 0.119823 0.000000
0.030780 -0.026790 0.000000
0.860729 -0.023142 0.000000
0.462354 0.119487 0.000000
0.748910 -0.038271 0.000000
0.139671 0.124023 0.000000
0.592670 -0.054483 0.000000
0.359522 0.131474 0.000000
0.503389 -0.060754 0.000000
0.852228 -0.024394 0.000000
0.047234 0.085197 0.000000
0.968588 -0.005679 0.000000
0.790646 -0.032961 0.000000
0.041054 0.080843 0.000000
0.902099 -0.016796 0.000000
0.266062 0.136592 0.000000
0.872601 -0.021364 0.000000
0.000012 -0.000025 0.000000
0.938162 -0.010913 0.000000
0.569524 -0.056344 0.000000
0.969136 0.008965 0.000000
0.131714 0.122009 0.000000
0.318272 0.134601 0.000000
0.941900 0.016636 0.000000
0.341547 0.132973 0.000000
0.159775 -0.051456 0.000000
0.620389 -0.052056 0.000000
0.289138 0.136051 0.000000
0.575353 -0.055890 0.000000
0.982807 -0.003144 0.000000
0.020773 -0.021727 0.000000
0.628589 -0.051299 0.000000
0.398725 -0.064415 0.000000
0.106670 0.114353 0.000000
0.643078 -0.049918 0.000000
0.388661 0.128636 0.000000
0.471067 -0.062362 0.000000
0.885696 -0.019363 0.000000
0.425483 -0.063927 0.000000
0.266681 -0.060915 0.000000
0.675989 -0.046583 0.000000
0.094271 0.109717 0.000000
0.764975 0.061620 0.000000
0.820327 -0.028942 0.000000
0.541078 0.107157 0.000000
0.225119 -0.057760 0.000000
0.312909 0.134920 0.000000
0.013208 0.054777 0.000000
0.937174 -0.011078 0.000000
0.696644 -0.044356 0.000000
0.436005 -0.063645 0.000000
0.221792 0.135622 0.000000
0.349452 -0.064355 0.000000
0.947433 0.015095 0.000000
0.210810 -0.056513 0.000000
0.949600 0.014490 0.000000
0.000545 0.033812 0.000000
0.479808 0.116960 0.000000
0.698368 -0.044165 0.000000
0.930431 0.019801 0.000000
0.205903 -0.056068 0.000000
0.329242 -0.063924 0.000000
-0.003178 0.012694 0.000000
0.120027 -0.046682 0.000000
0.016197 0.058349 0.000000
0.899258 0.028220 0.000000
0.284516 0.136203 0.000000
0.967598 0.009405 0.000000
0.023917 0.066461 0.000000
0.504806 -0.060675 0.000000
0.094172 -0.042891 0.000000
0.987138 -0.002360 0.000000
-0.000614 0.001462 0.000000
0.660660 0.084512 0.000000
0.785319 0.056846 0.000000
0.204367 0.134359 0.000000
0.816801 -0.029430 0.000000
0.370776 -0.064543 0.000000
0.670087 -0.047201 0.000000
0.328271 -0.063895 0.000000
0.609660 -0.053020 0.000000
0.832342 0.045425 0.000000
0.310230 -0.063278 0.000000
0.330676 0.133781 0.000000
0.732177 0.069107 0.000000
0.247935 0.136538 0.000000
0.028163 0.070413 0.000000
0.393035 -0.064475 0.000000
0.562221 -0.056899 0.000000
0.992724 -0.001341 0.000000
0.357837 -0.064459 0.000000
0.791346 0.055412 0.000000
0.063264 0.095044 0.000000
0.399611 0.127445 0.000000
0.516199 -0.060012 0.000000
0.617856 0.093095 0.000000
0.738650 0.067650 0.000000
0.435387 -0.063663 0.000000
0.232421 -0.058367 0.000000
0.062511 -0.036784 0.000000
0.877052 -0.020688 0.000000
0.528200 -0.059266 0.000000
0.392302 0.128246 0.000000
0.705094 0.075092 0.000000
0.951425 0.013978 0.000000
0.229115 -0.058094 0.000000
0.611014 -0.052900 0.000000
0.439558 0.122591 0.000000
0.930228 -0.012236 0.000000
0.897991 0.028556 0.000000
0.367846 0.130713 0.000000
0.998124 0.000554 0.000000
0.213177 0.135062 0.000000
0.136630 -0.048794 0.000000
0.884245 -0.019587 0.000000
0.689658 0.078421 0.000000
0.472515 0.118032 0.000000
0.692474 0.077818 0.000000
0.156052 -0.051047 0.000000
0.599187 -0.053931 0.000000
0.761497 -0.036711 0.000000
0.487455 0.115814 0.000000
0.582654 -0.055307 0.000000
0.371038 0.130412 0.000000
0.080272 0.103701 0.000000
0.941480 -0.010354 0.000000
0.868951 -0.021914 0.000000
0.114418 0.116951 0.000000
0.326085 -0.063831 0.000000
0.198620 0.133817 0.000000
0.743838 0.066475 0.000000
0.416865 -0.064122 0.000000
0.702665 0.075620 0.000000
0.388845 0.128617 0.000000
0.041430 -0.030882 0.000000
0.781423 0.057768 0.000000
0.482092 0.116620 0.000000
0.381525 -0.064544 0.000000
-0.002646 0.022762 0.000000
0.891572 0.030255 0.000000
0.653354 -0.048905 0.000000
0.887139 -0.019140 0.000000
0.281295 0.136303 0.000000
0.735296 -0.039917 0.000000
0.310361 -0.063283 0.000000
0.549185 -0.057850 0.000000
0.562568 0.103406 0.000000
0.191290 -0.054694 0.000000
0.386880 0.128822 0.000000
0.758696 0.063074 0.000000
0.864601 -0.022566 0.000000
0.984491 0.004542 0.000000
0.474887 0.117685 0.000000
0.905375 0.026589 0.000000
0.996161 -0.000710 0.000000
0.339733 -0.064177 0.000000
0.778046 -0.034606 0.000000
0.270765 0.136526 0.000000
0.359116 -0.064471 0.000000
0.050095 0.087098 0.000000
0.641777 0.088360 0.000000
0.778354 0.058492 0.000000
0.943939 -0.009938 0.000000
0.026861 -0.024984 0.000000
0.658804 0.084894 0.000000
0.111261 -0.045476 0.000000
0.969651 0.008818 0.000000
0.320652 -0.063660 0.000000
0.856085 -0.023828 0.000000
0.115462 -0.046062 0.000000
0.806010 0.051887 0.000000
0.225061 -0.057755 0.000000
0.872412 -0.021392 0.000000
0.263692 -0.060713 0.000000
0.388784 0.128623 0.000000
0.652255 -0.049015 0.000000
0.745196 -0.038724 0.000000
0.227271 -0.057942 0.000000
0.158956 0.128162 0.000000
0.407739 -0.064288 0.000000
0.900734 -0.017013 0.000000
0.631755 -0.051002 0.000000
0.375064 -0.064552 0.000000
0.079467 -0.040328 0.000000
0.566940 -0.056542 0.000000
0.978432 -0.003930 0.000000
0.855301 -0.023944 0.000000
0.780721 0.057934 0.000000
0.257930 -0.060314 0.000000
0.017822 0.060176 0.000000
0.226496 0.135863 0.000000
-0.001258 0.003206 0.000000
0.301503 -0.062897 0.000000
0.767272 -0.035984 0.000000
0.248951 0.136555 0.000000
0.473468 0.117892 0.000000
0.154661 -0.050892 0.000000
0.002823 0.038850 0.000000
0.183954 -0.053974 0.000000
0.418455 -0.064088 0.000000
0.315810 -0.063492 0.000000
0.990432 -0.001760 0.000000
0.699877 -0.043998 0.000000
0.448122 -0.063259 0.000000
0.598115 0.096881 0.000000
0.248074 0.136541 0.000000
0.572238 -0.056134 0.000000
0.815598 -0.029596 0.000000
0.431600 0.123621 0.000000
0.912984 -0.015056 0.000000
0.892436 -0.018316 0.000000
0.082909 -0.040962 0.000000
0.907354 -0.015960 0.000000
0.565815 -0.056628 0.000000
0.807032 0.051639 0.000000
0.762237 0.062255 0.000000
0.074210 -0.039309 0.000000
0.423487 0.124637 0.000000
0.722109 -0.041470 0.000000
0.228945 0.135986 0.000000
0.989024 -0.002017 0.000000
0.146989 0.125714 0.000000
0.696258 -0.044398 0.000000
0.428481 0.124014 0.000000
0.141359 0.124425 0.000000
0.301713 -0.062907 0.000000
0.350671 0.132240 0.000000
0.477368 -0.062080 0.000000
0.545100 -0.058136 0.000000
0.504219 -0.060708 0.000000
0.722979 0.071160 0.000000
0.838463 -0.026386 0.000000
0.737409 0.067931 0.000000
0.402698 0.127100 0.000000
0.749637 0.065154 0.000000
0.118242 0.118155 0.000000
0.617013 -0.052363 0.000000
0.656673 -0.048573 0.000000
0.815939 -0.029549 0.000000
0.124677 -0.047293 0.000000
0.486027 -0.061666 0.000000
0.499698 0.113931 0.000000
0.662542 -0.047978 0.000000
0.289032 0.136055 0.000000
0.007888 -0.011702 0.000000
0.339308 0.133145 0.000000
0.950531 0.014229 0.000000
0.604872 0.095598 0.000000
0.489266 -0.061505 0.000000
0.417364 0.125384 0.000000
0.140556 -0.049266 0.000000
0.249568 0.136565 0.000000
0.006957 0.046101 0.000000
0.559905 -0.057071 0.000000
0.342776 -0.064241 0.000000
0.023948 0.066491 0.000000
0.317817 -0.063564 0.000000
0.783249 -0.033931 0.000000
0.215661 -0.056944 0.000000
0.526165 0.109669 0.000000
0.396387 0.127803 0.000000
0.585284 0.099281 0.000000
0.528633 -0.059238 0.000000
0.418975 0.125190 0.000000
0.619984 -0.052093 0.000000
0.874333 -0.021102 0.000000
0.764796 -0.036297 0.000000
0.072293 0.099840 0.000000
0.885580 0.031831 0.000000
0.603852 -0.053529 0.000000
0.521026 -0.059718 0.000000
0.384230 0.129098 0.000000
0.296540 0.135755 0.000000
0.417138 -0.064116 0.000000
0.505777 -0.060620 0.000000
0.741520 -0.039170 0.000000
0.049072 -0.033281 0.000000
0.372375 -0.064546 0.000000
0.493640 0.114870 0.000000
0.549806 -0.057805 0.000000
0.580766 0.100114 0.000000
0.090110 -0.042220 0.000000
0.906381 0.026319 0.000000
0.769996 0.060451 0.000000
0.150837 -0.050462 0.000000
0.041906 0.081464 0.000000
0.728648 0.069897 0.000000
0.347897 0.132467 0.000000
0.496731 0.114392 0.000000
0.779949 -0.034360 0.000000
0.364387 -0.064513 0.000000
0.816452 -0.029478 0.000000
0.585689 -0.055061 0.000000
0.089695 0.107849 0.000000
0.572048 0.101704 0.000000
0.893185 0.029829 0.000000
0.936362 0.018169 0.000000
0.281707 0.136290 0.000000
0.015024 0.056982 0.000000
0.665955 0.083416 0.000000
0.808437 -0.030576 0.000000
0.271834 0.136511 0.000000
0.193429 -0.054899 0.000000
0.911091 -0.015361 0.000000
0.603951 -0.053520 0.000000
0.724318 0.070863 0.000000
0.814682 0.049777 0.000000
0.802327 -0.031404 0.000000
0.790778 0.055548 0.000000
0.358302 -0.064463 0.000000
0.308285 -0.063196 0.000000
0.085886 -0.041493 0.000000
0.711827 -0.042654 0.000000
0.819586 -0.029045 0.000000
0.372103 0.130308 0.000000
0.809726 -0.030401 0.000000
0.459862 0.119837 0.000000
0.169334 0.129990 0.000000
0.223333 0.135706 0.000000
0.076074 0.101707 0.000000
0.063306 -0.036967 0.000000
0.498051 -0.061046 0.000000
0.496584 -0.061124 0.000000
0.638134 0.089091 0.000000
0.870973 0.035632 0.000000
0.929421 -0.012370 0.000000
0.630578 0.090596 0.000000
0.416858 0.125445 0.000000
0.102981 -0.044267 0.000000
0.591716 -0.054562 0.000000
0.822426 0.047878 0.000000
0.149240 0.126202 0.000000
0.793496 0.054898 0.000000
0.884889 -0.019487 0.000000
0.479593 -0.061977 0.000000
0.157243 -0.051179 0.000000
0.754225 0.064103 0.000000
0.598341 -0.054004 0.000000
0.840953 -0.026029 0.000000
0.872053 -0.021447 0.000000
0.220187 -0.057339 0.000000
0.175232 -0.053094 0.000000
0.264953 0.136599 0.000000
0.414417 -0.064169 0.000000
0.389884 -0.064499 0.000000
0.704529 0.075215 0.000000
0.785283 0.056854 0.000000
0.606486 -0.053299 0.000000
0.204487 -0.055938 0.000000
0.769571 -0.035692 0.000000
0.029670 0.071743 0.000000
0.479851 0.116953 0.000000
0.346943 -0.064313 0.000000
0.854643 0.039818 0.000000
0.189532 -0.054523 0.000000
0.241186 -0.059067 0.000000
0.639814 0.088754 0.000000
0.517475 0.111096 0.000000
0.199033 -0.055431 0.000000
0.538637 0.107573 0.000000
0.709247 -0.042947 0.000000
0.886198 0.031669 0.000000
0.802580 -0.031369 0.000000
0.311607 -0.063331 0.000000
0.696201 0.077017 0.000000
0.435876 0.123070 0.000000
0.477823 -0.062059 0.000000
0.661765 0.084284 0.000000
0.316510 0.134712 0.000000
0.217549 -0.057109 0.000000
0.323727 -0.063762 0.000000
0.199218 0.133875 0.000000
0.668575 0.082871 0.000000
0.107756 -0.044973 0.000000
0.195841 -0.055130 0.000000
0.217355 0.135349 0.000000
0.190402 0.132935 0.000000
0.232186 0.136113 0.000000
0.237340 -0.058763 0.000000
0.478909 -0.062009 0.000000
0.272945 -0.061321 0.000000
0.642898 -0.049935 0.000000
0.566884 0.102635 0.000000
0.747743 0.065586 0.000000
0.729297 0.069752 0.000000
0.836085 -0.026725 0.000000
0.523165 -0.059585 0.000000
0.907289 0.026077 0.000000
0.898692 -0.017335 0.000000
0.743145 -0.038973 0.000000
0.698373 0.076549 0.000000
0.158185 -0.051282 0.000000
0.708873 -0.042989 0.000000
0.437961 -0.063586 0.000000
0.687772 -0.045325 0.000000
0.067320 0.097260 0.000000
0.515408 -0.060060 0.000000
0.018991 0.061447 0.000000
0.477496 0.117303 0.000000
-0.003179 0.018343 0.000000
0.353971 -0.064415 0.000000
0.079858 0.103506 0.000000
0.748691 -0.038298 0.000000
0.042715 0.082049 0.000000
0.392687 -0.064477 0.000000
0.313199 0.134904 0.000000
0.059416 0.092849 0.000000
0.222482 0.135663 0.000000
0.230902 -0.058242 0.000000
0.303379 -0.062985 0.000000
0.507357 0.112724 0.000000
0.572306 -0.056129 0.000000
0.334475 -0.064058 0.000000
0.478581 -0.062024 0.000000
0.427272 0.124167 0.000000
0.695794 -0.044449 0.000000
0.980209 0.005783 0.000000
0.151511 0.126683 0.000000
0.037338 -0.029427 0.000000
0.478675 0.117128 0.000000
0.200348 0.133985 0.000000
0.309839 0.135098 0.000000
0.680159 0.080440 0.000000
0.974657 0.007384 0.000000
0.668081 0.082974 0.000000
0.203823 -0.055878 0.000000
0.229402 0.136006 0.000000
0.306439 0.135277 0.000000
0.589464 0.098505 0.000000
0.494913 0.114674 0.000000
0.952590 0.013651 0.000000
-0.002822 0.009545 0.000000
0.599934 0.096538 0.000000
-0.002660 0.022678 0.000000
0.747136 0.065725 0.000000
0.053836 -0.034615 0.000000
0.753100 0.064361 0.000000
0.685977 0.079206 0.000000
0.521267 -0.059703 0.000000
0.413892 -0.064180 0.000000
0.487050 -0.061615 0.000000
0.190517 0.132949 0.000000
0.565057 0.102962 0.000000
0.566054 -0.056610 0.000000
0.191052 0.133010 0.000000
0.543492 0.106743 0.000000
0.302983 -0.062967 0.000000
0.286799 -0.062145 0.000000
0.349621 -0.064358 0.000000
0.381792 -0.064543 0.000000
0.097746 0.111078 0.000000
0.523720 0.110073 0.000000
0.552184 -0.057635 0.000000
0.849847 0.041034 0.000000
0.053565 -0.034541 0.000000
0.916259 0.023662 0.000000
0.884471 0.032121 0.000000
0.781860 0.057664 0.000000
0.573902 -0.056004 0.000000
0.045993 -0.032357 0.000000
0.287914 -0.062208 0.000000
0.618297 0.093009 0.000000
0.397906 0.127635 0.000000
0.921257 -0.013713 0.000000
0.100233 -0.043849 0.000000
0.619792 0.092718 0.000000
0.207908 0.134660 0.000000
0.816576 -0.029461 0.000000
0.030609 -0.026715 0.000000
0.489807 0.115457 0.000000
0.799283 0.053510 0.000000
0.079616 -0.040356 0.000000
0.419062 0.125180 0.000000
0.022698 0.065269 0.000000
0.461866 -0.062748 0.000000
0.000550 0.033823 0.000000
0.628658 0.090976 0.000000
0.445268 -0.063356 0.000000
0.109081 -0.045166 0.000000
0.307273 0.135234 0.000000
0.167158 -0.052251 0.000000
0.610822 -0.052917 0.000000
0.885497 0.031852 0.000000
0.500132 0.113863 0.000000
0.306103 -0.063102 0.000000
0.708064 0.074445 0.000000
0.101514 0.112499 0.000000
-0.001240 0.028728 0.000000
0.016190 -0.018786 0.000000
0.406473 -0.064309 0.000000
0.655117 0.085651 0.000000
0.241687 0.136417 0.000000
0.842632 -0.025787 0.000000
0.656081 0.085454 0.000000
0.388911 0.128610 0.000000
0.709769 0.074072 0.000000
0.209362 0.134783 0.000000
0.812586 -0.030010 0.000000
0.609220 -0.053059 0.000000
0.374478 -0.064551 0.000000
0.851046 0.040731 0.000000
0.578047 0.100613 0.000000
0.320405 0.134466 0.000000
0.554891 0.104764 0.000000
0.074931 0.101153 0.000000
0.606697 -0.053281 0.000000
0.249696 -0.059716 0.000000
0.504942 -0.060668 0.000000
0.481859 0.116655 0.000000
0.990245 -0.001794 0.000000
0.007670 0.047201 0.000000
0.755706 -0.037433 0.000000
0.778526 0.058451 0.000000
0.769685 -0.035677 0.000000
0.635299 0.089658 0.000000
0.369371 -0.064540 0.000000
-0.002516 0.007841 0.000000
0.909592 0.025458 0.000000
0.554064 -0.057500 0.000000
0.339414 0.133137 0.000000
0.082566 -0.040900 0.000000
0.796124 -0.032234 0.000000
0.042775 0.082091 0.000000
0.392865 -0.064476 0.000000
0.799692 0.053412 0.000000
0.562540 0.103411 0.000000
0.495941 -0.061159 0.000000
0.861698 -0.022998 0.000000
0.486314 0.115986 0.000000
0.929549 -0.012349 0.000000
0.196217 -0.055166 0.000000
0.223635 -0.057634 0.000000
0.359531 -0.064475 0.000000
0.897255 -0.017561 0.000000
0.547304 0.106086 0.000000
0.476375 -0.062125 0.000000
0.543461 -0.058250 0.000000
0.188074 0.132650 0.000000
0.562361 0.103443 0.000000
0.115081 0.117162 0.000000
0.542254 0.106955 0.000000
0.691105 -0.044963 0.000000
0.174237 0.130766 0.000000
0.064862 -0.037324 0.000000
0.830358 -0.027538 0.000000
0.833228 -0.027132 0.000000
0.771845 -0.035402 0.000000
0.615189 0.093613 0.000000
0.569278 -0.056363 0.000000
0.428214 0.124048 0.000000
0.240360 -0.059003 0.000000
0.290361 0.136003 0.000000
0.108963 -0.045149 0.000000
0.719805 -0.041738 0.000000
0.496745 -0.061116 0.000000
0.937186 -0.011077 0.000000
0.272872 -0.061316 0.000000
0.245871 0.136505 0.000000
0.482887 0.116502 0.000000
0.488003 -0.061568 0.000000
-0.001651 0.027282 0.000000
0.187422 -0.054317 0.000000
0.507925 -0.060498 0.000000
0.408833 0.126396 0.000000
0.537237 0.107811 0.000000
0.007354 -0.011128 0.000000
0.189945 -0.054563 0.000000
0.870860 -0.021627 0.000000
0.109043 0.115172 0.000000
0.514415 0.111593 0.000000
0.292116 0.135936 0.000000
0.478753 0.117116 0.000000
0.994617 0.001585 0.000000
0.542932 0.106839 0.000000
0.655867 -0.048654 0.000000
0.966971 -0.005963 0.000000
0.077836 -0.040017 0.000000
0.537142 -0.058679 0.000000
0.360941 -0.064488 0.000000
0.723548 -0.041303 0.000000
0.266943 -0.060933 0.000000
0.271647 0.136514 0.000000
0.939564 -0.010677 0.000000
0.135393 -0.048644 0.000000
0.351379 -0.064381 0.000000
0.593868 -0.054382 0.000000
0.266444 0.136587 0.000000
0.457236 0.120204 0.000000
0.288160 0.136088 0.000000
0.240216 -0.058992 0.000000
0.745532 0.066090 0.000000
0.313874 0.134865 0.000000
0.014941 0.056884 0.000000
0.206107 0.134507 0.000000
0.615593 0.093535 0.000000
0.052821 -0.034339 0.000000
0.128606 0.121172 0.000000
0.082241 0.104598 0.000000
0.974948 -0.004552 0.000000
0.710992 0.073804 0.000000
0.460737 -0.062792 0.000000
0.763383 -0.036475 0.000000
0.105223 0.113843 0.000000
0.317312 -0.063547 0.000000
0.735928 -0.039841 0.000000
0.066065 -0.037593 0.000000
0.009611 0.050030 0.000000
0.563975 -0.056767 0.000000
0.476484 0.117451 0.000000
0.408014 -0.064284 0.000000
0.550565 -0.057751 0.000000
0.512737 0.111863 0.000000
0.906887 0.026184 0.000000
0.796292 -0.032212 0.000000
0.314050 -0.063425 0.000000
0.508565 -0.060461 0.000000
0.740975 0.067125 0.000000
0.687963 -0.045305 0.000000
0.522944 0.110201 0.000000
-0.002126 0.025368 0.000000
0.321978 0.134367 0.000000
0.149290 0.126213 0.000000
0.483992 -0.061767 0.000000
0.050522 0.087375 0.000000
0.094057 0.109631 0.000000
0.914801 0.024056 0.000000
0.397693 0.127658 0.000000
0.489019 -0.061517 0.000000
0.204584 0.134377 0.000000
0.113446 0.116641 0.000000
0.781799 0.057679 0.000000
0.267355 -0.060961 0.000000
0.079832 -0.040396 0.000000
0.396743 -0.064437 0.000000
0.618509 -0.052227 0.000000
0.367283 0.130766 0.000000
-0.003100 0.011758 0.000000
0.724654 0.070788 0.000000
0.686071 0.079186 0.000000
0.163293 -0.051838 0.000000
0.225117 0.135795 0.000000
0.265955 0.136593 0.000000
0.290250 -0.062335 0.000000
0.338052 0.133242 0.000000
0.001823 -0.003595 0.000000
0.044772 -0.031977 0.000000
0.435995 0.123055 0.000000
0.282702 -0.061915 0.000000
0.111184 -0.045465 0.000000
0.888098 0.031170 0.000000
0.312942 -0.063382 0.000000
0.674611 0.081609 0.000000
0.220822 0.135562 0.000000
0.869008 0.036140 0.000000
0.029353 0.071467 0.000000
0.079827 -0.040395 0.000000
0.336123 0.133386 0.000000
0.883572 0.032356 0.000000
0.859407 -0.023338 0.000000
0.061796 -0.036615 0.000000
0.392672 0.128206 0.000000
0.605826 -0.053357 0.000000
0.247156 -0.059527 0.000000
0.416824 0.125449 0.000000
0.959124 0.011811 0.000000
0.953073 -0.008380 0.000000
0.864277 -0.022614 0.000000
0.492717 0.115012 0.000000
0.224545 0.135766 0.000000
0.863575 0.037537 0.000000
0.089962 0.107959 0.000000
0.052172 -0.034162 0.000000
0.109227 0.115236 0.000000
0.225159 0.135797 0.000000
0.829192 -0.027702 0.000000
0.001701 0.036505 0.000000
0.872427 0.035257 0.000000
0.197255 -0.055265 0.000000
0.215258 0.135215 0.000000
0.006000 0.044570 0.000000
0.990623 -0.001725 0.000000
0.239827 0.136367 0.000000
0.893711 -0.018117 0.000000
0.477048 -0.062094 0.000000
0.058878 0.092533 0.000000
0.270295 -0.061152 0.000000
0.717277 0.072422 0.000000
0.068663 0.097969 0.000000
0.114190 -0.045886 0.000000
0.703722 -0.043569 0.000000
0.249717 0.136567 0.000000
0.255673 0.136613 0.000000
0.258456 -0.060351 0.000000
0.401050 -0.064386 0.000000
0.905983 0.026426 0.000000
0.219770 0.135498 0.000000
0.319405 0.134529 0.000000
0.932252 0.019301 0.000000
0.802125 0.052826 0.000000
0.212510 -0.056665 0.000000
0.566480 -0.056577 0.000000
0.636731 -0.050529 0.000000
0.079448 0.103313 0.000000
0.858164 -0.023522 0.000000
0.101036 0.112321 0.000000
0.232902 0.136141 0.000000
0.179470 -0.053525 0.000000
0.114359 -0.045910 0.000000
0.646759 0.087354 0.000000
0.875239 -0.020964 0.000000
0.153487 0.127091 0.000000
-0.001152 0.002901 0.000000
0.301019 0.135551 0.000000
0.288400 0.136079 0.000000
0.668409 -0.047375 0.000000
0.603414 0.095876 0.000000
0.500709 -0.060902 0.000000
0.822495 -0.028640 0.000000
0.147472 -0.050077 0.000000
0.530533 -0.059116 0.000000
0.184444 0.132202 0.000000
0.087884 0.107081 0.000000
0.099254 0.111657 0.000000
0.182402 0.131927 0.000000
0.556259 0.104523 0.000000
0.541179 -0.058406 0.000000
0.514863 -0.060093 0.000000
0.427789 -0.063869 0.000000
0.529664 -0.059173 0.000000
0.014384 0.056218 0.000000
0.602340 -0.053660 0.000000
0.000178 -0.000393 0.000000
0.703695 -0.043572 0.000000
0.168859 0.129914 0.000000
0.326568 0.134062 0.000000
0.698009 0.076627 0.000000
0.326207 -0.063835 0.000000
0.522002 -0.059657 0.000000
0.883456 -0.019708 0.000000
0.536525 -0.058721 0.000000
0.557865 0.104240 0.000000
0.029042 -0.026013 0.000000
0.027443 0.069761 0.000000
0.948600 -0.009146 0.000000
0.192280 0.133144 0.000000
0.319274 -0.063613 0.000000
0.000808 -0.001706 0.000000
0.828390 0.046406 0.000000
0.542392 -0.058323 0.000000
0.609964 -0.052993 0.000000
0.812974 0.050194 0.000000
0.973924 0.007594 0.000000
0.893737 -0.018113 0.000000
0.329705 0.133849 0.000000
0.278638 -0.061672 0.000000
0.510085 0.112289 0.000000
0.611773 -0.052833 0.000000
0.564457 0.103070 0.000000
0.968852 0.009046 0.000000
0.089878 0.107925 0.000000
0.962956 -0.006667 0.000000
-0.003228 0.013514 0.000000
0.670461 0.082477 0.000000
0.834952 -0.026887 0.000000
0.546182 -0.058060 0.000000
0.624191 0.091856 0.000000
0.078668 0.102946 0.000000
0.164832 0.129228 0.000000
0.078951 -0.040231 0.000000
0.645432 0.087623 0.000000
0.512801 -0.060214 0.000000
0.987397 0.003697 0.000000
0.163279 -0.051836 0.000000
0.218799 -0.057218 0.000000
0.777921 -0.034622 0.000000
0.169750 0.130057 0.000000
0.941123 -0.010415 0.000000
0.513628 -0.060165 0.000000
0.792325 0.055178 0.000000
0.346417 0.132587 0.000000
0.101333 0.112432 0.000000
0.394273 0.128034 0.000000
0.045347 -0.032156 0.000000
0.774039 -0.035122 0.000000
0.058951 0.092576 0.000000
0.710286 0.073959 0.000000
0.105259 -0.044608 0.000000
0.736915 0.068042 0.000000
0.339006 0.133169 0.000000
0.497251 0.114311 0.000000
0.911769 0.024873 0.000000
0.766464 0.061275 0.000000
0.950788 -0.008772 0.000000
-0.001768 0.026838 0.000000
0.348736 -0.064343 0.000000
0.527238 -0.059328 0.000000
0.472585 0.118022 0.000000
0.371481 0.130369 0.000000
0.336124 -0.064099 0.000000
0.439131 -0.063551 0.000000
0.954252 0.013184 0.000000
0.309284 -0.063239 0.000000
0.351477 0.132171 0.000000
0.561448 0.103605 0.000000
0.203964 0.134324 0.000000
0.762119 0.062283 0.000000
0.317388 0.134656 0.000000
0.694481 -0.044594 0.000000
0.206118 0.134508 0.000000
0.798222 0.053765 0.000000
0.011809 0.052996 0.000000
0.572818 0.101565 0.000000
0.423945 -0.063965 0.000000
0.727874 -0.040796 0.000000
0.604298 0.095708 0.000000
0.820270 -0.028950 0.000000
0.012644 -0.016105 0.000000
0.126668 0.120634 0.000000
0.079708 -0.040373 0.000000
0.904284 -0.016450 0.000000
0.187503 0.132581 0.000000
0.141384 0.124431 0.000000
0.302500 -0.062944 0.000000
0.747568 0.065627 0.000000
0.418751 -0.064082 0.000000
0.811103 0.050650 0.000000
0.191694 0.133080 0.000000
0.003049 0.039299 0.000000
0.151921 0.126770 0.000000
0.903993 -0.016496 0.000000
0.725334 0.070636 0.000000
0.545482 -0.058109 0.000000
0.032030 -0.027326 0.000000
0.332657 0.133638 0.000000
0.332976 0.133615 0.000000
0.702568 0.075641 0.000000
0.525705 -0.059426 0.000000
0.930089 0.019895 0.000000
0.717577 -0.041995 0.000000
0.056363 0.091035 0.000000
0.184229 -0.054001 0.000000
0.928162 0.020423 0.000000
0.571493 -0.056192 0.000000
0.149909 0.126344 0.000000
0.456511 -0.062957 0.000000
0.132096 0.122110 0.000000
0.441216 0.122373 0.000000
0.175938 -0.053167 0.000000
0.124651 -0.047290 0.000000
0.110990 -0.045437 0.000000
0.738719 -0.039507 0.000000
0.691186 0.078094 0.000000
0.206933 0.134577 0.000000
0.163971 0.129079 0.000000
0.461042 -0.062780 0.000000
0.717059 0.072470 0.000000
0.924351 0.021464 0.000000
0.041555 0.081208 0.000000
0.033521 -0.027945 0.000000
0.985637 0.004209 0.000000
0.689169 0.078526 0.000000
0.558693 0.104094 0.000000
0.493935 0.114825 0.000000
0.541515 0.107082 0.000000
0.064633 -0.037273 0.000000
0.120456 0.118829 0.000000
0.924614 -0.013163 0.000000
0.537391 0.107785 0.000000
0.510000 -0.060379 0.000000
0.943550 -0.010004 0.000000
0.848802 0.041298 0.000000
0.502222 -0.060818 0.000000
0.656849 -0.048555 0.000000
0.598533 -0.053987 0.000000
0.099161 0.111623 0.000000
0.001252 0.035498 0.000000
0.590943 0.098229 0.000000
0.475821 -0.062150 0.000000
0.865212 -0.022475 0.000000
-0.002407 0.007322 0.000000
0.063012 0.094904 0.000000
-0.003278 0.015412 0.000000
0.165611 0.129362 0.000000
0.127347 0.120823 0.000000
0.578147 -0.055669 0.000000
-0.001163 0.002930 0.000000
0.806244 0.051830 0.000000
0.851608 0.040588 0.000000
0.438572 -0.063568 0.000000
0.758568 -0.037078 0.000000
0.099948 0.111916 0.000000
0.137196 0.123417 0.000000
0.580884 0.100093 0.000000
0.766414 0.061286 0.000000
0.724958 0.070720 0.000000
0.584131 0.099494 0.000000
0.957522 0.012263 0.000000
0.818985 -0.029128 0.000000
0.099669 0.111812 0.000000
-0.000897 0.029832 0.000000
0.938907 0.017466 0.000000
0.119282 -0.046582 0.000000
0.398248 -0.064421 0.000000
0.647349 0.087234 0.000000
0.583712 -0.055221 0.000000
0.194272 0.133363 0.000000
0.629194 -0.051242 0.000000
0.751475 -0.037956 0.000000
0.434371 -0.063692 0.000000
0.614314 -0.052606 0.000000
0.353106 0.132032 0.000000
0.283477 -0.061958 0.000000
0.426066 0.124319 0.000000
0.515491 -0.060055 0.000000
0.581019 -0.055439 0.000000
0.877052 0.034057 0.000000
0.738180 -0.039572 0.000000
0.855518 0.039595 0.000000
0.704004 -0.043538 0.000000
0.774908 0.059302 0.000000
0.042780 -0.031332 0.000000
0.055374 -0.035021 0.000000
0.105897 -0.044702 0.000000
0.132104 0.122112 0.000000
0.823391 0.047640 0.000000
0.219712 0.135494 0.000000
0.879750 -0.020277 0.000000
0.643417 -0.049885 0.000000
0.782337 0.057552 0.000000
0.445513 -0.063348 0.000000
0.903867 0.026992 0.000000
0.006291 -0.009925 0.000000
0.966938 -0.005969 0.000000
0.720215 -0.041690 0.000000
0.026887 -0.024997 0.000000
0.359443 -0.064474 0.000000
0.268394 0.136559 0.000000
0.337155 -0.064123 0.000000
0.633671 0.089982 0.000000
0.705232 0.075062 0.000000
0.068270 -0.038076 0.000000
0.413229 0.125880 0.000000
0.540599 0.107239 0.000000
0.986033 -0.002561 0.000000
0.780131 -0.034336 0.000000
0.880487 -0.020164 0.000000
0.407266 -0.064296 0.000000
0.711772 0.073633 0.000000
0.020957 0.063511 0.000000
0.653362 -0.048905 0.000000
0.233849 -0.058484 0.000000
0.371188 -0.064544 0.000000
0.886759 0.031521 0.000000
0.259977 -0.060459 0.000000
0.004489 0.041989 0.000000
0.449767 0.121231 0.000000
0.293398 0.135886 0.000000
0.534036 0.108353 0.000000
0.662341 -0.047999 0.000000
0.528004 -0.059279 0.000000
0.293883 -0.062524 0.000000
0.892978 0.029884 0.000000
0.472839 0.117985 0.000000
0.809579 -0.030421 0.000000
0.326582 -0.063846 0.000000
0.368019 0.130697 0.000000
0.970795 -0.005289 0.000000
0.312239 0.134959 0.000000
0.641681 0.088379 0.000000
0.156214 -0.051065 0.000000
0.036603 -0.029154 0.000000
0.892580 0.029989 0.000000
0.204221 -0.055914 0.000000
0.108373 -0.045063 0.000000
-0.002810 0.009469 0.000000
0.821300 -0.028807 0.000000
0.353350 0.132011 0.000000
0.151524 0.126686 0.000000
0.069112 0.098205 0.000000
0.073750 -0.039217 0.000000
0.226316 -0.057861 0.000000
0.799369 0.053490 0.000000
0.313115 -0.063389 0.000000
0.545757 0.106354 0.000000
0.632495 0.090216 0.000000
0.819396 0.048623 0.000000
0.636381 -0.050563 0.000000
0.709180 0.074201 0.000000
0.102600 -0.044211 0.000000
0.666044 0.083397 0.000000
0.340112 -0.064185 0.000000
0.415588 -0.064147 0.000000
0.206774 -0.056148 0.000000
0.659556 0.084739 0.000000
0.349670 0.132322 0.000000
0.491135 -0.061409 0.000000
0.731152 -0.040409 0.000000
0.915142 0.023964 0.000000
0.975806 0.007053 0.000000
0.548997 0.105793 0.000000
0.159109 -0.051384 0.000000
0.432488 0.123508 0.000000
0.507972 -0.060495 0.000000
0.116073 0.117477 0.000000
0.989438 0.003102 0.000000
0.467189 0.118800 0.000000
0.204148 0.134340 0.000000
0.232260 -0.058354 0.000000
0.918101 0.023163 0.000000
0.980446 0.005715 0.000000
0.284904 -0.062039 0.000000
0.752403 0.064521 0.000000
0.393316 -0.064473 0.000000
0.028347 -0.025693 0.000000
0.588149 0.098750 0.000000
0.650015 0.086693 0.000000
0.995534 0.001316 0.000000
0.268248 0.136561 0.000000
0.753197 0.064339 0.000000
0.681546 -0.045994 0.000000
0.925939 0.021031 0.000000
0.933234 0.019031 0.000000
0.588916 0.098607 0.000000
0.822386 -0.028656 0.000000
0.910328 -0.015484 0.000000
0.042945 0.082213 0.000000
0.262143 -0.060608 0.000000
0.807635 0.051493 0.000000
0.736243 0.068193 0.000000
0.918051 0.023177 0.000000
0.733636 -0.040115 0.000000
0.445336 -0.063354 0.000000
0.244525 0.136483 0.000000
0.533133 0.108504 0.000000
0.891183 0.030358 0.000000
0.711380 -0.042705 0.000000
-0.000189 0.000433 0.000000
0.074187 0.100785 0.000000
0.856296 -0.023797 0.000000
0.683155 -0.045822 0.000000
0.374589 0.130067 0.000000
0.276574 0.136416 0.000000
0.033503 0.074985 0.000000
0.884741 -0.019510 0.000000
0.874410 0.034743 0.000000
0.022857 0.065425 0.000000
0.400902 0.127302 0.000000
0.059188 -0.035986 0.000000
0.951897 0.013846 0.000000
0.121681 -0.046901 0.000000
0.443436 -0.063415 0.000000
0.884924 -0.019482 0.000000
0.678605 0.080768 0.000000
0.558100 -0.057205 0.000000
0.131035 0.121829 0.000000
0.558165 0.104187 0.000000
0.749200 0.065254 0.000000
0.446848 -0.063303 0.000000
0.042164 0.081651 0.000000
0.648708 0.086958 0.000000
0.010517 -0.014274 0.000000
0.547949 0.105974 0.000000
0.217503 -0.057105 0.000000
0.853299 0.040159 0.000000
0.748048 0.065517 0.000000
0.122652 -0.047029 0.000000
0.100317 0.112053 0.000000
0.923626 -0.013325 0.000000
0.003756 -0.006646 0.000000
0.402516 0.127121 0.000000
0.121255 -0.046844 0.000000
0.628952 0.090918 0.000000
0.214436 -0.056837 0.000000
0.198831 -0.055412 0.000000
0.532737 0.108571 0.000000
0.381355 -0.064545 0.000000
0.973492 -0.004811 0.000000
0.020983 -0.021850 0.000000
0.804024 0.052367 0.000000
0.029940 -0.026420 0.000000
0.490438 -0.061445 0.000000
0.200392 0.133989 0.000000
0.556439 0.104491 0.000000
0.630593 0.090593 0.000000
0.696033 0.077053 0.000000
0.552716 -0.057597 0.000000
0.824110 0.047463 0.000000
0.927800 0.020522 0.000000
0.220955 -0.057406 0.000000
0.327775 0.133980 0.000000
0.382259 -0.064541 0.000000
-0.002511 0.023514 0.000000
0.927941 0.020484 0.000000
0.276353 0.136421 0.000000
0.997524 -0.000458 0.000000
0.036629 0.077488 0.000000
0.547131 0.106116 0.000000
0.242550 0.136441 0.000000
-0.000200 0.000459 0.000000
0.018123 0.060507 0.000000
0.542906 -0.058288 0.000000
0.481395 -0.061891 0.000000
0.725337 0.070636 0.000000
0.020988 0.063543 0.000000
0.180022 0.131607 0.000000
0.262780 -0.060652 0.000000
0.248663 -0.059639 0.000000
0.624261 0.091843 0.000000
0.748544 -0.038316 0.000000
0.080273 0.103701 0.000000
0.242874 0.136450 0.000000
0.433174 0.123419 0.000000
0.632765 0.090162 0.000000
0.860898 -0.023117 0.000000
0.791870 0.055287 0.000000
0.499354 -0.060976 0.000000
0.862240 -0.022918 0.000000
0.191894 -0.054753 0.000000
-0.002959 0.020634 0.000000
0.149951 0.126353 0.000000
0.846823 -0.025182 0.000000
0.523295 -0.059577 0.000000
0.483008 0.116484 0.000000
0.287493 0.136111 0.000000
0.623149 -0.051803 0.000000
0.572543 -0.056110 0.000000
0.282868 0.136254 0.000000
0.891904 0.030167 0.000000
0.498937 -0.060999 0.000000
0.678043 -0.046366 0.000000
0.237937 0.136315 0.000000
0.178383 -0.053415 0.000000
0.806318 -0.030864 0.000000
0.306734 0.135262 0.000000
0.911235 -0.015338 0.000000
0.170405 -0.052593 0.000000
0.001589 0.036257 0.000000
0.812359 0.050344 0.000000
0.208626 -0.056317 0.000000
0.583751 -0.055218 0.000000
0.754208 -0.037619 0.000000
0.942913 0.016355 0.000000
0.771284 -0.035474 0.000000
0.258031 0.136626 0.000000
0.432741 0.123475 0.000000
0.589283 -0.054765 0.000000
0.598453 0.096817 0.000000
0.716136 0.072674 0.000000
0.915646 0.023827 0.000000
0.305439 0.135329 0.000000
0.431632 -0.063767 0.000000
0.307363 0.135229 0.000000
0.310643 0.135051 0.000000
0.667192 0.083159 0.000000
0.971191 -0.005219 0.000000
0.055037 -0.034932 0.000000
0.207571 -0.056221 0.000000
0.107209 -0.044893 0.000000
0.949486 -0.008994 0.000000
0.693192 0.077664 0.000000
0.573474 -0.056037 0.000000
0.211836 -0.056605 0.000000
0.133587 -0.048421 0.000000
0.435588 0.123107 0.000000
0.230947 -0.058245 0.000000
0.959967 -0.007188 0.000000
0.347588 0.132492 0.000000
0.604463 0.095677 0.000000
0.422973 -0.063988 0.000000
0.172464 -0.052807 0.000000
0.300217 -0.062835 0.000000
0.910290 0.025271 0.000000
0.933327 0.019006 0.000000
0.351199 0.132195 0.000000
0.008186 -0.012013 0.000000
0.637706 -0.050436 0.000000
0.168327 -0.052374 0.000000
0.561416 0.103611 0.000000
0.582986 0.099706 0.000000
0.110011 -0.045298 0.000000
0.712404 0.073494 0.000000
0.010670 -0.014412 0.000000
0.940171 -0.010575 0.000000
0.993329 -0.001230 0.000000
-0.003163 0.018559 0.000000
0.021231 -0.021994 0.000000
-0.003150 0.018734 0.000000
0.321438 0.134401 0.000000
0.388699 0.128632 0.000000
0.414796 0.125694 0.000000
0.137789 0.123566 0.000000
0.919392 -0.014017 0.000000
0.079301 -0.040297 0.000000
-0.002126 0.006131 0.000000
0.964964 -0.006316 0.000000
0.789213 -0.033150 0.000000
0.820961 -0.028854 0.000000
0.830315 0.045928 0.000000
0.926735 -0.012814 0.000000
0.362737 -0.064504 0.000000
0.362236 0.131231 0.000000
0.085843 0.106203 0.000000
0.577380 0.100735 0.000000
0.780405 -0.034301 0.000000
0.722346 -0.041443 0.000000
0.966110 -0.006115 0.000000
0.817749 0.049027 0.000000
0.014971 -0.017909 0.000000
0.144738 -0.049759 0.000000
0.049358 0.086616 0.000000
0.946373 0.015391 0.000000
0.611965 0.094237 0.000000
0.197636 0.133721 0.000000
0.574358 0.101285 0.000000
0.194895 0.133431 0.000000
0.676009 0.081315 0.000000
0.216539 -0.057021 0.000000
0.970694 0.008520 0.000000
0.584261 0.099470 0.000000
0.419357 0.125144 0.000000
0.750360 -0.038093 0.000000
0.350769 -0.064373 0.000000
0.902319 0.027405 0.000000
0.696666 -0.044353 0.000000
0.431921 0.123580 0.000000
0.808237 0.051347 0.000000
0.156162 -0.051059 0.000000
0.523350 0.110134 0.000000
0.526684 0.109582 0.000000
0.771133 -0.035493 0.000000
0.040850 -0.030682 0.000000
0.457120 -0.062934 0.000000
0.388957 -0.064506 0.000000
0.132829 0.122304 0.000000
0.598771 0.096757 0.000000
0.317616 -0.063557 0.000000
0.865021 0.037166 0.000000
0.596486 -0.054161 0.000000
0.175305 -0.053101 0.000000
0.843866 -0.025610 0.000000
0.589060 0.098580 0.000000
0.972464 0.008013 0.000000
0.738128 0.067768 0.000000
0.158361 0.128051 0.000000
0.032947 0.074526 0.000000
0.006605 -0.010290 0.000000
0.626441 0.091414 0.000000
0.156038 -0.051046 0.000000
0.040042 -0.030402 0.000000
0.909352 -0.015640 0.000000
0.554953 -0.057435 0.000000
0.023419 0.065977 0.000000
0.609331 0.094744 0.000000
0.478819 -0.062013 0.000000
0.511696 0.112030 0.000000
0.726775 0.070315 0.000000
0.370056 -0.064541 0.000000
0.863455 -0.022737 0.000000
0.403253 -0.064356 0.000000
0.765863 -0.036162 0.000000
0.355845 0.131798 0.000000
0.836750 0.044326 0.000000
0.769341 -0.035721 0.000000
0.532574 0.108598 0.000000
0.655368 0.085600 0.000000
0.959011 0.011843 0.000000
0.325213 0.134154 0.000000
0.137578 -0.048909 0.000000
0.623848 0.091924 0.000000
0.901912 0.027513 0.000000
0.085788 -0.041476 0.000000
0.491563 -0.061387 0.000000
0.190762 -0.054643 0.000000
0.718447 0.072164 0.000000
0.575302 -0.055894 0.000000
0.473656 0.117865 0.000000
-0.000978 0.029578 0.000000
0.740818 -0.039254 0.000000
0.885538 -0.019387 0.000000
0.446381 0.121686 0.000000
0.005892 -0.009451 0.000000
0.115419 -0.046057 0.000000
0.815670 0.049536 0.000000
0.983397 0.004860 0.000000
0.478578 0.117142 0.000000
0.398707 -0.064416 0.000000
0.100694 -0.043919 0.000000
0.106206 -0.044747 0.000000
0.274875 -0.061445 0.000000
0.517953 -0.059906 0.000000
0.232044 -0.058336 0.000000
0.217565 -0.057111 0.000000
0.285727 -0.062085 0.000000
0.259516 -0.060426 0.000000
0.038320 -0.029790 0.000000
0.755516 0.063806 0.000000
0.388695 -0.064508 0.000000
0.056658 -0.035352 0.000000
0.508387 -0.060471 0.000000
0.209516 0.134794 0.000000
0.608204 -0.053149 0.000000
0.542296 -0.058330 0.000000
0.115890 -0.046122 0.000000
0.068935 0.098112 0.000000
0.224649 0.135771 0.000000
0.773647 0.059597 0.000000
0.636525 -0.050549 0.000000
0.764091 -0.036386 0.000000
0.851511 -0.024499 0.000000
0.883634 0.032340 0.000000
0.294825 0.135831 0.000000
0.270694 -0.061177 0.000000
0.576265 0.100938 0.000000
0.630175 0.090676 0.000000
0.765078 0.061596 0.000000
0.254399 0.136606 0.000000
0.695502 -0.044482 0.000000
0.490382 0.115369 0.000000
0.137141 -0.048856 0.000000
0.106901 -0.044849 0.000000
0.184432 0.132201 0.000000
0.185911 -0.054169 0.000000
0.074489 0.100936 0.000000
0.882951 -0.019786 0.000000
0.486259 0.115994 0.000000
0.955907 -0.007891 0.000000
0.861226 -0.023068 0.000000
0.875600 0.034434 0.000000
0.606035 -0.053339 0.000000
0.745710 0.066050 0.000000
0.364143 0.131059 0.000000
0.051601 0.088075 0.000000
0.401260 -0.064383 0.000000
0.571443 -0.056196 0.000000
0.762912 0.062099 0.000000
0.643539 0.088004 0.000000
0.843254 0.042697 0.000000
0.607359 0.095122 0.000000
0.423868 0.124590 0.000000
0.633987 -0.050790 0.000000
0.959438 -0.007280 0.000000
0.284431 0.136206 0.000000
0.918205 -0.014211 0.000000
0.755455 0.063821 0.000000
0.456086 -0.062972 0.000000
0.463148 -0.062697 0.000000
0.753954 0.064165 0.000000
0.190877 -0.054654 0.000000
0.300390 -0.062844 0.000000
0.757011 -0.037272 0.000000
0.094856 -0.043001 0.000000
0.029193 -0.026081 0.000000
0.299996 -0.062825 0.000000
0.846840 0.041794 0.000000
0.566169 0.102763 0.000000
0.319329 -0.063615 0.000000
0.564228 -0.056748 0.000000
0.203747 -0.055871 0.000000
0.558863 -0.057149 0.000000
0.105439 0.113920 0.000000
0.815331 -0.029633 0.000000
0.667280 0.083140 0.000000
0.787441 -0.033383 0.000000
0.705177 0.075074 0.000000
0.573080 0.101518 0.000000
0.404908 0.126847 0.000000
0.356203 0.131767 0.000000
0.968137 -0.005758 0.000000
0.402609 -0.064365 0.000000
0.392422 -0.064480 0.000000
0.154583 -0.050883 0.000000
0.345666 -0.064291 0.000000
0.624012 0.091891 0.000000
0.602957 0.095963 0.000000
0.957262 0.012336 0.000000
0.168083 0.129790 0.000000
0.800106 0.053312 0.000000
0.612457 0.094142 0.000000
0.873795 0.034902 0.000000
0.168001 0.129775 0.000000
0.700581 -0.043920 0.000000
0.405888 -0.064319 0.000000
0.007996 0.047691 0.000000
0.506598 0.112844 0.000000
0.205468 -0.056028 0.000000
0.080323 0.103724 0.000000
0.397451 0.127685 0.000000
0.018439 0.060851 0.000000
0.302591 0.135477 0.000000
0.201466 -0.055659 0.000000
0.136605 0.123268 0.000000
0.998252 0.000516 0.000000
0.493549 -0.061285 0.000000
0.794353 0.054693 0.000000
0.920059 -0.013908 0.000000
0.477548 0.117295 0.000000
0.933529 0.018950 0.000000
0.757858 -0.037166 0.000000
0.509834 0.112330 0.000000
0.101351 0.112438 0.000000
0.758427 -0.037095 0.000000
0.164186 0.129116 0.000000
0.967934 -0.005794 0.000000
0.494917 0.114673 0.000000
0.412928 -0.064198 0.000000
0.975331 -0.004484 0.000000
0.875131 0.034556 0.000000
0.405937 0.126729 0.000000
0.713058 -0.042513 0.000000
0.127221 0.120788 0.000000
0.658424 0.084972 0.000000
0.731741 0.069205 0.000000
0.664725 0.083671 0.000000
0.911303 0.024998 0.000000
0.909224 -0.015661 0.000000
-0.003029 0.020026 0.000000
0.357538 0.131652 0.000000
0.459212 -0.062852 0.000000
0.570270 0.102026 0.000000
0.826339 0.046913 0.000000
0.422864 0.124714 0.000000
0.592207 -0.054521 0.000000
0.189313 -0.054501 0.000000
0.687077 0.078972 0.000000
0.345262 0.132681 0.000000
0.513201 0.111788 0.000000
0.850435 0.040885 0.000000
0.974703 0.007370 0.000000
0.863526 -0.022726 0.000000
0.894297 -0.018026 0.000000
0.849760 -0.024755 0.000000
0.197925 0.133749 0.000000
0.707667 0.074531 0.000000
0.377407 0.129790 0.000000
0.369176 0.130589 0.000000
0.991259 -0.001609 0.000000
0.910881 -0.015395 0.000000
0.826169 -0.028127 0.000000
0.881282 0.032955 0.000000
0.999812 -0.000035 0.000000
0.471608 -0.062339 0.000000
0.189507 0.132825 0.000000
0.935633 -0.011336 0.000000
0.912123 0.024778 0.000000
0.314901 0.134805 0.000000
0.848119 -0.024994 0.000000
0.671512 -0.047053 0.000000
0.691421 0.078044 0.000000
0.952151 -0.008538 0.000000
0.434430 0.123257 0.000000
0.818858 0.048755 0.000000
0.677434 -0.046431 0.000000
0.853765 -0.024169 0.000000
0.302552 -0.062947 0.000000
0.822924 -0.028581 0.000000
0.211877 0.134967 0.000000
0.552469 -0.057614 0.000000
0.005676 0.044034 0.000000
0.082390 -0.040868 0.000000
0.886616 -0.019221 0.000000
0.080201 0.103667 0.000000
0.426166 0.124307 0.000000
0.666392 0.083325 0.000000
0.699601 -0.044028 0.000000
0.395496 0.127902 0.000000
0.838594 -0.026367 0.000000
0.261546 0.136614 0.000000
0.036976 0.077758 0.000000
0.277312 -0.061592 0.000000
0.997615 -0.000441 0.000000
0.896744 -0.017642 0.000000
0.321593 0.134391 0.000000
0.965508 -0.006220 0.000000
0.565982 -0.056615 0.000000
0.996472 -0.000652 0.000000
0.026532 0.068929 0.000000
0.215567 -0.056936 0.000000
0.882844 -0.019802 0.000000
0.620837 0.092514 0.000000
0.056064 0.090855 0.000000
0.222585 -0.057544 0.000000
0.307243 -0.063151 0.000000
0.815069 0.049683 0.000000
0.993955 0.001780 0.000000
0.238938 0.136343 0.000000
0.779329 0.058262 0.000000
0.094094 -0.042878 0.000000
0.003527 -0.006313 0.000000
0.702802 -0.043672 0.000000
0.391205 -0.064489 0.000000
0.532395 -0.058994 0.000000
0.491645 0.115175 0.000000
0.045029 -0.032057 0.000000
0.789385 -0.033127 0.000000
0.369316 -0.064540 0.000000
0.296471 0.135758 0.000000
0.668169 0.082956 0.000000
0.595145 0.097441 0.000000
0.964578 0.010264 0.000000
0.551162 -0.057708 0.000000
0.857329 0.039134 0.000000
0.060882 -0.036398 0.000000
0.636209 0.089476 0.000000
0.992519 -0.001379 0.000000
0.491962 0.115127 0.000000
0.189296 -0.054500 0.000000
0.073893 0.100639 0.000000
0.234362 -0.058525 0.000000
0.615444 0.093564 0.000000
0.232514 -0.058375 0.000000
0.917842 -0.014269 0.000000
0.106463 0.114282 0.000000
0.915780 0.023791 0.000000
0.345865 0.132632 0.000000
0.302178 -0.062929 0.000000
0.837204 -0.026566 0.000000
0.970596 0.008548 0.000000
0.238947 -0.058891 0.000000
0.326762 0.134049 0.000000
0.027296 0.069629 0.000000
0.890514 0.030534 0.000000
0.474928 0.117679 0.000000
0.741490 -0.039173 0.000000
0.545422 0.106412 0.000000
-0.003110 0.019206 0.000000
0.890582 0.030516 0.000000
0.818697 -0.029168 0.000000
0.517725 -0.059920 0.000000
0.220989 0.135573 0.000000
0.102165 0.112741 0.000000
0.045649 -0.032250 0.000000
0.850638 0.040834 0.000000
0.859695 -0.023295 0.000000
0.580207 -0.055504 0.000000
0.189410 -0.054511 0.000000
0.393098 -0.064474 0.000000
0.237175 -0.058750 0.000000
0.244643 0.136485 0.000000
0.884195 0.032194 0.000000
0.076970 0.102142 0.000000
0.646656 -0.049568 0.000000
0.592620 -0.054487 0.000000
0.171035 0.130263 0.000000
0.478942 -0.062008 0.000000
0.778581 -0.034537 0.000000
0.974492 0.007431 0.000000
0.632648 0.090185 0.000000
0.485555 0.116100 0.000000
0.759980 -0.036901 0.000000
0.270108 -0.061140 0.000000
0.992003 -0.001473 0.000000
0.825994 -0.028151 0.000000
0.721379 0.071515 0.000000
0.736546 -0.039768 0.000000
0.508738 0.112504 0.000000
0.066355 -0.037658 0.000000
0.976474 -0.004280 0.000000
0.108687 0.115050 0.000000
0.751631 -0.037937 0.000000
0.613232 0.093993 0.000000
0.001142 -0.002354 0.000000
0.878041 0.033800 0.000000
0.110210 -0.045326 0.000000
0.978234 0.006353 0.000000
0.699446 0.076317 0.000000
0.500754 0.113766 0.000000
0.687713 -0.045332 0.000000
0.722915 0.071174 0.000000
0.505915 -0.060613 0.000000
0.121694 0.119202 0.000000
0.391223 -0.064489 0.000000
0.055871 0.090738 0.000000
0.673786 -0.046815 0.000000
0.675384 0.081446 0.000000
0.820799 0.048278 0.000000
0.862453 -0.022886 0.000000
0.234954 -0.058572 0.000000
0.023813 -0.023433 0.000000
0.994400 0.001649 0.000000
0.425667 0.124368 0.000000
0.561153 0.103658 0.000000
-0.001054 0.002624 0.000000
0.915434 -0.014660 0.000000
0.703154 -0.043633 0.000000
0.010448 -0.014211 0.000000
0.896024 -0.017755 0.000000
0.996904 0.000913 0.000000
0.604360 -0.053485 0.000000
0.781153 0.057831 0.000000
0.552094 0.105253 0.000000
0.446509 -0.063315 0.000000
0.543689 -0.058234 0.000000
0.088103 -0.041878 0.000000
0.473597 0.117874 0.000000
0.301811 -0.062911 0.000000
0.846978 0.041759 0.000000
0.738055 -0.039587 0.000000
0.215216 -0.056906 0.000000
0.035528 -0.028742 0.000000
0.266411 -0.060897 0.000000
0.372108 -0.064546 0.000000
0.609710 0.094671 0.000000
0.981589 0.005384 0.000000
0.697791 -0.044229 0.000000
0.401774 -0.064376 0.000000
0.583805 -0.055214 0.000000
0.118339 -0.046454 0.000000
0.837150 -0.026573 0.000000
0.897706 0.028632 0.000000
0.378437 -0.064548 0.000000
0.859604 -0.023309 0.000000
0.784751 -0.033735 0.000000
0.214574 -0.056849 0.000000
0.214857 0.135186 0.000000
0.885926 -0.019327 0.000000
0.462463 0.119472 0.000000
0.904647 0.026783 0.000000
0.218769 0.135436 0.000000
0.554933 -0.057436 0.000000
0.148461 0.126037 0.000000
0.864770 -0.022541 0.000000
0.103089 -0.044284 0.000000
0.697942 0.076642 0.000000
0.094282 0.109721 0.000000
0.843486 0.042639 0.000000
0.075889 -0.039641 0.000000
0.879792 -0.020270 0.000000
0.307638 -0.063168 0.000000
0.404873 -0.064334 0.000000
0.913234 -0.015016 0.000000
0.189428 -0.054513 0.000000
0.632996 0.090116 0.000000
0.080007 0.103576 0.000000
0.242426 -0.059163 0.000000
0.022656 0.065227 0.000000
0.651248 0.086442 0.000000
0.545181 -0.058130 0.000000
0.524114 0.110008 0.000000
0.475935 -0.062145 0.000000
0.644681 0.087774 0.000000
0.190540 0.132952 0.000000
0.358358 -0.064464 0.000000
0.576600 0.100877 0.000000
0.141997 0.124577 0.000000
0.552146 0.105244 0.000000
0.715254 0.072868 0.000000
0.358400 0.131575 0.000000
0.476883 0.117392 0.000000
0.216161 0.135276 0.000000
0.667446 -0.047474 0.000000
0.785960 0.056694 0.000000
0.044111 -0.031764 0.000000
0.291243 -0.062386 0.000000
0.890661 0.030495 0.000000
0.606793 0.095231 0.000000
0.481512 -0.061885 0.000000
0.391802 0.128300 0.000000
0.748724 0.065363 0.000000
0.221343 0.135594 0.000000
0.656290 -0.048611 0.000000
0.097152 -0.043368 0.000000
0.848189 0.041453 0.000000
0.202954 -0.055798 0.000000
0.024873 0.067378 0.000000
0.968736 0.009080 0.000000
0.599649 0.096592 0.000000
0.731138 -0.040411 0.000000
0.380247 0.129504 0.000000
0.124162 0.119920 0.000000
0.825472 -0.028224 0.000000
0.704176 -0.043518 0.000000
0.868882 0.036172 0.000000
0.178500 0.131394 0.000000
0.505880 0.112958 0.000000
0.409189 0.126354 0.000000
0.086050 -0.041521 0.000000
0.403724 0.126982 0.000000
0.144131 0.125072 0.000000
0.158928 -0.051364 0.000000
0.501523 -0.060857 0.000000
0.599177 -0.053932 0.000000
0.282701 -0.061915 0.000000
0.764512 0.061728 0.000000
0.989208 0.003169 0.000000
0.573898 0.101369 0.000000
0.345711 0.132644 0.000000
0.223826 0.135730 0.000000
0.278445 -0.061661 0.000000
0.383443 0.129181 0.000000
0.810002 0.050918 0.000000
0.019724 0.062228 0.000000
0.069863 0.098596 0.000000
0.956311 -0.007821 0.000000
-0.002500 0.007762 0.000000
0.186533 0.132462 0.000000
0.858492 0.038837 0.000000
0.222522 -0.057539 0.000000
0.137129 -0.048854 0.000000
-0.002308 0.024538 0.000000
0.025957 -0.024540 0.000000
0.478528 -0.062027 0.000000
0.259582 -0.060431 0.000000
0.541503 0.107084 0.000000
0.018947 -0.020614 0.000000
0.675048 -0.046682 0.000000
0.315866 -0.063494 0.000000
0.596644 -0.054148 0.000000
0.926350 0.020919 0.000000
0.490509 0.115349 0.000000
0.544428 0.106583 0.000000
0.465085 -0.062616 0.000000
0.577611 0.100693 0.000000
0.153854 -0.050802 0.000000
0.667289 -0.047491 0.000000
0.373192 -0.064548 0.000000
0.738607 0.067660 0.000000
0.019196 0.061666 0.000000
0.799470 0.053465 0.000000
0.795968 -0.032255 0.000000
0.811115 -0.030211 0.000000
0.594869 -0.054298 0.000000
0.759107 0.062979 0.000000
0.551057 0.105434 0.000000
0.506424 0.112872 0.000000
0.776201 0.058998 0.000000
0.885996 -0.019317 0.000000
0.007995 -0.011816 0.000000
0.772197 -0.035357 0.000000
0.186301 0.132434 0.000000
0.247036 0.136524 0.000000
0.201471 -0.055660 0.000000
0.353198 0.132024 0.000000
0.466619 0.118882 0.000000
0.639481 -0.050266 0.000000
0.325979 -0.063828 0.000000
0.994550 -0.001006 0.000000
0.001902 0.036944 0.000000
0.109159 0.115212 0.000000
0.127803 0.120949 0.000000
0.771007 0.060215 0.000000
0.076019 0.101680 0.000000
0.409641 -0.064257 0.000000
0.243875 0.136472 0.000000
0.687386 -0.045367 0.000000
0.860586 0.038303 0.000000
0.012487 0.053868 0.000000
0.453374 -0.063073 0.000000
0.052723 -0.034312 0.000000
0.974396 0.007458 0.000000
0.988103 -0.002185 0.000000
0.526021 -0.059405 0.000000
0.542142 0.106975 0.000000
0.041855 -0.031023 0.000000
0.426060 0.124320 0.000000
0.575849 0.101014 0.000000
0.083547 -0.041077 0.000000
0.593122 -0.054445 0.000000
0.471002 0.118251 0.000000
0.461071 -0.062779 0.000000
0.339209 0.133153 0.000000
0.487587 0.115794 0.000000
0.780589 0.057965 0.000000
0.103724 0.113305 0.000000
0.818457 -0.029201 0.000000
-0.003251 0.016979 0.000000
0.626539 -0.051490 0.000000
0.108212 0.114885 0.000000
0.389918 0.128503 0.000000
0.198708 -0.055401 0.000000
0.046614 -0.032549 0.000000
0.181563 0.131814 0.000000
0.404023 0.126948 0.000000
0.950061 -0.008896 0.000000
0.261558 -0.060569 0.000000
0.586815 0.098998 0.000000
0.234570 0.136205 0.000000
0.274126 0.136472 0.000000
0.675333 0.081457 0.000000
0.161234 -0.051616 0.000000
0.581780 0.099928 0.000000
0.867024 -0.022203 0.000000
0.084978 -0.041333 0.000000
0.993118 0.002025 0.000000
0.848418 -0.024950 0.000000
0.929381 0.020089 0.000000
0.640384 0.088640 0.000000
0.747139 0.065724 0.000000
0.168665 0.129883 0.000000
0.044900 -0.032017 0.000000
0.985099 -0.002730 0.000000
0.010655 0.051467 0.000000
0.179394 -0.053517 0.000000
0.289353 -0.062288 0.000000
0.697273 -0.044286 0.000000
0.282237 -0.061889 0.000000
0.094734 0.109902 0.000000
0.318717 0.134572 0.000000
0.665828 -0.047642 0.000000
0.265814 -0.060857 0.000000
0.753553 0.064257 0.000000
0.240120 -0.058985 0.000000
0.493252 -0.061300 0.000000
0.158356 0.128051 0.000000
-0.001890 0.026358 0.000000
0.847067 -0.025146 0.000000
0.995827 0.001230 0.000000
0.627573 -0.051394 0.000000
0.114289 -0.045900 0.000000
0.652142 0.086259 0.000000
0.186181 -0.054196 0.000000
0.390874 0.128400 0.000000
0.742857 0.066698 0.000000
0.105575 0.113969 0.000000
0.098507 0.111372 0.000000
0.418954 -0.064077 0.000000
-0.002374 0.024219 0.000000
0.422700 -0.063994 0.000000
0.205345 0.134442 0.000000
0.124058 -0.047213 0.000000
0.992663 -0.001352 0.000000
0.519812 0.110716 0.000000
0.131013 -0.048102 0.000000
0.781701 -0.034132 0.000000
0.690079 0.078331 0.000000
0.809297 0.051089 0.000000
0.314803 -0.063454 0.000000
0.760995 0.062543 0.000000
0.447006 0.121602 0.000000
0.704400 -0.043493 0.000000
0.031586 -0.027137 0.000000
0.877465 -0.020625 0.000000
0.936776 -0.011145 0.000000
0.066472 0.096804 0.000000
0.403676 0.126988 0.000000
0.139823 -0.049179 0.000000
0.565332 0.102913 0.000000
0.975155 -0.004515 0.000000
0.016744 -0.019168 0.000000
0.520260 -0.059766 0.000000
0.270427 -0.061160 0.000000
0.421668 0.124862 0.000000
0.989827 -0.001871 0.000000
0.684353 -0.045694 0.000000
0.297427 -0.062702 0.000000
0.219401 0.135475 0.000000
0.841437 -0.025959 0.000000
0.991828 0.002403 0.000000
0.172336 -0.052794 0.000000
0.913801 0.024325 0.000000
0.425847 0.124346 0.000000
0.095015 -0.043027 0.000000
-0.002245 0.006615 0.000000
0.549990 0.105621 0.000000
0.450438 -0.063178 0.000000
0.349527 -0.064356 0.000000
0.447340 0.121557 0.000000
0.401349 -0.064382 0.000000
0.306360 -0.063113 0.000000
0.379009 -0.064548 0.000000
0.179799 0.131577 0.000000
0.262004 -0.060599 0.000000
0.594597 0.097544 0.000000
0.666116 0.083382 0.000000
0.859283 0.038635 0.000000
0.234494 0.136202 0.000000
0.610123 -0.052979 0.000000
0.073658 -0.039198 0.000000
0.342153 -0.064228 0.000000
0.849623 0.041091 0.000000
0.137971 0.123611 0.000000
0.145089 0.125287 0.000000
0.079763 0.103461 0.000000
0.316889 0.134688 0.000000
0.251938 0.136592 0.000000
0.227454 -0.057957 0.000000
0.540413 -0.058459 0.000000
0.377158 0.129815 0.000000
0.606743 -0.053277 0.000000
0.060288 -0.036256 0.000000
0.697308 0.076779 0.000000
0.759423 0.062906 0.000000
0.225893 -0.057825 0.000000
0.505303 -0.060648 0.000000
0.908858 0.025656 0.000000
0.698969 0.076420 0.000000
0.187448 0.132574 0.000000
0.355916 -0.064440 0.000000
0.381204 0.129407 0.000000
0.059136 0.092685 0.000000
0.310167 -0.063276 0.000000
0.973382 0.007750 0.000000
0.231130 0.136073 0.000000
0.925532 0.021142 0.000000
0.896692 0.028901 0.000000
-0.002110 0.006068 0.000000
0.191062 0.133011 0.000000
0.483339 -0.061798 0.000000
0.623264 0.092038 0.000000
0.204911 0.134405 0.000000
0.758557 -0.037079 0.000000
0.059847 -0.036149 0.000000
0.878196 -0.020514 0.000000
0.448022 -0.063262 0.000000
0.492147 -0.061357 0.000000
0.775259 -0.034965 0.000000
0.449546 -0.063209 0.000000
0.848512 0.041372 0.000000
0.290475 0.135999 0.000000
0.894011 0.029611 0.000000
0.449445 0.121274 0.000000
0.037048 0.077814 0.000000
0.184894 0.132262 0.000000
0.606997 -0.053255 0.000000
0.288110 -0.062219 0.000000
0.360202 -0.064481 0.000000
0.133238 -0.048378 0.000000
0.153276 -0.050737 0.000000
0.414490 0.125731 0.000000
0.030619 -0.026719 0.000000
0.100558 -0.043898 0.000000
0.852694 -0.024326 0.000000
0.906585 -0.016083 0.000000
0.764329 0.061770 0.000000
0.001648 0.036388 0.000000
0.640812 0.088554 0.000000
0.363256 -0.064507 0.000000
0.909413 0.025507 0.000000
0.989051 -0.002012 0.000000
0.444306 -0.063387 0.000000
0.317782 -0.063563 0.000000
0.337133 0.133313 0.000000
0.272515 -0.061294 0.000000
0.255474 0.136612 0.000000
0.208252 -0.056283 0.000000
0.903967 -0.016500 0.000000
0.420923 0.124954 0.000000
0.492588 0.115031 0.000000
0.494856 0.114683 0.000000
0.717805 0.072306 0.000000
0.409110 -0.064266 0.000000
0.175406 -0.053112 0.000000
0.292031 -0.062427 0.000000
0.158431 -0.051309 0.000000
0.204836 -0.055970 0.000000
0.491099 -0.061411 0.000000
0.867326 -0.022158 0.000000
0.597682 -0.054060 0.000000
0.187551 -0.054330 0.000000
0.324742 -0.063792 0.000000
0.728587 0.069911 0.000000
0.123197 0.119639 0.000000
0.673605 0.081820 0.000000
0.806232 -0.030876 0.000000
0.272472 -0.061291 0.000000
0.460772 0.119711 0.000000
0.137319 0.123448 0.000000
0.852167 -0.024403 0.000000
0.183748 -0.053954 0.000000
0.907059 -0.016007 0.000000
0.059337 -0.036023 0.000000
0.114844 0.117086 0.000000
0.518343 -0.059882 0.000000
0.224803 -0.057733 0.000000
0.216897 -0.057052 0.000000
0.593575 -0.054407 0.000000
0.251423 0.136589 0.000000
0.174038 -0.052970 0.000000
0.883297 0.032429 0.000000
0.979105 -0.003809 0.000000
0.914500 0.024137 0.000000
0.736541 0.068126 0.000000
0.896616 0.028921 0.000000
0.759485 -0.036963 0.000000
0.989219 0.003166 0.000000
0.404436 -0.064340 0.000000
0.930021 -0.012271 0.000000
0.810109 -0.030349 0.000000
0.296737 0.135746 0.000000
0.997342 -0.000492 0.000000
0.814580 -0.029736 0.000000
0.280966 -0.061812 0.000000
0.272485 0.136502 0.000000
0.173370 -0.052901 0.000000
0.027779 0.070065 0.000000
0.959906 0.011590 0.000000
0.789111 -0.033163 0.000000
0.337172 -0.064124 0.000000
0.484087 0.116322 0.000000
0.646333 0.087440 0.000000
0.680271 0.080417 0.000000
0.426559 -0.063900 0.000000
0.992791 0.002121 0.000000
0.229414 -0.058119 0.000000
0.149676 0.126294 0.000000
0.692519 0.077808 0.000000
0.387721 -0.064516 0.000000
0.116723 0.117684 0.000000
0.719024 0.072036 0.000000
0.495811 0.114535 0.000000
0.517236 0.111135 0.000000
0.526070 0.109684 0.000000
0.201709 -0.055682 0.000000
0.551699 -0.057670 0.000000
0.180971 0.131735 0.000000
0.079830 -0.040396 0.000000
0.220115 0.135519 0.000000
0.029191 0.071324 0.000000
0.229591 0.136014 0.000000
0.481931 0.116644 0.000000
0.908025 -0.015853 0.000000
0.698419 0.076539 0.000000
0.906490 0.026290 0.000000
0.974978 0.007291 0.000000
0.479132 -0.061999 0.000000
0.972199 -0.005040 0.000000
0.012941 0.054443 0.000000
0.912222 -0.015179 0.000000
0.993260 -0.001243 0.000000
0.631264 -0.051048 0.000000
0.731656 0.069224 0.000000
0.103216 -0.044303 0.000000
0.994568 0.001600 0.000000
0.163614 0.129017 0.000000
0.025998 -0.024561 0.000000
0.052610 0.088713 0.000000
-0.003071 0.011464 0.000000
0.176844 0.131150 0.000000
0.842748 -0.025771 0.000000
0.528041 0.109357 0.000000
0.175312 0.130925 0.000000
0.797259 0.053997 0.000000
0.341925 -0.064223 0.000000
0.056032 -0.035193 0.000000
0.634909 0.089735 0.000000
0.332466 -0.064008 0.000000
0.543859 -0.058222 0.000000
0.943491 0.016194 0.000000
0.642817 0.088150 0.000000
0.644121 0.087887 0.000000
0.672994 -0.046898 0.000000
0.421000 0.124944 0.000000
0.574574 -0.055951 0.000000
0.385510 0.128965 0.000000
0.064252 -0.037186 0.000000
0.189502 0.132825 0.000000
0.663617 0.083901 0.000000
0.020672 0.063218 0.000000
0.703223 -0.043625 0.000000
0.001894 0.036926 0.000000
0.013587 -0.016860 0.000000
0.900104 -0.017112 0.000000
0.694147 -0.044631 0.000000
0.220172 -0.057338 0.000000
0.496201 0.114474 0.000000
0.658420 0.084973 0.000000
0.639728 0.088771 0.000000
0.442384 0.122219 0.000000
-0.002290 0.006807 0.000000
0.907444 -0.015946 0.000000
0.747384 0.065668 0.000000
0.053669 0.089382 0.000000
0.708862 -0.042990 0.000000
0.823168 0.047695 0.000000
0.863122 0.037653 0.000000
0.965950 -0.006143 0.000000
0.945550 0.015621 0.000000
0.138681 0.123788 0.000000
0.003712 0.040570 0.000000
0.261688 0.136613 0.000000
0.802651 -0.031360 0.000000
0.225890 0.135833 0.000000
0.857956 0.038974 0.000000
0.691419 -0.044929 0.000000
0.548594 0.105863 0.000000
0.439248 -0.063548 0.000000
0.764976 0.061620 0.000000
0.716846 -0.042079 0.000000
0.764309 0.061775 0.000000
0.694326 -0.044611 0.000000
0.362426 0.131214 0.000000
0.964129 -0.006462 0.000000
0.507399 0.112717 0.000000
0.842334 0.042928 0.000000
0.578908 -0.055608 0.000000
0.359804 0.131449 0.000000
0.061855 -0.036629 0.000000
0.144184 0.125084 0.000000
0.376439 0.129887 0.000000
0.080746 -0.040566 0.000000
0.890418 0.030559 0.000000
0.556920 0.104407 0.000000
0.016815 0.059052 0.000000
0.316458 0.134715 0.000000
0.946534 -0.009498 0.000000
0.215328 -0.056915 0.000000
-0.002058 0.005868 0.000000
0.000785 -0.001661 0.000000
0.941132 0.016849 0.000000
0.514354 0.111602 0.000000
0.589396 0.098517 0.000000
0.871201 -0.021575 0.000000
0.606055 -0.053337 0.000000
0.883826 -0.019651 0.000000
0.235308 0.136233 0.000000
0.845810 0.042053 0.000000
0.716361 0.072624 0.000000
0.795682 0.054375 0.000000
0.982738 -0.003156 0.000000
0.449087 -0.063225 0.000000
0.125799 -0.047438 0.000000
0.621091 0.092464 0.000000
0.584606 -0.055149 0.000000
0.013026 -0.016416 0.000000
0.748100 -0.038370 0.000000
0.960619 -0.007074 0.000000
0.801951 -0.031454 0.000000
0.557653 0.104277 0.000000
0.022725 -0.022843 0.000000
0.724793 -0.041157 0.000000
0.939461 -0.010694 0.000000
0.650646 0.086564 0.000000
0.311336 0.135011 0.000000
0.486221 -0.061657 0.000000
0.854714 0.039800 0.000000
0.216353 -0.057005 0.000000
0.797304 0.053986 0.000000
0.610875 -0.052913 0.000000
0.894534 -0.017988 0.000000
0.354600 -0.064423 0.000000
0.195436 -0.055091 0.000000
0.009083 0.049281 0.000000
0.583304 0.099647 0.000000
0.853710 0.040055 0.000000
0.635798 -0.050618 0.000000
0.563251 0.103285 0.000000
0.661821 -0.048052 0.000000
0.580671 0.100132 0.000000
0.756299 -0.037360 0.000000
0.994787 0.001536 0.000000
0.771365 -0.035464 0.000000
0.691271 -0.044945 0.000000
0.616064 -0.052448 0.000000
0.396783 -0.064436 0.000000
0.880914 0.033051 0.000000
0.583522 -0.055237 0.000000
0.845248 -0.025410 0.000000
0.458895 -0.062865 0.000000
0.419177 -0.064072 0.000000
0.479869 -0.061964 0.000000
0.615553 -0.052495 0.000000
0.372760 0.130245 0.000000
0.055354 0.090423 0.000000
0.657473 0.085168 0.000000
0.368134 0.130686 0.000000
0.885122 -0.019451 0.000000
0.469527 -0.062429 0.000000
0.882207 0.032714 0.000000
0.853328 -0.024233 0.000000
0.068194 0.097721 0.000000
0.054512 -0.034794 0.000000
0.181103 0.131753 0.000000
0.508991 -0.060437 0.000000
0.437456 0.122866 0.000000
0.184381 -0.054017 0.000000
0.924722 0.021363 0.000000
0.296506 0.135757 0.000000
0.811423 0.050572 0.000000
0.313889 0.134864 0.000000
0.792367 -0.032733 0.000000
0.073684 0.100534 0.000000
0.374674 -0.064551 0.000000
0.219253 -0.057258 0.000000
0.072139 0.099764 0.000000
0.836028 -0.026734 0.000000
0.661023 -0.048133 0.000000
0.901407 0.027648 0.000000
0.533428 0.108455 0.000000
0.440253 -0.063518 0.000000
0.540928 0.107183 0.000000
0.262830 0.136608 0.000000
0.088841 0.107490 0.000000
0.152723 0.126939 0.000000
0.481117 -0.061904 0.000000
0.768343 0.060837 0.000000
0.252177 0.136593 0.000000
0.562820 0.103361 0.000000
0.103441 0.113203 0.000000
0.204842 -0.055971 0.000000
0.391609 0.128321 0.000000
0.654529 0.085772 0.000000
-0.001305 0.003344 0.000000
0.897560 0.028671 0.000000
0.467328 -0.062523 0.000000
0.136996 -0.048838 0.000000
0.514141 0.111637 0.000000
0.085409 0.106012 0.000000
0.016502 0.058698 0.000000
0.689029 0.078556 0.000000
0.905011 -0.016334 0.000000
0.077651 -0.039982 0.000000
0.168110 -0.052351 0.000000
0.332374 0.133658 0.000000
0.232263 -0.058354 0.000000
0.694256 -0.044619 0.000000
0.315782 0.134754 0.000000
0.475302 -0.062174 0.000000
0.231670 0.136093 0.000000
0.272907 0.136496 0.000000
0.735945 0.068261 0.000000
0.999368 0.000187 0.000000
0.663025 0.084023 0.000000
0.067548 -0.037919 0.000000
0.984567 0.004520 0.000000
0.225498 -0.057792 0.000000
0.274112 0.136472 0.000000
0.243241 0.136460 0.000000
0.655916 0.085487 0.000000
0.028493 0.070706 0.000000
0.806276 0.051822 0.000000
0.543379 0.106763 0.000000
0.063667 0.095269 0.000000
0.756191 0.063651 0.000000
0.118546 -0.046482 0.000000
0.459059 -0.062858 0.000000
0.991193 0.002589 0.000000
0.043368 0.082514 0.000000
0.874300 0.034771 0.000000
0.233614 0.136168 0.000000
0.980561 -0.003548 0.000000
0.762134 0.062279 0.000000
0.488597 0.115642 0.000000
0.352584 0.132077 0.000000
0.669196 -0.047294 0.000000
0.679104 -0.046254 0.000000
0.634586 -0.050734 0.000000
0.483268 0.116445 0.000000
0.260408 -0.060490 0.000000
0.109813 0.115437 0.000000
0.516121 0.111316 0.000000
0.464760 -0.062630 0.000000
0.155115 -0.050942 0.000000
0.379405 -0.064547 0.000000
0.384386 0.129082 0.000000
0.045404 0.083944 0.000000
0.448544 0.121395 0.000000
-0.003033 0.019987 0.000000
0.582248 0.099842 0.000000
0.923685 0.021646 0.000000
0.777384 0.058720 0.000000
0.192441 -0.054805 0.000000
0.772264 -0.035349 0.000000
0.062948 -0.036885 0.000000
0.255693 -0.060155 0.000000
0.073574 0.100479 0.000000
0.264918 -0.060796 0.000000
0.174734 0.130840 0.000000
0.711346 0.073727 0.000000
0.362457 -0.064502 0.000000
0.032815 0.074417 0.000000
0.208168 -0.056275 0.000000
0.574724 -0.055939 0.000000
0.623156 0.092059 0.000000
0.006755 -0.010461 0.000000
0.761007 -0.036773 0.000000
0.015683 -0.018426 0.000000
0.404649 0.126877 0.000000
0.027970 -0.025515 0.000000
0.042959 0.082222 0.000000
0.336058 0.133391 0.000000
0.404647 0.126877 0.000000
0.388734 -0.064508 0.000000
0.251971 -0.059885 0.000000
0.251413 -0.059843 0.000000
0.741480 -0.039174 0.000000
0.475257 0.117631 0.000000
0.748188 0.065485 0.000000
0.003931 0.040977 0.000000
0.226373 0.135857 0.000000
0.525462 -0.059441 0.000000
0.302954 -0.062966 0.000000
0.061101 0.093821 0.000000
0.788232 -0.033279 0.000000
0.523394 -0.059571 0.000000
0.569339 0.102194 0.000000
0.414124 -0.064175 0.000000
0.723943 0.070946 0.000000
0.612842 -0.052737 0.000000
0.032543 -0.027543 0.000000
0.622873 -0.051829 0.000000
0.207843 -0.056246 0.000000
0.083534 -0.041075 0.000000
0.933326 0.019006 0.000000
0.443695 -0.063407 0.000000
0.215271 0.135216 0.000000
0.774140 -0.035109 0.000000
0.999914 0.000025 0.000000
0.940201 0.017107 0.000000
0.134239 0.122674 0.000000
0.477695 -0.062065 0.000000
0.862536 -0.022874 0.000000
0.906869 -0.016038 0.000000
0.703799 0.075374 0.000000
0.268160 0.136563 0.000000
0.579821 -0.055535 0.000000
0.978743 0.006207 0.000000
0.673233 0.081898 0.000000
0.420633 -0.064040 0.000000
0.279237 -0.061708 0.000000
0.985390 -0.002677 0.000000
0.013065 -0.016447 0.000000
0.057296 0.091597 0.000000
0.153100 0.127015 0.000000
0.396441 -0.064440 0.000000
0.311848 0.134982 0.000000
0.841190 -0.025995 0.000000
0.116462 0.117601 0.000000
0.059921 0.093146 0.000000
0.753852 -0.037663 0.000000
0.146908 -0.050012 0.000000
0.426447 0.124271 0.000000
0.148685 0.126085 0.000000
0.614924 0.093664 0.000000
0.415435 -0.064150 0.000000
0.172804 -0.052842 0.000000
0.494723 -0.061224 0.000000
0.801395 0.053002 0.000000
0.483805 -0.061776 0.000000
0.288419 0.136078 0.000000
0.808411 -0.030580 0.000000
0.023458 0.066016 0.000000
0.210746 0.134884 0.000000
0.454498 -0.063031 0.000000
0.099910 0.111902 0.000000
0.436566 0.122981 0.000000
-0.002504 0.007781 0.000000
0.151600 0.126702 0.000000
0.776657 -0.034785 0.000000
0.395859 0.127862 0.000000
0.346512 0.132579 0.000000
0.136481 -0.048776 0.000000
0.613142 0.094010 0.000000
0.674689 0.081592 0.000000
0.866913 -0.022220 0.000000
0.544823 -0.058156 0.000000
0.875460 0.034470 0.000000
0.024805 -0.023954 0.000000
0.869229 0.036083 0.000000
0.509336 -0.060417 0.000000
0.031240 -0.026990 0.000000
0.926785 -0.012806 0.000000
0.150171 0.126399 0.000000
0.978891 -0.003848 0.000000
0.015980 0.058098 0.000000
0.694976 -0.044540 0.000000
0.440622 0.122451 0.000000
0.013523 -0.016809 0.000000
0.318954 -0.063602 0.000000
0.416224 0.125522 0.000000
0.200042 0.133955 0.000000
0.224711 -0.057725 0.000000
0.556457 0.104488 0.000000
0.022576 0.065147 0.000000
0.153706 0.127135 0.000000
0.809821 0.050962 0.000000
0.491272 0.115232 0.000000
0.681600 -0.045988 0.000000
0.343353 -0.064252 0.000000
0.646394 0.087428 0.000000
0.030413 0.072387 0.000000
0.158395 0.128058 0.000000
0.632862 0.090143 0.000000
0.940307 0.017078 0.000000
0.175335 -0.053104 0.000000
0.730944 0.069384 0.000000
0.214074 -0.056805 0.000000
0.409882 0.126273 0.000000
0.858126 0.038931 0.000000
0.357702 -0.064458 0.000000
0.234866 -0.058565 0.000000
0.146403 0.125582 0.000000
0.375565 -0.064552 0.000000
0.901459 0.027634 0.000000
0.917322 0.023374 0.000000
0.137244 -0.048868 0.000000
0.157515 0.127891 0.000000
0.558237 0.104175 0.000000
0.316359 0.134721 0.000000
0.739294 0.067505 0.000000
0.615208 0.093609 0.000000
0.005608 0.043921 0.000000
0.791029 0.055488 0.000000
0.618654 0.092940 0.000000
0.032268 0.073962 0.000000
0.166986 0.129600 0.000000
0.351414 -0.064382 0.000000
0.246380 -0.059468 0.000000
0.504079 0.113244 0.000000
0.706539 -0.043253 0.000000
0.301583 0.135525 0.000000
0.266422 -0.060898 0.000000
0.769678 -0.035678 0.000000
0.084260 -0.041206 0.000000
0.635068 0.089704 0.000000
0.547623 0.106031 0.000000
0.421768 0.124849 0.000000
0.555503 -0.057395 0.000000
0.470211 0.118365 0.000000
0.392925 0.128179 0.000000
0.844490 0.042386 0.000000
0.416236 0.125520 0.000000
0.641998 0.088316 0.000000
0.965893 -0.006153 0.000000
0.265045 -0.060805 0.000000
-0.002958 0.020643 0.000000
0.924531 0.021415 0.000000
0.740985 0.067122 0.000000
0.234040 0.136185 0.000000
0.616095 -0.052446 0.000000
0.414403 -0.064170 0.000000
0.127165 -0.047615 0.000000
0.039510 -0.030215 0.000000
0.901577 -0.016879 0.000000
0.525942 -0.059411 0.000000
0.135077 0.122885 0.000000
0.646371 0.087432 0.000000
0.579429 -0.055566 0.000000
0.970579 -0.005327 0.000000
0.045888 0.084281 0.000000
0.791689 0.055330 0.000000
0.179166 0.131492 0.000000
0.169427 -0.052490 0.000000
0.118555 0.118250 0.000000
0.837928 -0.026462 0.000000
0.413738 0.125820 0.000000
0.618550 -0.052224 0.000000
0.182884 0.131992 0.000000
0.730366 0.069513 0.000000
0.472299 0.118064 0.000000
0.971745 0.008219 0.000000
0.606651 0.095258 0.000000
0.274690 -0.061433 0.000000
0.173559 -0.052921 0.000000
0.560915 -0.056996 0.000000
0.259838 -0.060449 0.000000
0.407869 -0.064286 0.000000
0.502458 0.113498 0.000000
0.371362 0.130380 0.000000
0.533858 0.108383 0.000000
0.467425 0.118766 0.000000
0.873882 -0.021170 0.000000
0.003344 0.039871 0.000000
0.417212 0.125403 0.000000
0.403578 0.126999 0.000000
0.996734 0.000963 0.000000
0.960901 -0.007025 0.000000
0.668616 0.082863 0.000000
0.753984 0.064158 0.000000
0.871123 0.035594 0.000000
0.181597 -0.053740 0.000000
0.253119 0.136598 0.000000
0.930447 0.019797 0.000000
0.186714 -0.054248 0.000000
0.837256 -0.026558 0.000000
0.176227 -0.053196 0.000000
0.974606 0.007398 0.000000
0.603104 -0.053594 0.000000
0.200992 0.134048 0.000000
0.984861 -0.002773 0.000000
0.628670 -0.051291 0.000000
0.867229 0.036598 0.000000
0.121748 0.119218 0.000000
0.533134 0.108504 0.000000
0.048397 0.085978 0.000000
0.882560 -0.019846 0.000000
0.847285 -0.025115 0.000000
0.690324 -0.045048 0.000000
0.659725 0.084704 0.000000
0.050634 0.087448 0.000000
0.167726 0.129728 0.000000
0.211109 0.134911 0.000000
0.758164 -0.037128 0.000000
0.023329 -0.023171 0.000000
0.409607 -0.064257 0.000000
0.677434 0.081015 0.000000
0.875581 -0.020912 0.000000
0.946162 0.015450 0.000000
0.432564 -0.063742 0.000000
0.140585 -0.049270 0.000000
0.385332 0.128983 0.000000
0.443031 0.122134 0.000000
0.402479 0.127125 0.000000
0.175106 0.130894 0.000000
0.007930 -0.011746 0.000000
0.875583 -0.020912 0.000000
0.325820 -0.063823 0.000000
0.426550 0.124258 0.000000
0.062712 0.094736 0.000000
0.351806 0.132143 0.000000
0.452753 -0.063096 0.000000
0.227876 0.135932 0.000000
0.864182 0.037381 0.000000
0.443010 -0.063429 0.000000
0.578211 0.100583 0.000000
0.397810 -0.064425 0.000000
0.529149 0.109172 0.000000
0.594502 -0.054329 0.000000
0.823597 0.047590 0.000000
0.228254 0.135951 0.000000
0.606788 0.095232 0.000000
0.687354 -0.045371 0.000000
0.092079 0.108836 0.000000
0.657190 -0.048521 0.000000
0.713843 0.073178 0.000000
0.532022 -0.059019 0.000000
0.919324 0.022832 0.000000
0.718489 -0.041890 0.000000
0.058227 -0.035750 0.000000
0.850275 0.040926 0.000000
0.001646 0.036385 0.000000
0.023845 0.066393 0.000000
0.768829 -0.035786 0.000000
0.805115 -0.031027 0.000000
0.471727 -0.062333 0.000000
0.365215 0.130959 0.000000
0.637899 0.089138 0.000000
0.705694 -0.043348 0.000000
0.553084 0.105080 0.000000
0.328895 0.133904 0.000000
0.229828 0.136023 0.000000
0.783189 -0.033939 0.000000
0.048589 0.086105 0.000000
0.019877 0.062389 0.000000
0.090223 -0.042240 0.000000
0.243974 0.136474 0.000000
0.149797 -0.050343 0.000000
0.765342 0.061535 0.000000
0.248401 -0.059620 0.000000
0.513964 -0.060146 0.000000
0.547847 0.105992 0.000000
0.306121 0.135294 0.000000
0.669016 -0.047312 0.000000
0.738506 0.067683 0.000000
0.394343 0.128026 0.000000
0.134264 0.122681 0.000000
0.215843 -0.056960 0.000000
-0.001882 0.026389 0.000000
0.552847 -0.057587 0.000000
0.817214 0.049158 0.000000
0.708365 -0.043047 0.000000
0.109466 -0.045221 0.000000
0.162980 -0.051804 0.000000
0.473066 -0.062275 0.000000
0.122361 0.119396 0.000000
0.289324 0.136043 0.000000
0.635061 0.089705 0.000000
0.294314 -0.062546 0.000000
0.013349 0.054953 0.000000
0.175049 -0.053075 0.000000
0.203775 0.134308 0.000000
0.767169 0.061110 0.000000
0.080813 0.103947 0.000000
0.271360 0.136518 0.000000
0.519106 0.110830 0.000000
0.482517 -0.061837 0.000000
0.469343 -0.062437 0.000000
0.737074 -0.039704 0.000000
0.892637 -0.018285 0.000000
0.777412 0.058713 0.000000
0.700249 0.076143 0.000000
0.725190 0.070669 0.000000
0.647834 0.087136 0.000000
0.325747 0.134118 0.000000
0.199337 -0.055460 0.000000
0.789240 -0.033146 0.000000
0.136650 -0.048796 0.000000
0.143708 -0.049640 0.000000
0.564641 -0.056717 0.000000
0.598435 0.096821 0.000000
0.568523 -0.056421 0.000000
0.407980 0.126496 0.000000
0.078342 -0.040114 0.000000
0.756346 -0.037354 0.000000
0.865610 0.037015 0.000000
0.478649 0.117132 0.000000
0.623368 0.092018 0.000000
0.568464 -0.056426 0.000000
0.677021 0.081102 0.000000
0.730487 0.069486 0.000000
0.318035 -0.063571 0.000000
0.408011 0.126492 0.000000
0.849813 0.041043 0.000000
0.456541 -0.062955 0.000000
0.035699 0.076755 0.000000
0.764084 -0.036386 0.000000
0.674293 -0.046762 0.000000
0.291825 -0.062417 0.000000
0.781689 -0.034134 0.000000
0.692290 0.077858 0.000000
0.293419 -0.062499 0.000000
0.567552 -0.056496 0.000000
0.488349 -0.061551 0.000000
0.985088 -0.002732 0.000000
0.360990 0.131343 0.000000
0.246323 0.136512 0.000000
0.852603 0.040336 0.000000
0.854493 -0.024062 0.000000
0.325370 0.134143 0.000000
0.304205 -0.063020 0.000000
0.553880 0.104941 0.000000
0.319626 0.134515 0.000000
0.760926 -0.036783 0.000000
0.066999 -0.037800 0.000000
0.997357 0.000780 0.000000
0.622844 0.092121 0.000000
0.536674 -0.058711 0.000000
0.183008 0.132009 0.000000
0.687972 -0.045304 0.000000
0.933154 -0.011750 0.000000
0.034867 -0.028483 0.000000
0.421243 0.124914 0.000000
0.234103 0.136187 0.000000
0.545069 0.106473 0.000000
0.482297 0.116590 0.000000
0.922811 -0.013459 0.000000
0.885541 0.031841 0.000000
0.841013 0.043260 0.000000
0.036332 0.077257 0.000000
0.734133 0.068668 0.000000
0.613148 -0.052710 0.000000
0.930329 -0.012220 0.000000
0.461019 0.119676 0.000000
0.141736 0.124515 0.000000
0.206766 0.134563 0.000000
-0.000737 0.030321 0.000000
0.317896 -0.063567 0.000000
0.595525 -0.054242 0.000000
0.083784 -0.041120 0.000000
0.807529 0.051518 0.000000
0.772090 0.059962 0.000000
0.760704 0.062610 0.000000
0.891829 -0.018411 0.000000
0.330887 0.133766 0.000000
0.821423 -0.028790 0.000000
0.473345 -0.062263 0.000000
0.948156 -0.009221 0.000000
0.407405 0.126562 0.000000
0.109566 0.115353 0.000000
0.695817 0.077100 0.000000
0.699049 -0.044090 0.000000
0.290189 -0.062332 0.000000
0.011982 -0.015555 0.000000
0.465531 0.119037 0.000000
0.531122 -0.059078 0.000000
0.117316 0.117872 0.000000
0.611236 0.094377 0.000000
0.294771 -0.062570 0.000000
0.554680 0.104801 0.000000
0.903178 0.027176 0.000000
0.341213 0.132999 0.000000
0.038767 0.079134 0.000000
0.710418 -0.042814 0.000000
0.940633 -0.010497 0.000000
0.543165 -0.058270 0.000000
0.006514 -0.010186 0.000000
0.379296 0.129600 0.000000
0.857887 0.038992 0.000000
0.242967 0.136452 0.000000
0.443626 0.122055 0.000000
0.168848 0.129913 0.000000
0.713223 -0.042494 0.000000
0.314109 -0.063427 0.000000
0.355701 -0.064438 0.000000
0.564387 0.103082 0.000000
0.632870 0.090141 0.000000
0.591420 0.098140 0.000000
-0.002595 0.023057 0.000000
0.065504 0.096279 0.000000
0.592874 -0.054465 0.000000
0.567271 -0.056517 0.000000
0.628507 0.091006 0.000000
0.985051 -0.002738 0.000000
0.828217 0.046448 0.000000
0.634306 0.089856 0.000000
0.927543 0.020593 0.000000
0.696495 -0.044372 0.000000
0.964240 -0.006442 0.000000
0.088662 0.107413 0.000000
0.445492 0.121805 0.000000
0.035682 0.076742 0.000000
0.163712 0.129034 0.000000
0.951877 -0.008585 0.000000
0.493430 0.114902 0.000000
0.348889 0.132386 0.000000
0.382243 -0.064541 0.000000
0.293003 0.135901 0.000000
0.015201 -0.018079 0.000000
0.463851 0.119275 0.000000
0.343599 0.132815 0.000000
0.985505 -0.002656 0.000000
0.204378 0.134359 0.000000
0.196985 0.133657 0.000000
0.089194 -0.042064 0.000000
0.992427 -0.001396 0.000000
0.465079 -0.062617 0.000000
0.728224 -0.040755 0.000000
0.894293 0.029536 0.000000
0.906058 -0.016167 0.000000
0.176416 0.131087 0.000000
0.586434 0.099068 0.000000
0.952300 -0.008512 0.000000
0.689394 0.078477 0.000000
0.936190 -0.011243 0.000000
0.839590 0.043616 0.000000
0.160115 -0.051494 0.000000
0.987838 0.003568 0.000000
0.195346 -0.055083 0.000000
0.299857 -0.062818 0.000000
0.239293 0.136352 0.000000
0.352880 0.132052 0.000000
0.770236 0.060395 0.000000
0.714002 0.073143 0.000000
0.710156 0.073987 0.000000
0.718511 -0.041887 0.000000
0.403084 -0.064358 0.000000
0.037987 0.078541 0.000000
0.063112 0.094959 0.000000
0.395547 -0.064450 0.000000
0.507370 -0.060529 0.000000
0.492023 0.115118 0.000000
0.378781 -0.064548 0.000000
0.481831 0.116659 0.000000
0.672350 -0.046965 0.000000
0.870075 -0.021745 0.000000
0.306298 0.135285 0.000000
0.906321 0.026336 0.000000
0.517667 0.111064 0.000000
0.734552 0.068574 0.000000
0.397159 0.127718 0.000000
0.968342 0.009192 0.000000
0.236392 0.136273 0.000000
0.516335 -0.060004 0.000000
0.178051 -0.053381 0.000000
0.158050 0.127994 0.000000
0.250111 0.136574 0.000000
0.103091 0.113078 0.000000
0.686374 0.079122 0.000000
0.189443 -0.054514 0.000000
0.398558 -0.064417 0.000000
0.678907 0.080704 0.000000
0.531400 -0.059059 0.000000
0.457634 -0.062914 0.000000
0.657434 -0.048496 0.000000
0.606174 -0.053327 0.000000
0.893269 0.029807 0.000000
0.626168 -0.051524 0.000000
0.976088 0.006972 0.000000
0.170873 0.130237 0.000000
0.020737 0.063286 0.000000
0.102382 0.112822 0.000000
0.495771 0.114541 0.000000
0.142989 0.124813 0.000000
0.882557 0.032622 0.000000
0.530481 0.108950 0.000000
0.233403 0.136160 0.000000
0.455289 -0.063002 0.000000
0.727988 -0.040783 0.000000
0.230747 -0.058229 0.000000
0.864811 0.037220 0.000000
0.217249 -0.057083 0.000000
0.814309 0.049869 0.000000
0.678563 0.080777 0.000000
0.390770 0.128411 0.000000
0.918480 0.023060 0.000000
0.587910 -0.054878 0.000000
0.079784 -0.040387 0.000000
0.983423 0.004852 0.000000
0.413700 -0.064183 0.000000
0.445089 -0.063362 0.000000
0.324407 -0.063782 0.000000
0.323560 -0.063757 0.000000
0.173949 -0.052961 0.000000
0.231104 0.136072 0.000000
0.687637 0.078853 0.000000
0.929711 -0.012322 0.000000
0.324109 -0.063773 0.000000
0.489176 -0.061510 0.000000
0.643230 0.088067 0.000000
0.978251 -0.003962 0.000000
0.395563 0.127895 0.000000
0.621052 -0.051995 0.000000
0.271817 -0.061249 0.000000
0.436741 -0.063623 0.000000
0.140676 0.124263 0.000000
0.961278 -0.006960 0.000000
0.889165 0.030889 0.000000
0.841079 -0.026011 0.000000
-0.002924 0.020911 0.000000
0.523857 -0.059542 0.000000
0.169201 0.129969 0.000000
0.478838 -0.062012 0.000000
0.613304 -0.052696 0.000000
0.639082 0.088901 0.000000
0.918749 -0.014122 0.000000
0.500057 -0.060938 0.000000
0.783935 -0.033842 0.000000
0.920030 -0.013913 0.000000
0.851218 -0.024542 0.000000
0.942983 -0.010100 0.000000
0.543946 0.106665 0.000000
0.511791 0.112015 0.000000
0.876979 -0.020700 0.000000
-0.003271 0.014786 0.000000
0.304058 -0.063014 0.000000
0.432546 -0.063742 0.000000
0.275515 -0.061484 0.000000
0.323138 0.134294 0.000000
0.454781 0.120544 0.000000
0.057230 0.091557 0.000000
0.962162 0.010950 0.000000
0.654291 -0.048812 0.000000
0.002303 0.037791 0.000000
0.139566 0.123999 0.000000
0.722687 0.071225 0.000000
0.979580 0.005965 0.000000
0.536865 -0.058698 0.000000
0.441892 -0.063465 0.000000
0.702796 -0.043673 0.000000
0.632608 0.090193 0.000000
0.408467 -0.064276 0.000000
0.193046 0.133228 0.000000
0.219265 -0.057259 0.000000
0.488049 -0.061566 0.000000
0.458536 -0.062879 0.000000
0.420829 0.124965 0.000000
0.057419 -0.035546 0.000000
0.418696 0.125224 0.000000
0.365609 -0.064520 0.000000
0.667066 0.083185 0.000000
0.688839 -0.045209 0.000000
0.909643 0.025445 0.000000
0.095283 0.110122 0.000000
-0.003246 0.017108 0.000000
0.123433 0.119708 0.000000
0.906960 -0.016023 0.000000
0.874421 -0.021088 0.000000
0.102175 0.112745 0.000000
0.226532 0.135865 0.000000
0.021530 0.064096 0.000000
0.180549 0.131678 0.000000
0.153533 0.127101 0.000000
0.323481 0.134272 0.000000
0.684683 -0.045658 0.000000
0.817354 -0.029354 0.000000
0.714887 -0.042304 0.000000
0.835678 0.044594 0.000000
0.076022 0.101682 0.000000
0.742904 -0.039002 0.000000
0.121154 -0.046831 0.000000
0.265083 -0.060807 0.000000
0.005539 0.043806 0.000000
0.097565 -0.043433 0.000000
0.158196 0.128021 0.000000
0.957798 -0.007564 0.000000
0.921141 0.022338 0.000000
0.574963 0.101175 0.000000
0.682167 0.080015 0.000000
0.167711 0.129725 0.000000
0.613882 -0.052644 0.000000
0.227953 -0.057998 0.000000
0.300896 -0.062868 0.000000
0.932444 -0.011868 0.000000
0.557109 0.104373 0.000000
0.241508 0.136413 0.000000
0.487428 -0.061597 0.000000
0.444649 0.121919 0.000000
0.704085 -0.043529 0.000000
0.298156 -0.062737 0.000000
0.345752 -0.064293 0.000000
0.034044 0.075426 0.000000
0.112576 0.116353 0.000000
0.268097 -0.061011 0.000000
0.278872 0.136364 0.000000
0.173279 -0.052892 0.000000
0.060375 0.093406 0.000000
0.356560 0.131737 0.000000
0.673932 -0.046800 0.000000
0.052740 0.088796 0.000000
0.331268 -0.063978 0.000000
0.482800 0.116515 0.000000
0.211320 -0.056558 0.000000
0.544480 -0.058180 0.000000
0.757619 0.063322 0.000000
0.917911 0.023214 0.000000
0.729311 -0.040627 0.000000
0.002407 0.038008 0.000000
0.160737 0.128493 0.000000
0.502717 0.113457 0.000000
0.318567 0.134582 0.000000
0.004571 -0.007773 0.000000
0.256093 0.136615 0.000000
0.970558 -0.005331 0.000000
0.353392 0.132008 0.000000
0.658554 -0.048383 0.000000
0.403479 -0.064353 0.000000
0.204581 -0.055947 0.000000
0.044469 -0.031880 0.000000
0.892850 0.029918 0.000000
0.039661 0.079808 0.000000
0.587410 0.098887 0.000000
0.882887 0.032536 0.000000
0.709282 -0.042943 0.000000
0.236933 -0.058730 0.000000
0.207207 -0.056187 0.000000
0.801985 -0.031449 0.000000
0.999679 0.000095 0.000000
0.966597 -0.006029 0.000000
0.136729 -0.048806 0.000000
0.787104 -0.033427 0.000000
0.013981 0.055730 0.000000
0.854910 0.039750 0.000000
0.640198 -0.050196 0.000000
0.972021 -0.005072 0.000000
0.100727 -0.043924 0.000000
0.875703 -0.020894 0.000000
0.541231 -0.058403 0.000000
0.280966 0.136313 0.000000
0.480760 -0.061921 0.000000
0.332704 -0.064014 0.000000
0.027805 0.070089 0.000000
0.162037 0.128734 0.000000
0.389368 0.128562 0.000000
0.388912 0.128610 0.000000
0.811899 0.050456 0.000000
0.853812 0.040029 0.000000
0.919647 -0.013976 0.000000
0.020719 -0.021696 0.000000
0.258523 -0.060356 0.000000
0.058944 -0.035926 0.000000
0.449586 0.121255 0.000000
0.908387 0.025782 0.000000
0.838204 -0.026423 0.000000
0.827585 -0.027928 0.000000
0.450544 -0.063175 0.000000
0.101007 0.112310 0.000000
0.278014 -0.061635 0.000000
0.343101 -0.064247 0.000000
0.040493 -0.030558 0.000000
0.101232 0.112394 0.000000
0.732521 0.069030 0.000000
0.511353 0.112085 0.000000
0.995469 0.001335 0.000000
0.554319 -0.057481 0.000000
0.035996 0.076991 0.000000
-0.000370 0.000861 0.000000
0.356131 0.131774 0.000000
0.313246 -0.063394 0.000000
0.056877 -0.035408 0.000000
0.785838 -0.033593 0.000000
0.094341 -0.042918 0.000000
0.553296 -0.057555 0.000000
0.284096 -0.061993 0.000000
0.754194 -0.037621 0.000000
0.109325 -0.045201 0.000000
0.225297 -0.057775 0.000000
0.256397 0.136617 0.000000
0.955913 -0.007890 0.000000
0.206913 0.134576 0.000000
0.124293 -0.047243 0.000000
0.932943 -0.011785 0.000000
0.990768 0.002713 0.000000
0.805181 -0.031018 0.000000
0.603121 -0.053593 0.000000
0.883952 0.032257 0.000000
0.045183 -0.032105 0.000000
0.128101 0.121032 0.000000
0.689023 -0.045189 0.000000
0.477725 -0.062063 0.000000
0.074965 0.101170 0.000000
0.440949 -0.063496 0.000000
0.962694 0.010800 0.000000
-0.000456 0.001069 0.000000
0.835618 -0.026792 0.000000
0.243841 -0.059272 0.000000
0.168494 0.129856 0.000000
0.681131 0.080234 0.000000
0.904512 -0.016413 0.000000
0.219140 0.135459 0.000000
-0.003207 0.013133 0.000000
0.096739 -0.043303 0.000000
0.122765 -0.047044 0.000000
0.330821 -0.063967 0.000000
0.767694 -0.035930 0.000000
0.596706 -0.054142 0.000000
0.496186 0.114476 0.000000
0.732663 -0.040230 0.000000
0.586834 -0.054966 0.000000
0.914424 -0.014823 0.000000
-0.003221 0.013384 0.000000
0.370820 0.130433 0.000000
0.720462 -0.041662 0.000000
0.997215 -0.000515 0.000000
0.684524 0.079515 0.000000
0.183211 -0.053900 0.000000
0.904647 0.026783 0.000000
0.579404 0.100364 0.000000
0.147025 0.125722 0.000000
0.856506 0.039344 0.000000
0.709301 0.074174 0.000000
0.074680 0.101031 0.000000
0.291110 -0.062379 0.000000
0.541808 -0.058363 0.000000
0.033239 0.074769 0.000000
0.177872 0.131302 0.000000
0.596036 0.097274 0.000000
0.676737 0.081162 0.000000
0.780013 0.058101 0.000000
0.023751 -0.023400 0.000000
0.141631 0.124490 0.000000
0.930241 -0.012234 0.000000
0.636962 0.089326 0.000000
0.745271 0.066150 0.000000
0.396388 -0.064441 0.000000
0.729605 0.069683 0.000000
0.922833 -0.013455 0.000000
0.795080 -0.032373 0.000000
0.417400 0.125380 0.000000
0.812604 -0.030007 0.000000
0.650738 -0.049166 0.000000
0.868759 0.036204 0.000000
0.766470 -0.036085 0.000000
0.934212 0.018762 0.000000
0.495046 0.114653 0.000000
0.891528 0.030266 0.000000
0.147824 -0.050118 0.000000
0.941247 -0.010394 0.000000
-0.002978 0.010658 0.000000
0.075486 0.101422 0.000000
0.843762 -0.025625 0.000000
0.570442 -0.056273 0.000000
0.769488 0.060570 0.000000
0.840236 -0.026132 0.000000
0.023246 0.065807 0.000000
0.021118 -0.021928 0.000000
0.837790 0.044066 0.000000
0.688790 -0.045215 0.000000
0.912732 0.024614 0.000000
0.813225 -0.029922 0.000000
0.491412 -0.061395 0.000000
0.665358 -0.047690 0.000000
0.735990 -0.039834 0.000000
0.581596 -0.055393 0.000000
0.251760 -0.059869 0.000000
0.816824 -0.029427 0.000000
0.595187 -0.054271 0.000000
0.627825 0.091141 0.000000
0.079933 -0.040415 0.000000
0.881473 -0.020013 0.000000
0.663320 -0.047899 0.000000
0.344212 -0.064267 0.000000
0.567395 -0.056508 0.000000
0.620586 0.092563 0.000000
0.565997 0.102794 0.000000
0.332879 -0.064018 0.000000
0.098030 -0.043506 0.000000
0.483896 -0.061771 0.000000
0.861908 0.037964 0.000000
0.610440 0.094531 0.000000
0.169664 0.130043 0.000000
0.805575 0.051992 0.000000
0.235731 -0.058634 0.000000
0.599457 -0.053908 0.000000
0.382491 0.129278 0.000000
0.374144 -0.064550 0.000000
0.066679 -0.037730 0.000000
0.789312 0.055897 0.000000
0.715998 -0.042177 0.000000
0.381411 -0.064545 0.000000
0.412646 -0.064204 0.000000
0.832119 -0.027289 0.000000
0.677449 0.081012 0.000000
0.005830 0.044289 0.000000
0.017812 -0.019886 0.000000
0.493618 0.114874 0.000000
0.967745 -0.005827 0.000000
0.073933 -0.039254 0.000000
0.224897 0.135784 0.000000
-0.000782 0.030185 0.000000
0.518973 -0.059844 0.000000
-0.001642 0.004393 0.000000
0.712741 -0.042549 0.000000
0.844022 0.042504 0.000000
0.403737 0.126981 0.000000
0.823862 0.047524 0.000000
0.741022 0.067114 0.000000
0.239161 0.136349 0.000000
0.085508 -0.041426 0.000000
0.856894 0.039245 0.000000
0.197784 0.133735 0.000000
0.677543 -0.046419 0.000000
0.928481 -0.012526 0.000000
0.686943 -0.045415 0.000000
0.276914 0.136408 0.000000
0.799398 -0.031797 0.000000
0.252513 -0.059925 0.000000
0.103666 -0.044370 0.000000
0.467007 -0.062537 0.000000
0.977419 0.006589 0.000000
0.609890 0.094637 0.000000
0.028043 0.070305 0.000000
0.178878 0.131450 0.000000
0.631834 0.090347 0.000000
0.766301 -0.036107 0.000000
0.437108 0.122911 0.000000
0.024046 -0.023556 0.000000
0.687672 -0.045336 0.000000
0.565041 -0.056686 0.000000
-0.002531 0.023408 0.000000
0.359638 0.131464 0.000000
0.626956 0.091312 0.000000
0.574235 0.101308 0.000000
0.653923 0.085896 0.000000
0.019546 -0.020988 0.000000
0.369885 0.130523 0.000000
0.949937 0.014395 0.000000
0.724327 -0.041212 0.000000
0.396673 -0.064437 0.000000
0.223374 -0.057611 0.000000
0.091043 -0.042376 0.000000
0.891475 -0.018466 0.000000
0.948305 0.014852 0.000000
0.154147 -0.050834 0.000000
0.405239 0.126809 0.000000
0.706082 -0.043304 0.000000
0.086181 0.106352 0.000000
0.575039 -0.055915 0.000000
0.985939 -0.002578 0.000000
0.856705 -0.023737 0.000000
0.373475 -0.064549 0.000000
0.838144 0.043978 0.000000
0.098767 0.111473 0.000000
0.726835 0.070302 0.000000
0.293513 -0.062504 0.000000
0.289274 -0.062284 0.000000
-0.000839 0.030011 0.000000
0.688147 -0.045285 0.000000
0.570317 -0.056283 0.000000
0.615639 0.093526 0.000000
0.243616 -0.059255 0.000000
0.174583 0.130817 0.000000
0.521449 0.110447 0.000000
0.794250 -0.032484 0.000000
0.068305 0.097779 0.000000
0.885504 -0.019392 0.000000
0.881455 -0.020015 0.000000
0.814625 0.049791 0.000000
0.277278 0.136400 0.000000
0.404681 -0.064336 0.000000
0.016073 -0.018704 0.000000
0.210709 0.134882 0.000000
0.775949 -0.034876 0.000000
0.718149 0.072230 0.000000
0.152207 -0.050618 0.000000
0.161228 -0.051616 0.000000
0.018358 0.060763 0.000000
0.565556 0.102873 0.000000
0.258581 0.136627 0.000000
0.582805 -0.055295 0.000000
0.701379 -0.043831 0.000000
0.781711 0.057700 0.000000
0.710360 -0.042821 0.000000
0.146114 -0.049920 0.000000
0.734863 -0.039968 0.000000
0.706258 -0.043284 0.000000
0.792086 0.055235 0.000000
0.820919 -0.028860 0.000000
0.256175 0.136616 0.000000
0.729660 0.069671 0.000000
0.083076 0.104979 0.000000
0.292897 0.135905 0.000000
0.633436 0.090029 0.000000
0.261286 -0.060550 0.000000
0.083636 -0.041093 0.000000
0.054575 -0.034810 0.000000
0.918841 0.022963 0.000000
0.303266 0.135442 0.000000
0.087197 -0.041723 0.000000
0.778075 0.058557 0.000000
0.155767 -0.051015 0.000000
0.572152 0.101686 0.000000
0.067190 -0.037842 0.000000
0.867184 -0.022179 0.000000
0.789931 0.055749 0.000000
0.090290 0.108095 0.000000
0.014741 -0.017739 0.000000
0.325086 0.134163 0.000000
0.644079 -0.049820 0.000000
0.350059 0.132291 0.000000
0.586862 0.098989 0.000000
0.398134 -0.064422 0.000000
0.713429 0.073269 0.000000
0.498376 -0.061029 0.000000
0.939986 -0.010606 0.000000
0.004097 0.041281 0.000000
0.601969 0.096151 0.000000
0.846238 -0.025267 0.000000
0.864771 -0.022540 0.000000
0.883581 0.032354 0.000000
0.839913 0.043535 0.000000
0.547973 -0.057935 0.000000
0.754016 0.064151 0.000000
0.852158 -0.024405 0.000000
0.237179 0.136295 0.000000
0.344714 -0.064275 0.000000
0.729633 -0.040589 0.000000
0.309305 0.135128 0.000000
0.040403 -0.030527 0.000000
0.130535 -0.048042 0.000000
0.584540 0.099419 0.000000
0.556550 0.104472 0.000000
0.445622 -0.063344 0.000000
0.915255 0.023933 0.000000
0.643527 0.088007 0.000000
0.376955 -0.064550 0.000000
0.286461 -0.062126 0.000000
0.190232 0.132914 0.000000
0.210576 0.134872 0.000000
0.508485 -0.060466 0.000000
0.924130 0.021525 0.000000
0.562552 -0.056874 0.000000
0.099227 0.111647 0.000000
0.082115 0.104541 0.000000
0.919342 0.022827 0.000000
0.377352 -0.064550 0.000000
0.003347 0.039877 0.000000
0.780766 -0.034254 0.000000
0.388160 -0.064512 0.000000
0.341766 0.132956 0.000000
0.243947 -0.059280 0.000000
0.691961 -0.044870 0.000000
0.024950 -0.024030 0.000000
0.262104 0.136611 0.000000
0.287833 -0.062203 0.000000
0.742857 0.066698 0.000000
0.288882 0.136060 0.000000
0.699517 0.076301 0.000000
0.705747 0.074950 0.000000
0.367947 -0.064534 0.000000
0.671340 -0.047071 0.000000
0.248140 -0.059600 0.000000
0.965411 -0.006237 0.000000
0.963686 0.010518 0.000000
0.093924 -0.042851 0.000000
0.610108 -0.052980 0.000000
0.927623 -0.012667 0.000000
0.833330 -0.027117 0.000000
0.230232 -0.058186 0.000000
0.764387 0.061757 0.000000
0.518304 0.110961 0.000000
0.691474 -0.044923 0.000000
0.496574 -0.061125 0.000000
0.566204 -0.056598 0.000000
0.497381 -0.061082 0.000000
0.450772 -0.063167 0.000000
0.082479 0.104707 0.000000
0.062128 -0.036695 0.000000
0.776016 -0.034868 0.000000
0.453586 0.120708 0.000000
0.296383 -0.062653 0.000000
0.936381 -0.011211 0.000000
0.847491 0.041630 0.000000
0.242474 -0.059167 0.000000
0.873055 -0.021295 0.000000
0.552248 -0.057630 0.000000
0.072071 0.099730 0.000000
0.068484 0.097874 0.000000
-0.000967 0.002386 0.000000
0.593204 -0.054438 0.000000
0.044884 0.083582 0.000000
0.146208 0.125538 0.000000
0.116713 0.117681 0.000000
0.742127 0.066864 0.000000
0.981887 -0.003310 0.000000
0.681728 0.080108 0.000000
0.187598 0.132592 0.000000
0.062039 -0.036673 0.000000
0.568574 -0.056417 0.000000
0.947043 0.015204 0.000000
0.389004 0.128600 0.000000
0.387663 -0.064516 0.000000
0.129149 0.121323 0.000000
0.140691 -0.049282 0.000000
0.931960 -0.011949 0.000000
0.833533 0.045128 0.000000
0.687081 0.078971 0.000000
0.240718 -0.059031 0.000000
0.921405 0.022266 0.000000
0.015571 -0.018345 0.000000
0.858662 0.038794 0.000000
0.648559 0.086989 0.000000
0.295543 -0.062610 0.000000
0.900848 -0.016995 0.000000
0.735459 -0.039897 0.000000
0.374082 -0.064550 0.000000
0.756100 0.063672 0.000000
0.493853 0.114838 0.000000
0.346928 0.132545 0.000000
0.987387 -0.002315 0.000000
0.651858 -0.049054 0.000000
0.835228 0.044706 0.000000
0.041890 0.081451 0.000000
0.678123 0.080870 0.000000
0.422135 0.124804 0.000000
0.645150 0.087679 0.000000
0.357635 0.131643 0.000000
0.921075 -0.013743 0.000000
0.362430 -0.064502 0.000000
0.998048 0.000576 0.000000
0.513471 0.111745 0.000000
0.343756 -0.064259 0.000000
0.819969 -0.028992 0.000000
-0.002586 0.008192 0.000000
0.359247 0.131499 0.000000
0.077136 -0.039883 0.000000
0.904201 0.026903 0.000000
0.530892 -0.059093 0.000000
0.611395 0.094347 0.000000
0.687594 0.078862 0.000000
0.651468 0.086397 0.000000
0.223726 0.135725 0.000000
0.139695 -0.049164 0.000000
0.805361 -0.030994 0.000000
0.292833 -0.062469 0.000000
0.782916 -0.033974 0.000000
0.933966 0.018830 0.000000
0.049000 0.086378 0.000000
0.083010 0.104949 0.000000
0.940714 0.016965 0.000000
0.864558 -0.022572 0.000000
0.334263 -0.064053 0.000000
0.768923 -0.035774 0.000000
0.651611 0.086368 0.000000
0.688657 -0.045229 0.000000
0.207050 0.134587 0.000000
0.094436 -0.042933 0.000000
0.835526 -0.026805 0.000000
0.010415 -0.014181 0.000000
0.895033 0.029340 0.000000
0.348770 0.132396 0.000000
0.291144 -0.062381 0.000000
0.375054 0.130022 0.000000
0.969743 0.008792 0.000000
0.596827 -0.054132 0.000000
0.191699 0.133081 0.000000
0.817960 -0.029270 0.000000
0.056859 -0.035403 0.000000
0.006143 0.044803 0.000000
0.662127 0.084209 0.000000
0.207802 -0.056242 0.000000
0.292310 0.135928 0.000000
0.015951 -0.018617 0.000000
0.397817 0.127645 0.000000
0.386005 0.128913 0.000000
0.004058 -0.007074 0.000000
0.897453 0.028699 0.000000
0.987247 -0.002340 0.000000
0.389844 -0.064499 0.000000
0.910070 0.025330 0.000000
0.178561 0.131403 0.000000
0.417755 0.125337 0.000000
0.867476 -0.022136 0.000000
0.413474 -0.064188 0.000000
0.235735 -0.058635 0.000000
0.552261 0.105224 0.000000
0.058770 0.092470 0.000000
0.027760 0.070049 0.000000
0.504703 0.113145 0.000000
-0.001199 0.028865 0.000000
0.231083 0.136071 0.000000
0.136179 -0.048739 0.000000
0.622634 0.092162 0.000000
0.177372 0.131228 0.000000
0.991591 -0.001548 0.000000
0.972954 -0.004906 0.000000
0.990510 0.002789 0.000000
0.069670 -0.038375 0.000000
0.034419 0.075730 0.000000
0.728363 -0.040739 0.000000
0.901355 0.027662 0.000000
0.183376 -0.053917 0.000000
0.145737 -0.049876 0.000000
0.111474 0.115988 0.000000
0.133216 0.122406 0.000000
0.165025 0.129261 0.000000
0.835218 0.044709 0.000000
0.991938 -0.001485 0.000000
0.274172 -0.061400 0.000000
0.571531 -0.056189 0.000000
0.654721 -0.048769 0.000000
0.789034 0.055963 0.000000
0.615140 0.093622 0.000000
0.075240 0.101303 0.000000
0.136850 -0.048820 0.000000
0.765265 -0.036238 0.000000
0.496173 0.114478 0.000000
0.000399 0.033444 0.000000
0.759113 -0.037010 0.000000
0.445517 -0.063348 0.000000
0.566933 0.102626 0.000000
0.879569 -0.020304 0.000000
0.030614 0.072562 0.000000
0.144561 -0.049739 0.000000
0.575913 0.101002 0.000000
0.278283 -0.061651 0.000000
0.580322 0.100196 0.000000
0.364413 0.131034 0.000000
0.429661 -0.063821 0.000000
0.941006 0.016884 0.000000
0.834323 0.044932 0.000000
0.490233 -0.061456 0.000000
0.784400 0.057063 0.000000
0.624436 -0.051684 0.000000
0.447916 -0.063266 0.000000
0.696843 -0.044334 0.000000
0.149607 0.126280 0.000000
0.051238 -0.033901 0.000000
0.404981 -0.064332 0.000000
0.510988 -0.060321 0.000000
0.655408 0.085591 0.000000
0.550029 -0.057789 0.000000
0.221426 -0.057446 0.000000
0.282069 -0.061879 0.000000
0.227819 -0.057987 0.000000
0.523913 -0.059538 0.000000
0.897470 0.028694 0.000000
0.886857 -0.019183 0.000000
0.365183 0.130962 0.000000
0.455613 0.120430 0.000000
0.572043 0.101705 0.000000
0.270427 -0.061160 0.000000
0.730205 0.069549 0.000000
0.619251 -0.052160 0.000000
0.244217 0.136478 0.000000
0.809621 -0.030415 0.000000
0.694526 0.077378 0.000000
0.537351 -0.058665 0.000000
0.561743 -0.056935 0.000000
0.841089 -0.026009 0.000000
0.764469 0.061738 0.000000
0.304761 -0.063044 0.000000
0.596283 -0.054178 0.000000
0.457660 -0.062913 0.000000
0.558052 0.104207 0.000000
0.236666 -0.058709 0.000000
0.159756 -0.051454 0.000000
0.012834 -0.016260 0.000000
0.560008 0.103861 0.000000
0.857418 0.039111 0.000000
0.831772 0.045566 0.000000
0.035409 -0.028696 0.000000
0.084940 0.105804 0.000000
0.948955 0.014670 0.000000
0.849934 0.041012 0.000000
0.607886 0.095022 0.000000
0.125226 -0.047364 0.000000
0.216422 0.135292 0.000000
0.921520 -0.013670 0.000000
0.213653 -0.056767 0.000000
0.379126 0.129617 0.000000
0.589312 -0.054762 0.000000
0.449971 0.121203 0.000000
0.258298 0.136628 0.000000
0.378760 0.129654 0.000000
0.512806 0.111852 0.000000
0.545854 0.106337 0.000000
0.005188 0.043210 0.000000
0.651382 0.086414 0.000000
0.938597 0.017551 0.000000
0.746629 0.065841 0.000000
0.891529 -0.018458 0.000000
0.299201 0.135634 0.000000
0.038366 0.078829 0.000000
0.958812 -0.007388 0.000000
0.726791 0.070312 0.000000
0.177563 0.131256 0.000000
0.295302 0.135811 0.000000
0.156353 -0.051081 0.000000
0.450370 0.121148 0.000000
0.630361 -0.051133 0.000000
0.711702 -0.042668 0.000000
0.789890 -0.033061 0.000000
0.439415 -0.063543 0.000000
0.798243 -0.031952 0.000000
0.406005 -0.064317 0.000000
0.724537 -0.041187 0.000000
0.425144 -0.063935 0.000000
0.337341 -0.064127 0.000000
0.025414 0.067888 0.000000
0.493407 0.114906 0.000000
0.275127 -0.061461 0.000000
0.497450 0.114281 0.000000
0.506108 0.112922 0.000000
0.263550 0.136605 0.000000
0.754127 -0.037629 0.000000
0.528144 -0.059270 0.000000
0.691851 0.077952 0.000000
0.947247 -0.009377 0.000000
0.521923 -0.059662 0.000000
0.973242 -0.004855 0.000000
0.807196 -0.030745 0.000000
0.334112 -0.064049 0.000000
0.378827 0.129647 0.000000
0.868419 0.036292 0.000000
0.639721 0.088773 0.000000
0.821203 -0.028820 0.000000
0.428692 -0.063847 0.000000
0.460979 -0.062783 0.000000
-0.003037 0.019947 0.000000
0.348149 -0.064333 0.000000
0.292598 0.135917 0.000000
0.985637 -0.002632 0.000000
0.444211 -0.063390 0.000000
0.823220 -0.028539 0.000000
0.238110 -0.058824 0.000000
0.257406 0.136623 0.000000
0.830699 -0.027489 0.000000
0.419623 -0.064062 0.000000
0.521665 0.110411 0.000000
0.267446 0.136573 0.000000
0.090930 0.108360 0.000000
0.366415 -0.064525 0.000000
0.994597 0.001591 0.000000
0.371958 0.130323 0.000000
0.334817 0.133481 0.000000
0.965060 0.010127 0.000000
0.647760 0.087151 0.000000
0.651042 -0.049136 0.000000
0.711759 -0.042662 0.000000
0.627886 0.091129 0.000000
0.896860 -0.017623 0.000000
0.426255 0.124296 0.000000
0.086875 0.106649 0.000000
0.439965 0.122538 0.000000
0.277975 0.136384 0.000000
0.199964 -0.055518 0.000000
0.199224 0.133875 0.000000
0.067995 0.097616 0.000000
0.963984 -0.006487 0.000000
0.600468 -0.053821 0.000000
0.729696 0.069663 0.000000
0.349814 -0.064361 0.000000
0.614745 0.093699 0.000000
0.309666 0.135108 0.000000
0.850760 0.040803 0.000000
0.806206 0.051839 0.000000
0.205416 0.134448 0.000000
0.572368 0.101647 0.000000
0.471140 0.118231 0.000000
0.215746 0.135250 0.000000
0.839574 -0.026227 0.000000
0.017651 0.059987 0.000000
0.155983 -0.051039 0.000000
0.434384 0.123263 0.000000
0.267167 -0.060948 0.000000
0.899330 -0.017234 0.000000
0.651464 -0.049094 0.000000
0.339341 0.133143 0.000000
0.380568 -0.064546 0.000000
0.584257 0.099471 0.000000
0.650614 0.086571 0.000000
0.471880 -0.062327 0.000000
0.771864 0.060015 0.000000
0.941464 -0.010357 0.000000
0.799830 0.053379 0.000000
0.509193 -0.060425 0.000000
0.762134 0.062279 0.000000
0.005084 0.043032 0.000000
0.717226 -0.042036 0.000000
0.024588 0.067107 0.000000
0.499843 0.113909 0.000000
0.048104 0.085784 0.000000
0.818105 -0.029250 0.000000
0.453938 -0.063052 0.000000
0.432686 -0.063739 0.000000
0.890912 0.030429 0.000000
0.399573 0.127449 0.000000
0.883740 0.032313 0.000000
0.230487 -0.058207 0.000000
0.779584 -0.034407 0.000000
0.942817 -0.010128 0.000000
0.079436 -0.040322 0.000000
0.377307 0.129800 0.000000
0.808260 0.051341 0.000000
0.582023 -0.055358 0.000000
0.366427 0.130846 0.000000
0.791613 -0.032833 0.000000
0.225501 -0.057792 0.000000
0.196833 0.133642 0.000000
0.975002 -0.004542 0.000000
0.122806 -0.047049 0.000000
0.364850 -0.064516 0.000000
0.307448 0.135225 0.000000
0.133718 0.122539 0.000000
0.811844 -0.030111 0.000000
0.011125 -0.014817 0.000000
0.040905 0.080734 0.000000
0.898469 0.028429 0.000000
0.674012 0.081734 0.000000
0.323084 0.134297 0.000000
0.916051 -0.014560 0.000000
0.351104 -0.064378 0.000000
0.209538 -0.056399 0.000000
0.445170 -0.063359 0.000000
0.458697 0.120000 0.000000
0.107769 0.114733 0.000000
0.651497 0.086391 0.000000
0.112258 -0.045617 0.000000
0.926891 0.020771 0.000000
0.769271 -0.035730 0.000000
0.478422 0.117166 0.000000
0.223976 0.135738 0.000000
