-1.023980 1.461778 0.000000
0.573359 0.815042 0.000000
-1.405291 -0.861082 0.000000
0.933833 -0.775869 0.000000
-0.182565 1.297590 0.000000
-1.021179 -1.109465 0.000000
0.766179 0.662100 0.000000
1.299704 0.186002 0.000000
1.395679 0.091962 0.000000
-0.888910 1.478625 0.000000
0.832816 0.606847 0.000000
0.625093 0.775024 0.000000
-0.067516 -1.181352 0.000000
1.395679 0.091962 0.000000
-0.312063 1.356025 0.000000
1.356473 0.130707 0.000000
-1.506635 0.948378 0.000000
-1.282959 -0.944513 0.000000
1.587873 -0.355024 0.000000
-0.088084 -1.185936 0.000000
-1.194418 -1.004434 0.000000
0.963608 0.494899 0.000000
0.848173 -0.822253 0.000000
1.181495 -0.630736 0.000000
0.729703 0.691805 0.000000
0.082743 1.152796 0.000000
0.979860 -0.750153 0.000000
0.766086 0.662184 0.000000
0.383433 -1.038341 0.000000
1.594925 -0.112286 0.000000
0.240529 1.053027 0.000000
-0.575616 1.444124 0.000000
1.335860 0.150864 0.000000
0.468611 0.893677 0.000000
0.632830 0.768998 0.000000
0.974409 -0.753251 0.000000
-1.349348 -0.899233 0.000000
1.531331 -0.396400 0.000000
1.601341 -0.119076 0.000000
-0.436639 -1.231301 0.000000
-0.314569 -1.222940 0.000000
0.535589 0.843771 0.000000
1.617934 -0.332575 0.000000
0.308154 1.007577 0.000000
-0.157712 -1.200025 0.000000
0.963567 0.494941 0.000000
-0.609821 1.452017 0.000000
-0.055652 1.232195 0.000000
1.209983 -0.612997 0.000000
-1.194591 1.395067 0.000000
0.768065 0.660529 0.000000
-0.370763 -1.227906 0.000000
-0.615166 1.453205 0.000000
-1.032316 -1.103651 0.000000
-0.040787 1.224047 0.000000
1.175978 0.303339 0.000000
0.259101 -1.085148 0.000000
1.110962 -0.673767 0.000000
1.096128 0.376797 0.000000
0.845885 0.595856 0.000000
0.818543 0.618772 0.000000
1.518662 -0.405524 0.000000
-0.533671 1.433218 0.000000
1.595920 -0.113305 0.000000
-1.213927 1.382294 0.000000
1.573624 -0.089837 0.000000
0.264849 1.036858 0.000000
0.245172 -1.090071 0.000000
0.817304 0.619790 0.000000
-1.133151 -1.044324 0.000000
-1.413070 -0.855735 0.000000
1.477260 -0.434975 0.000000
-1.170742 -1.020050 0.000000
0.875374 -0.807739 0.000000
-0.933151 1.475612 0.000000
-1.010196 1.464578 0.000000
1.042598 -0.714209 0.000000
-1.453741 -0.827557 0.000000
0.891465 0.557238 0.000000
0.521315 0.854508 0.000000
-0.307241 1.353988 0.000000
1.030600 -0.721168 0.000000
0.564916 -0.961360 0.000000
0.088205 -1.140656 0.000000
-0.256650 -1.216023 0.000000
0.643537 -0.924992 0.000000
-1.031917 -1.103863 0.000000
-1.235503 1.366295 0.000000
1.313440 -0.546541 0.000000
1.227054 0.255428 0.000000
1.132102 -0.661036 0.000000
-1.637111 -0.651742 0.000000
1.012750 -0.731438 0.000000
-1.622497 0.561312 0.000000
1.713027 -0.239427 0.000000
-1.463606 -0.820640 0.000000
-0.308105 1.354370 0.000000
0.816292 -0.839015 0.000000
0.400229 -1.031636 0.000000
-0.166602 1.289781 0.000000
0.368558 0.965650 0.000000
-0.986286 1.468780 0.000000
0.894796 -0.797258 0.000000
-0.342730 -1.225656 0.000000
1.256224 -0.583673 0.000000
0.330939 0.991918 0.000000
1.090239 -0.686158 0.000000
0.153352 1.109298 0.000000
0.164686 -1.117146 0.000000
0.015717 1.192262 0.000000
1.622539 -0.329138 0.000000
1.147304 -0.651784 0.000000
-1.476103 -0.811686 0.000000
-1.600194 0.652848 0.000000
1.500279 -0.013706 0.000000
0.056272 1.168582 0.000000
-0.440890 -1.231428 0.000000
-0.554518 -1.230240 0.000000
-1.215950 -0.990005 0.000000
-1.676557 0.278005 0.000000
-1.628843 -0.664940 0.000000
0.333758 -1.057649 0.000000
1.216412 0.265486 0.000000
-1.698753 0.109998 0.000000
-1.700099 -0.469306 0.000000
-0.810364 1.478667 0.000000
-0.909833 1.477479 0.000000
1.508415 -0.412866 0.000000
1.474569 -0.436885 0.000000
-0.875036 -1.171337 0.000000
-0.164878 -1.201383 0.000000
-0.427611 1.400159 0.000000
-1.181374 -1.013048 0.000000
-0.824675 1.479177 0.000000
1.451285 0.036200 0.000000
-0.204180 -1.208173 0.000000
1.412107 0.075581 0.000000
-0.825264 1.479177 0.000000
1.287458 -0.563516 0.000000
-0.065950 -1.180971 0.000000
-0.332525 -1.224723 0.000000
-0.806468 1.478540 0.000000
-1.152807 1.418407 0.000000
-0.521900 -1.231513 0.000000
-0.242831 1.325895 0.000000
1.110370 -0.674149 0.000000
0.591150 0.801377 0.000000
0.673925 0.736576 0.000000
1.579000 -0.361559 0.000000
-1.509664 -0.786776 0.000000
0.289916 -1.074030 0.000000
1.082258 -0.690911 0.000000
1.522272 -0.402893 0.000000
1.673684 -0.196565 0.000000
-1.090765 -1.070465 0.000000
1.269368 -0.575228 0.000000
1.706336 -0.232127 0.000000
-0.319869 1.359250 0.000000
0.951799 0.505211 0.000000
-1.283210 -0.944343 0.000000
-0.682195 -1.217593 0.000000
1.044212 0.423648 0.000000
0.021920 1.188655 0.000000
0.907297 0.543659 0.000000
-0.200631 1.306247 0.000000
0.555406 -0.965604 0.000000
-1.115746 -1.055273 0.000000
0.208903 1.073778 0.000000
0.555620 0.828579 0.000000
0.842488 -0.825266 0.000000
0.930367 -0.777822 0.000000
-1.617737 -0.680938 0.000000
1.234213 -0.597720 0.000000
0.384435 -1.037959 0.000000
-1.555106 -0.749262 0.000000
-0.202996 1.307393 0.000000
1.512872 -0.409683 0.000000
-0.569190 1.442511 0.000000
1.398305 -0.489761 0.000000
0.871674 -0.809734 0.000000
0.569924 -0.959069 0.000000
-0.535240 -1.231088 0.000000
-1.638150 -0.650002 0.000000
-0.295357 -1.220861 0.000000
-0.234677 1.322161 0.000000
-0.580651 -1.228712 0.000000
1.180380 0.299223 0.000000
-0.120599 1.266611 0.000000
0.974970 0.484969 0.000000
1.640357 -0.160622 0.000000
0.117268 -1.131999 0.000000
-1.257149 -0.962082 0.000000
-1.344419 -0.902586 0.000000
-1.170398 -1.020305 0.000000
0.688518 0.724948 0.000000
-1.395537 1.178640 0.000000
-1.303816 1.302597 0.000000
-1.666042 -0.593264 0.000000
1.617879 -0.136602 0.000000
0.986021 -0.746673 0.000000
-1.344020 1.254304 0.000000
0.499037 -0.990430 0.000000
-0.591445 1.447858 0.000000
1.587009 -0.355661 0.000000
1.676857 -0.200003 0.000000
-1.162475 -1.025482 0.000000
0.859439 -0.816269 0.000000
1.187191 -0.627214 0.000000
0.621479 -0.935347 0.000000
-0.905362 1.477734 0.000000
1.319643 0.166693 0.000000
0.583096 -0.953085 0.000000
1.575038 -0.091322 0.000000
1.359709 -0.515859 0.000000
-1.123404 1.431690 0.000000
-1.027763 -1.106027 0.000000
0.014706 -1.161110 0.000000
0.511775 0.861680 0.000000
-0.348484 1.370793 0.000000
0.566486 0.820304 0.000000
1.520692 -0.404039 0.000000
-0.237603 1.323519 0.000000
0.557740 -0.964586 0.000000
-0.864545 -1.174817 0.000000
1.638140 -0.317340 0.000000
-0.487908 1.419893 0.000000
-0.199347 1.305653 0.000000
-0.397410 1.389423 0.000000
0.390348 0.950245 0.000000
-1.684680 -0.538011 0.000000
0.283810 -1.076237 0.000000
-1.648155 -0.632051 0.000000
1.687678 -0.211758 0.000000
0.928812 -0.778670 0.000000
1.577740 -0.094166 0.000000
-0.542833 -1.230791 0.000000
0.431002 0.921091 0.000000
-0.623870 1.455030 0.000000
1.046356 -0.712002 0.000000
-1.277411 -0.948290 0.000000
1.516621 -0.406967 0.000000
-0.170742 1.291818 0.000000
-0.753193 -1.204693 0.000000
-0.522454 -1.231470 0.000000
-0.744068 1.473872 0.000000
0.064192 -1.147573 0.000000
-1.588832 -0.716076 0.000000
-1.266731 -0.955589 0.000000
1.028266 0.437864 0.000000
-0.114772 -1.191622 0.000000
0.819269 -0.837445 0.000000
-1.394436 -0.868466 0.000000
-1.428874 -0.844872 0.000000
1.153682 0.324049 0.000000
-1.325479 1.277645 0.000000
1.041441 -0.714845 0.000000
0.004163 1.198840 0.000000
1.034978 0.431880 0.000000
0.699006 -0.898257 0.000000
-1.644015 -0.639775 0.000000
-1.666672 -0.591694 0.000000
1.286753 0.198478 0.000000
1.109293 -0.674785 0.000000
-0.105555 -1.189670 0.000000
1.707331 -0.233188 0.000000
-1.684642 -0.538139 0.000000
0.867097 -0.812195 0.000000
1.428720 0.058946 0.000000
-1.374590 -0.882004 0.000000
0.693592 -0.900930 0.000000
0.023241 -1.158861 0.000000
-0.156067 -1.199728 0.000000
-1.570288 0.760850 0.000000
0.621537 0.777825 0.000000
0.040474 1.177876 0.000000
-1.464962 -0.819664 0.000000
0.583550 -0.952873 0.000000
-1.703155 0.067773 0.000000
1.692266 -0.216723 0.000000
1.425010 0.062638 0.000000
1.069478 -0.698465 0.000000
-1.513178 0.931318 0.000000
0.318741 1.000320 0.000000
0.462254 0.898345 0.000000
1.712948 -0.239342 0.000000
0.866566 0.578414 0.000000
0.379658 0.957841 0.000000
1.391445 -0.494429 0.000000
0.310081 -1.066561 0.000000
-1.061630 1.452696 0.000000
1.127166 0.348450 0.000000
0.664130 -0.915147 0.000000
1.066470 0.403660 0.000000
1.155530 -0.646734 0.000000
-0.784203 1.477309 0.000000
-1.494775 -0.798021 0.000000
0.158339 1.106158 0.000000
1.583460 -0.100192 0.000000
0.900282 0.549685 0.000000
-0.749954 -1.205414 0.000000
1.624294 -0.327780 0.000000
0.399097 0.944007 0.000000
1.309737 0.176284 0.000000
1.398150 -0.489888 0.000000
0.651271 -0.921300 0.000000
0.291313 1.019035 0.000000
-0.718768 -1.211483 0.000000
0.384397 -1.037959 0.000000
-1.385545 -0.874535 0.000000
1.113912 0.360587 0.000000
0.181320 1.091559 0.000000
0.239311 1.053833 0.000000
-0.741762 -1.207069 0.000000
-0.716530 -1.211907 0.000000
0.670504 0.739292 0.000000
-0.466270 -1.231895 0.000000
-0.878781 -1.170107 0.000000
-0.346285 -1.225996 0.000000
-1.324650 1.278663 0.000000
-0.666435 -1.219885 0.000000
0.164459 1.102296 0.000000
-0.003003 1.202956 0.000000
0.668081 -0.913280 0.000000
0.284757 1.023491 0.000000
-1.241540 1.361500 0.000000
1.214661 -0.610069 0.000000
-0.792095 -1.195696 0.000000
0.191119 -1.108489 0.000000
-0.261228 -1.216617 0.000000
1.315581 -0.545141 0.000000
0.567315 -0.960257 0.000000
-0.790216 -1.196120 0.000000
0.141598 -1.124487 0.000000
0.370230 0.964461 0.000000
0.817889 0.619323 0.000000
1.032795 0.433832 0.000000
-1.074478 -1.080098 0.000000
0.825850 0.612661 0.000000
-0.772136 -1.200491 0.000000
-0.619702 1.454181 0.000000
-0.362534 -1.227311 0.000000
0.134381 1.121180 0.000000
1.513444 -0.409258 0.000000
1.716469 -0.243246 0.000000
1.311479 -0.547857 0.000000
0.963732 -0.759234 0.000000
-0.577660 -1.228882 0.000000
0.364820 0.968281 0.000000
-0.749579 -1.205499 0.000000
-0.693494 1.467422 0.000000
-0.446018 -1.231555 0.000000
0.390093 0.950415 0.000000
-1.041530 1.457789 0.000000
0.020415 1.189546 0.000000
0.778212 0.652212 0.000000
-1.087110 -1.072672 0.000000
-1.664056 -0.598102 0.000000
-0.684621 -1.217254 0.000000
1.287610 -0.563431 0.000000
1.237115 -0.595853 0.000000
-1.465110 1.046789 0.000000
-1.440019 1.098646 0.000000
0.503218 0.868045 0.000000
1.050211 -0.709753 0.000000
1.122382 0.352863 0.000000
0.328887 0.993318 0.000000
-1.421296 1.134123 0.000000
-1.272689 1.334255 0.000000
0.252022 1.045431 0.000000
1.056881 -0.705849 0.000000
-0.044731 1.226211 0.000000
1.247850 0.235695 0.000000
0.630097 -0.931315 0.000000
1.260275 -0.581085 0.000000
1.452892 -0.452120 0.000000
-1.189521 1.398207 0.000000
1.519353 -0.405015 0.000000
-1.098213 1.441281 0.000000
-1.367214 -0.887054 0.000000
-0.010709 -1.167688 0.000000
-1.696334 -0.489209 0.000000
-0.863888 -1.175029 0.000000
0.346330 0.981224 0.000000
-1.625174 0.549557 0.000000
-1.643863 -0.640029 0.000000
0.196960 -1.106579 0.000000
0.824349 -0.834814 0.000000
-1.587937 0.698977 0.000000
1.573947 -0.090177 0.000000
-1.698743 0.110125 0.000000
0.098978 -1.137473 0.000000
-0.568010 1.442214 0.000000
-0.454254 1.409156 0.000000
0.111840 1.135100 0.000000
1.639056 -0.316661 0.000000
0.817500 -0.838379 0.000000
0.427925 0.923340 0.000000
-1.228276 -0.981688 0.000000
-1.110125 1.436952 0.000000
-0.530945 -1.231216 0.000000
-0.550295 1.437674 0.000000
1.714301 -0.240827 0.000000
0.611350 0.785760 0.000000
0.436334 0.917229 0.000000
0.536945 -0.973879 0.000000
0.783061 -0.856160 0.000000
-1.024875 1.461565 0.000000
-1.344196 -0.902713 0.000000
-0.627370 1.455709 0.000000
1.093788 -0.684036 0.000000
0.368417 -1.044282 0.000000
0.897612 0.551976 0.000000
0.480323 0.885062 0.000000
-0.126767 -1.194041 0.000000
0.898548 0.551170 0.000000
-1.032870 1.459825 0.000000
-0.297459 1.349872 0.000000
0.925538 -0.780453 0.000000
-0.966340 -1.135775 0.000000
0.053546 -1.150586 0.000000
-0.727802 -1.209870 0.000000
0.165130 -1.116976 0.000000
-0.729840 1.472259 0.000000
0.422153 0.927499 0.000000
-0.408912 1.393582 0.000000
1.158415 -0.644994 0.000000
-0.568522 1.442342 0.000000
0.800604 0.633709 0.000000
0.271953 1.032106 0.000000
0.626576 -0.932970 0.000000
-0.781374 1.477097 0.000000
-0.668937 1.463517 0.000000
-0.661789 -1.220522 0.000000
0.946723 -0.768740 0.000000
-1.363459 1.227697 0.000000
0.359371 0.972100 0.000000
0.447499 0.909124 0.000000
0.362149 0.970148 0.000000
-0.434275 1.402451 0.000000
-0.956851 -1.139977 0.000000
-0.097642 -1.188015 0.000000
-0.601798 -1.227057 0.000000
-0.350167 1.371472 0.000000
1.537626 -0.052238 0.000000
1.678179 -0.201403 0.000000
1.099766 0.373487 0.000000
-0.322919 1.360481 0.000000
1.673185 -0.196014 0.000000
-1.161019 -1.026416 0.000000
1.172347 -0.636422 0.000000
0.670105 0.739589 0.000000
-1.163604 -1.024718 0.000000
0.014891 1.192729 0.000000
1.300530 -0.555029 0.000000
0.369139 0.965268 0.000000
1.301518 -0.554350 0.000000
-1.512500 0.933101 0.000000
1.532862 -0.395254 0.000000
1.457576 -0.448809 0.000000
1.502640 -0.416982 0.000000
0.078234 -1.143584 0.000000
-0.560737 1.440432 0.000000
0.589742 0.802480 0.000000
-0.935423 1.475357 0.000000
-0.166722 1.289824 0.000000
-0.547755 -1.230537 0.000000
1.554505 -0.379553 0.000000
-0.076451 -1.183347 0.000000
-1.049942 1.455709 0.000000
-0.931688 1.475739 0.000000
-0.745586 1.474042 0.000000
0.617614 -0.937171 0.000000
-0.349486 1.371175 0.000000
0.318235 1.000660 0.000000
-1.457486 1.063084 0.000000
-1.289350 1.317917 0.000000
-0.074300 1.242295 0.000000
-0.290493 1.346901 0.000000
1.196316 0.284328 0.000000
1.373868 -0.506354 0.000000
1.104144 -0.677883 0.000000
0.970688 -0.755330 0.000000
0.541185 0.839570 0.000000
1.409126 -0.482377 0.000000
-0.097463 -1.187973 0.000000
1.471825 0.015364 0.000000
-1.628984 0.532540 0.000000
-0.576683 1.444379 0.000000
-0.608561 -1.226420 0.000000
-0.478874 1.417092 0.000000
-1.540733 0.854211 0.000000
-0.400469 -1.229773 0.000000
1.311702 0.174374 0.000000
0.423472 0.926523 0.000000
0.764968 0.663076 0.000000
-1.279799 1.327423 0.000000
0.688267 -0.903519 0.000000
-1.085988 1.445355 0.000000
-0.327018 1.362179 0.000000
1.540101 -0.390035 0.000000
-0.628647 -1.224468 0.000000
-1.151785 1.418916 0.000000
0.704981 0.711751 0.000000
-1.109013 1.437376 0.000000
-0.498650 -1.231937 0.000000
0.067121 -1.146767 0.000000
-1.057982 1.453630 0.000000
-0.670424 1.463772 0.000000
0.286915 -1.075133 0.000000
-1.377870 1.206478 0.000000
1.676579 -0.287974 0.000000
-1.587655 -0.717349 0.000000
-1.146096 -1.036092 0.000000
-0.540978 -1.230876 0.000000
-1.608523 0.619917 0.000000
1.219107 -0.607268 0.000000
-1.442975 -0.835111 0.000000
1.517670 -0.406203 0.000000
1.535268 -0.049819 0.000000
1.539653 -0.390374 0.000000
1.185591 0.294385 0.000000
-1.332070 -0.910988 0.000000
-0.496145 -1.231937 0.000000
0.085799 1.150928 0.000000
0.234513 -1.093763 0.000000
1.136046 0.340302 0.000000
-1.526656 0.894738 0.000000
1.376109 -0.504826 0.000000
-0.128240 1.270558 0.000000
-1.529372 -0.771201 0.000000
0.349975 -1.051454 0.000000
0.623702 -0.934328 0.000000
1.310783 -0.548281 0.000000
0.539447 0.840843 0.000000
-0.965304 -1.136242 0.000000
0.837087 -0.828109 0.000000
-1.109994 -1.058795 0.000000
1.070315 0.400180 0.000000
0.087957 -1.140741 0.000000
-0.626889 -1.224638 0.000000
-1.211521 1.383949 0.000000
0.354649 -1.049629 0.000000
-0.787291 1.477479 0.000000
0.703174 0.713236 0.000000
-1.189652 -1.007574 0.000000
0.062079 1.165145 0.000000
1.080922 -0.691675 0.000000
0.219400 -1.098983 0.000000
0.649564 0.755842 0.000000
-0.018081 -1.169513 0.000000
-1.328494 -0.913449 0.000000
-0.495105 1.422099 0.000000
0.576267 0.812835 0.000000
1.046793 0.421314 0.000000
-1.140713 1.424179 0.000000
0.411153 0.935392 0.000000
0.648900 -0.922446 0.000000
0.780243 -0.857603 0.000000
-1.218786 1.378814 0.000000
-0.380641 -1.228585 0.000000
1.239600 -0.594283 0.000000
-0.280416 -1.219079 0.000000
1.350065 0.136987 0.000000
1.085995 0.386006 0.000000
-0.658990 1.461820 0.000000
-0.429449 1.400796 0.000000
-0.672789 1.464154 0.000000
1.033683 -0.719386 0.000000
-1.290290 1.316941 0.000000
0.428452 -1.020178 0.000000
-1.227295 -0.982367 0.000000
-1.564544 0.779946 0.000000
0.204955 1.076325 0.000000
-1.025653 -1.107131 0.000000
-0.153702 1.283374 0.000000
1.598343 -0.347216 0.000000
-0.438880 -1.231343 0.000000
0.487073 0.880055 0.000000
-0.734242 -1.208554 0.000000
-1.359505 1.233341 0.000000
-0.618804 1.453969 0.000000
0.925236 0.528212 0.000000
-0.584417 -1.228415 0.000000
1.610038 -0.128285 0.000000
1.604221 -0.342845 0.000000
0.181396 1.091475 0.000000
1.501514 -0.014979 0.000000
1.036623 -0.717646 0.000000
-0.785429 1.477394 0.000000
-1.550738 -0.753123 0.000000
-0.644191 1.459062 0.000000
-0.298461 1.350339 0.000000
0.858372 -0.816821 0.000000
1.664525 -0.297225 0.000000
0.608992 -0.941161 0.000000
0.184707 1.089353 0.000000
-1.100103 -1.064864 0.000000
-1.700113 0.097479 0.000000
0.147311 1.113075 0.000000
1.568423 -0.084363 0.000000
-1.047436 1.456388 0.000000
-0.668813 -1.219546 0.000000
-1.322956 -0.917226 0.000000
-0.931822 -1.150374 0.000000
0.534752 0.844408 0.000000
-0.755430 1.474975 0.000000
-0.049408 1.228800 0.000000
-0.443760 1.405719 0.000000
-1.469495 1.037113 0.000000
1.543680 -0.387446 0.000000
-1.517043 0.921049 0.000000
0.076362 -1.144093 0.000000
-0.514269 1.427743 0.000000
0.146506 1.113584 0.000000
-1.131805 -1.045173 0.000000
-0.265743 1.336165 0.000000
0.282884 1.024764 0.000000
-1.097332 -1.066519 0.000000
-1.435865 1.106794 0.000000
-0.312996 -1.222813 0.000000
-0.502784 -1.231895 0.000000
-1.217465 1.379747 0.000000
0.455064 0.903607 0.000000
-0.999354 1.466573 0.000000
0.428552 0.922873 0.000000
0.755813 0.670587 0.000000
-0.717611 1.470817 0.000000
0.415108 0.932549 0.000000
-0.035407 1.221076 0.000000
0.514872 -0.983555 0.000000
0.819039 0.618347 0.000000
1.576229 -0.092553 0.000000
1.043579 -0.713615 0.000000
-1.549758 0.826924 0.000000
-1.150432 1.419553 0.000000
0.777837 0.652509 0.000000
-0.987913 -1.125888 0.000000
0.699876 0.715867 0.000000
1.236936 0.246050 0.000000
-1.099893 1.440687 0.000000
0.151356 1.110529 0.000000
-0.565060 -1.229688 0.000000
0.608080 0.788264 0.000000
-0.562892 1.440941 0.000000
0.476331 -1.000190 0.000000
0.347907 0.980121 0.000000
-0.863107 1.479346 0.000000
-1.379774 1.203592 0.000000
-0.282057 -1.219291 0.000000
-1.648228 0.440198 0.000000
-0.020783 -1.170192 0.000000
-0.180610 -1.204183 0.000000
0.853467 0.589490 0.000000
0.502616 -0.988902 0.000000
-0.370946 -1.227906 0.000000
1.288040 0.197248 0.000000
-0.867319 -1.173926 0.000000
1.693426 -0.217996 0.000000
-1.641396 -0.644443 0.000000
-0.222215 1.316432 0.000000
0.153476 -1.120710 0.000000
1.146523 -0.652251 0.000000
-0.104040 -1.189373 0.000000
-0.517986 1.428804 0.000000
-0.658939 -1.220861 0.000000
0.535499 0.843856 0.000000
1.398993 -0.489294 0.000000
-0.887499 -1.167051 0.000000
-0.290906 1.347071 0.000000
0.285861 -1.075515 0.000000
0.203984 1.076961 0.000000
-0.928577 1.475994 0.000000
-0.914624 1.477140 0.000000
1.603540 -0.343354 0.000000
1.136297 0.340090 0.000000
0.821685 -0.836172 0.000000
-0.699294 -1.214878 0.000000
0.288680 1.020817 0.000000
-0.571465 -1.229264 0.000000
-0.459717 1.410981 0.000000
-0.569108 1.442511 0.000000
-1.333082 -0.910309 0.000000
0.399775 0.943540 0.000000
1.120654 0.354433 0.000000
-1.163439 1.412975 0.000000
-0.857462 1.479389 0.000000
0.263166 -1.083706 0.000000
-1.334724 1.266272 0.000000
-0.324381 -1.223959 0.000000
-0.251398 -1.215302 0.000000
-0.074227 1.242252 0.000000
-0.567104 1.442002 0.000000
1.042395 0.425260 0.000000
-0.519632 1.429313 0.000000
-0.148835 1.280955 0.000000
0.547797 0.834520 0.000000
0.168912 1.099453 0.000000
1.569962 -0.085975 0.000000
-0.130938 1.271916 0.000000
-0.248679 1.328526 0.000000
-0.711922 1.470053 0.000000
0.615738 -0.938020 0.000000
1.610486 -0.338177 0.000000
-0.913305 1.477267 0.000000
0.115643 -1.132465 0.000000
0.394423 -1.033970 0.000000
-0.581384 -1.228669 0.000000
-0.373926 1.380639 0.000000
0.775438 0.654503 0.000000
1.231240 0.251482 0.000000
-0.532411 1.432878 0.000000
0.596244 -0.947059 0.000000
0.860340 0.583677 0.000000
-0.492176 1.421208 0.000000
-0.032788 -1.173162 0.000000
0.910711 -0.788600 0.000000
-0.113777 1.263089 0.000000
-0.694678 -1.215641 0.000000
-0.379677 1.382803 0.000000
0.897388 -0.795857 0.000000
0.901635 -0.793566 0.000000
1.493079 -0.423772 0.000000
0.230772 -1.095079 0.000000
0.865971 -0.812789 0.000000
1.613232 -0.131680 0.000000
-1.574542 -0.730886 0.000000
1.102017 0.371450 0.000000
0.671179 0.738740 0.000000
0.280623 1.026249 0.000000
-0.694830 1.467634 0.000000
0.000801 -1.164760 0.000000
0.606820 0.789240 0.000000
-0.325472 1.361542 0.000000
0.086360 1.150589 0.000000
0.236410 -1.093126 0.000000
1.346038 0.140934 0.000000
-1.234605 -0.977402 0.000000
-0.494627 -1.231937 0.000000
0.826807 0.611854 0.000000
0.391855 0.949184 0.000000
1.723607 -0.251054 0.000000
0.934890 -0.775318 0.000000
-0.344547 1.369223 0.000000
1.162583 0.315773 0.000000
0.269148 -1.081541 0.000000
1.381437 -0.501219 0.000000
0.570871 0.816951 0.000000
-0.609205 -1.226378 0.000000
1.542376 -0.388380 0.000000
-0.498581 -1.231937 0.000000
1.680051 -0.285301 0.000000
0.336583 0.988014 0.000000
0.741144 -0.877421 0.000000
0.666739 -0.913916 0.000000
0.373717 0.962042 0.000000
0.000580 1.200919 0.000000
-0.497329 -1.231937 0.000000
-1.580916 -0.724436 0.000000
0.566314 -0.960724 0.000000
1.307314 0.178618 0.000000
-1.308921 -0.926774 0.000000
1.022997 -0.725539 0.000000
-1.415207 -0.854293 0.000000
0.928543 0.525368 0.000000
1.531142 -0.396527 0.000000
0.001227 -1.164632 0.000000
1.698200 -0.223216 0.000000
0.826731 -0.833541 0.000000
-0.310783 1.355474 0.000000
1.344830 0.142122 0.000000
0.854689 -0.818815 0.000000
-1.576483 0.739674 0.000000
-0.298179 1.350211 0.000000
-0.825698 -1.186657 0.000000
-0.166217 1.289612 0.000000
-1.717700 -0.270660 0.000000
-1.113130 -1.056886 0.000000
-1.056003 -1.090665 0.000000
1.661503 -0.183368 0.000000
0.926585 -0.779901 0.000000
0.761877 0.665622 0.000000
-0.557264 1.439498 0.000000
0.670356 -0.912176 0.000000
-0.797540 -1.194296 0.000000
1.480750 -0.432514 0.000000
-0.025237 1.215432 0.000000
-1.687368 0.203019 0.000000
1.671127 -0.193765 0.000000
-0.958892 1.472726 0.000000
-0.482168 -1.232022 0.000000
-0.126395 1.269582 0.000000
-0.391810 -1.229264 0.000000
1.412867 0.074818 0.000000
0.694638 -0.900421 0.000000
0.836031 -0.828661 0.000000
-1.363098 -0.889855 0.000000
-1.361078 -0.891212 0.000000
0.065803 -1.147148 0.000000
-1.592436 0.682384 0.000000
-0.152793 -1.199133 0.000000
1.080406 -0.692014 0.000000
0.264880 1.036858 0.000000
0.371356 0.963698 0.000000
0.911751 -0.788006 0.000000
-0.700750 1.468525 0.000000
1.516022 -0.407391 0.000000
-0.274785 -1.218400 0.000000
-0.688383 -1.216660 0.000000
-1.663206 0.359313 0.000000
-0.185701 -1.205075 0.000000
1.627891 -0.325106 0.000000
-1.087303 1.444930 0.000000
0.161846 -1.118037 0.000000
0.203661 1.077173 0.000000
0.433112 -1.018268 0.000000
-1.003818 1.465767 0.000000
1.667544 -0.294934 0.000000
0.993576 0.468630 0.000000
-0.148302 1.280700 0.000000
-0.954710 1.473278 0.000000
-0.704078 -1.214114 0.000000
-0.491691 -1.231980 0.000000
0.336483 0.988056 0.000000
-1.069488 1.450405 0.000000
-1.531241 -0.769674 0.000000
-0.478072 -1.232022 0.000000
0.422914 -1.022469 0.000000
0.504313 -0.988180 0.000000
-1.085737 -1.073478 0.000000
1.366640 0.120692 0.000000
0.628569 -0.932037 0.000000
-1.257028 1.348471 0.000000
0.549876 0.832950 0.000000
-1.548980 -0.754693 0.000000
-0.203385 -1.208045 0.000000
-1.401092 -0.863926 0.000000
-0.077518 1.243992 0.000000
-1.259176 -0.960724 0.000000
0.849237 0.593055 0.000000
-0.632963 -1.224001 0.000000
1.353847 -0.519764 0.000000
-1.211745 -0.992848 0.000000
0.776797 -0.859385 0.000000
0.814478 0.622167 0.000000
-0.283627 -1.219461 0.000000
-1.358940 -0.892698 0.000000
-1.112266 1.436188 0.000000
1.610396 -0.338219 0.000000
0.000405 -1.164845 0.000000
1.240130 -0.593943 0.000000
-1.197489 -1.002354 0.000000
1.248070 0.235483 0.000000
-1.603711 0.639099 0.000000
-0.238938 1.324113 0.000000
1.621162 -0.330156 0.000000
-0.606420 1.451253 0.000000
1.672841 -0.290860 0.000000
-0.994085 -1.122960 0.000000
0.854069 0.588981 0.000000
-0.325211 1.361415 0.000000
-0.214278 1.312697 0.000000
0.141922 -1.124360 0.000000
-1.229511 1.370921 0.000000
0.240161 1.053281 0.000000
-1.305713 1.300518 0.000000
-1.400896 1.169685 0.000000
1.113351 0.361096 0.000000
-0.649123 -1.222092 0.000000
0.037287 -1.155084 0.000000
1.288859 -0.562625 0.000000
1.006042 -0.735257 0.000000
-0.533075 -1.231131 0.000000
0.291317 1.019035 0.000000
1.215986 0.265868 0.000000
1.706333 -0.264889 0.000000
-0.620934 -1.225275 0.000000
-1.250251 -0.966792 0.000000
-0.920051 -1.155084 0.000000
1.290952 -0.561267 0.000000
1.556683 -0.377940 0.000000
0.570526 -0.958814 0.000000
1.180459 -0.631415 0.000000
1.279945 -0.568396 0.000000
0.139647 1.117870 0.000000
-0.926649 1.476164 0.000000
0.636509 -0.928302 0.000000
-1.014133 -1.113072 0.000000
0.922430 -0.782192 0.000000
-1.022889 1.461990 0.000000
-1.668252 0.329735 0.000000
-1.422325 -0.849370 0.000000
0.324523 -1.061172 0.000000
-0.638632 -1.223365 0.000000
-1.371568 1.215899 0.000000
-1.335598 -0.908569 0.000000
-1.012261 -1.114005 0.000000
-0.435686 1.402960 0.000000
-1.025247 1.461481 0.000000
-0.923652 1.476418 0.000000
-0.741356 -1.207154 0.000000
0.127469 1.125466 0.000000
-0.824386 -1.187039 0.000000
1.463383 -0.444778 0.000000
0.405901 -1.029387 0.000000
1.060609 0.408922 0.000000
0.221183 -1.098389 0.000000
0.116222 1.132384 0.000000
0.394457 0.947317 0.000000
1.449657 0.037855 0.000000
0.754288 0.671818 0.000000
-0.001887 1.202319 0.000000
-1.357113 -0.893928 0.000000
0.915258 0.536826 0.000000
-1.398087 -0.866005 0.000000
-0.859940 -1.176345 0.000000
1.035349 -0.718410 0.000000
0.382545 -1.038723 0.000000
-1.253084 1.351909 0.000000
1.395679 0.091962 0.000000
-1.188430 -1.008380 0.000000
-0.360565 1.375504 0.000000
0.892067 0.556687 0.000000
1.685686 -0.280930 0.000000
1.573008 -0.089200 0.000000
1.330997 0.155617 0.000000
0.340521 -1.055061 0.000000
0.868411 0.576844 0.000000
0.200043 -1.105518 0.000000
0.690146 -0.902586 0.000000
0.980160 -0.749983 0.000000
1.362479 0.124808 0.000000
1.052527 -0.708395 0.000000
-0.073036 1.241616 0.000000
-1.425174 1.126952 0.000000
0.427306 0.923765 0.000000
1.672166 -0.194910 0.000000
-0.121642 1.267120 0.000000
0.181413 -1.111714 0.000000
0.489283 -0.994631 0.000000
-1.273343 1.333661 0.000000
1.399028 -0.489252 0.000000
0.460337 0.899745 0.000000
1.092469 -0.684843 0.000000
0.843169 -0.824884 0.000000
-1.573447 -0.731990 0.000000
0.353551 0.976174 0.000000
0.967522 -0.757112 0.000000
1.572333 -0.366482 0.000000
1.693034 -0.217572 0.000000
0.395418 -1.033588 0.000000
1.286240 0.198987 0.000000
0.457078 -1.008295 0.000000
-1.718014 -0.183452 0.000000
0.357830 0.973203 0.000000
-1.041120 -1.098898 0.000000
1.450906 0.036582 0.000000
1.224952 -0.603576 0.000000
-1.536820 0.865711 0.000000
-0.038605 -1.174563 0.000000
-0.627856 -1.224553 0.000000
-0.947121 -1.144093 0.000000
1.247495 0.236035 0.000000
-0.715918 1.470562 0.000000
-0.281847 1.343209 0.000000
-1.363036 -0.889897 0.000000
-0.276279 1.340748 0.000000
0.498565 -0.990642 0.000000
0.065906 -1.147106 0.000000
-0.083940 1.247430 0.000000
0.630376 0.770907 0.000000
0.211047 -1.101826 0.000000
0.904533 0.546035 0.000000
-1.311450 -0.925077 0.000000
-1.676402 0.279023 0.000000
-1.143142 1.423118 0.000000
-1.667385 0.334912 0.000000
0.134604 1.121011 0.000000
-0.365487 1.377413 0.000000
-1.066882 -1.084512 0.000000
-0.645364 -1.222601 0.000000
1.208823 0.272615 0.000000
-1.174838 1.406822 0.000000
-0.040398 1.223835 0.000000
-0.986626 1.468737 0.000000
1.025702 0.440155 0.000000
-1.714269 -0.076894 0.000000
-0.241933 -1.213944 0.000000
-0.364334 -1.227439 0.000000
-1.272389 -0.951727 0.000000
-1.183291 -1.011818 0.000000
0.158487 1.106073 0.000000
1.137905 -0.657513 0.000000
-0.706443 1.469289 0.000000
0.846132 -0.823314 0.000000
0.135661 -1.126312 0.000000
-1.649050 0.435954 0.000000
0.311234 -1.066137 0.000000
-0.520358 -1.231555 0.000000
0.789821 -0.852722 0.000000
0.693333 -0.901058 0.000000
-0.108260 -1.190264 0.000000
-0.904587 1.477776 0.000000
1.418137 -0.476181 0.000000
1.412733 -0.479916 0.000000
1.552254 -0.067473 0.000000
1.127989 -0.663497 0.000000
-1.624307 -0.671687 0.000000
-0.797485 1.478073 0.000000
0.112924 1.134421 0.000000
-1.643581 -0.640539 0.000000
1.011460 -0.732160 0.000000
0.988961 0.472704 0.000000
0.288876 1.020690 0.000000
1.002377 0.460865 0.000000
0.471495 -1.002227 0.000000
1.256661 -0.583376 0.000000
-0.485214 -1.231980 0.000000
1.162806 -0.642279 0.000000
0.847826 0.594243 0.000000
-0.974095 1.470689 0.000000
-1.571795 0.755757 0.000000
1.615177 -0.334655 0.000000
-0.824053 -1.187124 0.000000
0.851935 0.590763 0.000000
0.334570 -1.057352 0.000000
1.208259 0.273124 0.000000
1.240154 0.243037 0.000000
1.240681 0.242528 0.000000
-0.935684 -1.148846 0.000000
0.508519 0.864098 0.000000
-1.217124 -0.989199 0.000000
1.523780 -0.401832 0.000000
1.072827 -0.696470 0.000000
1.436426 -0.463535 0.000000
1.631047 -0.150649 0.000000
-0.948260 -1.143626 0.000000
-0.018012 1.211401 0.000000
0.133899 -1.126864 0.000000
-1.225581 1.373891 0.000000
-0.889185 -1.166457 0.000000
-0.520162 -1.231555 0.000000
-0.061892 1.235590 0.000000
0.180029 -1.112138 0.000000
-0.822480 1.479092 0.000000
1.069884 -0.698210 0.000000
-1.679431 -0.555708 0.000000
-1.074778 -1.079929 0.000000
1.263937 0.220376 0.000000
0.687772 0.725543 0.000000
0.905166 -0.791613 0.000000
0.624477 0.775533 0.000000
-1.297700 1.309260 0.000000
0.426642 -1.020942 0.000000
0.718951 0.700505 0.000000
0.491764 0.876575 0.000000
1.508254 -0.412993 0.000000
0.690480 -0.902416 0.000000
0.608655 0.787840 0.000000
0.674011 -0.910394 0.000000
-0.208217 1.309854 0.000000
0.342324 -1.054382 0.000000
-0.253728 -1.215599 0.000000
-1.712545 -0.370811 0.000000
-1.376752 1.208176 0.000000
1.306085 0.179848 0.000000
1.483824 -0.430349 0.000000
0.351569 0.977574 0.000000
0.925735 -0.780368 0.000000
1.445492 0.042056 0.000000
0.861497 -0.815166 0.000000
-1.482061 1.008596 0.000000
-1.713322 -0.361093 0.000000
0.669520 -0.912558 0.000000
-1.488906 0.992427 0.000000
-0.528835 -1.231258 0.000000
0.685806 -0.904707 0.000000
0.474483 0.889348 0.000000
1.244759 -0.591015 0.000000
-0.108769 1.260500 0.000000
0.883941 0.563646 0.000000
0.567986 -0.959960 0.000000
-1.098375 1.441238 0.000000
-0.418298 -1.230622 0.000000
-0.823471 -1.187294 0.000000
-0.250689 1.329417 0.000000
-0.396442 -1.229518 0.000000
0.449633 0.907554 0.000000
-0.162702 -1.200958 0.000000
0.272462 -1.080353 0.000000
-0.068831 1.239324 0.000000
0.709200 0.708356 0.000000
-1.257231 1.348302 0.000000
-0.929351 1.475909 0.000000
1.329689 -0.535847 0.000000
-0.104994 1.258506 0.000000
0.868463 -0.811431 0.000000
-1.503334 0.956865 0.000000
-0.431731 -1.231131 0.000000
0.025833 -1.158140 0.000000
-0.154896 -1.199515 0.000000
1.515144 -0.028983 0.000000
-1.122946 -1.050732 0.000000
-1.425181 1.126952 0.000000
-0.916751 -1.156315 0.000000
-1.672857 0.301599 0.000000
-1.242907 1.360396 0.000000
-1.312225 -0.924525 0.000000
0.336232 0.988226 0.000000
0.129631 1.124108 0.000000
-0.393651 1.388023 0.000000
1.010919 0.453311 0.000000
1.302898 0.182904 0.000000
-1.160252 -1.026925 0.000000
-0.278695 1.341809 0.000000
-0.028417 -1.172101 0.000000
-0.896750 -1.163784 0.000000
0.692205 0.722020 0.000000
0.664970 0.743663 0.000000
0.742355 -0.876784 0.000000
-0.104918 -1.189543 0.000000
0.717729 -0.889048 0.000000
0.878265 -0.806169 0.000000
-0.610196 -1.226293 0.000000
-1.178400 1.404785 0.000000
-0.631549 -1.224129 0.000000
0.583178 -0.953043 0.000000
0.855783 -0.818221 0.000000
1.170850 0.308092 0.000000
0.826703 -0.833583 0.000000
0.155734 -1.119989 0.000000
0.238857 -1.092278 0.000000
0.897684 -0.795687 0.000000
1.032878 -0.719810 0.000000
-0.666659 1.463136 0.000000
-0.924756 -1.153217 0.000000
-1.691952 0.167754 0.000000
0.070621 1.160052 0.000000
-0.456839 1.410005 0.000000
1.176966 0.302406 0.000000
1.103697 -0.678138 0.000000
-0.633948 1.457067 0.000000
1.232221 -0.598951 0.000000
-1.340981 1.258336 0.000000
-1.274898 -0.949987 0.000000
-1.659400 -0.608881 0.000000
0.332092 0.991112 0.000000
-0.062026 1.235675 0.000000
0.104299 1.139725 0.000000
1.212472 0.269178 0.000000
0.869943 0.575529 0.000000
-1.438749 -0.838039 0.000000
1.214000 -0.610451 0.000000
0.178016 -1.112817 0.000000
0.443531 0.912010 0.000000
-1.261124 -0.959408 0.000000
0.616096 0.782068 0.000000
-1.031982 1.459995 0.000000
-0.336937 1.366210 0.000000
1.131675 0.344333 0.000000
0.273891 -1.079844 0.000000
-0.608372 1.451678 0.000000
-1.438284 -0.838379 0.000000
-0.327727 1.362476 0.000000
-0.527155 1.431393 0.000000
0.493733 -0.992721 0.000000
-0.867781 1.479304 0.000000
1.208341 0.273082 0.000000
1.133486 0.342678 0.000000
-1.646242 -0.635658 0.000000
-0.547039 -1.230579 0.000000
-1.032134 1.459995 0.000000
0.156381 1.107388 0.000000
-1.366344 1.223538 0.000000
-1.393737 1.181525 0.000000
-0.646503 1.459486 0.000000
1.539836 -0.390204 0.000000
-1.371599 1.215857 0.000000
1.059022 -0.704576 0.000000
0.761870 -0.866981 0.000000
0.440767 -1.015128 0.000000
1.137626 0.338859 0.000000
0.245826 1.049547 0.000000
-1.111285 1.436528 0.000000
0.938394 0.516839 0.000000
1.221320 -0.605868 0.000000
0.692356 -0.901525 0.000000
0.693086 -0.901143 0.000000
-1.515040 -0.782617 0.000000
-0.743783 -1.206645 0.000000
-0.403113 1.391502 0.000000
1.117977 -0.669565 0.000000
-1.508280 0.944134 0.000000
0.713895 0.704579 0.000000
1.527335 -0.399286 0.000000
0.858609 0.585119 0.000000
0.048996 -1.151859 0.000000
0.072487 -1.145196 0.000000
-1.713374 -0.061150 0.000000
-1.629521 0.530121 0.000000
0.896331 -0.796409 0.000000
-1.695067 0.142250 0.000000
1.439992 0.047616 0.000000
1.106144 0.367673 0.000000
0.824728 -0.834602 0.000000
1.669440 -0.293449 0.000000
0.595349 -0.947484 0.000000
-1.185102 -1.010587 0.000000
1.446625 0.040911 0.000000
-1.622586 0.560930 0.000000
-0.158366 1.285708 0.000000
-0.101961 1.256935 0.000000
0.874665 0.571540 0.000000
0.084337 1.151820 0.000000
-0.810413 1.478667 0.000000
-0.801295 1.478285 0.000000
-0.142265 1.277645 0.000000
0.050074 -1.151562 0.000000
-0.418787 1.397062 0.000000
0.075402 -1.144390 0.000000
-0.070173 1.240046 0.000000
0.057012 1.168158 0.000000
-0.855700 1.479431 0.000000
0.917605 -0.784824 0.000000
-0.963315 1.472132 0.000000
-1.335350 -0.908739 0.000000
-0.900595 -1.162426 0.000000
-0.114410 -1.191537 0.000000
-0.515694 -1.231640 0.000000
-0.441836 1.405040 0.000000
1.188186 0.291966 0.000000
0.645255 0.759237 0.000000
1.119722 0.355282 0.000000
-1.616708 -0.682339 0.000000
-0.090965 1.251164 0.000000
0.492280 0.876193 0.000000
1.185264 0.294682 0.000000
1.274445 0.210318 0.000000
0.630569 -0.931103 0.000000
0.126902 1.125806 0.000000
-1.523359 0.903819 0.000000
-0.596697 -1.227481 0.000000
0.818884 0.618475 0.000000
-1.300120 -0.932800 0.000000
1.385619 -0.498376 0.000000
-1.005611 -1.117315 0.000000
0.276080 -1.079037 0.000000
1.011597 0.452674 0.000000
-1.118268 -1.053660 0.000000
-0.507916 1.425876 0.000000
-1.717332 -0.151498 0.000000
1.426666 0.060983 0.000000
1.514941 -0.408197 0.000000
-0.461486 -1.231852 0.000000
0.193531 1.083709 0.000000
0.033229 1.182119 0.000000
1.631494 -0.151158 0.000000
-1.236587 -0.976044 0.000000
0.627326 -0.932631 0.000000
-1.362885 1.228503 0.000000
0.811005 0.625052 0.000000
-0.627742 -1.224553 0.000000
0.184896 -1.110568 0.000000
-1.257049 1.348429 0.000000
-0.086511 1.248788 0.000000
0.259790 1.040253 0.000000
-0.099535 -1.188397 0.000000
-0.888456 1.478625 0.000000
0.327394 0.994337 0.000000
-1.654674 -0.619066 0.000000
-1.701266 0.086488 0.000000
0.032297 1.182671 0.000000
0.708051 0.709289 0.000000
-0.963618 -1.137006 0.000000
0.819314 -0.837445 0.000000
1.340496 -0.528675 0.000000
-0.006166 -1.166542 0.000000
-0.201987 1.306926 0.000000
-0.060247 1.234699 0.000000
1.501446 -0.417831 0.000000
1.372536 -0.507245 0.000000
0.630083 0.771162 0.000000
1.717801 -0.244689 0.000000
0.858740 0.585034 0.000000
0.635298 0.767046 0.000000
1.549314 -0.064417 0.000000
-0.166306 1.289654 0.000000
1.170915 0.308050 0.000000
-0.531248 -1.231216 0.000000
-1.215654 -0.990217 0.000000
0.678207 0.733181 0.000000
-0.822552 1.479092 0.000000
-0.475790 -1.231980 0.000000
-1.624851 0.551000 0.000000
-0.747424 -1.205923 0.000000
0.791363 -0.851916 0.000000
0.745952 0.678607 0.000000
-1.495673 0.975962 0.000000
0.764493 0.663458 0.000000
-0.828241 -1.185936 0.000000
-0.016877 1.210764 0.000000
-0.302825 1.352163 0.000000
1.626958 -0.325785 0.000000
-0.155378 -1.199600 0.000000
-1.661245 0.370432 0.000000
-0.376824 -1.228330 0.000000
0.300131 -1.070253 0.000000
1.321181 0.165165 0.000000
-0.458956 -1.231810 0.000000
1.409790 -0.481910 0.000000
-1.327616 -0.914043 0.000000
-1.141198 -1.039189 0.000000
1.442629 0.044942 0.000000
1.373190 0.114241 0.000000
-1.469883 -0.816142 0.000000
0.869929 0.575529 0.000000
-0.052578 -1.177873 0.000000
1.722127 -0.252497 0.000000
-1.576521 0.739547 0.000000
1.627825 -0.325149 0.000000
0.918214 -0.784484 0.000000
-0.158435 -1.200152 0.000000
1.381103 -0.501431 0.000000
-1.647605 -0.633112 0.000000
0.108405 1.137179 0.000000
-0.944175 -1.145366 0.000000
-0.039768 -1.174817 0.000000
-1.017647 -1.111289 0.000000
0.546805 -0.969466 0.000000
-0.517622 1.428719 0.000000
-0.058901 1.233977 0.000000
-1.643099 -0.641387 0.000000
-0.041898 -1.175326 0.000000
-1.587552 -0.717434 0.000000
-0.267980 1.337141 0.000000
1.320248 0.166099 0.000000
1.654083 -0.175390 0.000000
0.115963 -1.132380 0.000000
-1.384052 -0.875553 0.000000
0.057060 -1.149610 0.000000
1.263524 -0.579005 0.000000
-1.593286 0.679159 0.000000
1.620274 -0.139149 0.000000
-0.036237 -1.173968 0.000000
-1.430475 1.117064 0.000000
0.685035 0.727749 0.000000
0.866446 -0.812535 0.000000
-1.289161 1.318087 0.000000
-1.342895 -0.903604 0.000000
1.617579 -0.332830 0.000000
1.720265 -0.247405 0.000000
-0.394226 -1.229391 0.000000
-0.336651 1.366083 0.000000
1.027278 0.438755 0.000000
0.506216 -0.987332 0.000000
0.005554 1.198076 0.000000
0.917436 0.534959 0.000000
-1.168577 -1.021493 0.000000
-1.639313 -0.648050 0.000000
-1.138789 -1.040760 0.000000
1.343012 -0.527020 0.000000
-1.353516 1.241573 0.000000
-0.896320 -1.163911 0.000000
-0.369083 -1.227778 0.000000
-1.624693 -0.671136 0.000000
0.902523 0.547775 0.000000
-0.373320 -1.228075 0.000000
-0.019324 1.212122 0.000000
-0.317047 -1.223195 0.000000
-1.534538 0.872289 0.000000
-1.649067 -0.630311 0.000000
-0.701617 -1.214496 0.000000
-1.123724 -1.050265 0.000000
-0.274375 1.339942 0.000000
0.042323 1.176815 0.000000
1.349982 -0.522352 0.000000
-1.212959 -0.992000 0.000000
-1.598521 -0.705170 0.000000
-0.674224 -1.218739 0.000000
-0.264508 -1.217042 0.000000
0.872831 0.573067 0.000000
-1.255404 1.349872 0.000000
-0.034640 1.220652 0.000000
0.490570 0.877466 0.000000
0.177964 -1.112817 0.000000
-1.385611 1.194511 0.000000
0.668236 -0.913195 0.000000
1.368599 -0.509876 0.000000
1.287451 0.197799 0.000000
-0.560854 -1.229943 0.000000
-1.265230 -0.956607 0.000000
-1.026162 1.461311 0.000000
1.252496 0.231282 0.000000
-1.709771 -0.400007 0.000000
-0.320964 1.359717 0.000000
1.224690 0.257677 0.000000
-0.893185 1.478455 0.000000
0.197693 -1.106324 0.000000
-0.491873 -1.231980 0.000000
0.136945 1.119568 0.000000
0.787226 0.644785 0.000000
1.375895 0.111568 0.000000
-0.776129 1.476715 0.000000
0.526519 -0.978462 0.000000
0.886202 -0.801926 0.000000
-1.421051 -0.850261 0.000000
0.444759 0.911118 0.000000
0.313103 1.004182 0.000000
-0.159106 -1.200279 0.000000
-0.839603 1.479389 0.000000
-0.945800 -1.144687 0.000000
-1.213672 1.382463 0.000000
-0.725249 1.471750 0.000000
0.887586 -0.801162 0.000000
0.955393 -0.763902 0.000000
1.073385 0.397422 0.000000
-1.028947 -1.105391 0.000000
0.943694 0.512255 0.000000
-0.956311 1.473066 0.000000
-0.485757 -1.231980 0.000000
1.228985 -0.601030 0.000000
0.460660 0.899491 0.000000
-1.036002 1.459062 0.000000
-0.504643 -1.231852 0.000000
0.815965 0.620936 0.000000
1.538517 -0.391180 0.000000
0.745766 -0.875087 0.000000
1.376708 -0.504402 0.000000
1.279941 0.205013 0.000000
0.235336 1.056464 0.000000
1.531448 -0.396315 0.000000
0.564393 0.821916 0.000000
-0.045502 1.226636 0.000000
-1.142179 -1.038595 0.000000
0.283428 1.024382 0.000000
0.015229 1.192516 0.000000
0.030345 1.183774 0.000000
-0.757151 -1.203844 0.000000
-0.531867 1.432708 0.000000
-0.832585 -1.184663 0.000000
-0.497466 -1.231937 0.000000
0.266209 1.035967 0.000000
1.700633 -0.269302 0.000000
0.318879 1.000193 0.000000
-0.353027 1.372576 0.000000
0.500857 0.869827 0.000000
1.461596 0.025761 0.000000
1.682426 -0.283433 0.000000
-0.068242 -1.181522 0.000000
-1.101889 -1.063760 0.000000
-1.493869 0.980418 0.000000
0.773269 -0.861167 0.000000
-0.096396 1.254007 0.000000
1.530205 -0.397206 0.000000
-0.351699 -1.226420 0.000000
-1.675635 0.283946 0.000000
-1.457551 1.062957 0.000000
0.425791 -1.021281 0.000000
-0.184541 1.298523 0.000000
1.140617 -0.655858 0.000000
-0.367187 -1.227651 0.000000
-1.663630 0.356895 0.000000
0.011257 -1.162044 0.000000
-1.577887 -0.727534 0.000000
0.714607 -0.890618 0.000000
-0.462446 -1.231852 0.000000
-1.236347 1.365658 0.000000
0.896266 -0.796451 0.000000
0.986035 0.475251 0.000000
0.548158 0.834265 0.000000
-1.197502 -1.002354 0.000000
0.779437 -0.858027 0.000000
-1.168271 1.410429 0.000000
-1.041396 1.457831 0.000000
-0.454292 1.409198 0.000000
1.175813 0.303509 0.000000
-0.222941 1.316729 0.000000
0.002855 -1.164208 0.000000
-0.640683 -1.223153 0.000000
1.325569 -0.538563 0.000000
1.042618 -0.714166 0.000000
1.714724 -0.258311 0.000000
1.463135 0.024190 0.000000
0.186238 1.088377 0.000000
-1.098492 1.441196 0.000000
1.676011 -0.288399 0.000000
-0.366058 1.377626 0.000000
0.202965 -1.104542 0.000000
-1.370629 1.217300 0.000000
-0.022301 -1.170574 0.000000
0.903710 0.546757 0.000000
1.637569 -0.317765 0.000000
0.779093 0.651490 0.000000
-1.267495 -0.955037 0.000000
1.147277 -0.651784 0.000000
0.912525 0.539160 0.000000
0.171297 -1.115024 0.000000
-0.511175 -1.231725 0.000000
-1.135718 -1.042712 0.000000
-0.331657 1.364046 0.000000
-0.044445 -1.175963 0.000000
-0.341766 1.368120 0.000000
0.647489 0.757497 0.000000
-0.308608 -1.222346 0.000000
1.612048 -0.130407 0.000000
-1.363287 1.227909 0.000000
-0.177798 -1.203674 0.000000
-0.353812 -1.226590 0.000000
0.851739 0.590933 0.000000
-1.325242 -0.915656 0.000000
-0.292121 1.347623 0.000000
-1.541449 0.852089 0.000000
-0.230454 1.320251 0.000000
-1.707977 -0.415794 0.000000
-0.888662 -1.166627 0.000000
1.046625 0.421483 0.000000
1.227715 0.254792 0.000000
1.546640 -0.385282 0.000000
-0.685489 -1.217127 0.000000
-1.034460 1.459444 0.000000
-0.419840 1.397443 0.000000
0.550468 -0.967853 0.000000
1.510126 -0.023848 0.000000
-0.702171 1.468737 0.000000
0.137406 1.119271 0.000000
-0.056175 1.232492 0.000000
-1.272558 1.334382 0.000000
1.477143 -0.435060 0.000000
0.674214 -0.910309 0.000000
0.807694 0.627811 0.000000
-1.119218 -1.053066 0.000000
-0.033951 1.220270 0.000000
-0.695305 1.467719 0.000000
1.340262 -0.528845 0.000000
0.979330 0.481149 0.000000
1.705631 -0.231321 0.000000
-0.766936 -1.201680 0.000000
-1.027997 1.460929 0.000000
-0.998494 -1.120880 0.000000
-0.286463 1.345161 0.000000
1.438340 -0.462219 0.000000
1.004652 -0.736064 0.000000
-1.291904 -0.938402 0.000000
-0.823770 1.479134 0.000000
1.396887 -0.490737 0.000000
-1.123583 1.431605 0.000000
0.394316 -1.034012 0.000000
-0.117081 -1.192089 0.000000
1.013039 -0.731268 0.000000
0.416671 0.931446 0.000000
-0.833793 -1.184323 0.000000
-0.728955 1.472175 0.000000
1.457783 0.029622 0.000000
1.111134 0.363133 0.000000
0.592051 -0.949011 0.000000
0.289558 -1.074157 0.000000
1.039170 -0.716161 0.000000
0.342304 -1.054382 0.000000
-1.489705 -0.801798 0.000000
0.910615 0.540815 0.000000
-0.319611 -1.223492 0.000000
1.341264 -0.528166 0.000000
-0.565576 -1.229645 0.000000
-0.875132 -1.171295 0.000000
-1.226000 -0.983215 0.000000
-1.454626 -0.826963 0.000000
0.439917 -1.015467 0.000000
0.314556 -1.064906 0.000000
-0.838339 -1.183008 0.000000
1.479153 -0.433660 0.000000
0.296744 -1.071526 0.000000
-0.454561 -1.231725 0.000000
0.086426 1.150547 0.000000
1.593700 -0.350696 0.000000
1.080354 0.391099 0.000000
-0.955082 -1.140698 0.000000
1.635380 -0.155317 0.000000
-0.830540 1.479304 0.000000
1.293925 -0.559315 0.000000
-0.274031 -1.218272 0.000000
1.294438 -0.558975 0.000000
-0.070173 1.240046 0.000000
-0.547503 1.436952 0.000000
-1.042779 -1.097964 0.000000
0.240151 -1.091811 0.000000
-0.307991 -1.222262 0.000000
-0.592612 1.448155 0.000000
-1.359040 -0.892613 0.000000
0.363588 -1.046149 0.000000
-1.448599 1.081502 0.000000
-1.683448 0.231409 0.000000
-1.083090 -1.075048 0.000000
-0.794264 1.477861 0.000000
-0.028703 1.217384 0.000000
-1.101008 1.440262 0.000000
-0.836811 -1.183474 0.000000
0.445892 0.910312 0.000000
-0.154776 -1.199473 0.000000
-0.443034 1.405464 0.000000
-0.751778 -1.204990 0.000000
0.919436 -0.783805 0.000000
1.279886 -0.568439 0.000000
-0.392632 1.387641 0.000000
-0.017345 -1.169343 0.000000
-0.377161 1.381869 0.000000
-0.911264 -1.158394 0.000000
1.135478 -0.658999 0.000000
-1.458281 -0.824375 0.000000
1.215125 0.266674 0.000000
-1.315825 1.289060 0.000000
-1.123968 -1.050096 0.000000
-1.497779 -0.795772 0.000000
-0.120723 1.266653 0.000000
0.480619 -0.998365 0.000000
-0.542416 -1.230791 0.000000
-1.274767 1.332346 0.000000
-1.634791 0.505848 0.000000
-0.807528 -1.191665 0.000000
1.191587 -0.624498 0.000000
-1.139023 1.424942 0.000000
-0.471198 1.414673 0.000000
-0.313364 1.356577 0.000000
-1.054578 1.454521 0.000000
0.508825 0.863886 0.000000
-0.625453 -1.224808 0.000000
-1.381329 1.201174 0.000000
-1.555027 -0.749304 0.000000
1.241610 -0.593009 0.000000
0.233260 1.057822 0.000000
0.377775 -1.040590 0.000000
0.207419 1.074712 0.000000
-0.197671 -1.207069 0.000000
1.179165 0.300369 0.000000
0.216495 1.068813 0.000000
-0.984437 1.469077 0.000000
-0.391920 -1.229264 0.000000
0.446824 0.909633 0.000000
0.733169 0.689004 0.000000
-1.569431 -0.735936 0.000000
-1.209786 1.385137 0.000000
-0.519453 -1.231555 0.000000
0.419094 -1.024039 0.000000
0.663132 -0.915656 0.000000
0.272844 1.031511 0.000000
0.558277 -0.964331 0.000000
-1.508931 -0.787327 0.000000
1.448132 0.039383 0.000000
1.600460 -0.118142 0.000000
-0.747465 1.474212 0.000000
-0.655879 -1.221243 0.000000
-0.635713 1.457407 0.000000
-0.445134 -1.231513 0.000000
0.637969 0.764966 0.000000
-1.704446 0.054363 0.000000
0.142737 1.115961 0.000000
-0.056357 -1.178764 0.000000
-1.660876 0.372511 0.000000
1.444546 0.042990 0.000000
-0.819299 1.478964 0.000000
1.453966 0.033484 0.000000
-0.488432 1.420062 0.000000
-1.470665 1.034524 0.000000
0.752044 0.673642 0.000000
1.344145 -0.526256 0.000000
-1.333285 -0.910182 0.000000
0.110415 -1.134078 0.000000
0.472511 0.890791 0.000000
0.934618 0.520106 0.000000
-0.619069 -1.225444 0.000000
1.644525 -0.312503 0.000000
1.596460 -0.113899 0.000000
-1.253962 -0.964246 0.000000
-0.879941 1.478922 0.000000
1.264670 0.219654 0.000000
0.447148 -1.012454 0.000000
-0.831790 -1.184917 0.000000
0.234837 1.056804 0.000000
1.027385 0.438670 0.000000
-0.070039 1.240003 0.000000
1.536669 -0.392538 0.000000
1.366751 0.120564 0.000000
1.312002 -0.547517 0.000000
-1.680894 0.249105 0.000000
0.102788 1.140616 0.000000
-0.357347 1.374273 0.000000
-1.717504 -0.278468 0.000000
-1.165404 -1.023573 0.000000
0.518483 0.856630 0.000000
-1.552700 -0.751426 0.000000
-0.439200 -1.231385 0.000000
0.719329 0.700208 0.000000
0.156831 -1.119649 0.000000
0.428548 -1.020135 0.000000
0.645224 -0.924186 0.000000
-0.374556 -1.228160 0.000000
1.331383 -0.534744 0.000000
-1.419919 1.136627 0.000000
0.489954 0.877933 0.000000
-0.564843 1.441450 0.000000
0.789253 0.643088 0.000000
1.218395 -0.607693 0.000000
-0.285702 1.344864 0.000000
0.486064 -0.996031 0.000000
1.025667 0.440198 0.000000
1.478169 0.008913 0.000000
-1.287048 1.320293 0.000000
-0.817176 1.478922 0.000000
1.683180 -0.206835 0.000000
1.692604 -0.217105 0.000000
-0.472493 -1.231937 0.000000
-0.608933 -1.226420 0.000000
-0.116568 -1.191962 0.000000
1.140266 0.336398 0.000000
1.437366 -0.462898 0.000000
-0.809311 -1.191198 0.000000
0.963460 -0.759404 0.000000
-0.933017 -1.149907 0.000000
-0.562857 1.440941 0.000000
1.566141 -0.371023 0.000000
-0.605498 -1.226717 0.000000
-0.269546 1.337820 0.000000
1.075801 0.395215 0.000000
-0.095608 -1.187548 0.000000
1.112797 -0.672663 0.000000
-1.560713 -0.744127 0.000000
-0.202256 1.307053 0.000000
-0.938269 -1.147785 0.000000
-1.656405 -0.615416 0.000000
-0.491016 -1.231980 0.000000
-1.217606 -0.988902 0.000000
-0.007136 -1.166754 0.000000
-0.897236 1.478201 0.000000
0.886398 0.561525 0.000000
1.267048 0.217405 0.000000
-1.206785 1.387131 0.000000
-0.468507 -1.231937 0.000000
1.339268 -0.529482 0.000000
0.658995 0.748416 0.000000
-0.542072 -1.230834 0.000000
-1.303228 -0.930679 0.000000
-0.373083 -1.228075 0.000000
0.733420 -0.881282 0.000000
-1.705926 -0.431835 0.000000
0.268659 -1.081753 0.000000
-0.274203 -1.218315 0.000000
0.567264 -0.960299 0.000000
-0.144623 -1.197563 0.000000
0.230304 -1.095248 0.000000
-0.295962 1.349235 0.000000
0.085941 1.150844 0.000000
0.893939 -0.797724 0.000000
-1.489216 0.991663 0.000000
-1.606344 -0.695749 0.000000
1.161405 -0.643127 0.000000
0.576711 -0.956013 0.000000
0.973920 0.485902 0.000000
1.333547 0.153156 0.000000
1.284254 0.200897 0.000000
0.217270 1.068304 0.000000
-0.745304 -1.206348 0.000000
0.700947 -0.897323 0.000000
1.198364 -0.620254 0.000000
0.762806 -0.866514 0.000000
-0.462732 1.411957 0.000000
-0.580803 1.445397 0.000000
1.649488 -0.170424 0.000000
0.709393 -0.893165 0.000000
0.493062 -0.993018 0.000000
0.900052 0.549897 0.000000
-0.735970 -1.208215 0.000000
0.961732 0.496554 0.000000
1.563209 -0.078931 0.000000
0.753317 -0.871310 0.000000
-0.663830 -1.220267 0.000000
-0.038112 1.222604 0.000000
-0.502877 1.424433 0.000000
-0.917257 1.476927 0.000000
-1.334645 -0.909248 0.000000
-1.642710 0.467824 0.000000
-1.080364 1.447222 0.000000
1.108515 0.365509 0.000000
-1.503582 0.956229 0.000000
-0.625140 1.455285 0.000000
-1.155795 -1.029811 0.000000
-1.659930 -0.607693 0.000000
0.307514 -1.067537 0.000000
-0.654320 1.460929 0.000000
1.335551 -0.531943 0.000000
-1.305998 -0.928769 0.000000
-0.550195 -1.230452 0.000000
0.269451 1.033803 0.000000
0.889516 0.558893 0.000000
0.378246 0.958817 0.000000
-0.819971 -1.188270 0.000000
-1.674554 0.290863 0.000000
-1.375740 1.209661 0.000000
-1.706353 -0.428652 0.000000
0.230438 -1.095206 0.000000
0.615569 -0.938105 0.000000
0.148812 -1.122196 0.000000
-0.336920 1.366210 0.000000
-0.314703 1.357129 0.000000
1.307675 -0.550318 0.000000
-1.498667 0.968578 0.000000
-1.074114 -1.080311 0.000000
-0.236450 1.322967 0.000000
0.857680 0.585926 0.000000
1.585522 -0.102356 0.000000
0.384968 0.954064 0.000000
-1.136634 -1.042118 0.000000
1.592922 -0.351247 0.000000
-0.146034 -1.197818 0.000000
1.462023 -0.445712 0.000000
0.937420 -0.773917 0.000000
0.953259 -0.765090 0.000000
1.042312 -0.714336 0.000000
-1.170519 1.409241 0.000000
0.853350 0.589575 0.000000
-0.878178 1.479007 0.000000
-1.278905 1.328314 0.000000
0.315110 -1.064694 0.000000
-0.606537 1.451296 0.000000
1.202132 0.278896 0.000000
-0.553919 -1.230282 0.000000
-1.442177 -0.835663 0.000000
1.714841 -0.258226 0.000000
1.716948 -0.243755 0.000000
1.017700 -0.728595 0.000000
0.940393 -0.772262 0.000000
-0.570316 1.442808 0.000000
-0.439458 -1.231385 0.000000
-0.530704 1.432369 0.000000
-0.837331 1.479389 0.000000
0.083376 -1.142056 0.000000
0.683387 -0.905896 0.000000
-0.603391 -1.226930 0.000000
0.425275 0.925250 0.000000
-0.921907 -1.154363 0.000000
-0.997372 -1.121432 0.000000
0.555042 -0.965774 0.000000
-0.400407 -1.229773 0.000000
-0.299029 -1.221285 0.000000
-1.715646 -0.104860 0.000000
-1.615734 -0.683654 0.000000
1.585243 -0.102059 0.000000
-1.197912 1.392988 0.000000
0.667702 -0.913449 0.000000
1.348884 0.138133 0.000000
-0.024655 1.215093 0.000000
-1.536197 -0.765600 0.000000
0.733179 -0.881367 0.000000
-1.252750 -0.965095 0.000000
-0.552164 1.438183 0.000000
-1.334479 1.266569 0.000000
1.643895 -0.164441 0.000000
-0.001437 1.202065 0.000000
0.709710 0.707974 0.000000
0.508811 0.863886 0.000000
0.670924 -0.911879 0.000000
-0.087062 1.249085 0.000000
-0.020921 1.213013 0.000000
-0.346003 -1.225954 0.000000
0.799107 -0.847927 0.000000
1.230613 0.252076 0.000000
-1.670513 0.316070 0.000000
0.145649 -1.123214 0.000000
1.181781 0.297950 0.000000
-0.500798 -1.231895 0.000000
-1.113071 1.435849 0.000000
0.542896 0.838255 0.000000
-0.989180 -1.125294 0.000000
1.083583 -0.690105 0.000000
1.688907 -0.278426 0.000000
1.502506 -0.417067 0.000000
-1.442528 -0.835408 0.000000
0.917942 -0.784654 0.000000
0.100104 1.142271 0.000000
-0.385473 1.385010 0.000000
0.378033 -1.040505 0.000000
-0.989373 -1.125209 0.000000
-0.481613 -1.232022 0.000000
-0.437173 -1.231301 0.000000
-1.662356 -0.602133 0.000000
-0.094155 -1.187251 0.000000
-0.038353 1.222731 0.000000
-1.161253 -1.026289 0.000000
-0.086029 -1.185469 0.000000
1.516338 -0.407179 0.000000
0.775968 -0.859809 0.000000
-1.121397 -1.051708 0.000000
-1.316193 1.288678 0.000000
0.344709 -1.053491 0.000000
-0.078757 1.244671 0.000000
-0.497676 -1.231937 0.000000
1.274114 0.210615 0.000000
-0.881248 1.478880 0.000000
-0.547799 1.437037 0.000000
-0.848231 -1.179952 0.000000
-0.207401 -1.208682 0.000000
-1.329083 -0.913025 0.000000
0.899384 0.550449 0.000000
1.336335 0.150397 0.000000
1.692084 -0.216553 0.000000
-0.904987 -1.160771 0.000000
-0.312796 -1.222771 0.000000
-1.687547 0.201703 0.000000
0.420195 0.928899 0.000000
0.710570 -0.892570 0.000000
-0.767831 1.476079 0.000000
0.949917 -0.766958 0.000000
-0.079414 1.245011 0.000000
1.055147 0.413845 0.000000
-0.943686 1.474509 0.000000
0.276940 -1.078740 0.000000
1.594846 -0.112201 0.000000
-0.367018 1.378007 0.000000
0.344324 0.982624 0.000000
0.751610 0.674024 0.000000
-0.497614 -1.231937 0.000000
1.447698 -0.455727 0.000000
-1.712524 -0.047315 0.000000
0.136879 1.119610 0.000000
0.003423 -1.164081 0.000000
-0.744075 1.473872 0.000000
1.335175 0.151543 0.000000
-0.487069 1.419638 0.000000
0.939578 0.515820 0.000000
1.549170 -0.064248 0.000000
-1.056977 -1.090113 0.000000
0.315368 -1.064609 0.000000
-1.573902 0.748586 0.000000
1.230713 -0.599927 0.000000
1.235921 -0.596617 0.000000
-1.469656 -0.816312 0.000000
0.334845 0.989202 0.000000
1.179458 0.300114 0.000000
-0.837390 -1.183305 0.000000
1.344572 -0.525959 0.000000
-0.866906 1.479304 0.000000
0.235535 1.056337 0.000000
-0.294981 -1.220819 0.000000
0.905187 -0.791613 0.000000
0.526719 0.850476 0.000000
0.626556 -0.932970 0.000000
-0.497108 1.422693 0.000000
1.340786 0.146069 0.000000
1.093561 -0.684164 0.000000
-0.870744 -1.172780 0.000000
0.940376 0.515141 0.000000
-0.771892 1.476376 0.000000
-0.136786 -1.196036 0.000000
-0.894988 1.478328 0.000000
0.296242 -1.071696 0.000000
0.446556 0.909803 0.000000
1.180910 0.298756 0.000000
1.702957 -0.228393 0.000000
0.338817 -1.055740 0.000000
0.072091 -1.145324 0.000000
-1.489054 -0.802265 0.000000
0.347645 -1.052345 0.000000
1.401809 -0.487384 0.000000
0.790079 -0.852553 0.000000
0.632090 -0.930382 0.000000
0.201434 -1.105051 0.000000
0.878523 0.568230 0.000000
0.646016 -0.923804 0.000000
-0.513712 -1.231682 0.000000
-0.785694 1.477394 0.000000
-0.204073 -1.208130 0.000000
1.262213 -0.579812 0.000000
-0.326832 -1.224214 0.000000
-0.536889 1.434109 0.000000
-0.691398 1.467125 0.000000
0.876279 0.570139 0.000000
1.464388 0.022917 0.000000
-0.578342 -1.228839 0.000000
-1.292775 1.314352 0.000000
1.466532 -0.442529 0.000000
1.223485 0.258781 0.000000
-0.767868 1.476079 0.000000
1.663317 -0.298159 0.000000
-1.315481 1.289484 0.000000
0.262808 1.038216 0.000000
0.782080 -0.856669 0.000000
0.647385 0.757582 0.000000
-1.466521 1.043691 0.000000
1.679931 -0.203313 0.000000
1.069805 -0.698253 0.000000
-1.196167 1.394091 0.000000
-0.280037 1.342403 0.000000
0.773799 -0.860913 0.000000
0.781375 0.649581 0.000000
-0.793424 -1.195357 0.000000
0.799468 -0.847715 0.000000
1.283042 0.202043 0.000000
-0.946818 -1.144220 0.000000
1.348285 0.138727 0.000000
1.238233 0.244819 0.000000
-1.394869 -0.868169 0.000000
-1.717797 -0.266459 0.000000
-0.291653 -1.220437 0.000000
-0.016880 1.210764 0.000000
0.784238 -0.855566 0.000000
-0.926157 -1.152665 0.000000
1.182108 -0.630354 0.000000
1.111472 0.362836 0.000000
0.962744 0.495663 0.000000
-0.245894 -1.214496 0.000000
-1.717466 -0.156548 0.000000
0.766465 -0.864647 0.000000
0.454090 0.904329 0.000000
0.849867 -0.821362 0.000000
-1.018480 -1.110865 0.000000
1.380191 0.107324 0.000000
-0.749334 -1.205541 0.000000
1.705300 -0.265695 0.000000
0.487035 0.880097 0.000000
-1.678939 0.262303 0.000000
-0.156204 -1.199770 0.000000
1.581106 -0.360032 0.000000
1.367762 0.119588 0.000000
1.080754 0.390759 0.000000
-0.818838 1.478964 0.000000
-0.055889 -1.178637 0.000000
-0.886156 -1.167518 0.000000
0.670607 0.739207 0.000000
-1.255452 -0.963270 0.000000
-1.463513 1.050226 0.000000
0.085596 -1.141420 0.000000
1.381987 -0.500837 0.000000
0.979385 0.481107 0.000000
0.982697 0.478179 0.000000
0.593332 -0.948417 0.000000
-1.627370 0.539797 0.000000
-1.115814 -1.055230 0.000000
0.026810 1.185854 0.000000
1.116135 0.358550 0.000000
1.141863 -0.655094 0.000000
0.602046 0.792975 0.000000
-0.531458 1.432581 0.000000
1.673894 -0.290054 0.000000
-0.256846 1.332176 0.000000
-1.152955 -1.031636 0.000000
1.235132 -0.597126 0.000000
-0.646975 1.459571 0.000000
-0.873559 -1.171847 0.000000
-1.579130 -0.726261 0.000000
0.621059 0.778207 0.000000
-0.458202 -1.231810 0.000000
-1.448531 1.081629 0.000000
-0.517501 1.428677 0.000000
0.820033 0.617541 0.000000
0.462072 0.898472 0.000000
0.986658 0.474699 0.000000
0.795975 0.637529 0.000000
-1.152525 -1.031933 0.000000
1.022914 -0.725582 0.000000
-1.314627 -0.922913 0.000000
-1.211579 -0.992933 0.000000
-0.255074 1.331412 0.000000
1.225554 -0.603194 0.000000
-0.388444 1.386113 0.000000
-1.571537 0.756606 0.000000
1.536225 -0.392835 0.000000
1.055425 0.413590 0.000000
0.356288 -1.048992 0.000000
0.544234 -0.970612 0.000000
0.361612 -1.046955 0.000000
0.636616 -0.928260 0.000000
-0.490679 1.420741 0.000000
-1.165246 1.412042 0.000000
0.044016 -1.153217 0.000000
-1.364509 1.226169 0.000000
-1.131420 -1.045428 0.000000
-1.218893 1.378729 0.000000
0.089727 -1.140231 0.000000
0.169428 -1.115618 0.000000
0.236096 -1.093211 0.000000
1.577868 -0.362408 0.000000
-0.812261 -1.190392 0.000000
1.644129 -0.312800 0.000000
-0.975554 1.470477 0.000000
-0.512693 -1.231682 0.000000
-0.907647 -1.159752 0.000000
-1.580520 0.725585 0.000000
-0.127011 1.269921 0.000000
0.945738 0.510473 0.000000
-1.143139 1.423118 0.000000
0.189697 1.086170 0.000000
-0.712552 1.470138 0.000000
-0.049584 1.228885 0.000000
1.315413 -0.545268 0.000000
-1.379815 1.203508 0.000000
1.231432 -0.599460 0.000000
0.009061 -1.162595 0.000000
1.581206 -0.359947 0.000000
-1.244177 -0.970909 0.000000
-0.188017 1.300221 0.000000
-1.109437 1.437207 0.000000
-0.016921 -1.169258 0.000000
-0.189714 1.301027 0.000000
0.301167 -1.069871 0.000000
0.355438 -1.049332 0.000000
0.929204 -0.778458 0.000000
-0.185336 -1.204990 0.000000
0.992547 0.469522 0.000000
0.406184 -1.029259 0.000000
1.277016 0.207857 0.000000
1.581616 -0.359650 0.000000
-0.658230 1.461693 0.000000
0.977751 0.482550 0.000000
1.100599 -0.680005 0.000000
1.512539 -0.409895 0.000000
-0.446700 1.406695 0.000000
1.610265 -0.338347 0.000000
1.314270 0.171913 0.000000
1.344162 0.142759 0.000000
1.498703 -0.419783 0.000000
0.818990 -0.837615 0.000000
-0.418215 -1.230622 0.000000
0.511086 0.862189 0.000000
1.405622 -0.484753 0.000000
-0.070858 1.240428 0.000000
1.286291 0.198945 0.000000
0.383567 0.955040 0.000000
-0.401006 1.390696 0.000000
0.491905 0.876490 0.000000
1.067372 0.402854 0.000000
0.859617 -0.816184 0.000000
1.311010 -0.548154 0.000000
-1.151953 1.418832 0.000000
1.656265 -0.303548 0.000000
-0.092682 -1.186912 0.000000
1.308925 0.177090 0.000000
0.198842 -1.105942 0.000000
0.022346 1.188400 0.000000
-1.469371 1.037410 0.000000
-0.358534 1.374740 0.000000
-1.677545 0.271512 0.000000
1.358418 0.128797 0.000000
-0.113512 -1.191368 0.000000
1.499425 -0.012814 0.000000
0.563464 0.822638 0.000000
1.403705 0.083941 0.000000
1.583429 -0.358292 0.000000
-0.253243 -1.215556 0.000000
-0.853088 1.479474 0.000000
1.155616 -0.646692 0.000000
0.439572 -1.015595 0.000000
-1.053680 -1.091981 0.000000
-0.951861 -1.142098 0.000000
-0.831122 -1.185087 0.000000
0.045455 1.174948 0.000000
0.967814 0.491249 0.000000
1.305865 -0.551506 0.000000
-0.063372 1.236396 0.000000
-1.007690 1.465045 0.000000
-0.068724 -1.181607 0.000000
-0.226531 -1.211652 0.000000
0.870769 0.574850 0.000000
0.503600 0.867790 0.000000
-0.215662 -1.209997 0.000000
-1.109850 -1.058880 0.000000
-0.636904 1.457661 0.000000
0.305851 1.009147 0.000000
-0.898712 1.478116 0.000000
-0.051157 1.229733 0.000000
-0.417279 1.396552 0.000000
1.324007 -0.539582 0.000000
0.457267 0.901995 0.000000
-1.226045 1.373594 0.000000
-0.935412 -1.148931 0.000000
-0.620177 -1.225359 0.000000
1.646876 -0.167624 0.000000
-0.607542 -1.226548 0.000000
1.233501 -0.598144 0.000000
1.426893 0.060771 0.000000
-1.268724 -0.954231 0.000000
0.203100 1.077513 0.000000
-0.960444 1.472514 0.000000
-0.668263 -1.219630 0.000000
0.067097 1.162132 0.000000
0.638292 0.764712 0.000000
-0.851325 1.479474 0.000000
-0.733650 -1.208682 0.000000
0.377999 0.958987 0.000000
-0.264377 1.335571 0.000000
1.210544 -0.612615 0.000000
-0.429697 1.400881 0.000000
1.416522 0.071168 0.000000
1.289083 0.196229 0.000000
0.727015 0.694012 0.000000
0.103518 -1.136115 0.000000
-1.622734 -0.673979 0.000000
0.502482 0.868597 0.000000
-1.238415 1.364046 0.000000
0.471946 -1.002057 0.000000
0.926395 -0.779986 0.000000
-0.503613 -1.231852 0.000000
1.060667 0.408880 0.000000
1.276658 -0.570518 0.000000
1.423468 -0.472532 0.000000
0.058664 1.167182 0.000000
0.386665 -1.037068 0.000000
0.657690 0.749434 0.000000
-1.384358 -0.875341 0.000000
-1.631001 0.523374 0.000000
1.452572 0.034885 0.000000
1.291258 0.194150 0.000000
0.304574 -1.068640 0.000000
1.393356 0.094254 0.000000
1.718810 -0.245792 0.000000
1.038030 -0.716840 0.000000
-0.740551 -1.207324 0.000000
0.039745 -1.154405 0.000000
1.302275 -0.553883 0.000000
0.278709 1.027565 0.000000
1.065475 -0.700799 0.000000
-0.683603 1.465936 0.000000
0.259972 1.040126 0.000000
-1.115866 1.434745 0.000000
1.586355 -0.103247 0.000000
1.400164 0.087464 0.000000
0.283996 -1.076194 0.000000
-0.406400 1.392691 0.000000
0.172206 1.097373 0.000000
-0.364165 1.376904 0.000000
-0.605209 1.450999 0.000000
1.577950 -0.094378 0.000000
0.440564 -1.015213 0.000000
0.591270 0.801292 0.000000
0.064595 -1.147488 0.000000
1.067943 -0.699356 0.000000
-1.600803 -0.702496 0.000000
1.407932 0.079740 0.000000
0.827647 -0.833074 0.000000
1.263689 0.220588 0.000000
-0.595169 1.448749 0.000000
-1.710249 -0.395424 0.000000
-0.304295 1.352758 0.000000
-0.211703 1.311509 0.000000
-1.008482 1.464918 0.000000
1.681256 -0.284367 0.000000
-1.376125 -0.880985 0.000000
-0.388261 1.386070 0.000000
1.158879 -0.644697 0.000000
-1.442944 -0.835111 0.000000
0.095065 -1.138661 0.000000
0.455632 0.903183 0.000000
-1.652612 0.417452 0.000000
1.542355 -0.057161 0.000000
1.467833 -0.441638 0.000000
-1.181188 -1.013176 0.000000
1.184214 -0.629081 0.000000
-0.746071 1.474084 0.000000
-0.051391 -1.177618 0.000000
-0.645640 -1.222559 0.000000
-0.572274 1.443275 0.000000
1.132980 -0.660484 0.000000
0.620099 -0.935983 0.000000
0.365649 0.967687 0.000000
0.377145 -1.040844 0.000000
-1.044328 1.457152 0.000000
1.172257 -0.636465 0.000000
0.610083 0.786736 0.000000
1.501989 -0.417449 0.000000
-0.991913 -1.124020 0.000000
1.602466 -0.344160 0.000000
-0.972938 1.470859 0.000000
-0.655655 1.461183 0.000000
-1.211593 -0.992933 0.000000
0.154887 -1.120286 0.000000
-0.623282 1.454903 0.000000
1.491254 -0.425087 0.000000
-1.628805 -0.664982 0.000000
-1.476296 1.021836 0.000000
0.643424 0.760680 0.000000
-0.768147 -1.201383 0.000000
-0.576019 1.444209 0.000000
-1.133440 1.427404 0.000000
0.529507 -0.977147 0.000000
0.264150 1.037325 0.000000
-0.682907 -1.217509 0.000000
1.022769 -0.725667 0.000000
-0.853525 -1.178339 0.000000
0.384146 0.954659 0.000000
1.412761 -0.479873 0.000000
1.399035 -0.489252 0.000000
-0.614219 -1.225911 0.000000
-0.866253 -1.174266 0.000000
-0.505510 1.425197 0.000000
1.454110 0.033357 0.000000
-1.364031 -0.889218 0.000000
-1.057885 -1.089604 0.000000
-0.387236 1.385688 0.000000
-1.171062 -1.019881 0.000000
-1.086642 1.445142 0.000000
0.684013 -0.905556 0.000000
0.869100 0.576250 0.000000
-1.177856 -1.015382 0.000000
-0.119243 -1.192513 0.000000
-0.077638 -1.183602 0.000000
0.323446 0.997095 0.000000
0.945659 0.510558 0.000000
1.032606 0.434002 0.000000
-0.905080 1.477734 0.000000
0.947101 0.509285 0.000000
-1.070920 1.449980 0.000000
-1.143879 -1.037492 0.000000
-0.962403 -1.137558 0.000000
0.433766 -1.018013 0.000000
1.640412 -0.315601 0.000000
0.542675 0.838424 0.000000
-0.326567 -1.224171 0.000000
1.389081 0.098497 0.000000
-0.970598 1.471199 0.000000
1.000208 -0.738610 0.000000
0.942420 -0.771116 0.000000
-0.406857 1.392860 0.000000
-0.569448 1.442596 0.000000
0.896982 0.552485 0.000000
-0.843130 1.479431 0.000000
1.426053 0.061620 0.000000
-1.319057 -0.919857 0.000000
-1.395933 1.178003 0.000000
-0.394164 -1.229391 0.000000
-0.121122 1.266866 0.000000
0.397710 0.945025 0.000000
-0.192343 1.302300 0.000000
1.229935 0.252712 0.000000
1.026638 0.439349 0.000000
-0.772050 1.476376 0.000000
1.152904 -0.648347 0.000000
-1.049642 1.455794 0.000000
0.947711 -0.768188 0.000000
-0.091543 -1.186700 0.000000
1.310563 -0.548451 0.000000
0.022756 -1.158988 0.000000
0.463200 0.897666 0.000000
-1.593899 0.676868 0.000000
0.508288 0.864268 0.000000
-0.354766 -1.226675 0.000000
-0.256671 -1.216023 0.000000
-0.249109 1.328738 0.000000
0.770251 -0.862695 0.000000
1.321980 0.164401 0.000000
-1.362461 -0.890279 0.000000
0.934367 -0.775572 0.000000
-0.554015 1.438650 0.000000
-1.544870 0.841819 0.000000
-0.750852 -1.205202 0.000000
-0.948467 1.473957 0.000000
-0.205684 -1.208385 0.000000
1.393514 0.094084 0.000000
-0.949496 -1.143075 0.000000
1.112515 0.361860 0.000000
1.637600 -0.317765 0.000000
1.601909 -0.344585 0.000000
-0.689099 1.466785 0.000000
-1.670675 -0.581297 0.000000
-1.227845 -0.981985 0.000000
0.095853 1.144860 0.000000
-0.204834 -1.208257 0.000000
-0.592343 1.448071 0.000000
-1.053005 1.454945 0.000000
-0.942165 -1.146215 0.000000
1.368107 -0.510215 0.000000
-0.953898 1.473363 0.000000
-0.508108 1.425961 0.000000
0.250896 1.046152 0.000000
-0.675360 -1.218612 0.000000
-0.828210 -1.185936 0.000000
-0.924157 1.476376 0.000000
-0.828110 -1.185936 0.000000
0.316714 1.001721 0.000000
0.445351 -1.013218 0.000000
0.193676 -1.107640 0.000000
-0.688167 1.466615 0.000000
1.408025 -0.483141 0.000000
-1.450675 -0.829722 0.000000
0.998956 0.463878 0.000000
0.136508 -1.126057 0.000000
0.079525 -1.143202 0.000000
-0.882587 -1.168791 0.000000
1.578453 -0.361984 0.000000
0.581072 -0.954019 0.000000
1.258891 0.225171 0.000000
1.640505 -0.160791 0.000000
0.872142 0.573661 0.000000
1.631470 -0.151116 0.000000
-1.452230 -0.828661 0.000000
-0.419940 1.397486 0.000000
0.379988 -1.039741 0.000000
0.086481 1.150547 0.000000
-0.425567 1.399480 0.000000
1.311482 0.174586 0.000000
-1.122705 1.431987 0.000000
-0.206795 -1.208554 0.000000
-0.909351 1.477479 0.000000
-0.473153 1.415267 0.000000
-1.377233 -0.880221 0.000000
-1.470768 1.034312 0.000000
-1.208908 1.385688 0.000000
-1.240229 -0.973582 0.000000
1.652796 -0.306180 0.000000
-1.159109 1.415267 0.000000
-0.317690 1.358359 0.000000
1.192860 0.287595 0.000000
1.160724 -0.643552 0.000000
1.058874 0.410492 0.000000
-0.786447 1.477437 0.000000
0.556146 -0.965307 0.000000
0.191539 1.084982 0.000000
0.871165 0.574510 0.000000
-0.386881 -1.228967 0.000000
0.584214 -0.952576 0.000000
-0.617565 1.453715 0.000000
-0.323493 -1.223874 0.000000
-1.649136 -0.630184 0.000000
-1.560031 0.794630 0.000000
1.182741 0.297059 0.000000
0.459741 0.900170 0.000000
-0.265027 -1.217127 0.000000
-0.401526 -1.229815 0.000000
-1.436353 1.105861 0.000000
0.555916 0.828367 0.000000
-1.703816 -0.446560 0.000000
-1.318213 1.286344 0.000000
1.114174 -0.671857 0.000000
0.292425 -1.073096 0.000000
-0.382300 1.383821 0.000000
1.587666 -0.355152 0.000000
1.624456 -0.327695 0.000000
-0.108532 1.260373 0.000000
0.995297 0.467103 0.000000
-0.791768 -1.195781 0.000000
-1.008434 1.464918 0.000000
1.019018 0.446097 0.000000
0.262006 1.038768 0.000000
-0.411982 -1.230324 0.000000
0.589460 -0.950200 0.000000
0.660113 0.747525 0.000000
0.199758 1.079677 0.000000
-1.639076 0.485520 0.000000
-1.512114 -0.784908 0.000000
0.145195 -1.123341 0.000000
1.564957 -0.080756 0.000000
-0.015300 -1.168834 0.000000
1.556642 -0.072056 0.000000
-0.290046 -1.220267 0.000000
-0.433304 -1.231173 0.000000
0.400673 -1.031466 0.000000
1.456317 -0.449701 0.000000
-0.377134 -1.228330 0.000000
0.205688 -1.103651 0.000000
1.700874 -0.226144 0.000000
-1.536445 -0.765388 0.000000
-0.385666 -1.228924 0.000000
1.257015 -0.583164 0.000000
-0.482594 -1.232022 0.000000
1.213804 -0.610578 0.000000
-0.363969 1.376819 0.000000
-0.918000 -1.155848 0.000000
1.005708 -0.735470 0.000000
-1.066628 -1.084639 0.000000
-1.287316 1.319996 0.000000
0.578291 -0.955292 0.000000
-1.393179 -0.869358 0.000000
0.201485 1.078574 0.000000
-0.427009 -1.230961 0.000000
-0.901042 -1.162256 0.000000
-1.491144 0.987038 0.000000
-0.715980 -1.211992 0.000000
-0.392120 -1.229264 0.000000
-1.581426 -0.723927 0.000000
0.052686 1.170704 0.000000
-0.653900 -1.221498 0.000000
0.282161 -1.076873 0.000000
0.659748 0.747822 0.000000
0.551469 -0.967386 0.000000
-0.920251 1.476673 0.000000
0.755833 0.670545 0.000000
1.357323 0.129858 0.000000
-0.151837 -1.198921 0.000000
-0.827085 1.479262 0.000000
-0.236013 -1.213095 0.000000
-1.479307 1.015004 0.000000
-1.465430 1.046067 0.000000
-0.611087 1.452272 0.000000
0.455202 -1.009102 0.000000
-0.938413 1.475060 0.000000
-1.043636 -1.097497 0.000000
-1.182142 -1.012582 0.000000
-0.544953 1.436273 0.000000
-0.286556 -1.219843 0.000000
-0.625987 -1.224765 0.000000
1.293953 0.191561 0.000000
1.476878 -0.435272 0.000000
-1.391899 1.184496 0.000000
1.656902 -0.303082 0.000000
-1.716788 -0.300154 0.000000
-1.086594 -1.072969 0.000000
0.380604 -1.039486 0.000000
-0.009659 1.206690 0.000000
-0.789679 -1.196290 0.000000
1.284357 0.200770 0.000000
0.199266 1.080017 0.000000
-1.274905 1.332218 0.000000
0.912532 0.539160 0.000000
0.482330 -0.997601 0.000000
-1.212984 1.382973 0.000000
-0.239892 -1.213647 0.000000
-0.433404 -1.231173 0.000000
-0.661702 1.462287 0.000000
0.710587 0.707252 0.000000
-1.089423 1.444251 0.000000
-0.929324 1.475909 0.000000
1.534208 -0.394321 0.000000
-1.124395 1.431308 0.000000
-1.552597 -0.751511 0.000000
0.859346 0.584525 0.000000
1.374422 -0.505972 0.000000
-0.030117 1.218148 0.000000
1.134012 -0.659847 0.000000
1.192519 -0.623903 0.000000
0.478403 -0.999299 0.000000
-1.440019 -0.837148 0.000000
-1.169582 -1.020814 0.000000
0.477288 0.887269 0.000000
-0.582854 -1.228542 0.000000
-0.601953 1.450277 0.000000
-0.454241 -1.231725 0.000000
1.561068 -0.076682 0.000000
1.595878 -0.113262 0.000000
1.209646 0.271851 0.000000
0.079659 1.154620 0.000000
0.311964 -1.065882 0.000000
0.463204 -1.005749 0.000000
0.145336 1.114306 0.000000
0.216034 1.069110 0.000000
-1.170044 1.409496 0.000000
0.148299 -1.122365 0.000000
1.571958 -0.088097 0.000000
-1.153110 1.418280 0.000000
-0.172828 -1.202783 0.000000
1.218016 0.263958 0.000000
1.149032 -0.650723 0.000000
-0.708181 1.469543 0.000000
-0.109816 -1.190561 0.000000
-0.474830 1.415819 0.000000
-1.006403 -1.116934 0.000000
-0.046331 1.227102 0.000000
-1.504887 0.952876 0.000000
-1.640965 0.476396 0.000000
-0.873429 -1.171889 0.000000
0.184115 -1.110823 0.000000
0.003647 -1.163996 0.000000
1.154656 -0.647286 0.000000
0.925841 0.527702 0.000000
0.147456 1.112990 0.000000
-1.120382 1.432921 0.000000
-0.458605 -1.231810 0.000000
0.674934 0.735770 0.000000
-0.489017 1.420232 0.000000
-0.308167 -1.222304 0.000000
0.493664 0.875174 0.000000
0.355197 -1.049417 0.000000
-0.700075 1.468440 0.000000
1.572127 -0.366652 0.000000
1.372502 0.114920 0.000000
0.490487 -0.994122 0.000000
-0.674275 -1.218739 0.000000
1.489293 -0.426488 0.000000
-0.840614 1.479389 0.000000
1.641579 -0.161937 0.000000
-0.466342 1.413103 0.000000
0.277591 1.028329 0.000000
0.186665 -1.109974 0.000000
-1.493529 -0.798955 0.000000
-0.398187 -1.229645 0.000000
-0.436185 1.403130 0.000000
1.024360 -0.724776 0.000000
0.289541 -1.074157 0.000000
0.837363 -0.827982 0.000000
-0.261716 -1.216660 0.000000
1.395445 0.092174 0.000000
-0.545046 -1.230664 0.000000
-0.890411 1.478583 0.000000
0.184252 -1.110780 0.000000
-1.177846 -1.015382 0.000000
-1.409232 -0.858366 0.000000
1.129066 -0.662860 0.000000
-1.678636 -0.558211 0.000000
1.243524 -0.591779 0.000000
-1.687760 0.200133 0.000000
-0.647853 -1.222262 0.000000
0.843689 0.597723 0.000000
-0.630778 1.456431 0.000000
0.538407 0.841649 0.000000
-0.702891 -1.214283 0.000000
-0.782255 1.477182 0.000000
-1.184585 -1.010927 0.000000
0.901401 0.548709 0.000000
1.415555 0.072144 0.000000
1.389866 0.097733 0.000000
0.604624 -0.943197 0.000000
1.594460 -0.111777 0.000000
1.423764 0.063911 0.000000
0.257250 1.041951 0.000000
-0.216023 1.313546 0.000000
-0.664552 -1.220140 0.000000
-1.062983 1.452314 0.000000
1.388251 -0.496593 0.000000
-1.272843 -0.951388 0.000000
-0.541669 -1.230834 0.000000
-1.232860 1.368332 0.000000
0.548915 -0.968532 0.000000
1.711475 -0.260857 0.000000
-0.146712 1.279894 0.000000
-1.393950 1.181186 0.000000
-1.159574 -1.027350 0.000000
0.080017 -1.143032 0.000000
-0.789996 -1.196205 0.000000
0.157086 -1.119565 0.000000
-0.487389 1.419723 0.000000
1.388393 0.099176 0.000000
0.092945 1.146600 0.000000
-0.058278 -1.179188 0.000000
0.591270 -0.949351 0.000000
-1.678763 -0.557829 0.000000
-1.174831 -1.017377 0.000000
-0.948068 -1.143711 0.000000
1.574350 -0.364997 0.000000
-1.036797 -1.101232 0.000000
-0.524137 -1.231428 0.000000
-1.058199 1.453587 0.000000
0.137475 1.119228 0.000000
0.015215 -1.160983 0.000000
0.302547 1.011396 0.000000
1.578542 -0.095014 0.000000
1.550904 -0.066072 0.000000
-0.168123 1.290545 0.000000
-0.804455 1.478455 0.000000
-1.109309 1.437249 0.000000
0.849819 0.592546 0.000000
1.491953 -0.005176 0.000000
-0.841977 -1.181904 0.000000
0.143095 -1.124020 0.000000
-0.052933 1.230710 0.000000
1.161230 0.317046 0.000000
-1.303796 -0.930297 0.000000
0.672507 -0.911115 0.000000
-0.485785 1.419256 0.000000
1.530739 -0.045109 0.000000
-0.746323 1.474084 0.000000
-0.855593 -1.177703 0.000000
1.187639 -0.626959 0.000000
-0.050259 1.229267 0.000000
-0.791197 1.477691 0.000000
0.312818 1.004394 0.000000
-1.188099 -1.008635 0.000000
-0.473350 -1.231980 0.000000
1.165629 0.312973 0.000000
-0.608320 1.451678 0.000000
1.329521 0.157060 0.000000
1.315330 -0.545311 0.000000
0.486254 0.880649 0.000000
-0.457569 -1.231767 0.000000
0.801251 -0.846824 0.000000
1.580759 -0.360286 0.000000
-0.060457 1.234826 0.000000
-1.271653 1.335231 0.000000
-1.614057 -0.685904 0.000000
1.073168 0.397634 0.000000
1.428256 -0.469222 0.000000
1.499701 -0.419061 0.000000
-1.017647 -1.111289 0.000000
-0.444648 -1.231513 0.000000
1.117092 0.357701 0.000000
0.196722 1.081629 0.000000
-0.621344 1.454478 0.000000
1.443162 -0.458867 0.000000
-0.327031 1.362179 0.000000
-0.748495 -1.205711 0.000000
0.158256 1.106200 0.000000
0.741822 -0.877081 0.000000
0.225874 -1.096776 0.000000
0.986496 -0.746418 0.000000
-1.189142 1.398462 0.000000
-1.713646 -0.356764 0.000000
0.418953 -1.024082 0.000000
-1.210478 1.384670 0.000000
-0.207876 -1.208767 0.000000
-1.395540 1.178640 0.000000
1.321109 -0.541491 0.000000
0.971748 0.487812 0.000000
1.653078 -0.174286 0.000000
-0.137560 -1.196205 0.000000
0.946317 0.509964 0.000000
1.583092 -0.099810 0.000000
-0.352670 1.372448 0.000000
-0.064659 1.237117 0.000000
0.445475 0.910609 0.000000
1.256413 0.227547 0.000000
1.695550 -0.220330 0.000000
0.198753 1.080356 0.000000
-0.869082 1.479262 0.000000
1.171865 0.307159 0.000000
-0.805446 1.478498 0.000000
1.599351 -0.116954 0.000000
1.614093 -0.335461 0.000000
-0.402624 -1.229900 0.000000
-1.440480 1.097755 0.000000
-1.662862 0.361266 0.000000
-0.320117 -1.223535 0.000000
-0.785869 1.477394 0.000000
-0.260395 1.333788 0.000000
-1.566450 0.773666 0.000000
-1.556187 0.806894 0.000000
1.464962 -0.443632 0.000000
-0.549548 -1.230452 0.000000
1.594956 -0.349762 0.000000
0.707803 0.709501 0.000000
0.614499 -0.938614 0.000000
1.718988 -0.246004 0.000000
1.128498 -0.663200 0.000000
0.014946 -1.161068 0.000000
-0.470145 -1.231937 0.000000
1.552484 -0.381038 0.000000
-1.580018 0.727367 0.000000
-0.982128 1.469416 0.000000
0.994467 0.467824 0.000000
-1.388591 -0.872455 0.000000
1.341914 -0.527742 0.000000
-0.478309 -1.232022 0.000000
-0.479958 1.417431 0.000000
-0.931736 1.475739 0.000000
1.340238 -0.528845 0.000000
-1.686439 0.209894 0.000000
0.880750 -0.804854 0.000000
0.880134 -0.805193 0.000000
-0.525486 -1.231385 0.000000
-1.694981 0.143013 0.000000
0.110797 -1.133951 0.000000
1.602335 -0.120094 0.000000
0.139065 -1.125294 0.000000
1.626900 -0.325828 0.000000
-0.769954 -1.201001 0.000000
-1.638498 -0.649408 0.000000
-0.748791 1.474339 0.000000
0.908877 -0.789619 0.000000
-1.515914 0.924062 0.000000
-0.533216 1.433090 0.000000
-0.752511 1.474678 0.000000
1.052727 0.416009 0.000000
1.039861 -0.715779 0.000000
1.514494 -0.028346 0.000000
0.246666 -1.089519 0.000000
-0.245072 -1.214368 0.000000
-0.753021 1.474721 0.000000
0.652761 -0.920579 0.000000
0.751786 -0.872074 0.000000
0.045585 1.174905 0.000000
0.168919 1.099453 0.000000
-0.083596 1.247260 0.000000
0.893450 0.555541 0.000000
0.268374 -1.081838 0.000000
-1.010089 1.464621 0.000000
0.816822 0.620215 0.000000
0.002566 1.199773 0.000000
0.194072 1.083369 0.000000
-0.004617 -1.166118 0.000000
1.414478 -0.478685 0.000000
1.339732 -0.529185 0.000000
0.759389 0.667659 0.000000
-1.179987 -1.013982 0.000000
0.595810 0.797770 0.000000
0.935781 0.519130 0.000000
-0.107830 -1.190137 0.000000
-1.582613 -0.722696 0.000000
1.176749 0.302618 0.000000
0.358201 -1.048271 0.000000
0.792991 0.639990 0.000000
-1.451731 1.075136 0.000000
1.170547 0.308389 0.000000
-1.441351 1.096015 0.000000
0.693395 0.721044 0.000000
1.498682 -0.012050 0.000000
-0.563866 1.441196 0.000000
0.854930 0.588260 0.000000
-1.604289 0.636807 0.000000
0.560266 0.825057 0.000000
-1.673163 0.299647 0.000000
-1.292224 -0.938190 0.000000
0.978549 -0.750917 0.000000
-1.551014 0.823062 0.000000
0.074176 1.157931 0.000000
-1.290197 1.317026 0.000000
-0.929799 -1.151180 0.000000
-1.647426 0.444272 0.000000
0.469093 -1.003245 0.000000
-1.500825 0.963146 0.000000
1.225168 -0.603406 0.000000
0.973724 -0.753633 0.000000
-1.555378 -0.749007 0.000000
0.639245 -0.926987 0.000000
-0.632633 1.456770 0.000000
-1.267405 -0.955122 0.000000
-0.971933 1.471029 0.000000
-0.676165 -1.218485 0.000000
1.358470 -0.516666 0.000000
-0.671629 -1.219121 0.000000
0.607392 0.788816 0.000000
-0.520585 1.429568 0.000000
0.280227 -1.077552 0.000000
-0.195035 1.303616 0.000000
1.517264 -0.406500 0.000000
0.850992 -0.820767 0.000000
0.551393 -0.967429 0.000000
0.849681 -0.821446 0.000000
0.608789 0.787755 0.000000
0.850958 0.591570 0.000000
-0.412151 -1.230324 0.000000
-1.602090 -0.700969 0.000000
1.532656 -0.395424 0.000000
-1.123476 -1.050435 0.000000
-0.202958 -1.207960 0.000000
0.755210 0.671054 0.000000
0.237676 -1.092660 0.000000
-1.344815 1.253243 0.000000
-0.796852 1.478031 0.000000
-0.318348 -1.223322 0.000000
0.414788 -1.025779 0.000000
-0.659613 -1.220776 0.000000
-0.939449 -1.147318 0.000000
-0.450758 1.408010 0.000000
0.468332 -1.003585 0.000000
-1.009893 -1.115194 0.000000
0.820250 -0.836936 0.000000
-1.041337 -1.098771 0.000000
1.342864 0.144032 0.000000
0.589632 0.802565 0.000000
-0.770581 1.476291 0.000000
-0.447447 1.406907 0.000000
-1.505988 0.950033 0.000000
-1.561312 -0.743617 0.000000
1.224976 0.257380 0.000000
-0.750226 -1.205372 0.000000
1.126237 -0.664558 0.000000
-0.879201 -1.169979 0.000000
-0.271601 1.338711 0.000000
-1.458691 -0.824078 0.000000
1.399069 -0.489252 0.000000
-1.088920 1.444421 0.000000
0.807932 0.627599 0.000000
-0.019231 1.212080 0.000000
-0.564761 1.441408 0.000000
-0.464711 -1.231895 0.000000
1.677852 -0.201064 0.000000
-1.010113 1.464621 0.000000
-0.537629 -1.231003 0.000000
-1.507998 -0.788049 0.000000
1.646793 -0.167539 0.000000
0.659827 0.747737 0.000000
1.552536 -0.380996 0.000000
0.221699 -1.098176 0.000000
-0.318485 1.358699 0.000000
-0.399013 1.389975 0.000000
-0.149713 -1.198539 0.000000
-0.638914 1.458086 0.000000
-0.838484 -1.182965 0.000000
-0.523338 -1.231470 0.000000
-0.501421 1.424009 0.000000
-0.006954 1.205163 0.000000
-0.082106 1.246454 0.000000
0.220188 1.066394 0.000000
-1.081097 1.446967 0.000000
0.784534 -0.855438 0.000000
1.516025 -0.029916 0.000000
-1.715491 -0.327992 0.000000
1.005650 -0.735512 0.000000
1.196402 -0.621485 0.000000
0.482007 -0.997771 0.000000
1.601582 -0.119331 0.000000
0.920369 0.532413 0.000000
-0.515126 -1.231640 0.000000
0.466845 0.894992 0.000000
-1.350515 -0.898427 0.000000
0.308250 -1.067240 0.000000
1.030823 0.435615 0.000000
-0.002514 1.202659 0.000000
-1.308969 1.296953 0.000000
-0.686514 1.466361 0.000000
-0.931131 -1.150671 0.000000
-1.182651 1.402324 0.000000
0.469420 -1.003118 0.000000
1.539977 -0.054699 0.000000
-0.837056 1.479346 0.000000
-1.203078 -0.998620 0.000000
1.473832 -0.437394 0.000000
0.031405 -1.156654 0.000000
-1.190577 -1.006980 0.000000
-1.134586 1.426895 0.000000
-1.276698 -0.948799 0.000000
0.051529 -1.151138 0.000000
0.799943 -0.847503 0.000000
0.880485 0.566574 0.000000
-1.609697 -0.691548 0.000000
1.620370 -0.139276 0.000000
1.500695 -0.418382 0.000000
-1.418239 -0.852213 0.000000
0.687506 -0.903859 0.000000
0.319770 0.999599 0.000000
-1.323094 1.280530 0.000000
0.775252 0.654631 0.000000
1.097391 -0.681914 0.000000
0.226297 -1.096606 0.000000
0.367979 0.966074 0.000000
1.138246 -0.657301 0.000000
0.315096 -1.064694 0.000000
-0.947765 1.474042 0.000000
-1.173024 -1.018565 0.000000
-0.744743 -1.206475 0.000000
-1.222882 1.375843 0.000000
-1.684477 0.224110 0.000000
0.176026 1.094912 0.000000
-0.132814 -1.195272 0.000000
-0.212733 1.312018 0.000000
0.967429 -0.757155 0.000000
-1.177643 1.405209 0.000000
0.950867 -0.766448 0.000000
0.751145 -0.872371 0.000000
0.240667 1.052942 0.000000
-0.871047 1.479262 0.000000
-1.452767 -0.828279 0.000000
1.135306 0.340981 0.000000
-0.859844 1.479389 0.000000
0.488395 -0.995013 0.000000
-0.499580 -1.231937 0.000000
-0.543979 -1.230749 0.000000
0.184944 -1.110526 0.000000
-0.061837 -1.180037 0.000000
0.407257 0.938193 0.000000
1.296861 0.188760 0.000000
0.340906 0.985001 0.000000
1.639483 -0.316322 0.000000
0.398983 0.944092 0.000000
0.706433 -0.894607 0.000000
-0.286559 -1.219843 0.000000
0.770151 -0.862780 0.000000
-0.819193 -1.188524 0.000000
0.890800 0.557790 0.000000
-0.195819 1.303998 0.000000
1.014716 -0.730292 0.000000
-1.456529 1.065079 0.000000
-1.083093 1.446331 0.000000
0.688797 -0.903265 0.000000
0.192819 1.084175 0.000000
-0.412977 1.395025 0.000000
0.400642 0.942904 0.000000
0.274913 -1.079462 0.000000
-0.952759 1.473533 0.000000
1.388406 -0.496508 0.000000
0.589838 -0.949987 0.000000
-1.226111 1.373509 0.000000
-0.664896 1.462838 0.000000
1.086133 -0.688619 0.000000
1.261758 0.222455 0.000000
-1.336803 1.263640 0.000000
-1.407408 -0.859640 0.000000
1.124874 -0.665407 0.000000
-0.738238 -1.207748 0.000000
0.437917 -1.016274 0.000000
-0.149809 -1.198539 0.000000
-0.774009 -1.200067 0.000000
-1.178806 1.404530 0.000000
-0.692538 -1.215981 0.000000
0.187560 -1.109677 0.000000
0.497856 -0.990939 0.000000
-1.535598 0.869233 0.000000
-1.457200 1.063678 0.000000
0.686240 0.726773 0.000000
-1.001822 -1.119225 0.000000
0.171731 -1.114854 0.000000
-0.005963 1.204611 0.000000
-0.097463 1.254601 0.000000
1.364582 -0.512592 0.000000
-0.393472 1.387980 0.000000
0.710735 -0.892528 0.000000
-1.716227 -0.118694 0.000000
-0.845288 1.479474 0.000000
0.423923 -1.022045 0.000000
-0.803236 -1.192768 0.000000
-1.122994 1.431860 0.000000
0.991707 0.470286 0.000000
-0.328067 1.362603 0.000000
1.281755 -0.567208 0.000000
0.563030 -0.962209 0.000000
-0.819891 -1.188312 0.000000
1.487403 -0.427803 0.000000
-0.419148 -1.230664 0.000000
0.337592 0.987292 0.000000
-1.642383 -0.642703 0.000000
0.393108 0.948293 0.000000
-1.447932 1.082860 0.000000
1.565498 -0.081307 0.000000
-0.616216 -1.225741 0.000000
1.483562 -0.430562 0.000000
-0.180707 1.296699 0.000000
0.157699 -1.119395 0.000000
-0.406802 1.392818 0.000000
0.596154 0.797515 0.000000
1.090081 -0.686243 0.000000
0.014286 -1.161237 0.000000
-0.759205 -1.203377 0.000000
1.440839 0.046724 0.000000
1.360779 -0.515138 0.000000
-0.629174 1.456091 0.000000
-1.592921 -0.711535 0.000000
-0.359725 -1.227057 0.000000
-0.165597 1.289272 0.000000
1.537622 -0.052238 0.000000
0.950326 0.506484 0.000000
-1.486356 -0.804260 0.000000
-0.267832 -1.217509 0.000000
-0.144629 -1.197563 0.000000
-0.762572 1.475654 0.000000
1.535705 -0.393217 0.000000
0.429612 -1.019711 0.000000
1.141044 0.335719 0.000000
1.141846 0.334955 0.000000
-0.652327 -1.221710 0.000000
-1.287912 1.319402 0.000000
0.357909 0.973118 0.000000
-1.264404 -0.957159 0.000000
-0.304064 1.352673 0.000000
-1.079507 1.447476 0.000000
1.430197 0.057461 0.000000
-1.537419 0.863971 0.000000
-1.706150 -0.430180 0.000000
-1.429676 1.118592 0.000000
1.517340 -0.031274 0.000000
-1.447388 1.083963 0.000000
-0.793007 -1.195484 0.000000
1.546310 -0.061277 0.000000
-0.401048 -1.229815 0.000000
1.348031 0.138982 0.000000
0.802483 -0.846187 0.000000
1.081160 0.390377 0.000000
-0.922299 1.476503 0.000000
-1.231118 1.369690 0.000000
0.173349 1.096652 0.000000
0.027736 1.185302 0.000000
0.017641 1.191116 0.000000
-1.034935 1.459316 0.000000
0.333837 -1.057649 0.000000
-0.481465 1.417898 0.000000
-1.378744 -0.879203 0.000000
1.540933 -0.055675 0.000000
1.629426 -0.148951 0.000000
-0.341212 -1.225529 0.000000
1.185033 0.294894 0.000000
-0.593424 -1.227736 0.000000
0.992258 0.469776 0.000000
0.972213 -0.754481 0.000000
-1.321814 1.282100 0.000000
0.166510 -1.116552 0.000000
0.844205 -0.824375 0.000000
-1.174742 1.406864 0.000000
0.233728 -1.094060 0.000000
1.324843 0.161643 0.000000
0.776019 0.653994 0.000000
-1.255294 -0.963355 0.000000
-0.534146 -1.231088 0.000000
-0.803037 -1.192853 0.000000
-1.393871 -0.868891 0.000000
-1.219575 -0.987544 0.000000
0.412017 0.934798 0.000000
-0.949186 1.473914 0.000000
1.545952 -0.060895 0.000000
0.915715 -0.785842 0.000000
-1.583205 -0.722060 0.000000
-1.459926 -0.823229 0.000000
-0.630062 1.456261 0.000000
0.487665 -0.995352 0.000000
-0.471202 1.414673 0.000000
1.143949 -0.653821 0.000000
0.050246 -1.151519 0.000000
-0.687368 1.466488 0.000000
1.422057 -0.473465 0.000000
-0.459489 -1.231810 0.000000
1.094820 -0.683442 0.000000
1.579785 -0.096330 0.000000
-1.304525 -0.929787 0.000000
-0.812051 1.478752 0.000000
0.940066 -0.772432 0.000000
1.553737 -0.380104 0.000000
-0.320513 1.359505 0.000000
1.482440 0.004542 0.000000
-1.567503 -0.737761 0.000000
-0.902880 -1.161577 0.000000
-0.558042 -1.230070 0.000000
-0.979953 1.469756 0.000000
1.010462 0.453693 0.000000
1.282306 -0.566868 0.000000
-1.416914 1.141974 0.000000
1.049695 -0.710050 0.000000
-0.723903 -1.210549 0.000000
1.217737 -0.608117 0.000000
1.282984 -0.566444 0.000000
-0.641010 -1.223110 0.000000
-0.566051 1.441747 0.000000
1.258027 0.226020 0.000000
0.801692 0.632818 0.000000
0.828524 -0.832607 0.000000
1.102058 0.371408 0.000000
-1.268558 -0.954316 0.000000
0.259742 1.040296 0.000000
-1.641427 0.474147 0.000000
0.254173 -1.086888 0.000000
0.160765 -1.118376 0.000000
-1.192095 -1.005961 0.000000
-1.485227 -0.805066 0.000000
1.541784 -0.056567 0.000000
-0.312889 -1.222771 0.000000
-0.596170 1.449004 0.000000
-0.801096 -1.193362 0.000000
1.286185 0.199030 0.000000
1.570925 -0.367501 0.000000
0.299171 1.013688 0.000000
-1.059586 -1.088628 0.000000
-1.182837 -1.012115 0.000000
-0.210612 1.311000 0.000000
-0.000820 1.201683 0.000000
-0.215025 1.313079 0.000000
0.897047 -0.796027 0.000000
-1.486580 0.997986 0.000000
-1.220122 -0.987204 0.000000
-1.584262 -0.720956 0.000000
0.978202 -0.751086 0.000000
-1.042425 -1.098176 0.000000
-1.392488 1.183520 0.000000
1.316923 0.169324 0.000000
0.578525 0.811095 0.000000
-0.800934 -1.193405 0.000000
-1.591796 -0.712808 0.000000
-1.221922 -0.985974 0.000000
0.928849 -0.778628 0.000000
1.035714 0.431244 0.000000
-1.476099 -0.811686 0.000000
1.707730 -0.263785 0.000000
0.680554 -0.907254 0.000000
1.217889 0.264085 0.000000
1.658413 -0.180058 0.000000
1.327724 0.158800 0.000000
0.083432 -1.142056 0.000000
1.409047 0.078637 0.000000
0.992440 -0.743023 0.000000
-0.809163 -1.191240 0.000000
-0.067385 -1.181310 0.000000
1.232444 -0.598823 0.000000
-1.196886 1.393624 0.000000
-0.990708 -1.124572 0.000000
-0.419355 -1.230664 0.000000
-0.820803 -1.188057 0.000000
-0.694885 -1.215599 0.000000
-1.654010 -0.620466 0.000000
1.542503 -0.388295 0.000000
-0.705744 1.469204 0.000000
-0.090968 1.251164 0.000000
-0.034189 -1.173502 0.000000
1.557082 -0.072523 0.000000
-1.715639 -0.325234 0.000000
0.787990 -0.853656 0.000000
0.614798 0.783044 0.000000
-1.495886 -0.797215 0.000000
-1.387776 1.191116 0.000000
-0.037290 1.222137 0.000000
-1.203057 1.389635 0.000000
0.425241 0.925250 0.000000
-0.653091 -1.221625 0.000000
1.708701 -0.263021 0.000000
1.072163 0.398525 0.000000
0.880712 -0.804854 0.000000
-0.925589 -1.152877 0.000000
1.694958 -0.273758 0.000000
-0.515766 1.428168 0.000000
-0.350584 -1.226335 0.000000
0.699037 0.716546 0.000000
1.170891 -0.637313 0.000000
0.461404 0.898981 0.000000
1.295085 -0.558551 0.000000
0.643148 -0.925162 0.000000
-0.370942 1.379535 0.000000
1.180594 0.299053 0.000000
0.619111 0.779692 0.000000
-1.268765 1.337905 0.000000
-1.126312 1.430544 0.000000
1.140345 0.336355 0.000000
-1.220008 -0.987247 0.000000
-0.801189 1.478285 0.000000
-1.689626 -0.519170 0.000000
-1.406692 -0.860106 0.000000
-0.834237 -1.184196 0.000000
-0.868025 -1.173671 0.000000
0.536260 0.843262 0.000000
0.690380 0.723463 0.000000
0.404394 -1.029981 0.000000
0.841407 -0.825817 0.000000
-0.260137 1.333661 0.000000
1.665885 -0.296207 0.000000
0.637652 -0.927751 0.000000
-0.514638 1.427828 0.000000
1.672545 -0.291072 0.000000
-0.207769 1.309642 0.000000
-0.199451 -1.207366 0.000000
-0.513041 -1.231682 0.000000
-1.472114 -0.814572 0.000000
-1.404469 1.163744 0.000000
0.042326 -1.153684 0.000000
0.785044 -0.855141 0.000000
-0.216756 1.313886 0.000000
-1.521483 0.909039 0.000000
0.249127 -1.088671 0.000000
-1.147359 -1.035243 0.000000
-1.102550 1.439710 0.000000
1.052052 0.416603 0.000000
0.694607 0.720068 0.000000
-0.544371 1.436103 0.000000
1.019118 0.446012 0.000000
-0.270954 1.338456 0.000000
0.635907 -0.928599 0.000000
1.227605 -0.601879 0.000000
0.956845 -0.763096 0.000000
-1.521879 0.907936 0.000000
-0.587153 -1.228203 0.000000
-1.391101 1.185769 0.000000
-1.538771 -0.763435 0.000000
-1.581532 0.722020 0.000000
-0.323662 -1.223874 0.000000
1.685686 -0.280930 0.000000
1.693894 -0.218505 0.000000
0.088529 1.149273 0.000000
-0.170027 -1.202274 0.000000
-1.191779 1.396807 0.000000
-1.100010 1.440644 0.000000
-0.051797 1.230115 0.000000
0.478252 0.886590 0.000000
-1.059128 -1.088883 0.000000
-0.520461 1.429526 0.000000
1.307469 -0.550488 0.000000
0.439641 -1.015595 0.000000
0.003406 1.199306 0.000000
0.873460 -0.808758 0.000000
-1.624978 0.550449 0.000000
1.637893 -0.157990 0.000000
-1.607604 -0.694179 0.000000
0.234665 1.056931 0.000000
-0.171001 -1.202486 0.000000
0.288546 -1.074539 0.000000
1.319584 -0.542510 0.000000
0.399899 0.943455 0.000000
0.869072 -0.811134 0.000000
0.660764 -0.916759 0.000000
-0.482075 1.418110 0.000000
0.209278 1.073524 0.000000
0.092656 -1.139340 0.000000
0.446153 0.910100 0.000000
1.008156 0.455730 0.000000
0.253267 -1.087228 0.000000
1.616381 -0.333763 0.000000
1.699191 -0.270448 0.000000
-1.586650 -0.718410 0.000000
-0.112359 -1.191113 0.000000
-0.957505 1.472896 0.000000
0.323769 0.996841 0.000000
0.726299 0.694564 0.000000
1.378742 -0.503044 0.000000
-0.504722 -1.231852 0.000000
0.812654 0.623694 0.000000
-0.733767 1.472726 0.000000
0.144331 -1.123596 0.000000
-1.320740 1.283374 0.000000
-1.134435 1.426979 0.000000
-1.144516 -1.037110 0.000000
1.391580 -0.494344 0.000000
1.554776 -0.070104 0.000000
-0.308284 1.354455 0.000000
-1.028675 1.460759 0.000000
-0.822621 1.479092 0.000000
0.493712 0.875132 0.000000
-0.919924 -1.155127 0.000000
-0.997953 -1.121135 0.000000
-0.688053 1.466615 0.000000
-1.414563 -0.854717 0.000000
-1.353244 -0.896560 0.000000
1.285452 -0.564831 0.000000
-0.566877 1.441960 0.000000
-0.215452 1.313249 0.000000
1.447767 -0.455684 0.000000
-0.745948 -1.206220 0.000000
0.804531 -0.845126 0.000000
-1.574174 0.747652 0.000000
-1.135151 1.426640 0.000000
1.459703 -0.447324 0.000000
-1.405033 -0.861252 0.000000
-1.189132 1.398462 0.000000
1.298641 0.187020 0.000000
-0.207859 -1.208767 0.000000
-0.464869 -1.231895 0.000000
0.539440 0.840886 0.000000
0.257869 1.041527 0.000000
-0.825426 -1.186742 0.000000
1.267368 -0.576502 0.000000
-1.214921 1.381572 0.000000
0.988610 0.473001 0.000000
-1.081940 1.446713 0.000000
-0.509681 1.426385 0.000000
1.197303 0.283437 0.000000
-0.188626 -1.205541 0.000000
0.773927 -0.860828 0.000000
1.323360 0.163086 0.000000
-1.341088 1.258166 0.000000
0.825423 -0.834220 0.000000
-0.546829 -1.230579 0.000000
-0.080447 -1.184238 0.000000
0.700155 0.715655 0.000000
0.470566 -1.002609 0.000000
0.325294 -1.060875 0.000000
-1.575557 0.742899 0.000000
-1.177244 1.405422 0.000000
-1.427759 1.122199 0.000000
0.719550 -0.888157 0.000000
0.218361 1.067625 0.000000
-0.027694 -1.171889 0.000000
-1.625883 -0.669353 0.000000
1.596632 -0.114068 0.000000
0.264646 1.036986 0.000000
1.177726 -0.633070 0.000000
-0.947651 1.474084 0.000000
0.578831 0.810840 0.000000
-0.919170 -1.155381 0.000000
0.732811 -0.881579 0.000000
-1.027790 1.460971 0.000000
-0.011624 1.207794 0.000000
-1.030988 -1.104330 0.000000
-0.138338 -1.196333 0.000000
1.431546 -0.466930 0.000000
-1.709299 -0.404336 0.000000
-0.281197 1.342912 0.000000
0.979544 -0.750322 0.000000
-1.397733 1.174990 0.000000
0.191752 -1.108276 0.000000
-1.321710 1.282185 0.000000
-0.596831 -1.227481 0.000000
1.324003 -0.539582 0.000000
-0.294438 -1.220734 0.000000
1.380814 -0.501643 0.000000
-0.027102 1.216493 0.000000
-0.684167 -1.217339 0.000000
-1.693074 0.158757 0.000000
1.468473 -0.441171 0.000000
-0.719542 -1.211355 0.000000
-0.309265 1.354837 0.000000
0.357172 -1.048653 0.000000
1.656182 -0.303633 0.000000
-0.821451 1.479049 0.000000
0.039135 1.178640 0.000000
1.314576 -0.545820 0.000000
-1.509141 0.941927 0.000000
0.782993 -0.856202 0.000000
0.118796 -1.131532 0.000000
-0.584145 -1.228457 0.000000
-1.102753 1.439626 0.000000
-0.165600 -1.201510 0.000000
1.381574 -0.501134 0.000000
-1.278247 1.328951 0.000000
0.268129 -1.081923 0.000000
1.192547 0.287892 0.000000
-0.368378 -1.227736 0.000000
0.913375 -0.787158 0.000000
-0.688979 1.466743 0.000000
1.338221 -0.530203 0.000000
-0.305358 1.353224 0.000000
1.100086 -0.680302 0.000000
1.180683 0.298968 0.000000
1.651027 -0.172079 0.000000
1.363966 0.123323 0.000000
0.340342 -1.055146 0.000000
-0.609091 1.451847 0.000000
0.961099 0.497106 0.000000
-1.703214 0.067179 0.000000
-0.211321 -1.209318 0.000000
-1.306876 -0.928175 0.000000
-0.770419 1.476249 0.000000
-1.546233 0.837745 0.000000
-1.152411 1.418619 0.000000
-1.134920 -1.043221 0.000000
-0.297322 -1.221073 0.000000
-0.746343 -1.206136 0.000000
1.420236 0.067434 0.000000
-1.313653 -0.923549 0.000000
-1.485124 -0.805151 0.000000
0.312525 1.004564 0.000000
-0.378369 1.382336 0.000000
0.275835 -1.079122 0.000000
-1.664642 -0.596701 0.000000
-0.892455 1.478498 0.000000
-1.707657 0.018419 0.000000
-1.231487 -0.979523 0.000000
0.458499 -1.007701 0.000000
0.290219 -1.073903 0.000000
-1.236295 1.365701 0.000000
1.003757 -0.736573 0.000000
0.631756 0.769846 0.000000
-1.711230 -0.385494 0.000000
-1.396552 1.176942 0.000000
1.201654 0.279363 0.000000
-0.800886 1.478243 0.000000
-1.442301 -0.835578 0.000000
1.429023 0.058607 0.000000
1.678303 -0.286616 0.000000
-0.175812 1.294322 0.000000
1.242374 -0.592500 0.000000
-1.130260 1.428804 0.000000
0.518947 -0.981772 0.000000
-0.530969 -1.231216 0.000000
-1.054148 -1.091726 0.000000
-1.320839 1.283246 0.000000
1.077701 0.393517 0.000000
1.058313 -0.705000 0.000000
-0.082739 1.246793 0.000000
-1.235582 -0.976765 0.000000
0.518321 0.856757 0.000000
1.369232 -0.509452 0.000000
0.565260 0.821237 0.000000
-0.334968 -1.224977 0.000000
1.351569 -0.521291 0.000000
1.234585 0.248299 0.000000
1.049223 0.419149 0.000000
0.918548 0.533983 0.000000
1.284003 0.201109 0.000000
-1.297397 1.309557 0.000000
-1.099535 -1.065203 0.000000
-0.076062 1.243228 0.000000
1.312594 -0.547093 0.000000
1.204132 -0.616647 0.000000
0.759864 -0.868000 0.000000
-1.659758 -0.608075 0.000000
1.423885 0.063784 0.000000
-0.648789 -1.222134 0.000000
0.297904 -1.071102 0.000000
1.368695 -0.509833 0.000000
-1.132222 1.427955 0.000000
1.219352 -0.607098 0.000000
0.325917 0.995355 0.000000
1.452565 0.034885 0.000000
-1.663798 -0.598696 0.000000
0.460667 -1.006810 0.000000
-0.007893 1.205714 0.000000
-0.141060 -1.196884 0.000000
-1.455404 1.067455 0.000000
1.130174 0.345691 0.000000
-1.003119 1.465894 0.000000
-0.386021 -1.228924 0.000000
1.389112 0.098455 0.000000
0.090016 -1.140146 0.000000
1.557822 -0.377134 0.000000
-0.389762 1.386622 0.000000
0.186593 1.088164 0.000000
0.600477 -0.945107 0.000000
-0.660715 -1.220649 0.000000
0.278338 1.027819 0.000000
-0.980321 1.469713 0.000000
-1.401832 -0.863416 0.000000
1.132470 -0.660823 0.000000
-0.089306 1.250273 0.000000
1.516479 -0.407094 0.000000
0.338287 -1.055952 0.000000
-0.147817 1.280445 0.000000
0.068625 -1.146342 0.000000
-1.014588 -1.112860 0.000000
1.466370 -0.442656 0.000000
-1.183924 -1.011393 0.000000
-1.541377 -0.761229 0.000000
0.722207 -0.886841 0.000000
-0.198160 -1.207154 0.000000
0.307593 -1.067495 0.000000
0.184803 -1.110610 0.000000
-0.459806 -1.231852 0.000000
-0.156111 1.284604 0.000000
-1.225550 1.373934 0.000000
1.471375 0.015830 0.000000
1.511193 -0.024909 0.000000
1.050879 0.417664 0.000000
-0.643612 -1.222813 0.000000
1.618767 -0.137578 0.000000
0.865851 -0.812832 0.000000
1.362190 0.125063 0.000000
-0.362196 1.376140 0.000000
-1.282642 1.324622 0.000000
0.631088 0.770356 0.000000
-1.718124 -0.191813 0.000000
-0.317646 1.358359 0.000000
-0.937519 1.475145 0.000000
-0.303431 1.352418 0.000000
1.420068 0.067603 0.000000
-0.037304 1.222137 0.000000
1.557829 -0.377134 0.000000
-0.660147 -1.220734 0.000000
0.082547 -1.142311 0.000000
-0.702846 1.468822 0.000000
0.314256 -1.065033 0.000000
-0.022655 1.213989 0.000000
0.588444 -0.950666 0.000000
-0.010695 1.207284 0.000000
-0.046806 1.227357 0.000000
1.111093 0.363175 0.000000
0.567642 -0.960130 0.000000
0.022047 -1.159158 0.000000
-1.069443 1.450447 0.000000
-0.898416 1.478158 0.000000
-0.302949 1.352206 0.000000
-1.691636 0.170300 0.000000
1.105879 0.367928 0.000000
1.709011 -0.235056 0.000000
1.052810 0.415924 0.000000
-1.668586 -0.586771 0.000000
1.071485 0.399119 0.000000
1.098004 -0.681533 0.000000
-0.376211 -1.228288 0.000000
0.113162 1.134293 0.000000
-0.297601 -1.221116 0.000000
-0.437541 1.403554 0.000000
-0.065255 1.237415 0.000000
-0.361859 -1.227269 0.000000
-0.130016 -1.194720 0.000000
0.967288 0.491716 0.000000
0.027574 -1.157673 0.000000
0.656943 0.750029 0.000000
1.497013 -0.010353 0.000000
-0.499173 1.423330 0.000000
0.333998 0.989796 0.000000
-1.680539 -0.552143 0.000000
0.437538 0.916381 0.000000
-1.344023 1.254304 0.000000
-0.096661 1.254177 0.000000
1.488456 -0.427082 0.000000
1.514566 -0.028389 0.000000
0.521642 0.854296 0.000000
-0.254957 1.331327 0.000000
-0.864163 -1.174945 0.000000
0.769494 -0.863119 0.000000
-0.182276 1.297463 0.000000
-0.580287 -1.228754 0.000000
-1.307685 1.298354 0.000000
1.142290 0.334573 0.000000
0.303731 -1.068938 0.000000
0.144878 -1.123426 0.000000
0.585984 -0.951770 0.000000
-0.748766 1.474339 0.000000
-1.038381 1.458510 0.000000
0.358194 -1.048271 0.000000
-0.152281 -1.199006 0.000000
0.740896 -0.877548 0.000000
-0.685413 1.466191 0.000000
1.372846 0.114581 0.000000
1.018588 -0.728086 0.000000
-1.074244 -1.080226 0.000000
-1.184341 1.401348 0.000000
-0.902429 1.477904 0.000000
-0.357970 1.374528 0.000000
-1.375106 -0.881664 0.000000
-0.000256 -1.165014 0.000000
0.665713 0.743111 0.000000
0.781609 0.649411 0.000000
0.127153 -1.128943 0.000000
-0.376676 1.381699 0.000000
-0.072630 1.241361 0.000000
-0.533402 -1.231131 0.000000
-0.083975 1.247430 0.000000
-0.975623 -1.131617 0.000000
-0.337226 -1.225147 0.000000
-1.546037 0.838339 0.000000
1.128509 -0.663200 0.000000
1.489995 -0.003181 0.000000
-1.142984 1.423160 0.000000
0.283638 -1.076322 0.000000
-0.027612 -1.171889 0.000000
-1.477029 -0.811007 0.000000
-0.359584 -1.227057 0.000000
-0.113960 1.263174 0.000000
0.767952 -0.863883 0.000000
0.297983 1.014494 0.000000
-0.663330 -1.220309 0.000000
1.199785 -0.619363 0.000000
-1.011435 -1.114430 0.000000
1.317670 0.168603 0.000000
-0.784048 -1.197648 0.000000
0.726024 -0.884932 0.000000
-1.533099 -0.768146 0.000000
1.184627 -0.628826 0.000000
1.252878 0.230900 0.000000
1.433487 -0.465572 0.000000
0.483056 0.883025 0.000000
1.066921 -0.699950 0.000000
-0.321666 -1.223662 0.000000
-1.267430 1.339135 0.000000
0.375331 -1.041566 0.000000
-0.679121 1.465257 0.000000
-0.872424 1.479177 0.000000
-1.231552 1.369350 0.000000
-1.329599 -0.912685 0.000000
-0.388082 -1.229051 0.000000
-0.185962 -1.205117 0.000000
-0.585026 1.446373 0.000000
-0.025973 -1.171465 0.000000
-0.830200 -1.185342 0.000000
-0.389511 1.386537 0.000000
-1.611559 0.607568 0.000000
0.838488 -0.827388 0.000000
-1.520815 -0.778076 0.000000
0.796178 0.637359 0.000000
-1.164671 1.412339 0.000000
-1.108938 -1.059432 0.000000
-1.549166 -0.754524 0.000000
1.360177 -0.515520 0.000000
1.251952 0.231791 0.000000
-0.845667 -1.180758 0.000000
1.354694 0.132447 0.000000
1.099591 -0.680599 0.000000
0.275030 1.030026 0.000000
0.529152 -0.977317 0.000000
0.741832 0.681960 0.000000
-1.222555 1.376098 0.000000
0.589666 -0.950072 0.000000
-0.122368 -1.193150 0.000000
-0.924481 1.476333 0.000000
-0.732012 -1.209021 0.000000
-1.582888 0.717182 0.000000
0.601647 0.793272 0.000000
-1.320795 1.283289 0.000000
0.337626 0.987292 0.000000
0.183839 1.089947 0.000000
-0.018026 1.211401 0.000000
1.722224 -0.252412 0.000000
-0.965693 1.471835 0.000000
-0.755653 1.474975 0.000000
-0.633889 -1.223874 0.000000
-1.515140 -0.782532 0.000000
-0.702887 1.468822 0.000000
-1.054354 -1.091599 0.000000
1.494269 -0.007552 0.000000
1.192994 -0.623606 0.000000
0.260767 -1.084554 0.000000
1.503834 -0.017355 0.000000
0.341811 -1.054594 0.000000
-1.213039 -0.991957 0.000000
0.141650 -1.124445 0.000000
1.614908 -0.133462 0.000000
-0.577110 1.444506 0.000000
0.915371 0.536741 0.000000
-0.149379 1.281209 0.000000
1.140176 -0.656113 0.000000
-1.106263 1.438352 0.000000
-0.025601 -1.171380 0.000000
1.564603 -0.372169 0.000000
-1.586557 0.703985 0.000000
1.265276 -0.577860 0.000000
0.625957 -0.933267 0.000000
-0.771104 -1.200746 0.000000
0.111768 -1.133654 0.000000
-1.156552 -1.029344 0.000000
-0.645023 -1.222643 0.000000
1.677329 -0.200512 0.000000
0.578821 0.810883 0.000000
0.910969 -0.788473 0.000000
1.185505 0.294470 0.000000
-0.932924 1.475612 0.000000
-0.597675 1.449344 0.000000
-0.552091 -1.230367 0.000000
-0.928484 -1.151732 0.000000
-1.411548 -0.856796 0.000000
-1.536513 0.866602 0.000000
-0.089609 1.250443 0.000000
-0.589562 -1.228033 0.000000
-1.176645 -1.016189 0.000000
0.712539 -0.891637 0.000000
1.181726 0.297992 0.000000
1.191177 -0.624752 0.000000
1.266859 -0.576841 0.000000
-0.416243 1.396170 0.000000
0.642353 0.761529 0.000000
-0.659920 1.461990 0.000000
1.578938 -0.361602 0.000000
-1.287223 -0.941585 0.000000
0.218302 1.067625 0.000000
0.703693 0.712812 0.000000
1.234891 0.248002 0.000000
1.418095 -0.476224 0.000000
0.560772 0.824675 0.000000
0.297133 -1.071356 0.000000
0.299904 -1.070338 0.000000
-0.368295 1.378517 0.000000
0.761970 0.665537 0.000000
-1.618243 -0.680259 0.000000
0.921914 -0.782447 0.000000
0.771270 -0.862186 0.000000
1.185020 0.294894 0.000000
1.385175 -0.498673 0.000000
1.636299 -0.156293 0.000000
-0.111564 1.261943 0.000000
-1.646679 0.448049 0.000000
-0.320595 -1.223577 0.000000
-1.570305 -0.735045 0.000000
1.480117 0.006919 0.000000
0.784170 0.647289 0.000000
0.402367 -1.030787 0.000000
-0.248582 -1.214878 0.000000
-0.827388 1.479262 0.000000
-0.497387 1.422778 0.000000
0.105493 -1.135521 0.000000
1.232992 -0.598484 0.000000
0.104957 -1.135691 0.000000
1.407316 -0.483608 0.000000
-0.454447 -1.231725 0.000000
-1.454695 1.068941 0.000000
-1.620941 -0.676483 0.000000
1.715244 -0.241888 0.000000
-1.070427 1.450150 0.000000
1.566651 -0.370641 0.000000
-0.149985 1.281549 0.000000
0.832128 -0.830698 0.000000
0.738721 -0.878609 0.000000
-1.173007 1.407883 0.000000
1.640970 -0.161301 0.000000
0.899281 0.550533 0.000000
0.215442 -1.100341 0.000000
1.667186 -0.189521 0.000000
1.622339 -0.141355 0.000000
0.323728 -1.061469 0.000000
-0.928683 -1.151647 0.000000
-1.679335 0.259672 0.000000
0.581864 -0.953637 0.000000
1.572822 -0.088988 0.000000
0.666632 -0.913959 0.000000
-0.781374 -1.198285 0.000000
-1.709099 0.000681 0.000000
-0.521793 -1.231513 0.000000
1.162755 0.315646 0.000000
-1.461847 1.053791 0.000000
0.907424 -0.790383 0.000000
0.239586 -1.092023 0.000000
-0.486525 1.419468 0.000000
0.728282 0.692994 0.000000
-0.082815 1.246835 0.000000
1.533947 -0.048419 0.000000
0.140411 1.117403 0.000000
0.118235 -1.131701 0.000000
1.383932 0.103590 0.000000
1.593693 -0.350696 0.000000
1.265055 -0.577987 0.000000
0.838089 0.602434 0.000000
-0.277342 1.341215 0.000000
-0.388416 1.386113 0.000000
-0.251105 -1.215259 0.000000
-1.266765 1.339772 0.000000
1.214764 0.267014 0.000000
0.530336 0.847760 0.000000
-0.290655 -1.220309 0.000000
1.431185 0.056442 0.000000
1.324034 -0.539582 0.000000
0.558267 0.826584 0.000000
-0.371964 1.379917 0.000000
1.539959 -0.054699 0.000000
-0.754235 1.474848 0.000000
1.034468 -0.718919 0.000000
1.534015 -0.048504 0.000000
-1.473972 -0.813214 0.000000
-1.265437 1.341003 0.000000
1.358143 -0.516920 0.000000
-1.021068 1.462372 0.000000
0.402294 0.941758 0.000000
0.248256 -1.088968 0.000000
-0.600586 -1.227184 0.000000
0.403805 -1.030235 0.000000
-0.772443 -1.200449 0.000000
0.322579 0.997689 0.000000
1.708085 -0.263488 0.000000
-1.343473 -0.903222 0.000000
1.323515 -0.539921 0.000000
0.859335 -0.816312 0.000000
-1.013159 1.463984 0.000000
-1.122144 -1.051241 0.000000
1.433153 -0.465827 0.000000
-1.516912 -0.781174 0.000000
-1.672523 0.303679 0.000000
-0.012223 1.208133 0.000000
-0.682429 1.465767 0.000000
1.423382 0.064293 0.000000
-1.059379 1.453248 0.000000
0.328994 -1.059474 0.000000
-0.200411 1.306162 0.000000
-1.065017 1.451720 0.000000
1.435091 0.052538 0.000000
-0.506143 1.425367 0.000000
-1.643949 0.461756 0.000000
-0.460556 -1.231852 0.000000
0.650748 0.754909 0.000000
0.361282 -1.047083 0.000000
-1.373799 1.212589 0.000000
-0.971682 -1.133399 0.000000
-0.039173 -1.174690 0.000000
1.672235 -0.194995 0.000000
0.429612 -1.019711 0.000000
-1.379171 1.204526 0.000000
0.220674 -1.098558 0.000000
1.286753 -0.563983 0.000000
1.228552 -0.601285 0.000000
1.344699 0.142250 0.000000
-1.284470 1.322840 0.000000
1.207674 0.273676 0.000000
1.580676 -0.097263 0.000000
1.491630 -0.424833 0.000000
-0.723473 1.471538 0.000000
1.617531 -0.332872 0.000000
1.629625 -0.149164 0.000000
0.241700 -1.091259 0.000000
1.480020 0.007004 0.000000
0.183261 -1.111120 0.000000
0.972347 0.487260 0.000000
0.529211 -0.977274 0.000000
-1.183560 1.401814 0.000000
1.260464 0.223686 0.000000
-0.241912 -1.213944 0.000000
1.365329 -0.512083 0.000000
0.569573 -0.959239 0.000000
1.584521 -0.101295 0.000000
0.636454 0.766154 0.000000
-0.949100 -1.143244 0.000000
-1.423392 -0.848648 0.000000
1.167680 0.311063 0.000000
-1.020270 1.462541 0.000000
-0.319848 1.359250 0.000000
-0.811597 1.478710 0.000000
0.220639 1.066097 0.000000
1.097422 0.375652 0.000000
0.962600 -0.759871 0.000000
0.420171 0.928899 0.000000
-1.394862 1.179701 0.000000
-1.307692 1.298354 0.000000
1.642271 -0.314200 0.000000
-1.530890 0.882771 0.000000
1.487916 -0.001059 0.000000
0.250772 1.046237 0.000000
0.331235 0.991706 0.000000
1.130694 -0.661884 0.000000
-0.672830 1.464154 0.000000
-1.717876 -0.262597 0.000000
1.214155 0.267608 0.000000
-1.018122 1.462966 0.000000
-0.767985 -1.201425 0.000000
-1.056171 1.454097 0.000000
-0.513137 -1.231682 0.000000
1.277484 -0.570009 0.000000
-0.759495 1.475357 0.000000
0.399761 0.943540 0.000000
1.150674 -0.649705 0.000000
0.469647 0.892913 0.000000
-0.103262 -1.189203 0.000000
-0.925479 -1.152920 0.000000
-0.435892 -1.231258 0.000000
-1.283696 -0.944004 0.000000
1.356556 -0.517981 0.000000
-1.485816 0.999811 0.000000
1.303831 -0.552864 0.000000
-0.668941 1.463517 0.000000
-0.757667 -1.203717 0.000000
-1.603288 0.640796 0.000000
-0.160317 -1.200534 0.000000
-0.579760 -1.228754 0.000000
0.067458 1.161920 0.000000
-1.014694 -1.112817 0.000000
0.874823 -0.808036 0.000000
1.663961 -0.186041 0.000000
-0.431070 -1.231088 0.000000
-0.045812 -1.176303 0.000000
-1.572367 -0.733051 0.000000
1.602270 -0.120052 0.000000
1.448290 0.039213 0.000000
1.155517 0.322351 0.000000
-1.476936 1.020393 0.000000
-0.481059 1.417771 0.000000
1.619173 -0.138003 0.000000
-1.697304 0.122983 0.000000
0.575555 -0.956523 0.000000
-1.506422 -0.789279 0.000000
-0.266497 1.336462 0.000000
-0.911887 1.477352 0.000000
-0.177248 -1.203589 0.000000
-1.270269 1.336504 0.000000
-1.627591 -0.666849 0.000000
-1.639847 -0.647116 0.000000
-1.399010 -0.865369 0.000000
-1.088528 1.444548 0.000000
-0.639224 1.458128 0.000000
0.803113 -0.845848 0.000000
-0.282453 1.343464 0.000000
0.363622 -1.046149 0.000000
-0.867371 1.479304 0.000000
1.289324 -0.562328 0.000000
0.282003 1.025358 0.000000
1.259738 0.224365 0.000000
-1.642652 -0.642194 0.000000
-1.040243 -1.099365 0.000000
0.770106 -0.862780 0.000000
-0.699029 1.468270 0.000000
-1.621185 0.566999 0.000000
-1.718186 -0.241124 0.000000
-0.521690 -1.231513 0.000000
-1.333106 1.268308 0.000000
1.156243 0.321672 0.000000
-1.194474 1.395109 0.000000
0.230607 1.059605 0.000000
1.708037 -0.233995 0.000000
-0.582028 1.445652 0.000000
1.560634 -0.375054 0.000000
0.011573 1.194638 0.000000
-1.608464 0.620172 0.000000
1.663761 -0.185829 0.000000
1.441562 -0.460013 0.000000
1.026999 -0.723248 0.000000
1.096063 -0.682678 0.000000
1.016130 0.448685 0.000000
1.556009 -0.378449 0.000000
-1.652196 0.419658 0.000000
-0.009284 1.206478 0.000000
0.802804 -0.846017 0.000000
0.106526 1.138325 0.000000
-0.982272 1.469416 0.000000
-1.302106 1.304465 0.000000
0.393645 -1.034309 0.000000
-0.437042 -1.231301 0.000000
0.189942 1.086000 0.000000
0.053316 -1.150628 0.000000
0.736762 -0.879585 0.000000
1.324981 0.161473 0.000000
-0.956714 -1.140019 0.000000
0.969631 0.489637 0.000000
0.555782 -0.965477 0.000000
0.446033 0.910185 0.000000
-1.199595 1.391927 0.000000
1.406734 0.080928 0.000000
-0.409294 -1.230197 0.000000
0.828101 0.610794 0.000000
-1.228809 -0.981348 0.000000
-0.605226 -1.226760 0.000000
1.327824 -0.537078 0.000000
-0.145507 1.279300 0.000000
1.649960 -0.170934 0.000000
0.909747 0.541579 0.000000
1.261782 0.222413 0.000000
-0.711936 1.470053 0.000000
-1.404885 -0.861337 0.000000
-1.293071 -0.937596 0.000000
-0.993087 -1.123426 0.000000
-0.338121 1.366677 0.000000
-1.178438 -1.015000 0.000000
0.489276 0.878442 0.000000
-1.604610 -0.697913 0.000000
0.396068 -1.033333 0.000000
-0.507671 1.425834 0.000000
-0.508556 1.426088 0.000000
0.541794 -0.971715 0.000000
0.346795 0.980884 0.000000
0.230517 1.059647 0.000000
1.050992 -0.709286 0.000000
-0.536772 -1.231003 0.000000
1.170299 0.308644 0.000000
0.290436 1.019629 0.000000
-0.312541 1.356237 0.000000
-1.209827 -0.994122 0.000000
0.595961 -0.947187 0.000000
0.841954 0.599166 0.000000
0.451044 -1.010842 0.000000
-0.998039 -1.121092 0.000000
1.338266 0.148530 0.000000
-0.916265 1.477012 0.000000
-0.787050 1.477479 0.000000
-1.115119 1.435042 0.000000
-1.474688 1.025485 0.000000
-0.483978 -1.232022 0.000000
0.152288 -1.121092 0.000000
-1.380875 1.201853 0.000000
-0.418553 -1.230622 0.000000
0.258561 1.041060 0.000000
0.839631 0.601118 0.000000
-1.072162 1.449641 0.000000
0.412874 -1.026543 0.000000
-0.692183 -1.216023 0.000000
0.105469 1.139004 0.000000
1.047237 0.420932 0.000000
0.460815 0.899406 0.000000
-1.597141 -0.706740 0.000000
1.028531 0.437652 0.000000
0.926554 -0.779901 0.000000
1.336907 0.149846 0.000000
-0.327771 -1.224298 0.000000
-0.281087 1.342870 0.000000
1.566792 -0.370556 0.000000
1.036196 0.430819 0.000000
1.620405 -0.330708 0.000000
0.381427 0.956568 0.000000
-1.100609 -1.064567 0.000000
0.480688 0.884765 0.000000
0.782294 -0.856584 0.000000
-0.957753 1.472854 0.000000
-0.139687 1.276329 0.000000
-0.252220 1.330139 0.000000
1.072779 0.397973 0.000000
-0.504130 -1.231852 0.000000
1.378797 -0.503001 0.000000
0.025110 -1.158352 0.000000
0.893096 -0.798191 0.000000
0.835349 0.604725 0.000000
-1.412130 -0.856372 0.000000
-0.079862 1.245265 0.000000
0.661755 0.746209 0.000000
-0.567882 -1.229518 0.000000
-0.396102 1.388914 0.000000
-1.266060 -0.956013 0.000000
-1.099962 1.440644 0.000000
-0.602242 -1.227014 0.000000
1.329803 -0.535762 0.000000
-0.152941 -1.199133 0.000000
0.391256 0.949609 0.000000
-0.800249 -1.193574 0.000000
1.440808 0.046767 0.000000
0.241028 1.052730 0.000000
-0.448101 -1.231598 0.000000
-1.715873 -0.110037 0.000000
0.633883 -0.929533 0.000000
1.081872 0.389741 0.000000
0.884708 -0.802732 0.000000
1.655577 -0.177002 0.000000
-1.627343 -0.667189 0.000000
-1.344967 -0.902204 0.000000
-0.873649 -1.171804 0.000000
-1.062566 -1.086931 0.000000
-1.057965 1.453630 0.000000
0.159719 1.105267 0.000000
-0.642095 1.458637 0.000000
-0.669966 -1.219376 0.000000
-1.078626 -1.077680 0.000000
0.512528 0.861128 0.000000
-0.446035 -1.231555 0.000000
1.721105 -0.248338 0.000000
0.047103 1.173972 0.000000
-0.480257 -1.232022 0.000000
-0.385718 1.385094 0.000000
0.369181 -1.043985 0.000000
-1.155736 -1.029853 0.000000
-0.270730 1.338329 0.000000
-0.029346 1.217724 0.000000
1.530987 -0.396612 0.000000
0.079904 1.154493 0.000000
-0.361690 -1.227227 0.000000
0.318676 1.000363 0.000000
1.291141 0.194277 0.000000
-1.224455 -0.984276 0.000000
-0.978249 -1.130428 0.000000
1.297780 0.187869 0.000000
-0.509351 -1.231767 0.000000
1.501101 -0.418085 0.000000
0.235773 1.056167 0.000000
1.300179 0.185535 0.000000
0.037415 1.179658 0.000000
1.251381 -0.586771 0.000000
-0.168973 -1.202104 0.000000
0.538008 0.841947 0.000000
-1.398105 -0.865963 0.000000
0.760163 0.667022 0.000000
-0.262728 -1.216830 0.000000
1.275164 -0.571494 0.000000
1.057356 -0.705552 0.000000
1.684743 -0.208533 0.000000
1.712542 -0.260008 0.000000
-0.173234 -1.202868 0.000000
-1.266569 1.339942 0.000000
-0.685795 -1.217084 0.000000
0.404442 0.940188 0.000000
0.035112 -1.155678 0.000000
0.167979 -1.116085 0.000000
0.929235 -0.778416 0.000000
1.597737 -0.347683 0.000000
-0.929189 -1.151435 0.000000
0.685796 -0.904707 0.000000
-1.026231 -1.106834 0.000000
1.443799 -0.458443 0.000000
-0.621423 1.454521 0.000000
-1.309733 -0.926223 0.000000
1.300854 0.184898 0.000000
-0.303755 -1.221795 0.000000
-0.346313 1.369944 0.000000
-0.776821 1.476758 0.000000
1.080182 -0.692142 0.000000
-0.521865 -1.231513 0.000000
-0.135633 1.274292 0.000000
0.187766 1.087401 0.000000
-0.262222 1.334595 0.000000
-1.045526 1.456855 0.000000
0.567962 0.819200 0.000000
1.068256 -0.699186 0.000000
-0.970560 -1.133908 0.000000
1.105886 -0.676822 0.000000
-1.377392 1.207200 0.000000
-1.075766 -1.079335 0.000000
0.008297 -1.162808 0.000000
0.373800 0.961958 0.000000
-1.583680 -0.721550 0.000000
-0.577285 -1.228924 0.000000
-0.164613 -1.201298 0.000000
0.072635 1.158864 0.000000
-0.270018 1.338032 0.000000
-0.300774 1.351272 0.000000
1.685730 -0.280887 0.000000
0.523036 -0.979990 0.000000
0.597968 0.796115 0.000000
-1.717016 -0.294043 0.000000
0.924203 0.529103 0.000000
-0.366564 -1.227609 0.000000
-1.151688 -1.032484 0.000000
1.103896 0.369753 0.000000
-0.893030 -1.165099 0.000000
-1.699087 0.106942 0.000000
1.098221 -0.681405 0.000000
0.874638 0.571540 0.000000
0.247857 1.048189 0.000000
-0.617713 -1.225572 0.000000
-0.482178 -1.232022 0.000000
1.263589 -0.578963 0.000000
0.285497 -1.075643 0.000000
-1.241365 -0.972818 0.000000
0.413990 0.933355 0.000000
-1.050568 1.455582 0.000000
0.388696 0.951433 0.000000
1.346723 0.140255 0.000000
-0.645991 -1.222516 0.000000
1.516593 -0.407009 0.000000
-0.768429 1.476121 0.000000
0.558126 0.826669 0.000000
-0.194033 1.303107 0.000000
1.650042 -0.308301 0.000000
-1.622765 -0.673936 0.000000
1.027495 0.438585 0.000000
-0.280130 -1.219036 0.000000
-0.955726 1.473151 0.000000
0.031402 1.183180 0.000000
-1.039998 -1.099492 0.000000
0.725167 -0.885356 0.000000
-0.246521 1.327550 0.000000
-1.045223 -1.096649 0.000000
-1.272547 1.334425 0.000000
0.579892 0.810034 0.000000
0.828886 0.610115 0.000000
0.532450 0.846148 0.000000
-0.302815 1.352163 0.000000
0.318958 -1.063251 0.000000
1.236526 -0.596235 0.000000
1.186359 -0.627723 0.000000
0.737946 -0.878991 0.000000
-0.440329 1.404530 0.000000
-0.094479 -1.187336 0.000000
0.166713 -1.116467 0.000000
-0.960727 1.472472 0.000000
-0.509196 1.426258 0.000000
1.559781 -0.375691 0.000000
1.093330 0.379344 0.000000
0.216075 -1.100129 0.000000
0.272683 1.031596 0.000000
-0.773372 -1.200194 0.000000
-0.112455 -1.191113 0.000000
1.146582 0.330584 0.000000
-1.716895 -0.137112 0.000000
-0.249470 1.328908 0.000000
0.346334 -1.052854 0.000000
1.638361 -0.158500 0.000000
1.363020 0.124256 0.000000
1.428235 -0.469222 0.000000
-0.978146 1.470053 0.000000
-0.792914 1.477819 0.000000
-0.420253 -1.230706 0.000000
-0.004403 1.203720 0.000000
0.813773 -0.840331 0.000000
-1.308773 -0.926902 0.000000
0.989246 -0.744848 0.000000
-0.336228 -1.225062 0.000000
-1.592856 0.680772 0.000000
1.379940 -0.502237 0.000000
-0.293859 1.348344 0.000000
-1.713618 -0.065351 0.000000
-1.287750 -0.941245 0.000000
-0.953564 -1.141377 0.000000
0.119526 -1.131277 0.000000
-0.674399 1.464451 0.000000
-0.443846 1.405719 0.000000
-0.147273 1.280191 0.000000
-0.067485 -1.181310 0.000000
0.951080 -0.766321 0.000000
0.386854 0.952749 0.000000
1.364820 0.122474 0.000000
1.013879 -0.730802 0.000000
0.180866 -1.111884 0.000000
0.545115 0.836557 0.000000
-1.488958 0.992300 0.000000
1.067127 -0.699823 0.000000
-1.504763 0.953216 0.000000
-1.463440 1.050353 0.000000
-0.005694 1.204441 0.000000
-1.634092 0.509115 0.000000
0.070855 -1.145663 0.000000
0.870019 -0.810625 0.000000
-0.857355 1.479389 0.000000
-0.020900 -1.170234 0.000000
-1.084205 1.445949 0.000000
0.409082 0.936878 0.000000
0.584469 -0.952449 0.000000
-0.228300 1.319233 0.000000
0.462763 -1.005919 0.000000
-0.049956 -1.177279 0.000000
0.532966 -0.975619 0.000000
-0.821660 -1.187803 0.000000
-0.067089 -1.181225 0.000000
1.385553 0.101977 0.000000
1.288821 0.196484 0.000000
-0.930418 -1.150968 0.000000
1.460492 0.026864 0.000000
-1.169221 1.409920 0.000000
-0.348619 1.370836 0.000000
0.315643 1.002442 0.000000
1.091950 -0.685140 0.000000
0.064054 1.163957 0.000000
-0.716179 -1.211949 0.000000
-1.009191 -1.115533 0.000000
-0.115326 1.263895 0.000000
-0.992956 -1.123511 0.000000
0.799510 -0.847715 0.000000
-0.528453 -1.231301 0.000000
-0.302326 -1.221625 0.000000
1.014392 0.450213 0.000000
1.576687 -0.093062 0.000000
-0.292211 1.347623 0.000000
-0.489832 -1.231980 0.000000
-0.263547 1.335189 0.000000
0.379021 -1.040123 0.000000
-0.496706 1.422566 0.000000
-1.570901 0.758771 0.000000
1.147404 0.329820 0.000000
-0.015132 -1.168791 0.000000
1.635501 -0.319335 0.000000
1.700609 -0.225847 0.000000
1.098895 0.374294 0.000000
0.898162 0.551509 0.000000
1.699463 -0.270236 0.000000
1.003667 0.459719 0.000000
0.745115 -0.875426 0.000000
-0.119515 1.266059 0.000000
1.574911 -0.091195 0.000000
-1.606833 0.626707 0.000000
-0.700825 -1.214623 0.000000
0.877105 -0.806806 0.000000
1.096107 -0.682678 0.000000
0.969507 -0.756009 0.000000
1.439586 0.047998 0.000000
0.783764 0.647629 0.000000
0.360549 0.971294 0.000000
1.189002 0.291202 0.000000
-1.017420 -1.111417 0.000000
0.242646 1.051626 0.000000
1.329768 -0.535805 0.000000
0.778948 -0.858282 0.000000
1.002532 0.460695 0.000000
-1.017840 -1.111205 0.000000
-1.230158 -0.980415 0.000000
0.073347 -1.144984 0.000000
-1.614057 -0.685904 0.000000
1.315158 -0.545438 0.000000
-0.379622 1.382803 0.000000
-0.501228 -1.231895 0.000000
0.713048 -0.891382 0.000000
1.433959 0.053684 0.000000
-1.367855 -0.886587 0.000000
-0.814866 1.478837 0.000000
-1.213018 -0.991957 0.000000
0.591683 -0.949181 0.000000
0.684144 0.728428 0.000000
-0.166072 -1.201595 0.000000
0.415411 -1.025525 0.000000
-1.580107 0.727028 0.000000
0.600498 0.794163 0.000000
-0.565955 1.441705 0.000000
-0.920729 -1.154830 0.000000
1.627261 -0.146617 0.000000
-0.618556 -1.225529 0.000000
0.046408 1.174396 0.000000
-0.704185 1.468992 0.000000
1.178301 0.301175 0.000000
0.716318 -0.889770 0.000000
-1.621953 -0.675082 0.000000
-1.586179 0.705343 0.000000
-1.519253 0.915065 0.000000
0.978880 0.481531 0.000000
1.399716 -0.488785 0.000000
-0.318293 -1.223322 0.000000
-1.345923 1.251801 0.000000
0.139234 1.118125 0.000000
-0.080932 -1.184365 0.000000
1.540214 -0.054954 0.000000
1.103786 -0.678095 0.000000
0.548337 0.834138 0.000000
-1.705902 0.038577 0.000000
0.566871 0.820007 0.000000
0.905597 0.545144 0.000000
-0.157509 -1.199982 0.000000
0.749555 -0.873177 0.000000
1.495619 -0.421989 0.000000
0.631625 0.769931 0.000000
1.269544 -0.575101 0.000000
1.624497 -0.143689 0.000000
-0.561584 -1.229900 0.000000
-0.449790 1.407713 0.000000
-0.980008 -1.129622 0.000000
-1.643161 0.465617 0.000000
-0.051642 -1.177660 0.000000
1.229667 -0.600563 0.000000
-0.403846 1.391757 0.000000
1.348533 -0.523328 0.000000
0.737943 0.685143 0.000000
0.001468 -1.164590 0.000000
0.018344 1.190734 0.000000
-1.010963 1.464451 0.000000
0.155073 1.108195 0.000000
-0.641922 1.458637 0.000000
-1.641891 0.471856 0.000000
0.967356 -0.757197 0.000000
-1.145090 1.422142 0.000000
0.863548 -0.814062 0.000000
1.028672 0.437524 0.000000
0.096111 -1.138322 0.000000
-0.537264 1.434194 0.000000
-1.470283 1.035373 0.000000
0.832238 0.607314 0.000000
-0.429993 1.401008 0.000000
-0.355210 1.373424 0.000000
-1.303482 1.302937 0.000000
0.879136 0.567720 0.000000
-0.992515 1.467804 0.000000
-0.582957 -1.228542 0.000000
0.650968 -0.921470 0.000000
1.606438 -0.124465 0.000000
-0.174102 -1.203038 0.000000
0.006280 1.197651 0.000000
0.234809 -1.093678 0.000000
1.265658 -0.577605 0.000000
1.084540 0.387322 0.000000
-0.235707 1.322627 0.000000
1.654520 -0.304906 0.000000
0.920568 -0.783211 0.000000
-1.673638 0.296677 0.000000
-0.286907 -1.219885 0.000000
-0.037531 1.222265 0.000000
1.527879 -0.398861 0.000000
-0.482859 1.418365 0.000000
1.523972 -0.038107 0.000000
0.549170 0.833502 0.000000
1.575730 -0.363978 0.000000
0.820188 -0.836978 0.000000
-1.257648 -0.961742 0.000000
0.087789 1.149740 0.000000
-0.735388 1.472896 0.000000
-1.244572 1.358996 0.000000
-0.019534 -1.169895 0.000000
-0.217000 -1.210209 0.000000
-0.816367 -1.189331 0.000000
0.541977 -0.971630 0.000000
0.077921 1.155681 0.000000
-1.240910 1.362009 0.000000
0.765722 0.662482 0.000000
-1.137267 1.425706 0.000000
0.185454 1.088886 0.000000
-0.107214 1.259694 0.000000
-0.887475 -1.167051 0.000000
0.535444 -0.974516 0.000000
-0.846039 -1.180631 0.000000
0.899019 -0.794966 0.000000
1.344740 -0.525875 0.000000
0.025578 1.186533 0.000000
-0.397530 1.389465 0.000000
-1.606155 -0.696003 0.000000
-1.216336 1.380554 0.000000
-0.903734 1.477819 0.000000
0.534456 0.844620 0.000000
0.675515 0.735303 0.000000
0.953080 -0.765218 0.000000
1.127542 0.348110 0.000000
-1.092992 -1.069150 0.000000
-0.633882 -1.223874 0.000000
-1.632110 0.518281 0.000000
0.906054 0.544720 0.000000
-0.398628 1.389847 0.000000
-1.560954 0.791617 0.000000
0.184683 1.089395 0.000000
-0.201956 1.306883 0.000000
1.563674 -0.372848 0.000000
0.569081 -0.959451 0.000000
-1.031242 1.460165 0.000000
-0.749190 1.474381 0.000000
0.025485 -1.158267 0.000000
0.411332 0.935265 0.000000
1.685042 -0.208872 0.000000
0.473911 -1.001209 0.000000
-1.198253 1.392775 0.000000
-0.951675 -1.142183 0.000000
1.640267 -0.160537 0.000000
0.459580 -1.007277 0.000000
-1.025880 -1.107003 0.000000
-1.155037 -1.030320 0.000000
-1.564764 -0.740350 0.000000
0.313840 1.003673 0.000000
-0.518819 -1.231598 0.000000
1.515643 -0.407688 0.000000
0.606545 -0.942306 0.000000
0.827516 0.611260 0.000000
-1.327675 1.275013 0.000000
-1.477383 1.019375 0.000000
-1.500316 -0.793905 0.000000
-0.652774 1.460674 0.000000
-1.146935 -1.035540 0.000000
1.507397 -0.413587 0.000000
0.942685 0.513147 0.000000
1.634344 -0.320226 0.000000
-1.153578 1.418025 0.000000
-1.049133 -1.094527 0.000000
-1.641199 0.475251 0.000000
-1.375402 -0.881452 0.000000
-1.175062 -1.017250 0.000000
-0.018329 -1.169598 0.000000
1.424119 -0.472065 0.000000
0.907304 -0.790468 0.000000
-1.227474 1.372491 0.000000
-1.343693 -0.903052 0.000000
1.056472 -0.706103 0.000000
-1.530810 0.883025 0.000000
-0.008127 -1.167009 0.000000
1.458371 -0.448258 0.000000
0.326141 -1.060535 0.000000
-0.026896 1.216366 0.000000
-1.365228 -0.888412 0.000000
0.863046 -0.814360 0.000000
-0.396849 1.389211 0.000000
1.481318 0.005688 0.000000
0.176777 -1.113199 0.000000
0.168682 -1.115873 0.000000
1.398542 0.089119 0.000000
-1.042022 1.457704 0.000000
-0.659235 1.461862 0.000000
0.770402 -0.862653 0.000000
-0.923483 1.476418 0.000000
0.352712 -1.050393 0.000000
1.210565 0.270960 0.000000
1.181719 0.297992 0.000000
-0.321762 -1.223704 0.000000
-0.847140 -1.180292 0.000000
1.651157 -0.172249 0.000000
-0.660722 1.462117 0.000000
-0.024528 1.215050 0.000000
1.627299 -0.325531 0.000000
-0.901256 1.477988 0.000000
-0.607442 -1.226548 0.000000
-1.619220 -0.678901 0.000000
-1.579175 0.730295 0.000000
0.285872 -1.075515 0.000000
-1.019826 1.462626 0.000000
-1.378827 -0.879118 0.000000
0.134973 -1.126524 0.000000
1.324499 0.161940 0.000000
1.222566 -0.605062 0.000000
-1.563625 0.782959 0.000000
0.130006 1.123896 0.000000
1.377885 -0.503638 0.000000
-0.697425 1.468016 0.000000
0.677081 0.734072 0.000000
1.549641 -0.383075 0.000000
-0.334242 1.365107 0.000000
-0.207580 1.309557 0.000000
1.601609 -0.119331 0.000000
-0.778507 1.476885 0.000000
-0.113051 -1.191240 0.000000
1.432303 0.055339 0.000000
0.811060 0.625010 0.000000
-1.562644 -0.742344 0.000000
-1.221874 -0.986016 0.000000
-0.876685 1.479049 0.000000
0.737747 0.685313 0.000000
0.858409 0.585289 0.000000
1.434702 0.052920 0.000000
0.842715 -0.825138 0.000000
0.815796 -0.839270 0.000000
-0.783608 1.477267 0.000000
0.104206 1.139768 0.000000
-0.573603 1.443615 0.000000
1.397778 0.089840 0.000000
1.084505 -0.689553 0.000000
0.314573 -1.064906 0.000000
0.032923 1.182289 0.000000
-0.498151 -1.231937 0.000000
0.153620 -1.120668 0.000000
-1.386489 1.193153 0.000000
1.435879 0.051732 0.000000
-0.570994 1.442978 0.000000
0.351080 -1.051029 0.000000
-0.322826 -1.223789 0.000000
1.462164 0.025167 0.000000
0.230493 1.059647 0.000000
-0.037414 -1.174266 0.000000
-0.177585 1.295171 0.000000
0.895791 -0.796706 0.000000
-0.984596 -1.127458 0.000000
-0.498127 1.422990 0.000000
-0.374900 -1.228203 0.000000
-1.556490 -0.748031 0.000000
-1.193386 -1.005113 0.000000
0.724306 -0.885781 0.000000
0.278640 -1.078146 0.000000
-0.779612 -1.198709 0.000000
0.293258 1.017720 0.000000
-0.008802 -1.167179 0.000000
1.531475 -0.396273 0.000000
-1.104250 1.439116 0.000000
0.632503 -0.930169 0.000000
0.934522 -0.775487 0.000000
-1.218700 1.378856 0.000000
-0.507799 1.425876 0.000000
-1.275476 -0.949605 0.000000
1.605405 -0.123362 0.000000
0.919016 0.533601 0.000000
0.866009 -0.812747 0.000000
-1.261840 1.344270 0.000000
0.540534 -0.972267 0.000000
0.643066 0.760977 0.000000
-1.064649 1.451847 0.000000
-1.717979 -0.181203 0.000000
-0.878798 -1.170107 0.000000
1.353379 0.133720 0.000000
-1.085354 1.445567 0.000000
-0.755072 1.474933 0.000000
1.707248 -0.264167 0.000000
-1.595623 0.670375 0.000000
0.733954 0.688368 0.000000
0.989766 0.471983 0.000000
1.333079 -0.533598 0.000000
0.294394 -1.072375 0.000000
-1.122113 1.432199 0.000000
0.307386 1.008086 0.000000
-0.163270 1.288169 0.000000
-0.637951 -1.223450 0.000000
-0.588857 -1.228075 0.000000
1.137657 -0.657641 0.000000
1.204937 0.276265 0.000000
-0.959433 1.472641 0.000000
0.107201 1.137943 0.000000
0.617128 -0.937384 0.000000
-1.708277 -0.413290 0.000000
1.446325 0.041208 0.000000
-1.452582 -0.828406 0.000000
-0.741308 -1.207154 0.000000
1.596367 -0.113814 0.000000
-0.027780 -1.171932 0.000000
-0.541742 -1.230834 0.000000
-0.773344 1.476503 0.000000
1.463338 0.023978 0.000000
1.366558 -0.511234 0.000000
-1.511960 0.934543 0.000000
-0.237152 1.323306 0.000000
-0.761019 1.475527 0.000000
1.170134 -0.637780 0.000000
-1.326990 -0.914468 0.000000
-1.589459 -0.715355 0.000000
0.377637 0.959242 0.000000
-0.359481 -1.227057 0.000000
-1.556858 0.804729 0.000000
-0.078141 1.244332 0.000000
-0.088029 1.249594 0.000000
-0.438329 1.403851 0.000000
-1.377085 -0.880306 0.000000
-1.682467 0.238284 0.000000
1.253949 -0.585116 0.000000
-0.929035 1.475951 0.000000
-0.879176 1.478964 0.000000
1.603519 -0.121368 0.000000
-1.180455 -1.013685 0.000000
0.996278 0.466254 0.000000
0.748846 0.676273 0.000000
-0.367531 1.378220 0.000000
0.197961 -1.106239 0.000000
0.294493 -1.072332 0.000000
0.071072 1.159798 0.000000
0.759502 -0.868169 0.000000
-0.903748 1.477819 0.000000
0.877243 0.569333 0.000000
-1.442187 1.094360 0.000000
-0.501459 -1.231895 0.000000
-0.795933 1.477988 0.000000
1.013384 -0.731056 0.000000
1.047168 -0.711535 0.000000
-1.384306 -0.875384 0.000000
-0.489509 -1.231980 0.000000
-0.320895 -1.223619 0.000000
1.091678 -0.685309 0.000000
0.325015 -1.060959 0.000000
-1.512648 -0.784484 0.000000
-0.496038 -1.231937 0.000000
1.542145 -0.056949 0.000000
1.146079 -0.652548 0.000000
0.866763 0.578245 0.000000
0.823117 -0.835451 0.000000
1.415886 -0.477751 0.000000
0.376326 -1.041184 0.000000
0.950846 -0.766448 0.000000
0.559547 0.825608 0.000000
-0.251398 1.329757 0.000000
0.094304 1.145794 0.000000
-0.609143 1.451847 0.000000
-1.077531 1.448071 0.000000
-0.418745 -1.230622 0.000000
0.037401 1.179658 0.000000
-1.334252 -0.909503 0.000000
-1.430513 1.116979 0.000000
-1.220339 1.377668 0.000000
-0.749899 1.474424 0.000000
-1.574714 0.745785 0.000000
0.085294 -1.141504 0.000000
-1.491725 -0.800271 0.000000
-1.437737 -0.838761 0.000000
-0.218398 1.314649 0.000000
0.839889 0.600906 0.000000
1.384287 -0.499309 0.000000
1.611535 -0.337371 0.000000
0.777148 -0.859215 0.000000
0.317292 1.001296 0.000000
-1.648678 0.437906 0.000000
0.631832 -0.930509 0.000000
0.037779 -1.154914 0.000000
-0.524646 -1.231428 0.000000
0.036052 -1.155381 0.000000
1.144351 0.332663 0.000000
0.338266 0.986826 0.000000
-1.288621 1.318681 0.000000
-1.137739 -1.041396 0.000000
-1.150298 1.419638 0.000000
1.283180 0.201916 0.000000
1.230235 -0.600224 0.000000
-0.164200 -1.201255 0.000000
0.056537 -1.149737 0.000000
1.162992 -0.642151 0.000000
-1.511636 0.935392 0.000000
0.366682 0.966965 0.000000
1.649030 -0.169958 0.000000
0.089396 -1.140316 0.000000
1.420591 -0.474484 0.000000
1.174505 -0.635064 0.000000
-1.568305 0.767512 0.000000
1.403227 -0.486408 0.000000
-0.082106 1.246454 0.000000
-0.116699 -1.192004 0.000000
1.179058 -0.632263 0.000000
-0.136331 1.274632 0.000000
1.543618 -0.387488 0.000000
0.981870 0.478900 0.000000
0.388358 0.951688 0.000000
0.174571 1.095846 0.000000
0.655219 -0.919433 0.000000
0.391962 -1.034946 0.000000
0.148464 -1.122323 0.000000
-1.698509 -0.478048 0.000000
0.852400 -0.820004 0.000000
0.909135 -0.789449 0.000000
-0.820263 1.479007 0.000000
-1.666751 -0.591482 0.000000
-1.454691 -0.826921 0.000000
0.549376 0.833332 0.000000
1.472841 -0.438115 0.000000
-0.193558 1.302894 0.000000
1.331252 -0.534829 0.000000
-0.862484 1.479346 0.000000
-0.889209 -1.166457 0.000000
0.755100 -0.870376 0.000000
-0.467199 -1.231895 0.000000
1.030001 -0.721508 0.000000
-1.687564 0.201576 0.000000
-0.003426 1.203168 0.000000
-0.752133 1.474636 0.000000
-1.524460 -0.775190 0.000000
-0.109616 -1.190519 0.000000
0.439125 0.915235 0.000000
1.222250 -0.605274 0.000000
-1.253167 -0.964798 0.000000
-1.674468 0.291415 0.000000
-0.781092 1.477097 0.000000
0.930498 -0.777737 0.000000
0.908137 -0.790001 0.000000
1.436994 0.050629 0.000000
0.336229 0.988226 0.000000
-0.440480 1.404573 0.000000
1.237662 -0.595513 0.000000
-1.431432 -0.843089 0.000000
-0.092851 -1.186954 0.000000
1.666601 -0.188884 0.000000
0.748227 0.676783 0.000000
1.233453 -0.598187 0.000000
1.547900 -0.384348 0.000000
-0.731413 -1.209149 0.000000
-1.692231 -0.508221 0.000000
-0.157488 1.285283 0.000000
0.899116 -0.794924 0.000000
-1.444387 -0.834135 0.000000
-0.578566 1.444845 0.000000
0.634644 0.767555 0.000000
0.941629 -0.771583 0.000000
1.556776 -0.072183 0.000000
0.206879 -1.103226 0.000000
1.141612 0.335167 0.000000
0.215858 1.069238 0.000000
-0.686700 -1.216914 0.000000
-0.540410 1.435085 0.000000
0.617982 -0.937002 0.000000
-0.037916 -1.174393 0.000000
0.989384 0.472322 0.000000
0.034696 1.181271 0.000000
-0.403505 1.391630 0.000000
-1.245908 1.357892 0.000000
1.267861 -0.576205 0.000000
0.207608 -1.102972 0.000000
-1.163618 -1.024718 0.000000
-1.694806 -0.496593 0.000000
-1.114252 -1.056164 0.000000
-0.007518 1.205502 0.000000
-0.367149 -1.227651 0.000000
-0.826575 1.479219 0.000000
1.589873 -0.353539 0.000000
1.529854 -0.044218 0.000000
0.229736 -1.095418 0.000000
-1.421278 -0.850091 0.000000
-0.848155 1.479516 0.000000
-1.560272 -0.744551 0.000000
0.036262 -1.155339 0.000000
-0.238285 1.323816 0.000000
-0.951671 1.473617 0.000000
0.701656 0.714424 0.000000
0.398023 0.944771 0.000000
1.010393 0.453778 0.000000
1.408579 0.079104 0.000000
-1.598872 -0.704745 0.000000
-1.522192 0.907044 0.000000
-1.212898 -0.992042 0.000000
-0.730342 -1.209361 0.000000
1.235246 -0.597041 0.000000
-1.103149 -1.062996 0.000000
0.491960 -0.993485 0.000000
0.641434 -0.925968 0.000000
0.242364 1.051839 0.000000
0.302499 1.011439 0.000000
1.035046 0.431838 0.000000
0.046360 -1.152580 0.000000
-1.475969 1.022600 0.000000
0.223479 -1.097582 0.000000
1.420498 -0.474569 0.000000
1.397682 0.089967 0.000000
-1.441434 -0.836172 0.000000
-1.495212 0.977108 0.000000
1.157915 0.320102 0.000000
1.117316 -0.669947 0.000000
1.098014 0.375100 0.000000
0.447100 -1.012497 0.000000
0.238333 1.054470 0.000000
0.425557 -1.021366 0.000000
-0.664900 -1.220097 0.000000
-0.631552 1.456558 0.000000
1.266260 0.218126 0.000000
1.654857 -0.304609 0.000000
0.023799 -1.158691 0.000000
-0.542557 1.435637 0.000000
-1.477531 1.019035 0.000000
1.406906 -0.483905 0.000000
1.408052 -0.483098 0.000000
0.826817 0.611854 0.000000
-1.247391 -0.968744 0.000000
-0.693987 -1.215726 0.000000
0.477026 -0.999893 0.000000
-1.418714 -0.851874 0.000000
-0.261369 1.334213 0.000000
0.330016 -1.059092 0.000000
0.768726 -0.863501 0.000000
-1.431469 -0.843089 0.000000
1.090301 -0.686116 0.000000
-0.963270 -1.137176 0.000000
-0.995093 1.467337 0.000000
-0.649594 -1.222049 0.000000
-1.345338 -0.901949 0.000000
0.973910 0.485902 0.000000
0.009915 -1.162383 0.000000
-1.116647 1.434406 0.000000
-0.127871 1.270345 0.000000
0.248631 1.047680 0.000000
-1.167435 1.410896 0.000000
-0.125486 -1.193786 0.000000
1.676062 -0.199112 0.000000
-0.917422 1.476927 0.000000
-1.624073 0.554438 0.000000
0.140063 1.117616 0.000000
-0.770202 1.476249 0.000000
-1.413507 -0.855438 0.000000
-0.517439 -1.231598 0.000000
0.731968 -0.882004 0.000000
0.648948 0.756352 0.000000
-0.194866 -1.206602 0.000000
0.278878 -1.078061 0.000000
-0.085578 1.248278 0.000000
0.756442 -0.869697 0.000000
-0.139625 -1.196587 0.000000
-1.479947 -0.808928 0.000000
0.291509 -1.073436 0.000000
-0.819564 -1.188397 0.000000
-1.595651 -0.708480 0.000000
-0.263682 1.335231 0.000000
0.916855 0.535468 0.000000
-1.354648 1.240046 0.000000
0.509978 -0.985719 0.000000
1.614447 -0.132953 0.000000
-0.638040 -1.223450 0.000000
0.794437 0.638802 0.000000
0.539381 -0.972776 0.000000
-0.361680 -1.227227 0.000000
-0.819647 1.479007 0.000000
-0.131117 -1.194932 0.000000
-0.548243 1.437122 0.000000
0.218629 1.067413 0.000000
1.672930 -0.195717 0.000000
-1.680419 0.252330 0.000000
0.141096 -1.124615 0.000000
-0.914655 1.477140 0.000000
0.896452 -0.796366 0.000000
-0.892083 -1.165439 0.000000
-1.365363 1.224938 0.000000
-1.626586 -0.668335 0.000000
-0.340706 1.367695 0.000000
0.272738 -1.080268 0.000000
0.194540 1.083072 0.000000
-0.003319 1.203126 0.000000
1.547022 -0.062041 0.000000
1.023434 0.442192 0.000000
-1.618194 0.579857 0.000000
0.034675 1.181271 0.000000
-0.066043 1.237839 0.000000
-1.426135 -0.846781 0.000000
-0.211779 1.311552 0.000000
0.291509 1.018908 0.000000
-1.015451 -1.112435 0.000000
1.128168 -0.663412 0.000000
-0.946736 1.474169 0.000000
-0.642604 1.458765 0.000000
0.515839 0.858624 0.000000
-1.232867 1.368332 0.000000
-0.117921 1.265211 0.000000
-1.477015 1.020223 0.000000
-0.797031 1.478031 0.000000
-0.494506 -1.231937 0.000000
1.422480 -0.473211 0.000000
-1.243158 1.360184 0.000000
0.990423 0.471389 0.000000
-0.284766 1.344440 0.000000
1.352095 0.134993 0.000000
-0.162785 -1.200958 0.000000
0.132763 -1.127203 0.000000
-1.652323 0.418980 0.000000
1.163794 -0.641684 0.000000
-0.759601 1.475357 0.000000
0.398945 0.944134 0.000000
1.526113 -0.040313 0.000000
1.315881 0.170343 0.000000
1.172275 0.306777 0.000000
-1.281131 1.326107 0.000000
0.496545 -0.991533 0.000000
-0.910593 -1.158649 0.000000
0.782308 0.648817 0.000000
0.830703 0.608629 0.000000
1.556367 -0.071759 0.000000
1.238609 -0.594919 0.000000
0.901322 -0.793735 0.000000
0.410341 0.935986 0.000000
1.654599 -0.175941 0.000000
0.570612 -0.958772 0.000000
-1.270981 -0.952661 0.000000
1.545229 -0.060174 0.000000
-0.254330 1.331072 0.000000
-1.597943 0.661505 0.000000
-0.218845 1.314862 0.000000
0.191862 -1.108234 0.000000
-0.245932 -1.214496 0.000000
-1.439086 1.100471 0.000000
-1.077683 -1.078231 0.000000
0.308712 -1.067070 0.000000
1.208999 -0.613591 0.000000
0.087131 1.150122 0.000000
-1.016474 1.463305 0.000000
-0.352518 -1.226505 0.000000
-0.332907 -1.224765 0.000000
-1.181760 1.402833 0.000000
0.689885 -0.902713 0.000000
-1.425350 1.126655 0.000000
0.247922 -1.089095 0.000000
1.319605 -0.542510 0.000000
-0.858030 -1.176939 0.000000
1.574791 -0.091068 0.000000
-0.350167 -1.226293 0.000000
1.037390 0.429758 0.000000
-1.710345 -0.015658 0.000000
1.141044 -0.655604 0.000000
0.989411 0.472280 0.000000
-0.654069 1.460886 0.000000
-1.361800 1.230073 0.000000
1.006331 -0.735130 0.000000
0.435325 -1.017377 0.000000
1.598408 -0.115936 0.000000
-0.488325 1.420020 0.000000
-0.761312 -1.202910 0.000000
0.233267 1.057822 0.000000
-0.011590 1.207794 0.000000
-0.846445 -1.180504 0.000000
-0.609569 -1.226335 0.000000
1.285400 -0.564874 0.000000
1.413614 -0.479279 0.000000
1.321274 -0.541406 0.000000
-1.220229 1.377753 0.000000
0.409698 0.936453 0.000000
-0.522536 1.430120 0.000000
0.838423 -0.827388 0.000000
0.203520 1.077258 0.000000
-1.054440 -1.091556 0.000000
-0.654082 1.460886 0.000000
-1.107489 -1.060323 0.000000
1.352794 -0.520485 0.000000
-1.147589 1.420953 0.000000
-0.179275 -1.203929 0.000000
-1.113928 -1.056376 0.000000
-0.002142 -1.165481 0.000000
0.770636 -0.862525 0.000000
-0.981426 -1.128986 0.000000
1.120207 0.354858 0.000000
1.485393 -0.429246 0.000000
-0.501607 1.424051 0.000000
-1.529695 0.886166 0.000000
-1.623405 0.557366 0.000000
-0.872833 1.479177 0.000000
-0.157199 1.285113 0.000000
0.342785 -1.054212 0.000000
1.227657 0.254877 0.000000
-1.514186 -0.783296 0.000000
-0.532779 1.432963 0.000000
1.200012 -0.619235 0.000000
1.670758 -0.193383 0.000000
1.319543 -0.542552 0.000000
0.494948 -0.992212 0.000000
1.455098 0.032338 0.000000
1.353975 -0.519679 0.000000
-1.018511 1.462881 0.000000
-1.570016 -0.735342 0.000000
-0.030840 -1.172695 0.000000
1.467974 0.019268 0.000000
-0.474943 1.415861 0.000000
0.563323 0.822723 0.000000
0.886653 -0.801671 0.000000
-0.604816 1.450914 0.000000
-0.438667 -1.231343 0.000000
1.235466 0.247450 0.000000
0.398343 0.944559 0.000000
1.554301 -0.379680 0.000000
-0.794577 1.477904 0.000000
-0.032096 -1.172992 0.000000
-1.018353 -1.110950 0.000000
0.597107 0.796794 0.000000
0.071158 -1.145578 0.000000
-0.344960 -1.225869 0.000000
0.204476 1.076622 0.000000
-1.346285 1.251334 0.000000
1.046604 0.421483 0.000000
-0.572591 -1.229221 0.000000
-0.740620 1.473533 0.000000
-0.833277 -1.184493 0.000000
0.027712 -1.157673 0.000000
-0.963793 1.472090 0.000000
1.187907 0.292221 0.000000
1.407429 -0.483523 0.000000
0.649416 -0.922191 0.000000
-0.281689 -1.219248 0.000000
-0.355936 1.373721 0.000000
1.411756 0.075921 0.000000
-0.933753 1.475570 0.000000
0.449399 0.907723 0.000000
-0.940912 -1.146724 0.000000
-1.012068 -1.114133 0.000000
-1.272837 -0.951430 0.000000
1.325094 -0.538860 0.000000
0.168358 -1.115957 0.000000
1.149104 0.328250 0.000000
0.408662 -1.028241 0.000000
1.674083 -0.196990 0.000000
0.167663 1.100259 0.000000
-0.306639 1.353734 0.000000
-1.565982 -0.739204 0.000000
1.210792 0.270748 0.000000
-0.008038 -1.167009 0.000000
1.062292 -0.702666 0.000000
-0.906315 -1.160261 0.000000
-0.647326 -1.222346 0.000000
0.831002 -0.831292 0.000000
-0.863864 1.479346 0.000000
-1.537814 0.862783 0.000000
0.471664 -1.002142 0.000000
0.888215 0.559997 0.000000
1.245516 0.237902 0.000000
-1.074447 1.448962 0.000000
-0.159505 1.286302 0.000000
1.132116 0.343909 0.000000
-1.706663 -0.426276 0.000000
0.158301 -1.119183 0.000000
-0.922313 1.476503 0.000000
-1.208551 1.385943 0.000000
0.839982 0.600821 0.000000
1.301993 0.183795 0.000000
0.339206 0.986189 0.000000
-0.900295 -1.162511 0.000000
-0.035834 1.221331 0.000000
0.497488 -0.991109 0.000000
0.278527 -1.078189 0.000000
-0.874014 1.479134 0.000000
1.106047 -0.676737 0.000000
0.813463 0.623015 0.000000
-0.321380 1.359887 0.000000
0.056286 1.168582 0.000000
-1.368405 -0.886247 0.000000
-1.205322 -0.997135 0.000000
-0.777998 1.476843 0.000000
-0.687571 -1.216787 0.000000
1.270115 -0.574762 0.000000
0.551961 -0.967174 0.000000
-0.905861 1.477691 0.000000
-0.790946 1.477691 0.000000
-0.261031 1.334043 0.000000
-0.026964 1.216408 0.000000
-0.102144 1.257020 0.000000
-1.217537 -0.988944 0.000000
-0.791817 1.477734 0.000000
-0.872406 1.479177 0.000000
-1.365910 1.224174 0.000000
0.500241 -0.989920 0.000000
0.060674 1.165993 0.000000
-0.986678 -1.126482 0.000000
0.477388 0.887227 0.000000
-0.950387 -1.142693 0.000000
-0.666889 -1.219800 0.000000
0.498056 0.871907 0.000000
-0.128099 1.270473 0.000000
0.637948 -0.927623 0.000000
0.161867 1.103909 0.000000
0.894163 -0.797597 0.000000
0.679174 -0.907933 0.000000
-1.188667 -1.008253 0.000000
-0.535977 -1.231046 0.000000
1.056124 -0.706273 0.000000
0.156157 -1.119862 0.000000
-0.211466 1.311382 0.000000
-1.475225 -0.812323 0.000000
-0.187494 1.299966 0.000000
1.515206 -0.407985 0.000000
0.418602 0.930045 0.000000
1.615404 -0.334485 0.000000
-0.228097 -1.211907 0.000000
1.678155 -0.201403 0.000000
1.070814 -0.697658 0.000000
1.410227 0.077449 0.000000
1.698961 -0.224064 0.000000
-1.152742 -1.031763 0.000000
0.189649 1.086212 0.000000
0.217424 -1.099662 0.000000
0.279205 1.027225 0.000000
0.119922 -1.131192 0.000000
-0.929038 1.475951 0.000000
1.636199 -0.318826 0.000000
-1.587817 0.699401 0.000000
-0.128398 1.270600 0.000000
-1.279669 1.327550 0.000000
-1.626551 -0.668377 0.000000
-0.818962 -1.188567 0.000000
-1.543793 0.845044 0.000000
0.223578 -1.097540 0.000000
0.950017 0.506739 0.000000
-1.589500 -0.715312 0.000000
1.678262 -0.286659 0.000000
0.451691 0.906068 0.000000
0.415914 -1.025313 0.000000
1.378136 0.109361 0.000000
0.911193 0.540306 0.000000
-1.495380 0.976683 0.000000
1.420160 -0.474781 0.000000
1.353131 0.133974 0.000000
-1.131967 1.428083 0.000000
1.485193 -0.429373 0.000000
-1.171293 1.408817 0.000000
1.417366 -0.476733 0.000000
-1.036119 1.459062 0.000000
-0.916871 1.476970 0.000000
0.492397 -0.993315 0.000000
-1.594319 0.675297 0.000000
-0.723325 1.471538 0.000000
-0.046741 -1.176515 0.000000
0.633436 0.768531 0.000000
0.885851 0.561991 0.000000
-0.713928 -1.212374 0.000000
-0.102240 1.257063 0.000000
1.432589 0.055042 0.000000
1.188172 0.291966 0.000000
1.531971 -0.046382 0.000000
0.556883 0.827645 0.000000
-0.182169 -1.204438 0.000000
1.346726 -0.524517 0.000000
0.785643 0.646059 0.000000
-0.482921 -1.232022 0.000000
1.508002 -0.413163 0.000000
-0.749661 1.474424 0.000000
1.370561 0.116830 0.000000
-0.390192 1.386749 0.000000
-0.021640 -1.170404 0.000000
0.409464 -1.027944 0.000000
-0.525087 -1.231385 0.000000
-1.307251 1.298820 0.000000
0.879521 0.567381 0.000000
0.868642 -0.811347 0.000000
-1.156989 1.416370 0.000000
-0.096572 -1.187760 0.000000
-1.394935 1.179573 0.000000
0.420908 -1.023276 0.000000
0.376412 -1.041141 0.000000
0.721033 0.698850 0.000000
-1.467330 -0.817967 0.000000
1.648807 -0.309235 0.000000
1.024504 0.441216 0.000000
-0.929788 -1.151180 0.000000
1.556773 -0.072183 0.000000
1.574846 -0.091110 0.000000
1.073946 -0.695834 0.000000
0.885548 -0.802265 0.000000
0.335031 0.989075 0.000000
0.365563 -1.045385 0.000000
0.163653 1.102805 0.000000
-0.437703 1.403639 0.000000
0.961364 0.496893 0.000000
-0.264718 1.335698 0.000000
0.729249 -0.883362 0.000000
0.636805 -0.928175 0.000000
-0.203168 -1.208003 0.000000
0.353631 -1.050053 0.000000
-0.481128 -1.232022 0.000000
0.664612 0.743960 0.000000
-0.503813 1.424688 0.000000
-0.487829 -1.231980 0.000000
-0.416532 1.396298 0.000000
0.565450 -0.961106 0.000000
-0.473611 -1.231980 0.000000
1.102668 0.370856 0.000000
-0.731134 -1.209191 0.000000
-0.767562 1.476036 0.000000
0.748392 -0.873771 0.000000
0.759217 -0.868297 0.000000
1.517712 -0.031656 0.000000
-0.953623 -1.141335 0.000000
0.135441 1.120501 0.000000
-1.338076 -0.906914 0.000000
0.087207 1.150080 0.000000
0.508746 -0.986228 0.000000
0.454627 0.903904 0.000000
-0.980431 1.469713 0.000000
1.673605 -0.196481 0.000000
-0.428231 -1.231003 0.000000
0.220904 1.065928 0.000000
1.263441 -0.579048 0.000000
1.517546 -0.406330 0.000000
-1.197041 -1.002651 0.000000
-0.996831 1.466997 0.000000
0.215339 -1.100383 0.000000
-0.237548 -1.213307 0.000000
0.590021 -0.949902 0.000000
1.026893 -0.723290 0.000000
1.481438 -0.432047 0.000000
0.910061 0.541282 0.000000
-1.182696 1.402324 0.000000
-1.038584 1.458468 0.000000
-1.708194 -0.414011 0.000000
0.827929 0.610921 0.000000
-0.501128 -1.231895 0.000000
-0.859073 1.479389 0.000000
-0.954752 -1.140868 0.000000
1.516424 -0.407137 0.000000
1.008906 -0.733645 0.000000
1.293282 0.192198 0.000000
-1.080298 -1.076703 0.000000
1.218901 0.263109 0.000000
-0.067068 1.238391 0.000000
-1.199516 1.392012 0.000000
-1.038470 1.458510 0.000000
1.318878 -0.542977 0.000000
1.121728 -0.667316 0.000000
-1.500017 -0.794117 0.000000
-0.146213 -1.197860 0.000000
-0.192481 -1.206220 0.000000
0.212117 1.071657 0.000000
1.123284 -0.666340 0.000000
1.166754 0.311912 0.000000
-1.369806 1.218530 0.000000
-0.271477 1.338669 0.000000
0.907548 -0.790340 0.000000
0.696792 0.718328 0.000000
1.244498 -0.591142 0.000000
0.414699 -1.025822 0.000000
0.324031 0.996671 0.000000
1.528836 -0.398182 0.000000
0.254803 -1.086676 0.000000
0.194533 -1.107385 0.000000
0.304120 -1.068810 0.000000
-0.747610 -1.205881 0.000000
0.389949 -1.035752 0.000000
1.286715 -0.564025 0.000000
0.690522 0.723336 0.000000
0.803051 -0.845890 0.000000
-0.377093 1.381869 0.000000
-0.602848 -1.226972 0.000000
-1.317818 -0.920706 0.000000
-0.500199 -1.231937 0.000000
-0.353114 1.372618 0.000000
0.614224 0.783511 0.000000
0.017338 -1.160431 0.000000
-1.262690 -0.958347 0.000000
1.113743 0.360756 0.000000
0.924599 -0.780962 0.000000
1.557499 -0.377346 0.000000
0.788974 0.643343 0.000000
-0.936403 -1.148549 0.000000
-0.938272 1.475060 0.000000
1.231388 0.251312 0.000000
-1.362275 -0.890406 0.000000
-0.543845 1.435976 0.000000
-1.176642 -1.016189 0.000000
1.229037 0.253561 0.000000
-0.843981 1.479431 0.000000
-1.467178 -0.818094 0.000000
-0.540200 1.435000 0.000000
0.477928 -0.999511 0.000000
0.900386 0.549600 0.000000
0.211147 -1.101784 0.000000
1.498833 -0.419698 0.000000
0.125783 -1.129367 0.000000
1.480595 -0.432641 0.000000
1.637511 -0.317807 0.000000
0.506856 0.865329 0.000000
-0.762895 -1.202571 0.000000
1.353324 0.133805 0.000000
0.126509 1.126061 0.000000
-0.552456 -1.230324 0.000000
1.402776 0.084875 0.000000
-0.491588 -1.231980 0.000000
0.718472 0.700887 0.000000
0.877498 -0.806594 0.000000
0.061583 -1.148337 0.000000
-0.018067 -1.169513 0.000000
-1.707468 0.020626 0.000000
-1.398927 -0.865411 0.000000
-1.671081 0.312591 0.000000
-0.892510 1.478498 0.000000
-1.246421 1.357510 0.000000
-0.391620 -1.229264 0.000000
-1.682856 0.235525 0.000000
1.088907 -0.686964 0.000000
-1.627477 -0.667019 0.000000
-0.804376 -1.192471 0.000000
0.252345 1.045219 0.000000
-1.045584 1.456855 0.000000
-0.296671 -1.220988 0.000000
-1.282460 -0.944853 0.000000
-0.331833 1.364131 0.000000
0.974422 0.485435 0.000000
-1.183635 1.401772 0.000000
-0.923834 -1.153599 0.000000
1.682247 -0.205859 0.000000
-0.082663 1.246751 0.000000
0.690955 -0.902204 0.000000
-1.232461 -0.978844 0.000000
0.195380 -1.107088 0.000000
0.620226 0.778843 0.000000
-1.651188 -0.626153 0.000000
1.309503 0.176538 0.000000
0.847120 -0.822804 0.000000
-1.463891 1.049420 0.000000
-1.365315 1.225023 0.000000
1.529576 -0.043920 0.000000
-1.369379 -0.885568 0.000000
0.662829 -0.915783 0.000000
-0.222149 1.316389 0.000000
1.617132 -0.135838 0.000000
1.046243 0.421823 0.000000
0.486347 -0.995904 0.000000
-0.770584 -1.200873 0.000000
-1.543889 -0.759107 0.000000
-0.808513 -1.191410 0.000000
-0.371169 1.379620 0.000000
-1.503782 -0.791274 0.000000
-0.476389 -1.231980 0.000000
0.257146 1.042036 0.000000
-0.631607 1.456600 0.000000
-1.714135 -0.349932 0.000000
1.310505 -0.548493 0.000000
0.788517 -0.853359 0.000000
-0.352277 1.372321 0.000000
-0.483530 1.418535 0.000000
-0.811493 -1.190604 0.000000
-0.869846 -1.173077 0.000000
-0.744199 1.473872 0.000000
-1.510903 -0.785842 0.000000
1.331438 0.155193 0.000000
1.256602 0.227378 0.000000
1.282757 -0.566571 0.000000
1.123225 -0.666383 0.000000
-1.564661 -0.740477 0.000000
1.218619 -0.607565 0.000000
0.933400 -0.776124 0.000000
-0.358641 1.374782 0.000000
-1.061375 1.452739 0.000000
-1.689870 0.184092 0.000000
0.370365 0.964377 0.000000
-0.830668 -1.185214 0.000000
0.335699 -1.056928 0.000000
-1.077287 1.448155 0.000000
-1.318891 -0.919985 0.000000
-0.916816 1.476970 0.000000
0.335330 0.988863 0.000000
1.650937 -0.307622 0.000000
0.141956 1.116427 0.000000
-1.279366 1.327847 0.000000
0.710443 0.707380 0.000000
0.007116 -1.163105 0.000000
-0.593754 1.448410 0.000000
1.345924 0.141019 0.000000
0.552302 -0.967004 0.000000
0.525731 -0.978802 0.000000
0.405041 0.939763 0.000000
-1.465075 1.046831 0.000000
-1.696537 -0.488191 0.000000
1.375589 -0.505165 0.000000
0.840223 -0.826454 0.000000
-1.057775 -1.089647 0.000000
-1.103789 1.439286 0.000000
-0.622686 -1.225105 0.000000
1.400824 0.086827 0.000000
-0.696637 1.467931 0.000000
-0.494816 -1.231937 0.000000
0.961588 0.496681 0.000000
-1.473105 -0.813850 0.000000
-1.466714 -0.818391 0.000000
-1.531626 -0.769377 0.000000
-1.278378 -0.947653 0.000000
0.586231 0.805154 0.000000
-0.107193 1.259651 0.000000
0.985433 -0.747012 0.000000
-0.808117 1.478583 0.000000
-1.670186 -0.582570 0.000000
0.517481 0.857393 0.000000
-1.328542 -0.913407 0.000000
1.349617 0.137412 0.000000
1.234919 0.247959 0.000000
-0.320062 1.359335 0.000000
0.240746 -1.091599 0.000000
1.675618 -0.288696 0.000000
1.521418 -0.403529 0.000000
1.118073 0.356810 0.000000
-0.507947 1.425919 0.000000
0.522055 0.853956 0.000000
-0.629615 -1.224341 0.000000
0.394075 0.947614 0.000000
-1.002052 1.466064 0.000000
-1.622466 -0.674361 0.000000
-1.210581 1.384585 0.000000
-0.375262 1.381148 0.000000
-1.075339 1.448707 0.000000
-1.683516 0.230900 0.000000
-0.451804 -1.231682 0.000000
-0.637964 1.457873 0.000000
0.255329 -1.086464 0.000000
0.047313 -1.152326 0.000000
0.138383 -1.125463 0.000000
1.405006 -0.485178 0.000000
0.122203 -1.130471 0.000000
0.016093 1.192050 0.000000
0.087190 -1.140953 0.000000
-0.061765 -1.180037 0.000000
0.228961 1.060665 0.000000
1.058564 -0.704873 0.000000
-0.000483 -1.165099 0.000000
0.912639 0.539075 0.000000
-0.159884 -1.200449 0.000000
-0.499803 1.423500 0.000000
-0.611727 -1.226166 0.000000
1.077911 -0.693457 0.000000
0.996508 -0.740732 0.000000
-0.459352 -1.231810 0.000000
0.198567 -1.106027 0.000000
-0.448011 1.407119 0.000000
0.155159 1.108152 0.000000
0.648087 -0.922828 0.000000
1.552033 -0.067261 0.000000
1.599042 -0.346707 0.000000
-0.915309 -1.156866 0.000000
1.069781 -0.698253 0.000000
1.173262 -0.635828 0.000000
-0.398022 1.389635 0.000000
-1.077724 1.448028 0.000000
0.666852 0.742178 0.000000
0.097261 1.143969 0.000000
-1.117828 1.433939 0.000000
1.039221 0.428103 0.000000
-0.819323 -1.188482 0.000000
-0.004534 -1.166118 0.000000
0.118029 -1.131744 0.000000
-0.876764 1.479049 0.000000
-0.228458 1.319317 0.000000
-1.214192 1.382124 0.000000
-0.503311 1.424561 0.000000
-0.933571 1.475570 0.000000
-0.917387 -1.156060 0.000000
-0.971974 -1.133272 0.000000
-1.284405 1.322925 0.000000
-0.296974 1.349702 0.000000
-0.856368 -1.177448 0.000000
-0.886879 1.478710 0.000000
-0.715904 -1.211992 0.000000
1.405674 -0.484711 0.000000
-0.592550 1.448155 0.000000
-1.645471 0.454117 0.000000
-0.459042 -1.231810 0.000000
0.203967 1.076961 0.000000
-0.081452 -1.184493 0.000000
0.587567 -0.951048 0.000000
1.470345 -0.439855 0.000000
0.933737 0.520870 0.000000
-1.561938 -0.743023 0.000000
0.706701 -0.894480 0.000000
-0.418153 -1.230622 0.000000
-0.295439 1.349023 0.000000
1.092717 -0.684673 0.000000
-1.663168 -0.600224 0.000000
-0.363480 -1.227396 0.000000
0.683046 0.729319 0.000000
0.649557 -0.922106 0.000000
0.108632 1.137052 0.000000
-1.021230 -1.109422 0.000000
-1.605797 0.630866 0.000000
0.431171 -1.019074 0.000000
-0.727641 1.472005 0.000000
1.234485 0.248384 0.000000
-0.195076 1.303616 0.000000
-0.567638 -1.229518 0.000000
1.107434 0.366528 0.000000
-1.714968 -0.337073 0.000000
-0.173200 1.293007 0.000000
1.219569 -0.606971 0.000000
-0.297425 -1.221073 0.000000
-0.296750 -1.221031 0.000000
-0.281861 -1.219248 0.000000
0.922754 0.530376 0.000000
-1.540688 -0.761823 0.000000
-0.930745 1.475824 0.000000
0.378143 0.958902 0.000000
0.421358 -1.023106 0.000000
-0.950945 1.473702 0.000000
-1.170274 1.409368 0.000000
-1.018528 -1.110865 0.000000
-1.313212 1.292073 0.000000
-0.868786 1.479304 0.000000
-0.616749 -1.225699 0.000000
-0.421113 1.397910 0.000000
-1.612016 -0.688577 0.000000
-1.008619 1.464875 0.000000
0.632544 0.769210 0.000000
0.793321 0.639735 0.000000
0.096531 -1.138194 0.000000
-0.461954 1.411702 0.000000
-0.589545 1.447434 0.000000
-0.534621 1.433472 0.000000
0.226057 -1.096691 0.000000
-1.398497 -0.865708 0.000000
-1.501689 -0.792844 0.000000
-0.102368 1.257148 0.000000
-1.327197 -0.914298 0.000000
1.208772 0.272658 0.000000
-0.622115 -1.225190 0.000000
-0.086160 -1.185511 0.000000
-0.925290 -1.153005 0.000000
0.633828 -0.929575 0.000000
-0.982207 -1.128604 0.000000
-0.927964 1.476036 0.000000
-0.424063 1.398929 0.000000
-0.401027 1.390738 0.000000
1.561846 -0.374163 0.000000
-1.654326 -0.619787 0.000000
-0.960217 1.472557 0.000000
-0.740685 1.473533 0.000000
1.087396 0.384733 0.000000
-1.087134 -1.072630 0.000000
-0.728680 -1.209700 0.000000
1.649763 -0.308514 0.000000
0.719636 0.699953 0.000000
-0.092999 -1.186997 0.000000
-1.132012 -1.045046 0.000000
-0.591097 1.447816 0.000000
0.709403 0.708186 0.000000
1.364049 -0.512931 0.000000
-0.897996 1.478158 0.000000
-1.186337 -1.009781 0.000000
-0.402472 -1.229900 0.000000
-0.364506 1.377031 0.000000
-0.503448 1.424603 0.000000
0.466456 -1.004349 0.000000
1.307548 0.178406 0.000000
0.399448 0.943752 0.000000
1.578497 -0.361941 0.000000
0.567573 0.819497 0.000000
-1.167658 -1.022087 0.000000
-0.055081 -1.178467 0.000000
0.846415 0.595431 0.000000
0.086440 1.150547 0.000000
0.046584 -1.152538 0.000000
-0.117281 1.264914 0.000000
0.002050 1.200070 0.000000
-0.289502 -1.220182 0.000000
-0.340857 -1.225487 0.000000
-1.549520 -0.754227 0.000000
0.929218 -0.778416 0.000000
0.115836 1.132638 0.000000
0.259683 1.040338 0.000000
1.097674 0.375397 0.000000
0.811563 0.624586 0.000000
-1.074410 -1.080141 0.000000
-0.827174 1.479262 0.000000
1.674162 -0.289841 0.000000
-1.692524 0.163213 0.000000
-0.146522 -1.197945 0.000000
0.078369 1.155427 0.000000
1.242491 0.240788 0.000000
1.712642 -0.239002 0.000000
-1.071629 -1.081753 0.000000
-0.620735 -1.225317 0.000000
-1.312872 1.292455 0.000000
0.038168 1.179234 0.000000
-0.806083 -1.192047 0.000000
-0.677435 -1.218272 0.000000
-1.520216 -0.778543 0.000000
0.329249 0.993064 0.000000
0.615215 -0.938275 0.000000
-0.903582 -1.161322 0.000000
1.135334 -0.659083 0.000000
1.521714 -0.035773 0.000000
0.910801 -0.788558 0.000000
1.240385 0.242782 0.000000
0.369215 -1.043942 0.000000
1.522933 -0.402426 0.000000
-1.401891 -0.863374 0.000000
-1.160255 1.414673 0.000000
-0.147084 1.280063 0.000000
-0.752191 1.474678 0.000000
0.781712 -0.856881 0.000000
-1.140909 -1.039402 0.000000
-1.000972 1.466276 0.000000
-1.121779 1.432369 0.000000
0.787808 0.644276 0.000000
1.143718 -0.653949 0.000000
1.642931 -0.313691 0.000000
-0.858684 1.479389 0.000000
-1.523631 0.903098 0.000000
-0.728449 1.472132 0.000000
1.560156 -0.075748 0.000000
-0.186520 -1.205202 0.000000
0.391102 -1.035328 0.000000
0.636048 -0.928514 0.000000
-0.626816 1.455624 0.000000
0.283986 1.024000 0.000000
-1.415224 -0.854250 0.000000
-0.911130 -1.158437 0.000000
1.431752 0.055891 0.000000
-1.383525 -0.875935 0.000000
1.373004 0.114411 0.000000
0.640536 0.762929 0.000000
-0.756500 -1.203971 0.000000
0.737062 0.685864 0.000000
-1.580424 0.725924 0.000000
-0.683968 1.465979 0.000000
-0.220077 1.315413 0.000000
-1.360733 -0.891467 0.000000
-0.821843 -1.187760 0.000000
-0.050892 1.229606 0.000000
-0.143446 -1.197351 0.000000
-1.196773 -1.002864 0.000000
0.141433 1.116767 0.000000
-1.004221 1.465682 0.000000
1.001795 -0.737719 0.000000
1.253340 0.230475 0.000000
-0.422218 1.398292 0.000000
0.760528 -0.867660 0.000000
-1.672024 0.306777 0.000000
1.258747 -0.582061 0.000000
-1.465137 1.046704 0.000000
0.912941 -0.787370 0.000000
-0.142162 -1.197097 0.000000
-0.175052 -1.203165 0.000000
0.002053 -1.164420 0.000000
-0.642397 -1.222940 0.000000
0.403726 0.940697 0.000000
0.630531 0.770780 0.000000
-0.261448 1.334255 0.000000
1.066081 0.403999 0.000000
-0.414942 1.395704 0.000000
0.870253 -0.810498 0.000000
1.302196 0.183583 0.000000
0.610558 0.786354 0.000000
0.314532 1.003206 0.000000
0.246418 -1.089604 0.000000
0.337351 0.987462 0.000000
0.458251 0.901273 0.000000
-1.349258 1.247387 0.000000
-1.507709 -0.788303 0.000000
-0.795358 -1.194847 0.000000
-1.159918 1.414843 0.000000
-1.106907 -1.060705 0.000000
1.056957 0.412232 0.000000
1.147377 -0.651742 0.000000
0.929985 -0.777991 0.000000
-1.638677 0.487430 0.000000
-0.736448 -1.208130 0.000000
-0.603388 1.450617 0.000000
0.706732 0.710350 0.000000
-0.528295 -1.231301 0.000000
0.390234 -1.035667 0.000000
1.294108 -0.559187 0.000000
-0.712455 1.470095 0.000000
-0.529720 1.432114 0.000000
0.403599 -1.030320 0.000000
0.982590 0.478306 0.000000
0.802070 -0.846399 0.000000
-1.133165 1.427531 0.000000
-1.575988 -0.729444 0.000000
0.397317 0.945280 0.000000
0.401492 -1.031169 0.000000
0.595775 -0.947271 0.000000
1.203926 0.277198 0.000000
-1.309457 -0.926435 0.000000
0.684763 -0.905217 0.000000
-1.526209 0.895968 0.000000
-0.733340 -1.208767 0.000000
0.103618 1.140107 0.000000
-0.070500 1.240215 0.000000
0.177813 1.093766 0.000000
-1.165497 -1.023488 0.000000
-0.407109 1.392945 0.000000
0.745714 -0.875129 0.000000
-0.457789 1.410344 0.000000
0.529331 -0.977232 0.000000
0.899215 0.550576 0.000000
0.035239 -1.155636 0.000000
-0.553695 1.438565 0.000000
1.450968 -0.453435 0.000000
1.415483 0.072186 0.000000
-1.017375 -1.111459 0.000000
1.621623 -0.329817 0.000000
0.486106 0.880776 0.000000
1.004996 -0.735894 0.000000
1.442391 0.045197 0.000000
-1.370106 1.218106 0.000000
1.655604 -0.304058 0.000000
0.682702 -0.906193 0.000000
-0.597606 -1.227396 0.000000
-0.708422 1.469543 0.000000
1.226979 0.255513 0.000000
0.056978 1.168158 0.000000
0.596209 0.797473 0.000000
1.674362 -0.197287 0.000000
0.647310 -0.923167 0.000000
0.030703 -1.156866 0.000000
-1.309564 1.296274 0.000000
-0.254802 1.331285 0.000000
0.338666 -1.055782 0.000000
0.357537 -1.048525 0.000000
-0.321941 -1.223704 0.000000
-0.628926 -1.224426 0.000000
0.040973 -1.154066 0.000000
1.007760 0.456112 0.000000
-1.003140 -1.118546 0.000000
-0.012443 1.208260 0.000000
-1.644342 -0.639181 0.000000
0.939712 -0.772644 0.000000
-0.319959 -1.223492 0.000000
1.065906 -0.700544 0.000000
-0.896399 1.478243 0.000000
-0.944946 -1.145027 0.000000
-0.852296 -1.178721 0.000000
-0.793672 1.477861 0.000000
-0.593080 -1.227736 0.000000
-0.541614 1.435382 0.000000
1.311341 0.174756 0.000000
-0.100791 -1.188694 0.000000
-0.830468 -1.185299 0.000000
-1.483809 -0.806084 0.000000
1.634688 -0.319971 0.000000
-1.444462 -0.834050 0.000000
1.560349 -0.075918 0.000000
-0.611721 1.452441 0.000000
-0.930363 -1.150968 0.000000
0.546121 -0.969763 0.000000
0.944155 -0.770183 0.000000
-1.245953 1.357892 0.000000
-1.459028 -0.823865 0.000000
0.418739 -1.024167 0.000000
0.753379 -0.871267 0.000000
1.558480 -0.376625 0.000000
-0.417076 1.396467 0.000000
-1.159467 -1.027434 0.000000
-1.603553 -0.699186 0.000000
-0.258488 1.332940 0.000000
-1.718007 -0.255001 0.000000
0.038220 -1.154830 0.000000
-0.992240 -1.123851 0.000000
0.784645 0.646907 0.000000
0.573507 -0.957456 0.000000
0.657318 0.749731 0.000000
0.757781 0.668974 0.000000
-0.244545 -1.214326 0.000000
-1.400679 1.170067 0.000000
1.064057 0.405824 0.000000
0.682461 0.729786 0.000000
-0.631325 1.456515 0.000000
-0.659279 1.461862 0.000000
0.853126 -0.819622 0.000000
-1.707843 0.016170 0.000000
-0.947937 -1.143754 0.000000
-0.563429 -1.229773 0.000000
1.445379 0.042184 0.000000
-1.038704 -1.100213 0.000000
-0.520292 1.429483 0.000000
-0.776315 1.476715 0.000000
-0.404565 -1.229985 0.000000
-0.251277 -1.215259 0.000000
-0.256413 -1.215981 0.000000
-1.427081 1.123429 0.000000
-1.218528 -0.988265 0.000000
1.476520 0.010568 0.000000
0.209329 1.073481 0.000000
1.570953 -0.087036 0.000000
-1.420118 -0.850898 0.000000
1.678871 -0.202167 0.000000
0.707393 -0.894141 0.000000
0.872638 0.573237 0.000000
0.417256 -1.024761 0.000000
1.506708 -0.414096 0.000000
-1.169328 1.409877 0.000000
1.012599 -0.731523 0.000000
1.014072 0.450510 0.000000
-0.749947 -1.205414 0.000000
1.673137 -0.195971 0.000000
0.194041 1.083369 0.000000
-1.044239 -1.097158 0.000000
1.471939 -0.438752 0.000000
1.187329 0.292773 0.000000
1.507156 -0.020792 0.000000
-0.019031 1.211995 0.000000
-0.393441 1.387938 0.000000
0.356236 0.974307 0.000000
0.261807 1.038895 0.000000
-1.043430 -1.097625 0.000000
1.347766 -0.523838 0.000000
-1.503802 0.955677 0.000000
-0.978641 1.469968 0.000000
0.322417 0.997774 0.000000
-1.267006 1.339560 0.000000
0.988214 0.473341 0.000000
1.107978 0.366018 0.000000
0.700754 0.715146 0.000000
0.834196 -0.829637 0.000000
0.943267 0.512637 0.000000
1.000828 -0.738270 0.000000
-1.147324 1.421081 0.000000
-0.823158 -1.187379 0.000000
1.423709 0.063954 0.000000
-1.270926 1.335910 0.000000
-0.851442 1.479474 0.000000
-0.648665 1.459868 0.000000
1.416196 0.071465 0.000000
0.183984 -1.110865 0.000000
-0.638718 -1.223365 0.000000
-1.436729 1.105139 0.000000
-1.182193 1.402578 0.000000
-0.157206 -1.199940 0.000000
0.958635 -0.762077 0.000000
0.980790 0.479876 0.000000
-0.940971 -1.146682 0.000000
-0.300416 -1.221413 0.000000
0.364510 0.968493 0.000000
-1.487846 0.994931 0.000000
-0.466979 -1.231895 0.000000
0.284498 -1.075982 0.000000
1.025592 0.440283 0.000000
-1.689374 -0.520188 0.000000
0.133042 1.121987 0.000000
0.879597 0.567338 0.000000
-1.469495 1.037113 0.000000
-1.275260 -0.949775 0.000000
-0.681028 -1.217763 0.000000
-0.834257 1.479346 0.000000
0.933716 -0.775954 0.000000
-0.346275 -1.225996 0.000000
-0.540269 1.435042 0.000000
-0.142995 1.278026 0.000000
-0.814367 1.478795 0.000000
0.039256 1.178597 0.000000
0.366555 -1.045003 0.000000
-0.388017 -1.229051 0.000000
1.287007 0.198224 0.000000
1.189969 0.290269 0.000000
1.443819 -0.458443 0.000000
-0.752969 -1.204735 0.000000
1.245372 -0.590591 0.000000
-1.015706 1.463475 0.000000
-0.925073 1.476291 0.000000
0.191814 1.084812 0.000000
1.424989 -0.471471 0.000000
-1.244600 1.358996 0.000000
1.697945 -0.271424 0.000000
0.465462 0.895968 0.000000
-1.389562 -0.871819 0.000000
1.015972 0.448813 0.000000
0.676087 -0.909418 0.000000
0.217108 1.068431 0.000000
-1.038460 1.458510 0.000000
-1.041024 1.457916 0.000000
1.067688 0.402556 0.000000
1.224421 0.257932 0.000000
1.213373 0.268329 0.000000
0.069489 1.160731 0.000000
-1.446049 1.086679 0.000000
-0.624459 1.455115 0.000000
-0.701903 1.468695 0.000000
0.048865 -1.151901 0.000000
0.581244 0.809016 0.000000
-1.617069 0.584610 0.000000
0.075911 -1.144220 0.000000
-1.617448 -0.681363 0.000000
-1.445746 -0.833159 0.000000
1.428121 -0.469306 0.000000
0.563082 -0.962167 0.000000
0.468663 0.893634 0.000000
1.051343 0.417240 0.000000
0.225117 1.063169 0.000000
0.028332 1.184963 0.000000
-0.174873 1.293855 0.000000
-1.378941 -0.879033 0.000000
-0.507558 -1.231810 0.000000
-0.494761 -1.231937 0.000000
-1.575103 0.744427 0.000000
0.841658 0.599421 0.000000
-1.256189 1.349193 0.000000
1.438450 0.049143 0.000000
0.538504 0.841565 0.000000
0.631233 -0.930764 0.000000
0.806720 0.628617 0.000000
-0.450826 1.408053 0.000000
-0.725376 -1.210294 0.000000
-1.127186 1.430162 0.000000
0.961509 0.496766 0.000000
-1.081761 1.446755 0.000000
1.174202 0.304994 0.000000
1.357378 -0.517430 0.000000
-0.575843 1.444166 0.000000
0.393986 0.947656 0.000000
-1.513250 0.931149 0.000000
0.135565 -1.126354 0.000000
-0.726057 1.471835 0.000000
1.467599 -0.441807 0.000000
1.246411 -0.589954 0.000000
1.572357 -0.366440 0.000000
-0.850943 -1.179146 0.000000
0.455818 0.903055 0.000000
0.116652 1.132129 0.000000
-1.488511 0.993361 0.000000
0.077264 -1.143838 0.000000
0.061889 1.165272 0.000000
-1.585532 0.707677 0.000000
-1.417713 -0.852553 0.000000
0.574009 0.814575 0.000000
1.646676 -0.167411 0.000000
0.018598 -1.160092 0.000000
0.877828 -0.806424 0.000000
0.274796 1.030196 0.000000
-0.933182 -1.149822 0.000000
1.387718 -0.496975 0.000000
-0.993740 1.467549 0.000000
0.516067 0.858454 0.000000
0.094511 -1.138831 0.000000
-1.171895 1.408519 0.000000
0.564135 0.822129 0.000000
1.409185 0.078510 0.000000
0.537303 -0.973710 0.000000
1.384379 0.103165 0.000000
-0.215393 -1.209955 0.000000
0.296132 1.015767 0.000000
-1.314465 1.290630 0.000000
-1.410182 -0.857730 0.000000
1.167738 -0.639266 0.000000
0.899250 -0.794839 0.000000
0.979151 -0.750577 0.000000
0.540820 0.839825 0.000000
0.048184 1.173335 0.000000
-1.194071 1.395364 0.000000
-0.115584 1.264022 0.000000
0.102688 -1.136370 0.000000
-0.010623 -1.167645 0.000000
1.635776 -0.319123 0.000000
-0.098471 1.255111 0.000000
-1.473780 -0.813341 0.000000
-1.117284 1.434151 0.000000
1.370419 0.116957 0.000000
1.547346 -0.384772 0.000000
0.699777 0.715952 0.000000
0.341333 -1.054764 0.000000
0.602260 0.792805 0.000000
0.111833 -1.133654 0.000000
-0.160620 -1.200576 0.000000
-0.135502 1.274207 0.000000
0.565291 -0.961191 0.000000
0.963381 0.495111 0.000000
0.172912 1.096906 0.000000
0.116858 1.132002 0.000000
1.043761 -0.713530 0.000000
1.579113 -0.095608 0.000000
-1.508635 -0.787582 0.000000
1.657573 -0.179124 0.000000
0.102578 1.140744 0.000000
-0.527740 1.431563 0.000000
1.398763 -0.489464 0.000000
1.040471 -0.715439 0.000000
0.143488 1.115494 0.000000
-1.207886 -0.995395 0.000000
-0.720643 -1.211143 0.000000
1.153692 -0.647880 0.000000
-1.257679 -0.961742 0.000000
0.255181 1.043309 0.000000
-0.621048 -1.225275 0.000000
0.707417 0.709799 0.000000
1.361010 -0.514968 0.000000
1.651608 -0.172716 0.000000
0.945604 -0.769377 0.000000
-1.605095 0.633667 0.000000
-0.319353 -1.223450 0.000000
0.543763 -0.970824 0.000000
-0.754831 -1.204353 0.000000
-1.457159 -0.825181 0.000000
0.492404 0.876108 0.000000
0.610654 -0.940397 0.000000
-1.493109 -0.799252 0.000000
-0.374174 1.380766 0.000000
-0.424011 -1.230834 0.000000
0.616478 0.781771 0.000000
0.992389 0.469649 0.000000
-1.653129 0.414693 0.000000
-0.390013 1.386707 0.000000
-0.242394 -1.214029 0.000000
1.374460 -0.505929 0.000000
-1.716940 -0.138470 0.000000
-0.408172 1.393327 0.000000
1.665548 -0.296462 0.000000
0.951899 -0.765854 0.000000
1.711547 -0.260815 0.000000
0.762596 0.665028 0.000000
0.468910 0.893465 0.000000
-0.279562 1.342191 0.000000
0.099150 -1.137430 0.000000
-0.772219 1.476418 0.000000
1.325050 -0.538903 0.000000
0.170382 1.098519 0.000000
1.299239 -0.555835 0.000000
-0.687502 1.466530 0.000000
-0.484656 1.418916 0.000000
-1.053731 -1.091938 0.000000
1.288456 -0.562879 0.000000
-0.107420 -1.190052 0.000000
-0.660302 -1.220691 0.000000
-1.680230 -0.553161 0.000000
0.432613 0.919945 0.000000
-0.832437 1.479304 0.000000
0.774856 0.654970 0.000000
0.404232 -1.030065 0.000000
-1.456337 -0.825775 0.000000
-1.143931 -1.037449 0.000000
-0.925273 -1.153005 0.000000
-0.261751 1.334382 0.000000
-0.613589 -1.225954 0.000000
-0.611342 1.452357 0.000000
-1.559432 -0.745315 0.000000
-0.943838 1.474466 0.000000
-1.716372 -0.122344 0.000000
-0.213115 -1.209573 0.000000
-0.742678 1.473745 0.000000
0.009006 -1.162595 0.000000
1.236069 0.246899 0.000000
-1.390450 -0.871225 0.000000
-1.094059 -1.068513 0.000000
-1.634588 -0.655901 0.000000
1.041933 0.425685 0.000000
0.518166 0.856884 0.000000
0.898603 -0.795178 0.000000
-1.569837 0.762335 0.000000
1.073736 0.397082 0.000000
-1.042683 -1.098049 0.000000
-0.069584 -1.181819 0.000000
-0.140286 1.276669 0.000000
0.202126 1.078149 0.000000
1.397558 0.090095 0.000000
0.980779 -0.749644 0.000000
-0.068507 1.239154 0.000000
0.582562 0.807997 0.000000
1.332140 0.154514 0.000000
-1.471962 1.031681 0.000000
-1.672320 0.304910 0.000000
0.189701 -1.108955 0.000000
1.078578 0.392711 0.000000
0.724692 0.695879 0.000000
1.212719 -0.611257 0.000000
0.121119 -1.130810 0.000000
-0.378239 1.382294 0.000000
-0.428293 -1.231003 0.000000
-0.116916 -1.192047 0.000000
0.437848 -1.016316 0.000000
-1.442156 1.094445 0.000000
-0.481641 1.417983 0.000000
-1.132067 -1.045003 0.000000
1.287682 -0.563389 0.000000
1.114717 -0.671517 0.000000
-1.435283 -0.840458 0.000000
1.601964 -0.344542 0.000000
-1.457434 -0.824969 0.000000
0.017579 1.191158 0.000000
-1.407349 1.158779 0.000000
-0.886360 1.478710 0.000000
-1.017751 1.463051 0.000000
0.856496 0.586902 0.000000
-1.278326 1.328866 0.000000
1.574254 -0.365082 0.000000
-1.465533 1.045855 0.000000
1.234117 -0.597762 0.000000
-1.166667 -1.022724 0.000000
1.506206 -0.414436 0.000000
-1.538771 -0.763435 0.000000
-0.424008 1.398929 0.000000
-1.246015 -0.969678 0.000000
-0.762155 -1.202741 0.000000
-1.170143 -1.020475 0.000000
-0.418504 1.396977 0.000000
-1.290466 -0.939378 0.000000
-0.370756 -1.227906 0.000000
-0.192484 1.302385 0.000000
-1.591696 -0.712936 0.000000
-1.568560 0.766664 0.000000
0.835084 0.604937 0.000000
-1.625312 0.548963 0.000000
0.812090 -0.841180 0.000000
0.643527 -0.924992 0.000000
0.338449 0.986698 0.000000
0.125329 -1.129537 0.000000
1.108849 0.365212 0.000000
1.459469 -0.447494 0.000000
0.596601 -0.946889 0.000000
0.865882 0.578966 0.000000
-0.319208 -1.223450 0.000000
0.633955 -0.929490 0.000000
-0.828320 -1.185893 0.000000
-0.312528 -1.222728 0.000000
1.168761 0.310044 0.000000
1.285944 -0.564492 0.000000
-0.148354 1.280700 0.000000
0.387994 -1.036558 0.000000
0.587081 0.804517 0.000000
1.082746 -0.690614 0.000000
-1.557064 0.804093 0.000000
0.838137 0.602391 0.000000
-0.896561 1.478243 0.000000
0.220804 1.066013 0.000000
-0.251463 1.329799 0.000000
-0.897126 -1.163656 0.000000
0.824931 -0.834475 0.000000
0.982094 0.478730 0.000000
1.636351 -0.318698 0.000000
-1.408275 1.157167 0.000000
0.328629 -1.059601 0.000000
0.180996 1.091729 0.000000
0.353637 -1.050011 0.000000
-0.717491 -1.211737 0.000000
1.693760 -0.274691 0.000000
-0.917880 1.476885 0.000000
0.128072 -1.128688 0.000000
0.862164 0.582106 0.000000
-1.322251 -0.917693 0.000000
-0.402827 -1.229900 0.000000
-0.561955 1.440729 0.000000
-1.533492 -0.767849 0.000000
-1.515157 -0.782532 0.000000
0.190496 1.085661 0.000000
-0.874203 -1.171634 0.000000
1.450775 -0.453562 0.000000
-0.503080 1.424476 0.000000
-1.529461 -0.771159 0.000000
-0.400321 1.390484 0.000000
-0.283537 1.343931 0.000000
1.690101 -0.277492 0.000000
-1.657699 0.390123 0.000000
-0.857249 1.479389 0.000000
-0.810967 -1.190731 0.000000
-0.066972 1.238348 0.000000
-1.429515 -0.844447 0.000000
-0.251264 1.329672 0.000000
0.235256 -1.093508 0.000000
-0.199609 1.305780 0.000000
0.781950 0.649114 0.000000
0.383629 0.954998 0.000000
0.733792 -0.881070 0.000000
1.179561 0.299987 0.000000
-1.573330 0.750538 0.000000
0.026721 -1.157927 0.000000
1.574921 -0.091195 0.000000
0.694469 0.720196 0.000000
-0.495026 -1.231937 0.000000
-1.584041 0.713066 0.000000
0.622178 -0.935050 0.000000
-0.029525 -1.172356 0.000000
1.210923 -0.612403 0.000000
1.320059 -0.542213 0.000000
1.705892 -0.265228 0.000000
0.337488 -1.056249 0.000000
1.691117 -0.276728 0.000000
-1.178211 -1.015170 0.000000
-0.054936 1.231813 0.000000
0.493392 0.875387 0.000000
-1.679008 0.261836 0.000000
0.518923 -0.981815 0.000000
0.812651 -0.840883 0.000000
1.408393 -0.482886 0.000000
0.201231 -1.105136 0.000000
-0.817589 -1.188949 0.000000
0.378742 -1.040208 0.000000
-0.628431 1.455921 0.000000
0.336466 -1.056631 0.000000
-1.718265 -0.229454 0.000000
-0.011077 -1.167773 0.000000
-1.005560 -1.117358 0.000000
1.332480 0.154174 0.000000
0.456616 -1.008508 0.000000
0.444997 0.910949 0.000000
-1.202737 1.389847 0.000000
0.392829 -1.034606 0.000000
1.542620 -0.057458 0.000000
-0.701796 1.468652 0.000000
-0.081851 -1.184578 0.000000
-1.276688 1.330478 0.000000
-0.079765 1.245223 0.000000
1.304884 0.180994 0.000000
-0.104649 -1.189500 0.000000
1.277973 0.206923 0.000000
-0.765084 -1.202062 0.000000
1.132305 0.343739 0.000000
-1.499989 0.965268 0.000000
-1.624087 -0.671984 0.000000
1.060526 -0.703727 0.000000
1.208042 0.273337 0.000000
1.121446 -0.667486 0.000000
0.820756 0.616947 0.000000
0.278110 -1.078316 0.000000
-0.298468 -1.221201 0.000000
1.572677 -0.088861 0.000000
0.632279 -0.930297 0.000000
-1.205935 -0.996710 0.000000
0.593514 -0.948332 0.000000
1.564479 -0.080246 0.000000
0.781251 0.649708 0.000000
-0.644631 1.459146 0.000000
0.908588 -0.789746 0.000000
0.424112 -1.021960 0.000000
1.701504 -0.268665 0.000000
-1.575034 -0.730420 0.000000
-1.236099 1.365828 0.000000
-1.586540 0.704027 0.000000
-1.426221 -0.846696 0.000000
-1.407315 -0.859682 0.000000
1.553785 -0.380062 0.000000
-0.915945 1.477055 0.000000
-1.274561 1.332515 0.000000
0.954928 -0.764157 0.000000
0.283810 -1.076237 0.000000
0.481015 -0.998196 0.000000
0.433264 -1.018226 0.000000
1.553438 -0.380317 0.000000
-0.318110 1.358529 0.000000
0.157565 1.106624 0.000000
1.314810 0.171361 0.000000
0.178980 -1.112478 0.000000
-0.454093 1.409114 0.000000
-0.345266 1.369520 0.000000
0.050469 -1.151435 0.000000
-1.433552 1.111208 0.000000
-0.418436 1.396934 0.000000
-0.437710 -1.231301 0.000000
1.656403 -0.303464 0.000000
-0.157485 -1.199982 0.000000
-0.963559 -1.137049 0.000000
-1.318943 1.285495 0.000000
1.157416 -0.645589 0.000000
-1.432079 -0.842665 0.000000
-1.247770 1.356365 0.000000
-0.374429 -1.228160 0.000000
1.503824 -0.416133 0.000000
0.401344 0.942437 0.000000
-1.455480 -0.826369 0.000000
0.556405 -0.965180 0.000000
-1.344089 1.254219 0.000000
-0.440098 -1.231385 0.000000
0.587181 0.804432 0.000000
-0.526360 -1.231343 0.000000
1.532002 -0.046424 0.000000
-0.885083 -1.167900 0.000000
1.039682 0.427679 0.000000
0.459043 0.900679 0.000000
0.486285 0.880649 0.000000
-1.323225 1.280361 0.000000
-0.077098 1.243780 0.000000
0.840092 0.600736 0.000000
0.033119 -1.156187 0.000000
-0.206069 -1.208470 0.000000
-1.045302 1.456940 0.000000
-1.632550 0.516245 0.000000
-0.950322 -1.142735 0.000000
-1.568705 -0.736615 0.000000
0.628707 -0.931952 0.000000
-1.618194 0.579857 0.000000
1.019187 0.445969 0.000000
-1.272582 -0.951600 0.000000
1.539192 -0.390671 0.000000
-0.794408 -1.195102 0.000000
-1.379422 -0.878736 0.000000
-1.113395 -1.056716 0.000000
1.012626 -0.731523 0.000000
-0.587573 1.446967 0.000000
0.312436 -1.065712 0.000000
-0.719497 -1.211355 0.000000
-1.495811 -0.797258 0.000000
0.218065 -1.099450 0.000000
1.121036 -0.667698 0.000000
0.807405 0.628065 0.000000
-1.686855 -0.529991 0.000000
-1.308198 1.297802 0.000000
0.206937 1.075052 0.000000
-1.708039 0.013793 0.000000
1.647963 -0.168812 0.000000
1.491815 -0.424705 0.000000
0.756422 0.670078 0.000000
1.150220 0.327231 0.000000
1.426600 -0.470367 0.000000
-0.333316 1.364725 0.000000
-0.117873 -1.192259 0.000000
-0.199158 1.305568 0.000000
1.425705 -0.470961 0.000000
-1.152700 -1.031805 0.000000
-0.046170 -1.176387 0.000000
-1.710511 -0.017907 0.000000
-1.045044 -1.096734 0.000000
-1.115584 -1.055358 0.000000
-0.590564 1.447689 0.000000
0.719068 -0.888412 0.000000
1.315251 -0.545353 0.000000
1.296789 -0.557447 0.000000
-1.656233 -0.615798 0.000000
0.466701 -1.004264 0.000000
-0.023089 -1.170786 0.000000
-1.136906 1.425876 0.000000
0.297037 -1.071399 0.000000
-1.357853 1.235632 0.000000
-0.792853 1.477819 0.000000
-0.478261 1.416880 0.000000
0.064188 -1.147573 0.000000
0.309871 1.006389 0.000000
1.527927 -0.042223 0.000000
0.255422 -1.086464 0.000000
-0.364513 -1.227439 0.000000
1.562125 -0.077785 0.000000
-0.794587 -1.195060 0.000000
-0.303397 1.352376 0.000000
1.195923 0.284710 0.000000
1.232258 0.250506 0.000000
0.792685 0.640245 0.000000
-0.957922 -1.139510 0.000000
-1.659224 0.381720 0.000000
-0.913701 -1.157461 0.000000
0.273099 1.031342 0.000000
-1.354693 1.239961 0.000000
1.368688 0.118655 0.000000
-0.068641 1.239239 0.000000
1.690432 -0.277238 0.000000
1.617624 -0.332830 0.000000
-0.294420 -1.220734 0.000000
1.026249 0.439689 0.000000
-0.522578 1.430120 0.000000
-1.219268 -0.987756 0.000000
0.368210 0.965904 0.000000
-1.377536 -0.880009 0.000000
-0.241981 1.325513 0.000000
-1.092923 -1.069192 0.000000
0.216623 -1.099916 0.000000
-0.140252 1.276626 0.000000
-0.374594 1.380893 0.000000
-0.777110 -1.199303 0.000000
-1.614560 -0.685225 0.000000
-1.695608 0.137666 0.000000
0.493709 0.875132 0.000000
-0.085671 1.248363 0.000000
-1.236092 1.365828 0.000000
-0.775743 -1.199643 0.000000
-1.266586 -0.955674 0.000000
1.617266 -0.333084 0.000000
-1.292479 1.314649 0.000000
1.243031 0.240278 0.000000
-1.376359 -0.880815 0.000000
1.213910 -0.610536 0.000000
1.181870 -0.630524 0.000000
1.160934 -0.643424 0.000000
0.283318 1.024467 0.000000
-0.684449 -1.217296 0.000000
1.348275 0.138727 0.000000
-1.718055 -0.251945 0.000000
0.837184 -0.828067 0.000000
1.679504 -0.202846 0.000000
0.844367 0.597129 0.000000
-0.850733 -1.179188 0.000000
1.265530 -0.577690 0.000000
-1.067994 1.450871 0.000000
-0.135130 -1.195696 0.000000
0.028283 1.185005 0.000000
1.411174 -0.480976 0.000000
1.032644 -0.719980 0.000000
-0.307193 -1.222177 0.000000
-0.658192 -1.220946 0.000000
0.118022 -1.131744 0.000000
-1.390767 1.186321 0.000000
-0.666524 -1.219843 0.000000
1.329786 0.156805 0.000000
-0.367559 -1.227651 0.000000
-1.140657 1.424221 0.000000
-1.524058 -0.775487 0.000000
-0.181846 -1.204396 0.000000
1.019631 -0.727492 0.000000
-1.630172 -0.662903 0.000000
-0.219000 -1.210507 0.000000
1.706347 -0.232127 0.000000
-0.424149 1.398971 0.000000
-1.681895 -0.547645 0.000000
-1.499683 -0.794372 0.000000
0.455673 0.903140 0.000000
-1.252089 -0.965562 0.000000
-0.006678 -1.166669 0.000000
-1.164795 -1.023955 0.000000
-1.265843 1.340621 0.000000
-0.187267 -1.205329 0.000000
-0.990825 -1.124530 0.000000
0.339750 0.985807 0.000000
-0.031360 1.218870 0.000000
1.110494 -0.674064 0.000000
-1.608031 -0.693669 0.000000
1.455387 -0.450337 0.000000
-1.265712 -0.956268 0.000000
-0.543198 1.435806 0.000000
0.257535 -1.085700 0.000000
1.268325 0.216174 0.000000
-1.059827 -1.088501 0.000000
-0.960221 1.472557 0.000000
1.242938 0.240363 0.000000
-1.008995 -1.115660 0.000000
0.802676 -0.846060 0.000000
0.613425 0.784148 0.000000
-0.348154 -1.226123 0.000000
-0.331888 1.364173 0.000000
-0.514999 1.427955 0.000000
1.616454 -0.333679 0.000000
0.438715 -1.015976 0.000000
1.122368 -0.666892 0.000000
-1.211139 -0.993230 0.000000
-0.224214 -1.211313 0.000000
-1.340919 -0.904962 0.000000
1.124227 -0.665789 0.000000
0.466990 0.894865 0.000000
-0.513808 -1.231682 0.000000
-0.238250 1.323816 0.000000
0.638760 0.764330 0.000000
-0.848507 1.479516 0.000000
0.059456 -1.148931 0.000000
0.189704 1.086170 0.000000
-1.225295 -0.983682 0.000000
0.709568 0.708059 0.000000
-0.434168 1.402409 0.000000
-1.034536 -1.102463 0.000000
0.818584 -0.837827 0.000000
0.097753 1.143672 0.000000
0.337630 0.987250 0.000000
1.328443 0.158121 0.000000
1.553524 -0.380274 0.000000
-0.355815 1.373679 0.000000
-1.228031 -0.981857 0.000000
-0.101390 1.256638 0.000000
0.492673 -0.993188 0.000000
0.295726 -1.071908 0.000000
0.775400 -0.860106 0.000000
-0.757498 1.475188 0.000000
-0.310914 -1.222601 0.000000
0.336563 0.988014 0.000000
0.948588 0.508012 0.000000
-0.140771 1.276881 0.000000
-1.154087 -1.030914 0.000000
1.053512 -0.707801 0.000000
0.158308 -1.119183 0.000000
-0.995689 1.467209 0.000000
0.724148 -0.885865 0.000000
0.530932 0.847294 0.000000
0.069299 1.160816 0.000000
-0.577864 -1.228882 0.000000
0.888642 -0.800610 0.000000
0.061693 -1.148294 0.000000
0.834565 -0.829425 0.000000
0.312029 -1.065840 0.000000
-1.709609 -0.005897 0.000000
-1.479761 1.013943 0.000000
-1.120643 1.432793 0.000000
1.307397 0.178575 0.000000
-1.020683 1.462457 0.000000
0.323329 0.997138 0.000000
0.335189 0.988947 0.000000
0.504950 -0.987883 0.000000
0.354591 0.975453 0.000000
0.545215 0.836515 0.000000
-0.969125 -1.134545 0.000000
0.881390 0.565811 0.000000
1.658630 -0.180270 0.000000
0.558965 -0.964034 0.000000
-1.195179 1.394685 0.000000
-1.035431 1.459231 0.000000
-0.375100 -1.228203 0.000000
0.108009 -1.134799 0.000000
1.504691 -0.415539 0.000000
-0.905513 1.477734 0.000000
-0.828689 1.479262 0.000000
1.587721 -0.355109 0.000000
-0.504866 -1.231852 0.000000
1.194375 -0.622758 0.000000
1.382679 -0.500370 0.000000
0.770719 0.658365 0.000000
-1.465323 -0.819410 0.000000
-0.564909 1.441450 0.000000
-1.298196 1.308708 0.000000
-0.983783 1.469162 0.000000
1.312738 -0.547008 0.000000
-0.766437 -1.201765 0.000000
0.504805 -0.987968 0.000000
0.786596 0.645295 0.000000
0.367215 -1.044749 0.000000
0.938486 0.516754 0.000000
-1.238604 -0.974686 0.000000
1.185859 -0.628062 0.000000
-1.323077 -0.917141 0.000000
0.402391 0.941673 0.000000
-1.209652 -0.994249 0.000000
-0.032750 1.219634 0.000000
0.255277 -1.086506 0.000000
1.085724 0.386261 0.000000
-0.896544 1.478243 0.000000
1.120062 0.354985 0.000000
-1.375575 -0.881367 0.000000
-0.443819 1.405719 0.000000
-1.016863 -1.111714 0.000000
1.497130 -0.420928 0.000000
-1.381436 1.201004 0.000000
-1.143803 1.422778 0.000000
-0.357808 -1.226930 0.000000
-1.468235 1.039914 0.000000
1.709086 -0.235140 0.000000
-1.503458 -0.791529 0.000000
0.421420 0.928008 0.000000
-0.242353 -1.213986 0.000000
0.215838 1.069238 0.000000
0.424497 0.925802 0.000000
-1.231153 -0.979736 0.000000
-0.186241 1.299372 0.000000
0.665919 0.742942 0.000000
1.464136 -0.444226 0.000000
1.553018 -0.068279 0.000000
-1.649852 0.431838 0.000000
-1.458976 1.059986 0.000000
-0.890380 1.478583 0.000000
-1.066438 1.451296 0.000000
-0.836615 1.479346 0.000000
1.262333 0.221903 0.000000
-0.693942 1.467507 0.000000
1.440925 -0.460437 0.000000
0.531283 0.847039 0.000000
-1.527403 -0.772814 0.000000
-0.540269 -1.230919 0.000000
-0.378325 1.382294 0.000000
1.694211 -0.218845 0.000000
-1.444597 -0.833965 0.000000
1.456737 -0.449404 0.000000
0.944021 0.511958 0.000000
-1.183721 1.401730 0.000000
-1.646152 -0.635828 0.000000
-0.552016 1.438140 0.000000
-0.950470 -1.142693 0.000000
-0.609353 -1.226378 0.000000
-1.477941 -0.810370 0.000000
-0.069333 1.239621 0.000000
1.499663 -0.013069 0.000000
-0.471229 1.414673 0.000000
-1.125483 1.430841 0.000000
0.742627 0.681323 0.000000
0.647929 0.757115 0.000000
1.101367 -0.679538 0.000000
0.788730 -0.853274 0.000000
-0.917553 1.476885 0.000000
0.356270 -1.048992 0.000000
-0.442731 -1.231470 0.000000
1.346186 0.140807 0.000000
-1.022335 -1.108871 0.000000
0.757014 -0.869442 0.000000
-0.963928 1.472047 0.000000
-1.645219 -0.637568 0.000000
1.607732 -0.125823 0.000000
0.142710 -1.124105 0.000000
0.562366 0.823444 0.000000
-0.634144 -1.223874 0.000000
-1.612288 0.604555 0.000000
0.664057 0.744384 0.000000
0.935275 0.519555 0.000000
-0.376845 1.381742 0.000000
-0.072668 -1.182498 0.000000
0.368578 -1.044197 0.000000
0.620997 -0.935601 0.000000
1.329617 -0.535890 0.000000
1.626604 -0.326040 0.000000
-1.267478 -0.955080 0.000000
-1.461527 1.054470 0.000000
0.788592 0.643640 0.000000
-0.555210 1.438989 0.000000
0.116342 -1.132253 0.000000
-0.875064 -1.171337 0.000000
1.071423 0.399204 0.000000
0.238740 -1.092320 0.000000
0.739447 0.683912 0.000000
-1.704425 -0.442444 0.000000
-1.215142 -0.990557 0.000000
-1.455194 1.067880 0.000000
0.677150 0.734030 0.000000
-0.404796 -1.229985 0.000000
0.253897 1.044158 0.000000
-0.863637 -1.175114 0.000000
-0.894589 1.478370 0.000000
0.103835 -1.136030 0.000000
0.081249 1.153687 0.000000
0.660481 0.747228 0.000000
-0.562895 1.440941 0.000000
-1.176769 1.405719 0.000000
1.027233 -0.723078 0.000000
0.995080 0.467315 0.000000
-0.059376 -1.179443 0.000000
-0.487409 -1.231980 0.000000
1.194980 0.285601 0.000000
-0.221168 1.315922 0.000000
-0.316327 -1.223153 0.000000
1.263507 -0.579005 0.000000
0.861263 -0.815293 0.000000
0.197108 1.081417 0.000000
0.804944 -0.844914 0.000000
0.928774 -0.778670 0.000000
-0.316028 -1.223110 0.000000
-1.394504 1.180295 0.000000
-1.363019 -0.889897 0.000000
-0.391355 -1.229221 0.000000
1.277625 -0.569881 0.000000
-0.659927 1.461990 0.000000
0.062980 -1.147955 0.000000
1.539443 -0.390501 0.000000
1.519109 -0.033099 0.000000
-0.387621 1.385816 0.000000
-1.584909 -0.720277 0.000000
0.825588 0.612873 0.000000
1.051564 -0.708947 0.000000
-1.636453 -0.652845 0.000000
0.756153 -0.869867 0.000000
-0.318207 -1.223322 0.000000
-1.425763 -0.847036 0.000000
-0.849914 1.479474 0.000000
-1.185886 1.400456 0.000000
1.137306 -0.657853 0.000000
-1.636150 0.499440 0.000000
1.207519 0.273846 0.000000
-1.125472 -1.049162 0.000000
1.549390 -0.383287 0.000000
1.374051 0.113393 0.000000
-0.635331 1.457322 0.000000
1.302650 -0.553628 0.000000
0.635222 0.767131 0.000000
-0.433376 1.402154 0.000000
0.453663 0.904626 0.000000
-1.619117 0.575868 0.000000
0.832544 0.607059 0.000000
1.245840 0.237605 0.000000
-0.270510 1.338244 0.000000
1.264081 0.220248 0.000000
-1.688782 0.192410 0.000000
0.283232 -1.076449 0.000000
-1.109502 1.437207 0.000000
1.565212 -0.371702 0.000000
-1.439633 1.099410 0.000000
-1.011287 1.464366 0.000000
0.496676 -0.991448 0.000000
-0.225398 1.317875 0.000000
-0.582283 1.445736 0.000000
-0.433993 -1.231173 0.000000
-0.203949 -1.208130 0.000000
1.465228 0.022069 0.000000
-1.313192 1.292115 0.000000
1.357082 0.130113 0.000000
1.679177 -0.285980 0.000000
0.808782 -0.842919 0.000000
1.695109 -0.273631 0.000000
0.088987 1.149019 0.000000
1.409580 0.078085 0.000000
1.676207 -0.288271 0.000000
0.460815 -1.006725 0.000000
0.355499 0.974816 0.000000
0.899852 -0.794499 0.000000
-0.740510 1.473490 0.000000
-1.348529 1.248363 0.000000
0.176536 -1.113284 0.000000
-0.871746 1.479219 0.000000
-0.892039 1.478498 0.000000
-0.886508 -1.167391 0.000000
-1.076561 1.448368 0.000000
0.855911 0.587411 0.000000
-1.013493 -1.113411 0.000000
1.064319 0.405612 0.000000
1.488191 -0.427252 0.000000
1.103796 0.369838 0.000000
0.962985 -0.759659 0.000000
-0.607422 -1.226548 0.000000
-0.333289 -1.224808 0.000000
-1.189772 1.398038 0.000000
-0.998046 1.466785 0.000000
1.668146 -0.294467 0.000000
-1.623216 0.558172 0.000000
-0.504787 -1.231852 0.000000
-1.682033 -0.547178 0.000000
0.340214 -1.055188 0.000000
0.866539 -0.812492 0.000000
1.079752 -0.692396 0.000000
0.834527 -0.829467 0.000000
-1.623677 0.556177 0.000000
-1.465567 1.045813 0.000000
0.285180 -1.075770 0.000000
1.712559 -0.260008 0.000000
-0.351372 1.371939 0.000000
-0.841289 -1.182116 0.000000
-0.535584 -1.231046 0.000000
0.510037 -0.985677 0.000000
-0.479765 1.417389 0.000000
-1.290080 -0.939633 0.000000
-1.277896 -0.947950 0.000000
-0.282040 1.343294 0.000000
1.253284 -0.585541 0.000000
0.781771 0.649284 0.000000
-0.013541 1.208897 0.000000
-0.198890 -1.207281 0.000000
0.791718 -0.851746 0.000000
0.834320 -0.829552 0.000000
1.580896 -0.097476 0.000000
-0.550398 -1.230452 0.000000
-1.424321 -0.848012 0.000000
1.457900 0.029495 0.000000
1.111991 0.362369 0.000000
-0.393266 -1.229348 0.000000
-1.594945 -0.709286 0.000000
-1.305252 -0.929278 0.000000
-0.141725 -1.197012 0.000000
0.759003 0.667956 0.000000
1.011670 0.452632 0.000000
0.455226 -1.009102 0.000000
0.728010 0.693206 0.000000
-1.698633 -0.477369 0.000000
0.221427 1.065588 0.000000
0.250290 -1.088246 0.000000
1.242646 -0.592331 0.000000
-0.662219 1.462372 0.000000
-1.380087 -0.878269 0.000000
0.770595 0.658450 0.000000
1.059008 -0.704618 0.000000
-0.642594 1.458765 0.000000
0.199768 1.079677 0.000000
-0.023151 1.214286 0.000000
1.030651 0.435742 0.000000
0.475997 -1.000317 0.000000
1.254300 0.229542 0.000000
-0.539570 -1.230919 0.000000
-1.705420 -0.435527 0.000000
-1.052977 1.454945 0.000000
-0.250524 -1.215175 0.000000
-0.145397 -1.197691 0.000000
0.481325 0.884298 0.000000
-0.315171 1.357298 0.000000
-1.147865 -1.034946 0.000000
-0.434361 1.402493 0.000000
-0.083358 1.247133 0.000000
-1.195558 1.394473 0.000000
0.812861 -0.840798 0.000000
0.275491 1.029729 0.000000
0.339512 -1.055485 0.000000
-1.369427 1.219124 0.000000
-0.294641 1.348684 0.000000
-0.026438 -1.171592 0.000000
-1.293832 -0.937087 0.000000
0.596928 0.796921 0.000000
-1.331368 1.270473 0.000000
-0.233745 1.321736 0.000000
0.884089 0.563519 0.000000
-0.361233 1.375758 0.000000
0.429065 -1.019923 0.000000
-0.890548 1.478583 0.000000
0.347394 -1.052430 0.000000
0.882881 0.564538 0.000000
1.374643 0.112798 0.000000
1.050596 -0.709541 0.000000
1.154205 0.323539 0.000000
1.523012 -0.402384 0.000000
-0.305462 1.353267 0.000000
0.903304 0.547096 0.000000
-0.370746 1.379450 0.000000
-1.324464 -0.916165 0.000000
0.709882 -0.892910 0.000000
0.721691 0.698298 0.000000
-0.161801 -1.200789 0.000000
1.072080 -0.696937 0.000000
1.022756 -0.725667 0.000000
1.018612 -0.728086 0.000000
0.844332 0.597171 0.000000
0.271254 1.032572 0.000000
-1.331038 -0.911709 0.000000
1.234719 0.248172 0.000000
-1.692699 -0.506184 0.000000
-1.617871 -0.680769 0.000000
1.471130 -0.439304 0.000000
-0.099487 1.255620 0.000000
-1.063681 -1.086337 0.000000
-1.463065 1.051160 0.000000
-1.535691 0.868979 0.000000
0.692628 -0.901397 0.000000
1.617359 -0.136051 0.000000
-1.048469 -1.094866 0.000000
-1.678746 -0.557872 0.000000
-0.256557 -1.215981 0.000000
0.268222 1.034609 0.000000
-0.181460 1.297038 0.000000
-0.058842 1.233935 0.000000
0.258241 -1.085445 0.000000
-0.358896 -1.227014 0.000000
-1.383597 -0.875893 0.000000
0.982091 -0.748922 0.000000
0.586779 0.804729 0.000000
1.543260 -0.058094 0.000000
-0.215644 -1.209997 0.000000
0.703287 -0.896178 0.000000
-1.373854 1.212504 0.000000
1.424098 0.063572 0.000000
-0.524498 -1.231428 0.000000
0.121377 -1.130725 0.000000
-1.629046 0.532243 0.000000
-1.568560 0.766664 0.000000
-1.701163 0.087464 0.000000
-0.254891 1.331327 0.000000
-1.557502 -0.747097 0.000000
-0.507516 1.425791 0.000000
-0.157691 1.285368 0.000000
-0.215768 -1.209997 0.000000
-0.640243 -1.223195 0.000000
-1.386399 -0.873983 0.000000
1.377310 0.110167 0.000000
0.634062 0.768022 0.000000
0.602508 -0.944174 0.000000
-0.708594 1.469586 0.000000
0.507989 -0.986568 0.000000
0.773207 0.656328 0.000000
0.646907 0.757922 0.000000
-1.639059 0.485605 0.000000
-1.330353 -0.912176 0.000000
-0.888734 1.478625 0.000000
0.558353 0.826500 0.000000
-0.252988 1.330478 0.000000
0.356384 0.974179 0.000000
-1.181883 1.402748 0.000000
1.243338 -0.591906 0.000000
0.293788 1.017338 0.000000
-1.084911 1.445736 0.000000
-1.498719 0.968450 0.000000
-0.973362 1.470817 0.000000
1.583863 -0.357995 0.000000
1.008145 0.455730 0.000000
-0.579154 -1.228797 0.000000
0.274011 -1.079801 0.000000
-1.498822 0.968196 0.000000
0.095788 -1.138449 0.000000
-1.429928 -0.844150 0.000000
-0.050179 1.229224 0.000000
-1.335013 1.265890 0.000000
1.710456 -0.236626 0.000000
0.404717 0.940018 0.000000
-0.638522 1.458001 0.000000
0.948261 -0.767891 0.000000
-1.701235 0.086785 0.000000
0.279260 -1.077892 0.000000
-0.214519 -1.209828 0.000000
0.798174 -0.848394 0.000000
-0.163422 1.288211 0.000000
-0.900567 -1.162426 0.000000
1.154095 0.323667 0.000000
1.391731 -0.494217 0.000000
0.532381 0.846190 0.000000
0.470879 -1.002482 0.000000
-1.403040 -0.862610 0.000000
1.502489 -0.417109 0.000000
0.212988 1.071105 0.000000
-0.400844 -1.229773 0.000000
1.544410 -0.059325 0.000000
1.400377 -0.488360 0.000000
-0.253370 -1.215556 0.000000
-1.352287 -0.897196 0.000000
0.532856 -0.975662 0.000000
-0.317281 1.358189 0.000000
1.717708 -0.244604 0.000000
-1.199282 1.392139 0.000000
-0.460894 -1.231852 0.000000
-0.699559 -1.214835 0.000000
-0.859180 1.479389 0.000000
0.099770 -1.137261 0.000000
-1.647770 -0.632815 0.000000
-1.342506 1.256299 0.000000
-0.563890 -1.229730 0.000000
0.313527 -1.065288 0.000000
0.028125 -1.157545 0.000000
0.482172 -0.997686 0.000000
1.483748 0.003227 0.000000
0.034992 -1.155678 0.000000
1.359946 -0.515690 0.000000
-1.400514 1.170364 0.000000
-0.650596 -1.221922 0.000000
-0.515680 -1.231640 0.000000
0.378167 0.958902 0.000000
-1.643368 -0.640921 0.000000
-1.055500 1.454266 0.000000
-0.397017 -1.229561 0.000000
0.282495 -1.076746 0.000000
1.693622 -0.218208 0.000000
-0.803378 1.478370 0.000000
0.130392 -1.127967 0.000000
0.565450 0.821110 0.000000
-1.490823 0.987802 0.000000
0.094552 -1.138788 0.000000
-1.440287 -0.836978 0.000000
-0.549527 1.437461 0.000000
-1.151286 1.419171 0.000000
1.451350 -0.453180 0.000000
0.958229 0.499609 0.000000
0.063655 1.164211 0.000000
-0.137271 -1.196120 0.000000
0.246146 1.049335 0.000000
-0.895239 -1.164293 0.000000
-1.311529 1.294025 0.000000
-1.214402 -0.991024 0.000000
0.666701 0.742305 0.000000
-1.127716 -1.047762 0.000000
-1.210674 1.384543 0.000000
-0.377186 1.381869 0.000000
-0.921311 -1.154575 0.000000
-0.765435 -1.202019 0.000000
-1.654857 -0.618684 0.000000
-0.268211 1.337226 0.000000
0.678523 -0.908230 0.000000
-1.024324 -1.107810 0.000000
-0.019207 -1.169810 0.000000
1.344293 0.142631 0.000000
-0.405715 1.392436 0.000000
0.785474 0.646228 0.000000
0.185801 -1.110271 0.000000
1.402996 -0.486578 0.000000
-0.328993 -1.224426 0.000000
-0.619695 -1.225402 0.000000
0.726385 -0.884762 0.000000
-1.251656 -0.965816 0.000000
0.164971 1.101956 0.000000
-1.626410 0.544083 0.000000
0.691482 0.722572 0.000000
-1.544798 0.842031 0.000000
1.041224 0.426321 0.000000
0.379069 0.958223 0.000000
-0.624424 1.455115 0.000000
1.607760 -0.340214 0.000000
-0.609521 1.451932 0.000000
-0.847477 -1.180207 0.000000
0.630414 -0.931188 0.000000
0.359148 -1.047889 0.000000
-0.782954 -1.197903 0.000000
0.644962 0.759449 0.000000
-1.246087 -0.969636 0.000000
-1.488387 -0.802732 0.000000
0.161912 1.103909 0.000000
0.048401 -1.152029 0.000000
-1.712245 -0.374291 0.000000
-0.685682 1.466233 0.000000
-0.600290 -1.227184 0.000000
0.285600 1.022897 0.000000
1.644298 -0.164865 0.000000
0.488935 -0.994801 0.000000
0.360934 -1.047210 0.000000
1.694985 -0.219693 0.000000
-0.781705 -1.198200 0.000000
-0.856416 1.479431 0.000000
0.069358 1.160816 0.000000
-1.358634 1.234529 0.000000
1.394278 0.093320 0.000000
0.654541 -0.919730 0.000000
-0.809205 -1.191198 0.000000
-1.545934 -0.757325 0.000000
-0.507141 -1.231810 0.000000
0.267634 -1.082093 0.000000
0.736735 0.686119 0.000000
0.305796 -1.068174 0.000000
0.057308 -1.149525 0.000000
-1.686576 -0.531052 0.000000
-0.255428 1.331539 0.000000
-0.390936 -1.229221 0.000000
0.889596 -0.800058 0.000000
0.122486 -1.130386 0.000000
-0.612220 -1.226081 0.000000
-1.201973 1.390357 0.000000
-1.379550 -0.878651 0.000000
0.360356 0.971421 0.000000
0.916662 0.535638 0.000000
0.056073 1.168709 0.000000
-1.605804 0.630824 0.000000
1.233621 0.249190 0.000000
1.686835 -0.280039 0.000000
-1.113364 -1.056716 0.000000
-0.125149 -1.193702 0.000000
-1.553426 -0.750747 0.000000
-1.154872 1.417431 0.000000
-1.560967 -0.743915 0.000000
0.204039 -1.104202 0.000000
1.189277 0.290948 0.000000
-1.130490 1.428719 0.000000
0.203592 1.077216 0.000000
-1.315253 -0.922446 0.000000
0.500634 -0.989751 0.000000
1.711062 -0.237305 0.000000
-0.016229 -1.169088 0.000000
-1.638680 0.487430 0.000000
-0.798903 1.478158 0.000000
0.694497 -0.900464 0.000000
1.061583 -0.703090 0.000000
-0.059668 -1.179528 0.000000
0.333548 -1.057734 0.000000
-1.113832 1.435552 0.000000
0.942751 0.513062 0.000000
-1.438425 1.101787 0.000000
-0.778383 1.476885 0.000000
-0.065389 -1.180843 0.000000
-0.982882 -1.128264 0.000000
0.657542 0.749562 0.000000
-1.647264 0.445078 0.000000
1.655611 -0.177002 0.000000
1.309944 -0.548833 0.000000
1.678096 -0.286786 0.000000
1.115113 -0.671263 0.000000
-0.683723 1.465936 0.000000
-0.994456 1.467422 0.000000
0.820374 0.617244 0.000000
1.435380 0.052241 0.000000
-1.709678 -0.006788 0.000000
0.373342 0.962297 0.000000
0.906598 0.544253 0.000000
1.466590 -0.442486 0.000000
-1.359257 1.233680 0.000000
-0.234867 -1.212925 0.000000
-1.425543 -0.847163 0.000000
1.264140 -0.578581 0.000000
-1.420222 1.136076 0.000000
-0.891271 1.478540 0.000000
1.081969 0.389656 0.000000
-0.323593 1.360778 0.000000
0.684306 -0.905429 0.000000
0.571920 0.816145 0.000000
0.442085 -1.014576 0.000000
1.123277 0.352014 0.000000
-1.640828 0.477033 0.000000
0.086226 1.150674 0.000000
-1.032657 -1.103481 0.000000
-1.610223 0.613000 0.000000
0.829849 0.609308 0.000000
1.482134 -0.431538 0.000000
-0.222235 1.316432 0.000000
0.015246 -1.160983 0.000000
-1.429714 1.118507 0.000000
-0.480987 -1.232022 0.000000
0.453202 0.904965 0.000000
1.413008 0.074690 0.000000
-0.049254 1.228715 0.000000
-1.426730 -0.846357 0.000000
-1.018604 1.462881 0.000000
0.746141 0.678480 0.000000
0.668425 0.740947 0.000000
-0.704677 -1.214029 0.000000
-0.716413 -1.211907 0.000000
0.695285 0.719559 0.000000
-0.237335 1.323391 0.000000
-0.330270 -1.224511 0.000000
-0.442545 -1.231470 0.000000
-1.050768 1.455497 0.000000
-0.630726 1.456388 0.000000
1.482154 0.004839 0.000000
-0.456072 -1.231767 0.000000
-0.061950 -1.180079 0.000000
0.787773 -0.853741 0.000000
0.494614 0.874453 0.000000
-1.354487 1.240258 0.000000
-1.546223 -0.757070 0.000000
0.027072 -1.157843 0.000000
1.602239 -0.120010 0.000000
0.636351 -0.928387 0.000000
0.661321 0.746549 0.000000
-1.687502 -0.527530 0.000000
-1.590608 0.689132 0.000000
-1.395303 1.179022 0.000000
1.152378 0.325237 0.000000
1.382590 0.104948 0.000000
0.659803 0.747779 0.000000
-1.575626 0.742645 0.000000
-0.172839 1.292837 0.000000
1.037380 0.429758 0.000000
-0.056829 -1.178891 0.000000
-0.882605 1.478837 0.000000
1.569593 -0.085593 0.000000
0.346871 -1.052642 0.000000
1.488745 -0.001908 0.000000
-0.148436 -1.198285 0.000000
0.136752 -1.125973 0.000000
-1.700677 0.092132 0.000000
1.029484 -0.721805 0.000000
-1.070293 1.450192 0.000000
0.349332 -1.051708 0.000000
-0.350849 -1.226378 0.000000
-1.660628 0.373912 0.000000
-0.829405 1.479262 0.000000
1.111506 0.362793 0.000000
0.239944 -1.091896 0.000000
0.617132 -0.937384 0.000000
1.060106 0.409389 0.000000
-1.313780 -0.923464 0.000000
1.011752 0.452547 0.000000
-0.371847 -1.227990 0.000000
1.598119 -0.115639 0.000000
-0.805353 1.478498 0.000000
0.970168 -0.755627 0.000000
1.139467 -0.656537 0.000000
0.575558 0.813387 0.000000
-0.265179 -1.217127 0.000000
-0.833930 1.479346 0.000000
-0.459159 1.410769 0.000000
-1.157436 -1.028750 0.000000
1.474651 -0.436842 0.000000
1.545119 -0.060046 0.000000
-1.563184 0.784402 0.000000
-0.029518 -1.172356 0.000000
1.051388 0.417197 0.000000
-0.713065 1.470180 0.000000
-1.647963 -0.632433 0.000000
0.643413 0.760680 0.000000
1.108932 -0.674997 0.000000
-0.130645 1.271746 0.000000
-0.320224 1.359378 0.000000
0.278885 1.027438 0.000000
0.790324 0.642197 0.000000
-0.500884 1.423839 0.000000
0.191060 1.085279 0.000000
1.224494 0.257847 0.000000
-0.016932 1.210807 0.000000
0.034489 1.181356 0.000000
0.656193 0.750623 0.000000
-1.206775 1.387131 0.000000
0.771363 -0.862143 0.000000
-1.174246 1.407161 0.000000
0.893808 0.555201 0.000000
1.023279 0.442320 0.000000
1.704223 -0.266544 0.000000
-0.045113 1.226423 0.000000
0.973476 -0.753760 0.000000
1.248435 -0.588639 0.000000
1.679821 -0.285470 0.000000
-0.183470 1.298014 0.000000
0.023396 -1.158819 0.000000
0.862502 -0.814657 0.000000
-0.557767 1.439668 0.000000
-1.380627 -0.877887 0.000000
0.258967 -1.085191 0.000000
1.381760 -0.501007 0.000000
-0.548013 1.437079 0.000000
-0.587563 -1.228160 0.000000
-1.448107 1.082478 0.000000
-0.137474 -1.196163 0.000000
-0.165573 -1.201510 0.000000
-1.694964 0.143141 0.000000
0.247747 1.048274 0.000000
-0.230558 -1.212289 0.000000
0.259208 1.040635 0.000000
-0.099088 -1.188312 0.000000
0.896407 0.552995 0.000000
0.361798 -1.046870 0.000000
-0.960369 -1.138449 0.000000
-0.120045 -1.192683 0.000000
-0.102364 -1.188991 0.000000
1.014272 -0.730547 0.000000
0.275577 1.029687 0.000000
0.728636 -0.883659 0.000000
1.579248 -0.095736 0.000000
1.639982 -0.160240 0.000000
-0.688228 1.466615 0.000000
1.166021 0.312591 0.000000
0.710611 -0.892570 0.000000
1.293643 -0.559484 0.000000
-0.162727 -1.200958 0.000000
-1.095911 1.442129 0.000000
0.150013 1.111377 0.000000
0.831722 0.607738 0.000000
-0.510260 1.426555 0.000000
0.404459 -1.029938 0.000000
-1.384127 -0.875511 0.000000
-0.535522 -1.231046 0.000000
-1.184121 1.401475 0.000000
0.146658 -1.122875 0.000000
-1.626902 -0.667868 0.000000
-0.689412 -1.216490 0.000000
0.813872 -0.840246 0.000000
1.117960 0.356895 0.000000
0.482791 -0.997432 0.000000
0.989924 0.471856 0.000000
-1.130053 -1.046319 0.000000
-0.602359 -1.227014 0.000000
-1.589359 -0.715482 0.000000
-1.620924 0.568145 0.000000
-1.024569 -1.107682 0.000000
1.271987 0.212652 0.000000
0.152911 1.109553 0.000000
0.487920 0.879418 0.000000
1.211969 -0.611724 0.000000
-0.205284 -1.208342 0.000000
-0.452530 1.408604 0.000000
1.440918 0.046682 0.000000
-0.521893 1.429950 0.000000
0.914404 -0.786563 0.000000
0.019135 1.190267 0.000000
0.906873 0.544041 0.000000
0.890879 0.557705 0.000000
-1.376662 -0.880603 0.000000
1.013428 -0.731056 0.000000
-0.746839 1.474127 0.000000
-0.138644 1.275820 0.000000
1.497901 -0.011287 0.000000
0.469915 -1.002906 0.000000
1.478447 0.008616 0.000000
-0.253879 1.330860 0.000000
-1.571682 0.756139 0.000000
-0.522296 1.430035 0.000000
-0.451783 1.408350 0.000000
-1.123545 -1.050393 0.000000
-1.031060 -1.104287 0.000000
0.400814 -1.031423 0.000000
0.360480 -1.047380 0.000000
0.156133 1.107516 0.000000
0.803158 -0.845848 0.000000
-0.233473 -1.212713 0.000000
-1.712445 -0.046127 0.000000
0.485407 -0.996286 0.000000
1.601561 -0.344839 0.000000
-0.077339 -1.183559 0.000000
-1.049859 1.455752 0.000000
0.524289 -0.979438 0.000000
0.812871 -0.840798 0.000000
-1.265943 -0.956098 0.000000
-0.450234 1.407840 0.000000
-1.518365 -0.780028 0.000000
0.488123 -0.995140 0.000000
0.562579 -0.962421 0.000000
-0.888070 1.478667 0.000000
-1.580985 0.723972 0.000000
-1.431772 1.114603 0.000000
1.327831 0.158715 0.000000
0.846996 0.594922 0.000000
-0.139384 1.276202 0.000000
1.609883 -0.128115 0.000000
-0.989407 -1.125209 0.000000
-1.303906 -0.930212 0.000000
1.702285 -0.227672 0.000000
0.450683 -1.010969 0.000000
-0.387869 -1.229051 0.000000
1.118710 0.356216 0.000000
0.499257 0.871016 0.000000
0.711682 -0.892061 0.000000
0.742971 0.681069 0.000000
-1.711581 -0.033057 0.000000
0.639841 -0.926732 0.000000
1.627447 -0.325446 0.000000
-0.048438 -1.176897 0.000000
0.569738 -0.959154 0.000000
0.372784 -1.042542 0.000000
-1.225488 1.373976 0.000000
0.912102 0.539542 0.000000
-0.042466 -1.175496 0.000000
1.062250 0.407437 0.000000
-1.415438 -0.854123 0.000000
0.959915 -0.761398 0.000000
-1.508421 0.943795 0.000000
0.475725 0.888457 0.000000
-1.629879 -0.663327 0.000000
-1.645722 0.452886 0.000000
-0.950047 -1.142862 0.000000
-0.964224 1.472005 0.000000
-0.402490 -1.229900 0.000000
1.708171 -0.263446 0.000000
-0.740241 -1.207366 0.000000
-0.199433 1.305695 0.000000
-1.498000 0.970275 0.000000
-1.622989 -0.673597 0.000000
-0.487100 -1.231980 0.000000
-1.362028 -0.890576 0.000000
0.512897 0.860831 0.000000
-1.173771 1.407416 0.000000
0.547824 -0.968999 0.000000
-1.657159 -0.613803 0.000000
1.433649 0.053981 0.000000
-1.116923 1.434321 0.000000
1.016189 -0.729444 0.000000
1.670507 -0.193128 0.000000
0.813146 -0.840628 0.000000
-1.446527 -0.832650 0.000000
-0.713350 1.470222 0.000000
0.658089 -0.918032 0.000000
0.889795 -0.799973 0.000000
0.679559 0.732078 0.000000
0.826631 -0.833583 0.000000
0.286791 1.022090 0.000000
-0.908934 1.477522 0.000000
-0.818153 -1.188821 0.000000
0.991800 0.470201 0.000000
1.441630 0.045961 0.000000
1.276882 -0.570391 0.000000
0.170248 1.098604 0.000000
0.351824 -1.050732 0.000000
-0.376700 -1.228330 0.000000
1.552849 -0.068109 0.000000
0.207051 1.074967 0.000000
1.028848 -0.722144 0.000000
1.531637 -0.396145 0.000000
1.231364 0.251354 0.000000
1.410217 -0.481613 0.000000
1.086735 0.385327 0.000000
-0.440456 -1.231428 0.000000
0.182986 1.090456 0.000000
0.096514 -1.138237 0.000000
-1.606010 0.630017 0.000000
1.247857 -0.589020 0.000000
0.495788 -0.991830 0.000000
0.263744 -1.083493 0.000000
0.711723 0.706361 0.000000
0.820047 -0.837063 0.000000
0.081862 1.153305 0.000000
-0.564454 -1.229688 0.000000
-0.028142 -1.172016 0.000000
-0.149001 -1.198412 0.000000
1.549941 -0.382863 0.000000
-1.318723 -0.920112 0.000000
-0.033070 -1.173247 0.000000
-1.525527 -0.774342 0.000000
0.203977 1.076961 0.000000
-1.340165 1.259397 0.000000
0.757644 0.669102 0.000000
1.418539 0.069131 0.000000
1.069113 -0.698677 0.000000
-0.423881 1.398886 0.000000
-0.416164 -1.230537 0.000000
-0.209246 1.310363 0.000000
1.077732 -0.693585 0.000000
0.816461 0.620512 0.000000
0.040261 -1.154235 0.000000
-0.281706 1.343124 0.000000
1.604803 -0.342421 0.000000
-0.599261 -1.227269 0.000000
-0.627777 1.455794 0.000000
-0.399034 -1.229688 0.000000
0.813074 -0.840670 0.000000
0.011983 1.194384 0.000000
1.495171 -0.422286 0.000000
1.541247 -0.056015 0.000000
1.463217 -0.444863 0.000000
1.132980 -0.660484 0.000000
1.287345 0.197927 0.000000
-0.609525 1.451932 0.000000
-1.645546 0.453735 0.000000
1.122121 0.353075 0.000000
-0.716183 -1.211949 0.000000
1.590172 -0.353284 0.000000
-1.075941 -1.079250 0.000000
1.418175 -0.476139 0.000000
-0.870892 -1.172738 0.000000
-0.967607 -1.135224 0.000000
1.613817 -0.335673 0.000000
-0.914961 1.477097 0.000000
1.557454 -0.377388 0.000000
1.479274 -0.433575 0.000000
-0.163728 1.288381 0.000000
0.466684 -1.004264 0.000000
-0.517522 1.428677 0.000000
0.440664 -1.015170 0.000000
0.506856 -0.987077 0.000000
1.513922 -0.027752 0.000000
-1.632464 -0.659296 0.000000
0.820911 0.616820 0.000000
-1.239055 -0.974388 0.000000
-1.133571 1.427361 0.000000
1.241314 -0.593179 0.000000
0.826483 -0.833668 0.000000
0.907355 -0.790425 0.000000
1.712432 -0.260093 0.000000
-1.418112 -0.852298 0.000000
-1.548295 0.831422 0.000000
0.826222 0.612364 0.000000
-0.525286 1.430884 0.000000
-0.220728 1.315710 0.000000
-1.292630 1.314522 0.000000
-1.709953 -0.398310 0.000000
0.063479 1.164296 0.000000
0.130949 1.123302 0.000000
-1.286091 1.321270 0.000000
0.375827 -1.041354 0.000000
-0.676685 1.464833 0.000000
-1.467278 1.042036 0.000000
-0.625226 -1.224850 0.000000
-1.385810 -0.874365 0.000000
-1.707093 -0.422965 0.000000
1.650125 -0.308217 0.000000
0.211673 -1.101614 0.000000
1.109300 -0.674785 0.000000
-0.237827 1.323604 0.000000
0.352935 0.976598 0.000000
-0.467798 1.413569 0.000000
0.512652 0.861001 0.000000
-0.883255 -1.168579 0.000000
1.267055 0.217363 0.000000
-1.355182 -0.895244 0.000000
1.693719 -0.274691 0.000000
0.284619 -1.075940 0.000000
1.253842 -0.585201 0.000000
0.150781 1.110911 0.000000
0.541178 0.839570 0.000000
-0.990343 -1.124742 0.000000
0.151810 -1.121262 0.000000
0.738156 0.684973 0.000000
-1.534978 -0.766618 0.000000
1.579984 -0.360838 0.000000
-0.499975 -1.231937 0.000000
-0.255232 -1.215811 0.000000
1.661032 -0.182858 0.000000
-0.856877 1.479431 0.000000
-0.403674 -1.229943 0.000000
-0.825608 1.479219 0.000000
0.114504 1.133444 0.000000
0.434726 0.918418 0.000000
-1.454227 1.069917 0.000000
0.164042 1.102551 0.000000
1.015614 0.449152 0.000000
-0.788481 1.477564 0.000000
0.335451 -1.057013 0.000000
-1.038439 -1.100341 0.000000
1.055229 -0.706825 0.000000
0.679546 -0.907720 0.000000
1.247554 0.235992 0.000000
-0.213497 -1.209658 0.000000
0.207399 1.074754 0.000000
-0.125077 -1.193702 0.000000
-0.716524 1.470647 0.000000
-0.995892 -1.122111 0.000000
-0.519604 -1.231555 0.000000
-0.810685 -1.190816 0.000000
0.199844 -1.105603 0.000000
1.247970 0.235610 0.000000
-1.566987 -0.738270 0.000000
1.718920 -0.245919 0.000000
0.451932 -1.010460 0.000000
0.586224 -0.951685 0.000000
-1.014216 1.463772 0.000000
-0.712786 -1.212586 0.000000
0.886405 0.561525 0.000000
-1.296633 1.310363 0.000000
1.702998 -0.228478 0.000000
-0.945985 1.474254 0.000000
-1.150339 1.419595 0.000000
-0.652207 -1.221710 0.000000
0.185867 1.088631 0.000000
0.809904 -0.842325 0.000000
1.549504 -0.383202 0.000000
-0.832399 1.479304 0.000000
-0.805246 1.478498 0.000000
-0.507110 -1.231810 0.000000
-1.591930 0.684252 0.000000
0.556033 0.828282 0.000000
-0.805842 1.478498 0.000000
0.256038 1.042757 0.000000
-1.716155 -0.314964 0.000000
1.720785 -0.247956 0.000000
-0.833765 1.479346 0.000000
-1.428654 1.120544 0.000000
0.326537 0.994931 0.000000
0.312759 -1.065585 0.000000
-0.650551 -1.221922 0.000000
-1.656643 0.395894 0.000000
0.086815 -1.141080 0.000000
0.505710 0.866220 0.000000
-0.418539 -1.230622 0.000000
-0.397447 1.389423 0.000000
-0.203302 -1.208003 0.000000
-0.301686 1.351654 0.000000
0.209942 -1.102208 0.000000
1.685871 -0.209763 0.000000
0.565911 0.820771 0.000000
-0.529864 -1.231258 0.000000
-0.429305 1.400754 0.000000
0.556632 -0.965095 0.000000
1.370134 0.117254 0.000000
1.266670 -0.576968 0.000000
0.523150 -0.979948 0.000000
-1.406878 1.159586 0.000000
1.307046 -0.550742 0.000000
-0.931406 1.475739 0.000000
1.623489 -0.142586 0.000000
0.352106 0.977192 0.000000
1.587787 -0.104732 0.000000
1.383244 -0.499988 0.000000
1.449106 -0.454751 0.000000
0.648122 0.756988 0.000000
0.973404 0.486327 0.000000
1.233405 0.249402 0.000000
0.676551 0.734497 0.000000
0.493870 -0.992679 0.000000
-1.072727 -1.081117 0.000000
-0.640955 1.458425 0.000000
-0.890135 1.478583 0.000000
-1.226833 1.372957 0.000000
-0.162258 1.287660 0.000000
-0.663716 1.462626 0.000000
-1.212423 1.383354 0.000000
-0.258533 -1.216235 0.000000
-0.814711 -1.189755 0.000000
0.478551 0.886335 0.000000
0.874531 -0.808206 0.000000
-0.112249 1.262325 0.000000
-0.367886 1.378347 0.000000
0.033068 1.182204 0.000000
-0.409766 -1.230240 0.000000
0.623107 -0.934583 0.000000
-1.575626 -0.729826 0.000000
1.258478 -0.582231 0.000000
-1.282536 -0.944810 0.000000
-1.154752 1.417474 0.000000
0.857146 0.586350 0.000000
1.581609 -0.098240 0.000000
-1.054024 1.454648 0.000000
1.482980 0.003991 0.000000
1.429701 -0.468203 0.000000
1.182941 0.296847 0.000000
-0.007518 -1.166882 0.000000
-0.946832 1.474169 0.000000
-1.384651 -0.875171 0.000000
1.529410 -0.043751 0.000000
1.469258 0.017995 0.000000
0.627051 -0.932758 0.000000
-0.630971 -1.224214 0.000000
-0.557216 1.439498 0.000000
-0.757199 1.475145 0.000000
0.066522 -1.146936 0.000000
-1.609652 0.615334 0.000000
0.752990 0.672879 0.000000
-1.552711 -0.751426 0.000000
0.510639 -0.985422 0.000000
0.553104 -0.966665 0.000000
1.389570 0.098030 0.000000
0.034978 -1.155678 0.000000
0.387226 0.952452 0.000000
0.693939 0.720620 0.000000
-0.987494 1.468610 0.000000
-1.048778 1.456049 0.000000
-0.870121 1.479262 0.000000
1.171184 -0.637144 0.000000
1.437614 -0.462729 0.000000
0.485713 -0.996159 0.000000
1.131455 0.344503 0.000000
0.447564 0.909081 0.000000
0.992550 -0.742981 0.000000
-0.087010 1.249042 0.000000
0.952873 -0.765303 0.000000
-0.472465 -1.231937 0.000000
-1.616377 -0.682806 0.000000
-1.510566 0.938193 0.000000
0.203189 1.077470 0.000000
0.144341 1.114942 0.000000
-1.097215 -1.066604 0.000000
-1.615341 -0.684206 0.000000
1.551107 -0.382014 0.000000
0.300737 1.012627 0.000000
-1.073921 -1.080395 0.000000
-0.652090 1.460504 0.000000
1.240632 -0.593604 0.000000
-1.698368 0.113520 0.000000
0.285424 1.023024 0.000000
0.822625 -0.835705 0.000000
1.659893 -0.181628 0.000000
-1.653225 0.414184 0.000000
-1.718083 -0.188418 0.000000
0.556594 0.827858 0.000000
-1.520196 0.912519 0.000000
0.551576 -0.967344 0.000000
1.626586 -0.145896 0.000000
1.169174 0.309662 0.000000
-0.311626 1.355813 0.000000
-1.259266 -0.960639 0.000000
-0.774824 -1.199855 0.000000
-0.550697 -1.230409 0.000000
-0.244968 1.326871 0.000000
0.727555 -0.884168 0.000000
1.084047 -0.689850 0.000000
1.070762 -0.697701 0.000000
1.428321 -0.469179 0.000000
-0.519033 1.429144 0.000000
-1.584788 -0.720405 0.000000
1.524055 -0.038192 0.000000
0.969421 0.489849 0.000000
-0.602923 -1.226972 0.000000
0.771259 -0.862186 0.000000
-1.319222 1.285198 0.000000
1.547679 -0.062720 0.000000
1.474589 -0.436885 0.000000
-1.035648 1.459146 0.000000
-1.561374 0.790259 0.000000
-0.535168 1.433642 0.000000
0.584039 -0.952661 0.000000
0.302833 1.011184 0.000000
1.012272 0.452080 0.000000
-1.416993 -0.853062 0.000000
0.743043 0.680984 0.000000
-0.725472 1.471750 0.000000
0.803492 0.631291 0.000000
-1.081073 1.446967 0.000000
-1.091150 1.443700 0.000000
0.561794 0.823911 0.000000
0.712687 0.705555 0.000000
1.629464 -0.148951 0.000000
1.569759 -0.085763 0.000000
0.379592 0.957884 0.000000
-1.020752 -1.109677 0.000000
1.350925 -0.521716 0.000000
1.356604 -0.517939 0.000000
1.699849 -0.224998 0.000000
-1.155994 1.416880 0.000000
1.384039 -0.499479 0.000000
0.976708 -0.751935 0.000000
0.819483 -0.837360 0.000000
-1.565376 0.777188 0.000000
1.047334 -0.711408 0.000000
-0.415778 -1.230494 0.000000
-0.902980 1.477861 0.000000
0.843379 -0.824799 0.000000
-0.278888 1.341894 0.000000
0.446900 0.909548 0.000000
-1.041540 1.457789 0.000000
-0.843364 -1.181480 0.000000
-0.027880 1.216918 0.000000
-0.775836 -1.199600 0.000000
1.075484 -0.694900 0.000000
0.491929 0.876448 0.000000
-0.009817 1.206775 0.000000
1.560066 -0.375479 0.000000
-1.398772 -0.865538 0.000000
-1.161088 1.414248 0.000000
0.314852 1.002994 0.000000
1.380752 0.106772 0.000000
1.607047 -0.340723 0.000000
-0.986434 1.468780 0.000000
-0.485004 -1.231980 0.000000
-0.192629 1.302428 0.000000
-1.406286 1.160604 0.000000
-1.030210 1.460420 0.000000
-1.271625 1.335274 0.000000
0.258210 -1.085445 0.000000
-0.019781 1.212377 0.000000
1.508901 -0.022575 0.000000
-0.132342 -1.195187 0.000000
0.508749 -0.986228 0.000000
-0.145965 -1.197818 0.000000
-0.339357 -1.225359 0.000000
-0.673597 1.464281 0.000000
0.716156 0.702754 0.000000
0.679656 0.732035 0.000000
-1.413128 -0.855693 0.000000
0.813752 -0.840331 0.000000
-1.251862 -0.965689 0.000000
0.362655 0.969808 0.000000
-0.215090 1.313079 0.000000
-1.543992 -0.759022 0.000000
1.312418 0.173695 0.000000
-0.028407 1.217215 0.000000
1.562300 -0.077955 0.000000
-1.202152 1.390229 0.000000
0.120524 1.129753 0.000000
-1.113388 -1.056716 0.000000
1.597145 -0.114620 0.000000
0.078795 -1.143414 0.000000
0.980201 0.480385 0.000000
-0.058870 1.233935 0.000000
0.847372 0.594625 0.000000
-0.024104 1.214796 0.000000
-0.406417 1.392691 0.000000
-0.029164 -1.172271 0.000000
0.440887 0.913919 0.000000
0.313413 -1.065330 0.000000
0.931895 0.522483 0.000000
-1.147355 1.421038 0.000000
-1.595909 0.669314 0.000000
0.562063 -0.962634 0.000000
0.342283 -1.054382 0.000000
1.622208 -0.141228 0.000000
-1.117763 -1.054000 0.000000
-1.718103 -0.248381 0.000000
-0.522244 -1.231470 0.000000
-0.209514 1.310491 0.000000
-0.649845 -1.222007 0.000000
0.234527 -1.093763 0.000000
-1.320733 1.283374 0.000000
-1.643103 0.465915 0.000000
-0.067385 1.238560 0.000000
1.547463 -0.062465 0.000000
0.483693 -0.997050 0.000000
0.280723 1.026207 0.000000
-0.427412 -1.230961 0.000000
-0.303865 -1.221795 0.000000
0.367907 0.966116 0.000000
-1.684821 0.221649 0.000000
1.093674 -0.684121 0.000000
-1.653263 -0.621994 0.000000
0.317192 1.001381 0.000000
0.510849 0.862359 0.000000
0.872841 -0.809097 0.000000
1.070552 -0.697828 0.000000
-0.488821 1.420147 0.000000
1.680988 -0.204459 0.000000
1.119529 -0.668632 0.000000
-1.664370 -0.597338 0.000000
1.090081 -0.686243 0.000000
0.360755 -1.047252 0.000000
0.133909 1.121477 0.000000
-0.587790 1.447010 0.000000
1.602332 -0.344245 0.000000
1.393724 -0.492901 0.000000
0.849609 -0.821489 0.000000
-0.626575 1.455539 0.000000
0.371531 0.963570 0.000000
0.883393 -0.803411 0.000000
-0.571975 1.443233 0.000000
1.660701 -0.300154 0.000000
-1.598098 -0.705637 0.000000
-0.408244 -1.230155 0.000000
-0.336300 1.365955 0.000000
-1.510555 -0.786097 0.000000
-1.497676 0.971082 0.000000
0.197768 -1.106282 0.000000
1.143071 -0.654373 0.000000
1.192747 0.287680 0.000000
-0.783567 -1.197733 0.000000
-1.242624 1.360608 0.000000
0.523911 0.852556 0.000000
-1.243867 1.359590 0.000000
0.638715 -0.927241 0.000000
-0.006379 -1.166584 0.000000
-0.388970 -1.229094 0.000000
-1.093718 -1.068683 0.000000
-1.112820 1.435934 0.000000
1.075808 -0.694730 0.000000
1.199971 -0.619278 0.000000
0.207615 -1.102972 0.000000
0.947139 0.509242 0.000000
0.166124 1.101235 0.000000
1.555079 -0.379128 0.000000
-0.036784 1.221840 0.000000
1.431611 -0.466887 0.000000
-0.736827 1.473066 0.000000
0.011649 -1.161916 0.000000
-0.156631 1.284859 0.000000
-0.988850 -1.125463 0.000000
-0.993871 1.467549 0.000000
-0.071515 1.240767 0.000000
-1.611135 0.609308 0.000000
0.592096 -0.948969 0.000000
0.846153 -0.823314 0.000000
-0.713206 1.470222 0.000000
0.856220 0.587156 0.000000
0.331682 0.991366 0.000000
0.192224 -1.108149 0.000000
-1.559870 -0.744933 0.000000
0.747814 -0.874068 0.000000
-1.222992 1.375758 0.000000
-1.341012 -0.904920 0.000000
1.024518 0.441216 0.000000
-1.366836 -0.887308 0.000000
-0.184124 1.298354 0.000000
-1.066741 1.451211 0.000000
-0.081283 1.246029 0.000000
1.600401 -0.345688 0.000000
0.157317 1.106794 0.000000
-0.969658 -1.134290 0.000000
-1.044745 1.457067 0.000000
1.565604 -0.371405 0.000000
-0.153554 -1.199261 0.000000
-0.531485 1.432624 0.000000
1.411928 0.075751 0.000000
-0.541793 1.435424 0.000000
0.401513 -1.031126 0.000000
0.248893 1.047510 0.000000
-0.233600 -1.212756 0.000000
0.631202 0.770271 0.000000
1.124788 0.350656 0.000000
-0.913605 -1.157503 0.000000
-0.216973 -1.210209 0.000000
-0.832987 -1.184578 0.000000
0.745067 0.679329 0.000000
0.530054 -0.976892 0.000000
-0.384224 1.384543 0.000000
0.655250 0.751344 0.000000
-1.460931 1.055743 0.000000
-1.221337 1.376947 0.000000
-1.391679 1.184835 0.000000
-0.391982 1.387428 0.000000
0.998333 0.464429 0.000000
-0.675260 1.464578 0.000000
-0.629422 -1.224383 0.000000
-0.685062 -1.217212 0.000000
1.221465 -0.605783 0.000000
-0.443048 1.405464 0.000000
1.140823 0.335888 0.000000
0.081181 -1.142693 0.000000
0.932759 -0.776464 0.000000
0.791731 0.641051 0.000000
1.152474 -0.648602 0.000000
1.486639 -0.428355 0.000000
-1.509537 0.940909 0.000000
-0.766688 1.475994 0.000000
-1.199963 1.391715 0.000000
1.056950 -0.705806 0.000000
-1.254161 -0.964119 0.000000
-0.436340 -1.231258 0.000000
0.395404 0.946638 0.000000
-1.112166 -1.057480 0.000000
0.105573 -1.135521 0.000000
0.988782 -0.745103 0.000000
0.612372 -0.939590 0.000000
0.499601 -0.990217 0.000000
1.578342 -0.094802 0.000000
1.559533 -0.375861 0.000000
-0.847722 -1.180122 0.000000
-1.127861 1.429908 0.000000
-1.718268 -0.209933 0.000000
-0.598642 1.449556 0.000000
0.584135 0.806766 0.000000
-0.123204 1.267927 0.000000
1.364981 -0.512295 0.000000
0.109221 1.136712 0.000000
-1.357268 -0.893801 0.000000
0.044856 -1.153005 0.000000
1.009395 0.454626 0.000000
0.005777 1.197948 0.000000
-0.772890 1.476461 0.000000
0.793762 -0.850685 0.000000
0.234276 1.057186 0.000000
0.824903 -0.834517 0.000000
-0.935319 -1.148973 0.000000
-0.260050 1.333619 0.000000
1.719907 -0.247023 0.000000
1.193813 -0.623097 0.000000
0.592461 0.800359 0.000000
-0.481290 1.417856 0.000000
1.324502 -0.539285 0.000000
-1.379767 1.203592 0.000000
-0.433063 -1.231173 0.000000
-1.074843 1.448834 0.000000
0.765198 -0.865284 0.000000
-1.286208 1.321142 0.000000
-0.628651 -1.224468 0.000000
0.838781 -0.827218 0.000000
-0.232203 -1.212543 0.000000
1.372302 0.115090 0.000000
-0.078709 1.244629 0.000000
0.468790 -1.003373 0.000000
1.174247 0.304952 0.000000
1.190482 -0.625177 0.000000
-1.198452 1.392648 0.000000
1.292008 -0.560545 0.000000
1.562469 -0.373739 0.000000
-0.408324 -1.230155 0.000000
-0.284374 1.344270 0.000000
1.199826 0.281060 0.000000
-0.851969 -1.178806 0.000000
0.744048 -0.875935 0.000000
-1.017806 1.463008 0.000000
1.332763 -0.533810 0.000000
1.584163 -0.357740 0.000000
-0.167197 1.290079 0.000000
-0.895229 1.478328 0.000000
-1.592226 -0.712342 0.000000
1.388052 0.099516 0.000000
-1.425787 -0.846993 0.000000
-1.007177 1.465130 0.000000
-0.827615 -1.186105 0.000000
-1.067165 1.451084 0.000000
-0.217623 -1.210294 0.000000
0.714315 0.704239 0.000000
-1.344863 -0.902288 0.000000
-1.413255 1.148552 0.000000
-0.127916 -1.194296 0.000000
-0.652609 -1.221667 0.000000
-1.055566 1.454266 0.000000
-1.528821 0.888627 0.000000
1.409773 0.077915 0.000000
0.559320 -0.963864 0.000000
-1.234178 -0.977699 0.000000
-1.529354 0.887099 0.000000
-1.404128 -0.861846 0.000000
0.069441 -1.146088 0.000000
1.077505 -0.693712 0.000000
0.899790 -0.794542 0.000000
-1.354273 -0.895881 0.000000
0.436299 -1.016953 0.000000
-1.172429 1.408222 0.000000
-0.918503 1.476843 0.000000
-0.685186 1.466149 0.000000
1.064584 -0.701350 0.000000
1.267141 0.217320 0.000000
-1.324546 -0.916123 0.000000
-0.492042 1.421166 0.000000
-0.248021 1.328229 0.000000
-0.387022 -1.228967 0.000000
-0.854213 -1.178127 0.000000
-1.054568 -1.091471 0.000000
0.509238 -0.986016 0.000000
0.634327 0.767810 0.000000
-0.023619 -1.170913 0.000000
-0.849639 1.479474 0.000000
-0.071030 1.240512 0.000000
1.600308 -0.345773 0.000000
-0.656092 -1.221243 0.000000
-0.622934 1.454818 0.000000
1.709407 -0.262470 0.000000
-1.247708 -0.968532 0.000000
1.218591 0.263406 0.000000
-0.141504 -1.196969 0.000000
1.489127 -0.002290 0.000000
-1.418308 -0.852128 0.000000
1.364317 -0.512762 0.000000
-0.038037 -1.174435 0.000000
0.121488 -1.130683 0.000000
-0.712541 -1.212628 0.000000
1.040120 -0.715609 0.000000
-1.493243 0.981945 0.000000
-0.465079 1.412721 0.000000
1.439066 0.048549 0.000000
0.231694 1.058883 0.000000
0.249347 1.047213 0.000000
0.421802 0.927754 0.000000
1.663837 -0.185914 0.000000
0.014578 1.192898 0.000000
-0.366864 1.377965 0.000000
-0.129475 1.271152 0.000000
-1.635125 0.504277 0.000000
1.367804 -0.510428 0.000000
0.404487 -1.029938 0.000000
-1.490417 0.988778 0.000000
-0.732280 1.472557 0.000000
-0.392705 -1.229306 0.000000
0.995913 0.466551 0.000000
0.987783 0.473723 0.000000
-1.310745 -0.925544 0.000000
-1.473263 -0.813723 0.000000
-1.484153 1.003673 0.000000
1.601960 -0.119713 0.000000
0.498885 0.871270 0.000000
-1.643605 -0.640496 0.000000
-0.185845 1.299160 0.000000
-1.013899 1.463815 0.000000
-0.812533 -1.190349 0.000000
1.402435 0.085215 0.000000
-0.416574 1.396298 0.000000
1.033560 -0.719429 0.000000
-0.269102 1.337608 0.000000
0.238344 1.054470 0.000000
-1.048190 1.456176 0.000000
-0.939370 -1.147361 0.000000
-1.698492 0.112374 0.000000
-1.252330 -0.965392 0.000000
0.259483 1.040466 0.000000
1.195982 0.284667 0.000000
1.561674 -0.077318 0.000000
1.111386 0.362921 0.000000
-1.710507 -0.017864 0.000000
0.713561 -0.891128 0.000000
-0.138011 -1.196290 0.000000
-0.939023 -1.147488 0.000000
-0.778307 -1.199006 0.000000
0.865558 0.579263 0.000000
0.139244 -1.125209 0.000000
0.811408 -0.841561 0.000000
1.055618 -0.706570 0.000000
1.684863 -0.208660 0.000000
1.065544 -0.700756 0.000000
-0.207749 -1.208724 0.000000
0.895013 0.554183 0.000000
1.195276 0.285304 0.000000
1.054789 -0.707079 0.000000
0.385398 -1.037577 0.000000
0.890594 0.557960 0.000000
1.279370 0.205565 0.000000
-0.270823 -1.217891 0.000000
1.253013 0.230773 0.000000
0.985519 0.475717 0.000000
0.249643 1.047001 0.000000
0.906495 -0.790892 0.000000
0.774715 0.655098 0.000000
-1.556338 0.806385 0.000000
0.345518 0.981776 0.000000
0.424281 0.925971 0.000000
-1.495697 0.975919 0.000000
0.102764 1.140659 0.000000
-0.888600 1.478625 0.000000
-1.378965 1.204823 0.000000
0.012981 1.193832 0.000000
0.241324 1.052518 0.000000
-0.482460 -1.232022 0.000000
1.305796 -0.551549 0.000000
-0.950281 -1.142777 0.000000
-0.919745 -1.155169 0.000000
1.022473 -0.725836 0.000000
0.132539 -1.127288 0.000000
-1.297920 1.309005 0.000000
0.643444 -0.925035 0.000000
0.657143 0.749859 0.000000
-0.210729 1.311042 0.000000
1.523336 -0.402129 0.000000
1.182493 -0.630142 0.000000
-1.065289 1.451635 0.000000
-1.251697 1.353140 0.000000
-0.997678 1.466870 0.000000
-0.122530 -1.193192 0.000000
-0.313756 -1.222856 0.000000
0.702286 -0.896644 0.000000
-0.232736 -1.212586 0.000000
-0.450892 1.408053 0.000000
0.737657 0.685355 0.000000
1.705325 -0.231024 0.000000
1.344448 -0.526044 0.000000
-0.331623 1.364046 0.000000
1.489640 -0.426233 0.000000
0.172192 1.097373 0.000000
-0.400032 -1.229730 0.000000
0.623365 0.776382 0.000000
1.539836 -0.390204 0.000000
-0.957780 1.472854 0.000000
-1.578951 -0.726473 0.000000
1.034031 -0.719174 0.000000
1.566138 -0.081986 0.000000
-0.919556 1.476758 0.000000
0.257473 -1.085700 0.000000
0.206242 1.075476 0.000000
-1.698846 -0.476224 0.000000
-1.452461 1.073609 0.000000
0.513623 0.860279 0.000000
1.156016 0.321884 0.000000
-1.071900 1.449726 0.000000
-1.139150 1.424900 0.000000
0.027371 -1.157758 0.000000
1.052551 -0.708395 0.000000
0.745522 -0.875214 0.000000
-1.379805 1.203508 0.000000
-1.430255 -0.843938 0.000000
0.109114 -1.134460 0.000000
-0.086177 1.248618 0.000000
-1.001557 1.466149 0.000000
1.073677 -0.695961 0.000000
1.422449 -0.473211 0.000000
1.191246 0.289081 0.000000
1.209635 0.271851 0.000000
0.004941 -1.163656 0.000000
-1.241578 -0.972691 0.000000
-1.256815 1.348641 0.000000
-0.252303 1.330139 0.000000
-1.451931 1.074712 0.000000
0.222487 -1.097922 0.000000
-0.306116 1.353521 0.000000
0.838571 0.602009 0.000000
0.121457 1.129158 0.000000
-1.622786 0.560039 0.000000
0.808662 -0.842962 0.000000
0.202329 1.078022 0.000000
1.633153 -0.321117 0.000000
0.322431 0.997774 0.000000
-1.625766 0.546926 0.000000
-1.308587 1.297378 0.000000
-1.692149 -0.508603 0.000000
0.501226 -0.989496 0.000000
0.901102 0.548963 0.000000
1.692387 -0.216893 0.000000
-1.020759 1.462414 0.000000
1.196698 0.283988 0.000000
-0.029814 -1.172441 0.000000
0.897570 -0.795772 0.000000
0.343680 0.983049 0.000000
0.975902 0.484162 0.000000
0.305376 -1.068343 0.000000
0.170540 -1.115236 0.000000
0.244343 1.050523 0.000000
1.234430 0.248426 0.000000
1.295515 -0.558296 0.000000
1.542871 -0.057712 0.000000
-0.254382 -1.215726 0.000000
-1.392677 1.183223 0.000000
0.651171 0.754569 0.000000
0.085579 1.151056 0.000000
0.608603 0.787882 0.000000
-1.016894 -1.111714 0.000000
0.459549 -1.007277 0.000000
0.210410 1.072760 0.000000
-1.493742 -0.798785 0.000000
1.343825 -0.526469 0.000000
1.437339 0.050247 0.000000
1.163285 -0.641981 0.000000
-1.273759 1.333279 0.000000
1.383481 0.104056 0.000000
0.016426 1.191837 0.000000
0.422412 0.927287 0.000000
0.233529 -1.094103 0.000000
-0.070934 -1.182116 0.000000
-0.707881 -1.213477 0.000000
-0.591431 1.447858 0.000000
-0.874024 -1.171677 0.000000
0.098779 -1.137558 0.000000
-0.742582 -1.206899 0.000000
-0.180142 -1.204099 0.000000
-1.331957 -0.911073 0.000000
-1.195592 1.394430 0.000000
-0.347755 -1.226123 0.000000
-1.367097 -0.887139 0.000000
-0.643743 -1.222771 0.000000
-1.179591 -1.014237 0.000000
0.456857 -1.008380 0.000000
-1.662360 -0.602091 0.000000
-0.622913 1.454818 0.000000
0.845355 0.596323 0.000000
-0.108308 -1.190264 0.000000
-0.127317 -1.194168 0.000000
0.100517 -1.137006 0.000000
-1.372563 -0.883404 0.000000
0.689035 0.724524 0.000000
-1.573647 -0.731778 0.000000
-0.315746 -1.223068 0.000000
1.023530 -0.725242 0.000000
-1.422142 -0.849497 0.000000
1.014809 0.449831 0.000000
-1.270761 -0.952831 0.000000
1.334071 -0.532961 0.000000
1.510119 -0.411635 0.000000
0.451223 -1.010757 0.000000
1.691265 -0.276601 0.000000
-1.325125 1.278069 0.000000
-0.635651 -1.223704 0.000000
-0.284143 1.344185 0.000000
0.391105 -1.035328 0.000000
0.767814 0.660742 0.000000
-0.842659 1.479431 0.000000
1.061996 -0.702836 0.000000
-0.680347 1.465427 0.000000
-1.245271 1.358444 0.000000
0.405440 -1.029556 0.000000
-0.412378 1.394812 0.000000
1.017614 0.447370 0.000000
-1.500165 -0.793990 0.000000
0.342982 -1.054127 0.000000
1.324096 0.162365 0.000000
-1.149544 1.419977 0.000000
-0.919993 -1.155084 0.000000
0.987343 0.474105 0.000000
-0.156610 1.284816 0.000000
0.773552 0.656031 0.000000
-1.421440 -0.850006 0.000000
0.706915 0.710223 0.000000
1.098551 -0.681193 0.000000
1.190850 0.289463 0.000000
-1.561618 0.789452 0.000000
-1.472816 -0.814062 0.000000
-1.620490 -0.677119 0.000000
0.923938 -0.781344 0.000000
-0.815741 -1.189500 0.000000
0.515537 -0.983300 0.000000
1.009880 -0.733093 0.000000
-0.338062 1.366634 0.000000
0.287933 -1.074751 0.000000
-0.455177 1.409496 0.000000
1.038667 -0.716458 0.000000
-0.265592 1.336080 0.000000
-1.476623 1.021114 0.000000
-0.754604 1.474891 0.000000
-0.131957 -1.195102 0.000000
0.152478 1.109850 0.000000
0.228514 1.060963 0.000000
1.404707 -0.485390 0.000000
-0.610523 1.452187 0.000000
-0.544206 -1.230706 0.000000
0.593091 -0.948502 0.000000
0.975273 -0.752741 0.000000
1.683707 -0.207429 0.000000
1.511688 -0.025418 0.000000
-0.243647 -1.214199 0.000000
-1.383329 -0.876063 0.000000
0.756250 0.670205 0.000000
-0.687991 -1.216702 0.000000
-0.053687 1.231134 0.000000
-1.693673 0.153835 0.000000
-1.045271 1.456940 0.000000
-0.279896 -1.218994 0.000000
0.219097 1.067116 0.000000
1.484736 -0.429713 0.000000
-1.369675 -0.885356 0.000000
0.341464 0.984619 0.000000
0.359458 -1.047762 0.000000
-0.439947 -1.231385 0.000000
0.696077 -0.899700 0.000000
-1.249728 -0.967132 0.000000
-0.240608 -1.213774 0.000000
-0.505462 1.425197 0.000000
-1.616880 -0.682127 0.000000
0.844398 0.597129 0.000000
-0.438766 1.403979 0.000000
-0.378480 -1.228415 0.000000
-0.511340 1.426895 0.000000
0.488160 0.879248 0.000000
-1.293869 1.313207 0.000000
0.245572 1.049717 0.000000
-0.835063 1.479346 0.000000
-1.336937 1.263471 0.000000
-1.201856 1.390441 0.000000
-1.172033 -1.019244 0.000000
-1.101001 1.440262 0.000000
0.656279 -0.918924 0.000000
-0.950367 1.473787 0.000000
-0.189339 1.300857 0.000000
-0.161326 -1.200704 0.000000
0.513069 0.860704 0.000000
-0.029418 1.217766 0.000000
-0.685530 1.466233 0.000000
-1.042982 1.457449 0.000000
0.520462 -0.981136 0.000000
1.162311 0.316028 0.000000
-0.651814 -1.221752 0.000000
-1.608857 -0.692609 0.000000
1.259879 0.224237 0.000000
-0.883634 -1.168452 0.000000
-0.044081 1.225872 0.000000
1.365680 0.121625 0.000000
-0.538706 1.434618 0.000000
-1.709722 -0.007340 0.000000
-0.677590 1.464960 0.000000
-1.291150 1.316050 0.000000
-0.438150 1.403767 0.000000
-0.849660 1.479474 0.000000
0.076321 -1.144135 0.000000
0.538149 -0.973328 0.000000
-1.006633 -1.116806 0.000000
-0.722450 1.471411 0.000000
-0.173696 -1.202953 0.000000
1.370185 -0.508815 0.000000
0.135255 -1.126439 0.000000
0.190097 -1.108828 0.000000
-0.338833 -1.225317 0.000000
1.554628 -0.069934 0.000000
-0.463241 1.412127 0.000000
-0.717136 1.470732 0.000000
-1.210815 1.384415 0.000000
-0.435197 1.402791 0.000000
-1.700887 -0.464766 0.000000
-1.091760 1.443487 0.000000
0.371328 0.963698 0.000000
-0.092548 -1.186912 0.000000
-1.555667 -0.748752 0.000000
-0.848255 -1.179952 0.000000
0.145622 -1.123214 0.000000
-0.051804 1.230115 0.000000
1.661538 -0.299517 0.000000
1.289207 0.196102 0.000000
1.576845 -0.363172 0.000000
-0.208148 1.309812 0.000000
1.416653 -0.477200 0.000000
-0.856340 1.479431 0.000000
-1.558486 -0.746206 0.000000
1.363877 -0.513059 0.000000
-1.508752 -0.787497 0.000000
-1.169052 1.410005 0.000000
-1.626276 -0.668802 0.000000
0.072414 1.158991 0.000000
1.700984 -0.269047 0.000000
1.695543 -0.220330 0.000000
-0.743256 -1.206772 0.000000
-0.761092 1.475527 0.000000
1.075887 0.395172 0.000000
1.452242 -0.452544 0.000000
1.010875 0.453353 0.000000
-1.127138 -1.048144 0.000000
0.701157 0.714848 0.000000
-1.489918 0.989966 0.000000
0.516817 -0.982706 0.000000
0.293079 -1.072884 0.000000
0.411391 -1.027137 0.000000
-0.133048 1.272977 0.000000
-1.476850 -0.811134 0.000000
-0.681469 1.465597 0.000000
0.733947 0.688368 0.000000
0.734153 -0.880900 0.000000
1.650018 -0.308301 0.000000
-0.520168 1.429441 0.000000
1.244594 -0.591100 0.000000
0.835745 0.604386 0.000000
-0.247942 -1.214793 0.000000
0.631298 -0.930764 0.000000
1.211914 -0.611767 0.000000
-0.577433 1.444591 0.000000
-0.292101 1.347580 0.000000
-1.634020 0.509455 0.000000
-1.120857 -1.052048 0.000000
1.066150 0.403957 0.000000
1.291344 -0.561012 0.000000
1.454782 0.032678 0.000000
0.938831 -0.773111 0.000000
1.391900 0.095696 0.000000
-1.521893 -0.777227 0.000000
0.397885 0.944898 0.000000
0.417538 0.930809 0.000000
0.884533 -0.802817 0.000000
0.420095 0.928984 0.000000
-0.114899 1.263683 0.000000
0.439724 -1.015552 0.000000
-1.691457 -0.511573 0.000000
-0.757650 1.475188 0.000000
-1.473253 1.028753 0.000000
-0.964612 -1.136582 0.000000
-0.178139 -1.203717 0.000000
0.693960 0.720620 0.000000
-1.245285 1.358402 0.000000
-0.628964 -1.224426 0.000000
-1.424531 1.128140 0.000000
-1.039585 -1.099704 0.000000
-0.771169 -1.200746 0.000000
1.202160 -0.617877 0.000000
0.120379 1.129837 0.000000
1.617483 -0.332915 0.000000
-1.619341 -0.678732 0.000000
0.823423 0.614698 0.000000
-1.655321 -0.617708 0.000000
0.077670 -1.143754 0.000000
-0.126037 -1.193914 0.000000
0.707996 0.709332 0.000000
-0.726195 1.471835 0.000000
1.642987 -0.313648 0.000000
-0.987418 -1.126142 0.000000
-1.427642 1.122411 0.000000
1.435435 0.052199 0.000000
1.444525 -0.457933 0.000000
-0.348175 -1.226123 0.000000
0.804820 0.630187 0.000000
-1.105283 1.438734 0.000000
0.910212 0.541155 0.000000
0.956584 0.501052 0.000000
0.757237 -0.869315 0.000000
-0.768750 1.476121 0.000000
1.225309 0.257083 0.000000
-1.385983 1.193917 0.000000
1.189807 -0.625601 0.000000
-0.832963 1.479304 0.000000
1.528601 -0.398352 0.000000
0.540283 0.840249 0.000000
-1.096885 1.441790 0.000000
-1.479194 1.015258 0.000000
-1.221925 -0.985974 0.000000
-1.350405 1.245859 0.000000
0.131572 -1.127585 0.000000
-1.453693 -0.827600 0.000000
1.028445 0.437737 0.000000
-0.607821 -1.226505 0.000000
-1.400342 -0.864435 0.000000
-0.117085 -1.192089 0.000000
1.010059 0.454075 0.000000
-1.536679 0.866135 0.000000
-0.184437 1.298481 0.000000
-1.698110 -0.480128 0.000000
-0.142062 1.277560 0.000000
1.231525 -0.599417 0.000000
1.458399 -0.448258 0.000000
-1.032444 1.459910 0.000000
-1.513636 -0.783720 0.000000
-1.267753 1.338838 0.000000
-1.118052 1.433854 0.000000
-1.171968 1.408477 0.000000
0.279594 1.026971 0.000000
-1.530566 0.883704 0.000000
-0.436619 -1.231301 0.000000
0.461573 0.898854 0.000000
0.293158 1.017804 0.000000
0.790540 -0.852340 0.000000
1.258743 -0.582061 0.000000
-0.031755 -1.172908 0.000000
-1.476065 1.022388 0.000000
1.536215 -0.050795 0.000000
-1.170963 1.409029 0.000000
0.689313 -0.903010 0.000000
1.075377 0.395597 0.000000
0.341811 0.984364 0.000000
1.139491 -0.656537 0.000000
-1.284377 1.322925 0.000000
1.678090 -0.201318 0.000000
-0.304801 1.352970 0.000000
-0.837021 -1.183389 0.000000
-0.382431 1.383864 0.000000
0.081098 1.153772 0.000000
-1.272017 -0.951982 0.000000
1.452517 0.034969 0.000000
-1.244951 -0.970399 0.000000
0.700389 -0.897578 0.000000
1.349263 -0.522819 0.000000
-1.453143 -0.827982 0.000000
1.627695 -0.325234 0.000000
1.622714 -0.141780 0.000000
1.399782 0.087846 0.000000
-0.554638 1.438819 0.000000
-0.374133 1.380723 0.000000
-0.536070 -1.231046 0.000000
0.000615 -1.164802 0.000000
-1.322406 -0.917608 0.000000
0.681686 0.730380 0.000000
0.902423 0.547860 0.000000
0.600842 -0.944937 0.000000
-0.899889 1.478073 0.000000
-0.733364 -1.208724 0.000000
-0.458178 1.410472 0.000000
-0.739078 1.473363 0.000000
1.655298 -0.176705 0.000000
0.851450 -0.820513 0.000000
0.461624 0.898812 0.000000
-1.639117 0.485351 0.000000
-1.038481 -1.100298 0.000000
0.407870 0.937726 0.000000
-0.469264 1.414036 0.000000
-0.030189 1.218191 0.000000
1.124750 0.350699 0.000000
-0.907713 -1.159752 0.000000
0.306430 -1.067919 0.000000
-1.718200 -0.199451 0.000000
-1.153489 1.418068 0.000000
-1.620270 0.570945 0.000000
-1.429112 -0.844702 0.000000
-0.508253 -1.231767 0.000000
1.321477 -0.541279 0.000000
-0.503066 -1.231852 0.000000
-1.285767 1.321567 0.000000
-1.111488 1.436485 0.000000
-0.906453 -1.160219 0.000000
-1.144096 1.422651 0.000000
-1.596735 -0.707207 0.000000
-0.215603 1.313334 0.000000
1.420691 -0.474441 0.000000
-0.537033 -1.231003 0.000000
-0.114373 -1.191537 0.000000
0.985058 0.476099 0.000000
-0.274024 1.339772 0.000000
-1.270414 -0.953043 0.000000
1.073753 -0.695919 0.000000
0.313616 -1.065246 0.000000
1.453432 -0.451738 0.000000
0.076600 -1.144051 0.000000
-0.174615 1.293728 0.000000
-0.891526 -1.165608 0.000000
-1.176631 -1.016189 0.000000
1.669457 -0.293449 0.000000
-0.109695 -1.190561 0.000000
-0.865874 -1.174393 0.000000
0.886119 -0.801968 0.000000
0.579241 0.810543 0.000000
-0.016071 -1.169046 0.000000
-0.888056 1.478667 0.000000
1.660202 -0.181967 0.000000
1.637552 -0.317807 0.000000
-0.643988 -1.222771 0.000000
1.608262 -0.126375 0.000000
-1.713674 -0.356382 0.000000
-1.025897 1.461353 0.000000
-1.584657 -0.720532 0.000000
0.918545 -0.784314 0.000000
-1.182968 1.402154 0.000000
-0.070083 -1.181904 0.000000
0.241930 -1.091217 0.000000
-1.052465 -1.092660 0.000000
1.072913 0.397846 0.000000
1.158246 -0.645079 0.000000
-0.708043 -1.213435 0.000000
1.551063 -0.382056 0.000000
0.473075 0.890409 0.000000
1.507792 -0.021429 0.000000
0.740768 0.682851 0.000000
-0.346787 1.370114 0.000000
0.632992 0.768870 0.000000
-1.384926 -0.874959 0.000000
0.518720 -0.981900 0.000000
0.119660 1.130262 0.000000
1.606885 -0.340850 0.000000
-1.137987 -1.041269 0.000000
-1.674939 0.288444 0.000000
-0.643661 1.458934 0.000000
0.307362 1.008129 0.000000
-0.378727 -1.228457 0.000000
-1.664817 -0.596277 0.000000
0.963739 0.494814 0.000000
1.465775 -0.443080 0.000000
-1.429501 -0.844447 0.000000
-0.110408 1.261349 0.000000
-0.502584 -1.231895 0.000000
0.149352 -1.122026 0.000000
0.607264 -0.941967 0.000000
0.779537 0.651108 0.000000
1.648369 -0.309574 0.000000
1.711833 -0.238153 0.000000
0.149951 -1.121856 0.000000
-1.115264 -1.055570 0.000000
1.312356 0.173738 0.000000
-1.388471 -0.872540 0.000000
-0.361856 1.376013 0.000000
0.756043 0.670375 0.000000
0.706082 -0.894820 0.000000
-0.099542 1.255662 0.000000
0.225898 1.062660 0.000000
-0.180827 1.296741 0.000000
1.125583 -0.664982 0.000000
0.994471 -0.741878 0.000000
0.682471 0.729786 0.000000
-0.649708 -1.222049 0.000000
-0.429363 -1.231046 0.000000
0.031502 -1.156654 0.000000
1.632744 -0.321414 0.000000
1.139932 -0.656283 0.000000
-0.795475 1.477946 0.000000
0.378728 0.958478 0.000000
-1.709863 -0.009250 0.000000
1.329954 -0.535677 0.000000
-0.541934 -1.230834 0.000000
-0.578486 -1.228839 0.000000
-1.447302 -0.832098 0.000000
1.452858 0.034587 0.000000
0.940527 0.515014 0.000000
0.830431 0.608841 0.000000
1.059714 -0.704194 0.000000
0.282833 1.024764 0.000000
0.841693 0.599378 0.000000
0.699608 -0.897960 0.000000
-1.674585 -0.570391 0.000000
0.888773 0.559530 0.000000
1.264574 0.219739 0.000000
0.755293 -0.870291 0.000000
1.320606 0.165759 0.000000
0.986930 -0.746164 0.000000
1.449887 0.037601 0.000000
-1.079717 1.447434 0.000000
1.367002 0.120310 0.000000
1.556160 -0.378322 0.000000
-1.612770 0.602561 0.000000
-1.669543 -0.584310 0.000000
1.257322 -0.582952 0.000000
0.251044 -1.087992 0.000000
-0.079937 1.245308 0.000000
0.176329 -1.113369 0.000000
-0.395086 1.388574 0.000000
0.887623 0.560506 0.000000
-0.099180 -1.188355 0.000000
0.577090 0.812198 0.000000
-0.119776 1.266187 0.000000
0.386937 0.952664 0.000000
0.418818 0.929875 0.000000
-1.129458 1.429186 0.000000
0.585195 0.805960 0.000000
-1.623763 0.555796 0.000000
0.376181 0.960303 0.000000
0.200191 -1.105476 0.000000
-1.512514 0.933058 0.000000
0.279387 -1.077849 0.000000
1.141550 0.335252 0.000000
-0.177365 1.295086 0.000000
1.413697 -0.479237 0.000000
-0.247343 -1.214708 0.000000
-0.184599 -1.204862 0.000000
-1.202923 -0.998747 0.000000
0.244787 -1.090198 0.000000
1.381172 -0.501389 0.000000
0.060643 -1.148591 0.000000
-0.385666 -1.228924 0.000000
-0.668672 -1.219546 0.000000
-1.267350 -0.955165 0.000000
1.601960 -0.344542 0.000000
1.184435 -0.628911 0.000000
1.508601 -0.022278 0.000000
0.906736 0.544168 0.000000
1.624563 -0.143732 0.000000
1.081359 -0.691420 0.000000
-1.095824 -1.067452 0.000000
1.667620 -0.189988 0.000000
0.232014 1.058671 0.000000
0.397720 -1.032654 0.000000
0.867248 0.577820 0.000000
0.516714 -0.982749 0.000000
0.033618 -1.156060 0.000000
0.142507 1.116088 0.000000
0.660684 -0.916802 0.000000
0.636272 0.766282 0.000000
0.142706 -1.124105 0.000000
-1.585449 -0.719683 0.000000
0.917295 -0.784993 0.000000
-1.718103 -0.248466 0.000000
-1.352869 1.242464 0.000000
0.168623 -1.115873 0.000000
0.314986 -1.064736 0.000000
1.018171 0.446860 0.000000
0.998914 0.463920 0.000000
1.178136 0.301345 0.000000
-0.037982 1.222519 0.000000
1.369084 0.118273 0.000000
0.446893 -1.012582 0.000000
0.479398 -0.998874 0.000000
-1.677841 -0.560715 0.000000
0.028345 -1.157503 0.000000
-0.534283 1.433387 0.000000
-0.217028 -1.210209 0.000000
-0.018952 1.211952 0.000000
1.553802 -0.069085 0.000000
-0.196143 -1.206815 0.000000
0.521666 0.854253 0.000000
0.559017 0.825990 0.000000
-1.464380 1.048359 0.000000
1.060519 0.409007 0.000000
-1.621326 0.566405 0.000000
-1.125032 -1.049459 0.000000
-0.418528 -1.230622 0.000000
-0.456381 -1.231767 0.000000
-0.620294 1.454266 0.000000
1.638058 -0.317383 0.000000
-0.173513 -1.202910 0.000000
1.495849 -0.421820 0.000000
-1.593062 0.680008 0.000000
-0.008960 1.206308 0.000000
0.653691 -0.920154 0.000000
0.554990 0.829088 0.000000
0.857143 -0.817500 0.000000
-1.488896 0.992427 0.000000
-1.204675 -0.997559 0.000000
0.728936 0.692442 0.000000
0.528815 0.848906 0.000000
0.082506 -1.142311 0.000000
-0.595706 1.448877 0.000000
-0.965910 1.471793 0.000000
1.341037 0.145814 0.000000
-0.974387 -1.132168 0.000000
-1.668259 -0.587620 0.000000
-1.123751 1.431563 0.000000
-1.257761 1.347835 0.000000
-0.630234 -1.224298 0.000000
0.820574 -0.836766 0.000000
-1.685853 -0.533725 0.000000
1.173483 0.305673 0.000000
-0.069987 1.239961 0.000000
-0.052196 1.230328 0.000000
-0.808179 1.478583 0.000000
0.602184 0.792847 0.000000
-0.285826 -1.219758 0.000000
-0.826992 -1.186275 0.000000
0.050920 1.171722 0.000000
-0.971923 1.471029 0.000000
0.690645 0.723251 0.000000
0.356277 0.974264 0.000000
0.005719 -1.163487 0.000000
1.677952 -0.286913 0.000000
-0.567335 -1.229518 0.000000
-0.051470 1.229903 0.000000
0.798842 0.635152 0.000000
-0.751214 -1.205117 0.000000
-1.706941 -0.424154 0.000000
-1.000917 1.466276 0.000000
-1.043812 -1.097413 0.000000
1.323308 0.163128 0.000000
-0.521304 1.429780 0.000000
-0.953268 1.473448 0.000000
-1.346381 -0.901228 0.000000
0.949958 -0.766958 0.000000
1.221974 -0.605443 0.000000
0.759857 0.667277 0.000000
1.623709 -0.328247 0.000000
0.904454 0.546120 0.000000
-0.968474 -1.134842 0.000000
0.220770 -1.098516 0.000000
1.055133 -0.706867 0.000000
0.645750 -0.923931 0.000000
0.144293 -1.123639 0.000000
-0.674103 -1.218782 0.000000
-1.314338 1.290800 0.000000
-1.281803 1.325471 0.000000
-0.158152 -1.200110 0.000000
-0.230819 -1.212331 0.000000
-1.440893 -0.836554 0.000000
-1.172460 1.408180 0.000000
-0.965659 -1.136115 0.000000
1.330498 -0.535296 0.000000
1.331403 -0.534701 0.000000
0.259125 1.040678 0.000000
-0.173482 -1.202910 0.000000
1.684939 -0.208745 0.000000
-0.314314 -1.222940 0.000000
1.593920 -0.111225 0.000000
0.758298 -0.868763 0.000000
-1.202906 1.389720 0.000000
-1.493078 -0.799294 0.000000
1.096558 0.376415 0.000000
0.864821 0.579857 0.000000
1.289038 -0.562497 0.000000
0.534876 -0.974770 0.000000
0.842536 -0.825223 0.000000
-1.599251 0.656540 0.000000
-1.475845 -0.811856 0.000000
-0.408551 1.393454 0.000000
-0.746574 -1.206093 0.000000
0.088563 -1.140571 0.000000
0.510477 0.862656 0.000000
0.747084 -0.874450 0.000000
-1.306522 1.299627 0.000000
0.983911 0.477118 0.000000
0.466112 -1.004519 0.000000
1.671932 -0.194656 0.000000
1.124695 0.350741 0.000000
0.607419 0.788816 0.000000
-0.705403 -1.213901 0.000000
0.450414 -1.011096 0.000000
-1.055717 1.454224 0.000000
1.519460 -0.404930 0.000000
-0.601065 1.450107 0.000000
-0.150030 -1.198582 0.000000
0.546406 0.835581 0.000000
-0.439331 -1.231385 0.000000
-1.273236 -0.951133 0.000000
1.344296 0.142631 0.000000
1.566513 -0.370768 0.000000
-1.401694 1.168370 0.000000
-1.686084 0.212482 0.000000
-0.935839 1.475315 0.000000
1.188582 -0.626365 0.000000
-1.170918 -1.019966 0.000000
-0.526068 1.431096 0.000000
0.179093 -1.112478 0.000000
-0.505723 1.425240 0.000000
-1.520729 -0.778161 0.000000
-0.685871 -1.217042 0.000000
1.077078 -0.693966 0.000000
-0.883386 1.478837 0.000000
-0.570601 -1.229348 0.000000
1.349063 -0.522989 0.000000
-1.174294 -1.017759 0.000000
1.392543 -0.493665 0.000000
0.589202 -0.950284 0.000000
0.051874 1.171171 0.000000
1.155761 0.322096 0.000000
1.529655 -0.397588 0.000000
1.471278 0.015915 0.000000
1.213501 0.268202 0.000000
0.076252 -1.144135 0.000000
1.005240 -0.735724 0.000000
-0.248173 -1.214835 0.000000
0.679081 -0.907975 0.000000
-0.238901 -1.213520 0.000000
-0.486487 -1.231980 0.000000
-1.094909 -1.068004 0.000000
-0.505706 1.425240 0.000000
-0.717270 1.470732 0.000000
-0.324099 1.360990 0.000000
-0.898010 1.478158 0.000000
-1.202455 -0.999044 0.000000
1.480371 0.006664 0.000000
-1.168350 1.410387 0.000000
1.170602 0.308347 0.000000
-0.590516 1.447646 0.000000
1.321807 -0.541067 0.000000
0.556983 0.827560 0.000000
0.006972 -1.163147 0.000000
-0.488032 1.419935 0.000000
1.030014 -0.721508 0.000000
-1.225873 -0.983300 0.000000
0.493537 -0.992806 0.000000
0.202773 -1.104627 0.000000
-1.558500 0.799510 0.000000
-0.521270 -1.231513 0.000000
-1.338716 -0.906447 0.000000
0.686918 -0.904156 0.000000
-1.051835 -1.092999 0.000000
-1.692018 0.167245 0.000000
-0.221881 -1.210973 0.000000
-1.143136 -1.037959 0.000000
-0.410199 -1.230240 0.000000
-0.354945 1.373339 0.000000
-0.014973 -1.168749 0.000000
-0.134665 1.273783 0.000000
1.364703 -0.512507 0.000000
-0.679889 -1.217933 0.000000
-1.052127 1.455157 0.000000
-1.168811 -1.021324 0.000000
-0.918499 1.476843 0.000000
1.114587 0.359992 0.000000
-0.518709 1.429016 0.000000
1.307558 -0.550403 0.000000
0.611432 0.785675 0.000000
1.557557 -0.073032 0.000000
-1.186726 1.399947 0.000000
-1.295071 -0.936238 0.000000
-1.621030 0.567678 0.000000
0.307738 1.007832 0.000000
-0.868149 -1.173629 0.000000
-1.342860 1.255832 0.000000
1.443324 0.044221 0.000000
-0.405078 -1.229985 0.000000
-0.533653 -1.231131 0.000000
1.561894 -0.374163 0.000000
0.668325 -0.913152 0.000000
-1.470042 1.035925 0.000000
1.303817 0.182013 0.000000
-0.483782 -1.232022 0.000000
-0.032499 -1.173077 0.000000
-0.659861 1.461947 0.000000
-1.294775 1.312273 0.000000
-0.357478 1.374315 0.000000
-1.031900 -1.103863 0.000000
1.226569 0.255895 0.000000
-1.616897 -0.682084 0.000000
0.710450 0.707380 0.000000
-0.233407 1.321567 0.000000
-1.131347 -1.045470 0.000000
-0.683207 -1.217466 0.000000
-0.737849 1.473193 0.000000
0.354856 -1.049544 0.000000
1.664952 -0.187102 0.000000
-1.527837 0.891385 0.000000
-0.522857 1.430205 0.000000
-0.684319 -1.217296 0.000000
-1.594556 -0.709711 0.000000
-1.461812 -0.821871 0.000000
-0.669970 -1.219376 0.000000
-1.421364 -0.850049 0.000000
0.086746 -1.141080 0.000000
-0.353010 -1.226548 0.000000
-0.647257 -1.222346 0.000000
-1.281620 1.325641 0.000000
1.350853 0.136223 0.000000
1.693381 -0.217954 0.000000
-0.042170 1.224811 0.000000
0.176966 1.094318 0.000000
0.972884 -0.754099 0.000000
-0.624369 -1.224935 0.000000
0.017122 -1.160474 0.000000
-0.952742 -1.141717 0.000000
-1.696551 0.129603 0.000000
1.341329 0.145517 0.000000
-0.772742 -1.200364 0.000000
0.277512 -1.078528 0.000000
0.306698 1.008553 0.000000
1.263276 0.221012 0.000000
1.613256 -0.336097 0.000000
-0.572460 1.443318 0.000000
1.234217 0.248638 0.000000
1.388682 -0.496296 0.000000
1.189800 -0.625601 0.000000
1.681266 -0.284367 0.000000
1.363574 -0.513271 0.000000
1.314721 0.171446 0.000000
-0.030516 1.218403 0.000000
-1.414777 -0.854590 0.000000
-1.262253 -0.958644 0.000000
0.519729 -0.981433 0.000000
-1.558300 0.800146 0.000000
1.627870 -0.325106 0.000000
-1.569634 0.763057 0.000000
1.643895 -0.312969 0.000000
-0.507396 -1.231810 0.000000
1.059363 0.410068 0.000000
-0.356297 1.373849 0.000000
1.372633 -0.507160 0.000000
-1.399461 1.172104 0.000000
-1.147641 -1.035073 0.000000
-0.690800 1.467040 0.000000
1.578022 -0.362281 0.000000
1.172282 0.306777 0.000000
-0.483668 1.418577 0.000000
-0.445929 -1.231513 0.000000
1.672053 -0.194783 0.000000
-0.994078 -1.122960 0.000000
-0.510704 -1.231725 0.000000
-0.900309 -1.162511 0.000000
-0.749637 1.474424 0.000000
-1.021888 1.462202 0.000000
0.804734 0.630272 0.000000
-0.336490 1.365998 0.000000
-0.348250 1.370708 0.000000
-0.051553 1.229988 0.000000
0.343680 -1.053873 0.000000
1.600112 -0.345900 0.000000
-0.081276 -1.184450 0.000000
-1.491446 -0.800483 0.000000
-0.895009 1.478328 0.000000
0.549614 -0.968235 0.000000
-0.778070 -1.199091 0.000000
-1.580565 0.725415 0.000000
0.026666 1.185939 0.000000
1.105590 0.368183 0.000000
-0.357154 1.374188 0.000000
0.963622 0.494899 0.000000
-0.442129 1.405125 0.000000
0.655893 -0.919093 0.000000
-1.046077 -1.096182 0.000000
-0.040394 -1.174987 0.000000
-1.075721 1.448580 0.000000
1.389725 -0.495617 0.000000
0.835463 0.604640 0.000000
1.638822 -0.316831 0.000000
-1.220827 -0.986695 0.000000
-1.649931 -0.628614 0.000000
0.842642 -0.825181 0.000000
1.254589 0.229287 0.000000
-0.743556 -1.206687 0.000000
-1.455800 1.066607 0.000000
1.108271 -0.675379 0.000000
-0.002624 -1.165608 0.000000
0.481532 -0.997983 0.000000
0.185825 -1.110271 0.000000
0.579079 -0.954910 0.000000
0.595992 0.797643 0.000000
0.018805 -1.160049 0.000000
1.689165 -0.278256 0.000000
-0.553757 -1.230282 0.000000
-0.829948 -1.185426 0.000000
-1.344044 1.254262 0.000000
-0.927197 1.476121 0.000000
-1.493191 -0.799210 0.000000
1.287345 -0.563601 0.000000
1.037204 -0.717307 0.000000
-0.287237 -1.219927 0.000000
-1.337584 -0.907254 0.000000
1.307995 -0.550148 0.000000
0.925783 0.527745 0.000000
0.505731 0.866178 0.000000
-0.794109 1.477861 0.000000
1.030631 -0.721126 0.000000
1.141605 -0.655264 0.000000
1.531844 -0.046255 0.000000
0.454562 0.903989 0.000000
-0.144323 1.278705 0.000000
-0.337701 1.366507 0.000000
-1.475841 -0.811856 0.000000
1.676775 -0.199876 0.000000
-1.269760 1.336971 0.000000
-0.464625 1.412593 0.000000
0.415652 -1.025440 0.000000
-0.843963 -1.181310 0.000000
-0.079421 1.245011 0.000000
-0.317955 -1.223322 0.000000
1.076816 0.394324 0.000000
-1.690861 -0.514077 0.000000
-1.329038 1.273358 0.000000
-1.182028 1.402706 0.000000
-0.504553 1.424900 0.000000
1.350825 0.136223 0.000000
-1.104780 1.438904 0.000000
0.741037 0.682639 0.000000
-1.547988 0.832356 0.000000
-1.081365 1.446882 0.000000
-1.556638 0.805451 0.000000
-0.996632 1.467040 0.000000
-1.270624 1.336207 0.000000
-0.535615 1.433769 0.000000
0.925563 0.527957 0.000000
1.004889 0.458615 0.000000
-1.567748 -0.737507 0.000000
1.399744 -0.488785 0.000000
-0.883276 1.478837 0.000000
0.738111 -0.878906 0.000000
-1.304250 1.302088 0.000000
-0.969262 -1.134460 0.000000
0.396034 -1.033333 0.000000
0.059026 -1.149058 0.000000
-0.216790 -1.210167 0.000000
-0.837582 -1.183262 0.000000
-0.563859 -1.229730 0.000000
-1.620397 -0.677289 0.000000
-1.020982 1.462372 0.000000
-0.311082 -1.222601 0.000000
-1.005618 1.465427 0.000000
-0.394632 1.388404 0.000000
1.668208 -0.190624 0.000000
0.687531 -0.903859 0.000000
-1.330852 1.271152 0.000000
0.110398 -1.134078 0.000000
0.119488 -1.131320 0.000000
-0.961690 1.472344 0.000000
-0.539498 1.434830 0.000000
0.525249 0.851580 0.000000
1.268291 0.216217 0.000000
-1.489932 0.989966 0.000000
-0.968891 -1.134630 0.000000
0.960968 -0.760804 0.000000
1.395066 -0.491968 0.000000
0.973059 0.486666 0.000000
-1.394078 1.180974 0.000000
0.624177 -0.934074 0.000000
0.490226 0.877721 0.000000
-0.789765 -1.196248 0.000000
-0.455734 1.409665 0.000000
-0.701362 -1.214538 0.000000
-0.390763 -1.229221 0.000000
0.575276 -0.956650 0.000000
-1.117140 1.434194 0.000000
-0.152880 1.282992 0.000000
1.554274 -0.379722 0.000000
-0.722946 -1.210719 0.000000
-1.153991 -1.030957 0.000000
-0.839527 1.479389 0.000000
-0.660784 1.462117 0.000000
0.792585 0.640330 0.000000
-0.188007 -1.205457 0.000000
-0.794487 -1.195102 0.000000
1.096152 -0.682636 0.000000
-0.838081 1.479389 0.000000
-0.290400 1.346859 0.000000
1.165494 -0.640624 0.000000
-1.129771 1.429059 0.000000
0.951748 -0.765939 0.000000
1.329059 0.157527 0.000000
1.301890 0.183880 0.000000
-0.620731 1.454351 0.000000
-1.636646 0.497106 0.000000
0.247024 -1.089392 0.000000
0.397699 -1.032654 0.000000
-0.534314 1.433387 0.000000
-1.415527 -0.854038 0.000000
-1.712672 -0.369241 0.000000
-1.106763 -1.060790 0.000000
0.349445 0.979060 0.000000
1.116276 0.358422 0.000000
-0.960193 1.472557 0.000000
-1.393424 -0.869188 0.000000
-0.568736 1.442426 0.000000
-1.671893 0.307583 0.000000
1.645946 -0.166648 0.000000
-0.105923 1.259015 0.000000
1.336790 0.149973 0.000000
-1.522887 -0.776421 0.000000
-0.113103 1.262749 0.000000
1.143549 0.333385 0.000000
0.735778 -0.880094 0.000000
0.987074 -0.746079 0.000000
-1.284776 -0.943282 0.000000
-0.311588 1.355813 0.000000
-1.717367 -0.152813 0.000000
0.325411 -1.060832 0.000000
-0.899817 1.478073 0.000000
0.096139 1.144690 0.000000
-0.422676 -1.230791 0.000000
1.406651 0.081013 0.000000
1.419517 0.068155 0.000000
-1.539016 -0.763266 0.000000
-0.316297 -1.223153 0.000000
-1.198366 1.392691 0.000000
0.907176 -0.790510 0.000000
1.274717 0.210063 0.000000
-1.434949 1.108534 0.000000
-1.685582 -0.534744 0.000000
-1.589610 -0.715227 0.000000
-1.591603 0.685440 0.000000
-0.717288 1.470774 0.000000
-0.359667 1.375164 0.000000
-0.750615 -1.205287 0.000000
-0.651195 -1.221837 0.000000
-1.155082 1.417304 0.000000
-0.224142 -1.211313 0.000000
0.873873 0.572219 0.000000
0.893289 -0.798064 0.000000
-0.526154 -1.231343 0.000000
-1.473229 -0.813765 0.000000
-0.091836 -1.186742 0.000000
0.996591 0.465957 0.000000
0.610789 -0.940354 0.000000
0.089568 1.148679 0.000000
-1.114214 -1.056207 0.000000
-0.603116 1.450532 0.000000
1.391821 0.095781 0.000000
1.247544 -0.589233 0.000000
-1.200920 -1.000063 0.000000
-0.070772 -1.182074 0.000000
1.535933 -0.393048 0.000000
-1.374601 -0.882004 0.000000
-0.084446 -1.185129 0.000000
-1.077769 1.447986 0.000000
0.940359 0.515141 0.000000
0.219273 -1.099025 0.000000
0.156577 1.107261 0.000000
0.560741 0.824675 0.000000
0.756084 0.670375 0.000000
0.285383 1.023067 0.000000
0.443025 -1.014194 0.000000
-0.394456 -1.229433 0.000000
-0.196215 1.304168 0.000000
0.603254 -0.943834 0.000000
1.564114 -0.372508 0.000000
0.759722 0.667362 0.000000
1.006204 -0.735173 0.000000
1.473130 -0.437903 0.000000
-0.004073 1.203550 0.000000
1.291795 -0.560715 0.000000
0.829918 0.609266 0.000000
-1.713278 -0.361644 0.000000
-0.138992 -1.196460 0.000000
1.398701 0.088949 0.000000
-1.322695 1.281039 0.000000
0.997262 0.465363 0.000000
1.373204 -0.506778 0.000000
0.004236 -1.163869 0.000000
1.302464 -0.553756 0.000000
-0.898031 -1.163317 0.000000
-1.235359 1.366422 0.000000
-1.485413 1.000745 0.000000
-1.416050 -0.853698 0.000000
1.587243 -0.355491 0.000000
-0.655449 -1.221328 0.000000
0.709252 -0.893249 0.000000
0.658819 0.748543 0.000000
0.021162 1.189122 0.000000
-1.322275 1.281506 0.000000
1.553489 -0.380274 0.000000
-0.750432 -1.205287 0.000000
0.478128 0.886675 0.000000
0.222732 -1.097837 0.000000
-1.411424 1.151735 0.000000
-0.993541 1.467591 0.000000
-0.735722 -1.208257 0.000000
0.394034 0.947614 0.000000
1.676310 -0.199409 0.000000
-0.507609 -1.231810 0.000000
-0.687186 1.466488 0.000000
-1.689450 0.187317 0.000000
0.831945 0.607568 0.000000
0.523855 -0.979651 0.000000
-0.149637 1.281337 0.000000
1.224865 0.257508 0.000000
0.594791 0.798576 0.000000
0.353672 -1.050011 0.000000
-0.474441 1.415691 0.000000
-0.554236 1.438734 0.000000
0.917285 0.535086 0.000000
0.377448 0.959411 0.000000
0.725435 -0.885229 0.000000
0.678000 -0.908484 0.000000
-1.487385 0.996034 0.000000
-1.098062 1.441366 0.000000
0.209357 -1.102378 0.000000
-0.798435 1.478116 0.000000
-1.229817 1.370666 0.000000
1.403151 0.084493 0.000000
1.256654 0.227335 0.000000
-0.944295 1.474424 0.000000
-0.789352 -1.196333 0.000000
-1.173069 -1.018565 0.000000
-0.252792 1.330393 0.000000
-0.355839 1.373679 0.000000
0.286722 -1.075176 0.000000
-0.425822 1.399565 0.000000
0.229474 -1.095503 0.000000
0.017208 -1.160474 0.000000
1.116607 -0.670372 0.000000
-1.235008 -0.977147 0.000000
-0.472768 -1.231937 0.000000
-1.305589 1.300645 0.000000
-1.419633 1.137136 0.000000
1.500275 -0.013706 0.000000
-1.326543 1.276371 0.000000
-0.221406 1.316050 0.000000
1.381289 -0.501304 0.000000
-0.719855 1.471114 0.000000
0.101749 -1.136667 0.000000
0.522066 0.853956 0.000000
1.184266 0.295616 0.000000
1.345460 -0.525365 0.000000
1.126471 0.349086 0.000000
-0.707279 1.469416 0.000000
-0.077679 -1.183644 0.000000
1.529366 -0.397800 0.000000
-0.097955 1.254856 0.000000
0.946496 -0.768867 0.000000
1.666195 -0.188460 0.000000
-0.379898 1.382888 0.000000
1.031656 0.434851 0.000000
-0.474702 -1.231980 0.000000
-1.621739 -0.675379 0.000000
-0.855662 1.479431 0.000000
-0.665368 -1.220012 0.000000
-0.971506 1.471071 0.000000
-0.630382 -1.224256 0.000000
-0.410544 -1.230240 0.000000
-1.277308 -0.948375 0.000000
-1.653790 0.411214 0.000000
-1.392123 -0.870079 0.000000
0.240615 -1.091641 0.000000
-0.431879 1.401645 0.000000
1.472438 -0.438412 0.000000
1.555186 -0.070528 0.000000
1.709255 -0.235310 0.000000
-1.147073 1.421208 0.000000
-1.156208 1.416752 0.000000
0.092432 1.146939 0.000000
1.348977 0.138048 0.000000
0.460461 0.899660 0.000000
0.387780 0.952070 0.000000
0.880162 0.566872 0.000000
-1.690293 -0.516454 0.000000
0.108884 1.136882 0.000000
0.318132 1.000745 0.000000
-1.528766 -0.771711 0.000000
1.079573 -0.692481 0.000000
0.578883 -0.954995 0.000000
-0.400067 -1.229730 0.000000
0.962059 0.496257 0.000000
0.480678 -0.998323 0.000000
-0.879335 1.478964 0.000000
-1.547895 -0.755627 0.000000
-0.475446 1.415988 0.000000
-1.166884 1.411151 0.000000
0.804514 -0.845126 0.000000
1.506113 -0.019689 0.000000
0.668108 0.741202 0.000000
-0.801639 -1.193192 0.000000
1.094958 0.377858 0.000000
1.419310 0.068367 0.000000
-0.189628 1.300985 0.000000
-0.097071 -1.187888 0.000000
1.294479 0.191052 0.000000
1.058206 0.411086 0.000000
-0.387022 -1.228967 0.000000
-1.146233 1.421590 0.000000
1.222081 0.260139 0.000000
1.482908 -0.430986 0.000000
1.440650 0.046937 0.000000
0.174667 -1.113921 0.000000
1.408789 0.078891 0.000000
0.405888 0.939169 0.000000
-0.981140 -1.129113 0.000000
0.799596 -0.847672 0.000000
0.247626 1.048359 0.000000
1.192471 0.287935 0.000000
-1.117370 1.434109 0.000000
0.705022 -0.895329 0.000000
-1.078509 1.447773 0.000000
-0.209470 1.310448 0.000000
-0.547307 -1.230579 0.000000
-0.232736 1.321270 0.000000
0.742066 -0.876954 0.000000
0.802002 0.632564 0.000000
1.588544 -0.105539 0.000000
-0.658395 1.461693 0.000000
1.009553 -0.733263 0.000000
-1.052950 1.454945 0.000000
0.134384 -1.126736 0.000000
-0.492438 -1.231980 0.000000
-0.334080 1.365064 0.000000
0.100090 1.142271 0.000000
0.888976 -0.800398 0.000000
0.896200 -0.796494 0.000000
0.245788 -1.089859 0.000000
0.018423 -1.160134 0.000000
0.740025 0.683445 0.000000
-0.115471 1.263980 0.000000
1.273777 0.210955 0.000000
-1.303541 1.302894 0.000000
0.848349 -0.822168 0.000000
0.516913 -0.982664 0.000000
0.416127 -1.025228 0.000000
1.281463 -0.567420 0.000000
-1.262098 1.344016 0.000000
-0.621010 -1.225275 0.000000
0.600129 -0.945277 0.000000
-1.043853 1.457279 0.000000
-1.150153 -1.033460 0.000000
-1.550604 0.824335 0.000000
-0.848269 -1.179952 0.000000
-0.959976 1.472599 0.000000
-1.141528 -1.038977 0.000000
0.311496 -1.066052 0.000000
1.103187 0.370389 0.000000
-0.259448 1.333364 0.000000
0.647943 -0.922870 0.000000
-1.307234 -0.927920 0.000000
0.290415 1.019629 0.000000
-1.509605 0.940739 0.000000
-0.347204 -1.226081 0.000000
-1.619640 -0.678350 0.000000
0.110402 1.135948 0.000000
0.826724 -0.833541 0.000000
1.430720 -0.467524 0.000000
0.131290 1.123090 0.000000
-0.507007 -1.231810 0.000000
1.143969 -0.653821 0.000000
-0.284085 -1.219503 0.000000
-0.691681 -1.216108 0.000000
-1.581133 -0.724224 0.000000
0.889424 0.558978 0.000000
-1.465447 1.046067 0.000000
-1.221874 1.376565 0.000000
-0.435848 1.403003 0.000000
1.298155 -0.556556 0.000000
0.707634 0.709629 0.000000
-0.972288 -1.133102 0.000000
1.326213 -0.538139 0.000000
-1.008100 1.464960 0.000000
-0.639930 1.458255 0.000000
-1.301483 1.305144 0.000000
1.703989 -0.229539 0.000000
-0.080867 1.245817 0.000000
-0.191755 -1.206093 0.000000
-0.883396 1.478837 0.000000
-0.127042 -1.194084 0.000000
1.043499 0.424284 0.000000
-1.078994 -1.077467 0.000000
0.366486 -1.045046 0.000000
-0.980269 -1.129537 0.000000
0.138394 -1.125463 0.000000
0.583099 -0.953085 0.000000
1.077105 -0.693966 0.000000
0.720383 0.699359 0.000000
1.428159 -0.469264 0.000000
0.302410 1.011481 0.000000
0.375311 0.960897 0.000000
1.708849 -0.262894 0.000000
0.048625 -1.151944 0.000000
1.630303 -0.323282 0.000000
-0.686232 1.466318 0.000000
1.088604 0.383630 0.000000
-0.500629 -1.231895 0.000000
0.701976 -0.896814 0.000000
0.420908 -1.023276 0.000000
1.683190 -0.206878 0.000000
0.039349 1.178555 0.000000
-0.720833 1.471241 0.000000
0.253181 1.044667 0.000000
0.627805 0.772902 0.000000
1.634327 -0.320226 0.000000
0.612551 0.784827 0.000000
-1.315395 1.289569 0.000000
-0.807756 -1.191580 0.000000
-0.283362 1.343846 0.000000
-0.658718 -1.220904 0.000000
-0.221175 -1.210846 0.000000
1.294442 0.191094 0.000000
1.178067 -0.632858 0.000000
1.291124 -0.561139 0.000000
0.330681 0.992088 0.000000
0.218643 -1.099237 0.000000
-0.768034 1.476079 0.000000
0.278224 -1.078274 0.000000
-0.697212 -1.215217 0.000000
-0.394357 -1.229391 0.000000
1.533423 -0.047910 0.000000
-0.819368 1.478964 0.000000
0.850228 -0.821149 0.000000
0.834671 0.605277 0.000000
-1.397045 1.176136 0.000000
0.751810 0.673855 0.000000
0.980421 0.480173 0.000000
1.466442 0.020838 0.000000
0.184159 -1.110823 0.000000
0.512201 0.861340 0.000000
-0.659131 -1.220861 0.000000
-0.673202 -1.218909 0.000000
0.777585 0.652721 0.000000
-1.606141 0.629508 0.000000
1.163550 0.314882 0.000000
-0.616735 -1.225699 0.000000
1.151476 -0.649238 0.000000
0.098314 -1.137685 0.000000
-1.553137 -0.751044 0.000000
0.001988 1.200113 0.000000
-1.488263 0.993955 0.000000
-0.792622 -1.195569 0.000000
-0.629047 1.456049 0.000000
-0.513281 1.427446 0.000000
0.362600 0.969851 0.000000
0.902327 -0.793184 0.000000
-1.558575 0.799255 0.000000
1.179716 -0.631839 0.000000
-0.909213 -1.159158 0.000000
1.400449 -0.488318 0.000000
-0.226063 -1.211610 0.000000
1.152054 -0.648856 0.000000
-0.575785 -1.229009 0.000000
0.268288 1.034567 0.000000
-0.351647 -1.226420 0.000000
1.505645 -0.019222 0.000000
1.291261 -0.561055 0.000000
0.456365 0.902631 0.000000
-1.405208 1.162471 0.000000
-0.708308 -1.213392 0.000000
-1.282666 1.324622 0.000000
-1.489075 0.992003 0.000000
1.547920 -0.062975 0.000000
0.392919 -1.034564 0.000000
-0.699807 1.468398 0.000000
0.247110 -1.089392 0.000000
1.016350 0.448473 0.000000
1.205068 -0.616053 0.000000
0.992416 0.469649 0.000000
0.487827 0.879503 0.000000
-0.418446 -1.230622 0.000000
1.559196 -0.376115 0.000000
-0.728009 1.472047 0.000000
-1.196081 1.394133 0.000000
-0.470538 -1.231937 0.000000
-0.046077 -1.176345 0.000000
-0.381601 -1.228669 0.000000
1.074304 0.396573 0.000000
-1.716757 -0.300960 0.000000
-0.550721 1.437801 0.000000
0.210431 -1.102038 0.000000
-1.145920 -1.036176 0.000000
1.470208 0.017019 0.000000
0.176360 1.094700 0.000000
-0.863898 1.479346 0.000000
-0.828589 1.479262 0.000000
-0.921287 -1.154617 0.000000
1.512480 -0.026267 0.000000
-1.401553 1.168625 0.000000
0.731713 -0.882131 0.000000
-0.613868 1.452908 0.000000
-1.186781 -1.009484 0.000000
1.326010 -0.538266 0.000000
-0.319225 1.358996 0.000000
-0.622087 1.454648 0.000000
0.407622 0.937938 0.000000
1.351665 0.135417 0.000000
0.843486 0.597893 0.000000
0.964334 0.494262 0.000000
0.249578 1.047043 0.000000
0.262936 1.038132 0.000000
-1.662404 0.363854 0.000000
-0.990261 1.468186 0.000000
0.891213 -0.799210 0.000000
0.161227 1.104333 0.000000
-0.487939 -1.231980 0.000000
0.362834 0.969681 0.000000
-0.722585 -1.210804 0.000000
-1.197960 -1.002057 0.000000
-1.095294 -1.067749 0.000000
-0.133378 1.273146 0.000000
-1.013156 -1.113581 0.000000
1.062120 0.407564 0.000000
-0.690297 -1.216363 0.000000
1.440233 -0.460904 0.000000
-1.256278 1.349108 0.000000
-1.057817 -1.089647 0.000000
-1.353833 -0.896178 0.000000
0.327514 -1.060026 0.000000
-0.461042 1.411405 0.000000
-1.313195 -0.923889 0.000000
-1.570549 -0.734833 0.000000
0.115667 -1.132465 0.000000
-1.320027 -0.919221 0.000000
0.081311 1.153644 0.000000
1.215376 0.266462 0.000000
-1.271701 1.335189 0.000000
-0.842039 1.479431 0.000000
-0.496069 1.422354 0.000000
0.359716 0.971888 0.000000
-0.932418 1.475654 0.000000
0.799155 -0.847885 0.000000
0.890122 0.558384 0.000000
-0.088893 1.250061 0.000000
0.871832 0.573916 0.000000
1.417789 0.069895 0.000000
-1.165748 1.411787 0.000000
1.622959 -0.328798 0.000000
1.426215 -0.470622 0.000000
-0.974363 1.470647 0.000000
0.091809 -1.139595 0.000000
-0.993500 1.467591 0.000000
-0.342017 -1.225614 0.000000
0.499900 0.870549 0.000000
-1.309113 -0.926647 0.000000
1.123549 -0.666213 0.000000
-1.231346 -0.979608 0.000000
1.050376 0.418131 0.000000
0.732388 0.689641 0.000000
-0.855211 1.479431 0.000000
0.630579 0.770738 0.000000
1.348134 -0.523583 0.000000
-0.019953 1.212504 0.000000
-0.232929 -1.212628 0.000000
0.638168 0.764797 0.000000
-0.700784 1.468525 0.000000
-1.169190 1.409962 0.000000
-0.680206 1.465427 0.000000
0.955647 0.501858 0.000000
-0.802200 -1.193065 0.000000
-1.240752 1.362136 0.000000
0.251615 -1.087779 0.000000
0.962793 -0.759786 0.000000
-0.676895 -1.218357 0.000000
-0.785697 -1.197224 0.000000
-0.150869 -1.198752 0.000000
1.618997 -0.331769 0.000000
0.031419 1.183180 0.000000
0.126134 1.126273 0.000000
-1.434041 -0.841307 0.000000
-1.313061 -0.923974 0.000000
-0.763022 1.475697 0.000000
-1.349826 1.246666 0.000000
-0.258605 -1.216278 0.000000
-1.269495 1.337226 0.000000
0.226611 1.062193 0.000000
-1.142416 -1.038426 0.000000
1.402786 -0.486705 0.000000
-1.207146 1.386877 0.000000
-1.675556 -0.567547 0.000000
0.232190 1.058544 0.000000
-0.486046 -1.231980 0.000000
0.477174 -0.999808 0.000000
-0.087165 -1.185723 0.000000
-1.407583 1.158355 0.000000
-1.201151 -0.999935 0.000000
1.273089 -0.572810 0.000000
0.352825 -1.050350 0.000000
0.381805 -1.039020 0.000000
1.528223 -0.398607 0.000000
1.466825 -0.442359 0.000000
-0.650221 1.460165 0.000000
-1.622989 -0.673597 0.000000
-1.008172 1.464960 0.000000
-0.660202 -1.220691 0.000000
0.985216 -0.747140 0.000000
1.124255 0.351123 0.000000
0.844831 0.596747 0.000000
-1.373857 1.212504 0.000000
-1.182420 -1.012369 0.000000
-0.630891 -1.224214 0.000000
-0.122657 -1.193235 0.000000
0.938748 0.516542 0.000000
0.044580 1.175457 0.000000
1.497532 -0.420631 0.000000
-0.858787 1.479389 0.000000
-1.605191 0.633243 0.000000
-1.382413 -0.876699 0.000000
1.496279 -0.009589 0.000000
-0.965907 -1.135988 0.000000
-0.204500 -1.208215 0.000000
0.136976 -1.125930 0.000000
1.156418 0.321502 0.000000
-0.578421 1.444803 0.000000
-1.635665 -0.654161 0.000000
-1.202620 1.389932 0.000000
0.012272 1.194214 0.000000
-1.651762 0.421908 0.000000
1.260364 0.223770 0.000000
0.092983 1.146600 0.000000
-0.943370 1.474509 0.000000
0.351424 -1.050902 0.000000
0.584965 0.806130 0.000000
1.464907 0.022408 0.000000
-0.859840 -1.176387 0.000000
0.313344 -1.065373 0.000000
-0.919996 1.476715 0.000000
-0.004379 -1.166075 0.000000
0.126489 -1.129155 0.000000
0.985825 -0.746800 0.000000
-1.698619 -0.477454 0.000000
1.648425 -0.309532 0.000000
-1.449157 -0.830783 0.000000
1.382235 0.105287 0.000000
1.620143 -0.139021 0.000000
-0.070403 -1.181989 0.000000
-0.537085 1.434151 0.000000
-0.495546 1.422227 0.000000
0.217049 -1.099789 0.000000
1.367047 0.120267 0.000000
-0.393217 -1.229348 0.000000
0.195803 1.082223 0.000000
-0.611586 1.452399 0.000000
-0.114156 1.263301 0.000000
-1.148109 -1.034776 0.000000
-1.679111 -0.556726 0.000000
1.644570 -0.312460 0.000000
0.859982 -0.815972 0.000000
-1.474251 1.026504 0.000000
1.288752 -0.562667 0.000000
-0.624517 -1.224893 0.000000
0.853281 -0.819537 0.000000
1.080778 0.390717 0.000000
-1.633631 0.511237 0.000000
1.402955 0.084705 0.000000
-0.007584 1.205545 0.000000
0.898961 0.550830 0.000000
1.356996 0.130197 0.000000
-0.707613 1.469459 0.000000
-0.990946 -1.124445 0.000000
1.542668 -0.057500 0.000000
0.528461 -0.977614 0.000000
-0.135423 1.274165 0.000000
0.796164 0.637359 0.000000
0.672125 0.738019 0.000000
1.309200 0.176793 0.000000
-1.496905 -0.796451 0.000000
-0.211497 1.311424 0.000000
1.518169 -0.405863 0.000000
-0.546691 1.436740 0.000000
-1.047684 -1.095291 0.000000
0.088412 1.149358 0.000000
1.362706 -0.513823 0.000000
0.795070 0.638293 0.000000
-0.029990 -1.172483 0.000000
1.033298 0.433408 0.000000
-1.057290 1.453799 0.000000
0.165949 -1.116721 0.000000
0.220051 1.066479 0.000000
0.997968 0.464726 0.000000
0.857160 0.586350 0.000000
-0.254850 1.331285 0.000000
0.427313 0.923765 0.000000
-0.312087 1.356025 0.000000
1.396085 0.091538 0.000000
-1.350556 1.245647 0.000000
-0.732435 1.472557 0.000000
0.177919 -1.112860 0.000000
-1.081118 1.446967 0.000000
0.653316 -0.920324 0.000000
0.436186 -1.016995 0.000000
0.815407 0.621403 0.000000
-0.043024 -1.175624 0.000000
1.405419 0.082244 0.000000
-1.659166 0.382060 0.000000
-0.149531 1.281294 0.000000
-0.168440 1.290673 0.000000
-1.423299 -0.848733 0.000000
1.402841 -0.486663 0.000000
-1.469044 1.038132 0.000000
1.593187 -0.110419 0.000000
1.679931 -0.285386 0.000000
1.199403 0.281442 0.000000
-0.302171 -1.221625 0.000000
0.846315 0.595516 0.000000
-0.470076 -1.231937 0.000000
-1.370075 -0.885102 0.000000
-1.037586 1.458722 0.000000
0.370454 0.964334 0.000000
-0.329351 1.363112 0.000000
1.339867 -0.529100 0.000000
-1.557488 -0.747097 0.000000
-0.022349 1.213820 0.000000
0.885077 0.562670 0.000000
-1.618170 0.579942 0.000000
0.920183 -0.783423 0.000000
-1.278158 -0.947781 0.000000
-0.956906 1.472981 0.000000
-1.633634 0.511237 0.000000
-0.201481 1.306671 0.000000
1.028473 0.437694 0.000000
1.354460 0.132659 0.000000
-1.360351 -0.891722 0.000000
0.180614 1.091984 0.000000
-0.638539 1.458001 0.000000
0.421142 0.928220 0.000000
1.063927 0.405951 0.000000
0.201000 -1.105221 0.000000
-1.106319 1.438352 0.000000
-1.004995 -1.117655 0.000000
0.617831 -0.937044 0.000000
-1.032791 -1.103396 0.000000
-1.642242 0.470158 0.000000
-0.163301 1.288169 0.000000
-0.770009 1.476249 0.000000
-1.151059 1.419256 0.000000
-1.230189 -0.980372 0.000000
-1.619199 0.575529 0.000000
-0.157505 1.285283 0.000000
0.909833 0.541494 0.000000
0.149301 1.111844 0.000000
-1.096048 -1.067283 0.000000
-0.695487 -1.215514 0.000000
-0.636078 1.457491 0.000000
0.914315 -0.786606 0.000000
-1.284305 1.323009 0.000000
-0.356077 -1.226760 0.000000
-0.497611 -1.231937 0.000000
1.402576 -0.486833 0.000000
-0.186750 -1.205244 0.000000
-1.386279 -0.874068 0.000000
1.195837 0.284795 0.000000
0.039256 1.178597 0.000000
1.281387 -0.567463 0.000000
-1.648506 0.438755 0.000000
1.635697 -0.155656 0.000000
0.354732 -1.049586 0.000000
0.494624 -0.992339 0.000000
-0.925847 -1.152793 0.000000
-0.359006 1.374910 0.000000
0.054548 1.169601 0.000000
-1.132094 -1.045003 0.000000
-1.639933 0.481362 0.000000
-0.666394 -1.219885 0.000000
-0.694255 -1.215684 0.000000
1.294648 0.190882 0.000000
-1.372029 1.215220 0.000000
0.122806 -1.130301 0.000000
0.746069 0.678523 0.000000
-0.909148 -1.159201 0.000000
-0.634901 1.457237 0.000000
-1.072028 -1.081499 0.000000
-0.977024 -1.130980 0.000000
1.175424 0.303849 0.000000
1.188916 0.291287 0.000000
1.287496 0.197757 0.000000
-1.648672 -0.631075 0.000000
1.202976 -0.617368 0.000000
1.152057 0.325534 0.000000
1.144103 -0.653736 0.000000
0.821974 0.615928 0.000000
0.793586 -0.850770 0.000000
-1.196453 -1.003076 0.000000
0.929996 0.524138 0.000000
-0.372212 -1.227990 0.000000
0.804786 0.630230 0.000000
-0.057005 -1.178891 0.000000
0.584882 -0.952279 0.000000
-1.306728 -0.928302 0.000000
0.479959 0.885317 0.000000
-1.187772 -1.008847 0.000000
0.318118 -1.063548 0.000000
-1.573434 -0.731990 0.000000
-0.161198 1.287108 0.000000
-0.461833 1.411660 0.000000
1.093024 0.379641 0.000000
1.604607 -0.122513 0.000000
-1.045688 1.456855 0.000000
0.538483 -0.973158 0.000000
-1.688042 0.198011 0.000000
0.146117 -1.123044 0.000000
-0.985194 -1.127203 0.000000
1.451161 -0.453308 0.000000
1.689785 -0.214049 0.000000
0.273271 1.031214 0.000000
-0.770553 -1.200873 0.000000
1.415576 0.072102 0.000000
0.104413 -1.135860 0.000000
0.113685 -1.133059 0.000000
-0.238942 -1.213520 0.000000
-1.355777 -0.894820 0.000000
0.143550 1.115451 0.000000
1.281931 0.203104 0.000000
-1.497800 -0.795772 0.000000
-0.197014 -1.206984 0.000000
-0.959312 -1.138916 0.000000
-1.319167 1.285241 0.000000
0.762448 -0.866684 0.000000
0.165470 -1.116891 0.000000
-1.234127 1.367356 0.000000
-1.359932 -0.892019 0.000000
-1.235903 1.365998 0.000000
1.291482 0.193937 0.000000
0.677873 0.733436 0.000000
-1.661062 0.371450 0.000000
0.111530 -1.133738 0.000000
-1.635947 -0.653694 0.000000
1.286181 0.199030 0.000000
-1.034856 -1.102293 0.000000
-1.224741 1.374528 0.000000
1.680440 -0.203865 0.000000
-0.308962 1.354710 0.000000
-0.411621 1.394558 0.000000
-0.795028 1.477904 0.000000
0.289534 -1.074157 0.000000
1.453997 0.033442 0.000000
-1.337370 -0.907381 0.000000
1.563846 -0.079567 0.000000
-0.732944 1.472641 0.000000
1.320204 0.166141 0.000000
-0.595190 -1.227609 0.000000
-0.594030 1.448495 0.000000
1.578814 -0.361687 0.000000
-0.053714 1.231134 0.000000
-1.302952 1.303531 0.000000
-0.779467 1.476970 0.000000
1.715203 -0.241845 0.000000
-1.366973 1.222647 0.000000
-0.451518 -1.231640 0.000000
-1.097969 -1.066137 0.000000
-1.026823 1.461183 0.000000
-0.835228 1.479346 0.000000
-1.107110 -1.060578 0.000000
-1.284153 -0.943707 0.000000
-0.055476 -1.178552 0.000000
-0.426834 -1.230961 0.000000
0.701518 -0.897026 0.000000
-1.410347 -0.857603 0.000000
-1.688724 -0.522777 0.000000
1.395617 0.092004 0.000000
1.586056 -0.102908 0.000000
-1.063255 1.452229 0.000000
-0.435142 -1.231216 0.000000
-1.634622 -0.655858 0.000000
-0.095302 -1.187506 0.000000
0.652744 -0.920621 0.000000
0.442515 0.912731 0.000000
-0.565315 -1.229645 0.000000
-0.009356 1.206521 0.000000
-0.857321 1.479389 0.000000
-0.318041 -1.223322 0.000000
1.071282 -0.697404 0.000000
-0.193190 1.302725 0.000000
1.556353 -0.071759 0.000000
-0.012230 -1.168070 0.000000
0.920056 0.532710 0.000000
1.385095 -0.498757 0.000000
-1.689887 0.183965 0.000000
0.545184 -0.970187 0.000000
-1.508435 0.943752 0.000000
0.898995 -0.794966 0.000000
0.356033 0.974434 0.000000
1.508983 -0.022660 0.000000
0.577968 0.811519 0.000000
-1.553182 -0.751001 0.000000
-1.311023 -0.925374 0.000000
-1.606702 0.627259 0.000000
0.809333 0.626453 0.000000
0.429195 0.922407 0.000000
-0.357839 1.374443 0.000000
0.800532 0.633752 0.000000
-0.264015 1.335401 0.000000
0.018220 1.190819 0.000000
-0.705971 1.469246 0.000000
1.422429 0.065227 0.000000
1.633597 -0.320778 0.000000
-1.045540 -1.096479 0.000000
0.199124 1.080102 0.000000
1.237218 -0.595810 0.000000
-0.187587 1.300009 0.000000
1.644749 -0.165332 0.000000
-1.332559 1.268987 0.000000
0.270411 -1.081117 0.000000
-0.852258 -1.178721 0.000000
1.721952 -0.249272 0.000000
-0.053408 -1.178085 0.000000
-0.128986 1.270940 0.000000
-0.575358 -1.229051 0.000000
-0.567889 -1.229518 0.000000
1.322152 0.164232 0.000000
-1.059080 1.453333 0.000000
1.167078 -0.639647 0.000000
-1.559336 -0.745400 0.000000
-0.895670 -1.164166 0.000000
0.177073 -1.113114 0.000000
0.524389 0.852216 0.000000
-1.127018 -1.048186 0.000000
0.276710 -1.078825 0.000000
-0.862897 -1.175369 0.000000
0.877312 -0.806721 0.000000
-0.322636 1.360396 0.000000
-1.242748 -0.971885 0.000000
-0.397021 1.389253 0.000000
-0.688304 1.466658 0.000000
0.412981 0.934077 0.000000
1.399448 -0.488997 0.000000
1.616144 -0.333933 0.000000
-0.720681 -1.211143 0.000000
-1.166536 1.411363 0.000000
-1.638384 0.488830 0.000000
-0.746519 1.474127 0.000000
0.102819 1.140616 0.000000
-0.824390 1.479177 0.000000
1.477766 -0.434636 0.000000
1.364210 0.123068 0.000000
-1.655855 -0.616604 0.000000
-0.276771 1.341003 0.000000
-0.026496 -1.171592 0.000000
1.388599 -0.496381 0.000000
-1.562275 -0.742684 0.000000
-1.106143 1.438395 0.000000
1.636815 -0.156845 0.000000
-1.544244 -0.758810 0.000000
0.300110 1.013051 0.000000
0.418051 -1.024464 0.000000
0.446959 0.909506 0.000000
0.151418 1.110486 0.000000
-1.098020 1.441366 0.000000
0.588851 -0.950454 0.000000
-0.937343 -1.148167 0.000000
0.532632 0.846020 0.000000
0.877832 0.568824 0.000000
0.394832 -1.033800 0.000000
-0.010351 1.207072 0.000000
-1.367565 -0.886799 0.000000
1.587708 -0.104647 0.000000
1.478861 -0.433872 0.000000
0.991205 -0.743745 0.000000
-1.668465 0.328504 0.000000
0.471833 -1.002100 0.000000
1.095127 -0.683230 0.000000
1.027994 0.438118 0.000000
-0.444432 -1.231513 0.000000
1.531534 -0.045957 0.000000
-0.191703 1.302003 0.000000
-0.762313 -1.202698 0.000000
0.973156 0.486581 0.000000
-1.053814 1.454733 0.000000
-1.510765 -0.785927 0.000000
1.543790 -0.387361 0.000000
1.281466 0.203571 0.000000
-0.139990 1.276499 0.000000
-0.395100 -1.229476 0.000000
1.137344 -0.657853 0.000000
-1.121232 -1.051836 0.000000
-0.333055 -1.224765 0.000000
-0.605095 1.450999 0.000000
1.622470 -0.141525 0.000000
-0.647185 1.459613 0.000000
1.540242 -0.389907 0.000000
0.780208 -0.857645 0.000000
-1.409765 1.154578 0.000000
-1.420721 -0.850473 0.000000
-0.222710 -1.211101 0.000000
-1.645484 0.454075 0.000000
0.559320 -0.963864 0.000000
-1.671250 -0.579727 0.000000
-1.697039 -0.485687 0.000000
0.027148 1.185642 0.000000
-1.425047 1.127206 0.000000
-0.535254 1.433642 0.000000
-1.036863 1.458892 0.000000
0.386810 0.952749 0.000000
-0.930645 -1.150840 0.000000
-1.454980 1.068347 0.000000
0.524117 -0.979523 0.000000
0.051061 -1.151265 0.000000
1.368785 -0.509749 0.000000
0.402040 -1.030914 0.000000
-1.691512 -0.511319 0.000000
0.882199 -0.804090 0.000000
-0.656523 -1.221158 0.000000
-0.053632 1.231091 0.000000
1.051381 0.417240 0.000000
1.609439 -0.127648 0.000000
1.588592 -0.105581 0.000000
0.158336 -1.119183 0.000000
-0.160744 -1.200576 0.000000
-1.274767 1.332346 0.000000
1.332336 0.154344 0.000000
1.189212 -0.625983 0.000000
0.321990 -1.062105 0.000000
0.469330 0.893125 0.000000
-1.711732 -0.380104 0.000000
1.612671 -0.336522 0.000000
0.838409 -0.827430 0.000000
-1.664039 -0.598144 0.000000
0.713451 0.704961 0.000000
-0.877074 1.479049 0.000000
0.710343 -0.892698 0.000000
0.412857 -1.026543 0.000000
0.532532 -0.975789 0.000000
0.720500 -0.887690 0.000000
0.737767 -0.879118 0.000000
0.753896 0.672157 0.000000
0.203310 -1.104415 0.000000
1.711389 -0.260942 0.000000
-0.184744 -1.204905 0.000000
-0.689929 -1.216405 0.000000
1.708856 -0.234886 0.000000
0.152495 1.109807 0.000000
1.603413 -0.343439 0.000000
1.210468 -0.612700 0.000000
-0.113956 -1.191452 0.000000
-0.268968 -1.217636 0.000000
-0.522082 -1.231513 0.000000
-0.572281 1.443275 0.000000
-0.907083 -1.159964 0.000000
0.459858 -1.007150 0.000000
-0.409711 -1.230197 0.000000
-0.715914 -1.211992 0.000000
1.172498 0.306565 0.000000
-1.538871 -0.763351 0.000000
-0.880195 1.478922 0.000000
0.716280 0.702669 0.000000
-0.580421 -1.228712 0.000000
0.748540 -0.873686 0.000000
1.053660 0.415160 0.000000
1.289275 0.196059 0.000000
-1.312342 1.293092 0.000000
1.612740 -0.336479 0.000000
-0.482078 1.418110 0.000000
-1.451601 1.075391 0.000000
1.374477 0.112968 0.000000
-1.140568 1.424263 0.000000
0.722324 0.697789 0.000000
1.560111 -0.075663 0.000000
-0.371028 1.379578 0.000000
1.200742 -0.618769 0.000000
-0.527792 -1.231301 0.000000
1.536817 -0.051432 0.000000
1.711255 -0.237517 0.000000
0.761192 0.666174 0.000000
0.542379 -0.971460 0.000000
-0.619475 1.454097 0.000000
0.710918 0.706998 0.000000
-1.709079 0.000935 0.000000
1.561409 -0.077021 0.000000
1.508137 -0.021768 0.000000
-1.414904 1.145581 0.000000
-0.195324 1.303743 0.000000
1.253422 -0.585456 0.000000
1.190895 0.289420 0.000000
0.400240 -1.031636 0.000000
-0.826909 -1.186318 0.000000
0.059876 -1.148804 0.000000
-0.300977 -1.221498 0.000000
-0.306591 1.353734 0.000000
0.595583 -0.947356 0.000000
-0.163632 1.288339 0.000000
1.257769 -0.582697 0.000000
0.701570 -0.897026 0.000000
0.004483 1.198670 0.000000
0.118837 -1.131489 0.000000
-1.397898 -0.866132 0.000000
0.847134 -0.822804 0.000000
-0.706948 -1.213647 0.000000
0.760937 0.666386 0.000000
