0.158380 1.526737 0.000000
0.582092 -0.280724 0.000000
-0.526389 -0.857756 0.000000
-0.493282 -0.831438 0.000000
1.186230 -0.521967 0.000000
0.035666 1.557539 0.000000
-0.304301 -0.687947 0.000000
1.231848 0.185481 0.000000
0.231226 -0.366508 0.000000
0.338192 -0.323185 0.000000
1.517745 -0.862619 0.000000
-0.831857 1.210679 0.000000
0.450199 -0.293797 0.000000
-1.353491 -1.494356 0.000000
-0.645374 1.377452 0.000000
-0.477191 -0.818813 0.000000
-0.706784 1.328817 0.000000
0.107855 1.541534 0.000000
1.016879 0.622989 0.000000
0.436416 -0.296522 0.000000
0.110666 -0.425836 0.000000
0.450785 1.368553 0.000000
-1.114015 0.839535 0.000000
0.308507 1.463477 0.000000
-1.487799 -1.540232 0.000000
0.977770 -0.382823 0.000000
-0.020609 1.565679 0.000000
-1.600375 -0.323875 0.000000
1.337726 -0.061695 0.000000
1.253670 0.136260 0.000000
-1.202357 0.688560 0.000000
0.257393 -0.354746 0.000000
1.613106 -0.804878 0.000000
1.407629 -0.236573 0.000000
-0.095151 -0.545492 0.000000
1.711185 -1.105242 0.000000
-0.651669 -0.959579 0.000000
-1.239137 -1.427371 0.000000
1.650895 -1.039671 0.000000
-0.585638 1.419154 0.000000
0.025012 -0.472988 0.000000
-0.030547 1.566783 0.000000
-1.272705 0.554038 0.000000
-0.343020 -0.716335 0.000000
1.102581 -0.459087 0.000000
-0.792231 1.250897 0.000000
1.100424 -0.457604 0.000000
1.266661 0.106562 0.000000
-1.493453 0.025296 0.000000
-0.296365 -0.682187 0.000000
-0.453904 -0.800601 0.000000
-1.452935 -1.533230 0.000000
-1.292077 -1.460622 0.000000
-1.647481 -1.477144 0.000000
-1.575248 -0.232883 0.000000
-1.465918 0.102492 0.000000
-1.585237 -1.529021 0.000000
-0.093800 1.570232 0.000000
-0.130949 -0.568464 0.000000
-1.399167 0.274507 0.000000
-1.457717 0.124739 0.000000
1.218820 0.214455 0.000000
-1.636865 -0.471125 0.000000
0.943209 -0.365439 0.000000
-0.212017 -0.622721 0.000000
1.556644 -0.911978 0.000000
-0.195050 1.565645 0.000000
0.531608 -0.282966 0.000000
1.091441 0.480982 0.000000
1.172299 0.315313 0.000000
-0.001031 -0.488061 0.000000
0.800259 -0.310664 0.000000
0.109130 1.541189 0.000000
1.159236 0.342907 0.000000
-1.566989 -1.535782 0.000000
0.046328 1.555711 0.000000
-1.542565 -0.123713 0.000000
0.679593 1.137830 0.000000
-1.622841 -0.411970 0.000000
-1.321928 0.451525 0.000000
0.876217 -0.336292 0.000000
0.252559 -0.356885 0.000000
-1.315412 0.465529 0.000000
-0.818471 1.224545 0.000000
0.670062 1.149281 0.000000
0.535633 1.294151 0.000000
-0.866897 -1.138942 0.000000
0.112796 -0.424698 0.000000
-1.669744 -1.440030 0.000000
1.152128 0.357773 0.000000
1.048893 0.563282 0.000000
0.231092 1.499867 0.000000
0.252562 -0.356885 0.000000
1.257554 0.127430 0.000000
1.109680 -0.464088 0.000000
1.148727 0.364879 0.000000
-1.570376 -1.534747 0.000000
-1.281189 -1.454034 0.000000
-1.044522 0.945739 0.000000
-1.628237 -1.499427 0.000000
0.664917 1.155490 0.000000
-1.505196 -0.008920 0.000000
-0.420467 -0.774731 0.000000
-0.929275 -1.190750 0.000000
0.897777 -0.345019 0.000000
-0.828849 -1.107174 0.000000
-0.555412 1.438194 0.000000
-1.214893 -1.411090 0.000000
0.485987 -0.287968 0.000000
0.986891 -0.387687 0.000000
-0.938817 -1.198614 0.000000
0.465919 1.356204 0.000000
0.468934 -0.290486 0.000000
0.379917 -0.310319 0.000000
-0.591793 -0.910495 0.000000
-0.016133 1.565127 0.000000
0.807409 0.967228 0.000000
-1.433053 -1.527435 0.000000
0.506517 -0.285346 0.000000
-0.545757 1.443954 0.000000
0.343126 1.443816 0.000000
0.528111 1.301360 0.000000
-0.955187 1.067602 0.000000
0.740586 -0.296074 0.000000
-0.982447 1.032006 0.000000
0.851111 0.902036 0.000000
-0.702277 -1.001487 0.000000
0.234238 1.498556 0.000000
1.555465 -0.637174 0.000000
1.462727 -0.796082 0.000000
0.669917 -0.284967 0.000000
-0.434860 -0.785838 0.000000
0.244023 1.494383 0.000000
-1.335700 0.421516 0.000000
0.193857 -0.384030 0.000000
-0.272800 -0.665320 0.000000
-1.128088 -1.348762 0.000000
-0.426535 -0.779388 0.000000
0.245019 1.493969 0.000000
-0.818133 1.224890 0.000000
1.052015 -0.425663 0.000000
-1.103637 0.856057 0.000000
1.317975 -0.013991 0.000000
1.501064 -0.842027 0.000000
-0.923080 1.107476 0.000000
-1.718629 -1.010801 0.000000
1.590064 -0.737065 0.000000
-0.348310 1.533153 0.000000
1.576267 -0.937641 0.000000
-1.356182 0.375641 0.000000
-0.363826 1.528186 0.000000
0.146923 1.530255 0.000000
0.174244 1.521287 0.000000
-0.101188 -0.549286 0.000000
0.298638 -0.337534 0.000000
0.511403 1.316710 0.000000
1.044555 -0.421007 0.000000
1.521235 -0.540663 0.000000
-1.642502 -0.495960 0.000000
-0.933930 -1.194579 0.000000
-1.364558 0.356497 0.000000
1.461348 -0.794496 0.000000
1.165359 0.330007 0.000000
-0.924155 -1.186507 0.000000
-0.709199 1.326747 0.000000
-0.768004 1.274180 0.000000
1.532813 -0.881487 0.000000
0.533714 1.296014 0.000000
-1.654673 -1.466762 0.000000
-1.564425 -1.536541 0.000000
1.618361 -0.820469 0.000000
-1.199487 -1.400467 0.000000
1.145726 -0.490338 0.000000
0.258244 -0.354367 0.000000
-0.523836 1.456613 0.000000
-0.703845 -1.002764 0.000000
-0.281411 1.551123 0.000000
-0.404506 -0.762555 0.000000
-0.419781 -0.774214 0.000000
-0.101419 -0.549424 0.000000
-1.664686 -1.449860 0.000000
0.299803 1.468168 0.000000
-0.680582 -0.983482 0.000000
0.650387 -0.283139 0.000000
0.079434 1.548640 0.000000
0.315626 -0.331187 0.000000
-1.279438 0.540482 0.000000
-1.072453 -1.306163 0.000000
-0.507630 1.465581 0.000000
1.573576 -0.934088 0.000000
1.229133 -0.557875 0.000000
-0.301317 -0.685809 0.000000
1.499868 -0.481576 0.000000
0.195404 1.513837 0.000000
1.690256 -1.039533 0.000000
1.132342 0.398716 0.000000
1.408846 -0.734789 0.000000
1.675122 -0.992588 0.000000
1.250724 -0.576880 0.000000
-0.726549 -1.021666 0.000000
-1.373052 -1.503773 0.000000
-1.680381 -0.686740 0.000000
-1.439472 0.173029 0.000000
1.156449 0.348736 0.000000
-1.359945 0.367052 0.000000
1.650502 -0.917152 0.000000
-0.641532 -0.951197 0.000000
1.369116 -0.139097 0.000000
-0.483483 -0.823746 0.000000
0.654776 -0.283553 0.000000
-0.972185 -1.225967 0.000000
1.584689 -0.948782 0.000000
0.779199 -0.304938 0.000000
-0.136045 -0.571775 0.000000
-1.627427 -1.500185 0.000000
-0.151017 -0.581640 0.000000
1.208931 0.236220 0.000000
1.382579 -0.172831 0.000000
1.416988 -0.260684 0.000000
0.031631 1.558229 0.000000
-0.363915 -0.731857 0.000000
0.812281 0.960157 0.000000
-1.480673 0.061652 0.000000
1.649703 -1.037981 0.000000
1.020669 -0.406692 0.000000
1.053090 0.555314 0.000000
0.510682 -0.284932 0.000000
-1.339580 -1.487216 0.000000
-0.410795 -0.767350 0.000000
-0.434412 1.501109 0.000000
-0.138464 -0.573327 0.000000
-1.255294 -1.437857 0.000000
1.704187 -1.116832 0.000000
-1.490928 -1.540646 0.000000
1.332092 -0.048035 0.000000
1.580819 -0.710126 0.000000
-0.422569 1.506041 0.000000
-1.656399 -0.560462 0.000000
-1.613665 -0.375131 0.000000
-1.172741 0.741265 0.000000
-0.284357 -0.673564 0.000000
-0.919706 1.111581 0.000000
1.486795 -0.824711 0.000000
-1.675450 -0.658732 0.000000
-0.604611 1.406460 0.000000
0.196328 -0.382858 0.000000
-1.627896 -0.432872 0.000000
-0.568382 1.430226 0.000000
-0.024889 1.566197 0.000000
-0.619286 -0.932950 0.000000
1.055354 -0.427767 0.000000
1.554725 -0.909495 0.000000
0.593432 -0.280690 0.000000
-0.234879 1.560195 0.000000
-0.741441 -1.034083 0.000000
-1.119473 0.830740 0.000000
0.052899 -0.457224 0.000000
1.673041 -0.986173 0.000000
1.700583 -1.071853 0.000000
1.193053 -0.527521 0.000000
-0.317233 -0.697364 0.000000
1.636189 -0.873864 0.000000
-0.326409 -0.704055 0.000000
1.278721 -0.602405 0.000000
-0.701205 -1.000591 0.000000
-1.401700 0.268333 0.000000
1.683151 -1.085961 0.000000
-0.934341 1.093748 0.000000
0.765433 1.026521 0.000000
0.857465 0.892344 0.000000
-1.391470 0.293168 0.000000
1.235773 -0.563669 0.000000
0.264081 1.485621 0.000000
0.812109 -0.314182 0.000000
1.450639 -0.782009 0.000000
0.049915 1.555021 0.000000
0.371499 -0.312734 0.000000
-0.097384 1.570336 0.000000
1.378820 -0.163380 0.000000
0.841632 -0.323668 0.000000
-0.420577 1.506869 0.000000
-0.621712 1.394698 0.000000
1.577787 -0.939642 0.000000
0.828256 0.936564 0.000000
1.268539 -0.592988 0.000000
0.430655 -0.297764 0.000000
-1.600054 -0.322668 0.000000
-1.083041 -1.314407 0.000000
0.980382 -0.384168 0.000000
-0.335650 -0.710885 0.000000
-0.141999 -0.575638 0.000000
0.296240 1.470065 0.000000
1.110479 0.443040 0.000000
-1.292553 0.513612 0.000000
1.568893 -0.927949 0.000000
0.529093 1.300464 0.000000
0.902553 0.820875 0.000000
1.183773 -0.520001 0.000000
1.153571 -0.496339 0.000000
-0.166454 1.568197 0.000000
-0.008077 1.564127 0.000000
-0.840399 -1.116832 0.000000
0.434094 1.381556 0.000000
0.094006 -0.434735 0.000000
-0.629044 1.389352 0.000000
-1.166370 0.752303 0.000000
-1.143187 -1.360006 0.000000
-0.644505 -0.953646 0.000000
0.872210 -0.334775 0.000000
1.619456 -0.823746 0.000000
-0.190509 1.566231 0.000000
-1.614809 -1.511189 0.000000
0.312539 -0.332326 0.000000
-1.325556 0.443695 0.000000
0.832639 0.930045 0.000000
-1.432598 0.190862 0.000000
1.295250 0.040025 0.000000
1.361873 -0.684429 0.000000
0.597815 -0.280655 0.000000
1.598313 -0.761210 0.000000
-1.209945 0.674625 0.000000
-0.183944 -0.603578 0.000000
0.646989 -0.282828 0.000000
1.532524 -0.572258 0.000000
-1.416989 -1.521950 0.000000
-0.381713 1.521942 0.000000
1.155787 -0.497995 0.000000
-1.148238 -1.363732 0.000000
-0.526851 1.454957 0.000000
0.368418 1.428018 0.000000
-1.045876 -1.285295 0.000000
0.244795 -0.360299 0.000000
0.594038 -0.280690 0.000000
-0.121797 -0.562566 0.000000
0.325626 -0.327566 0.000000
-1.505613 -0.010162 0.000000
-0.229028 -0.634483 0.000000
1.397561 -0.722406 0.000000
-0.562769 -0.886971 0.000000
-0.851157 1.190121 0.000000
-1.595027 -0.303904 0.000000
-0.546898 -0.874174 0.000000
-0.345681 1.534015 0.000000
0.864691 -0.331946 0.000000
0.374479 -0.311906 0.000000
-1.711186 -0.913151 0.000000
0.993307 0.665760 0.000000
1.611090 -0.984379 0.000000
-0.940364 -1.199890 0.000000
-1.525995 -1.542301 0.000000
0.806013 0.969229 0.000000
0.179629 1.519424 0.000000
0.457067 -0.292590 0.000000
-1.310988 -1.471591 0.000000
0.558309 -0.281345 0.000000
-1.439824 0.172133 0.000000
-0.061803 1.569129 0.000000
-1.057178 -1.294194 0.000000
-1.318062 -1.475592 0.000000
-0.240896 1.559126 0.000000
0.511117 1.316986 0.000000
1.457021 -0.365715 0.000000
0.251611 1.491175 0.000000
-1.569194 -0.211946 0.000000
0.716007 1.092230 0.000000
-1.487375 -1.540163 0.000000
-1.094791 0.869958 0.000000
0.834851 0.926733 0.000000
0.773372 1.015621 0.000000
-0.712221 1.324160 0.000000
1.175604 -0.513482 0.000000
-0.398466 1.515734 0.000000
0.212712 1.507179 0.000000
0.672749 1.146073 0.000000
0.037527 1.557194 0.000000
1.677772 -1.000763 0.000000
0.097562 1.544190 0.000000
-1.018496 0.982853 0.000000
0.273092 1.481344 0.000000
0.107917 -0.427319 0.000000
-0.136800 -0.572258 0.000000
1.030600 0.597637 0.000000
0.921666 -0.355401 0.000000
1.349551 -0.090634 0.000000
0.595858 -0.280655 0.000000
-0.877868 1.160491 0.000000
-1.488102 0.040646 0.000000
1.531028 -0.879245 0.000000
-0.830851 1.211748 0.000000
-0.066655 -0.527590 0.000000
1.420472 -0.747689 0.000000
1.436174 -0.765418 0.000000
-0.484530 1.477550 0.000000
1.701868 -1.113417 0.000000
1.036885 0.585909 0.000000
-1.598607 -1.522157 0.000000
0.046169 -0.460950 0.000000
1.184700 0.288822 0.000000
-1.081994 0.889791 0.000000
-1.461942 0.113322 0.000000
1.334507 -0.656421 0.000000
1.159701 -0.501030 0.000000
-1.176232 -1.384048 0.000000
-0.037180 -0.509585 0.000000
1.639252 -1.023287 0.000000
1.177047 0.305206 0.000000
-1.033126 0.962192 0.000000
-1.158465 -1.371217 0.000000
1.201963 -0.534868 0.000000
0.041528 -0.463537 0.000000
0.391753 -0.307008 0.000000
1.083165 0.497228 0.000000
-0.448171 1.494969 0.000000
-0.909573 1.123722 0.000000
-1.650114 -1.473488 0.000000
-1.255649 0.587944 0.000000
-0.134677 1.569922 0.000000
1.489590 -0.453465 0.000000
1.623212 -0.834956 0.000000
1.135271 0.392680 0.000000
-0.657124 1.368553 0.000000
0.487362 -0.287761 0.000000
-1.284142 -1.455862 0.000000
1.302755 0.022296 0.000000
-0.161823 1.568542 0.000000
1.685549 -1.089444 0.000000
-1.654083 -1.467659 0.000000
0.813852 0.957846 0.000000
0.879952 -0.337776 0.000000
0.708551 1.101819 0.000000
1.080563 -0.444117 0.000000
-0.361390 1.528944 0.000000
-0.148412 -0.579916 0.000000
-1.069810 0.908314 0.000000
0.580972 1.249069 0.000000
0.262458 -0.352504 0.000000
1.623691 -0.836370 0.000000
-1.681115 -0.690983 0.000000
0.119243 1.538568 0.000000
-1.289338 -1.458966 0.000000
1.560072 -0.916428 0.000000
-0.326708 -0.704262 0.000000
1.509878 -0.509136 0.000000
1.531655 -0.880038 0.000000
0.376736 1.422603 0.000000
-0.592682 1.414601 0.000000
1.164022 -0.504376 0.000000
1.431364 -0.298040 0.000000
0.944105 0.751716 0.000000
1.432049 -0.760727 0.000000
1.305853 -0.628171 0.000000
1.132832 0.397716 0.000000
-1.046396 0.943014 0.000000
-0.230810 -0.635725 0.000000
-0.888933 1.147867 0.000000
1.132256 -0.480335 0.000000
1.320218 -0.642210 0.000000
-1.424855 0.210661 0.000000
0.506251 -0.285381 0.000000
1.513979 -0.857928 0.000000
1.700714 -1.072267 0.000000
-0.491763 -0.830265 0.000000
-1.220161 -1.414678 0.000000
-1.122867 -1.344830 0.000000
1.676011 -0.995348 0.000000
-0.442761 -0.791943 0.000000
0.914172 0.801869 0.000000
1.665722 -0.963649 0.000000
0.843610 0.913488 0.000000
-1.227094 0.642753 0.000000
0.140438 1.532221 0.000000
-0.832515 1.209989 0.000000
-1.595871 -0.307042 0.000000
0.905261 -0.348192 0.000000
-1.029054 -1.271912 0.000000
1.250941 0.142503 0.000000
0.427140 -0.298523 0.000000
0.027817 -0.471401 0.000000
1.014484 -0.403036 0.000000
1.197367 0.261469 0.000000
1.308399 -0.630620 0.000000
-0.932914 -1.193751 0.000000
0.996225 0.660517 0.000000
-0.468756 -0.812191 0.000000
-0.966269 -1.221138 0.000000
-1.721658 -1.125075 0.000000
0.523511 -0.283587 0.000000
-1.634980 -0.462950 0.000000
0.710687 -0.290555 0.000000
-1.663159 -0.593816 0.000000
0.912852 -0.351435 0.000000
0.675447 -0.285657 0.000000
1.244005 0.158198 0.000000
1.627984 -1.007593 0.000000
-1.111693 0.843226 0.000000
0.740789 -0.296108 0.000000
0.374004 -0.312044 0.000000
0.923169 -0.356091 0.000000
-1.233906 0.629888 0.000000
0.370513 -0.313044 0.000000
-0.015169 -0.496408 0.000000
0.448862 1.370105 0.000000
1.432811 -0.301834 0.000000
-0.652038 1.372485 0.000000
-0.741186 1.298842 0.000000
1.036847 0.585978 0.000000
-0.534924 1.450439 0.000000
-0.946931 -1.205271 0.000000
-0.411959 1.510456 0.000000
1.062218 -0.432114 0.000000
-0.954932 -1.211859 0.000000
0.973900 0.700253 0.000000
0.376419 1.422810 0.000000
-1.573160 -0.225605 0.000000
1.345217 -0.080010 0.000000
-1.364600 -1.499806 0.000000
-1.719098 -1.208376 0.000000
-0.687474 -0.989173 0.000000
0.685792 1.130241 0.000000
1.704773 -1.085029 0.000000
-0.175144 -0.597645 0.000000
-1.513011 -0.032134 0.000000
-0.365704 1.527565 0.000000
0.656106 -0.283656 0.000000
0.823356 0.943842 0.000000
1.481957 -0.818882 0.000000
-0.984159 -1.235729 0.000000
-1.696873 -0.792357 0.000000
1.494941 -0.834576 0.000000
-0.802531 1.240791 0.000000
0.553516 1.276836 0.000000
-0.341570 1.535326 0.000000
-0.831037 1.211541 0.000000
-1.145213 0.788348 0.000000
0.907728 -0.349262 0.000000
-0.829811 -1.108001 0.000000
-0.834486 -1.111899 0.000000
0.790346 -0.307939 0.000000
-1.062505 -1.298402 0.000000
-0.640119 -0.950059 0.000000
0.807144 -0.312734 0.000000
-0.799529 -1.082649 0.000000
0.511096 -0.284863 0.000000
1.354734 -0.677013 0.000000
-0.335709 1.537188 0.000000
-1.411937 -1.520088 0.000000
0.924516 0.784692 0.000000
1.603361 -0.776077 0.000000
0.960572 -0.373959 0.000000
-0.025299 -0.502410 0.000000
0.386877 1.415946 0.000000
1.464708 -0.386238 0.000000
1.304488 0.018191 0.000000
0.090950 -0.436391 0.000000
1.575916 -0.937158 0.000000
0.455113 1.365034 0.000000
1.556172 -0.639209 0.000000
-0.483190 -0.823504 0.000000
-1.138880 -1.356799 0.000000
-0.100068 1.570405 0.000000
0.464168 -0.291314 0.000000
0.976357 -0.382099 0.000000
-0.616095 -0.930329 0.000000
-1.242552 -1.429579 0.000000
0.792330 -0.308491 0.000000
1.659244 -0.943815 0.000000
-0.002027 1.563368 0.000000
-0.653392 1.371450 0.000000
1.283824 0.066791 0.000000
0.180801 1.519010 0.000000
1.597869 -0.966443 0.000000
1.086931 0.489881 0.000000
-0.641742 -0.951404 0.000000
-0.118589 -0.560496 0.000000
0.661754 1.159284 0.000000
-0.444735 1.496556 0.000000
-0.532932 -0.862999 0.000000
-0.216131 1.562989 0.000000
-1.654018 -1.467762 0.000000
0.442674 1.375037 0.000000
0.583818 -0.280724 0.000000
-1.233617 -1.423715 0.000000
1.639001 -0.882315 0.000000
-0.876518 -1.146978 0.000000
-0.667292 -0.972479 0.000000
-0.639358 1.381832 0.000000
-0.319259 1.541707 0.000000
-0.030612 1.566783 0.000000
-0.773101 1.269420 0.000000
-0.856798 1.183912 0.000000
-0.682822 -0.985310 0.000000
0.030649 -0.469780 0.000000
-0.595455 -0.913496 0.000000
-0.681651 -0.984344 0.000000
1.377634 -0.700986 0.000000
-0.675317 -0.979102 0.000000
0.336225 -0.323840 0.000000
0.906481 0.814459 0.000000
1.351388 -0.673598 0.000000
-0.102890 1.570474 0.000000
-0.364842 -0.732547 0.000000
0.065593 -0.450188 0.000000
1.125747 -0.475575 0.000000
-1.482044 -1.539369 0.000000
-0.076499 1.569784 0.000000
0.724994 -0.293073 0.000000
-0.787393 1.255623 0.000000
-0.323039 -0.701606 0.000000
1.546265 -0.611028 0.000000
-1.042444 -1.282535 0.000000
1.308340 0.009016 0.000000
0.419295 1.392836 0.000000
-0.723048 -1.018768 0.000000
-0.841919 1.200020 0.000000
1.299616 0.029712 0.000000
-0.045081 1.567887 0.000000
-1.420021 -1.523020 0.000000
-0.118024 -0.560117 0.000000
-0.962044 -1.217689 0.000000
0.481132 1.343442 0.000000
1.519671 -0.864999 0.000000
0.147091 1.530221 0.000000
-1.227659 -1.419748 0.000000
0.721796 1.084780 0.000000
1.592655 -0.959441 0.000000
-1.721565 -1.137010 0.000000
1.651436 -1.040430 0.000000
0.825120 0.941220 0.000000
-0.574970 -0.896836 0.000000
-1.496892 -1.541301 0.000000
1.596869 -0.756967 0.000000
0.311791 1.461718 0.000000
-0.599728 -0.916980 0.000000
-1.677370 -1.423232 0.000000
1.027044 0.604259 0.000000
-0.818698 -1.098688 0.000000
-0.601568 1.408530 0.000000
0.490728 -0.287312 0.000000
-1.121251 -1.343622 0.000000
1.426002 -0.284070 0.000000
-1.688193 -0.734030 0.000000
0.571062 1.259141 0.000000
0.746829 1.051804 0.000000
1.445191 -0.334361 0.000000
0.236905 -0.363887 0.000000
1.248746 0.147470 0.000000
-0.969783 -1.224001 0.000000
0.973287 -0.380478 0.000000
-1.532021 -0.090358 0.000000
-1.701004 -0.823090 0.000000
-0.146813 1.569611 0.000000
1.686914 -1.029116 0.000000
1.208221 -0.540076 0.000000
-0.769000 -1.057124 0.000000
-1.005064 -1.252630 0.000000
0.441316 1.376072 0.000000
1.222869 -0.552494 0.000000
-0.893181 -1.160845 0.000000
-1.463034 0.110390 0.000000
0.579642 1.250414 0.000000
0.211596 1.507593 0.000000
1.682679 -1.015974 0.000000
1.264855 -0.589608 0.000000
-0.887847 -1.156395 0.000000
-1.603803 -0.336844 0.000000
0.124928 1.536947 0.000000
0.105150 1.542224 0.000000
-1.533038 -0.093531 0.000000
0.173989 -0.393620 0.000000
0.004296 -0.484922 0.000000
-0.788586 1.254485 0.000000
1.095311 0.473324 0.000000
-1.697999 -0.800532 0.000000
-1.297580 0.503161 0.000000
-1.310074 0.476912 0.000000
-0.359646 -0.728649 0.000000
0.789784 0.992511 0.000000
-1.361306 0.363913 0.000000
1.625590 -1.004281 0.000000
-1.052571 -1.290572 0.000000
0.785625 0.998375 0.000000
0.556194 -0.281449 0.000000
1.162689 0.335629 0.000000
-0.306289 1.545225 0.000000
-1.547910 -0.140959 0.000000
-0.024420 1.566128 0.000000
-1.639976 -0.484750 0.000000
1.095042 0.473842 0.000000
-1.377497 -1.505773 0.000000
-0.497428 1.470996 0.000000
-1.127509 -1.348313 0.000000
-0.257697 1.556159 0.000000
0.203526 1.510698 0.000000
0.874208 -0.335534 0.000000
-0.899308 -1.165915 0.000000
-0.180254 -0.601060 0.000000
0.633602 1.191983 0.000000
0.427006 1.386972 0.000000
-1.108371 -1.333861 0.000000
1.231941 0.185309 0.000000
0.795314 -0.309284 0.000000
0.612900 1.214956 0.000000
-0.957672 -1.214102 0.000000
1.525026 -0.871691 0.000000
-0.101267 -0.549320 0.000000
0.423943 -0.299178 0.000000
-0.672230 -0.976549 0.000000
0.090119 -0.436839 0.000000
-1.407951 -1.518570 0.000000
-1.638054 -0.476299 0.000000
1.118301 0.427311 0.000000
-0.764004 1.277940 0.000000
-0.252739 -0.651040 0.000000
-0.007150 1.563989 0.000000
-0.094117 1.570267 0.000000
-0.039547 -0.511033 0.000000
0.692421 1.121997 0.000000
-0.262280 1.555366 0.000000
0.195931 -0.383030 0.000000
1.287273 -0.610407 0.000000
0.361027 1.432847 0.000000
-0.644388 -0.953577 0.000000
1.257950 0.126533 0.000000
1.253622 0.136398 0.000000
0.122199 -0.419834 0.000000
1.386407 -0.182489 0.000000
1.596759 -0.964959 0.000000
-0.580694 1.422327 0.000000
1.335744 -0.657662 0.000000
-1.392583 0.290478 0.000000
-1.686546 -0.723716 0.000000
-1.038491 0.954431 0.000000
0.425483 -0.298868 0.000000
0.035174 1.557608 0.000000
0.486097 -0.287968 0.000000
1.248030 -0.574466 0.000000
-0.762932 -1.052054 0.000000
0.600702 1.228167 0.000000
-1.338233 0.415894 0.000000
-0.534714 -0.864413 0.000000
0.143515 -0.408831 0.000000
0.414953 -0.301213 0.000000
0.257920 -0.354505 0.000000
-1.281999 -1.454551 0.000000
0.199908 1.512112 0.000000
0.120900 -0.420524 0.000000
1.231039 -0.559530 0.000000
0.616026 1.211506 0.000000
-1.583611 -1.529780 0.000000
1.451335 -0.350607 0.000000
-0.808247 -1.089962 0.000000
0.567193 -0.281035 0.000000
1.703053 -1.079614 0.000000
-1.630987 -1.496667 0.000000
-1.393317 0.288684 0.000000
-0.687894 1.344339 0.000000
-0.444901 1.496452 0.000000
0.127047 1.536291 0.000000
1.531504 -0.879866 0.000000
1.275582 -0.599507 0.000000
-1.615019 -1.511016 0.000000
0.778882 -0.304869 0.000000
-1.629171 -0.438219 0.000000
-0.784861 1.258106 0.000000
0.849595 0.904347 0.000000
0.886902 0.846054 0.000000
0.831691 0.931459 0.000000
-0.400282 1.515078 0.000000
-1.401690 -1.516121 0.000000
-1.721599 -1.133630 0.000000
-1.517694 -1.542439 0.000000
-0.849703 1.191742 0.000000
0.492227 1.333818 0.000000
-1.214751 -1.410987 0.000000
-0.667692 -0.972789 0.000000
0.563688 -0.281138 0.000000
0.231650 -0.366301 0.000000
-0.884267 1.153213 0.000000
0.122654 1.537637 0.000000
1.327016 -0.035721 0.000000
0.594228 -0.280690 0.000000
-0.591196 1.415566 0.000000
-0.937573 -1.197579 0.000000
-1.392796 -1.512465 0.000000
-0.014200 1.564886 0.000000
0.117120 -0.422490 0.000000
0.920360 -0.354815 0.000000
0.942351 0.754717 0.000000
1.557529 -0.913117 0.000000
1.184249 -0.520381 0.000000
-0.900848 -1.167191 0.000000
-0.350446 -0.721854 0.000000
1.328812 -0.650729 0.000000
1.016331 -0.404140 0.000000
-1.059032 -1.295643 0.000000
-1.644980 -0.507101 0.000000
-1.473571 -1.537886 0.000000
1.271478 -0.595713 0.000000
-0.369511 -0.736065 0.000000
-1.576988 -1.532436 0.000000
0.630101 1.195847 0.000000
-0.673036 1.356273 0.000000
-0.258328 -0.654972 0.000000
-1.477072 0.071758 0.000000
-0.835692 1.206608 0.000000
-1.022117 0.977783 0.000000
0.015640 1.560954 0.000000
-0.403076 -0.761452 0.000000
-1.042251 -1.282397 0.000000
0.916498 0.798075 0.000000
-0.960535 1.060669 0.000000
1.307541 -0.629792 0.000000
-0.481133 -0.821883 0.000000
0.828542 -0.319356 0.000000
-1.719749 -1.033359 0.000000
0.086398 1.547088 0.000000
-1.608930 -1.515535 0.000000
0.234675 1.498349 0.000000
-0.239417 -0.641727 0.000000
1.237927 0.171891 0.000000
-0.360604 -0.729373 0.000000
-1.517429 -0.045483 0.000000
-1.076860 -1.309612 0.000000
0.080616 1.548398 0.000000
-0.343172 -0.716473 0.000000
0.041218 1.556573 0.000000
-0.696629 1.337233 0.000000
-0.928086 1.101371 0.000000
1.366966 -0.133716 0.000000
0.242525 1.495038 0.000000
-1.654173 -1.467521 0.000000
1.066136 -0.434666 0.000000
1.126088 0.411479 0.000000
-1.698971 -0.807672 0.000000
1.384915 -0.178729 0.000000
1.274638 0.088142 0.000000
1.618495 -0.820883 0.000000
-0.706363 1.329162 0.000000
0.578887 -0.280724 0.000000
-0.323252 -0.701744 0.000000
0.995522 -0.392378 0.000000
0.624978 1.201538 0.000000
1.127477 -0.476851 0.000000
-1.045280 -1.284812 0.000000
-0.044798 -0.514241 0.000000
1.649338 -1.037464 0.000000
0.421738 1.390973 0.000000
1.315800 -0.008748 0.000000
0.155272 1.527737 0.000000
1.330596 -0.044414 0.000000
-1.334143 -1.484353 0.000000
0.182913 1.518286 0.000000
-0.887248 1.149799 0.000000
-1.335917 0.421033 0.000000
-0.995530 -1.244938 0.000000
0.874959 -0.335809 0.000000
-1.642699 -0.496857 0.000000
0.013476 -0.479610 0.000000
1.478084 -0.422249 0.000000
-0.657417 1.368346 0.000000
-0.281032 1.551227 0.000000
-0.550506 -0.877072 0.000000
0.046107 -0.460984 0.000000
-1.583594 -0.262340 0.000000
1.658145 -0.940435 0.000000
-0.847708 1.193881 0.000000
0.369834 -0.313217 0.000000
-1.374830 0.332628 0.000000
0.797227 -0.309802 0.000000
-0.638596 1.382419 0.000000
0.165230 -0.398000 0.000000
0.945528 0.749302 0.000000
0.690330 -0.287485 0.000000
-0.852418 1.188741 0.000000
-0.741810 -1.034394 0.000000
0.183882 -0.388825 0.000000
-0.543542 1.445265 0.000000
-0.365556 -0.733098 0.000000
0.831829 -0.320391 0.000000
-1.309930 0.477222 0.000000
-0.233718 -0.637760 0.000000
-0.657186 -0.964097 0.000000
0.341259 -0.322219 0.000000
0.857021 0.893034 0.000000
0.405291 -0.303628 0.000000
0.284756 1.475791 0.000000
-0.210611 -0.621755 0.000000
0.902549 -0.347054 0.000000
1.177988 0.303206 0.000000
-0.893250 -1.160879 0.000000
-1.292935 0.512819 0.000000
0.329588 1.451853 0.000000
-1.701359 -0.825850 0.000000
-0.275474 -0.667217 0.000000
0.874897 -0.335775 0.000000
-0.275860 1.552365 0.000000
-0.631884 -0.943263 0.000000
1.505981 -0.498374 0.000000
0.423781 1.389421 0.000000
-0.475623 -0.817571 0.000000
-0.805218 1.238066 0.000000
0.037127 1.557263 0.000000
0.202196 1.511215 0.000000
-0.090613 -0.542629 0.000000
0.745444 1.053633 0.000000
1.066491 -0.434907 0.000000
1.686772 -1.028702 0.000000
0.163745 1.524909 0.000000
1.126946 -0.476471 0.000000
0.294411 1.471031 0.000000
-0.302340 1.546329 0.000000
-0.901031 -1.167364 0.000000
0.577905 -0.280724 0.000000
0.439445 -0.295901 0.000000
-1.358570 0.370191 0.000000
0.846559 -0.325393 0.000000
-1.028523 -1.271463 0.000000
1.315773 -0.637829 0.000000
-1.295437 0.507610 0.000000
0.894686 -0.343708 0.000000
-1.281623 -1.454310 0.000000
1.145925 0.370708 0.000000
-1.222766 -1.416437 0.000000
1.196099 -0.530004 0.000000
-0.376754 1.523770 0.000000
-1.501396 -1.541715 0.000000
-0.086237 -0.539869 0.000000
0.184340 -0.388584 0.000000
0.830296 -0.319908 0.000000
0.919557 -0.354470 0.000000
-1.654342 -1.467279 0.000000
0.301285 1.467375 0.000000
-0.785471 -1.070887 0.000000
0.797995 0.980853 0.000000
0.202912 -0.379684 0.000000
-0.104134 -0.551148 0.000000
-0.684297 1.347270 0.000000
0.501903 -0.285829 0.000000
0.295747 1.470341 0.000000
-1.102024 0.858610 0.000000
-0.948695 1.075742 0.000000
-0.956004 1.066533 0.000000
-1.526202 -1.542301 0.000000
-1.677473 -0.670080 0.000000
1.121247 0.421309 0.000000
1.398974 -0.723958 0.000000
1.105204 0.453663 0.000000
-0.807372 -1.089203 0.000000
1.658207 -1.050053 0.000000
1.485017 -0.441013 0.000000
0.682425 -0.286485 0.000000
-0.956948 1.065326 0.000000
0.092993 1.545397 0.000000
-0.492056 -0.830472 0.000000
1.717160 -1.136148 0.000000
1.273342 0.091143 0.000000
1.614625 -0.809397 0.000000
0.430951 -0.297695 0.000000
0.284731 -0.343156 0.000000
-0.578475 -0.899664 0.000000
-1.602849 -1.519570 0.000000
0.537594 -0.282552 0.000000
-0.518298 -0.851305 0.000000
-0.679332 1.351306 0.000000
-1.265941 -1.444617 0.000000
0.347365 -0.320219 0.000000
1.069113 -0.436598 0.000000
-1.716331 -1.245042 0.000000
1.201833 0.251777 0.000000
-0.562793 -0.887006 0.000000
1.428752 -0.291210 0.000000
-0.669398 -0.974204 0.000000
0.724377 -0.292969 0.000000
1.282194 -0.605647 0.000000
0.296240 -0.338500 0.000000
1.574200 -0.690983 0.000000
1.255093 -0.580778 0.000000
0.083748 -0.440219 0.000000
-0.687839 -0.989484 0.000000
-0.703662 1.331473 0.000000
-1.514469 -0.036515 0.000000
0.785470 -0.306628 0.000000
1.069588 -0.436908 0.000000
-0.676699 -0.980240 0.000000
0.196441 -0.382789 0.000000
0.383083 -0.309422 0.000000
0.506875 1.320849 0.000000
1.673675 -1.072198 0.000000
-0.215028 1.563127 0.000000
-0.648189 -0.956716 0.000000
-1.411999 -1.520088 0.000000
1.355061 -0.104190 0.000000
-1.268667 -1.446308 0.000000
-0.208926 1.563886 0.000000
1.019119 -0.405761 0.000000
1.125378 -0.475333 0.000000
0.626225 1.200158 0.000000
-0.842015 -1.118177 0.000000
1.085160 -0.447187 0.000000
-1.507974 -1.542163 0.000000
-1.059686 -1.296160 0.000000
0.895358 0.832533 0.000000
-1.034329 -1.276085 0.000000
0.651493 1.171288 0.000000
-0.960800 -1.216654 0.000000
0.226864 1.501695 0.000000
0.250591 -0.357747 0.000000
0.964769 -0.376063 0.000000
1.392241 -0.197252 0.000000
1.529188 -0.562876 0.000000
1.496450 -0.836405 0.000000
-0.326367 -0.704021 0.000000
-1.719997 -1.039154 0.000000
-0.080741 -0.536420 0.000000
-0.169004 1.567990 0.000000
1.625400 -1.004005 0.000000
-0.311740 -0.693363 0.000000
1.278673 0.078760 0.000000
0.413475 1.397147 0.000000
0.110415 1.540844 0.000000
-0.535772 -0.865275 0.000000
-1.168072 0.749336 0.000000
0.664704 -0.284450 0.000000
0.382466 1.418878 0.000000
0.879973 0.857161 0.000000
1.535601 -0.885040 0.000000
-1.455154 0.131638 0.000000
1.009322 0.636855 0.000000
-1.164185 -1.375356 0.000000
0.440272 1.376865 0.000000
0.621149 1.205815 0.000000
-0.923955 1.106407 0.000000
-0.695744 1.337957 0.000000
-0.506011 1.466478 0.000000
1.011038 -0.401104 0.000000
-1.588015 -0.278241 0.000000
1.215002 0.222906 0.000000
0.538696 1.291185 0.000000
0.415411 1.395767 0.000000
-1.229747 -1.421128 0.000000
-0.096988 1.570336 0.000000
1.557178 -0.912668 0.000000
0.162601 1.525288 0.000000
-1.534547 -1.541784 0.000000
1.329239 -0.041102 0.000000
1.281226 0.072828 0.000000
1.345537 -0.080769 0.000000
1.137383 -0.484129 0.000000
0.088242 1.546639 0.000000
-1.003876 -1.251664 0.000000
1.159316 0.342769 0.000000
-0.420715 1.506800 0.000000
-0.894883 -1.162259 0.000000
0.404709 -0.303766 0.000000
1.637202 -0.876899 0.000000
-1.702176 -0.832300 0.000000
0.123588 -0.419144 0.000000
0.032383 -0.468779 0.000000
-1.639628 -1.487113 0.000000
0.133367 -0.414074 0.000000
-0.232450 -0.636863 0.000000
0.451798 1.367725 0.000000
0.087146 -0.438426 0.000000
0.772631 -0.303317 0.000000
1.530770 -0.567326 0.000000
0.810955 -0.313837 0.000000
-1.502023 -1.541749 0.000000
-0.290049 -0.677599 0.000000
0.180246 -0.390550 0.000000
0.329698 -0.326082 0.000000
0.151616 1.528841 0.000000
-1.684282 -0.709850 0.000000
0.104237 -0.429285 0.000000
-0.120898 -0.561979 0.000000
0.366003 1.429605 0.000000
-1.670399 -1.438719 0.000000
-0.784992 -1.070508 0.000000
0.408320 -0.302869 0.000000
-0.448877 1.494624 0.000000
-1.521064 -1.542439 0.000000
-1.574001 -0.228537 0.000000
-0.843528 -1.119453 0.000000
0.735393 1.067016 0.000000
1.461765 -0.794979 0.000000
-0.553335 -0.879348 0.000000
1.253970 -0.579778 0.000000
0.488247 1.337267 0.000000
-1.300781 0.496504 0.000000
1.717736 -1.125972 0.000000
-0.535848 1.449887 0.000000
1.682927 -1.016733 0.000000
-1.037764 0.955500 0.000000
0.511520 1.316606 0.000000
0.254943 -0.355815 0.000000
1.051354 -0.425249 0.000000
1.181141 -0.517897 0.000000
0.825089 -0.318218 0.000000
-1.358025 -1.496598 0.000000
-0.298526 -0.683774 0.000000
0.749331 -0.297936 0.000000
1.195244 0.266057 0.000000
0.285707 -0.342743 0.000000
0.050425 1.554918 0.000000
-0.322477 -0.701192 0.000000
0.109767 -0.426319 0.000000
0.091143 1.545880 0.000000
-0.217726 1.562782 0.000000
0.825647 -0.318391 0.000000
1.134096 -0.481680 0.000000
-0.122965 -0.563324 0.000000
-0.058251 1.568887 0.000000
-0.625047 -0.937676 0.000000
1.647391 -1.034704 0.000000
0.246832 1.493175 0.000000
-0.436776 1.500143 0.000000
0.137970 1.532980 0.000000
1.119028 0.425828 0.000000
-0.252263 -0.650695 0.000000
1.413818 -0.740273 0.000000
-0.879526 1.158594 0.000000
-1.247293 0.604190 0.000000
1.604881 -0.780526 0.000000
-0.018435 -0.498340 0.000000
0.805579 -0.312251 0.000000
1.026710 0.604880 0.000000
-0.162019 -0.588953 0.000000
-1.087373 0.881479 0.000000
-0.457271 -0.803188 0.000000
-1.276068 0.547277 0.000000
1.466355 -0.390653 0.000000
-1.638292 -0.477334 0.000000
0.810651 -0.313768 0.000000
0.666199 -0.284588 0.000000
-1.565266 -1.536299 0.000000
-0.817168 -1.097412 0.000000
1.488015 -0.449188 0.000000
0.258902 -0.354091 0.000000
-0.888788 1.148040 0.000000
-0.479127 1.480275 0.000000
-0.761416 -1.050778 0.000000
1.069003 0.524788 0.000000
-0.542615 -0.870759 0.000000
-0.071558 1.569646 0.000000
1.228220 -0.557081 0.000000
1.517762 -0.862619 0.000000
0.810152 -0.313596 0.000000
0.802881 0.973782 0.000000
0.049098 -0.459328 0.000000
0.089148 -0.437356 0.000000
0.659211 -0.283967 0.000000
1.519451 -0.535696 0.000000
-0.535169 1.450266 0.000000
0.245712 1.493658 0.000000
-0.975486 1.041284 0.000000
-0.457812 1.490485 0.000000
1.324050 -0.646004 0.000000
1.537203 -0.887075 0.000000
-1.503825 -1.541922 0.000000
-0.982157 -1.234073 0.000000
1.523275 -0.869518 0.000000
0.314630 -0.331567 0.000000
-0.775034 1.267592 0.000000
-1.654972 -0.553597 0.000000
-1.582433 -0.258200 0.000000
-1.031200 0.964986 0.000000
-0.739012 1.300774 0.000000
-0.285738 -0.674529 0.000000
0.570480 1.259727 0.000000
0.709705 1.100336 0.000000
-1.150168 0.779966 0.000000
0.174898 1.521046 0.000000
-1.098437 0.864267 0.000000
-0.758566 -1.048398 0.000000
-0.863558 -1.136182 0.000000
0.308383 1.463546 0.000000
0.084968 -0.439599 0.000000
-0.063509 1.569267 0.000000
-0.671679 -0.976101 0.000000
0.554206 1.276181 0.000000
-0.791191 1.251932 0.000000
-1.121720 0.827049 0.000000
1.664230 -0.959061 0.000000
0.418750 1.393249 0.000000
0.808326 -0.313079 0.000000
0.991877 0.668347 0.000000
-1.091363 -1.320822 0.000000
-0.501604 -0.838060 0.000000
0.336245 -0.323840 0.000000
1.255459 0.132190 0.000000
-1.642619 -0.496512 0.000000
0.524400 1.304775 0.000000
1.229664 0.190379 0.000000
-0.205718 1.564300 0.000000
-1.494952 0.020985 0.000000
1.105896 0.452249 0.000000
1.028615 -0.411349 0.000000
-0.111808 1.570508 0.000000
1.518344 -0.863343 0.000000
-0.335709 -0.710919 0.000000
-1.211895 0.671072 0.000000
-0.921099 1.109856 0.000000
-0.256119 1.556435 0.000000
-1.699240 -1.354488 0.000000
0.657543 1.164286 0.000000
-0.967416 1.051770 0.000000
-1.299903 -1.465210 0.000000
-1.206778 -1.405537 0.000000
-0.839572 1.202504 0.000000
-0.898450 -1.165225 0.000000
-1.480663 0.061686 0.000000
-0.322418 -0.701123 0.000000
-0.575894 1.425397 0.000000
-0.179741 1.567197 0.000000
1.547561 -0.900285 0.000000
1.718728 -1.138493 0.000000
-0.546753 -0.874071 0.000000
-1.217828 0.660138 0.000000
-1.144793 0.789038 0.000000
0.005151 -0.484405 0.000000
-0.923890 1.106476 0.000000
0.734711 -0.294866 0.000000
0.372829 1.425155 0.000000
0.768882 1.021796 0.000000
-0.350456 -0.721854 0.000000
0.697772 1.115340 0.000000
0.712448 1.096818 0.000000
-0.033534 1.566990 0.000000
-0.680334 -0.983275 0.000000
1.278466 -0.602163 0.000000
0.404361 -0.303869 0.000000
-0.259944 1.555780 0.000000
-0.586479 -0.906184 0.000000
-1.478347 0.068171 0.000000
0.320161 1.457234 0.000000
1.063927 0.534584 0.000000
-1.318144 -1.475627 0.000000
-0.740731 -1.033497 0.000000
-0.911202 1.121790 0.000000
1.520843 -0.866482 0.000000
0.417558 -0.300558 0.000000
0.327100 -0.327014 0.000000
1.623350 -1.001177 0.000000
-1.715414 -0.961993 0.000000
-0.239376 1.559402 0.000000
0.348209 1.440781 0.000000
-0.727696 1.310880 0.000000
-0.969322 -1.223622 0.000000
-0.702639 1.332335 0.000000
-1.476948 -1.538507 0.000000
-1.001560 -1.249802 0.000000
-1.207302 0.679488 0.000000
-1.346310 -1.490734 0.000000
1.414514 -0.741032 0.000000
1.084002 0.495607 0.000000
-0.165396 -0.591195 0.000000
1.108356 -0.463157 0.000000
1.413611 -0.740066 0.000000
0.251384 -0.357402 0.000000
1.383664 -0.707436 0.000000
0.752246 1.044595 0.000000
-1.018482 -1.263426 0.000000
1.032219 -0.413487 0.000000
0.710218 1.099681 0.000000
1.187405 0.283027 0.000000
0.913324 -0.351676 0.000000
1.560906 -0.917532 0.000000
-0.039878 -0.511240 0.000000
-1.694595 -0.776318 0.000000
-1.120197 -1.342794 0.000000
-1.295230 -1.462485 0.000000
0.593146 1.236203 0.000000
-0.469234 1.485242 0.000000
-1.231043 0.635337 0.000000
0.753090 1.043457 0.000000
-0.084497 1.569991 0.000000
0.172834 1.521770 0.000000
-1.565207 -0.198321 0.000000
1.013943 0.628370 0.000000
1.317513 -0.012887 0.000000
-1.284731 0.529686 0.000000
1.718328 -1.137907 0.000000
0.250770 -0.357678 0.000000
0.994640 0.663380 0.000000
-0.404348 1.513561 0.000000
0.089916 1.546191 0.000000
-0.571363 -0.893939 0.000000
0.046972 -0.460501 0.000000
0.254571 -0.355988 0.000000
0.965327 0.715188 0.000000
-1.658959 -1.459898 0.000000
0.426303 1.387489 0.000000
-1.586502 -1.528470 0.000000
0.333916 -0.324599 0.000000
-0.884856 1.152524 0.000000
1.397406 -0.210428 0.000000
-0.655821 1.369587 0.000000
0.865697 0.879513 0.000000
1.688602 -1.093894 0.000000
0.503836 1.323643 0.000000
1.130457 0.402580 0.000000
0.471439 1.351720 0.000000
-0.966992 1.052322 0.000000
0.380747 1.420016 0.000000
-0.567710 1.430640 0.000000
-1.165036 0.754614 0.000000
0.038661 1.557022 0.000000
-1.716972 -1.237798 0.000000
-0.489337 1.475101 0.000000
-0.368181 1.526771 0.000000
0.666930 1.153041 0.000000
-1.162959 -1.374493 0.000000
-1.029932 0.966780 0.000000
-1.659469 -1.459035 0.000000
-1.477903 0.069413 0.000000
-1.528021 -0.077906 0.000000
-1.313544 -1.473074 0.000000
1.441408 -0.324392 0.000000
0.245653 -0.359920 0.000000
0.791831 0.989648 0.000000
0.523900 -0.283518 0.000000
0.669252 -0.284898 0.000000
-0.355752 -0.725786 0.000000
1.724124 -1.146289 0.000000
0.790135 -0.307905 0.000000
-0.925761 1.104199 0.000000
1.436198 -0.765453 0.000000
-1.473430 0.081830 0.000000
-0.418727 1.507628 0.000000
-0.406112 -0.763763 0.000000
-1.563416 -0.192285 0.000000
1.213152 0.227011 0.000000
0.883939 0.850814 0.000000
0.765474 1.026452 0.000000
-1.397176 -1.514293 0.000000
1.441243 -0.323944 0.000000
-0.443316 1.497211 0.000000
0.923555 -0.356264 0.000000
-1.138935 -1.356833 0.000000
-0.006079 1.563851 0.000000
-1.658900 -1.460001 0.000000
1.333046 -0.050346 0.000000
1.455487 -0.361645 0.000000
0.633516 1.192052 0.000000
-0.449080 -0.796841 0.000000
-0.141682 1.569749 0.000000
-0.048003 1.568094 0.000000
1.613033 -0.987000 0.000000
-1.338326 0.415687 0.000000
1.680887 -1.010421 0.000000
-0.384045 -0.747034 0.000000
-1.336383 0.419998 0.000000
1.026141 0.605950 0.000000
0.139349 1.532566 0.000000
0.135228 -0.413108 0.000000
-1.307566 0.482224 0.000000
-1.562306 -1.537093 0.000000
-0.731228 1.307776 0.000000
0.345852 1.442195 0.000000
0.929543 -0.358954 0.000000
0.403310 1.404322 0.000000
-0.534741 -0.864447 0.000000
-1.025222 0.973402 0.000000
-1.042809 -1.282846 0.000000
-1.014768 -1.260460 0.000000
1.547458 -0.614408 0.000000
0.395099 1.410151 0.000000
0.199801 -0.381168 0.000000
0.143273 -0.408969 0.000000
-0.482618 -0.823056 0.000000
-0.914159 1.118307 0.000000
0.668546 -0.284829 0.000000
0.014616 1.561126 0.000000
-0.934196 1.093920 0.000000
1.177947 -0.515345 0.000000
0.333251 -0.324806 0.000000
1.296036 0.038162 0.000000
-0.015754 -0.496753 0.000000
1.163664 0.333594 0.000000
0.707128 1.103647 0.000000
-0.432665 -0.784113 0.000000
-0.140724 1.569784 0.000000
-0.455383 -0.801739 0.000000
-0.104768 1.570543 0.000000
-0.945343 -1.203961 0.000000
-1.078882 0.894517 0.000000
1.129496 -0.478300 0.000000
0.389372 1.414187 0.000000
1.347222 -0.084908 0.000000
-0.585115 1.419464 0.000000
-0.529990 -0.860653 0.000000
0.891196 -0.342294 0.000000
1.139124 -0.485440 0.000000
-0.488620 -0.827781 0.000000
1.576033 -0.696260 0.000000
1.315983 -0.638036 0.000000
1.074189 -0.439874 0.000000
1.368258 -0.691086 0.000000
-0.489843 -0.828713 0.000000
-0.075528 1.569784 0.000000
0.135169 -0.413142 0.000000
-0.911337 -1.175883 0.000000
-0.141713 -0.575466 0.000000
-1.184419 0.720707 0.000000
-0.532750 1.451680 0.000000
0.654876 1.167356 0.000000
-0.859478 -1.132767 0.000000
-1.716127 -0.971582 0.000000
-1.093661 -1.322582 0.000000
-1.718601 -1.216240 0.000000
-1.360651 0.365431 0.000000
1.136439 0.390266 0.000000
-0.217737 -0.626619 0.000000
-1.574563 -1.533333 0.000000
1.395693 -0.206047 0.000000
-0.131948 -0.569119 0.000000
-0.890528 1.146073 0.000000
0.913414 0.803111 0.000000
1.234019 -0.562117 0.000000
0.764385 1.027970 0.000000
0.739731 1.061255 0.000000
0.012490 -0.480162 0.000000
1.254215 -0.579985 0.000000
0.535602 -0.282690 0.000000
-0.408844 -0.765867 0.000000
-0.543432 1.445334 0.000000
-1.633960 -0.458570 0.000000
0.427595 -0.298419 0.000000
-0.809691 -1.091169 0.000000
-0.850120 -1.124972 0.000000
-0.748012 1.292703 0.000000
0.728805 -0.293763 0.000000
-0.231661 1.560747 0.000000
-0.612725 -0.927569 0.000000
-0.179465 1.567197 0.000000
1.231039 0.187310 0.000000
0.707748 -0.290106 0.000000
1.353087 -0.099326 0.000000
0.371571 1.425983 0.000000
-0.967402 -1.222069 0.000000
0.197323 -0.382375 0.000000
-0.560412 1.435193 0.000000
1.401103 -0.219844 0.000000
1.405403 -0.730994 0.000000
-1.558974 -0.177384 0.000000
0.631604 1.194191 0.000000
-1.247858 0.603087 0.000000
0.457022 1.363482 0.000000
-0.124729 1.570163 0.000000
-0.207682 1.564058 0.000000
-0.646563 1.376589 0.000000
1.476334 -0.812191 0.000000
-0.696450 1.337371 0.000000
0.055972 -0.455500 0.000000
-1.492295 -1.540818 0.000000
-0.610524 1.402390 0.000000
-1.212581 -1.409538 0.000000
-0.449449 -0.797152 0.000000
0.281262 1.477447 0.000000
1.710100 -1.125627 0.000000
-1.029887 -1.272567 0.000000
1.722115 -1.143598 0.000000
-1.365854 -1.500392 0.000000
1.710393 -1.102724 0.000000
0.062078 1.552400 0.000000
0.813081 -0.314493 0.000000
-0.191453 1.566093 0.000000
-1.144693 0.789210 0.000000
0.388569 -0.307836 0.000000
-0.063244 -0.525486 0.000000
-0.746341 -1.038188 0.000000
0.415632 -0.301041 0.000000
1.486440 -0.824298 0.000000
-0.128995 -0.567222 0.000000
1.208779 0.236565 0.000000
-0.951921 1.071707 0.000000
0.951089 -0.369233 0.000000
-0.444566 -0.793357 0.000000
-1.330583 0.432726 0.000000
1.383733 -0.175728 0.000000
-0.825379 -1.104276 0.000000
-1.425114 -1.524813 0.000000
-1.413454 0.239325 0.000000
-0.191677 1.566059 0.000000
0.468024 -0.290658 0.000000
-0.173748 1.567645 0.000000
-0.218550 1.562678 0.000000
1.191447 -0.526210 0.000000
-0.622081 -0.935227 0.000000
-1.326404 0.441832 0.000000
-0.681482 1.349547 0.000000
-1.015705 -1.261219 0.000000
-0.620323 -0.933812 0.000000
0.408640 -0.302800 0.000000
-0.906244 -1.171675 0.000000
0.479557 1.344787 0.000000
0.290272 -0.340914 0.000000
1.505544 -0.847511 0.000000
1.210002 0.233909 0.000000
0.104530 -0.429113 0.000000
0.102404 1.542948 0.000000
-1.147015 -1.362835 0.000000
0.975571 -0.381685 0.000000
0.938264 0.761650 0.000000
-1.029643 -1.272360 0.000000
0.956244 -0.371820 0.000000
0.316370 1.459269 0.000000
0.244368 -0.360472 0.000000
1.191799 0.273542 0.000000
1.649772 -0.914945 0.000000
0.335022 -0.324220 0.000000
1.160918 -0.501962 0.000000
0.118254 1.538809 0.000000
0.337427 -0.323461 0.000000
1.523968 -0.870380 0.000000
-1.252089 0.594877 0.000000
-0.952093 1.071465 0.000000
0.704288 -0.289555 0.000000
-0.610789 -0.925983 0.000000
-1.222304 -1.416126 0.000000
-0.407080 -0.764521 0.000000
-0.743877 1.296428 0.000000
-1.110862 0.844571 0.000000
0.308187 -0.333912 0.000000
-1.413970 -1.520847 0.000000
0.546087 -0.281932 0.000000
-1.355868 -1.495529 0.000000
-1.111927 -1.336551 0.000000
1.086290 -0.447946 0.000000
0.819586 -0.316459 0.000000
0.847834 -0.325841 0.000000
-0.429233 1.503282 0.000000
-0.037580 1.567300 0.000000
0.154331 -0.403415 0.000000
0.587781 -0.280690 0.000000
-0.240840 -0.642727 0.000000
-0.753953 -1.044535 0.000000
-1.275407 0.548622 0.000000
-0.742781 -1.035221 0.000000
0.044470 -0.461881 0.000000
1.588700 -0.954129 0.000000
-1.415797 -1.521537 0.000000
-0.074983 1.569749 0.000000
0.102186 -0.430354 0.000000
-1.238320 0.621471 0.000000
0.247156 -0.359265 0.000000
1.059200 0.543655 0.000000
-0.157371 1.568887 0.000000
0.570063 1.260176 0.000000
-0.562997 -0.887178 0.000000
-0.648534 1.375175 0.000000
1.092944 -0.452464 0.000000
-0.816134 1.226959 0.000000
0.459262 -0.292176 0.000000
-0.068433 -0.528694 0.000000
-0.239879 -0.642072 0.000000
-1.514713 -0.037274 0.000000
1.024508 0.608985 0.000000
-0.421928 1.506317 0.000000
-0.768473 1.273766 0.000000
1.575216 -0.936261 0.000000
0.144349 -0.408417 0.000000
1.124917 -0.474988 0.000000
0.596857 -0.280655 0.000000
0.378201 -0.310837 0.000000
-0.790798 -1.075337 0.000000
-0.705423 -1.004074 0.000000
-0.986960 1.026004 0.000000
-0.738695 1.301084 0.000000
0.968153 -0.377822 0.000000
0.318193 1.458303 0.000000
0.521189 -0.283829 0.000000
0.416531 1.394940 0.000000
0.667036 1.152938 0.000000
1.671552 -1.069162 0.000000
-1.356988 0.373812 0.000000
0.732547 1.070810 0.000000
1.232465 -0.560737 0.000000
-1.604375 -1.518605 0.000000
-0.163094 -0.589643 0.000000
0.616239 1.211265 0.000000
0.727416 1.077536 0.000000
-1.267971 0.563558 0.000000
-1.305237 0.487122 0.000000
-1.692259 -0.760451 0.000000
-1.635214 -1.492149 0.000000
-0.575491 1.425638 0.000000
0.571593 1.258624 0.000000
0.850670 -0.326841 0.000000
1.154943 0.351875 0.000000
0.493047 -0.286968 0.000000
-1.608841 -0.356229 0.000000
-0.097853 -0.547182 0.000000
-1.454062 -1.533506 0.000000
-0.786246 -1.071542 0.000000
-1.262578 -1.442479 0.000000
-1.563216 -0.191595 0.000000
0.582885 -0.280724 0.000000
0.631466 1.194329 0.000000
-0.963429 -1.218793 0.000000
0.664011 -0.284415 0.000000
-0.515387 -0.848994 0.000000
-0.604762 -0.921050 0.000000
0.242948 -0.361127 0.000000
1.463947 -0.384203 0.000000
0.813174 -0.314493 0.000000
0.674307 1.144176 0.000000
-1.084082 -1.315200 0.000000
-0.761774 1.280044 0.000000
-1.305926 0.485673 0.000000
1.111309 0.441384 0.000000
-1.445116 0.158267 0.000000
0.190932 1.515527 0.000000
-0.343713 -0.716852 0.000000
-1.373324 -1.503876 0.000000
1.284889 0.064308 0.000000
1.421223 -0.748517 0.000000
-0.390348 -0.751759 0.000000
-1.511512 -0.027685 0.000000
0.972339 0.703012 0.000000
0.366482 -0.314182 0.000000
-1.114239 -1.338310 0.000000
1.263721 -0.588608 0.000000
0.899203 -0.345640 0.000000
1.651367 -0.919774 0.000000
1.141177 0.380504 0.000000
1.502877 -0.489855 0.000000
1.285881 -0.609096 0.000000
-0.063626 -0.525727 0.000000
-0.075593 1.569784 0.000000
-0.235534 -0.639036 0.000000
1.478191 -0.814398 0.000000
0.344357 -0.321184 0.000000
-1.112709 0.841639 0.000000
-1.622517 -0.410659 0.000000
-0.027932 1.566576 0.000000
1.061129 -0.431424 0.000000
0.774106 1.014621 0.000000
0.240857 -0.362059 0.000000
0.189457 -0.386135 0.000000
0.852614 0.899760 0.000000
0.681171 -0.286347 0.000000
0.081660 -0.441358 0.000000
1.217707 -0.548079 0.000000
1.547044 -0.899630 0.000000
0.849106 0.905106 0.000000
-0.520797 1.458303 0.000000
-1.163606 0.757097 0.000000
-1.395229 0.284062 0.000000
1.312875 -0.001780 0.000000
0.090426 -0.436667 0.000000
0.012776 1.561437 0.000000
-0.057117 1.568784 0.000000
0.782138 -0.305732 0.000000
-0.942772 -1.201857 0.000000
-1.557658 -0.173003 0.000000
0.183823 -0.388825 0.000000
-0.477963 1.480861 0.000000
0.393827 -0.306491 0.000000
0.103937 -0.429423 0.000000
0.468768 -0.290520 0.000000
-0.317522 1.542155 0.000000
0.493147 -0.286968 0.000000
-1.554429 -1.538955 0.000000
-0.648837 -0.957233 0.000000
-1.227239 0.642477 0.000000
-0.519704 -0.852409 0.000000
-0.767556 1.274628 0.000000
-0.144194 1.569680 0.000000
0.991332 0.669347 0.000000
-0.184075 1.566852 0.000000
1.397017 -0.209428 0.000000
-0.956407 -1.213067 0.000000
-1.108350 0.848572 0.000000
-0.684686 1.346960 0.000000
-1.069682 -1.303990 0.000000
-0.153491 -0.583261 0.000000
0.075823 -0.444531 0.000000
-0.462629 1.488277 0.000000
0.244723 -0.360334 0.000000
1.695783 -1.104414 0.000000
1.573838 -0.934433 0.000000
0.164320 1.524702 0.000000
-1.148338 -1.363801 0.000000
-1.365909 -1.500392 0.000000
-1.179694 -1.386531 0.000000
1.522914 -0.869069 0.000000
1.669337 -0.974755 0.000000
1.478460 -0.814709 0.000000
1.645103 -1.031496 0.000000
-0.421352 1.506559 0.000000
1.289248 -0.612304 0.000000
1.676435 -1.076199 0.000000
1.640596 -0.887144 0.000000
1.168908 0.322487 0.000000
-0.682836 -0.985345 0.000000
-0.800791 -1.083718 0.000000
0.067295 -0.449257 0.000000
0.912084 0.805284 0.000000
0.466739 -0.290865 0.000000
1.286481 -0.609683 0.000000
-1.307883 0.481534 0.000000
0.702121 -0.289244 0.000000
-1.168434 -1.378460 0.000000
0.433315 -0.297212 0.000000
-0.403834 1.513768 0.000000
-1.008131 -1.255114 0.000000
0.676726 -0.285795 0.000000
0.248014 -0.358885 0.000000
-0.765675 1.276388 0.000000
-0.672468 1.356721 0.000000
-1.617889 -1.508705 0.000000
-0.718492 1.318779 0.000000
0.159210 -0.401001 0.000000
0.032159 -0.468917 0.000000
0.359377 1.433917 0.000000
0.687473 1.128172 0.000000
1.184397 -0.520484 0.000000
-0.321777 1.541017 0.000000
1.224771 -0.554115 0.000000
-0.427596 1.503972 0.000000
1.051426 -0.425318 0.000000
0.512846 -0.284691 0.000000
0.586106 -0.280690 0.000000
0.680285 1.137002 0.000000
1.371907 -0.146064 0.000000
1.278014 0.080313 0.000000
1.584699 -0.721440 0.000000
-0.058571 1.568887 0.000000
-1.591016 -0.289175 0.000000
0.668845 -0.284829 0.000000
1.577752 -0.939607 0.000000
0.306495 -0.334499 0.000000
-0.909631 -1.174469 0.000000
-1.719456 -1.202201 0.000000
0.977549 0.693768 0.000000
-0.599514 -0.916807 0.000000
0.744738 1.054598 0.000000
0.291713 -0.340328 0.000000
1.420482 -0.269721 0.000000
-0.234600 -0.638381 0.000000
-1.674134 -0.651488 0.000000
-0.142010 -0.575638 0.000000
-0.944437 1.081089 0.000000
0.095078 1.544846 0.000000
0.590930 1.238549 0.000000
-0.803289 1.240032 0.000000
-1.400525 0.271231 0.000000
0.278491 -0.345674 0.000000
1.349524 -0.671667 0.000000
-0.076579 -0.533833 0.000000
-0.389031 -0.750793 0.000000
0.398965 -0.305214 0.000000
0.971340 0.704737 0.000000
-1.505231 -1.541991 0.000000
-1.383303 0.312657 0.000000
0.791321 -0.308215 0.000000
0.416476 1.394974 0.000000
-1.618882 -0.395931 0.000000
1.230360 0.188827 0.000000
1.680594 -1.009490 0.000000
-1.498084 0.011913 0.000000
-0.712338 -1.009835 0.000000
0.670038 1.149316 0.000000
-1.202705 0.687905 0.000000
1.709094 -1.098654 0.000000
-1.373224 -1.503842 0.000000
1.198142 0.259814 0.000000
-1.480587 -1.539128 0.000000
1.587838 -0.952990 0.000000
1.444816 -0.333395 0.000000
0.368456 -0.313631 0.000000
1.636699 -1.019700 0.000000
1.614457 -0.988967 0.000000
-1.000168 -1.248698 0.000000
0.505224 -0.285484 0.000000
1.635937 -1.018630 0.000000
-1.448948 0.148160 0.000000
-0.664401 -0.970064 0.000000
-1.599868 -1.521399 0.000000
-0.051256 -0.518173 0.000000
0.991425 0.669175 0.000000
0.400219 1.406529 0.000000
-0.015172 -0.496408 0.000000
-0.878795 1.159422 0.000000
-0.549344 -0.876140 0.000000
0.875914 0.863542 0.000000
-0.704134 1.331059 0.000000
1.036241 0.587116 0.000000
-0.276941 1.552124 0.000000
0.563726 -0.281138 0.000000
-1.539847 -1.541266 0.000000
0.609406 1.218853 0.000000
0.947365 -0.367405 0.000000
-0.379370 1.522805 0.000000
0.945583 -0.366543 0.000000
-0.661117 1.365483 0.000000
1.130406 0.402683 0.000000
0.819435 0.949706 0.000000
-0.780602 -1.066817 0.000000
-0.512747 -0.846890 0.000000
-0.070404 1.569646 0.000000
1.111496 -0.465365 0.000000
-0.961982 -1.217620 0.000000
-0.281459 1.551123 0.000000
-1.086532 -1.317097 0.000000
0.257696 -0.354608 0.000000
-0.563792 1.433158 0.000000
-1.273394 -1.449274 0.000000
1.252230 0.139571 0.000000
-0.315865 -0.696363 0.000000
0.089510 1.546294 0.000000
-0.127806 1.570094 0.000000
1.513603 -0.519450 0.000000
0.554964 -0.281483 0.000000
0.135238 -0.413108 0.000000
1.719903 -1.140287 0.000000
-0.026054 1.566335 0.000000
0.452797 -0.293314 0.000000
0.248145 1.492623 0.000000
1.422694 -0.750172 0.000000
-1.502888 -0.002125 0.000000
1.692055 -1.045155 0.000000
1.550090 -0.903528 0.000000
-0.987732 1.024969 0.000000
-0.553965 1.439056 0.000000
-0.826389 1.216473 0.000000
-0.449842 -0.797428 0.000000
-0.392836 1.517838 0.000000
-1.668338 -1.442858 0.000000
1.718949 -1.129835 0.000000
-1.595054 -0.304007 0.000000
0.587202 1.242516 0.000000
1.456697 -0.364852 0.000000
0.245850 1.493624 0.000000
1.025345 -0.409417 0.000000
0.923065 0.787141 0.000000
-1.005106 -1.252665 0.000000
1.560286 -0.916704 0.000000
-0.347014 1.533566 0.000000
-0.037755 1.567300 0.000000
-1.175139 -1.383255 0.000000
-0.202062 -0.615926 0.000000
-0.926391 -1.188335 0.000000
0.573333 1.256830 0.000000
0.942079 0.755166 0.000000
0.759076 1.035248 0.000000
-0.510411 -0.845028 0.000000
-1.080716 -1.312613 0.000000
1.126526 -0.476161 0.000000
1.033911 -0.414522 0.000000
-0.151427 1.569336 0.000000
1.564800 -0.663906 0.000000
0.011622 1.561644 0.000000
-1.430279 -1.526538 0.000000
-1.575362 -0.233297 0.000000
1.372280 -0.146995 0.000000
-0.395527 1.516837 0.000000
0.456529 -0.292659 0.000000
1.091407 0.481051 0.000000
-0.477618 1.481034 0.000000
1.566316 -0.668252 0.000000
-0.204150 -0.617340 0.000000
-0.970572 -1.224656 0.000000
0.126982 -0.417385 0.000000
-0.295800 -0.681773 0.000000
-1.170729 -1.380116 0.000000
0.070844 -0.447290 0.000000
-0.312805 1.543466 0.000000
0.779822 -0.305111 0.000000
0.958346 0.727330 0.000000
1.422539 -0.750000 0.000000
-0.842477 -1.118556 0.000000
1.533609 -0.575293 0.000000
1.699260 -1.067714 0.000000
0.789829 -0.307801 0.000000
1.119018 -0.470711 0.000000
-1.024064 -1.267910 0.000000
1.095835 -0.454465 0.000000
0.700963 1.111374 0.000000
0.894789 -0.343743 0.000000
-0.718665 -1.015112 0.000000
0.038709 1.557022 0.000000
0.301712 -0.336292 0.000000
-1.017796 -1.262874 0.000000
-0.049736 -0.517242 0.000000
-1.675795 -0.660663 0.000000
-1.032699 0.962813 0.000000
0.968735 0.709256 0.000000
-0.710819 -1.008558 0.000000
0.889614 -0.341673 0.000000
-0.953234 1.070051 0.000000
1.099377 -0.456879 0.000000
-0.798699 1.244551 0.000000
1.423628 -0.277896 0.000000
1.017847 -0.405037 0.000000
-0.801583 -1.084374 0.000000
1.172633 0.314623 0.000000
-1.050724 0.936702 0.000000
0.326149 -0.327359 0.000000
0.268581 1.483483 0.000000
1.510078 -0.509688 0.000000
1.341568 -0.663561 0.000000
1.326654 -0.648556 0.000000
-1.096370 0.867509 0.000000
1.190899 -0.525796 0.000000
1.613537 -0.987690 0.000000
1.652804 -1.042362 0.000000
0.433363 1.382108 0.000000
0.786748 0.996823 0.000000
0.136516 1.533428 0.000000
-0.478348 -0.819710 0.000000
-1.554557 -1.538921 0.000000
-0.118882 -0.560669 0.000000
-0.018883 1.565472 0.000000
0.263475 1.485897 0.000000
-0.859857 1.180566 0.000000
1.083285 0.497021 0.000000
0.355390 1.436503 0.000000
0.471852 1.351375 0.000000
-1.401014 -1.515845 0.000000
-0.625754 1.391766 0.000000
-1.320687 0.454215 0.000000
0.013186 -0.479748 0.000000
1.123407 -0.473884 0.000000
1.286077 0.061514 0.000000
-0.042786 1.567714 0.000000
0.338116 1.446782 0.000000
-1.221198 0.653826 0.000000
-1.667453 -1.444617 0.000000
0.147601 -0.406761 0.000000
1.551947 -0.905908 0.000000
-0.605345 -0.921533 0.000000
-1.617624 -1.508947 0.000000
-0.856060 1.184740 0.000000
1.169632 -0.508757 0.000000
-0.572441 -0.894801 0.000000
1.721995 -1.139528 0.000000
0.832198 -0.320529 0.000000
1.186117 -0.521899 0.000000
-0.818157 1.224890 0.000000
0.200425 1.511905 0.000000
-0.813516 -1.094342 0.000000
-0.533336 -0.863309 0.000000
1.363624 -0.686257 0.000000
0.555990 -0.281449 0.000000
1.547364 -0.614132 0.000000
-0.620589 1.395491 0.000000
0.270239 -0.349089 0.000000
-1.399319 -1.515155 0.000000
0.652613 1.169977 0.000000
0.372681 1.425259 0.000000
1.309154 0.007084 0.000000
0.634760 -0.282070 0.000000
-0.393376 1.517631 0.000000
1.110231 0.443557 0.000000
1.598809 -0.967719 0.000000
-1.503322 -1.541853 0.000000
0.331011 -0.325600 0.000000
0.239379 -0.362748 0.000000
1.663875 -1.058125 0.000000
-1.590179 -0.286105 0.000000
-1.002863 -1.250871 0.000000
-0.457495 -0.803360 0.000000
1.661005 -1.054020 0.000000
-0.646280 -0.955129 0.000000
1.446563 -0.337982 0.000000
-0.673574 1.355859 0.000000
-1.360306 0.366224 0.000000
-0.887620 -1.156222 0.000000
-0.799698 -1.082787 0.000000
-0.762874 -1.051985 0.000000
-0.947093 -1.205409 0.000000
-1.536277 -1.541646 0.000000
-0.292930 1.548536 0.000000
0.037841 -0.465641 0.000000
-1.418257 -1.522399 0.000000
-0.606651 -0.922602 0.000000
0.046276 -0.460881 0.000000
-1.409904 0.248155 0.000000
-0.777811 -1.064506 0.000000
-0.028697 1.566645 0.000000
1.176796 -0.514414 0.000000
1.368420 -0.691259 0.000000
1.363645 -0.125472 0.000000
-0.660763 -0.967064 0.000000
0.107393 -0.427595 0.000000
-0.705626 1.329783 0.000000
-1.441137 0.168718 0.000000
1.022110 -0.407520 0.000000
0.697180 -0.288485 0.000000
-0.570960 1.428570 0.000000
1.285350 0.063239 0.000000
-0.531492 1.452405 0.000000
-1.673166 -1.432821 0.000000
1.115410 -0.468124 0.000000
-0.017002 -0.497512 0.000000
-1.077894 -1.310406 0.000000
1.387613 -0.711678 0.000000
0.491559 1.334405 0.000000
1.645027 -0.900527 0.000000
1.042694 0.575009 0.000000
-1.092214 -1.321478 0.000000
-0.392605 1.517907 0.000000
0.371257 -0.312803 0.000000
-1.445016 -1.531057 0.000000
-1.594472 -1.524468 0.000000
-0.631095 1.387869 0.000000
-0.636853 1.383660 0.000000
-0.196177 -0.611925 0.000000
-0.674518 -0.978446 0.000000
-1.098158 -1.326065 0.000000
-0.450031 1.494107 0.000000
-0.313218 -0.694432 0.000000
0.395057 -0.306180 0.000000
0.431179 -0.297660 0.000000
-1.617197 -0.389135 0.000000
-0.964294 1.055806 0.000000
-0.475616 -0.817571 0.000000
1.065871 0.530824 0.000000
-0.276001 -0.667596 0.000000
-1.530274 -0.084874 0.000000
0.692066 1.122446 0.000000
1.391731 -0.716093 0.000000
0.757373 1.037559 0.000000
-1.562210 -0.188214 0.000000
-1.538727 -1.541370 0.000000
-1.721623 -1.130939 0.000000
1.241679 -0.568843 0.000000
-0.399307 -0.758589 0.000000
-1.207660 -1.406123 0.000000
1.711237 -1.127317 0.000000
0.802926 -0.311457 0.000000
-1.020270 -1.264875 0.000000
0.573181 -0.280793 0.000000
0.991573 0.668899 0.000000
-0.097398 1.570336 0.000000
-0.346463 -0.718887 0.000000
1.591487 -0.957854 0.000000
0.377484 1.422120 0.000000
0.300000 1.468030 0.000000
-1.033974 0.960985 0.000000
0.575397 1.254726 0.000000
-0.140942 1.569784 0.000000
0.125152 1.536878 0.000000
-0.710271 -1.008110 0.000000
1.619098 -0.822676 0.000000
0.159244 -0.400966 0.000000
1.705872 -1.119315 0.000000
1.363862 -0.686499 0.000000
0.188757 1.516286 0.000000
1.234998 0.178479 0.000000
1.147011 -0.491338 0.000000
-1.478912 0.066584 0.000000
-1.217818 0.660138 0.000000
-1.607456 -0.350883 0.000000
-0.257566 1.556194 0.000000
-0.641466 -0.951162 0.000000
-1.202405 -1.402502 0.000000
0.731568 -0.294280 0.000000
-0.747526 1.293151 0.000000
-0.632032 -0.943401 0.000000
-1.035976 -1.277396 0.000000
0.446437 1.372105 0.000000
-1.715245 -0.959786 0.000000
1.122991 -0.473574 0.000000
1.468388 -0.802774 0.000000
-0.590917 -0.909805 0.000000
-0.801752 1.241584 0.000000
0.630432 1.195502 0.000000
0.626642 -0.281552 0.000000
1.450770 -0.349124 0.000000
0.399661 -0.305042 0.000000
-0.994107 1.016484 0.000000
-1.141523 -1.358765 0.000000
1.197091 -0.530832 0.000000
-1.382969 0.313450 0.000000
0.086319 1.547122 0.000000
1.716120 -1.120867 0.000000
0.947685 -0.367543 0.000000
1.689911 -1.038464 0.000000
-1.558650 -0.176314 0.000000
-0.712965 -1.010352 0.000000
0.720838 1.085987 0.000000
1.380553 -0.167726 0.000000
0.406356 -0.303352 0.000000
1.349562 -0.671701 0.000000
1.204262 -0.536765 0.000000
0.257810 -0.354574 0.000000
1.444916 -0.333636 0.000000
-1.137963 -1.356109 0.000000
0.170598 1.522529 0.000000
-1.297022 0.504334 0.000000
-1.369024 0.346115 0.000000
-1.646909 -0.515897 0.000000
1.019698 -0.406106 0.000000
-1.552303 -1.539369 0.000000
0.298349 1.468927 0.000000
0.318944 -0.329980 0.000000
-1.475329 0.076587 0.000000
0.015275 -0.478575 0.000000
1.157682 0.346149 0.000000
-0.291634 1.548812 0.000000
0.439959 -0.295798 0.000000
1.566778 -0.669563 0.000000
0.562396 -0.281207 0.000000
1.553146 -0.630586 0.000000
1.434579 -0.763590 0.000000
-1.339194 0.413755 0.000000
1.414803 -0.255027 0.000000
0.072312 1.550192 0.000000
-1.094188 0.870889 0.000000
0.138453 1.532842 0.000000
-1.467590 -1.536679 0.000000
-0.111680 -0.556046 0.000000
0.328103 -0.326634 0.000000
1.584937 -0.722095 0.000000
0.519259 1.309501 0.000000
0.876310 0.862921 0.000000
-0.159411 1.568715 0.000000
-1.636083 -1.491217 0.000000
0.895572 0.832188 0.000000
0.415191 1.395940 0.000000
-1.667463 -1.444583 0.000000
-0.541878 -0.870173 0.000000
0.567451 1.262832 0.000000
1.200582 -0.533730 0.000000
-0.705826 -1.004419 0.000000
-0.212734 -0.623204 0.000000
-0.763670 -1.052675 0.000000
1.069971 0.522925 0.000000
-0.106749 1.570577 0.000000
-0.789261 -1.074060 0.000000
-0.242064 -0.643589 0.000000
1.066873 -0.435149 0.000000
1.516522 -0.527555 0.000000
0.500666 1.326506 0.000000
1.130854 -0.479300 0.000000
-0.266528 -0.660836 0.000000
1.225911 0.198761 0.000000
1.110965 0.442074 0.000000
0.807171 0.967538 0.000000
0.427523 -0.298419 0.000000
-0.839882 1.202159 0.000000
1.690332 -1.096412 0.000000
0.962192 -0.374752 0.000000
-1.346796 -1.490976 0.000000
-1.398992 0.274956 0.000000
1.191595 -0.526348 0.000000
-1.106297 0.851815 0.000000
-0.326264 1.539775 0.000000
-0.721580 1.316123 0.000000
0.513901 -0.284588 0.000000
1.426419 -0.754380 0.000000
-0.437062 1.500005 0.000000
0.780274 -0.305249 0.000000
-0.995647 1.014380 0.000000
-1.325508 -1.479731 0.000000
1.698398 -1.064989 0.000000
-1.246742 0.605260 0.000000
1.604581 -0.779664 0.000000
1.390673 -0.193285 0.000000
1.552792 -0.907011 0.000000
0.950555 0.740713 0.000000
1.664137 -1.058504 0.000000
0.483254 1.341614 0.000000
-0.850588 -1.125351 0.000000
1.611814 -0.985345 0.000000
1.476623 -0.812535 0.000000
0.920608 -0.354953 0.000000
-0.139257 -0.573845 0.000000
0.564519 -0.281138 0.000000
0.916756 0.797626 0.000000
-0.965573 1.054150 0.000000
0.643788 -0.282621 0.000000
-1.691001 -1.385117 0.000000
-0.110778 -0.555460 0.000000
1.635341 -1.017803 0.000000
0.013011 -0.479852 0.000000
-0.606303 -0.922326 0.000000
-1.537734 -0.108329 0.000000
-0.954429 1.068533 0.000000
-1.066247 0.913695 0.000000
-1.670957 -1.437546 0.000000
-0.184379 -0.603888 0.000000
0.894266 -0.343536 0.000000
0.583691 -0.280724 0.000000
0.895803 0.831809 0.000000
-1.165295 -1.376184 0.000000
-1.664610 -1.449998 0.000000
1.486781 -0.824677 0.000000
1.043676 0.573147 0.000000
-1.374954 -1.504635 0.000000
-0.308949 1.544501 0.000000
1.089884 0.484052 0.000000
0.873202 0.867785 0.000000
1.654331 -1.044535 0.000000
0.068556 -0.448532 0.000000
-0.891565 -1.159499 0.000000
-1.533131 -1.541887 0.000000
-0.146293 1.569646 0.000000
-1.036734 0.956984 0.000000
-1.695332 -1.369975 0.000000
0.353160 1.437849 0.000000
-0.468139 1.485725 0.000000
-0.671265 1.357653 0.000000
-0.223581 -0.630689 0.000000
-0.011426 -0.494201 0.000000
1.133951 0.395405 0.000000
1.299602 0.029746 0.000000
-0.932097 -1.193061 0.000000
0.572968 1.257210 0.000000
1.162393 0.336250 0.000000
0.837611 0.922629 0.000000
-1.135761 -1.354488 0.000000
0.716321 -0.291486 0.000000
-0.652320 -0.960096 0.000000
0.091987 1.545639 0.000000
1.087272 -0.448601 0.000000
-0.241147 -0.642934 0.000000
-0.643599 -0.952921 0.000000
-0.175099 1.567542 0.000000
1.485872 -0.823608 0.000000
0.774998 -0.303904 0.000000
-1.105332 -1.331515 0.000000
1.086166 0.491364 0.000000
0.500735 -0.285967 0.000000
1.420978 -0.748275 0.000000
1.466996 -0.801118 0.000000
-0.852980 1.188120 0.000000
1.697554 -1.062367 0.000000
0.850660 -0.326841 0.000000
-0.553255 1.439470 0.000000
-0.789943 1.253139 0.000000
1.723301 -1.143667 0.000000
-1.053653 0.932356 0.000000
-1.336176 -1.485457 0.000000
-0.532016 1.452094 0.000000
0.018414 1.560471 0.000000
1.291498 -0.614408 0.000000
1.510698 -0.853858 0.000000
-0.477742 1.480999 0.000000
1.277349 -0.601129 0.000000
0.966268 -0.376821 0.000000
-1.322489 -1.478041 0.000000
-1.043257 0.947567 0.000000
-1.322851 -1.478248 0.000000
-1.203029 0.687318 0.000000
1.673296 -1.071680 0.000000
1.659830 -1.052364 0.000000
-1.273994 0.551451 0.000000
-1.627434 -1.500185 0.000000
0.462342 1.359136 0.000000
1.519089 -0.864275 0.000000
0.141423 -0.409935 0.000000
-1.530970 -0.087047 0.000000
-1.077049 0.897311 0.000000
-1.212091 0.670693 0.000000
0.148249 -0.406451 0.000000
1.390342 -0.192457 0.000000
0.920981 0.790590 0.000000
1.395156 -0.204668 0.000000
-0.670448 -0.975066 0.000000
1.321596 -0.643555 0.000000
-1.000440 1.007826 0.000000
-0.063853 1.569301 0.000000
-1.488912 -1.540370 0.000000
-0.220125 -0.628275 0.000000
0.736826 -0.295280 0.000000
-1.235488 0.626852 0.000000
-1.193722 -1.396431 0.000000
-0.311165 1.543914 0.000000
0.179392 -0.390964 0.000000
-1.217449 0.660828 0.000000
0.993010 -0.390998 0.000000
-0.477673 1.481034 0.000000
1.230866 0.187689 0.000000
0.826202 -0.318598 0.000000
0.095202 1.544811 0.000000
1.234322 0.179963 0.000000
1.140853 -0.486716 0.000000
-1.673490 -0.647970 0.000000
-1.062133 0.919800 0.000000
1.528030 -0.559668 0.000000
0.124356 -0.418730 0.000000
-0.474031 1.482862 0.000000
-1.066230 0.913729 0.000000
-0.553655 1.439228 0.000000
-0.868213 -1.140045 0.000000
1.262398 -0.587400 0.000000
-1.122871 0.825186 0.000000
1.479304 -0.425525 0.000000
-0.103855 1.570508 0.000000
-1.662060 -0.588297 0.000000
1.173360 0.313071 0.000000
-0.792218 -1.076544 0.000000
0.583873 1.246068 0.000000
-0.903667 1.130690 0.000000
-0.071441 1.569646 0.000000
-1.037034 -1.278258 0.000000
-0.792366 -1.076647 0.000000
-1.210172 0.674211 0.000000
0.321680 -0.328980 0.000000
0.526557 -0.283311 0.000000
0.667067 1.152903 0.000000
1.024904 0.608226 0.000000
1.356818 -0.108536 0.000000
-0.114213 1.570439 0.000000
-1.625701 -0.423732 0.000000
0.156002 -0.402588 0.000000
0.678814 1.138761 0.000000
0.722651 -0.292659 0.000000
1.190182 -0.525210 0.000000
1.655557 -0.932536 0.000000
1.485079 -0.441185 0.000000
-0.242501 -0.643900 0.000000
-0.779799 -1.066162 0.000000
-1.420941 -1.523365 0.000000
-0.597571 1.411255 0.000000
0.057402 1.553400 0.000000
-1.462159 -1.535472 0.000000
1.486623 -0.445393 0.000000
-0.244572 1.558470 0.000000
-1.715421 -1.254493 0.000000
-1.357929 0.371639 0.000000
0.839444 -0.322909 0.000000
-0.881214 1.156663 0.000000
1.591263 -0.740549 0.000000
0.570545 1.259659 0.000000
-0.041473 -0.512206 0.000000
0.407755 1.401183 0.000000
-1.286685 0.525685 0.000000
-1.596229 -1.523503 0.000000
1.518103 -0.531936 0.000000
0.794277 0.986165 0.000000
0.755874 1.039628 0.000000
-0.778900 -1.065403 0.000000
0.688748 -0.287278 0.000000
0.813301 0.958674 0.000000
1.035541 0.588427 0.000000
0.036001 -0.466710 0.000000
-0.633303 -0.944436 0.000000
0.120683 -0.420627 0.000000
1.450408 -0.348158 0.000000
-1.717230 -0.987587 0.000000
0.929833 -0.359092 0.000000
-0.083194 -0.537972 0.000000
-1.283718 0.531755 0.000000
0.927541 -0.358057 0.000000
-1.156343 -1.369699 0.000000
-0.568107 1.430398 0.000000
-0.993297 -1.243145 0.000000
0.754748 -0.299075 0.000000
-0.240720 -0.642658 0.000000
0.085264 -0.439426 0.000000
-0.144039 1.569680 0.000000
-0.996564 1.013138 0.000000
0.323841 -0.328187 0.000000
1.302999 -0.625412 0.000000
-1.642240 -1.483939 0.000000
-0.693132 -0.993865 0.000000
-1.616632 -1.509740 0.000000
-1.622038 -1.505187 0.000000
0.031080 1.558298 0.000000
-0.269140 1.553883 0.000000
-0.744194 -1.036394 0.000000
-0.529852 -0.860515 0.000000
-0.276828 1.552158 0.000000
-0.363629 -0.731650 0.000000
0.563840 1.266488 0.000000
1.539153 -0.590919 0.000000
-1.010805 0.993615 0.000000
-0.542460 -0.870621 0.000000
-0.999234 1.009482 0.000000
-1.482682 0.055995 0.000000
-0.180761 -0.601405 0.000000
-0.580852 1.422223 0.000000
-1.719987 -1.038878 0.000000
1.238812 0.169925 0.000000
0.885407 0.848469 0.000000
-0.692915 1.340234 0.000000
0.206634 1.509525 0.000000
0.448187 1.370657 0.000000
0.731768 -0.294315 0.000000
1.278828 -0.602508 0.000000
0.237029 -0.363818 0.000000
0.560436 -0.281276 0.000000
-0.495577 1.471928 0.000000
-1.312879 -1.472695 0.000000
1.389998 -0.714231 0.000000
0.808718 -0.313182 0.000000
-1.398875 -1.514983 0.000000
0.322204 1.456164 0.000000
-0.316237 1.542535 0.000000
0.653505 1.168942 0.000000
1.708625 -1.097171 0.000000
-1.173099 0.740644 0.000000
-0.853438 1.187637 0.000000
-1.721582 -1.099723 0.000000
0.472459 -0.289865 0.000000
1.535625 -0.885074 0.000000
1.721212 -1.137044 0.000000
-0.124188 1.570198 0.000000
-1.678662 -0.676841 0.000000
-0.108276 -0.553839 0.000000
-0.905527 1.128482 0.000000
-1.167410 0.750509 0.000000
-0.378515 1.523115 0.000000
-1.213556 0.668002 0.000000
0.617842 1.209471 0.000000
0.789315 -0.307663 0.000000
0.614613 -0.281104 0.000000
1.339435 -0.661388 0.000000
0.829124 0.935253 0.000000
0.983507 0.683214 0.000000
0.594348 1.234927 0.000000
-1.668621 -0.621928 0.000000
1.371198 -0.694190 0.000000
-0.457757 -0.803567 0.000000
-1.240767 -1.428440 0.000000
-1.259591 0.580149 0.000000
1.556778 -0.640933 0.000000
-1.489101 -1.540404 0.000000
1.664833 -1.059504 0.000000
1.275513 0.086107 0.000000
1.188332 -0.523692 0.000000
-1.422692 0.216111 0.000000
1.025352 -0.409417 0.000000
0.562437 -0.281207 0.000000
-0.394865 1.517079 0.000000
1.011621 -0.401415 0.000000
-1.303393 0.491019 0.000000
0.148838 1.529703 0.000000
-1.521557 -0.058004 0.000000
0.421841 -0.299626 0.000000
-0.604742 -0.921050 0.000000
-1.044894 0.945187 0.000000
0.185243 -0.388170 0.000000
0.455682 -0.292831 0.000000
0.996194 -0.392757 0.000000
1.407977 -0.733823 0.000000
1.190958 -0.525831 0.000000
1.586946 -0.951783 0.000000
1.557450 -0.913013 0.000000
-1.645965 -1.479179 0.000000
-0.543835 -0.871725 0.000000
-1.142870 -1.359765 0.000000
-0.474427 1.482655 0.000000
1.433245 -0.762072 0.000000
-0.049781 -0.517276 0.000000
-0.702032 -1.001280 0.000000
0.823380 0.943807 0.000000
-1.278611 0.542172 0.000000
-0.697349 1.336647 0.000000
0.028634 -0.470918 0.000000
0.057344 -0.454741 0.000000
0.333502 -0.324737 0.000000
1.662263 -1.055814 0.000000
-0.116508 1.570370 0.000000
0.687156 -0.287071 0.000000
0.305261 1.465236 0.000000
-1.433435 -1.527538 0.000000
0.958298 0.727399 0.000000
-0.574471 -0.896422 0.000000
0.992400 -0.390688 0.000000
-1.641930 -1.484319 0.000000
-0.466474 1.486484 0.000000
-0.197469 1.565334 0.000000
0.001795 -0.486405 0.000000
0.983814 0.682696 0.000000
1.123911 0.415894 0.000000
0.530692 -0.283035 0.000000
1.443916 -0.774248 0.000000
0.086319 -0.438874 0.000000
-1.633650 -1.493873 0.000000
-1.539175 -0.112916 0.000000
-1.478743 -1.538817 0.000000
1.163537 -0.503997 0.000000
1.599092 -0.968098 0.000000
-0.173338 1.567680 0.000000
-1.498250 -1.541439 0.000000
0.201448 -0.380374 0.000000
0.098344 1.543983 0.000000
-1.080368 -1.312337 0.000000
-1.470401 0.090247 0.000000
-0.129943 1.570060 0.000000
0.206937 1.509387 0.000000
-0.322825 1.540706 0.000000
0.150134 -0.405520 0.000000
0.913579 0.802835 0.000000
0.999102 -0.394344 0.000000
-0.662158 -0.968202 0.000000
1.548791 -0.901872 0.000000
-0.485147 1.477240 0.000000
0.104657 1.542362 0.000000
0.951868 -0.369647 0.000000
-0.698445 -0.998280 0.000000
-0.393728 -0.754312 0.000000
1.638749 -0.881556 0.000000
-1.426534 0.206384 0.000000
0.696663 1.116720 0.000000
0.609241 -0.280931 0.000000
-1.001901 1.005825 0.000000
0.240082 -0.362403 0.000000
-1.524823 -1.542336 0.000000
1.403867 -0.226915 0.000000
-0.331798 1.538257 0.000000
-0.562897 1.433710 0.000000
-0.143660 1.569715 0.000000
-0.470075 -0.813225 0.000000
-0.033131 1.566956 0.000000
-0.779875 -1.066231 0.000000
1.679657 -1.080856 0.000000
-1.069751 -1.304059 0.000000
-0.476023 -0.817882 0.000000
0.085592 -0.439254 0.000000
0.414932 1.396112 0.000000
-0.543855 -0.871725 0.000000
-0.008908 1.564231 0.000000
0.771081 1.018795 0.000000
-1.396917 -1.514155 0.000000
1.132863 -0.480783 0.000000
-0.952413 -1.209790 0.000000
-1.084365 -1.315407 0.000000
-0.228849 1.561230 0.000000
-0.833587 -1.111140 0.000000
-1.308634 0.479947 0.000000
-0.809422 1.233789 0.000000
-1.322906 -1.478282 0.000000
-1.329253 -1.481732 0.000000
0.954218 0.734470 0.000000
-0.127882 1.570094 0.000000
-1.331779 0.430105 0.000000
0.377346 1.422223 0.000000
-1.641089 -1.485354 0.000000
1.435006 -0.764073 0.000000
0.215799 -0.373614 0.000000
-0.559837 -0.884626 0.000000
0.182472 -0.389480 0.000000
-0.992270 1.018933 0.000000
-0.954522 1.068430 0.000000
0.668821 -0.284829 0.000000
1.228351 0.193311 0.000000
-0.808237 -1.089927 0.000000
0.992917 0.666485 0.000000
0.176018 -0.392619 0.000000
-0.774207 -1.061471 0.000000
-0.147892 -0.579571 0.000000
1.326913 -0.648832 0.000000
0.638592 1.186223 0.000000
-1.313431 -1.473005 0.000000
-1.151433 -1.366077 0.000000
0.161205 1.525771 0.000000
0.090102 -0.436839 0.000000
1.618433 -0.820676 0.000000
-0.606061 -0.922119 0.000000
1.176369 0.306655 0.000000
0.896095 -0.344295 0.000000
0.132978 -0.414281 0.000000
0.701135 1.111167 0.000000
0.148463 -0.406347 0.000000
0.563929 -0.281138 0.000000
-0.770761 -1.058608 0.000000
-0.803961 1.239377 0.000000
-0.636022 -0.946678 0.000000
-0.020585 1.565679 0.000000
1.459681 -0.792530 0.000000
1.278466 0.079243 0.000000
0.625915 1.200503 0.000000
-0.925971 -1.187990 0.000000
-0.699131 -0.998866 0.000000
1.707402 -1.093307 0.000000
-0.456392 1.491175 0.000000
0.286361 -0.342501 0.000000
0.442960 -0.295142 0.000000
-0.630409 -0.942056 0.000000
0.573915 1.256244 0.000000
-1.306880 -1.469280 0.000000
0.770329 1.019795 0.000000
-0.006458 1.563920 0.000000
0.047354 -0.460294 0.000000
-1.573229 -1.533782 0.000000
-0.526658 1.455061 0.000000
-1.696332 -1.366181 0.000000
1.088078 0.487639 0.000000
-0.000428 -0.487716 0.000000
1.569665 -0.677875 0.000000
-0.190312 -0.607924 0.000000
0.793405 -0.308767 0.000000
-1.141440 -1.358696 0.000000
0.752870 1.043733 0.000000
-0.577134 1.424603 0.000000
-1.339336 0.413445 0.000000
-0.275170 -0.667010 0.000000
1.404321 -0.729822 0.000000
0.457236 1.363310 0.000000
0.283891 1.476205 0.000000
-0.072947 -0.531557 0.000000
1.405459 -0.230986 0.000000
-1.211406 -1.408710 0.000000
0.557103 1.273352 0.000000
0.963715 -0.375511 0.000000
-1.715996 -1.248594 0.000000
1.171765 0.316451 0.000000
-1.203753 0.686042 0.000000
1.615218 -0.990001 0.000000
0.164020 1.524805 0.000000
-0.613587 1.400286 0.000000
-0.224301 -0.631172 0.000000
-0.879071 -1.149082 0.000000
-0.759707 1.281975 0.000000
-0.128065 1.570094 0.000000
1.084295 0.495020 0.000000
1.686586 -1.028116 0.000000
0.226178 1.501971 0.000000
-0.478176 1.480758 0.000000
-0.453467 1.492520 0.000000
-0.933920 -1.194579 0.000000
-0.192683 -0.609545 0.000000
-1.329626 0.434796 0.000000
-0.895004 -1.162362 0.000000
-0.884133 1.153351 0.000000
-0.174796 -0.597438 0.000000
0.800934 0.976610 0.000000
1.248557 -0.574949 0.000000
-0.027553 -0.503721 0.000000
0.795742 0.984129 0.000000
1.611876 -0.801222 0.000000
-0.044575 -0.514103 0.000000
-1.148738 0.782415 0.000000
-0.713858 -1.011111 0.000000
0.850601 -0.326807 0.000000
1.024274 -0.408796 0.000000
-0.912415 1.120376 0.000000
-1.495162 -1.541128 0.000000
1.258839 -0.584158 0.000000
0.786859 -0.307008 0.000000
1.658235 -0.940711 0.000000
-1.642233 -1.483939 0.000000
0.938943 -0.363404 0.000000
-0.671103 -0.975618 0.000000
1.401393 -0.220569 0.000000
-1.370489 -1.502565 0.000000
-0.064853 -0.526452 0.000000
-1.152153 -1.366595 0.000000
-0.553324 1.439435 0.000000
-1.248744 -1.433649 0.000000
1.630824 -0.857721 0.000000
0.787965 0.995098 0.000000
0.628110 1.198089 0.000000
1.462727 -0.380961 0.000000
0.086729 1.547019 0.000000
-1.713646 -0.940194 0.000000
-1.056733 -1.293849 0.000000
0.410580 -0.302317 0.000000
0.673377 1.145315 0.000000
0.241567 -0.361714 0.000000
-1.665826 -1.447722 0.000000
1.386293 -0.182213 0.000000
-0.145607 -0.578053 0.000000
-1.458865 0.121635 0.000000
-1.007342 0.998375 0.000000
0.192951 1.514802 0.000000
-1.472438 -1.537679 0.000000
1.214327 -0.545216 0.000000
-1.298324 -1.464278 0.000000
1.251637 0.140917 0.000000
0.793895 -0.308905 0.000000
-0.607863 1.404218 0.000000
0.740427 1.060324 0.000000
-0.746789 -1.038567 0.000000
-1.055131 -1.292573 0.000000
-1.537493 -1.541508 0.000000
-1.130017 0.813562 0.000000
0.391074 1.412979 0.000000
-1.456425 0.128223 0.000000
-0.934733 -1.195234 0.000000
-1.390846 0.294651 0.000000
-1.307204 0.482982 0.000000
-0.639743 1.381556 0.000000
-0.574085 -0.896112 0.000000
-0.919352 -1.182541 0.000000
0.645631 1.178083 0.000000
-1.028619 -1.271567 0.000000
-1.523776 -0.064799 0.000000
-0.090654 -0.542663 0.000000
0.250298 1.491727 0.000000
-0.336684 -0.711644 0.000000
0.457087 1.363413 0.000000
1.228030 -0.556909 0.000000
1.148813 -0.492683 0.000000
0.910344 -0.350365 0.000000
0.227319 -0.368302 0.000000
1.433989 -0.304904 0.000000
-1.426871 0.205522 0.000000
1.003826 0.646824 0.000000
-0.602006 1.408219 0.000000
1.617689 -0.993382 0.000000
0.442157 1.375417 0.000000
1.237954 0.171857 0.000000
0.742477 -0.296488 0.000000
-0.693390 1.339854 0.000000
-0.443478 -0.792495 0.000000
0.557520 -0.281380 0.000000
-0.425794 -0.778801 0.000000
0.269605 1.483000 0.000000
0.563964 1.266350 0.000000
-0.501104 -0.837646 0.000000
0.002374 1.562816 0.000000
-0.069246 1.569611 0.000000
1.447483 -0.340431 0.000000
0.265297 1.485035 0.000000
1.346946 -0.669011 0.000000
-0.664194 -0.969892 0.000000
1.008378 0.638580 0.000000
-0.222371 1.562196 0.000000
0.565104 -0.281104 0.000000
-1.119542 -1.342312 0.000000
0.546377 -0.281932 0.000000
-0.077223 1.569818 0.000000
0.887092 -0.340638 0.000000
0.182489 1.518424 0.000000
-0.664746 -0.970340 0.000000
1.231462 0.186344 0.000000
0.228955 -0.367543 0.000000
0.918689 0.794453 0.000000
0.851266 -0.327048 0.000000
-0.431176 1.502454 0.000000
-0.383739 1.521183 0.000000
0.602391 -0.280759 0.000000
1.360106 -0.116676 0.000000
-0.575694 1.425535 0.000000
0.479595 1.344752 0.000000
-1.029295 0.967676 0.000000
0.758865 -0.300006 0.000000
-1.693161 -1.377805 0.000000
0.555301 1.275111 0.000000
1.165576 0.329524 0.000000
1.253115 -0.579019 0.000000
1.492522 -0.461467 0.000000
0.805217 0.970401 0.000000
1.631992 -0.861239 0.000000
1.448213 -0.342363 0.000000
-0.315196 -0.695881 0.000000
0.012614 1.561471 0.000000
-0.526251 1.455302 0.000000
1.051429 0.558453 0.000000
1.482643 -0.434597 0.000000
-1.374238 -1.504290 0.000000
-0.556015 -0.881521 0.000000
1.398288 -0.212670 0.000000
1.421760 -0.749138 0.000000
-0.275997 1.552331 0.000000
-1.626562 -0.427319 0.000000
-0.212441 1.563437 0.000000
0.674011 1.144556 0.000000
0.946720 -0.367094 0.000000
0.551552 -0.281587 0.000000
0.630343 -0.281794 0.000000
-1.219128 -1.413988 0.000000
0.878040 0.860231 0.000000
1.446539 -0.337914 0.000000
-0.875394 1.163320 0.000000
-0.965538 -1.220517 0.000000
0.620843 -0.281276 0.000000
-0.065942 1.569474 0.000000
-0.109227 1.570543 0.000000
1.451673 -0.783217 0.000000
0.541270 -0.282277 0.000000
0.506206 -0.285381 0.000000
-1.351351 0.386575 0.000000
-0.251660 1.557229 0.000000
-1.621194 -1.505911 0.000000
-0.705709 -1.004316 0.000000
1.278779 -0.602474 0.000000
-0.365208 -0.732822 0.000000
1.346543 -0.668597 0.000000
-1.446319 0.155093 0.000000
1.129675 -0.478437 0.000000
-0.111722 -0.556046 0.000000
-1.035497 -1.277017 0.000000
-1.193719 0.704116 0.000000
-0.300810 -0.685429 0.000000
-1.407427 0.254260 0.000000
1.275361 -0.599301 0.000000
0.681950 -0.286450 0.000000
1.579834 -0.707298 0.000000
1.057198 0.547519 0.000000
0.436895 1.379418 0.000000
0.696639 1.116755 0.000000
-1.229823 -1.421162 0.000000
-1.451811 0.140537 0.000000
1.569366 -0.928570 0.000000
-1.018296 -1.263288 0.000000
-0.185381 -0.604543 0.000000
0.364590 1.430536 0.000000
-0.991113 1.020485 0.000000
1.684867 -1.022770 0.000000
-0.810029 1.233168 0.000000
0.150368 -0.405382 0.000000
-0.104723 1.570543 0.000000
-0.463759 1.487760 0.000000
1.253071 -0.578950 0.000000
1.343077 -0.665078 0.000000
-1.085192 -1.316062 0.000000
-1.525078 -1.542336 0.000000
0.327538 -0.326841 0.000000
0.892794 0.836638 0.000000
-0.562848 1.433744 0.000000
-0.955191 1.067568 0.000000
0.905874 0.815425 0.000000
-0.748508 1.292254 0.000000
0.790842 0.991028 0.000000
-0.466089 1.486691 0.000000
-0.124543 1.570163 0.000000
1.437259 -0.766625 0.000000
0.688996 -0.287312 0.000000
-1.155712 -1.369216 0.000000
-1.709873 -1.298920 0.000000
-1.065158 0.915316 0.000000
-1.357350 -1.496253 0.000000
0.088776 -0.437563 0.000000
-1.302828 0.492227 0.000000
0.503936 -0.285622 0.000000
0.086836 1.546984 0.000000
-0.799678 -1.082787 0.000000
-1.525647 -0.070559 0.000000
-0.919889 -1.182989 0.000000
0.475057 1.348719 0.000000
1.325438 -0.647349 0.000000
0.599348 1.229615 0.000000
-0.955890 -1.212653 0.000000
-1.109346 0.846951 0.000000
-0.962513 1.058117 0.000000
1.343328 -0.075388 0.000000
1.209823 0.234289 0.000000
-1.227094 -1.419369 0.000000
-1.452356 -1.533057 0.000000
-1.702331 -0.833542 0.000000
-0.115233 1.570405 0.000000
-0.637845 1.382936 0.000000
1.529767 -0.564497 0.000000
-1.574662 -1.533299 0.000000
-0.392208 1.518045 0.000000
-1.119887 0.830050 0.000000
1.655940 -0.933709 0.000000
0.949270 -0.368336 0.000000
1.335007 -0.055106 0.000000
0.591175 1.238307 0.000000
-1.590189 -0.286140 0.000000
0.809501 -0.313424 0.000000
1.585971 -0.950507 0.000000
0.927614 -0.358092 0.000000
0.366103 1.429536 0.000000
1.660895 -1.053882 0.000000
-0.622367 -0.935468 0.000000
-1.119236 -1.342070 0.000000
-0.725339 -1.020665 0.000000
-0.996736 -1.245904 0.000000
-0.942231 1.083848 0.000000
-0.273630 1.552882 0.000000
-0.867479 1.172185 0.000000
0.222712 1.503316 0.000000
0.514214 1.314123 0.000000
-1.190052 0.710739 0.000000
0.680282 -0.286243 0.000000
1.204734 0.245430 0.000000
0.030088 1.558470 0.000000
1.541982 -0.893145 0.000000
-0.754235 1.287115 0.000000
-0.083629 1.569991 0.000000
1.414231 -0.740721 0.000000
0.495828 1.330679 0.000000
-1.148259 0.783243 0.000000
-0.616250 -0.930467 0.000000
-0.547718 -0.874830 0.000000
0.002811 1.562747 0.000000
1.440736 -0.322633 0.000000
0.335611 1.448300 0.000000
0.332886 1.449887 0.000000
-0.315193 1.542811 0.000000
0.857420 -0.329221 0.000000
-1.433584 -1.527573 0.000000
1.557547 -0.643106 0.000000
1.010491 0.634682 0.000000
-0.567245 1.430950 0.000000
0.337761 1.446989 0.000000
-1.177758 0.732504 0.000000
-0.543411 1.445368 0.000000
-0.498961 1.470203 0.000000
1.644269 -0.898250 0.000000
1.564983 -0.922844 0.000000
-0.656045 1.369380 0.000000
1.656388 -1.047466 0.000000
-0.923666 -1.186093 0.000000
0.072174 1.550226 0.000000
-0.526882 1.454923 0.000000
1.546913 -0.612856 0.000000
1.546141 -0.610649 0.000000
0.821185 0.947084 0.000000
-0.050008 1.568232 0.000000
-1.719618 -1.199201 0.000000
-0.188903 -0.606958 0.000000
0.231150 1.499867 0.000000
0.151250 -0.404968 0.000000
-0.337952 1.536498 0.000000
0.739166 1.061980 0.000000
0.053974 -0.456603 0.000000
-0.850561 1.190776 0.000000
-0.933627 -1.194337 0.000000
1.302583 -0.625032 0.000000
1.698167 -1.107932 0.000000
-1.258540 -1.439926 0.000000
-1.719597 -1.199546 0.000000
1.431805 -0.760451 0.000000
1.240997 0.164993 0.000000
0.295410 -0.338845 0.000000
-0.306482 -0.689534 0.000000
-0.910548 -1.175228 0.000000
1.348611 -0.670735 0.000000
0.230878 1.499970 0.000000
0.793323 -0.308767 0.000000
-0.112273 -0.556426 0.000000
-1.714342 -1.264634 0.000000
-0.852225 1.188948 0.000000
-1.318558 0.458768 0.000000
-1.162428 -1.374114 0.000000
1.251958 -0.577984 0.000000
0.522488 1.306534 0.000000
0.675082 -0.285588 0.000000
0.917052 -0.353332 0.000000
-0.084052 -0.538524 0.000000
-1.249533 0.599844 0.000000
0.164675 1.524564 0.000000
0.929653 -0.359023 0.000000
1.481403 -0.818227 0.000000
0.174144 1.521321 0.000000
0.425500 -0.298868 0.000000
-1.165257 -1.376149 0.000000
-0.869416 -1.141046 0.000000
-1.606494 -0.347158 0.000000
-0.656883 -0.963856 0.000000
-0.924868 -1.187094 0.000000
-0.483672 1.477964 0.000000
0.724894 1.080778 0.000000
-1.436350 -1.528470 0.000000
-0.161909 -0.588849 0.000000
-0.881014 -1.150704 0.000000
0.687831 1.127723 0.000000
0.918706 -0.354091 0.000000
-1.539254 -1.541335 0.000000
0.730976 1.072880 0.000000
0.733842 -0.294694 0.000000
0.426875 -0.298557 0.000000
-1.697741 -1.360662 0.000000
-0.176195 1.567473 0.000000
0.681160 1.135967 0.000000
-1.037764 -1.278845 0.000000
-0.929000 -1.190508 0.000000
1.042122 0.576079 0.000000
0.331700 -0.325324 0.000000
-1.442701 -1.530367 0.000000
1.434644 -0.306628 0.000000
0.158021 -0.401587 0.000000
-0.465985 -0.810017 0.000000
-1.448769 0.148643 0.000000
0.506803 1.320918 0.000000
-0.537884 1.448645 0.000000
-0.495860 -0.833507 0.000000
1.182509 -0.518967 0.000000
0.518808 1.309915 0.000000
0.282223 1.476998 0.000000
-0.438957 -0.789011 0.000000
1.588596 -0.732788 0.000000
0.378838 -0.310630 0.000000
0.122630 1.537637 0.000000
1.106620 -0.461915 0.000000
-0.802269 1.241067 0.000000
1.470783 -0.805602 0.000000
-0.426773 1.504282 0.000000
-0.142044 -0.575673 0.000000
-1.715714 -0.965960 0.000000
-1.676412 -1.425508 0.000000
0.892756 0.836707 0.000000
-0.840120 -1.116590 0.000000
-0.892041 1.144349 0.000000
-0.217881 1.562782 0.000000
-0.201528 1.564817 0.000000
1.164057 -0.504411 0.000000
0.753673 1.042629 0.000000
-0.508426 -0.843476 0.000000
0.995963 -0.392619 0.000000
0.394113 -0.306422 0.000000
-0.652768 1.371933 0.000000
-0.166016 1.568232 0.000000
-0.710781 -1.008558 0.000000
1.585567 -0.949955 0.000000
1.599640 -0.968823 0.000000
0.541884 -0.282242 0.000000
0.661602 -0.284174 0.000000
1.015787 0.624990 0.000000
0.057364 1.553434 0.000000
-1.008968 -1.255803 0.000000
1.056798 0.548277 0.000000
-0.516462 -0.849822 0.000000
0.332514 1.450128 0.000000
-0.182583 -0.602646 0.000000
-1.068845 -1.303335 0.000000
0.842928 -0.324116 0.000000
-1.542376 -0.123126 0.000000
-0.594391 1.413462 0.000000
1.033822 -0.414488 0.000000
-0.949012 1.075329 0.000000
-1.002242 1.005343 0.000000
-0.744825 -1.036912 0.000000
1.338553 -0.063730 0.000000
0.508481 1.319400 0.000000
1.031537 -0.413073 0.000000
-1.435899 0.182308 0.000000
0.315850 -0.331118 0.000000
0.309692 -0.333360 0.000000
0.657640 1.164182 0.000000
-1.041820 -1.282053 0.000000
-1.459265 0.120566 0.000000
-1.496289 -1.541232 0.000000
1.033829 0.591600 0.000000
0.415883 1.395422 0.000000
-0.333252 -0.709126 0.000000
-0.408100 -0.765280 0.000000
0.614068 1.213680 0.000000
-1.155254 0.771343 0.000000
1.464370 -0.385341 0.000000
0.116404 1.539292 0.000000
1.439964 -0.769730 0.000000
0.027183 -0.471746 0.000000
-0.469775 1.484966 0.000000
0.443608 1.374313 0.000000
-1.392500 -1.512327 0.000000
1.406882 -0.234642 0.000000
0.705742 -0.289796 0.000000
0.721410 1.085263 0.000000
-0.415236 -0.770765 0.000000
0.000796 1.563023 0.000000
1.464491 -0.385652 0.000000
0.077160 -0.443772 0.000000
-0.945829 1.079330 0.000000
0.659800 1.161630 0.000000
0.600389 1.228477 0.000000
-0.395127 1.516975 0.000000
0.541732 1.288253 0.000000
1.294664 0.041405 0.000000
0.045704 1.555814 0.000000
1.721050 -1.141977 0.000000
1.476592 -0.418213 0.000000
-1.451891 0.140330 0.000000
1.576209 -0.696777 0.000000
-1.507670 -1.542129 0.000000
-0.399734 1.515285 0.000000
-0.154883 -0.584193 0.000000
0.577075 -0.280724 0.000000
-0.192666 -0.609510 0.000000
-1.332289 -1.483387 0.000000
0.768875 -0.302420 0.000000
0.959945 -0.373648 0.000000
-0.741345 -1.034014 0.000000
-0.919420 1.111926 0.000000
-0.499395 1.469996 0.000000
0.475694 -0.289417 0.000000
-0.751313 -1.042327 0.000000
-0.215159 -0.624860 0.000000
0.201286 1.511560 0.000000
-0.356710 -0.726476 0.000000
-1.703268 -1.336241 0.000000
-0.913432 1.119169 0.000000
0.398427 -0.305318 0.000000
-0.078842 -0.535247 0.000000
-0.932649 1.095817 0.000000
-0.787004 1.256037 0.000000
0.542879 1.287149 0.000000
0.958208 -0.372786 0.000000
1.093667 -0.452947 0.000000
-1.141292 0.794867 0.000000
0.896754 -0.344571 0.000000
1.160535 0.340182 0.000000
-0.727837 1.310777 0.000000
0.573560 -0.280793 0.000000
-1.007724 0.997823 0.000000
0.394330 1.410668 0.000000
0.191221 -0.385307 0.000000
0.421321 1.391283 0.000000
0.454427 1.365586 0.000000
0.700753 -0.289037 0.000000
-0.767160 1.274973 0.000000
-1.314189 0.468185 0.000000
-1.012642 -1.258770 0.000000
-0.807427 1.235824 0.000000
0.795680 -0.309388 0.000000
0.469396 1.353376 0.000000
-0.319448 1.541638 0.000000
-0.965256 1.054564 0.000000
0.437757 1.378762 0.000000
-0.715043 -1.012077 0.000000
-0.175585 -0.597955 0.000000
1.040899 0.578424 0.000000
-0.119733 -0.561220 0.000000
-0.715639 1.321228 0.000000
1.371732 -0.694742 0.000000
-1.299582 -1.465037 0.000000
0.129914 -0.415867 0.000000
0.280796 1.477653 0.000000
-0.350629 1.532428 0.000000
0.891733 -0.342501 0.000000
0.519383 1.309397 0.000000
-1.454130 0.134363 0.000000
-0.548996 -0.875864 0.000000
1.155436 -0.497753 0.000000
-0.098569 -0.547630 0.000000
-0.046659 1.567990 0.000000
-0.072747 1.569680 0.000000
-1.191331 0.708428 0.000000
1.608712 -0.981137 0.000000
-1.461522 0.114461 0.000000
1.486172 -0.823953 0.000000
0.649704 -0.283070 0.000000
1.390549 -0.192974 0.000000
-0.475892 1.481931 0.000000
-1.336958 0.418722 0.000000
-0.484165 1.477722 0.000000
-0.336794 -0.711747 0.000000
1.674009 -0.989139 0.000000
-0.090968 -0.542870 0.000000
-0.627594 -0.939745 0.000000
-0.867738 1.171874 0.000000
-0.888636 1.148212 0.000000
0.532053 1.297635 0.000000
-1.536349 -1.541646 0.000000
-1.220630 0.654860 0.000000
-0.800270 1.243033 0.000000
1.514596 -0.522209 0.000000
-1.415542 0.234116 0.000000
-1.054473 0.931148 0.000000
-0.149273 -0.580467 0.000000
-1.408778 0.250949 0.000000
-1.042537 0.948602 0.000000
0.144786 1.530910 0.000000
-1.447480 0.152058 0.000000
0.825451 0.940737 0.000000
-1.404357 0.261814 0.000000
-1.665551 -1.448239 0.000000
0.479926 -0.288830 0.000000
-0.844827 1.196916 0.000000
1.347846 -0.086460 0.000000
-0.913797 -1.177953 0.000000
0.498946 -0.286140 0.000000
-0.996136 1.013690 0.000000
-0.864327 1.175634 0.000000
-0.298229 -0.683532 0.000000
1.310439 0.004014 0.000000
1.210120 -0.541663 0.000000
0.156560 1.527358 0.000000
-0.388280 -0.750207 0.000000
1.286584 -0.609786 0.000000
0.118671 1.538706 0.000000
1.563670 -0.660663 0.000000
-1.468124 0.096490 0.000000
1.579355 -0.941711 0.000000
1.202256 0.250845 0.000000
-1.430886 0.195243 0.000000
-0.203713 -0.617064 0.000000
-0.004556 -0.490165 0.000000
0.591964 1.237445 0.000000
1.675711 -1.075164 0.000000
0.553668 1.276698 0.000000
1.324690 -0.030134 0.000000
0.955369 0.732469 0.000000
0.819014 -0.316252 0.000000
1.017871 -0.405037 0.000000
-1.215909 -1.411780 0.000000
1.140974 0.380918 0.000000
0.753056 -0.298730 0.000000
-0.088914 1.570129 0.000000
-1.422020 0.217836 0.000000
-0.647255 1.376106 0.000000
1.570475 -0.680221 0.000000
-1.163203 -1.374666 0.000000
-1.541494 -0.120298 0.000000
-1.346579 -1.490872 0.000000
1.480224 -0.816813 0.000000
1.139713 -0.485853 0.000000
1.314808 -0.006402 0.000000
-1.679172 -0.679738 0.000000
-1.189515 0.711705 0.000000
-0.292216 1.548709 0.000000
1.645782 -1.032462 0.000000
-1.080623 0.891895 0.000000
0.148046 1.529945 0.000000
-0.015796 1.565058 0.000000
-0.715836 1.321056 0.000000
-1.140520 -1.358040 0.000000
0.065331 -0.450326 0.000000
0.648629 1.174599 0.000000
-1.160288 -1.372562 0.000000
1.087806 0.488191 0.000000
1.030097 0.598568 0.000000
-0.716787 -1.013525 0.000000
-1.395553 -1.513603 0.000000
0.519476 -0.284001 0.000000
0.426079 -0.298730 0.000000
0.594910 -0.280655 0.000000
0.515479 1.312950 0.000000
-0.014504 1.564920 0.000000
-1.401486 -1.516018 0.000000
-0.100464 1.570405 0.000000
1.128045 0.407478 0.000000
0.295834 1.470272 0.000000
0.814042 0.957604 0.000000
-1.112427 0.842088 0.000000
-0.605279 -0.921498 0.000000
1.329694 -0.651592 0.000000
0.356344 -0.317287 0.000000
1.596518 -0.964615 0.000000
-0.589825 -0.908909 0.000000
0.451760 1.367759 0.000000
0.291661 -0.340363 0.000000
-0.918569 1.112960 0.000000
0.091391 1.545811 0.000000
0.731823 -0.294315 0.000000
0.427695 -0.298385 0.000000
0.661582 1.159491 0.000000
-0.528181 -0.859204 0.000000
1.089271 0.485259 0.000000
-1.327620 -1.480869 0.000000
-0.067785 1.569577 0.000000
-1.647030 -0.516449 0.000000
1.454829 -0.786873 0.000000
0.076040 -0.444393 0.000000
0.799549 -0.310457 0.000000
-1.016921 -1.262185 0.000000
1.147827 0.366741 0.000000
-1.366695 0.351530 0.000000
-0.835296 -1.112555 0.000000
1.695872 -1.104552 0.000000
1.669619 -1.066369 0.000000
-1.361978 0.362395 0.000000
1.374137 -0.697295 0.000000
0.910991 0.807077 0.000000
0.758862 -0.300006 0.000000
-0.515097 1.461442 0.000000
1.182164 0.294237 0.000000
0.459493 1.361447 0.000000
-0.817692 1.225338 0.000000
-1.104539 -1.330929 0.000000
-1.661843 -0.587228 0.000000
0.861200 -0.330636 0.000000
-1.112165 0.842502 0.000000
-1.647847 -1.476661 0.000000
1.574355 -0.935123 0.000000
-1.366991 -1.500910 0.000000
0.761243 -0.300592 0.000000
1.035634 0.588220 0.000000
-0.105027 -0.551735 0.000000
-0.123193 1.570198 0.000000
-0.536071 -0.865517 0.000000
-0.143374 -0.576570 0.000000
-1.644153 -1.481525 0.000000
0.179161 1.519597 0.000000
0.438522 -0.296108 0.000000
1.679926 -1.007420 0.000000
1.183556 0.291271 0.000000
-0.410116 -0.766832 0.000000
-0.837522 1.204677 0.000000
-1.351058 -1.493114 0.000000
-0.780778 1.262142 0.000000
-1.309048 -1.470487 0.000000
0.012411 -0.480197 0.000000
-0.337876 -0.712541 0.000000
-0.000603 1.563196 0.000000
0.559422 -0.281311 0.000000
-0.024348 -0.501858 0.000000
-1.566817 -0.203840 0.000000
0.890296 0.840639 0.000000
1.305081 -0.627412 0.000000
0.329771 1.451749 0.000000
1.671739 -0.982137 0.000000
1.184662 -0.520691 0.000000
-0.361638 -0.730166 0.000000
-0.153405 1.569198 0.000000
0.964828 -0.376097 0.000000
0.972560 0.702599 0.000000
0.064307 1.551917 0.000000
-0.568965 1.429846 0.000000
0.610485 -0.281000 0.000000
-0.023873 -0.501548 0.000000
-0.837653 -1.114555 0.000000
-1.244068 0.610468 0.000000
0.947485 0.745956 0.000000
0.584018 1.245930 0.000000
1.652342 -1.041706 0.000000
0.330866 1.451094 0.000000
0.502954 -0.285726 0.000000
-0.003701 -0.489648 0.000000
0.621112 1.205850 0.000000
0.345804 -0.320736 0.000000
0.542852 -0.282173 0.000000
1.605987 -0.977411 0.000000
-1.210151 -1.407883 0.000000
-0.803154 -1.085685 0.000000
-0.242205 1.558884 0.000000
1.518699 -0.533626 0.000000
-1.278997 0.541379 0.000000
0.932658 -0.360437 0.000000
-1.199818 -1.400708 0.000000
-0.500026 1.469686 0.000000
-0.422321 1.506145 0.000000
-0.085338 -0.539317 0.000000
-1.612318 -1.513086 0.000000
-0.145356 1.569680 0.000000
-0.107373 -0.553253 0.000000
0.363684 1.431123 0.000000
1.244901 0.156162 0.000000
0.137881 1.533015 0.000000
-0.587678 1.417843 0.000000
-1.238599 -1.426992 0.000000
0.415773 -0.301006 0.000000
0.677467 -0.285898 0.000000
-0.334223 -0.709850 0.000000
-0.514990 -0.848684 0.000000
0.447457 -0.294280 0.000000
-0.714010 -1.011214 0.000000
-1.604451 -1.518570 0.000000
0.538765 1.291116 0.000000
-1.234754 -1.424474 0.000000
0.882457 -0.338776 0.000000
0.373277 -0.312251 0.000000
1.435933 -0.765142 0.000000
0.975468 -0.381616 0.000000
-1.578167 -0.243093 0.000000
-1.102865 -1.329653 0.000000
0.305461 -0.334878 0.000000
1.111978 -0.465710 0.000000
0.976964 -0.382409 0.000000
0.990850 -0.389825 0.000000
0.800979 -0.310906 0.000000
-1.050376 0.937219 0.000000
-1.692969 -1.378460 0.000000
-0.459955 1.489519 0.000000
-1.251831 -1.435615 0.000000
-1.433790 -1.527642 0.000000
-0.042917 -0.513103 0.000000
-0.033717 1.567025 0.000000
-0.306141 1.545294 0.000000
-0.993187 -1.243041 0.000000
1.116399 -0.468848 0.000000
-0.980038 -1.232348 0.000000
0.876596 0.862473 0.000000
-0.086823 1.570060 0.000000
-1.678369 -1.420852 0.000000
-1.287681 -1.457966 0.000000
0.258172 1.488381 0.000000
-1.714925 -0.955715 0.000000
-0.006961 1.563989 0.000000
1.516346 -0.527072 0.000000
-1.244402 0.609813 0.000000
-0.692350 -0.993209 0.000000
0.908889 0.810492 0.000000
0.820913 -0.316873 0.000000
-0.023783 1.566059 0.000000
0.017294 1.560678 0.000000
-0.760255 -1.049812 0.000000
0.216068 1.505869 0.000000
1.316286 -0.009921 0.000000
0.286861 1.474791 0.000000
-0.862700 -1.135458 0.000000
1.543705 -0.603785 0.000000
-1.684092 -0.708712 0.000000
1.196264 -0.530142 0.000000
-0.481105 -0.821883 0.000000
1.126006 -0.475782 0.000000
0.255625 -0.355539 0.000000
-0.084359 1.569991 0.000000
-1.093096 -1.322168 0.000000
0.123516 1.537361 0.000000
-0.442158 -0.791495 0.000000
-0.627842 -0.939952 0.000000
-1.023020 0.976506 0.000000
1.527372 -0.557806 0.000000
-1.348787 0.392335 0.000000
-1.426368 -1.525227 0.000000
1.044021 0.572491 0.000000
0.760750 -0.300454 0.000000
-1.623451 -1.503911 0.000000
1.366925 -0.133612 0.000000
1.667331 -0.968581 0.000000
-0.454245 1.492140 0.000000
-0.750314 1.290633 0.000000
-0.592871 1.414497 0.000000
1.199865 0.256054 0.000000
-1.619188 -0.397138 0.000000
-0.194843 -0.610994 0.000000
1.459584 -0.372544 0.000000
-0.973033 -1.226657 0.000000
-1.690212 -0.746999 0.000000
-1.143680 0.790900 0.000000
-0.056576 -0.521416 0.000000
1.212480 0.228494 0.000000
-1.476631 -1.538438 0.000000
1.394549 -0.719163 0.000000
0.140417 1.532256 0.000000
-0.118658 1.570336 0.000000
-1.503177 -0.002988 0.000000
-1.327965 -1.481042 0.000000
1.210509 0.232771 0.000000
-0.346711 -0.719094 0.000000
-0.134615 -0.570844 0.000000
-0.140132 -0.574431 0.000000
-0.164042 1.568370 0.000000
-1.235429 0.626956 0.000000
-0.096333 -0.546216 0.000000
-1.343798 -1.489424 0.000000
-1.385536 -1.509361 0.000000
1.377631 -0.160379 0.000000
-1.523166 -0.062936 0.000000
1.481130 -0.430492 0.000000
1.371025 -0.143857 0.000000
0.192530 -0.384651 0.000000
0.617817 1.209506 0.000000
0.740038 1.060842 0.000000
0.452453 -0.293383 0.000000
0.134383 -0.413556 0.000000
-0.165513 -0.591264 0.000000
-1.628009 -0.433355 0.000000
-1.096787 0.866854 0.000000
0.939119 0.760202 0.000000
-1.591729 -1.525917 0.000000
1.488256 -0.826471 0.000000
-0.894315 1.141693 0.000000
-1.107055 -1.332861 0.000000
1.002875 -0.396482 0.000000
-0.540454 -0.869035 0.000000
0.285297 -0.342915 0.000000
0.901640 0.822358 0.000000
-1.036807 -1.278086 0.000000
-1.665571 -0.606096 0.000000
0.336517 -0.323737 0.000000
1.355389 -0.677703 0.000000
0.010120 1.561851 0.000000
-0.393018 1.517769 0.000000
-1.062057 0.919938 0.000000
-0.456968 -0.802946 0.000000
1.667070 -1.062712 0.000000
1.588596 -0.732753 0.000000
-1.089389 -1.319305 0.000000
-1.238479 -1.426923 0.000000
-1.636441 -1.490803 0.000000
0.519004 1.309742 0.000000
0.763558 1.029108 0.000000
0.539165 -0.282414 0.000000
-0.925785 1.104165 0.000000
1.417367 -0.261650 0.000000
-1.076970 -1.309681 0.000000
0.072267 -0.446497 0.000000
1.091855 0.480154 0.000000
-0.995433 1.014690 0.000000
1.376318 -0.157102 0.000000
1.100865 0.462321 0.000000
-0.672767 -0.976998 0.000000
1.010236 0.635165 0.000000
-0.638465 1.382488 0.000000
-1.611032 -1.514017 0.000000
0.788020 0.995029 0.000000
-1.059235 0.924112 0.000000
-0.482022 1.478826 0.000000
1.273073 -0.597196 0.000000
-0.901658 -1.167881 0.000000
0.345590 1.442367 0.000000
1.618495 -0.994485 0.000000
-1.063215 0.918214 0.000000
-0.345743 1.533980 0.000000
-1.363700 0.358463 0.000000
-0.674301 -0.978274 0.000000
0.303928 1.465926 0.000000
-0.687057 -0.988829 0.000000
1.496919 -0.836956 0.000000
0.151819 1.528772 0.000000
0.687718 1.127861 0.000000
1.447838 -0.778767 0.000000
-0.974559 -1.227899 0.000000
-0.991268 1.020278 0.000000
-1.356585 0.374709 0.000000
-1.508239 -0.017889 0.000000
1.433373 -0.303283 0.000000
-0.067024 1.569543 0.000000
-1.503139 -1.541853 0.000000
-1.373214 0.336388 0.000000
-1.375740 -1.504980 0.000000
1.253016 -0.578915 0.000000
-0.480068 1.479792 0.000000
0.925470 -0.357126 0.000000
-0.809494 1.233720 0.000000
-0.587189 -0.906770 0.000000
1.092906 0.478084 0.000000
-0.369908 1.526219 0.000000
-0.297385 -0.682946 0.000000
-1.715324 -1.255424 0.000000
0.454327 -0.293038 0.000000
-0.442940 1.497383 0.000000
-1.403950 0.262814 0.000000
-0.490815 1.474342 0.000000
0.236402 1.497625 0.000000
0.721961 1.084573 0.000000
-0.476601 -0.818330 0.000000
-1.642085 -0.494097 0.000000
0.557500 1.272938 0.000000
-1.235167 0.627473 0.000000
0.975668 -0.381719 0.000000
-0.265681 1.554676 0.000000
0.636859 1.188224 0.000000
0.328479 1.452508 0.000000
-1.220430 0.655240 0.000000
0.971754 -0.379684 0.000000
-0.304452 -0.688085 0.000000
1.117822 -0.469849 0.000000
0.159644 1.526323 0.000000
1.630927 -0.858032 0.000000
-0.866559 -1.138666 0.000000
-1.303720 -1.467452 0.000000
0.674145 -0.285484 0.000000
1.583862 -0.718991 0.000000
1.206694 0.241153 0.000000
-1.215864 0.663760 0.000000
1.039235 -0.417765 0.000000
-1.720369 -1.183230 0.000000
1.240163 -0.567498 0.000000
-0.760375 -1.049915 0.000000
-0.184992 1.566783 0.000000
0.922852 -0.355953 0.000000
-0.634957 1.385040 0.000000
-1.003300 -1.251216 0.000000
-1.297777 -1.463968 0.000000
-0.637607 1.383109 0.000000
0.979641 -0.383789 0.000000
0.230451 -0.366853 0.000000
-1.645614 -0.509964 0.000000
1.678368 -1.078993 0.000000
-0.248166 -0.647832 0.000000
1.565131 -0.923016 0.000000
-1.683324 -1.408089 0.000000
0.063642 -0.451257 0.000000
0.158807 1.526599 0.000000
0.470285 -0.290244 0.000000
-0.385379 -0.748034 0.000000
0.962795 -0.375062 0.000000
-1.566544 -0.202908 0.000000
1.428555 -0.290727 0.000000
0.274384 -0.347330 0.000000
-1.069465 0.908831 0.000000
0.042241 -0.463123 0.000000
1.642774 -1.028219 0.000000
0.779185 -0.304938 0.000000
-1.674403 -0.652971 0.000000
0.050114 -0.458742 0.000000
1.380194 -0.703710 0.000000
-0.214911 1.563127 0.000000
0.924502 0.784726 0.000000
1.071925 0.519165 0.000000
0.976278 0.696045 0.000000
0.673101 1.145625 0.000000
-0.568792 -0.891835 0.000000
1.375233 -0.154377 0.000000
0.996353 -0.392826 0.000000
1.128573 -0.477644 0.000000
1.126433 -0.476092 0.000000
0.689513 1.125619 0.000000
-1.691983 -0.758623 0.000000
-0.139422 -0.573948 0.000000
1.065767 0.531031 0.000000
1.674802 -1.073854 0.000000
0.669404 -0.284898 0.000000
-0.872527 -1.143633 0.000000
-0.023259 -0.501203 0.000000
-1.258178 -1.439685 0.000000
-1.248916 0.601052 0.000000
0.355397 1.436503 0.000000
-0.628855 1.389490 0.000000
-0.950201 -1.207962 0.000000
0.662633 -0.284277 0.000000
-0.509336 -0.844200 0.000000
1.233551 -0.561703 0.000000
1.114118 -0.467227 0.000000
1.497257 -0.474402 0.000000
1.661267 -1.054400 0.000000
1.617778 -0.818744 0.000000
-1.280393 0.538550 0.000000
0.116900 1.539154 0.000000
0.530271 -0.283070 0.000000
-0.333117 1.537913 0.000000
0.319358 1.457682 0.000000
1.241686 0.163406 0.000000
-1.295206 -1.462485 0.000000
1.040324 -0.418420 0.000000
-0.480523 -0.821400 0.000000
0.643099 1.180980 0.000000
0.364008 -0.314907 0.000000
1.550479 -0.622997 0.000000
-1.537187 -0.106604 0.000000
-1.067511 0.911798 0.000000
-1.203112 0.687180 0.000000
-1.559601 -1.537783 0.000000
-0.276879 -0.668217 0.000000
-0.595817 1.412462 0.000000
-0.677247 1.352996 0.000000
0.834165 0.927768 0.000000
-1.553960 -1.539024 0.000000
-1.079682 -1.311785 0.000000
-0.431273 -0.783044 0.000000
-0.897437 1.138037 0.000000
-0.254448 -0.652213 0.000000
-1.713853 -0.942608 0.000000
-0.937486 -1.197510 0.000000
1.337054 -0.060073 0.000000
0.803763 0.972505 0.000000
1.678478 -1.079165 0.000000
-1.448417 0.149574 0.000000
-1.108188 0.848814 0.000000
0.821047 -0.316907 0.000000
-0.580501 1.422430 0.000000
1.085949 -0.447739 0.000000
-1.116844 0.834982 0.000000
-1.637106 -1.490045 0.000000
0.972904 0.702012 0.000000
-0.389138 -0.750862 0.000000
-1.671160 -0.635380 0.000000
-0.552015 -0.878279 0.000000
-0.548059 1.442574 0.000000
-0.554499 -0.880314 0.000000
0.295317 1.470548 0.000000
-1.675499 -0.659008 0.000000
-0.692174 -0.993071 0.000000
-1.495886 0.018294 0.000000
1.372211 -0.695260 0.000000
-1.713202 -1.274430 0.000000
-0.648737 1.375003 0.000000
1.391755 -0.716128 0.000000
0.886799 -0.340535 0.000000
1.546941 -0.899492 0.000000
0.238497 1.496728 0.000000
-0.233591 -0.637657 0.000000
0.419780 -0.300075 0.000000
-0.891882 1.144521 0.000000
1.385907 -0.181247 0.000000
1.606459 -0.785217 0.000000
-0.781470 -1.067541 0.000000
0.163479 1.524978 0.000000
1.518637 -0.863723 0.000000
0.226250 1.501936 0.000000
0.745734 -0.297177 0.000000
-1.528979 -1.542163 0.000000
-0.652055 1.372485 0.000000
-0.885239 1.152075 0.000000
-1.613847 -0.375821 0.000000
1.062842 0.536653 0.000000
0.731899 -0.294349 0.000000
-0.047610 1.568059 0.000000
-0.240558 -0.642520 0.000000
0.909954 -0.350193 0.000000
-1.484198 -1.539714 0.000000
1.416805 -0.260201 0.000000
-0.784640 1.258348 0.000000
0.733725 1.069223 0.000000
1.111054 -0.465054 0.000000
-1.437488 0.178203 0.000000
1.470752 -0.402450 0.000000
-1.664052 -0.598335 0.000000
-1.446085 -1.531367 0.000000
0.947909 -0.367681 0.000000
-0.485264 1.477171 0.000000
-0.838242 1.203918 0.000000
1.240401 0.166303 0.000000
0.073525 1.549916 0.000000
-0.694455 -0.994968 0.000000
1.432480 -0.300972 0.000000
0.617769 1.209575 0.000000
0.857431 0.892378 0.000000
1.055568 -0.427905 0.000000
-1.668635 -0.621997 0.000000
-1.198119 0.696183 0.000000
-0.595104 -0.913186 0.000000
-0.211982 1.563506 0.000000
-0.450100 -0.797635 0.000000
0.844054 0.912833 0.000000
-0.102025 1.570474 0.000000
-1.564677 -0.196527 0.000000
-1.262437 0.574527 0.000000
-1.008531 0.996719 0.000000
1.325641 -0.647556 0.000000
-1.279094 0.541206 0.000000
1.629694 -0.854341 0.000000
-0.822189 -1.101620 0.000000
1.075002 -0.440426 0.000000
-0.741255 1.298773 0.000000
-1.163096 0.757960 0.000000
1.401968 -0.222052 0.000000
-0.413283 1.509904 0.000000
0.968218 0.710153 0.000000
0.833459 0.928803 0.000000
-0.985734 1.027659 0.000000
-0.915179 1.117065 0.000000
-1.275810 -1.450757 0.000000
0.664752 1.155662 0.000000
0.744007 1.055564 0.000000
-1.011008 -1.257425 0.000000
-1.670358 -0.631103 0.000000
0.507257 1.320504 0.000000
1.236765 -0.564532 0.000000
-1.332458 -1.483456 0.000000
0.509497 -0.285036 0.000000
1.491695 -0.830610 0.000000
1.527593 -0.874933 0.000000
-0.045436 -0.514621 0.000000
1.280347 0.074897 0.000000
-0.428161 -0.780630 0.000000
-0.532257 1.451956 0.000000
0.898862 0.826911 0.000000
-0.263200 1.555193 0.000000
0.167876 1.523460 0.000000
1.171844 0.316278 0.000000
1.656763 -0.936227 0.000000
1.056601 0.548657 0.000000
-1.221388 0.653446 0.000000
-1.419646 0.223803 0.000000
-0.633789 -0.944850 0.000000
-0.633321 -0.944436 0.000000
-0.932087 -1.193061 0.000000
0.008959 -0.482197 0.000000
0.599937 1.228960 0.000000
1.088595 0.486604 0.000000
-0.011340 -0.494166 0.000000
-1.184291 -1.389808 0.000000
-0.719940 1.317538 0.000000
0.446120 -0.294487 0.000000
-0.987860 1.024797 0.000000
-0.773008 -1.060470 0.000000
-1.578542 -0.244438 0.000000
-1.024071 0.975023 0.000000
-0.405385 -0.763211 0.000000
1.132966 -0.480852 0.000000
-1.096507 0.867268 0.000000
0.323692 -0.328256 0.000000
-1.604068 -1.518812 0.000000
-0.530358 1.453026 0.000000
-0.296041 1.547846 0.000000
-0.749811 -1.041085 0.000000
1.284989 -0.608269 0.000000
-1.322131 0.451111 0.000000
-0.835317 -1.112589 0.000000
-1.211702 0.671417 0.000000
1.103946 -0.460018 0.000000
0.344729 1.442850 0.000000
-0.588305 -0.907667 0.000000
-0.740969 -1.033704 0.000000
-0.500356 -0.837060 0.000000
-1.366137 -1.500530 0.000000
0.410098 1.399527 0.000000
0.510314 -0.284967 0.000000
-0.279677 -0.670218 0.000000
-1.216250 -1.412022 0.000000
1.383916 -0.707677 0.000000
0.335656 1.448266 0.000000
1.592735 -0.959544 0.000000
-0.450304 1.493969 0.000000
0.845781 0.910177 0.000000
-1.626838 -1.500772 0.000000
1.107085 0.449869 0.000000
-0.136565 1.569887 0.000000
-0.675500 -0.979274 0.000000
0.039564 1.556849 0.000000
-1.387442 0.302757 0.000000
0.823015 0.944359 0.000000
-1.168055 0.749371 0.000000
-1.013879 -1.259736 0.000000
-0.949664 1.074535 0.000000
1.096720 0.470531 0.000000
-0.025843 -0.502720 0.000000
1.567401 -0.671391 0.000000
-1.595692 -1.523813 0.000000
-0.463225 1.488001 0.000000
-0.551185 -0.877624 0.000000
0.105753 1.542052 0.000000
-1.516030 -0.041240 0.000000
-0.416132 -0.771420 0.000000
-0.568940 1.429846 0.000000
1.278411 -0.602129 0.000000
1.371687 -0.145512 0.000000
-0.938158 -1.198062 0.000000
-0.264213 1.554987 0.000000
-0.636318 1.384074 0.000000
-1.010464 -1.257011 0.000000
-0.301802 1.546467 0.000000
0.562723 1.267626 0.000000
-0.969777 1.048700 0.000000
0.945914 -0.366715 0.000000
1.146652 0.369190 0.000000
1.149778 -0.493442 0.000000
-0.794030 -1.078062 0.000000
0.763834 -0.301213 0.000000
1.396028 -0.206910 0.000000
0.574401 -0.280759 0.000000
1.447793 -0.341225 0.000000
-0.820710 1.222268 0.000000
0.017735 1.560574 0.000000
1.333002 -0.050243 0.000000
-0.645756 1.377176 0.000000
-0.451920 -0.799049 0.000000
-1.573963 -1.533540 0.000000
-0.975700 -1.228830 0.000000
-1.196224 0.699598 0.000000
1.523813 -0.547837 0.000000
0.486635 1.338682 0.000000
-1.011305 0.992925 0.000000
-0.428430 1.503627 0.000000
-1.230736 0.635924 0.000000
-1.002470 1.005032 0.000000
0.477745 1.346374 0.000000
0.663484 1.157180 0.000000
1.583614 -0.947368 0.000000
0.668714 -0.284829 0.000000
-1.708330 -0.885074 0.000000
-0.064549 1.569336 0.000000
1.638684 -0.881383 0.000000
1.096327 0.471289 0.000000
1.223041 -0.552632 0.000000
0.806268 0.968884 0.000000
0.398596 1.407667 0.000000
1.181427 -0.518104 0.000000
-0.201442 -0.615512 0.000000
-0.636742 1.383764 0.000000
0.428222 -0.298281 0.000000
1.012975 0.630129 0.000000
0.585489 1.244344 0.000000
0.681908 -0.286450 0.000000
0.944291 -0.365956 0.000000
0.928289 -0.358402 0.000000
1.684450 -1.087823 0.000000
0.649697 -0.283070 0.000000
-1.017076 0.984854 0.000000
-1.106710 0.851159 0.000000
-1.554033 -1.539024 0.000000
-0.019548 1.565541 0.000000
1.685969 -1.026184 0.000000
-1.067343 -1.302162 0.000000
0.799535 0.978645 0.000000
0.030326 1.558436 0.000000
-0.538556 -0.867483 0.000000
0.464072 1.357722 0.000000
0.298807 -0.337465 0.000000
0.097300 1.544259 0.000000
1.018909 0.619264 0.000000
1.325138 -0.031203 0.000000
0.291744 -0.340328 0.000000
0.992766 -0.390895 0.000000
0.814169 -0.314803 0.000000
-1.129659 0.814149 0.000000
0.140558 1.532187 0.000000
-1.083534 0.887446 0.000000
1.250604 0.143262 0.000000
-1.352371 0.384264 0.000000
-1.100608 0.860852 0.000000
-1.387180 0.303413 0.000000
-1.072966 -1.306542 0.000000
0.131169 1.535050 0.000000
0.844933 0.911487 0.000000
-1.423298 -1.524192 0.000000
-0.244900 1.558436 0.000000
-0.733916 -1.027806 0.000000
1.218892 -0.549079 0.000000
0.175391 -0.392930 0.000000
1.721609 -1.138286 0.000000
1.464646 -0.386066 0.000000
-0.531437 1.452405 0.000000
-0.869419 1.170046 0.000000
-0.965273 1.054529 0.000000
-1.625973 -1.501600 0.000000
0.006950 1.562265 0.000000
0.926993 0.780552 0.000000
-1.297060 -1.463554 0.000000
-0.190081 1.566266 0.000000
-1.288421 -1.458415 0.000000
-0.742657 -1.035118 0.000000
1.256572 -0.582123 0.000000
1.298965 -0.621548 0.000000
0.444666 1.373519 0.000000
0.829958 -0.319805 0.000000
-1.392934 0.289615 0.000000
-0.262518 1.555331 0.000000
0.875607 0.864025 0.000000
-0.681482 -0.984207 0.000000
-0.547246 -0.874450 0.000000
-0.980617 -1.232831 0.000000
-0.873523 -1.144495 0.000000
0.759086 -0.300075 0.000000
-1.167703 -1.377908 0.000000
-0.728513 -1.023321 0.000000
-0.844186 -1.120005 0.000000
-1.328871 -1.481525 0.000000
-0.844386 1.197399 0.000000
-1.216750 -1.412367 0.000000
-0.200239 -0.614684 0.000000
1.093733 -0.453016 0.000000
1.584672 -0.948782 0.000000
1.675436 -1.074750 0.000000
-0.640536 1.380970 0.000000
-0.440959 1.498280 0.000000
-1.644001 -0.502686 0.000000
0.676409 1.141658 0.000000
1.426891 -0.286381 0.000000
1.525222 -0.551804 0.000000
1.678165 -1.078717 0.000000
1.002517 -0.396275 0.000000
1.050527 -0.424732 0.000000
0.803698 -0.311699 0.000000
0.019795 -0.475988 0.000000
0.880042 0.857058 0.000000
1.025383 0.607364 0.000000
-1.611546 -1.513638 0.000000
1.188880 -0.524141 0.000000
1.494824 -0.834404 0.000000
-1.472855 -1.537748 0.000000
0.829455 -0.319632 0.000000
-1.529527 -1.542129 0.000000
0.051534 1.554676 0.000000
1.187729 0.282337 0.000000
-0.742833 1.297359 0.000000
1.344948 -0.079355 0.000000
1.000288 -0.395034 0.000000
0.973535 -0.380616 0.000000
1.161548 0.338043 0.000000
1.375181 -0.698399 0.000000
-1.611639 -1.513569 0.000000
0.223163 1.503144 0.000000
1.556206 -0.639278 0.000000
0.985654 0.679419 0.000000
-0.386464 -0.748862 0.000000
0.912366 0.804835 0.000000
-0.767360 -1.055745 0.000000
0.260939 1.487105 0.000000
0.835313 0.926043 0.000000
1.629015 -1.009007 0.000000
-1.223345 -1.416851 0.000000
0.586623 -0.280690 0.000000
0.547521 1.282665 0.000000
-1.158555 0.765755 0.000000
1.551093 -0.624722 0.000000
-0.118713 1.570336 0.000000
-1.006425 0.999617 0.000000
1.313040 -0.002194 0.000000
-0.314352 1.543017 0.000000
-0.257694 -0.654524 0.000000
-0.339464 -0.713713 0.000000
1.364878 -0.128507 0.000000
0.095736 -0.433838 0.000000
-0.240151 -0.642244 0.000000
0.612804 1.215094 0.000000
-0.102756 1.570474 0.000000
-1.194304 -1.396845 0.000000
0.907807 0.812286 0.000000
-0.833973 1.208437 0.000000
0.025288 -0.472850 0.000000
-1.494966 0.020950 0.000000
-1.498332 -1.541473 0.000000
-0.100637 -0.548941 0.000000
-1.613389 -0.374028 0.000000
-1.518121 -0.047552 0.000000
-1.356971 -1.496081 0.000000
-0.352644 -0.723475 0.000000
1.589258 -0.734720 0.000000
0.207051 -0.377684 0.000000
-0.311464 -0.693156 0.000000
-0.035926 1.567162 0.000000
0.948522 -0.367957 0.000000
0.369004 -0.313458 0.000000
-1.160502 0.762444 0.000000
-1.421627 -1.523606 0.000000
0.936194 0.765203 0.000000
-0.443150 1.497280 0.000000
0.388913 1.414497 0.000000
0.111311 1.540603 0.000000
0.455809 -0.292797 0.000000
1.393467 -0.717991 0.000000
-0.329961 -0.706677 0.000000
0.587560 -0.280690 0.000000
-1.385546 -1.509361 0.000000
-1.356630 0.374606 0.000000
0.415318 -0.301110 0.000000
-0.004611 -0.490165 0.000000
-1.296777 0.504816 0.000000
0.965355 0.715154 0.000000
0.328213 1.452681 0.000000
1.682916 -1.085616 0.000000
-0.359002 1.529738 0.000000
-0.159659 -0.587366 0.000000
0.652609 -0.283346 0.000000
0.164010 -0.398586 0.000000
-1.246352 -1.432097 0.000000
1.127460 -0.476816 0.000000
1.183350 -0.519656 0.000000
-1.675850 -0.660974 0.000000
-0.529876 -0.860550 0.000000
-1.295964 -1.462899 0.000000
0.904541 0.817632 0.000000
1.515095 -0.859308 0.000000
-1.390836 0.294651 0.000000
0.813274 0.958708 0.000000
-0.167205 1.568128 0.000000
-0.063071 1.569232 0.000000
0.381130 1.419740 0.000000
-1.720007 -1.191405 0.000000
0.376433 -0.311320 0.000000
0.377074 1.422396 0.000000
-0.391988 1.518148 0.000000
-1.154461 0.772688 0.000000
-0.851043 1.190259 0.000000
0.317249 1.458786 0.000000
-0.665621 1.361999 0.000000
-0.564296 -0.888213 0.000000
-0.682915 -0.985414 0.000000
-0.285856 -0.674633 0.000000
-0.076651 -0.533868 0.000000
-1.333492 0.426380 0.000000
-1.051399 0.935701 0.000000
0.152791 1.528496 0.000000
0.551208 -0.281621 0.000000
0.560749 -0.281276 0.000000
0.151016 -0.405071 0.000000
-0.029258 -0.504756 0.000000
0.082325 1.548019 0.000000
0.265938 -0.350986 0.000000
-0.215904 1.563023 0.000000
0.553261 -0.281552 0.000000
1.485520 -0.823194 0.000000
1.224933 -0.554253 0.000000
-0.359650 -0.728649 0.000000
1.127935 -0.477161 0.000000
0.440751 -0.295625 0.000000
-1.327262 0.439970 0.000000
1.510199 -0.510033 0.000000
1.663372 -0.956440 0.000000
-0.457157 -0.803119 0.000000
0.546697 -0.281897 0.000000
0.899724 -0.345847 0.000000
1.059896 0.542310 0.000000
-0.620689 -0.934088 0.000000
-1.000623 -1.249043 0.000000
-0.597216 -0.914910 0.000000
-0.161368 1.568577 0.000000
0.225189 -0.369268 0.000000
-0.612295 1.401183 0.000000
-0.829025 1.213680 0.000000
0.198526 1.512629 0.000000
-0.847932 -1.123144 0.000000
-1.199321 -1.400363 0.000000
-0.339406 -0.713679 0.000000
-0.888405 1.148488 0.000000
-0.562135 -0.886454 0.000000
0.786214 0.997547 0.000000
0.952612 -0.369992 0.000000
1.297486 0.034748 0.000000
-0.060446 1.569025 0.000000
-0.645064 -0.954129 0.000000
0.420580 1.391870 0.000000
-0.284150 1.550502 0.000000
0.056923 -0.454982 0.000000
0.393117 -0.306663 0.000000
0.215596 1.506041 0.000000
0.903659 0.819047 0.000000
-1.041596 -1.281880 0.000000
-0.577507 1.424362 0.000000
0.871841 0.869924 0.000000
-1.546869 -0.137579 0.000000
1.673865 -0.988691 0.000000
-1.126392 0.819460 0.000000
-0.902895 1.131586 0.000000
-0.131066 1.570025 0.000000
-1.030473 0.966021 0.000000
1.456876 -0.365335 0.000000
1.063496 -0.432941 0.000000
-0.631574 1.387524 0.000000
-0.472804 1.483483 0.000000
0.169368 -0.395931 0.000000
0.241164 -0.361921 0.000000
-1.236194 -1.425439 0.000000
0.200931 -0.380650 0.000000
0.313769 1.460683 0.000000
-1.621380 -0.406037 0.000000
0.126737 -0.417523 0.000000
-0.342293 -0.715817 0.000000
-1.077742 0.896242 0.000000
-0.958940 -1.215136 0.000000
-0.451137 1.493589 0.000000
-0.013360 -0.495339 0.000000
1.096296 0.471358 0.000000
0.903552 0.819253 0.000000
1.661046 -0.949300 0.000000
1.529137 -0.876865 0.000000
-0.783269 1.259693 0.000000
1.701661 -1.075233 0.000000
1.364037 -0.126438 0.000000
-0.814157 1.228960 0.000000
1.290536 -0.613512 0.000000
0.014206 -0.479162 0.000000
1.654155 -1.044293 0.000000
1.018981 -0.405692 0.000000
0.957519 0.728744 0.000000
0.893232 0.835948 0.000000
1.595047 -0.962648 0.000000
-0.351004 1.532290 0.000000
0.922504 -0.355781 0.000000
-0.668595 1.359722 0.000000
1.020676 0.616021 0.000000
1.101324 -0.458225 0.000000
0.620867 1.206126 0.000000
-0.865853 1.173978 0.000000
-0.002833 1.563472 0.000000
-0.198255 -0.613339 0.000000
-0.842050 1.199882 0.000000
-0.748184 1.292565 0.000000
1.686917 -1.029151 0.000000
0.347654 -0.320115 0.000000
-0.690520 -0.991691 0.000000
0.258895 1.488070 0.000000
-1.426975 -1.525434 0.000000
1.564331 -0.921981 0.000000
1.591542 -0.957923 0.000000
0.211089 -0.375787 0.000000
1.561371 -0.654075 0.000000
0.965579 0.714740 0.000000
1.582029 -0.713644 0.000000
-0.631453 -0.942919 0.000000
-0.388353 -0.750276 0.000000
-0.802365 1.240963 0.000000
-1.244833 0.608950 0.000000
0.791596 0.989959 0.000000
0.670406 1.148867 0.000000
1.675501 -1.074854 0.000000
-1.544454 -0.129784 0.000000
0.065403 -0.450291 0.000000
0.670954 1.148212 0.000000
0.051696 1.554642 0.000000
-0.107070 1.570612 0.000000
-1.554577 -1.538921 0.000000
0.404405 1.403563 0.000000
1.486268 -0.444428 0.000000
-0.728837 1.309915 0.000000
-0.669284 -0.974100 0.000000
-0.535186 -0.864792 0.000000
-1.017851 0.983784 0.000000
1.528086 -0.559806 0.000000
0.197468 -0.382306 0.000000
1.221518 0.208488 0.000000
1.501422 -0.842475 0.000000
1.659313 -0.943988 0.000000
0.099444 -0.431838 0.000000
0.051196 1.554745 0.000000
-1.480900 -1.539197 0.000000
1.389636 -0.713817 0.000000
1.607772 -0.789080 0.000000
-0.650270 -0.958406 0.000000
1.052260 0.556901 0.000000
-0.178469 -0.599852 0.000000
-0.124461 -0.564290 0.000000
0.762011 -0.300765 0.000000
0.566820 1.263453 0.000000
0.161305 1.525737 0.000000
-0.349178 -0.720922 0.000000
0.363615 -0.315010 0.000000
0.525172 -0.283415 0.000000
0.277750 -0.345950 0.000000
-0.901554 1.133173 0.000000
1.384605 -0.177936 0.000000
-0.077891 -0.534661 0.000000
0.583546 -0.280724 0.000000
-0.477794 -0.819262 0.000000
1.394801 -0.719439 0.000000
-0.279164 -0.669838 0.000000
-1.364114 -1.499565 0.000000
1.567260 -0.925810 0.000000
1.007086 0.640925 0.000000
-0.891162 1.145349 0.000000
-0.328118 1.539258 0.000000
-1.310381 -1.471246 0.000000
-0.450817 -0.798186 0.000000
0.491217 -0.287243 0.000000
-0.981151 -1.233280 0.000000
-0.608274 1.403942 0.000000
-0.528522 -0.859480 0.000000
-1.635594 -1.491735 0.000000
-0.043465 -0.513413 0.000000
-1.488691 0.038956 0.000000
0.891078 0.839397 0.000000
-0.045598 1.567921 0.000000
-1.641410 -0.491096 0.000000
-0.792373 1.250759 0.000000
1.096582 -0.454982 0.000000
0.095354 -0.434011 0.000000
0.951307 0.739437 0.000000
-0.238542 -0.641140 0.000000
1.045720 -0.421731 0.000000
-0.109279 1.570543 0.000000
-1.138766 -1.356730 0.000000
-1.614533 -0.378546 0.000000
1.267267 0.105147 0.000000
-1.443390 -1.530574 0.000000
-0.273396 1.552917 0.000000
-0.866694 1.173047 0.000000
1.129017 0.405511 0.000000
1.002421 -0.396206 0.000000
-1.559136 -0.177901 0.000000
0.819421 0.949706 0.000000
1.404594 -0.730098 0.000000
1.492291 -0.460812 0.000000
-0.984442 -1.235936 0.000000
-0.816520 -1.096860 0.000000
-0.990727 -1.241040 0.000000
1.050144 -0.424491 0.000000
0.970289 0.706565 0.000000
0.181011 1.518941 0.000000
-1.251614 -1.435477 0.000000
-1.626221 -1.501358 0.000000
0.691436 1.123239 0.000000
0.576365 1.253760 0.000000
-1.310071 0.476912 0.000000
-0.270877 1.553503 0.000000
-0.810077 1.233133 0.000000
0.000730 -0.487026 0.000000
1.459936 -0.373510 0.000000
-1.557027 -1.538369 0.000000
-1.492892 -1.540887 0.000000
-0.440883 1.498315 0.000000
-0.359336 1.529634 0.000000
0.084565 1.547536 0.000000
-0.126115 1.570129 0.000000
-1.283267 -1.455310 0.000000
-1.673603 -0.648591 0.000000
0.984144 -0.386204 0.000000
0.326384 -0.327290 0.000000
-0.113148 -0.556978 0.000000
-1.326559 0.441488 0.000000
-1.259656 0.580011 0.000000
0.354215 -0.317977 0.000000
-0.283351 1.550675 0.000000
0.526240 1.303085 0.000000
-0.948471 1.076018 0.000000
0.088676 1.546501 0.000000
0.415759 1.395526 0.000000
-0.483958 1.477826 0.000000
-1.375054 -1.504670 0.000000
0.553058 -0.281552 0.000000
0.547004 1.283148 0.000000
1.175531 -0.513413 0.000000
1.483277 -0.436287 0.000000
0.836746 0.923905 0.000000
0.490683 -0.287312 0.000000
-0.387081 -0.749310 0.000000
1.226115 -0.555288 0.000000
-1.718360 -1.006006 0.000000
-0.611023 1.402045 0.000000
-0.610882 1.402149 0.000000
-0.427351 -0.780009 0.000000
-1.005802 -1.253251 0.000000
-1.184257 -1.389774 0.000000
0.132082 -0.414764 0.000000
-0.150524 -0.581295 0.000000
-1.050173 0.937530 0.000000
-1.519186 -0.050795 0.000000
-0.720264 -1.016457 0.000000
1.667390 -1.063161 0.000000
-0.450341 -0.797842 0.000000
-0.776694 1.266040 0.000000
0.340880 -0.322323 0.000000
1.391386 -0.715714 0.000000
0.469468 1.353341 0.000000
-0.185137 1.566783 0.000000
-0.376282 1.523943 0.000000
0.675644 1.142590 0.000000
0.241601 -0.361714 0.000000
0.935494 0.766376 0.000000
-0.095037 -0.545423 0.000000
0.776642 1.011068 0.000000
-0.759352 -1.049053 0.000000
0.115311 -0.423421 0.000000
-1.191923 -1.395189 0.000000
0.128150 1.535946 0.000000
-0.606912 -0.922809 0.000000
-1.314774 0.466909 0.000000
0.910175 0.808388 0.000000
-0.420253 -0.774593 0.000000
0.220103 -0.371613 0.000000
-1.474867 -1.538128 0.000000
-1.111944 -1.336586 0.000000
0.465002 -0.291176 0.000000
-0.269340 1.553848 0.000000
-1.420379 0.221975 0.000000
0.035584 -0.466951 0.000000
-0.854437 -1.128559 0.000000
-0.944064 1.081572 0.000000
-1.632244 -0.451223 0.000000
-0.102277 -0.549941 0.000000
0.249220 1.492175 0.000000
0.279580 1.478240 0.000000
0.465764 1.356342 0.000000
0.998317 0.656758 0.000000
1.418191 -0.745136 0.000000
-1.114908 -1.338828 0.000000
0.638027 1.186879 0.000000
-0.524911 -0.856583 0.000000
-0.404365 1.513561 0.000000
-0.174493 -0.597231 0.000000
1.566750 -0.925120 0.000000
-1.472555 0.084279 0.000000
0.647189 -0.282828 0.000000
-1.343856 -1.489458 0.000000
1.353407 -0.100120 0.000000
1.123349 -0.473850 0.000000
0.489850 -0.287416 0.000000
-1.056613 0.927975 0.000000
-0.527812 -0.858894 0.000000
1.178326 0.302481 0.000000
0.381836 -0.309767 0.000000
-0.535393 -0.864965 0.000000
-1.194952 0.701909 0.000000
-0.294828 1.548122 0.000000
-1.564749 -1.536437 0.000000
0.270873 1.482379 0.000000
-0.641904 1.380004 0.000000
-0.275536 1.552434 0.000000
1.214816 -0.545630 0.000000
0.339691 1.445851 0.000000
-1.065802 -1.300955 0.000000
0.092283 -0.435666 0.000000
-0.249606 1.557573 0.000000
0.917690 0.796109 0.000000
0.080847 1.548329 0.000000
0.828145 0.936736 0.000000
-1.562020 -1.537162 0.000000
-0.022039 -0.500478 0.000000
-0.365835 1.527530 0.000000
-0.082919 1.569956 0.000000
0.592770 -0.280690 0.000000
0.025302 -0.472815 0.000000
-0.306847 -0.689810 0.000000
-1.351165 0.386989 0.000000
-1.396380 0.281268 0.000000
-1.545739 -1.540508 0.000000
0.206661 -0.377891 0.000000
-0.943127 -1.202133 0.000000
0.860232 -0.330256 0.000000
0.836605 -0.321943 0.000000
-0.447988 1.495038 0.000000
-0.611313 -0.926431 0.000000
-1.175566 0.736367 0.000000
-0.125949 1.570129 0.000000
-0.217595 -0.626515 0.000000
-0.886796 -1.155533 0.000000
1.108808 -0.463468 0.000000
-1.206843 0.680351 0.000000
0.032004 1.558160 0.000000
-1.477165 -1.538542 0.000000
1.541607 -0.597817 0.000000
1.376263 -0.156964 0.000000
-0.665121 -0.970651 0.000000
-0.439353 1.499039 0.000000
-0.581676 -0.902286 0.000000
-0.164245 1.568370 0.000000
-1.569614 -0.213394 0.000000
1.096107 -0.454637 0.000000
0.172056 -0.394585 0.000000
0.410370 1.399355 0.000000
0.283350 -0.343708 0.000000
-1.060141 0.922767 0.000000
-1.086725 -1.317235 0.000000
-0.326967 1.539568 0.000000
-1.669520 -1.440513 0.000000
-0.140335 1.569784 0.000000
-1.172383 0.741886 0.000000
1.151752 -0.494925 0.000000
-1.596508 -0.309388 0.000000
-1.107375 -1.333102 0.000000
-1.522749 -1.542405 0.000000
-0.236602 1.559885 0.000000
0.761636 -0.300696 0.000000
1.694425 -1.102414 0.000000
1.644979 -0.900389 0.000000
0.690733 -0.287519 0.000000
-1.323247 -1.478455 0.000000
-0.338389 -0.712920 0.000000
-1.619271 -1.507567 0.000000
1.019360 -0.405899 0.000000
-1.527346 -0.075802 0.000000
-0.849241 1.192225 0.000000
1.264748 0.110942 0.000000
0.888370 0.843709 0.000000
-0.311433 -0.693156 0.000000
0.351689 -0.318804 0.000000
-1.225416 0.645927 0.000000
-0.436710 1.500177 0.000000
-0.390744 1.518597 0.000000
-0.632852 1.386592 0.000000
-1.215651 -1.411608 0.000000
0.877809 -0.336913 0.000000
0.966816 0.712602 0.000000
1.408470 -0.734375 0.000000
0.460730 -0.291935 0.000000
0.910805 -0.350572 0.000000
-0.840906 -1.117246 0.000000
-0.433940 1.501316 0.000000
-0.997149 1.012310 0.000000
-1.151381 -1.366043 0.000000
-1.438339 0.175996 0.000000
0.590183 1.239342 0.000000
1.612206 -0.802188 0.000000
-0.474620 -0.816778 0.000000
0.789942 0.992304 0.000000
1.107671 0.448697 0.000000
-1.244237 0.610123 0.000000
-0.509171 1.464719 0.000000
0.834641 0.927044 0.000000
-0.994824 1.015518 0.000000
1.523675 -0.870001 0.000000
0.320271 -0.329497 0.000000
0.462749 1.358791 0.000000
-0.975496 1.041284 0.000000
-0.797310 -1.080787 0.000000
0.342420 1.444230 0.000000
-0.901820 -1.168019 0.000000
1.088147 -0.449188 0.000000
0.853465 0.898449 0.000000
-0.394924 1.517044 0.000000
-1.400332 0.271679 0.000000
1.197046 -0.530798 0.000000
-1.254016 0.591118 0.000000
0.188461 -0.386617 0.000000
-0.273644 -0.665906 0.000000
-0.711301 1.324919 0.000000
1.062118 0.538033 0.000000
-0.693094 -0.993830 0.000000
-0.772963 -1.060436 0.000000
-1.608858 -0.356298 0.000000
-1.458200 0.123463 0.000000
-1.647130 -1.477627 0.000000
1.010060 -0.400553 0.000000
1.272350 -0.596507 0.000000
-0.658195 -0.964959 0.000000
1.146356 0.369811 0.000000
0.014930 -0.478748 0.000000
-0.899253 -1.165880 0.000000
0.202316 1.511181 0.000000
-1.161029 0.761547 0.000000
-0.052669 1.568439 0.000000
0.097445 -0.432907 0.000000
1.493683 -0.833024 0.000000
-0.172983 -0.596231 0.000000
0.513835 -0.284588 0.000000
-0.404982 -0.762900 0.000000
-1.497023 -1.541335 0.000000
0.516802 1.311743 0.000000
0.288253 1.474101 0.000000
0.992245 0.667692 0.000000
-1.644039 -1.481697 0.000000
-1.251373 -1.435339 0.000000
0.141158 1.532014 0.000000
1.695145 -1.054813 0.000000
-0.952248 1.071293 0.000000
1.517652 -0.862481 0.000000
-0.607264 1.404632 0.000000
0.477173 1.346857 0.000000
1.473826 -0.410728 0.000000
-0.129860 -0.567774 0.000000
-1.381312 -1.507498 0.000000
-0.354429 1.531186 0.000000
-1.466004 -1.536334 0.000000
-0.533387 -0.863343 0.000000
-1.477145 -1.538542 0.000000
-0.899811 1.135243 0.000000
-1.069486 0.908797 0.000000
-0.602399 1.407978 0.000000
1.010604 -0.400829 0.000000
-1.121279 0.827773 0.000000
-0.409909 -0.766660 0.000000
-0.532478 1.451853 0.000000
-0.795098 -1.078958 0.000000
-0.502469 -0.838750 0.000000
-0.033714 -0.507480 0.000000
0.605985 1.222544 0.000000
-0.540327 -0.868931 0.000000
-1.060661 -1.296919 0.000000
-1.439469 0.173064 0.000000
-0.823636 -1.102828 0.000000
0.323127 1.455647 0.000000
1.551093 -0.624722 0.000000
0.843269 -0.324254 0.000000
-0.199016 -0.613857 0.000000
-0.999341 1.009309 0.000000
1.540235 -0.890903 0.000000
-0.370197 1.526116 0.000000
0.940373 0.758063 0.000000
0.647061 -0.282828 0.000000
-1.637055 -0.471953 0.000000
-1.214965 0.665415 0.000000
0.995553 -0.392378 0.000000
1.442269 -0.326669 0.000000
-1.192595 -1.395638 0.000000
1.037164 0.585392 0.000000
0.882385 -0.338776 0.000000
-1.583542 -0.262167 0.000000
-0.498613 -0.835680 0.000000
0.752804 -0.298661 0.000000
1.498097 -0.476713 0.000000
-0.446038 1.495935 0.000000
1.085766 0.492158 0.000000
-1.019378 0.981611 0.000000
-1.482978 -1.539507 0.000000
-0.429684 1.503075 0.000000
-1.272791 -1.448895 0.000000
0.118309 -0.421869 0.000000
-0.817995 1.225028 0.000000
0.962812 -0.375062 0.000000
-0.335436 1.537257 0.000000
-1.700739 -1.348003 0.000000
-1.229337 0.638580 0.000000
-0.374249 -0.739652 0.000000
0.579632 1.250449 0.000000
0.056451 -0.455258 0.000000
-0.531978 -0.862240 0.000000
0.140293 -0.410521 0.000000
0.857500 0.892275 0.000000
1.679988 -1.007627 0.000000
0.052034 -0.457707 0.000000
0.044074 -0.462088 0.000000
0.825330 -0.318322 0.000000
0.306388 -0.334568 0.000000
-0.503888 -0.839854 0.000000
-1.253847 -1.436926 0.000000
-1.176635 0.734470 0.000000
-0.759914 -1.049536 0.000000
-1.323733 -1.478731 0.000000
0.672264 -0.285243 0.000000
-0.928042 -1.189715 0.000000
-1.255904 -1.438236 0.000000
0.322211 1.456130 0.000000
-1.477727 0.069896 0.000000
0.257965 1.488450 0.000000
-0.538280 1.448404 0.000000
-0.738133 1.301567 0.000000
0.097614 1.544190 0.000000
-0.273568 1.552882 0.000000
-1.717723 -1.228485 0.000000
-0.555695 -0.881280 0.000000
0.542414 -0.282208 0.000000
1.528472 -0.876037 0.000000
-0.537274 -0.866482 0.000000
-1.111190 -1.335999 0.000000
-0.280384 1.551365 0.000000
1.712567 -1.129284 0.000000
-1.576378 -1.532678 0.000000
-0.472184 -0.814881 0.000000
1.251854 -0.577880 0.000000
0.140045 1.532359 0.000000
1.005332 -0.397862 0.000000
-0.279057 1.551641 0.000000
0.980371 0.688767 0.000000
0.249326 -0.358299 0.000000
0.273874 -0.347537 0.000000
0.318775 -0.330049 0.000000
-0.717252 -1.013939 0.000000
1.338804 -0.660767 0.000000
0.618786 -0.281207 0.000000
0.609220 1.219060 0.000000
-0.653568 -0.961131 0.000000
0.562717 1.267626 0.000000
1.569459 -0.928673 0.000000
-0.714003 -1.011214 0.000000
-0.230276 1.560988 0.000000
1.460280 -0.374407 0.000000
1.022134 -0.407520 0.000000
-1.674517 -1.429854 0.000000
-0.224501 1.561920 0.000000
-0.403707 1.513802 0.000000
0.362929 -0.315217 0.000000
0.755333 1.040387 0.000000
-0.504436 -0.840302 0.000000
1.194517 0.267643 0.000000
-0.629486 -0.941297 0.000000
0.857045 0.892999 0.000000
1.468137 -0.395448 0.000000
-0.215997 -0.625412 0.000000
0.315395 -0.331291 0.000000
-1.299499 0.499160 0.000000
0.541763 1.288219 0.000000
0.458597 1.362171 0.000000
1.703064 -1.115176 0.000000
0.105622 1.542086 0.000000
1.210495 0.232806 0.000000
0.983800 -0.385997 0.000000
-1.339525 0.413031 0.000000
-1.368125 -1.501462 0.000000
0.283367 -0.343708 0.000000
1.330004 -0.651902 0.000000
0.145906 -0.407624 0.000000
-0.301796 -0.686154 0.000000
-0.780929 1.261970 0.000000
0.227449 -0.368233 0.000000
-0.909700 1.123550 0.000000
-0.651139 1.373175 0.000000
0.536457 1.293358 0.000000
1.695921 -1.057228 0.000000
-0.040188 1.567507 0.000000
0.115570 -0.423283 0.000000
-1.353219 -1.494218 0.000000
0.255529 -0.355574 0.000000
1.680625 -1.009593 0.000000
1.387627 -0.185593 0.000000
-1.416410 -1.521743 0.000000
-0.324386 1.540293 0.000000
1.088485 -0.449429 0.000000
-0.783558 1.259383 0.000000
0.017849 -0.477092 0.000000
-1.341224 -1.488078 0.000000
0.287626 -0.341984 0.000000
-0.804491 1.238825 0.000000
0.392504 -0.306801 0.000000
0.657078 1.164838 0.000000
-1.169805 0.746336 0.000000
1.460745 -0.375649 0.000000
0.149593 1.529462 0.000000
-0.120064 -0.561462 0.000000
-1.653439 -1.468624 0.000000
-0.303705 1.545949 0.000000
0.168024 1.523426 0.000000
-0.274419 1.552710 0.000000
0.764596 1.027659 0.000000
-1.489997 -1.540508 0.000000
-0.872531 -1.143667 0.000000
-0.688649 1.343718 0.000000
1.184614 0.288995 0.000000
1.470025 -0.400518 0.000000
1.511711 -0.855134 0.000000
0.131720 -0.414936 0.000000
0.719611 -0.292072 0.000000
1.562908 -0.658456 0.000000
-0.069374 -0.529314 0.000000
0.763376 1.029350 0.000000
-0.862070 -1.134940 0.000000
-0.581176 -0.901872 0.000000
1.326348 -0.034100 0.000000
-0.963953 1.056254 0.000000
-1.404181 0.262263 0.000000
-0.991330 -1.241523 0.000000
-1.103506 0.856264 0.000000
-0.702515 -1.001660 0.000000
0.156481 1.527358 0.000000
1.632398 -1.013732 0.000000
-0.208795 1.563920 0.000000
-0.998138 -1.247042 0.000000
0.350766 1.439263 0.000000
0.778441 -0.304766 0.000000
1.389350 -0.713541 0.000000
0.507929 1.319883 0.000000
1.207415 0.239566 0.000000
0.120053 1.538326 0.000000
-0.280184 1.551399 0.000000
-0.995571 -1.244973 0.000000
0.914558 -0.352228 0.000000
0.191665 1.515251 0.000000
0.253441 1.490381 0.000000
1.376759 -0.700089 0.000000
0.054101 -0.456535 0.000000
-0.918342 1.113236 0.000000
-0.158384 -0.586538 0.000000
0.369748 -0.313251 0.000000
-0.764200 -1.053123 0.000000
-0.537439 -0.866620 0.000000
0.499784 -0.286071 0.000000
0.724367 1.081468 0.000000
-0.560143 -0.884867 0.000000
-0.690699 -0.991864 0.000000
0.514345 -0.284519 0.000000
0.807864 0.966538 0.000000
1.644779 -0.899802 0.000000
-0.275332 -0.667114 0.000000
0.980423 -0.384203 0.000000
-1.497978 -1.541439 0.000000
0.622969 -0.281345 0.000000
1.269379 0.100284 0.000000
-0.809708 1.233513 0.000000
0.502358 1.325023 0.000000
-0.344602 1.534360 0.000000
0.350617 -0.319149 0.000000
1.280347 -0.603923 0.000000
1.037264 -0.416557 0.000000
-0.273930 1.552813 0.000000
-0.712945 1.323539 0.000000
-1.242259 0.613952 0.000000
-0.768287 1.273939 0.000000
0.105405 1.542155 0.000000
1.157834 -0.499582 0.000000
0.256359 1.489140 0.000000
-0.757223 -1.047294 0.000000
1.235422 0.177514 0.000000
1.708701 -1.123523 0.000000
-0.791708 1.251415 0.000000
1.519702 -0.865034 0.000000
0.686532 -0.287002 0.000000
0.561176 -0.281242 0.000000
1.006142 0.642650 0.000000
0.223990 -0.369819 0.000000
1.252809 0.138226 0.000000
-0.392367 1.518010 0.000000
0.296068 -0.338569 0.000000
-0.664794 1.362654 0.000000
-1.430251 0.196864 0.000000
0.123781 -0.419041 0.000000
-0.459542 -0.804947 0.000000
1.227583 0.195036 0.000000
-1.381150 -1.507429 0.000000
-1.140282 -1.357833 0.000000
-0.766264 1.275836 0.000000
1.413232 -0.250991 0.000000
-1.104905 -1.331205 0.000000
-1.549784 -1.539852 0.000000
-1.001812 -1.250009 0.000000
1.356026 -0.106570 0.000000
-1.533355 -1.541887 0.000000
-1.274504 0.550416 0.000000
-0.510797 1.463822 0.000000
0.325064 1.454543 0.000000
-0.900407 1.134518 0.000000
-0.817961 -1.098068 0.000000
1.332116 -0.654041 0.000000
-0.798158 1.245103 0.000000
1.244336 0.157439 0.000000
-0.115908 -0.558771 0.000000
-1.720824 -1.062229 0.000000
0.545374 -0.282001 0.000000
-1.320591 -1.477006 0.000000
1.180734 0.297307 0.000000
0.486352 1.338923 0.000000
-0.965711 1.053977 0.000000
0.206968 -0.377753 0.000000
-1.608555 -0.355125 0.000000
-0.198003 -0.613167 0.000000
0.883015 0.852298 0.000000
1.293458 -0.616271 0.000000
-1.320835 -1.477144 0.000000
-1.657240 -0.564532 0.000000
-0.831079 -1.109036 0.000000
-0.741606 1.298463 0.000000
-0.558617 1.436262 0.000000
0.680206 1.137105 0.000000
-0.768480 1.273732 0.000000
-0.297130 1.547571 0.000000
-0.580067 -0.900975 0.000000
1.113056 0.437866 0.000000
1.622678 -0.833335 0.000000
-0.082709 1.569956 0.000000
-0.886521 -1.155291 0.000000
0.651885 -0.283277 0.000000
0.464606 1.357273 0.000000
-1.695801 -0.784734 0.000000
-0.167805 -0.592781 0.000000
-1.338946 -1.486906 0.000000
-0.503706 1.467754 0.000000
-0.465768 1.486829 0.000000
0.791197 0.990545 0.000000
1.030097 0.598568 0.000000
1.692320 -1.099344 0.000000
-0.730025 -1.024563 0.000000
0.217670 1.505248 0.000000
1.137187 -0.483991 0.000000
0.863247 0.883341 0.000000
1.186365 0.285269 0.000000
-0.799212 1.244068 0.000000
-1.377783 0.325660 0.000000
-1.443917 -1.530712 0.000000
-0.579794 1.422879 0.000000
1.552202 -0.627895 0.000000
-0.569760 1.429329 0.000000
-0.260626 1.555642 0.000000
-1.088603 0.879582 0.000000
0.467218 1.355169 0.000000
0.078087 -0.443255 0.000000
-0.660590 -0.966926 0.000000
-0.464982 -0.809224 0.000000
1.437087 -0.766453 0.000000
-0.860088 -1.133285 0.000000
0.995298 -0.392240 0.000000
-1.194794 -1.397190 0.000000
-1.568529 -1.535334 0.000000
-0.084504 -0.538800 0.000000
1.073424 0.516268 0.000000
-1.314275 -1.473488 0.000000
1.149395 0.363465 0.000000
-0.289601 1.549295 0.000000
-0.945632 1.079606 0.000000
1.316428 -0.010266 0.000000
-0.999351 1.009309 0.000000
-1.147077 -1.362869 0.000000
1.681883 -1.084098 0.000000
-0.614872 1.399424 0.000000
0.042775 1.556297 0.000000
-1.251500 0.596016 0.000000
-0.413830 -0.769661 0.000000
-1.454696 0.132880 0.000000
1.479669 -0.816157 0.000000
-0.223657 -0.630724 0.000000
0.885648 0.848055 0.000000
-1.456336 0.128465 0.000000
-1.669896 -0.628654 0.000000
-1.517411 -0.045414 0.000000
0.626825 -0.281587 0.000000
-0.055914 1.568680 0.000000
1.596718 -0.964891 0.000000
-0.864988 1.174910 0.000000
-1.656678 -0.561807 0.000000
1.177836 -0.515276 0.000000
-0.963154 1.057289 0.000000
1.627385 -1.006765 0.000000
0.732502 -0.294452 0.000000
-1.209531 0.675418 0.000000
0.646141 -0.282759 0.000000
-1.363549 0.358808 0.000000
-1.262161 -1.442237 0.000000
1.321655 -0.643624 0.000000
-0.700168 -0.999728 0.000000
-1.161146 0.761340 0.000000
-0.096812 1.570336 0.000000
-0.091319 1.570198 0.000000
-1.542259 -1.540956 0.000000
0.869470 -0.333740 0.000000
-1.461814 -1.535403 0.000000
1.506532 -0.848719 0.000000
0.464982 1.356997 0.000000
1.591932 -0.742515 0.000000
0.724453 -0.292969 0.000000
0.140861 1.532118 0.000000
1.717849 -1.126352 0.000000
-0.770654 -1.058504 0.000000
-1.123091 -1.345002 0.000000
0.977170 0.694458 0.000000
-0.453884 1.492313 0.000000
1.568838 -0.675495 0.000000
0.128312 -0.416695 0.000000
-0.149456 1.569474 0.000000
1.091283 -0.451326 0.000000
-0.297196 1.547571 0.000000
1.579148 -0.941435 0.000000
-0.671158 1.357722 0.000000
0.007401 -0.483094 0.000000
0.876179 -0.336258 0.000000
-1.424659 0.211144 0.000000
-0.116425 1.570370 0.000000
1.008433 0.638476 0.000000
1.095993 0.471945 0.000000
-1.513876 -1.542370 0.000000
1.004171 -0.397207 0.000000
-1.064355 0.916523 0.000000
-1.286399 0.526271 0.000000
0.889276 0.842260 0.000000
1.597345 -0.965718 0.000000
1.047680 0.565558 0.000000
1.524009 -0.870415 0.000000
1.441863 -0.325600 0.000000
0.363184 -0.315148 0.000000
1.238960 0.169580 0.000000
0.155599 1.527634 0.000000
0.529041 -0.283139 0.000000
0.940263 0.758270 0.000000
-0.607295 -0.923120 0.000000
0.878408 -0.337155 0.000000
1.393361 -0.200114 0.000000
1.402158 -0.222535 0.000000
-1.210448 0.673728 0.000000
0.161677 1.525599 0.000000
1.347088 -0.669183 0.000000
-0.024107 1.566093 0.000000
1.097278 0.469392 0.000000
-0.558190 1.436503 0.000000
0.792106 0.989234 0.000000
-1.007121 -1.254286 0.000000
0.671981 -0.285208 0.000000
0.073215 1.549985 0.000000
0.417027 -0.300696 0.000000
0.823855 -0.317839 0.000000
-0.806535 -1.088513 0.000000
1.435295 -0.764418 0.000000
1.419352 -0.266789 0.000000
-0.517017 -0.850271 0.000000
-0.221496 1.562299 0.000000
-0.670783 1.358032 0.000000
1.062504 0.537309 0.000000
0.235413 -0.364577 0.000000
-0.150562 -0.581330 0.000000
-0.329689 -0.706470 0.000000
-0.677826 1.352548 0.000000
-0.624834 1.392422 0.000000
-0.386461 -0.748827 0.000000
0.239344 1.496383 0.000000
0.348915 -0.319701 0.000000
0.186249 1.517148 0.000000
-0.245158 1.558367 0.000000
-1.362632 0.360912 0.000000
1.241576 0.163682 0.000000
-1.566303 -0.202081 0.000000
-1.427857 -1.525710 0.000000
0.007846 1.562127 0.000000
1.273056 -0.597162 0.000000
-0.113076 1.570474 0.000000
-0.230245 1.560988 0.000000
0.701390 -0.289141 0.000000
0.631711 1.194088 0.000000
1.331565 -0.046759 0.000000
0.879101 -0.337431 0.000000
-0.461654 -0.806603 0.000000
1.332054 -0.653972 0.000000
-0.491074 1.474204 0.000000
-1.625814 -1.501738 0.000000
-0.074821 -0.532729 0.000000
0.532215 1.297463 0.000000
0.987311 0.676487 0.000000
-1.570259 -0.215602 0.000000
0.830668 -0.320046 0.000000
-1.649811 -0.529245 0.000000
0.370255 1.426845 0.000000
-1.588842 -0.281242 0.000000
0.553348 -0.281552 0.000000
-1.233369 0.630922 0.000000
1.115703 0.432554 0.000000
-0.479206 -0.820400 0.000000
0.831415 -0.320288 0.000000
-0.968832 1.049942 0.000000
-0.261853 -0.657490 0.000000
1.154567 0.352668 0.000000
1.450026 -0.347123 0.000000
-0.801321 -1.084167 0.000000
-0.061083 -0.524175 0.000000
-1.293669 0.511301 0.000000
-0.941532 1.084745 0.000000
-0.616664 1.398182 0.000000
-0.984828 1.028867 0.000000
-1.436237 0.181446 0.000000
1.276212 -0.600059 0.000000
-0.787321 1.255726 0.000000
1.327967 -0.649867 0.000000
-1.054676 -1.292228 0.000000
-0.887265 -1.155912 0.000000
0.751037 1.046217 0.000000
0.377901 -0.310906 0.000000
1.626889 -0.845925 0.000000
-0.017239 1.565265 0.000000
-0.035457 -0.508550 0.000000
0.316839 1.459027 0.000000
-1.626204 -1.501358 0.000000
-1.491596 0.030643 0.000000
1.716640 -1.135389 0.000000
1.043098 0.574251 0.000000
0.923596 -0.356298 0.000000
1.317861 -0.013715 0.000000
0.267585 -0.350262 0.000000
1.712440 -1.109209 0.000000
1.140298 -0.486302 0.000000
-1.001157 1.006826 0.000000
-1.059548 0.923629 0.000000
1.119796 0.424276 0.000000
1.653028 -1.042672 0.000000
-0.645019 -0.954094 0.000000
-1.357319 0.373054 0.000000
-0.459352 -0.804809 0.000000
0.168186 1.523357 0.000000
1.119076 -0.470746 0.000000
-0.001637 1.563299 0.000000
0.351627 -0.318839 0.000000
0.743001 1.056909 0.000000
-0.308946 -0.691328 0.000000
0.135114 -0.413177 0.000000
-0.850778 -1.125489 0.000000
1.506153 -0.848270 0.000000
-0.027787 1.566542 0.000000
0.360414 -0.315976 0.000000
-0.104634 -0.551459 0.000000
-0.331636 -0.707919 0.000000
0.673859 -0.285450 0.000000
1.004891 -0.397621 0.000000
1.206443 -0.538593 0.000000
-0.334761 1.537464 0.000000
1.530753 -0.878900 0.000000
-1.703633 -0.844062 0.000000
-0.023290 -0.501203 0.000000
-0.561060 -0.885591 0.000000
1.039018 0.581942 0.000000
-1.433208 0.189310 0.000000
1.155825 -0.498029 0.000000
-1.100084 0.861714 0.000000
1.436177 -0.310664 0.000000
-0.414354 1.509456 0.000000
0.086250 1.547157 0.000000
-0.985458 -1.236763 0.000000
0.047861 -0.459984 0.000000
0.277309 1.479309 0.000000
-0.662320 1.364551 0.000000
-0.789568 1.253519 0.000000
-1.158810 0.765307 0.000000
0.900754 -0.346295 0.000000
1.356312 -0.678634 0.000000
1.100293 -0.457535 0.000000
-1.596963 -0.311113 0.000000
0.526564 -0.283311 0.000000
-0.522733 1.457234 0.000000
-1.047147 -1.286295 0.000000
-0.535310 1.450197 0.000000
0.364332 -0.314803 0.000000
0.351293 -0.318942 0.000000
0.652416 1.170218 0.000000
-0.149645 -0.580709 0.000000
-1.165615 0.753614 0.000000
-1.469574 0.092523 0.000000
-1.005068 1.001479 0.000000
0.653619 1.168839 0.000000
0.927452 0.779794 0.000000
0.895548 -0.344053 0.000000
1.371756 -0.694777 0.000000
0.751526 1.045561 0.000000
-0.335650 1.537223 0.000000
-1.404639 0.261124 0.000000
-0.611299 -0.926396 0.000000
0.425083 1.388420 0.000000
-1.147877 -1.363456 0.000000
0.130063 1.535395 0.000000
-1.597136 -0.311733 0.000000
-0.118861 -0.560669 0.000000
-1.557616 -1.538231 0.000000
-0.869750 -1.141322 0.000000
-0.836061 -1.113210 0.000000
-1.127374 -1.348210 0.000000
-0.724753 1.313398 0.000000
1.102189 -0.458811 0.000000
0.636428 -0.282173 0.000000
0.221092 1.503937 0.000000
-0.296114 1.547812 0.000000
-0.197521 1.565334 0.000000
1.418959 -0.265789 0.000000
0.901712 -0.346709 0.000000
-1.458992 -1.534713 0.000000
-0.335013 -0.710402 0.000000
1.487550 -0.447911 0.000000
0.937182 -0.362576 0.000000
1.640717 -1.025322 0.000000
-0.697970 -0.997900 0.000000
-0.344040 -0.717094 0.000000
-0.355370 -0.725510 0.000000
0.386167 1.416463 0.000000
-1.121541 -1.343829 0.000000
1.516160 -0.526555 0.000000
-1.029123 -1.271946 0.000000
1.657518 -1.049053 0.000000
-0.264444 1.554952 0.000000
0.077174 1.549123 0.000000
-0.578905 1.423465 0.000000
-1.067753 0.911418 0.000000
1.703370 -1.080614 0.000000
0.030718 1.558367 0.000000
-0.699624 -0.999280 0.000000
1.556513 -0.640175 0.000000
-0.179465 1.567197 0.000000
1.198752 -0.532212 0.000000
1.146304 -0.490786 0.000000
0.381798 -0.309802 0.000000
-0.870942 1.168356 0.000000
0.697921 -0.288589 0.000000
1.353445 -0.100223 0.000000
0.766198 1.025486 0.000000
-0.451647 1.493348 0.000000
0.523122 -0.283622 0.000000
1.621851 -0.999107 0.000000
-0.156964 -0.585572 0.000000
1.044493 0.571595 0.000000
0.942344 -0.365025 0.000000
1.685260 -1.023977 0.000000
1.706840 -1.091548 0.000000
-1.679010 -1.419265 0.000000
-0.395551 1.516837 0.000000
-0.341649 -0.715335 0.000000
-1.254460 -1.437305 0.000000
1.499772 -0.840440 0.000000
0.353774 1.437504 0.000000
1.098733 -0.456431 0.000000
0.259526 1.487794 0.000000
-0.827495 1.215301 0.000000
-0.194657 1.565679 0.000000
1.037677 0.584426 0.000000
-1.176018 -1.383910 0.000000
0.513070 1.315192 0.000000
-0.807224 -1.089099 0.000000
1.217928 -0.548251 0.000000
-1.209307 -1.407296 0.000000
-0.087695 1.570094 0.000000
-0.555512 -0.881107 0.000000
1.293651 -0.616478 0.000000
-0.685548 -0.987587 0.000000
1.668875 -1.065299 0.000000
-1.573646 -1.533644 0.000000
0.063036 1.552193 0.000000
1.157899 0.345701 0.000000
-0.089858 1.570129 0.000000
1.098402 -0.456224 0.000000
1.237765 -0.565394 0.000000
0.091322 -0.436184 0.000000
-1.117709 -1.340932 0.000000
-0.018263 -0.498236 0.000000
0.475443 -0.289451 0.000000
-0.288302 -0.676358 0.000000
-0.534218 -0.864033 0.000000
0.312804 -0.332222 0.000000
-0.623648 1.393284 0.000000
-1.324154 0.446765 0.000000
-0.042149 1.567645 0.000000
0.868798 0.874684 0.000000
0.878805 0.859024 0.000000
0.123092 -0.419386 0.000000
1.339710 -0.066558 0.000000
1.663221 -0.955957 0.000000
0.832201 0.930700 0.000000
-1.274470 0.550485 0.000000
-0.901096 1.133725 0.000000
-0.362603 1.528565 0.000000
0.882454 0.853194 0.000000
-0.174792 1.567576 0.000000
0.564267 1.266074 0.000000
-1.494156 -1.541025 0.000000
-0.963450 1.056909 0.000000
1.226935 0.196485 0.000000
-0.125770 1.570163 0.000000
0.666030 1.154145 0.000000
-0.744904 1.295497 0.000000
0.738032 -0.295522 0.000000
-0.526320 1.455233 0.000000
0.487624 -0.287726 0.000000
-0.725746 1.312571 0.000000
-0.456113 -0.802291 0.000000
-0.039110 1.567404 0.000000
-0.302643 1.546225 0.000000
0.939195 0.760098 0.000000
0.850567 0.902864 0.000000
-0.306992 -0.689913 0.000000
-1.441702 -1.530091 0.000000
-0.184623 1.566818 0.000000
0.042837 1.556297 0.000000
1.085429 -0.447394 0.000000
-1.488043 -1.540266 0.000000
1.645606 -0.902286 0.000000
-1.592704 -1.525400 0.000000
0.431351 1.383660 0.000000
1.401682 -0.221328 0.000000
0.493247 -0.286933 0.000000
-1.155488 0.770963 0.000000
-1.036672 -1.277948 0.000000
1.357931 -0.680324 0.000000
1.060474 0.541206 0.000000
-0.277279 1.552055 0.000000
0.055672 -0.455672 0.000000
0.138001 -0.411694 0.000000
-1.245574 0.607536 0.000000
0.650769 -0.283173 0.000000
0.211058 1.507800 0.000000
-0.261828 -0.657490 0.000000
-1.696604 -1.365146 0.000000
0.628816 1.197295 0.000000
0.275600 -0.346847 0.000000
-1.277957 0.543483 0.000000
-1.311149 0.474635 0.000000
0.729139 -0.293832 0.000000
1.686438 -1.090721 0.000000
-1.665241 -1.448826 0.000000
-1.654424 -1.467141 0.000000
1.205354 -0.537696 0.000000
-0.032466 -0.506722 0.000000
0.432357 1.382902 0.000000
0.892533 -0.342812 0.000000
-1.652085 -0.539904 0.000000
1.497601 -0.837784 0.000000
1.654076 -1.044155 0.000000
0.835309 -0.321529 0.000000
0.014975 1.561057 0.000000
1.494510 -0.466882 0.000000
-0.756785 -1.046915 0.000000
-1.222277 0.651791 0.000000
-0.602523 -0.919256 0.000000
1.189128 0.279302 0.000000
-1.654345 -1.467245 0.000000
1.692075 -1.045224 0.000000
-0.088235 1.570094 0.000000
0.813088 0.958984 0.000000
0.374855 -0.311768 0.000000
-0.751420 -1.042430 0.000000
-0.984672 -1.236142 0.000000
1.650154 -0.916083 0.000000
-0.634816 1.385144 0.000000
-1.719866 -1.036049 0.000000
1.221680 -0.551459 0.000000
0.823583 0.943531 0.000000
0.546477 -0.281897 0.000000
0.621635 -0.281311 0.000000
0.598011 1.231029 0.000000
1.027447 -0.410659 0.000000
-1.163048 0.758063 0.000000
0.985878 0.679040 0.000000
1.535401 -0.884764 0.000000
1.203424 0.248293 0.000000
0.394137 1.410806 0.000000
0.369783 -0.313251 0.000000
0.525441 1.303809 0.000000
0.104740 1.542328 0.000000
0.224655 1.502557 0.000000
-0.608556 -0.924154 0.000000
-0.133768 1.569956 0.000000
1.416637 -0.743412 0.000000
-0.628731 -0.940677 0.000000
1.366618 -0.689361 0.000000
-0.097150 -0.546733 0.000000
0.539148 -0.282414 0.000000
-1.133615 -1.352866 0.000000
0.781673 1.003963 0.000000
-0.850140 1.191259 0.000000
-1.241542 0.615297 0.000000
1.666901 -0.967271 0.000000
-0.060349 -0.523727 0.000000
-1.180645 -1.387221 0.000000
-0.355997 1.530704 0.000000
0.334843 -0.324289 0.000000
1.430854 -0.759347 0.000000
0.050800 -0.458363 0.000000
-1.180446 0.727744 0.000000
-1.293893 -1.461691 0.000000
1.503593 -0.491821 0.000000
0.260877 -0.353194 0.000000
1.493956 -0.833369 0.000000
1.621903 -0.831024 0.000000
1.313216 -0.002608 0.000000
-1.659566 -1.458897 0.000000
0.136599 1.533394 0.000000
0.212013 -0.375338 0.000000
-0.245347 1.558332 0.000000
0.566293 1.264005 0.000000
1.560686 -0.652109 0.000000
1.287270 -0.610407 0.000000
-0.226523 1.561644 0.000000
0.286096 1.475136 0.000000
1.258143 0.126085 0.000000
-0.652152 1.372416 0.000000
1.379674 -0.165518 0.000000
1.416399 -0.259166 0.000000
1.429327 -0.292728 0.000000
1.262147 -0.587159 0.000000
-1.124029 0.823324 0.000000
1.585664 -0.950093 0.000000
-0.680772 -0.983620 0.000000
-1.601033 -0.326358 0.000000
1.558894 -0.914910 0.000000
-0.818736 -1.098723 0.000000
1.315745 -0.008645 0.000000
1.431119 -0.297419 0.000000
-1.718236 -1.003833 0.000000
0.093176 1.545329 0.000000
1.205078 -0.537455 0.000000
-1.593549 -1.524951 0.000000
0.872626 0.868682 0.000000
0.069648 -0.447946 0.000000
1.553619 -0.631931 0.000000
-0.497514 -0.834818 0.000000
-1.117802 0.833430 0.000000
-0.992670 -1.242627 0.000000
1.197605 -0.531246 0.000000
0.130452 -0.415591 0.000000
-0.587627 1.417877 0.000000
-1.578567 -1.531815 0.000000
0.871183 -0.334395 0.000000
-1.382383 0.314830 0.000000
-1.498718 0.010051 0.000000
-0.443736 1.497004 0.000000
0.958377 -0.372855 0.000000
0.631921 -0.281897 0.000000
-1.491065 0.032161 0.000000
0.776921 -0.304352 0.000000
1.581763 -0.944919 0.000000
-0.618986 1.396595 0.000000
1.566233 -0.668010 0.000000
1.400159 -0.725234 0.000000
0.824486 0.942186 0.000000
0.173365 -0.393930 0.000000
0.254333 1.490002 0.000000
-1.523745 -1.542370 0.000000
-0.242901 -0.644176 0.000000
-0.807720 -1.089513 0.000000
0.361730 -0.315562 0.000000
0.694003 1.120031 0.000000
-0.930519 -1.191750 0.000000
-0.803981 1.239342 0.000000
0.270663 -0.348882 0.000000
-1.489291 -1.540404 0.000000
1.647456 -0.907908 0.000000
0.124742 -0.418523 0.000000
-1.674444 -1.429992 0.000000
-0.604528 1.406495 0.000000
1.685094 -1.023459 0.000000
-1.193560 0.704427 0.000000
-0.869984 -1.141529 0.000000
0.002026 -0.486267 0.000000
0.810713 -0.313768 0.000000
0.556921 -0.281414 0.000000
1.193346 0.270161 0.000000
0.831081 -0.320150 0.000000
-0.529780 -0.860481 0.000000
0.372987 1.425052 0.000000
-0.155824 1.568991 0.000000
0.942255 0.754855 0.000000
0.238741 1.496625 0.000000
-1.636731 -0.470539 0.000000
-0.491597 -0.830127 0.000000
1.171758 -0.510412 0.000000
1.090687 0.482465 0.000000
-1.667415 -0.615616 0.000000
-0.247449 -0.647349 0.000000
-1.721665 -1.123109 0.000000
0.812936 0.959191 0.000000
1.014915 0.626576 0.000000
-1.691352 -0.754449 0.000000
-0.999444 1.009171 0.000000
-1.040059 0.952189 0.000000
-0.949664 -1.207513 0.000000
-0.576276 -0.897905 0.000000
1.695597 -1.056228 0.000000
0.734266 1.068499 0.000000
-0.683287 1.348098 0.000000
-0.835069 1.207264 0.000000
0.661527 -0.284174 0.000000
0.060889 -0.452775 0.000000
-1.596198 -1.523537 0.000000
-1.439266 0.173581 0.000000
1.627061 -1.006316 0.000000
-0.087391 -0.540594 0.000000
1.666436 -1.061815 0.000000
-1.721158 -1.159430 0.000000
1.698553 -1.108519 0.000000
-0.342924 1.534912 0.000000
-1.204931 -1.404261 0.000000
-1.349459 -1.492321 0.000000
-0.991795 1.019588 0.000000
0.054584 -0.456293 0.000000
0.958873 -0.373131 0.000000
-0.559075 1.435986 0.000000
-1.716351 -0.974686 0.000000
1.335544 -0.056417 0.000000
-0.172012 -0.595575 0.000000
-0.545737 1.443954 0.000000
0.018800 1.560402 0.000000
-0.308739 -0.691190 0.000000
0.238886 -0.362955 0.000000
-1.316377 -1.474661 0.000000
-1.248179 -1.433269 0.000000
-0.272252 1.553193 0.000000
-0.664039 1.363241 0.000000
0.340187 1.445575 0.000000
0.185480 1.517389 0.000000
-0.946711 -1.205099 0.000000
-1.630421 -1.497219 0.000000
-0.295559 -0.681601 0.000000
0.908996 0.810320 0.000000
-1.600399 -0.323978 0.000000
1.641071 -1.025839 0.000000
0.868168 0.875649 0.000000
-0.245372 1.558332 0.000000
-0.469093 1.485276 0.000000
1.525708 -0.553149 0.000000
-0.003022 1.563472 0.000000
1.002145 0.649859 0.000000
-0.501276 -0.837784 0.000000
-1.306019 0.485466 0.000000
-1.715593 -0.964339 0.000000
-1.351534 0.386161 0.000000
-1.686349 -0.722509 0.000000
-0.462140 -0.807017 0.000000
0.325122 1.454509 0.000000
-0.475409 1.482172 0.000000
-0.870029 -1.141563 0.000000
1.603540 -0.974100 0.000000
1.706110 -1.089237 0.000000
1.185303 -0.521243 0.000000
-1.324922 0.445075 0.000000
-1.291019 0.516820 0.000000
1.147869 -0.491993 0.000000
0.183685 1.518010 0.000000
0.918476 -0.353987 0.000000
-0.296369 1.547743 0.000000
-0.919627 1.111650 0.000000
1.270627 -0.594920 0.000000
1.523871 -0.870242 0.000000
-1.188185 0.714050 0.000000
1.603372 -0.973859 0.000000
1.360230 -0.116987 0.000000
-0.800222 -1.083236 0.000000
0.988028 -0.388308 0.000000
-0.986047 1.027246 0.000000
-0.256849 1.556332 0.000000
-1.485907 0.046855 0.000000
-0.321019 -0.700123 0.000000
0.347789 1.441057 0.000000
-0.052607 -0.519001 0.000000
1.043104 0.574216 0.000000
-0.683370 1.348029 0.000000
0.652271 -0.283311 0.000000
-1.093940 -1.322823 0.000000
-1.074213 -1.307543 0.000000
1.184469 0.289339 0.000000
1.466875 -0.800980 0.000000
-0.143068 1.569715 0.000000
-0.082516 -0.537558 0.000000
0.030763 1.558367 0.000000
-0.327470 -0.704814 0.000000
0.981574 -0.384789 0.000000
-0.486353 -0.825988 0.000000
0.767910 -0.302179 0.000000
0.648650 1.174565 0.000000
-0.203923 1.564541 0.000000
-0.131152 -0.568602 0.000000
-1.271985 -1.448412 0.000000
-1.479009 -1.538886 0.000000
1.499241 -0.479852 0.000000
1.131436 -0.479714 0.000000
0.758255 -0.299868 0.000000
-0.786887 -1.072094 0.000000
-0.273151 1.552986 0.000000
0.550949 1.279319 0.000000
0.714367 -0.291141 0.000000
0.785622 0.998409 0.000000
-1.275662 -1.450654 0.000000
0.325856 1.454095 0.000000
-0.862514 -1.135285 0.000000
-1.656134 -0.559185 0.000000
-0.636146 1.384178 0.000000
-0.991054 1.020554 0.000000
-1.366636 -1.500737 0.000000
0.616336 1.211162 0.000000
-0.740773 -1.033531 0.000000
-1.345538 0.399648 0.000000
-1.223135 0.650169 0.000000
-1.386236 -1.509671 0.000000
0.568099 -0.281000 0.000000
-1.397083 -1.514224 0.000000
1.464994 -0.386997 0.000000
1.077365 0.508576 0.000000
-1.243268 0.612020 0.000000
-0.771105 1.271283 0.000000
0.209559 -0.376511 0.000000
-1.532504 -0.091876 0.000000
-1.640979 -1.485491 0.000000
1.504603 -0.846373 0.000000
-1.589986 -0.285415 0.000000
1.428428 -0.756623 0.000000
-0.350160 -0.721647 0.000000
1.334731 -0.656662 0.000000
1.255145 -0.580812 0.000000
0.889648 0.841674 0.000000
0.053891 1.554159 0.000000
1.036671 0.586323 0.000000
1.426205 -0.754139 0.000000
-0.349123 -0.720853 0.000000
-0.190467 -0.608027 0.000000
1.253646 -0.579467 0.000000
-0.208492 1.563955 0.000000
1.192760 0.271438 0.000000
1.113753 -0.466951 0.000000
-1.071509 -1.305404 0.000000
-0.951456 -1.208997 0.000000
-1.710821 -1.292469 0.000000
-0.620799 1.395353 0.000000
1.349576 -0.671736 0.000000
0.223091 -0.370233 0.000000
-1.089836 0.877650 0.000000
-0.405278 1.513250 0.000000
0.394754 1.410392 0.000000
0.175353 1.520908 0.000000
-0.967723 1.051356 0.000000
0.115573 1.539499 0.000000
-0.491273 -0.829851 0.000000
1.586029 -0.725303 0.000000
0.537249 1.292599 0.000000
-1.312235 0.472324 0.000000
0.618217 1.209057 0.000000
0.291926 -0.340259 0.000000
-0.604683 1.406391 0.000000
0.187003 -0.387307 0.000000
0.401604 -0.304559 0.000000
-0.550657 -0.877210 0.000000
-1.164885 -1.375873 0.000000
0.305423 -0.334913 0.000000
-0.064253 1.569336 0.000000
-1.239885 -1.427854 0.000000
-1.627517 -0.431286 0.000000
1.446845 -0.777629 0.000000
1.420186 -0.747378 0.000000
-1.707516 -1.313579 0.000000
1.167272 -0.506929 0.000000
-0.547263 -0.874485 0.000000
-0.096409 1.570301 0.000000
-1.280965 -1.453896 0.000000
-0.215562 -0.625136 0.000000
-0.637855 -0.948196 0.000000
-0.617239 -0.931260 0.000000
-1.695439 -0.782182 0.000000
0.551928 -0.281587 0.000000
-1.205730 -1.404813 0.000000
0.205841 -0.378270 0.000000
-1.513470 -0.033514 0.000000
1.223513 -0.553046 0.000000
0.073022 1.550020 0.000000
0.357929 1.434848 0.000000
0.354845 -0.317770 0.000000
1.365509 -0.688223 0.000000
0.578047 -0.280724 0.000000
-0.650549 1.373623 0.000000
1.342129 -0.664113 0.000000
-0.962992 1.057496 0.000000
0.667209 -0.284691 0.000000
-0.732813 -1.026909 0.000000
-0.944354 1.081192 0.000000
1.519995 -0.865413 0.000000
0.965396 -0.376373 0.000000
0.078352 1.548881 0.000000
-1.528975 -1.542163 0.000000
0.275083 1.480378 0.000000
1.127946 -0.477196 0.000000
-1.297932 -1.464071 0.000000
1.092506 -0.452154 0.000000
-0.659777 1.366517 0.000000
0.406731 -0.303248 0.000000
-0.345622 -0.718266 0.000000
-1.236384 -1.425543 0.000000
1.661450 -0.950541 0.000000
0.821481 0.946636 0.000000
-0.605886 -0.921981 0.000000
0.459555 1.361412 0.000000
0.879594 -0.337638 0.000000
-0.013615 -0.495511 0.000000
0.301278 -0.336465 0.000000
-1.337661 -1.486216 0.000000
1.361839 -0.120988 0.000000
0.055872 1.553745 0.000000
0.364518 1.430571 0.000000
-0.136255 1.569887 0.000000
-1.234416 -1.424232 0.000000
0.152226 1.528668 0.000000
1.598740 -0.762486 0.000000
0.881534 0.854643 0.000000
1.520346 -0.865861 0.000000
0.240912 -0.362024 0.000000
0.867599 0.876546 0.000000
-0.011961 1.564610 0.000000
-1.024481 -1.268255 0.000000
-0.102022 1.570474 0.000000
0.101291 -0.430837 0.000000
1.314808 -0.006402 0.000000
0.178523 -0.391377 0.000000
0.797592 0.981439 0.000000
-0.749432 -1.040775 0.000000
-0.961110 1.059910 0.000000
-1.455609 -1.533885 0.000000
-1.086411 -1.316994 0.000000
0.325660 1.454198 0.000000
1.009274 0.636924 0.000000
0.554082 -0.281518 0.000000
-0.163994 -0.590263 0.000000
1.148189 -0.492235 0.000000
-0.552232 -0.878451 0.000000
-0.404885 1.513388 0.000000
-1.013851 0.989407 0.000000
-0.660504 -0.966857 0.000000
0.154417 1.527979 0.000000
0.012439 -0.480197 0.000000
-0.177873 -0.599473 0.000000
1.674306 -1.073129 0.000000
1.086331 0.491054 0.000000
1.450243 -0.781561 0.000000
-0.720649 -1.016768 0.000000
1.436815 -0.766143 0.000000
-1.354676 0.379090 0.000000
-1.420869 0.220733 0.000000
-0.935581 1.092230 0.000000
0.530340 -0.283035 0.000000
-0.600793 1.409047 0.000000
-0.736200 -1.029737 0.000000
-0.657882 -0.964684 0.000000
-1.146388 0.786382 0.000000
1.511935 -0.855410 0.000000
-0.998610 -1.247422 0.000000
-1.086112 -1.316752 0.000000
0.754875 1.041008 0.000000
-0.397649 1.516044 0.000000
0.815513 0.955466 0.000000
-0.000600 -0.487820 0.000000
0.933358 -0.360748 0.000000
-1.146736 0.785830 0.000000
-0.033045 -0.507067 0.000000
-0.840747 1.201262 0.000000
-0.671400 1.357549 0.000000
1.456535 -0.788873 0.000000
0.370300 1.426811 0.000000
-0.382188 -0.745619 0.000000
-0.483800 -0.823987 0.000000
0.455864 1.364413 0.000000
-0.440497 -0.790184 0.000000
-0.331401 1.538361 0.000000
-1.026917 -1.270187 0.000000
0.172897 1.521735 0.000000
0.490949 -0.287278 0.000000
0.081412 -0.441496 0.000000
-0.867789 -1.139700 0.000000
-1.039267 -1.280017 0.000000
0.394854 1.410323 0.000000
-1.114649 0.838535 0.000000
-1.594920 -1.524227 0.000000
1.607792 -0.979860 0.000000
0.581720 1.248310 0.000000
0.860391 -0.330325 0.000000
-1.515826 -0.040619 0.000000
-0.646397 1.376727 0.000000
-1.188974 -1.393120 0.000000
-0.899669 -1.166225 0.000000
1.057590 -0.429182 0.000000
1.631062 -0.858445 0.000000
0.774120 1.014621 0.000000
0.113499 1.540051 0.000000
-0.538018 1.448576 0.000000
0.265170 -0.351331 0.000000
-1.241235 0.615883 0.000000
-1.332685 -1.483594 0.000000
-0.473276 -0.815743 0.000000
-1.524885 -0.068214 0.000000
-0.695751 1.337923 0.000000
-1.060165 -1.296540 0.000000
0.527973 1.301498 0.000000
-0.096626 -0.546423 0.000000
0.561735 -0.281242 0.000000
-0.833897 1.208506 0.000000
-0.353781 1.531393 0.000000
-1.521850 -1.542405 0.000000
1.531449 -0.569223 0.000000
-0.725091 1.313122 0.000000
-0.495512 1.471962 0.000000
-0.277431 1.552020 0.000000
0.136685 -0.412384 0.000000
1.547654 -0.614960 0.000000
-0.673929 1.355583 0.000000
-1.691825 -1.382392 0.000000
0.441647 -0.295418 0.000000
1.446918 -0.338914 0.000000
-0.160548 1.568646 0.000000
0.487338 1.338061 0.000000
-0.749862 1.291047 0.000000
1.007817 0.639615 0.000000
0.423974 1.389283 0.000000
0.400946 -0.304697 0.000000
-0.617756 1.397423 0.000000
-0.558338 1.436434 0.000000
0.966985 0.712291 0.000000
0.193013 1.514768 0.000000
-0.013983 1.564851 0.000000
0.988844 0.673797 0.000000
-0.709747 1.326264 0.000000
-0.696233 1.337543 0.000000
1.324618 -0.646556 0.000000
0.992290 -0.390619 0.000000
1.438214 -0.767729 0.000000
1.163878 0.333145 0.000000
0.396435 -0.305835 0.000000
0.819490 -0.316424 0.000000
-0.618597 1.396871 0.000000
-1.085726 0.884031 0.000000
0.305416 -0.334913 0.000000
-0.524800 -0.856479 0.000000
1.323915 -0.028271 0.000000
0.211723 -0.375476 0.000000
0.451495 -0.293556 0.000000
-0.508540 1.465064 0.000000
0.137140 -0.412142 0.000000
-1.321490 -1.477489 0.000000
-1.568329 -1.535403 0.000000
1.132732 0.397923 0.000000
1.366046 -0.131405 0.000000
1.671463 -1.069025 0.000000
-0.207720 1.564058 0.000000
-0.621443 -0.934709 0.000000
1.693767 -1.050502 0.000000
1.131667 -0.479886 0.000000
-0.514050 -0.847925 0.000000
-1.075743 -1.308715 0.000000
0.715211 1.093265 0.000000
-1.043919 0.946601 0.000000
-0.810818 1.232375 0.000000
0.973135 -0.380409 0.000000
0.306626 1.464512 0.000000
1.022992 -0.408038 0.000000
-1.290423 -1.459622 0.000000
-0.441834 1.497901 0.000000
-0.627115 1.390766 0.000000
-0.881283 -1.150945 0.000000
1.332874 -0.654800 0.000000
-0.983129 -1.234866 0.000000
-0.822581 1.220371 0.000000
1.240153 0.166890 0.000000
-1.050689 -1.289089 0.000000
-1.543341 -1.540818 0.000000
1.103126 0.457837 0.000000
-1.497113 0.014742 0.000000
-0.610079 1.402700 0.000000
0.262324 -0.352573 0.000000
-0.553686 1.439228 0.000000
-0.330902 -0.707367 0.000000
0.012308 -0.480266 0.000000
0.960365 0.723812 0.000000
0.828449 0.936288 0.000000
0.424918 -0.298971 0.000000
-1.381243 0.317520 0.000000
0.284091 -0.343398 0.000000
0.355817 1.436228 0.000000
-1.460064 -1.534989 0.000000
-0.074794 1.569749 0.000000
-0.372268 -0.738169 0.000000
0.133529 -0.414005 0.000000
0.279380 -0.345295 0.000000
-1.148145 0.783415 0.000000
0.414054 1.396733 0.000000
-0.812093 1.231064 0.000000
0.143780 1.531221 0.000000
1.577746 -0.939573 0.000000
1.026854 -0.410314 0.000000
1.007644 0.639925 0.000000
-0.855268 1.185602 0.000000
0.055562 -0.455741 0.000000
1.415575 -0.257028 0.000000
-0.233094 1.560505 0.000000
-0.939926 -1.199511 0.000000
0.848513 -0.326082 0.000000
-1.280855 -1.453827 0.000000
0.494994 1.331404 0.000000
1.099501 0.465012 0.000000
1.007345 -0.399000 0.000000
-1.488622 0.039163 0.000000
-0.113803 -0.557392 0.000000
-1.520333 -1.542439 0.000000
1.268601 0.102078 0.000000
-0.036601 1.567231 0.000000
-0.937555 1.089747 0.000000
-1.335476 -1.485078 0.000000
-0.964897 -1.220000 0.000000
-0.135570 -0.571465 0.000000
0.387301 -0.308215 0.000000
0.981591 0.686628 0.000000
-0.357279 -0.726924 0.000000
-1.563126 -1.536886 0.000000
-1.317693 -1.475385 0.000000
0.480925 1.343614 0.000000
-1.176821 0.734160 0.000000
0.206027 1.509732 0.000000
-0.152361 1.569267 0.000000
1.434885 -0.307249 0.000000
-0.907519 1.126137 0.000000
-0.990623 -1.240971 0.000000
0.525024 -0.283415 0.000000
-1.051175 0.936046 0.000000
0.209318 -0.376615 0.000000
0.104729 -0.429009 0.000000
-1.042227 0.949050 0.000000
-1.414253 -1.520950 0.000000
-0.523264 -0.855238 0.000000
0.834348 0.927492 0.000000
1.452228 -0.783837 0.000000
-0.530541 -0.861067 0.000000
1.253450 -0.579295 0.000000
0.153859 -0.403657 0.000000
1.710672 -1.126455 0.000000
-1.285865 -1.456897 0.000000
-1.137188 0.801697 0.000000
-1.429473 -1.526262 0.000000
0.796717 0.982715 0.000000
0.551146 -0.281621 0.000000
-0.805518 1.237790 0.000000
-0.640240 1.381211 0.000000
1.060257 -0.430837 0.000000
0.998558 0.656309 0.000000
0.134432 1.534049 0.000000
-0.108024 1.570577 0.000000
0.899520 -0.345743 0.000000
-1.590434 -1.526572 0.000000
-1.473585 -1.537886 0.000000
-1.280810 -1.453827 0.000000
0.046979 -0.460501 0.000000
0.286175 1.475101 0.000000
-1.565552 -0.199528 0.000000
-1.366905 -1.500875 0.000000
0.396804 1.408944 0.000000
1.513930 -0.520381 0.000000
-0.686726 -0.988553 0.000000
-1.147587 -1.363249 0.000000
-0.553052 1.439573 0.000000
1.248240 -0.574638 0.000000
0.211758 1.507524 0.000000
-0.913187 -1.177436 0.000000
0.917452 -0.353504 0.000000
-1.623895 -1.503497 0.000000
-1.274542 0.550347 0.000000
0.635911 1.189328 0.000000
0.079517 -0.442496 0.000000
-1.098127 0.864784 0.000000
1.288958 -0.612028 0.000000
-1.203990 0.685594 0.000000
-1.309902 0.477257 0.000000
-0.396643 1.516423 0.000000
0.428770 1.385626 0.000000
-1.348284 -1.491735 0.000000
0.428374 -0.298247 0.000000
-1.012862 -1.258942 0.000000
0.005840 1.562402 0.000000
-0.950653 1.073294 0.000000
-1.162204 -1.373942 0.000000
-1.072153 -1.305922 0.000000
-0.750510 1.290461 0.000000
-1.576926 -1.532471 0.000000
-0.786260 -1.071542 0.000000
0.794346 -0.309043 0.000000
0.200966 -0.380616 0.000000
1.657483 -1.049019 0.000000
-1.267943 -1.445859 0.000000
-0.463101 1.488070 0.000000
-0.887861 1.149109 0.000000
-0.895655 -1.162880 0.000000
0.793667 0.987027 0.000000
-1.641751 -0.492614 0.000000
0.250946 -0.357574 0.000000
1.045492 -0.421593 0.000000
-1.213821 0.667519 0.000000
0.739373 -0.295832 0.000000
-0.811676 -1.092825 0.000000
1.364809 -0.687464 0.000000
1.296659 -0.619341 0.000000
-1.470122 0.091005 0.000000
1.300997 -0.623480 0.000000
-0.771006 1.271386 0.000000
1.622151 -0.999521 0.000000
-0.548617 -0.875554 0.000000
0.588046 -0.280690 0.000000
-0.257652 1.556159 0.000000
-0.771798 1.270627 0.000000
1.310818 -0.633000 0.000000
-1.551376 -0.152238 0.000000
-0.645553 -0.954543 0.000000
-1.548382 -1.540059 0.000000
0.701738 1.110408 0.000000
-1.076588 -1.309371 0.000000
1.654875 -0.930467 0.000000
1.051460 -0.425318 0.000000
1.534488 -0.883625 0.000000
-0.477459 -0.819020 0.000000
-1.412337 0.242084 0.000000
0.158876 1.526564 0.000000
0.804515 -0.311940 0.000000
0.589642 -0.280690 0.000000
-0.101336 1.570439 0.000000
0.529300 -0.283139 0.000000
-1.327269 0.439935 0.000000
1.393726 -0.201046 0.000000
0.903466 -0.347434 0.000000
1.598131 -0.760693 0.000000
-1.618492 -1.508222 0.000000
1.063066 -0.432665 0.000000
-1.500789 0.004014 0.000000
-1.518721 -1.542439 0.000000
1.692447 -1.046397 0.000000
-0.492135 1.473687 0.000000
-0.284060 1.550537 0.000000
1.010084 -0.400553 0.000000
1.021617 -0.407244 0.000000
1.013251 -0.402346 0.000000
1.114376 -0.467400 0.000000
-0.416794 1.508456 0.000000
-0.589284 1.416808 0.000000
1.234457 -0.562497 0.000000
1.319953 -0.018751 0.000000
-1.548678 -1.540025 0.000000
-0.899766 -1.166294 0.000000
-1.461684 -1.535368 0.000000
0.559123 1.271283 0.000000
-0.735504 1.303947 0.000000
1.420751 -0.270411 0.000000
-1.141533 -1.358799 0.000000
0.776432 -0.304248 0.000000
0.026149 -0.472332 0.000000
-0.741724 -1.034325 0.000000
0.819373 0.949775 0.000000
0.384155 1.417774 0.000000
0.071261 -0.447049 0.000000
1.225949 -0.555150 0.000000
1.337205 -0.659146 0.000000
0.527095 1.302292 0.000000
0.197365 -0.382340 0.000000
-1.521564 -0.058038 0.000000
-0.140545 -0.574673 0.000000
-1.719077 -1.019286 0.000000
1.264376 -0.589194 0.000000
-1.219269 -1.414057 0.000000
0.861786 -0.330842 0.000000
-0.858917 -1.132284 0.000000
0.283198 -0.343777 0.000000
-0.030464 1.566749 0.000000
0.067247 1.551296 0.000000
-1.250022 -1.434477 0.000000
1.160901 -0.501962 0.000000
1.596625 -0.964753 0.000000
-0.353444 1.531531 0.000000
-1.605216 -0.342260 0.000000
0.635994 1.189224 0.000000
-0.332190 1.538154 0.000000
1.057322 0.547277 0.000000
0.316522 -0.330877 0.000000
-1.702172 -0.832265 0.000000
-0.229090 -0.634518 0.000000
1.291046 -0.613994 0.000000
0.132120 1.534774 0.000000
1.396348 -0.721095 0.000000
-1.640611 -1.485940 0.000000
1.022564 -0.407796 0.000000
0.668418 -0.284794 0.000000
0.103248 1.542707 0.000000
0.929302 -0.358851 0.000000
-0.407969 1.512112 0.000000
0.703985 -0.289520 0.000000
0.925949 0.782312 0.000000
1.064937 0.532618 0.000000
-1.407237 -1.518294 0.000000
-1.685674 -1.401536 0.000000
-1.647819 -1.476696 0.000000
1.695817 -1.056918 0.000000
-1.164092 -1.375321 0.000000
-0.498120 1.470651 0.000000
1.562753 -0.919912 0.000000
0.974789 -0.381271 0.000000
-0.046790 -0.515448 0.000000
1.090346 0.483155 0.000000
-1.196568 -1.398466 0.000000
0.926042 -0.357402 0.000000
0.426417 1.387420 0.000000
-1.147508 0.784485 0.000000
-0.762253 1.279595 0.000000
-1.597649 -1.522709 0.000000
-0.791297 -1.075785 0.000000
-1.612948 -0.372268 0.000000
0.232828 -0.365749 0.000000
0.039367 1.556884 0.000000
0.522460 1.306569 0.000000
0.110732 1.540775 0.000000
1.286953 -0.610097 0.000000
1.478405 -0.814640 0.000000
-1.473871 0.080623 0.000000
-1.109219 0.847158 0.000000
0.264205 1.485552 0.000000
-0.680017 1.350754 0.000000
-1.510113 -0.023511 0.000000
-0.101085 -0.549217 0.000000
1.095366 0.473186 0.000000
1.418532 -0.264651 0.000000
0.624674 1.201883 0.000000
-0.225872 -0.632276 0.000000
0.289242 1.473652 0.000000
0.427051 -0.298523 0.000000
-0.100244 -0.548665 0.000000
-1.168899 0.747922 0.000000
-0.486863 1.476343 0.000000
0.386267 -0.308526 0.000000
-1.625232 -1.502290 0.000000
-0.472418 1.483690 0.000000
1.463940 -0.384203 0.000000
-0.983656 1.030419 0.000000
1.503938 -0.845545 0.000000
1.161349 -0.502307 0.000000
-0.945046 1.080330 0.000000
-0.625113 1.392215 0.000000
-0.927904 1.101578 0.000000
-0.244596 1.558470 0.000000
-0.687098 -0.988863 0.000000
-1.058739 -1.295401 0.000000
-0.718909 -1.015319 0.000000
-0.917622 -1.181126 0.000000
-1.160567 -1.372734 0.000000
0.269663 -0.349331 0.000000
0.461553 -0.291797 0.000000
0.456198 1.364137 0.000000
1.084098 0.495400 0.000000
0.217633 -0.372751 0.000000
1.438358 -0.767902 0.000000
-1.495131 -1.541128 0.000000
0.048898 -0.459432 0.000000
0.717358 1.090471 0.000000
-1.390925 -1.511672 0.000000
-0.166619 1.568197 0.000000
-1.187192 0.715809 0.000000
1.365474 -0.688189 0.000000
1.641933 -0.891179 0.000000
-0.620651 -0.934054 0.000000
-1.293848 0.510922 0.000000
1.614332 -0.988794 0.000000
1.701579 -1.074992 0.000000
-1.290851 -1.459863 0.000000
-0.057630 -0.522071 0.000000
1.612913 -0.986862 0.000000
-1.098923 -1.326652 0.000000
-1.355951 -1.495563 0.000000
0.792344 0.988924 0.000000
1.088764 -0.449601 0.000000
-1.099671 0.862370 0.000000
0.561190 -0.281242 0.000000
-1.016880 0.985130 0.000000
-1.034181 -1.275982 0.000000
0.768586 -0.302351 0.000000
-0.081999 1.569922 0.000000
1.591994 -0.742687 0.000000
-1.073025 0.903416 0.000000
-1.525819 -0.071077 0.000000
-1.284314 0.530514 0.000000
-1.342351 0.406753 0.000000
-0.224931 -0.631620 0.000000
1.154044 -0.496684 0.000000
0.163586 1.524943 0.000000
1.205485 0.243774 0.000000
1.368344 -0.137165 0.000000
0.497148 -0.286416 0.000000
0.830616 0.933045 0.000000
0.317735 1.458544 0.000000
0.030708 -0.469745 0.000000
0.033416 1.557918 0.000000
0.540309 -0.282345 0.000000
0.777820 1.009413 0.000000
0.060772 -0.452844 0.000000
-0.062031 1.569163 0.000000
-1.529279 -0.081804 0.000000
-1.026449 -1.269808 0.000000
-1.480177 -1.539059 0.000000
-1.373097 -1.503773 0.000000
0.920457 0.791487 0.000000
-0.747954 -1.039533 0.000000
-0.744094 1.296221 0.000000
1.383385 -0.707125 0.000000
0.930484 0.774723 0.000000
-0.478235 1.480723 0.000000
-0.088821 1.570129 0.000000
-1.210975 -1.408434 0.000000
-0.979235 1.036317 0.000000
-1.707861 -1.311544 0.000000
-0.699458 1.334922 0.000000
-1.638161 -0.476747 0.000000
-0.939592 1.087194 0.000000
-0.234400 -0.638243 0.000000
1.532365 -0.571810 0.000000
1.333343 -0.051071 0.000000
0.735341 1.067085 0.000000
1.048859 -0.423697 0.000000
-0.511317 1.463546 0.000000
1.714614 -1.132353 0.000000
-0.028228 1.566576 0.000000
-0.672054 1.357032 0.000000
1.637643 -1.021010 0.000000
-1.646244 -1.478800 0.000000
0.358908 1.434227 0.000000
1.468970 -0.803464 0.000000
-0.688487 -0.990001 0.000000
1.352046 -0.096774 0.000000
0.591385 1.238066 0.000000
0.422330 1.390524 0.000000
-1.674113 -1.430751 0.000000
0.689544 1.125585 0.000000
1.424641 -0.280517 0.000000
-0.549400 1.441781 0.000000
-1.657949 -0.567981 0.000000
0.337393 -0.323461 0.000000
0.389199 -0.307663 0.000000
0.306722 -0.334430 0.000000
0.865439 0.879926 0.000000
-0.843197 1.198641 0.000000
-0.287124 1.549847 0.000000
-1.104546 -1.330929 0.000000
0.994688 0.663277 0.000000
-1.585368 -0.268686 0.000000
0.977039 -0.382444 0.000000
0.895120 -0.343881 0.000000
0.538869 1.291013 0.000000
-1.181283 -1.387670 0.000000
-0.846712 1.194915 0.000000
-0.594680 -0.912841 0.000000
1.424886 -0.281173 0.000000
-1.341951 0.407650 0.000000
-0.009490 1.564300 0.000000
1.452600 -0.353987 0.000000
1.070801 0.521339 0.000000
0.823025 -0.317563 0.000000
-0.118441 1.570336 0.000000
-1.243613 0.611330 0.000000
1.132201 0.399027 0.000000
-0.753487 1.287805 0.000000
-1.178919 -1.385980 0.000000
-1.154830 0.772067 0.000000
-0.971720 1.046182 0.000000
0.660107 1.161250 0.000000
1.084343 0.494951 0.000000
0.731778 1.071810 0.000000
1.026834 0.604639 0.000000
1.016900 0.622955 0.000000
-0.563176 1.433537 0.000000
-1.226781 0.643340 0.000000
0.327366 1.453198 0.000000
0.891047 0.839432 0.000000
1.672772 -0.985345 0.000000
0.889652 -0.341673 0.000000
-1.259491 -1.440547 0.000000
-1.655303 -1.465762 0.000000
-1.494949 -1.541094 0.000000
0.669255 -0.284898 0.000000
-1.323761 -1.478765 0.000000
1.710000 -1.101482 0.000000
0.102183 -0.430389 0.000000
0.697452 1.115754 0.000000
0.250381 1.491692 0.000000
-0.623280 1.393560 0.000000
-0.577210 1.424534 0.000000
1.588403 -0.953749 0.000000
0.866024 -0.332429 0.000000
0.448559 1.370381 0.000000
-0.718885 -1.015285 0.000000
0.422668 -0.299454 0.000000
-0.304948 1.545604 0.000000
1.627909 -1.007489 0.000000
0.497341 1.329369 0.000000
-0.864027 1.175979 0.000000
-1.584386 -1.529435 0.000000
-1.021208 0.979059 0.000000
-1.676422 -0.664182 0.000000
0.126076 -0.417834 0.000000
0.438642 1.378107 0.000000
0.084530 1.547536 0.000000
0.484547 -0.288175 0.000000
-0.459724 -0.805120 0.000000
-0.699517 -0.999176 0.000000
-0.642579 1.379487 0.000000
-0.737858 1.301843 0.000000
1.664182 -1.058573 0.000000
-0.968422 -1.222897 0.000000
-0.999014 -1.247767 0.000000
1.249315 0.146194 0.000000
0.691684 -0.287657 0.000000
0.224328 -0.369681 0.000000
-0.978580 1.037179 0.000000
-0.594284 -0.912530 0.000000
1.583565 -0.718128 0.000000
0.111183 -0.425560 0.000000
0.596319 1.232823 0.000000
1.589826 -0.955646 0.000000
1.715716 -1.134009 0.000000
1.406796 -0.732512 0.000000
1.166410 0.327764 0.000000
1.240649 0.165751 0.000000
-0.832660 -1.110381 0.000000
0.896592 -0.344502 0.000000
1.041447 0.577389 0.000000
-1.713006 -0.932812 0.000000
1.470597 -0.402036 0.000000
-0.935047 1.092885 0.000000
-0.351900 1.532014 0.000000
-1.550477 -1.539714 0.000000
1.585971 -0.725131 0.000000
0.271851 -0.348365 0.000000
1.679605 -1.080787 0.000000
1.406682 -0.732409 0.000000
-0.502041 1.468651 0.000000
-1.285086 0.528961 0.000000
0.419153 -0.300213 0.000000
0.727258 -0.293487 0.000000
0.967436 -0.377442 0.000000
-0.386389 1.520218 0.000000
0.109192 -0.426629 0.000000
-0.804529 -1.086857 0.000000
1.449888 -0.346778 0.000000
-0.381041 1.522184 0.000000
-0.723944 1.314123 0.000000
-0.617563 1.397561 0.000000
-0.955866 1.066705 0.000000
1.549842 -0.903217 0.000000
0.967746 -0.377615 0.000000
0.513732 1.314571 0.000000
-0.196301 -0.611994 0.000000
1.313936 -0.636035 0.000000
-1.561179 -0.184765 0.000000
-0.259096 -0.655524 0.000000
0.758869 1.035524 0.000000
0.135631 -0.412901 0.000000
1.433693 -0.304145 0.000000
1.088220 -0.449257 0.000000
0.992824 0.666657 0.000000
-1.181159 0.726468 0.000000
1.013585 0.629025 0.000000
-0.803382 -1.085892 0.000000
1.650685 -1.039361 0.000000
-1.077459 0.896690 0.000000
-0.145569 -0.578018 0.000000
-0.735762 1.303706 0.000000
-0.739263 1.300567 0.000000
1.142790 0.377193 0.000000
0.121048 1.538085 0.000000
0.003593 -0.485336 0.000000
0.626718 -0.281587 0.000000
0.109195 1.541155 0.000000
0.743780 1.055875 0.000000
0.509332 1.318607 0.000000
-0.635636 -0.946368 0.000000
0.626876 1.199434 0.000000
1.558477 -0.914358 0.000000
0.399278 1.407185 0.000000
-0.408917 -0.765936 0.000000
1.328991 -0.040516 0.000000
0.571824 1.258382 0.000000
-0.691664 -0.992657 0.000000
-0.655821 1.369553 0.000000
-0.124595 1.570163 0.000000
1.526645 -0.555771 0.000000
-0.020647 -0.499651 0.000000
-0.198196 1.565265 0.000000
-0.141290 -0.575156 0.000000
0.100109 1.543535 0.000000
-1.156904 0.768549 0.000000
0.704319 -0.289589 0.000000
1.175014 0.309552 0.000000
-0.546478 -0.873829 0.000000
0.075640 1.549468 0.000000
1.474439 -0.412384 0.000000
-1.145854 -1.361972 0.000000
1.259297 -0.584572 0.000000
-1.218866 -1.413815 0.000000
0.761753 -0.300696 0.000000
0.062671 1.552262 0.000000
0.882578 0.852988 0.000000
-0.388697 -0.750517 0.000000
-0.916719 1.115202 0.000000
-1.543420 -0.126472 0.000000
0.604724 1.223889 0.000000
-0.973091 1.044423 0.000000
0.450189 1.369035 0.000000
-0.057565 -0.522002 0.000000
1.379629 -0.703124 0.000000
1.429975 -0.758382 0.000000
-1.411538 -1.519915 0.000000
1.158127 -0.499789 0.000000
-1.527029 -0.074836 0.000000
-0.266670 1.554435 0.000000
-0.417927 -0.772800 0.000000
0.597698 -0.280655 0.000000
0.372122 -0.312561 0.000000
1.677996 -1.078476 0.000000
-1.416848 0.230874 0.000000
1.631999 -1.013146 0.000000
-1.673359 -0.647246 0.000000
-1.565635 -0.199804 0.000000
-0.621030 -0.934364 0.000000
-0.095430 1.570301 0.000000
1.205757 0.243188 0.000000
1.061332 0.539551 0.000000
-0.907495 -1.172710 0.000000
0.260787 1.487174 0.000000
1.347143 -0.669218 0.000000
0.125841 1.536671 0.000000
-0.520996 1.458200 0.000000
-0.904800 -1.170468 0.000000
1.238237 -0.565808 0.000000
1.670408 -1.067507 0.000000
-0.422534 -0.776318 0.000000
-0.997194 -1.246283 0.000000
1.253140 0.137502 0.000000
0.229062 1.500729 0.000000
-1.476852 0.072345 0.000000
0.042058 1.556435 0.000000
0.127709 1.536084 0.000000
0.335573 1.448300 0.000000
-1.700718 -1.348106 0.000000
1.014670 0.627025 0.000000
-1.132719 -1.352211 0.000000
-1.022613 -1.266738 0.000000
-0.489892 1.474825 0.000000
0.757742 -0.299730 0.000000
1.187133 -0.522726 0.000000
0.783037 1.002031 0.000000
-1.591274 -0.290106 0.000000
-1.081298 -1.313062 0.000000
-0.980820 -1.233004 0.000000
1.178750 0.301550 0.000000
1.315125 -0.637208 0.000000
1.406716 -0.732443 0.000000
-1.092686 0.873235 0.000000
-0.035567 -0.508619 0.000000
-1.121654 0.827187 0.000000
-0.252018 1.557160 0.000000
-1.365292 -1.500116 0.000000
1.146839 -0.491200 0.000000
1.188670 -0.523968 0.000000
0.916380 0.798247 0.000000
0.359614 1.433779 0.000000
-0.524153 -0.855962 0.000000
-1.404250 -1.517121 0.000000
-0.113510 1.570439 0.000000
-1.590975 -1.526297 0.000000
-0.817644 -1.097826 0.000000
1.660350 -1.053089 0.000000
-0.976837 -1.229761 0.000000
0.321697 -0.328980 0.000000
0.025357 1.559298 0.000000
-1.207770 -1.406227 0.000000
0.474998 1.348754 0.000000
1.641647 -1.026633 0.000000
0.648781 1.174427 0.000000
0.990529 -0.389653 0.000000
1.001449 0.651101 0.000000
-1.537903 -1.541473 0.000000
0.845219 -0.324944 0.000000
0.734749 1.067878 0.000000
-1.456884 -1.534195 0.000000
-0.589143 -0.908357 0.000000
-1.117306 -1.340621 0.000000
-1.149213 0.781587 0.000000
1.369502 -0.140062 0.000000
0.647616 1.175772 0.000000
0.117055 -0.422490 0.000000
1.112564 -0.466124 0.000000
1.227558 -0.556529 0.000000
-0.676461 1.353652 0.000000
1.120510 0.422827 0.000000
-1.623168 -1.504187 0.000000
-1.354190 -1.494701 0.000000
0.400849 -0.304731 0.000000
1.073127 -0.439185 0.000000
0.513205 -0.284657 0.000000
1.650895 -1.039671 0.000000
-1.352629 -1.493908 0.000000
-1.159227 0.764617 0.000000
1.666429 -1.061781 0.000000
0.108534 -0.426974 0.000000
-0.207262 -0.619479 0.000000
1.245369 0.155093 0.000000
1.622489 -1.000004 0.000000
1.549990 -0.621583 0.000000
-0.989293 1.022899 0.000000
0.467466 -0.290727 0.000000
-0.293405 -0.680048 0.000000
0.891444 0.838811 0.000000
-1.557117 -0.171209 0.000000
1.498445 -0.838819 0.000000
0.294731 1.470858 0.000000
1.622113 -0.831679 0.000000
1.192650 0.271679 0.000000
-0.553641 1.439228 0.000000
-0.995733 1.014276 0.000000
-0.748674 1.292116 0.000000
-0.962565 -1.218103 0.000000
-0.837136 -1.114107 0.000000
-0.264475 1.554952 0.000000
-0.035175 1.567128 0.000000
-0.981303 -1.233383 0.000000
-0.959377 1.062187 0.000000
0.697131 1.116134 0.000000
-1.566286 -1.535989 0.000000
1.347746 -0.669838 0.000000
1.350723 -0.093531 0.000000
1.172620 0.314657 0.000000
-0.604376 -0.920740 0.000000
0.228049 -0.367957 0.000000
0.972818 0.702150 0.000000
-0.999672 -1.248284 0.000000
-0.508864 1.464891 0.000000
1.103436 -0.459673 0.000000
1.353800 -0.676047 0.000000
-0.031887 -0.506377 0.000000
-0.170285 -0.594437 0.000000
-0.840592 1.201400 0.000000
-0.197290 -0.612684 0.000000
-0.931822 -1.192854 0.000000
-1.326318 -1.480145 0.000000
0.360951 -0.315804 0.000000
-0.201283 1.564851 0.000000
1.442411 -0.772524 0.000000
-1.367019 0.350771 0.000000
-0.100320 -0.548734 0.000000
-0.713989 -1.011214 0.000000
0.282516 1.476860 0.000000
1.189600 -0.524727 0.000000
1.485069 -0.441151 0.000000
0.517519 1.311087 0.000000
-0.619782 1.396043 0.000000
0.369838 -0.313217 0.000000
-1.417654 -1.522192 0.000000
0.770822 -0.302903 0.000000
0.978049 -0.382961 0.000000
0.770612 -0.302834 0.000000
1.397916 -0.722785 0.000000
-0.981812 -1.233797 0.000000
-0.558017 1.436641 0.000000
1.409769 -0.242058 0.000000
-1.141815 -1.359006 0.000000
1.253078 -0.578984 0.000000
1.244884 -0.571672 0.000000
0.101587 1.543155 0.000000
-0.698104 -0.998004 0.000000
-1.446967 -1.531608 0.000000
-1.516664 -0.043172 0.000000
1.654010 -1.044086 0.000000
1.252943 0.137916 0.000000
0.601426 -0.280724 0.000000
1.415096 -0.255786 0.000000
0.107810 1.541534 0.000000
-1.040776 -1.281225 0.000000
0.675337 -0.285622 0.000000
1.340603 -0.068731 0.000000
1.020676 0.616021 0.000000
0.638240 -0.282277 0.000000
-1.296498 0.505403 0.000000
0.938557 0.761167 0.000000
0.252562 1.490761 0.000000
-1.488309 -1.540301 0.000000
0.603952 1.224717 0.000000
-0.575853 1.425431 0.000000
-0.076503 1.569784 0.000000
-1.624991 -0.420834 0.000000
-0.859399 1.181049 0.000000
0.154779 1.527875 0.000000
-0.637631 1.383109 0.000000
-1.276265 0.546898 0.000000
-1.126571 -1.347623 0.000000
0.076650 -0.444048 0.000000
1.645413 -1.031910 0.000000
0.207526 -0.377477 0.000000
1.059654 0.542793 0.000000
0.412200 -0.301903 0.000000
-1.267678 0.564144 0.000000
1.464501 -0.385686 0.000000
1.452307 -0.353194 0.000000
0.235147 -0.364680 0.000000
1.338542 -0.063695 0.000000
-0.545533 1.444092 0.000000
0.748132 1.050080 0.000000
1.013506 -0.402484 0.000000
-0.601227 1.408771 0.000000
-0.069694 1.569611 0.000000
0.491000 1.334887 0.000000
-0.608136 1.404011 0.000000
-0.131628 1.569991 0.000000
0.336745 1.447610 0.000000
-0.990399 1.021416 0.000000
-0.201225 1.564851 0.000000
1.660950 -0.949024 0.000000
0.164058 -0.398586 0.000000
1.593234 -0.960199 0.000000
0.380864 1.419912 0.000000
1.284417 -0.607751 0.000000
0.123371 -0.419248 0.000000
-1.253047 0.593015 0.000000
-1.063904 0.917179 0.000000
-1.516702 -0.043275 0.000000
-0.797886 -1.081269 0.000000
-1.141977 0.793729 0.000000
-0.955980 1.066567 0.000000
0.411428 -0.302075 0.000000
-1.031948 -1.274223 0.000000
0.051486 -0.457983 0.000000
1.135850 0.391507 0.000000
1.715189 -1.133216 0.000000
-0.711484 -1.009110 0.000000
0.483830 1.341096 0.000000
-0.614562 1.399631 0.000000
-1.175660 -1.383634 0.000000
-1.180490 -1.387083 0.000000
-1.071164 -1.305163 0.000000
0.372787 1.425190 0.000000
1.125158 0.413341 0.000000
-0.805945 -1.088030 0.000000
1.307648 -0.629896 0.000000
-0.711880 -1.009455 0.000000
0.229424 1.500591 0.000000
1.438372 -0.316424 0.000000
1.592514 -0.744205 0.000000
-0.711346 -1.009007 0.000000
1.690797 -1.041223 0.000000
-1.283642 -1.455552 0.000000
1.179408 -0.516518 0.000000
-1.204876 0.683972 0.000000
0.434824 -0.296867 0.000000
1.004722 -0.397517 0.000000
-0.946011 1.079123 0.000000
1.705359 -1.086857 0.000000
-0.490026 1.474756 0.000000
1.617785 -0.818779 0.000000
0.082315 -0.441013 0.000000
0.183027 -0.389204 0.000000
-0.238101 -0.640830 0.000000
-1.136230 -1.354832 0.000000
-0.890997 -1.159016 0.000000
-1.713846 -0.942539 0.000000
-1.700384 -1.349590 0.000000
-0.066114 -0.527245 0.000000
0.133777 1.534256 0.000000
1.377648 -0.160448 0.000000
-0.108717 -0.554115 0.000000
0.543717 -0.282104 0.000000
0.225937 -0.368923 0.000000
-1.149441 -1.364594 0.000000
-0.081957 -0.537213 0.000000
-0.334030 1.537637 0.000000
1.094194 0.475532 0.000000
-1.375688 0.330593 0.000000
1.453851 -0.785735 0.000000
-0.696202 1.337578 0.000000
-0.325120 -0.703090 0.000000
0.458969 -0.292245 0.000000
-0.428551 -0.780940 0.000000
1.236945 0.174099 0.000000
1.279813 0.076139 0.000000
1.086517 0.490709 0.000000
0.203274 1.510801 0.000000
1.672538 -1.070577 0.000000
-0.192807 -0.609614 0.000000
0.309189 1.463132 0.000000
-1.214938 -1.411125 0.000000
-0.689638 -0.990967 0.000000
-0.025692 1.566300 0.000000
0.178709 -0.391274 0.000000
1.695159 -1.103517 0.000000
-1.121131 0.828015 0.000000
1.212704 -0.543836 0.000000
1.154305 0.353220 0.000000
0.610144 1.218026 0.000000
-0.026602 -0.503169 0.000000
1.683123 -1.017354 0.000000
-1.583797 -0.263064 0.000000
1.226594 -0.555702 0.000000
-1.056206 -1.293435 0.000000
-0.238284 -0.640933 0.000000
-0.125825 -0.565153 0.000000
1.013850 0.628542 0.000000
0.266004 -0.350952 0.000000
0.094096 -0.434701 0.000000
0.786180 -0.306835 0.000000
0.063449 1.552089 0.000000
-0.477542 -0.819089 0.000000
-0.512017 -0.846304 0.000000
0.975695 -0.381754 0.000000
0.047292 -0.460329 0.000000
0.594114 -0.280690 0.000000
-1.021893 0.978093 0.000000
-0.149480 1.569474 0.000000
-1.322551 -1.478076 0.000000
1.611672 -0.985138 0.000000
1.397296 -0.722130 0.000000
-0.712955 -1.010352 0.000000
-0.019011 -0.498685 0.000000
-0.124040 1.570198 0.000000
0.332851 -0.324944 0.000000
-0.214667 -0.624515 0.000000
-1.587929 -1.527814 0.000000
1.300353 -0.622859 0.000000
1.249935 0.144780 0.000000
0.833224 -0.320874 0.000000
-1.533289 -0.094325 0.000000
-0.250247 1.557470 0.000000
-1.033051 -1.275085 0.000000
-0.141348 -0.575224 0.000000
0.951372 -0.369371 0.000000
0.530475 -0.283035 0.000000
-0.403807 -0.762003 0.000000
-1.083224 0.887929 0.000000
0.467414 1.354997 0.000000
-0.575653 -0.897388 0.000000
-1.532032 -0.090393 0.000000
-0.469899 1.484931 0.000000
0.917707 -0.353642 0.000000
-0.900179 -1.166639 0.000000
0.230685 -0.366750 0.000000
-0.988514 1.023934 0.000000
0.797354 -0.309836 0.000000
-0.281383 -0.671425 0.000000
-1.308358 -1.470108 0.000000
-1.278246 0.542897 0.000000
-0.370831 -0.737065 0.000000
-1.212856 -1.409711 0.000000
-0.762736 -1.051882 0.000000
0.179209 1.519562 0.000000
-0.922187 1.108545 0.000000
1.471906 -0.806913 0.000000
1.196337 -0.530211 0.000000
1.151108 0.359912 0.000000
1.597765 -0.966305 0.000000
-1.015353 0.987303 0.000000
-1.291429 0.515958 0.000000
0.065631 1.551641 0.000000
-0.168697 1.568025 0.000000
0.389541 -0.307560 0.000000
-1.631200 -1.496460 0.000000
-0.104165 1.570508 0.000000
-0.216314 1.562954 0.000000
0.627514 1.198744 0.000000
-1.338722 0.414790 0.000000
1.202694 0.249880 0.000000
-1.027627 -1.270773 0.000000
-0.908673 1.124791 0.000000
-1.216405 -1.412125 0.000000
0.345800 -0.320736 0.000000
-1.611553 -1.513638 0.000000
-0.766674 -1.055193 0.000000
-0.192073 -0.609131 0.000000
-0.141803 -0.575500 0.000000
-0.178979 1.567231 0.000000
-1.021594 0.978507 0.000000
-0.275563 1.552434 0.000000
-1.092307 -1.321547 0.000000
-0.158753 -0.586780 0.000000
-1.563030 -0.190974 0.000000
0.127016 -0.417351 0.000000
-0.510480 1.463994 0.000000
0.842135 -0.323840 0.000000
1.583645 -0.718335 0.000000
0.241987 1.495245 0.000000
-0.071730 -0.530763 0.000000
1.103977 -0.460053 0.000000
1.353762 -0.676013 0.000000
0.699699 -0.288865 0.000000
-1.300843 0.496366 0.000000
1.077121 0.509059 0.000000
0.977687 0.693527 0.000000
-0.210404 -0.621617 0.000000
0.291216 -0.340535 0.000000
-0.247573 -0.647418 0.000000
0.324792 -0.327842 0.000000
-0.659901 1.366414 0.000000
-0.275646 -0.667355 0.000000
-1.355610 0.376951 0.000000
-1.555759 -1.538679 0.000000
-0.621040 1.395181 0.000000
-0.964987 1.054909 0.000000
-0.341298 -0.715059 0.000000
-0.334441 1.537533 0.000000
1.439678 -0.769385 0.000000
0.277454 1.479240 0.000000
-0.232543 -0.636932 0.000000
1.648321 -0.910530 0.000000
0.374179 -0.311975 0.000000
1.062659 -0.432424 0.000000
0.366168 -0.314286 0.000000
1.618481 -0.820848 0.000000
-0.463253 -0.807879 0.000000
-0.704875 1.330438 0.000000
-0.427431 1.504041 0.000000
-1.615146 -0.380995 0.000000
1.618364 -0.994313 0.000000
1.191154 0.274921 0.000000
0.848375 -0.326048 0.000000
-1.420493 -1.523192 0.000000
0.616208 1.211300 0.000000
-0.959505 1.062014 0.000000
-0.801431 -1.084236 0.000000
1.082972 -0.445738 0.000000
0.929371 -0.358885 0.000000
-0.031908 -0.506377 0.000000
-0.272159 1.553193 0.000000
-0.486112 -0.825815 0.000000
0.551225 -0.281621 0.000000
-1.714139 -0.946057 0.000000
-0.542605 -0.870725 0.000000
-1.713777 -0.941711 0.000000
-0.661631 1.365069 0.000000
1.360557 -0.683049 0.000000
0.239837 -0.362507 0.000000
0.210586 -0.376028 0.000000
0.211165 1.507766 0.000000
1.603341 -0.973824 0.000000
0.193350 -0.384272 0.000000
1.670860 -1.068162 0.000000
-0.913339 -1.177574 0.000000
-0.558779 1.436159 0.000000
-0.553817 1.439125 0.000000
1.124393 -0.474609 0.000000
0.101790 1.543086 0.000000
0.557986 -0.281380 0.000000
1.559869 -0.649764 0.000000
-1.301095 -1.465900 0.000000
-1.477431 0.070724 0.000000
-0.933603 1.094645 0.000000
0.223711 -0.369957 0.000000
0.090171 -0.436805 0.000000
-0.473335 1.483207 0.000000
0.500631 1.326540 0.000000
1.659268 -1.051537 0.000000
-0.587606 1.417877 0.000000
-0.047169 1.568025 0.000000
0.695471 -0.288209 0.000000
1.027616 -0.410762 0.000000
-1.449603 -1.532298 0.000000
-0.711759 -1.009352 0.000000
0.557737 -0.281380 0.000000
0.592750 -0.280690 0.000000
1.713008 -1.129939 0.000000
-0.564078 1.432985 0.000000
0.814876 -0.315010 0.000000
-1.220733 -1.415057 0.000000
-0.975190 1.041698 0.000000
0.971095 0.705151 0.000000
0.565993 -0.281069 0.000000
-0.831430 -1.109347 0.000000
1.225811 0.199003 0.000000
-1.029812 -1.272498 0.000000
1.058941 -0.430009 0.000000
1.489655 -0.453637 0.000000
-1.044628 -1.284295 0.000000
-0.087712 1.570094 0.000000
0.308945 1.463235 0.000000
0.840877 -0.323427 0.000000
0.252193 -0.357023 0.000000
-1.308620 0.479982 0.000000
-0.627366 -0.939573 0.000000
1.273425 0.090971 0.000000
0.825981 -0.318529 0.000000
-0.258162 1.556090 0.000000
0.989623 -0.389170 0.000000
1.049441 0.562213 0.000000
-1.260228 -1.441030 0.000000
-0.916698 1.115237 0.000000
1.177526 -0.515000 0.000000
0.557651 1.272766 0.000000
0.811437 -0.313975 0.000000
-0.493713 1.472893 0.000000
0.640063 -0.282380 0.000000
0.000255 1.563092 0.000000
-1.030222 0.966366 0.000000
0.226547 1.501798 0.000000
-0.628938 1.389455 0.000000
1.385553 -0.709436 0.000000
1.691369 -1.043017 0.000000
-0.786790 1.256244 0.000000
-0.720529 -1.016664 0.000000
-1.514562 -0.036791 0.000000
-0.657313 1.368415 0.000000
1.071535 0.519924 0.000000
-0.209622 1.563817 0.000000
-0.993135 -1.243007 0.000000
-0.648489 1.375175 0.000000
0.702786 -0.289348 0.000000
-1.012032 0.991925 0.000000
0.890331 0.840570 0.000000
-1.713047 -1.275671 0.000000
1.342085 -0.072353 0.000000
-0.831444 1.211127 0.000000
1.334614 -0.656524 0.000000
-0.270029 1.553676 0.000000
-1.257382 0.584529 0.000000
0.961885 0.721156 0.000000
0.730469 -0.294073 0.000000
1.527300 -0.557599 0.000000
0.050290 1.554952 0.000000
-1.238524 0.621057 0.000000
-1.348966 0.391956 0.000000
-0.707797 1.327920 0.000000
0.258161 -0.354401 0.000000
-0.626763 1.391042 0.000000
-1.176004 -1.383875 0.000000
-0.383132 1.521390 0.000000
-0.226806 1.561609 0.000000
-0.470272 1.484759 0.000000
1.143227 0.376261 0.000000
1.242475 0.161647 0.000000
1.310156 -0.632345 0.000000
-0.040005 -0.511309 0.000000
0.636314 1.188845 0.000000
-1.363545 -1.499289 0.000000
-1.525785 -1.542336 0.000000
0.301719 1.467133 0.000000
1.376456 -0.699744 0.000000
-0.936001 -1.196303 0.000000
0.005323 -0.484301 0.000000
-0.576163 -0.897802 0.000000
1.163681 -0.504135 0.000000
1.272394 -0.596541 0.000000
0.186290 -0.387652 0.000000
1.631596 -1.012594 0.000000
1.185358 -0.521278 0.000000
-0.607174 -0.923016 0.000000
1.647753 -1.035221 0.000000
-0.053768 -0.519691 0.000000
-1.212215 0.670486 0.000000
-1.445020 0.158508 0.000000
-0.430580 -0.782527 0.000000
0.468114 -0.290624 0.000000
1.138458 0.386092 0.000000
-1.181631 -1.387911 0.000000
1.550969 -0.624377 0.000000
-0.126049 -0.565325 0.000000
-1.567299 -0.205461 0.000000
1.253157 -0.579053 0.000000
0.982821 -0.385479 0.000000
-0.894411 1.141589 0.000000
-1.637695 -1.489355 0.000000
0.958829 -0.373096 0.000000
0.883718 0.851159 0.000000
-1.628047 -0.433493 0.000000
0.630374 -0.281794 0.000000
-0.456833 -0.802843 0.000000
-0.798420 1.244827 0.000000
1.255779 0.131466 0.000000
-0.166719 -0.592057 0.000000
-0.504498 -0.840337 0.000000
0.542931 1.287080 0.000000
-0.131600 -0.568912 0.000000
1.169546 0.321142 0.000000
-1.537052 -0.106156 0.000000
-0.761330 1.280458 0.000000
1.459502 -0.792323 0.000000
0.526126 -0.283346 0.000000
1.163599 0.333732 0.000000
-1.708202 -0.883867 0.000000
-1.371030 -1.502807 0.000000
-0.588243 -0.907632 0.000000
0.755199 1.040560 0.000000
1.088661 0.486501 0.000000
0.037458 -0.465882 0.000000
-1.538355 -1.541439 0.000000
0.372439 -0.312492 0.000000
-0.211217 1.563610 0.000000
-1.427212 -1.525503 0.000000
0.433188 -0.297212 0.000000
0.120142 -0.420903 0.000000
1.317568 -0.013025 0.000000
-0.765444 1.276595 0.000000
0.966092 0.713843 0.000000
1.274837 0.087660 0.000000
-0.346445 -0.718887 0.000000
-0.222237 -0.629758 0.000000
0.225172 -0.369268 0.000000
0.541891 1.288081 0.000000
0.050948 -0.458294 0.000000
-1.604289 -0.338741 0.000000
-0.534859 -0.864551 0.000000
0.687800 1.127758 0.000000
1.124493 0.414721 0.000000
-0.519380 -0.852168 0.000000
0.890541 -0.342018 0.000000
0.770174 1.020037 0.000000
-1.529099 -0.081252 0.000000
0.760288 -0.300351 0.000000
1.678678 -1.003592 0.000000
1.309360 -0.631551 0.000000
-1.107417 -1.333136 0.000000
-0.120377 1.570267 0.000000
1.177471 -0.514965 0.000000
-1.715841 -1.250216 0.000000
-0.447378 1.495314 0.000000
0.677505 -0.285898 0.000000
1.216959 -0.547458 0.000000
1.049875 0.561419 0.000000
0.979314 0.690664 0.000000
1.051281 -0.425215 0.000000
1.597286 -0.758209 0.000000
-1.674120 -1.430717 0.000000
-1.442281 -1.530229 0.000000
0.259998 1.487553 0.000000
-0.834338 1.208057 0.000000
1.470786 -0.402553 0.000000
-0.543773 1.445127 0.000000
1.707047 -1.121074 0.000000
-0.961851 -1.217516 0.000000
0.981047 -0.384513 0.000000
1.461114 -0.376649 0.000000
0.744869 -0.296970 0.000000
-1.625911 -1.501669 0.000000
1.247275 -0.573776 0.000000
1.574551 -0.691983 0.000000
1.607551 -0.788425 0.000000
-1.615632 -1.510533 0.000000
-0.657830 1.368035 0.000000
0.437653 -0.296281 0.000000
-1.575793 -1.532885 0.000000
-0.739508 -1.032497 0.000000
0.084327 -0.439909 0.000000
-0.423317 -0.776939 0.000000
-1.469881 -1.537127 0.000000
-0.421070 -0.775214 0.000000
1.292593 0.046268 0.000000
-1.344163 -1.489631 0.000000
0.928013 0.778862 0.000000
-1.688324 -0.734892 0.000000
1.185279 0.287580 0.000000
-1.471383 -1.537438 0.000000
0.311474 1.461890 0.000000
-0.391747 -0.752828 0.000000
1.224385 -0.553770 0.000000
0.787331 0.995995 0.000000
1.014395 0.627542 0.000000
1.466231 -0.390343 0.000000
1.455346 -0.787459 0.000000
-1.231739 0.634027 0.000000
-0.161940 1.568542 0.000000
1.593127 -0.745999 0.000000
-1.285882 0.527306 0.000000
-1.032244 -1.274430 0.000000
-1.133656 -1.352901 0.000000
0.705911 1.105199 0.000000
-0.883871 1.153662 0.000000
0.976557 0.695528 0.000000
0.535113 -0.282725 0.000000
-1.024302 0.974678 0.000000
0.803405 -0.311595 0.000000
-0.724667 -1.020114 0.000000
0.646896 -0.282828 0.000000
0.349143 -0.319632 0.000000
0.913434 -0.351711 0.000000
1.107605 -0.462605 0.000000
-1.145933 0.787175 0.000000
-0.124416 1.570198 0.000000
-0.163780 -0.590125 0.000000
1.616972 -0.816364 0.000000
0.674235 1.144280 0.000000
0.059315 1.552986 0.000000
-1.317817 -1.475454 0.000000
-0.085734 -0.539559 0.000000
0.845715 0.910280 0.000000
0.939477 0.759615 0.000000
0.972960 0.701909 0.000000
-1.042378 -1.282501 0.000000
-1.502006 0.000462 0.000000
-1.377418 -1.505739 0.000000
0.178200 1.519907 0.000000
-0.531726 -0.862033 0.000000
1.186044 0.285959 0.000000
-0.385458 1.520528 0.000000
-0.061941 1.569163 0.000000
-0.206710 1.564162 0.000000
-0.167618 -0.592643 0.000000
1.074537 -0.440116 0.000000
1.241024 -0.568257 0.000000
1.525105 -0.871794 0.000000
1.144902 -0.489717 0.000000
0.937083 -0.362507 0.000000
-0.679655 -0.982689 0.000000
1.701513 -1.074785 0.000000
-0.995399 1.014725 0.000000
-0.597133 1.411565 0.000000
0.583477 1.246482 0.000000
0.297026 1.469651 0.000000
0.479137 1.345166 0.000000
0.203850 1.510594 0.000000
0.414960 -0.301213 0.000000
-1.057881 -1.294746 0.000000
-1.112944 0.841260 0.000000
0.227370 1.501454 0.000000
-0.122889 -0.563255 0.000000
0.425955 1.387765 0.000000
1.467072 -0.801222 0.000000
-0.262356 -0.657869 0.000000
0.438897 1.377900 0.000000
1.082596 0.498366 0.000000
0.971244 0.704910 0.000000
1.382965 -0.173796 0.000000
1.409456 -0.241230 0.000000
0.301405 -0.336430 0.000000
-1.482902 0.055374 0.000000
0.888959 -0.341397 0.000000
-0.441710 1.497935 0.000000
-1.251986 -1.435718 0.000000
-0.383243 1.521356 0.000000
1.636010 -0.873312 0.000000
-0.640908 -0.950714 0.000000
0.407410 -0.303110 0.000000
-0.287975 -0.676116 0.000000
-0.234349 -0.638208 0.000000
0.797585 -0.309905 0.000000
1.046871 -0.422456 0.000000
0.210817 -0.375890 0.000000
-0.783434 1.259521 0.000000
-0.623593 -0.936468 0.000000
-0.964925 1.054978 0.000000
0.991487 -0.390170 0.000000
-0.559103 -0.884005 0.000000
-0.123995 1.570198 0.000000
-1.047764 0.941048 0.000000
-1.529682 -0.083046 0.000000
1.534987 -0.884246 0.000000
-0.098697 1.570370 0.000000
1.373610 -0.696743 0.000000
0.616301 1.211196 0.000000
-0.936342 1.091264 0.000000
1.108267 0.447489 0.000000
-0.803185 -1.085719 0.000000
-1.229193 0.638821 0.000000
-1.368859 0.346494 0.000000
-1.540936 -1.541163 0.000000
0.113909 -0.424146 0.000000
-0.623852 1.393146 0.000000
1.247620 0.150023 0.000000
-0.172749 -0.596058 0.000000
-1.074899 0.900588 0.000000
0.582630 -0.280724 0.000000
-1.502960 -0.002332 0.000000
0.688600 1.126757 0.000000
-0.624720 -0.937400 0.000000
1.441718 -0.771730 0.000000
0.515586 -0.284415 0.000000
0.203664 -0.379339 0.000000
-0.640832 1.380763 0.000000
-1.289920 -1.459311 0.000000
-0.384841 1.520770 0.000000
-0.613404 -0.928121 0.000000
-1.013375 -1.259356 0.000000
1.442059 -0.772144 0.000000
-0.545172 1.444299 0.000000
1.585864 -0.950369 0.000000
1.641382 -1.026253 0.000000
-0.233074 -0.637312 0.000000
-0.405550 1.513112 0.000000
0.930522 0.774654 0.000000
-1.350934 0.387506 0.000000
0.944735 0.750647 0.000000
-0.035436 -0.508515 0.000000
-1.306401 0.484673 0.000000
1.052184 -0.425767 0.000000
0.311708 1.461787 0.000000
1.115975 0.432002 0.000000
-0.589253 -0.908426 0.000000
-0.500132 1.469617 0.000000
0.115532 1.539534 0.000000
-1.334453 0.424276 0.000000
1.189042 0.279509 0.000000
1.088237 -0.449257 0.000000
-1.622638 -1.504635 0.000000
1.364003 -0.126334 0.000000
-1.108674 0.848055 0.000000
-0.164731 -0.590746 0.000000
-1.317376 -1.475213 0.000000
-0.134202 -0.570568 0.000000
0.867430 -0.332981 0.000000
-0.005910 1.563851 0.000000
1.486592 -0.824470 0.000000
-0.709372 -1.007386 0.000000
-0.208699 1.563920 0.000000
0.620891 1.206091 0.000000
1.411985 -0.738238 0.000000
0.325956 1.454026 0.000000
-0.517223 -0.850443 0.000000
-1.407479 -1.518398 0.000000
1.649875 -1.038222 0.000000
1.557833 -0.643934 0.000000
-1.439183 0.173788 0.000000
0.983207 0.683765 0.000000
1.136574 0.389990 0.000000
0.694526 -0.288071 0.000000
0.716300 -0.291486 0.000000
0.898270 0.827877 0.000000
1.692899 -1.047811 0.000000
-1.436898 -1.528642 0.000000
-1.696197 -0.787563 0.000000
-0.188072 -0.606406 0.000000
-0.961348 -1.217102 0.000000
-0.153198 -0.583089 0.000000
-1.696249 -0.787908 0.000000
-0.494375 -0.832334 0.000000
-0.427272 -0.779940 0.000000
0.428322 -0.298247 0.000000
-1.475077 0.077277 0.000000
-0.272238 1.553193 0.000000
0.912497 0.804594 0.000000
0.635081 1.190259 0.000000
-0.098480 -0.547561 0.000000
1.542523 -0.600404 0.000000
-0.467639 1.485966 0.000000
-0.880039 -1.149910 0.000000
0.301898 -0.336223 0.000000
1.356543 -0.107846 0.000000
-0.093173 1.570232 0.000000
1.130120 0.403269 0.000000
-0.062647 1.569198 0.000000
0.351761 1.438677 0.000000
0.451144 -0.293625 0.000000
-1.718912 -1.016043 0.000000
-1.167055 0.751096 0.000000
1.331640 -0.653558 0.000000
-0.488823 -0.827919 0.000000
-1.238941 0.620264 0.000000
-0.666675 1.361206 0.000000
-1.658342 -1.460933 0.000000
1.315173 -0.007265 0.000000
1.505909 -0.498202 0.000000
1.327147 -0.036066 0.000000
-1.545842 -1.540473 0.000000
0.311474 -0.332705 0.000000
0.911960 -0.351055 0.000000
-0.006664 -0.491407 0.000000
-0.291138 -0.678393 0.000000
-1.687993 -1.394672 0.000000
1.413463 -0.251578 0.000000
1.665529 -1.060505 0.000000
1.081669 -0.444876 0.000000
-1.161094 -1.373114 0.000000
1.575458 -0.936572 0.000000
-0.686606 1.345373 0.000000
-0.819673 -1.099516 0.000000
1.505199 -0.847097 0.000000
0.580386 -0.280724 0.000000
-0.487845 1.475860 0.000000
1.370057 -0.692983 0.000000
0.079417 1.548640 0.000000
-0.721494 -1.017458 0.000000
-0.322136 1.540913 0.000000
0.389396 1.414187 0.000000
1.280023 -0.603647 0.000000
0.212684 1.507179 0.000000
-0.786970 -1.072163 0.000000
0.795266 0.984785 0.000000
-1.210524 -1.408124 0.000000
-0.910107 -1.174883 0.000000
0.811423 0.961399 0.000000
-0.350911 -0.722199 0.000000
1.150594 -0.494063 0.000000
-0.614841 1.399424 0.000000
0.844881 -0.324806 0.000000
1.579145 -0.705297 0.000000
0.217553 1.505282 0.000000
-1.623868 -1.503531 0.000000
0.360207 -0.316045 0.000000
1.033508 0.592221 0.000000
-0.025371 -0.502445 0.000000
-0.914596 1.117789 0.000000
-0.093087 1.570232 0.000000
0.616122 1.211403 0.000000
-0.306995 -0.689913 0.000000
-1.066188 0.913798 0.000000
-1.004634 -1.252285 0.000000
1.498628 -0.839061 0.000000
1.009133 0.637200 0.000000
1.531755 -0.570085 0.000000
0.102311 -0.430320 0.000000
-1.273556 -1.449377 0.000000
1.700428 -1.071370 0.000000
0.144056 1.531152 0.000000
-0.670786 1.358032 0.000000
0.867131 -0.332878 0.000000
-0.559999 1.435434 0.000000
0.182228 -0.389618 0.000000
-0.415557 1.508973 0.000000
-0.767701 1.274490 0.000000
-0.763390 -1.052433 0.000000
-1.002621 1.004825 0.000000
1.124296 -0.474540 0.000000
0.505307 1.322298 0.000000
-0.863710 -1.136286 0.000000
-1.242328 -1.429441 0.000000
-0.573434 1.426983 0.000000
0.105536 1.542121 0.000000
-0.248979 1.557711 0.000000
-0.451789 -0.798945 0.000000
-0.763721 -1.052709 0.000000
-0.006992 1.563989 0.000000
1.410600 -0.244196 0.000000
1.114111 0.435762 0.000000
-1.541956 -0.121781 0.000000
1.157351 0.346839 0.000000
0.163665 1.524909 0.000000
0.306478 -0.334533 0.000000
-0.432165 1.502040 0.000000
1.005012 -0.397690 0.000000
-0.844241 1.197537 0.000000
-0.290242 -0.677737 0.000000
-0.965631 -1.220621 0.000000
0.354763 1.436917 0.000000
1.188532 0.280613 0.000000
-1.427047 0.205073 0.000000
-1.424873 -1.524710 0.000000
0.379352 -0.310492 0.000000
0.974600 -0.381168 0.000000
-0.467005 1.486242 0.000000
-0.053854 1.568542 0.000000
1.111878 0.440246 0.000000
-1.111486 0.843571 0.000000
0.230726 -0.366715 0.000000
0.860043 -0.330187 0.000000
-0.705605 -1.004247 0.000000
0.503846 1.323643 0.000000
0.830843 -0.320081 0.000000
-0.949932 1.074190 0.000000
-0.392098 -0.753070 0.000000
-0.025926 -0.502789 0.000000
1.199431 0.257020 0.000000
-0.159745 -0.587435 0.000000
-0.983249 1.030936 0.000000
0.560449 1.269937 0.000000
0.999788 0.654102 0.000000
0.151082 1.529013 0.000000
0.175219 -0.393033 0.000000
0.381798 -0.309802 0.000000
1.066911 -0.435183 0.000000
0.584849 1.245034 0.000000
1.012272 -0.401794 0.000000
-0.016095 1.565093 0.000000
1.005201 0.644340 0.000000
1.340279 -0.662250 0.000000
-1.653070 -0.544560 0.000000
-1.162414 -1.374079 0.000000
-1.418867 0.225804 0.000000
-1.189494 -1.393464 0.000000
-1.638054 -1.488975 0.000000
-1.635993 -0.467296 0.000000
-0.967557 -1.222173 0.000000
1.115482 0.433002 0.000000
0.162246 -0.399483 0.000000
0.539775 1.290150 0.000000
-1.107244 0.850332 0.000000
-1.601016 -0.326289 0.000000
0.892663 -0.342880 0.000000
0.592302 1.237100 0.000000
-0.157584 1.568853 0.000000
0.693734 1.120376 0.000000
0.245708 -0.359885 0.000000
-1.096225 0.867716 0.000000
1.655664 -0.932881 0.000000
-1.648701 -1.475489 0.000000
-0.375965 1.524046 0.000000
-0.276979 1.552124 0.000000
0.016822 1.560747 0.000000
-0.348596 1.533084 0.000000
0.174981 1.521011 0.000000
1.056457 -0.428457 0.000000
0.648884 -0.283001 0.000000
0.049391 1.555159 0.000000
-0.663881 -0.969651 0.000000
-1.617200 -1.509292 0.000000
1.118249 0.427414 0.000000
-1.447556 0.151851 0.000000
1.534219 -0.883280 0.000000
0.262706 1.486277 0.000000
-0.670424 1.358308 0.000000
1.001563 -0.395724 0.000000
1.122749 -0.473402 0.000000
-0.464962 -0.809224 0.000000
1.336561 -0.058866 0.000000
1.008792 -0.399828 0.000000
0.647582 -0.282863 0.000000
0.618827 -0.281242 0.000000
-0.339023 1.536153 0.000000
-0.661545 1.365138 0.000000
0.657643 -0.283794 0.000000
-0.025482 1.566266 0.000000
0.433140 -0.297246 0.000000
1.708036 -1.095308 0.000000
0.770774 1.019209 0.000000
1.251947 0.140192 0.000000
-0.850020 1.191397 0.000000
1.022954 0.611848 0.000000
0.822329 0.945394 0.000000
-1.423677 -1.524330 0.000000
0.592856 -0.280690 0.000000
0.788247 0.994684 0.000000
0.970696 0.705841 0.000000
0.750041 1.047527 0.000000
0.334891 -0.324289 0.000000
-0.911034 1.121997 0.000000
-1.018131 -1.263150 0.000000
0.966768 -0.377097 0.000000
-1.298917 -1.464623 0.000000
-1.513549 -0.033755 0.000000
0.512264 1.315916 0.000000
0.013279 -0.479714 0.000000
-0.358478 -0.727786 0.000000
1.193263 0.270368 0.000000
-1.000513 -1.248974 0.000000
-1.716796 -0.981068 0.000000
1.219792 -0.549838 0.000000
0.011918 -0.480473 0.000000
-0.250564 -0.649522 0.000000
-0.274988 -0.666872 0.000000
-1.719618 -1.199201 0.000000
-0.619276 1.396388 0.000000
-1.180146 -1.386842 0.000000
0.590210 1.239342 0.000000
0.381519 -0.309871 0.000000
-0.020758 1.565679 0.000000
1.615842 -0.812984 0.000000
0.079758 -0.442358 0.000000
1.668823 -0.973169 0.000000
-1.597683 -1.522675 0.000000
-0.382278 1.521701 0.000000
-0.902554 1.132000 0.000000
1.252705 0.138468 0.000000
0.533245 1.296462 0.000000
-1.584293 -0.264858 0.000000
1.590850 -0.957026 0.000000
0.900513 0.824220 0.000000
0.037882 -0.465641 0.000000
-0.872641 1.166459 0.000000
-0.534990 -0.864654 0.000000
0.662075 1.158870 0.000000
-1.275166 0.549105 0.000000
1.419131 -0.266203 0.000000
1.638804 -0.881728 0.000000
1.047873 -0.423076 0.000000
-1.223738 0.649066 0.000000
0.905361 -0.348261 0.000000
0.342982 -0.321633 0.000000
-1.693957 -1.374976 0.000000
-0.786880 1.256140 0.000000
1.244298 -0.571120 0.000000
-0.245403 -0.645900 0.000000
0.716083 -0.291452 0.000000
-1.529999 -0.084046 0.000000
0.297532 -0.337982 0.000000
1.038976 0.582011 0.000000
-0.209846 1.563782 0.000000
1.647691 -0.908598 0.000000
0.192568 -0.384651 0.000000
-1.440027 -1.529573 0.000000
-0.690072 -0.991347 0.000000
1.490782 -0.829540 0.000000
1.394253 -0.718818 0.000000
0.670324 1.148971 0.000000
1.604205 -0.974997 0.000000
-1.658484 -0.570602 0.000000
-0.017498 1.565300 0.000000
1.584789 -0.948920 0.000000
1.540749 -0.595403 0.000000
-0.785243 1.257761 0.000000
-0.202293 1.564748 0.000000
-0.488296 1.475618 0.000000
-1.349325 -1.492252 0.000000
-1.451040 -1.532712 0.000000
-0.215504 -0.625101 0.000000
-1.064410 -1.299885 0.000000
1.053710 0.554141 0.000000
-1.199001 0.694596 0.000000
0.735186 -0.294935 0.000000
-0.666520 1.361309 0.000000
-0.195588 1.565576 0.000000
1.654379 -1.044604 0.000000
-0.742213 1.297911 0.000000
-1.598983 -0.318666 0.000000
1.034456 -0.414867 0.000000
-0.468942 1.485345 0.000000
0.373752 1.424569 0.000000
-0.191394 -0.608648 0.000000
-1.124297 -1.345899 0.000000
-1.072387 -1.306094 0.000000
1.575330 -0.936399 0.000000
0.530027 1.299567 0.000000
-0.964325 -1.219551 0.000000
0.453404 1.366414 0.000000
-0.347751 1.533359 0.000000
0.423888 1.389352 0.000000
0.162542 1.525323 0.000000
-0.502930 1.468168 0.000000
0.433122 1.382315 0.000000
1.649193 -0.913186 0.000000
-1.442256 0.165786 0.000000
0.516354 1.312157 0.000000
0.347082 1.441470 0.000000
-0.601461 1.408599 0.000000
-0.308070 -0.690707 0.000000
-0.200088 -0.614581 0.000000
0.130069 -0.415798 0.000000
-1.367777 0.349012 0.000000
-0.325940 -0.703710 0.000000
-1.398730 0.275577 0.000000
-0.172019 1.567783 0.000000
1.711175 -1.127214 0.000000
-0.407356 1.512353 0.000000
-0.963760 1.056495 0.000000
0.503632 -0.285657 0.000000
-1.687131 -0.727373 0.000000
0.129677 -0.416005 0.000000
1.487643 -0.448153 0.000000
-1.533996 -1.541818 0.000000
-0.113961 -0.557495 0.000000
1.006804 -0.398690 0.000000
-0.971007 1.047113 0.000000
0.396098 -0.305904 0.000000
0.776690 -0.304317 0.000000
-1.676202 -1.425991 0.000000
-1.264677 0.570111 0.000000
-1.092603 -1.321788 0.000000
-1.176569 0.734573 0.000000
0.753266 -0.298764 0.000000
0.558285 -0.281345 0.000000
0.675434 -0.285622 0.000000
-1.248292 0.602259 0.000000
0.879914 0.857230 0.000000
-0.259447 -0.655800 0.000000
-0.620926 -0.934295 0.000000
1.344441 -0.666458 0.000000
-0.295431 -0.681497 0.000000
1.001876 -0.395931 0.000000
0.079072 -0.442737 0.000000
-0.296369 -0.682187 0.000000
1.371194 -0.694190 0.000000
-0.152822 -0.582847 0.000000
0.018214 -0.476885 0.000000
-0.902323 1.132276 0.000000
1.286184 0.061273 0.000000
1.135478 -0.482715 0.000000
0.115938 1.539396 0.000000
0.099051 1.543811 0.000000
-0.622942 1.393801 0.000000
0.228631 -0.367681 0.000000
0.176866 -0.392205 0.000000
-1.535457 -0.101120 0.000000
-1.415342 0.234599 0.000000
-1.493150 -1.540922 0.000000
-0.823188 1.219750 0.000000
1.656178 -1.047156 0.000000
0.153156 1.528393 0.000000
1.087475 -0.448739 0.000000
-1.425286 0.209557 0.000000
-0.441620 1.497970 0.000000
-0.710147 1.325919 0.000000
1.346002 -0.668045 0.000000
-0.485977 -0.825677 0.000000
-1.104974 0.853919 0.000000
1.473019 -0.408555 0.000000
1.349675 -0.090945 0.000000
-1.411276 0.244740 0.000000
-0.231461 1.560781 0.000000
-1.330425 -1.482353 0.000000
0.232697 -0.365818 0.000000
0.766346 -0.301799 0.000000
-0.390224 -0.751690 0.000000
-0.733833 1.305431 0.000000
-0.474520 -0.816709 0.000000
0.482603 -0.288451 0.000000
-0.195760 -0.611614 0.000000
0.533417 1.296290 0.000000
-0.320165 -0.699502 0.000000
0.095850 1.544639 0.000000
1.456838 -0.365232 0.000000
-1.201923 0.689319 0.000000
0.495787 1.330748 0.000000
1.138872 -0.485233 0.000000
-1.508225 -0.017854 0.000000
-1.578153 -1.531988 0.000000
-0.524377 -0.856134 0.000000
1.124076 0.415549 0.000000
0.871731 -0.334602 0.000000
0.452505 -0.293383 0.000000
-1.511592 -1.542301 0.000000
0.836412 0.924422 0.000000
-0.007292 -0.491752 0.000000
-0.092901 -0.544077 0.000000
-0.256515 -0.653696 0.000000
-0.475509 -0.817502 0.000000
0.299266 1.468444 0.000000
-1.075792 0.899208 0.000000
-1.199301 0.694044 0.000000
0.605323 1.223234 0.000000
0.327472 -0.326876 0.000000
0.563344 1.267005 0.000000
-0.011282 1.564507 0.000000
0.090609 -0.436563 0.000000
1.642798 -1.028254 0.000000
0.382480 1.418878 0.000000
1.277036 -0.600818 0.000000
0.517633 -0.284174 0.000000
-0.716342 1.320607 0.000000
-0.900813 -1.167191 0.000000
1.632481 -0.862688 0.000000
1.456456 -0.788770 0.000000
-1.659069 -0.573465 0.000000
-0.717834 1.319331 0.000000
-0.645560 1.377314 0.000000
1.471617 -0.404795 0.000000
0.834923 0.926630 0.000000
-0.273292 1.552951 0.000000
-0.528959 -0.859825 0.000000
1.171613 0.316761 0.000000
-0.212658 1.563437 0.000000
1.664216 -1.058608 0.000000
-0.269971 1.553710 0.000000
0.356809 1.435607 0.000000
-0.810814 -1.092100 0.000000
1.556640 -0.911978 0.000000
-0.531451 -0.861791 0.000000
-1.202812 -1.402778 0.000000
1.344269 -0.666286 0.000000
-1.078896 -1.311199 0.000000
0.096425 -0.433459 0.000000
-1.034460 -1.276189 0.000000
-0.265581 -0.660146 0.000000
0.275700 -0.346778 0.000000
0.393748 -0.306491 0.000000
0.505938 1.321711 0.000000
-1.489174 0.037576 0.000000
1.398402 -0.212946 0.000000
1.617086 -0.816675 0.000000
-0.424237 1.505351 0.000000
0.513301 1.314951 0.000000
-0.924741 -1.186990 0.000000
-0.440687 1.498418 0.000000
-0.801001 1.242309 0.000000
-1.550394 -1.539749 0.000000
0.059549 1.552951 0.000000
1.233089 0.182722 0.000000
-0.043630 -0.513517 0.000000
-0.904397 1.129827 0.000000
-0.943096 1.082779 0.000000
-0.828260 -1.106691 0.000000
-0.031215 1.566818 0.000000
-0.053296 1.568508 0.000000
-0.988721 1.023658 0.000000
-0.726669 -1.021769 0.000000
1.616586 -0.991864 0.000000
-1.181490 -1.387808 0.000000
0.573629 -0.280793 0.000000
1.510598 -0.511137 0.000000
-0.243683 1.558643 0.000000
0.267623 1.483931 0.000000
1.209520 -0.541146 0.000000
-1.602401 -0.331532 0.000000
-0.810818 1.232375 0.000000
-0.067520 1.569543 0.000000
-0.731059 -1.025426 0.000000
0.411945 1.398216 0.000000
-1.106273 0.851849 0.000000
-0.277803 1.551951 0.000000
-1.293776 -1.461622 0.000000
1.477206 -0.813225 0.000000
0.220382 -0.371510 0.000000
0.150944 1.529048 0.000000
-0.959429 1.062118 0.000000
0.134146 -0.413694 0.000000
-0.050294 1.568266 0.000000
0.855019 0.896069 0.000000
-1.278050 -1.452137 0.000000
-0.422893 -0.776594 0.000000
-1.112916 0.841294 0.000000
1.182388 0.293789 0.000000
0.984382 -0.386342 0.000000
0.174847 1.521080 0.000000
0.017556 1.560609 0.000000
1.393960 -0.201632 0.000000
-1.184543 -1.389981 0.000000
-0.917822 1.113857 0.000000
-1.644008 -0.502720 0.000000
0.314644 1.460200 0.000000
-1.553630 -1.539093 0.000000
-0.661745 -0.967857 0.000000
1.100404 0.463218 0.000000
-1.501764 -1.541749 0.000000
-0.857886 1.182739 0.000000
0.021198 1.559988 0.000000
-1.394564 -1.513189 0.000000
0.946686 0.747301 0.000000
-1.064779 -1.300161 0.000000
0.420952 -0.299833 0.000000
0.176845 -0.392205 0.000000
-0.689135 1.343338 0.000000
-0.439894 1.498763 0.000000
-0.813250 -1.094135 0.000000
1.647412 -0.907770 0.000000
1.093709 0.476498 0.000000
0.567482 1.262797 0.000000
-0.683491 -0.985862 0.000000
-0.240809 1.559126 0.000000
-0.762698 1.279181 0.000000
-1.194115 0.703426 0.000000
-0.896238 -1.163363 0.000000
-0.932793 1.095645 0.000000
-0.555543 -0.881142 0.000000
-1.321962 0.451456 0.000000
1.608888 -0.792392 0.000000
-1.647692 -1.476868 0.000000
-0.939451 1.087367 0.000000
-1.682673 -0.700192 0.000000
1.478060 -0.814226 0.000000
-1.610336 -1.514534 0.000000
0.730834 -0.294142 0.000000
-0.453567 -0.800325 0.000000
1.169105 0.322073 0.000000
0.067753 -0.448981 0.000000
-1.410180 0.247465 0.000000
-0.334616 1.537499 0.000000
-1.388041 -1.510430 0.000000
-0.291965 1.548743 0.000000
0.610013 1.218164 0.000000
0.828776 0.935770 0.000000
-0.597113 1.411600 0.000000
-0.922511 1.108166 0.000000
0.420463 1.391939 0.000000
1.133514 0.396302 0.000000
1.453079 -0.355263 0.000000
1.248560 -0.574949 0.000000
0.197668 -0.382202 0.000000
-0.395527 1.516837 0.000000
0.068749 1.550951 0.000000
-1.080640 0.891861 0.000000
0.042420 -0.463019 0.000000
-1.710817 -0.909322 0.000000
0.910223 0.808319 0.000000
0.064659 1.551848 0.000000
-1.489611 -1.540473 0.000000
1.221356 0.208868 0.000000
0.207692 -0.377408 0.000000
-1.148728 0.782415 0.000000
-1.196520 -1.398431 0.000000
-0.738143 1.301567 0.000000
-1.511120 -0.026512 0.000000
-1.565938 -0.200839 0.000000
-0.207262 1.564093 0.000000
0.270318 -0.349055 0.000000
-0.856363 1.184395 0.000000
-0.309431 1.544397 0.000000
-1.176414 0.734849 0.000000
0.825051 0.941324 0.000000
-0.198899 1.565162 0.000000
-1.193002 0.705427 0.000000
-0.185495 1.566749 0.000000
-1.459096 0.121014 0.000000
-0.206576 -0.618996 0.000000
0.900058 0.824945 0.000000
-0.751761 -1.042706 0.000000
-0.951886 -1.209342 0.000000
0.239472 -0.362679 0.000000
1.514682 -0.858790 0.000000
-0.176250 -0.598404 0.000000
-0.608460 1.403804 0.000000
-0.409551 1.511457 0.000000
-0.731531 1.307500 0.000000
-0.598381 -0.915876 0.000000
-0.398008 1.515906 0.000000
-0.431421 -0.783182 0.000000
1.633939 -0.867069 0.000000
-0.074322 1.569749 0.000000
0.181756 -0.389825 0.000000
-0.043427 -0.513413 0.000000
-1.285275 0.528548 0.000000
-1.504590 -0.007127 0.000000
-1.553102 -0.157930 0.000000
0.810948 0.962088 0.000000
-1.505386 -0.009472 0.000000
1.636937 -0.876106 0.000000
1.600684 -0.768178 0.000000
0.594125 -0.280690 0.000000
-1.321335 -1.477420 0.000000
-0.449342 -0.797048 0.000000
0.540671 -0.282311 0.000000
0.022635 1.559747 0.000000
1.343825 -0.665837 0.000000
-1.129056 -1.349486 0.000000
-0.783951 1.259003 0.000000
0.917063 0.797144 0.000000
1.646392 -0.904666 0.000000
-0.533480 -0.863447 0.000000
0.934381 -0.361231 0.000000
-1.658966 -1.459863 0.000000
1.404539 -0.228640 0.000000
-0.029741 1.566714 0.000000
1.612937 -0.986897 0.000000
1.590216 -0.737513 0.000000
-1.021390 -1.265772 0.000000
-0.629410 1.389110 0.000000
-1.164792 0.755028 0.000000
-1.658515 -0.570740 0.000000
1.444933 -0.775421 0.000000
1.567426 -0.926017 0.000000
-1.310271 -1.471211 0.000000
-0.429698 -0.781837 0.000000
1.697616 -1.107139 0.000000
0.463848 -0.291383 0.000000
0.694344 1.119617 0.000000
1.585392 -0.949714 0.000000
1.249484 0.145815 0.000000
1.389212 -0.189594 0.000000
0.721824 1.084745 0.000000
-0.801070 1.242240 0.000000
0.445138 1.373140 0.000000
-0.093735 1.570232 0.000000
0.238541 -0.363128 0.000000
1.051605 0.558142 0.000000
-0.246667 -0.646797 0.000000
-0.596827 1.411772 0.000000
-0.853066 -1.127421 0.000000
0.047227 1.555538 0.000000
0.628093 1.198089 0.000000
-0.762498 1.279354 0.000000
-0.138309 -0.573224 0.000000
-0.285566 1.550192 0.000000
0.131713 1.534877 0.000000
1.040444 0.579287 0.000000
0.681023 1.136140 0.000000
0.308810 -0.333671 0.000000
-0.362613 1.528565 0.000000
-1.101462 0.859507 0.000000
0.836043 -0.321771 0.000000
-0.754442 -1.044948 0.000000
-0.253107 -0.651281 0.000000
-1.279307 -1.452896 0.000000
-1.451450 0.141503 0.000000
0.236787 -0.363921 0.000000
1.395556 -0.720233 0.000000
-0.097374 1.570336 0.000000
1.506302 -0.499271 0.000000
-0.154611 -0.584020 0.000000
-1.380247 0.319866 0.000000
-1.337902 -1.486354 0.000000
0.960545 -0.373959 0.000000
-0.077953 -0.534695 0.000000
1.101717 -0.458501 0.000000
-0.539707 -0.868414 0.000000
-0.415863 -0.771213 0.000000
-0.626901 1.390938 0.000000
1.573297 -0.688361 0.000000
0.115849 1.539430 0.000000
0.016419 -0.477920 0.000000
-0.488569 -0.827712 0.000000
1.069103 0.524615 0.000000
0.992300 -0.390619 0.000000
0.522612 -0.283656 0.000000
1.477654 -0.421076 0.000000
0.243793 -0.360748 0.000000
-1.716303 -1.245352 0.000000
1.591484 -0.957854 0.000000
0.600410 -0.280690 0.000000
0.918813 0.794246 0.000000
0.064924 1.551779 0.000000
1.054910 0.551865 0.000000
-0.149801 1.569474 0.000000
0.450454 1.368828 0.000000
1.663255 -1.057228 0.000000
1.388381 -0.187490 0.000000
0.723688 -0.292831 0.000000
-1.633495 -0.456535 0.000000
-0.358371 1.529945 0.000000
-0.982064 1.032523 0.000000
1.540456 -0.594575 0.000000
0.189715 1.515941 0.000000
0.517650 -0.284174 0.000000
0.529889 1.299705 0.000000
1.379902 -0.166104 0.000000
-0.172091 -0.595644 0.000000
0.458469 1.362275 0.000000
-1.533376 -0.094601 0.000000
0.269608 1.483000 0.000000
-0.447767 -0.795841 0.000000
-0.482428 1.478619 0.000000
-1.610805 -1.514190 0.000000
0.045470 1.555849 0.000000
-1.719559 -1.200304 0.000000
-1.669624 -0.627205 0.000000
-0.292351 1.548674 0.000000
0.095722 -0.433838 0.000000
1.306011 0.014569 0.000000
1.395087 -0.204495 0.000000
-1.206065 -1.405054 0.000000
-1.043805 0.946774 0.000000
-0.451823 -0.798980 0.000000
-1.684347 -0.710264 0.000000
-0.878730 1.159526 0.000000
-1.447828 0.151126 0.000000
0.898776 -0.345433 0.000000
-1.153073 -1.367284 0.000000
-0.324317 1.540293 0.000000
-0.954360 -1.211377 0.000000
-0.250361 -0.649384 0.000000
1.396396 -0.207841 0.000000
-0.099524 1.570405 0.000000
0.155544 -0.402829 0.000000
-1.141402 0.794695 0.000000
-1.367294 -1.501048 0.000000
1.276467 0.083900 0.000000
-1.326200 0.442281 0.000000
-1.712406 -0.926155 0.000000
1.437273 -0.766660 0.000000
0.524762 -0.283449 0.000000
0.727485 -0.293521 0.000000
0.559295 -0.281311 0.000000
0.844240 -0.324599 0.000000
0.273392 1.481206 0.000000
-0.887251 1.149799 0.000000
-1.319082 -1.476178 0.000000
0.400667 1.406184 0.000000
0.125731 1.536705 0.000000
-1.428219 0.202072 0.000000
-1.716052 -1.248008 0.000000
1.626858 -1.006041 0.000000
1.347484 -0.085564 0.000000
-0.813581 -1.094411 0.000000
-0.073884 1.569715 0.000000
0.336507 1.447748 0.000000
-1.184618 0.720362 0.000000
1.499093 -0.479438 0.000000
1.486926 -0.824849 0.000000
-1.002249 1.005343 0.000000
-0.084969 -0.539076 0.000000
-0.918025 -1.181437 0.000000
0.723557 1.082503 0.000000
1.034066 0.591152 0.000000
-1.448056 -1.531884 0.000000
-0.764989 -1.053779 0.000000
0.691253 -0.287588 0.000000
-1.352447 0.384091 0.000000
1.489386 -0.827850 0.000000
1.651333 -1.040292 0.000000
0.992183 -0.390550 0.000000
1.634328 -0.868241 0.000000
-1.083934 -1.315097 0.000000
1.444957 -0.775456 0.000000
0.579677 1.250380 0.000000
-0.586366 1.418671 0.000000
1.108953 0.446110 0.000000
0.261121 -0.353090 0.000000
0.081019 -0.441703 0.000000
1.619842 -0.824884 0.000000
0.220878 -0.371268 0.000000
1.235894 0.176444 0.000000
0.780722 1.005308 0.000000
-1.316459 0.463287 0.000000
-0.898770 1.136450 0.000000
0.485422 1.339716 0.000000
-0.928417 -1.190026 0.000000
1.392485 -0.716921 0.000000
-1.197809 0.696735 0.000000
-1.155306 -1.368906 0.000000
1.615280 -0.990105 0.000000
-1.354139 0.380297 0.000000
-1.362522 -1.498771 0.000000
-1.007886 -1.254907 0.000000
0.897260 -0.344812 0.000000
1.443630 -0.330256 0.000000
-0.051449 -0.518277 0.000000
1.616372 -0.991588 0.000000
-1.632320 -0.451568 0.000000
-0.963888 -1.219172 0.000000
-0.243893 1.558608 0.000000
-1.310915 -1.471556 0.000000
1.308216 -0.630448 0.000000
1.529106 -0.562635 0.000000
0.569095 -0.280966 0.000000
-1.049139 0.939047 0.000000
0.141995 1.531773 0.000000
0.385171 1.417118 0.000000
1.205595 0.243533 0.000000
0.609823 1.218405 0.000000
-0.940312 -1.199821 0.000000
-1.322203 0.450939 0.000000
1.016242 0.624162 0.000000
0.496038 -0.286554 0.000000
0.342072 -0.321943 0.000000
-0.354770 1.531083 0.000000
-0.549300 1.441850 0.000000
1.007906 0.639442 0.000000
-1.605795 -0.344502 0.000000
-0.037021 1.567266 0.000000
1.304540 -0.626895 0.000000
1.000036 -0.394861 0.000000
-0.567955 -0.891179 0.000000
-0.537532 -0.866689 0.000000
-0.973467 1.043940 0.000000
-0.185385 -0.604543 0.000000
0.913944 -0.351952 0.000000
-0.436459 1.500281 0.000000
-1.152301 -1.366698 0.000000
-0.688029 -0.989622 0.000000
-0.225428 1.561816 0.000000
1.229640 -0.558323 0.000000
-1.661623 -1.455379 0.000000
-0.900972 1.133863 0.000000
-1.230154 -1.421404 0.000000
-0.473659 1.483069 0.000000
0.767738 1.023348 0.000000
-1.092183 0.873994 0.000000
-1.505293 -0.009196 0.000000
1.604646 -0.779871 0.000000
-0.946821 -1.205202 0.000000
-1.013713 -1.259598 0.000000
-1.109071 -1.334378 0.000000
-0.325864 1.539879 0.000000
-0.420653 -0.774904 0.000000
-1.235209 -1.424784 0.000000
-1.287501 -1.457863 0.000000
1.660337 -0.947127 0.000000
1.235559 -0.563462 0.000000
-0.375645 -0.740687 0.000000
-1.624240 -0.417730 0.000000
-1.697820 -0.799221 0.000000
1.375963 -0.156205 0.000000
-0.184503 -0.603957 0.000000
-0.967992 -1.222552 0.000000
-0.615224 1.399182 0.000000
0.662347 -0.284243 0.000000
-0.777180 -1.063954 0.000000
-1.412627 0.241394 0.000000
0.260511 -0.353366 0.000000
-0.453070 1.492692 0.000000
0.154200 -0.403484 0.000000
-0.634210 -0.945195 0.000000
1.522982 -0.869138 0.000000
-1.066919 0.912695 0.000000
0.275769 1.480068 0.000000
-0.160038 -0.587607 0.000000
-1.527814 -1.542232 0.000000
-0.022718 1.565921 0.000000
-0.562487 -0.886764 0.000000
-0.153115 1.569198 0.000000
1.626761 -0.845545 0.000000
-0.366341 -0.733685 0.000000
-0.525807 -0.857307 0.000000
-1.201065 0.690871 0.000000
-0.826272 1.216611 0.000000
0.693420 -0.287899 0.000000
0.373080 1.424983 0.000000
-1.125066 -1.346485 0.000000
1.095525 0.472876 0.000000
0.383821 1.418015 0.000000
0.921487 -0.355332 0.000000
-1.160467 0.762513 0.000000
-1.668535 -1.442479 0.000000
0.080068 1.548502 0.000000
0.164279 -0.398483 0.000000
-1.040717 -1.281190 0.000000
-0.585783 1.419050 0.000000
1.033494 0.592221 0.000000
1.003878 -0.397034 0.000000
-1.639101 -1.487734 0.000000
0.079817 1.548571 0.000000
0.810713 0.962433 0.000000
-0.614238 -0.928811 0.000000
-0.839293 1.202780 0.000000
-0.297595 -0.683084 0.000000
1.035420 0.588634 0.000000
0.955372 -0.371372 0.000000
1.383047 -0.174003 0.000000
0.498264 1.328575 0.000000
-1.615615 -0.382858 0.000000
-1.614481 -0.378339 0.000000
0.147643 1.530048 0.000000
0.026435 1.559091 0.000000
-1.240905 0.616504 0.000000
1.316155 -0.638208 0.000000
1.643228 -0.895111 0.000000
1.438417 -0.316528 0.000000
1.130182 -0.478817 0.000000
1.030948 -0.412729 0.000000
0.515569 1.312881 0.000000
0.438050 1.378555 0.000000
0.932169 0.771929 0.000000
0.896702 -0.344571 0.000000
-0.841561 -1.117797 0.000000
1.302917 0.021882 0.000000
1.541724 -0.892800 0.000000
1.315452 -0.007955 0.000000
0.606202 -0.280862 0.000000
-0.866594 1.173150 0.000000
1.432111 -0.760796 0.000000
-1.138552 -1.356557 0.000000
1.198876 0.258227 0.000000
-1.439007 0.174271 0.000000
1.592114 -0.743032 0.000000
-1.107279 0.850263 0.000000
0.984379 -0.386342 0.000000
-1.353642 0.381401 0.000000
0.583563 -0.280724 0.000000
0.835547 -0.321598 0.000000
1.423728 -0.751345 0.000000
-1.420400 -1.523158 0.000000
0.218701 1.504868 0.000000
-1.604427 -1.518570 0.000000
0.103430 1.542673 0.000000
-0.826203 -1.104966 0.000000
-0.254255 -0.652075 0.000000
-0.402570 1.514216 0.000000
-0.655563 1.369760 0.000000
-0.538728 1.448162 0.000000
1.614574 -0.809224 0.000000
0.867286 -0.332912 0.000000
1.084464 0.494710 0.000000
-1.013110 0.990442 0.000000
0.077677 -0.443496 0.000000
0.180298 -0.390515 0.000000
1.123807 0.416101 0.000000
0.427041 1.386937 0.000000
-1.568688 -1.535299 0.000000
1.455677 -0.787873 0.000000
-1.348332 -1.491735 0.000000
0.713764 -0.291038 0.000000
-1.540222 -0.116228 0.000000
-1.121634 0.827221 0.000000
0.300037 -0.336982 0.000000
0.323444 -0.328359 0.000000
-1.258905 -1.440168 0.000000
0.132323 1.534705 0.000000
0.070406 1.550606 0.000000
0.065066 -0.450464 0.000000
-1.422829 0.215766 0.000000
-0.955311 -1.212170 0.000000
-1.095739 0.868475 0.000000
-0.418513 -0.773248 0.000000
0.059439 1.552986 0.000000
1.044696 0.571215 0.000000
-0.982488 1.031971 0.000000
-0.775034 -1.062160 0.000000
1.272835 -0.596955 0.000000
0.054067 1.554124 0.000000
-1.672025 -0.640037 0.000000
1.097196 0.469565 0.000000
-1.252210 0.594636 0.000000
0.637375 -0.282208 0.000000
-1.106886 -1.332723 0.000000
1.253040 0.137709 0.000000
-1.692093 -1.381461 0.000000
-0.643978 -0.953232 0.000000
0.613455 1.214369 0.000000
0.307914 -0.333981 0.000000
1.702364 -1.114141 0.000000
0.024526 -0.473264 0.000000
-1.231270 -1.422128 0.000000
0.175539 1.520839 0.000000
0.052988 -0.457155 0.000000
1.315397 -0.637450 0.000000
-1.233238 -1.423473 0.000000
1.298165 -0.620755 0.000000
-0.066448 -0.527452 0.000000
-1.449207 -1.532195 0.000000
0.059232 -0.453706 0.000000
-0.321619 1.541051 0.000000
0.482651 -0.288451 0.000000
1.183856 -0.520070 0.000000
-0.271273 1.553400 0.000000
-0.529907 1.453267 0.000000
0.513746 -0.284588 0.000000
-0.104434 -0.551355 0.000000
-1.689020 -0.739307 0.000000
1.421905 -0.273412 0.000000
-1.442208 0.165924 0.000000
0.702169 1.109856 0.000000
-0.133619 -0.570189 0.000000
-0.010565 1.564438 0.000000
0.985788 -0.387100 0.000000
-1.689402 -1.390291 0.000000
-0.312408 1.543569 0.000000
-1.482241 -1.539404 0.000000
0.430379 1.384385 0.000000
-1.462638 -1.535575 0.000000
1.074798 0.513578 0.000000
1.528423 -0.560737 0.000000
-0.686919 -0.988725 0.000000
1.471096 -0.403381 0.000000
-1.368425 -1.501600 0.000000
-1.326104 -1.480042 0.000000
-0.690510 1.342200 0.000000
0.535771 -0.282656 0.000000
1.642146 -1.027323 0.000000
0.097852 -0.432700 0.000000
0.022562 1.559747 0.000000
-1.633719 -0.457535 0.000000
0.655910 1.166183 0.000000
-1.639970 -1.486699 0.000000
-0.770854 1.271524 0.000000
-0.343368 1.534739 0.000000
1.540252 -0.890938 0.000000
-0.905703 1.128275 0.000000
0.040708 1.556677 0.000000
-0.538508 -0.867448 0.000000
-1.090943 -1.320512 0.000000
0.976884 0.694941 0.000000
-1.610567 -1.514362 0.000000
0.370069 1.426949 0.000000
-0.198099 1.565265 0.000000
0.090905 1.545915 0.000000
1.089867 -0.450360 0.000000
-0.853900 1.187120 0.000000
1.228764 0.192380 0.000000
-1.268209 0.563109 0.000000
0.896571 0.830602 0.000000
-0.910909 -1.175539 0.000000
1.291539 -0.614477 0.000000
1.192178 0.272714 0.000000
1.150336 0.361499 0.000000
-0.828095 -1.106553 0.000000
0.845932 0.909935 0.000000
0.414488 -0.301317 0.000000
1.102692 0.458699 0.000000
0.862506 0.884514 0.000000
0.482772 -0.288416 0.000000
-1.610826 -0.363956 0.000000
0.939546 0.759477 0.000000
-1.436647 0.180376 0.000000
1.581574 -0.712334 0.000000
1.237444 -0.565118 0.000000
0.108964 -0.426733 0.000000
1.502549 -0.488958 0.000000
1.480345 -0.816951 0.000000
-1.190397 -1.394120 0.000000
-1.700201 -0.816951 0.000000
-1.409002 0.250397 0.000000
0.947409 0.746094 0.000000
0.621143 -0.281276 0.000000
1.294464 0.041853 0.000000
0.326373 1.453784 0.000000
1.632116 -0.861619 0.000000
1.645454 -0.901838 0.000000
-0.741320 1.298704 0.000000
-1.607855 -0.352435 0.000000
-0.696088 -0.996314 0.000000
0.431206 1.383764 0.000000
-0.658874 1.367207 0.000000
-1.018341 0.983095 0.000000
0.036959 1.557298 0.000000
-0.318566 1.541879 0.000000
-0.413272 1.509904 0.000000
-0.905703 -1.171227 0.000000
-1.653556 -0.546871 0.000000
1.263587 -0.588470 0.000000
-1.055272 0.929976 0.000000
-0.140118 1.569784 0.000000
-0.304490 -0.688085 0.000000
-0.201897 1.564782 0.000000
1.676924 -1.076923 0.000000
0.388545 1.414773 0.000000
1.592859 -0.959717 0.000000
-0.603012 1.407529 0.000000
0.559874 -0.281311 0.000000
-1.355034 0.378262 0.000000
1.163533 0.333870 0.000000
-0.434374 -0.785459 0.000000
-1.664114 -0.598645 0.000000
-1.412616 -1.520329 0.000000
-1.216040 -1.411884 0.000000
0.070720 1.550537 0.000000
1.089977 0.483879 0.000000
0.697380 -0.288520 0.000000
0.051096 -0.458225 0.000000
0.311308 1.461994 0.000000
0.205142 -0.378615 0.000000
0.765523 -0.301627 0.000000
0.690016 1.124998 0.000000
1.571867 -0.684256 0.000000
-1.620139 -0.401001 0.000000
-0.625189 1.392180 0.000000
-1.142301 -1.359351 0.000000
1.327988 -0.038101 0.000000
-1.177034 0.733780 0.000000
-0.893023 1.143211 0.000000
-1.116872 -1.340311 0.000000
-0.626691 -0.939021 0.000000
-1.310281 0.476463 0.000000
-0.078942 -0.535316 0.000000
0.036411 -0.466468 0.000000
-1.106217 0.851953 0.000000
-1.051809 -1.289951 0.000000
-0.438247 1.499522 0.000000
0.469113 -0.290451 0.000000
0.538724 1.291151 0.000000
0.937951 -0.362921 0.000000
1.360891 -0.118642 0.000000
-1.113006 -1.337379 0.000000
0.980361 -0.384168 0.000000
-0.375562 -0.740618 0.000000
0.749135 1.048735 0.000000
-0.508954 1.464857 0.000000
-1.363294 -1.499151 0.000000
0.544744 1.285356 0.000000
-0.938396 1.088677 0.000000
1.407709 -0.733512 0.000000
-0.648754 -0.957164 0.000000
-1.689040 -0.739445 0.000000
-1.432222 -1.527159 0.000000
-0.424667 -0.777939 0.000000
-1.223628 -1.417023 0.000000
1.041144 0.577941 0.000000
0.060469 1.552744 0.000000
-1.504249 -1.541922 0.000000
-0.744063 1.296255 0.000000
-1.284359 0.530445 0.000000
-0.530486 -0.861032 0.000000
0.687845 1.127689 0.000000
0.682018 -0.286450 0.000000
1.100821 0.462390 0.000000
0.605771 -0.280862 0.000000
0.644925 -0.282690 0.000000
0.954284 0.734367 0.000000
0.073377 1.549951 0.000000
1.032681 0.593739 0.000000
0.982863 0.684386 0.000000
-0.239455 1.559367 0.000000
0.217932 -0.372613 0.000000
0.912287 0.804939 0.000000
-1.138752 0.799110 0.000000
-0.409413 1.511525 0.000000
-0.555202 1.438297 0.000000
1.667934 -0.970444 0.000000
0.937878 -0.362886 0.000000
1.062849 -0.432527 0.000000
0.888560 -0.341225 0.000000
-0.672547 -0.976825 0.000000
0.938716 -0.363300 0.000000
-0.848673 1.192846 0.000000
1.198535 -0.532039 0.000000
-1.185756 0.718327 0.000000
1.139964 0.382988 0.000000
1.388729 -0.712851 0.000000
-0.607099 -0.922982 0.000000
-1.636035 -0.467503 0.000000
-0.123768 1.570198 0.000000
-0.588461 -0.907805 0.000000
-1.211430 -1.408745 0.000000
0.823849 -0.317839 0.000000
0.600172 -0.280690 0.000000
0.943212 0.753234 0.000000
-1.426130 0.207419 0.000000
0.961813 0.721294 0.000000
-1.578098 -0.242851 0.000000
1.612927 -0.804326 0.000000
-1.218859 -1.413781 0.000000
-0.174979 -0.597541 0.000000
-1.581978 -0.256579 0.000000
-0.659667 1.366586 0.000000
0.208732 -0.376890 0.000000
-0.676182 1.353859 0.000000
-0.684762 1.346891 0.000000
-0.391902 -0.752932 0.000000
-1.688489 -1.393120 0.000000
1.190038 -0.525072 0.000000
-0.348292 1.533187 0.000000
0.100398 1.543466 0.000000
0.167966 -0.396620 0.000000
1.548222 -0.901148 0.000000
1.377269 -0.700606 0.000000
1.611121 -0.984413 0.000000
-0.970421 -1.224518 0.000000
-0.472515 1.483655 0.000000
-1.181483 -1.387808 0.000000
0.567627 1.262625 0.000000
0.756953 1.038145 0.000000
1.698350 -1.108208 0.000000
-1.315832 -1.474350 0.000000
0.956789 -0.372096 0.000000
-0.335047 1.537361 0.000000
-1.272654 0.554141 0.000000
-0.152953 1.569232 0.000000
1.514041 -0.857997 0.000000
-1.392872 0.289753 0.000000
-0.022598 1.565921 0.000000
0.793368 0.987475 0.000000
1.586863 -0.951680 0.000000
-0.868623 -1.140390 0.000000
0.663374 1.157318 0.000000
1.302910 -0.625343 0.000000
1.343060 -0.074733 0.000000
-1.662312 -1.454137 0.000000
1.688102 -1.032841 0.000000
0.780208 -0.305214 0.000000
-0.257711 1.556159 0.000000
0.401122 1.405874 0.000000
-0.384311 -0.747206 0.000000
-0.175588 -0.597955 0.000000
-0.860636 -1.133733 0.000000
-1.720476 -1.180609 0.000000
0.612535 -0.281035 0.000000
0.709005 1.101233 0.000000
0.726861 1.078260 0.000000
0.746109 1.052770 0.000000
0.654608 -0.283518 0.000000
0.605409 -0.280828 0.000000
1.370191 -0.141787 0.000000
-0.304404 -0.688051 0.000000
0.668852 1.150730 0.000000
-1.263205 0.573009 0.000000
-0.689207 1.343269 0.000000
-0.561401 1.434606 0.000000
-0.718630 1.318641 0.000000
1.061860 0.538550 0.000000
-1.533620 -0.095360 0.000000
-0.997067 -1.246180 0.000000
1.593007 -0.959889 0.000000
0.886654 0.846468 0.000000
1.667249 -0.968340 0.000000
-0.781250 1.261659 0.000000
-1.471149 0.088177 0.000000
-0.800343 -1.083339 0.000000
0.692225 -0.287726 0.000000
-1.548616 -1.540025 0.000000
-0.807134 -1.089030 0.000000
1.532355 -0.571775 0.000000
0.774382 -0.303766 0.000000
0.401425 -0.304593 0.000000
-1.333333 0.426725 0.000000
1.369961 -0.141201 0.000000
1.308430 0.008809 0.000000
-0.025154 1.566231 0.000000
-0.950594 1.073362 0.000000
-1.454472 0.133466 0.000000
-0.693814 -0.994451 0.000000
-1.532604 -1.541956 0.000000
1.716147 -1.134630 0.000000
1.680225 -1.081683 0.000000
-0.520490 1.458475 0.000000
0.251501 1.491209 0.000000
-0.693242 -0.993968 0.000000
0.645738 -0.282725 0.000000
-1.141243 0.794936 0.000000
1.021500 -0.407175 0.000000
-1.126155 -1.347313 0.000000
-1.140895 0.795522 0.000000
0.257431 1.488691 0.000000
1.403305 -0.225467 0.000000
-1.189956 -1.393809 0.000000
1.048259 0.564455 0.000000
0.106163 -0.428250 0.000000
-1.716062 -1.247905 0.000000
0.366688 1.429157 0.000000
-1.433711 0.187999 0.000000
0.000902 1.562989 0.000000
-0.029286 -0.504790 0.000000
-1.490300 0.034368 0.000000
-1.690619 -0.749620 0.000000
1.502360 -0.843614 0.000000
-1.257937 0.583426 0.000000
1.053710 0.554141 0.000000
1.047649 0.565627 0.000000
0.633203 1.192432 0.000000
-1.711103 -0.912254 0.000000
0.068801 1.550951 0.000000
0.437609 1.378900 0.000000
1.645957 -0.903355 0.000000
-1.551200 -1.539576 0.000000
-1.673166 -1.432821 0.000000
-1.217139 -1.412643 0.000000
-0.834845 -1.112210 0.000000
0.565177 -0.281104 0.000000
-1.062470 0.919317 0.000000
-0.213530 -0.623756 0.000000
0.276310 -0.346537 0.000000
0.820041 0.948809 0.000000
-0.589980 1.416360 0.000000
0.767635 1.023486 0.000000
-0.194457 1.565714 0.000000
1.053659 0.554245 0.000000
-0.427327 -0.780009 0.000000
-0.055132 -0.520519 0.000000
-0.438643 1.499350 0.000000
-0.640140 1.381280 0.000000
0.581096 1.248931 0.000000
0.493767 -0.286864 0.000000
1.511846 -0.855272 0.000000
-0.224229 -0.631137 0.000000
-0.304339 -0.687982 0.000000
-0.196046 1.565507 0.000000
0.682029 1.134898 0.000000
-1.131602 0.810975 0.000000
-1.056075 -1.293332 0.000000
-1.684147 -1.405847 0.000000
1.479494 -0.426043 0.000000
1.661615 -0.951059 0.000000
0.697318 1.115892 0.000000
0.879084 -0.337431 0.000000
-0.980376 -1.232624 0.000000
1.543995 -0.604578 0.000000
1.126888 -0.476402 0.000000
1.450357 -0.348020 0.000000
1.662370 -0.953370 0.000000
0.992614 0.667036 0.000000
-1.287071 -1.457621 0.000000
-0.216817 1.562885 0.000000
1.079247 0.504885 0.000000
0.633616 -0.282001 0.000000
-0.889129 -1.157464 0.000000
-1.433742 0.187930 0.000000
1.167220 -0.506860 0.000000
-1.084975 0.885204 0.000000
-1.219524 0.656964 0.000000
-1.179005 0.730296 0.000000
0.513794 -0.284588 0.000000
-1.227432 0.642133 0.000000
-0.952693 1.070707 0.000000
-1.322455 -1.478041 0.000000
0.212829 -0.374993 0.000000
-0.421266 -0.775352 0.000000
1.102630 -0.459121 0.000000
-1.552503 -1.539335 0.000000
-0.242105 -0.643624 0.000000
1.633828 -1.015699 0.000000
0.051496 1.554676 0.000000
-1.026841 -1.270118 0.000000
0.144989 -0.408072 0.000000
-1.101121 0.860059 0.000000
1.192326 -0.526934 0.000000
0.225079 -0.369337 0.000000
0.290127 1.473238 0.000000
-0.867386 1.172288 0.000000
-1.058067 0.925836 0.000000
-0.397129 1.516251 0.000000
-1.352888 0.383091 0.000000
0.236036 -0.364266 0.000000
-0.551429 -0.877830 0.000000
1.516701 -0.528038 0.000000
0.749545 1.048183 0.000000
-1.399009 -1.515052 0.000000
0.564439 1.265867 0.000000
1.054410 -0.427181 0.000000
0.619261 -0.281242 0.000000
0.727644 1.077226 0.000000
0.125114 -0.418351 0.000000
0.564415 -0.281138 0.000000
1.588203 -0.731615 0.000000
1.519554 -0.535972 0.000000
0.931883 0.772412 0.000000
-0.241323 -0.643072 0.000000
0.209104 1.508559 0.000000
-1.394598 0.285580 0.000000
0.944353 0.751303 0.000000
-1.308562 0.480085 0.000000
-0.331625 1.538292 0.000000
1.694098 -1.101965 0.000000
1.202374 -0.535213 0.000000
1.012510 0.630991 0.000000
0.644312 1.179601 0.000000
-1.334522 0.424103 0.000000
-0.632966 1.386489 0.000000
-0.016757 -0.497374 0.000000
-0.652496 1.372140 0.000000
0.509304 1.318641 0.000000
1.124062 0.415583 0.000000
0.617232 -0.281173 0.000000
-0.412090 1.510387 0.000000
-1.045059 -1.284639 0.000000
-0.217409 1.562816 0.000000
0.583146 1.246862 0.000000
-1.033616 0.961502 0.000000
-0.398872 -0.758244 0.000000
-1.498157 0.011706 0.000000
-0.493823 1.472824 0.000000
-0.378880 1.522977 0.000000
0.008666 1.562023 0.000000
1.242410 -0.569464 0.000000
-1.384427 -1.508878 0.000000
1.221670 0.208143 0.000000
-1.507808 -0.016647 0.000000
1.587587 -0.952646 0.000000
-0.179293 1.567231 0.000000
-0.928348 -1.189957 0.000000
-0.423499 -0.777077 0.000000
-1.308803 -1.470349 0.000000
-1.193505 -1.396293 0.000000
-0.816985 -1.097274 0.000000
0.060924 -0.452775 0.000000
1.491106 -0.829920 0.000000
-1.125779 0.820461 0.000000
-0.612329 1.401148 0.000000
1.258250 0.125843 0.000000
1.643621 -0.896284 0.000000
-1.444289 0.160440 0.000000
1.618688 -0.994761 0.000000
-1.589110 -0.282208 0.000000
0.150510 -0.405313 0.000000
-0.988904 1.023417 0.000000
-0.327797 1.539361 0.000000
0.105281 -0.428699 0.000000
1.294041 0.042853 0.000000
-1.543458 -0.126576 0.000000
-0.532715 -0.862826 0.000000
0.718654 1.088815 0.000000
-1.093265 -1.322306 0.000000
1.565582 -0.666148 0.000000
-0.100602 -0.548906 0.000000
-0.772952 -1.060436 0.000000
-0.880828 1.157111 0.000000
-1.535243 -1.541749 0.000000
-1.230299 0.636752 0.000000
0.587161 1.242585 0.000000
-0.670983 1.357860 0.000000
0.965279 0.715257 0.000000
1.020652 0.616056 0.000000
-0.987419 -1.238350 0.000000
-0.296548 1.547709 0.000000
-0.299446 1.547053 0.000000
-0.788255 -1.073233 0.000000
0.441041 1.376279 0.000000
-1.093282 0.872304 0.000000
-1.092169 -1.321443 0.000000
1.283114 0.068447 0.000000
-0.018663 -0.498478 0.000000
1.106551 -0.461881 0.000000
-1.591502 -1.526055 0.000000
0.603590 1.225097 0.000000
1.541658 -0.597990 0.000000
-0.825717 -1.104552 0.000000
-0.662596 -0.968581 0.000000
0.424019 -0.299178 0.000000
1.666763 -0.966822 0.000000
0.168672 -0.396275 0.000000
-0.528325 1.454129 0.000000
-0.073805 -0.532074 0.000000
1.649906 -1.038257 0.000000
1.366401 -0.132301 0.000000
-0.720618 -1.016733 0.000000
-0.079573 -0.535696 0.000000
0.373290 -0.312251 0.000000
-0.079824 1.569887 0.000000
-0.311747 -0.693363 0.000000
0.190521 -0.385617 0.000000
-1.572233 -0.222397 0.000000
-1.628668 -1.499013 0.000000
0.701862 1.110235 0.000000
-1.513542 -1.542370 0.000000
0.194636 1.514147 0.000000
-0.991219 1.020347 0.000000
1.686107 -1.026633 0.000000
1.079674 0.504058 0.000000
0.573378 -0.280793 0.000000
-0.668364 1.359895 0.000000
1.530356 -0.566153 0.000000
-0.647944 1.375589 0.000000
-1.713553 -1.271498 0.000000
0.583860 -0.280724 0.000000
0.554130 -0.281518 0.000000
-0.576635 1.424914 0.000000
1.105176 -0.460915 0.000000
0.971547 -0.379581 0.000000
0.885627 -0.340052 0.000000
0.550908 -0.281621 0.000000
-0.947979 1.076639 0.000000
1.566750 -0.669494 0.000000
0.747505 1.050908 0.000000
0.313917 1.460580 0.000000
0.846287 -0.325324 0.000000
-0.124168 -0.564083 0.000000
0.477435 1.346650 0.000000
1.074120 0.514888 0.000000
1.475362 -0.811018 0.000000
-1.383076 0.313209 0.000000
0.096728 -0.433286 0.000000
0.594445 1.234824 0.000000
-1.613117 -0.372958 0.000000
0.579422 -0.280724 0.000000
1.298651 -0.621238 0.000000
-0.744056 -1.036291 0.000000
0.621456 -0.281311 0.000000
-0.595011 -0.913117 0.000000
-1.497440 -1.541370 0.000000
-1.019002 -1.263840 0.000000
-1.608538 -0.355056 0.000000
-0.669721 -0.974480 0.000000
1.647718 -1.035187 0.000000
0.559298 -0.281311 0.000000
-1.061154 0.921249 0.000000
-0.134284 -0.570637 0.000000
-0.158983 -0.586918 0.000000
-0.744852 -1.036946 0.000000
0.154383 1.528013 0.000000
0.388276 1.414945 0.000000
-0.756788 -1.046915 0.000000
0.931883 -0.360058 0.000000
0.309027 -0.333602 0.000000
-1.466459 0.101043 0.000000
0.885162 -0.339880 0.000000
1.709232 -1.099068 0.000000
0.565601 1.264694 0.000000
-0.984993 -1.236384 0.000000
1.038008 -0.417006 0.000000
0.332641 1.450059 0.000000
-0.833360 -1.110968 0.000000
-1.480459 -1.539128 0.000000
-0.901086 -1.167398 0.000000
1.470183 -0.400932 0.000000
-1.572884 -1.533919 0.000000
-1.507060 -1.542094 0.000000
-1.631862 -1.495736 0.000000
-0.985217 1.028349 0.000000
0.489605 1.336095 0.000000
0.901688 0.822289 0.000000
-0.126952 1.570129 0.000000
1.010318 0.635027 0.000000
0.766143 -0.301765 0.000000
0.981154 0.687387 0.000000
1.116623 -0.468986 0.000000
1.519230 -0.535075 0.000000
-0.347197 1.533532 0.000000
-0.725853 1.312467 0.000000
-1.511302 -1.542301 0.000000
-0.015572 1.565058 0.000000
-1.322517 -1.478076 0.000000
0.133140 1.534463 0.000000
-1.635931 -1.491355 0.000000
-1.174429 0.738333 0.000000
-0.581314 -0.901976 0.000000
-0.534163 -0.863964 0.000000
-0.200163 -0.614615 0.000000
-1.275400 -1.450481 0.000000
-0.276879 1.552158 0.000000
-0.972064 -1.225864 0.000000
-0.076868 1.569818 0.000000
-1.320770 -1.477110 0.000000
0.911098 0.806905 0.000000
1.665099 -1.059884 0.000000
-1.514166 -0.035618 0.000000
1.570765 -0.930398 0.000000
-1.213497 0.668106 0.000000
0.177610 -0.391826 0.000000
-0.020623 -0.499651 0.000000
1.433014 -0.302351 0.000000
0.962026 -0.374683 0.000000
-0.499564 -0.836439 0.000000
-1.038715 -1.279604 0.000000
0.235533 -0.364508 0.000000
-1.207533 0.679074 0.000000
-0.443736 -0.792702 0.000000
-1.425507 -1.524917 0.000000
-1.435403 -1.528159 0.000000
-0.588874 -0.908115 0.000000
0.269074 1.483241 0.000000
1.105090 -0.460846 0.000000
-1.599996 -1.521330 0.000000
-1.089733 0.877822 0.000000
0.043771 -0.462260 0.000000
0.297219 -0.338120 0.000000
-1.296267 0.505886 0.000000
0.209104 -0.376718 0.000000
-1.549577 -1.539852 0.000000
1.385249 -0.179557 0.000000
-1.645724 -0.510481 0.000000
1.240931 -0.568188 0.000000
-1.249236 0.600396 0.000000
-1.111806 0.843054 0.000000
1.084987 -0.447083 0.000000
0.484729 1.340303 0.000000
0.407782 -0.303007 0.000000
-0.468390 -0.811915 0.000000
-0.223495 -0.630620 0.000000
-0.516658 -0.849995 0.000000
1.138875 -0.485233 0.000000
-1.485631 0.047648 0.000000
-0.883254 -1.152566 0.000000
-0.725704 -1.020976 0.000000
-1.160829 -1.372941 0.000000
-0.339382 1.536050 0.000000
0.776432 -0.304248 0.000000
-0.521761 1.457786 0.000000
-0.834621 -1.112003 0.000000
-0.462029 -0.806913 0.000000
-0.489592 1.474963 0.000000
0.647902 1.175427 0.000000
-1.576241 -0.236366 0.000000
-0.196470 1.565472 0.000000
0.585400 1.244447 0.000000
1.350616 -0.672805 0.000000
-0.247987 -0.647729 0.000000
0.719667 -0.292107 0.000000
-0.253979 1.556815 0.000000
1.533633 -0.575362 0.000000
-1.698327 -0.802912 0.000000
-0.051500 -0.518311 0.000000
0.731186 -0.294211 0.000000
-0.667709 -0.972824 0.000000
-0.033617 -0.507412 0.000000
0.541384 1.288598 0.000000
-1.675767 -1.426992 0.000000
0.609320 1.218957 0.000000
-0.086058 -0.539766 0.000000
0.069442 1.550813 0.000000
0.926632 -0.357643 0.000000
0.379872 -0.310354 0.000000
1.455184 -0.787287 0.000000
0.957781 0.728296 0.000000
-0.891413 1.145039 0.000000
-0.153767 1.569163 0.000000
-0.870284 -1.141770 0.000000
-0.699772 -0.999383 0.000000
-0.171471 -0.595230 0.000000
-0.598264 1.410806 0.000000
-0.496752 1.471341 0.000000
-0.642559 -0.952059 0.000000
1.262629 -0.587607 0.000000
0.534086 -0.282794 0.000000
-0.863420 1.176634 0.000000
1.691576 -1.098240 0.000000
0.785122 0.999099 0.000000
1.410741 -0.244541 0.000000
-0.056969 -0.521657 0.000000
-1.122891 -1.344830 0.000000
0.937592 0.762823 0.000000
-1.477527 0.070482 0.000000
0.776235 1.011655 0.000000
-0.428557 1.503558 0.000000
1.499279 -0.839854 0.000000
-0.377785 1.523391 0.000000
0.302780 1.466547 0.000000
-0.726872 -1.021942 0.000000
-0.337139 -0.711989 0.000000
-1.091580 -1.320995 0.000000
-1.175287 0.736850 0.000000
-1.432419 -1.527228 0.000000
-0.860664 1.179670 0.000000
0.446047 -0.294521 0.000000
-1.227239 -1.419438 0.000000
-1.618082 -0.392723 0.000000
0.625439 -0.281483 0.000000
-1.627224 -0.430078 0.000000
0.792823 -0.308629 0.000000
1.061949 -0.431941 0.000000
1.569138 -0.928259 0.000000
-1.306760 0.483914 0.000000
0.599428 1.229512 0.000000
-0.551350 1.440608 0.000000
-0.181605 -0.601991 0.000000
1.147238 -0.491510 0.000000
0.129883 1.535429 0.000000
1.031406 -0.413005 0.000000
1.331162 -0.653075 0.000000
0.781724 -0.305628 0.000000
-1.139969 0.797075 0.000000
-0.460083 1.489450 0.000000
-1.129518 0.814390 0.000000
-0.308039 1.544777 0.000000
1.319026 -0.016509 0.000000
-0.654491 1.370588 0.000000
0.168879 -0.396172 0.000000
1.609925 -0.795462 0.000000
-1.506230 -0.011990 0.000000
-0.081988 1.569922 0.000000
1.282239 -0.605716 0.000000
-1.354394 0.379711 0.000000
-1.122392 -1.344485 0.000000
-1.119832 0.830119 0.000000
0.684303 -0.286726 0.000000
-0.179365 -0.600473 0.000000
1.447621 -0.340776 0.000000
1.425075 -0.752863 0.000000
1.227548 -0.556495 0.000000
-0.790364 1.252725 0.000000
-1.617128 -1.509326 0.000000
-1.110907 -1.335792 0.000000
1.252798 0.138261 0.000000
0.593280 1.236065 0.000000
1.350802 -0.093704 0.000000
-0.127551 -0.566291 0.000000
0.836856 -0.322047 0.000000
0.948119 -0.367784 0.000000
0.761060 1.032523 0.000000
-0.974580 -1.227933 0.000000
0.120700 1.538188 0.000000
-0.217895 1.562747 0.000000
-0.225948 1.561747 0.000000
0.032965 1.557987 0.000000
-1.539034 -1.541370 0.000000
-0.945550 -1.204133 0.000000
0.093445 1.545260 0.000000
-1.626252 -1.501324 0.000000
-1.194025 -1.396672 0.000000
-1.375757 0.330420 0.000000
-1.431516 0.193622 0.000000
0.716707 -0.291555 0.000000
-0.216541 -0.625791 0.000000
0.726944 -0.293418 0.000000
1.108270 0.447489 0.000000
0.421793 -0.299661 0.000000
0.165747 1.524219 0.000000
-0.392997 1.517769 0.000000
0.044443 -0.461881 0.000000
1.080877 0.501712 0.000000
-1.586337 -0.272170 0.000000
0.641186 -0.282449 0.000000
0.013638 1.561299 0.000000
0.995384 0.662035 0.000000
-0.026095 -0.502858 0.000000
-0.072333 -0.531143 0.000000
-0.289580 -0.677289 0.000000
0.503381 1.324057 0.000000
-0.236602 -0.639761 0.000000
-0.891868 1.144521 0.000000
1.408829 -0.734754 0.000000
-1.639632 -0.483232 0.000000
0.863313 -0.331429 0.000000
0.191459 -0.385169 0.000000
-0.123375 1.570198 0.000000
-0.334444 1.537533 0.000000
1.202646 -0.535420 0.000000
1.180672 0.297445 0.000000
0.312794 -0.332222 0.000000
-0.106505 -0.552701 0.000000
1.030014 -0.412177 0.000000
-1.344528 0.401924 0.000000
-1.100053 0.861749 0.000000
0.720380 1.086573 0.000000
-0.412028 -0.768281 0.000000
0.915581 0.799558 0.000000
0.391005 -0.307180 0.000000
-0.887375 1.149661 0.000000
-0.625757 1.391766 0.000000
-1.420958 0.220492 0.000000
-0.388453 1.519424 0.000000
-0.143474 1.569715 0.000000
0.004717 1.562540 0.000000
-0.978501 -1.231107 0.000000
1.333136 -0.050553 0.000000
-0.422720 1.505972 0.000000
1.417040 -0.260822 0.000000
-1.641124 -0.489820 0.000000
0.040132 1.556746 0.000000
-1.495193 0.020295 0.000000
-0.047493 1.568059 0.000000
0.443608 -0.295004 0.000000
-1.225623 -1.418368 0.000000
0.979320 0.690630 0.000000
-1.140406 -1.357937 0.000000
1.299760 0.029367 0.000000
-0.142895 -0.576225 0.000000
1.560641 -0.917187 0.000000
0.252390 1.490830 0.000000
0.364197 1.430778 0.000000
0.002622 -0.485922 0.000000
0.570170 1.260072 0.000000
-0.922143 -1.184852 0.000000
-0.525634 -0.857135 0.000000
-0.751341 -1.042362 0.000000
0.547225 -0.281863 0.000000
0.137516 1.533118 0.000000
-1.076091 -1.308991 0.000000
-1.416968 -1.521950 0.000000
1.606445 -0.785148 0.000000
1.069802 0.523270 0.000000
0.626404 -0.281552 0.000000
0.758166 1.036490 0.000000
-0.528598 1.453991 0.000000
1.595932 -0.754243 0.000000
0.069703 1.550744 0.000000
-0.287944 -0.676116 0.000000
1.226139 0.198244 0.000000
0.191979 -0.384927 0.000000
1.248095 0.148953 0.000000
-0.909566 -1.174435 0.000000
-0.387963 1.519631 0.000000
-1.592132 -1.525710 0.000000
1.492629 -0.461743 0.000000
-0.449914 -0.797497 0.000000
1.364454 -0.127472 0.000000
1.722046 -1.139666 0.000000
1.181258 0.296204 0.000000
-1.551896 -0.153963 0.000000
0.347840 -0.320046 0.000000
0.225189 1.502350 0.000000
0.655545 1.166597 0.000000
-0.916654 1.115271 0.000000
0.962023 0.720914 0.000000
-0.077171 1.569818 0.000000
1.581078 -0.710885 0.000000
1.588379 -0.953715 0.000000
0.632617 -0.281932 0.000000
-0.863107 -1.135803 0.000000
-1.645321 -1.480042 0.000000
1.642705 -0.893525 0.000000
-0.264561 -0.659422 0.000000
0.051586 1.554676 0.000000
1.097647 -0.455707 0.000000
-1.171535 -1.380702 0.000000
-1.622217 -1.505014 0.000000
1.472023 -0.405899 0.000000
0.270821 -0.348813 0.000000
-0.383056 -0.746275 0.000000
0.805248 0.970332 0.000000
-0.387605 1.519769 0.000000
1.411489 -0.246473 0.000000
-0.435480 -0.786321 0.000000
-0.243559 -0.644624 0.000000
0.430300 -0.297833 0.000000
-0.242732 -0.644038 0.000000
0.628589 -0.281690 0.000000
0.632806 1.192846 0.000000
0.592257 1.237135 0.000000
-0.042645 1.567680 0.000000
-1.440678 0.169925 0.000000
-1.515685 -1.542405 0.000000
1.529888 -0.877796 0.000000
-1.492189 -1.540818 0.000000
-0.991753 -1.241868 0.000000
0.557197 -0.281380 0.000000
0.419863 1.392387 0.000000
1.155222 0.351289 0.000000
1.138465 -0.484922 0.000000
0.374538 -0.311871 0.000000
1.232620 0.183757 0.000000
-1.380454 0.319383 0.000000
1.439496 -0.319356 0.000000
0.191965 -0.384927 0.000000
1.534850 -0.578777 0.000000
-0.888767 -1.157154 0.000000
0.679217 1.138278 0.000000
0.550619 1.279664 0.000000
-0.969987 -1.224173 0.000000
-0.055763 1.568680 0.000000
-0.869309 -1.140977 0.000000
-0.912653 1.120100 0.000000
-1.195876 0.700253 0.000000
0.030973 -0.469573 0.000000
1.373175 -0.696260 0.000000
0.954618 0.733780 0.000000
-1.218259 -1.413401 0.000000
0.642199 1.182050 0.000000
-1.587319 -1.528090 0.000000
-0.590011 -0.909047 0.000000
-1.504518 -1.541956 0.000000
1.267460 0.104699 0.000000
-0.813926 1.229201 0.000000
-0.263048 1.555228 0.000000
1.265258 -0.589987 0.000000
1.695418 -1.055676 0.000000
-1.193260 0.704944 0.000000
-1.577905 -1.532091 0.000000
-0.235186 -0.638795 0.000000
0.038578 1.557022 0.000000
-0.864358 1.175599 0.000000
-0.256067 -0.653385 0.000000
-0.270184 -0.663457 0.000000
1.317106 -0.011921 0.000000
-1.206340 0.681282 0.000000
-0.253231 1.556953 0.000000
-0.493885 -0.831920 0.000000
-0.487139 -0.826609 0.000000
-1.277722 0.543966 0.000000
1.133548 -0.481266 0.000000
-1.236070 0.625748 0.000000
1.603768 -0.777284 0.000000
1.201123 -0.534178 0.000000
-0.586521 -0.906218 0.000000
-1.199373 0.693941 0.000000
-1.527128 -0.075147 0.000000
0.780656 1.005412 0.000000
-0.294160 1.548260 0.000000
0.692941 1.121342 0.000000
0.731713 1.071914 0.000000
-0.082974 1.569956 0.000000
-0.739150 -1.032186 0.000000
-1.547982 -1.540128 0.000000
-1.053422 0.932701 0.000000
1.432659 -0.301420 0.000000
0.037551 -0.465813 0.000000
-0.173990 1.567611 0.000000
-0.579808 1.422879 0.000000
0.590941 -0.280690 0.000000
-0.761306 -1.050674 0.000000
-0.719282 -1.015630 0.000000
-0.054622 1.568611 0.000000
0.895968 0.831567 0.000000
1.212063 0.229391 0.000000
-0.387674 1.519735 0.000000
1.493625 -0.832955 0.000000
1.269696 -0.594058 0.000000
-1.140957 0.795419 0.000000
1.151962 0.358118 0.000000
0.124580 -0.418627 0.000000
-0.135284 1.569922 0.000000
-0.151909 1.569301 0.000000
0.750692 1.046665 0.000000
-1.454017 0.134673 0.000000
0.117303 -0.422387 0.000000
0.183416 -0.389032 0.000000
0.736399 -0.295177 0.000000
1.030093 0.598568 0.000000
-0.910475 -1.175194 0.000000
-0.189513 -0.607372 0.000000
0.907828 0.812251 0.000000
1.055795 -0.428043 0.000000
-0.161199 1.568611 0.000000
-0.708410 -1.006558 0.000000
0.564839 -0.281104 0.000000
-1.719956 -1.038119 0.000000
-1.049104 0.939116 0.000000
1.602210 -0.772662 0.000000
-0.702787 1.332197 0.000000
-1.674430 -1.430027 0.000000
0.441557 1.375865 0.000000
-0.799860 -1.082925 0.000000
-0.675197 1.354617 0.000000
-0.542301 1.446024 0.000000
0.549940 -0.281656 0.000000
0.570693 1.259521 0.000000
1.026744 -0.410245 0.000000
0.993934 0.664656 0.000000
-1.335862 -1.485285 0.000000
-0.494888 1.472273 0.000000
0.858089 -0.329463 0.000000
0.446202 1.372278 0.000000
0.693724 1.120376 0.000000
-0.854485 -1.128594 0.000000
-0.394517 1.517217 0.000000
-1.522280 -0.060246 0.000000
0.973294 -0.380478 0.000000
-1.456291 -1.534057 0.000000
1.280726 -0.604302 0.000000
0.624237 1.202366 0.000000
1.237038 0.173892 0.000000
1.565641 -0.666320 0.000000
0.680771 1.136415 0.000000
1.516270 -0.860757 0.000000
1.053773 0.554038 0.000000
-1.186162 -1.391119 0.000000
0.827473 0.937737 0.000000
0.076667 -0.444048 0.000000
0.055552 -0.455741 0.000000
-0.687367 1.344752 0.000000
-0.369980 -0.736444 0.000000
-0.726921 -1.021976 0.000000
-1.478271 0.068378 0.000000
-1.462197 0.112667 0.000000
1.611397 -0.984793 0.000000
-0.264688 -0.659525 0.000000
1.356574 -0.107915 0.000000
0.079517 -0.442496 0.000000
0.642320 1.181912 0.000000
-0.877403 1.161009 0.000000
1.162255 -0.502996 0.000000
-0.382192 -0.745619 0.000000
-0.231299 -0.636070 0.000000
-0.114533 1.570439 0.000000
1.525139 -0.551562 0.000000
-0.893336 -1.160948 0.000000
-0.239972 -0.642141 0.000000
1.643783 -1.029634 0.000000
1.544921 -0.607199 0.000000
0.357571 1.435089 0.000000
1.400107 -0.725200 0.000000
-1.090288 -1.319995 0.000000
0.495728 1.330783 0.000000
0.141747 1.531842 0.000000
-0.094210 -0.544905 0.000000
-0.635819 -0.946506 0.000000
0.327338 -0.326945 0.000000
0.297060 -0.338189 0.000000
1.315504 -0.637553 0.000000
1.065967 0.530652 0.000000
0.386205 -0.308526 0.000000
-0.175072 -0.597610 0.000000
-1.607263 -0.350124 0.000000
-0.732754 -1.026840 0.000000
1.355247 -0.104638 0.000000
0.697135 1.116134 0.000000
-0.303126 -0.687119 0.000000
0.278336 -0.345743 0.000000
-0.858400 1.182153 0.000000
0.215110 -0.373924 0.000000
1.639066 -1.023011 0.000000
1.546386 -0.611373 0.000000
-0.207114 -0.619375 0.000000
-0.056524 1.568749 0.000000
-0.769431 1.272869 0.000000
-0.172167 -0.595679 0.000000
0.089830 1.546225 0.000000
-1.487906 0.041198 0.000000
-0.241650 -0.643279 0.000000
0.328334 1.452612 0.000000
1.444185 -0.331705 0.000000
0.708943 1.101336 0.000000
0.690109 1.124895 0.000000
0.123068 -0.419386 0.000000
-1.417065 -1.521985 0.000000
-0.513705 -0.847649 0.000000
-0.736893 1.302706 0.000000
0.244399 -0.360472 0.000000
-1.586943 -1.528263 0.000000
-1.511916 -1.542301 0.000000
-1.162200 0.759512 0.000000
0.097903 -0.432665 0.000000
1.667307 -0.968512 0.000000
0.047265 -0.460329 0.000000
-0.890669 -1.158740 0.000000
1.354255 -0.676530 0.000000
0.269684 1.482965 0.000000
-0.293863 1.548329 0.000000
-0.521789 1.457751 0.000000
0.064366 -0.450878 0.000000
-1.077222 0.897035 0.000000
0.056689 -0.455120 0.000000
-0.767432 -1.055814 0.000000
-1.456325 -1.534057 0.000000
-0.413348 1.509870 0.000000
0.326067 -0.327393 0.000000
-1.609837 -0.360092 0.000000
-1.397145 0.279405 0.000000
0.491879 -0.287140 0.000000
-0.358075 1.530014 0.000000
-1.617758 -1.508809 0.000000
0.478492 1.345718 0.000000
-1.415838 0.233392 0.000000
0.314100 1.460476 0.000000
1.276354 -0.600197 0.000000
-0.363357 1.528324 0.000000
1.055499 0.550761 0.000000
1.074192 -0.439874 0.000000
-0.873792 1.165148 0.000000
-0.948599 1.075880 0.000000
1.603337 -0.776008 0.000000
-0.149104 -0.580364 0.000000
1.313202 -0.635311 0.000000
-1.001557 1.006274 0.000000
-1.173930 0.739196 0.000000
0.267251 -0.350400 0.000000
-1.665678 -0.606648 0.000000
-0.961069 1.059979 0.000000
1.676149 -1.075785 0.000000
0.396687 1.409013 0.000000
0.308569 1.463442 0.000000
1.332685 -0.049484 0.000000
-1.668924 -1.441686 0.000000
-0.353826 -0.724337 0.000000
-1.550339 -0.148858 0.000000
1.048962 -0.423766 0.000000
1.594478 -0.961890 0.000000
-0.976444 1.040008 0.000000
1.272436 -0.596610 0.000000
-1.232838 -1.423197 0.000000
0.720487 1.086470 0.000000
0.053543 -0.456845 0.000000
0.052509 -0.457431 0.000000
0.822839 0.944635 0.000000
-1.026952 0.970953 0.000000
0.216327 1.505765 0.000000
-0.276597 -0.668010 0.000000
0.008700 1.562023 0.000000
-1.170157 -1.379702 0.000000
-1.116438 -1.339966 0.000000
1.535515 -0.580640 0.000000
-0.048079 -0.516242 0.000000
-0.582637 1.421051 0.000000
1.075260 -0.440599 0.000000
1.240029 -0.567395 0.000000
0.773151 -0.303455 0.000000
1.145209 -0.489958 0.000000
0.512888 -0.284691 0.000000
-1.354442 -1.494839 0.000000
-0.570915 1.428605 0.000000
-0.719760 1.317676 0.000000
0.670313 -0.285001 0.000000
0.559281 -0.281311 0.000000
-0.753480 1.287805 0.000000
-0.052689 -0.519036 0.000000
-0.463590 1.487829 0.000000
0.160723 -0.400242 0.000000
-0.102184 -0.549907 0.000000
0.911067 0.806940 0.000000
1.520088 -0.537489 0.000000
0.790322 -0.307939 0.000000
0.728388 1.076294 0.000000
1.580747 -0.943574 0.000000
1.507397 -0.849788 0.000000
-0.132372 1.569991 0.000000
0.089665 -0.437081 0.000000
-0.869261 -1.140942 0.000000
-1.322145 -1.477869 0.000000
0.182055 1.518597 0.000000
-0.068354 -0.528659 0.000000
-1.059535 0.923663 0.000000
-1.162132 -1.373873 0.000000
1.377331 -0.159654 0.000000
-1.581265 -0.254027 0.000000
-0.913132 -1.177401 0.000000
1.298637 0.032023 0.000000
0.549447 1.280803 0.000000
0.022986 -0.474160 0.000000
-0.065028 1.569370 0.000000
-0.936029 -1.196303 0.000000
-1.717488 -1.231520 0.000000
-1.125720 -1.346968 0.000000
-1.130448 -1.350521 0.000000
0.948147 -0.367784 0.000000
1.706482 -1.090410 0.000000
-0.210273 -0.621514 0.000000
-1.477052 -1.538507 0.000000
0.456429 1.363965 0.000000
0.683786 1.132759 0.000000
-1.260304 0.578735 0.000000
0.919054 -0.354229 0.000000
-0.540847 -0.869345 0.000000
-1.482754 0.055788 0.000000
1.319815 -0.018406 0.000000
1.010577 0.634544 0.000000
1.501030 -0.484750 0.000000
-0.685630 1.346167 0.000000
-0.787738 -1.072784 0.000000
0.737488 1.064222 0.000000
0.402476 1.404908 0.000000
1.467296 -0.801463 0.000000
0.794367 -0.309043 0.000000
0.784733 0.999651 0.000000
-1.689413 -0.741825 0.000000
1.294526 -0.617306 0.000000
-1.573711 -0.227536 0.000000
-1.521608 -1.542405 0.000000
0.798943 -0.310285 0.000000
0.102404 1.542948 0.000000
-1.421165 -1.523434 0.000000
-1.462038 0.113081 0.000000
1.254980 -0.580674 0.000000
0.613962 -0.281069 0.000000
-1.271065 0.557349 0.000000
-0.457867 1.490485 0.000000
1.175838 0.307793 0.000000
1.174053 -0.512241 0.000000
-0.093645 1.570232 0.000000
-0.141910 1.569749 0.000000
1.515612 -0.859963 0.000000
-0.495060 1.472204 0.000000
0.673955 -0.285450 0.000000
-1.599996 -1.521330 0.000000
1.623636 -0.836198 0.000000
-1.635414 -1.491942 0.000000
-0.984621 -1.236073 0.000000
-0.216241 1.562989 0.000000
0.016684 -0.477748 0.000000
0.226416 -0.368716 0.000000
0.726520 -0.293349 0.000000
-0.966169 1.053391 0.000000
-0.249830 1.557539 0.000000
0.084265 -0.439943 0.000000
-1.694095 -1.374493 0.000000
0.988124 -0.388377 0.000000
-1.509917 -0.022925 0.000000
0.656189 1.165838 0.000000
0.008803 -0.482266 0.000000
-0.652396 -0.960165 0.000000
1.601542 -0.770696 0.000000
-1.117072 -1.340449 0.000000
0.863227 0.883376 0.000000
-0.714437 1.322263 0.000000
1.214864 0.223217 0.000000
0.512361 -0.284760 0.000000
0.656809 -0.283725 0.000000
1.060295 0.541551 0.000000
0.167028 1.523770 0.000000
0.120325 1.538257 0.000000
-1.072225 0.904623 0.000000
-0.508426 -0.843476 0.000000
-1.358635 0.370018 0.000000
1.186378 0.285235 0.000000
0.523439 1.305672 0.000000
-1.579531 -1.531470 0.000000
-1.285234 -1.456517 0.000000
-0.186532 -0.605337 0.000000
0.383359 -0.309353 0.000000
-0.245968 1.558229 0.000000
0.702038 -0.289210 0.000000
1.186461 0.285062 0.000000
1.369706 -0.692604 0.000000
0.649287 1.173840 0.000000
-0.140187 -0.574466 0.000000
1.002552 -0.396310 0.000000
0.054125 1.554124 0.000000
0.489012 -0.287554 0.000000
1.610504 -0.983551 0.000000
0.493106 1.333059 0.000000
-1.701145 -0.824194 0.000000
0.720821 -0.292314 0.000000
-0.714230 -1.011421 0.000000
-0.798124 -1.081476 0.000000
1.600715 -0.970271 0.000000
-0.268024 1.554124 0.000000
-1.349849 0.389955 0.000000
1.511143 -0.854410 0.000000
-0.658044 1.367863 0.000000
1.439213 -0.768867 0.000000
0.041445 1.556539 0.000000
1.712512 -1.109450 0.000000
-1.571296 -0.219189 0.000000
0.105674 1.542086 0.000000
1.579710 -0.706918 0.000000
1.370574 -0.142718 0.000000
-0.259685 -0.655972 0.000000
0.097814 -0.432700 0.000000
0.239620 -0.362610 0.000000
1.406006 -0.232400 0.000000
0.022824 -0.474229 0.000000
0.891113 0.839328 0.000000
0.237349 -0.363680 0.000000
-0.022604 1.565921 0.000000
-1.584521 -1.529366 0.000000
0.915567 0.799593 0.000000
0.276634 -0.346433 0.000000
1.710675 -1.126455 0.000000
-0.164800 1.568335 0.000000
-0.617033 1.397940 0.000000
-0.675104 1.354686 0.000000
0.829283 -0.319598 0.000000
-1.006191 -1.253561 0.000000
0.294938 1.470755 0.000000
1.102812 0.458458 0.000000
0.968656 -0.378063 0.000000
-0.659667 -0.966167 0.000000
-0.185429 1.566749 0.000000
0.158145 1.526840 0.000000
1.473808 -0.410693 0.000000
-0.544383 -0.872174 0.000000
1.710613 -1.103448 0.000000
1.509906 -0.852892 0.000000
-1.628978 -0.437425 0.000000
-0.568661 -0.891731 0.000000
0.149934 -0.405623 0.000000
-1.721082 -1.071542 0.000000
-1.533214 -1.541887 0.000000
0.386022 -0.308595 0.000000
0.655342 1.166838 0.000000
-1.138042 -1.356178 0.000000
-1.428666 0.200934 0.000000
1.466221 -0.390308 0.000000
0.485291 1.339820 0.000000
1.420947 -0.748241 0.000000
-0.358792 -0.728028 0.000000
-0.352720 -0.723544 0.000000
1.569996 -0.678841 0.000000
-0.278041 1.551882 0.000000
0.761115 1.032454 0.000000
0.520286 1.308569 0.000000
0.290262 1.473169 0.000000
1.065898 0.530790 0.000000
0.045766 1.555814 0.000000
1.288944 -0.611994 0.000000
-0.441334 -0.790839 0.000000
-0.237960 -0.640726 0.000000
-1.721489 -1.092135 0.000000
-1.208890 0.676591 0.000000
1.338060 -0.660008 0.000000
-1.232993 0.631612 0.000000
-0.811424 -1.092618 0.000000
-0.643441 1.378866 0.000000
0.525000 -0.283415 0.000000
-1.199256 -1.400329 0.000000
-1.215454 -1.411470 0.000000
-1.203270 0.686904 0.000000
-0.831792 1.210748 0.000000
-1.575217 -1.533092 0.000000
-1.607118 -1.516777 0.000000
-0.009149 -0.492856 0.000000
-0.210969 -0.621997 0.000000
1.556261 -0.911496 0.000000
0.829000 -0.319494 0.000000
-0.747761 -1.039361 0.000000
0.256445 1.489105 0.000000
-1.058677 -1.295367 0.000000
1.581798 -0.944954 0.000000
-1.605237 -1.518053 0.000000
-1.035587 -1.277086 0.000000
-1.203477 -1.403260 0.000000
0.925171 0.783622 0.000000
-1.107806 0.849435 0.000000
1.286722 0.060031 0.000000
-1.425424 0.209212 0.000000
-0.701309 -1.000660 0.000000
-1.526043 -0.071766 0.000000
-1.626166 -1.501427 0.000000
0.649467 -0.283070 0.000000
-0.252687 -0.651005 0.000000
-0.839055 1.203056 0.000000
-0.203089 -0.616616 0.000000
-0.608556 -0.924154 0.000000
0.280862 1.477619 0.000000
-1.622531 -1.504739 0.000000
0.918579 0.794626 0.000000
1.066935 0.528789 0.000000
1.683843 -1.086961 0.000000
0.103975 -0.429423 0.000000
-0.866105 1.173668 0.000000
0.379362 1.420913 0.000000
1.244873 0.156231 0.000000
0.119512 -0.421248 0.000000
1.087851 0.488087 0.000000
1.381748 -0.705366 0.000000
-1.676508 -0.664665 0.000000
0.130335 1.535291 0.000000
-0.737416 1.302223 0.000000
1.046709 -0.422352 0.000000
-0.315272 1.542776 0.000000
1.666277 -1.061574 0.000000
-0.868379 -1.140183 0.000000
0.237900 1.497004 0.000000
0.805000 0.970712 0.000000
1.104322 -0.460294 0.000000
-1.132691 -1.352177 0.000000
1.604843 -0.780423 0.000000
-0.838197 -1.115004 0.000000
1.697027 -1.106242 0.000000
-1.603052 -0.334016 0.000000
-1.322706 0.449869 0.000000
0.884859 -0.339742 0.000000
0.592681 1.236686 0.000000
-1.721623 -1.130732 0.000000
-1.099540 -1.327100 0.000000
0.344656 -0.321081 0.000000
-0.525889 1.455475 0.000000
-0.673960 1.355583 0.000000
-1.320501 -1.476937 0.000000
-1.545901 -0.134440 0.000000
1.337657 -0.061522 0.000000
-0.991571 -1.241730 0.000000
-0.294832 1.548088 0.000000
-0.069084 -0.529108 0.000000
1.071332 0.520304 0.000000
-1.553905 -0.160586 0.000000
0.289952 -0.341052 0.000000
-0.481536 -0.822228 0.000000
-0.535596 -0.865137 0.000000
1.567184 -0.925707 0.000000
1.076818 -0.441634 0.000000
0.029891 1.558505 0.000000
-0.639909 -0.949886 0.000000
-1.298138 0.501988 0.000000
-0.650556 -0.958647 0.000000
-0.977402 -1.230210 0.000000
0.418819 1.393180 0.000000
0.716304 -0.291486 0.000000
-0.031898 -0.506377 0.000000
-1.534261 -1.541818 0.000000
1.091865 -0.451740 0.000000
-0.724075 -1.019631 0.000000
-1.664372 -1.450447 0.000000
1.198090 0.259917 0.000000
-0.629344 -0.941194 0.000000
-1.262861 0.573699 0.000000
-0.949109 1.075225 0.000000
0.799015 0.979404 0.000000
-0.742564 -1.035049 0.000000
0.243986 1.494417 0.000000
0.852641 -0.327531 0.000000
-0.732775 1.306396 0.000000
-1.632065 -0.450464 0.000000
-0.255333 -0.652868 0.000000
0.518763 1.309949 0.000000
1.463075 -0.796496 0.000000
-1.129114 0.815045 0.000000
0.629333 -0.281725 0.000000
-1.121403 0.827566 0.000000
-1.245222 -1.431338 0.000000
1.522486 -0.544146 0.000000
-1.714263 -0.947541 0.000000
-0.080483 1.569887 0.000000
1.034962 -0.415178 0.000000
-1.099050 0.863335 0.000000
-0.279963 1.551434 0.000000
-0.650832 -0.958889 0.000000
1.236810 0.174409 0.000000
-1.670909 -0.634035 0.000000
-0.407590 -0.764901 0.000000
-0.963354 1.057013 0.000000
1.267050 0.105665 0.000000
1.293003 0.045302 0.000000
-0.094924 -0.545354 0.000000
-0.982033 1.032557 0.000000
0.163348 1.525047 0.000000
-1.592677 -0.295246 0.000000
-0.146696 -0.578777 0.000000
0.637413 1.187568 0.000000
-1.271641 0.556176 0.000000
0.076316 1.549330 0.000000
0.128608 1.535808 0.000000
-1.247455 -1.432821 0.000000
-0.362444 -0.730753 0.000000
1.691662 -1.043914 0.000000
-1.625646 -0.423525 0.000000
0.150399 1.529220 0.000000
1.601556 -0.770765 0.000000
-0.155179 -0.584400 0.000000
1.038325 -0.417213 0.000000
0.517981 1.310673 0.000000
-1.107782 0.849469 0.000000
0.636728 -0.282173 0.000000
-1.047071 -1.286226 0.000000
-0.446127 -0.794565 0.000000
0.389268 -0.307663 0.000000
-0.494371 -0.832300 0.000000
1.627244 -1.006558 0.000000
-0.449001 -0.796772 0.000000
1.545304 -0.608303 0.000000
-0.226561 -0.632759 0.000000
0.173951 -0.393654 0.000000
1.010074 0.635475 0.000000
-0.741427 1.298635 0.000000
1.247537 0.150195 0.000000
0.175512 1.520839 0.000000
0.247896 1.492727 0.000000
-0.911502 -1.176021 0.000000
-1.396976 -1.514190 0.000000
-1.706352 -1.320202 0.000000
-1.184643 -1.390050 0.000000
-1.588752 -0.280897 0.000000
1.599760 -0.968995 0.000000
-1.309558 -1.470798 0.000000
0.444362 -0.294866 0.000000
0.863826 -0.331636 0.000000
0.385709 -0.308664 0.000000
-1.045100 -1.284674 0.000000
-1.623926 -0.416454 0.000000
-1.157731 -1.370699 0.000000
0.035349 -0.467089 0.000000
0.189760 1.515941 0.000000
0.802437 -0.311320 0.000000
-0.994217 1.016346 0.000000
-0.236619 1.559885 0.000000
0.681360 -0.286381 0.000000
-0.608391 1.403839 0.000000
-0.271142 1.553434 0.000000
1.652339 -0.922740 0.000000
-0.962310 -1.217896 0.000000
-0.101602 1.570439 0.000000
0.107417 -0.427560 0.000000
0.644770 -0.282656 0.000000
-1.694564 -1.372803 0.000000
-0.425422 -0.778526 0.000000
-0.492266 1.473618 0.000000
-1.127178 0.818184 0.000000
1.509954 -0.852961 0.000000
0.854747 0.896483 0.000000
0.212736 1.507145 0.000000
0.880993 -0.338189 0.000000
1.470097 -0.400725 0.000000
0.195483 1.513802 0.000000
1.404284 -0.729753 0.000000
-1.671760 -1.435856 0.000000
0.903648 -0.347503 0.000000
0.296133 1.470100 0.000000
-0.267180 -0.661284 0.000000
-1.597111 -1.523020 0.000000
0.913000 -0.351504 0.000000
1.198890 0.258192 0.000000
1.613144 -0.987173 0.000000
0.327080 1.453336 0.000000
0.039098 1.556953 0.000000
0.820837 0.947601 0.000000
1.111954 0.440073 0.000000
1.123835 0.416066 0.000000
0.050593 1.554883 0.000000
1.469460 -0.399000 0.000000
-0.687880 -0.989518 0.000000
0.542218 1.287770 0.000000
-1.415745 0.233599 0.000000
1.182529 0.293479 0.000000
-0.399093 -0.758416 0.000000
0.718688 -0.291935 0.000000
-0.509967 1.464305 0.000000
1.028815 0.600948 0.000000
-0.623928 1.393111 0.000000
1.342553 -0.664561 0.000000
0.140269 1.532290 0.000000
-1.151698 -1.366250 0.000000
1.328412 -0.039102 0.000000
-1.680223 -1.416230 0.000000
-0.026391 -0.503065 0.000000
0.497506 1.329231 0.000000
1.046006 0.568732 0.000000
-0.534528 1.450646 0.000000
1.220371 -0.550321 0.000000
-0.845447 -1.121040 0.000000
-0.404896 -0.762831 0.000000
0.606236 1.222268 0.000000
0.284418 1.475929 0.000000
0.099585 -0.431769 0.000000
0.121800 -0.420041 0.000000
-0.186381 -0.605233 0.000000
1.060726 0.540724 0.000000
-0.344716 1.534325 0.000000
1.603478 -0.776421 0.000000
0.022852 -0.474229 0.000000
0.397841 -0.305490 0.000000
1.327967 -0.038032 0.000000
0.979817 0.689767 0.000000
-0.202600 -0.616306 0.000000
0.130428 1.535257 0.000000
0.170571 -0.395344 0.000000
0.639302 -0.282345 0.000000
0.779798 -0.305111 0.000000
1.407784 -0.733616 0.000000
-1.278746 0.541896 0.000000
0.560794 -0.281276 0.000000
-0.346153 1.533842 0.000000
1.566933 -0.925362 0.000000
-1.046754 0.942531 0.000000
1.405748 -0.731374 0.000000
-0.650563 1.373623 0.000000
0.769533 1.020899 0.000000
-0.686609 1.345373 0.000000
-0.149011 -0.580295 0.000000
-0.468711 1.485483 0.000000
0.435176 1.380729 0.000000
-0.452099 -0.799187 0.000000
-1.447783 -1.531815 0.000000
-0.762836 1.279044 0.000000
-1.328054 0.438245 0.000000
-1.613100 -0.372889 0.000000
-0.721273 1.316399 0.000000
-1.016535 0.985613 0.000000
0.618579 1.208678 0.000000
1.199689 0.256468 0.000000
1.423383 -0.750931 0.000000
-1.678252 -0.674495 0.000000
-1.676005 -0.661836 0.000000
-0.576907 1.424741 0.000000
0.211637 1.507593 0.000000
0.525651 1.303637 0.000000
-0.464603 -0.808914 0.000000
-0.025020 1.566231 0.000000
-1.197640 0.697045 0.000000
0.563768 -0.281138 0.000000
-0.114258 -0.557702 0.000000
-0.404944 -0.762866 0.000000
0.000765 1.563023 0.000000
-1.000440 -1.248905 0.000000
-1.114205 -1.338276 0.000000
0.132440 -0.414557 0.000000
-1.533806 -1.541853 0.000000
0.628482 1.197675 0.000000
0.497637 -0.286347 0.000000
1.668089 -0.970927 0.000000
0.134535 1.534015 0.000000
-0.227102 -0.633138 0.000000
0.326377 1.453784 0.000000
0.489677 -0.287450 0.000000
-1.525633 -0.070525 0.000000
0.992997 -0.390998 0.000000
0.901908 0.821909 0.000000
-0.119833 1.570301 0.000000
0.561156 1.269213 0.000000
-1.150388 -1.365284 0.000000
0.248468 -0.358678 0.000000
-0.489458 -0.828437 0.000000
-1.038564 -1.279466 0.000000
-0.985210 1.028349 0.000000
0.483888 1.341062 0.000000
1.211053 0.231598 0.000000
1.320239 -0.019441 0.000000
1.205540 -0.537834 0.000000
0.969869 0.707290 0.000000
1.130823 0.401821 0.000000
0.607687 1.220716 0.000000
-1.089647 0.877960 0.000000
0.469299 1.353479 0.000000
0.775067 -0.303904 0.000000
0.799532 0.978645 0.000000
-0.197679 1.565300 0.000000
1.456704 -0.364887 0.000000
-0.634523 1.385385 0.000000
-1.162128 -1.373873 0.000000
0.633595 1.191983 0.000000
1.482650 -0.819744 0.000000
0.479626 1.344752 0.000000
0.987986 -0.388273 0.000000
0.222488 1.503385 0.000000
0.696556 -0.288382 0.000000
-0.911695 1.121204 0.000000
1.073107 -0.439185 0.000000
-1.267726 0.564075 0.000000
-1.105580 0.852953 0.000000
-0.490881 1.474308 0.000000
1.263373 0.114116 0.000000
-1.721189 -1.158120 0.000000
-0.474227 -0.816468 0.000000
-1.561865 -0.187076 0.000000
-1.564542 -1.536506 0.000000
-0.133106 1.569956 0.000000
1.696255 -1.105139 0.000000
-0.180581 -0.601267 0.000000
0.296568 1.469893 0.000000
-1.708178 -1.309647 0.000000
1.468254 -0.802602 0.000000
-0.724271 -1.019769 0.000000
-0.549610 1.441643 0.000000
1.036485 0.586634 0.000000
-1.696004 -1.367457 0.000000
0.539895 1.290047 0.000000
0.051172 1.554745 0.000000
-0.699214 -0.998935 0.000000
-1.165343 0.754062 0.000000
-1.361378 -1.498219 0.000000
-1.353046 0.382746 0.000000
-0.942621 1.083365 0.000000
-1.639780 -0.483887 0.000000
-1.474223 0.079657 0.000000
-0.944037 -1.202891 0.000000
-0.338127 1.536429 0.000000
0.108341 1.541396 0.000000
-1.420865 -1.523330 0.000000
-1.700918 -0.822435 0.000000
-1.234351 -1.424198 0.000000
1.283893 -0.607234 0.000000
-1.135055 0.805249 0.000000
0.578167 1.251932 0.000000
0.761987 -0.300765 0.000000
1.542175 -0.893387 0.000000
-0.790763 -1.075337 0.000000
-0.905648 -1.171192 0.000000
1.358531 -0.112779 0.000000
-0.046025 1.567956 0.000000
-0.431521 1.502316 0.000000
0.308197 -0.333912 0.000000
0.049070 1.555228 0.000000
0.162587 1.525288 0.000000
1.170214 -0.509205 0.000000
1.019953 0.617332 0.000000
0.212340 1.507317 0.000000
-0.454335 -0.800911 0.000000
0.044780 -0.461708 0.000000
-0.430208 -0.782216 0.000000
0.310330 -0.333119 0.000000
1.161038 0.339147 0.000000
-1.338584 -1.486699 0.000000
0.270428 1.482586 0.000000
0.002570 -0.485922 0.000000
-0.808275 -1.089962 0.000000
-0.966579 1.052839 0.000000
0.212733 1.507145 0.000000
-1.714015 -0.944540 0.000000
1.286904 -0.610062 0.000000
-0.149825 -0.580847 0.000000
-1.209889 -1.407676 0.000000
-1.377439 0.326488 0.000000
0.000909 1.562989 0.000000
-0.754307 -1.044845 0.000000
-1.580100 -0.249922 0.000000
1.631782 -0.860584 0.000000
0.342396 1.444264 0.000000
-0.126397 1.570129 0.000000
1.006101 -0.398311 0.000000
-0.080569 -0.536317 0.000000
-1.257637 0.584012 0.000000
-1.458066 -1.534506 0.000000
0.106428 -0.428112 0.000000
0.497358 -0.286381 0.000000
-1.078372 0.895310 0.000000
1.518155 -0.863102 0.000000
1.522352 -0.868345 0.000000
1.102337 -0.458915 0.000000
-1.613368 -0.373924 0.000000
1.518689 -0.533592 0.000000
0.828910 0.935598 0.000000
1.406461 -0.233573 0.000000
-1.273363 0.552727 0.000000
-0.490736 -0.829437 0.000000
1.385594 -0.709505 0.000000
1.034173 -0.414695 0.000000
-1.296226 -1.463071 0.000000
-0.315179 1.542811 0.000000
-1.178209 -1.385462 0.000000
-0.540272 1.447231 0.000000
-1.001756 -1.249974 0.000000
-1.636917 -0.471332 0.000000
-1.592422 -1.525572 0.000000
0.186807 -0.387411 0.000000
-0.578013 1.424017 0.000000
-0.980937 1.034041 0.000000
-0.162660 1.568473 0.000000
0.578446 -0.280724 0.000000
1.231283 -0.559737 0.000000
1.083468 0.496642 0.000000
1.151456 0.359153 0.000000
0.013355 1.561333 0.000000
1.609622 -0.794565 0.000000
-0.703097 1.331956 0.000000
-1.612624 -0.371027 0.000000
-0.746889 1.293703 0.000000
-1.380740 0.318693 0.000000
0.859119 0.889791 0.000000
0.054301 -0.456431 0.000000
-1.086742 0.882479 0.000000
0.989606 0.672417 0.000000
0.341176 -0.322219 0.000000
0.248713 -0.358575 0.000000
-1.450282 0.144607 0.000000
1.016683 -0.404347 0.000000
-1.519917 -1.542439 0.000000
-0.061207 1.569094 0.000000
-1.299803 0.498539 0.000000
-0.021416 1.565783 0.000000
0.099251 -0.431941 0.000000
-0.783245 -1.069025 0.000000
0.638254 -0.282277 0.000000
-1.534589 -1.541784 0.000000
-0.281848 1.551020 0.000000
-1.205000 -1.404295 0.000000
0.578484 -0.280724 0.000000
-0.580346 1.422534 0.000000
1.042353 0.575665 0.000000
1.344059 -0.666079 0.000000
0.249799 -0.358092 0.000000
-1.574463 -0.230158 0.000000
-0.438881 1.499246 0.000000
-0.994010 -1.243731 0.000000
1.082975 0.497607 0.000000
-1.482785 0.055719 0.000000
-0.668746 -0.973652 0.000000
1.507663 -0.503031 0.000000
-1.233627 -1.423715 0.000000
1.651378 -0.919808 0.000000
-1.539382 -1.541301 0.000000
-0.156678 -0.585400 0.000000
1.197102 0.262056 0.000000
-0.919214 -1.182437 0.000000
-0.677054 1.353169 0.000000
-0.150314 -0.581157 0.000000
1.719834 -1.132629 0.000000
1.348445 -0.087909 0.000000
-0.456385 1.491175 0.000000
1.538126 -0.888247 0.000000
1.166207 0.328213 0.000000
0.374117 -0.312009 0.000000
-1.261190 -1.441617 0.000000
-0.840609 1.201400 0.000000
-1.464461 0.106493 0.000000
-0.952127 -1.209548 0.000000
-0.254847 -0.652523 0.000000
1.362821 -0.123402 0.000000
-1.139459 -1.357247 0.000000
-1.688155 -1.394154 0.000000
1.469698 -0.399621 0.000000
1.031778 0.595429 0.000000
0.618955 1.208230 0.000000
0.768755 -0.302386 0.000000
-0.711236 -1.008903 0.000000
-0.376796 -0.741549 0.000000
1.570713 -0.930329 0.000000
1.550014 -0.621652 0.000000
-1.534585 -0.098395 0.000000
-0.139133 1.569818 0.000000
-0.293636 1.548364 0.000000
1.609863 -0.982689 0.000000
0.342830 -0.321702 0.000000
-0.963143 -1.218586 0.000000
0.638233 1.186637 0.000000
1.392720 -0.717163 0.000000
-1.535950 -1.541680 0.000000
-0.150659 -0.581399 0.000000
1.083606 -0.446152 0.000000
-1.303514 -1.467314 0.000000
0.706190 -0.289865 0.000000
-1.269311 -1.446721 0.000000
0.102855 1.542811 0.000000
-0.870601 -1.142046 0.000000
0.809414 -0.313389 0.000000
0.122895 -0.419489 0.000000
-1.401435 0.268989 0.000000
-0.649895 1.374140 0.000000
0.194746 1.514078 0.000000
-0.027773 1.566542 0.000000
1.337605 -0.061419 0.000000
0.901733 -0.346709 0.000000
-1.161070 0.761478 0.000000
-0.638679 1.382350 0.000000
-0.955976 1.066567 0.000000
-1.303186 -1.467141 0.000000
-0.279043 1.551641 0.000000
-1.661178 -1.456138 0.000000
-0.786229 -1.071542 0.000000
0.502151 -0.285829 0.000000
0.340005 -0.322599 0.000000
0.492434 1.333646 0.000000
0.665444 -0.284519 0.000000
1.025659 0.606846 0.000000
0.353918 -0.318080 0.000000
-0.088918 -0.541559 0.000000
-0.493713 -0.831783 0.000000
0.919316 0.793384 0.000000
1.007768 0.639684 0.000000
-1.689829 -0.744516 0.000000
-0.139563 1.569818 0.000000
-0.961548 1.059358 0.000000
0.954873 0.733332 0.000000
0.560739 -0.281276 0.000000
1.464229 -0.797876 0.000000
0.685688 1.130379 0.000000
1.371835 -0.694846 0.000000
0.514821 -0.284484 0.000000
-1.581647 -1.530574 0.000000
1.028402 0.601707 0.000000
-0.892495 -1.160258 0.000000
-1.639546 -0.482853 0.000000
1.385566 -0.180385 0.000000
1.308027 -0.630275 0.000000
0.875803 0.863715 0.000000
0.165026 1.524460 0.000000
1.163275 0.334387 0.000000
-0.543032 -0.871070 0.000000
1.556616 -0.640451 0.000000
-0.698014 -0.997935 0.000000
-0.667551 -0.972686 0.000000
1.374716 -0.153066 0.000000
-1.253606 0.591911 0.000000
0.520751 1.308121 0.000000
-1.465650 0.103250 0.000000
-1.340156 0.411617 0.000000
1.393540 -0.200563 0.000000
-1.314640 0.467185 0.000000
0.620223 1.206850 0.000000
1.700269 -1.111037 0.000000
-0.935612 -1.195958 0.000000
1.408594 -0.239022 0.000000
-1.470191 0.090833 0.000000
1.462868 -0.796255 0.000000
-1.219937 -1.414540 0.000000
0.148259 -0.406451 0.000000
0.316560 1.459165 0.000000
-1.661385 -0.584917 0.000000
-0.348320 1.533153 0.000000
-1.714284 -1.265151 0.000000
-0.489530 1.474998 0.000000
-0.422786 1.505972 0.000000
0.819342 -0.316355 0.000000
-0.792510 -1.076785 0.000000
-1.193595 0.704358 0.000000
-0.700540 -1.000039 0.000000
-0.793816 -1.077889 0.000000
-0.219628 -0.627930 0.000000
0.694812 1.119031 0.000000
1.267626 0.104320 0.000000
0.840970 0.917524 0.000000
1.147621 -0.491786 0.000000
-0.605955 1.405529 0.000000
-1.583656 -0.262581 0.000000
1.311421 -0.633586 0.000000
-0.990992 -1.241282 0.000000
-1.091611 0.874890 0.000000
0.215431 1.506110 0.000000
1.149295 -0.493062 0.000000
-1.154224 -1.368112 0.000000
0.531925 -0.282932 0.000000
-1.475618 -1.538266 0.000000
0.631631 1.194157 0.000000
-1.275241 0.548933 0.000000
-1.068152 -1.302783 0.000000
-1.247724 -1.432993 0.000000
0.129659 1.535498 0.000000
-1.149885 0.780449 0.000000
0.531157 1.298497 0.000000
0.744486 1.054909 0.000000
-1.211319 -1.408676 0.000000
-0.401036 -0.759899 0.000000
-0.238966 -0.641416 0.000000
1.666215 -1.061471 0.000000
-0.428161 1.503730 0.000000
1.526576 -0.555564 0.000000
0.903128 -0.347296 0.000000
-1.625790 -1.501772 0.000000
0.989396 0.672797 0.000000
-0.477408 -0.818986 0.000000
-0.496315 -0.833852 0.000000
0.583663 1.246310 0.000000
-1.160478 0.762478 0.000000
-1.717464 -1.231796 0.000000
-0.525242 1.455854 0.000000
-1.350031 0.389541 0.000000
0.197744 1.512940 0.000000
-0.095265 1.570301 0.000000
0.785873 0.998030 0.000000
0.961664 -0.374510 0.000000
0.106893 1.541776 0.000000
0.090061 -0.436874 0.000000
-1.039091 0.953569 0.000000
1.029053 -0.411590 0.000000
-0.503520 1.467858 0.000000
1.161907 -0.502720 0.000000
-0.321316 1.541120 0.000000
1.503497 -0.491545 0.000000
1.189431 0.278647 0.000000
0.883749 -0.339293 0.000000
-0.164397 1.568335 0.000000
0.486990 1.338371 0.000000
-1.045769 0.943945 0.000000
1.402506 -0.727821 0.000000
1.586446 -0.951128 0.000000
-0.739174 -1.032186 0.000000
1.315645 -0.008403 0.000000
0.309282 1.463063 0.000000
0.739383 -0.295832 0.000000
-0.787938 -1.072957 0.000000
-0.081241 1.569922 0.000000
0.165995 -0.397621 0.000000
-1.186079 -1.391084 0.000000
0.408144 1.400907 0.000000
0.574901 1.255243 0.000000
1.589930 -0.955784 0.000000
0.162039 -0.399587 0.000000
0.084348 -0.439909 0.000000
0.971312 -0.379443 0.000000
0.554843 1.275560 0.000000
0.332066 1.450404 0.000000
-0.982815 -1.234625 0.000000
-1.364865 0.355773 0.000000
0.606109 -0.280862 0.000000
-1.353315 -1.494253 0.000000
-1.584717 -0.266341 0.000000
-0.532777 1.451680 0.000000
1.503855 -0.845442 0.000000
-1.301012 0.496021 0.000000
0.311453 1.461925 0.000000
