-0.386673 0.027748 -0.500000
0.284198 -0.017708 -0.500000
-0.069225 -0.023229 -0.500000
-0.379596 -0.018046 -0.500000
0.386724 -0.014386 -0.500000
-0.020568 -0.023147 -0.500000
0.432446 -0.003640 -0.500000
0.222309 0.012762 -0.500000
0.076438 -0.022230 -0.500000
0.425054 -0.003010 -0.500000
-0.174174 0.033888 -0.500000
-0.273437 -0.019835 -0.500000
-0.097954 0.031255 -0.500000
-0.244719 0.035199 -0.500000
-0.332716 0.032983 -0.500000
-0.147112 0.033066 -0.500000
-0.213140 0.034811 -0.500000
-0.077086 -0.023214 -0.500000
-0.228487 0.035052 -0.500000
0.067899 -0.022346 -0.500000
-0.496157 -0.012651 -0.500000
-0.252488 -0.020393 -0.500000
0.410969 -0.013493 -0.500000
0.236529 0.011747 -0.500000
0.043033 0.024291 -0.500000
-0.041468 0.028744 -0.500000
-0.480112 0.004975 -0.500000
0.284654 -0.017695 -0.500000
-0.219582 0.034923 -0.500000
-0.192345 0.034362 -0.500000
0.314395 0.005948 -0.500000
-0.052138 -0.023233 -0.500000
0.020269 -0.022873 -0.500000
-0.232985 0.035105 -0.500000
0.446100 -0.004816 -0.500000
-0.124259 0.032272 -0.500000
0.116658 0.019859 -0.500000
0.332483 -0.016233 -0.500000
-0.182648 0.034118 -0.500000
0.080477 -0.022173 -0.500000
0.087413 0.021674 -0.500000
-0.255095 -0.020323 -0.500000
0.268511 -0.018154 -0.500000
-0.244365 -0.020613 -0.500000
0.296540 0.007313 -0.500000
0.045917 -0.022615 -0.500000
0.275816 -0.017948 -0.500000
-0.293825 -0.019327 -0.500000
-0.114178 0.031894 -0.500000
0.485740 -0.010455 -0.500000
0.122275 -0.021504 -0.500000
0.138991 -0.021198 -0.500000
0.220779 -0.019410 -0.500000
0.276601 -0.017926 -0.500000
0.032484 0.024887 -0.500000
0.256492 -0.018484 -0.500000
0.053084 -0.022532 -0.500000
-0.452865 -0.017838 -0.500000
0.247375 -0.018729 -0.500000
-0.159142 -0.022524 -0.500000
-0.482506 -0.016314 -0.500000
-0.295217 -0.019294 -0.500000
-0.384073 0.028093 -0.500000
0.456028 -0.005680 -0.500000
0.079758 -0.022183 -0.500000
-0.060861 0.029653 -0.500000
0.321218 -0.016591 -0.500000
-0.055168 0.029391 -0.500000
0.083904 -0.022124 -0.500000
-0.073823 0.030234 -0.500000
0.163660 0.016801 -0.500000
-0.194520 0.034415 -0.500000
0.028288 0.025121 -0.500000
-0.396597 0.026328 -0.500000
-0.267241 -0.019998 -0.500000
0.103413 0.020690 -0.500000
0.262922 0.009827 -0.500000
-0.021931 -0.023153 -0.500000
0.451671 -0.011894 -0.500000
0.116564 -0.021604 -0.500000
-0.406970 -0.017988 -0.500000
0.466891 -0.011263 -0.500000
-0.468133 -0.017412 -0.500000
0.305951 -0.017063 -0.500000
-0.097148 0.031222 -0.500000
-0.334647 -0.018509 -0.500000
-0.236585 -0.020823 -0.500000
0.309796 0.006302 -0.500000
-0.199405 0.034528 -0.500000
0.393630 -0.014136 -0.500000
0.452544 -0.005376 -0.500000
-0.132005 0.032550 -0.500000
-0.314633 0.033968 -0.500000
-0.114073 -0.023032 -0.500000
0.049550 0.023918 -0.500000
0.317739 -0.016700 -0.500000
0.334127 0.004413 -0.500000
-0.200449 -0.021738 -0.500000
-0.224970 -0.021131 -0.500000
-0.396079 0.026407 -0.500000
0.105099 0.020584 -0.500000
0.156527 0.017276 -0.500000
-0.101427 -0.023116 -0.500000
0.489892 -0.008688 -0.500000
-0.411440 -0.017989 -0.500000
0.474893 -0.010923 -0.500000
0.464318 -0.011371 -0.500000
0.278670 0.008659 -0.500000
-0.214065 -0.021410 -0.500000
0.394771 -0.000471 -0.500000
0.396830 -0.014019 -0.500000
0.438622 -0.012421 -0.500000
-0.462091 0.011693 -0.500000
0.425577 -0.003055 -0.500000
0.270989 0.009230 -0.500000
-0.167997 -0.022384 -0.500000
-0.375309 0.029178 -0.500000
0.433792 -0.012612 -0.500000
0.454904 -0.011762 -0.500000
-0.100144 0.031343 -0.500000
0.341613 0.003824 -0.500000
-0.160038 0.033475 -0.500000
0.218248 -0.019472 -0.500000
0.153903 -0.020908 -0.500000
0.032782 0.024870 -0.500000
-0.343895 0.032199 -0.500000
0.038760 -0.022693 -0.500000
0.195314 0.014651 -0.500000
0.321858 -0.016571 -0.500000
-0.324118 -0.018688 -0.500000
-0.491709 -0.001109 -0.500000
-0.083760 0.030664 -0.500000
0.404379 -0.001269 -0.500000
0.476930 -0.010836 -0.500000
0.107705 -0.021753 -0.500000
-0.350027 0.031709 -0.500000
-0.179476 -0.022179 -0.500000
0.318620 -0.016672 -0.500000
0.233853 -0.019081 -0.500000
-0.360145 -0.018184 -0.500000
0.413570 -0.013395 -0.500000
-0.150467 -0.022649 -0.500000
-0.017209 0.027544 -0.500000
-0.041524 -0.023217 -0.500000
0.369752 -0.014986 -0.500000
0.448815 -0.012011 -0.500000
-0.289027 0.034841 -0.500000
-0.323966 0.033502 -0.500000
0.089231 0.021563 -0.500000
0.411853 -0.001895 -0.500000
0.452558 -0.005377 -0.500000
0.252093 -0.018603 -0.500000
0.150507 -0.020976 -0.500000
-0.174665 -0.022268 -0.500000
-0.205782 -0.021613 -0.500000
0.127134 0.019192 -0.500000
0.467613 -0.006698 -0.500000
-0.443558 -0.017939 -0.500000
0.094516 -0.021964 -0.500000
0.394113 -0.014118 -0.500000
-0.339923 0.032493 -0.500000
0.022118 0.025462 -0.500000
-0.140608 -0.022774 -0.500000
-0.234792 -0.020871 -0.500000
-0.134058 -0.022848 -0.500000
-0.205556 -0.021618 -0.500000
-0.222298 0.034965 -0.500000
0.118537 0.019740 -0.500000
-0.315168 0.033944 -0.500000
0.213292 -0.019593 -0.500000
-0.309029 0.034207 -0.500000
0.270059 -0.018111 -0.500000
0.488532 -0.010332 -0.500000
-0.362368 0.030579 -0.500000
-0.116099 -0.023016 -0.500000
-0.346372 -0.018340 -0.500000
0.301407 0.006943 -0.500000
0.353829 -0.015530 -0.500000
0.494292 -0.010078 -0.500000
-0.444531 -0.017932 -0.500000
-0.424678 0.021341 -0.500000
0.158244 0.017162 -0.500000
-0.008891 0.027117 -0.500000
-0.274226 -0.019815 -0.500000
0.271246 0.009211 -0.500000
0.382617 0.000529 -0.500000
-0.243181 0.035192 -0.500000
0.020270 0.025563 -0.500000
0.278494 0.008672 -0.500000
-0.307692 -0.019014 -0.500000
-0.319952 0.033712 -0.500000
-0.268879 -0.019955 -0.500000
-0.013498 -0.023112 -0.500000
0.339914 0.003958 -0.500000
-0.134499 0.032638 -0.500000
-0.451674 0.014826 -0.500000
-0.345957 -0.018345 -0.500000
-0.111086 -0.023054 -0.500000
0.389378 -0.000026 -0.500000
-0.070382 0.030081 -0.500000
0.180403 -0.020352 -0.500000
-0.369117 0.029878 -0.500000
0.385765 -0.014421 -0.500000
-0.485657 0.002361 -0.500000
-0.326944 -0.018637 -0.500000
-0.448357 -0.017897 -0.500000
0.081667 0.022023 -0.500000
0.209659 0.013653 -0.500000
-0.188181 -0.022006 -0.500000
-0.383496 -0.018029 -0.500000
0.218631 0.013022 -0.500000
0.059369 -0.022456 -0.500000
0.094075 0.021267 -0.500000
0.186686 -0.020213 -0.500000
-0.459308 0.012573 -0.500000
-0.027258 0.028049 -0.500000
0.466791 -0.011267 -0.500000
-0.244028 0.035196 -0.500000
-0.114908 -0.023026 -0.500000
-0.003883 0.026857 -0.500000
-0.133532 -0.022854 -0.500000
-0.472833 0.007942 -0.500000
0.407024 -0.001490 -0.500000
-0.013980 0.027379 -0.500000
-0.358394 0.030964 -0.500000
-0.147682 -0.022686 -0.500000
-0.270558 -0.019911 -0.500000
0.385205 -0.014441 -0.500000
0.096042 0.021146 -0.500000
-0.261834 -0.020142 -0.500000
0.322119 0.005350 -0.500000
-0.053680 -0.023234 -0.500000
0.092865 0.021341 -0.500000
0.317937 0.005674 -0.500000
0.258881 0.010124 -0.500000
0.453083 -0.005423 -0.500000
0.205019 -0.019791 -0.500000
-0.190881 0.034327 -0.500000
0.110944 -0.021699 -0.500000
0.427995 -0.012840 -0.500000
0.176485 0.015938 -0.500000
0.465213 -0.011333 -0.500000
0.354758 0.002781 -0.500000
-0.137622 0.032746 -0.500000
0.301695 -0.017192 -0.500000
0.032898 -0.022754 -0.500000
0.288979 0.007885 -0.500000
-0.438322 -0.017968 -0.500000
-0.198161 -0.021790 -0.500000
-0.436605 0.018708 -0.500000
-0.464098 -0.017571 -0.500000
0.070904 0.022668 -0.500000
-0.101869 0.031413 -0.500000
0.473498 -0.007220 -0.500000
-0.251725 0.035222 -0.500000
-0.194071 -0.021881 -0.500000
-0.148488 -0.022675 -0.500000
-0.092942 0.031050 -0.500000
-0.377870 0.028874 -0.500000
0.176626 0.015929 -0.500000
-0.235944 -0.020840 -0.500000
0.449315 -0.011990 -0.500000
0.315097 -0.016782 -0.500000
-0.259043 0.035218 -0.500000
0.119985 -0.021545 -0.500000
0.412657 -0.013429 -0.500000
0.261829 0.009907 -0.500000
0.072947 0.022546 -0.500000
-0.428669 -0.017990 -0.500000
-0.349021 0.031793 -0.500000
-0.443715 0.016961 -0.500000
0.158372 -0.020818 -0.500000
0.207736 -0.019726 -0.500000
-0.467526 0.009874 -0.500000
0.437304 -0.004057 -0.500000
0.470636 -0.006966 -0.500000
0.292745 -0.017458 -0.500000
-0.432421 0.019671 -0.500000
-0.497999 -0.007175 -0.500000
-0.051134 0.029203 -0.500000
0.470132 -0.006921 -0.500000
-0.366736 -0.018127 -0.500000
0.303016 0.006820 -0.500000
0.355151 -0.015486 -0.500000
-0.412793 0.023643 -0.500000
-0.198086 0.034498 -0.500000
0.170084 0.016371 -0.500000
-0.333967 -0.018519 -0.500000
0.096491 0.021118 -0.500000
-0.223819 -0.021161 -0.500000
-0.191436 -0.021939 -0.500000
-0.130006 0.032479 -0.500000
0.445861 -0.012130 -0.500000
0.065837 0.022968 -0.500000
0.474369 -0.010946 -0.500000
0.184925 0.015364 -0.500000
-0.142466 0.032911 -0.500000
-0.363767 -0.018152 -0.500000
-0.277446 0.035060 -0.500000
-0.210649 -0.021495 -0.500000
0.138312 -0.021211 -0.500000
0.488660 -0.010327 -0.500000
0.042625 0.024314 -0.500000
-0.035655 -0.023203 -0.500000
-0.308137 0.034242 -0.500000
-0.363955 0.030422 -0.500000
-0.069172 -0.023229 -0.500000
0.359598 -0.015335 -0.500000
-0.250765 0.035220 -0.500000
0.354535 -0.015507 -0.500000
0.325389 -0.016459 -0.500000
0.103442 -0.021823 -0.500000
0.460976 -0.006113 -0.500000
0.334398 -0.016171 -0.500000
0.272532 -0.018041 -0.500000
-0.099527 0.031318 -0.500000
-0.443220 0.017087 -0.500000
-0.070366 -0.023227 -0.500000
0.141347 0.018273 -0.500000
0.056271 0.023529 -0.500000
0.310106 -0.016936 -0.500000
0.001153 -0.023023 -0.500000
-0.322224 0.033593 -0.500000
0.181132 0.015623 -0.500000
-0.285419 0.034919 -0.500000
0.339955 -0.015991 -0.500000
0.414067 -0.002081 -0.500000
0.129316 0.019052 -0.500000
0.068360 0.022819 -0.500000
0.260160 -0.018385 -0.500000
-0.102971 0.031457 -0.500000
0.458654 -0.005910 -0.500000
0.119887 -0.021546 -0.500000
-0.275836 -0.019773 -0.500000
0.173565 -0.020500 -0.500000
-0.107846 -0.023077 -0.500000
0.024012 0.025357 -0.500000
0.158862 -0.020808 -0.500000
-0.465597 0.010536 -0.500000
0.275172 0.008920 -0.500000
-0.059793 0.029604 -0.500000
0.186015 0.015290 -0.500000
0.441805 -0.012294 -0.500000
-0.361804 -0.018169 -0.500000
0.015158 0.025842 -0.500000
-0.406626 0.024723 -0.500000
-0.124722 0.032289 -0.500000
-0.340799 0.032431 -0.500000
0.114623 0.019987 -0.500000
0.422139 -0.013067 -0.500000
-0.279477 -0.019680 -0.500000
-0.193404 0.034388 -0.500000
0.331814 0.004595 -0.500000
-0.106823 -0.023083 -0.500000
-0.078832 0.030452 -0.500000
-0.055146 0.029390 -0.500000
-0.416242 0.023005 -0.500000
-0.423705 0.021542 -0.500000
-0.371293 0.029639 -0.500000
0.083983 0.021883 -0.500000
-0.481599 0.004311 -0.500000
-0.192500 -0.021915 -0.500000
-0.491902 -0.014509 -0.500000
0.233729 -0.019084 -0.500000
-0.142087 -0.022756 -0.500000
0.222521 0.012747 -0.500000
0.425093 -0.003013 -0.500000
0.150511 -0.020975 -0.500000
-0.182343 0.034110 -0.500000
0.438075 -0.004123 -0.500000
0.065225 -0.022381 -0.500000
0.356188 -0.015451 -0.500000
0.291783 0.007674 -0.500000
-0.094246 -0.023154 -0.500000
-0.462766 0.011475 -0.500000
-0.363741 0.030443 -0.500000
-0.447046 -0.017910 -0.500000
-0.114792 -0.023027 -0.500000
-0.027539 -0.023176 -0.500000
-0.436284 0.018783 -0.500000
0.217324 0.013114 -0.500000
-0.134981 0.032655 -0.500000
-0.261337 0.035211 -0.500000
-0.057540 0.029500 -0.500000
0.157118 0.017236 -0.500000
-0.422775 -0.017992 -0.500000
-0.358367 0.030967 -0.500000
0.104327 -0.021809 -0.500000
0.371079 -0.014940 -0.500000
-0.383648 0.028148 -0.500000
-0.236674 0.035143 -0.500000
0.501092 -0.009705 -0.500000
0.200208 0.014312 -0.500000
-0.156186 0.033357 -0.500000
0.064305 0.023058 -0.500000
-0.086807 -0.023185 -0.500000
-0.484019 0.003175 -0.500000
-0.369617 0.029823 -0.500000
-0.343219 -0.018382 -0.500000
-0.308823 -0.018990 -0.500000
0.331429 0.004625 -0.500000
-0.293509 0.034727 -0.500000
0.438320 -0.012433 -0.500000
-0.237424 -0.020800 -0.500000
-0.221394 -0.021224 -0.500000
0.078939 -0.022195 -0.500000
-0.061560 0.029685 -0.500000
0.329651 0.004764 -0.500000
-0.343597 0.032221 -0.500000
-0.167737 -0.022388 -0.500000
0.342343 0.003767 -0.500000
0.357341 0.002574 -0.500000
0.358106 -0.015386 -0.500000
0.173264 0.016156 -0.500000
-0.409699 -0.017989 -0.500000
-0.258731 0.035218 -0.500000
0.147640 0.017862 -0.500000
0.492827 -0.010143 -0.500000
-0.071246 0.030120 -0.500000
0.272996 0.009081 -0.500000
-0.311126 0.034121 -0.500000
0.153929 0.017448 -0.500000
0.098853 -0.021896 -0.500000
0.400654 -0.000959 -0.500000
-0.320852 0.033665 -0.500000
-0.458962 0.012680 -0.500000
0.460521 -0.011529 -0.500000
-0.040038 0.028675 -0.500000
-0.464580 0.010878 -0.500000
-0.049758 -0.023231 -0.500000
0.130694 -0.021353 -0.500000
-0.484921 -0.015987 -0.500000
-0.060149 -0.023236 -0.500000
0.468686 -0.011187 -0.500000
-0.221390 -0.021224 -0.500000
0.329813 0.004751 -0.500000
0.118875 -0.021564 -0.500000
0.251968 -0.018606 -0.500000
-0.173049 -0.022296 -0.500000
-0.048971 -0.023230 -0.500000
0.043774 -0.022639 -0.500000
0.441533 -0.004421 -0.500000
0.209724 0.013649 -0.500000
0.135023 0.018684 -0.500000
0.356963 -0.015425 -0.500000
-0.450493 0.015156 -0.500000
0.346487 0.003439 -0.500000
-0.244288 -0.020615 -0.500000
-0.382380 0.028310 -0.500000
0.015750 -0.022912 -0.500000
-0.241369 0.035180 -0.500000
0.363516 -0.015201 -0.500000
-0.413075 -0.017989 -0.500000
-0.208708 -0.021543 -0.500000
0.135928 -0.021256 -0.500000
-0.095306 0.031147 -0.500000
0.174532 0.016071 -0.500000
-0.319765 -0.018769 -0.500000
-0.143525 -0.022738 -0.500000
-0.020442 0.027708 -0.500000
-0.446079 -0.017919 -0.500000
-0.343899 0.032198 -0.500000
0.444957 -0.004717 -0.500000
0.092580 0.021359 -0.500000
0.464473 -0.006421 -0.500000
0.296014 0.007353 -0.500000
0.292165 -0.017475 -0.500000
-0.043018 0.028818 -0.500000
0.239891 -0.018925 -0.500000
0.387078 -0.014373 -0.500000
-0.244932 -0.020598 -0.500000
0.005927 -0.022989 -0.500000
0.030858 -0.022774 -0.500000
-0.476510 0.006497 -0.500000
0.080219 -0.022177 -0.500000
-0.247384 0.035212 -0.500000
0.460265 -0.006051 -0.500000
0.480441 -0.007839 -0.500000
-0.095042 0.031136 -0.500000
-0.227149 0.035034 -0.500000
-0.011803 0.027267 -0.500000
0.457521 -0.011654 -0.500000
-0.102602 0.031442 -0.500000
-0.029296 0.028150 -0.500000
0.224451 -0.019319 -0.500000
0.359189 -0.015349 -0.500000
0.048303 0.023990 -0.500000
-0.331603 -0.018558 -0.500000
0.427578 -0.003225 -0.500000
-0.072014 0.030154 -0.500000
0.345460 0.003520 -0.500000
-0.397624 0.026173 -0.500000
0.242015 0.011352 -0.500000
-0.348219 0.031858 -0.500000
0.342335 -0.015913 -0.500000
0.198493 0.014431 -0.500000
0.282432 0.008377 -0.500000
0.468506 -0.006777 -0.500000
0.436174 -0.003960 -0.500000
-0.111090 -0.023054 -0.500000
-0.497120 -0.011898 -0.500000
0.377870 0.000916 -0.500000
-0.352748 0.031477 -0.500000
0.003673 -0.023005 -0.500000
-0.262245 0.035206 -0.500000
0.140906 -0.021162 -0.500000
-0.414251 -0.017990 -0.500000
-0.385956 0.027843 -0.500000
0.157815 0.017190 -0.500000
0.008905 -0.022967 -0.500000
0.155528 0.017342 -0.500000
-0.297526 -0.019240 -0.500000
0.157208 0.017231 -0.500000
-0.253377 0.035225 -0.500000
-0.406127 0.024808 -0.500000
0.299163 -0.017268 -0.500000
0.003739 0.026455 -0.500000
0.152009 0.017574 -0.500000
0.089950 -0.022034 -0.500000
0.001014 -0.023024 -0.500000
0.403874 -0.001227 -0.500000
-0.205032 0.034650 -0.500000
0.456467 -0.005718 -0.500000
-0.207969 -0.021560 -0.500000
-0.387228 -0.018016 -0.500000
0.053650 0.023681 -0.500000
0.053265 -0.022530 -0.500000
-0.494454 -0.003109 -0.500000
0.184786 0.015374 -0.500000
0.035817 0.024700 -0.500000
0.092984 -0.021988 -0.500000
0.187788 -0.020188 -0.500000
-0.313261 -0.018897 -0.500000
-0.112373 -0.023045 -0.500000
0.195344 -0.020016 -0.500000
0.325797 0.005064 -0.500000
0.282305 0.008387 -0.500000
-0.084663 0.030702 -0.500000
0.379633 -0.014639 -0.500000
-0.398870 0.025981 -0.500000
0.003372 0.026474 -0.500000
0.328354 0.004865 -0.500000
0.031886 0.024920 -0.500000
0.437652 -0.004087 -0.500000
-0.119037 0.032078 -0.500000
-0.181300 0.034082 -0.500000
-0.071635 0.030137 -0.500000
0.288636 0.007911 -0.500000
-0.341888 -0.018400 -0.500000
0.215643 -0.019536 -0.500000
0.219965 -0.019430 -0.500000
-0.309779 -0.018969 -0.500000
0.309354 0.006335 -0.500000
0.106567 -0.021772 -0.500000
0.411281 -0.001847 -0.500000
-0.172023 -0.022314 -0.500000
-0.357173 0.031080 -0.500000
-0.248132 0.035215 -0.500000
0.393741 -0.000386 -0.500000
-0.027530 0.028063 -0.500000
0.228162 -0.019226 -0.500000
-0.405873 0.024851 -0.500000
0.253040 0.010551 -0.500000
-0.226900 -0.021081 -0.500000
0.349345 0.003212 -0.500000
-0.286673 0.034892 -0.500000
0.037365 0.024613 -0.500000
-0.446073 -0.017919 -0.500000
0.015441 0.025827 -0.500000
-0.405364 0.024936 -0.500000
0.288057 0.007955 -0.500000
0.332362 0.004552 -0.500000
0.075261 0.022408 -0.500000
0.338372 -0.016042 -0.500000
0.434736 -0.003836 -0.500000
-0.150969 0.033191 -0.500000
-0.010193 -0.023094 -0.500000
-0.384031 0.028098 -0.500000
-0.276640 -0.019753 -0.500000
-0.166277 0.033663 -0.500000
0.417866 -0.013231 -0.500000
-0.088987 0.030885 -0.500000
0.151566 -0.020954 -0.500000
-0.332312 -0.018546 -0.500000
0.172811 -0.020516 -0.500000
0.491365 -0.010208 -0.500000
0.264636 -0.018262 -0.500000
0.369265 0.001615 -0.500000
0.356233 0.002663 -0.500000
-0.215026 -0.021386 -0.500000
-0.349772 -0.018297 -0.500000
-0.389076 0.027419 -0.500000
-0.246775 -0.020548 -0.500000
-0.178027 -0.022206 -0.500000
0.216581 -0.019513 -0.500000
0.458525 -0.011612 -0.500000
0.178594 0.015795 -0.500000
-0.082158 0.030595 -0.500000
0.307815 0.006453 -0.500000
0.366274 0.001856 -0.500000
-0.063913 0.029792 -0.500000
0.190948 -0.020117 -0.500000
-0.265691 -0.020039 -0.500000
0.407620 -0.013619 -0.500000
0.217845 -0.019482 -0.500000
-0.102273 -0.023111 -0.500000
-0.165508 0.033640 -0.500000
0.059672 0.023330 -0.500000
-0.162410 0.033547 -0.500000
-0.471990 -0.017215 -0.500000
-0.410373 0.024076 -0.500000
-0.371530 0.029612 -0.500000
0.332521 0.004539 -0.500000
0.358518 0.002480 -0.500000
-0.250925 0.035221 -0.500000
-0.341010 -0.018413 -0.500000
0.449505 -0.005111 -0.500000
0.472676 -0.011018 -0.500000
0.178952 0.015771 -0.500000
0.116331 0.019879 -0.500000
-0.399992 -0.017991 -0.500000
0.202475 -0.019851 -0.500000
-0.151098 0.033195 -0.500000
0.487433 -0.008466 -0.500000
0.384565 0.000369 -0.500000
0.493441 -0.009009 -0.500000
0.160890 0.016986 -0.500000
-0.086188 0.030767 -0.500000
0.294380 0.007477 -0.500000
-0.208564 -0.021546 -0.500000
0.275296 0.008910 -0.500000
0.375355 -0.014790 -0.500000
0.225658 0.012524 -0.500000
-0.377109 0.028965 -0.500000
-0.497842 -0.011059 -0.500000
0.391234 -0.014223 -0.500000
-0.028736 -0.023180 -0.500000
0.458591 -0.005904 -0.500000
0.356222 0.002664 -0.500000
0.310123 -0.016935 -0.500000
-0.091655 -0.023166 -0.500000
-0.455128 0.013834 -0.500000
0.383667 0.000443 -0.500000
-0.273417 0.035114 -0.500000
-0.223234 0.034980 -0.500000
-0.058440 0.029542 -0.500000
0.464509 -0.006424 -0.500000
-0.160796 -0.022499 -0.500000
-0.088923 0.030882 -0.500000
0.033084 0.024853 -0.500000
-0.025447 0.027959 -0.500000
-0.052505 0.029267 -0.500000
0.326948 0.004975 -0.500000
0.009967 -0.022958 -0.500000
0.219110 0.012988 -0.500000
0.315898 0.005832 -0.500000
0.041469 -0.022664 -0.500000
-0.235720 0.035134 -0.500000
0.212433 0.013459 -0.500000
0.447622 -0.012059 -0.500000
-0.129493 0.032461 -0.500000
-0.304691 -0.019079 -0.500000
0.048744 0.023964 -0.500000
-0.201067 0.034566 -0.500000
0.205891 0.013917 -0.500000
0.058104 0.023422 -0.500000
-0.136346 0.032702 -0.500000
-0.025141 0.027944 -0.500000
0.366464 0.001841 -0.500000
-0.043332 0.028833 -0.500000
0.000325 -0.023029 -0.500000
-0.285753 -0.019522 -0.500000
0.140053 0.018357 -0.500000
-0.166775 -0.022404 -0.500000
-0.367937 -0.018118 -0.500000
0.219925 0.012931 -0.500000
-0.349035 0.031792 -0.500000
0.115144 0.019954 -0.500000
-0.133328 -0.022856 -0.500000
0.096517 0.021116 -0.500000
-0.242188 0.035186 -0.500000
-0.297529 0.034611 -0.500000
0.210225 0.013614 -0.500000
0.366912 -0.015084 -0.500000
0.251877 0.010636 -0.500000
0.148306 -0.021019 -0.500000
-0.085890 -0.023188 -0.500000
0.329508 0.004775 -0.500000
-0.089072 -0.023177 -0.500000
-0.003182 -0.023052 -0.500000
0.168957 -0.020598 -0.500000
-0.212745 0.034804 -0.500000
-0.109138 -0.023068 -0.500000
-0.189470 0.034293 -0.500000
-0.442920 0.017164 -0.500000
0.305891 -0.017065 -0.500000
0.091060 -0.022017 -0.500000
-0.061361 -0.023235 -0.500000
-0.137322 0.032736 -0.500000
0.497503 -0.009935 -0.500000
0.145495 0.018002 -0.500000
-0.042878 -0.023220 -0.500000
-0.259334 0.035217 -0.500000
-0.313961 -0.018883 -0.500000
-0.461795 0.011789 -0.500000
-0.223186 -0.021177 -0.500000
0.062722 0.023152 -0.500000
-0.333737 0.032917 -0.500000
-0.156270 0.033359 -0.500000
0.375505 -0.014785 -0.500000
-0.127725 0.032397 -0.500000
0.240523 -0.018909 -0.500000
0.268917 0.009384 -0.500000
0.449762 -0.005134 -0.500000
0.117459 0.019808 -0.500000
-0.435959 0.018859 -0.500000
0.416277 -0.013292 -0.500000
0.331692 0.004604 -0.500000
0.407629 -0.001541 -0.500000
0.185898 0.015298 -0.500000
-0.213911 -0.021414 -0.500000
0.236788 0.011728 -0.500000
0.125045 -0.021455 -0.500000
0.402922 -0.013794 -0.500000
0.094938 0.021214 -0.500000
-0.148540 -0.022674 -0.500000
-0.312191 -0.018919 -0.500000
0.400152 -0.013897 -0.500000
-0.327225 -0.018632 -0.500000
-0.129978 0.032478 -0.500000
-0.123121 0.032230 -0.500000
-0.258325 0.035219 -0.500000
-0.293612 -0.019332 -0.500000
-0.152229 0.033231 -0.500000
0.248808 -0.018691 -0.500000
0.355118 0.002752 -0.500000
-0.160498 -0.022503 -0.500000
0.230640 -0.019163 -0.500000
-0.404204 -0.017989 -0.500000
0.274892 -0.017975 -0.500000
0.459982 -0.011552 -0.500000
0.482878 -0.008057 -0.500000
0.256033 -0.018497 -0.500000
0.347040 0.003395 -0.500000
-0.370410 -0.018100 -0.500000
0.082310 0.021984 -0.500000
-0.447617 0.015940 -0.500000
-0.088547 0.030867 -0.500000
0.304865 -0.017096 -0.500000
-0.438700 0.018207 -0.500000
-0.310387 -0.018956 -0.500000
-0.494532 -0.003172 -0.500000
0.215291 0.013258 -0.500000
-0.347535 0.031913 -0.500000
-0.014792 -0.023119 -0.500000
0.028626 -0.022796 -0.500000
0.060030 0.023309 -0.500000
-0.209083 0.034733 -0.500000
0.183725 0.015446 -0.500000
0.378240 0.000886 -0.500000
0.254546 -0.018537 -0.500000
-0.481031 -0.016485 -0.500000
0.308221 0.006422 -0.500000
-0.480672 -0.016524 -0.500000
0.391535 -0.014212 -0.500000
-0.122870 0.032221 -0.500000
-0.454747 -0.017807 -0.500000
0.290167 -0.017534 -0.500000
0.065583 -0.022376 -0.500000
-0.104870 -0.023096 -0.500000
-0.386366 0.027789 -0.500000
-0.166932 -0.022401 -0.500000
-0.380377 -0.018042 -0.500000
-0.497303 -0.006013 -0.500000
-0.459134 -0.017715 -0.500000
-0.084212 0.030683 -0.500000
-0.075369 -0.023218 -0.500000
-0.318488 0.033784 -0.500000
-0.380088 0.028601 -0.500000
0.276548 -0.017928 -0.500000
-0.043713 0.028851 -0.500000
-0.388269 0.027529 -0.500000
0.181408 0.015604 -0.500000
0.337611 0.004140 -0.500000
-0.464806 -0.017546 -0.500000
-0.055010 0.029383 -0.500000
-0.007424 0.027041 -0.500000
-0.243206 -0.020644 -0.500000
-0.143310 -0.022741 -0.500000
0.499077 -0.009864 -0.500000
-0.248226 0.035216 -0.500000
0.252768 -0.018585 -0.500000
0.202057 -0.019861 -0.500000
-0.231765 -0.020952 -0.500000
-0.105536 -0.023092 -0.500000
-0.282934 0.034968 -0.500000
-0.209329 0.034738 -0.500000
0.073085 0.022538 -0.500000
-0.461718 -0.017646 -0.500000
0.191746 0.014897 -0.500000
-0.485628 -0.015878 -0.500000
-0.433822 -0.017982 -0.500000
0.025230 -0.022828 -0.500000
-0.412535 -0.017989 -0.500000
-0.031489 -0.023190 -0.500000
0.458621 -0.005907 -0.500000
-0.437175 0.018572 -0.500000
0.058805 -0.022463 -0.500000
-0.014166 -0.023116 -0.500000
0.279697 0.008582 -0.500000
0.238775 -0.018954 -0.500000
-0.297320 -0.019245 -0.500000
0.232313 -0.019120 -0.500000
0.291135 0.007723 -0.500000
0.325503 0.005087 -0.500000
-0.204195 0.034633 -0.500000
0.163372 -0.020715 -0.500000
0.158391 -0.020817 -0.500000
-0.291613 0.034776 -0.500000
0.468330 -0.011202 -0.500000
0.343007 -0.015890 -0.500000
-0.037955 0.028574 -0.500000
-0.408529 0.024398 -0.500000
-0.174443 -0.022272 -0.500000
0.493673 -0.009030 -0.500000
0.439369 -0.012391 -0.500000
-0.036940 -0.023206 -0.500000
-0.287574 0.034872 -0.500000
0.137238 -0.021232 -0.500000
0.497099 -0.009953 -0.500000
0.309823 0.006299 -0.500000
0.065398 -0.022379 -0.500000
-0.125424 0.032314 -0.500000
0.052232 0.023763 -0.500000
-0.220523 -0.021247 -0.500000
-0.478742 -0.016716 -0.500000
-0.221100 0.034947 -0.500000
-0.036855 0.028521 -0.500000
-0.424607 0.021355 -0.500000
-0.002691 -0.023049 -0.500000
-0.227465 0.035039 -0.500000
0.028765 0.025094 -0.500000
0.076121 -0.022235 -0.500000
-0.386477 0.027774 -0.500000
0.375751 -0.014776 -0.500000
-0.290034 0.034816 -0.500000
0.402254 -0.001092 -0.500000
0.145501 -0.021074 -0.500000
-0.162252 -0.022477 -0.500000
-0.111054 0.031774 -0.500000
-0.278516 -0.019705 -0.500000
-0.028365 0.028104 -0.500000
-0.219975 -0.021260 -0.500000
0.052199 -0.022543 -0.500000
0.393424 -0.014144 -0.500000
-0.354305 0.031339 -0.500000
-0.392323 0.026960 -0.500000
-0.100755 -0.023120 -0.500000
-0.411274 0.023915 -0.500000
-0.396510 -0.017995 -0.500000
0.056889 -0.022486 -0.500000
-0.181993 -0.022130 -0.500000
-0.295669 0.034667 -0.500000
-0.381794 -0.018036 -0.500000
-0.340586 0.032446 -0.500000
-0.093356 -0.023158 -0.500000
-0.102436 -0.023111 -0.500000
-0.001926 -0.023044 -0.500000
0.316149 -0.016749 -0.500000
0.023738 0.025373 -0.500000
0.260628 0.009995 -0.500000
-0.167588 0.033701 -0.500000
0.489377 -0.010295 -0.500000
0.308210 0.006423 -0.500000
0.150406 -0.020978 -0.500000
0.258474 0.010153 -0.500000
0.322250 0.005340 -0.500000
0.330844 -0.016286 -0.500000
-0.189666 -0.021975 -0.500000
0.187922 0.015159 -0.500000
0.249118 0.010837 -0.500000
-0.082150 -0.023201 -0.500000
0.384467 -0.014467 -0.500000
0.180235 0.015684 -0.500000
0.161945 0.016915 -0.500000
-0.263478 -0.020098 -0.500000
-0.102149 0.031424 -0.500000
0.121647 -0.021515 -0.500000
0.218954 0.012999 -0.500000
0.341626 0.003823 -0.500000
-0.224119 -0.021153 -0.500000
-0.455379 -0.017795 -0.500000
0.145285 0.018016 -0.500000
0.209269 0.013681 -0.500000
-0.180963 0.034073 -0.500000
0.225126 0.012562 -0.500000
0.339235 -0.016014 -0.500000
-0.240987 -0.020704 -0.500000
-0.105623 -0.023091 -0.500000
-0.003400 0.026831 -0.500000
0.143749 -0.021108 -0.500000
-0.119129 0.032082 -0.500000
-0.005863 0.026960 -0.500000
0.239006 -0.018948 -0.500000
0.168095 0.016504 -0.500000
-0.263111 -0.020108 -0.500000
-0.246090 0.035206 -0.500000
0.375765 -0.014776 -0.500000
-0.022288 0.027801 -0.500000
0.353978 0.002843 -0.500000
-0.070720 0.030096 -0.500000
-0.398050 -0.017993 -0.500000
0.072720 -0.022281 -0.500000
0.246434 0.011032 -0.500000
-0.055336 0.029399 -0.500000
0.191083 0.014942 -0.500000
0.113856 -0.021650 -0.500000
0.387494 -0.014358 -0.500000
0.305783 0.006609 -0.500000
0.391241 -0.000180 -0.500000
0.423186 -0.013026 -0.500000
-0.280921 0.035003 -0.500000
-0.492290 -0.014388 -0.500000
0.064585 0.023042 -0.500000
-0.353377 -0.018255 -0.500000
-0.306578 -0.019038 -0.500000
0.189030 0.015083 -0.500000
-0.164663 -0.022438 -0.500000
0.354680 0.002787 -0.500000
-0.146715 -0.022699 -0.500000
0.397699 -0.013987 -0.500000
-0.124008 0.032263 -0.500000
0.086864 -0.022080 -0.500000
0.234711 -0.019059 -0.500000
0.349916 -0.015662 -0.500000
0.182725 0.015515 -0.500000
-0.185143 0.034183 -0.500000
0.062719 -0.022413 -0.500000
-0.359038 0.030903 -0.500000
-0.145844 0.033024 -0.500000
0.137929 0.018496 -0.500000
-0.351670 -0.018274 -0.500000
0.009644 -0.022961 -0.500000
-0.007376 0.027039 -0.500000
-0.497438 -0.011574 -0.500000
0.491812 -0.008862 -0.500000
-0.084276 -0.023194 -0.500000
0.157776 0.017193 -0.500000
0.240712 0.011446 -0.500000
0.493979 -0.010092 -0.500000
0.482890 -0.008058 -0.500000
0.484839 -0.008233 -0.500000
0.149087 0.017767 -0.500000
0.392994 -0.000324 -0.500000
-0.221713 -0.021216 -0.500000
0.380621 0.000692 -0.500000
0.155130 0.017368 -0.500000
0.083988 -0.022122 -0.500000
-0.494561 -0.013524 -0.500000
0.438262 -0.012435 -0.500000
-0.315418 0.033932 -0.500000
0.092828 0.021343 -0.500000
-0.480810 0.004666 -0.500000
-0.142162 0.032901 -0.500000
0.480288 -0.007825 -0.500000
-0.315767 0.033915 -0.500000
-0.189625 0.034296 -0.500000
0.149156 -0.021002 -0.500000
-0.356622 0.031131 -0.500000
-0.333536 0.032930 -0.500000
-0.130019 -0.022891 -0.500000
0.118424 0.019747 -0.500000
-0.428409 0.020554 -0.500000
0.417851 -0.002400 -0.500000
-0.141693 0.032885 -0.500000
-0.454490 0.014020 -0.500000
-0.083830 0.030667 -0.500000
0.152331 0.017553 -0.500000
-0.442564 -0.017946 -0.500000
-0.456817 0.013332 -0.500000
0.025844 0.025256 -0.500000
-0.191985 0.034354 -0.500000
-0.202809 0.034603 -0.500000
0.303103 0.006814 -0.500000
0.151830 -0.020949 -0.500000
-0.294656 -0.019307 -0.500000
-0.303675 -0.019101 -0.500000
0.326994 0.004971 -0.500000
0.173875 0.016115 -0.500000
0.061597 0.023218 -0.500000
-0.243854 0.035195 -0.500000
0.434065 -0.003779 -0.500000
-0.176881 -0.022227 -0.500000
-0.200896 0.034562 -0.500000
0.498627 -0.009480 -0.500000
-0.273656 -0.019830 -0.500000
0.341982 0.003795 -0.500000
0.176421 0.015943 -0.500000
-0.259362 -0.020208 -0.500000
0.340426 0.003918 -0.500000
0.113101 0.020083 -0.500000
-0.137114 -0.022814 -0.500000
-0.223391 -0.021172 -0.500000
0.073396 -0.022272 -0.500000
0.077264 -0.022219 -0.500000
0.052961 0.023721 -0.500000
0.211651 -0.019633 -0.500000
0.423751 -0.002899 -0.500000
0.131217 0.018929 -0.500000
0.140663 0.018318 -0.500000
0.056423 0.023520 -0.500000
0.378245 -0.014688 -0.500000
-0.016729 0.027520 -0.500000
0.234118 -0.019074 -0.500000
-0.317432 0.033835 -0.500000
0.036096 0.024684 -0.500000
-0.022428 0.027808 -0.500000
-0.364402 -0.018146 -0.500000
0.111346 -0.021693 -0.500000
0.227359 -0.019246 -0.500000
-0.340151 0.032477 -0.500000
0.452839 -0.011846 -0.500000
-0.174961 0.033910 -0.500000
0.176912 0.015910 -0.500000
0.301957 -0.017184 -0.500000
-0.468822 -0.017381 -0.500000
-0.469292 -0.017358 -0.500000
-0.108950 0.031693 -0.500000
0.101923 0.020782 -0.500000
-0.224305 0.034997 -0.500000
-0.446329 0.016282 -0.500000
0.029644 0.025046 -0.500000
-0.033567 0.028360 -0.500000
0.446231 -0.012115 -0.500000
-0.099506 -0.023127 -0.500000
-0.476989 0.006301 -0.500000
-0.003995 0.026863 -0.500000
0.312132 -0.016874 -0.500000
0.405177 -0.013710 -0.500000
-0.021036 -0.023149 -0.500000
0.361306 -0.015277 -0.500000
-0.193288 0.034385 -0.500000
-0.498124 -0.010568 -0.500000
0.295195 -0.017386 -0.500000
-0.351265 -0.018279 -0.500000
0.373483 0.001273 -0.500000
0.177134 -0.020423 -0.500000
-0.153359 -0.022609 -0.500000
-0.030189 0.028194 -0.500000
0.187295 -0.020199 -0.500000
0.291063 -0.017508 -0.500000
0.041648 -0.022662 -0.500000
0.089990 0.021517 -0.500000
0.316395 0.005793 -0.500000
-0.253700 0.035225 -0.500000
-0.227339 -0.021069 -0.500000
-0.179634 0.034038 -0.500000
0.354248 -0.015516 -0.500000
0.069049 -0.022331 -0.500000
-0.237169 0.035147 -0.500000
-0.413328 -0.017990 -0.500000
-0.217659 0.034892 -0.500000
0.370082 0.001549 -0.500000
0.381375 0.000630 -0.500000
0.412056 -0.013452 -0.500000
0.218300 -0.019471 -0.500000
-0.128868 0.032439 -0.500000
0.371510 0.001433 -0.500000
0.211622 0.013516 -0.500000
0.281728 0.008430 -0.500000
-0.120013 0.032115 -0.500000
-0.229322 -0.021016 -0.500000
0.157044 0.017241 -0.500000
0.254937 0.010412 -0.500000
0.353424 0.002887 -0.500000
0.161022 -0.020763 -0.500000
-0.053968 0.029335 -0.500000
0.013433 0.025935 -0.500000
-0.167457 0.033697 -0.500000
-0.329634 0.033174 -0.500000
-0.400285 0.025760 -0.500000
0.255794 -0.018503 -0.500000
-0.297909 -0.019232 -0.500000
0.385307 -0.014437 -0.500000
-0.134545 -0.022843 -0.500000
-0.026483 -0.023172 -0.500000
0.213447 -0.019589 -0.500000
-0.485710 0.002334 -0.500000
0.485427 -0.010468 -0.500000
-0.108853 0.031689 -0.500000
-0.293535 -0.019334 -0.500000
0.140385 -0.021172 -0.500000
0.263412 0.009791 -0.500000
-0.380438 -0.018042 -0.500000
-0.370887 0.029685 -0.500000
0.433100 -0.003696 -0.500000
0.304398 0.006715 -0.500000
-0.205702 0.034665 -0.500000
-0.141174 -0.022768 -0.500000
-0.120094 0.032118 -0.500000
0.226405 0.012471 -0.500000
0.395946 -0.014051 -0.500000
0.383985 0.000417 -0.500000
0.393859 -0.014128 -0.500000
0.081860 0.022011 -0.500000
0.056163 -0.022495 -0.500000
-0.068914 0.030016 -0.500000
0.385712 0.000275 -0.500000
0.454047 -0.011797 -0.500000
-0.446198 -0.017918 -0.500000
0.117189 -0.021593 -0.500000
0.336892 0.004196 -0.500000
0.258838 -0.018421 -0.500000
-0.182643 -0.022118 -0.500000
0.451962 -0.005325 -0.500000
0.042048 0.024347 -0.500000
-0.496869 -0.012121 -0.500000
0.282203 -0.017766 -0.500000
-0.119624 0.032100 -0.500000
0.186535 -0.020216 -0.500000
-0.397349 -0.017994 -0.500000
0.127749 -0.021406 -0.500000
-0.310370 -0.018957 -0.500000
0.460927 -0.011512 -0.500000
0.378098 -0.014694 -0.500000
-0.238566 0.035158 -0.500000
-0.106877 -0.023083 -0.500000
-0.053777 0.029326 -0.500000
-0.055847 0.029422 -0.500000
-0.242727 -0.020657 -0.500000
0.004685 0.026405 -0.500000
0.332490 -0.016233 -0.500000
0.088137 0.021630 -0.500000
-0.290083 -0.019417 -0.500000
0.497443 -0.009938 -0.500000
-0.414094 0.023405 -0.500000
-0.349965 -0.018295 -0.500000
-0.431321 0.019918 -0.500000
-0.248226 -0.020509 -0.500000
-0.215773 0.034858 -0.500000
-0.271290 0.035137 -0.500000
-0.372058 0.029553 -0.500000
0.486967 -0.008424 -0.500000
0.248091 -0.018710 -0.500000
-0.371200 0.029650 -0.500000
-0.354888 -0.018238 -0.500000
-0.292693 -0.019354 -0.500000
-0.234916 0.035125 -0.500000
0.314592 0.005932 -0.500000
-0.308478 0.034229 -0.500000
-0.165446 -0.022425 -0.500000
-0.065076 -0.023233 -0.500000
0.049890 0.023898 -0.500000
0.390866 -0.014237 -0.500000
0.364701 -0.015161 -0.500000
0.434059 -0.003778 -0.500000
0.171206 0.016295 -0.500000
-0.165880 -0.022418 -0.500000
0.439611 -0.012381 -0.500000
-0.429391 0.020342 -0.500000
0.235422 0.011826 -0.500000
0.380561 -0.014606 -0.500000
0.428789 -0.003328 -0.500000
0.500362 -0.009638 -0.500000
0.168233 -0.020613 -0.500000
0.327584 0.004925 -0.500000
0.087364 0.021677 -0.500000
0.281160 -0.017796 -0.500000
-0.292495 0.034753 -0.500000
-0.472683 -0.017174 -0.500000
0.150715 -0.020971 -0.500000
-0.293410 -0.019337 -0.500000
-0.173002 0.033856 -0.500000
0.125251 -0.021451 -0.500000
-0.426325 0.020997 -0.500000
-0.138093 0.032763 -0.500000
-0.279794 -0.019672 -0.500000
0.067021 -0.022358 -0.500000
-0.475138 0.007048 -0.500000
-0.313211 -0.018898 -0.500000
0.013546 -0.022930 -0.500000
0.476886 -0.010838 -0.500000
0.420388 -0.013134 -0.500000
-0.161493 -0.022488 -0.500000
0.052946 -0.022534 -0.500000
-0.193091 0.034380 -0.500000
0.182229 0.015548 -0.500000
-0.385209 -0.018022 -0.500000
-0.401149 0.025623 -0.500000
0.007736 -0.022975 -0.500000
0.401580 -0.001036 -0.500000
-0.317078 -0.018821 -0.500000
-0.464034 -0.017573 -0.500000
-0.042139 0.028776 -0.500000
-0.159933 0.033472 -0.500000
-0.105813 0.031569 -0.500000
-0.436732 -0.017974 -0.500000
-0.161860 -0.022483 -0.500000
0.302649 0.006848 -0.500000
-0.133638 -0.022853 -0.500000
-0.313674 0.034010 -0.500000
0.303560 0.006779 -0.500000
0.055510 0.023573 -0.500000
0.391134 -0.014227 -0.500000
-0.346014 -0.018344 -0.500000
0.172053 0.016238 -0.500000
0.300679 -0.017222 -0.500000
-0.289683 0.034825 -0.500000
0.187859 -0.020186 -0.500000
0.066626 -0.022363 -0.500000
-0.442363 0.017304 -0.500000
-0.493320 -0.002230 -0.500000
0.155591 -0.020874 -0.500000
0.238104 -0.018972 -0.500000
0.178876 -0.020385 -0.500000
-0.393401 0.026803 -0.500000
0.116064 -0.021613 -0.500000
-0.287663 0.034870 -0.500000
-0.209013 -0.021535 -0.500000
0.060558 0.023279 -0.500000
-0.342210 -0.018396 -0.500000
-0.450679 -0.017869 -0.500000
-0.063483 -0.023235 -0.500000
-0.057894 -0.023236 -0.500000
0.446726 -0.012095 -0.500000
-0.125875 -0.022931 -0.500000
-0.256251 -0.020292 -0.500000
-0.063474 -0.023235 -0.500000
-0.028429 -0.023179 -0.500000
-0.358017 -0.018206 -0.500000
-0.469105 -0.017367 -0.500000
0.352780 0.002938 -0.500000
-0.248174 0.035216 -0.500000
-0.021323 -0.023151 -0.500000
0.327904 0.004900 -0.500000
-0.142052 -0.022757 -0.500000
-0.003676 -0.023055 -0.500000
0.450267 -0.011951 -0.500000
-0.351492 -0.018277 -0.500000
0.207304 0.013818 -0.500000
0.037199 -0.022710 -0.500000
0.098876 -0.021896 -0.500000
0.207391 0.013812 -0.500000
-0.478414 -0.016746 -0.500000
-0.439390 -0.017963 -0.500000
-0.223581 0.034985 -0.500000
-0.465218 0.010664 -0.500000
0.197337 -0.019970 -0.500000
0.224191 0.012628 -0.500000
0.251582 -0.018617 -0.500000
0.219400 -0.019444 -0.500000
-0.273469 -0.019835 -0.500000
-0.394233 -0.017999 -0.500000
-0.340654 -0.018418 -0.500000
-0.167562 0.033700 -0.500000
0.442712 -0.012257 -0.500000
-0.427056 0.020843 -0.500000
-0.026083 0.027991 -0.500000
-0.376899 -0.018060 -0.500000
-0.374755 -0.018072 -0.500000
0.232166 0.012060 -0.500000
0.074909 0.022429 -0.500000
0.206405 0.013881 -0.500000
0.137047 -0.021235 -0.500000
0.171239 -0.020550 -0.500000
0.305972 -0.017062 -0.500000
-0.156478 -0.022564 -0.500000
-0.174584 0.033900 -0.500000
-0.356797 -0.018218 -0.500000
0.306363 0.006565 -0.500000
-0.346211 0.032019 -0.500000
-0.078380 0.030433 -0.500000
0.218716 0.013016 -0.500000
-0.125797 -0.022932 -0.500000
0.007780 -0.022975 -0.500000
0.383072 -0.014517 -0.500000
-0.009093 0.027128 -0.500000
-0.377375 -0.018057 -0.500000
0.068401 0.022816 -0.500000
0.154650 -0.020893 -0.500000
-0.413607 0.023494 -0.500000
-0.122564 -0.022961 -0.500000
-0.199318 0.034526 -0.500000
-0.390474 -0.018007 -0.500000
-0.310583 0.034144 -0.500000
-0.332816 -0.018538 -0.500000
0.160768 -0.020769 -0.500000
-0.180393 -0.022162 -0.500000
0.459144 -0.011587 -0.500000
0.177776 -0.020409 -0.500000
-0.329597 0.033176 -0.500000
-0.040690 -0.023215 -0.500000
0.413954 -0.013380 -0.500000
-0.189093 0.034283 -0.500000
0.255837 -0.018502 -0.500000
-0.136776 -0.022818 -0.500000
-0.264669 -0.020066 -0.500000
0.089876 -0.022035 -0.500000
-0.328811 0.033224 -0.500000
-0.434285 -0.017981 -0.500000
-0.404154 0.025136 -0.500000
-0.498313 -0.008002 -0.500000
0.282736 0.008354 -0.500000
-0.143499 0.032946 -0.500000
-0.090215 0.030936 -0.500000
-0.277505 -0.019731 -0.500000
0.339781 -0.015996 -0.500000
-0.269407 -0.019941 -0.500000
0.010993 0.026067 -0.500000
-0.050865 0.029190 -0.500000
0.307232 0.006498 -0.500000
0.231056 -0.019152 -0.500000
-0.067585 -0.023231 -0.500000
0.097474 0.021057 -0.500000
-0.194757 0.034421 -0.500000
-0.038860 0.028618 -0.500000
0.421766 -0.013081 -0.500000
-0.142019 -0.022757 -0.500000
-0.176150 -0.022240 -0.500000
0.028829 0.025091 -0.500000
-0.212325 0.034797 -0.500000
-0.196988 -0.021817 -0.500000
-0.488932 -0.015267 -0.500000
-0.075330 0.030300 -0.500000
0.418052 -0.002417 -0.500000
-0.311079 -0.018942 -0.500000
0.162622 0.016870 -0.500000
0.111287 0.020197 -0.500000
-0.352212 0.031523 -0.500000
-0.366970 0.030108 -0.500000
0.065868 -0.022373 -0.500000
-0.170837 0.033794 -0.500000
-0.460377 -0.017684 -0.500000
-0.402843 0.025351 -0.500000
-0.091935 -0.023164 -0.500000
0.120786 -0.021530 -0.500000
-0.307667 0.034260 -0.500000
-0.197160 -0.021813 -0.500000
0.236389 -0.019016 -0.500000
0.474482 -0.010941 -0.500000
0.177306 0.015883 -0.500000
0.348283 -0.015716 -0.500000
-0.424142 0.021451 -0.500000
0.443308 -0.004574 -0.500000
0.277566 -0.017899 -0.500000
-0.160558 -0.022503 -0.500000
0.018620 0.025653 -0.500000
0.036867 0.024641 -0.500000
-0.358550 -0.018200 -0.500000
-0.230614 -0.020982 -0.500000
-0.387846 -0.018014 -0.500000
0.180115 -0.020358 -0.500000
-0.432960 -0.017984 -0.500000
0.197845 0.014476 -0.500000
0.061302 -0.022431 -0.500000
0.238465 -0.018962 -0.500000
0.229772 0.012231 -0.500000
0.027562 -0.022806 -0.500000
-0.222849 -0.021186 -0.500000
0.140385 0.018336 -0.500000
0.180236 -0.020355 -0.500000
0.086334 0.021740 -0.500000
-0.146733 -0.022698 -0.500000
0.327276 0.004949 -0.500000
-0.125076 0.032301 -0.500000
-0.006688 0.027003 -0.500000
0.051262 -0.022554 -0.500000
-0.441045 -0.017955 -0.500000
0.103825 -0.021817 -0.500000
0.029452 0.025056 -0.500000
0.329454 -0.016330 -0.500000
-0.352823 -0.018261 -0.500000
0.055572 -0.022503 -0.500000
0.500714 -0.009791 -0.500000
-0.256607 -0.020282 -0.500000
0.208208 0.013755 -0.500000
-0.448958 0.015578 -0.500000
-0.169952 -0.022350 -0.500000
0.377968 0.000908 -0.500000
0.123556 -0.021482 -0.500000
0.103000 -0.021830 -0.500000
0.169886 0.016384 -0.500000
-0.305073 -0.019070 -0.500000
0.152725 -0.020931 -0.500000
-0.190271 0.034312 -0.500000
-0.395201 0.026539 -0.500000
0.022653 -0.022852 -0.500000
0.408678 -0.001629 -0.500000
0.428275 -0.012829 -0.500000
0.263326 -0.018298 -0.500000
0.076173 0.022353 -0.500000
-0.098000 0.031257 -0.500000
-0.073502 0.030220 -0.500000
-0.187482 0.034242 -0.500000
-0.123429 -0.022954 -0.500000
0.082535 0.021970 -0.500000
0.489351 -0.010296 -0.500000
-0.290010 -0.019418 -0.500000
0.103577 -0.021821 -0.500000
0.125375 -0.021449 -0.500000
0.188235 0.015138 -0.500000
-0.132374 -0.022866 -0.500000
0.074683 -0.022255 -0.500000
-0.233603 0.035111 -0.500000
-0.472812 0.007951 -0.500000
-0.496810 -0.005380 -0.500000
-0.371302 -0.018094 -0.500000
-0.307936 -0.019009 -0.500000
-0.437817 -0.017970 -0.500000
-0.248851 -0.020492 -0.500000
-0.049837 0.029142 -0.500000
0.088601 0.021602 -0.500000
-0.355175 0.031261 -0.500000
-0.172468 0.033841 -0.500000
0.124363 0.019369 -0.500000
-0.018206 -0.023136 -0.500000
0.002035 -0.023017 -0.500000
0.500084 -0.009819 -0.500000
0.089549 -0.022040 -0.500000
-0.387868 -0.018014 -0.500000
-0.054862 -0.023235 -0.500000
0.422854 -0.013039 -0.500000
0.051071 0.023830 -0.500000
-0.480233 0.004923 -0.500000
0.193758 -0.020053 -0.500000
-0.200279 0.034548 -0.500000
0.163674 -0.020709 -0.500000
-0.305528 -0.019060 -0.500000
0.053477 0.023691 -0.500000
-0.016073 0.027486 -0.500000
-0.483888 0.003238 -0.500000
0.309496 0.006325 -0.500000
-0.314306 0.033983 -0.500000
-0.100971 -0.023119 -0.500000
0.287695 0.007982 -0.500000
-0.095310 0.031147 -0.500000
0.042945 -0.022648 -0.500000
-0.327973 0.033273 -0.500000
-0.222118 0.034963 -0.500000
-0.444838 -0.017930 -0.500000
-0.391150 -0.018005 -0.500000
0.133711 -0.021297 -0.500000
-0.471074 -0.017266 -0.500000
-0.372743 0.029475 -0.500000
0.366741 -0.015090 -0.500000
-0.292372 -0.019362 -0.500000
-0.329022 -0.018601 -0.500000
0.479794 -0.007781 -0.500000
0.279920 0.008565 -0.500000
-0.164215 0.033601 -0.500000
-0.442329 0.017313 -0.500000
-0.442477 0.017275 -0.500000
0.320984 -0.016598 -0.500000
0.053359 -0.022529 -0.500000
0.165189 0.016699 -0.500000
-0.025386 0.027956 -0.500000
0.306458 -0.017047 -0.500000
0.450508 -0.005199 -0.500000
0.436604 -0.003997 -0.500000
-0.446360 -0.017917 -0.500000
-0.048332 0.029071 -0.500000
0.094677 0.021230 -0.500000
0.348214 -0.015718 -0.500000
-0.346134 -0.018343 -0.500000
0.393166 -0.000339 -0.500000
-0.249750 -0.020467 -0.500000
0.339919 -0.015992 -0.500000
0.367349 -0.015069 -0.500000
-0.335460 -0.018496 -0.500000
-0.209496 0.034741 -0.500000
-0.342880 -0.018387 -0.500000
0.035600 0.024712 -0.500000
0.227008 -0.019255 -0.500000
-0.370361 0.029742 -0.500000
-0.353295 0.031430 -0.500000
0.481661 -0.007948 -0.500000
-0.160942 0.033503 -0.500000
0.051455 -0.022552 -0.500000
-0.142464 -0.022752 -0.500000
0.257218 -0.018465 -0.500000
0.217369 0.013111 -0.500000
-0.025314 -0.023167 -0.500000
0.227887 -0.019232 -0.500000
-0.474569 -0.017051 -0.500000
-0.464596 0.010872 -0.500000
0.152740 0.017526 -0.500000
0.273697 0.009029 -0.500000
-0.317276 0.033843 -0.500000
0.491601 -0.010197 -0.500000
-0.213632 -0.021421 -0.500000
0.061602 0.023217 -0.500000
-0.272307 0.035128 -0.500000
-0.417947 0.022681 -0.500000
0.014085 -0.022926 -0.500000
0.162438 -0.020734 -0.500000
-0.175533 -0.022252 -0.500000
-0.055294 0.029397 -0.500000
-0.184270 -0.022086 -0.500000
0.134925 0.018690 -0.500000
0.029383 0.025060 -0.500000
-0.142824 0.032923 -0.500000
-0.408001 0.024489 -0.500000
-0.329062 -0.018600 -0.500000
0.011699 -0.022945 -0.500000
0.235270 -0.019045 -0.500000
0.305877 -0.017065 -0.500000
-0.357479 0.031051 -0.500000
0.231128 0.012134 -0.500000
0.185090 0.015353 -0.500000
-0.195105 0.034429 -0.500000
-0.006859 -0.023075 -0.500000
0.002827 0.026503 -0.500000
0.287583 0.007990 -0.500000
-0.477838 -0.016797 -0.500000
0.319910 -0.016632 -0.500000
-0.347239 0.031937 -0.500000
0.373047 -0.014871 -0.500000
0.126449 -0.021430 -0.500000
0.334546 -0.016166 -0.500000
0.033664 0.024821 -0.500000
-0.476409 -0.016915 -0.500000
0.288422 0.007927 -0.500000
0.134644 0.018708 -0.500000
-0.406980 0.024663 -0.500000
0.300102 0.007043 -0.500000
0.380437 0.000707 -0.500000
0.111686 -0.021687 -0.500000
-0.429603 0.020296 -0.500000
-0.241952 0.035184 -0.500000
0.476536 -0.010853 -0.500000
0.147590 0.017865 -0.500000
-0.255001 0.035226 -0.500000
0.212101 -0.019622 -0.500000
0.377251 0.000967 -0.500000
-0.154616 -0.022591 -0.500000
-0.370562 0.029720 -0.500000
-0.243233 0.035192 -0.500000
0.290263 -0.017531 -0.500000
-0.251827 -0.020411 -0.500000
0.181729 -0.020323 -0.500000
-0.062428 0.029724 -0.500000
-0.211378 -0.021477 -0.500000
0.464884 -0.011347 -0.500000
-0.025881 -0.023170 -0.500000
-0.120353 0.032127 -0.500000
0.024966 -0.022830 -0.500000
-0.044250 0.028877 -0.500000
0.091643 0.021416 -0.500000
-0.111053 0.031774 -0.500000
0.212385 0.013462 -0.500000
0.119631 -0.021551 -0.500000
-0.431457 0.019887 -0.500000
0.107657 0.020425 -0.500000
0.270629 -0.018095 -0.500000
-0.157627 -0.022547 -0.500000
0.111650 -0.021688 -0.500000
-0.472318 0.008138 -0.500000
-0.469806 0.009064 -0.500000
-0.008257 -0.023083 -0.500000
-0.228946 0.035058 -0.500000
0.274495 0.008970 -0.500000
-0.236481 -0.020826 -0.500000
-0.452942 -0.017837 -0.500000
0.499527 -0.009562 -0.500000
0.131723 0.018897 -0.500000
-0.281066 0.035001 -0.500000
-0.095513 -0.023148 -0.500000
-0.491460 -0.000946 -0.500000
-0.068985 -0.023229 -0.500000
-0.307835 0.034254 -0.500000
-0.428045 0.020632 -0.500000
0.325084 -0.016469 -0.500000
0.161378 0.016953 -0.500000
-0.004444 0.026886 -0.500000
0.252014 0.010626 -0.500000
0.037232 -0.022709 -0.500000
0.047330 0.024045 -0.500000
0.092180 0.021383 -0.500000
-0.216896 -0.021339 -0.500000
-0.214796 -0.021392 -0.500000
-0.441705 -0.017951 -0.500000
-0.474565 0.007274 -0.500000
-0.166755 0.033677 -0.500000
-0.074064 -0.023221 -0.500000
-0.261748 -0.020144 -0.500000
-0.363085 -0.018157 -0.500000
0.068478 -0.022338 -0.500000
0.261061 -0.018360 -0.500000
0.068799 -0.022334 -0.500000
-0.165335 -0.022427 -0.500000
-0.385334 0.027925 -0.500000
0.472450 -0.011028 -0.500000
0.497001 -0.009332 -0.500000
-0.475967 -0.016950 -0.500000
-0.446995 0.016106 -0.500000
0.300557 0.007008 -0.500000
0.369116 0.001627 -0.500000
-0.395035 0.026564 -0.500000
-0.330469 0.033122 -0.500000
-0.218868 -0.021289 -0.500000
-0.344771 0.032132 -0.500000
0.388343 -0.014328 -0.500000
0.321968 0.005362 -0.500000
-0.178501 0.034008 -0.500000
-0.134963 -0.022839 -0.500000
-0.004354 -0.023059 -0.500000
-0.054415 0.029356 -0.500000
0.474174 -0.007280 -0.500000
0.090556 0.021482 -0.500000
-0.066751 -0.023232 -0.500000
-0.289070 -0.019441 -0.500000
0.110969 0.020217 -0.500000
-0.243980 -0.020624 -0.500000
-0.495847 -0.004347 -0.500000
-0.074429 -0.023220 -0.500000
-0.442844 0.017183 -0.500000
0.454830 -0.011765 -0.500000
0.145016 0.018034 -0.500000
0.315765 -0.016761 -0.500000
-0.120687 -0.022978 -0.500000
-0.309572 0.034186 -0.500000
0.474752 -0.007331 -0.500000
0.382192 0.000563 -0.500000
0.057901 0.023434 -0.500000
-0.358559 -0.018200 -0.500000
0.499196 -0.009859 -0.500000
-0.084415 0.030692 -0.500000
-0.259905 -0.020194 -0.500000
0.272363 0.009128 -0.500000
0.489875 -0.010273 -0.500000
-0.189575 0.034295 -0.500000
0.208748 -0.019702 -0.500000
0.457102 -0.005774 -0.500000
0.405144 -0.013711 -0.500000
0.243130 0.011271 -0.500000
-0.324785 -0.018675 -0.500000
0.241065 -0.018895 -0.500000
-0.268344 0.035165 -0.500000
-0.137768 0.032751 -0.500000
-0.137966 0.032758 -0.500000
-0.242904 0.035190 -0.500000
0.436110 -0.012521 -0.500000
0.038550 -0.022696 -0.500000
-0.283125 0.034965 -0.500000
-0.158162 0.033418 -0.500000
-0.286526 0.034895 -0.500000
-0.013981 0.027379 -0.500000
0.134868 0.018694 -0.500000
0.439601 -0.004255 -0.500000
0.039778 0.024476 -0.500000
0.167510 -0.020629 -0.500000
0.495571 -0.010021 -0.500000
-0.016433 0.027504 -0.500000
-0.085111 -0.023191 -0.500000
-0.287202 0.034880 -0.500000
0.293277 -0.017443 -0.500000
0.114862 0.019972 -0.500000
0.027777 -0.022804 -0.500000
0.307860 0.006450 -0.500000
-0.303024 -0.019116 -0.500000
0.099731 -0.021883 -0.500000
-0.366556 0.030152 -0.500000
0.489425 -0.008646 -0.500000
-0.327562 0.033297 -0.500000
-0.068068 -0.023231 -0.500000
-0.102128 0.031423 -0.500000
-0.299945 -0.019185 -0.500000
-0.402195 -0.017990 -0.500000
0.366785 0.001815 -0.500000
0.391350 -0.000189 -0.500000
-0.120132 0.032119 -0.500000
0.037270 -0.022709 -0.500000
0.481818 -0.010625 -0.500000
-0.245207 0.035201 -0.500000
0.459406 -0.011576 -0.500000
-0.358441 0.030960 -0.500000
0.260869 -0.018365 -0.500000
0.054975 -0.022510 -0.500000
-0.234058 -0.020891 -0.500000
-0.393697 -0.018000 -0.500000
-0.316556 -0.018831 -0.500000
0.396746 -0.000635 -0.500000
0.334584 0.004378 -0.500000
-0.230144 -0.020995 -0.500000
-0.395885 0.026436 -0.500000
0.220314 0.012903 -0.500000
0.480612 -0.007854 -0.500000
0.393211 -0.014151 -0.500000
-0.084888 -0.023192 -0.500000
-0.073836 0.030234 -0.500000
0.176675 -0.020433 -0.500000
-0.309472 0.034190 -0.500000
-0.194289 -0.021876 -0.500000
-0.450064 -0.017877 -0.500000
0.257313 -0.018462 -0.500000
0.229470 -0.019192 -0.500000
0.247671 -0.018721 -0.500000
0.038640 -0.022695 -0.500000
0.430248 -0.012752 -0.500000
-0.448327 0.015749 -0.500000
0.247081 -0.018737 -0.500000
0.046381 -0.022610 -0.500000
0.155156 0.017366 -0.500000
0.314582 -0.016798 -0.500000
-0.332834 0.032976 -0.500000
-0.498434 -0.009547 -0.500000
0.464905 -0.006459 -0.500000
-0.483349 -0.016207 -0.500000
0.473744 -0.010972 -0.500000
-0.327162 -0.018634 -0.500000
0.355651 -0.015469 -0.500000
-0.373355 0.029405 -0.500000
-0.014806 -0.023119 -0.500000
0.345945 -0.015794 -0.500000
-0.336801 -0.018475 -0.500000
0.223134 -0.019351 -0.500000
0.206645 0.013864 -0.500000
0.255618 -0.018508 -0.500000
0.197174 0.014522 -0.500000
0.164112 -0.020700 -0.500000
-0.313372 -0.018895 -0.500000
0.315284 -0.016776 -0.500000
0.177485 -0.020415 -0.500000
0.035611 0.024711 -0.500000
-0.147118 -0.022693 -0.500000
0.485768 -0.008317 -0.500000
-0.193757 0.034397 -0.500000
0.089213 0.021565 -0.500000
0.475909 -0.007434 -0.500000
0.139107 -0.021196 -0.500000
-0.467193 -0.017453 -0.500000
0.046362 -0.022610 -0.500000
0.211642 0.013514 -0.500000
-0.299715 -0.019190 -0.500000
0.440146 -0.004301 -0.500000
-0.342793 0.032282 -0.500000
-0.353422 0.031418 -0.500000
-0.208036 -0.021559 -0.500000
-0.261754 -0.020144 -0.500000
0.229642 0.012240 -0.500000
-0.470517 -0.017296 -0.500000
0.337932 0.004114 -0.500000
-0.327471 -0.018628 -0.500000
0.125012 0.019327 -0.500000
-0.378775 -0.018050 -0.500000
0.429499 -0.003389 -0.500000
0.348239 -0.015717 -0.500000
-0.016121 0.027488 -0.500000
0.023743 -0.022842 -0.500000
0.342242 -0.015916 -0.500000
-0.108421 0.031672 -0.500000
0.435559 -0.003907 -0.500000
-0.285046 -0.019540 -0.500000
0.352094 -0.015589 -0.500000
0.106353 0.020506 -0.500000
-0.442156 -0.017948 -0.500000
-0.443405 0.017040 -0.500000
0.209996 -0.019672 -0.500000
-0.169153 -0.022364 -0.500000
0.060398 -0.022443 -0.500000
-0.000318 -0.023033 -0.500000
0.152351 0.017552 -0.500000
0.102387 -0.021840 -0.500000
0.238950 0.011573 -0.500000
0.489434 -0.008647 -0.500000
-0.232562 0.035100 -0.500000
-0.304474 0.034382 -0.500000
-0.404714 -0.017989 -0.500000
-0.017211 0.027544 -0.500000
-0.352577 -0.018264 -0.500000
0.458245 -0.011624 -0.500000
0.475803 -0.007425 -0.500000
0.192082 0.014874 -0.500000
0.463679 -0.011398 -0.500000
-0.022659 -0.023156 -0.500000
-0.079956 0.030501 -0.500000
0.039448 -0.022686 -0.500000
0.182153 0.015553 -0.500000
-0.088710 -0.023178 -0.500000
-0.269367 0.035156 -0.500000
-0.031626 0.028265 -0.500000
0.219712 0.012946 -0.500000
-0.422188 -0.017992 -0.500000
0.382624 0.000528 -0.500000
-0.129019 0.032444 -0.500000
0.484391 -0.010513 -0.500000
0.369332 -0.015001 -0.500000
0.424831 -0.012963 -0.500000
0.063953 -0.022398 -0.500000
0.448366 -0.012029 -0.500000
0.237353 0.011688 -0.500000
0.478808 -0.007693 -0.500000
0.259199 -0.018411 -0.500000
0.306697 -0.017040 -0.500000
-0.184693 -0.022077 -0.500000
-0.052678 0.029275 -0.500000
-0.176707 0.033959 -0.500000
0.197094 0.014528 -0.500000
0.000871 0.026607 -0.500000
-0.038869 0.028619 -0.500000
0.167496 0.016544 -0.500000
0.430352 -0.012747 -0.500000
0.309443 0.006329 -0.500000
0.066870 -0.022360 -0.500000
-0.122893 0.032221 -0.500000
0.410199 -0.001756 -0.500000
-0.015681 -0.023124 -0.500000
0.271156 0.009218 -0.500000
0.247135 -0.018735 -0.500000
-0.191751 -0.021932 -0.500000
-0.394477 -0.017998 -0.500000
-0.034247 -0.023199 -0.500000
-0.181764 0.034094 -0.500000
0.163966 0.016781 -0.500000
0.348257 0.003298 -0.500000
-0.088213 0.030853 -0.500000
0.109463 0.020312 -0.500000
0.394842 -0.014092 -0.500000
-0.400041 -0.017991 -0.500000
0.367550 0.001753 -0.500000
0.483863 -0.010536 -0.500000
-0.051766 0.029232 -0.500000
0.205818 0.013922 -0.500000
0.102938 -0.021831 -0.500000
0.295232 0.007413 -0.500000
0.112475 0.020122 -0.500000
-0.398619 -0.017993 -0.500000
-0.413367 0.023538 -0.500000
0.322078 -0.016564 -0.500000
0.196951 0.014538 -0.500000
-0.266969 0.035178 -0.500000
0.439149 -0.004216 -0.500000
-0.205925 -0.021609 -0.500000
-0.100343 -0.023123 -0.500000
-0.368097 -0.018117 -0.500000
-0.340659 0.032441 -0.500000
-0.214765 -0.021393 -0.500000
0.014576 0.025873 -0.500000
0.187121 0.015214 -0.500000
0.067521 0.022869 -0.500000
0.101052 0.020836 -0.500000
0.247679 -0.018721 -0.500000
0.304349 0.006719 -0.500000
-0.415712 -0.017990 -0.500000
-0.027979 0.028085 -0.500000
0.180157 0.015689 -0.500000
-0.467585 0.009853 -0.500000
0.086409 0.021735 -0.500000
0.490380 -0.010251 -0.500000
-0.438777 -0.017966 -0.500000
0.243248 0.011262 -0.500000
0.260750 -0.018369 -0.500000
-0.309775 -0.018970 -0.500000
0.192194 0.014866 -0.500000
-0.400240 0.025767 -0.500000
-0.096257 -0.023144 -0.500000
0.308639 0.006390 -0.500000
-0.118369 0.032053 -0.500000
0.380799 0.000677 -0.500000
-0.376256 -0.018063 -0.500000
-0.361299 0.030686 -0.500000
0.446175 -0.004822 -0.500000
-0.434769 -0.017980 -0.500000
0.235728 0.011804 -0.500000
0.271175 -0.018079 -0.500000
-0.459178 0.012613 -0.500000
-0.352174 0.031526 -0.500000
-0.360037 0.030809 -0.500000
0.328496 0.004854 -0.500000
0.052224 0.023763 -0.500000
0.072590 0.022567 -0.500000
0.258134 0.010178 -0.500000
-0.054646 -0.023235 -0.500000
-0.003935 0.026859 -0.500000
0.112884 -0.021667 -0.500000
-0.121978 -0.022967 -0.500000
0.088243 0.021624 -0.500000
-0.020598 0.027715 -0.500000
-0.491833 -0.014530 -0.500000
-0.231110 0.035085 -0.500000
-0.354617 -0.018241 -0.500000
-0.491016 -0.014763 -0.500000
0.181583 -0.020326 -0.500000
-0.424045 -0.017992 -0.500000
-0.049969 0.029148 -0.500000
-0.108793 -0.023070 -0.500000
0.324126 0.005194 -0.500000
-0.373555 0.029382 -0.500000
-0.327238 0.033315 -0.500000
0.103103 -0.021829 -0.500000
-0.151324 0.033203 -0.500000
0.038354 0.024557 -0.500000
-0.359711 -0.018189 -0.500000
-0.182176 -0.022127 -0.500000
-0.213831 0.034824 -0.500000
0.109002 0.020341 -0.500000
-0.237962 0.035153 -0.500000
-0.041575 0.028749 -0.500000
-0.200567 -0.021735 -0.500000
0.425610 -0.012933 -0.500000
-0.272260 0.035128 -0.500000
0.033145 0.024850 -0.500000
0.001724 0.026562 -0.500000
-0.146990 0.033062 -0.500000
-0.107873 -0.023076 -0.500000
-0.307698 -0.019014 -0.500000
-0.064777 -0.023234 -0.500000
0.082963 0.021944 -0.500000
-0.285562 -0.019527 -0.500000
-0.291129 -0.019391 -0.500000
-0.345907 -0.018346 -0.500000
-0.403916 -0.017989 -0.500000
0.021788 -0.022859 -0.500000
-0.233163 -0.020915 -0.500000
-0.204444 -0.021645 -0.500000
0.355252 0.002741 -0.500000
-0.408616 -0.017988 -0.500000
-0.263447 -0.020099 -0.500000
0.397073 -0.000662 -0.500000
0.336773 -0.016094 -0.500000
0.450313 -0.011950 -0.500000
0.177151 0.015893 -0.500000
-0.339772 0.032504 -0.500000
-0.434199 0.019267 -0.500000
0.169311 0.016422 -0.500000
-0.236500 -0.020825 -0.500000
-0.380276 -0.018043 -0.500000
-0.384698 0.028010 -0.500000
0.438036 -0.012444 -0.500000
0.039705 0.024480 -0.500000
-0.205071 0.034651 -0.500000
0.031051 0.024967 -0.500000
0.402506 -0.013810 -0.500000
0.492112 -0.010175 -0.500000
-0.160853 0.033501 -0.500000
0.175405 -0.020460 -0.500000
-0.479413 -0.016653 -0.500000
0.165434 0.016682 -0.500000
0.334279 -0.016175 -0.500000
0.212466 -0.019613 -0.500000
0.387898 -0.014344 -0.500000
-0.196668 -0.021824 -0.500000
0.416362 -0.013288 -0.500000
0.134623 0.018710 -0.500000
-0.018366 -0.023137 -0.500000
0.260043 0.010038 -0.500000
0.092106 -0.022001 -0.500000
-0.421280 -0.017992 -0.500000
0.352335 -0.015581 -0.500000
-0.207879 -0.021563 -0.500000
0.252579 0.010585 -0.500000
-0.153494 -0.022607 -0.500000
0.239842 -0.018927 -0.500000
-0.196141 0.034453 -0.500000
-0.046702 0.028994 -0.500000
-0.163899 0.033592 -0.500000
-0.082710 0.030619 -0.500000
0.472935 -0.011007 -0.500000
-0.060444 0.029634 -0.500000
-0.101980 0.031417 -0.500000
0.244366 0.011181 -0.500000
-0.271161 0.035139 -0.500000
-0.498104 -0.010609 -0.500000
-0.129561 0.032464 -0.500000
-0.147162 0.033067 -0.500000
0.253687 0.010504 -0.500000
-0.173957 0.033882 -0.500000
0.148810 -0.021009 -0.500000
-0.107248 -0.023080 -0.500000
-0.221443 0.034952 -0.500000
-0.034238 -0.023199 -0.500000
-0.130374 0.032492 -0.500000
0.454667 -0.005561 -0.500000
-0.051527 0.029221 -0.500000
-0.237914 0.035153 -0.500000
0.468943 -0.011176 -0.500000
0.171968 -0.020534 -0.500000
0.310699 0.006232 -0.500000
-0.215875 0.034860 -0.500000
-0.116183 0.031970 -0.500000
0.180814 -0.020343 -0.500000
-0.228042 -0.021050 -0.500000
0.051580 -0.022550 -0.500000
-0.115386 -0.023022 -0.500000
-0.379544 -0.018046 -0.500000
0.297221 0.007262 -0.500000
0.181446 -0.020329 -0.500000
-0.066250 0.029897 -0.500000
-0.048573 -0.023229 -0.500000
-0.133356 0.032598 -0.500000
-0.323539 0.033524 -0.500000
-0.344517 0.032152 -0.500000
-0.163834 0.033590 -0.500000
0.424513 -0.012975 -0.500000
0.130579 0.018970 -0.500000
0.277483 -0.017901 -0.500000
0.156839 0.017255 -0.500000
0.315429 0.005868 -0.500000
0.268733 0.009398 -0.500000
-0.305514 0.034344 -0.500000
-0.055334 0.029398 -0.500000
-0.480945 0.004606 -0.500000
0.205643 -0.019776 -0.500000
-0.453818 0.014216 -0.500000
-0.498338 -0.008094 -0.500000
0.045612 0.024144 -0.500000
-0.378703 0.028771 -0.500000
-0.040780 0.028711 -0.500000
-0.330772 -0.018572 -0.500000
-0.027315 0.028052 -0.500000
0.349630 -0.015671 -0.500000
-0.234450 -0.020880 -0.500000
0.330900 -0.016284 -0.500000
-0.207106 0.034694 -0.500000
-0.439055 0.018121 -0.500000
-0.063898 0.029791 -0.500000
-0.365624 0.030249 -0.500000
-0.101253 0.031388 -0.500000
-0.331304 -0.018563 -0.500000
-0.258818 0.035218 -0.500000
0.074772 0.022437 -0.500000
0.414893 -0.002151 -0.500000
-0.111020 0.031773 -0.500000
-0.105462 -0.023092 -0.500000
0.039184 0.024510 -0.500000
0.071171 -0.022303 -0.500000
0.258517 0.010150 -0.500000
-0.080977 -0.023204 -0.500000
0.217768 -0.019484 -0.500000
0.469960 -0.006906 -0.500000
0.437129 -0.004042 -0.500000
-0.313648 -0.018890 -0.500000
0.243915 0.011214 -0.500000
0.338572 -0.016036 -0.500000
-0.440056 -0.017960 -0.500000
0.310079 -0.016937 -0.500000
0.059464 -0.022455 -0.500000
0.260814 -0.018367 -0.500000
0.062407 -0.022417 -0.500000
-0.415667 0.023113 -0.500000
-0.134655 -0.022842 -0.500000
-0.452333 0.014640 -0.500000
0.484824 -0.008232 -0.500000
-0.413399 0.023532 -0.500000
-0.389880 -0.018008 -0.500000
0.119713 -0.021549 -0.500000
-0.332271 -0.018547 -0.500000
0.491372 -0.008822 -0.500000
-0.400042 0.025798 -0.500000
0.092768 -0.021991 -0.500000
-0.077819 0.030408 -0.500000
-0.361706 0.030645 -0.500000
-0.423123 -0.017992 -0.500000
0.113538 -0.021656 -0.500000
-0.161076 -0.022495 -0.500000
-0.359341 0.030875 -0.500000
0.442198 -0.012278 -0.500000
0.197197 0.014521 -0.500000
-0.181169 0.034079 -0.500000
0.031842 -0.022764 -0.500000
0.337694 0.004133 -0.500000
0.291926 -0.017482 -0.500000
0.215351 -0.019543 -0.500000
-0.025785 -0.023169 -0.500000
0.254707 -0.018533 -0.500000
0.458512 -0.011613 -0.500000
0.296959 0.007282 -0.500000
0.453734 -0.011810 -0.500000
0.198781 0.014411 -0.500000
-0.305173 0.034357 -0.500000
-0.449705 0.015374 -0.500000
-0.463015 0.011394 -0.500000
0.279633 0.008587 -0.500000
-0.050535 0.029175 -0.500000
-0.261628 0.035209 -0.500000
0.357139 0.002590 -0.500000
-0.467133 0.010010 -0.500000
0.294475 0.007470 -0.500000
0.181463 0.015600 -0.500000
-0.147596 -0.022687 -0.500000
-0.257939 -0.020246 -0.500000
0.378858 -0.014667 -0.500000
-0.498050 -0.010715 -0.500000
-0.385883 -0.018020 -0.500000
-0.430002 0.020208 -0.500000
0.310235 0.006268 -0.500000
0.019327 -0.022881 -0.500000
0.177845 0.015846 -0.500000
0.181924 0.015569 -0.500000
0.189201 0.015072 -0.500000
0.008545 -0.022969 -0.500000
-0.038258 0.028589 -0.500000
-0.279765 -0.019673 -0.500000
-0.052274 0.029256 -0.500000
-0.244521 0.035198 -0.500000
0.048595 -0.022585 -0.500000
0.263480 0.009786 -0.500000
-0.490074 -0.015005 -0.500000
-0.455431 0.013745 -0.500000
0.358666 -0.015367 -0.500000
-0.481268 -0.016459 -0.500000
-0.010085 0.027179 -0.500000
-0.397071 0.026257 -0.500000
-0.222433 -0.021197 -0.500000
0.446957 -0.012086 -0.500000
-0.113331 -0.023038 -0.500000
-0.252537 -0.020392 -0.500000
0.353188 -0.015552 -0.500000
0.406193 -0.001421 -0.500000
-0.491594 -0.014600 -0.500000
-0.209986 -0.021511 -0.500000
0.340458 -0.015974 -0.500000
-0.487004 -0.015646 -0.500000
-0.030261 -0.023186 -0.500000
-0.459547 0.012499 -0.500000
0.109664 0.020299 -0.500000
0.294176 0.007493 -0.500000
0.206209 0.013895 -0.500000
0.160897 -0.020766 -0.500000
0.120143 -0.021542 -0.500000
-0.215944 0.034861 -0.500000
-0.467276 -0.017449 -0.500000
0.496382 -0.009276 -0.500000
0.303007 0.006821 -0.500000
-0.251551 0.035222 -0.500000
-0.038570 -0.023210 -0.500000
-0.305021 0.034363 -0.500000
0.135265 -0.021268 -0.500000
-0.157583 0.033400 -0.500000
-0.052982 -0.023234 -0.500000
0.300313 0.007027 -0.500000
-0.279422 0.035029 -0.500000
0.061137 0.023245 -0.500000
0.272271 -0.018049 -0.500000
0.215763 0.013224 -0.500000
0.214702 0.013299 -0.500000
0.129973 0.019009 -0.500000
-0.397190 0.026239 -0.500000
-0.488054 -0.015448 -0.500000
0.358421 -0.015375 -0.500000
-0.017697 0.027569 -0.500000
-0.366640 -0.018128 -0.500000
-0.198970 -0.021772 -0.500000
0.040994 -0.022669 -0.500000
-0.012092 -0.023105 -0.500000
-0.411922 -0.017989 -0.500000
-0.346615 0.031987 -0.500000
0.172276 0.016223 -0.500000
0.139246 -0.021194 -0.500000
-0.431237 0.019937 -0.500000
0.296754 0.007297 -0.500000
0.208594 -0.019706 -0.500000
-0.081741 0.030578 -0.500000
-0.091405 -0.023167 -0.500000
-0.313906 0.034000 -0.500000
0.072117 -0.022290 -0.500000
-0.067313 0.029945 -0.500000
-0.420532 0.022178 -0.500000
-0.143433 0.032944 -0.500000
-0.160903 -0.022497 -0.500000
-0.367914 0.030009 -0.500000
0.123039 0.019453 -0.500000
-0.389521 0.027358 -0.500000
0.238230 -0.018968 -0.500000
0.138943 0.018430 -0.500000
0.164784 0.016726 -0.500000
-0.286754 -0.019498 -0.500000
-0.166257 0.033662 -0.500000
-0.079911 0.030499 -0.500000
0.426134 -0.012912 -0.500000
-0.115074 -0.023024 -0.500000
0.142142 0.018221 -0.500000
-0.304758 0.034372 -0.500000
-0.328077 -0.018617 -0.500000
0.204803 -0.019796 -0.500000
-0.213038 0.034810 -0.500000
-0.066690 -0.023232 -0.500000
-0.167956 0.033712 -0.500000
-0.186546 -0.022040 -0.500000
-0.306252 0.034315 -0.500000
0.042299 -0.022655 -0.500000
-0.405928 0.024841 -0.500000
-0.125092 -0.022939 -0.500000
0.049520 0.023920 -0.500000
-0.385962 0.027842 -0.500000
-0.122280 0.032199 -0.500000
-0.165139 -0.022430 -0.500000
0.177628 -0.020412 -0.500000
0.271344 0.009204 -0.500000
0.092024 0.021393 -0.500000
-0.452678 -0.017841 -0.500000
-0.107696 -0.023077 -0.500000
0.382079 0.000573 -0.500000
0.365667 -0.015127 -0.500000
-0.447108 0.016076 -0.500000
-0.048955 -0.023230 -0.500000
-0.397512 0.026190 -0.500000
0.192409 0.014851 -0.500000
0.207921 -0.019722 -0.500000
-0.355508 -0.018232 -0.500000
-0.032278 -0.023192 -0.500000
-0.490569 -0.014881 -0.500000
0.094419 0.021246 -0.500000
0.168421 0.016482 -0.500000
0.421837 -0.002737 -0.500000
-0.290295 -0.019411 -0.500000
-0.221016 -0.021234 -0.500000
0.304022 -0.017121 -0.500000
0.467024 -0.006646 -0.500000
0.439606 -0.004255 -0.500000
0.114084 -0.021646 -0.500000
0.452739 -0.011850 -0.500000
0.008255 -0.022971 -0.500000
0.229550 0.012247 -0.500000
-0.068138 -0.023230 -0.500000
-0.316573 0.033876 -0.500000
0.164972 0.016713 -0.500000
-0.102873 0.031453 -0.500000
-0.191134 0.034333 -0.500000
0.258695 0.010137 -0.500000
0.489553 -0.010287 -0.500000
0.319004 -0.016660 -0.500000
0.190035 -0.020137 -0.500000
-0.185348 0.034188 -0.500000
-0.176000 0.033939 -0.500000
0.339358 -0.016010 -0.500000
0.312330 -0.016868 -0.500000
0.145225 0.018020 -0.500000
-0.026770 0.028025 -0.500000
-0.006565 0.026996 -0.500000
-0.192045 -0.021925 -0.500000
0.328453 -0.016362 -0.500000
0.318297 -0.016683 -0.500000
0.195958 -0.020002 -0.500000
-0.391191 0.027121 -0.500000
0.412447 -0.001945 -0.500000
0.299460 0.007091 -0.500000
-0.068411 -0.023230 -0.500000
-0.070510 0.030087 -0.500000
-0.069169 0.030028 -0.500000
-0.394880 0.026586 -0.500000
-0.364977 -0.018142 -0.500000
0.284723 0.008205 -0.500000
0.353892 0.002850 -0.500000
0.140415 -0.021171 -0.500000
-0.430934 -0.017987 -0.500000
0.448204 -0.004998 -0.500000
0.488524 -0.008565 -0.500000
0.007486 -0.022977 -0.500000
-0.032952 0.028330 -0.500000
-0.474793 -0.017035 -0.500000
0.165070 0.016707 -0.500000
0.286213 0.008093 -0.500000
-0.029439 0.028157 -0.500000
-0.378327 -0.018052 -0.500000
0.041300 0.024390 -0.500000
0.146783 0.017918 -0.500000
0.027417 -0.022807 -0.500000
-0.017911 -0.023135 -0.500000
0.084345 -0.022117 -0.500000
0.234468 0.011895 -0.500000
-0.421230 -0.017992 -0.500000
0.361170 -0.015282 -0.500000
0.450409 -0.011946 -0.500000
-0.209413 0.034739 -0.500000
0.326547 0.005006 -0.500000
-0.063360 0.029767 -0.500000
0.045403 -0.022621 -0.500000
-0.152648 0.033245 -0.500000
-0.497785 -0.011142 -0.500000
-0.246830 0.035209 -0.500000
0.365018 -0.015150 -0.500000
-0.118741 -0.022995 -0.500000
0.015683 0.025813 -0.500000
0.257908 -0.018446 -0.500000
0.115872 0.019908 -0.500000
-0.477273 -0.016845 -0.500000
-0.267240 -0.019998 -0.500000
0.320515 0.005475 -0.500000
0.260034 0.010039 -0.500000
-0.258515 -0.020231 -0.500000
-0.466370 0.010273 -0.500000
0.299417 -0.017260 -0.500000
0.186326 0.015269 -0.500000
-0.193472 0.034390 -0.500000
-0.393961 -0.017999 -0.500000
0.199394 0.014369 -0.500000
-0.366736 0.030133 -0.500000
-0.422382 0.021809 -0.500000
-0.383463 -0.018029 -0.500000
-0.002701 -0.023049 -0.500000
-0.415758 0.023096 -0.500000
-0.193887 -0.021885 -0.500000
-0.048943 0.029100 -0.500000
-0.487406 -0.015573 -0.500000
0.196011 0.014603 -0.500000
-0.175427 0.033923 -0.500000
-0.061693 -0.023235 -0.500000
-0.002443 -0.023047 -0.500000
0.154023 0.017441 -0.500000
-0.480363 -0.016557 -0.500000
0.446953 -0.012086 -0.500000
-0.135162 -0.022836 -0.500000
-0.363904 0.030427 -0.500000
-0.366026 0.030207 -0.500000
-0.357575 0.031042 -0.500000
0.431793 -0.003585 -0.500000
0.263263 0.009801 -0.500000
0.231135 -0.019150 -0.500000
0.009890 -0.022959 -0.500000
0.234068 -0.019076 -0.500000
0.265446 0.009641 -0.500000
-0.390750 0.027184 -0.500000
-0.438517 -0.017967 -0.500000
0.367646 0.001746 -0.500000
-0.195552 0.034439 -0.500000
-0.193560 0.034392 -0.500000
0.090618 -0.022024 -0.500000
-0.336032 0.032764 -0.500000
0.090976 0.021457 -0.500000
0.082354 -0.022146 -0.500000
-0.231011 -0.020972 -0.500000
-0.171874 -0.022317 -0.500000
-0.453415 0.014331 -0.500000
0.209910 -0.019674 -0.500000
-0.343961 0.032194 -0.500000
0.109049 -0.021731 -0.500000
-0.025294 0.027951 -0.500000
-0.130367 0.032492 -0.500000
0.293754 -0.017429 -0.500000
-0.149745 -0.022658 -0.500000
0.499931 -0.009599 -0.500000
-0.317448 -0.018814 -0.500000
0.056629 -0.022489 -0.500000
0.471850 -0.007073 -0.500000
-0.431909 -0.017986 -0.500000
0.060540 0.023280 -0.500000
0.272886 -0.018031 -0.500000
-0.264062 -0.020082 -0.500000
0.378372 -0.014684 -0.500000
-0.293233 -0.019341 -0.500000
0.368437 -0.015032 -0.500000
0.415630 -0.013316 -0.500000
-0.420936 0.022098 -0.500000
-0.328117 0.033265 -0.500000
0.041242 -0.022667 -0.500000
0.144820 -0.021087 -0.500000
0.376745 -0.014741 -0.500000
-0.234290 0.035119 -0.500000
0.442364 -0.012271 -0.500000
-0.127846 -0.022912 -0.500000
-0.147742 0.033086 -0.500000
0.148501 0.017805 -0.500000
-0.016226 -0.023126 -0.500000
-0.468525 0.009523 -0.500000
0.047684 -0.022595 -0.500000
0.457013 -0.005766 -0.500000
0.073290 -0.022274 -0.500000
-0.133051 0.032587 -0.500000
0.254892 0.010416 -0.500000
-0.456419 0.013452 -0.500000
-0.468480 -0.017397 -0.500000
-0.247261 0.035211 -0.500000
-0.213328 0.034815 -0.500000
-0.472616 0.008025 -0.500000
0.453618 -0.005469 -0.500000
0.456391 -0.011700 -0.500000
-0.435419 0.018985 -0.500000
0.040275 -0.022677 -0.500000
0.076812 0.022315 -0.500000
0.263355 0.009795 -0.500000
-0.088265 0.030855 -0.500000
0.244836 -0.018796 -0.500000
-0.178422 0.034006 -0.500000
0.162785 0.016859 -0.500000
-0.199251 0.034524 -0.500000
-0.397091 0.026254 -0.500000
0.347441 0.003363 -0.500000
0.047089 -0.022602 -0.500000
-0.421113 0.022063 -0.500000
-0.468742 -0.017384 -0.500000
0.340511 -0.015972 -0.500000
-0.406155 -0.017988 -0.500000
-0.345193 -0.018355 -0.500000
-0.285371 0.034920 -0.500000
-0.315037 -0.018861 -0.500000
0.023309 -0.022846 -0.500000
0.188575 -0.020170 -0.500000
-0.461373 0.011923 -0.500000
-0.237994 0.035153 -0.500000
0.200575 0.014287 -0.500000
0.093567 -0.021979 -0.500000
0.308020 0.006438 -0.500000
0.441953 -0.004457 -0.500000
-0.397802 -0.017994 -0.500000
-0.134081 -0.022848 -0.500000
-0.019853 0.027678 -0.500000
0.214029 -0.019575 -0.500000
-0.426752 -0.017991 -0.500000
0.232521 0.012034 -0.500000
-0.141251 -0.022767 -0.500000
-0.212517 0.034800 -0.500000
-0.427526 0.020744 -0.500000
0.453246 -0.005437 -0.500000
0.440462 -0.012347 -0.500000
0.105454 -0.021790 -0.500000
0.056730 0.023502 -0.500000
-0.191533 -0.021937 -0.500000
0.377120 -0.014728 -0.500000
-0.216029 -0.021361 -0.500000
0.274814 -0.017977 -0.500000
-0.215569 -0.021373 -0.500000
-0.397767 -0.017994 -0.500000
0.318221 -0.016685 -0.500000
-0.313304 0.034026 -0.500000
-0.263030 0.035201 -0.500000
0.393317 -0.000351 -0.500000
-0.283033 0.034966 -0.500000
-0.215671 0.034856 -0.500000
-0.248777 -0.020494 -0.500000
0.293702 0.007528 -0.500000
-0.057348 0.029491 -0.500000
-0.258888 -0.020221 -0.500000
0.437022 -0.004033 -0.500000
-0.288765 0.034846 -0.500000
-0.454999 -0.017802 -0.500000
-0.438822 -0.017966 -0.500000
0.158527 0.017143 -0.500000
0.164910 -0.020683 -0.500000
-0.019707 -0.023143 -0.500000
0.188552 0.015116 -0.500000
0.478478 -0.007663 -0.500000
0.390205 -0.000094 -0.500000
0.268033 0.009449 -0.500000
0.359845 0.002374 -0.500000
0.215209 -0.019546 -0.500000
-0.326880 0.033336 -0.500000
0.308704 0.006385 -0.500000
-0.117446 -0.023005 -0.500000
-0.388771 -0.018011 -0.500000
0.265649 -0.018234 -0.500000
0.368614 0.001668 -0.500000
0.222948 0.012717 -0.500000
-0.342964 -0.018386 -0.500000
-0.434729 0.019146 -0.500000
-0.305041 -0.019071 -0.500000
-0.397059 -0.017994 -0.500000
0.436198 -0.012517 -0.500000
-0.397154 0.026244 -0.500000
0.479722 -0.007774 -0.500000
0.275977 -0.017944 -0.500000
0.400982 -0.000986 -0.500000
-0.013588 -0.023113 -0.500000
0.087501 -0.022071 -0.500000
-0.025627 0.027968 -0.500000
-0.130980 -0.022881 -0.500000
0.220894 -0.019407 -0.500000
0.137188 -0.021232 -0.500000
0.287312 -0.017618 -0.500000
-0.077137 -0.023214 -0.500000
0.275903 -0.017946 -0.500000
0.071502 0.022632 -0.500000
-0.208828 -0.021540 -0.500000
0.381620 -0.014569 -0.500000
-0.242995 -0.020650 -0.500000
0.199834 0.014338 -0.500000
-0.279476 0.035028 -0.500000
-0.044333 0.028881 -0.500000
0.065998 0.022959 -0.500000
0.089309 -0.022044 -0.500000
0.287962 0.007962 -0.500000
-0.008007 0.027071 -0.500000
-0.412032 0.023780 -0.500000
0.131164 -0.021344 -0.500000
-0.025042 -0.023166 -0.500000
0.207554 -0.019731 -0.500000
0.311452 0.006174 -0.500000
0.109041 0.020338 -0.500000
0.192336 0.014856 -0.500000
0.308673 -0.016980 -0.500000
-0.065310 0.029854 -0.500000
0.266269 0.009580 -0.500000
0.132204 -0.021325 -0.500000
-0.389902 0.027304 -0.500000
0.013878 0.025911 -0.500000
-0.490372 -0.000259 -0.500000
-0.168833 0.033737 -0.500000
0.380385 0.000711 -0.500000
0.082067 0.021999 -0.500000
-0.149377 -0.022663 -0.500000
0.345241 -0.015817 -0.500000
-0.229572 -0.021010 -0.500000
0.067576 0.022865 -0.500000
0.451083 -0.005249 -0.500000
-0.062765 -0.023235 -0.500000
0.361144 -0.015283 -0.500000
0.337495 -0.016071 -0.500000
-0.257184 0.035221 -0.500000
-0.209708 0.034745 -0.500000
0.363850 0.002052 -0.500000
-0.176522 0.033953 -0.500000
0.124404 0.019366 -0.500000
0.447757 -0.004959 -0.500000
0.475926 -0.010879 -0.500000
0.243862 0.011218 -0.500000
0.079130 -0.022192 -0.500000
0.428783 -0.012809 -0.500000
-0.030121 0.028191 -0.500000
0.163537 0.016809 -0.500000
-0.082958 -0.023199 -0.500000
-0.102587 -0.023110 -0.500000
0.156803 -0.020850 -0.500000
-0.443554 -0.017939 -0.500000
-0.330876 -0.018570 -0.500000
-0.235096 -0.020863 -0.500000
-0.100731 -0.023120 -0.500000
0.426433 -0.003127 -0.500000
0.460626 -0.006083 -0.500000
0.375670 0.001095 -0.500000
-0.252990 -0.020380 -0.500000
0.429027 -0.012799 -0.500000
-0.418319 -0.017991 -0.500000
-0.331886 -0.018553 -0.500000
-0.219885 -0.021263 -0.500000
0.499712 -0.009836 -0.500000
-0.433214 0.019492 -0.500000
0.139670 0.018382 -0.500000
0.396707 -0.000632 -0.500000
-0.174280 -0.022275 -0.500000
0.223919 0.012648 -0.500000
0.016062 -0.022909 -0.500000
0.411338 -0.013479 -0.500000
-0.104059 0.031500 -0.500000
-0.438952 0.018146 -0.500000
-0.229330 0.035063 -0.500000
-0.483782 -0.016149 -0.500000
0.018573 -0.022888 -0.500000
-0.383704 -0.018028 -0.500000
-0.257235 0.035221 -0.500000
0.374490 0.001191 -0.500000
0.321364 -0.016586 -0.500000
0.055949 0.023548 -0.500000
0.259817 -0.018394 -0.500000
-0.368224 -0.018116 -0.500000
-0.008695 -0.023086 -0.500000
0.070106 -0.022317 -0.500000
0.391097 -0.014228 -0.500000
-0.140903 0.032859 -0.500000
-0.329137 -0.018599 -0.500000
0.226955 -0.019256 -0.500000
-0.428504 0.020533 -0.500000
0.387659 -0.014352 -0.500000
-0.256660 0.035222 -0.500000
0.463447 -0.011407 -0.500000
-0.221894 -0.021211 -0.500000
0.095271 -0.021953 -0.500000
0.476964 -0.007528 -0.500000
0.349101 -0.015689 -0.500000
-0.407316 0.024606 -0.500000
-0.202825 -0.021683 -0.500000
0.026418 0.025225 -0.500000
-0.153077 -0.022613 -0.500000
-0.025782 -0.023169 -0.500000
-0.194145 0.034406 -0.500000
-0.082695 -0.023199 -0.500000
-0.162487 -0.022473 -0.500000
-0.279984 -0.019667 -0.500000
0.082969 -0.022137 -0.500000
-0.085150 0.030723 -0.500000
-0.089694 -0.023174 -0.500000
0.365845 -0.015121 -0.500000
-0.367095 0.030095 -0.500000
0.477148 -0.010827 -0.500000
-0.401766 0.025524 -0.500000
-0.416737 0.022912 -0.500000
0.275623 -0.017954 -0.500000
0.183668 0.015450 -0.500000
-0.065576 0.029866 -0.500000
-0.120681 0.032139 -0.500000
0.487152 -0.010393 -0.500000
-0.001945 -0.023044 -0.500000
-0.108098 0.031659 -0.500000
-0.476502 0.006501 -0.500000
-0.094264 0.031104 -0.500000
-0.038862 0.028618 -0.500000
-0.177806 -0.022210 -0.500000
0.430003 -0.003432 -0.500000
0.229756 0.012232 -0.500000
0.465272 -0.011331 -0.500000
-0.371190 -0.018095 -0.500000
-0.081064 0.030548 -0.500000
-0.210355 -0.021502 -0.500000
0.263778 -0.018285 -0.500000
0.237536 0.011674 -0.500000
-0.202769 -0.021685 -0.500000
0.361643 0.002229 -0.500000
0.022124 0.025462 -0.500000
0.394005 -0.014122 -0.500000
-0.118844 0.032071 -0.500000
0.480575 -0.010679 -0.500000
-0.458608 0.012789 -0.500000
0.332794 0.004518 -0.500000
0.300239 -0.017235 -0.500000
0.034185 0.024792 -0.500000
0.213647 0.013373 -0.500000
0.269518 0.009340 -0.500000
0.066205 -0.022368 -0.500000
0.414747 -0.002138 -0.500000
-0.105106 0.031541 -0.500000
-0.450047 -0.017877 -0.500000
-0.362434 0.030573 -0.500000
-0.105982 0.031576 -0.500000
0.226195 0.012486 -0.500000
-0.089326 0.030899 -0.500000
0.351236 0.003061 -0.500000
-0.032718 0.028319 -0.500000
-0.486054 0.002157 -0.500000
-0.215171 -0.021383 -0.500000
0.355227 0.002743 -0.500000
-0.403176 -0.017989 -0.500000
-0.133265 -0.022857 -0.500000
-0.377112 -0.018059 -0.500000
0.466805 -0.011266 -0.500000
-0.199165 0.034522 -0.500000
0.130887 -0.021349 -0.500000
-0.485865 0.002255 -0.500000
-0.437343 0.018532 -0.500000
-0.410624 -0.017989 -0.500000
0.326875 -0.016412 -0.500000
0.004374 -0.023000 -0.500000
-0.318189 -0.018799 -0.500000
-0.321601 0.033626 -0.500000
-0.312861 -0.018906 -0.500000
-0.196958 0.034472 -0.500000
0.445793 -0.004789 -0.500000
-0.313094 -0.018901 -0.500000
-0.453693 -0.017825 -0.500000
-0.263905 0.035196 -0.500000
-0.434353 -0.017981 -0.500000
0.477454 -0.007572 -0.500000
-0.079862 -0.023207 -0.500000
-0.363227 0.030494 -0.500000
0.431451 -0.012704 -0.500000
0.293042 0.007578 -0.500000
0.106174 0.020517 -0.500000
-0.300448 -0.019173 -0.500000
-0.104944 -0.023095 -0.500000
-0.408372 -0.017988 -0.500000
0.430988 -0.003516 -0.500000
-0.068706 0.030007 -0.500000
0.119645 0.019669 -0.500000
-0.301092 -0.019159 -0.500000
-0.118879 0.032072 -0.500000
-0.087784 -0.023182 -0.500000
-0.283868 -0.019569 -0.500000
-0.396199 -0.017995 -0.500000
-0.417639 -0.017991 -0.500000
0.273442 -0.018016 -0.500000
0.501032 -0.009777 -0.500000
0.248208 0.010903 -0.500000
0.017013 0.025741 -0.500000
-0.183678 0.034145 -0.500000
0.166050 -0.020659 -0.500000
-0.031888 -0.023191 -0.500000
0.321937 -0.016568 -0.500000
0.105277 -0.021793 -0.500000
0.225116 0.012563 -0.500000
-0.329028 0.033211 -0.500000
-0.478185 0.005804 -0.500000
0.041996 -0.022659 -0.500000
0.025507 0.025275 -0.500000
0.267795 -0.018174 -0.500000
-0.452213 -0.017848 -0.500000
0.387952 0.000091 -0.500000
-0.186653 -0.022038 -0.500000
0.378381 -0.014684 -0.500000
0.357697 -0.015400 -0.500000
-0.467133 -0.017456 -0.500000
0.260850 -0.018366 -0.500000
-0.241842 -0.020681 -0.500000
-0.142416 -0.022752 -0.500000
0.249884 0.010781 -0.500000
-0.406036 0.024823 -0.500000
-0.061487 0.029681 -0.500000
-0.056700 -0.023235 -0.500000
0.398901 -0.013943 -0.500000
-0.139908 0.032825 -0.500000
0.154057 0.017439 -0.500000
-0.068433 -0.023230 -0.500000
-0.299222 0.034560 -0.500000
0.039439 0.024495 -0.500000
-0.015767 0.027470 -0.500000
0.308729 -0.016978 -0.500000
0.314858 0.005912 -0.500000
-0.331872 -0.018553 -0.500000
-0.412625 0.023673 -0.500000
-0.460887 -0.017670 -0.500000
0.405291 -0.013706 -0.500000
-0.108512 -0.023072 -0.500000
0.252030 0.010625 -0.500000
-0.022211 0.027797 -0.500000
-0.024150 0.027894 -0.500000
0.418859 -0.013193 -0.500000
0.453296 -0.011828 -0.500000
0.206006 0.013909 -0.500000
-0.210403 -0.021501 -0.500000
0.271167 0.009217 -0.500000
0.068472 -0.022339 -0.500000
0.093946 -0.021973 -0.500000
-0.208505 -0.021548 -0.500000
-0.340326 -0.018423 -0.500000
-0.256629 -0.020282 -0.500000
-0.236397 0.035141 -0.500000
-0.102709 0.031446 -0.500000
0.154349 -0.020899 -0.500000
-0.090688 -0.023170 -0.500000
0.302390 0.006868 -0.500000
0.028474 0.025110 -0.500000
0.045162 0.024170 -0.500000
0.013112 -0.022933 -0.500000
0.018949 -0.022884 -0.500000
-0.313123 0.034034 -0.500000
-0.161481 -0.022488 -0.500000
-0.332861 -0.018537 -0.500000
-0.446027 0.016362 -0.500000
0.118005 -0.021579 -0.500000
-0.063893 -0.023234 -0.500000
0.317300 0.005723 -0.500000
-0.420017 -0.017992 -0.500000
0.071737 0.022618 -0.500000
0.438989 -0.004202 -0.500000
0.184100 0.015421 -0.500000
0.313889 -0.016819 -0.500000
0.439223 -0.004222 -0.500000
0.272217 -0.018050 -0.500000
-0.107389 0.031632 -0.500000
-0.068221 0.029985 -0.500000
0.171923 0.016247 -0.500000
0.268420 -0.018156 -0.500000
0.394171 -0.000422 -0.500000
0.405076 -0.013714 -0.500000
0.103279 -0.021826 -0.500000
-0.197839 -0.021798 -0.500000
0.332871 -0.016220 -0.500000
-0.285379 -0.019532 -0.500000
0.148445 -0.021016 -0.500000
0.456840 -0.011682 -0.500000
0.027762 0.025150 -0.500000
-0.217874 -0.021314 -0.500000
-0.324906 -0.018673 -0.500000
-0.008252 -0.023083 -0.500000
0.371938 -0.014910 -0.500000
-0.115981 0.031963 -0.500000
-0.498461 -0.009271 -0.500000
-0.054458 0.029358 -0.500000
-0.230200 -0.020993 -0.500000
-0.398190 0.026087 -0.500000
-0.368438 0.029952 -0.500000
-0.322564 0.033575 -0.500000
0.115065 0.019959 -0.500000
0.200368 -0.019900 -0.500000
-0.154405 0.033301 -0.500000
0.429036 -0.012799 -0.500000
0.321488 0.005399 -0.500000
-0.269624 -0.019935 -0.500000
-0.091478 0.030989 -0.500000
0.109214 0.020327 -0.500000
-0.418723 -0.017991 -0.500000
-0.212574 0.034801 -0.500000
0.055759 0.023559 -0.500000
-0.345991 0.032037 -0.500000
-0.470403 -0.017302 -0.500000
0.095093 0.021204 -0.500000
-0.335714 0.032785 -0.500000
-0.320614 -0.018753 -0.500000
-0.118404 0.032055 -0.500000
-0.010235 0.027187 -0.500000
0.040678 0.024425 -0.500000
0.181072 0.015627 -0.500000
-0.199503 -0.021760 -0.500000
-0.151580 0.033211 -0.500000
-0.328146 0.033264 -0.500000
0.067013 -0.022358 -0.500000
-0.011371 -0.023101 -0.500000
-0.374310 0.029297 -0.500000
0.305543 -0.017075 -0.500000
-0.475464 -0.016987 -0.500000
0.240625 -0.018906 -0.500000
-0.270799 -0.019904 -0.500000
-0.101090 -0.023118 -0.500000
0.324043 0.005201 -0.500000
-0.485369 -0.015919 -0.500000
-0.205080 -0.021630 -0.500000
-0.384501 0.028036 -0.500000
0.451422 -0.011904 -0.500000
0.058127 -0.022471 -0.500000
0.313292 -0.016838 -0.500000
0.047868 -0.022593 -0.500000
-0.363898 0.030427 -0.500000
0.084027 -0.022122 -0.500000
0.371616 -0.014921 -0.500000
-0.163109 -0.022463 -0.500000
0.165699 -0.020667 -0.500000
0.401490 -0.013847 -0.500000
0.150961 0.017644 -0.500000
0.203368 0.014093 -0.500000
0.434419 -0.012587 -0.500000
-0.345966 -0.018345 -0.500000
-0.274344 -0.019812 -0.500000
-0.088829 -0.023178 -0.500000
0.398257 -0.000760 -0.500000
0.223442 -0.019344 -0.500000
-0.222005 0.034961 -0.500000
0.460163 -0.011544 -0.500000
0.395655 -0.014062 -0.500000
0.286434 -0.017643 -0.500000
-0.491585 -0.014603 -0.500000
0.026941 -0.022812 -0.500000
0.092760 -0.021991 -0.500000
0.343118 -0.015887 -0.500000
0.475206 -0.007372 -0.500000
-0.000749 0.026692 -0.500000
-0.043117 0.028823 -0.500000
-0.364253 0.030391 -0.500000
-0.347590 0.031908 -0.500000
-0.273862 -0.019824 -0.500000
0.253316 -0.018570 -0.500000
-0.393937 -0.017999 -0.500000
0.485495 -0.010465 -0.500000
0.478395 -0.010773 -0.500000
0.276301 -0.017935 -0.500000
-0.428555 -0.017990 -0.500000
0.390007 -0.000078 -0.500000
0.467154 -0.006658 -0.500000
-0.352973 0.031458 -0.500000
-0.190764 -0.021953 -0.500000
-0.106202 0.031585 -0.500000
0.007736 -0.022975 -0.500000
-0.325512 0.033414 -0.500000
-0.464961 0.010750 -0.500000
-0.074953 0.030283 -0.500000
0.123368 0.019432 -0.500000
0.350981 -0.015626 -0.500000
0.236681 0.011736 -0.500000
-0.026332 0.028003 -0.500000
-0.398586 0.026025 -0.500000
0.201166 -0.019881 -0.500000
-0.448504 -0.017895 -0.500000
-0.047362 0.029025 -0.500000
-0.474564 -0.017052 -0.500000
-0.102442 -0.023110 -0.500000
0.441645 -0.004431 -0.500000
0.202538 -0.019849 -0.500000
0.010381 -0.022955 -0.500000
0.004382 -0.023000 -0.500000
-0.033221 -0.023195 -0.500000
-0.215513 0.034854 -0.500000
-0.172838 -0.022300 -0.500000
-0.486686 -0.015702 -0.500000
0.135291 0.018666 -0.500000
-0.149686 0.033150 -0.500000
0.347057 0.003394 -0.500000
0.293391 0.007552 -0.500000
0.074017 -0.022264 -0.500000
0.411202 -0.001840 -0.500000
-0.439771 -0.017961 -0.500000
0.081360 0.022041 -0.500000
-0.235388 -0.020855 -0.500000
-0.434872 0.019113 -0.500000
-0.269499 -0.019938 -0.500000
-0.209407 0.034739 -0.500000
-0.474144 -0.017080 -0.500000
-0.465003 0.010736 -0.500000
-0.270289 0.035147 -0.500000
0.089661 0.021537 -0.500000
-0.186123 -0.022049 -0.500000
0.064615 0.023040 -0.500000
-0.053734 0.029324 -0.500000
0.062547 -0.022416 -0.500000
-0.176727 -0.022230 -0.500000
-0.490109 -0.000099 -0.500000
0.466538 -0.006603 -0.500000
0.149891 0.017714 -0.500000
0.305439 -0.017078 -0.500000
-0.444124 -0.017935 -0.500000
-0.216033 0.034863 -0.500000
-0.132408 0.032565 -0.500000
-0.412078 -0.017989 -0.500000
-0.497799 -0.011123 -0.500000
0.195046 0.014669 -0.500000
0.225596 -0.019290 -0.500000
-0.434234 -0.017981 -0.500000
0.223882 0.012650 -0.500000
0.067316 0.022881 -0.500000
-0.001836 0.026749 -0.500000
0.269166 -0.018136 -0.500000
-0.071619 -0.023225 -0.500000
-0.185711 -0.022057 -0.500000
-0.169385 -0.022360 -0.500000
0.142192 0.018218 -0.500000
0.177282 -0.020420 -0.500000
-0.094881 0.031129 -0.500000
-0.230680 -0.020980 -0.500000
0.486124 -0.010438 -0.500000
0.372868 0.001323 -0.500000
0.233443 -0.019091 -0.500000
0.326389 0.005018 -0.500000
-0.109584 0.031717 -0.500000
0.403014 -0.001156 -0.500000
-0.276744 0.035069 -0.500000
-0.245511 -0.020582 -0.500000
0.393619 -0.014136 -0.500000
-0.015846 0.027474 -0.500000
-0.439125 -0.017964 -0.500000
0.016795 0.025753 -0.500000
-0.254404 0.035226 -0.500000
-0.192186 0.034358 -0.500000
0.133303 0.018795 -0.500000
0.202262 -0.019856 -0.500000
0.264883 -0.018255 -0.500000
-0.141404 0.032876 -0.500000
-0.130343 0.032491 -0.500000
0.346301 -0.015782 -0.500000
0.205406 -0.019782 -0.500000
-0.010142 -0.023094 -0.500000
0.233847 -0.019081 -0.500000
-0.153029 0.033257 -0.500000
0.211921 -0.019626 -0.500000
0.476646 -0.010848 -0.500000
0.050927 -0.022558 -0.500000
-0.202618 -0.021688 -0.500000
0.042182 -0.022657 -0.500000
0.349288 0.003216 -0.500000
-0.248587 0.035217 -0.500000
-0.005958 0.026965 -0.500000
-0.164806 -0.022436 -0.500000
-0.184661 0.034170 -0.500000
-0.319045 0.033758 -0.500000
0.028178 -0.022800 -0.500000
0.470522 -0.006956 -0.500000
-0.073966 -0.023221 -0.500000
0.370198 -0.014971 -0.500000
-0.292507 -0.019358 -0.500000
0.455450 -0.005629 -0.500000
0.145316 -0.021077 -0.500000
-0.385354 -0.018022 -0.500000
0.154747 -0.020891 -0.500000
0.402037 -0.013827 -0.500000
0.089414 -0.022042 -0.500000
0.426723 -0.012889 -0.500000
0.078593 0.022208 -0.500000
0.361213 -0.015280 -0.500000
-0.468711 0.009456 -0.500000
0.326171 -0.016435 -0.500000
0.410187 -0.001755 -0.500000
0.086454 -0.022086 -0.500000
0.166846 -0.020643 -0.500000
0.150890 0.017648 -0.500000
0.475657 -0.007412 -0.500000
-0.022308 0.027802 -0.500000
-0.475073 -0.017016 -0.500000
-0.167333 -0.022394 -0.500000
0.183558 0.015458 -0.500000
-0.037574 0.028556 -0.500000
0.318008 -0.016692 -0.500000
-0.383095 0.028219 -0.500000
0.284151 0.008248 -0.500000
-0.144329 -0.022728 -0.500000
0.489585 -0.008660 -0.500000
-0.201603 0.034577 -0.500000
-0.077806 -0.023213 -0.500000
0.192342 -0.020085 -0.500000
-0.493478 -0.002347 -0.500000
-0.086206 -0.023187 -0.500000
0.314607 0.005931 -0.500000
0.448223 -0.012035 -0.500000
0.252289 -0.018598 -0.500000
-0.190151 0.034309 -0.500000
0.351403 0.003048 -0.500000
-0.208626 0.034724 -0.500000
-0.086416 -0.023187 -0.500000
0.304798 0.006684 -0.500000
0.193914 -0.020049 -0.500000
-0.079219 0.030469 -0.500000
0.388988 -0.014305 -0.500000
-0.344866 0.032125 -0.500000
-0.288775 -0.019448 -0.500000
0.103008 0.020715 -0.500000
-0.462858 0.011446 -0.500000
0.433536 -0.003734 -0.500000
0.359968 -0.015323 -0.500000
0.190770 -0.020121 -0.500000
-0.078886 0.030455 -0.500000
-0.481913 0.004167 -0.500000
0.004360 0.026422 -0.500000
-0.105503 0.031557 -0.500000
-0.212530 0.034801 -0.500000
-0.438897 -0.017966 -0.500000
-0.166535 0.033670 -0.500000
0.245230 0.011119 -0.500000
0.315464 -0.016771 -0.500000
-0.143551 0.032948 -0.500000
-0.435616 -0.017977 -0.500000
0.413368 -0.002022 -0.500000
-0.003184 -0.023052 -0.500000
-0.450527 0.015147 -0.500000
0.030604 0.024992 -0.500000
-0.188513 -0.021999 -0.500000
-0.104766 0.031528 -0.500000
-0.288569 0.034851 -0.500000
0.316739 -0.016731 -0.500000
0.481260 -0.007912 -0.500000
-0.472952 0.007897 -0.500000
-0.259933 0.035216 -0.500000
0.453204 -0.011831 -0.500000
0.198356 -0.019947 -0.500000
0.234809 0.011870 -0.500000
0.204715 0.013999 -0.500000
-0.239117 0.035162 -0.500000
0.139390 -0.021191 -0.500000
0.079768 0.022137 -0.500000
-0.152379 0.033236 -0.500000
0.229878 0.012223 -0.500000
-0.136385 0.032704 -0.500000
0.138918 0.018431 -0.500000
-0.071599 -0.023225 -0.500000
0.237361 0.011687 -0.500000
-0.379819 0.028634 -0.500000
-0.061593 -0.023235 -0.500000
0.029989 -0.022783 -0.500000
0.096662 -0.021931 -0.500000
0.011859 0.026020 -0.500000
0.227590 -0.019240 -0.500000
-0.212315 0.034796 -0.500000
0.440265 -0.004312 -0.500000
0.152451 -0.020937 -0.500000
0.218902 -0.019456 -0.500000
-0.113029 0.031851 -0.500000
-0.482033 0.004112 -0.500000
-0.024861 0.027930 -0.500000
-0.293027 0.034739 -0.500000
0.292986 0.007583 -0.500000
0.447095 -0.004902 -0.500000
-0.144494 0.032979 -0.500000
0.009992 0.026121 -0.500000
-0.128049 0.032409 -0.500000
0.432574 -0.003651 -0.500000
0.092301 -0.021998 -0.500000
-0.042449 0.028791 -0.500000
0.500378 -0.009639 -0.500000
0.451044 -0.011920 -0.500000
0.443903 -0.012209 -0.500000
0.458288 -0.005878 -0.500000
-0.058875 -0.023236 -0.500000
0.401602 -0.013843 -0.500000
0.174245 0.016090 -0.500000
-0.219682 -0.021268 -0.500000
0.181286 0.015612 -0.500000
0.032919 -0.022754 -0.500000
0.064178 -0.022395 -0.500000
0.465211 -0.006486 -0.500000
0.334955 0.004348 -0.500000
0.357755 0.002541 -0.500000
-0.057557 0.029501 -0.500000
-0.134886 -0.022839 -0.500000
-0.447685 0.015922 -0.500000
0.465515 -0.006513 -0.500000
-0.194054 0.034404 -0.500000
0.340290 0.003929 -0.500000
-0.095607 -0.023147 -0.500000
-0.300769 -0.019166 -0.500000
-0.163046 0.033566 -0.500000
0.292200 -0.017474 -0.500000
-0.306590 -0.019037 -0.500000
-0.149631 -0.022660 -0.500000
-0.331060 -0.018567 -0.500000
-0.285461 0.034918 -0.500000
0.084049 0.021879 -0.500000
0.146881 0.017912 -0.500000
0.177911 -0.020406 -0.500000
-0.385955 0.027843 -0.500000
0.253185 -0.018574 -0.500000
-0.182841 -0.022114 -0.500000
0.458015 -0.005854 -0.500000
0.007610 0.026249 -0.500000
-0.397383 -0.017994 -0.500000
0.124202 -0.021470 -0.500000
-0.001508 -0.023041 -0.500000
0.170153 0.016366 -0.500000
-0.026144 -0.023171 -0.500000
0.008963 0.026176 -0.500000
0.284751 0.008203 -0.500000
-0.215515 0.034854 -0.500000
0.069078 0.022776 -0.500000
0.179175 0.015756 -0.500000
0.404997 -0.013717 -0.500000
-0.238683 0.035159 -0.500000
-0.054668 0.029368 -0.500000
-0.467724 0.009804 -0.500000
-0.304386 0.034385 -0.500000
0.121152 -0.021524 -0.500000
0.248963 -0.018687 -0.500000
-0.298186 0.034591 -0.500000
-0.292889 -0.019349 -0.500000
0.203894 0.014056 -0.500000
-0.130257 -0.022888 -0.500000
0.464253 -0.006402 -0.500000
0.312262 -0.016870 -0.500000
-0.086378 -0.023187 -0.500000
0.070136 0.022714 -0.500000
-0.485553 0.002414 -0.500000
-0.148407 0.033108 -0.500000
0.119948 -0.021545 -0.500000
0.254412 0.010451 -0.500000
0.384016 0.000414 -0.500000
0.038926 -0.022692 -0.500000
0.155941 -0.020867 -0.500000
-0.257218 0.035221 -0.500000
-0.372944 -0.018083 -0.500000
0.319629 -0.016641 -0.500000
0.436098 -0.012521 -0.500000
0.382125 0.000569 -0.500000
0.004671 -0.022998 -0.500000
-0.018920 0.027631 -0.500000
0.018540 0.025658 -0.500000
0.464528 -0.011362 -0.500000
0.337011 -0.016086 -0.500000
0.233347 -0.019094 -0.500000
0.487212 -0.008446 -0.500000
-0.216227 -0.021356 -0.500000
0.066813 -0.022360 -0.500000
-0.214418 -0.021402 -0.500000
-0.097704 0.031245 -0.500000
0.472537 -0.007134 -0.500000
-0.218683 -0.021293 -0.500000
-0.369526 0.029833 -0.500000
0.354815 -0.015497 -0.500000
-0.199737 -0.021754 -0.500000
0.415038 -0.013339 -0.500000
-0.275506 0.035086 -0.500000
0.367583 -0.015061 -0.500000
0.269374 -0.018130 -0.500000
0.304957 0.006672 -0.500000
0.242545 0.011313 -0.500000
-0.418239 0.022625 -0.500000
0.369321 0.001610 -0.500000
0.217993 0.013067 -0.500000
0.335214 0.004328 -0.500000
-0.269957 0.035150 -0.500000
-0.045174 -0.023224 -0.500000
0.459819 -0.006012 -0.500000
-0.236249 0.035139 -0.500000
-0.439858 -0.017961 -0.500000
0.204624 0.014005 -0.500000
-0.291159 0.034787 -0.500000
0.137066 0.018551 -0.500000
-0.350054 -0.018294 -0.500000
0.294102 0.007498 -0.500000
-0.184864 0.034175 -0.500000
-0.486231 0.002066 -0.500000
0.066636 -0.022363 -0.500000
-0.202386 0.034594 -0.500000
0.347051 -0.015757 -0.500000
-0.483005 -0.016251 -0.500000
0.216678 0.013160 -0.500000
0.317028 0.005744 -0.500000
0.493440 -0.010116 -0.500000
-0.443572 -0.017939 -0.500000
-0.479207 0.005369 -0.500000
0.329730 -0.016321 -0.500000
-0.005064 -0.023064 -0.500000
-0.092895 -0.023160 -0.500000
0.364371 0.002010 -0.500000
0.214237 0.013332 -0.500000
0.085365 0.021799 -0.500000
0.050699 -0.022560 -0.500000
0.394609 -0.014100 -0.500000
0.209633 0.013655 -0.500000
0.358513 0.002480 -0.500000
-0.181260 0.034081 -0.500000
-0.137763 0.032751 -0.500000
-0.462094 0.011693 -0.500000
-0.436742 -0.017974 -0.500000
-0.070919 0.030105 -0.500000
0.161040 0.016976 -0.500000
-0.296691 0.034636 -0.500000
-0.188683 0.034273 -0.500000
-0.435429 -0.017978 -0.500000
-0.115382 -0.023022 -0.500000
0.297200 -0.017326 -0.500000
0.439908 -0.004281 -0.500000
-0.201304 -0.021718 -0.500000
-0.377367 0.028935 -0.500000
-0.232293 -0.020938 -0.500000
0.260516 -0.018375 -0.500000
-0.373200 -0.018081 -0.500000
0.496701 -0.009971 -0.500000
-0.072729 -0.023224 -0.500000
0.125917 -0.021440 -0.500000
-0.489978 -0.015028 -0.500000
0.142286 0.018212 -0.500000
0.028365 0.025117 -0.500000
-0.385472 -0.018022 -0.500000
-0.257550 0.035221 -0.500000
0.106278 0.020511 -0.500000
-0.053870 -0.023234 -0.500000
-0.032720 -0.023194 -0.500000
-0.077971 -0.023213 -0.500000
-0.126656 0.032359 -0.500000
0.129097 -0.021382 -0.500000
-0.053576 -0.023234 -0.500000
0.391828 -0.014202 -0.500000
0.403124 -0.013787 -0.500000
0.458412 -0.005889 -0.500000
-0.150111 -0.022653 -0.500000
0.484562 -0.010506 -0.500000
0.462497 -0.011447 -0.500000
0.153845 0.017453 -0.500000
-0.169730 -0.022354 -0.500000
-0.163296 0.033574 -0.500000
-0.180640 -0.022157 -0.500000
0.321136 0.005427 -0.500000
0.335549 0.004302 -0.500000
-0.487702 0.001283 -0.500000
0.166830 0.016589 -0.500000
-0.362231 0.030593 -0.500000
-0.476758 -0.016888 -0.500000
-0.193440 -0.021895 -0.500000
-0.407396 -0.017988 -0.500000
-0.269871 0.035151 -0.500000
-0.171614 -0.022321 -0.500000
0.104293 0.020635 -0.500000
-0.235068 -0.020864 -0.500000
-0.136274 0.032700 -0.500000
-0.332280 -0.018547 -0.500000
0.087649 -0.022068 -0.500000
0.161985 -0.020744 -0.500000
-0.153651 -0.022604 -0.500000
0.205295 -0.019784 -0.500000
-0.115285 -0.023023 -0.500000
0.231779 -0.019134 -0.500000
0.103653 0.020675 -0.500000
-0.468494 0.009533 -0.500000
0.493042 -0.008973 -0.500000
0.245035 0.011133 -0.500000
-0.317241 0.033844 -0.500000
-0.091512 0.030990 -0.500000
0.195178 -0.020020 -0.500000
-0.347052 -0.018331 -0.500000
0.206832 -0.019748 -0.500000
-0.159672 -0.022516 -0.500000
-0.348863 0.031806 -0.500000
-0.464665 0.010849 -0.500000
0.233814 -0.019082 -0.500000
0.066914 -0.022359 -0.500000
0.486177 -0.010436 -0.500000
0.348885 -0.015696 -0.500000
-0.204639 0.034642 -0.500000
0.109192 0.020329 -0.500000
0.166216 0.016630 -0.500000
-0.333569 0.032928 -0.500000
-0.416242 -0.017991 -0.500000
-0.395482 0.026497 -0.500000
-0.248581 0.035217 -0.500000
0.328585 0.004847 -0.500000
-0.488890 -0.015276 -0.500000
0.283883 0.008268 -0.500000
-0.299303 0.034558 -0.500000
0.388799 -0.014311 -0.500000
0.465655 -0.011315 -0.500000
-0.314159 -0.018879 -0.500000
-0.471490 0.008447 -0.500000
-0.459212 -0.017713 -0.500000
-0.096903 -0.023141 -0.500000
-0.290297 -0.019411 -0.500000
-0.252196 0.035223 -0.500000
-0.343791 0.032207 -0.500000
0.456412 -0.005713 -0.500000
0.441556 -0.012303 -0.500000
0.406223 -0.013671 -0.500000
-0.265065 -0.020056 -0.500000
-0.204620 -0.021641 -0.500000
-0.331799 0.033040 -0.500000
-0.116563 -0.023012 -0.500000
-0.136225 -0.022825 -0.500000
-0.295217 0.034681 -0.500000
0.335645 0.004294 -0.500000
0.149029 0.017771 -0.500000
-0.432800 -0.017984 -0.500000
0.437056 -0.004036 -0.500000
0.074337 -0.022259 -0.500000
0.041118 0.024400 -0.500000
-0.309608 -0.018973 -0.500000
-0.092650 -0.023161 -0.500000
-0.291348 0.034783 -0.500000
0.166144 0.016635 -0.500000
0.439068 -0.012403 -0.500000
-0.468396 0.009568 -0.500000
0.366289 0.001855 -0.500000
-0.030471 0.028208 -0.500000
-0.019737 -0.023143 -0.500000
-0.185303 0.034187 -0.500000
-0.481489 0.004361 -0.500000
-0.054648 -0.023235 -0.500000
0.410871 -0.013497 -0.500000
0.091203 0.021443 -0.500000
0.134358 -0.021285 -0.500000
-0.084119 0.030679 -0.500000
0.222460 -0.019368 -0.500000
0.179944 -0.020362 -0.500000
0.335931 0.004272 -0.500000
0.356804 -0.015430 -0.500000
-0.478908 -0.016701 -0.500000
-0.209454 0.034740 -0.500000
-0.257042 0.035222 -0.500000
-0.028323 0.028102 -0.500000
0.348701 0.003263 -0.500000
-0.186739 0.034223 -0.500000
-0.422800 0.021725 -0.500000
0.111970 0.020154 -0.500000
-0.494454 -0.013573 -0.500000
-0.400800 -0.017991 -0.500000
-0.336421 -0.018481 -0.500000
-0.402791 -0.017989 -0.500000
-0.427387 -0.017991 -0.500000
-0.108964 0.031693 -0.500000
-0.192312 -0.021920 -0.500000
-0.332294 0.033009 -0.500000
0.170434 -0.020567 -0.500000
-0.263341 0.035200 -0.500000
-0.223683 0.034987 -0.500000
-0.120937 -0.022976 -0.500000
-0.041502 0.028745 -0.500000
-0.487816 0.001220 -0.500000
0.433233 -0.012634 -0.500000
0.105245 0.020575 -0.500000
0.221008 -0.019404 -0.500000
0.149567 0.017735 -0.500000
0.411664 -0.013467 -0.500000
-0.121204 0.032159 -0.500000
-0.214747 0.034840 -0.500000
0.067020 0.022898 -0.500000
-0.199873 0.034539 -0.500000
-0.184370 0.034163 -0.500000
0.061702 0.023212 -0.500000
-0.318535 -0.018793 -0.500000
-0.185422 -0.022063 -0.500000
0.361243 -0.015279 -0.500000
-0.436782 0.018666 -0.500000
0.384632 0.000364 -0.500000
0.441812 -0.004445 -0.500000
0.297820 -0.017308 -0.500000
-0.266931 -0.020006 -0.500000
-0.052906 -0.023233 -0.500000
0.373966 0.001234 -0.500000
0.422370 -0.013058 -0.500000
-0.060533 0.029638 -0.500000
0.477047 -0.007536 -0.500000
0.264967 -0.018252 -0.500000
0.220856 0.012865 -0.500000
-0.353748 -0.018251 -0.500000
0.475176 -0.010911 -0.500000
0.069161 0.022771 -0.500000
0.339911 -0.015992 -0.500000
-0.432034 0.019758 -0.500000
0.333775 0.004441 -0.500000
-0.161277 -0.022492 -0.500000
0.052866 -0.022535 -0.500000
-0.215131 0.034847 -0.500000
0.415829 -0.013309 -0.500000
-0.096164 0.031182 -0.500000
0.473827 -0.007249 -0.500000
-0.253053 -0.020378 -0.500000
0.288270 -0.017590 -0.500000
0.419395 -0.002530 -0.500000
0.105589 -0.021788 -0.500000
0.045597 -0.022619 -0.500000
0.476942 -0.010836 -0.500000
-0.108348 -0.023073 -0.500000
-0.183969 0.034153 -0.500000
-0.111327 -0.023052 -0.500000
-0.416123 -0.017991 -0.500000
0.498629 -0.009480 -0.500000
-0.327375 0.033308 -0.500000
0.321788 -0.016573 -0.500000
0.211665 0.013513 -0.500000
-0.002983 0.026809 -0.500000
0.119533 -0.021553 -0.500000
0.196551 0.014565 -0.500000
0.464083 -0.006387 -0.500000
0.431237 -0.012713 -0.500000
0.450100 -0.011958 -0.500000
-0.032537 0.028310 -0.500000
-0.239061 0.035162 -0.500000
-0.454450 -0.017812 -0.500000
0.124538 -0.021464 -0.500000
-0.057788 0.029512 -0.500000
0.482845 -0.008054 -0.500000
0.159091 0.017105 -0.500000
0.189929 0.015022 -0.500000
0.479613 -0.007765 -0.500000
-0.079781 0.030493 -0.500000
-0.380038 -0.018044 -0.500000
0.483331 -0.008098 -0.500000
-0.013160 -0.023110 -0.500000
0.311461 0.006174 -0.500000
0.393729 -0.014132 -0.500000
-0.035960 0.028478 -0.500000
0.312800 -0.016853 -0.500000
0.079099 0.022178 -0.500000
-0.043950 -0.023222 -0.500000
0.077248 0.022289 -0.500000
0.395496 -0.000531 -0.500000
-0.217681 0.034892 -0.500000
-0.314711 -0.018868 -0.500000
-0.164410 -0.022442 -0.500000
-0.183534 0.034141 -0.500000
-0.043315 0.028832 -0.500000
-0.303383 -0.019108 -0.500000
-0.116580 0.031985 -0.500000
0.056243 -0.022494 -0.500000
-0.036370 -0.023205 -0.500000
-0.151359 -0.022637 -0.500000
-0.082460 -0.023200 -0.500000
-0.484869 0.002757 -0.500000
-0.276379 0.035074 -0.500000
-0.493579 -0.013936 -0.500000
-0.474001 -0.017090 -0.500000
0.277350 -0.017905 -0.500000
-0.011399 0.027247 -0.500000
-0.259351 0.035217 -0.500000
-0.061960 0.029703 -0.500000
0.038274 0.024561 -0.500000
-0.459037 0.012656 -0.500000
0.060638 -0.022440 -0.500000
0.456935 -0.011678 -0.500000
-0.175577 -0.022251 -0.500000
-0.334423 0.032871 -0.500000
-0.149406 -0.022663 -0.500000
-0.269407 0.035155 -0.500000
-0.071440 0.030128 -0.500000
0.196803 -0.019983 -0.500000
-0.475308 -0.016999 -0.500000
0.421116 -0.013106 -0.500000
0.404300 -0.013743 -0.500000
0.133466 -0.021302 -0.500000
-0.032814 0.028324 -0.500000
-0.363312 0.030486 -0.500000
0.250441 -0.018647 -0.500000
0.198421 -0.019945 -0.500000
-0.204544 -0.021642 -0.500000
-0.412359 -0.017989 -0.500000
0.177590 -0.020413 -0.500000
0.110739 -0.021703 -0.500000
0.210821 0.013572 -0.500000
0.017719 0.025703 -0.500000
0.493768 -0.010101 -0.500000
0.156757 -0.020851 -0.500000
0.319954 -0.016631 -0.500000
-0.382536 0.028291 -0.500000
-0.276731 -0.019750 -0.500000
0.009637 0.026140 -0.500000
-0.085337 0.030731 -0.500000
0.166341 -0.020653 -0.500000
-0.031314 -0.023189 -0.500000
-0.279722 0.035024 -0.500000
-0.268554 0.035163 -0.500000
0.374283 -0.014828 -0.500000
-0.017482 -0.023133 -0.500000
-0.160153 -0.022509 -0.500000
0.055429 0.023578 -0.500000
0.132260 0.018862 -0.500000
-0.226884 0.035031 -0.500000
-0.043157 0.028825 -0.500000
0.038440 0.024552 -0.500000
-0.163654 0.033584 -0.500000
-0.256972 -0.020272 -0.500000
-0.235677 -0.020847 -0.500000
0.037858 -0.022703 -0.500000
-0.129799 -0.022893 -0.500000
0.119604 -0.021551 -0.500000
-0.261633 -0.020147 -0.500000
0.311085 -0.016906 -0.500000
-0.388884 -0.018011 -0.500000
-0.442987 -0.017943 -0.500000
0.348589 0.003272 -0.500000
-0.379777 0.028639 -0.500000
0.374041 0.001228 -0.500000
0.272552 -0.018041 -0.500000
0.003691 -0.023005 -0.500000
-0.360399 0.030774 -0.500000
0.167369 0.016553 -0.500000
0.147339 0.017882 -0.500000
0.068587 -0.022337 -0.500000
-0.347758 -0.018322 -0.500000
-0.107409 0.031632 -0.500000
0.353889 0.002850 -0.500000
0.266072 0.009594 -0.500000
0.009905 -0.022959 -0.500000
-0.120775 -0.022977 -0.500000
0.495500 -0.010024 -0.500000
0.244749 -0.018798 -0.500000
-0.101965 0.031416 -0.500000
-0.300234 -0.019178 -0.500000
-0.493661 -0.013904 -0.500000
0.278820 0.008648 -0.500000
0.104671 -0.021803 -0.500000
-0.052969 0.029288 -0.500000
0.185961 0.015294 -0.500000
-0.232378 -0.020935 -0.500000
-0.004683 0.026898 -0.500000
0.291895 0.007665 -0.500000
0.004850 -0.022997 -0.500000
-0.012360 0.027296 -0.500000
0.490090 -0.010264 -0.500000
0.049497 -0.022574 -0.500000
0.416346 -0.002273 -0.500000
0.454474 -0.005544 -0.500000
-0.422534 0.021778 -0.500000
0.349106 0.003231 -0.500000
0.131742 0.018896 -0.500000
-0.259259 0.035217 -0.500000
0.091432 0.021429 -0.500000
0.026738 0.025207 -0.500000
-0.441834 0.017437 -0.500000
-0.218973 -0.021286 -0.500000
0.441385 -0.004408 -0.500000
-0.213505 0.034818 -0.500000
0.191818 -0.020097 -0.500000
0.095262 -0.021953 -0.500000
-0.300553 0.034517 -0.500000
0.291665 0.007682 -0.500000
0.042156 -0.022657 -0.500000
-0.497433 -0.011580 -0.500000
-0.289283 -0.019436 -0.500000
0.346525 -0.015774 -0.500000
-0.132082 0.032553 -0.500000
-0.222928 0.034975 -0.500000
-0.296588 0.034639 -0.500000
0.354239 0.002822 -0.500000
0.367258 -0.015073 -0.500000
-0.340027 0.032486 -0.500000
-0.416146 -0.017991 -0.500000
0.065907 -0.022372 -0.500000
0.117448 -0.021589 -0.500000
0.111985 0.020153 -0.500000
0.172430 0.016212 -0.500000
0.498098 -0.009432 -0.500000
-0.334445 -0.018512 -0.500000
0.197374 -0.019970 -0.500000
0.154685 0.017398 -0.500000
-0.341422 0.032386 -0.500000
-0.306271 -0.019044 -0.500000
0.404127 -0.013749 -0.500000
-0.049121 -0.023230 -0.500000
-0.191917 0.034352 -0.500000
-0.226629 -0.021088 -0.500000
-0.495036 -0.013296 -0.500000
0.122372 0.019496 -0.500000
-0.399621 0.025863 -0.500000
-0.185177 -0.022068 -0.500000
0.294317 0.007482 -0.500000
-0.161142 -0.022494 -0.500000
-0.162302 0.033544 -0.500000
-0.337169 -0.018469 -0.500000
0.326632 0.004999 -0.500000
0.150718 -0.020971 -0.500000
0.387276 0.000147 -0.500000
-0.202684 -0.021687 -0.500000
-0.492184 -0.014422 -0.500000
-0.400833 0.025673 -0.500000
-0.267344 0.035175 -0.500000
-0.407580 0.024561 -0.500000
0.386478 0.000212 -0.500000
0.057800 0.023440 -0.500000
0.073237 0.022529 -0.500000
0.407949 -0.001568 -0.500000
0.455456 -0.011739 -0.500000
0.220108 0.012918 -0.500000
-0.357839 -0.018207 -0.500000
-0.196506 -0.021828 -0.500000
0.452250 -0.011870 -0.500000
0.377162 -0.014727 -0.500000
0.218575 0.013026 -0.500000
0.235000 0.011856 -0.500000
-0.443714 0.016961 -0.500000
-0.497192 -0.011829 -0.500000
0.132791 -0.021314 -0.500000
0.441623 -0.004429 -0.500000
-0.234119 -0.020889 -0.500000
-0.210399 0.034759 -0.500000
-0.475911 0.006740 -0.500000
0.280781 -0.017807 -0.500000
0.250791 0.010715 -0.500000
-0.265219 0.035189 -0.500000
-0.127010 0.032372 -0.500000
-0.402216 0.025451 -0.500000
-0.372724 -0.018084 -0.500000
-0.035937 -0.023203 -0.500000
0.330451 0.004701 -0.500000
-0.057958 0.029520 -0.500000
0.106502 0.020497 -0.500000
-0.055917 0.029425 -0.500000
0.275888 0.008866 -0.500000
-0.308986 -0.018986 -0.500000
-0.125881 -0.022931 -0.500000
-0.286700 0.034891 -0.500000
0.093468 -0.021980 -0.500000
-0.056450 -0.023235 -0.500000
-0.159529 -0.022518 -0.500000
0.026628 0.025213 -0.500000
0.446642 -0.012099 -0.500000
-0.404245 0.025121 -0.500000
0.323562 -0.016517 -0.500000
0.129535 -0.021374 -0.500000
0.266102 -0.018221 -0.500000
-0.010617 0.027206 -0.500000
0.130160 0.018997 -0.500000
-0.392667 -0.018002 -0.500000
-0.350725 -0.018286 -0.500000
-0.222183 -0.021203 -0.500000
-0.426442 0.020973 -0.500000
0.433165 -0.012637 -0.500000
-0.197186 -0.021813 -0.500000
-0.353457 -0.018254 -0.500000
0.338875 0.004040 -0.500000
0.063683 0.023095 -0.500000
0.166484 0.016612 -0.500000
-0.100626 0.031363 -0.500000
0.290178 -0.017534 -0.500000
0.407913 -0.001565 -0.500000
0.108981 0.020342 -0.500000
0.041036 -0.022669 -0.500000
0.450658 -0.011936 -0.500000
0.132427 0.018851 -0.500000
0.062692 0.023153 -0.500000
0.417642 -0.013239 -0.500000
0.420966 -0.013112 -0.500000
0.184500 0.015393 -0.500000
0.053198 -0.022531 -0.500000
0.401027 -0.013864 -0.500000
-0.445377 0.016532 -0.500000
-0.497482 -0.011525 -0.500000
-0.445205 -0.017926 -0.500000
0.453087 -0.011836 -0.500000
-0.216866 0.034878 -0.500000
0.187167 -0.020202 -0.500000
-0.422456 0.021794 -0.500000
0.227302 0.012407 -0.500000
0.381279 0.000638 -0.500000
0.312721 -0.016856 -0.500000
0.248335 -0.018703 -0.500000
-0.419257 -0.017992 -0.500000
-0.220199 0.034933 -0.500000
-0.169536 -0.022357 -0.500000
-0.340126 -0.018426 -0.500000
-0.094569 0.031116 -0.500000
0.186506 -0.020217 -0.500000
-0.002064 -0.023044 -0.500000
0.300458 0.007015 -0.500000
0.052717 0.023735 -0.500000
-0.206283 -0.021601 -0.500000
0.337496 -0.016071 -0.500000
0.263311 0.009798 -0.500000
0.494703 -0.009123 -0.500000
-0.422999 -0.017992 -0.500000
-0.344737 0.032135 -0.500000
-0.036146 -0.023204 -0.500000
-0.446454 0.016249 -0.500000
0.336057 0.004262 -0.500000
0.450993 -0.011922 -0.500000
-0.045622 -0.023225 -0.500000
-0.055189 0.029392 -0.500000
0.339398 -0.016009 -0.500000
0.428584 -0.012817 -0.500000
0.059931 0.023315 -0.500000
0.223762 0.012659 -0.500000
0.244698 -0.018800 -0.500000
-0.345766 0.032055 -0.500000
0.274659 -0.017981 -0.500000
-0.490072 -0.015006 -0.500000
0.016039 -0.022909 -0.500000
0.496119 -0.009252 -0.500000
0.440340 -0.012352 -0.500000
0.372356 -0.014895 -0.500000
0.425499 -0.012937 -0.500000
-0.129054 -0.022900 -0.500000
0.447550 -0.012062 -0.500000
-0.399611 0.025865 -0.500000
0.418885 -0.013192 -0.500000
-0.471414 -0.017248 -0.500000
0.068690 0.022799 -0.500000
0.108360 -0.021743 -0.500000
0.022597 -0.022852 -0.500000
-0.129148 0.032449 -0.500000
-0.018858 -0.023139 -0.500000
0.016621 0.025762 -0.500000
-0.024046 -0.023162 -0.500000
0.435801 -0.003928 -0.500000
-0.078456 -0.023211 -0.500000
-0.203305 0.034613 -0.500000
-0.165298 -0.022428 -0.500000
0.501072 -0.009703 -0.500000
-0.382506 -0.018033 -0.500000
0.460431 -0.011533 -0.500000
-0.365403 0.030272 -0.500000
-0.155263 -0.022581 -0.500000
0.098902 0.020969 -0.500000
0.264037 -0.018278 -0.500000
0.452564 -0.005378 -0.500000
-0.429003 0.020426 -0.500000
0.062659 0.023155 -0.500000
-0.098803 0.031289 -0.500000
-0.094200 -0.023154 -0.500000
0.062003 -0.022423 -0.500000
0.198270 0.014446 -0.500000
0.459105 -0.011588 -0.500000
-0.085543 0.030740 -0.500000
-0.384272 -0.018026 -0.500000
0.278189 0.008695 -0.500000
-0.170918 -0.022333 -0.500000
-0.477349 0.006153 -0.500000
0.121294 0.019565 -0.500000
-0.449925 -0.017879 -0.500000
-0.411921 0.023800 -0.500000
-0.027641 0.028068 -0.500000
-0.004954 0.026913 -0.500000
0.250031 -0.018658 -0.500000
0.058226 -0.022470 -0.500000
0.099515 -0.021886 -0.500000
0.379620 0.000774 -0.500000
0.297802 0.007218 -0.500000
-0.407526 0.024570 -0.500000
0.064138 -0.022395 -0.500000
0.284724 0.008205 -0.500000
-0.304491 0.034382 -0.500000
0.174171 -0.020487 -0.500000
-0.211127 -0.021483 -0.500000
0.496743 -0.009969 -0.500000
-0.387519 0.027632 -0.500000
0.212503 0.013454 -0.500000
-0.032902 -0.023194 -0.500000
0.198849 -0.019935 -0.500000
0.051418 0.023810 -0.500000
-0.272694 0.035124 -0.500000
0.352992 0.002922 -0.500000
0.025523 0.025274 -0.500000
0.329578 0.004769 -0.500000
0.043664 -0.022640 -0.500000
-0.146145 -0.022706 -0.500000
0.344764 -0.015833 -0.500000
-0.230621 0.035079 -0.500000
0.123402 -0.021484 -0.500000
0.348072 -0.015723 -0.500000
-0.106645 -0.023084 -0.500000
0.405239 -0.001341 -0.500000
0.277218 -0.017909 -0.500000
-0.486339 0.002010 -0.500000
0.277400 -0.017903 -0.500000
-0.371095 0.029662 -0.500000
-0.485834 -0.015845 -0.500000
0.389975 -0.014269 -0.500000
0.355141 -0.015486 -0.500000
-0.184371 -0.022084 -0.500000
-0.173457 0.033869 -0.500000
-0.135209 0.032663 -0.500000
-0.127995 0.032407 -0.500000
0.453227 -0.005435 -0.500000
0.261917 0.009901 -0.500000
-0.030087 -0.023185 -0.500000
0.186591 0.015250 -0.500000
-0.272054 -0.019872 -0.500000
0.116011 -0.021613 -0.500000
-0.291443 0.034780 -0.500000
0.150645 -0.020973 -0.500000
0.035294 -0.022730 -0.500000
-0.300724 0.034511 -0.500000
-0.290934 -0.019396 -0.500000
-0.467903 -0.017422 -0.500000
0.154647 -0.020893 -0.500000
-0.346935 -0.018333 -0.500000
0.056082 -0.022496 -0.500000
0.268064 -0.018166 -0.500000
-0.128777 0.032436 -0.500000
-0.098465 -0.023133 -0.500000
-0.331411 0.033064 -0.500000
0.111546 -0.021689 -0.500000
-0.484599 0.002891 -0.500000
-0.125340 0.032311 -0.500000
-0.394786 0.026600 -0.500000
-0.158974 0.033443 -0.500000
-0.346602 0.031988 -0.500000
0.430863 -0.012727 -0.500000
-0.180892 -0.022152 -0.500000
-0.323463 -0.018700 -0.500000
0.237871 0.011650 -0.500000
-0.251710 -0.020414 -0.500000
0.450981 -0.005240 -0.500000
0.366272 -0.015107 -0.500000
0.046014 0.024121 -0.500000
-0.161774 -0.022484 -0.500000
0.485960 -0.010445 -0.500000
-0.146609 -0.022700 -0.500000
0.038758 0.024534 -0.500000
0.122456 -0.021501 -0.500000
0.272718 -0.018036 -0.500000
-0.146336 0.033040 -0.500000
0.181727 0.015583 -0.500000
0.442711 -0.004523 -0.500000
-0.195206 0.034432 -0.500000
-0.237371 -0.020802 -0.500000
-0.107591 -0.023078 -0.500000
0.402561 -0.001118 -0.500000
-0.025942 0.027984 -0.500000
-0.482664 0.003820 -0.500000
-0.194240 0.034408 -0.500000
0.103473 0.020686 -0.500000
-0.071177 -0.023226 -0.500000
-0.193791 -0.021887 -0.500000
0.326603 -0.016421 -0.500000
-0.443225 -0.017941 -0.500000
0.422407 -0.013056 -0.500000
-0.032771 0.028321 -0.500000
-0.483006 0.003659 -0.500000
-0.320392 0.033689 -0.500000
0.423551 -0.013012 -0.500000
0.023504 0.025385 -0.500000
0.142338 0.018209 -0.500000
0.342177 -0.015918 -0.500000
0.053064 -0.022532 -0.500000
0.069456 0.022754 -0.500000
-0.377301 -0.018058 -0.500000
-0.229553 0.035066 -0.500000
0.182159 0.015553 -0.500000
-0.335294 0.032813 -0.500000
0.302931 0.006827 -0.500000
0.386363 -0.014399 -0.500000
0.143481 0.018134 -0.500000
0.193161 0.014799 -0.500000
-0.263569 -0.020095 -0.500000
0.129898 -0.021368 -0.500000
0.457339 -0.005795 -0.500000
0.340461 -0.015974 -0.500000
-0.380155 -0.018043 -0.500000
-0.091438 -0.023167 -0.500000
-0.383520 0.028165 -0.500000
0.489010 -0.010311 -0.500000
0.280130 0.008550 -0.500000
-0.005412 0.026936 -0.500000
0.210549 -0.019659 -0.500000
-0.443963 -0.017936 -0.500000
0.124435 -0.021466 -0.500000
-0.016474 0.027506 -0.500000
0.072194 0.022591 -0.500000
0.207465 0.013807 -0.500000
-0.159695 -0.022516 -0.500000
-0.148439 -0.022676 -0.500000
-0.088755 0.030875 -0.500000
-0.438806 0.018182 -0.500000
0.053090 0.023713 -0.500000
0.255246 0.010390 -0.500000
-0.469852 -0.017330 -0.500000
0.134927 0.018690 -0.500000
-0.026103 0.027992 -0.500000
0.018419 0.025664 -0.500000
-0.423325 -0.017992 -0.500000
-0.110845 -0.023056 -0.500000
-0.040415 0.028693 -0.500000
-0.268945 -0.019953 -0.500000
0.381335 -0.014579 -0.500000
-0.254093 0.035226 -0.500000
-0.386960 0.027709 -0.500000
-0.063242 0.029761 -0.500000
0.211977 0.013491 -0.500000
0.447239 -0.004915 -0.500000
0.235161 -0.019047 -0.500000
0.153847 -0.020909 -0.500000
0.182955 -0.020296 -0.500000
-0.180856 -0.022153 -0.500000
-0.092924 -0.023160 -0.500000
-0.224220 0.034995 -0.500000
0.318523 0.005629 -0.500000
0.242661 0.011305 -0.500000
0.100148 0.020892 -0.500000
-0.270553 -0.019911 -0.500000
-0.175704 0.033931 -0.500000
-0.231568 0.035090 -0.500000
-0.245185 0.035201 -0.500000
0.050777 -0.022560 -0.500000
-0.008256 -0.023083 -0.500000
0.179650 -0.020368 -0.500000
0.036030 0.024688 -0.500000
-0.476410 -0.016915 -0.500000
0.225842 -0.019284 -0.500000
-0.274339 0.035102 -0.500000
0.000908 -0.023025 -0.500000
-0.142151 0.032901 -0.500000
-0.466189 -0.017494 -0.500000
-0.066040 -0.023232 -0.500000
-0.386593 -0.018018 -0.500000
0.481077 -0.007896 -0.500000
-0.315914 0.033908 -0.500000
0.173867 0.016116 -0.500000
-0.107853 0.031650 -0.500000
0.288488 0.007922 -0.500000
-0.398524 -0.017993 -0.500000
0.332065 0.004575 -0.500000
-0.169989 -0.022350 -0.500000
0.301989 -0.017183 -0.500000
-0.282325 -0.019608 -0.500000
0.062732 0.023151 -0.500000
0.002357 -0.023015 -0.500000
0.164939 0.016716 -0.500000
-0.279062 -0.019691 -0.500000
-0.490349 -0.000246 -0.500000
0.488063 -0.008523 -0.500000
0.100391 0.020877 -0.500000
0.304259 -0.017114 -0.500000
0.501300 -0.009765 -0.500000
-0.252954 -0.020381 -0.500000
0.070004 -0.022318 -0.500000
0.330082 0.004730 -0.500000
0.089642 0.021538 -0.500000
-0.287448 0.034875 -0.500000
0.053531 0.023688 -0.500000
0.063241 0.023121 -0.500000
0.397502 -0.000697 -0.500000
-0.203699 0.034622 -0.500000
-0.369104 -0.018109 -0.500000
-0.172381 0.033839 -0.500000
0.467136 -0.006656 -0.500000
-0.145072 0.032999 -0.500000
0.317867 0.005680 -0.500000
0.255073 -0.018523 -0.500000
0.186352 -0.020220 -0.500000
-0.420928 0.022100 -0.500000
-0.346311 -0.018341 -0.500000
-0.247789 0.035214 -0.500000
-0.170889 -0.022334 -0.500000
-0.488997 0.000557 -0.500000
0.166958 -0.020640 -0.500000
-0.425516 -0.017992 -0.500000
0.451598 -0.011897 -0.500000
0.415461 -0.013323 -0.500000
-0.219022 0.034914 -0.500000
0.101493 0.020809 -0.500000
-0.186892 0.034227 -0.500000
0.057397 0.023463 -0.500000
0.063542 -0.022403 -0.500000
-0.160385 -0.022505 -0.500000
0.057708 -0.022476 -0.500000
0.007930 0.026232 -0.500000
-0.034168 0.028390 -0.500000
0.427449 -0.003214 -0.500000
0.442972 -0.004545 -0.500000
-0.478454 0.005690 -0.500000
0.335175 0.004331 -0.500000
-0.042639 0.028800 -0.500000
0.251550 0.010660 -0.500000
0.078441 0.022217 -0.500000
0.477710 -0.010803 -0.500000
-0.459701 -0.017701 -0.500000
-0.274650 -0.019804 -0.500000
-0.283414 0.034960 -0.500000
-0.372350 -0.018087 -0.500000
-0.180334 0.034056 -0.500000
-0.412974 0.023610 -0.500000
-0.275299 0.035089 -0.500000
-0.439968 0.017899 -0.500000
-0.493089 -0.014118 -0.500000
-0.406885 0.024679 -0.500000
-0.113576 -0.023036 -0.500000
-0.356255 -0.018223 -0.500000
0.128098 0.019130 -0.500000
-0.012897 -0.023109 -0.500000
0.343954 0.003639 -0.500000
-0.059078 -0.023236 -0.500000
-0.349943 -0.018295 -0.500000
-0.195283 0.034433 -0.500000
0.448399 -0.012027 -0.500000
0.462929 -0.006285 -0.500000
-0.131597 -0.022874 -0.500000
0.149027 0.017771 -0.500000
-0.440962 -0.017955 -0.500000
-0.346138 0.032025 -0.500000
-0.431860 0.019797 -0.500000
-0.474270 0.007389 -0.500000
-0.198701 0.034512 -0.500000
0.432645 -0.003657 -0.500000
0.005547 0.026359 -0.500000
0.086614 -0.022084 -0.500000
-0.408413 -0.017988 -0.500000
0.469215 -0.006840 -0.500000
0.476621 -0.010849 -0.500000
0.125117 0.019321 -0.500000
0.385508 0.000292 -0.500000
0.339752 0.003971 -0.500000
0.106044 -0.021781 -0.500000
0.005036 0.026386 -0.500000
0.246488 -0.018752 -0.500000
-0.438825 0.018177 -0.500000
-0.267200 -0.019999 -0.500000
-0.131505 0.032533 -0.500000
-0.304903 0.034367 -0.500000
-0.382710 0.028268 -0.500000
-0.091990 0.031010 -0.500000
0.283897 0.008267 -0.500000
-0.313445 -0.018894 -0.500000
-0.244842 0.035200 -0.500000
-0.005165 -0.023064 -0.500000
0.033500 -0.022748 -0.500000
-0.231731 -0.020953 -0.500000
0.159926 0.017050 -0.500000
0.326342 -0.016429 -0.500000
0.414451 -0.002113 -0.500000
0.015235 0.025838 -0.500000
0.129306 0.019052 -0.500000
-0.498429 -0.008546 -0.500000
0.248185 -0.018707 -0.500000
-0.309202 0.034201 -0.500000
0.489420 -0.010293 -0.500000
0.316191 0.005809 -0.500000
-0.046940 0.029005 -0.500000
-0.477917 -0.016790 -0.500000
0.105610 -0.021788 -0.500000
-0.447027 0.016097 -0.500000
0.322704 0.005305 -0.500000
0.267437 -0.018184 -0.500000
-0.356062 -0.018225 -0.500000
-0.453845 0.014208 -0.500000
-0.004545 0.026891 -0.500000
-0.199968 -0.021749 -0.500000
0.365053 0.001955 -0.500000
0.079310 0.022165 -0.500000
-0.211835 0.034787 -0.500000
0.172140 -0.020531 -0.500000
0.485774 -0.010453 -0.500000
-0.073503 0.030220 -0.500000
0.138972 0.018428 -0.500000
-0.107273 0.031627 -0.500000
0.124538 0.019358 -0.500000
0.156344 -0.020859 -0.500000
-0.112365 -0.023045 -0.500000
0.495891 -0.010007 -0.500000
-0.190563 0.034319 -0.500000
0.294226 -0.017415 -0.500000
-0.464789 0.010808 -0.500000
-0.496500 -0.005024 -0.500000
-0.246522 -0.020555 -0.500000
-0.147574 -0.022687 -0.500000
0.252981 0.010555 -0.500000
0.422638 -0.013048 -0.500000
-0.454264 0.014086 -0.500000
0.194046 0.014738 -0.500000
0.368650 0.001665 -0.500000
-0.164155 -0.022446 -0.500000
0.092005 0.021394 -0.500000
0.317701 0.005692 -0.500000
-0.495995 -0.012756 -0.500000
0.455765 -0.005657 -0.500000
0.137520 0.018522 -0.500000
0.495711 -0.009215 -0.500000
0.453178 -0.005431 -0.500000
0.472215 -0.011038 -0.500000
0.266671 -0.018205 -0.500000
0.106710 0.020484 -0.500000
-0.006703 -0.023074 -0.500000
0.204314 -0.019807 -0.500000
0.127802 -0.021406 -0.500000
0.246060 -0.018764 -0.500000
0.058160 0.023419 -0.500000
0.143116 0.018158 -0.500000
0.406329 -0.001432 -0.500000
0.343852 -0.015863 -0.500000
0.262829 -0.018311 -0.500000
-0.022402 0.027807 -0.500000
0.008815 -0.022967 -0.500000
0.065545 0.022985 -0.500000
-0.216200 0.034866 -0.500000
0.463918 -0.006372 -0.500000
-0.011109 -0.023099 -0.500000
-0.196330 0.034457 -0.500000
0.354542 0.002798 -0.500000
0.093644 0.021293 -0.500000
-0.436985 -0.017973 -0.500000
-0.338188 -0.018454 -0.500000
0.335689 0.004291 -0.500000
0.082774 -0.022140 -0.500000
-0.200702 -0.021732 -0.500000
0.498274 -0.009448 -0.500000
0.168877 -0.020600 -0.500000
0.373699 -0.014848 -0.500000
0.458303 -0.011621 -0.500000
-0.039009 0.028625 -0.500000
-0.242670 0.035189 -0.500000
-0.248857 -0.020492 -0.500000
-0.069694 -0.023228 -0.500000
-0.104110 0.031502 -0.500000
0.019311 -0.022881 -0.500000
0.355716 -0.015467 -0.500000
0.340989 0.003874 -0.500000
0.112081 -0.021680 -0.500000
-0.437051 0.018602 -0.500000
-0.252478 -0.020394 -0.500000
0.195195 -0.020020 -0.500000
0.402971 -0.013792 -0.500000
-0.403034 -0.017989 -0.500000
0.466119 -0.006566 -0.500000
-0.422929 0.021699 -0.500000
-0.277745 -0.019724 -0.500000
0.044044 0.024233 -0.500000
-0.097043 -0.023140 -0.500000
0.331688 0.004604 -0.500000
0.015063 0.025847 -0.500000
-0.147758 -0.022685 -0.500000
0.130434 -0.021358 -0.500000
-0.360948 -0.018177 -0.500000
-0.389180 -0.018010 -0.500000
0.381665 0.000607 -0.500000
0.444057 -0.004639 -0.500000
0.050684 -0.022561 -0.500000
0.283601 -0.017725 -0.500000
0.318448 -0.016678 -0.500000
-0.090199 0.030935 -0.500000
0.010901 0.026072 -0.500000
-0.091574 -0.023166 -0.500000
-0.244346 -0.020614 -0.500000
0.075620 -0.022242 -0.500000
-0.089172 -0.023176 -0.500000
0.022965 -0.022849 -0.500000
0.233824 0.011941 -0.500000
-0.400779 0.025682 -0.500000
-0.388236 -0.018013 -0.500000
-0.228980 0.035059 -0.500000
0.333271 0.004480 -0.500000
0.029762 0.025039 -0.500000
-0.488349 0.000925 -0.500000
0.020653 -0.022869 -0.500000
0.102608 -0.021837 -0.500000
-0.418264 0.022620 -0.500000
0.501302 -0.009764 -0.500000
-0.009123 -0.023088 -0.500000
-0.165791 0.033648 -0.500000
0.076199 0.022352 -0.500000
0.021956 -0.022858 -0.500000
-0.202391 -0.021693 -0.500000
-0.304478 -0.019084 -0.500000
0.194334 0.014719 -0.500000
-0.440071 0.017874 -0.500000
0.370261 -0.014968 -0.500000
0.143312 0.018145 -0.500000
-0.301171 0.034496 -0.500000
-0.033491 0.028357 -0.500000
0.214895 -0.019554 -0.500000
-0.113223 0.031858 -0.500000
0.269068 -0.018138 -0.500000
0.115766 -0.021618 -0.500000
0.489665 -0.008668 -0.500000
-0.490067 -0.015007 -0.500000
-0.315747 -0.018847 -0.500000
0.247112 -0.018736 -0.500000
-0.417936 0.022683 -0.500000
-0.045263 -0.023224 -0.500000
-0.375215 0.029189 -0.500000
0.493328 -0.008999 -0.500000
-0.160869 -0.022498 -0.500000
0.204033 0.014046 -0.500000
0.425423 -0.003041 -0.500000
-0.373605 -0.018079 -0.500000
-0.481906 -0.016386 -0.500000
-0.141499 0.032879 -0.500000
0.175790 -0.020452 -0.500000
0.385397 0.000301 -0.500000
0.053279 -0.022530 -0.500000
-0.271554 0.035135 -0.500000
0.489832 -0.010275 -0.500000
-0.403461 -0.017989 -0.500000
0.365636 0.001908 -0.500000
0.032475 0.024887 -0.500000
0.295965 -0.017363 -0.500000
-0.287524 0.034873 -0.500000
-0.113186 -0.023039 -0.500000
0.433028 -0.012642 -0.500000
0.242078 0.011347 -0.500000
-0.314719 -0.018868 -0.500000
0.361133 -0.015283 -0.500000
-0.254795 -0.020331 -0.500000
-0.398980 0.025963 -0.500000
-0.228080 -0.021049 -0.500000
-0.132284 -0.022867 -0.500000
0.392284 -0.000266 -0.500000
0.143106 -0.021120 -0.500000
0.169354 0.016420 -0.500000
0.157690 -0.020831 -0.500000
0.242267 0.011333 -0.500000
-0.333853 -0.018521 -0.500000
0.065591 -0.022376 -0.500000
0.494141 -0.009072 -0.500000
0.378050 -0.014695 -0.500000
0.008525 -0.022969 -0.500000
0.263830 0.009760 -0.500000
0.288905 -0.017571 -0.500000
0.006215 -0.022987 -0.500000
0.411085 -0.001830 -0.500000
0.349943 0.003164 -0.500000
-0.002529 -0.023048 -0.500000
0.391909 -0.014199 -0.500000
-0.076675 -0.023215 -0.500000
0.248941 -0.018687 -0.500000
-0.354097 0.031358 -0.500000
0.171312 -0.020548 -0.500000
-0.034546 -0.023199 -0.500000
0.045600 -0.022619 -0.500000
-0.311951 -0.018924 -0.500000
-0.162970 0.033564 -0.500000
-0.472776 0.007964 -0.500000
0.380774 0.000679 -0.500000
0.179602 0.015727 -0.500000
0.435482 -0.003900 -0.500000
-0.072486 0.030175 -0.500000
0.202439 0.014157 -0.500000
-0.436755 -0.017974 -0.500000
0.148682 0.017793 -0.500000
0.057740 -0.022476 -0.500000
0.489534 -0.008656 -0.500000
-0.100861 -0.023120 -0.500000
-0.234971 0.035126 -0.500000
0.323234 0.005264 -0.500000
0.286175 0.008096 -0.500000
-0.271145 -0.019895 -0.500000
-0.408560 -0.017988 -0.500000
-0.363623 0.030455 -0.500000
-0.351502 -0.018276 -0.500000
-0.228386 -0.021041 -0.500000
0.410221 -0.001758 -0.500000
0.194002 -0.020047 -0.500000
-0.232652 0.035101 -0.500000
-0.123786 0.032255 -0.500000
-0.458390 0.012856 -0.500000
-0.197613 -0.021803 -0.500000
-0.000150 0.026661 -0.500000
0.042111 -0.022657 -0.500000
0.250710 -0.018640 -0.500000
-0.209927 -0.021513 -0.500000
0.420709 -0.013122 -0.500000
-0.265136 -0.020054 -0.500000
-0.081599 -0.023202 -0.500000
0.240092 0.011490 -0.500000
-0.222095 -0.021206 -0.500000
-0.324936 -0.018673 -0.500000
0.299403 -0.017260 -0.500000
-0.064479 -0.023234 -0.500000
-0.037537 -0.023208 -0.500000
-0.082988 0.030631 -0.500000
-0.324967 0.033445 -0.500000
0.368013 -0.015046 -0.500000
-0.113905 -0.023033 -0.500000
-0.440092 -0.017960 -0.500000
0.495491 -0.009195 -0.500000
0.353248 -0.015550 -0.500000
-0.396101 -0.017996 -0.500000
-0.384504 0.028036 -0.500000
-0.300735 0.034511 -0.500000
0.439862 -0.012371 -0.500000
0.054549 0.023629 -0.500000
-0.482753 -0.016283 -0.500000
0.014536 0.025876 -0.500000
0.103264 0.020699 -0.500000
-0.286489 -0.019504 -0.500000
0.452498 -0.005372 -0.500000
0.018019 0.025686 -0.500000
0.400994 -0.013866 -0.500000
0.207226 0.013823 -0.500000
-0.157401 0.033394 -0.500000
0.306907 0.006523 -0.500000
-0.172078 -0.022313 -0.500000
0.167685 -0.020625 -0.500000
0.458652 -0.011607 -0.500000
0.199989 0.014327 -0.500000
-0.267449 0.035174 -0.500000
0.157141 0.017235 -0.500000
0.301110 0.006966 -0.500000
0.063012 0.023135 -0.500000
-0.130375 -0.022887 -0.500000
-0.272626 0.035125 -0.500000
-0.054511 0.029360 -0.500000
0.122494 -0.021500 -0.500000
-0.459499 -0.017706 -0.500000
0.306903 -0.017034 -0.500000
0.370890 0.001483 -0.500000
-0.172150 0.033832 -0.500000
0.411679 -0.001880 -0.500000
0.452290 -0.005354 -0.500000
0.488466 -0.008559 -0.500000
-0.323656 -0.018696 -0.500000
0.465707 -0.006530 -0.500000
-0.460802 -0.017672 -0.500000
0.356290 0.002658 -0.500000
0.054651 -0.022514 -0.500000
0.007590 -0.022976 -0.500000
-0.457478 -0.017753 -0.500000
-0.059710 0.029600 -0.500000
0.486280 -0.008363 -0.500000
-0.049877 0.029144 -0.500000
0.414309 -0.013367 -0.500000
0.306992 0.006516 -0.500000
-0.364984 0.030315 -0.500000
-0.071782 -0.023225 -0.500000
-0.133169 -0.022858 -0.500000
-0.436072 0.018833 -0.500000
0.324356 0.005176 -0.500000
-0.459485 -0.017706 -0.500000
-0.216219 -0.021356 -0.500000
-0.471558 0.008422 -0.500000
-0.265896 -0.020034 -0.500000
0.104135 0.020645 -0.500000
0.202797 0.014132 -0.500000
-0.213435 0.034817 -0.500000
-0.068002 -0.023231 -0.500000
0.026714 -0.022814 -0.500000
0.361833 -0.015259 -0.500000
-0.172828 -0.022300 -0.500000
0.143147 0.018156 -0.500000
0.092497 -0.021995 -0.500000
0.184303 -0.020266 -0.500000
0.185998 0.015291 -0.500000
-0.308490 0.034228 -0.500000
-0.246973 -0.020543 -0.500000
0.069176 -0.022329 -0.500000
-0.449341 0.015473 -0.500000
-0.186362 -0.022044 -0.500000
-0.152396 0.033237 -0.500000
0.354571 0.002796 -0.500000
0.350462 -0.015643 -0.500000
0.401666 -0.001043 -0.500000
-0.446720 0.016179 -0.500000
0.349553 0.003195 -0.500000
0.446248 -0.012115 -0.500000
-0.300775 0.034510 -0.500000
0.441568 -0.004424 -0.500000
0.224114 -0.019327 -0.500000
0.142886 0.018173 -0.500000
0.032446 -0.022758 -0.500000
0.053147 0.023710 -0.500000
0.455005 -0.005590 -0.500000
-0.302122 -0.019136 -0.500000
-0.399534 -0.017992 -0.500000
-0.131002 0.032515 -0.500000
0.308150 -0.016996 -0.500000
0.023855 -0.022841 -0.500000
0.204461 -0.019804 -0.500000
-0.459934 -0.017695 -0.500000
0.456768 -0.011685 -0.500000
0.335613 0.004297 -0.500000
-0.433787 -0.017982 -0.500000
-0.141660 -0.022762 -0.500000
0.483508 -0.010552 -0.500000
0.042631 -0.022652 -0.500000
0.405506 -0.013698 -0.500000
-0.429605 -0.017989 -0.500000
0.498795 -0.009877 -0.500000
-0.148470 -0.022675 -0.500000
0.207271 0.013820 -0.500000
-0.413604 0.023495 -0.500000
-0.331689 0.033047 -0.500000
0.405804 -0.013687 -0.500000
0.179800 -0.020365 -0.500000
0.453551 -0.011817 -0.500000
0.299433 0.007094 -0.500000
-0.372359 0.029518 -0.500000
-0.044524 0.028890 -0.500000
-0.285050 0.034927 -0.500000
-0.218080 0.034899 -0.500000
-0.498374 -0.009864 -0.500000
0.300351 0.007024 -0.500000
-0.365802 -0.018135 -0.500000
0.441559 -0.004423 -0.500000
-0.213810 0.034823 -0.500000
0.113264 0.020073 -0.500000
0.236689 -0.019008 -0.500000
-0.091338 0.030983 -0.500000
-0.315715 -0.018847 -0.500000
-0.144838 -0.022722 -0.500000
-0.213637 0.034820 -0.500000
-0.300271 -0.019177 -0.500000
0.083672 0.021901 -0.500000
0.185303 -0.020243 -0.500000
-0.344825 -0.018360 -0.500000
0.078810 0.022195 -0.500000
0.492050 -0.010177 -0.500000
-0.422516 -0.017992 -0.500000
0.341176 0.003859 -0.500000
-0.194318 0.034410 -0.500000
-0.333406 -0.018528 -0.500000
0.104816 0.020602 -0.500000
0.436009 -0.003946 -0.500000
0.374698 -0.014813 -0.500000
-0.200628 0.034556 -0.500000
-0.498377 -0.009851 -0.500000
0.491968 -0.010181 -0.500000
-0.297905 0.034600 -0.500000
-0.072605 -0.023224 -0.500000
0.259812 -0.018394 -0.500000
0.219322 0.012973 -0.500000
0.000475 0.026628 -0.500000
-0.349480 -0.018301 -0.500000
-0.161607 0.033524 -0.500000
0.020743 -0.022869 -0.500000
-0.263995 -0.020084 -0.500000
0.160137 -0.020782 -0.500000
0.402158 -0.001084 -0.500000
-0.465866 0.010445 -0.500000
-0.348229 0.031857 -0.500000
0.056136 -0.022496 -0.500000
-0.283745 -0.019573 -0.500000
0.045807 -0.022616 -0.500000
-0.439443 0.018027 -0.500000
-0.204150 -0.021652 -0.500000
-0.290637 0.034801 -0.500000
-0.028789 -0.023180 -0.500000
0.310533 -0.016923 -0.500000
0.018652 -0.022887 -0.500000
0.259060 0.010110 -0.500000
-0.118357 0.032053 -0.500000
-0.252710 -0.020387 -0.500000
0.202532 -0.019849 -0.500000
-0.319525 0.033735 -0.500000
0.123317 -0.021486 -0.500000
0.467594 -0.011233 -0.500000
0.291761 0.007675 -0.500000
-0.481802 -0.016398 -0.500000
0.256284 0.010314 -0.500000
-0.101353 -0.023117 -0.500000
-0.427006 -0.017991 -0.500000
-0.283909 -0.019568 -0.500000
-0.128603 0.032429 -0.500000
-0.376422 0.029047 -0.500000
0.000988 0.026601 -0.500000
0.446479 -0.012105 -0.500000
-0.199140 -0.021768 -0.500000
-0.381245 -0.018038 -0.500000
-0.404287 -0.017989 -0.500000
-0.101972 -0.023113 -0.500000
-0.307470 -0.019019 -0.500000
0.433282 -0.012632 -0.500000
0.098144 -0.021908 -0.500000
-0.028948 0.028133 -0.500000
-0.444744 0.016696 -0.500000
-0.301529 0.034484 -0.500000
0.028027 -0.022802 -0.500000
0.029310 0.025064 -0.500000
0.311107 -0.016905 -0.500000
0.180682 0.015654 -0.500000
-0.226021 0.035019 -0.500000
-0.131454 -0.022876 -0.500000
-0.067388 -0.023231 -0.500000
0.042361 -0.022655 -0.500000
-0.166224 -0.022413 -0.500000
0.162595 0.016872 -0.500000
-0.017744 -0.023134 -0.500000
-0.169598 -0.022356 -0.500000
-0.344822 -0.018360 -0.500000
-0.447956 0.015849 -0.500000
-0.392030 0.027002 -0.500000
-0.476724 0.006410 -0.500000
-0.233260 -0.020912 -0.500000
-0.087675 -0.023182 -0.500000
-0.044513 0.028890 -0.500000
-0.428077 -0.017991 -0.500000
0.096014 0.021148 -0.500000
0.059826 0.023321 -0.500000
0.366407 0.001846 -0.500000
-0.376725 0.029011 -0.500000
-0.288695 0.034848 -0.500000
-0.349891 -0.018296 -0.500000
-0.444408 -0.017933 -0.500000
0.253273 -0.018571 -0.500000
-0.105710 -0.023090 -0.500000
-0.476099 0.006664 -0.500000
0.368091 -0.015044 -0.500000
0.002790 0.026505 -0.500000
0.498304 -0.009899 -0.500000
-0.395431 -0.017997 -0.500000
0.394312 -0.000433 -0.500000
0.445973 -0.012126 -0.500000
0.074726 -0.022254 -0.500000
-0.156539 0.033368 -0.500000
-0.497089 -0.011927 -0.500000
0.161455 0.016948 -0.500000
0.389184 -0.000010 -0.500000
-0.233759 -0.020899 -0.500000
0.212123 -0.019621 -0.500000
0.114559 -0.021638 -0.500000
0.438330 -0.004145 -0.500000
0.224044 0.012639 -0.500000
-0.083921 -0.023195 -0.500000
-0.385177 -0.018023 -0.500000
-0.455041 0.013860 -0.500000
0.044602 -0.022630 -0.500000
-0.157658 0.033402 -0.500000
0.477867 -0.010796 -0.500000
-0.392912 0.026875 -0.500000
0.299371 0.007098 -0.500000
0.024845 -0.022831 -0.500000
0.139663 -0.021186 -0.500000
0.438336 -0.004146 -0.500000
-0.089093 -0.023177 -0.500000
0.215241 0.013261 -0.500000
0.294753 -0.017399 -0.500000
-0.065780 0.029876 -0.500000
0.372870 -0.014877 -0.500000
0.236140 0.011775 -0.500000
-0.327864 0.033280 -0.500000
-0.261595 -0.020148 -0.500000
-0.099957 0.031336 -0.500000
-0.376787 0.029003 -0.500000
-0.047156 -0.023227 -0.500000
-0.464041 -0.017573 -0.500000
0.497262 -0.009946 -0.500000
0.006633 0.026301 -0.500000
0.098766 0.020978 -0.500000
0.224300 -0.019322 -0.500000
-0.251526 0.035222 -0.500000
-0.034332 0.028398 -0.500000
-0.370478 0.029729 -0.500000
0.331248 -0.016273 -0.500000
0.094088 -0.021971 -0.500000
-0.449361 -0.017885 -0.500000
-0.134562 -0.022843 -0.500000
0.437807 -0.012453 -0.500000
-0.020612 0.027716 -0.500000
0.069610 -0.022323 -0.500000
0.289964 -0.017540 -0.500000
0.474731 -0.010930 -0.500000
0.280797 -0.017806 -0.500000
0.122116 0.019512 -0.500000
0.243475 0.011246 -0.500000
0.361105 -0.015284 -0.500000
-0.174882 0.033908 -0.500000
0.106838 0.020476 -0.500000
0.069323 -0.022327 -0.500000
-0.067457 -0.023231 -0.500000
-0.026065 0.027990 -0.500000
-0.235430 -0.020854 -0.500000
0.384782 0.000351 -0.500000
-0.116849 -0.023010 -0.500000
0.098415 0.020999 -0.500000
0.128454 -0.021394 -0.500000
0.372084 0.001387 -0.500000
-0.000266 0.026667 -0.500000
-0.199485 -0.021760 -0.500000
-0.486259 0.002051 -0.500000
0.154546 -0.020895 -0.500000
-0.083615 0.030658 -0.500000
0.269863 -0.018116 -0.500000
-0.206280 0.034677 -0.500000
-0.018663 -0.023138 -0.500000
-0.235234 0.035129 -0.500000
0.477107 -0.010828 -0.500000
-0.414229 0.023380 -0.500000
-0.466990 -0.017462 -0.500000
-0.255770 0.035224 -0.500000
-0.225217 -0.021124 -0.500000
0.108673 -0.021737 -0.500000
0.425004 -0.012956 -0.500000
-0.467755 0.009793 -0.500000
0.378666 -0.014673 -0.500000
0.149777 -0.020990 -0.500000
-0.058571 0.029548 -0.500000
-0.225275 0.035010 -0.500000
0.039839 -0.022682 -0.500000
-0.146234 -0.022705 -0.500000
-0.006179 0.026976 -0.500000
-0.113367 0.031864 -0.500000
0.416740 -0.013274 -0.500000
-0.224791 -0.021136 -0.500000
-0.201273 0.034570 -0.500000
0.114262 0.020010 -0.500000
0.498725 -0.009880 -0.500000
-0.215421 0.034852 -0.500000
0.254535 -0.018537 -0.500000
0.387944 -0.014342 -0.500000
0.229519 0.012249 -0.500000
-0.090007 -0.023173 -0.500000
0.284843 0.008196 -0.500000
-0.283831 0.034952 -0.500000
0.465935 -0.011303 -0.500000
-0.254863 0.035226 -0.500000
0.254292 -0.018544 -0.500000
-0.433491 -0.017983 -0.500000
-0.288758 -0.019449 -0.500000
-0.444131 0.016854 -0.500000
0.141391 0.018270 -0.500000
-0.060607 0.029641 -0.500000
0.212336 -0.019616 -0.500000
0.439733 -0.012376 -0.500000
-0.086365 0.030774 -0.500000
-0.392581 0.026924 -0.500000
0.376472 0.001030 -0.500000
0.379572 0.000777 -0.500000
0.262948 -0.018308 -0.500000
-0.138447 0.032775 -0.500000
-0.427694 -0.017991 -0.500000
0.455530 -0.011736 -0.500000
0.324654 -0.016483 -0.500000
-0.480762 -0.016514 -0.500000
0.392877 -0.014163 -0.500000
-0.458750 0.012745 -0.500000
0.137315 -0.021230 -0.500000
-0.442778 -0.017944 -0.500000
0.149646 -0.020993 -0.500000
0.264816 -0.018257 -0.500000
0.384038 -0.014482 -0.500000
0.261159 0.009956 -0.500000
0.078304 -0.022204 -0.500000
-0.325277 0.033427 -0.500000
-0.015085 0.027436 -0.500000
-0.300200 0.034530 -0.500000
0.180420 0.015671 -0.500000
0.496152 -0.009995 -0.500000
0.337869 -0.016059 -0.500000
0.120550 0.019612 -0.500000
-0.058415 0.029541 -0.500000
0.369135 0.001625 -0.500000
0.289937 0.007813 -0.500000
0.483082 -0.008075 -0.500000
-0.266578 0.035181 -0.500000
0.195019 0.014671 -0.500000
0.144285 0.018082 -0.500000
0.431061 -0.003522 -0.500000
0.408769 -0.001636 -0.500000
-0.363873 0.030430 -0.500000
0.175539 -0.020458 -0.500000
-0.099815 0.031330 -0.500000
0.380039 -0.014625 -0.500000
-0.425938 0.021079 -0.500000
-0.277785 0.035056 -0.500000
0.361692 -0.015264 -0.500000
0.202459 -0.019851 -0.500000
-0.490943 -0.000614 -0.500000
0.466966 -0.011260 -0.500000
-0.315377 0.033934 -0.500000
-0.084966 0.030715 -0.500000
-0.088484 0.030864 -0.500000
-0.267121 0.035177 -0.500000
-0.031478 0.028258 -0.500000
-0.318068 0.033805 -0.500000
-0.431377 -0.017987 -0.500000
0.168459 0.016480 -0.500000
-0.376832 0.028998 -0.500000
-0.253274 0.035224 -0.500000
0.399316 -0.013928 -0.500000
0.258169 0.010176 -0.500000
-0.191460 0.034341 -0.500000
0.437127 -0.012480 -0.500000
0.324912 -0.016475 -0.500000
0.239597 -0.018933 -0.500000
-0.132867 0.032581 -0.500000
0.169019 -0.020597 -0.500000
-0.366977 0.030108 -0.500000
0.163993 -0.020702 -0.500000
-0.487175 0.001568 -0.500000
0.432573 -0.003651 -0.500000
0.331672 0.004606 -0.500000
-0.476298 0.006583 -0.500000
0.437424 -0.012468 -0.500000
0.466178 -0.011293 -0.500000
-0.118378 0.032054 -0.500000
0.314831 0.005914 -0.500000
-0.006572 0.026997 -0.500000
0.497195 -0.009949 -0.500000
0.277975 -0.017887 -0.500000
0.096166 -0.021939 -0.500000
0.030212 0.025014 -0.500000
0.026787 0.025204 -0.500000
0.315080 0.005895 -0.500000
-0.246489 -0.020556 -0.500000
-0.419034 0.022472 -0.500000
0.028524 -0.022797 -0.500000
0.160368 0.017021 -0.500000
-0.038861 0.028618 -0.500000
-0.340642 0.032442 -0.500000
0.141585 -0.021149 -0.500000
-0.070541 -0.023227 -0.500000
-0.107727 0.031645 -0.500000
-0.081094 -0.023204 -0.500000
-0.420610 0.022163 -0.500000
0.443581 -0.004598 -0.500000
0.371687 -0.014919 -0.500000
-0.369035 0.029887 -0.500000
-0.286535 -0.019503 -0.500000
0.334012 0.004422 -0.500000
-0.249601 0.035219 -0.500000
-0.152989 -0.022614 -0.500000
-0.287352 -0.019483 -0.500000
-0.426517 0.020957 -0.500000
-0.323107 0.033547 -0.500000
-0.225248 -0.021124 -0.500000
-0.264680 -0.020066 -0.500000
0.152130 -0.020943 -0.500000
-0.099080 -0.023130 -0.500000
-0.122198 -0.022965 -0.500000
0.324758 -0.016479 -0.500000
0.297455 0.007244 -0.500000
-0.293841 0.034718 -0.500000
-0.170075 -0.022348 -0.500000
-0.194928 -0.021862 -0.500000
-0.407605 0.024557 -0.500000
0.479257 -0.010736 -0.500000
-0.113354 -0.023037 -0.500000
0.056575 -0.022490 -0.500000
-0.386838 0.027726 -0.500000
-0.367934 0.030007 -0.500000
0.408466 -0.001611 -0.500000
0.162682 0.016866 -0.500000
0.402746 -0.001133 -0.500000
0.469598 -0.006874 -0.500000
0.281652 -0.017782 -0.500000
-0.153404 0.033269 -0.500000
0.134848 0.018695 -0.500000
-0.010752 0.027213 -0.500000
-0.193169 -0.021901 -0.500000
-0.454619 0.013983 -0.500000
-0.124999 0.032299 -0.500000
0.168009 -0.020618 -0.500000
-0.197486 0.034484 -0.500000
0.237494 0.011677 -0.500000
0.103529 -0.021822 -0.500000
0.006934 0.026285 -0.500000
-0.341959 -0.018399 -0.500000
-0.082507 -0.023200 -0.500000
0.274696 -0.017980 -0.500000
-0.442323 0.017314 -0.500000
-0.200591 0.034555 -0.500000
0.373695 0.001256 -0.500000
-0.201361 -0.021717 -0.500000
0.166004 -0.020660 -0.500000
-0.310562 0.034145 -0.500000
0.427089 -0.012875 -0.500000
-0.087430 -0.023183 -0.500000
0.043546 -0.022642 -0.500000
-0.271242 -0.019893 -0.500000
-0.362011 0.030615 -0.500000
-0.497588 -0.006434 -0.500000
-0.244609 -0.020607 -0.500000
0.435221 -0.012556 -0.500000
0.175798 0.015985 -0.500000
-0.378192 0.028834 -0.500000
-0.391295 -0.018005 -0.500000
-0.260261 -0.020184 -0.500000
0.364363 0.002010 -0.500000
0.315326 0.005876 -0.500000
-0.373687 -0.018078 -0.500000
-0.400421 0.025739 -0.500000
0.228272 -0.019223 -0.500000
-0.372567 -0.018085 -0.500000
0.067909 -0.022346 -0.500000
-0.400119 0.025786 -0.500000
-0.018840 0.027627 -0.500000
0.038916 0.024525 -0.500000
-0.057319 0.029490 -0.500000
0.195058 0.014669 -0.500000
0.417553 -0.013243 -0.500000
0.407270 -0.001511 -0.500000
0.242631 0.011307 -0.500000
-0.479259 -0.016667 -0.500000
-0.112094 0.031814 -0.500000
0.326210 -0.016433 -0.500000
-0.037659 0.028560 -0.500000
-0.406442 -0.017988 -0.500000
-0.432911 -0.017984 -0.500000
0.335645 0.004294 -0.500000
0.080556 0.022090 -0.500000
-0.325125 0.033436 -0.500000
0.026305 -0.022818 -0.500000
0.157557 -0.020834 -0.500000
-0.285826 0.034910 -0.500000
-0.428408 -0.017990 -0.500000
-0.493556 -0.013945 -0.500000
-0.340964 -0.018413 -0.500000
0.411903 -0.001899 -0.500000
0.213498 -0.019588 -0.500000
-0.178702 0.034013 -0.500000
-0.117882 -0.023002 -0.500000
0.363170 -0.015213 -0.500000
0.487571 -0.008479 -0.500000
-0.092792 -0.023161 -0.500000
-0.439874 -0.017961 -0.500000
0.320683 0.005462 -0.500000
0.159870 -0.020787 -0.500000
0.364392 0.002008 -0.500000
-0.437411 -0.017971 -0.500000
-0.289698 0.034825 -0.500000
0.205291 -0.019784 -0.500000
0.469556 -0.011150 -0.500000
0.221165 -0.019400 -0.500000
0.270483 0.009268 -0.500000
-0.482860 0.003728 -0.500000
0.461634 -0.006171 -0.500000
-0.307555 0.034265 -0.500000
-0.185720 -0.022057 -0.500000
0.290624 0.007761 -0.500000
-0.144506 -0.022726 -0.500000
-0.128987 0.032443 -0.500000
-0.457330 -0.017756 -0.500000
0.148080 -0.021023 -0.500000
-0.485872 0.002251 -0.500000
-0.272280 0.035128 -0.500000
0.382831 0.000511 -0.500000
-0.087302 0.030814 -0.500000
-0.474148 -0.017080 -0.500000
-0.000135 0.026660 -0.500000
-0.211627 -0.021471 -0.500000
0.018974 0.025634 -0.500000
0.078962 0.022186 -0.500000
-0.004311 0.026879 -0.500000
-0.203553 -0.021666 -0.500000
-0.296796 0.034633 -0.500000
0.009618 0.026141 -0.500000
-0.366401 -0.018130 -0.500000
0.343853 -0.015863 -0.500000
-0.318724 -0.018789 -0.500000
-0.365173 -0.018140 -0.500000
0.385206 0.000317 -0.500000
0.103294 -0.021825 -0.500000
-0.235290 -0.020858 -0.500000
-0.292699 -0.019354 -0.500000
0.081436 -0.022159 -0.500000
-0.048979 -0.023230 -0.500000
0.302935 0.006827 -0.500000
-0.431521 0.019873 -0.500000
-0.003451 -0.023054 -0.500000
-0.004448 0.026886 -0.500000
-0.251536 -0.020419 -0.500000
-0.118420 -0.022997 -0.500000
-0.492669 -0.014264 -0.500000
-0.147147 -0.022693 -0.500000
0.459915 -0.011555 -0.500000
-0.228105 0.035047 -0.500000
-0.103804 -0.023103 -0.500000
0.123249 0.019440 -0.500000
-0.097323 -0.023139 -0.500000
0.093278 -0.021983 -0.500000
-0.236001 -0.020839 -0.500000
0.410370 -0.013516 -0.500000
0.133803 -0.021296 -0.500000
0.249161 0.010834 -0.500000
-0.192773 -0.021909 -0.500000
0.010165 0.026112 -0.500000
0.321999 -0.016567 -0.500000
-0.461242 0.011965 -0.500000
0.181328 -0.020331 -0.500000
0.336065 0.004261 -0.500000
0.406621 -0.001457 -0.500000
0.399988 -0.013903 -0.500000
0.448331 -0.012030 -0.500000
0.298316 -0.017293 -0.500000
0.012867 -0.022935 -0.500000
-0.123756 -0.022951 -0.500000
0.173294 0.016154 -0.500000
-0.290122 0.034814 -0.500000
0.112832 -0.021668 -0.500000
0.123792 0.019405 -0.500000
-0.372339 0.029521 -0.500000
-0.352365 -0.018266 -0.500000
0.440776 -0.004356 -0.500000
-0.071400 -0.023226 -0.500000
-0.040422 -0.023215 -0.500000
0.360654 0.002309 -0.500000
-0.261889 0.035208 -0.500000
0.089626 0.021539 -0.500000
0.041814 0.024361 -0.500000
0.076076 0.022359 -0.500000
0.486511 -0.008383 -0.500000
0.192768 0.014826 -0.500000
-0.364942 0.030320 -0.500000
0.475474 -0.010899 -0.500000
0.174318 0.016085 -0.500000
-0.304377 -0.019086 -0.500000
-0.048400 -0.023229 -0.500000
-0.471751 -0.017229 -0.500000
-0.351036 -0.018282 -0.500000
-0.447326 0.016018 -0.500000
0.289678 0.007833 -0.500000
0.232371 0.012045 -0.500000
0.017039 0.025740 -0.500000
-0.104036 0.031499 -0.500000
-0.394600 0.026627 -0.500000
0.085887 -0.022095 -0.500000
-0.167944 -0.022384 -0.500000
-0.231596 0.035090 -0.500000
-0.284560 -0.019552 -0.500000
0.383446 -0.014504 -0.500000
0.231137 0.012133 -0.500000
-0.310336 -0.018958 -0.500000
-0.058790 0.029558 -0.500000
-0.050850 -0.023232 -0.500000
0.176712 0.015923 -0.500000
0.077715 0.022261 -0.500000
-0.266279 -0.020024 -0.500000
0.225572 0.012530 -0.500000
-0.188246 -0.022005 -0.500000
0.036856 -0.022713 -0.500000
0.414021 -0.002077 -0.500000
0.168610 -0.020605 -0.500000
0.491869 -0.010185 -0.500000
-0.132684 -0.022863 -0.500000
0.116082 -0.021612 -0.500000
0.228577 0.012316 -0.500000
0.381113 0.000652 -0.500000
0.427673 -0.003233 -0.500000
-0.049597 0.029131 -0.500000
0.475025 -0.007356 -0.500000
-0.188115 0.034258 -0.500000
-0.132426 -0.022865 -0.500000
-0.193738 0.034396 -0.500000
0.248112 0.010910 -0.500000
-0.261039 0.035213 -0.500000
-0.275679 0.035084 -0.500000
-0.180555 0.034062 -0.500000
0.224497 0.012606 -0.500000
0.128169 0.019125 -0.500000
0.016805 -0.022903 -0.500000
-0.290708 0.034799 -0.500000
-0.372552 -0.018086 -0.500000
-0.174367 0.033894 -0.500000
0.454854 -0.011764 -0.500000
-0.472270 0.008156 -0.500000
-0.463101 -0.017604 -0.500000
0.125365 -0.021449 -0.500000
0.238990 0.011570 -0.500000
0.082352 -0.022146 -0.500000
0.032888 -0.022754 -0.500000
0.094669 -0.021962 -0.500000
-0.108860 0.031689 -0.500000
-0.387038 0.027698 -0.500000
0.061864 -0.022424 -0.500000
-0.114480 0.031906 -0.500000
-0.052769 0.029279 -0.500000
-0.001894 -0.023043 -0.500000
-0.492001 -0.014479 -0.500000
-0.015500 -0.023123 -0.500000
-0.405881 -0.017988 -0.500000
0.087992 -0.022063 -0.500000
0.361582 -0.015268 -0.500000
0.443844 -0.012212 -0.500000
0.478351 -0.010775 -0.500000
-0.304226 0.034391 -0.500000
0.473474 -0.010984 -0.500000
0.468884 -0.006811 -0.500000
0.003604 -0.023006 -0.500000
-0.195921 0.034448 -0.500000
0.135864 -0.021257 -0.500000
-0.476626 0.006450 -0.500000
-0.036963 -0.023206 -0.500000
0.114812 0.019975 -0.500000
0.463369 -0.011411 -0.500000
-0.215350 0.034851 -0.500000
0.080401 -0.022174 -0.500000
0.339902 -0.015992 -0.500000
0.401990 -0.001070 -0.500000
-0.058078 -0.023236 -0.500000
-0.419457 -0.017992 -0.500000
0.473953 -0.007260 -0.500000
-0.278663 0.035043 -0.500000
-0.071636 -0.023225 -0.500000
0.221896 0.012791 -0.500000
0.139223 0.018411 -0.500000
0.379514 -0.014643 -0.500000
-0.060553 -0.023236 -0.500000
0.172779 -0.020517 -0.500000
-0.401667 -0.017990 -0.500000
-0.296321 0.034647 -0.500000
-0.092060 0.031013 -0.500000
0.477013 -0.007533 -0.500000
-0.331228 -0.018564 -0.500000
0.003543 0.026465 -0.500000
-0.147675 0.033084 -0.500000
0.100019 -0.021878 -0.500000
0.022220 0.025456 -0.500000
0.016298 0.025780 -0.500000
0.121926 0.019524 -0.500000
0.352892 0.002930 -0.500000
0.291699 -0.017489 -0.500000
0.216596 0.013166 -0.500000
-0.232385 0.035098 -0.500000
-0.425340 -0.017992 -0.500000
-0.397773 0.026151 -0.500000
0.196340 0.014580 -0.500000
-0.180233 -0.022165 -0.500000
-0.313676 -0.018889 -0.500000
0.322540 -0.016549 -0.500000
-0.381113 -0.018039 -0.500000
0.403924 -0.013757 -0.500000
0.196175 0.014591 -0.500000
-0.484107 -0.016104 -0.500000
-0.290776 -0.019400 -0.500000
0.253729 -0.018559 -0.500000
0.238991 -0.018949 -0.500000
0.001853 -0.023018 -0.500000
0.233940 0.011933 -0.500000
0.501575 -0.009752 -0.500000
-0.271346 -0.019890 -0.500000
0.273072 0.009076 -0.500000
-0.290813 0.034796 -0.500000
0.213069 0.013414 -0.500000
-0.311331 0.034112 -0.500000
-0.063586 -0.023235 -0.500000
-0.450037 -0.017877 -0.500000
0.111429 -0.021691 -0.500000
-0.383005 0.028231 -0.500000
0.152087 0.017569 -0.500000
-0.436402 -0.017975 -0.500000
-0.459387 -0.017709 -0.500000
0.068499 0.022811 -0.500000
-0.494970 -0.003542 -0.500000
0.138434 -0.021209 -0.500000
0.191206 -0.020111 -0.500000
-0.387891 0.027581 -0.500000
-0.410543 0.024046 -0.500000
-0.367284 -0.018123 -0.500000
-0.254087 -0.020350 -0.500000
0.259827 0.010054 -0.500000
0.135763 -0.021259 -0.500000
-0.074623 -0.023220 -0.500000
-0.022949 -0.023157 -0.500000
0.243077 -0.018842 -0.500000
-0.092518 0.031032 -0.500000
0.135045 -0.021273 -0.500000
0.094187 -0.021969 -0.500000
0.184916 0.015365 -0.500000
-0.481888 0.004179 -0.500000
-0.459432 0.012534 -0.500000
0.413970 -0.013379 -0.500000
0.152486 -0.020936 -0.500000
0.170758 -0.020560 -0.500000
0.015137 0.025843 -0.500000
0.388929 -0.014307 -0.500000
-0.291456 0.034780 -0.500000
-0.146228 0.033037 -0.500000
0.291109 0.007724 -0.500000
-0.435003 0.019082 -0.500000
-0.335315 -0.018498 -0.500000
0.159354 -0.020798 -0.500000
-0.222020 -0.021208 -0.500000
-0.493942 -0.002701 -0.500000
-0.178007 -0.022206 -0.500000
-0.277629 0.035058 -0.500000
-0.325611 0.033408 -0.500000
0.474236 -0.007285 -0.500000
0.473394 -0.010987 -0.500000
0.436528 -0.012504 -0.500000
-0.100516 0.031358 -0.500000
-0.030311 0.028200 -0.500000
-0.488757 0.000694 -0.500000
-0.232876 -0.020922 -0.500000
0.081899 -0.022153 -0.500000
-0.356346 -0.018222 -0.500000
0.266930 -0.018198 -0.500000
-0.359264 -0.018193 -0.500000
0.196366 0.014578 -0.500000
-0.438334 0.018296 -0.500000
0.276816 0.008797 -0.500000
-0.491170 -0.000759 -0.500000
0.297680 0.007227 -0.500000
-0.213243 -0.021431 -0.500000
0.058795 -0.022463 -0.500000
-0.217583 0.034890 -0.500000
-0.453194 0.014395 -0.500000
0.262753 0.009839 -0.500000
0.372252 -0.014899 -0.500000
0.312221 -0.016871 -0.500000
-0.305450 -0.019062 -0.500000
-0.083686 0.030661 -0.500000
0.346484 -0.015776 -0.500000
0.349767 0.003178 -0.500000
-0.105499 0.031557 -0.500000
0.478676 -0.010761 -0.500000
0.432552 -0.012661 -0.500000
0.251689 0.010650 -0.500000
0.046246 -0.022612 -0.500000
-0.054523 -0.023235 -0.500000
-0.168259 -0.022379 -0.500000
-0.397365 0.026212 -0.500000
0.112712 -0.021670 -0.500000
-0.071766 0.030143 -0.500000
-0.469201 0.009282 -0.500000
0.083495 0.021912 -0.500000
0.289052 -0.017567 -0.500000
0.069047 0.022778 -0.500000
0.389407 -0.000029 -0.500000
0.314049 -0.016815 -0.500000
-0.406579 0.024731 -0.500000
-0.449244 -0.017887 -0.500000
-0.158487 0.033428 -0.500000
0.268785 0.009394 -0.500000
-0.480840 0.004653 -0.500000
0.451724 -0.005304 -0.500000
0.103951 0.020656 -0.500000
0.101722 -0.021851 -0.500000
0.246244 0.011045 -0.500000
0.111546 -0.021689 -0.500000
-0.113374 -0.023037 -0.500000
0.494176 -0.009076 -0.500000
0.164988 -0.020681 -0.500000
-0.157488 0.033397 -0.500000
0.333295 0.004479 -0.500000
-0.101269 0.031388 -0.500000
-0.460972 -0.017667 -0.500000
0.340599 0.003904 -0.500000
-0.349220 -0.018304 -0.500000
0.465002 -0.006468 -0.500000
0.023180 -0.022847 -0.500000
-0.492294 -0.001502 -0.500000
-0.303474 0.034417 -0.500000
-0.282714 -0.019598 -0.500000
0.372507 -0.014890 -0.500000
-0.362482 -0.018163 -0.500000
-0.487044 -0.015639 -0.500000
-0.359541 -0.018190 -0.500000
-0.215424 -0.021376 -0.500000
0.078182 -0.022206 -0.500000
-0.457731 0.013057 -0.500000
-0.494487 -0.013558 -0.500000
0.173702 -0.020497 -0.500000
-0.472395 -0.017191 -0.500000
-0.464074 0.011046 -0.500000
0.141600 0.018257 -0.500000
0.358110 0.002513 -0.500000
-0.136497 0.032708 -0.500000
-0.364702 0.030345 -0.500000
-0.126328 -0.022927 -0.500000
-0.192087 -0.021924 -0.500000
0.027762 -0.022804 -0.500000
-0.379475 -0.018046 -0.500000
0.303302 0.006799 -0.500000
0.466199 -0.011292 -0.500000
0.099700 0.020920 -0.500000
0.318632 0.005620 -0.500000
0.216217 -0.019522 -0.500000
0.492961 -0.010137 -0.500000
-0.379735 -0.018045 -0.500000
-0.183353 -0.022104 -0.500000
-0.258285 0.035219 -0.500000
0.323011 -0.016535 -0.500000
0.044164 0.024227 -0.500000
0.459620 -0.011567 -0.500000
-0.072201 0.030162 -0.500000
-0.151061 -0.022641 -0.500000
-0.329572 -0.018592 -0.500000
0.192496 -0.020081 -0.500000
0.450156 -0.011956 -0.500000
0.496611 -0.009296 -0.500000
-0.243936 -0.020625 -0.500000
0.466483 -0.006598 -0.500000
-0.065554 -0.023233 -0.500000
0.370131 -0.014973 -0.500000
-0.090804 0.030961 -0.500000
-0.047428 -0.023227 -0.500000
-0.232998 -0.020919 -0.500000
-0.294399 0.034704 -0.500000
-0.029007 0.028136 -0.500000
-0.210633 0.034763 -0.500000
-0.038079 -0.023209 -0.500000
0.029513 -0.022787 -0.500000
0.254557 -0.018537 -0.500000
0.475604 -0.007407 -0.500000
-0.041425 -0.023217 -0.500000
-0.480408 0.004845 -0.500000
-0.332272 -0.018547 -0.500000
0.450903 -0.005233 -0.500000
-0.081071 -0.023204 -0.500000
-0.004738 0.026901 -0.500000
0.308413 -0.016988 -0.500000
0.168362 0.016486 -0.500000
0.184427 -0.020263 -0.500000
-0.414299 -0.017990 -0.500000
-0.346375 -0.018340 -0.500000
0.444660 -0.012179 -0.500000
-0.335783 -0.018491 -0.500000
0.266478 -0.018211 -0.500000
0.310732 -0.016917 -0.500000
0.440367 -0.012351 -0.500000
0.196293 -0.019994 -0.500000
0.473428 -0.010986 -0.500000
-0.403999 -0.017989 -0.500000
0.479697 -0.007772 -0.500000
0.248669 -0.018694 -0.500000
0.429733 -0.003409 -0.500000
-0.394558 0.026634 -0.500000
-0.133188 0.032592 -0.500000
-0.343048 -0.018384 -0.500000
0.127708 -0.021407 -0.500000
-0.052464 0.029265 -0.500000
0.084509 -0.022115 -0.500000
0.221803 -0.019384 -0.500000
-0.054865 -0.023235 -0.500000
-0.012156 0.027286 -0.500000
0.091708 -0.022007 -0.500000
-0.398686 -0.017992 -0.500000
-0.162358 -0.022475 -0.500000
-0.248599 -0.020499 -0.500000
-0.415765 0.023095 -0.500000
-0.099090 -0.023130 -0.500000
0.220578 -0.019415 -0.500000
-0.352353 0.031511 -0.500000
-0.299343 0.034556 -0.500000
0.178763 -0.020388 -0.500000
-0.021842 0.027778 -0.500000
-0.403178 0.025297 -0.500000
-0.312745 -0.018908 -0.500000
0.461902 -0.011472 -0.500000
0.259187 -0.018411 -0.500000
0.363461 -0.015203 -0.500000
0.403754 -0.001217 -0.500000
-0.403020 0.025322 -0.500000
0.295161 0.007418 -0.500000
-0.496472 -0.012432 -0.500000
0.040063 0.024460 -0.500000
0.352481 -0.015576 -0.500000
-0.336242 0.032750 -0.500000
-0.003420 0.026832 -0.500000
0.303260 0.006802 -0.500000
-0.189024 -0.021989 -0.500000
-0.302946 0.034435 -0.500000
0.307529 0.006475 -0.500000
-0.053114 -0.023234 -0.500000
-0.283316 0.034961 -0.500000
0.395754 -0.000553 -0.500000
-0.488539 0.000818 -0.500000
-0.147310 0.033072 -0.500000
-0.125228 -0.022937 -0.500000
-0.089604 -0.023174 -0.500000
-0.345749 0.032056 -0.500000
0.022004 -0.022857 -0.500000
0.175334 0.016016 -0.500000
0.159122 0.017103 -0.500000
0.214887 -0.019554 -0.500000
-0.329554 -0.018592 -0.500000
0.401719 -0.013839 -0.500000
-0.172070 -0.022313 -0.500000
-0.039685 -0.023213 -0.500000
-0.447813 0.015887 -0.500000
-0.322603 0.033573 -0.500000
-0.144325 -0.022729 -0.500000
0.049400 0.023926 -0.500000
-0.336779 0.032715 -0.500000
0.497240 -0.009354 -0.500000
0.422997 -0.013034 -0.500000
0.265498 -0.018238 -0.500000
0.252173 0.010614 -0.500000
-0.110954 -0.023055 -0.500000
-0.209902 -0.021513 -0.500000
-0.467509 -0.017440 -0.500000
0.081093 0.022057 -0.500000
0.054395 -0.022517 -0.500000
-0.425937 0.021079 -0.500000
-0.214368 -0.021403 -0.500000
0.017106 -0.022900 -0.500000
-0.459345 -0.017710 -0.500000
-0.446402 -0.017916 -0.500000
-0.234529 0.035121 -0.500000
0.401531 -0.001032 -0.500000
-0.008922 0.027119 -0.500000
-0.091729 -0.023165 -0.500000
0.432442 -0.003640 -0.500000
0.031539 -0.022767 -0.500000
-0.085520 0.030739 -0.500000
-0.299231 -0.019201 -0.500000
0.293904 -0.017424 -0.500000
-0.118287 0.032050 -0.500000
0.002113 0.026541 -0.500000
0.350104 -0.015655 -0.500000
-0.050731 0.029184 -0.500000
-0.156544 0.033368 -0.500000
-0.037608 -0.023208 -0.500000
0.139578 -0.021187 -0.500000
-0.148680 0.033117 -0.500000
0.112411 0.020127 -0.500000
-0.149901 0.033157 -0.500000
-0.484382 -0.016066 -0.500000
0.195754 0.014620 -0.500000
-0.408203 -0.017988 -0.500000
0.286035 -0.017655 -0.500000
-0.162895 0.033562 -0.500000
0.041289 0.024390 -0.500000
-0.126206 0.032342 -0.500000
0.119842 -0.021547 -0.500000
-0.438761 -0.017966 -0.500000
-0.089268 0.030897 -0.500000
0.242717 0.011301 -0.500000
0.337455 -0.016072 -0.500000
-0.274431 -0.019810 -0.500000
0.150484 0.017675 -0.500000
0.229545 -0.019191 -0.500000
0.344688 -0.015835 -0.500000
-0.313131 -0.018900 -0.500000
0.436970 -0.012486 -0.500000
0.355999 0.002681 -0.500000
0.101122 0.020832 -0.500000
-0.404905 0.025012 -0.500000
-0.038876 0.028619 -0.500000
-0.215000 0.034844 -0.500000
0.210899 -0.019651 -0.500000
0.218761 -0.019459 -0.500000
-0.407112 0.024640 -0.500000
-0.446557 0.016222 -0.500000
0.029185 -0.022790 -0.500000
-0.123225 -0.022956 -0.500000
-0.247716 -0.020523 -0.500000
-0.454358 0.014059 -0.500000
0.119196 -0.021558 -0.500000
0.321672 0.005385 -0.500000
-0.494493 -0.013555 -0.500000
0.173899 -0.020493 -0.500000
-0.115511 0.031945 -0.500000
-0.130140 0.032484 -0.500000
-0.263268 -0.020103 -0.500000
0.359382 0.002411 -0.500000
-0.413240 0.023562 -0.500000
0.174288 0.016087 -0.500000
-0.252186 0.035223 -0.500000
-0.183192 -0.022107 -0.500000
0.033176 0.024848 -0.500000
0.448164 -0.004995 -0.500000
-0.387205 -0.018016 -0.500000
-0.284191 -0.019561 -0.500000
-0.474233 -0.017074 -0.500000
0.260680 -0.018370 -0.500000
-0.354401 0.031330 -0.500000
-0.066134 0.029892 -0.500000
0.131691 -0.021335 -0.500000
-0.307697 -0.019014 -0.500000
0.377870 -0.014702 -0.500000
0.004089 -0.023002 -0.500000
0.331339 -0.016270 -0.500000
-0.044594 -0.023223 -0.500000
-0.462435 -0.017625 -0.500000
0.215327 -0.019544 -0.500000
0.355253 0.002741 -0.500000
0.402070 -0.013826 -0.500000
-0.167693 -0.022389 -0.500000
0.268715 0.009399 -0.500000
-0.005022 -0.023063 -0.500000
-0.307962 -0.019008 -0.500000
0.463684 -0.006352 -0.500000
0.074934 -0.022251 -0.500000
-0.347380 0.031925 -0.500000
-0.142153 0.032901 -0.500000
0.498922 -0.009507 -0.500000
0.357033 -0.015422 -0.500000
-0.180739 -0.022155 -0.500000
0.379036 -0.014660 -0.500000
-0.466637 0.010181 -0.500000
0.448721 -0.005043 -0.500000
0.283416 0.008303 -0.500000
-0.046221 -0.023226 -0.500000
-0.285887 -0.019519 -0.500000
0.084706 0.021839 -0.500000
-0.155359 0.033331 -0.500000
-0.439522 0.018008 -0.500000
0.396245 -0.000593 -0.500000
0.210544 -0.019659 -0.500000
0.440981 -0.004373 -0.500000
-0.256058 0.035223 -0.500000
0.244271 0.011188 -0.500000
0.141069 -0.021159 -0.500000
-0.418040 -0.017991 -0.500000
0.081625 0.022025 -0.500000
-0.463980 -0.017575 -0.500000
-0.256928 -0.020274 -0.500000
0.021794 -0.022859 -0.500000
0.084888 -0.022109 -0.500000
-0.317504 0.033832 -0.500000
0.228225 -0.019224 -0.500000
0.451353 -0.011907 -0.500000
-0.431625 -0.017986 -0.500000
0.335847 -0.016124 -0.500000
-0.134232 -0.022846 -0.500000
-0.088248 0.030854 -0.500000
-0.350754 -0.018285 -0.500000
-0.096040 0.031177 -0.500000
-0.101977 0.031417 -0.500000
-0.118362 0.032053 -0.500000
-0.346699 0.031980 -0.500000
-0.058069 -0.023236 -0.500000
-0.451506 -0.017858 -0.500000
-0.098909 -0.023131 -0.500000
-0.364284 0.030388 -0.500000
-0.286319 -0.019508 -0.500000
-0.047837 0.029047 -0.500000
0.089044 -0.022048 -0.500000
-0.434999 -0.017979 -0.500000
0.380654 -0.014603 -0.500000
-0.218730 0.034910 -0.500000
0.082853 -0.022139 -0.500000
0.412535 -0.001952 -0.500000
0.149623 0.017732 -0.500000
-0.382382 0.028310 -0.500000
-0.417702 0.022728 -0.500000
0.220952 0.012858 -0.500000
-0.473659 -0.017112 -0.500000
-0.406858 -0.017988 -0.500000
-0.089297 0.030898 -0.500000
-0.066950 0.029928 -0.500000
0.226003 -0.019280 -0.500000
-0.174606 -0.022269 -0.500000
0.212274 0.013470 -0.500000
-0.257822 -0.020249 -0.500000
-0.219776 -0.021266 -0.500000
-0.269799 -0.019930 -0.500000
-0.330006 -0.018585 -0.500000
-0.280179 -0.019662 -0.500000
0.027048 0.025190 -0.500000
-0.194707 -0.021867 -0.500000
0.097053 0.021083 -0.500000
0.242155 0.011341 -0.500000
-0.360771 -0.018179 -0.500000
-0.386269 -0.018019 -0.500000
-0.273383 -0.019837 -0.500000
0.031379 -0.022769 -0.500000
0.070096 -0.022317 -0.500000
-0.348258 -0.018316 -0.500000
-0.468754 0.009441 -0.500000
0.039252 -0.022688 -0.500000
0.150206 0.017693 -0.500000
-0.457600 -0.017750 -0.500000
0.030411 -0.022779 -0.500000
0.168264 0.016493 -0.500000
-0.494738 -0.003344 -0.500000
-0.032216 0.028294 -0.500000
0.203036 0.014116 -0.500000
0.011785 0.026024 -0.500000
0.306907 -0.017034 -0.500000
-0.425126 0.021248 -0.500000
-0.193582 0.034392 -0.500000
-0.344448 0.032157 -0.500000
-0.233094 -0.020916 -0.500000
-0.377605 0.028906 -0.500000
-0.393641 -0.018000 -0.500000
0.476417 -0.010858 -0.500000
-0.310687 -0.018950 -0.500000
0.346597 0.003430 -0.500000
-0.308589 -0.018995 -0.500000
-0.190212 -0.021964 -0.500000
-0.232682 -0.020927 -0.500000
-0.310647 0.034141 -0.500000
0.021109 -0.022865 -0.500000
-0.228904 -0.021028 -0.500000
-0.188042 0.034256 -0.500000
-0.121778 0.032180 -0.500000
-0.480004 0.005023 -0.500000
0.412201 -0.013446 -0.500000
-0.394042 0.026709 -0.500000
-0.347382 -0.018327 -0.500000
-0.007772 -0.023080 -0.500000
-0.157558 -0.022548 -0.500000
0.130565 -0.021355 -0.500000
0.348384 0.003288 -0.500000
-0.217008 0.034880 -0.500000
-0.411260 0.023918 -0.500000
0.155296 0.017357 -0.500000
-0.471539 -0.017241 -0.500000
-0.208108 0.034714 -0.500000
-0.490619 -0.000412 -0.500000
-0.405123 -0.017989 -0.500000
0.373555 0.001267 -0.500000
-0.232945 0.035104 -0.500000
-0.344655 0.032141 -0.500000
-0.382402 -0.018033 -0.500000
-0.128027 0.032408 -0.500000
-0.181522 0.034088 -0.500000
-0.057571 0.029502 -0.500000
0.459271 -0.011581 -0.500000
0.113831 -0.021651 -0.500000
0.008133 -0.022972 -0.500000
-0.281143 0.034999 -0.500000
0.464135 -0.006391 -0.500000
0.470026 -0.011130 -0.500000
0.483652 -0.010546 -0.500000
0.179392 0.015741 -0.500000
-0.367849 0.030016 -0.500000
0.359934 0.002366 -0.500000
0.089775 0.021530 -0.500000
-0.327606 -0.018626 -0.500000
0.236983 0.011714 -0.500000
0.209813 0.013642 -0.500000
0.468073 -0.006739 -0.500000
0.126838 -0.021423 -0.500000
0.110183 0.020267 -0.500000
0.151300 -0.020960 -0.500000
0.100604 -0.021869 -0.500000
0.081172 -0.022163 -0.500000
-0.004995 -0.023063 -0.500000
0.102664 0.020736 -0.500000
-0.121768 -0.022968 -0.500000
-0.081320 -0.023203 -0.500000
-0.213049 0.034810 -0.500000
0.111354 0.020193 -0.500000
-0.018589 0.027614 -0.500000
-0.301686 0.034478 -0.500000
0.371512 0.001433 -0.500000
-0.283930 -0.019568 -0.500000
0.170561 -0.020564 -0.500000
-0.326068 -0.018653 -0.500000
0.091873 -0.022005 -0.500000
0.034555 -0.022737 -0.500000
-0.314877 -0.018864 -0.500000
0.094088 -0.021971 -0.500000
0.426718 -0.012889 -0.500000
-0.384203 0.028075 -0.500000
0.138551 0.018455 -0.500000
-0.073767 0.030231 -0.500000
0.344507 0.003596 -0.500000
0.373206 0.001296 -0.500000
-0.337964 0.032632 -0.500000
-0.005558 0.026944 -0.500000
-0.061707 0.029691 -0.500000
0.363766 0.002059 -0.500000
-0.392151 -0.018003 -0.500000
0.302408 -0.017170 -0.500000
0.457350 -0.005795 -0.500000
0.488152 -0.008531 -0.500000
0.424535 -0.002966 -0.500000
0.496196 -0.009993 -0.500000
0.165796 -0.020665 -0.500000
-0.211782 -0.021467 -0.500000
-0.317828 0.033816 -0.500000
0.414387 -0.002108 -0.500000
0.179124 -0.020380 -0.500000
-0.301883 -0.019141 -0.500000
-0.465868 -0.017507 -0.500000
0.175968 -0.020448 -0.500000
0.096525 0.021116 -0.500000
0.465569 -0.011318 -0.500000
-0.413761 0.023466 -0.500000
-0.059839 0.029606 -0.500000
-0.220994 0.034945 -0.500000
-0.277522 0.035059 -0.500000
0.308684 0.006387 -0.500000
0.168934 0.016448 -0.500000
-0.047743 0.029043 -0.500000
-0.445494 0.016501 -0.500000
-0.244552 0.035198 -0.500000
0.261786 0.009910 -0.500000
0.311818 -0.016883 -0.500000
0.402832 -0.013797 -0.500000
-0.337121 0.032692 -0.500000
-0.284968 -0.019542 -0.500000
-0.153127 -0.022612 -0.500000
0.089842 -0.022036 -0.500000
0.431827 -0.012690 -0.500000
-0.037565 0.028555 -0.500000
-0.158464 0.033427 -0.500000
-0.336145 -0.018485 -0.500000
-0.229570 0.035066 -0.500000
0.345985 -0.015792 -0.500000
-0.329245 0.033198 -0.500000
0.492873 -0.010141 -0.500000
-0.136071 0.032693 -0.500000
-0.217761 0.034893 -0.500000
0.194169 -0.020043 -0.500000
0.019391 -0.022881 -0.500000
-0.422012 -0.017992 -0.500000
-0.220045 -0.021259 -0.500000
-0.408158 -0.017988 -0.500000
0.280399 0.008529 -0.500000
0.283584 -0.017726 -0.500000
0.256040 0.010332 -0.500000
0.153742 0.017460 -0.500000
0.436096 -0.003953 -0.500000
-0.052851 -0.023233 -0.500000
0.160505 0.017011 -0.500000
0.331417 0.004626 -0.500000
-0.176521 0.033953 -0.500000
0.291801 0.007672 -0.500000
0.210017 0.013628 -0.500000
-0.445989 -0.017920 -0.500000
-0.243850 -0.020627 -0.500000
-0.143686 -0.022736 -0.500000
-0.082875 -0.023199 -0.500000
-0.351883 -0.018272 -0.500000
-0.253058 -0.020378 -0.500000
0.276381 0.008830 -0.500000
0.016468 0.025771 -0.500000
-0.176145 -0.022241 -0.500000
0.012811 -0.022936 -0.500000
-0.182191 0.034106 -0.500000
0.168513 0.016476 -0.500000
0.336512 0.004226 -0.500000
-0.138223 -0.022802 -0.500000
0.107347 0.020444 -0.500000
-0.495576 -0.004088 -0.500000
-0.279210 -0.019687 -0.500000
0.303659 0.006771 -0.500000
-0.447916 0.015859 -0.500000
-0.457990 -0.017742 -0.500000
-0.368259 -0.018116 -0.500000
-0.043767 -0.023222 -0.500000
0.329871 -0.016317 -0.500000
0.385113 -0.014444 -0.500000
-0.294228 -0.019318 -0.500000
-0.206484 0.034682 -0.500000
0.458498 -0.005896 -0.500000
-0.177595 -0.022214 -0.500000
0.462870 -0.006280 -0.500000
0.150707 0.017660 -0.500000
0.001671 -0.023019 -0.500000
0.023311 0.025396 -0.500000
-0.318033 0.033806 -0.500000
0.172370 -0.020526 -0.500000
0.056154 -0.022495 -0.500000
0.224768 -0.019311 -0.500000
-0.437617 0.018467 -0.500000
0.051930 -0.022546 -0.500000
-0.044396 0.028884 -0.500000
0.216332 -0.019519 -0.500000
0.421230 -0.013102 -0.500000
-0.316589 0.033875 -0.500000
0.175640 -0.020455 -0.500000
-0.140867 -0.022771 -0.500000
0.154230 0.017428 -0.500000
-0.127216 0.032379 -0.500000
0.263999 -0.018279 -0.500000
-0.222733 -0.021189 -0.500000
0.044367 0.024215 -0.500000
-0.121998 0.032188 -0.500000
-0.063096 -0.023235 -0.500000
-0.094955 -0.023151 -0.500000
0.049851 0.023901 -0.500000
0.245286 0.011115 -0.500000
0.286312 0.008086 -0.500000
0.264430 0.009716 -0.500000
-0.024480 -0.023164 -0.500000
-0.017299 -0.023132 -0.500000
0.446445 -0.012107 -0.500000
-0.085410 0.030734 -0.500000
-0.424055 -0.017992 -0.500000
0.019504 -0.022880 -0.500000
-0.009610 -0.023091 -0.500000
0.020332 0.025560 -0.500000
-0.099004 -0.023130 -0.500000
-0.433709 -0.017982 -0.500000
-0.311776 0.034092 -0.500000
-0.199180 -0.021767 -0.500000
-0.287071 -0.019490 -0.500000
0.413735 -0.002053 -0.500000
0.303624 -0.017133 -0.500000
0.117869 -0.021581 -0.500000
0.064606 0.023041 -0.500000
0.501425 -0.009735 -0.500000
-0.331060 -0.018567 -0.500000
-0.124034 -0.022948 -0.500000
0.067306 -0.022354 -0.500000
-0.267005 0.035178 -0.500000
0.142845 0.018176 -0.500000
0.163371 0.016820 -0.500000
0.477938 -0.010793 -0.500000
-0.441876 0.017426 -0.500000
0.463965 -0.011386 -0.500000
-0.335962 0.032769 -0.500000
-0.276509 0.035073 -0.500000
-0.464150 0.011021 -0.500000
0.108955 -0.021733 -0.500000
-0.055799 0.029420 -0.500000
-0.225620 0.035014 -0.500000
-0.441909 -0.017950 -0.500000
-0.245394 -0.020585 -0.500000
-0.480034 -0.016591 -0.500000
0.315328 -0.016775 -0.500000
-0.351752 -0.018274 -0.500000
0.110824 -0.021701 -0.500000
-0.215038 0.034845 -0.500000
-0.493198 -0.002141 -0.500000
-0.228951 0.035058 -0.500000
0.452603 -0.011856 -0.500000
-0.129897 -0.022892 -0.500000
-0.039595 0.028654 -0.500000
0.222259 0.012765 -0.500000
-0.135901 -0.022828 -0.500000
0.222974 0.012715 -0.500000
-0.253128 -0.020376 -0.500000
-0.283443 -0.019580 -0.500000
0.274806 -0.017977 -0.500000
-0.438530 -0.017967 -0.500000
0.447432 -0.004931 -0.500000
-0.087897 0.030839 -0.500000
0.469833 -0.006895 -0.500000
0.425702 -0.003065 -0.500000
-0.231535 -0.020958 -0.500000
0.457088 -0.011672 -0.500000
0.168107 0.016503 -0.500000
-0.459193 0.012608 -0.500000
0.270420 0.009273 -0.500000
-0.165867 0.033650 -0.500000
-0.065036 -0.023233 -0.500000
-0.023737 -0.023161 -0.500000
0.326120 0.005039 -0.500000
-0.444628 0.016726 -0.500000
-0.146734 -0.022698 -0.500000
0.044870 -0.022627 -0.500000
0.090157 0.021507 -0.500000
0.338844 0.004043 -0.500000
-0.468698 0.009461 -0.500000
-0.285582 0.034915 -0.500000
-0.217214 0.034884 -0.500000
-0.175023 -0.022261 -0.500000
-0.188440 0.034266 -0.500000
-0.310812 0.034134 -0.500000
0.223017 0.012712 -0.500000
-0.393786 -0.018000 -0.500000
0.147297 0.017884 -0.500000
-0.110448 0.031751 -0.500000
-0.248532 0.035217 -0.500000
0.387291 -0.014366 -0.500000
0.005481 0.026362 -0.500000
0.083943 -0.022123 -0.500000
-0.251508 0.035222 -0.500000
-0.123619 0.032248 -0.500000
-0.256564 0.035223 -0.500000
-0.139170 0.032800 -0.500000
-0.319936 -0.018765 -0.500000
0.112445 0.020124 -0.500000
0.461155 -0.006129 -0.500000
-0.143979 0.032962 -0.500000
-0.189637 -0.021976 -0.500000
-0.347865 -0.018321 -0.500000
0.493996 -0.009059 -0.500000
0.042550 0.024319 -0.500000
-0.387184 0.027678 -0.500000
-0.230622 -0.020982 -0.500000
0.391491 -0.014214 -0.500000
0.384378 0.000384 -0.500000
-0.271453 0.035136 -0.500000
0.311361 0.006181 -0.500000
0.021966 0.025470 -0.500000
0.117438 -0.021589 -0.500000
0.137982 -0.021217 -0.500000
-0.204939 -0.021633 -0.500000
0.321868 0.005370 -0.500000
0.421072 -0.002672 -0.500000
-0.306828 0.034293 -0.500000
0.447793 -0.012052 -0.500000
-0.242041 -0.020676 -0.500000
-0.157199 0.033388 -0.500000
-0.076045 0.030331 -0.500000
-0.419907 0.022301 -0.500000
0.489930 -0.008691 -0.500000
0.457869 -0.005841 -0.500000
0.073539 -0.022270 -0.500000
0.052441 -0.022540 -0.500000
-0.383700 0.028142 -0.500000
0.108861 -0.021734 -0.500000
-0.149273 0.033136 -0.500000
0.445224 -0.004740 -0.500000
-0.478915 0.005494 -0.500000
0.024163 -0.022838 -0.500000
0.243153 -0.018840 -0.500000
0.411572 -0.001871 -0.500000
-0.124653 -0.022943 -0.500000
-0.022101 0.027791 -0.500000
-0.053276 -0.023234 -0.500000
0.152021 0.017574 -0.500000
-0.250339 -0.020452 -0.500000
-0.017399 -0.023132 -0.500000
-0.152892 0.033252 -0.500000
-0.408442 0.024413 -0.500000
-0.043760 0.028854 -0.500000
-0.186375 -0.022044 -0.500000
0.059494 -0.022454 -0.500000
0.273982 -0.018000 -0.500000
-0.432876 -0.017984 -0.500000
0.329298 -0.016335 -0.500000
0.154192 -0.020902 -0.500000
0.211184 -0.019644 -0.500000
0.402438 -0.001108 -0.500000
0.443030 -0.004550 -0.500000
0.206942 0.013843 -0.500000
-0.300898 0.034505 -0.500000
0.157917 0.017183 -0.500000
-0.498455 -0.008778 -0.500000
-0.131942 0.032548 -0.500000
-0.284536 -0.019553 -0.500000
0.105932 -0.021783 -0.500000
0.489569 -0.008659 -0.500000
-0.101069 0.031380 -0.500000
0.160428 0.017017 -0.500000
-0.278806 -0.019697 -0.500000
0.348910 0.003246 -0.500000
0.113068 0.020085 -0.500000
0.406756 -0.001468 -0.500000
0.497805 -0.009405 -0.500000
0.000595 -0.023027 -0.500000
0.061334 0.023233 -0.500000
-0.403777 0.025198 -0.500000
0.498392 -0.009895 -0.500000
0.359321 -0.015345 -0.500000
-0.139204 0.032801 -0.500000
-0.458979 0.012675 -0.500000
-0.308762 0.034218 -0.500000
-0.233172 0.035107 -0.500000
0.328858 -0.016349 -0.500000
0.223106 -0.019352 -0.500000
-0.394705 -0.017998 -0.500000
0.078319 0.022224 -0.500000
-0.071084 0.030113 -0.500000
0.064981 0.023019 -0.500000
-0.050593 0.029177 -0.500000
-0.218702 0.034909 -0.500000
0.328685 -0.016355 -0.500000
0.177430 0.015874 -0.500000
0.030262 0.025011 -0.500000
0.175415 0.016011 -0.500000
-0.230243 0.035075 -0.500000
-0.481192 0.004495 -0.500000
-0.164031 -0.022448 -0.500000
-0.013119 0.027335 -0.500000
-0.473347 -0.017132 -0.500000
0.410201 -0.013522 -0.500000
0.261307 0.009945 -0.500000
0.283803 0.008274 -0.500000
0.190258 -0.020132 -0.500000
0.388567 -0.014320 -0.500000
-0.117356 -0.023006 -0.500000
-0.216278 -0.021355 -0.500000
0.273492 0.009045 -0.500000
-0.006050 -0.023070 -0.500000
0.185171 0.015348 -0.500000
-0.000779 -0.023036 -0.500000
0.307308 0.006492 -0.500000
0.078107 0.022237 -0.500000
0.433359 -0.003719 -0.500000
0.345066 0.003551 -0.500000
-0.438050 -0.017969 -0.500000
-0.467213 0.009982 -0.500000
-0.455465 -0.017794 -0.500000
0.489893 -0.010272 -0.500000
0.362668 0.002147 -0.500000
-0.296199 -0.019271 -0.500000
-0.427319 0.020788 -0.500000
-0.462167 0.011669 -0.500000
-0.133614 0.032607 -0.500000
0.071880 0.022610 -0.500000
-0.190323 0.034313 -0.500000
-0.124912 -0.022940 -0.500000
0.477300 -0.007558 -0.500000
0.236653 -0.019009 -0.500000
0.101796 -0.021850 -0.500000
0.317913 0.005676 -0.500000
0.047061 0.024061 -0.500000
-0.050264 0.029162 -0.500000
0.140825 0.018307 -0.500000
-0.117041 -0.023008 -0.500000
-0.294974 -0.019300 -0.500000
-0.342604 -0.018391 -0.500000
0.109498 0.020310 -0.500000
0.460815 -0.011517 -0.500000
-0.076545 0.030353 -0.500000
0.353676 0.002867 -0.500000
0.333071 -0.016214 -0.500000
0.065019 -0.022384 -0.500000
0.416659 -0.002299 -0.500000
0.323439 0.005248 -0.500000
0.203867 -0.019818 -0.500000
-0.088528 0.030866 -0.500000
-0.367938 0.030006 -0.500000
0.425600 -0.012933 -0.500000
-0.495874 -0.012832 -0.500000
-0.457997 0.012976 -0.500000
0.470913 -0.011093 -0.500000
0.079841 -0.022182 -0.500000
0.407404 -0.001522 -0.500000
0.305120 -0.017088 -0.500000
0.306603 -0.017043 -0.500000
0.487519 -0.010377 -0.500000
-0.044443 -0.023223 -0.500000
0.201404 -0.019876 -0.500000
-0.368156 0.029982 -0.500000
0.304043 -0.017121 -0.500000
-0.135943 -0.022828 -0.500000
-0.312316 -0.018917 -0.500000
0.194866 0.014682 -0.500000
0.163867 0.016787 -0.500000
-0.068595 -0.023230 -0.500000
-0.359620 0.030848 -0.500000
-0.455662 0.013677 -0.500000
0.352181 0.002986 -0.500000
0.327271 -0.016400 -0.500000
-0.091357 0.030984 -0.500000
-0.265274 -0.020050 -0.500000
0.265205 0.009658 -0.500000
0.054160 0.023652 -0.500000
-0.275880 0.035081 -0.500000
0.035846 -0.022724 -0.500000
0.338380 0.004079 -0.500000
-0.371206 -0.018095 -0.500000
0.375176 0.001136 -0.500000
-0.319608 0.033730 -0.500000
-0.216981 -0.021337 -0.500000
-0.131562 0.032535 -0.500000
-0.131544 0.032534 -0.500000
-0.470771 0.008713 -0.500000
0.355354 -0.015479 -0.500000
0.470102 -0.006918 -0.500000
0.092388 0.021370 -0.500000
-0.282946 -0.019593 -0.500000
-0.405342 0.024939 -0.500000
0.283874 0.008269 -0.500000
-0.417581 -0.017991 -0.500000
-0.338936 0.032563 -0.500000
0.317892 0.005678 -0.500000
-0.423407 -0.017992 -0.500000
-0.003181 -0.023052 -0.500000
-0.368600 -0.018113 -0.500000
0.438563 -0.012423 -0.500000
0.184822 0.015371 -0.500000
0.343158 -0.015886 -0.500000
-0.482488 -0.016316 -0.500000
-0.197459 0.034483 -0.500000
0.387751 0.000108 -0.500000
0.110194 0.020266 -0.500000
-0.272605 -0.019857 -0.500000
-0.235053 0.035127 -0.500000
0.202737 -0.019845 -0.500000
-0.353759 -0.018251 -0.500000
-0.495458 -0.003978 -0.500000
-0.092566 -0.023162 -0.500000
0.043016 -0.022648 -0.500000
-0.463187 -0.017601 -0.500000
-0.402602 -0.017989 -0.500000
0.052678 0.023737 -0.500000
0.001672 -0.023019 -0.500000
0.253671 0.010505 -0.500000
-0.368120 0.029986 -0.500000
0.270044 -0.018111 -0.500000
0.380504 -0.014608 -0.500000
-0.352517 0.031497 -0.500000
-0.068561 -0.023230 -0.500000
-0.271312 0.035137 -0.500000
0.424425 -0.012978 -0.500000
-0.287592 -0.019477 -0.500000
0.212830 0.013431 -0.500000
0.254467 -0.018539 -0.500000
-0.109186 0.031702 -0.500000
-0.479317 0.005321 -0.500000
-0.220159 -0.021256 -0.500000
-0.050754 0.029185 -0.500000
0.441811 -0.012293 -0.500000
0.118342 -0.021573 -0.500000
0.184965 0.015362 -0.500000
0.071391 -0.022300 -0.500000
-0.068978 0.030019 -0.500000
-0.143882 -0.022734 -0.500000
-0.430012 -0.017989 -0.500000
0.022225 -0.022856 -0.500000
0.025441 -0.022826 -0.500000
-0.402155 -0.017990 -0.500000
0.116817 0.019849 -0.500000
0.342645 -0.015902 -0.500000
-0.204248 0.034634 -0.500000
0.383179 -0.014513 -0.500000
-0.236478 -0.020826 -0.500000
-0.061814 -0.023235 -0.500000
0.431480 -0.003558 -0.500000
-0.167365 0.033695 -0.500000
0.238418 0.011611 -0.500000
-0.043913 0.028861 -0.500000
0.292767 0.007599 -0.500000
0.179509 -0.020371 -0.500000
0.433648 -0.012618 -0.500000
-0.318497 -0.018793 -0.500000
-0.251600 -0.020417 -0.500000
-0.403614 0.025225 -0.500000
0.025019 -0.022830 -0.500000
0.100859 -0.021865 -0.500000
-0.434647 -0.017980 -0.500000
-0.322349 0.033586 -0.500000
0.048929 0.023954 -0.500000
-0.102063 0.031420 -0.500000
-0.249843 0.035219 -0.500000
-0.040450 0.028695 -0.500000
-0.363447 0.030472 -0.500000
-0.356676 -0.018219 -0.500000
0.469513 -0.011152 -0.500000
-0.037708 -0.023208 -0.500000
-0.285997 -0.019516 -0.500000
0.104145 0.020644 -0.500000
0.244622 -0.018802 -0.500000
0.385636 0.000281 -0.500000
-0.262396 0.035205 -0.500000
-0.141198 0.032869 -0.500000
-0.181221 0.034080 -0.500000
-0.238539 -0.020770 -0.500000
0.279217 0.008618 -0.500000
0.125521 -0.021447 -0.500000
0.399695 -0.013914 -0.500000
-0.440577 -0.017957 -0.500000
-0.095378 0.031150 -0.500000
0.036276 -0.022719 -0.500000
-0.308895 -0.018988 -0.500000
0.102801 -0.021833 -0.500000
-0.427438 -0.017991 -0.500000
0.099432 -0.021887 -0.500000
-0.143388 -0.022740 -0.500000
-0.357102 -0.018215 -0.500000
0.030664 -0.022776 -0.500000
0.116109 -0.021612 -0.500000
0.378375 -0.014684 -0.500000
-0.171491 0.033813 -0.500000
-0.060878 -0.023235 -0.500000
0.186076 0.015286 -0.500000
0.406093 -0.013676 -0.500000
0.028855 0.025089 -0.500000
0.259363 0.010088 -0.500000
0.126541 0.019230 -0.500000
0.348567 0.003274 -0.500000
0.386068 -0.014410 -0.500000
0.365993 -0.015116 -0.500000
-0.026275 0.028000 -0.500000
0.231168 -0.019149 -0.500000
-0.296725 0.034635 -0.500000
-0.385536 -0.018021 -0.500000
0.034504 0.024774 -0.500000
0.315579 -0.016767 -0.500000
0.031895 0.024920 -0.500000
-0.386408 0.027783 -0.500000
-0.117868 -0.023002 -0.500000
0.126418 0.019237 -0.500000
0.456315 -0.011704 -0.500000
-0.467638 -0.017434 -0.500000
0.484970 -0.010488 -0.500000
-0.168651 -0.022373 -0.500000
-0.050819 0.029188 -0.500000
-0.001609 -0.023041 -0.500000
-0.248821 0.035217 -0.500000
-0.311828 -0.018927 -0.500000
0.486079 -0.008344 -0.500000
0.057522 0.023456 -0.500000
-0.183181 -0.022107 -0.500000
0.250435 -0.018647 -0.500000
0.255336 -0.018516 -0.500000
0.211419 0.013530 -0.500000
0.271673 0.009180 -0.500000
-0.137723 -0.022807 -0.500000
-0.465079 0.010711 -0.500000
-0.029909 0.028181 -0.500000
0.131365 0.018920 -0.500000
0.086277 0.021743 -0.500000
-0.455176 -0.017799 -0.500000
0.199542 -0.019919 -0.500000
-0.224861 0.035004 -0.500000
0.221553 -0.019391 -0.500000
-0.038947 0.028622 -0.500000
-0.086184 0.030767 -0.500000
-0.374872 0.029230 -0.500000
0.464230 -0.006400 -0.500000
0.421866 -0.013077 -0.500000
-0.336472 0.032735 -0.500000
0.179146 -0.020379 -0.500000
0.356136 -0.015453 -0.500000
-0.195584 -0.021848 -0.500000
-0.203166 -0.021675 -0.500000
-0.402435 0.025416 -0.500000
-0.430191 0.020167 -0.500000
-0.386299 0.027797 -0.500000
0.090312 -0.022029 -0.500000
0.345008 0.003556 -0.500000
0.450941 -0.011924 -0.500000
-0.309786 -0.018969 -0.500000
0.059748 -0.022451 -0.500000
0.057916 -0.022474 -0.500000
-0.086731 0.030790 -0.500000
0.413308 -0.002017 -0.500000
-0.303677 -0.019101 -0.500000
0.385164 -0.014442 -0.500000
-0.474460 0.007315 -0.500000
0.131127 0.018935 -0.500000
-0.157121 -0.022555 -0.500000
0.008074 -0.022973 -0.500000
0.340522 0.003910 -0.500000
-0.273626 0.035111 -0.500000
0.433823 -0.003758 -0.500000
0.113723 0.020044 -0.500000
-0.423086 -0.017992 -0.500000
0.251484 -0.018619 -0.500000
-0.013819 -0.023114 -0.500000
-0.155122 0.033323 -0.500000
0.025086 0.025298 -0.500000
0.326550 -0.016423 -0.500000
0.160001 -0.020784 -0.500000
0.130356 -0.021359 -0.500000
0.411040 -0.001827 -0.500000
0.421475 -0.013092 -0.500000
-0.248684 -0.020496 -0.500000
0.141962 0.018233 -0.500000
0.238236 -0.018968 -0.500000
-0.492863 -0.001899 -0.500000
0.469040 -0.011172 -0.500000
-0.125460 0.032315 -0.500000
0.051994 -0.022545 -0.500000
-0.208384 0.034719 -0.500000
0.152896 0.017516 -0.500000
-0.235179 -0.020861 -0.500000
-0.101717 -0.023115 -0.500000
0.321691 -0.016576 -0.500000
-0.214588 -0.021397 -0.500000
-0.207370 0.034699 -0.500000
0.111007 0.020215 -0.500000
-0.106295 0.031588 -0.500000
-0.444848 -0.017929 -0.500000
-0.016487 0.027507 -0.500000
0.230314 -0.019171 -0.500000
-0.038833 0.028617 -0.500000
0.238775 -0.018954 -0.500000
-0.438699 0.018207 -0.500000
0.241786 -0.018876 -0.500000
0.256680 -0.018479 -0.500000
-0.035697 -0.023203 -0.500000
0.054792 -0.022512 -0.500000
-0.419093 -0.017992 -0.500000
0.283424 -0.017730 -0.500000
0.019824 -0.022877 -0.500000
-0.172072 -0.022313 -0.500000
-0.190272 -0.021963 -0.500000
0.323171 0.005269 -0.500000
0.214761 0.013295 -0.500000
0.409706 -0.001715 -0.500000
0.337270 -0.016078 -0.500000
0.486521 -0.008384 -0.500000
0.498535 -0.009889 -0.500000
-0.042177 -0.023218 -0.500000
-0.048403 -0.023229 -0.500000
0.004737 0.026402 -0.500000
0.337279 -0.016078 -0.500000
0.196973 0.014536 -0.500000
-0.128881 -0.022902 -0.500000
-0.365921 0.030218 -0.500000
-0.181093 0.034077 -0.500000
0.384170 0.000401 -0.500000
0.206049 0.013906 -0.500000
0.024065 0.025355 -0.500000
0.284345 0.008234 -0.500000
0.460602 -0.011526 -0.500000
-0.072751 0.030187 -0.500000
0.355504 -0.015474 -0.500000
-0.041186 0.028730 -0.500000
-0.031699 0.028269 -0.500000
0.249595 -0.018670 -0.500000
-0.370417 0.029736 -0.500000
-0.046559 -0.023226 -0.500000
0.113342 0.020068 -0.500000
0.233044 0.011997 -0.500000
0.020157 -0.022874 -0.500000
0.025106 -0.022829 -0.500000
-0.031525 -0.023190 -0.500000
-0.171328 -0.022326 -0.500000
0.447577 -0.012061 -0.500000
0.375188 0.001135 -0.500000
-0.121681 0.032176 -0.500000
-0.226001 0.035019 -0.500000
-0.161318 -0.022491 -0.500000
-0.438282 -0.017968 -0.500000
-0.301329 0.034491 -0.500000
0.386909 -0.014379 -0.500000
-0.149316 0.033138 -0.500000
0.274121 0.008998 -0.500000
-0.247186 0.035211 -0.500000
-0.094153 -0.023155 -0.500000
0.046434 -0.022609 -0.500000
-0.002150 0.026766 -0.500000
0.020062 0.025575 -0.500000
0.040333 0.024444 -0.500000
-0.211705 -0.021469 -0.500000
-0.469956 0.009010 -0.500000
0.419091 -0.013184 -0.500000
0.360931 0.002286 -0.500000
-0.274623 -0.019805 -0.500000
-0.497472 -0.006255 -0.500000
-0.443581 -0.017939 -0.500000
-0.335930 0.032771 -0.500000
-0.497745 -0.006693 -0.500000
0.143868 -0.021105 -0.500000
0.376118 0.001059 -0.500000
-0.026574 0.028015 -0.500000
0.046821 0.024075 -0.500000
-0.312587 -0.018911 -0.500000
0.329317 0.004790 -0.500000
0.263716 0.009768 -0.500000
0.339705 -0.015999 -0.500000
-0.041650 0.028753 -0.500000
-0.313209 -0.018898 -0.500000
-0.192452 0.034365 -0.500000
-0.147617 -0.022687 -0.500000
-0.263593 -0.020095 -0.500000
0.190662 -0.020123 -0.500000
-0.242999 -0.020650 -0.500000
-0.176205 -0.022239 -0.500000
-0.232048 -0.020944 -0.500000
0.291224 -0.017503 -0.500000
0.464021 -0.006381 -0.500000
0.312733 -0.016855 -0.500000
0.301379 -0.017201 -0.500000
-0.076241 -0.023216 -0.500000
0.425166 -0.012950 -0.500000
-0.028386 0.028105 -0.500000
0.454433 -0.011781 -0.500000
0.020224 -0.022873 -0.500000
-0.191034 0.034331 -0.500000
0.350426 0.003126 -0.500000
-0.209688 0.034745 -0.500000
-0.455227 -0.017798 -0.500000
0.309982 0.006287 -0.500000
0.424256 -0.012985 -0.500000
0.131637 -0.021336 -0.500000
-0.144638 -0.022725 -0.500000
-0.472946 -0.017157 -0.500000
-0.209048 -0.021535 -0.500000
-0.491924 -0.001252 -0.500000
-0.282224 0.034980 -0.500000
0.071811 0.022614 -0.500000
-0.290564 -0.019405 -0.500000
0.480410 -0.010686 -0.500000
0.198346 0.014441 -0.500000
-0.237887 0.035152 -0.500000
0.251463 -0.018620 -0.500000
0.060402 0.023288 -0.500000
0.359813 -0.015328 -0.500000
-0.252947 0.035224 -0.500000
0.027191 -0.022810 -0.500000
-0.141539 -0.022763 -0.500000
0.330151 -0.016308 -0.500000
0.477084 -0.007539 -0.500000
0.285994 -0.017656 -0.500000
0.354926 -0.015494 -0.500000
0.093972 0.021273 -0.500000
-0.231264 0.035086 -0.500000
0.494883 -0.009140 -0.500000
0.346116 0.003468 -0.500000
0.318381 -0.016680 -0.500000
0.021924 -0.022858 -0.500000
0.377186 0.000972 -0.500000
0.342498 0.003754 -0.500000
0.018008 -0.022893 -0.500000
-0.007357 0.027038 -0.500000
0.433172 -0.012637 -0.500000
-0.168625 -0.022373 -0.500000
0.491584 -0.008841 -0.500000
0.315147 0.005890 -0.500000
0.050877 0.023841 -0.500000
-0.099716 0.031326 -0.500000
0.428724 -0.003323 -0.500000
-0.375697 -0.018066 -0.500000
0.397665 -0.000711 -0.500000
0.243307 0.011258 -0.500000
0.264105 0.009739 -0.500000
-0.052942 -0.023234 -0.500000
0.032279 0.024898 -0.500000
0.398416 -0.013961 -0.500000
-0.005050 -0.023063 -0.500000
-0.378634 0.028780 -0.500000
-0.298496 0.034582 -0.500000
0.423057 -0.002841 -0.500000
-0.448121 0.015804 -0.500000
-0.158214 -0.022538 -0.500000
-0.483338 0.003502 -0.500000
-0.163890 -0.022451 -0.500000
-0.144867 -0.022722 -0.500000
0.325708 -0.016449 -0.500000
0.335332 -0.016141 -0.500000
-0.171087 0.033802 -0.500000
-0.428967 -0.017990 -0.500000
0.327322 0.004946 -0.500000
-0.119359 -0.022990 -0.500000
-0.302740 0.034442 -0.500000
0.259853 0.010052 -0.500000
0.414933 -0.002154 -0.500000
-0.375519 0.029153 -0.500000
0.470943 -0.011092 -0.500000
-0.302339 0.034456 -0.500000
0.336606 0.004219 -0.500000
0.217356 -0.019494 -0.500000
0.023715 -0.022842 -0.500000
-0.294409 0.034703 -0.500000
0.497284 -0.009358 -0.500000
-0.354533 -0.018242 -0.500000
0.195981 -0.020002 -0.500000
-0.479382 0.005293 -0.500000
-0.261596 0.035210 -0.500000
-0.142165 0.032901 -0.500000
-0.425139 -0.017992 -0.500000
-0.269307 -0.019943 -0.500000
-0.277833 0.035055 -0.500000
-0.440661 0.017728 -0.500000
0.290132 0.007798 -0.500000
-0.258765 0.035218 -0.500000
-0.401442 -0.017990 -0.500000
0.416238 -0.002264 -0.500000
0.491950 -0.010182 -0.500000
-0.476289 -0.016925 -0.500000
-0.027997 0.028086 -0.500000
-0.208554 0.034722 -0.500000
0.390441 -0.000114 -0.500000
0.077483 -0.022216 -0.500000
0.209065 0.013695 -0.500000
-0.324494 -0.018681 -0.500000
-0.080814 0.030538 -0.500000
-0.200717 0.034558 -0.500000
0.482978 -0.010575 -0.500000
0.246036 -0.018764 -0.500000
-0.276858 -0.019747 -0.500000
-0.478001 -0.016783 -0.500000
0.414937 -0.002154 -0.500000
-0.406848 -0.017988 -0.500000
-0.439936 -0.017961 -0.500000
-0.285550 0.034916 -0.500000
0.220969 0.012857 -0.500000
0.217463 0.013105 -0.500000
0.069508 -0.022325 -0.500000
0.354499 0.002801 -0.500000
0.300517 -0.017227 -0.500000
-0.394512 0.026640 -0.500000
-0.118072 0.032042 -0.500000
-0.260337 0.035215 -0.500000
-0.256298 0.035223 -0.500000
0.392893 -0.014163 -0.500000
-0.288674 -0.019451 -0.500000
-0.141651 -0.022762 -0.500000
-0.189831 0.034301 -0.500000
0.079327 -0.022190 -0.500000
-0.105044 0.031539 -0.500000
0.327077 0.004965 -0.500000
0.321346 -0.016587 -0.500000
0.391122 -0.000170 -0.500000
0.006152 0.026326 -0.500000
-0.478444 -0.016743 -0.500000
0.420188 -0.002598 -0.500000
-0.477449 -0.016831 -0.500000
0.123447 0.019427 -0.500000
-0.154713 0.033310 -0.500000
-0.005301 -0.023065 -0.500000
-0.448498 0.015703 -0.500000
0.079528 0.022152 -0.500000
-0.300698 -0.019168 -0.500000
0.449556 -0.005116 -0.500000
0.401661 -0.001043 -0.500000
0.126628 -0.021427 -0.500000
-0.073476 0.030219 -0.500000
0.393876 -0.014127 -0.500000
0.484807 -0.010495 -0.500000
-0.001399 0.026726 -0.500000
-0.296563 -0.019262 -0.500000
-0.365710 -0.018135 -0.500000
0.333494 0.004463 -0.500000
-0.362294 -0.018165 -0.500000
0.486216 -0.010434 -0.500000
0.430166 -0.003446 -0.500000
0.208421 -0.019710 -0.500000
0.127447 -0.021412 -0.500000
-0.139463 -0.022787 -0.500000
-0.232226 0.035097 -0.500000
0.167508 -0.020629 -0.500000
-0.487905 -0.015478 -0.500000
-0.331966 0.033030 -0.500000
0.179034 -0.020382 -0.500000
-0.019791 -0.023143 -0.500000
-0.153859 0.033283 -0.500000
0.309752 -0.016947 -0.500000
0.473287 -0.010992 -0.500000
0.421078 -0.002673 -0.500000
-0.416079 0.023036 -0.500000
-0.016561 0.027511 -0.500000
0.062308 -0.022419 -0.500000
-0.379473 0.028676 -0.500000
0.181329 0.015610 -0.500000
0.222286 0.012763 -0.500000
0.475669 -0.010890 -0.500000
0.156982 -0.020846 -0.500000
0.310764 -0.016916 -0.500000
-0.305056 0.034362 -0.500000
0.184605 -0.020259 -0.500000
0.294184 0.007492 -0.500000
0.448761 -0.012013 -0.500000
-0.061169 0.029667 -0.500000
-0.092606 -0.023162 -0.500000
0.150583 0.017668 -0.500000
-0.320908 0.033662 -0.500000
-0.003523 -0.023054 -0.500000
0.121940 0.019523 -0.500000
0.175136 0.016030 -0.500000
-0.425884 0.021091 -0.500000
0.101692 0.020796 -0.500000
0.316591 0.005778 -0.500000
-0.391536 0.027072 -0.500000
-0.323592 -0.018697 -0.500000
0.416475 -0.013284 -0.500000
0.324070 0.005199 -0.500000
-0.488497 0.000841 -0.500000
0.456408 -0.005713 -0.500000
0.147102 0.017897 -0.500000
-0.400549 0.025719 -0.500000
-0.200301 -0.021741 -0.500000
0.126839 0.019211 -0.500000
-0.079493 0.030481 -0.500000
0.380390 0.000711 -0.500000
0.023620 -0.022843 -0.500000
-0.292002 -0.019370 -0.500000
-0.044528 0.028890 -0.500000
-0.162243 0.033542 -0.500000
0.090804 -0.022021 -0.500000
0.290088 -0.017537 -0.500000
0.411019 -0.001825 -0.500000
0.371057 0.001470 -0.500000
0.318805 0.005607 -0.500000
-0.466046 -0.017500 -0.500000
-0.249857 -0.020465 -0.500000
-0.097186 -0.023139 -0.500000
0.050962 -0.022557 -0.500000
-0.128889 0.032440 -0.500000
0.370828 -0.014949 -0.500000
-0.265069 -0.020056 -0.500000
0.330638 0.004687 -0.500000
0.264489 0.009711 -0.500000
-0.084721 0.030705 -0.500000
0.122076 0.019515 -0.500000
-0.001597 -0.023041 -0.500000
0.256202 0.010320 -0.500000
-0.438301 0.018304 -0.500000
0.200198 0.014313 -0.500000
-0.489683 0.000156 -0.500000
-0.376809 0.029001 -0.500000
0.036146 -0.022721 -0.500000
0.453422 -0.005452 -0.500000
-0.035690 0.028464 -0.500000
-0.397403 0.026207 -0.500000
-0.263521 0.035199 -0.500000
0.231837 0.012083 -0.500000
-0.295959 0.034658 -0.500000
0.274948 -0.017973 -0.500000
-0.074746 0.030274 -0.500000
-0.476164 -0.016934 -0.500000
-0.047204 -0.023227 -0.500000
0.095678 -0.021946 -0.500000
0.312485 0.006095 -0.500000
-0.408300 0.024438 -0.500000
-0.064968 0.029839 -0.500000
-0.015355 0.027449 -0.500000
-0.325651 0.033406 -0.500000
0.179557 -0.020370 -0.500000
-0.488696 -0.015317 -0.500000
-0.280680 0.035007 -0.500000
0.145958 0.017972 -0.500000
-0.348305 0.031851 -0.500000
-0.351243 0.031605 -0.500000
-0.045486 0.028936 -0.500000
0.098143 0.021016 -0.500000
0.457746 -0.005830 -0.500000
-0.276925 0.035067 -0.500000
0.040907 -0.022670 -0.500000
-0.013588 -0.023113 -0.500000
-0.418175 -0.017991 -0.500000
-0.350622 -0.018287 -0.500000
0.455616 -0.005644 -0.500000
0.073594 0.022508 -0.500000
0.206477 -0.019756 -0.500000
-0.315533 0.033926 -0.500000
-0.100854 0.031372 -0.500000
-0.002911 0.026806 -0.500000
0.421407 -0.002701 -0.500000
-0.135913 0.032687 -0.500000
-0.428439 0.020547 -0.500000
0.258713 -0.018424 -0.500000
0.361162 0.002268 -0.500000
0.474765 -0.007332 -0.500000
-0.330806 0.033101 -0.500000
0.159978 0.017047 -0.500000
0.023930 0.025362 -0.500000
0.357319 0.002576 -0.500000
-0.243057 -0.020649 -0.500000
0.136629 0.018580 -0.500000
0.406335 -0.013667 -0.500000
-0.417151 -0.017991 -0.500000
-0.483205 0.003565 -0.500000
0.171272 -0.020549 -0.500000
0.252278 -0.018598 -0.500000
-0.346615 -0.018337 -0.500000
0.252190 0.010613 -0.500000
0.365537 0.001916 -0.500000
0.301429 -0.017200 -0.500000
-0.187415 0.034240 -0.500000
0.045610 -0.022619 -0.500000
0.053772 -0.022524 -0.500000
-0.365059 0.030307 -0.500000
-0.065439 -0.023233 -0.500000
0.134586 0.018712 -0.500000
-0.162703 0.033556 -0.500000
-0.175730 -0.022248 -0.500000
0.043917 -0.022638 -0.500000
0.259240 -0.018410 -0.500000
0.185105 0.015352 -0.500000
-0.484421 -0.016060 -0.500000
0.191252 -0.020110 -0.500000
-0.221618 -0.021218 -0.500000
0.356205 0.002665 -0.500000
-0.366038 -0.018133 -0.500000
-0.060154 0.029620 -0.500000
-0.174642 -0.022268 -0.500000
-0.044823 -0.023224 -0.500000
0.082053 -0.022151 -0.500000
0.352793 -0.015565 -0.500000
-0.357502 -0.018211 -0.500000
0.486586 -0.008390 -0.500000
0.113359 0.020067 -0.500000
0.168774 -0.020602 -0.500000
-0.376243 -0.018063 -0.500000
0.404824 -0.001306 -0.500000
0.429322 -0.003374 -0.500000
-0.458335 -0.017734 -0.500000
0.167357 0.016554 -0.500000
-0.347427 0.031921 -0.500000
0.157393 -0.020838 -0.500000
0.231796 0.012086 -0.500000
-0.080314 0.030516 -0.500000
0.477163 -0.010826 -0.500000
-0.268013 -0.019978 -0.500000
-0.225534 -0.021116 -0.500000
-0.320142 0.033702 -0.500000
-0.086224 0.030768 -0.500000
0.310987 -0.016909 -0.500000
-0.060987 -0.023235 -0.500000
-0.200781 0.034559 -0.500000
-0.321101 -0.018743 -0.500000
0.192400 -0.020084 -0.500000
-0.278386 0.035047 -0.500000
0.452174 -0.011874 -0.500000
-0.259461 0.035217 -0.500000
0.353468 0.002884 -0.500000
0.308737 -0.016978 -0.500000
-0.431100 -0.017987 -0.500000
-0.133226 0.032594 -0.500000
0.100039 0.020899 -0.500000
-0.468640 0.009482 -0.500000
-0.217365 0.034886 -0.500000
0.445650 -0.012139 -0.500000
0.265398 0.009644 -0.500000
-0.415807 -0.017990 -0.500000
0.139957 -0.021180 -0.500000
-0.497439 -0.006207 -0.500000
-0.378376 0.028811 -0.500000
-0.160365 0.033486 -0.500000
0.026178 -0.022819 -0.500000
-0.220161 -0.021256 -0.500000
-0.174264 -0.022275 -0.500000
0.427297 -0.003201 -0.500000
0.452017 -0.005330 -0.500000
-0.154349 0.033299 -0.500000
0.295438 0.007397 -0.500000
0.388870 -0.014309 -0.500000
-0.030825 0.028226 -0.500000
-0.134948 0.032654 -0.500000
-0.281895 0.034986 -0.500000
0.037083 0.024628 -0.500000
0.022863 -0.022850 -0.500000
-0.368249 0.029972 -0.500000
-0.493393 -0.002284 -0.500000
-0.480945 -0.016495 -0.500000
-0.246587 -0.020553 -0.500000
-0.458360 -0.017733 -0.500000
-0.490686 -0.014851 -0.500000
0.005289 -0.022994 -0.500000
-0.445544 0.016488 -0.500000
-0.227442 -0.021066 -0.500000
0.355360 -0.015479 -0.500000
0.381754 0.000599 -0.500000
0.359290 -0.015346 -0.500000
-0.348956 -0.018307 -0.500000
-0.200709 0.034558 -0.500000
-0.337020 0.032699 -0.500000
-0.466436 -0.017484 -0.500000
0.476313 -0.007470 -0.500000
-0.405565 -0.017988 -0.500000
-0.075019 -0.023219 -0.500000
0.427867 -0.012845 -0.500000
-0.328797 -0.018605 -0.500000
-0.045542 0.028939 -0.500000
-0.157405 -0.022551 -0.500000
0.448406 -0.005016 -0.500000
0.290639 -0.017520 -0.500000
-0.119391 -0.022989 -0.500000
-0.243229 0.035192 -0.500000
-0.106645 -0.023084 -0.500000
-0.012433 -0.023107 -0.500000
0.262468 0.009860 -0.500000
0.176177 0.015959 -0.500000
0.264285 -0.018271 -0.500000
-0.270062 0.035149 -0.500000
-0.175720 -0.022248 -0.500000
0.102334 0.020757 -0.500000
0.066770 -0.022361 -0.500000
-0.377320 -0.018058 -0.500000
-0.117139 0.032007 -0.500000
-0.420976 -0.017992 -0.500000
-0.426041 -0.017992 -0.500000
-0.293842 0.034718 -0.500000
-0.180892 -0.022152 -0.500000
0.166665 -0.020646 -0.500000
-0.112591 -0.023043 -0.500000
-0.340600 -0.018419 -0.500000
0.067604 -0.022350 -0.500000
0.497379 -0.009366 -0.500000
0.179179 0.015756 -0.500000
-0.241734 0.035183 -0.500000
0.434921 -0.003852 -0.500000
0.355667 0.002708 -0.500000
-0.455728 -0.017789 -0.500000
0.227549 -0.019241 -0.500000
-0.376843 -0.018060 -0.500000
-0.230207 0.035075 -0.500000
-0.405757 0.024870 -0.500000
0.255252 0.010389 -0.500000
-0.361049 0.030711 -0.500000
0.294698 -0.017401 -0.500000
-0.158845 -0.022529 -0.500000
0.196320 -0.019994 -0.500000
0.438982 -0.004201 -0.500000
-0.064879 0.029835 -0.500000
0.465469 -0.011323 -0.500000
0.027388 0.025171 -0.500000
0.340774 -0.015964 -0.500000
-0.400574 -0.017991 -0.500000
-0.385433 0.027912 -0.500000
-0.105584 -0.023091 -0.500000
-0.057429 0.029495 -0.500000
0.221539 -0.019391 -0.500000
-0.041370 0.028739 -0.500000
-0.175444 0.033924 -0.500000
-0.183945 -0.022092 -0.500000
-0.072880 0.030192 -0.500000
-0.325557 0.033411 -0.500000
0.346724 -0.015768 -0.500000
-0.246517 0.035208 -0.500000
-0.444503 -0.017932 -0.500000
0.125548 0.019293 -0.500000
0.023504 0.025385 -0.500000
-0.356963 0.031100 -0.500000
-0.059665 -0.023236 -0.500000
-0.067395 0.029948 -0.500000
0.217885 -0.019481 -0.500000
-0.056018 -0.023235 -0.500000
0.351147 0.003069 -0.500000
0.231961 -0.019129 -0.500000
0.183940 -0.020274 -0.500000
0.283229 -0.017736 -0.500000
-0.416971 -0.017991 -0.500000
0.035540 -0.022727 -0.500000
-0.434384 0.019225 -0.500000
-0.385459 0.027909 -0.500000
0.284904 -0.017688 -0.500000
0.381154 -0.014585 -0.500000
0.325077 0.005120 -0.500000
0.024871 0.025310 -0.500000
-0.279362 -0.019683 -0.500000
-0.401418 0.025579 -0.500000
0.192604 -0.020079 -0.500000
0.299932 0.007056 -0.500000
-0.196334 -0.021832 -0.500000
0.050917 0.023839 -0.500000
-0.040972 0.028720 -0.500000
-0.295827 -0.019280 -0.500000
-0.371187 0.029651 -0.500000
0.242268 -0.018863 -0.500000
0.329174 -0.016339 -0.500000
-0.064281 0.029808 -0.500000
-0.029022 -0.023181 -0.500000
-0.217455 0.034888 -0.500000
-0.332234 -0.018547 -0.500000
0.348744 0.003260 -0.500000
0.362417 -0.015239 -0.500000
-0.034026 -0.023198 -0.500000
-0.078985 0.030459 -0.500000
-0.135741 -0.022830 -0.500000
0.067779 -0.022348 -0.500000
0.081421 0.022038 -0.500000
-0.375436 0.029163 -0.500000
0.088330 -0.022058 -0.500000
0.499203 -0.009532 -0.500000
0.039667 0.024482 -0.500000
-0.161220 -0.022492 -0.500000
0.362030 -0.015252 -0.500000
0.270742 0.009249 -0.500000
-0.379413 -0.018047 -0.500000
-0.318674 0.033776 -0.500000
0.429950 -0.012763 -0.500000
-0.476435 -0.016914 -0.500000
0.286993 0.008035 -0.500000
0.000622 0.026620 -0.500000
-0.134428 0.032636 -0.500000
-0.479546 -0.016639 -0.500000
-0.009460 -0.023090 -0.500000
-0.446638 0.016200 -0.500000
0.097039 0.021084 -0.500000
-0.395988 -0.017996 -0.500000
0.490129 -0.008709 -0.500000
0.362997 0.002120 -0.500000
-0.075116 0.030290 -0.500000
-0.124074 -0.022948 -0.500000
0.148675 0.017794 -0.500000
0.033979 -0.022743 -0.500000
0.033326 0.024840 -0.500000
0.485622 -0.010460 -0.500000
-0.165666 -0.022422 -0.500000
-0.396669 -0.017995 -0.500000
0.201340 0.014234 -0.500000
-0.199263 -0.021765 -0.500000
0.382830 -0.014526 -0.500000
0.134875 0.018693 -0.500000
0.484299 -0.010517 -0.500000
-0.139421 -0.022788 -0.500000
-0.444710 -0.017931 -0.500000
-0.149216 -0.022665 -0.500000
-0.451944 0.014750 -0.500000
0.404404 -0.013739 -0.500000
-0.263618 0.035198 -0.500000
0.169827 -0.020580 -0.500000
-0.474758 0.007198 -0.500000
0.273893 -0.018003 -0.500000
0.414861 -0.013346 -0.500000
-0.322388 0.033584 -0.500000
-0.398458 -0.017993 -0.500000
-0.053687 -0.023234 -0.500000
-0.276417 -0.019758 -0.500000
0.182697 0.015516 -0.500000
0.071105 0.022656 -0.500000
0.259143 -0.018412 -0.500000
-0.422038 -0.017992 -0.500000
0.138205 0.018478 -0.500000
-0.364685 -0.018144 -0.500000
0.305587 -0.017074 -0.500000
0.053336 -0.022529 -0.500000
0.256116 0.010326 -0.500000
-0.160485 0.033489 -0.500000
0.067769 0.022854 -0.500000
0.071223 0.022649 -0.500000
-0.286423 0.034897 -0.500000
0.090820 -0.022021 -0.500000
-0.312152 -0.018920 -0.500000
-0.065449 -0.023233 -0.500000
-0.115883 -0.023018 -0.500000
-0.194962 -0.021862 -0.500000
0.228962 -0.019205 -0.500000
-0.071260 0.030120 -0.500000
0.313881 -0.016820 -0.500000
0.125878 0.019272 -0.500000
0.304127 0.006736 -0.500000
-0.464166 -0.017569 -0.500000
-0.026092 0.027991 -0.500000
0.327364 -0.016397 -0.500000
0.498499 -0.009468 -0.500000
0.434377 -0.003806 -0.500000
-0.316925 0.033859 -0.500000
0.445221 -0.012156 -0.500000
-0.343136 -0.018383 -0.500000
0.215583 0.013237 -0.500000
0.268787 -0.018146 -0.500000
-0.488481 -0.015362 -0.500000
0.329867 0.004747 -0.500000
0.111885 -0.021684 -0.500000
-0.454967 0.013881 -0.500000
0.040372 -0.022676 -0.500000
0.390792 -0.000143 -0.500000
0.385273 -0.014438 -0.500000
-0.460518 0.012195 -0.500000
0.298091 -0.017300 -0.500000
0.044430 0.024211 -0.500000
-0.319745 -0.018769 -0.500000
-0.403183 0.025296 -0.500000
0.157021 0.017243 -0.500000
0.122985 0.019457 -0.500000
0.405272 -0.013707 -0.500000
0.331063 0.004653 -0.500000
0.017209 0.025731 -0.500000
-0.182598 -0.022118 -0.500000
0.069783 0.022735 -0.500000
0.135949 0.018624 -0.500000
-0.439077 -0.017965 -0.500000
0.415797 -0.013310 -0.500000
-0.286944 -0.019493 -0.500000
0.069085 0.022776 -0.500000
-0.208552 -0.021547 -0.500000
-0.244298 -0.020615 -0.500000
-0.428617 -0.017990 -0.500000
-0.344772 0.032132 -0.500000
-0.335547 -0.018495 -0.500000
-0.392992 0.026863 -0.500000
0.206316 0.013887 -0.500000
0.012396 0.025991 -0.500000
0.210764 -0.019654 -0.500000
0.409996 -0.001739 -0.500000
0.165441 -0.020672 -0.500000
0.348749 0.003259 -0.500000
-0.064078 -0.023234 -0.500000
0.387144 0.000158 -0.500000
-0.048108 0.029060 -0.500000
0.263518 0.009783 -0.500000
-0.128115 0.032412 -0.500000
-0.383730 -0.018028 -0.500000
0.007569 -0.022977 -0.500000
0.079513 0.022153 -0.500000
-0.236658 -0.020821 -0.500000
0.230624 -0.019163 -0.500000
-0.416858 -0.017991 -0.500000
0.104172 -0.021811 -0.500000
0.198991 -0.019932 -0.500000
-0.124291 -0.022946 -0.500000
0.021911 0.025473 -0.500000
0.160378 0.017020 -0.500000
-0.368393 -0.018115 -0.500000
0.276576 -0.017927 -0.500000
0.484426 -0.010512 -0.500000
-0.095250 0.031144 -0.500000
-0.152439 0.033238 -0.500000
-0.259297 -0.020210 -0.500000
0.153657 0.017466 -0.500000
-0.015464 -0.023122 -0.500000
0.130993 -0.021347 -0.500000
0.198160 0.014454 -0.500000
-0.236035 -0.020838 -0.500000
-0.043358 -0.023221 -0.500000
-0.031312 -0.023189 -0.500000
0.139088 -0.021197 -0.500000
0.203053 -0.019837 -0.500000
0.301934 -0.017184 -0.500000
-0.010088 -0.023093 -0.500000
-0.425666 -0.017992 -0.500000
-0.135936 0.032688 -0.500000
0.190465 0.014985 -0.500000
-0.145154 -0.022718 -0.500000
-0.336523 0.032732 -0.500000
-0.356141 -0.018225 -0.500000
0.205047 -0.019790 -0.500000
-0.475788 -0.016963 -0.500000
0.142327 0.018209 -0.500000
0.248255 -0.018705 -0.500000
0.271544 -0.018069 -0.500000
-0.151189 -0.022639 -0.500000
-0.414536 0.023324 -0.500000
-0.042350 0.028786 -0.500000
-0.037246 0.028540 -0.500000
0.382694 0.000522 -0.500000
0.241974 -0.018871 -0.500000
-0.409127 -0.017988 -0.500000
0.035078 -0.022732 -0.500000
-0.102790 0.031450 -0.500000
0.284341 0.008234 -0.500000
-0.203530 0.034618 -0.500000
0.039884 -0.022681 -0.500000
0.423604 -0.013010 -0.500000
0.128447 -0.021394 -0.500000
0.004340 -0.023000 -0.500000
-0.005882 0.026961 -0.500000
-0.225538 -0.021116 -0.500000
0.325717 0.005071 -0.500000
0.109984 -0.021715 -0.500000
-0.104748 -0.023097 -0.500000
-0.214302 -0.021405 -0.500000
0.231417 -0.019143 -0.500000
-0.209178 -0.021531 -0.500000
0.397725 -0.013986 -0.500000
-0.252339 -0.020397 -0.500000
-0.005754 0.026954 -0.500000
-0.426817 0.020894 -0.500000
-0.177223 0.033973 -0.500000
-0.410182 -0.017989 -0.500000
0.366023 -0.015115 -0.500000
-0.233571 -0.020904 -0.500000
-0.277049 0.035065 -0.500000
-0.209502 -0.021523 -0.500000
0.383555 -0.014500 -0.500000
-0.311310 -0.018937 -0.500000
0.442765 -0.004527 -0.500000
0.374154 0.001219 -0.500000
0.104097 0.020647 -0.500000
0.181802 0.015577 -0.500000
0.324300 -0.016494 -0.500000
0.489345 -0.010297 -0.500000
0.393570 -0.014138 -0.500000
0.154125 -0.020903 -0.500000
0.384137 0.000404 -0.500000
0.092087 0.021389 -0.500000
0.365568 -0.015131 -0.500000
0.075076 -0.022249 -0.500000
0.473107 -0.007185 -0.500000
0.137758 0.018507 -0.500000
0.069773 0.022735 -0.500000
0.188530 -0.020171 -0.500000
-0.267585 -0.019989 -0.500000
-0.190372 0.034314 -0.500000
-0.292319 0.034757 -0.500000
0.054488 -0.022515 -0.500000
0.263213 0.009805 -0.500000
0.136216 -0.021251 -0.500000
0.446993 -0.004893 -0.500000
-0.123523 -0.022953 -0.500000
0.176330 -0.020441 -0.500000
0.031657 0.024933 -0.500000
-0.463464 0.011247 -0.500000
-0.417878 -0.017991 -0.500000
0.191725 0.014898 -0.500000
0.030978 0.024971 -0.500000
-0.100006 -0.023124 -0.500000
0.037956 -0.022702 -0.500000
0.207445 -0.019733 -0.500000
0.426366 -0.003122 -0.500000
0.468637 -0.006789 -0.500000
0.135487 0.018654 -0.500000
-0.391963 -0.018003 -0.500000
-0.043966 0.028864 -0.500000
0.393712 -0.014133 -0.500000
0.044441 -0.022632 -0.500000
0.269295 0.009356 -0.500000
0.052969 0.023720 -0.500000
-0.485112 0.002636 -0.500000
-0.044683 -0.023223 -0.500000
-0.319564 -0.018773 -0.500000
0.480199 -0.010695 -0.500000
-0.381424 -0.018038 -0.500000
0.260719 0.009989 -0.500000
0.249094 -0.018683 -0.500000
-0.255619 -0.020309 -0.500000
-0.432384 -0.017985 -0.500000
-0.205397 0.034658 -0.500000
-0.159974 0.033473 -0.500000
0.323458 -0.016521 -0.500000
0.258733 0.010134 -0.500000
0.433967 -0.003771 -0.500000
-0.155369 0.033331 -0.500000
0.248720 -0.018693 -0.500000
-0.030610 -0.023187 -0.500000
-0.037426 0.028549 -0.500000
-0.243393 -0.020639 -0.500000
-0.040404 -0.023215 -0.500000
0.010238 0.026108 -0.500000
-0.221101 -0.021232 -0.500000
0.142480 0.018199 -0.500000
-0.052827 0.029282 -0.500000
-0.164701 0.033616 -0.500000
0.323003 -0.016535 -0.500000
0.122639 0.019479 -0.500000
0.028919 0.025086 -0.500000
0.206024 0.013907 -0.500000
-0.413495 -0.017990 -0.500000
0.004574 0.026411 -0.500000
-0.204472 -0.021644 -0.500000
0.049606 0.023915 -0.500000
0.412771 -0.001972 -0.500000
-0.118236 0.032048 -0.500000
0.439778 -0.004270 -0.500000
0.394549 -0.000453 -0.500000
-0.379073 0.028726 -0.500000
-0.237215 0.035147 -0.500000
-0.201775 0.034581 -0.500000
0.365036 -0.015149 -0.500000
-0.324919 -0.018673 -0.500000
0.332655 0.004529 -0.500000
-0.451394 -0.017860 -0.500000
0.276895 0.008791 -0.500000
0.464991 -0.006467 -0.500000
0.111658 -0.021687 -0.500000
-0.021379 -0.023151 -0.500000
-0.405972 -0.017988 -0.500000
0.074202 -0.022261 -0.500000
0.158840 -0.020808 -0.500000
0.241731 -0.018877 -0.500000
0.436013 -0.012524 -0.500000
0.144951 0.018038 -0.500000
0.275803 0.008873 -0.500000
0.268682 -0.018149 -0.500000
-0.241717 -0.020685 -0.500000
-0.483528 0.003411 -0.500000
-0.155002 -0.022585 -0.500000
0.161634 0.016936 -0.500000
0.355313 0.002736 -0.500000
0.024099 -0.022838 -0.500000
-0.009004 0.027123 -0.500000
-0.228499 -0.021038 -0.500000
-0.096740 0.031205 -0.500000
0.264131 0.009738 -0.500000
-0.093080 0.031055 -0.500000
0.226124 0.012491 -0.500000
0.215631 0.013234 -0.500000
-0.128820 0.032437 -0.500000
0.413872 -0.013383 -0.500000
-0.357362 0.031062 -0.500000
0.321089 -0.016595 -0.500000
-0.017426 -0.023132 -0.500000
0.112736 0.020106 -0.500000
-0.122187 0.032195 -0.500000
-0.321504 0.033631 -0.500000
0.250711 0.010721 -0.500000
0.224021 0.012640 -0.500000
0.213333 0.013395 -0.500000
-0.053652 -0.023234 -0.500000
-0.188789 -0.021994 -0.500000
-0.192909 -0.021906 -0.500000
-0.453933 -0.017821 -0.500000
0.141291 0.018277 -0.500000
-0.083985 0.030674 -0.500000
-0.369585 -0.018106 -0.500000
-0.179829 0.034043 -0.500000
0.060922 0.023257 -0.500000
0.226965 0.012431 -0.500000
0.482278 -0.010605 -0.500000
0.460243 -0.006049 -0.500000
-0.440685 0.017722 -0.500000
0.078871 0.022191 -0.500000
-0.357398 0.031058 -0.500000
0.496524 -0.009979 -0.500000
0.170515 0.016341 -0.500000
0.158005 0.017178 -0.500000
-0.050255 -0.023231 -0.500000
0.163589 0.016806 -0.500000
0.486467 -0.008379 -0.500000
-0.354580 -0.018242 -0.500000
0.123725 0.019410 -0.500000
-0.068881 0.030015 -0.500000
0.184888 -0.020253 -0.500000
0.284156 0.008248 -0.500000
-0.342699 0.032289 -0.500000
0.469732 -0.011143 -0.500000
-0.106317 -0.023086 -0.500000
0.444420 -0.012188 -0.500000
-0.141117 0.032866 -0.500000
-0.286099 -0.019514 -0.500000
0.411827 -0.013461 -0.500000
-0.221070 0.034946 -0.500000
-0.118517 -0.022997 -0.500000
-0.419513 0.022379 -0.500000
-0.341941 -0.018400 -0.500000
0.265666 -0.018233 -0.500000
-0.491382 -0.000896 -0.500000
0.431997 -0.003602 -0.500000
0.397473 -0.013995 -0.500000
-0.125350 0.032311 -0.500000
-0.445837 -0.017921 -0.500000
-0.096480 -0.023143 -0.500000
-0.380238 -0.018043 -0.500000
0.119033 0.019708 -0.500000
0.464075 -0.011381 -0.500000
0.095058 0.021206 -0.500000
-0.279708 0.035024 -0.500000
-0.123686 -0.022951 -0.500000
0.492694 -0.010149 -0.500000
0.221350 -0.019396 -0.500000
0.367609 -0.015060 -0.500000
0.293690 0.007529 -0.500000
0.246114 0.011055 -0.500000
0.480127 -0.007811 -0.500000
0.264815 0.009687 -0.500000
0.180054 -0.020359 -0.500000
0.318261 -0.016684 -0.500000
-0.167866 0.033709 -0.500000
0.148481 0.017807 -0.500000
-0.240974 0.035177 -0.500000
0.487535 -0.010376 -0.500000
0.077009 -0.022222 -0.500000
0.302971 0.006824 -0.500000
0.222833 -0.019359 -0.500000
0.075458 -0.022244 -0.500000
0.129520 0.019038 -0.500000
0.267583 0.009483 -0.500000
-0.126132 0.032340 -0.500000
0.026386 -0.022817 -0.500000
0.146938 -0.021046 -0.500000
0.039255 -0.022688 -0.500000
0.152477 -0.020936 -0.500000
0.080591 -0.022171 -0.500000
0.440681 -0.012339 -0.500000
0.464199 -0.006397 -0.500000
-0.332168 -0.018549 -0.500000
0.301318 -0.017203 -0.500000
0.169531 0.016408 -0.500000
-0.460447 0.012217 -0.500000
0.425084 -0.003013 -0.500000
0.411414 -0.001858 -0.500000
0.191663 -0.020100 -0.500000
0.275109 0.008924 -0.500000
0.081510 -0.022158 -0.500000
-0.123144 -0.022956 -0.500000
0.012629 -0.022937 -0.500000
-0.121235 0.032160 -0.500000
0.343807 0.003651 -0.500000
-0.033516 -0.023196 -0.500000
0.053314 0.023700 -0.500000
0.403171 -0.013785 -0.500000
0.262979 0.009822 -0.500000
0.284881 0.008193 -0.500000
-0.257056 0.035222 -0.500000
-0.484464 -0.016054 -0.500000
0.096859 -0.021928 -0.500000
0.447446 -0.012066 -0.500000
-0.114767 -0.023027 -0.500000
0.438551 -0.004164 -0.500000
0.426160 -0.003104 -0.500000
0.286249 -0.017649 -0.500000
-0.157205 -0.022554 -0.500000
-0.351865 0.031552 -0.500000
0.352451 0.002965 -0.500000
0.104130 -0.021812 -0.500000
-0.188886 -0.021992 -0.500000
-0.349786 0.031729 -0.500000
-0.367435 0.030060 -0.500000
-0.458342 0.012870 -0.500000
-0.348058 -0.018318 -0.500000
0.350837 -0.015631 -0.500000
0.385523 0.000291 -0.500000
-0.103694 -0.023103 -0.500000
-0.216420 -0.021351 -0.500000
-0.086081 -0.023188 -0.500000
0.492523 -0.008926 -0.500000
-0.073781 -0.023222 -0.500000
-0.432848 0.019575 -0.500000
0.400274 -0.013892 -0.500000
0.063901 -0.022398 -0.500000
-0.194349 -0.021875 -0.500000
-0.015629 0.027463 -0.500000
0.260267 -0.018382 -0.500000
-0.347328 -0.018328 -0.500000
-0.256188 0.035223 -0.500000
-0.389184 -0.018010 -0.500000
-0.264743 -0.020064 -0.500000
0.251767 0.010644 -0.500000
-0.278416 -0.019707 -0.500000
-0.187945 0.034254 -0.500000
0.350272 0.003138 -0.500000
-0.165003 0.033625 -0.500000
-0.197486 -0.021806 -0.500000
0.187673 0.015176 -0.500000
-0.069278 -0.023229 -0.500000
0.075069 -0.022249 -0.500000
-0.076236 0.030339 -0.500000
-0.320513 -0.018754 -0.500000
0.097017 0.021086 -0.500000
0.159935 0.017049 -0.500000
0.384784 -0.014456 -0.500000
-0.006603 -0.023073 -0.500000
-0.058789 -0.023236 -0.500000
-0.294175 0.034710 -0.500000
-0.043312 0.028832 -0.500000
0.490625 -0.010240 -0.500000
0.117757 -0.021583 -0.500000
0.297958 -0.017304 -0.500000
-0.237257 0.035148 -0.500000
0.155998 -0.020866 -0.500000
0.138420 0.018464 -0.500000
0.476699 -0.007505 -0.500000
-0.072020 -0.023225 -0.500000
-0.122077 -0.022966 -0.500000
-0.456073 0.013555 -0.500000
0.372269 0.001372 -0.500000
-0.356978 -0.018216 -0.500000
0.054064 0.023657 -0.500000
-0.087156 -0.023184 -0.500000
-0.336250 0.032750 -0.500000
-0.194695 0.034419 -0.500000
0.108456 -0.021741 -0.500000
-0.477516 0.006084 -0.500000
-0.164934 0.033623 -0.500000
0.014393 -0.022923 -0.500000
0.209708 -0.019679 -0.500000
0.143678 -0.021109 -0.500000
-0.199276 -0.021765 -0.500000
0.430163 -0.012755 -0.500000
0.419262 -0.002519 -0.500000
0.452334 -0.011867 -0.500000
-0.405430 0.024925 -0.500000
0.194516 0.014706 -0.500000
-0.460022 -0.017693 -0.500000
-0.261467 -0.020152 -0.500000
-0.082189 -0.023201 -0.500000
-0.070311 0.030078 -0.500000
-0.307993 -0.019007 -0.500000
-0.141848 0.032890 -0.500000
-0.044759 -0.023224 -0.500000
-0.114996 -0.023025 -0.500000
-0.182049 0.034102 -0.500000
0.098079 0.021020 -0.500000
0.222902 -0.019357 -0.500000
0.131897 0.018886 -0.500000
-0.372625 -0.018085 -0.500000
0.385564 0.000287 -0.500000
0.288717 0.007905 -0.500000
-0.102135 -0.023112 -0.500000
-0.368781 -0.018112 -0.500000
0.321419 0.005405 -0.500000
-0.070173 0.030072 -0.500000
-0.246795 -0.020547 -0.500000
0.283857 -0.017718 -0.500000
-0.452412 0.014618 -0.500000
-0.337255 -0.018468 -0.500000
0.153297 -0.020920 -0.500000
-0.215014 -0.021387 -0.500000
-0.269823 -0.019930 -0.500000
0.111498 0.020184 -0.500000
0.086224 0.021747 -0.500000
-0.178992 -0.022188 -0.500000
0.054972 -0.022510 -0.500000
-0.356248 -0.018223 -0.500000
-0.115298 0.031937 -0.500000
0.277455 0.008749 -0.500000
0.073808 -0.022267 -0.500000
-0.001486 0.026731 -0.500000
-0.474185 -0.017077 -0.500000
0.146886 0.017911 -0.500000
-0.227092 -0.021076 -0.500000
-0.312851 -0.018906 -0.500000
0.008111 0.026222 -0.500000
0.413254 -0.013407 -0.500000
0.011467 0.026041 -0.500000
0.128643 -0.021390 -0.500000
-0.330538 -0.018576 -0.500000
0.356285 0.002659 -0.500000
-0.376064 -0.018064 -0.500000
0.052787 0.023731 -0.500000
-0.335375 0.032808 -0.500000
0.469490 -0.011153 -0.500000
0.350976 0.003082 -0.500000
-0.259253 0.035217 -0.500000
0.091330 -0.022013 -0.500000
-0.498201 -0.007656 -0.500000
0.204364 0.014023 -0.500000
-0.439211 -0.017964 -0.500000
0.334814 -0.016158 -0.500000
0.116648 0.019859 -0.500000
-0.381037 -0.018039 -0.500000
0.164147 0.016769 -0.500000
0.411384 -0.001856 -0.500000
0.434233 -0.012595 -0.500000
-0.295576 -0.019286 -0.500000
0.437548 -0.004078 -0.500000
0.477974 -0.010791 -0.500000
0.030963 -0.022773 -0.500000
0.487899 -0.010360 -0.500000
-0.153495 -0.022607 -0.500000
-0.027987 -0.023178 -0.500000
-0.293656 -0.019331 -0.500000
-0.022450 -0.023155 -0.500000
-0.054886 0.029378 -0.500000
0.117154 0.019827 -0.500000
-0.339682 -0.018432 -0.500000
0.393367 -0.000355 -0.500000
0.095937 -0.021942 -0.500000
0.150790 -0.020970 -0.500000
-0.235777 0.035134 -0.500000
-0.384293 -0.018026 -0.500000
-0.156118 -0.022569 -0.500000
0.246085 0.011057 -0.500000
0.114271 0.020009 -0.500000
0.453229 -0.005435 -0.500000
0.039367 -0.022687 -0.500000
0.178243 -0.020399 -0.500000
-0.131549 0.032534 -0.500000
-0.020479 0.027709 -0.500000
-0.078772 -0.023211 -0.500000
0.255543 -0.018510 -0.500000
-0.439988 -0.017960 -0.500000
-0.453232 -0.017832 -0.500000
-0.402599 -0.017989 -0.500000
0.292732 0.007602 -0.500000
0.408575 -0.013583 -0.500000
0.481211 -0.010652 -0.500000
0.246829 0.011003 -0.500000
0.288537 -0.017582 -0.500000
-0.324153 -0.018687 -0.500000
-0.423924 0.021496 -0.500000
-0.250929 -0.020436 -0.500000
0.284233 -0.017707 -0.500000
-0.401370 0.025587 -0.500000
0.016504 0.025769 -0.500000
-0.084890 -0.023192 -0.500000
0.219462 0.012963 -0.500000
-0.252347 -0.020397 -0.500000
-0.176540 0.033954 -0.500000
0.398929 -0.000816 -0.500000
-0.290390 0.034807 -0.500000
-0.349859 0.031723 -0.500000
-0.061252 -0.023235 -0.500000
0.447391 -0.004928 -0.500000
-0.140948 -0.022770 -0.500000
0.138093 -0.021215 -0.500000
-0.060457 0.029634 -0.500000
-0.002746 0.026797 -0.500000
0.462680 -0.011439 -0.500000
-0.244553 -0.020608 -0.500000
-0.265631 -0.020041 -0.500000
0.312777 -0.016854 -0.500000
-0.033231 0.028344 -0.500000
0.431152 -0.003530 -0.500000
0.204150 -0.019811 -0.500000
0.106428 -0.021774 -0.500000
-0.268848 0.035161 -0.500000
0.489871 -0.008686 -0.500000
-0.241016 -0.020704 -0.500000
-0.333604 0.032925 -0.500000
0.417407 -0.013248 -0.500000
0.022572 -0.022852 -0.500000
0.064977 0.023019 -0.500000
-0.206552 -0.021594 -0.500000
-0.116988 -0.023009 -0.500000
0.431020 -0.003519 -0.500000
0.296315 0.007330 -0.500000
-0.405325 0.024942 -0.500000
-0.240108 -0.020728 -0.500000
0.115162 0.019953 -0.500000
0.211845 0.013500 -0.500000
-0.029936 -0.023185 -0.500000
-0.333040 -0.018534 -0.500000
0.424817 -0.002990 -0.500000
-0.362398 0.030576 -0.500000
-0.356066 -0.018225 -0.500000
0.463062 -0.011423 -0.500000
0.266307 -0.018215 -0.500000
0.302047 -0.017181 -0.500000
0.096959 -0.021926 -0.500000
-0.384591 -0.018025 -0.500000
0.181426 -0.020329 -0.500000
-0.206108 0.034673 -0.500000
0.157607 -0.020833 -0.500000
-0.341200 0.032402 -0.500000
0.392740 -0.014168 -0.500000
-0.452134 0.014696 -0.500000
0.443057 -0.004553 -0.500000
-0.335292 -0.018499 -0.500000
-0.320221 0.033698 -0.500000
-0.057307 -0.023236 -0.500000
0.100063 -0.021877 -0.500000
-0.393012 -0.018001 -0.500000
-0.274204 0.035104 -0.500000
0.029257 0.025067 -0.500000
-0.361144 0.030701 -0.500000
-0.495213 -0.003756 -0.500000
0.006439 -0.022985 -0.500000
0.087483 -0.022071 -0.500000
-0.040336 -0.023215 -0.500000
-0.298390 -0.019221 -0.500000
-0.400933 -0.017990 -0.500000
0.176332 -0.020440 -0.500000
0.079807 -0.022183 -0.500000
0.177636 -0.020412 -0.500000
0.448220 -0.012035 -0.500000
0.488200 -0.008535 -0.500000
-0.049419 -0.023230 -0.500000
0.251821 0.010640 -0.500000
-0.060550 0.029638 -0.500000
0.087027 0.021698 -0.500000
0.036399 0.024667 -0.500000
-0.211477 -0.021474 -0.500000
-0.397404 0.026207 -0.500000
-0.154644 0.033308 -0.500000
-0.396912 0.026281 -0.500000
-0.325456 -0.018664 -0.500000
-0.349289 0.031772 -0.500000
0.425573 -0.012934 -0.500000
-0.465603 0.010534 -0.500000
-0.302746 -0.019122 -0.500000
0.391360 -0.000190 -0.500000
0.087096 0.021694 -0.500000
0.248901 0.010852 -0.500000
0.210444 0.013598 -0.500000
0.375430 -0.014788 -0.500000
-0.125313 -0.022937 -0.500000
0.449979 -0.005152 -0.500000
-0.498375 -0.009860 -0.500000
-0.397659 -0.017994 -0.500000
0.048325 -0.022588 -0.500000
-0.161160 -0.022493 -0.500000
0.159989 0.017046 -0.500000
-0.138894 -0.022794 -0.500000
-0.024445 -0.023164 -0.500000
-0.232893 0.035104 -0.500000
0.065374 0.022996 -0.500000
-0.235051 -0.020864 -0.500000
-0.128990 -0.022901 -0.500000
0.078673 0.022203 -0.500000
0.357834 0.002535 -0.500000
-0.261426 -0.020153 -0.500000
0.110102 -0.021714 -0.500000
0.265743 -0.018231 -0.500000
0.007707 -0.022976 -0.500000
0.048852 0.023958 -0.500000
-0.006333 0.026984 -0.500000
-0.089237 0.030895 -0.500000
0.145129 0.018026 -0.500000
-0.081464 -0.023203 -0.500000
-0.053882 0.029331 -0.500000
0.316540 0.005782 -0.500000
-0.048056 0.029058 -0.500000
-0.297108 -0.019250 -0.500000
0.005578 -0.022992 -0.500000
-0.403363 0.025266 -0.500000
0.214647 -0.019560 -0.500000
0.484281 -0.010518 -0.500000
-0.218466 0.034906 -0.500000
0.424312 -0.012983 -0.500000
-0.422922 0.021700 -0.500000
-0.413192 0.023570 -0.500000
0.385286 -0.014438 -0.500000
-0.282610 0.034974 -0.500000
-0.222782 0.034973 -0.500000
0.406506 -0.001447 -0.500000
-0.072628 -0.023224 -0.500000
-0.498365 -0.008205 -0.500000
-0.413783 0.023462 -0.500000
-0.283623 0.034956 -0.500000
-0.392822 0.026888 -0.500000
-0.234878 -0.020869 -0.500000
-0.138430 0.032774 -0.500000
0.218750 0.013014 -0.500000
0.219534 -0.019440 -0.500000
-0.000780 0.026694 -0.500000
0.392519 -0.000285 -0.500000
0.269618 -0.018123 -0.500000
-0.411105 0.023946 -0.500000
0.016098 0.025791 -0.500000
-0.243627 -0.020633 -0.500000
-0.350468 0.031671 -0.500000
-0.006541 -0.023073 -0.500000
-0.270935 -0.019901 -0.500000
0.037752 0.024591 -0.500000
-0.302780 0.034441 -0.500000
-0.313040 -0.018902 -0.500000
0.116060 0.019896 -0.500000
0.264221 -0.018273 -0.500000
0.064422 0.023052 -0.500000
-0.032635 -0.023193 -0.500000
0.176642 -0.020434 -0.500000
0.195064 -0.020023 -0.500000
0.453552 -0.005464 -0.500000
-0.328350 0.033252 -0.500000
-0.402014 0.025484 -0.500000
0.081930 -0.022152 -0.500000
-0.124176 -0.022947 -0.500000
-0.319035 -0.018783 -0.500000
0.072462 -0.022285 -0.500000
0.219496 -0.019441 -0.500000
0.341439 -0.015942 -0.500000
-0.176928 0.033965 -0.500000
0.475448 -0.010900 -0.500000
-0.280007 -0.019666 -0.500000
0.118339 -0.021573 -0.500000
-0.416704 0.022918 -0.500000
0.345614 0.003508 -0.500000
-0.239208 -0.020752 -0.500000
-0.443930 -0.017936 -0.500000
0.127178 0.019189 -0.500000
-0.013796 0.027370 -0.500000
-0.069786 0.030055 -0.500000
-0.467725 0.009804 -0.500000
0.082824 -0.022139 -0.500000
-0.035375 0.028449 -0.500000
-0.140711 -0.022773 -0.500000
-0.247425 0.035212 -0.500000
-0.044156 0.028873 -0.500000
-0.072131 0.030159 -0.500000
-0.113576 -0.023036 -0.500000
0.201886 -0.019865 -0.500000
0.274896 0.008940 -0.500000
-0.071968 -0.023225 -0.500000
0.261492 -0.018348 -0.500000
-0.293868 0.034717 -0.500000
-0.449216 -0.017887 -0.500000
0.063095 -0.022409 -0.500000
-0.335583 -0.018494 -0.500000
-0.119213 -0.022991 -0.500000
-0.463589 -0.017588 -0.500000
0.192204 -0.020088 -0.500000
0.114850 -0.021633 -0.500000
-0.477416 -0.016833 -0.500000
0.411554 -0.001870 -0.500000
0.484842 -0.010494 -0.500000
-0.202298 0.034592 -0.500000
-0.481443 0.004382 -0.500000
-0.252835 -0.020384 -0.500000
-0.160658 0.033495 -0.500000
0.233870 0.011938 -0.500000
-0.220315 -0.021252 -0.500000
-0.323746 -0.018694 -0.500000
-0.353596 -0.018252 -0.500000
-0.083445 0.030651 -0.500000
-0.105262 -0.023093 -0.500000
0.254432 0.010449 -0.500000
-0.316826 -0.018826 -0.500000
0.150620 -0.020973 -0.500000
0.019760 0.025591 -0.500000
0.068555 0.022807 -0.500000
0.446718 -0.012096 -0.500000
-0.466340 -0.017488 -0.500000
0.434937 -0.003854 -0.500000
-0.474362 -0.017065 -0.500000
0.147743 0.017855 -0.500000
-0.117680 -0.023003 -0.500000
0.345691 -0.015802 -0.500000
-0.055288 -0.023235 -0.500000
0.098472 0.020996 -0.500000
0.393364 -0.014146 -0.500000
-0.241378 0.035180 -0.500000
-0.024399 -0.023164 -0.500000
0.103224 0.020701 -0.500000
-0.198829 -0.021775 -0.500000
0.236383 0.011757 -0.500000
-0.454667 0.013969 -0.500000
0.000791 -0.023026 -0.500000
-0.328951 -0.018602 -0.500000
-0.297716 0.034605 -0.500000
0.151601 -0.020954 -0.500000
-0.489916 -0.015043 -0.500000
-0.194344 0.034411 -0.500000
0.079335 -0.022189 -0.500000
0.487784 -0.008498 -0.500000
0.218082 -0.019476 -0.500000
-0.351674 0.031568 -0.500000
0.259444 0.010082 -0.500000
0.411519 -0.013472 -0.500000
0.109142 -0.021730 -0.500000
0.040673 -0.022673 -0.500000
-0.180121 -0.022167 -0.500000
0.042968 0.024295 -0.500000
0.459527 -0.005986 -0.500000
0.113638 0.020049 -0.500000
-0.200844 0.034561 -0.500000
-0.220446 0.034937 -0.500000
-0.434838 0.019121 -0.500000
-0.092311 0.031023 -0.500000
0.485507 -0.010465 -0.500000
0.281714 0.008431 -0.500000
0.493132 -0.008981 -0.500000
-0.373645 -0.018079 -0.500000
0.479586 -0.007762 -0.500000
0.199740 -0.019915 -0.500000
-0.158910 0.033441 -0.500000
-0.101890 0.031413 -0.500000
-0.067201 0.029940 -0.500000
0.068207 -0.022342 -0.500000
0.345591 0.003510 -0.500000
0.372378 0.001363 -0.500000
-0.362300 -0.018165 -0.500000
-0.482189 0.004040 -0.500000
-0.027987 0.028085 -0.500000
0.054735 -0.022513 -0.500000
0.084545 -0.022114 -0.500000
-0.426011 0.021064 -0.500000
-0.003291 0.026826 -0.500000
0.414188 -0.002091 -0.500000
-0.159560 -0.022518 -0.500000
0.398843 -0.013945 -0.500000
-0.016794 0.027523 -0.500000
0.179408 -0.020374 -0.500000
0.081083 0.022058 -0.500000
-0.426580 -0.017991 -0.500000
0.047906 -0.022593 -0.500000
0.013981 -0.022926 -0.500000
-0.481095 -0.016478 -0.500000
0.365460 -0.015135 -0.500000
0.246998 -0.018739 -0.500000
0.403307 -0.001180 -0.500000
-0.490546 -0.014887 -0.500000
-0.471006 0.008626 -0.500000
0.012187 -0.022941 -0.500000
-0.315709 -0.018848 -0.500000
-0.186574 -0.022040 -0.500000
0.082176 -0.022149 -0.500000
-0.464516 -0.017556 -0.500000
0.374960 -0.014804 -0.500000
-0.206966 -0.021584 -0.500000
-0.353673 0.031396 -0.500000
0.295344 -0.017381 -0.500000
-0.096575 -0.023143 -0.500000
0.118214 -0.021575 -0.500000
0.010384 0.026100 -0.500000
-0.081773 0.030579 -0.500000
0.121424 0.019556 -0.500000
-0.325693 -0.018659 -0.500000
-0.300010 -0.019183 -0.500000
0.368893 -0.015016 -0.500000
-0.191218 -0.021943 -0.500000
-0.078689 -0.023211 -0.500000
-0.161053 0.033507 -0.500000
-0.097822 -0.023136 -0.500000
-0.163328 0.033575 -0.500000
0.463070 -0.006298 -0.500000
0.052049 -0.022545 -0.500000
0.130883 -0.021349 -0.500000
0.279922 -0.017831 -0.500000
0.408251 -0.001593 -0.500000
0.466816 -0.006628 -0.500000
-0.432944 -0.017984 -0.500000
0.197815 0.014478 -0.500000
0.159382 0.017086 -0.500000
0.343235 -0.015883 -0.500000
0.156513 -0.020855 -0.500000
0.437950 -0.004112 -0.500000
0.468492 -0.006776 -0.500000
-0.238895 -0.020761 -0.500000
0.163214 -0.020718 -0.500000
-0.154626 -0.022590 -0.500000
-0.356519 0.031140 -0.500000
0.008143 0.026220 -0.500000
-0.209096 0.034733 -0.500000
-0.412964 0.023612 -0.500000
-0.365186 0.030294 -0.500000
-0.302432 -0.019129 -0.500000
0.414529 -0.002120 -0.500000
0.403678 -0.001211 -0.500000
0.443287 -0.004572 -0.500000
-0.090017 0.030928 -0.500000
0.200334 0.014303 -0.500000
-0.285396 -0.019531 -0.500000
0.402457 -0.001109 -0.500000
0.271015 -0.018084 -0.500000
-0.071256 -0.023226 -0.500000
-0.100963 -0.023119 -0.500000
0.481078 -0.010657 -0.500000
0.486745 -0.010411 -0.500000
-0.057831 -0.023236 -0.500000
-0.167758 0.033706 -0.500000
0.257321 0.010238 -0.500000
0.359704 0.002385 -0.500000
-0.075090 0.030289 -0.500000
0.071284 0.022645 -0.500000
0.345383 -0.015812 -0.500000
0.064605 -0.022389 -0.500000
0.198369 -0.019946 -0.500000
0.004467 -0.023000 -0.500000
-0.248154 0.035216 -0.500000
-0.403125 -0.017989 -0.500000
0.295639 -0.017373 -0.500000
-0.192926 0.034376 -0.500000
0.210699 0.013580 -0.500000
-0.384000 0.028102 -0.500000
0.031311 -0.022770 -0.500000
-0.366126 0.030196 -0.500000
0.440027 -0.004291 -0.500000
0.479516 -0.010725 -0.500000
-0.126923 0.032368 -0.500000
-0.068678 0.030006 -0.500000
0.260909 0.009975 -0.500000
0.162493 -0.020733 -0.500000
0.323479 -0.016520 -0.500000
0.292116 -0.017477 -0.500000
0.410693 -0.001798 -0.500000
-0.386112 0.027822 -0.500000
0.361693 0.002225 -0.500000
-0.104858 0.031532 -0.500000
0.359612 -0.015335 -0.500000
-0.144558 0.032982 -0.500000
0.383996 -0.014484 -0.500000
0.401691 -0.001045 -0.500000
0.330799 0.004674 -0.500000
-0.185250 0.034185 -0.500000
-0.037917 -0.023209 -0.500000
-0.426632 0.020933 -0.500000
-0.001547 -0.023041 -0.500000
0.331492 -0.016265 -0.500000
0.315374 0.005872 -0.500000
-0.215375 -0.021378 -0.500000
-0.225072 0.035007 -0.500000
-0.374719 0.029248 -0.500000
-0.240696 0.035175 -0.500000
-0.422648 -0.017992 -0.500000
-0.290374 0.034808 -0.500000
0.168294 0.016491 -0.500000
-0.081231 0.030556 -0.500000
0.160279 -0.020779 -0.500000
0.012456 0.025988 -0.500000
-0.397429 -0.017994 -0.500000
-0.020820 0.027727 -0.500000
0.180366 0.015675 -0.500000
-0.357252 0.031072 -0.500000
-0.127482 0.032389 -0.500000
0.124787 0.019342 -0.500000
-0.042525 0.028794 -0.500000
-0.135868 -0.022829 -0.500000
-0.149543 -0.022661 -0.500000
0.128805 0.019084 -0.500000
0.144435 -0.021094 -0.500000
0.251343 0.010675 -0.500000
-0.326265 -0.018649 -0.500000
-0.460786 0.012110 -0.500000
0.006620 0.026301 -0.500000
0.056939 -0.022486 -0.500000
-0.405065 -0.017989 -0.500000
0.292562 0.007615 -0.500000
-0.257378 -0.020261 -0.500000
-0.214607 -0.021397 -0.500000
-0.088038 -0.023181 -0.500000
0.459805 -0.006011 -0.500000
-0.455785 -0.017788 -0.500000
0.228141 0.012347 -0.500000
-0.305782 0.034334 -0.500000
-0.489013 0.000548 -0.500000
0.463627 -0.011400 -0.500000
-0.419865 -0.017992 -0.500000
-0.413877 0.023445 -0.500000
0.172671 0.016196 -0.500000
-0.430388 0.020123 -0.500000
0.088203 -0.022060 -0.500000
0.421734 -0.013082 -0.500000
-0.147150 0.033067 -0.500000
-0.493333 -0.014029 -0.500000
-0.472311 0.008140 -0.500000
-0.275176 0.035091 -0.500000
0.263827 0.009760 -0.500000
-0.049814 -0.023231 -0.500000
0.499890 -0.009828 -0.500000
-0.479219 -0.016671 -0.500000
-0.108931 -0.023069 -0.500000
0.405231 -0.013708 -0.500000
0.481136 -0.010655 -0.500000
-0.489793 -0.015073 -0.500000
-0.329490 0.033182 -0.500000
-0.123869 0.032258 -0.500000
0.113411 -0.021658 -0.500000
0.487239 -0.010389 -0.500000
-0.314677 -0.018869 -0.500000
-0.414720 -0.017990 -0.500000
-0.200866 0.034561 -0.500000
0.224238 -0.019324 -0.500000
0.186656 -0.020213 -0.500000
0.146102 0.017963 -0.500000
-0.374838 0.029234 -0.500000
-0.267761 0.035171 -0.500000
-0.362361 -0.018164 -0.500000
0.209255 0.013682 -0.500000
-0.285392 -0.019531 -0.500000
-0.207525 0.034702 -0.500000
0.390870 -0.000149 -0.500000
0.356796 0.002618 -0.500000
0.498404 -0.009895 -0.500000
-0.278328 -0.019709 -0.500000
-0.469822 0.009058 -0.500000
-0.343227 -0.018382 -0.500000
-0.296925 -0.019254 -0.500000
-0.443450 0.017029 -0.500000
0.042885 -0.022649 -0.500000
-0.070625 -0.023227 -0.500000
0.425001 -0.012956 -0.500000
-0.259045 0.035218 -0.500000
0.288015 -0.017597 -0.500000
0.062026 0.023193 -0.500000
0.187318 -0.020198 -0.500000
-0.063861 0.029789 -0.500000
-0.312754 -0.018908 -0.500000
-0.314199 -0.018878 -0.500000
0.168068 -0.020617 -0.500000
-0.178110 0.033997 -0.500000
0.188116 -0.020181 -0.500000
-0.365653 0.030246 -0.500000
0.025281 0.025288 -0.500000
0.049660 0.023912 -0.500000
-0.052603 -0.023233 -0.500000
0.087994 0.021639 -0.500000
0.012952 0.025962 -0.500000
0.373429 0.001277 -0.500000
0.392661 -0.014171 -0.500000
0.319827 0.005528 -0.500000
-0.189493 -0.021979 -0.500000
0.413265 -0.013406 -0.500000
0.199050 0.014392 -0.500000
-0.038373 -0.023210 -0.500000
-0.195839 -0.021842 -0.500000
0.211734 0.013508 -0.500000
-0.067296 -0.023231 -0.500000
0.471285 -0.011077 -0.500000
0.165514 0.016677 -0.500000
-0.178889 0.034018 -0.500000
0.192733 -0.020076 -0.500000
0.170970 -0.020555 -0.500000
0.279182 -0.017852 -0.500000
-0.157400 0.033394 -0.500000
0.197372 -0.019970 -0.500000
0.281090 -0.017798 -0.500000
0.386753 -0.014385 -0.500000
-0.043137 0.028824 -0.500000
-0.054217 -0.023235 -0.500000
-0.212641 -0.021446 -0.500000
0.282114 -0.017768 -0.500000
0.249012 0.010844 -0.500000
-0.018911 -0.023139 -0.500000
0.186055 -0.020227 -0.500000
-0.364129 0.030404 -0.500000
-0.087988 0.030843 -0.500000
-0.478444 -0.016743 -0.500000
0.095022 0.021209 -0.500000
0.493174 -0.008985 -0.500000
-0.389301 -0.018010 -0.500000
0.273382 0.009053 -0.500000
-0.044072 -0.023222 -0.500000
-0.320470 -0.018755 -0.500000
0.173893 -0.020493 -0.500000
0.268560 0.009410 -0.500000
0.053016 -0.022533 -0.500000
-0.407578 -0.017988 -0.500000
0.004060 0.026438 -0.500000
-0.286257 -0.019510 -0.500000
0.185686 -0.020235 -0.500000
-0.015827 -0.023124 -0.500000
-0.372869 -0.018083 -0.500000
0.409188 -0.001671 -0.500000
-0.159724 -0.022515 -0.500000
0.134719 -0.021279 -0.500000
0.384678 0.000360 -0.500000
-0.015677 0.027466 -0.500000
0.313250 -0.016839 -0.500000
0.012516 -0.022938 -0.500000
0.479106 -0.007719 -0.500000
-0.103708 0.031486 -0.500000
-0.354841 0.031291 -0.500000
-0.134126 0.032625 -0.500000
-0.253243 -0.020373 -0.500000
-0.264354 -0.020075 -0.500000
-0.093398 0.031068 -0.500000
0.483586 -0.010548 -0.500000
0.458580 -0.005903 -0.500000
0.076796 -0.022225 -0.500000
0.321788 0.005376 -0.500000
0.282868 -0.017747 -0.500000
-0.283986 -0.019567 -0.500000
-0.498352 -0.009952 -0.500000
0.292083 -0.017478 -0.500000
0.014907 0.025855 -0.500000
0.155644 -0.020873 -0.500000
-0.361669 -0.018170 -0.500000
0.123751 -0.021478 -0.500000
0.244639 0.011162 -0.500000
0.444294 -0.004660 -0.500000
-0.068636 0.030004 -0.500000
0.256641 -0.018480 -0.500000
-0.464391 0.010941 -0.500000
0.165779 0.016659 -0.500000
0.078104 -0.022207 -0.500000
-0.029568 0.028164 -0.500000
-0.305776 0.034334 -0.500000
0.240730 0.011444 -0.500000
0.424078 -0.012992 -0.500000
0.380589 -0.014605 -0.500000
0.261773 -0.018340 -0.500000
0.363394 0.002088 -0.500000
0.182223 0.015549 -0.500000
-0.138317 -0.022801 -0.500000
0.107477 0.020436 -0.500000
0.170486 0.016343 -0.500000
-0.110821 -0.023056 -0.500000
0.137646 0.018514 -0.500000
0.105847 -0.021784 -0.500000
-0.215847 -0.021366 -0.500000
0.389135 -0.014299 -0.500000
-0.389738 0.027327 -0.500000
-0.131188 0.032521 -0.500000
0.443125 -0.012241 -0.500000
-0.378375 0.028811 -0.500000
-0.070858 0.030103 -0.500000
-0.215167 0.034847 -0.500000
-0.092663 0.031038 -0.500000
0.261491 0.009932 -0.500000
0.317276 -0.016714 -0.500000
0.286664 -0.017637 -0.500000
-0.391961 0.027012 -0.500000
-0.448935 0.015584 -0.500000
-0.331894 -0.018553 -0.500000
0.032724 -0.022756 -0.500000
0.374382 0.001200 -0.500000
0.037253 -0.022709 -0.500000
0.291035 -0.017509 -0.500000
0.219504 -0.019441 -0.500000
0.157388 -0.020838 -0.500000
-0.470544 -0.017295 -0.500000
-0.486035 0.002167 -0.500000
-0.110645 -0.023057 -0.500000
0.427709 -0.012851 -0.500000
-0.323703 0.033515 -0.500000
0.082120 -0.022150 -0.500000
-0.115335 -0.023022 -0.500000
-0.437925 0.018394 -0.500000
0.223842 0.012653 -0.500000
-0.380808 0.028511 -0.500000
0.107038 -0.021764 -0.500000
-0.167033 -0.022399 -0.500000
-0.045136 -0.023224 -0.500000
0.353970 -0.015526 -0.500000
0.243201 0.011266 -0.500000
0.205309 -0.019784 -0.500000
0.041417 0.024383 -0.500000
0.401878 -0.001061 -0.500000
0.092924 0.021337 -0.500000
0.489167 -0.010304 -0.500000
-0.069619 -0.023228 -0.500000
-0.352278 0.031517 -0.500000
0.074128 0.022476 -0.500000
-0.109261 0.031705 -0.500000
0.347269 -0.015750 -0.500000
0.464004 -0.006380 -0.500000
-0.053757 -0.023234 -0.500000
-0.275051 -0.019793 -0.500000
0.115667 -0.021619 -0.500000
0.029447 0.025056 -0.500000
-0.231761 -0.020952 -0.500000
-0.102792 -0.023108 -0.500000
0.255158 -0.018521 -0.500000
0.018391 -0.022889 -0.500000
0.136960 -0.021237 -0.500000
0.137380 0.018531 -0.500000
0.247191 0.010977 -0.500000
0.291701 0.007680 -0.500000
-0.358288 -0.018203 -0.500000
-0.152065 -0.022627 -0.500000
-0.392346 -0.018002 -0.500000
0.090516 0.021485 -0.500000
-0.335945 -0.018488 -0.500000
0.116635 0.019860 -0.500000
0.308399 -0.016988 -0.500000
-0.051635 -0.023232 -0.500000
-0.079152 -0.023210 -0.500000
0.370402 -0.014963 -0.500000
-0.213258 -0.021430 -0.500000
-0.130711 -0.022884 -0.500000
0.148545 0.017802 -0.500000
-0.277955 0.035053 -0.500000
-0.141791 -0.022760 -0.500000
-0.475833 -0.016960 -0.500000
0.160803 0.016992 -0.500000
-0.036060 0.028482 -0.500000
-0.347559 0.031911 -0.500000
-0.224559 -0.021142 -0.500000
-0.044826 0.028905 -0.500000
0.276363 -0.017933 -0.500000
0.129103 0.019065 -0.500000
0.146919 -0.021046 -0.500000
0.229234 -0.019198 -0.500000
0.363917 -0.015188 -0.500000
-0.241273 -0.020697 -0.500000
-0.380639 -0.018041 -0.500000
-0.402314 0.025436 -0.500000
0.376042 -0.014766 -0.500000
0.048661 0.023969 -0.500000
-0.151998 -0.022628 -0.500000
0.271711 -0.018064 -0.500000
-0.288405 -0.019458 -0.500000
0.015851 -0.022911 -0.500000
-0.434233 0.019259 -0.500000
0.482826 -0.008052 -0.500000
-0.124527 0.032281 -0.500000
0.459922 -0.011554 -0.500000
0.018177 0.025678 -0.500000
-0.145403 0.033010 -0.500000
0.187228 0.015207 -0.500000
-0.165405 0.033637 -0.500000
-0.490003 -0.015022 -0.500000
0.413994 -0.013378 -0.500000
-0.390484 0.027221 -0.500000
0.014377 -0.022923 -0.500000
-0.399124 -0.017992 -0.500000
-0.326998 0.033329 -0.500000
0.416718 -0.013275 -0.500000
0.468952 -0.006817 -0.500000
-0.020805 0.027726 -0.500000
-0.405561 -0.017988 -0.500000
-0.167943 -0.022384 -0.500000
-0.342574 -0.018391 -0.500000
0.079161 -0.022192 -0.500000
0.478376 -0.010774 -0.500000
0.294065 0.007501 -0.500000
-0.272153 -0.019869 -0.500000
-0.043553 -0.023221 -0.500000
0.488444 -0.010336 -0.500000
0.158740 0.017129 -0.500000
0.348886 0.003248 -0.500000
-0.350210 -0.018292 -0.500000
0.499533 -0.009844 -0.500000
-0.081600 0.030571 -0.500000
-0.064971 -0.023233 -0.500000
-0.167206 0.033690 -0.500000
-0.145790 -0.022710 -0.500000
0.259958 0.010045 -0.500000
0.274564 -0.017984 -0.500000
0.362457 0.002164 -0.500000
-0.198968 -0.021772 -0.500000
-0.419611 -0.017992 -0.500000
-0.143150 0.032934 -0.500000
-0.175039 -0.022261 -0.500000
0.340863 -0.015961 -0.500000
-0.458567 -0.017729 -0.500000
0.401254 -0.013856 -0.500000
-0.386386 0.027786 -0.500000
-0.450262 0.015220 -0.500000
-0.121125 0.032156 -0.500000
-0.130444 0.032495 -0.500000
0.264727 -0.018259 -0.500000
-0.043567 0.028844 -0.500000
-0.378614 -0.018051 -0.500000
0.335475 -0.016136 -0.500000
0.159822 0.017057 -0.500000
0.433659 -0.012617 -0.500000
0.307155 0.006504 -0.500000
0.323237 0.005263 -0.500000
-0.292061 0.034764 -0.500000
-0.154274 -0.022595 -0.500000
-0.128188 0.032414 -0.500000
0.140470 -0.021170 -0.500000
-0.127400 -0.022916 -0.500000
-0.419767 0.022329 -0.500000
0.090270 -0.022029 -0.500000
-0.286715 0.034891 -0.500000
0.092862 -0.021990 -0.500000
0.113617 0.020051 -0.500000
0.230521 -0.019166 -0.500000
0.474858 -0.007341 -0.500000
0.443294 -0.004573 -0.500000
0.376690 0.001012 -0.500000
-0.231657 0.035091 -0.500000
-0.363222 -0.018156 -0.500000
0.441389 -0.012310 -0.500000
0.148327 -0.021018 -0.500000
0.448370 -0.005013 -0.500000
0.352920 0.002927 -0.500000
0.232497 -0.019116 -0.500000
0.075756 0.022378 -0.500000
-0.084165 0.030681 -0.500000
-0.405123 -0.017989 -0.500000
-0.486315 0.002022 -0.500000
0.329792 0.004753 -0.500000
0.097771 -0.021914 -0.500000
-0.258002 0.035220 -0.500000
-0.397657 -0.017994 -0.500000
0.170957 0.016312 -0.500000
-0.013973 0.027379 -0.500000
0.094308 0.021252 -0.500000
0.175198 -0.020465 -0.500000
-0.053825 0.029328 -0.500000
-0.321676 -0.018733 -0.500000
0.177061 -0.020425 -0.500000
-0.022446 -0.023155 -0.500000
-0.201042 0.034565 -0.500000
-0.152325 0.033234 -0.500000
0.133368 0.018791 -0.500000
0.076683 0.022323 -0.500000
0.111581 -0.021689 -0.500000
0.164075 0.016773 -0.500000
-0.457494 -0.017753 -0.500000
0.171022 -0.020554 -0.500000
-0.210060 -0.021510 -0.500000
-0.313139 -0.018900 -0.500000
-0.413904 0.023440 -0.500000
-0.360367 0.030777 -0.500000
-0.006744 0.027006 -0.500000
-0.432887 -0.017984 -0.500000
-0.203164 -0.021675 -0.500000
0.141227 -0.021156 -0.500000
-0.434068 0.019297 -0.500000
-0.416928 -0.017991 -0.500000
0.399656 -0.013915 -0.500000
0.089614 0.021540 -0.500000
-0.026029 -0.023170 -0.500000
0.327172 0.004957 -0.500000
-0.083599 -0.023197 -0.500000
-0.343950 -0.018372 -0.500000
-0.282270 0.034980 -0.500000
-0.231275 -0.020965 -0.500000
-0.371905 0.029570 -0.500000
0.093882 -0.021974 -0.500000
-0.409856 -0.017989 -0.500000
0.276891 -0.017918 -0.500000
0.047230 -0.022601 -0.500000
-0.493988 -0.002736 -0.500000
-0.429548 0.020308 -0.500000
-0.064694 0.029827 -0.500000
0.279808 0.008574 -0.500000
-0.435922 -0.017976 -0.500000
0.030954 0.024972 -0.500000
-0.039320 -0.023212 -0.500000
0.125809 0.019276 -0.500000
-0.384608 0.028022 -0.500000
-0.280967 -0.019642 -0.500000
0.023401 -0.022845 -0.500000
-0.346084 -0.018344 -0.500000
0.261237 -0.018355 -0.500000
0.048166 -0.022590 -0.500000
0.274347 0.008981 -0.500000
0.045940 -0.022615 -0.500000
-0.163692 -0.022454 -0.500000
-0.019914 0.027681 -0.500000
0.394553 -0.014102 -0.500000
-0.469046 0.009337 -0.500000
0.083358 0.021920 -0.500000
-0.229396 -0.021014 -0.500000
-0.285493 0.034917 -0.500000
0.127251 0.019184 -0.500000
0.252467 0.010593 -0.500000
-0.381532 -0.018037 -0.500000
0.129877 0.019016 -0.500000
-0.145571 -0.022713 -0.500000
0.214718 -0.019558 -0.500000
0.308411 -0.016988 -0.500000
-0.017898 -0.023135 -0.500000
-0.487288 -0.015595 -0.500000
0.396239 -0.000593 -0.500000
-0.025431 -0.023168 -0.500000
-0.424680 -0.017992 -0.500000
-0.424145 0.021451 -0.500000
0.099997 0.020902 -0.500000
0.182149 -0.020313 -0.500000
0.021462 -0.022862 -0.500000
-0.262058 0.035207 -0.500000
0.082343 -0.022146 -0.500000
-0.477964 -0.016786 -0.500000
-0.170862 0.033795 -0.500000
0.461295 -0.006141 -0.500000
-0.096398 0.031191 -0.500000
0.054018 0.023660 -0.500000
-0.382107 0.028345 -0.500000
0.018918 0.025637 -0.500000
0.208761 0.013716 -0.500000
-0.194547 -0.021871 -0.500000
-0.200674 0.034557 -0.500000
-0.002970 -0.023050 -0.500000
0.270553 -0.018097 -0.500000
-0.438177 0.018334 -0.500000
-0.279294 -0.019685 -0.500000
-0.491232 -0.000799 -0.500000
-0.140123 0.032832 -0.500000
0.061905 0.023200 -0.500000
0.061342 0.023233 -0.500000
0.051472 0.023807 -0.500000
0.494730 -0.010058 -0.500000
0.048947 -0.022581 -0.500000
0.459132 -0.011587 -0.500000
0.119481 0.019680 -0.500000
0.221858 -0.019383 -0.500000
0.396456 -0.014033 -0.500000
0.133016 -0.021310 -0.500000
-0.313016 0.034039 -0.500000
-0.376051 -0.018064 -0.500000
0.395456 -0.014069 -0.500000
0.092786 0.021346 -0.500000
-0.482627 0.003837 -0.500000
0.438761 -0.004182 -0.500000
-0.276413 -0.019758 -0.500000
-0.476996 0.006298 -0.500000
0.104784 -0.021801 -0.500000
-0.007755 -0.023080 -0.500000
0.451840 -0.005314 -0.500000
-0.082475 -0.023200 -0.500000
0.205566 -0.019778 -0.500000
0.084611 0.021845 -0.500000
0.418117 -0.013221 -0.500000
0.134902 -0.021275 -0.500000
0.098896 -0.021896 -0.500000
-0.495366 -0.003893 -0.500000
0.373945 0.001236 -0.500000
0.479692 -0.010717 -0.500000
-0.119544 -0.022988 -0.500000
-0.085352 -0.023190 -0.500000
0.373619 -0.014851 -0.500000
-0.203864 -0.021659 -0.500000
-0.016599 -0.023128 -0.500000
0.080738 -0.022169 -0.500000
-0.036448 -0.023205 -0.500000
-0.359270 -0.018193 -0.500000
0.083995 -0.022122 -0.500000
-0.427321 0.020787 -0.500000
0.372340 -0.014896 -0.500000
-0.431671 0.019839 -0.500000
-0.335273 0.032815 -0.500000
0.206064 0.013905 -0.500000
0.362176 -0.015247 -0.500000
0.138487 -0.021208 -0.500000
-0.013276 -0.023111 -0.500000
0.394925 -0.000484 -0.500000
-0.485713 -0.015865 -0.500000
0.460640 -0.011524 -0.500000
-0.362429 0.030573 -0.500000
-0.434415 -0.017981 -0.500000
0.294243 0.007487 -0.500000
-0.427195 -0.017991 -0.500000
-0.464988 -0.017539 -0.500000
-0.370663 -0.018098 -0.500000
-0.352266 -0.018267 -0.500000
0.167420 -0.020630 -0.500000
0.298450 -0.017289 -0.500000
0.019786 -0.022877 -0.500000
0.295324 0.007406 -0.500000
0.085824 -0.022096 -0.500000
-0.093173 -0.023159 -0.500000
0.247114 -0.018736 -0.500000
0.439972 -0.004287 -0.500000
-0.356263 -0.018223 -0.500000
-0.040556 -0.023215 -0.500000
-0.051621 -0.023232 -0.500000
0.370643 0.001503 -0.500000
-0.181570 -0.022139 -0.500000
-0.452598 0.014565 -0.500000
0.329209 -0.016338 -0.500000
0.287855 -0.017602 -0.500000
-0.098686 0.031285 -0.500000
0.452178 -0.005344 -0.500000
0.207748 -0.019726 -0.500000
-0.021502 0.027761 -0.500000
-0.408371 -0.017988 -0.500000
0.255560 -0.018510 -0.500000
0.396678 -0.000629 -0.500000
0.458854 -0.011599 -0.500000
-0.240116 -0.020728 -0.500000
0.460614 -0.006082 -0.500000
-0.119420 0.032093 -0.500000
-0.144875 -0.022722 -0.500000
-0.283007 -0.019591 -0.500000
0.220250 0.012908 -0.500000
-0.173373 0.033866 -0.500000
-0.433727 0.019375 -0.500000
0.162661 -0.020730 -0.500000
-0.343281 -0.018381 -0.500000
0.326988 -0.016409 -0.500000
-0.432642 0.019622 -0.500000
-0.093561 -0.023158 -0.500000
-0.446029 0.016361 -0.500000
0.265938 -0.018226 -0.500000
-0.061218 -0.023235 -0.500000
0.053378 -0.022529 -0.500000
-0.476789 0.006383 -0.500000
0.031517 -0.022768 -0.500000
-0.498410 -0.008428 -0.500000
-0.270152 -0.019921 -0.500000
0.461545 -0.011487 -0.500000
-0.098042 -0.023135 -0.500000
-0.078295 0.030429 -0.500000
0.124555 0.019357 -0.500000
0.193406 0.014782 -0.500000
-0.081425 0.030564 -0.500000
-0.398383 0.026057 -0.500000
0.181761 -0.020322 -0.500000
0.468062 -0.011214 -0.500000
-0.313475 -0.018893 -0.500000
0.431736 -0.003580 -0.500000
0.391488 -0.014214 -0.500000
0.254990 -0.018525 -0.500000
0.141201 0.018283 -0.500000
-0.084001 0.030674 -0.500000
0.274120 -0.017996 -0.500000
0.341456 -0.015941 -0.500000
-0.149540 0.033145 -0.500000
-0.340707 -0.018417 -0.500000
0.139078 0.018421 -0.500000
-0.193285 -0.021898 -0.500000
-0.258767 -0.020224 -0.500000
-0.400106 0.025788 -0.500000
-0.063553 -0.023235 -0.500000
-0.192013 -0.021926 -0.500000
-0.194881 0.034424 -0.500000
0.440551 -0.004336 -0.500000
0.285642 -0.017666 -0.500000
0.271750 -0.018063 -0.500000
0.238523 -0.018961 -0.500000
-0.151672 -0.022633 -0.500000
-0.179750 -0.022174 -0.500000
-0.315525 0.033926 -0.500000
-0.198269 0.034502 -0.500000
0.234459 0.011895 -0.500000
0.180606 0.015659 -0.500000
0.354447 0.002806 -0.500000
-0.040240 0.028685 -0.500000
0.044642 -0.022629 -0.500000
0.090635 0.021478 -0.500000
0.431113 -0.012718 -0.500000
0.336051 -0.016118 -0.500000
-0.310742 -0.018949 -0.500000
-0.098702 0.031285 -0.500000
-0.445311 0.016549 -0.500000
-0.100920 -0.023119 -0.500000
-0.378454 -0.018052 -0.500000
0.493938 -0.010094 -0.500000
0.443108 -0.004557 -0.500000
0.049504 -0.022574 -0.500000
-0.248361 -0.020505 -0.500000
0.404755 -0.013726 -0.500000
0.021747 0.025482 -0.500000
-0.155027 0.033320 -0.500000
0.206747 0.013857 -0.500000
0.203709 -0.019822 -0.500000
-0.434006 -0.017982 -0.500000
-0.240024 -0.020730 -0.500000
-0.289127 0.034839 -0.500000
0.384074 -0.014481 -0.500000
-0.120086 -0.022983 -0.500000
-0.328969 -0.018602 -0.500000
-0.242824 0.035190 -0.500000
-0.095522 -0.023148 -0.500000
0.431231 -0.012713 -0.500000
0.432068 -0.012680 -0.500000
-0.185215 0.034184 -0.500000
-0.179068 -0.022187 -0.500000
0.464469 -0.006421 -0.500000
0.205110 -0.019789 -0.500000
0.089526 -0.022040 -0.500000
-0.013497 -0.023112 -0.500000
-0.001240 -0.023039 -0.500000
-0.047070 -0.023227 -0.500000
0.215862 -0.019530 -0.500000
0.101162 -0.021860 -0.500000
0.310034 -0.016938 -0.500000
0.500381 -0.009640 -0.500000
-0.285075 0.034926 -0.500000
0.207959 0.013772 -0.500000
-0.313335 0.034025 -0.500000
-0.368861 0.029906 -0.500000
-0.035796 -0.023203 -0.500000
-0.270116 -0.019922 -0.500000
0.059046 -0.022460 -0.500000
-0.490766 -0.014830 -0.500000
-0.385674 -0.018021 -0.500000
0.092982 0.021334 -0.500000
0.061882 -0.022424 -0.500000
0.152609 -0.020934 -0.500000
-0.075212 0.030294 -0.500000
-0.460679 0.012144 -0.500000
0.061089 0.023247 -0.500000
-0.334406 0.032872 -0.500000
-0.452991 -0.017836 -0.500000
-0.249056 0.035218 -0.500000
0.497693 -0.009395 -0.500000
-0.496725 -0.005279 -0.500000
0.388345 0.000059 -0.500000
0.025549 -0.022825 -0.500000
-0.397808 -0.017994 -0.500000
0.466333 -0.011286 -0.500000
0.204250 0.014031 -0.500000
-0.159134 -0.022524 -0.500000
0.048509 -0.022586 -0.500000
-0.466490 -0.017482 -0.500000
0.133727 -0.021297 -0.500000
0.497418 -0.009370 -0.500000
0.227396 0.012400 -0.500000
-0.209735 -0.021518 -0.500000
0.118963 -0.021562 -0.500000
0.433419 -0.003724 -0.500000
0.418763 -0.013197 -0.500000
0.178990 0.015769 -0.500000
0.045951 -0.022615 -0.500000
0.135610 -0.021262 -0.500000
0.061888 -0.022424 -0.500000
0.361606 0.002232 -0.500000
-0.252114 -0.020404 -0.500000
0.495997 -0.010002 -0.500000
0.447344 -0.012070 -0.500000
-0.431277 0.019928 -0.500000
0.499587 -0.009842 -0.500000
0.448135 -0.012038 -0.500000
-0.235259 0.035129 -0.500000
-0.077740 -0.023213 -0.500000
0.446758 -0.012094 -0.500000
-0.028931 -0.023181 -0.500000
-0.346761 -0.018335 -0.500000
-0.398755 0.025998 -0.500000
0.379963 0.000746 -0.500000
-0.235994 0.035137 -0.500000
0.000611 0.026621 -0.500000
0.143324 -0.021116 -0.500000
0.168105 -0.020616 -0.500000
-0.402363 0.025428 -0.500000
0.155290 0.017358 -0.500000
-0.338360 0.032604 -0.500000
-0.243951 0.035195 -0.500000
0.453976 -0.005501 -0.500000
0.056668 -0.022489 -0.500000
-0.179136 0.034025 -0.500000
0.292979 -0.017451 -0.500000
0.227875 0.012366 -0.500000
-0.446465 -0.017916 -0.500000
0.390231 -0.014260 -0.500000
0.089204 -0.022045 -0.500000
-0.247178 0.035211 -0.500000
0.010397 0.026099 -0.500000
-0.215402 0.034852 -0.500000
0.227089 0.012422 -0.500000
-0.076060 0.030332 -0.500000
-0.033327 0.028349 -0.500000
0.475861 -0.010882 -0.500000
0.264944 -0.018253 -0.500000
0.377096 -0.014729 -0.500000
-0.433899 0.019336 -0.500000
0.086951 0.021702 -0.500000
-0.384175 0.028079 -0.500000
0.104664 -0.021803 -0.500000
-0.458431 0.012843 -0.500000
-0.054971 -0.023235 -0.500000
-0.455589 -0.017791 -0.500000
0.095300 -0.021952 -0.500000
0.033815 0.024812 -0.500000
-0.120967 0.032150 -0.500000
0.196287 0.014584 -0.500000
0.054131 0.023653 -0.500000
0.421042 -0.002670 -0.500000
-0.383945 -0.018027 -0.500000
-0.385718 -0.018021 -0.500000
-0.359071 0.030900 -0.500000
-0.064384 -0.023234 -0.500000
-0.428997 0.020427 -0.500000
-0.026126 0.027993 -0.500000
-0.385554 -0.018021 -0.500000
0.200268 0.014308 -0.500000
-0.177467 0.033980 -0.500000
0.091751 0.021409 -0.500000
0.432797 -0.003670 -0.500000
0.297530 0.007238 -0.500000
-0.226546 0.035026 -0.500000
0.493250 -0.008992 -0.500000
-0.137831 0.032754 -0.500000
0.189096 -0.020158 -0.500000
-0.085360 -0.023190 -0.500000
0.371805 0.001409 -0.500000
0.328333 -0.016366 -0.500000
0.366522 -0.015098 -0.500000
-0.421941 0.021898 -0.500000
0.212072 0.013484 -0.500000
-0.284817 0.034932 -0.500000
0.041387 -0.022665 -0.500000
-0.121907 -0.022967 -0.500000
0.489435 -0.008647 -0.500000
-0.268314 -0.019970 -0.500000
-0.005635 -0.023067 -0.500000
-0.346358 -0.018340 -0.500000
-0.271781 0.035133 -0.500000
-0.009948 0.027172 -0.500000
-0.236917 -0.020814 -0.500000
0.342288 -0.015914 -0.500000
0.425858 -0.003078 -0.500000
0.296335 -0.017352 -0.500000
-0.245199 -0.020591 -0.500000
-0.027046 -0.023174 -0.500000
0.135139 -0.021271 -0.500000
0.160353 0.017022 -0.500000
-0.458080 0.012950 -0.500000
-0.267792 0.035171 -0.500000
-0.293398 0.034730 -0.500000
-0.426607 0.020938 -0.500000
-0.024677 0.027920 -0.500000
0.449925 -0.005148 -0.500000
0.273253 -0.018021 -0.500000
-0.307824 0.034254 -0.500000
0.366219 -0.015108 -0.500000
-0.006851 -0.023075 -0.500000
0.168921 0.016449 -0.500000
-0.474864 -0.017030 -0.500000
-0.471698 0.008370 -0.500000
-0.017411 -0.023132 -0.500000
-0.307708 0.034259 -0.500000
-0.069329 0.030035 -0.500000
0.156134 -0.020863 -0.500000
-0.241145 -0.020700 -0.500000
-0.199955 -0.021749 -0.500000
-0.472176 0.008191 -0.500000
-0.498392 -0.008331 -0.500000
-0.150467 0.033175 -0.500000
-0.349446 -0.018301 -0.500000
-0.119220 -0.022991 -0.500000
0.244248 -0.018811 -0.500000
0.189551 -0.020148 -0.500000
-0.075199 -0.023219 -0.500000
0.450864 -0.011927 -0.500000
0.290182 -0.017534 -0.500000
0.072429 0.022577 -0.500000
-0.175149 0.033915 -0.500000
-0.290457 -0.019407 -0.500000
-0.285850 -0.019520 -0.500000
-0.052444 0.029264 -0.500000
0.127761 -0.021406 -0.500000
-0.168444 0.033726 -0.500000
0.211205 -0.019643 -0.500000
0.463612 -0.011400 -0.500000
0.460123 -0.006039 -0.500000
0.325157 -0.016467 -0.500000
-0.340414 0.032458 -0.500000
0.242884 -0.018847 -0.500000
-0.379450 0.028679 -0.500000
-0.237485 -0.020799 -0.500000
-0.371259 -0.018094 -0.500000
0.384211 0.000398 -0.500000
-0.053954 0.029335 -0.500000
0.108207 -0.021745 -0.500000
-0.492973 -0.001977 -0.500000
0.470045 -0.006913 -0.500000
0.006560 0.026305 -0.500000
-0.367225 0.030082 -0.500000
-0.130877 0.032510 -0.500000
-0.106573 -0.023085 -0.500000
0.058569 0.023395 -0.500000
0.396860 -0.014018 -0.500000
-0.307259 -0.019023 -0.500000
0.490343 -0.008729 -0.500000
0.500423 -0.009804 -0.500000
0.422774 -0.002817 -0.500000
-0.127054 0.032373 -0.500000
0.341450 -0.015942 -0.500000
0.050183 0.023881 -0.500000
0.401689 -0.013840 -0.500000
0.172363 0.016217 -0.500000
0.045263 -0.022623 -0.500000
-0.377263 0.028947 -0.500000
-0.172660 0.033847 -0.500000
-0.319536 -0.018773 -0.500000
-0.317992 0.033808 -0.500000
-0.485385 0.002499 -0.500000
-0.183419 0.034138 -0.500000
0.136836 0.018566 -0.500000
0.171819 -0.020537 -0.500000
0.080124 0.022116 -0.500000
0.202516 0.014152 -0.500000
-0.463152 0.011349 -0.500000
-0.457674 -0.017749 -0.500000
0.239062 -0.018947 -0.500000
-0.067040 0.029932 -0.500000
-0.223975 -0.021157 -0.500000
-0.466972 0.010065 -0.500000
-0.212079 -0.021460 -0.500000
0.352378 -0.015579 -0.500000
-0.433900 0.019335 -0.500000
0.146465 -0.021055 -0.500000
0.367048 0.001794 -0.500000
-0.075930 0.030326 -0.500000
0.018911 -0.022885 -0.500000
-0.333106 -0.018533 -0.500000
0.105582 0.020554 -0.500000
0.464200 -0.006397 -0.500000
0.291058 -0.017508 -0.500000
0.472101 -0.011042 -0.500000
0.467426 -0.011240 -0.500000
-0.032119 -0.023192 -0.500000
-0.294739 -0.019306 -0.500000
0.442099 -0.012282 -0.500000
0.343731 0.003657 -0.500000
0.093417 -0.021981 -0.500000
-0.008252 0.027084 -0.500000
0.192151 -0.020089 -0.500000
0.036497 -0.022717 -0.500000
0.080397 -0.022174 -0.500000
0.001849 0.026555 -0.500000
0.257073 0.010256 -0.500000
-0.163162 0.033570 -0.500000
0.461189 -0.011502 -0.500000
0.451987 -0.011881 -0.500000
-0.203880 -0.021658 -0.500000
0.022257 -0.022855 -0.500000
0.007700 0.026244 -0.500000
0.165605 0.016671 -0.500000
-0.473850 0.007553 -0.500000
0.387802 -0.014347 -0.500000
-0.289080 0.034840 -0.500000
0.166027 -0.020660 -0.500000
0.007922 0.026232 -0.500000
0.454049 -0.005507 -0.500000
-0.468884 -0.017378 -0.500000
-0.203905 -0.021658 -0.500000
0.250924 -0.018634 -0.500000
0.135972 0.018622 -0.500000
0.416342 -0.002273 -0.500000
0.131868 -0.021331 -0.500000
0.006799 0.026292 -0.500000
0.417321 -0.002355 -0.500000
-0.458940 -0.017720 -0.500000
0.338811 0.004045 -0.500000
-0.293347 0.034731 -0.500000
0.209508 -0.019684 -0.500000
-0.032957 0.028331 -0.500000
0.389985 -0.000076 -0.500000
0.259211 -0.018411 -0.500000
-0.184218 -0.022087 -0.500000
0.159530 -0.020794 -0.500000
0.031352 -0.022769 -0.500000
0.272185 0.009142 -0.500000
-0.179924 -0.022171 -0.500000
-0.392067 -0.018003 -0.500000
-0.464820 -0.017545 -0.500000
0.040749 0.024421 -0.500000
0.061620 -0.022427 -0.500000
0.468900 -0.011178 -0.500000
-0.084963 0.030715 -0.500000
0.398520 -0.000782 -0.500000
-0.463307 0.011298 -0.500000
0.327352 -0.016397 -0.500000
0.282811 -0.017748 -0.500000
-0.452229 0.014670 -0.500000
-0.177512 -0.022215 -0.500000
0.092339 -0.021998 -0.500000
-0.293951 0.034715 -0.500000
-0.257177 0.035221 -0.500000
-0.472684 0.007999 -0.500000
-0.157537 -0.022549 -0.500000
-0.139856 0.032823 -0.500000
-0.337926 0.032635 -0.500000
0.158855 0.017121 -0.500000
0.478940 -0.010750 -0.500000
-0.440040 0.017881 -0.500000
0.341974 -0.015924 -0.500000
-0.014986 0.027431 -0.500000
0.067976 -0.022345 -0.500000
0.447622 -0.012059 -0.500000
0.390600 -0.014246 -0.500000
-0.285450 0.034918 -0.500000
-0.421424 0.022002 -0.500000
0.255022 0.010406 -0.500000
-0.240909 -0.020707 -0.500000
-0.153153 -0.022612 -0.500000
-0.188990 0.034280 -0.500000
0.439707 -0.004264 -0.500000
0.468675 -0.006792 -0.500000
0.334636 0.004373 -0.500000
-0.086998 -0.023184 -0.500000
0.361986 0.002202 -0.500000
0.048717 -0.022583 -0.500000
0.098049 -0.021909 -0.500000
-0.148942 0.033126 -0.500000
-0.458774 0.012738 -0.500000
0.036470 0.024663 -0.500000
0.205867 -0.019771 -0.500000
-0.032952 -0.023194 -0.500000
-0.436788 -0.017974 -0.500000
0.202067 0.014183 -0.500000
-0.379877 0.028627 -0.500000
0.357137 0.002590 -0.500000
-0.123269 -0.022955 -0.500000
-0.118506 0.032059 -0.500000
0.355893 -0.015461 -0.500000
-0.013379 -0.023112 -0.500000
0.313661 -0.016827 -0.500000
0.313516 0.006015 -0.500000
-0.197925 0.034494 -0.500000
-0.135910 0.032687 -0.500000
-0.129576 -0.022895 -0.500000
0.199324 -0.019924 -0.500000
-0.096486 -0.023143 -0.500000
0.436194 -0.003962 -0.500000
-0.202158 0.034589 -0.500000
0.045197 0.024168 -0.500000
-0.451543 -0.017857 -0.500000
0.386579 -0.014391 -0.500000
-0.098874 -0.023131 -0.500000
-0.346374 0.032006 -0.500000
0.481446 -0.007929 -0.500000
-0.218234 -0.021305 -0.500000
0.289661 0.007834 -0.500000
-0.493021 -0.014142 -0.500000
-0.004073 0.026867 -0.500000
0.458074 -0.011631 -0.500000
-0.431421 -0.017987 -0.500000
0.329186 0.004800 -0.500000
-0.227036 0.035033 -0.500000
0.490833 -0.008773 -0.500000
0.206458 -0.019757 -0.500000
0.130606 0.018969 -0.500000
-0.405839 0.024857 -0.500000
0.081201 -0.022163 -0.500000
0.326477 -0.016425 -0.500000
-0.220030 -0.021259 -0.500000
0.128569 -0.021392 -0.500000
-0.291507 0.034778 -0.500000
-0.167463 0.033697 -0.500000
0.332441 -0.016234 -0.500000
0.453788 -0.011807 -0.500000
-0.153378 0.033268 -0.500000
0.195317 -0.020017 -0.500000
-0.266747 0.035180 -0.500000
-0.466122 0.010357 -0.500000
-0.171547 0.033815 -0.500000
0.477893 -0.007611 -0.500000
0.241836 -0.018875 -0.500000
0.339563 -0.016003 -0.500000
0.284792 -0.017691 -0.500000
-0.152193 0.033230 -0.500000
-0.120762 -0.022977 -0.500000
0.050518 -0.022563 -0.500000
0.043356 -0.022644 -0.500000
0.290895 -0.017513 -0.500000
0.025149 -0.022829 -0.500000
-0.141026 -0.022769 -0.500000
0.355313 0.002736 -0.500000
-0.421768 0.021933 -0.500000
-0.086818 -0.023185 -0.500000
0.124901 -0.021458 -0.500000
0.013373 -0.022931 -0.500000
0.091905 -0.022004 -0.500000
-0.481345 -0.016450 -0.500000
-0.284208 -0.019561 -0.500000
-0.196259 -0.021833 -0.500000
0.440513 -0.012345 -0.500000
0.326738 0.004991 -0.500000
-0.081142 0.030552 -0.500000
0.237834 -0.018979 -0.500000
-0.012738 -0.023108 -0.500000
0.447926 -0.004974 -0.500000
-0.181143 -0.022147 -0.500000
-0.051490 0.029219 -0.500000
-0.464348 0.010955 -0.500000
-0.197052 -0.021816 -0.500000
-0.150461 -0.022649 -0.500000
-0.273792 -0.019826 -0.500000
0.089453 -0.022041 -0.500000
0.275153 0.008921 -0.500000
-0.025883 0.027981 -0.500000
-0.256259 0.035223 -0.500000
0.033511 0.024829 -0.500000
0.095194 -0.021954 -0.500000
0.302130 -0.017178 -0.500000
0.276916 0.008790 -0.500000
0.383322 0.000471 -0.500000
-0.057754 0.029510 -0.500000
0.284665 0.008210 -0.500000
0.038414 0.024553 -0.500000
-0.072530 -0.023224 -0.500000
-0.100060 -0.023124 -0.500000
0.083391 -0.022131 -0.500000
0.061346 0.023232 -0.500000
0.439033 -0.012404 -0.500000
-0.264894 0.035191 -0.500000
-0.010352 0.027193 -0.500000
0.172249 -0.020528 -0.500000
0.045400 -0.022621 -0.500000
0.079923 0.022128 -0.500000
0.127430 0.019173 -0.500000
-0.265419 0.035188 -0.500000
-0.184004 0.034154 -0.500000
0.304502 0.006707 -0.500000
-0.363305 -0.018155 -0.500000
0.410667 -0.013504 -0.500000
0.290279 0.007787 -0.500000
0.288990 0.007884 -0.500000
0.416142 -0.002256 -0.500000
-0.338418 0.032600 -0.500000
0.155258 0.017360 -0.500000
-0.408750 -0.017988 -0.500000
-0.048542 0.029081 -0.500000
-0.073816 0.030233 -0.500000
0.256638 0.010288 -0.500000
-0.024679 -0.023165 -0.500000
0.490983 -0.010224 -0.500000
0.253863 -0.018556 -0.500000
-0.170991 -0.022332 -0.500000
-0.033273 -0.023195 -0.500000
0.438766 -0.012415 -0.500000
0.183963 -0.020273 -0.500000
-0.136381 0.032704 -0.500000
-0.110926 0.031769 -0.500000
0.193312 0.014789 -0.500000
0.487476 -0.008470 -0.500000
0.387825 0.000102 -0.500000
0.030530 0.024996 -0.500000
-0.103268 -0.023106 -0.500000
0.243870 -0.018821 -0.500000
0.290536 0.007768 -0.500000
-0.371782 -0.018091 -0.500000
-0.056188 -0.023235 -0.500000
0.347136 0.003387 -0.500000
0.322959 0.005285 -0.500000
-0.338735 -0.018446 -0.500000
-0.235100 0.035127 -0.500000
-0.051977 -0.023233 -0.500000
-0.175600 0.033928 -0.500000
-0.021914 -0.023153 -0.500000
-0.200955 0.034563 -0.500000
0.434142 -0.003786 -0.500000
-0.168526 -0.022375 -0.500000
0.333465 -0.016201 -0.500000
-0.073720 -0.023222 -0.500000
0.189975 -0.020139 -0.500000
0.142836 0.018176 -0.500000
0.206504 0.013874 -0.500000
0.381211 -0.014583 -0.500000
0.285855 -0.017660 -0.500000
0.207948 0.013773 -0.500000
-0.223182 0.034979 -0.500000
0.404802 -0.013724 -0.500000
-0.413495 0.023515 -0.500000
0.476059 -0.010873 -0.500000
-0.298683 0.034576 -0.500000
-0.257487 0.035221 -0.500000
-0.366120 -0.018132 -0.500000
0.366226 0.001860 -0.500000
0.127284 -0.021415 -0.500000
0.000129 0.026646 -0.500000
-0.330996 0.033090 -0.500000
-0.448239 -0.017898 -0.500000
-0.294729 0.034695 -0.500000
-0.379144 -0.018048 -0.500000
-0.262841 0.035202 -0.500000
-0.360886 0.030727 -0.500000
0.119794 0.019660 -0.500000
-0.353171 0.031441 -0.500000
-0.284043 0.034948 -0.500000
-0.217717 -0.021318 -0.500000
-0.064282 0.029808 -0.500000
0.475185 -0.007370 -0.500000
-0.157360 0.033393 -0.500000
0.025959 0.025250 -0.500000
0.241939 -0.018872 -0.500000
-0.390617 0.027203 -0.500000
-0.447087 -0.017910 -0.500000
-0.160130 0.033478 -0.500000
0.301734 -0.017190 -0.500000
0.258321 -0.018435 -0.500000
0.081101 0.022057 -0.500000
-0.028152 -0.023178 -0.500000
0.174833 0.016050 -0.500000
-0.415768 -0.017990 -0.500000
-0.397034 -0.017994 -0.500000
-0.241846 -0.020681 -0.500000
-0.406293 0.024779 -0.500000
0.358310 0.002497 -0.500000
0.229276 0.012266 -0.500000
0.199345 -0.019924 -0.500000
0.382738 -0.014529 -0.500000
0.155059 -0.020885 -0.500000
0.459307 -0.005967 -0.500000
0.307290 -0.017022 -0.500000
0.234285 0.011908 -0.500000
-0.394807 -0.017998 -0.500000
-0.244507 0.035198 -0.500000
-0.229797 -0.021004 -0.500000
0.486737 -0.010411 -0.500000
0.214636 -0.019560 -0.500000
0.358590 -0.015370 -0.500000
-0.044382 0.028884 -0.500000
-0.130038 0.032481 -0.500000
0.126875 0.019208 -0.500000
-0.064905 -0.023233 -0.500000
-0.343092 0.032260 -0.500000
-0.186688 0.034222 -0.500000
-0.492534 -0.001668 -0.500000
0.235405 -0.019041 -0.500000
-0.239959 -0.020732 -0.500000
0.387384 -0.014362 -0.500000
-0.088212 0.030853 -0.500000
-0.157307 0.033391 -0.500000
0.256763 -0.018477 -0.500000
0.493923 -0.010094 -0.500000
0.360795 0.002297 -0.500000
0.017292 0.025726 -0.500000
-0.368226 -0.018116 -0.500000
-0.382138 -0.018034 -0.500000
-0.013061 -0.023110 -0.500000
0.205171 -0.019787 -0.500000
-0.199413 -0.021762 -0.500000
0.207466 0.013807 -0.500000
0.149418 -0.020997 -0.500000
0.467232 -0.011249 -0.500000
-0.419742 -0.017992 -0.500000
0.321921 -0.016569 -0.500000
0.042371 0.024329 -0.500000
-0.472514 0.008064 -0.500000
0.372099 -0.014904 -0.500000
0.403911 -0.013757 -0.500000
-0.317813 -0.018807 -0.500000
0.009849 0.026129 -0.500000
-0.077815 0.030408 -0.500000
0.206991 0.013840 -0.500000
0.294384 0.007477 -0.500000
-0.072363 -0.023224 -0.500000
-0.085844 -0.023189 -0.500000
0.132165 0.018868 -0.500000
-0.211524 0.034781 -0.500000
-0.090997 -0.023168 -0.500000
0.280039 -0.017828 -0.500000
-0.200138 -0.021745 -0.500000
-0.367941 -0.018118 -0.500000
0.176489 -0.020437 -0.500000
0.285028 0.008182 -0.500000
0.300694 -0.017222 -0.500000
-0.113310 0.031861 -0.500000
0.311237 0.006191 -0.500000
-0.307826 0.034254 -0.500000
-0.223936 0.034991 -0.500000
-0.176286 -0.022238 -0.500000
-0.343548 -0.018378 -0.500000
0.375741 0.001090 -0.500000
-0.042700 0.028803 -0.500000
-0.324224 0.033487 -0.500000
0.417184 -0.013257 -0.500000
-0.044194 -0.023222 -0.500000
0.425380 -0.003038 -0.500000
0.229862 0.012224 -0.500000
-0.053841 -0.023234 -0.500000
0.179040 0.015765 -0.500000
-0.207833 -0.021564 -0.500000
0.052444 -0.022540 -0.500000
-0.096895 0.031212 -0.500000
-0.481769 0.004234 -0.500000
-0.178501 0.034008 -0.500000
-0.063389 -0.023235 -0.500000
0.466389 -0.011284 -0.500000
0.367686 0.001742 -0.500000
-0.287235 -0.019486 -0.500000
0.068929 -0.022332 -0.500000
-0.269938 0.035150 -0.500000
-0.329271 0.033196 -0.500000
-0.071877 -0.023225 -0.500000
0.383605 -0.014498 -0.500000
0.362615 -0.015232 -0.500000
-0.479463 0.005259 -0.500000
-0.267593 -0.019989 -0.500000
0.488968 -0.010313 -0.500000
0.339732 -0.015998 -0.500000
-0.126065 0.032337 -0.500000
-0.103759 -0.023103 -0.500000
-0.301323 0.034491 -0.500000
-0.335890 0.032774 -0.500000
0.477004 -0.007532 -0.500000
-0.326494 0.033358 -0.500000
-0.179666 -0.022176 -0.500000
-0.039863 0.028667 -0.500000
0.296840 0.007291 -0.500000
0.034324 -0.022739 -0.500000
-0.192164 -0.021923 -0.500000
-0.168998 -0.022367 -0.500000
-0.403685 -0.017989 -0.500000
0.021080 -0.022866 -0.500000
0.213901 0.013356 -0.500000
0.484702 -0.008221 -0.500000
0.318767 0.005610 -0.500000
-0.068985 0.030020 -0.500000
-0.383020 -0.018031 -0.500000
-0.306026 -0.019049 -0.500000
-0.277984 0.035053 -0.500000
-0.340212 -0.018424 -0.500000
0.152671 0.017531 -0.500000
-0.404021 -0.017989 -0.500000
-0.204065 0.034630 -0.500000
0.259920 0.010047 -0.500000
0.013448 0.025935 -0.500000
0.109415 0.020315 -0.500000
-0.316797 0.033866 -0.500000
0.029113 0.025075 -0.500000
0.102958 -0.021831 -0.500000
0.094435 -0.021966 -0.500000
-0.017593 0.027564 -0.500000
-0.208153 0.034715 -0.500000
-0.222305 -0.021200 -0.500000
-0.327974 -0.018619 -0.500000
-0.044170 0.028873 -0.500000
0.285900 0.008117 -0.500000
-0.429762 0.020261 -0.500000
0.364446 -0.015169 -0.500000
-0.345233 0.032097 -0.500000
-0.425077 -0.017992 -0.500000
0.497388 -0.009940 -0.500000
-0.126847 0.032366 -0.500000
0.417399 -0.002362 -0.500000
0.004792 -0.022997 -0.500000
-0.022327 0.027803 -0.500000
-0.157979 -0.022542 -0.500000
-0.301519 0.034484 -0.500000
0.364439 -0.015170 -0.500000
-0.087778 0.030834 -0.500000
-0.284346 0.034942 -0.500000
0.245553 0.011096 -0.500000
-0.077929 0.030413 -0.500000
-0.290552 -0.019405 -0.500000
0.451282 -0.011910 -0.500000
-0.321658 0.033623 -0.500000
0.039512 -0.022686 -0.500000
0.447720 -0.012055 -0.500000
-0.159837 0.033469 -0.500000
-0.288249 -0.019461 -0.500000
-0.325974 -0.018654 -0.500000
0.459594 -0.005992 -0.500000
-0.260180 0.035215 -0.500000
-0.043933 0.028862 -0.500000
0.098868 -0.021896 -0.500000
0.349332 -0.015681 -0.500000
-0.081026 0.030547 -0.500000
0.482893 -0.008058 -0.500000
0.366238 -0.015108 -0.500000
-0.159953 0.033473 -0.500000
0.281304 0.008462 -0.500000
0.494261 -0.010079 -0.500000
0.443724 -0.004610 -0.500000
-0.190501 0.034318 -0.500000
-0.001232 -0.023039 -0.500000
-0.341284 -0.018409 -0.500000
-0.114181 0.031895 -0.500000
0.236449 0.011753 -0.500000
-0.493545 -0.002397 -0.500000
0.040950 0.024410 -0.500000
-0.277107 -0.019741 -0.500000
-0.354436 -0.018243 -0.500000
0.410149 -0.013524 -0.500000
-0.173965 -0.022281 -0.500000
0.167318 -0.020633 -0.500000
-0.135527 -0.022833 -0.500000
-0.481824 -0.016396 -0.500000
0.310213 0.006270 -0.500000
0.472334 -0.011033 -0.500000
0.391284 -0.014221 -0.500000
-0.162316 -0.022476 -0.500000
-0.413584 0.023498 -0.500000
0.211336 -0.019640 -0.500000
0.210747 -0.019654 -0.500000
-0.154121 -0.022598 -0.500000
0.457172 -0.005780 -0.500000
0.271996 -0.018056 -0.500000
0.391459 -0.000198 -0.500000
-0.407751 0.024532 -0.500000
-0.491543 -0.001000 -0.500000
0.143840 0.018111 -0.500000
0.062967 0.023137 -0.500000
-0.043439 0.028838 -0.500000
0.124503 -0.021465 -0.500000
0.191321 -0.020108 -0.500000
-0.389595 0.027347 -0.500000
-0.491000 -0.014767 -0.500000
-0.306462 0.034307 -0.500000
0.361012 0.002280 -0.500000
0.355748 -0.015466 -0.500000
-0.430342 -0.017988 -0.500000
0.260422 0.010010 -0.500000
0.493827 -0.009044 -0.500000
-0.298898 -0.019209 -0.500000
-0.454944 0.013888 -0.500000
-0.079852 -0.023207 -0.500000
-0.097065 -0.023140 -0.500000
0.218075 0.013061 -0.500000
-0.020306 -0.023146 -0.500000
-0.024357 -0.023163 -0.500000
0.008987 -0.022966 -0.500000
0.172260 0.016224 -0.500000
0.008610 0.026195 -0.500000
-0.107251 -0.023080 -0.500000
-0.322421 0.033583 -0.500000
-0.108673 -0.023071 -0.500000
0.472619 -0.011020 -0.500000
0.092614 -0.021993 -0.500000
-0.303654 -0.019102 -0.500000
0.170823 -0.020559 -0.500000
0.048907 0.023955 -0.500000
0.291229 0.007715 -0.500000
-0.498190 -0.007624 -0.500000
0.016570 -0.022905 -0.500000
0.022171 0.025459 -0.500000
0.434455 -0.003812 -0.500000
0.029184 -0.022790 -0.500000
-0.483857 0.003253 -0.500000
0.057731 -0.022476 -0.500000
0.019875 -0.022876 -0.500000
-0.010199 -0.023094 -0.500000
0.403297 -0.001179 -0.500000
-0.202035 -0.021701 -0.500000
0.058771 -0.022463 -0.500000
-0.361597 0.030656 -0.500000
0.392773 -0.014167 -0.500000
0.049376 0.023928 -0.500000
0.157595 0.017205 -0.500000
0.467866 -0.011222 -0.500000
-0.197709 0.034489 -0.500000
-0.060762 -0.023235 -0.500000
0.076266 -0.022233 -0.500000
0.110045 -0.021714 -0.500000
-0.110491 -0.023058 -0.500000
0.467309 -0.006671 -0.500000
0.331884 -0.016252 -0.500000
-0.432455 -0.017985 -0.500000
-0.271517 -0.019886 -0.500000
-0.078358 0.030432 -0.500000
0.029967 0.025028 -0.500000
0.299575 -0.017255 -0.500000
0.036183 -0.022720 -0.500000
0.333970 -0.016185 -0.500000
-0.231170 0.035085 -0.500000
0.416843 -0.002315 -0.500000
-0.171324 0.033808 -0.500000
-0.118888 0.032073 -0.500000
0.293704 -0.017430 -0.500000
0.393676 -0.014134 -0.500000
0.229864 -0.019182 -0.500000
-0.027257 -0.023175 -0.500000
-0.092937 -0.023160 -0.500000
0.418259 -0.002434 -0.500000
0.108731 0.020357 -0.500000
0.132636 -0.021317 -0.500000
0.135028 0.018683 -0.500000
-0.217052 -0.021335 -0.500000
0.327576 -0.016390 -0.500000
-0.101323 -0.023117 -0.500000
0.052011 -0.022545 -0.500000
0.413554 -0.013395 -0.500000
0.046527 -0.022608 -0.500000
0.385117 0.000324 -0.500000
0.286275 0.008089 -0.500000
-0.022044 0.027789 -0.500000
-0.375925 0.029105 -0.500000
0.123035 0.019454 -0.500000
-0.347531 -0.018325 -0.500000
-0.232318 0.035098 -0.500000
-0.176330 -0.022237 -0.500000
0.383990 0.000416 -0.500000
-0.055384 0.029401 -0.500000
0.201256 0.014239 -0.500000
0.392300 -0.014184 -0.500000
-0.011119 -0.023099 -0.500000
0.190244 0.015000 -0.500000
0.284001 -0.017714 -0.500000
-0.346025 -0.018344 -0.500000
-0.319883 0.033716 -0.500000
-0.285611 0.034915 -0.500000
-0.472715 0.007987 -0.500000
-0.045185 0.028922 -0.500000
-0.407956 0.024497 -0.500000
0.309430 0.006330 -0.500000
0.240499 0.011461 -0.500000
-0.257856 -0.020249 -0.500000
0.321397 0.005406 -0.500000
0.439962 -0.004286 -0.500000
0.371813 -0.014914 -0.500000
-0.489774 0.000102 -0.500000
0.214774 0.013294 -0.500000
-0.047929 -0.023228 -0.500000
-0.179351 0.034030 -0.500000
0.296795 -0.017338 -0.500000
-0.239490 0.035165 -0.500000
-0.353376 -0.018255 -0.500000
0.319327 0.005567 -0.500000
-0.427210 0.020811 -0.500000
-0.282507 -0.019604 -0.500000
-0.435504 -0.017978 -0.500000
0.065181 -0.022382 -0.500000
0.092658 0.021354 -0.500000
0.168945 -0.020598 -0.500000
-0.312782 -0.018907 -0.500000
-0.047397 -0.023227 -0.500000
0.430627 -0.012737 -0.500000
-0.036250 0.028492 -0.500000
-0.129130 -0.022899 -0.500000
0.484732 -0.008223 -0.500000
0.063883 0.023083 -0.500000
-0.024578 -0.023164 -0.500000
-0.498123 -0.007454 -0.500000
0.372516 -0.014890 -0.500000
-0.212132 0.034793 -0.500000
0.164696 0.016732 -0.500000
-0.429567 -0.017989 -0.500000
0.484006 -0.010530 -0.500000
-0.436808 0.018659 -0.500000
0.092537 -0.021995 -0.500000
-0.379489 0.028674 -0.500000
0.130630 0.018967 -0.500000
0.341947 -0.015925 -0.500000
-0.192298 0.034361 -0.500000
0.215195 0.013264 -0.500000
-0.049368 -0.023230 -0.500000
-0.274672 -0.019803 -0.500000
-0.306648 0.034300 -0.500000
-0.102178 -0.023112 -0.500000
0.344950 -0.015826 -0.500000
-0.473179 0.007811 -0.500000
0.064752 -0.022387 -0.500000
-0.040048 0.028676 -0.500000
-0.123496 -0.022953 -0.500000
0.424622 -0.012971 -0.500000
0.316969 -0.016724 -0.500000
0.334755 0.004364 -0.500000
-0.071521 -0.023226 -0.500000
0.131066 -0.021346 -0.500000
0.162417 0.016884 -0.500000
-0.248337 0.035216 -0.500000
0.169843 0.016387 -0.500000
-0.190151 0.034309 -0.500000
-0.132156 -0.022868 -0.500000
-0.174727 0.033904 -0.500000
0.340211 0.003935 -0.500000
-0.351732 -0.018274 -0.500000
-0.106651 0.031602 -0.500000
0.283696 -0.017723 -0.500000
0.041683 0.024368 -0.500000
0.482716 -0.010586 -0.500000
-0.431827 -0.017986 -0.500000
0.351958 -0.015593 -0.500000
0.328900 0.004822 -0.500000
-0.136780 0.032717 -0.500000
0.054733 0.023618 -0.500000
0.382957 0.000501 -0.500000
0.458417 -0.005889 -0.500000
-0.212896 -0.021439 -0.500000
-0.248073 0.035215 -0.500000
0.143355 -0.021115 -0.500000
-0.016176 0.027491 -0.500000
-0.320949 0.033660 -0.500000
0.150428 0.017679 -0.500000
0.431197 -0.012714 -0.500000
-0.028860 -0.023181 -0.500000
-0.451444 0.014891 -0.500000
0.466701 -0.011271 -0.500000
-0.108520 -0.023072 -0.500000
-0.371171 -0.018095 -0.500000
-0.362970 0.030520 -0.500000
-0.057639 -0.023236 -0.500000
-0.004535 -0.023060 -0.500000
0.470915 -0.006990 -0.500000
0.443702 -0.004608 -0.500000
0.105642 0.020551 -0.500000
-0.061850 0.029698 -0.500000
-0.044717 0.028900 -0.500000
0.341386 -0.015944 -0.500000
0.357967 -0.015391 -0.500000
-0.134593 0.032642 -0.500000
-0.148335 -0.022677 -0.500000
0.475667 -0.007413 -0.500000
-0.192208 -0.021922 -0.500000
-0.093167 0.031059 -0.500000
0.008198 0.026217 -0.500000
-0.255537 -0.020311 -0.500000
-0.228527 0.035053 -0.500000
-0.348826 -0.018308 -0.500000
0.127828 0.019147 -0.500000
0.108673 -0.021737 -0.500000
0.288972 -0.017569 -0.500000
-0.020955 -0.023149 -0.500000
-0.275681 0.035084 -0.500000
-0.084747 -0.023193 -0.500000
0.382050 0.000575 -0.500000
-0.054181 -0.023235 -0.500000
0.030460 0.025000 -0.500000
-0.304027 -0.019094 -0.500000
0.323326 0.005256 -0.500000
-0.439230 0.018079 -0.500000
0.028351 0.025117 -0.500000
0.352426 -0.015578 -0.500000
0.236656 0.011738 -0.500000
-0.345476 0.032078 -0.500000
0.445146 -0.012159 -0.500000
0.320736 0.005458 -0.500000
-0.031181 -0.023189 -0.500000
0.397990 -0.000738 -0.500000
-0.117631 0.032025 -0.500000
0.151180 -0.020962 -0.500000
0.256509 -0.018484 -0.500000
0.383383 -0.014506 -0.500000
0.280703 -0.017809 -0.500000
0.093456 -0.021981 -0.500000
0.453637 -0.011814 -0.500000
-0.326820 0.033339 -0.500000
0.012650 -0.022937 -0.500000
-0.227507 0.035039 -0.500000
0.230023 -0.019178 -0.500000
-0.349670 -0.018298 -0.500000
0.047476 0.024037 -0.500000
0.246101 0.011056 -0.500000
0.117903 0.019780 -0.500000
-0.467417 -0.017443 -0.500000
0.034259 -0.022740 -0.500000
0.402035 -0.013827 -0.500000
0.209425 -0.019686 -0.500000
-0.267564 0.035173 -0.500000
0.203103 0.014111 -0.500000
0.217990 -0.019478 -0.500000
-0.130154 0.032485 -0.500000
0.400257 -0.000926 -0.500000
0.078669 0.022203 -0.500000
-0.480145 -0.016579 -0.500000
0.215114 -0.019549 -0.500000
0.053660 0.023681 -0.500000
0.387327 -0.014364 -0.500000
-0.141839 -0.022759 -0.500000
0.271293 -0.018076 -0.500000
0.465029 -0.006470 -0.500000
0.496607 -0.009296 -0.500000
-0.119094 0.032080 -0.500000
-0.465734 0.010490 -0.500000
0.232895 -0.019105 -0.500000
0.257698 0.010210 -0.500000
0.441775 -0.012295 -0.500000
-0.177979 0.033994 -0.500000
-0.331283 0.033072 -0.500000
0.197305 0.014513 -0.500000
0.347610 -0.015738 -0.500000
0.277501 -0.017900 -0.500000
0.290529 -0.017524 -0.500000
0.472904 -0.011008 -0.500000
0.040232 0.024450 -0.500000
0.152304 -0.020940 -0.500000
-0.407483 -0.017988 -0.500000
-0.260976 0.035213 -0.500000
0.383219 0.000479 -0.500000
0.275850 -0.017947 -0.500000
-0.180261 0.034054 -0.500000
0.074173 -0.022262 -0.500000
-0.466353 -0.017487 -0.500000
-0.079975 0.030502 -0.500000
-0.103338 -0.023105 -0.500000
-0.047353 -0.023227 -0.500000
0.049873 -0.022570 -0.500000
-0.367416 -0.018122 -0.500000
-0.100326 -0.023123 -0.500000
0.136885 0.018563 -0.500000
-0.394914 0.026581 -0.500000
-0.092147 0.031016 -0.500000
-0.193263 0.034385 -0.500000
0.307772 0.006457 -0.500000
-0.292751 -0.019353 -0.500000
0.310478 0.006249 -0.500000
0.308873 -0.016974 -0.500000
0.395678 -0.000546 -0.500000
-0.457901 -0.017744 -0.500000
-0.132476 0.032567 -0.500000
-0.123063 0.032228 -0.500000
0.418158 -0.013220 -0.500000
0.182328 -0.020309 -0.500000
-0.037168 -0.023207 -0.500000
-0.491160 -0.000753 -0.500000
0.492943 -0.008964 -0.500000
0.467781 -0.011225 -0.500000
0.454364 -0.011784 -0.500000
0.445953 -0.012127 -0.500000
-0.111295 0.031783 -0.500000
0.047301 0.024047 -0.500000
0.411931 -0.001901 -0.500000
0.282507 -0.017757 -0.500000
-0.102869 0.031453 -0.500000
-0.104672 -0.023097 -0.500000
0.184550 0.015390 -0.500000
0.238860 0.011579 -0.500000
0.010593 -0.022953 -0.500000
0.356142 0.002670 -0.500000
0.247076 -0.018737 -0.500000
0.191275 -0.020109 -0.500000
0.058955 -0.022461 -0.500000
0.229693 0.012236 -0.500000
0.132002 0.018879 -0.500000
0.041488 0.024379 -0.500000
-0.113433 -0.023037 -0.500000
0.227097 -0.019252 -0.500000
-0.084602 -0.023193 -0.500000
0.441310 -0.004402 -0.500000
0.170138 0.016367 -0.500000
0.139830 0.018372 -0.500000
-0.082815 -0.023199 -0.500000
0.090144 -0.022031 -0.500000
-0.283088 0.034965 -0.500000
0.073086 -0.022276 -0.500000
-0.096443 0.031193 -0.500000
-0.090146 -0.023172 -0.500000
-0.025662 -0.023169 -0.500000
-0.077506 0.030395 -0.500000
-0.314659 -0.018869 -0.500000
-0.472217 -0.017201 -0.500000
0.150389 0.017681 -0.500000
-0.275784 -0.019775 -0.500000
-0.060449 0.029634 -0.500000
-0.428705 -0.017990 -0.500000
-0.391708 -0.018004 -0.500000
-0.278154 0.035051 -0.500000
0.026030 0.025246 -0.500000
-0.304436 0.034383 -0.500000
-0.178708 0.034013 -0.500000
-0.199738 -0.021754 -0.500000
-0.271251 -0.019893 -0.500000
-0.459584 -0.017704 -0.500000
0.079836 0.022133 -0.500000
0.478403 -0.007657 -0.500000
-0.020421 0.027707 -0.500000
-0.321919 -0.018728 -0.500000
-0.489377 -0.015169 -0.500000
-0.283637 0.034956 -0.500000
0.002372 -0.023014 -0.500000
0.359621 0.002391 -0.500000
-0.460342 0.012250 -0.500000
-0.230825 -0.020977 -0.500000
-0.182368 -0.022123 -0.500000
-0.104659 -0.023097 -0.500000
-0.033187 -0.023195 -0.500000
0.105827 0.020539 -0.500000
-0.186267 0.034211 -0.500000
0.070810 0.022673 -0.500000
0.326005 -0.016440 -0.500000
0.448279 -0.012032 -0.500000
-0.176873 0.033963 -0.500000
0.454362 -0.005534 -0.500000
0.217411 -0.019493 -0.500000
0.416057 -0.002249 -0.500000
-0.041870 0.028763 -0.500000
0.157994 0.017178 -0.500000
-0.315397 0.033933 -0.500000
0.458272 -0.005876 -0.500000
-0.372065 -0.018089 -0.500000
0.161695 -0.020750 -0.500000
-0.318244 -0.018798 -0.500000
0.091550 -0.022010 -0.500000
0.343981 -0.015858 -0.500000
-0.188048 0.034257 -0.500000
0.307983 0.006441 -0.500000
-0.421809 0.021925 -0.500000
-0.386026 -0.018020 -0.500000
0.063544 -0.022403 -0.500000
0.086682 0.021719 -0.500000
-0.493202 -0.014077 -0.500000
-0.345362 0.032088 -0.500000
0.045924 -0.022615 -0.500000
0.091196 0.021443 -0.500000
0.122072 -0.021508 -0.500000
0.380360 0.000713 -0.500000
-0.009562 0.027152 -0.500000
-0.196679 -0.021824 -0.500000
-0.141665 -0.022761 -0.500000
-0.141939 -0.022758 -0.500000
-0.493184 -0.014084 -0.500000
-0.273993 -0.019821 -0.500000
-0.154842 -0.022587 -0.500000
-0.293288 -0.019340 -0.500000
0.317267 0.005726 -0.500000
-0.216963 -0.021337 -0.500000
0.140559 0.018325 -0.500000
0.062256 0.023179 -0.500000
-0.039314 0.028640 -0.500000
0.081942 -0.022152 -0.500000
-0.130975 0.032514 -0.500000
0.015129 -0.022917 -0.500000
-0.473213 -0.017141 -0.500000
0.486477 -0.008380 -0.500000
-0.324796 0.033455 -0.500000
0.169631 0.016401 -0.500000
0.332537 0.004538 -0.500000
-0.449971 0.015301 -0.500000
0.286806 0.008049 -0.500000
0.123411 -0.021484 -0.500000
-0.238174 0.035155 -0.500000
0.473251 -0.010993 -0.500000
-0.343947 0.032195 -0.500000
-0.470967 -0.017272 -0.500000
-0.478877 -0.016704 -0.500000
0.021897 0.025474 -0.500000
0.239670 -0.018931 -0.500000
-0.180034 0.034048 -0.500000
-0.321483 -0.018736 -0.500000
0.089817 0.021528 -0.500000
0.327576 0.004926 -0.500000
-0.403968 -0.017989 -0.500000
0.249631 -0.018669 -0.500000
0.211256 0.013541 -0.500000
0.220714 -0.019411 -0.500000
0.303035 -0.017151 -0.500000
-0.481256 -0.016460 -0.500000
0.315443 0.005867 -0.500000
-0.091280 0.030980 -0.500000
0.134244 -0.021287 -0.500000
0.414869 -0.002148 -0.500000
0.376717 -0.014742 -0.500000
0.173355 0.016150 -0.500000
-0.092862 0.031046 -0.500000
-0.344026 -0.018371 -0.500000
-0.189143 -0.021986 -0.500000
-0.135229 -0.022836 -0.500000
0.482062 -0.010615 -0.500000
-0.171434 0.033812 -0.500000
0.085438 0.021794 -0.500000
0.371354 0.001446 -0.500000
0.498331 -0.009898 -0.500000
0.110756 -0.021703 -0.500000
-0.385190 -0.018023 -0.500000
0.124091 0.019386 -0.500000
0.202069 0.014183 -0.500000
-0.342620 -0.018390 -0.500000
-0.035232 -0.023202 -0.500000
-0.294418 -0.019313 -0.500000
0.256635 0.010288 -0.500000
-0.117117 -0.023008 -0.500000
0.262897 -0.018310 -0.500000
0.496527 -0.009978 -0.500000
-0.037035 0.028530 -0.500000
-0.394456 -0.017998 -0.500000
-0.256973 0.035222 -0.500000
0.395428 -0.000526 -0.500000
0.275089 -0.017969 -0.500000
-0.133348 -0.022856 -0.500000
-0.140123 -0.022780 -0.500000
-0.202456 -0.021692 -0.500000
0.104263 -0.021810 -0.500000
0.207354 0.013814 -0.500000
-0.428717 0.020488 -0.500000
-0.375907 0.029108 -0.500000
0.461803 -0.011476 -0.500000
0.022234 -0.022855 -0.500000
-0.402173 -0.017990 -0.500000
0.372991 0.001313 -0.500000
0.287196 0.008019 -0.500000
0.459578 -0.011569 -0.500000
0.122246 -0.021505 -0.500000
0.443052 -0.012243 -0.500000
-0.176978 0.033966 -0.500000
0.395867 -0.014054 -0.500000
0.098463 -0.021903 -0.500000
-0.110800 0.031764 -0.500000
-0.315164 0.033944 -0.500000
0.061718 0.023211 -0.500000
0.415355 -0.002189 -0.500000
0.032176 0.024904 -0.500000
0.172970 -0.020513 -0.500000
0.099102 -0.021893 -0.500000
-0.317382 -0.018815 -0.500000
-0.245919 -0.020571 -0.500000
-0.456561 -0.017772 -0.500000
0.402865 -0.013796 -0.500000
0.119508 0.019678 -0.500000
0.152012 0.017574 -0.500000
0.123036 -0.021491 -0.500000
-0.452438 0.014611 -0.500000
-0.290854 0.034795 -0.500000
0.003258 -0.023008 -0.500000
0.423165 -0.002850 -0.500000
0.040594 0.024430 -0.500000
-0.086269 -0.023187 -0.500000
0.094659 0.021231 -0.500000
-0.107656 -0.023078 -0.500000
-0.206009 0.034671 -0.500000
-0.474444 0.007322 -0.500000
-0.272228 -0.019867 -0.500000
-0.330111 -0.018583 -0.500000
0.219784 -0.019434 -0.500000
0.482115 -0.007989 -0.500000
0.477410 -0.007568 -0.500000
0.019073 0.025629 -0.500000
0.059565 0.023337 -0.500000
0.069419 -0.022326 -0.500000
-0.392299 -0.018003 -0.500000
-0.269614 0.035153 -0.500000
-0.112685 -0.023042 -0.500000
-0.189779 -0.021973 -0.500000
0.151490 0.017609 -0.500000
-0.057810 0.029513 -0.500000
0.151288 -0.020960 -0.500000
0.185842 0.015302 -0.500000
0.152993 -0.020926 -0.500000
-0.189814 -0.021972 -0.500000
0.165908 0.016651 -0.500000
-0.092524 -0.023162 -0.500000
-0.170798 0.033793 -0.500000
-0.058123 0.029527 -0.500000
0.291726 -0.017488 -0.500000
-0.137691 -0.022808 -0.500000
0.130917 -0.021349 -0.500000
0.039360 -0.022687 -0.500000
0.019470 -0.022880 -0.500000
0.183711 -0.020279 -0.500000
0.293323 0.007557 -0.500000
0.127118 -0.021418 -0.500000
-0.349365 0.031765 -0.500000
-0.006430 -0.023072 -0.500000
0.273189 -0.018023 -0.500000
0.487871 -0.010361 -0.500000
-0.131384 -0.022876 -0.500000
0.281691 -0.017780 -0.500000
0.384598 -0.014462 -0.500000
0.457791 -0.011643 -0.500000
-0.266218 0.035183 -0.500000
-0.248414 -0.020504 -0.500000
-0.401743 -0.017990 -0.500000
-0.465061 0.010717 -0.500000
0.045896 0.024128 -0.500000
-0.477423 -0.016833 -0.500000
-0.481807 0.004216 -0.500000
-0.249529 -0.020473 -0.500000
0.343327 -0.015880 -0.500000
-0.314235 0.033986 -0.500000
-0.053808 -0.023234 -0.500000
0.113235 -0.021661 -0.500000
0.426616 -0.003143 -0.500000
0.312507 0.006093 -0.500000
0.161352 0.016955 -0.500000
0.197619 0.014492 -0.500000
0.225620 0.012527 -0.500000
-0.086718 0.030789 -0.500000
0.319062 -0.016659 -0.500000
-0.273851 -0.019825 -0.500000
-0.398744 -0.017992 -0.500000
-0.358950 0.030912 -0.500000
-0.439360 -0.017963 -0.500000
-0.199183 -0.021767 -0.500000
-0.496703 -0.012257 -0.500000
-0.388266 -0.018013 -0.500000
-0.007678 -0.023080 -0.500000
0.239316 -0.018940 -0.500000
-0.075134 0.030291 -0.500000
0.413984 -0.013379 -0.500000
-0.268508 0.035164 -0.500000
0.123711 0.019411 -0.500000
0.392983 -0.000323 -0.500000
0.317355 -0.016712 -0.500000
0.086315 -0.022088 -0.500000
0.043298 0.024276 -0.500000
0.412731 -0.013426 -0.500000
-0.279101 0.035035 -0.500000
-0.034457 -0.023199 -0.500000
-0.443688 -0.017938 -0.500000
0.083606 -0.022128 -0.500000
-0.185150 -0.022069 -0.500000
-0.089856 0.030921 -0.500000
-0.416690 0.022921 -0.500000
0.038877 -0.022692 -0.500000
0.426196 -0.012910 -0.500000
-0.187627 -0.022018 -0.500000
0.121310 -0.021521 -0.500000
-0.498054 -0.010707 -0.500000
-0.104633 0.031523 -0.500000
0.427465 -0.003215 -0.500000
-0.222729 -0.021189 -0.500000
0.185181 -0.020246 -0.500000
-0.220221 0.034933 -0.500000
0.115221 0.019949 -0.500000
-0.292599 0.034750 -0.500000
-0.423260 -0.017992 -0.500000
-0.481461 0.004373 -0.500000
0.275079 -0.017969 -0.500000
-0.327438 -0.018629 -0.500000
-0.336892 0.032707 -0.500000
-0.199229 -0.021766 -0.500000
-0.221717 -0.021216 -0.500000
0.262580 0.009852 -0.500000
0.193060 0.014806 -0.500000
0.428927 -0.012803 -0.500000
0.162509 0.016878 -0.500000
-0.056859 0.029469 -0.500000
-0.106412 -0.023086 -0.500000
0.485940 -0.010446 -0.500000
-0.369902 -0.018103 -0.500000
-0.272676 -0.019855 -0.500000
0.339491 -0.016006 -0.500000
-0.260634 0.035215 -0.500000
-0.459727 0.012443 -0.500000
0.336020 0.004265 -0.500000
0.059935 -0.022449 -0.500000
0.437155 -0.012479 -0.500000
-0.214209 -0.021407 -0.500000
0.379213 -0.014654 -0.500000
0.167199 0.016564 -0.500000
-0.422328 0.021820 -0.500000
-0.290027 0.034817 -0.500000
0.474110 -0.010957 -0.500000
-0.205953 -0.021609 -0.500000
-0.102864 -0.023108 -0.500000
0.452272 -0.005352 -0.500000
-0.436584 -0.017974 -0.500000
-0.300059 0.034534 -0.500000
-0.141546 0.032880 -0.500000
-0.375613 0.029142 -0.500000
-0.390107 -0.018008 -0.500000
0.061332 -0.022431 -0.500000
0.160243 0.017029 -0.500000
0.388433 -0.014325 -0.500000
0.495879 -0.010007 -0.500000
-0.263445 -0.020099 -0.500000
-0.489221 0.000427 -0.500000
-0.256198 0.035223 -0.500000
0.386616 0.000201 -0.500000
0.169437 0.016414 -0.500000
0.395856 -0.014055 -0.500000
0.312150 0.006121 -0.500000
0.426448 -0.003129 -0.500000
-0.139735 -0.022784 -0.500000
0.343162 -0.015885 -0.500000
-0.341182 -0.018410 -0.500000
-0.214256 0.034831 -0.500000
0.051690 -0.022549 -0.500000
0.208982 -0.019697 -0.500000
0.402255 -0.013819 -0.500000
-0.057496 -0.023236 -0.500000
0.447906 -0.004972 -0.500000
-0.356815 0.031113 -0.500000
0.060023 0.023310 -0.500000
0.115901 0.019906 -0.500000
-0.359690 0.030842 -0.500000
-0.446681 0.016189 -0.500000
-0.325737 -0.018659 -0.500000
0.222157 0.012773 -0.500000
0.417243 -0.013255 -0.500000
0.194824 0.014685 -0.500000
-0.340024 0.032486 -0.500000
-0.367861 -0.018119 -0.500000
-0.339202 -0.018439 -0.500000
-0.071525 -0.023225 -0.500000
-0.214766 -0.021393 -0.500000
-0.435475 -0.017978 -0.500000
0.132953 0.018817 -0.500000
-0.228516 -0.021038 -0.500000
0.318002 0.005669 -0.500000
-0.442266 0.017328 -0.500000
0.339833 -0.015995 -0.500000
0.058219 0.023415 -0.500000
0.427699 -0.003235 -0.500000
-0.183326 0.034136 -0.500000
0.394292 -0.014112 -0.500000
0.223468 -0.019343 -0.500000
-0.353574 0.031405 -0.500000
-0.011335 -0.023101 -0.500000
0.006420 -0.022985 -0.500000
0.354131 0.002831 -0.500000
0.443923 -0.012208 -0.500000
0.161983 0.016913 -0.500000
0.178048 -0.020403 -0.500000
-0.166057 -0.022415 -0.500000
0.297331 0.007253 -0.500000
-0.369099 -0.018109 -0.500000
-0.085489 -0.023190 -0.500000
-0.433021 -0.017984 -0.500000
0.413107 -0.002000 -0.500000
-0.441139 -0.017954 -0.500000
-0.363132 0.030503 -0.500000
0.049929 -0.022569 -0.500000
0.356376 -0.015445 -0.500000
-0.410048 0.024133 -0.500000
-0.423733 0.021536 -0.500000
0.395139 -0.000502 -0.500000
0.450990 -0.011922 -0.500000
0.229941 0.012219 -0.500000
0.003569 0.026464 -0.500000
0.442119 -0.004472 -0.500000
0.463278 -0.006316 -0.500000
0.093260 -0.021984 -0.500000
-0.211508 0.034781 -0.500000
-0.413668 -0.017990 -0.500000
0.215029 0.013276 -0.500000
0.087334 0.021679 -0.500000
0.136529 -0.021245 -0.500000
0.268542 -0.018153 -0.500000
-0.058581 0.029548 -0.500000
0.194618 0.014699 -0.500000
0.109384 -0.021726 -0.500000
-0.407993 -0.017988 -0.500000
0.307825 -0.017006 -0.500000
0.418025 -0.013225 -0.500000
-0.268281 -0.019970 -0.500000
-0.186301 0.034212 -0.500000
0.132254 -0.021324 -0.500000
0.141890 0.018238 -0.500000
-0.369030 -0.018110 -0.500000
-0.416728 0.022914 -0.500000
0.341356 -0.015945 -0.500000
0.140344 0.018339 -0.500000
-0.171566 -0.022322 -0.500000
-0.176289 0.033947 -0.500000
0.124220 0.019378 -0.500000
0.081814 0.022014 -0.500000
0.146533 -0.021054 -0.500000
0.029408 -0.022788 -0.500000
-0.401859 0.025509 -0.500000
0.074549 -0.022256 -0.500000
0.325037 0.005124 -0.500000
0.273222 0.009065 -0.500000
-0.345840 -0.018347 -0.500000
0.243842 0.011219 -0.500000
0.119779 -0.021548 -0.500000
-0.244046 0.035196 -0.500000
-0.027624 -0.023176 -0.500000
-0.397062 0.026258 -0.500000
0.477239 -0.010823 -0.500000
-0.351369 -0.018278 -0.500000
0.074735 -0.022254 -0.500000
-0.267181 0.035176 -0.500000
-0.160638 -0.022501 -0.500000
-0.015143 0.027439 -0.500000
0.086880 0.021707 -0.500000
0.453102 -0.005424 -0.500000
-0.389429 -0.018010 -0.500000
0.318489 -0.016677 -0.500000
-0.023306 -0.023159 -0.500000
-0.437724 -0.017970 -0.500000
-0.314498 -0.018872 -0.500000
-0.236209 0.035139 -0.500000
0.165872 0.016653 -0.500000
-0.488609 -0.015336 -0.500000
-0.466740 -0.017472 -0.500000
-0.192573 -0.021914 -0.500000
-0.346354 0.032008 -0.500000
-0.128670 0.032432 -0.500000
-0.006941 -0.023075 -0.500000
0.239661 -0.018931 -0.500000
-0.446317 0.016285 -0.500000
-0.026095 -0.023171 -0.500000
-0.066057 0.029888 -0.500000
0.298023 -0.017302 -0.500000
0.151369 0.017617 -0.500000
-0.371147 -0.018095 -0.500000
-0.392146 0.026986 -0.500000
0.014719 0.025866 -0.500000
-0.203967 0.034628 -0.500000
0.097887 -0.021912 -0.500000
0.151024 -0.020965 -0.500000
-0.013646 0.027362 -0.500000
-0.172140 0.033832 -0.500000
-0.394105 -0.017999 -0.500000
0.100255 0.020886 -0.500000
-0.140773 0.032854 -0.500000
0.180549 0.015663 -0.500000
-0.455452 0.013738 -0.500000
-0.438325 -0.017968 -0.500000
0.013349 -0.022931 -0.500000
-0.022173 0.027795 -0.500000
0.064224 0.023063 -0.500000
0.481537 -0.010637 -0.500000
-0.497268 -0.005964 -0.500000
0.357468 -0.015408 -0.500000
0.220086 -0.019427 -0.500000
-0.371896 0.029571 -0.500000
0.415878 -0.013307 -0.500000
0.490510 -0.010245 -0.500000
-0.005079 -0.023064 -0.500000
-0.222122 -0.021205 -0.500000
0.242894 -0.018847 -0.500000
0.426706 -0.003151 -0.500000
-0.455396 -0.017795 -0.500000
0.223832 -0.019334 -0.500000
-0.276847 -0.019747 -0.500000
-0.203256 -0.021673 -0.500000
-0.002182 0.026767 -0.500000
0.002099 0.026542 -0.500000
-0.372146 0.029543 -0.500000
-0.416482 -0.017991 -0.500000
-0.328619 0.033236 -0.500000
0.175274 -0.020463 -0.500000
-0.195748 0.034444 -0.500000
0.187691 0.015175 -0.500000
-0.395828 -0.017996 -0.500000
0.350120 0.003150 -0.500000
0.348452 0.003283 -0.500000
0.372005 -0.014908 -0.500000
-0.491968 -0.014489 -0.500000
-0.496635 -0.005176 -0.500000
-0.117929 -0.023001 -0.500000
0.159567 0.017074 -0.500000
0.037069 -0.022711 -0.500000
0.397801 -0.013983 -0.500000
-0.454368 0.014056 -0.500000
0.470210 -0.006928 -0.500000
0.109359 -0.021726 -0.500000
-0.013571 0.027358 -0.500000
0.424184 -0.012988 -0.500000
-0.473253 -0.017138 -0.500000
-0.062399 0.029723 -0.500000
-0.496077 -0.004576 -0.500000
-0.078542 -0.023211 -0.500000
0.463396 -0.011410 -0.500000
-0.134003 -0.022849 -0.500000
-0.035700 -0.023203 -0.500000
0.126523 0.019231 -0.500000
0.415723 -0.013313 -0.500000
-0.007415 -0.023078 -0.500000
-0.190798 -0.021952 -0.500000
-0.101243 -0.023117 -0.500000
0.239041 0.011566 -0.500000
0.440617 -0.012341 -0.500000
-0.087584 -0.023182 -0.500000
0.321788 0.005376 -0.500000
-0.264950 0.035191 -0.500000
-0.227394 -0.021068 -0.500000
0.221934 -0.019381 -0.500000
0.063786 0.023089 -0.500000
0.051761 0.023790 -0.500000
0.312066 -0.016876 -0.500000
-0.285456 -0.019530 -0.500000
-0.220520 0.034938 -0.500000
-0.222816 -0.021187 -0.500000
-0.480551 -0.016537 -0.500000
-0.416590 0.022940 -0.500000
-0.475108 0.007060 -0.500000
-0.009398 0.027143 -0.500000
-0.338432 0.032599 -0.500000
-0.445093 -0.017927 -0.500000
-0.007916 0.027067 -0.500000
-0.388809 -0.018011 -0.500000
-0.032767 0.028321 -0.500000
0.368472 0.001679 -0.500000
0.161963 -0.020744 -0.500000
0.178510 -0.020393 -0.500000
-0.334132 -0.018517 -0.500000
0.365508 0.001918 -0.500000
-0.204240 -0.021650 -0.500000
-0.404354 0.025102 -0.500000
0.331425 0.004625 -0.500000
-0.350826 0.031641 -0.500000
-0.238950 0.035161 -0.500000
0.113538 -0.021656 -0.500000
0.345365 0.003528 -0.500000
-0.335278 0.032814 -0.500000
-0.490631 -0.000419 -0.500000
0.346751 -0.015767 -0.500000
0.015278 -0.022916 -0.500000
-0.306401 -0.019041 -0.500000
0.037279 0.024617 -0.500000
0.445002 -0.012165 -0.500000
-0.313630 0.034012 -0.500000
0.333460 -0.016201 -0.500000
0.366839 -0.015087 -0.500000
0.006432 -0.022985 -0.500000
-0.246107 -0.020566 -0.500000
0.483694 -0.010544 -0.500000
0.490483 -0.008741 -0.500000
0.139263 0.018409 -0.500000
-0.433989 -0.017982 -0.500000
-0.260065 0.035216 -0.500000
0.284504 -0.017699 -0.500000
-0.308898 0.034212 -0.500000
0.361190 -0.015281 -0.500000
0.413542 -0.002037 -0.500000
-0.482075 -0.016366 -0.500000
-0.424012 -0.017992 -0.500000
0.280486 0.008523 -0.500000
0.425760 -0.012927 -0.500000
-0.386051 -0.018020 -0.500000
-0.374340 0.029293 -0.500000
0.356973 0.002604 -0.500000
0.402956 -0.001151 -0.500000
-0.253493 0.035225 -0.500000
0.393855 -0.000396 -0.500000
0.366090 0.001871 -0.500000
0.167085 0.016572 -0.500000
0.044329 -0.022633 -0.500000
-0.055926 -0.023235 -0.500000
0.034564 -0.022737 -0.500000
0.325554 0.005083 -0.500000
-0.085078 0.030720 -0.500000
-0.465351 -0.017526 -0.500000
0.331397 0.004627 -0.500000
-0.175641 0.033929 -0.500000
-0.311541 -0.018932 -0.500000
-0.271720 -0.019880 -0.500000
0.121969 0.019522 -0.500000
0.440021 -0.004291 -0.500000
-0.248437 -0.020503 -0.500000
-0.103605 0.031482 -0.500000
-0.003637 -0.023055 -0.500000
0.408774 -0.001637 -0.500000
-0.081749 -0.023202 -0.500000
-0.001488 0.026731 -0.500000
0.083658 0.021902 -0.500000
0.049922 0.023897 -0.500000
0.375589 -0.014782 -0.500000
0.306799 -0.017037 -0.500000
0.441363 -0.004406 -0.500000
0.187868 -0.020186 -0.500000
0.434702 -0.012576 -0.500000
-0.125379 -0.022936 -0.500000
0.363815 0.002055 -0.500000
-0.354453 -0.018243 -0.500000
-0.081586 0.030571 -0.500000
-0.016570 -0.023128 -0.500000
0.168878 0.016452 -0.500000
-0.099795 -0.023126 -0.500000
-0.055936 0.029426 -0.500000
0.287214 -0.017621 -0.500000
-0.389195 -0.018010 -0.500000
0.309538 0.006321 -0.500000
-0.331917 -0.018553 -0.500000
0.336343 -0.016108 -0.500000
-0.441778 -0.017951 -0.500000
-0.291144 0.034788 -0.500000
-0.253837 -0.020357 -0.500000
0.142399 0.018205 -0.500000
-0.277014 -0.019743 -0.500000
0.500039 -0.009821 -0.500000
0.381912 -0.014558 -0.500000
0.114102 0.020020 -0.500000
0.070546 0.022689 -0.500000
-0.406343 -0.017988 -0.500000
0.325821 0.005062 -0.500000
-0.149632 0.033148 -0.500000
0.210670 -0.019656 -0.500000
-0.100754 -0.023120 -0.500000
-0.007429 -0.023078 -0.500000
-0.478314 0.005750 -0.500000
0.389101 -0.000003 -0.500000
0.054101 0.023655 -0.500000
-0.417074 0.022848 -0.500000
0.318314 -0.016682 -0.500000
0.413085 -0.013413 -0.500000
0.141833 -0.021144 -0.500000
-0.480788 0.004676 -0.500000
-0.476167 0.006636 -0.500000
-0.072560 -0.023224 -0.500000
-0.311571 0.034101 -0.500000
0.191301 0.014927 -0.500000
-0.466145 -0.017496 -0.500000
0.091839 -0.022005 -0.500000
-0.392122 -0.018003 -0.500000
0.365911 -0.015119 -0.500000
-0.417761 -0.017991 -0.500000
-0.261914 -0.020140 -0.500000
-0.312003 -0.018923 -0.500000
0.160664 0.017001 -0.500000
0.060259 0.023296 -0.500000
-0.401764 0.025524 -0.500000
-0.490262 -0.000192 -0.500000
-0.305907 0.034329 -0.500000
-0.333393 0.032939 -0.500000
0.269168 0.009365 -0.500000
-0.317330 -0.018816 -0.500000
-0.398503 -0.017993 -0.500000
-0.446714 0.016180 -0.500000
0.201820 -0.019866 -0.500000
0.374686 0.001175 -0.500000
0.003837 -0.023004 -0.500000
-0.353480 -0.018254 -0.500000
-0.386673 0.027748 0.000000
0.284198 -0.017708 0.000000
-0.069225 -0.023229 0.000000
-0.379596 -0.018046 0.000000
0.386724 -0.014386 0.000000
-0.020568 -0.023147 0.000000
0.432446 -0.003640 0.000000
0.222309 0.012762 0.000000
0.076438 -0.022230 0.000000
0.425054 -0.003010 0.000000
-0.174174 0.033888 0.000000
-0.273437 -0.019835 0.000000
-0.097954 0.031255 0.000000
-0.244719 0.035199 0.000000
-0.332716 0.032983 0.000000
-0.147112 0.033066 0.000000
-0.213140 0.034811 0.000000
-0.077086 -0.023214 0.000000
-0.228487 0.035052 0.000000
0.067899 -0.022346 0.000000
-0.496157 -0.012651 0.000000
-0.252488 -0.020393 0.000000
0.410969 -0.013493 0.000000
0.236529 0.011747 0.000000
0.043033 0.024291 0.000000
-0.041468 0.028744 0.000000
-0.480112 0.004975 0.000000
0.284654 -0.017695 0.000000
-0.219582 0.034923 0.000000
-0.192345 0.034362 0.000000
0.314395 0.005948 0.000000
-0.052138 -0.023233 0.000000
0.020269 -0.022873 0.000000
-0.232985 0.035105 0.000000
0.446100 -0.004816 0.000000
-0.124259 0.032272 0.000000
0.116658 0.019859 0.000000
0.332483 -0.016233 0.000000
-0.182648 0.034118 0.000000
0.080477 -0.022173 0.000000
0.087413 0.021674 0.000000
-0.255095 -0.020323 0.000000
0.268511 -0.018154 0.000000
-0.244365 -0.020613 0.000000
0.296540 0.007313 0.000000
0.045917 -0.022615 0.000000
0.275816 -0.017948 0.000000
-0.293825 -0.019327 0.000000
-0.114178 0.031894 0.000000
0.485740 -0.010455 0.000000
0.122275 -0.021504 0.000000
0.138991 -0.021198 0.000000
0.220779 -0.019410 0.000000
0.276601 -0.017926 0.000000
0.032484 0.024887 0.000000
0.256492 -0.018484 0.000000
0.053084 -0.022532 0.000000
-0.452865 -0.017838 0.000000
0.247375 -0.018729 0.000000
-0.159142 -0.022524 0.000000
-0.482506 -0.016314 0.000000
-0.295217 -0.019294 0.000000
-0.384073 0.028093 0.000000
0.456028 -0.005680 0.000000
0.079758 -0.022183 0.000000
-0.060861 0.029653 0.000000
0.321218 -0.016591 0.000000
-0.055168 0.029391 0.000000
0.083904 -0.022124 0.000000
-0.073823 0.030234 0.000000
0.163660 0.016801 0.000000
-0.194520 0.034415 0.000000
0.028288 0.025121 0.000000
-0.396597 0.026328 0.000000
-0.267241 -0.019998 0.000000
0.103413 0.020690 0.000000
0.262922 0.009827 0.000000
-0.021931 -0.023153 0.000000
0.451671 -0.011894 0.000000
0.116564 -0.021604 0.000000
-0.406970 -0.017988 0.000000
0.466891 -0.011263 0.000000
-0.468133 -0.017412 0.000000
0.305951 -0.017063 0.000000
-0.097148 0.031222 0.000000
-0.334647 -0.018509 0.000000
-0.236585 -0.020823 0.000000
0.309796 0.006302 0.000000
-0.199405 0.034528 0.000000
0.393630 -0.014136 0.000000
0.452544 -0.005376 0.000000
-0.132005 0.032550 0.000000
-0.314633 0.033968 0.000000
-0.114073 -0.023032 0.000000
0.049550 0.023918 0.000000
0.317739 -0.016700 0.000000
0.334127 0.004413 0.000000
-0.200449 -0.021738 0.000000
-0.224970 -0.021131 0.000000
-0.396079 0.026407 0.000000
0.105099 0.020584 0.000000
0.156527 0.017276 0.000000
-0.101427 -0.023116 0.000000
0.489892 -0.008688 0.000000
-0.411440 -0.017989 0.000000
0.474893 -0.010923 0.000000
0.464318 -0.011371 0.000000
0.278670 0.008659 0.000000
-0.214065 -0.021410 0.000000
0.394771 -0.000471 0.000000
0.396830 -0.014019 0.000000
0.438622 -0.012421 0.000000
-0.462091 0.011693 0.000000
0.425577 -0.003055 0.000000
0.270989 0.009230 0.000000
-0.167997 -0.022384 0.000000
-0.375309 0.029178 0.000000
0.433792 -0.012612 0.000000
0.454904 -0.011762 0.000000
-0.100144 0.031343 0.000000
0.341613 0.003824 0.000000
-0.160038 0.033475 0.000000
0.218248 -0.019472 0.000000
0.153903 -0.020908 0.000000
0.032782 0.024870 0.000000
-0.343895 0.032199 0.000000
0.038760 -0.022693 0.000000
0.195314 0.014651 0.000000
0.321858 -0.016571 0.000000
-0.324118 -0.018688 0.000000
-0.491709 -0.001109 0.000000
-0.083760 0.030664 0.000000
0.404379 -0.001269 0.000000
0.476930 -0.010836 0.000000
0.107705 -0.021753 0.000000
-0.350027 0.031709 0.000000
-0.179476 -0.022179 0.000000
0.318620 -0.016672 0.000000
0.233853 -0.019081 0.000000
-0.360145 -0.018184 0.000000
0.413570 -0.013395 0.000000
-0.150467 -0.022649 0.000000
-0.017209 0.027544 0.000000
-0.041524 -0.023217 0.000000
0.369752 -0.014986 0.000000
0.448815 -0.012011 0.000000
-0.289027 0.034841 0.000000
-0.323966 0.033502 0.000000
0.089231 0.021563 0.000000
0.411853 -0.001895 0.000000
0.452558 -0.005377 0.000000
0.252093 -0.018603 0.000000
0.150507 -0.020976 0.000000
-0.174665 -0.022268 0.000000
-0.205782 -0.021613 0.000000
0.127134 0.019192 0.000000
0.467613 -0.006698 0.000000
-0.443558 -0.017939 0.000000
0.094516 -0.021964 0.000000
0.394113 -0.014118 0.000000
-0.339923 0.032493 0.000000
0.022118 0.025462 0.000000
-0.140608 -0.022774 0.000000
-0.234792 -0.020871 0.000000
-0.134058 -0.022848 0.000000
-0.205556 -0.021618 0.000000
-0.222298 0.034965 0.000000
0.118537 0.019740 0.000000
-0.315168 0.033944 0.000000
0.213292 -0.019593 0.000000
-0.309029 0.034207 0.000000
0.270059 -0.018111 0.000000
0.488532 -0.010332 0.000000
-0.362368 0.030579 0.000000
-0.116099 -0.023016 0.000000
-0.346372 -0.018340 0.000000
0.301407 0.006943 0.000000
0.353829 -0.015530 0.000000
0.494292 -0.010078 0.000000
-0.444531 -0.017932 0.000000
-0.424678 0.021341 0.000000
0.158244 0.017162 0.000000
-0.008891 0.027117 0.000000
-0.274226 -0.019815 0.000000
0.271246 0.009211 0.000000
0.382617 0.000529 0.000000
-0.243181 0.035192 0.000000
0.020270 0.025563 0.000000
0.278494 0.008672 0.000000
-0.307692 -0.019014 0.000000
-0.319952 0.033712 0.000000
-0.268879 -0.019955 0.000000
-0.013498 -0.023112 0.000000
0.339914 0.003958 0.000000
-0.134499 0.032638 0.000000
-0.451674 0.014826 0.000000
-0.345957 -0.018345 0.000000
-0.111086 -0.023054 0.000000
0.389378 -0.000026 0.000000
-0.070382 0.030081 0.000000
0.180403 -0.020352 0.000000
-0.369117 0.029878 0.000000
0.385765 -0.014421 0.000000
-0.485657 0.002361 0.000000
-0.326944 -0.018637 0.000000
-0.448357 -0.017897 0.000000
0.081667 0.022023 0.000000
0.209659 0.013653 0.000000
-0.188181 -0.022006 0.000000
-0.383496 -0.018029 0.000000
0.218631 0.013022 0.000000
0.059369 -0.022456 0.000000
0.094075 0.021267 0.000000
0.186686 -0.020213 0.000000
-0.459308 0.012573 0.000000
-0.027258 0.028049 0.000000
0.466791 -0.011267 0.000000
-0.244028 0.035196 0.000000
-0.114908 -0.023026 0.000000
-0.003883 0.026857 0.000000
-0.133532 -0.022854 0.000000
-0.472833 0.007942 0.000000
0.407024 -0.001490 0.000000
-0.013980 0.027379 0.000000
-0.358394 0.030964 0.000000
-0.147682 -0.022686 0.000000
-0.270558 -0.019911 0.000000
0.385205 -0.014441 0.000000
0.096042 0.021146 0.000000
-0.261834 -0.020142 0.000000
0.322119 0.005350 0.000000
-0.053680 -0.023234 0.000000
0.092865 0.021341 0.000000
0.317937 0.005674 0.000000
0.258881 0.010124 0.000000
0.453083 -0.005423 0.000000
0.205019 -0.019791 0.000000
-0.190881 0.034327 0.000000
0.110944 -0.021699 0.000000
0.427995 -0.012840 0.000000
0.176485 0.015938 0.000000
0.465213 -0.011333 0.000000
0.354758 0.002781 0.000000
-0.137622 0.032746 0.000000
0.301695 -0.017192 0.000000
0.032898 -0.022754 0.000000
0.288979 0.007885 0.000000
-0.438322 -0.017968 0.000000
-0.198161 -0.021790 0.000000
-0.436605 0.018708 0.000000
-0.464098 -0.017571 0.000000
0.070904 0.022668 0.000000
-0.101869 0.031413 0.000000
0.473498 -0.007220 0.000000
-0.251725 0.035222 0.000000
-0.194071 -0.021881 0.000000
-0.148488 -0.022675 0.000000
-0.092942 0.031050 0.000000
-0.377870 0.028874 0.000000
0.176626 0.015929 0.000000
-0.235944 -0.020840 0.000000
0.449315 -0.011990 0.000000
0.315097 -0.016782 0.000000
-0.259043 0.035218 0.000000
0.119985 -0.021545 0.000000
0.412657 -0.013429 0.000000
0.261829 0.009907 0.000000
0.072947 0.022546 0.000000
-0.428669 -0.017990 0.000000
-0.349021 0.031793 0.000000
-0.443715 0.016961 0.000000
0.158372 -0.020818 0.000000
0.207736 -0.019726 0.000000
-0.467526 0.009874 0.000000
0.437304 -0.004057 0.000000
0.470636 -0.006966 0.000000
0.292745 -0.017458 0.000000
-0.432421 0.019671 0.000000
-0.497999 -0.007175 0.000000
-0.051134 0.029203 0.000000
0.470132 -0.006921 0.000000
-0.366736 -0.018127 0.000000
0.303016 0.006820 0.000000
0.355151 -0.015486 0.000000
-0.412793 0.023643 0.000000
-0.198086 0.034498 0.000000
0.170084 0.016371 0.000000
-0.333967 -0.018519 0.000000
0.096491 0.021118 0.000000
-0.223819 -0.021161 0.000000
-0.191436 -0.021939 0.000000
-0.130006 0.032479 0.000000
0.445861 -0.012130 0.000000
0.065837 0.022968 0.000000
0.474369 -0.010946 0.000000
0.184925 0.015364 0.000000
-0.142466 0.032911 0.000000
-0.363767 -0.018152 0.000000
-0.277446 0.035060 0.000000
-0.210649 -0.021495 0.000000
0.138312 -0.021211 0.000000
0.488660 -0.010327 0.000000
0.042625 0.024314 0.000000
-0.035655 -0.023203 0.000000
-0.308137 0.034242 0.000000
-0.363955 0.030422 0.000000
-0.069172 -0.023229 0.000000
0.359598 -0.015335 0.000000
-0.250765 0.035220 0.000000
0.354535 -0.015507 0.000000
0.325389 -0.016459 0.000000
0.103442 -0.021823 0.000000
0.460976 -0.006113 0.000000
0.334398 -0.016171 0.000000
0.272532 -0.018041 0.000000
-0.099527 0.031318 0.000000
-0.443220 0.017087 0.000000
-0.070366 -0.023227 0.000000
0.141347 0.018273 0.000000
0.056271 0.023529 0.000000
0.310106 -0.016936 0.000000
0.001153 -0.023023 0.000000
-0.322224 0.033593 0.000000
0.181132 0.015623 0.000000
-0.285419 0.034919 0.000000
0.339955 -0.015991 0.000000
0.414067 -0.002081 0.000000
0.129316 0.019052 0.000000
0.068360 0.022819 0.000000
0.260160 -0.018385 0.000000
-0.102971 0.031457 0.000000
0.458654 -0.005910 0.000000
0.119887 -0.021546 0.000000
-0.275836 -0.019773 0.000000
0.173565 -0.020500 0.000000
-0.107846 -0.023077 0.000000
0.024012 0.025357 0.000000
0.158862 -0.020808 0.000000
-0.465597 0.010536 0.000000
0.275172 0.008920 0.000000
-0.059793 0.029604 0.000000
0.186015 0.015290 0.000000
0.441805 -0.012294 0.000000
-0.361804 -0.018169 0.000000
0.015158 0.025842 0.000000
-0.406626 0.024723 0.000000
-0.124722 0.032289 0.000000
-0.340799 0.032431 0.000000
0.114623 0.019987 0.000000
0.422139 -0.013067 0.000000
-0.279477 -0.019680 0.000000
-0.193404 0.034388 0.000000
0.331814 0.004595 0.000000
-0.106823 -0.023083 0.000000
-0.078832 0.030452 0.000000
-0.055146 0.029390 0.000000
-0.416242 0.023005 0.000000
-0.423705 0.021542 0.000000
-0.371293 0.029639 0.000000
0.083983 0.021883 0.000000
-0.481599 0.004311 0.000000
-0.192500 -0.021915 0.000000
-0.491902 -0.014509 0.000000
0.233729 -0.019084 0.000000
-0.142087 -0.022756 0.000000
0.222521 0.012747 0.000000
0.425093 -0.003013 0.000000
0.150511 -0.020975 0.000000
-0.182343 0.034110 0.000000
0.438075 -0.004123 0.000000
0.065225 -0.022381 0.000000
0.356188 -0.015451 0.000000
0.291783 0.007674 0.000000
-0.094246 -0.023154 0.000000
-0.462766 0.011475 0.000000
-0.363741 0.030443 0.000000
-0.447046 -0.017910 0.000000
-0.114792 -0.023027 0.000000
-0.027539 -0.023176 0.000000
-0.436284 0.018783 0.000000
0.217324 0.013114 0.000000
-0.134981 0.032655 0.000000
-0.261337 0.035211 0.000000
-0.057540 0.029500 0.000000
0.157118 0.017236 0.000000
-0.422775 -0.017992 0.000000
-0.358367 0.030967 0.000000
0.104327 -0.021809 0.000000
0.371079 -0.014940 0.000000
-0.383648 0.028148 0.000000
-0.236674 0.035143 0.000000
0.501092 -0.009705 0.000000
0.200208 0.014312 0.000000
-0.156186 0.033357 0.000000
0.064305 0.023058 0.000000
-0.086807 -0.023185 0.000000
-0.484019 0.003175 0.000000
-0.369617 0.029823 0.000000
-0.343219 -0.018382 0.000000
-0.308823 -0.018990 0.000000
0.331429 0.004625 0.000000
-0.293509 0.034727 0.000000
0.438320 -0.012433 0.000000
-0.237424 -0.020800 0.000000
-0.221394 -0.021224 0.000000
0.078939 -0.022195 0.000000
-0.061560 0.029685 0.000000
0.329651 0.004764 0.000000
-0.343597 0.032221 0.000000
-0.167737 -0.022388 0.000000
0.342343 0.003767 0.000000
0.357341 0.002574 0.000000
0.358106 -0.015386 0.000000
0.173264 0.016156 0.000000
-0.409699 -0.017989 0.000000
-0.258731 0.035218 0.000000
0.147640 0.017862 0.000000
0.492827 -0.010143 0.000000
-0.071246 0.030120 0.000000
0.272996 0.009081 0.000000
-0.311126 0.034121 0.000000
0.153929 0.017448 0.000000
0.098853 -0.021896 0.000000
0.400654 -0.000959 0.000000
-0.320852 0.033665 0.000000
-0.458962 0.012680 0.000000
0.460521 -0.011529 0.000000
-0.040038 0.028675 0.000000
-0.464580 0.010878 0.000000
-0.049758 -0.023231 0.000000
0.130694 -0.021353 0.000000
-0.484921 -0.015987 0.000000
-0.060149 -0.023236 0.000000
0.468686 -0.011187 0.000000
-0.221390 -0.021224 0.000000
0.329813 0.004751 0.000000
0.118875 -0.021564 0.000000
0.251968 -0.018606 0.000000
-0.173049 -0.022296 0.000000
-0.048971 -0.023230 0.000000
0.043774 -0.022639 0.000000
0.441533 -0.004421 0.000000
0.209724 0.013649 0.000000
0.135023 0.018684 0.000000
0.356963 -0.015425 0.000000
-0.450493 0.015156 0.000000
0.346487 0.003439 0.000000
-0.244288 -0.020615 0.000000
-0.382380 0.028310 0.000000
0.015750 -0.022912 0.000000
-0.241369 0.035180 0.000000
0.363516 -0.015201 0.000000
-0.413075 -0.017989 0.000000
-0.208708 -0.021543 0.000000
0.135928 -0.021256 0.000000
-0.095306 0.031147 0.000000
0.174532 0.016071 0.000000
-0.319765 -0.018769 0.000000
-0.143525 -0.022738 0.000000
-0.020442 0.027708 0.000000
-0.446079 -0.017919 0.000000
-0.343899 0.032198 0.000000
0.444957 -0.004717 0.000000
0.092580 0.021359 0.000000
0.464473 -0.006421 0.000000
0.296014 0.007353 0.000000
0.292165 -0.017475 0.000000
-0.043018 0.028818 0.000000
0.239891 -0.018925 0.000000
0.387078 -0.014373 0.000000
-0.244932 -0.020598 0.000000
0.005927 -0.022989 0.000000
0.030858 -0.022774 0.000000
-0.476510 0.006497 0.000000
0.080219 -0.022177 0.000000
-0.247384 0.035212 0.000000
0.460265 -0.006051 0.000000
0.480441 -0.007839 0.000000
-0.095042 0.031136 0.000000
-0.227149 0.035034 0.000000
-0.011803 0.027267 0.000000
0.457521 -0.011654 0.000000
-0.102602 0.031442 0.000000
-0.029296 0.028150 0.000000
0.224451 -0.019319 0.000000
0.359189 -0.015349 0.000000
0.048303 0.023990 0.000000
-0.331603 -0.018558 0.000000
0.427578 -0.003225 0.000000
-0.072014 0.030154 0.000000
0.345460 0.003520 0.000000
-0.397624 0.026173 0.000000
0.242015 0.011352 0.000000
-0.348219 0.031858 0.000000
0.342335 -0.015913 0.000000
0.198493 0.014431 0.000000
0.282432 0.008377 0.000000
0.468506 -0.006777 0.000000
0.436174 -0.003960 0.000000
-0.111090 -0.023054 0.000000
-0.497120 -0.011898 0.000000
0.377870 0.000916 0.000000
-0.352748 0.031477 0.000000
0.003673 -0.023005 0.000000
-0.262245 0.035206 0.000000
0.140906 -0.021162 0.000000
-0.414251 -0.017990 0.000000
-0.385956 0.027843 0.000000
0.157815 0.017190 0.000000
0.008905 -0.022967 0.000000
0.155528 0.017342 0.000000
-0.297526 -0.019240 0.000000
0.157208 0.017231 0.000000
-0.253377 0.035225 0.000000
-0.406127 0.024808 0.000000
0.299163 -0.017268 0.000000
0.003739 0.026455 0.000000
0.152009 0.017574 0.000000
0.089950 -0.022034 0.000000
0.001014 -0.023024 0.000000
0.403874 -0.001227 0.000000
-0.205032 0.034650 0.000000
0.456467 -0.005718 0.000000
-0.207969 -0.021560 0.000000
-0.387228 -0.018016 0.000000
0.053650 0.023681 0.000000
0.053265 -0.022530 0.000000
-0.494454 -0.003109 0.000000
0.184786 0.015374 0.000000
0.035817 0.024700 0.000000
0.092984 -0.021988 0.000000
0.187788 -0.020188 0.000000
-0.313261 -0.018897 0.000000
-0.112373 -0.023045 0.000000
0.195344 -0.020016 0.000000
0.325797 0.005064 0.000000
0.282305 0.008387 0.000000
-0.084663 0.030702 0.000000
0.379633 -0.014639 0.000000
-0.398870 0.025981 0.000000
0.003372 0.026474 0.000000
0.328354 0.004865 0.000000
0.031886 0.024920 0.000000
0.437652 -0.004087 0.000000
-0.119037 0.032078 0.000000
-0.181300 0.034082 0.000000
-0.071635 0.030137 0.000000
0.288636 0.007911 0.000000
-0.341888 -0.018400 0.000000
0.215643 -0.019536 0.000000
0.219965 -0.019430 0.000000
-0.309779 -0.018969 0.000000
0.309354 0.006335 0.000000
0.106567 -0.021772 0.000000
0.411281 -0.001847 0.000000
-0.172023 -0.022314 0.000000
-0.357173 0.031080 0.000000
-0.248132 0.035215 0.000000
0.393741 -0.000386 0.000000
-0.027530 0.028063 0.000000
0.228162 -0.019226 0.000000
-0.405873 0.024851 0.000000
0.253040 0.010551 0.000000
-0.226900 -0.021081 0.000000
0.349345 0.003212 0.000000
-0.286673 0.034892 0.000000
0.037365 0.024613 0.000000
-0.446073 -0.017919 0.000000
0.015441 0.025827 0.000000
-0.405364 0.024936 0.000000
0.288057 0.007955 0.000000
0.332362 0.004552 0.000000
0.075261 0.022408 0.000000
0.338372 -0.016042 0.000000
0.434736 -0.003836 0.000000
-0.150969 0.033191 0.000000
-0.010193 -0.023094 0.000000
-0.384031 0.028098 0.000000
-0.276640 -0.019753 0.000000
-0.166277 0.033663 0.000000
0.417866 -0.013231 0.000000
-0.088987 0.030885 0.000000
0.151566 -0.020954 0.000000
-0.332312 -0.018546 0.000000
0.172811 -0.020516 0.000000
0.491365 -0.010208 0.000000
0.264636 -0.018262 0.000000
0.369265 0.001615 0.000000
0.356233 0.002663 0.000000
-0.215026 -0.021386 0.000000
-0.349772 -0.018297 0.000000
-0.389076 0.027419 0.000000
-0.246775 -0.020548 0.000000
-0.178027 -0.022206 0.000000
0.216581 -0.019513 0.000000
0.458525 -0.011612 0.000000
0.178594 0.015795 0.000000
-0.082158 0.030595 0.000000
0.307815 0.006453 0.000000
0.366274 0.001856 0.000000
-0.063913 0.029792 0.000000
0.190948 -0.020117 0.000000
-0.265691 -0.020039 0.000000
0.407620 -0.013619 0.000000
0.217845 -0.019482 0.000000
-0.102273 -0.023111 0.000000
-0.165508 0.033640 0.000000
0.059672 0.023330 0.000000
-0.162410 0.033547 0.000000
-0.471990 -0.017215 0.000000
-0.410373 0.024076 0.000000
-0.371530 0.029612 0.000000
0.332521 0.004539 0.000000
0.358518 0.002480 0.000000
-0.250925 0.035221 0.000000
-0.341010 -0.018413 0.000000
0.449505 -0.005111 0.000000
0.472676 -0.011018 0.000000
0.178952 0.015771 0.000000
0.116331 0.019879 0.000000
-0.399992 -0.017991 0.000000
0.202475 -0.019851 0.000000
-0.151098 0.033195 0.000000
0.487433 -0.008466 0.000000
0.384565 0.000369 0.000000
0.493441 -0.009009 0.000000
0.160890 0.016986 0.000000
-0.086188 0.030767 0.000000
0.294380 0.007477 0.000000
-0.208564 -0.021546 0.000000
0.275296 0.008910 0.000000
0.375355 -0.014790 0.000000
0.225658 0.012524 0.000000
-0.377109 0.028965 0.000000
-0.497842 -0.011059 0.000000
0.391234 -0.014223 0.000000
-0.028736 -0.023180 0.000000
0.458591 -0.005904 0.000000
0.356222 0.002664 0.000000
0.310123 -0.016935 0.000000
-0.091655 -0.023166 0.000000
-0.455128 0.013834 0.000000
0.383667 0.000443 0.000000
-0.273417 0.035114 0.000000
-0.223234 0.034980 0.000000
-0.058440 0.029542 0.000000
0.464509 -0.006424 0.000000
-0.160796 -0.022499 0.000000
-0.088923 0.030882 0.000000
0.033084 0.024853 0.000000
-0.025447 0.027959 0.000000
-0.052505 0.029267 0.000000
0.326948 0.004975 0.000000
0.009967 -0.022958 0.000000
0.219110 0.012988 0.000000
0.315898 0.005832 0.000000
0.041469 -0.022664 0.000000
-0.235720 0.035134 0.000000
0.212433 0.013459 0.000000
0.447622 -0.012059 0.000000
-0.129493 0.032461 0.000000
-0.304691 -0.019079 0.000000
0.048744 0.023964 0.000000
-0.201067 0.034566 0.000000
0.205891 0.013917 0.000000
0.058104 0.023422 0.000000
-0.136346 0.032702 0.000000
-0.025141 0.027944 0.000000
0.366464 0.001841 0.000000
-0.043332 0.028833 0.000000
0.000325 -0.023029 0.000000
-0.285753 -0.019522 0.000000
0.140053 0.018357 0.000000
-0.166775 -0.022404 0.000000
-0.367937 -0.018118 0.000000
0.219925 0.012931 0.000000
-0.349035 0.031792 0.000000
0.115144 0.019954 0.000000
-0.133328 -0.022856 0.000000
0.096517 0.021116 0.000000
-0.242188 0.035186 0.000000
-0.297529 0.034611 0.000000
0.210225 0.013614 0.000000
0.366912 -0.015084 0.000000
0.251877 0.010636 0.000000
0.148306 -0.021019 0.000000
-0.085890 -0.023188 0.000000
0.329508 0.004775 0.000000
-0.089072 -0.023177 0.000000
-0.003182 -0.023052 0.000000
0.168957 -0.020598 0.000000
-0.212745 0.034804 0.000000
-0.109138 -0.023068 0.000000
-0.189470 0.034293 0.000000
-0.442920 0.017164 0.000000
0.305891 -0.017065 0.000000
0.091060 -0.022017 0.000000
-0.061361 -0.023235 0.000000
-0.137322 0.032736 0.000000
0.497503 -0.009935 0.000000
0.145495 0.018002 0.000000
-0.042878 -0.023220 0.000000
-0.259334 0.035217 0.000000
-0.313961 -0.018883 0.000000
-0.461795 0.011789 0.000000
-0.223186 -0.021177 0.000000
0.062722 0.023152 0.000000
-0.333737 0.032917 0.000000
-0.156270 0.033359 0.000000
0.375505 -0.014785 0.000000
-0.127725 0.032397 0.000000
0.240523 -0.018909 0.000000
0.268917 0.009384 0.000000
0.449762 -0.005134 0.000000
0.117459 0.019808 0.000000
-0.435959 0.018859 0.000000
0.416277 -0.013292 0.000000
0.331692 0.004604 0.000000
0.407629 -0.001541 0.000000
0.185898 0.015298 0.000000
-0.213911 -0.021414 0.000000
0.236788 0.011728 0.000000
0.125045 -0.021455 0.000000
0.402922 -0.013794 0.000000
0.094938 0.021214 0.000000
-0.148540 -0.022674 0.000000
-0.312191 -0.018919 0.000000
0.400152 -0.013897 0.000000
-0.327225 -0.018632 0.000000
-0.129978 0.032478 0.000000
-0.123121 0.032230 0.000000
-0.258325 0.035219 0.000000
-0.293612 -0.019332 0.000000
-0.152229 0.033231 0.000000
0.248808 -0.018691 0.000000
0.355118 0.002752 0.000000
-0.160498 -0.022503 0.000000
0.230640 -0.019163 0.000000
-0.404204 -0.017989 0.000000
0.274892 -0.017975 0.000000
0.459982 -0.011552 0.000000
0.482878 -0.008057 0.000000
0.256033 -0.018497 0.000000
0.347040 0.003395 0.000000
-0.370410 -0.018100 0.000000
0.082310 0.021984 0.000000
-0.447617 0.015940 0.000000
-0.088547 0.030867 0.000000
0.304865 -0.017096 0.000000
-0.438700 0.018207 0.000000
-0.310387 -0.018956 0.000000
-0.494532 -0.003172 0.000000
0.215291 0.013258 0.000000
-0.347535 0.031913 0.000000
-0.014792 -0.023119 0.000000
0.028626 -0.022796 0.000000
0.060030 0.023309 0.000000
-0.209083 0.034733 0.000000
0.183725 0.015446 0.000000
0.378240 0.000886 0.000000
0.254546 -0.018537 0.000000
-0.481031 -0.016485 0.000000
0.308221 0.006422 0.000000
-0.480672 -0.016524 0.000000
0.391535 -0.014212 0.000000
-0.122870 0.032221 0.000000
-0.454747 -0.017807 0.000000
0.290167 -0.017534 0.000000
0.065583 -0.022376 0.000000
-0.104870 -0.023096 0.000000
-0.386366 0.027789 0.000000
-0.166932 -0.022401 0.000000
-0.380377 -0.018042 0.000000
-0.497303 -0.006013 0.000000
-0.459134 -0.017715 0.000000
-0.084212 0.030683 0.000000
-0.075369 -0.023218 0.000000
-0.318488 0.033784 0.000000
-0.380088 0.028601 0.000000
0.276548 -0.017928 0.000000
-0.043713 0.028851 0.000000
-0.388269 0.027529 0.000000
0.181408 0.015604 0.000000
0.337611 0.004140 0.000000
-0.464806 -0.017546 0.000000
-0.055010 0.029383 0.000000
-0.007424 0.027041 0.000000
-0.243206 -0.020644 0.000000
-0.143310 -0.022741 0.000000
0.499077 -0.009864 0.000000
-0.248226 0.035216 0.000000
0.252768 -0.018585 0.000000
0.202057 -0.019861 0.000000
-0.231765 -0.020952 0.000000
-0.105536 -0.023092 0.000000
-0.282934 0.034968 0.000000
-0.209329 0.034738 0.000000
0.073085 0.022538 0.000000
-0.461718 -0.017646 0.000000
0.191746 0.014897 0.000000
-0.485628 -0.015878 0.000000
-0.433822 -0.017982 0.000000
0.025230 -0.022828 0.000000
-0.412535 -0.017989 0.000000
-0.031489 -0.023190 0.000000
0.458621 -0.005907 0.000000
-0.437175 0.018572 0.000000
0.058805 -0.022463 0.000000
-0.014166 -0.023116 0.000000
0.279697 0.008582 0.000000
0.238775 -0.018954 0.000000
-0.297320 -0.019245 0.000000
0.232313 -0.019120 0.000000
0.291135 0.007723 0.000000
0.325503 0.005087 0.000000
-0.204195 0.034633 0.000000
0.163372 -0.020715 0.000000
0.158391 -0.020817 0.000000
-0.291613 0.034776 0.000000
0.468330 -0.011202 0.000000
0.343007 -0.015890 0.000000
-0.037955 0.028574 0.000000
-0.408529 0.024398 0.000000
-0.174443 -0.022272 0.000000
0.493673 -0.009030 0.000000
0.439369 -0.012391 0.000000
-0.036940 -0.023206 0.000000
-0.287574 0.034872 0.000000
0.137238 -0.021232 0.000000
0.497099 -0.009953 0.000000
0.309823 0.006299 0.000000
0.065398 -0.022379 0.000000
-0.125424 0.032314 0.000000
0.052232 0.023763 0.000000
-0.220523 -0.021247 0.000000
-0.478742 -0.016716 0.000000
-0.221100 0.034947 0.000000
-0.036855 0.028521 0.000000
-0.424607 0.021355 0.000000
-0.002691 -0.023049 0.000000
-0.227465 0.035039 0.000000
0.028765 0.025094 0.000000
0.076121 -0.022235 0.000000
-0.386477 0.027774 0.000000
0.375751 -0.014776 0.000000
-0.290034 0.034816 0.000000
0.402254 -0.001092 0.000000
0.145501 -0.021074 0.000000
-0.162252 -0.022477 0.000000
-0.111054 0.031774 0.000000
-0.278516 -0.019705 0.000000
-0.028365 0.028104 0.000000
-0.219975 -0.021260 0.000000
0.052199 -0.022543 0.000000
0.393424 -0.014144 0.000000
-0.354305 0.031339 0.000000
-0.392323 0.026960 0.000000
-0.100755 -0.023120 0.000000
-0.411274 0.023915 0.000000
-0.396510 -0.017995 0.000000
0.056889 -0.022486 0.000000
-0.181993 -0.022130 0.000000
-0.295669 0.034667 0.000000
-0.381794 -0.018036 0.000000
-0.340586 0.032446 0.000000
-0.093356 -0.023158 0.000000
-0.102436 -0.023111 0.000000
-0.001926 -0.023044 0.000000
0.316149 -0.016749 0.000000
0.023738 0.025373 0.000000
0.260628 0.009995 0.000000
-0.167588 0.033701 0.000000
0.489377 -0.010295 0.000000
0.308210 0.006423 0.000000
0.150406 -0.020978 0.000000
0.258474 0.010153 0.000000
0.322250 0.005340 0.000000
0.330844 -0.016286 0.000000
-0.189666 -0.021975 0.000000
0.187922 0.015159 0.000000
0.249118 0.010837 0.000000
-0.082150 -0.023201 0.000000
0.384467 -0.014467 0.000000
0.180235 0.015684 0.000000
0.161945 0.016915 0.000000
-0.263478 -0.020098 0.000000
-0.102149 0.031424 0.000000
0.121647 -0.021515 0.000000
0.218954 0.012999 0.000000
0.341626 0.003823 0.000000
-0.224119 -0.021153 0.000000
-0.455379 -0.017795 0.000000
0.145285 0.018016 0.000000
0.209269 0.013681 0.000000
-0.180963 0.034073 0.000000
0.225126 0.012562 0.000000
0.339235 -0.016014 0.000000
-0.240987 -0.020704 0.000000
-0.105623 -0.023091 0.000000
-0.003400 0.026831 0.000000
0.143749 -0.021108 0.000000
-0.119129 0.032082 0.000000
-0.005863 0.026960 0.000000
0.239006 -0.018948 0.000000
0.168095 0.016504 0.000000
-0.263111 -0.020108 0.000000
-0.246090 0.035206 0.000000
0.375765 -0.014776 0.000000
-0.022288 0.027801 0.000000
0.353978 0.002843 0.000000
-0.070720 0.030096 0.000000
-0.398050 -0.017993 0.000000
0.072720 -0.022281 0.000000
0.246434 0.011032 0.000000
-0.055336 0.029399 0.000000
0.191083 0.014942 0.000000
0.113856 -0.021650 0.000000
0.387494 -0.014358 0.000000
0.305783 0.006609 0.000000
0.391241 -0.000180 0.000000
0.423186 -0.013026 0.000000
-0.280921 0.035003 0.000000
-0.492290 -0.014388 0.000000
0.064585 0.023042 0.000000
-0.353377 -0.018255 0.000000
-0.306578 -0.019038 0.000000
0.189030 0.015083 0.000000
-0.164663 -0.022438 0.000000
0.354680 0.002787 0.000000
-0.146715 -0.022699 0.000000
0.397699 -0.013987 0.000000
-0.124008 0.032263 0.000000
0.086864 -0.022080 0.000000
0.234711 -0.019059 0.000000
0.349916 -0.015662 0.000000
0.182725 0.015515 0.000000
-0.185143 0.034183 0.000000
0.062719 -0.022413 0.000000
-0.359038 0.030903 0.000000
-0.145844 0.033024 0.000000
0.137929 0.018496 0.000000
-0.351670 -0.018274 0.000000
0.009644 -0.022961 0.000000
-0.007376 0.027039 0.000000
-0.497438 -0.011574 0.000000
0.491812 -0.008862 0.000000
-0.084276 -0.023194 0.000000
0.157776 0.017193 0.000000
0.240712 0.011446 0.000000
0.493979 -0.010092 0.000000
0.482890 -0.008058 0.000000
0.484839 -0.008233 0.000000
0.149087 0.017767 0.000000
0.392994 -0.000324 0.000000
-0.221713 -0.021216 0.000000
0.380621 0.000692 0.000000
0.155130 0.017368 0.000000
0.083988 -0.022122 0.000000
-0.494561 -0.013524 0.000000
0.438262 -0.012435 0.000000
-0.315418 0.033932 0.000000
0.092828 0.021343 0.000000
-0.480810 0.004666 0.000000
-0.142162 0.032901 0.000000
0.480288 -0.007825 0.000000
-0.315767 0.033915 0.000000
-0.189625 0.034296 0.000000
0.149156 -0.021002 0.000000
-0.356622 0.031131 0.000000
-0.333536 0.032930 0.000000
-0.130019 -0.022891 0.000000
0.118424 0.019747 0.000000
-0.428409 0.020554 0.000000
0.417851 -0.002400 0.000000
-0.141693 0.032885 0.000000
-0.454490 0.014020 0.000000
-0.083830 0.030667 0.000000
0.152331 0.017553 0.000000
-0.442564 -0.017946 0.000000
-0.456817 0.013332 0.000000
0.025844 0.025256 0.000000
-0.191985 0.034354 0.000000
-0.202809 0.034603 0.000000
0.303103 0.006814 0.000000
0.151830 -0.020949 0.000000
-0.294656 -0.019307 0.000000
-0.303675 -0.019101 0.000000
0.326994 0.004971 0.000000
0.173875 0.016115 0.000000
0.061597 0.023218 0.000000
-0.243854 0.035195 0.000000
0.434065 -0.003779 0.000000
-0.176881 -0.022227 0.000000
-0.200896 0.034562 0.000000
0.498627 -0.009480 0.000000
-0.273656 -0.019830 0.000000
0.341982 0.003795 0.000000
0.176421 0.015943 0.000000
-0.259362 -0.020208 0.000000
0.340426 0.003918 0.000000
0.113101 0.020083 0.000000
-0.137114 -0.022814 0.000000
-0.223391 -0.021172 0.000000
0.073396 -0.022272 0.000000
0.077264 -0.022219 0.000000
0.052961 0.023721 0.000000
0.211651 -0.019633 0.000000
0.423751 -0.002899 0.000000
0.131217 0.018929 0.000000
0.140663 0.018318 0.000000
0.056423 0.023520 0.000000
0.378245 -0.014688 0.000000
-0.016729 0.027520 0.000000
0.234118 -0.019074 0.000000
-0.317432 0.033835 0.000000
0.036096 0.024684 0.000000
-0.022428 0.027808 0.000000
-0.364402 -0.018146 0.000000
0.111346 -0.021693 0.000000
0.227359 -0.019246 0.000000
-0.340151 0.032477 0.000000
0.452839 -0.011846 0.000000
-0.174961 0.033910 0.000000
0.176912 0.015910 0.000000
0.301957 -0.017184 0.000000
-0.468822 -0.017381 0.000000
-0.469292 -0.017358 0.000000
-0.108950 0.031693 0.000000
0.101923 0.020782 0.000000
-0.224305 0.034997 0.000000
-0.446329 0.016282 0.000000
0.029644 0.025046 0.000000
-0.033567 0.028360 0.000000
0.446231 -0.012115 0.000000
-0.099506 -0.023127 0.000000
-0.476989 0.006301 0.000000
-0.003995 0.026863 0.000000
0.312132 -0.016874 0.000000
0.405177 -0.013710 0.000000
-0.021036 -0.023149 0.000000
0.361306 -0.015277 0.000000
-0.193288 0.034385 0.000000
-0.498124 -0.010568 0.000000
0.295195 -0.017386 0.000000
-0.351265 -0.018279 0.000000
0.373483 0.001273 0.000000
0.177134 -0.020423 0.000000
-0.153359 -0.022609 0.000000
-0.030189 0.028194 0.000000
0.187295 -0.020199 0.000000
0.291063 -0.017508 0.000000
0.041648 -0.022662 0.000000
0.089990 0.021517 0.000000
0.316395 0.005793 0.000000
-0.253700 0.035225 0.000000
-0.227339 -0.021069 0.000000
-0.179634 0.034038 0.000000
0.354248 -0.015516 0.000000
0.069049 -0.022331 0.000000
-0.237169 0.035147 0.000000
-0.413328 -0.017990 0.000000
-0.217659 0.034892 0.000000
0.370082 0.001549 0.000000
0.381375 0.000630 0.000000
0.412056 -0.013452 0.000000
0.218300 -0.019471 0.000000
-0.128868 0.032439 0.000000
0.371510 0.001433 0.000000
0.211622 0.013516 0.000000
0.281728 0.008430 0.000000
-0.120013 0.032115 0.000000
-0.229322 -0.021016 0.000000
0.157044 0.017241 0.000000
0.254937 0.010412 0.000000
0.353424 0.002887 0.000000
0.161022 -0.020763 0.000000
-0.053968 0.029335 0.000000
0.013433 0.025935 0.000000
-0.167457 0.033697 0.000000
-0.329634 0.033174 0.000000
-0.400285 0.025760 0.000000
0.255794 -0.018503 0.000000
-0.297909 -0.019232 0.000000
0.385307 -0.014437 0.000000
-0.134545 -0.022843 0.000000
-0.026483 -0.023172 0.000000
0.213447 -0.019589 0.000000
-0.485710 0.002334 0.000000
0.485427 -0.010468 0.000000
-0.108853 0.031689 0.000000
-0.293535 -0.019334 0.000000
0.140385 -0.021172 0.000000
0.263412 0.009791 0.000000
-0.380438 -0.018042 0.000000
-0.370887 0.029685 0.000000
0.433100 -0.003696 0.000000
0.304398 0.006715 0.000000
-0.205702 0.034665 0.000000
-0.141174 -0.022768 0.000000
-0.120094 0.032118 0.000000
0.226405 0.012471 0.000000
0.395946 -0.014051 0.000000
0.383985 0.000417 0.000000
0.393859 -0.014128 0.000000
0.081860 0.022011 0.000000
0.056163 -0.022495 0.000000
-0.068914 0.030016 0.000000
0.385712 0.000275 0.000000
0.454047 -0.011797 0.000000
-0.446198 -0.017918 0.000000
0.117189 -0.021593 0.000000
0.336892 0.004196 0.000000
0.258838 -0.018421 0.000000
-0.182643 -0.022118 0.000000
0.451962 -0.005325 0.000000
0.042048 0.024347 0.000000
-0.496869 -0.012121 0.000000
0.282203 -0.017766 0.000000
-0.119624 0.032100 0.000000
0.186535 -0.020216 0.000000
-0.397349 -0.017994 0.000000
0.127749 -0.021406 0.000000
-0.310370 -0.018957 0.000000
0.460927 -0.011512 0.000000
0.378098 -0.014694 0.000000
-0.238566 0.035158 0.000000
-0.106877 -0.023083 0.000000
-0.053777 0.029326 0.000000
-0.055847 0.029422 0.000000
-0.242727 -0.020657 0.000000
0.004685 0.026405 0.000000
0.332490 -0.016233 0.000000
0.088137 0.021630 0.000000
-0.290083 -0.019417 0.000000
0.497443 -0.009938 0.000000
-0.414094 0.023405 0.000000
-0.349965 -0.018295 0.000000
-0.431321 0.019918 0.000000
-0.248226 -0.020509 0.000000
-0.215773 0.034858 0.000000
-0.271290 0.035137 0.000000
-0.372058 0.029553 0.000000
0.486967 -0.008424 0.000000
0.248091 -0.018710 0.000000
-0.371200 0.029650 0.000000
-0.354888 -0.018238 0.000000
-0.292693 -0.019354 0.000000
-0.234916 0.035125 0.000000
0.314592 0.005932 0.000000
-0.308478 0.034229 0.000000
-0.165446 -0.022425 0.000000
-0.065076 -0.023233 0.000000
0.049890 0.023898 0.000000
0.390866 -0.014237 0.000000
0.364701 -0.015161 0.000000
0.434059 -0.003778 0.000000
0.171206 0.016295 0.000000
-0.165880 -0.022418 0.000000
0.439611 -0.012381 0.000000
-0.429391 0.020342 0.000000
0.235422 0.011826 0.000000
0.380561 -0.014606 0.000000
0.428789 -0.003328 0.000000
0.500362 -0.009638 0.000000
0.168233 -0.020613 0.000000
0.327584 0.004925 0.000000
0.087364 0.021677 0.000000
0.281160 -0.017796 0.000000
-0.292495 0.034753 0.000000
-0.472683 -0.017174 0.000000
0.150715 -0.020971 0.000000
-0.293410 -0.019337 0.000000
-0.173002 0.033856 0.000000
0.125251 -0.021451 0.000000
-0.426325 0.020997 0.000000
-0.138093 0.032763 0.000000
-0.279794 -0.019672 0.000000
0.067021 -0.022358 0.000000
-0.475138 0.007048 0.000000
-0.313211 -0.018898 0.000000
0.013546 -0.022930 0.000000
0.476886 -0.010838 0.000000
0.420388 -0.013134 0.000000
-0.161493 -0.022488 0.000000
0.052946 -0.022534 0.000000
-0.193091 0.034380 0.000000
0.182229 0.015548 0.000000
-0.385209 -0.018022 0.000000
-0.401149 0.025623 0.000000
0.007736 -0.022975 0.000000
0.401580 -0.001036 0.000000
-0.317078 -0.018821 0.000000
-0.464034 -0.017573 0.000000
-0.042139 0.028776 0.000000
-0.159933 0.033472 0.000000
-0.105813 0.031569 0.000000
-0.436732 -0.017974 0.000000
-0.161860 -0.022483 0.000000
0.302649 0.006848 0.000000
-0.133638 -0.022853 0.000000
-0.313674 0.034010 0.000000
0.303560 0.006779 0.000000
0.055510 0.023573 0.000000
0.391134 -0.014227 0.000000
-0.346014 -0.018344 0.000000
0.172053 0.016238 0.000000
0.300679 -0.017222 0.000000
-0.289683 0.034825 0.000000
0.187859 -0.020186 0.000000
0.066626 -0.022363 0.000000
-0.442363 0.017304 0.000000
-0.493320 -0.002230 0.000000
0.155591 -0.020874 0.000000
0.238104 -0.018972 0.000000
0.178876 -0.020385 0.000000
-0.393401 0.026803 0.000000
0.116064 -0.021613 0.000000
-0.287663 0.034870 0.000000
-0.209013 -0.021535 0.000000
0.060558 0.023279 0.000000
-0.342210 -0.018396 0.000000
-0.450679 -0.017869 0.000000
-0.063483 -0.023235 0.000000
-0.057894 -0.023236 0.000000
0.446726 -0.012095 0.000000
-0.125875 -0.022931 0.000000
-0.256251 -0.020292 0.000000
-0.063474 -0.023235 0.000000
-0.028429 -0.023179 0.000000
-0.358017 -0.018206 0.000000
-0.469105 -0.017367 0.000000
0.352780 0.002938 0.000000
-0.248174 0.035216 0.000000
-0.021323 -0.023151 0.000000
0.327904 0.004900 0.000000
-0.142052 -0.022757 0.000000
-0.003676 -0.023055 0.000000
0.450267 -0.011951 0.000000
-0.351492 -0.018277 0.000000
0.207304 0.013818 0.000000
0.037199 -0.022710 0.000000
0.098876 -0.021896 0.000000
0.207391 0.013812 0.000000
-0.478414 -0.016746 0.000000
-0.439390 -0.017963 0.000000
-0.223581 0.034985 0.000000
-0.465218 0.010664 0.000000
0.197337 -0.019970 0.000000
0.224191 0.012628 0.000000
0.251582 -0.018617 0.000000
0.219400 -0.019444 0.000000
-0.273469 -0.019835 0.000000
-0.394233 -0.017999 0.000000
-0.340654 -0.018418 0.000000
-0.167562 0.033700 0.000000
0.442712 -0.012257 0.000000
-0.427056 0.020843 0.000000
-0.026083 0.027991 0.000000
-0.376899 -0.018060 0.000000
-0.374755 -0.018072 0.000000
0.232166 0.012060 0.000000
0.074909 0.022429 0.000000
0.206405 0.013881 0.000000
0.137047 -0.021235 0.000000
0.171239 -0.020550 0.000000
0.305972 -0.017062 0.000000
-0.156478 -0.022564 0.000000
-0.174584 0.033900 0.000000
-0.356797 -0.018218 0.000000
0.306363 0.006565 0.000000
-0.346211 0.032019 0.000000
-0.078380 0.030433 0.000000
0.218716 0.013016 0.000000
-0.125797 -0.022932 0.000000
0.007780 -0.022975 0.000000
0.383072 -0.014517 0.000000
-0.009093 0.027128 0.000000
-0.377375 -0.018057 0.000000
0.068401 0.022816 0.000000
0.154650 -0.020893 0.000000
-0.413607 0.023494 0.000000
-0.122564 -0.022961 0.000000
-0.199318 0.034526 0.000000
-0.390474 -0.018007 0.000000
-0.310583 0.034144 0.000000
-0.332816 -0.018538 0.000000
0.160768 -0.020769 0.000000
-0.180393 -0.022162 0.000000
0.459144 -0.011587 0.000000
0.177776 -0.020409 0.000000
-0.329597 0.033176 0.000000
-0.040690 -0.023215 0.000000
0.413954 -0.013380 0.000000
-0.189093 0.034283 0.000000
0.255837 -0.018502 0.000000
-0.136776 -0.022818 0.000000
-0.264669 -0.020066 0.000000
0.089876 -0.022035 0.000000
-0.328811 0.033224 0.000000
-0.434285 -0.017981 0.000000
-0.404154 0.025136 0.000000
-0.498313 -0.008002 0.000000
0.282736 0.008354 0.000000
-0.143499 0.032946 0.000000
-0.090215 0.030936 0.000000
-0.277505 -0.019731 0.000000
0.339781 -0.015996 0.000000
-0.269407 -0.019941 0.000000
0.010993 0.026067 0.000000
-0.050865 0.029190 0.000000
0.307232 0.006498 0.000000
0.231056 -0.019152 0.000000
-0.067585 -0.023231 0.000000
0.097474 0.021057 0.000000
-0.194757 0.034421 0.000000
-0.038860 0.028618 0.000000
0.421766 -0.013081 0.000000
-0.142019 -0.022757 0.000000
-0.176150 -0.022240 0.000000
0.028829 0.025091 0.000000
-0.212325 0.034797 0.000000
-0.196988 -0.021817 0.000000
-0.488932 -0.015267 0.000000
-0.075330 0.030300 0.000000
0.418052 -0.002417 0.000000
-0.311079 -0.018942 0.000000
0.162622 0.016870 0.000000
0.111287 0.020197 0.000000
-0.352212 0.031523 0.000000
-0.366970 0.030108 0.000000
0.065868 -0.022373 0.000000
-0.170837 0.033794 0.000000
-0.460377 -0.017684 0.000000
-0.402843 0.025351 0.000000
-0.091935 -0.023164 0.000000
0.120786 -0.021530 0.000000
-0.307667 0.034260 0.000000
-0.197160 -0.021813 0.000000
0.236389 -0.019016 0.000000
0.474482 -0.010941 0.000000
0.177306 0.015883 0.000000
0.348283 -0.015716 0.000000
-0.424142 0.021451 0.000000
0.443308 -0.004574 0.000000
0.277566 -0.017899 0.000000
-0.160558 -0.022503 0.000000
0.018620 0.025653 0.000000
0.036867 0.024641 0.000000
-0.358550 -0.018200 0.000000
-0.230614 -0.020982 0.000000
-0.387846 -0.018014 0.000000
0.180115 -0.020358 0.000000
-0.432960 -0.017984 0.000000
0.197845 0.014476 0.000000
0.061302 -0.022431 0.000000
0.238465 -0.018962 0.000000
0.229772 0.012231 0.000000
0.027562 -0.022806 0.000000
-0.222849 -0.021186 0.000000
0.140385 0.018336 0.000000
0.180236 -0.020355 0.000000
0.086334 0.021740 0.000000
-0.146733 -0.022698 0.000000
0.327276 0.004949 0.000000
-0.125076 0.032301 0.000000
-0.006688 0.027003 0.000000
0.051262 -0.022554 0.000000
-0.441045 -0.017955 0.000000
0.103825 -0.021817 0.000000
0.029452 0.025056 0.000000
0.329454 -0.016330 0.000000
-0.352823 -0.018261 0.000000
0.055572 -0.022503 0.000000
0.500714 -0.009791 0.000000
-0.256607 -0.020282 0.000000
0.208208 0.013755 0.000000
-0.448958 0.015578 0.000000
-0.169952 -0.022350 0.000000
0.377968 0.000908 0.000000
0.123556 -0.021482 0.000000
0.103000 -0.021830 0.000000
0.169886 0.016384 0.000000
-0.305073 -0.019070 0.000000
0.152725 -0.020931 0.000000
-0.190271 0.034312 0.000000
-0.395201 0.026539 0.000000
0.022653 -0.022852 0.000000
0.408678 -0.001629 0.000000
0.428275 -0.012829 0.000000
0.263326 -0.018298 0.000000
0.076173 0.022353 0.000000
-0.098000 0.031257 0.000000
-0.073502 0.030220 0.000000
-0.187482 0.034242 0.000000
-0.123429 -0.022954 0.000000
0.082535 0.021970 0.000000
0.489351 -0.010296 0.000000
-0.290010 -0.019418 0.000000
0.103577 -0.021821 0.000000
0.125375 -0.021449 0.000000
0.188235 0.015138 0.000000
-0.132374 -0.022866 0.000000
0.074683 -0.022255 0.000000
-0.233603 0.035111 0.000000
-0.472812 0.007951 0.000000
-0.496810 -0.005380 0.000000
-0.371302 -0.018094 0.000000
-0.307936 -0.019009 0.000000
-0.437817 -0.017970 0.000000
-0.248851 -0.020492 0.000000
-0.049837 0.029142 0.000000
0.088601 0.021602 0.000000
-0.355175 0.031261 0.000000
-0.172468 0.033841 0.000000
0.124363 0.019369 0.000000
-0.018206 -0.023136 0.000000
0.002035 -0.023017 0.000000
0.500084 -0.009819 0.000000
0.089549 -0.022040 0.000000
-0.387868 -0.018014 0.000000
-0.054862 -0.023235 0.000000
0.422854 -0.013039 0.000000
0.051071 0.023830 0.000000
-0.480233 0.004923 0.000000
0.193758 -0.020053 0.000000
-0.200279 0.034548 0.000000
0.163674 -0.020709 0.000000
-0.305528 -0.019060 0.000000
0.053477 0.023691 0.000000
-0.016073 0.027486 0.000000
-0.483888 0.003238 0.000000
0.309496 0.006325 0.000000
-0.314306 0.033983 0.000000
-0.100971 -0.023119 0.000000
0.287695 0.007982 0.000000
-0.095310 0.031147 0.000000
0.042945 -0.022648 0.000000
-0.327973 0.033273 0.000000
-0.222118 0.034963 0.000000
-0.444838 -0.017930 0.000000
-0.391150 -0.018005 0.000000
0.133711 -0.021297 0.000000
-0.471074 -0.017266 0.000000
-0.372743 0.029475 0.000000
0.366741 -0.015090 0.000000
-0.292372 -0.019362 0.000000
-0.329022 -0.018601 0.000000
0.479794 -0.007781 0.000000
0.279920 0.008565 0.000000
-0.164215 0.033601 0.000000
-0.442329 0.017313 0.000000
-0.442477 0.017275 0.000000
0.320984 -0.016598 0.000000
0.053359 -0.022529 0.000000
0.165189 0.016699 0.000000
-0.025386 0.027956 0.000000
0.306458 -0.017047 0.000000
0.450508 -0.005199 0.000000
0.436604 -0.003997 0.000000
-0.446360 -0.017917 0.000000
-0.048332 0.029071 0.000000
0.094677 0.021230 0.000000
0.348214 -0.015718 0.000000
-0.346134 -0.018343 0.000000
0.393166 -0.000339 0.000000
-0.249750 -0.020467 0.000000
0.339919 -0.015992 0.000000
0.367349 -0.015069 0.000000
-0.335460 -0.018496 0.000000
-0.209496 0.034741 0.000000
-0.342880 -0.018387 0.000000
0.035600 0.024712 0.000000
0.227008 -0.019255 0.000000
-0.370361 0.029742 0.000000
-0.353295 0.031430 0.000000
0.481661 -0.007948 0.000000
-0.160942 0.033503 0.000000
0.051455 -0.022552 0.000000
-0.142464 -0.022752 0.000000
0.257218 -0.018465 0.000000
0.217369 0.013111 0.000000
-0.025314 -0.023167 0.000000
0.227887 -0.019232 0.000000
-0.474569 -0.017051 0.000000
-0.464596 0.010872 0.000000
0.152740 0.017526 0.000000
0.273697 0.009029 0.000000
-0.317276 0.033843 0.000000
0.491601 -0.010197 0.000000
-0.213632 -0.021421 0.000000
0.061602 0.023217 0.000000
-0.272307 0.035128 0.000000
-0.417947 0.022681 0.000000
0.014085 -0.022926 0.000000
0.162438 -0.020734 0.000000
-0.175533 -0.022252 0.000000
-0.055294 0.029397 0.000000
-0.184270 -0.022086 0.000000
0.134925 0.018690 0.000000
0.029383 0.025060 0.000000
-0.142824 0.032923 0.000000
-0.408001 0.024489 0.000000
-0.329062 -0.018600 0.000000
0.011699 -0.022945 0.000000
0.235270 -0.019045 0.000000
0.305877 -0.017065 0.000000
-0.357479 0.031051 0.000000
0.231128 0.012134 0.000000
0.185090 0.015353 0.000000
-0.195105 0.034429 0.000000
-0.006859 -0.023075 0.000000
0.002827 0.026503 0.000000
0.287583 0.007990 0.000000
-0.477838 -0.016797 0.000000
0.319910 -0.016632 0.000000
-0.347239 0.031937 0.000000
0.373047 -0.014871 0.000000
0.126449 -0.021430 0.000000
0.334546 -0.016166 0.000000
0.033664 0.024821 0.000000
-0.476409 -0.016915 0.000000
0.288422 0.007927 0.000000
0.134644 0.018708 0.000000
-0.406980 0.024663 0.000000
0.300102 0.007043 0.000000
0.380437 0.000707 0.000000
0.111686 -0.021687 0.000000
-0.429603 0.020296 0.000000
-0.241952 0.035184 0.000000
0.476536 -0.010853 0.000000
0.147590 0.017865 0.000000
-0.255001 0.035226 0.000000
0.212101 -0.019622 0.000000
0.377251 0.000967 0.000000
-0.154616 -0.022591 0.000000
-0.370562 0.029720 0.000000
-0.243233 0.035192 0.000000
0.290263 -0.017531 0.000000
-0.251827 -0.020411 0.000000
0.181729 -0.020323 0.000000
-0.062428 0.029724 0.000000
-0.211378 -0.021477 0.000000
0.464884 -0.011347 0.000000
-0.025881 -0.023170 0.000000
-0.120353 0.032127 0.000000
0.024966 -0.022830 0.000000
-0.044250 0.028877 0.000000
0.091643 0.021416 0.000000
-0.111053 0.031774 0.000000
0.212385 0.013462 0.000000
0.119631 -0.021551 0.000000
-0.431457 0.019887 0.000000
0.107657 0.020425 0.000000
0.270629 -0.018095 0.000000
-0.157627 -0.022547 0.000000
0.111650 -0.021688 0.000000
-0.472318 0.008138 0.000000
-0.469806 0.009064 0.000000
-0.008257 -0.023083 0.000000
-0.228946 0.035058 0.000000
0.274495 0.008970 0.000000
-0.236481 -0.020826 0.000000
-0.452942 -0.017837 0.000000
0.499527 -0.009562 0.000000
0.131723 0.018897 0.000000
-0.281066 0.035001 0.000000
-0.095513 -0.023148 0.000000
-0.491460 -0.000946 0.000000
-0.068985 -0.023229 0.000000
-0.307835 0.034254 0.000000
-0.428045 0.020632 0.000000
0.325084 -0.016469 0.000000
0.161378 0.016953 0.000000
-0.004444 0.026886 0.000000
0.252014 0.010626 0.000000
0.037232 -0.022709 0.000000
0.047330 0.024045 0.000000
0.092180 0.021383 0.000000
-0.216896 -0.021339 0.000000
-0.214796 -0.021392 0.000000
-0.441705 -0.017951 0.000000
-0.474565 0.007274 0.000000
-0.166755 0.033677 0.000000
-0.074064 -0.023221 0.000000
-0.261748 -0.020144 0.000000
-0.363085 -0.018157 0.000000
0.068478 -0.022338 0.000000
0.261061 -0.018360 0.000000
0.068799 -0.022334 0.000000
-0.165335 -0.022427 0.000000
-0.385334 0.027925 0.000000
0.472450 -0.011028 0.000000
0.497001 -0.009332 0.000000
-0.475967 -0.016950 0.000000
-0.446995 0.016106 0.000000
0.300557 0.007008 0.000000
0.369116 0.001627 0.000000
-0.395035 0.026564 0.000000
-0.330469 0.033122 0.000000
-0.218868 -0.021289 0.000000
-0.344771 0.032132 0.000000
0.388343 -0.014328 0.000000
0.321968 0.005362 0.000000
-0.178501 0.034008 0.000000
-0.134963 -0.022839 0.000000
-0.004354 -0.023059 0.000000
-0.054415 0.029356 0.000000
0.474174 -0.007280 0.000000
0.090556 0.021482 0.000000
-0.066751 -0.023232 0.000000
-0.289070 -0.019441 0.000000
0.110969 0.020217 0.000000
-0.243980 -0.020624 0.000000
-0.495847 -0.004347 0.000000
-0.074429 -0.023220 0.000000
-0.442844 0.017183 0.000000
0.454830 -0.011765 0.000000
0.145016 0.018034 0.000000
0.315765 -0.016761 0.000000
-0.120687 -0.022978 0.000000
-0.309572 0.034186 0.000000
0.474752 -0.007331 0.000000
0.382192 0.000563 0.000000
0.057901 0.023434 0.000000
-0.358559 -0.018200 0.000000
0.499196 -0.009859 0.000000
-0.084415 0.030692 0.000000
-0.259905 -0.020194 0.000000
0.272363 0.009128 0.000000
0.489875 -0.010273 0.000000
-0.189575 0.034295 0.000000
0.208748 -0.019702 0.000000
0.457102 -0.005774 0.000000
0.405144 -0.013711 0.000000
0.243130 0.011271 0.000000
-0.324785 -0.018675 0.000000
0.241065 -0.018895 0.000000
-0.268344 0.035165 0.000000
-0.137768 0.032751 0.000000
-0.137966 0.032758 0.000000
-0.242904 0.035190 0.000000
0.436110 -0.012521 0.000000
0.038550 -0.022696 0.000000
-0.283125 0.034965 0.000000
-0.158162 0.033418 0.000000
-0.286526 0.034895 0.000000
-0.013981 0.027379 0.000000
0.134868 0.018694 0.000000
0.439601 -0.004255 0.000000
0.039778 0.024476 0.000000
0.167510 -0.020629 0.000000
0.495571 -0.010021 0.000000
-0.016433 0.027504 0.000000
-0.085111 -0.023191 0.000000
-0.287202 0.034880 0.000000
0.293277 -0.017443 0.000000
0.114862 0.019972 0.000000
0.027777 -0.022804 0.000000
0.307860 0.006450 0.000000
-0.303024 -0.019116 0.000000
0.099731 -0.021883 0.000000
-0.366556 0.030152 0.000000
0.489425 -0.008646 0.000000
-0.327562 0.033297 0.000000
-0.068068 -0.023231 0.000000
-0.102128 0.031423 0.000000
-0.299945 -0.019185 0.000000
-0.402195 -0.017990 0.000000
0.366785 0.001815 0.000000
0.391350 -0.000189 0.000000
-0.120132 0.032119 0.000000
0.037270 -0.022709 0.000000
0.481818 -0.010625 0.000000
-0.245207 0.035201 0.000000
0.459406 -0.011576 0.000000
-0.358441 0.030960 0.000000
0.260869 -0.018365 0.000000
0.054975 -0.022510 0.000000
-0.234058 -0.020891 0.000000
-0.393697 -0.018000 0.000000
-0.316556 -0.018831 0.000000
0.396746 -0.000635 0.000000
0.334584 0.004378 0.000000
-0.230144 -0.020995 0.000000
-0.395885 0.026436 0.000000
0.220314 0.012903 0.000000
0.480612 -0.007854 0.000000
0.393211 -0.014151 0.000000
-0.084888 -0.023192 0.000000
-0.073836 0.030234 0.000000
0.176675 -0.020433 0.000000
-0.309472 0.034190 0.000000
-0.194289 -0.021876 0.000000
-0.450064 -0.017877 0.000000
0.257313 -0.018462 0.000000
0.229470 -0.019192 0.000000
0.247671 -0.018721 0.000000
0.038640 -0.022695 0.000000
0.430248 -0.012752 0.000000
-0.448327 0.015749 0.000000
0.247081 -0.018737 0.000000
0.046381 -0.022610 0.000000
0.155156 0.017366 0.000000
0.314582 -0.016798 0.000000
-0.332834 0.032976 0.000000
-0.498434 -0.009547 0.000000
0.464905 -0.006459 0.000000
-0.483349 -0.016207 0.000000
0.473744 -0.010972 0.000000
-0.327162 -0.018634 0.000000
0.355651 -0.015469 0.000000
-0.373355 0.029405 0.000000
-0.014806 -0.023119 0.000000
0.345945 -0.015794 0.000000
-0.336801 -0.018475 0.000000
0.223134 -0.019351 0.000000
0.206645 0.013864 0.000000
0.255618 -0.018508 0.000000
0.197174 0.014522 0.000000
0.164112 -0.020700 0.000000
-0.313372 -0.018895 0.000000
0.315284 -0.016776 0.000000
0.177485 -0.020415 0.000000
0.035611 0.024711 0.000000
-0.147118 -0.022693 0.000000
0.485768 -0.008317 0.000000
-0.193757 0.034397 0.000000
0.089213 0.021565 0.000000
0.475909 -0.007434 0.000000
0.139107 -0.021196 0.000000
-0.467193 -0.017453 0.000000
0.046362 -0.022610 0.000000
0.211642 0.013514 0.000000
-0.299715 -0.019190 0.000000
0.440146 -0.004301 0.000000
-0.342793 0.032282 0.000000
-0.353422 0.031418 0.000000
-0.208036 -0.021559 0.000000
-0.261754 -0.020144 0.000000
0.229642 0.012240 0.000000
-0.470517 -0.017296 0.000000
0.337932 0.004114 0.000000
-0.327471 -0.018628 0.000000
0.125012 0.019327 0.000000
-0.378775 -0.018050 0.000000
0.429499 -0.003389 0.000000
0.348239 -0.015717 0.000000
-0.016121 0.027488 0.000000
0.023743 -0.022842 0.000000
0.342242 -0.015916 0.000000
-0.108421 0.031672 0.000000
0.435559 -0.003907 0.000000
-0.285046 -0.019540 0.000000
0.352094 -0.015589 0.000000
0.106353 0.020506 0.000000
-0.442156 -0.017948 0.000000
-0.443405 0.017040 0.000000
0.209996 -0.019672 0.000000
-0.169153 -0.022364 0.000000
0.060398 -0.022443 0.000000
-0.000318 -0.023033 0.000000
0.152351 0.017552 0.000000
0.102387 -0.021840 0.000000
0.238950 0.011573 0.000000
0.489434 -0.008647 0.000000
-0.232562 0.035100 0.000000
-0.304474 0.034382 0.000000
-0.404714 -0.017989 0.000000
-0.017211 0.027544 0.000000
-0.352577 -0.018264 0.000000
0.458245 -0.011624 0.000000
0.475803 -0.007425 0.000000
0.192082 0.014874 0.000000
0.463679 -0.011398 0.000000
-0.022659 -0.023156 0.000000
-0.079956 0.030501 0.000000
0.039448 -0.022686 0.000000
0.182153 0.015553 0.000000
-0.088710 -0.023178 0.000000
-0.269367 0.035156 0.000000
-0.031626 0.028265 0.000000
0.219712 0.012946 0.000000
-0.422188 -0.017992 0.000000
0.382624 0.000528 0.000000
-0.129019 0.032444 0.000000
0.484391 -0.010513 0.000000
0.369332 -0.015001 0.000000
0.424831 -0.012963 0.000000
0.063953 -0.022398 0.000000
0.448366 -0.012029 0.000000
0.237353 0.011688 0.000000
0.478808 -0.007693 0.000000
0.259199 -0.018411 0.000000
0.306697 -0.017040 0.000000
-0.184693 -0.022077 0.000000
-0.052678 0.029275 0.000000
-0.176707 0.033959 0.000000
0.197094 0.014528 0.000000
0.000871 0.026607 0.000000
-0.038869 0.028619 0.000000
0.167496 0.016544 0.000000
0.430352 -0.012747 0.000000
0.309443 0.006329 0.000000
0.066870 -0.022360 0.000000
-0.122893 0.032221 0.000000
0.410199 -0.001756 0.000000
-0.015681 -0.023124 0.000000
0.271156 0.009218 0.000000
0.247135 -0.018735 0.000000
-0.191751 -0.021932 0.000000
-0.394477 -0.017998 0.000000
-0.034247 -0.023199 0.000000
-0.181764 0.034094 0.000000
0.163966 0.016781 0.000000
0.348257 0.003298 0.000000
-0.088213 0.030853 0.000000
0.109463 0.020312 0.000000
0.394842 -0.014092 0.000000
-0.400041 -0.017991 0.000000
0.367550 0.001753 0.000000
0.483863 -0.010536 0.000000
-0.051766 0.029232 0.000000
0.205818 0.013922 0.000000
0.102938 -0.021831 0.000000
0.295232 0.007413 0.000000
0.112475 0.020122 0.000000
-0.398619 -0.017993 0.000000
-0.413367 0.023538 0.000000
0.322078 -0.016564 0.000000
0.196951 0.014538 0.000000
-0.266969 0.035178 0.000000
0.439149 -0.004216 0.000000
-0.205925 -0.021609 0.000000
-0.100343 -0.023123 0.000000
-0.368097 -0.018117 0.000000
-0.340659 0.032441 0.000000
-0.214765 -0.021393 0.000000
0.014576 0.025873 0.000000
0.187121 0.015214 0.000000
0.067521 0.022869 0.000000
0.101052 0.020836 0.000000
0.247679 -0.018721 0.000000
0.304349 0.006719 0.000000
-0.415712 -0.017990 0.000000
-0.027979 0.028085 0.000000
0.180157 0.015689 0.000000
-0.467585 0.009853 0.000000
0.086409 0.021735 0.000000
0.490380 -0.010251 0.000000
-0.438777 -0.017966 0.000000
0.243248 0.011262 0.000000
0.260750 -0.018369 0.000000
-0.309775 -0.018970 0.000000
0.192194 0.014866 0.000000
-0.400240 0.025767 0.000000
-0.096257 -0.023144 0.000000
0.308639 0.006390 0.000000
-0.118369 0.032053 0.000000
0.380799 0.000677 0.000000
-0.376256 -0.018063 0.000000
-0.361299 0.030686 0.000000
0.446175 -0.004822 0.000000
-0.434769 -0.017980 0.000000
0.235728 0.011804 0.000000
0.271175 -0.018079 0.000000
-0.459178 0.012613 0.000000
-0.352174 0.031526 0.000000
-0.360037 0.030809 0.000000
0.328496 0.004854 0.000000
0.052224 0.023763 0.000000
0.072590 0.022567 0.000000
0.258134 0.010178 0.000000
-0.054646 -0.023235 0.000000
-0.003935 0.026859 0.000000
0.112884 -0.021667 0.000000
-0.121978 -0.022967 0.000000
0.088243 0.021624 0.000000
-0.020598 0.027715 0.000000
-0.491833 -0.014530 0.000000
-0.231110 0.035085 0.000000
-0.354617 -0.018241 0.000000
-0.491016 -0.014763 0.000000
0.181583 -0.020326 0.000000
-0.424045 -0.017992 0.000000
-0.049969 0.029148 0.000000
-0.108793 -0.023070 0.000000
0.324126 0.005194 0.000000
-0.373555 0.029382 0.000000
-0.327238 0.033315 0.000000
0.103103 -0.021829 0.000000
-0.151324 0.033203 0.000000
0.038354 0.024557 0.000000
-0.359711 -0.018189 0.000000
-0.182176 -0.022127 0.000000
-0.213831 0.034824 0.000000
0.109002 0.020341 0.000000
-0.237962 0.035153 0.000000
-0.041575 0.028749 0.000000
-0.200567 -0.021735 0.000000
0.425610 -0.012933 0.000000
-0.272260 0.035128 0.000000
0.033145 0.024850 0.000000
0.001724 0.026562 0.000000
-0.146990 0.033062 0.000000
-0.107873 -0.023076 0.000000
-0.307698 -0.019014 0.000000
-0.064777 -0.023234 0.000000
0.082963 0.021944 0.000000
-0.285562 -0.019527 0.000000
-0.291129 -0.019391 0.000000
-0.345907 -0.018346 0.000000
-0.403916 -0.017989 0.000000
0.021788 -0.022859 0.000000
-0.233163 -0.020915 0.000000
-0.204444 -0.021645 0.000000
0.355252 0.002741 0.000000
-0.408616 -0.017988 0.000000
-0.263447 -0.020099 0.000000
0.397073 -0.000662 0.000000
0.336773 -0.016094 0.000000
0.450313 -0.011950 0.000000
0.177151 0.015893 0.000000
-0.339772 0.032504 0.000000
-0.434199 0.019267 0.000000
0.169311 0.016422 0.000000
-0.236500 -0.020825 0.000000
-0.380276 -0.018043 0.000000
-0.384698 0.028010 0.000000
0.438036 -0.012444 0.000000
0.039705 0.024480 0.000000
-0.205071 0.034651 0.000000
0.031051 0.024967 0.000000
0.402506 -0.013810 0.000000
0.492112 -0.010175 0.000000
-0.160853 0.033501 0.000000
0.175405 -0.020460 0.000000
-0.479413 -0.016653 0.000000
0.165434 0.016682 0.000000
0.334279 -0.016175 0.000000
0.212466 -0.019613 0.000000
0.387898 -0.014344 0.000000
-0.196668 -0.021824 0.000000
0.416362 -0.013288 0.000000
0.134623 0.018710 0.000000
-0.018366 -0.023137 0.000000
0.260043 0.010038 0.000000
0.092106 -0.022001 0.000000
-0.421280 -0.017992 0.000000
0.352335 -0.015581 0.000000
-0.207879 -0.021563 0.000000
0.252579 0.010585 0.000000
-0.153494 -0.022607 0.000000
0.239842 -0.018927 0.000000
-0.196141 0.034453 0.000000
-0.046702 0.028994 0.000000
-0.163899 0.033592 0.000000
-0.082710 0.030619 0.000000
0.472935 -0.011007 0.000000
-0.060444 0.029634 0.000000
-0.101980 0.031417 0.000000
0.244366 0.011181 0.000000
-0.271161 0.035139 0.000000
-0.498104 -0.010609 0.000000
-0.129561 0.032464 0.000000
-0.147162 0.033067 0.000000
0.253687 0.010504 0.000000
-0.173957 0.033882 0.000000
0.148810 -0.021009 0.000000
-0.107248 -0.023080 0.000000
-0.221443 0.034952 0.000000
-0.034238 -0.023199 0.000000
-0.130374 0.032492 0.000000
0.454667 -0.005561 0.000000
-0.051527 0.029221 0.000000
-0.237914 0.035153 0.000000
0.468943 -0.011176 0.000000
0.171968 -0.020534 0.000000
0.310699 0.006232 0.000000
-0.215875 0.034860 0.000000
-0.116183 0.031970 0.000000
0.180814 -0.020343 0.000000
-0.228042 -0.021050 0.000000
0.051580 -0.022550 0.000000
-0.115386 -0.023022 0.000000
-0.379544 -0.018046 0.000000
0.297221 0.007262 0.000000
0.181446 -0.020329 0.000000
-0.066250 0.029897 0.000000
-0.048573 -0.023229 0.000000
-0.133356 0.032598 0.000000
-0.323539 0.033524 0.000000
-0.344517 0.032152 0.000000
-0.163834 0.033590 0.000000
0.424513 -0.012975 0.000000
0.130579 0.018970 0.000000
0.277483 -0.017901 0.000000
0.156839 0.017255 0.000000
0.315429 0.005868 0.000000
0.268733 0.009398 0.000000
-0.305514 0.034344 0.000000
-0.055334 0.029398 0.000000
-0.480945 0.004606 0.000000
0.205643 -0.019776 0.000000
-0.453818 0.014216 0.000000
-0.498338 -0.008094 0.000000
0.045612 0.024144 0.000000
-0.378703 0.028771 0.000000
-0.040780 0.028711 0.000000
-0.330772 -0.018572 0.000000
-0.027315 0.028052 0.000000
0.349630 -0.015671 0.000000
-0.234450 -0.020880 0.000000
0.330900 -0.016284 0.000000
-0.207106 0.034694 0.000000
-0.439055 0.018121 0.000000
-0.063898 0.029791 0.000000
-0.365624 0.030249 0.000000
-0.101253 0.031388 0.000000
-0.331304 -0.018563 0.000000
-0.258818 0.035218 0.000000
0.074772 0.022437 0.000000
0.414893 -0.002151 0.000000
-0.111020 0.031773 0.000000
-0.105462 -0.023092 0.000000
0.039184 0.024510 0.000000
0.071171 -0.022303 0.000000
0.258517 0.010150 0.000000
-0.080977 -0.023204 0.000000
0.217768 -0.019484 0.000000
0.469960 -0.006906 0.000000
0.437129 -0.004042 0.000000
-0.313648 -0.018890 0.000000
0.243915 0.011214 0.000000
0.338572 -0.016036 0.000000
-0.440056 -0.017960 0.000000
0.310079 -0.016937 0.000000
0.059464 -0.022455 0.000000
0.260814 -0.018367 0.000000
0.062407 -0.022417 0.000000
-0.415667 0.023113 0.000000
-0.134655 -0.022842 0.000000
-0.452333 0.014640 0.000000
0.484824 -0.008232 0.000000
-0.413399 0.023532 0.000000
-0.389880 -0.018008 0.000000
0.119713 -0.021549 0.000000
-0.332271 -0.018547 0.000000
0.491372 -0.008822 0.000000
-0.400042 0.025798 0.000000
0.092768 -0.021991 0.000000
-0.077819 0.030408 0.000000
-0.361706 0.030645 0.000000
-0.423123 -0.017992 0.000000
0.113538 -0.021656 0.000000
-0.161076 -0.022495 0.000000
-0.359341 0.030875 0.000000
0.442198 -0.012278 0.000000
0.197197 0.014521 0.000000
-0.181169 0.034079 0.000000
0.031842 -0.022764 0.000000
0.337694 0.004133 0.000000
0.291926 -0.017482 0.000000
0.215351 -0.019543 0.000000
-0.025785 -0.023169 0.000000
0.254707 -0.018533 0.000000
0.458512 -0.011613 0.000000
0.296959 0.007282 0.000000
0.453734 -0.011810 0.000000
0.198781 0.014411 0.000000
-0.305173 0.034357 0.000000
-0.449705 0.015374 0.000000
-0.463015 0.011394 0.000000
0.279633 0.008587 0.000000
-0.050535 0.029175 0.000000
-0.261628 0.035209 0.000000
0.357139 0.002590 0.000000
-0.467133 0.010010 0.000000
0.294475 0.007470 0.000000
0.181463 0.015600 0.000000
-0.147596 -0.022687 0.000000
-0.257939 -0.020246 0.000000
0.378858 -0.014667 0.000000
-0.498050 -0.010715 0.000000
-0.385883 -0.018020 0.000000
-0.430002 0.020208 0.000000
0.310235 0.006268 0.000000
0.019327 -0.022881 0.000000
0.177845 0.015846 0.000000
0.181924 0.015569 0.000000
0.189201 0.015072 0.000000
0.008545 -0.022969 0.000000
-0.038258 0.028589 0.000000
-0.279765 -0.019673 0.000000
-0.052274 0.029256 0.000000
-0.244521 0.035198 0.000000
0.048595 -0.022585 0.000000
0.263480 0.009786 0.000000
-0.490074 -0.015005 0.000000
-0.455431 0.013745 0.000000
0.358666 -0.015367 0.000000
-0.481268 -0.016459 0.000000
-0.010085 0.027179 0.000000
-0.397071 0.026257 0.000000
-0.222433 -0.021197 0.000000
0.446957 -0.012086 0.000000
-0.113331 -0.023038 0.000000
-0.252537 -0.020392 0.000000
0.353188 -0.015552 0.000000
0.406193 -0.001421 0.000000
-0.491594 -0.014600 0.000000
-0.209986 -0.021511 0.000000
0.340458 -0.015974 0.000000
-0.487004 -0.015646 0.000000
-0.030261 -0.023186 0.000000
-0.459547 0.012499 0.000000
0.109664 0.020299 0.000000
0.294176 0.007493 0.000000
0.206209 0.013895 0.000000
0.160897 -0.020766 0.000000
0.120143 -0.021542 0.000000
-0.215944 0.034861 0.000000
-0.467276 -0.017449 0.000000
0.496382 -0.009276 0.000000
0.303007 0.006821 0.000000
-0.251551 0.035222 0.000000
-0.038570 -0.023210 0.000000
-0.305021 0.034363 0.000000
0.135265 -0.021268 0.000000
-0.157583 0.033400 0.000000
-0.052982 -0.023234 0.000000
0.300313 0.007027 0.000000
-0.279422 0.035029 0.000000
0.061137 0.023245 0.000000
0.272271 -0.018049 0.000000
0.215763 0.013224 0.000000
0.214702 0.013299 0.000000
0.129973 0.019009 0.000000
-0.397190 0.026239 0.000000
-0.488054 -0.015448 0.000000
0.358421 -0.015375 0.000000
-0.017697 0.027569 0.000000
-0.366640 -0.018128 0.000000
-0.198970 -0.021772 0.000000
0.040994 -0.022669 0.000000
-0.012092 -0.023105 0.000000
-0.411922 -0.017989 0.000000
-0.346615 0.031987 0.000000
0.172276 0.016223 0.000000
0.139246 -0.021194 0.000000
-0.431237 0.019937 0.000000
0.296754 0.007297 0.000000
0.208594 -0.019706 0.000000
-0.081741 0.030578 0.000000
-0.091405 -0.023167 0.000000
-0.313906 0.034000 0.000000
0.072117 -0.022290 0.000000
-0.067313 0.029945 0.000000
-0.420532 0.022178 0.000000
-0.143433 0.032944 0.000000
-0.160903 -0.022497 0.000000
-0.367914 0.030009 0.000000
0.123039 0.019453 0.000000
-0.389521 0.027358 0.000000
0.238230 -0.018968 0.000000
0.138943 0.018430 0.000000
0.164784 0.016726 0.000000
-0.286754 -0.019498 0.000000
-0.166257 0.033662 0.000000
-0.079911 0.030499 0.000000
0.426134 -0.012912 0.000000
-0.115074 -0.023024 0.000000
0.142142 0.018221 0.000000
-0.304758 0.034372 0.000000
-0.328077 -0.018617 0.000000
0.204803 -0.019796 0.000000
-0.213038 0.034810 0.000000
-0.066690 -0.023232 0.000000
-0.167956 0.033712 0.000000
-0.186546 -0.022040 0.000000
-0.306252 0.034315 0.000000
0.042299 -0.022655 0.000000
-0.405928 0.024841 0.000000
-0.125092 -0.022939 0.000000
0.049520 0.023920 0.000000
-0.385962 0.027842 0.000000
-0.122280 0.032199 0.000000
-0.165139 -0.022430 0.000000
0.177628 -0.020412 0.000000
0.271344 0.009204 0.000000
0.092024 0.021393 0.000000
-0.452678 -0.017841 0.000000
-0.107696 -0.023077 0.000000
0.382079 0.000573 0.000000
0.365667 -0.015127 0.000000
-0.447108 0.016076 0.000000
-0.048955 -0.023230 0.000000
-0.397512 0.026190 0.000000
0.192409 0.014851 0.000000
0.207921 -0.019722 0.000000
-0.355508 -0.018232 0.000000
-0.032278 -0.023192 0.000000
-0.490569 -0.014881 0.000000
0.094419 0.021246 0.000000
0.168421 0.016482 0.000000
0.421837 -0.002737 0.000000
-0.290295 -0.019411 0.000000
-0.221016 -0.021234 0.000000
0.304022 -0.017121 0.000000
0.467024 -0.006646 0.000000
0.439606 -0.004255 0.000000
0.114084 -0.021646 0.000000
0.452739 -0.011850 0.000000
0.008255 -0.022971 0.000000
0.229550 0.012247 0.000000
-0.068138 -0.023230 0.000000
-0.316573 0.033876 0.000000
0.164972 0.016713 0.000000
-0.102873 0.031453 0.000000
-0.191134 0.034333 0.000000
0.258695 0.010137 0.000000
0.489553 -0.010287 0.000000
0.319004 -0.016660 0.000000
0.190035 -0.020137 0.000000
-0.185348 0.034188 0.000000
-0.176000 0.033939 0.000000
0.339358 -0.016010 0.000000
0.312330 -0.016868 0.000000
0.145225 0.018020 0.000000
-0.026770 0.028025 0.000000
-0.006565 0.026996 0.000000
-0.192045 -0.021925 0.000000
0.328453 -0.016362 0.000000
0.318297 -0.016683 0.000000
0.195958 -0.020002 0.000000
-0.391191 0.027121 0.000000
0.412447 -0.001945 0.000000
0.299460 0.007091 0.000000
-0.068411 -0.023230 0.000000
-0.070510 0.030087 0.000000
-0.069169 0.030028 0.000000
-0.394880 0.026586 0.000000
-0.364977 -0.018142 0.000000
0.284723 0.008205 0.000000
0.353892 0.002850 0.000000
0.140415 -0.021171 0.000000
-0.430934 -0.017987 0.000000
0.448204 -0.004998 0.000000
0.488524 -0.008565 0.000000
0.007486 -0.022977 0.000000
-0.032952 0.028330 0.000000
-0.474793 -0.017035 0.000000
0.165070 0.016707 0.000000
0.286213 0.008093 0.000000
-0.029439 0.028157 0.000000
-0.378327 -0.018052 0.000000
0.041300 0.024390 0.000000
0.146783 0.017918 0.000000
0.027417 -0.022807 0.000000
-0.017911 -0.023135 0.000000
0.084345 -0.022117 0.000000
0.234468 0.011895 0.000000
-0.421230 -0.017992 0.000000
0.361170 -0.015282 0.000000
0.450409 -0.011946 0.000000
-0.209413 0.034739 0.000000
0.326547 0.005006 0.000000
-0.063360 0.029767 0.000000
0.045403 -0.022621 0.000000
-0.152648 0.033245 0.000000
-0.497785 -0.011142 0.000000
-0.246830 0.035209 0.000000
0.365018 -0.015150 0.000000
-0.118741 -0.022995 0.000000
0.015683 0.025813 0.000000
0.257908 -0.018446 0.000000
0.115872 0.019908 0.000000
-0.477273 -0.016845 0.000000
-0.267240 -0.019998 0.000000
0.320515 0.005475 0.000000
0.260034 0.010039 0.000000
-0.258515 -0.020231 0.000000
-0.466370 0.010273 0.000000
0.299417 -0.017260 0.000000
0.186326 0.015269 0.000000
-0.193472 0.034390 0.000000
-0.393961 -0.017999 0.000000
0.199394 0.014369 0.000000
-0.366736 0.030133 0.000000
-0.422382 0.021809 0.000000
-0.383463 -0.018029 0.000000
-0.002701 -0.023049 0.000000
-0.415758 0.023096 0.000000
-0.193887 -0.021885 0.000000
-0.048943 0.029100 0.000000
-0.487406 -0.015573 0.000000
0.196011 0.014603 0.000000
-0.175427 0.033923 0.000000
-0.061693 -0.023235 0.000000
-0.002443 -0.023047 0.000000
0.154023 0.017441 0.000000
-0.480363 -0.016557 0.000000
0.446953 -0.012086 0.000000
-0.135162 -0.022836 0.000000
-0.363904 0.030427 0.000000
-0.366026 0.030207 0.000000
-0.357575 0.031042 0.000000
0.431793 -0.003585 0.000000
0.263263 0.009801 0.000000
0.231135 -0.019150 0.000000
0.009890 -0.022959 0.000000
0.234068 -0.019076 0.000000
0.265446 0.009641 0.000000
-0.390750 0.027184 0.000000
-0.438517 -0.017967 0.000000
0.367646 0.001746 0.000000
-0.195552 0.034439 0.000000
-0.193560 0.034392 0.000000
0.090618 -0.022024 0.000000
-0.336032 0.032764 0.000000
0.090976 0.021457 0.000000
0.082354 -0.022146 0.000000
-0.231011 -0.020972 0.000000
-0.171874 -0.022317 0.000000
-0.453415 0.014331 0.000000
0.209910 -0.019674 0.000000
-0.343961 0.032194 0.000000
0.109049 -0.021731 0.000000
-0.025294 0.027951 0.000000
-0.130367 0.032492 0.000000
0.293754 -0.017429 0.000000
-0.149745 -0.022658 0.000000
0.499931 -0.009599 0.000000
-0.317448 -0.018814 0.000000
0.056629 -0.022489 0.000000
0.471850 -0.007073 0.000000
-0.431909 -0.017986 0.000000
0.060540 0.023280 0.000000
0.272886 -0.018031 0.000000
-0.264062 -0.020082 0.000000
0.378372 -0.014684 0.000000
-0.293233 -0.019341 0.000000
0.368437 -0.015032 0.000000
0.415630 -0.013316 0.000000
-0.420936 0.022098 0.000000
-0.328117 0.033265 0.000000
0.041242 -0.022667 0.000000
0.144820 -0.021087 0.000000
0.376745 -0.014741 0.000000
-0.234290 0.035119 0.000000
0.442364 -0.012271 0.000000
-0.127846 -0.022912 0.000000
-0.147742 0.033086 0.000000
0.148501 0.017805 0.000000
-0.016226 -0.023126 0.000000
-0.468525 0.009523 0.000000
0.047684 -0.022595 0.000000
0.457013 -0.005766 0.000000
0.073290 -0.022274 0.000000
-0.133051 0.032587 0.000000
0.254892 0.010416 0.000000
-0.456419 0.013452 0.000000
-0.468480 -0.017397 0.000000
-0.247261 0.035211 0.000000
-0.213328 0.034815 0.000000
-0.472616 0.008025 0.000000
0.453618 -0.005469 0.000000
0.456391 -0.011700 0.000000
-0.435419 0.018985 0.000000
0.040275 -0.022677 0.000000
0.076812 0.022315 0.000000
0.263355 0.009795 0.000000
-0.088265 0.030855 0.000000
0.244836 -0.018796 0.000000
-0.178422 0.034006 0.000000
0.162785 0.016859 0.000000
-0.199251 0.034524 0.000000
-0.397091 0.026254 0.000000
0.347441 0.003363 0.000000
0.047089 -0.022602 0.000000
-0.421113 0.022063 0.000000
-0.468742 -0.017384 0.000000
0.340511 -0.015972 0.000000
-0.406155 -0.017988 0.000000
-0.345193 -0.018355 0.000000
-0.285371 0.034920 0.000000
-0.315037 -0.018861 0.000000
0.023309 -0.022846 0.000000
0.188575 -0.020170 0.000000
-0.461373 0.011923 0.000000
-0.237994 0.035153 0.000000
0.200575 0.014287 0.000000
0.093567 -0.021979 0.000000
0.308020 0.006438 0.000000
0.441953 -0.004457 0.000000
-0.397802 -0.017994 0.000000
-0.134081 -0.022848 0.000000
-0.019853 0.027678 0.000000
0.214029 -0.019575 0.000000
-0.426752 -0.017991 0.000000
0.232521 0.012034 0.000000
-0.141251 -0.022767 0.000000
-0.212517 0.034800 0.000000
-0.427526 0.020744 0.000000
0.453246 -0.005437 0.000000
0.440462 -0.012347 0.000000
0.105454 -0.021790 0.000000
0.056730 0.023502 0.000000
-0.191533 -0.021937 0.000000
0.377120 -0.014728 0.000000
-0.216029 -0.021361 0.000000
0.274814 -0.017977 0.000000
-0.215569 -0.021373 0.000000
-0.397767 -0.017994 0.000000
0.318221 -0.016685 0.000000
-0.313304 0.034026 0.000000
-0.263030 0.035201 0.000000
0.393317 -0.000351 0.000000
-0.283033 0.034966 0.000000
-0.215671 0.034856 0.000000
-0.248777 -0.020494 0.000000
0.293702 0.007528 0.000000
-0.057348 0.029491 0.000000
-0.258888 -0.020221 0.000000
0.437022 -0.004033 0.000000
-0.288765 0.034846 0.000000
-0.454999 -0.017802 0.000000
-0.438822 -0.017966 0.000000
0.158527 0.017143 0.000000
0.164910 -0.020683 0.000000
-0.019707 -0.023143 0.000000
0.188552 0.015116 0.000000
0.478478 -0.007663 0.000000
0.390205 -0.000094 0.000000
0.268033 0.009449 0.000000
0.359845 0.002374 0.000000
0.215209 -0.019546 0.000000
-0.326880 0.033336 0.000000
0.308704 0.006385 0.000000
-0.117446 -0.023005 0.000000
-0.388771 -0.018011 0.000000
0.265649 -0.018234 0.000000
0.368614 0.001668 0.000000
0.222948 0.012717 0.000000
-0.342964 -0.018386 0.000000
-0.434729 0.019146 0.000000
-0.305041 -0.019071 0.000000
-0.397059 -0.017994 0.000000
0.436198 -0.012517 0.000000
-0.397154 0.026244 0.000000
0.479722 -0.007774 0.000000
0.275977 -0.017944 0.000000
0.400982 -0.000986 0.000000
-0.013588 -0.023113 0.000000
0.087501 -0.022071 0.000000
-0.025627 0.027968 0.000000
-0.130980 -0.022881 0.000000
0.220894 -0.019407 0.000000
0.137188 -0.021232 0.000000
0.287312 -0.017618 0.000000
-0.077137 -0.023214 0.000000
0.275903 -0.017946 0.000000
0.071502 0.022632 0.000000
-0.208828 -0.021540 0.000000
0.381620 -0.014569 0.000000
-0.242995 -0.020650 0.000000
0.199834 0.014338 0.000000
-0.279476 0.035028 0.000000
-0.044333 0.028881 0.000000
0.065998 0.022959 0.000000
0.089309 -0.022044 0.000000
0.287962 0.007962 0.000000
-0.008007 0.027071 0.000000
-0.412032 0.023780 0.000000
0.131164 -0.021344 0.000000
-0.025042 -0.023166 0.000000
0.207554 -0.019731 0.000000
0.311452 0.006174 0.000000
0.109041 0.020338 0.000000
0.192336 0.014856 0.000000
0.308673 -0.016980 0.000000
-0.065310 0.029854 0.000000
0.266269 0.009580 0.000000
0.132204 -0.021325 0.000000
-0.389902 0.027304 0.000000
0.013878 0.025911 0.000000
-0.490372 -0.000259 0.000000
-0.168833 0.033737 0.000000
0.380385 0.000711 0.000000
0.082067 0.021999 0.000000
-0.149377 -0.022663 0.000000
0.345241 -0.015817 0.000000
-0.229572 -0.021010 0.000000
0.067576 0.022865 0.000000
0.451083 -0.005249 0.000000
-0.062765 -0.023235 0.000000
0.361144 -0.015283 0.000000
0.337495 -0.016071 0.000000
-0.257184 0.035221 0.000000
-0.209708 0.034745 0.000000
0.363850 0.002052 0.000000
-0.176522 0.033953 0.000000
0.124404 0.019366 0.000000
0.447757 -0.004959 0.000000
0.475926 -0.010879 0.000000
0.243862 0.011218 0.000000
0.079130 -0.022192 0.000000
0.428783 -0.012809 0.000000
-0.030121 0.028191 0.000000
0.163537 0.016809 0.000000
-0.082958 -0.023199 0.000000
-0.102587 -0.023110 0.000000
0.156803 -0.020850 0.000000
-0.443554 -0.017939 0.000000
-0.330876 -0.018570 0.000000
-0.235096 -0.020863 0.000000
-0.100731 -0.023120 0.000000
0.426433 -0.003127 0.000000
0.460626 -0.006083 0.000000
0.375670 0.001095 0.000000
-0.252990 -0.020380 0.000000
0.429027 -0.012799 0.000000
-0.418319 -0.017991 0.000000
-0.331886 -0.018553 0.000000
-0.219885 -0.021263 0.000000
0.499712 -0.009836 0.000000
-0.433214 0.019492 0.000000
0.139670 0.018382 0.000000
0.396707 -0.000632 0.000000
-0.174280 -0.022275 0.000000
0.223919 0.012648 0.000000
0.016062 -0.022909 0.000000
0.411338 -0.013479 0.000000
-0.104059 0.031500 0.000000
-0.438952 0.018146 0.000000
-0.229330 0.035063 0.000000
-0.483782 -0.016149 0.000000
0.018573 -0.022888 0.000000
-0.383704 -0.018028 0.000000
-0.257235 0.035221 0.000000
0.374490 0.001191 0.000000
0.321364 -0.016586 0.000000
0.055949 0.023548 0.000000
0.259817 -0.018394 0.000000
-0.368224 -0.018116 0.000000
-0.008695 -0.023086 0.000000
0.070106 -0.022317 0.000000
0.391097 -0.014228 0.000000
-0.140903 0.032859 0.000000
-0.329137 -0.018599 0.000000
0.226955 -0.019256 0.000000
-0.428504 0.020533 0.000000
0.387659 -0.014352 0.000000
-0.256660 0.035222 0.000000
0.463447 -0.011407 0.000000
-0.221894 -0.021211 0.000000
0.095271 -0.021953 0.000000
0.476964 -0.007528 0.000000
0.349101 -0.015689 0.000000
-0.407316 0.024606 0.000000
-0.202825 -0.021683 0.000000
0.026418 0.025225 0.000000
-0.153077 -0.022613 0.000000
-0.025782 -0.023169 0.000000
-0.194145 0.034406 0.000000
-0.082695 -0.023199 0.000000
-0.162487 -0.022473 0.000000
-0.279984 -0.019667 0.000000
0.082969 -0.022137 0.000000
-0.085150 0.030723 0.000000
-0.089694 -0.023174 0.000000
0.365845 -0.015121 0.000000
-0.367095 0.030095 0.000000
0.477148 -0.010827 0.000000
-0.401766 0.025524 0.000000
-0.416737 0.022912 0.000000
0.275623 -0.017954 0.000000
0.183668 0.015450 0.000000
-0.065576 0.029866 0.000000
-0.120681 0.032139 0.000000
0.487152 -0.010393 0.000000
-0.001945 -0.023044 0.000000
-0.108098 0.031659 0.000000
-0.476502 0.006501 0.000000
-0.094264 0.031104 0.000000
-0.038862 0.028618 0.000000
-0.177806 -0.022210 0.000000
0.430003 -0.003432 0.000000
0.229756 0.012232 0.000000
0.465272 -0.011331 0.000000
-0.371190 -0.018095 0.000000
-0.081064 0.030548 0.000000
-0.210355 -0.021502 0.000000
0.263778 -0.018285 0.000000
0.237536 0.011674 0.000000
-0.202769 -0.021685 0.000000
0.361643 0.002229 0.000000
0.022124 0.025462 0.000000
0.394005 -0.014122 0.000000
-0.118844 0.032071 0.000000
0.480575 -0.010679 0.000000
-0.458608 0.012789 0.000000
0.332794 0.004518 0.000000
0.300239 -0.017235 0.000000
0.034185 0.024792 0.000000
0.213647 0.013373 0.000000
0.269518 0.009340 0.000000
0.066205 -0.022368 0.000000
0.414747 -0.002138 0.000000
-0.105106 0.031541 0.000000
-0.450047 -0.017877 0.000000
-0.362434 0.030573 0.000000
-0.105982 0.031576 0.000000
0.226195 0.012486 0.000000
-0.089326 0.030899 0.000000
0.351236 0.003061 0.000000
-0.032718 0.028319 0.000000
-0.486054 0.002157 0.000000
-0.215171 -0.021383 0.000000
0.355227 0.002743 0.000000
-0.403176 -0.017989 0.000000
-0.133265 -0.022857 0.000000
-0.377112 -0.018059 0.000000
0.466805 -0.011266 0.000000
-0.199165 0.034522 0.000000
0.130887 -0.021349 0.000000
-0.485865 0.002255 0.000000
-0.437343 0.018532 0.000000
-0.410624 -0.017989 0.000000
0.326875 -0.016412 0.000000
0.004374 -0.023000 0.000000
-0.318189 -0.018799 0.000000
-0.321601 0.033626 0.000000
-0.312861 -0.018906 0.000000
-0.196958 0.034472 0.000000
0.445793 -0.004789 0.000000
-0.313094 -0.018901 0.000000
-0.453693 -0.017825 0.000000
-0.263905 0.035196 0.000000
-0.434353 -0.017981 0.000000
0.477454 -0.007572 0.000000
-0.079862 -0.023207 0.000000
-0.363227 0.030494 0.000000
0.431451 -0.012704 0.000000
0.293042 0.007578 0.000000
0.106174 0.020517 0.000000
-0.300448 -0.019173 0.000000
-0.104944 -0.023095 0.000000
-0.408372 -0.017988 0.000000
0.430988 -0.003516 0.000000
-0.068706 0.030007 0.000000
0.119645 0.019669 0.000000
-0.301092 -0.019159 0.000000
-0.118879 0.032072 0.000000
-0.087784 -0.023182 0.000000
-0.283868 -0.019569 0.000000
-0.396199 -0.017995 0.000000
-0.417639 -0.017991 0.000000
0.273442 -0.018016 0.000000
0.501032 -0.009777 0.000000
0.248208 0.010903 0.000000
0.017013 0.025741 0.000000
-0.183678 0.034145 0.000000
0.166050 -0.020659 0.000000
-0.031888 -0.023191 0.000000
0.321937 -0.016568 0.000000
0.105277 -0.021793 0.000000
0.225116 0.012563 0.000000
-0.329028 0.033211 0.000000
-0.478185 0.005804 0.000000
0.041996 -0.022659 0.000000
0.025507 0.025275 0.000000
0.267795 -0.018174 0.000000
-0.452213 -0.017848 0.000000
0.387952 0.000091 0.000000
-0.186653 -0.022038 0.000000
0.378381 -0.014684 0.000000
0.357697 -0.015400 0.000000
-0.467133 -0.017456 0.000000
0.260850 -0.018366 0.000000
-0.241842 -0.020681 0.000000
-0.142416 -0.022752 0.000000
0.249884 0.010781 0.000000
-0.406036 0.024823 0.000000
-0.061487 0.029681 0.000000
-0.056700 -0.023235 0.000000
0.398901 -0.013943 0.000000
-0.139908 0.032825 0.000000
0.154057 0.017439 0.000000
-0.068433 -0.023230 0.000000
-0.299222 0.034560 0.000000
0.039439 0.024495 0.000000
-0.015767 0.027470 0.000000
0.308729 -0.016978 0.000000
0.314858 0.005912 0.000000
-0.331872 -0.018553 0.000000
-0.412625 0.023673 0.000000
-0.460887 -0.017670 0.000000
0.405291 -0.013706 0.000000
-0.108512 -0.023072 0.000000
0.252030 0.010625 0.000000
-0.022211 0.027797 0.000000
-0.024150 0.027894 0.000000
0.418859 -0.013193 0.000000
0.453296 -0.011828 0.000000
0.206006 0.013909 0.000000
-0.210403 -0.021501 0.000000
0.271167 0.009217 0.000000
0.068472 -0.022339 0.000000
0.093946 -0.021973 0.000000
-0.208505 -0.021548 0.000000
-0.340326 -0.018423 0.000000
-0.256629 -0.020282 0.000000
-0.236397 0.035141 0.000000
-0.102709 0.031446 0.000000
0.154349 -0.020899 0.000000
-0.090688 -0.023170 0.000000
0.302390 0.006868 0.000000
0.028474 0.025110 0.000000
0.045162 0.024170 0.000000
0.013112 -0.022933 0.000000
0.018949 -0.022884 0.000000
-0.313123 0.034034 0.000000
-0.161481 -0.022488 0.000000
-0.332861 -0.018537 0.000000
-0.446027 0.016362 0.000000
0.118005 -0.021579 0.000000
-0.063893 -0.023234 0.000000
0.317300 0.005723 0.000000
-0.420017 -0.017992 0.000000
0.071737 0.022618 0.000000
0.438989 -0.004202 0.000000
0.184100 0.015421 0.000000
0.313889 -0.016819 0.000000
0.439223 -0.004222 0.000000
0.272217 -0.018050 0.000000
-0.107389 0.031632 0.000000
-0.068221 0.029985 0.000000
0.171923 0.016247 0.000000
0.268420 -0.018156 0.000000
0.394171 -0.000422 0.000000
0.405076 -0.013714 0.000000
0.103279 -0.021826 0.000000
-0.197839 -0.021798 0.000000
0.332871 -0.016220 0.000000
-0.285379 -0.019532 0.000000
0.148445 -0.021016 0.000000
0.456840 -0.011682 0.000000
0.027762 0.025150 0.000000
-0.217874 -0.021314 0.000000
-0.324906 -0.018673 0.000000
-0.008252 -0.023083 0.000000
0.371938 -0.014910 0.000000
-0.115981 0.031963 0.000000
-0.498461 -0.009271 0.000000
-0.054458 0.029358 0.000000
-0.230200 -0.020993 0.000000
-0.398190 0.026087 0.000000
-0.368438 0.029952 0.000000
-0.322564 0.033575 0.000000
0.115065 0.019959 0.000000
0.200368 -0.019900 0.000000
-0.154405 0.033301 0.000000
0.429036 -0.012799 0.000000
0.321488 0.005399 0.000000
-0.269624 -0.019935 0.000000
-0.091478 0.030989 0.000000
0.109214 0.020327 0.000000
-0.418723 -0.017991 0.000000
-0.212574 0.034801 0.000000
0.055759 0.023559 0.000000
-0.345991 0.032037 0.000000
-0.470403 -0.017302 0.000000
0.095093 0.021204 0.000000
-0.335714 0.032785 0.000000
-0.320614 -0.018753 0.000000
-0.118404 0.032055 0.000000
-0.010235 0.027187 0.000000
0.040678 0.024425 0.000000
0.181072 0.015627 0.000000
-0.199503 -0.021760 0.000000
-0.151580 0.033211 0.000000
-0.328146 0.033264 0.000000
0.067013 -0.022358 0.000000
-0.011371 -0.023101 0.000000
-0.374310 0.029297 0.000000
0.305543 -0.017075 0.000000
-0.475464 -0.016987 0.000000
0.240625 -0.018906 0.000000
-0.270799 -0.019904 0.000000
-0.101090 -0.023118 0.000000
0.324043 0.005201 0.000000
-0.485369 -0.015919 0.000000
-0.205080 -0.021630 0.000000
-0.384501 0.028036 0.000000
0.451422 -0.011904 0.000000
0.058127 -0.022471 0.000000
0.313292 -0.016838 0.000000
0.047868 -0.022593 0.000000
-0.363898 0.030427 0.000000
0.084027 -0.022122 0.000000
0.371616 -0.014921 0.000000
-0.163109 -0.022463 0.000000
0.165699 -0.020667 0.000000
0.401490 -0.013847 0.000000
0.150961 0.017644 0.000000
0.203368 0.014093 0.000000
0.434419 -0.012587 0.000000
-0.345966 -0.018345 0.000000
-0.274344 -0.019812 0.000000
-0.088829 -0.023178 0.000000
0.398257 -0.000760 0.000000
0.223442 -0.019344 0.000000
-0.222005 0.034961 0.000000
0.460163 -0.011544 0.000000
0.395655 -0.014062 0.000000
0.286434 -0.017643 0.000000
-0.491585 -0.014603 0.000000
0.026941 -0.022812 0.000000
0.092760 -0.021991 0.000000
0.343118 -0.015887 0.000000
0.475206 -0.007372 0.000000
-0.000749 0.026692 0.000000
-0.043117 0.028823 0.000000
-0.364253 0.030391 0.000000
-0.347590 0.031908 0.000000
-0.273862 -0.019824 0.000000
0.253316 -0.018570 0.000000
-0.393937 -0.017999 0.000000
0.485495 -0.010465 0.000000
0.478395 -0.010773 0.000000
0.276301 -0.017935 0.000000
-0.428555 -0.017990 0.000000
0.390007 -0.000078 0.000000
0.467154 -0.006658 0.000000
-0.352973 0.031458 0.000000
-0.190764 -0.021953 0.000000
-0.106202 0.031585 0.000000
0.007736 -0.022975 0.000000
-0.325512 0.033414 0.000000
-0.464961 0.010750 0.000000
-0.074953 0.030283 0.000000
0.123368 0.019432 0.000000
0.350981 -0.015626 0.000000
0.236681 0.011736 0.000000
-0.026332 0.028003 0.000000
-0.398586 0.026025 0.000000
0.201166 -0.019881 0.000000
-0.448504 -0.017895 0.000000
-0.047362 0.029025 0.000000
-0.474564 -0.017052 0.000000
-0.102442 -0.023110 0.000000
0.441645 -0.004431 0.000000
0.202538 -0.019849 0.000000
0.010381 -0.022955 0.000000
0.004382 -0.023000 0.000000
-0.033221 -0.023195 0.000000
-0.215513 0.034854 0.000000
-0.172838 -0.022300 0.000000
-0.486686 -0.015702 0.000000
0.135291 0.018666 0.000000
-0.149686 0.033150 0.000000
0.347057 0.003394 0.000000
0.293391 0.007552 0.000000
0.074017 -0.022264 0.000000
0.411202 -0.001840 0.000000
-0.439771 -0.017961 0.000000
0.081360 0.022041 0.000000
-0.235388 -0.020855 0.000000
-0.434872 0.019113 0.000000
-0.269499 -0.019938 0.000000
-0.209407 0.034739 0.000000
-0.474144 -0.017080 0.000000
-0.465003 0.010736 0.000000
-0.270289 0.035147 0.000000
0.089661 0.021537 0.000000
-0.186123 -0.022049 0.000000
0.064615 0.023040 0.000000
-0.053734 0.029324 0.000000
0.062547 -0.022416 0.000000
-0.176727 -0.022230 0.000000
-0.490109 -0.000099 0.000000
0.466538 -0.006603 0.000000
0.149891 0.017714 0.000000
0.305439 -0.017078 0.000000
-0.444124 -0.017935 0.000000
-0.216033 0.034863 0.000000
-0.132408 0.032565 0.000000
-0.412078 -0.017989 0.000000
-0.497799 -0.011123 0.000000
0.195046 0.014669 0.000000
0.225596 -0.019290 0.000000
-0.434234 -0.017981 0.000000
0.223882 0.012650 0.000000
0.067316 0.022881 0.000000
-0.001836 0.026749 0.000000
0.269166 -0.018136 0.000000
-0.071619 -0.023225 0.000000
-0.185711 -0.022057 0.000000
-0.169385 -0.022360 0.000000
0.142192 0.018218 0.000000
0.177282 -0.020420 0.000000
-0.094881 0.031129 0.000000
-0.230680 -0.020980 0.000000
0.486124 -0.010438 0.000000
0.372868 0.001323 0.000000
0.233443 -0.019091 0.000000
0.326389 0.005018 0.000000
-0.109584 0.031717 0.000000
0.403014 -0.001156 0.000000
-0.276744 0.035069 0.000000
-0.245511 -0.020582 0.000000
0.393619 -0.014136 0.000000
-0.015846 0.027474 0.000000
-0.439125 -0.017964 0.000000
0.016795 0.025753 0.000000
-0.254404 0.035226 0.000000
-0.192186 0.034358 0.000000
0.133303 0.018795 0.000000
0.202262 -0.019856 0.000000
0.264883 -0.018255 0.000000
-0.141404 0.032876 0.000000
-0.130343 0.032491 0.000000
0.346301 -0.015782 0.000000
0.205406 -0.019782 0.000000
-0.010142 -0.023094 0.000000
0.233847 -0.019081 0.000000
-0.153029 0.033257 0.000000
0.211921 -0.019626 0.000000
0.476646 -0.010848 0.000000
0.050927 -0.022558 0.000000
-0.202618 -0.021688 0.000000
0.042182 -0.022657 0.000000
0.349288 0.003216 0.000000
-0.248587 0.035217 0.000000
-0.005958 0.026965 0.000000
-0.164806 -0.022436 0.000000
-0.184661 0.034170 0.000000
-0.319045 0.033758 0.000000
0.028178 -0.022800 0.000000
0.470522 -0.006956 0.000000
-0.073966 -0.023221 0.000000
0.370198 -0.014971 0.000000
-0.292507 -0.019358 0.000000
0.455450 -0.005629 0.000000
0.145316 -0.021077 0.000000
-0.385354 -0.018022 0.000000
0.154747 -0.020891 0.000000
0.402037 -0.013827 0.000000
0.089414 -0.022042 0.000000
0.426723 -0.012889 0.000000
0.078593 0.022208 0.000000
0.361213 -0.015280 0.000000
-0.468711 0.009456 0.000000
0.326171 -0.016435 0.000000
0.410187 -0.001755 0.000000
0.086454 -0.022086 0.000000
0.166846 -0.020643 0.000000
0.150890 0.017648 0.000000
0.475657 -0.007412 0.000000
-0.022308 0.027802 0.000000
-0.475073 -0.017016 0.000000
-0.167333 -0.022394 0.000000
0.183558 0.015458 0.000000
-0.037574 0.028556 0.000000
0.318008 -0.016692 0.000000
-0.383095 0.028219 0.000000
0.284151 0.008248 0.000000
-0.144329 -0.022728 0.000000
0.489585 -0.008660 0.000000
-0.201603 0.034577 0.000000
-0.077806 -0.023213 0.000000
0.192342 -0.020085 0.000000
-0.493478 -0.002347 0.000000
-0.086206 -0.023187 0.000000
0.314607 0.005931 0.000000
0.448223 -0.012035 0.000000
0.252289 -0.018598 0.000000
-0.190151 0.034309 0.000000
0.351403 0.003048 0.000000
-0.208626 0.034724 0.000000
-0.086416 -0.023187 0.000000
0.304798 0.006684 0.000000
0.193914 -0.020049 0.000000
-0.079219 0.030469 0.000000
0.388988 -0.014305 0.000000
-0.344866 0.032125 0.000000
-0.288775 -0.019448 0.000000
0.103008 0.020715 0.000000
-0.462858 0.011446 0.000000
0.433536 -0.003734 0.000000
0.359968 -0.015323 0.000000
0.190770 -0.020121 0.000000
-0.078886 0.030455 0.000000
-0.481913 0.004167 0.000000
0.004360 0.026422 0.000000
-0.105503 0.031557 0.000000
-0.212530 0.034801 0.000000
-0.438897 -0.017966 0.000000
-0.166535 0.033670 0.000000
0.245230 0.011119 0.000000
0.315464 -0.016771 0.000000
-0.143551 0.032948 0.000000
-0.435616 -0.017977 0.000000
0.413368 -0.002022 0.000000
-0.003184 -0.023052 0.000000
-0.450527 0.015147 0.000000
0.030604 0.024992 0.000000
-0.188513 -0.021999 0.000000
-0.104766 0.031528 0.000000
-0.288569 0.034851 0.000000
0.316739 -0.016731 0.000000
0.481260 -0.007912 0.000000
-0.472952 0.007897 0.000000
-0.259933 0.035216 0.000000
0.453204 -0.011831 0.000000
0.198356 -0.019947 0.000000
0.234809 0.011870 0.000000
0.204715 0.013999 0.000000
-0.239117 0.035162 0.000000
0.139390 -0.021191 0.000000
0.079768 0.022137 0.000000
-0.152379 0.033236 0.000000
0.229878 0.012223 0.000000
-0.136385 0.032704 0.000000
0.138918 0.018431 0.000000
-0.071599 -0.023225 0.000000
0.237361 0.011687 0.000000
-0.379819 0.028634 0.000000
-0.061593 -0.023235 0.000000
0.029989 -0.022783 0.000000
0.096662 -0.021931 0.000000
0.011859 0.026020 0.000000
0.227590 -0.019240 0.000000
-0.212315 0.034796 0.000000
0.440265 -0.004312 0.000000
0.152451 -0.020937 0.000000
0.218902 -0.019456 0.000000
-0.113029 0.031851 0.000000
-0.482033 0.004112 0.000000
-0.024861 0.027930 0.000000
-0.293027 0.034739 0.000000
0.292986 0.007583 0.000000
0.447095 -0.004902 0.000000
-0.144494 0.032979 0.000000
0.009992 0.026121 0.000000
-0.128049 0.032409 0.000000
0.432574 -0.003651 0.000000
0.092301 -0.021998 0.000000
-0.042449 0.028791 0.000000
0.500378 -0.009639 0.000000
0.451044 -0.011920 0.000000
0.443903 -0.012209 0.000000
0.458288 -0.005878 0.000000
-0.058875 -0.023236 0.000000
0.401602 -0.013843 0.000000
0.174245 0.016090 0.000000
-0.219682 -0.021268 0.000000
0.181286 0.015612 0.000000
0.032919 -0.022754 0.000000
0.064178 -0.022395 0.000000
0.465211 -0.006486 0.000000
0.334955 0.004348 0.000000
0.357755 0.002541 0.000000
-0.057557 0.029501 0.000000
-0.134886 -0.022839 0.000000
-0.447685 0.015922 0.000000
0.465515 -0.006513 0.000000
-0.194054 0.034404 0.000000
0.340290 0.003929 0.000000
-0.095607 -0.023147 0.000000
-0.300769 -0.019166 0.000000
-0.163046 0.033566 0.000000
0.292200 -0.017474 0.000000
-0.306590 -0.019037 0.000000
-0.149631 -0.022660 0.000000
-0.331060 -0.018567 0.000000
-0.285461 0.034918 0.000000
0.084049 0.021879 0.000000
0.146881 0.017912 0.000000
0.177911 -0.020406 0.000000
-0.385955 0.027843 0.000000
0.253185 -0.018574 0.000000
-0.182841 -0.022114 0.000000
0.458015 -0.005854 0.000000
0.007610 0.026249 0.000000
-0.397383 -0.017994 0.000000
0.124202 -0.021470 0.000000
-0.001508 -0.023041 0.000000
0.170153 0.016366 0.000000
-0.026144 -0.023171 0.000000
0.008963 0.026176 0.000000
0.284751 0.008203 0.000000
-0.215515 0.034854 0.000000
0.069078 0.022776 0.000000
0.179175 0.015756 0.000000
0.404997 -0.013717 0.000000
-0.238683 0.035159 0.000000
-0.054668 0.029368 0.000000
-0.467724 0.009804 0.000000
-0.304386 0.034385 0.000000
0.121152 -0.021524 0.000000
0.248963 -0.018687 0.000000
-0.298186 0.034591 0.000000
-0.292889 -0.019349 0.000000
0.203894 0.014056 0.000000
-0.130257 -0.022888 0.000000
0.464253 -0.006402 0.000000
0.312262 -0.016870 0.000000
-0.086378 -0.023187 0.000000
0.070136 0.022714 0.000000
-0.485553 0.002414 0.000000
-0.148407 0.033108 0.000000
0.119948 -0.021545 0.000000
0.254412 0.010451 0.000000
0.384016 0.000414 0.000000
0.038926 -0.022692 0.000000
0.155941 -0.020867 0.000000
-0.257218 0.035221 0.000000
-0.372944 -0.018083 0.000000
0.319629 -0.016641 0.000000
0.436098 -0.012521 0.000000
0.382125 0.000569 0.000000
0.004671 -0.022998 0.000000
-0.018920 0.027631 0.000000
0.018540 0.025658 0.000000
0.464528 -0.011362 0.000000
0.337011 -0.016086 0.000000
0.233347 -0.019094 0.000000
0.487212 -0.008446 0.000000
-0.216227 -0.021356 0.000000
0.066813 -0.022360 0.000000
-0.214418 -0.021402 0.000000
-0.097704 0.031245 0.000000
0.472537 -0.007134 0.000000
-0.218683 -0.021293 0.000000
-0.369526 0.029833 0.000000
0.354815 -0.015497 0.000000
-0.199737 -0.021754 0.000000
0.415038 -0.013339 0.000000
-0.275506 0.035086 0.000000
0.367583 -0.015061 0.000000
0.269374 -0.018130 0.000000
0.304957 0.006672 0.000000
0.242545 0.011313 0.000000
-0.418239 0.022625 0.000000
0.369321 0.001610 0.000000
0.217993 0.013067 0.000000
0.335214 0.004328 0.000000
-0.269957 0.035150 0.000000
-0.045174 -0.023224 0.000000
0.459819 -0.006012 0.000000
-0.236249 0.035139 0.000000
-0.439858 -0.017961 0.000000
0.204624 0.014005 0.000000
-0.291159 0.034787 0.000000
0.137066 0.018551 0.000000
-0.350054 -0.018294 0.000000
0.294102 0.007498 0.000000
-0.184864 0.034175 0.000000
-0.486231 0.002066 0.000000
0.066636 -0.022363 0.000000
-0.202386 0.034594 0.000000
0.347051 -0.015757 0.000000
-0.483005 -0.016251 0.000000
0.216678 0.013160 0.000000
0.317028 0.005744 0.000000
0.493440 -0.010116 0.000000
-0.443572 -0.017939 0.000000
-0.479207 0.005369 0.000000
0.329730 -0.016321 0.000000
-0.005064 -0.023064 0.000000
-0.092895 -0.023160 0.000000
0.364371 0.002010 0.000000
0.214237 0.013332 0.000000
0.085365 0.021799 0.000000
0.050699 -0.022560 0.000000
0.394609 -0.014100 0.000000
0.209633 0.013655 0.000000
0.358513 0.002480 0.000000
-0.181260 0.034081 0.000000
-0.137763 0.032751 0.000000
-0.462094 0.011693 0.000000
-0.436742 -0.017974 0.000000
-0.070919 0.030105 0.000000
0.161040 0.016976 0.000000
-0.296691 0.034636 0.000000
-0.188683 0.034273 0.000000
-0.435429 -0.017978 0.000000
-0.115382 -0.023022 0.000000
0.297200 -0.017326 0.000000
0.439908 -0.004281 0.000000
-0.201304 -0.021718 0.000000
-0.377367 0.028935 0.000000
-0.232293 -0.020938 0.000000
0.260516 -0.018375 0.000000
-0.373200 -0.018081 0.000000
0.496701 -0.009971 0.000000
-0.072729 -0.023224 0.000000
0.125917 -0.021440 0.000000
-0.489978 -0.015028 0.000000
0.142286 0.018212 0.000000
0.028365 0.025117 0.000000
-0.385472 -0.018022 0.000000
-0.257550 0.035221 0.000000
0.106278 0.020511 0.000000
-0.053870 -0.023234 0.000000
-0.032720 -0.023194 0.000000
-0.077971 -0.023213 0.000000
-0.126656 0.032359 0.000000
0.129097 -0.021382 0.000000
-0.053576 -0.023234 0.000000
0.391828 -0.014202 0.000000
0.403124 -0.013787 0.000000
0.458412 -0.005889 0.000000
-0.150111 -0.022653 0.000000
0.484562 -0.010506 0.000000
0.462497 -0.011447 0.000000
0.153845 0.017453 0.000000
-0.169730 -0.022354 0.000000
-0.163296 0.033574 0.000000
-0.180640 -0.022157 0.000000
0.321136 0.005427 0.000000
0.335549 0.004302 0.000000
-0.487702 0.001283 0.000000
0.166830 0.016589 0.000000
-0.362231 0.030593 0.000000
-0.476758 -0.016888 0.000000
-0.193440 -0.021895 0.000000
-0.407396 -0.017988 0.000000
-0.269871 0.035151 0.000000
-0.171614 -0.022321 0.000000
0.104293 0.020635 0.000000
-0.235068 -0.020864 0.000000
-0.136274 0.032700 0.000000
-0.332280 -0.018547 0.000000
0.087649 -0.022068 0.000000
0.161985 -0.020744 0.000000
-0.153651 -0.022604 0.000000
0.205295 -0.019784 0.000000
-0.115285 -0.023023 0.000000
0.231779 -0.019134 0.000000
0.103653 0.020675 0.000000
-0.468494 0.009533 0.000000
0.493042 -0.008973 0.000000
0.245035 0.011133 0.000000
-0.317241 0.033844 0.000000
-0.091512 0.030990 0.000000
0.195178 -0.020020 0.000000
-0.347052 -0.018331 0.000000
0.206832 -0.019748 0.000000
-0.159672 -0.022516 0.000000
-0.348863 0.031806 0.000000
-0.464665 0.010849 0.000000
0.233814 -0.019082 0.000000
0.066914 -0.022359 0.000000
0.486177 -0.010436 0.000000
0.348885 -0.015696 0.000000
-0.204639 0.034642 0.000000
0.109192 0.020329 0.000000
0.166216 0.016630 0.000000
-0.333569 0.032928 0.000000
-0.416242 -0.017991 0.000000
-0.395482 0.026497 0.000000
-0.248581 0.035217 0.000000
0.328585 0.004847 0.000000
-0.488890 -0.015276 0.000000
0.283883 0.008268 0.000000
-0.299303 0.034558 0.000000
0.388799 -0.014311 0.000000
0.465655 -0.011315 0.000000
-0.314159 -0.018879 0.000000
-0.471490 0.008447 0.000000
-0.459212 -0.017713 0.000000
-0.096903 -0.023141 0.000000
-0.290297 -0.019411 0.000000
-0.252196 0.035223 0.000000
-0.343791 0.032207 0.000000
0.456412 -0.005713 0.000000
0.441556 -0.012303 0.000000
0.406223 -0.013671 0.000000
-0.265065 -0.020056 0.000000
-0.204620 -0.021641 0.000000
-0.331799 0.033040 0.000000
-0.116563 -0.023012 0.000000
-0.136225 -0.022825 0.000000
-0.295217 0.034681 0.000000
0.335645 0.004294 0.000000
0.149029 0.017771 0.000000
-0.432800 -0.017984 0.000000
0.437056 -0.004036 0.000000
0.074337 -0.022259 0.000000
0.041118 0.024400 0.000000
-0.309608 -0.018973 0.000000
-0.092650 -0.023161 0.000000
-0.291348 0.034783 0.000000
0.166144 0.016635 0.000000
0.439068 -0.012403 0.000000
-0.468396 0.009568 0.000000
0.366289 0.001855 0.000000
-0.030471 0.028208 0.000000
-0.019737 -0.023143 0.000000
-0.185303 0.034187 0.000000
-0.481489 0.004361 0.000000
-0.054648 -0.023235 0.000000
0.410871 -0.013497 0.000000
0.091203 0.021443 0.000000
0.134358 -0.021285 0.000000
-0.084119 0.030679 0.000000
0.222460 -0.019368 0.000000
0.179944 -0.020362 0.000000
0.335931 0.004272 0.000000
0.356804 -0.015430 0.000000
-0.478908 -0.016701 0.000000
-0.209454 0.034740 0.000000
-0.257042 0.035222 0.000000
-0.028323 0.028102 0.000000
0.348701 0.003263 0.000000
-0.186739 0.034223 0.000000
-0.422800 0.021725 0.000000
0.111970 0.020154 0.000000
-0.494454 -0.013573 0.000000
-0.400800 -0.017991 0.000000
-0.336421 -0.018481 0.000000
-0.402791 -0.017989 0.000000
-0.427387 -0.017991 0.000000
-0.108964 0.031693 0.000000
-0.192312 -0.021920 0.000000
-0.332294 0.033009 0.000000
0.170434 -0.020567 0.000000
-0.263341 0.035200 0.000000
-0.223683 0.034987 0.000000
-0.120937 -0.022976 0.000000
-0.041502 0.028745 0.000000
-0.487816 0.001220 0.000000
0.433233 -0.012634 0.000000
0.105245 0.020575 0.000000
0.221008 -0.019404 0.000000
0.149567 0.017735 0.000000
0.411664 -0.013467 0.000000
-0.121204 0.032159 0.000000
-0.214747 0.034840 0.000000
0.067020 0.022898 0.000000
-0.199873 0.034539 0.000000
-0.184370 0.034163 0.000000
0.061702 0.023212 0.000000
-0.318535 -0.018793 0.000000
-0.185422 -0.022063 0.000000
0.361243 -0.015279 0.000000
-0.436782 0.018666 0.000000
0.384632 0.000364 0.000000
0.441812 -0.004445 0.000000
0.297820 -0.017308 0.000000
-0.266931 -0.020006 0.000000
-0.052906 -0.023233 0.000000
0.373966 0.001234 0.000000
0.422370 -0.013058 0.000000
-0.060533 0.029638 0.000000
0.477047 -0.007536 0.000000
0.264967 -0.018252 0.000000
0.220856 0.012865 0.000000
-0.353748 -0.018251 0.000000
0.475176 -0.010911 0.000000
0.069161 0.022771 0.000000
0.339911 -0.015992 0.000000
-0.432034 0.019758 0.000000
0.333775 0.004441 0.000000
-0.161277 -0.022492 0.000000
0.052866 -0.022535 0.000000
-0.215131 0.034847 0.000000
0.415829 -0.013309 0.000000
-0.096164 0.031182 0.000000
0.473827 -0.007249 0.000000
-0.253053 -0.020378 0.000000
0.288270 -0.017590 0.000000
0.419395 -0.002530 0.000000
0.105589 -0.021788 0.000000
0.045597 -0.022619 0.000000
0.476942 -0.010836 0.000000
-0.108348 -0.023073 0.000000
-0.183969 0.034153 0.000000
-0.111327 -0.023052 0.000000
-0.416123 -0.017991 0.000000
0.498629 -0.009480 0.000000
-0.327375 0.033308 0.000000
0.321788 -0.016573 0.000000
0.211665 0.013513 0.000000
-0.002983 0.026809 0.000000
0.119533 -0.021553 0.000000
0.196551 0.014565 0.000000
0.464083 -0.006387 0.000000
0.431237 -0.012713 0.000000
0.450100 -0.011958 0.000000
-0.032537 0.028310 0.000000
-0.239061 0.035162 0.000000
-0.454450 -0.017812 0.000000
0.124538 -0.021464 0.000000
-0.057788 0.029512 0.000000
0.482845 -0.008054 0.000000
0.159091 0.017105 0.000000
0.189929 0.015022 0.000000
0.479613 -0.007765 0.000000
-0.079781 0.030493 0.000000
-0.380038 -0.018044 0.000000
0.483331 -0.008098 0.000000
-0.013160 -0.023110 0.000000
0.311461 0.006174 0.000000
0.393729 -0.014132 0.000000
-0.035960 0.028478 0.000000
0.312800 -0.016853 0.000000
0.079099 0.022178 0.000000
-0.043950 -0.023222 0.000000
0.077248 0.022289 0.000000
0.395496 -0.000531 0.000000
-0.217681 0.034892 0.000000
-0.314711 -0.018868 0.000000
-0.164410 -0.022442 0.000000
-0.183534 0.034141 0.000000
-0.043315 0.028832 0.000000
-0.303383 -0.019108 0.000000
-0.116580 0.031985 0.000000
0.056243 -0.022494 0.000000
-0.036370 -0.023205 0.000000
-0.151359 -0.022637 0.000000
-0.082460 -0.023200 0.000000
-0.484869 0.002757 0.000000
-0.276379 0.035074 0.000000
-0.493579 -0.013936 0.000000
-0.474001 -0.017090 0.000000
0.277350 -0.017905 0.000000
-0.011399 0.027247 0.000000
-0.259351 0.035217 0.000000
-0.061960 0.029703 0.000000
0.038274 0.024561 0.000000
-0.459037 0.012656 0.000000
0.060638 -0.022440 0.000000
0.456935 -0.011678 0.000000
-0.175577 -0.022251 0.000000
-0.334423 0.032871 0.000000
-0.149406 -0.022663 0.000000
-0.269407 0.035155 0.000000
-0.071440 0.030128 0.000000
0.196803 -0.019983 0.000000
-0.475308 -0.016999 0.000000
0.421116 -0.013106 0.000000
0.404300 -0.013743 0.000000
0.133466 -0.021302 0.000000
-0.032814 0.028324 0.000000
-0.363312 0.030486 0.000000
0.250441 -0.018647 0.000000
0.198421 -0.019945 0.000000
-0.204544 -0.021642 0.000000
-0.412359 -0.017989 0.000000
0.177590 -0.020413 0.000000
0.110739 -0.021703 0.000000
0.210821 0.013572 0.000000
0.017719 0.025703 0.000000
0.493768 -0.010101 0.000000
0.156757 -0.020851 0.000000
0.319954 -0.016631 0.000000
-0.382536 0.028291 0.000000
-0.276731 -0.019750 0.000000
0.009637 0.026140 0.000000
-0.085337 0.030731 0.000000
0.166341 -0.020653 0.000000
-0.031314 -0.023189 0.000000
-0.279722 0.035024 0.000000
-0.268554 0.035163 0.000000
0.374283 -0.014828 0.000000
-0.017482 -0.023133 0.000000
-0.160153 -0.022509 0.000000
0.055429 0.023578 0.000000
0.132260 0.018862 0.000000
-0.226884 0.035031 0.000000
-0.043157 0.028825 0.000000
0.038440 0.024552 0.000000
-0.163654 0.033584 0.000000
-0.256972 -0.020272 0.000000
-0.235677 -0.020847 0.000000
0.037858 -0.022703 0.000000
-0.129799 -0.022893 0.000000
0.119604 -0.021551 0.000000
-0.261633 -0.020147 0.000000
0.311085 -0.016906 0.000000
-0.388884 -0.018011 0.000000
-0.442987 -0.017943 0.000000
0.348589 0.003272 0.000000
-0.379777 0.028639 0.000000
0.374041 0.001228 0.000000
0.272552 -0.018041 0.000000
0.003691 -0.023005 0.000000
-0.360399 0.030774 0.000000
0.167369 0.016553 0.000000
0.147339 0.017882 0.000000
0.068587 -0.022337 0.000000
-0.347758 -0.018322 0.000000
-0.107409 0.031632 0.000000
0.353889 0.002850 0.000000
0.266072 0.009594 0.000000
0.009905 -0.022959 0.000000
-0.120775 -0.022977 0.000000
0.495500 -0.010024 0.000000
0.244749 -0.018798 0.000000
-0.101965 0.031416 0.000000
-0.300234 -0.019178 0.000000
-0.493661 -0.013904 0.000000
0.278820 0.008648 0.000000
0.104671 -0.021803 0.000000
-0.052969 0.029288 0.000000
0.185961 0.015294 0.000000
-0.232378 -0.020935 0.000000
-0.004683 0.026898 0.000000
0.291895 0.007665 0.000000
0.004850 -0.022997 0.000000
-0.012360 0.027296 0.000000
0.490090 -0.010264 0.000000
0.049497 -0.022574 0.000000
0.416346 -0.002273 0.000000
0.454474 -0.005544 0.000000
-0.422534 0.021778 0.000000
0.349106 0.003231 0.000000
0.131742 0.018896 0.000000
-0.259259 0.035217 0.000000
0.091432 0.021429 0.000000
0.026738 0.025207 0.000000
-0.441834 0.017437 0.000000
-0.218973 -0.021286 0.000000
0.441385 -0.004408 0.000000
-0.213505 0.034818 0.000000
0.191818 -0.020097 0.000000
0.095262 -0.021953 0.000000
-0.300553 0.034517 0.000000
0.291665 0.007682 0.000000
0.042156 -0.022657 0.000000
-0.497433 -0.011580 0.000000
-0.289283 -0.019436 0.000000
0.346525 -0.015774 0.000000
-0.132082 0.032553 0.000000
-0.222928 0.034975 0.000000
-0.296588 0.034639 0.000000
0.354239 0.002822 0.000000
0.367258 -0.015073 0.000000
-0.340027 0.032486 0.000000
-0.416146 -0.017991 0.000000
0.065907 -0.022372 0.000000
0.117448 -0.021589 0.000000
0.111985 0.020153 0.000000
0.172430 0.016212 0.000000
0.498098 -0.009432 0.000000
-0.334445 -0.018512 0.000000
0.197374 -0.019970 0.000000
0.154685 0.017398 0.000000
-0.341422 0.032386 0.000000
-0.306271 -0.019044 0.000000
0.404127 -0.013749 0.000000
-0.049121 -0.023230 0.000000
-0.191917 0.034352 0.000000
-0.226629 -0.021088 0.000000
-0.495036 -0.013296 0.000000
0.122372 0.019496 0.000000
-0.399621 0.025863 0.000000
-0.185177 -0.022068 0.000000
0.294317 0.007482 0.000000
-0.161142 -0.022494 0.000000
-0.162302 0.033544 0.000000
-0.337169 -0.018469 0.000000
0.326632 0.004999 0.000000
0.150718 -0.020971 0.000000
0.387276 0.000147 0.000000
-0.202684 -0.021687 0.000000
-0.492184 -0.014422 0.000000
-0.400833 0.025673 0.000000
-0.267344 0.035175 0.000000
-0.407580 0.024561 0.000000
0.386478 0.000212 0.000000
0.057800 0.023440 0.000000
0.073237 0.022529 0.000000
0.407949 -0.001568 0.000000
0.455456 -0.011739 0.000000
0.220108 0.012918 0.000000
-0.357839 -0.018207 0.000000
-0.196506 -0.021828 0.000000
0.452250 -0.011870 0.000000
0.377162 -0.014727 0.000000
0.218575 0.013026 0.000000
0.235000 0.011856 0.000000
-0.443714 0.016961 0.000000
-0.497192 -0.011829 0.000000
0.132791 -0.021314 0.000000
0.441623 -0.004429 0.000000
-0.234119 -0.020889 0.000000
-0.210399 0.034759 0.000000
-0.475911 0.006740 0.000000
0.280781 -0.017807 0.000000
0.250791 0.010715 0.000000
-0.265219 0.035189 0.000000
-0.127010 0.032372 0.000000
-0.402216 0.025451 0.000000
-0.372724 -0.018084 0.000000
-0.035937 -0.023203 0.000000
0.330451 0.004701 0.000000
-0.057958 0.029520 0.000000
0.106502 0.020497 0.000000
-0.055917 0.029425 0.000000
0.275888 0.008866 0.000000
-0.308986 -0.018986 0.000000
-0.125881 -0.022931 0.000000
-0.286700 0.034891 0.000000
0.093468 -0.021980 0.000000
-0.056450 -0.023235 0.000000
-0.159529 -0.022518 0.000000
0.026628 0.025213 0.000000
0.446642 -0.012099 0.000000
-0.404245 0.025121 0.000000
0.323562 -0.016517 0.000000
0.129535 -0.021374 0.000000
0.266102 -0.018221 0.000000
-0.010617 0.027206 0.000000
0.130160 0.018997 0.000000
-0.392667 -0.018002 0.000000
-0.350725 -0.018286 0.000000
-0.222183 -0.021203 0.000000
-0.426442 0.020973 0.000000
0.433165 -0.012637 0.000000
-0.197186 -0.021813 0.000000
-0.353457 -0.018254 0.000000
0.338875 0.004040 0.000000
0.063683 0.023095 0.000000
0.166484 0.016612 0.000000
-0.100626 0.031363 0.000000
0.290178 -0.017534 0.000000
0.407913 -0.001565 0.000000
0.108981 0.020342 0.000000
0.041036 -0.022669 0.000000
0.450658 -0.011936 0.000000
0.132427 0.018851 0.000000
0.062692 0.023153 0.000000
0.417642 -0.013239 0.000000
0.420966 -0.013112 0.000000
0.184500 0.015393 0.000000
0.053198 -0.022531 0.000000
0.401027 -0.013864 0.000000
-0.445377 0.016532 0.000000
-0.497482 -0.011525 0.000000
-0.445205 -0.017926 0.000000
0.453087 -0.011836 0.000000
-0.216866 0.034878 0.000000
0.187167 -0.020202 0.000000
-0.422456 0.021794 0.000000
0.227302 0.012407 0.000000
0.381279 0.000638 0.000000
0.312721 -0.016856 0.000000
0.248335 -0.018703 0.000000
-0.419257 -0.017992 0.000000
-0.220199 0.034933 0.000000
-0.169536 -0.022357 0.000000
-0.340126 -0.018426 0.000000
-0.094569 0.031116 0.000000
0.186506 -0.020217 0.000000
-0.002064 -0.023044 0.000000
0.300458 0.007015 0.000000
0.052717 0.023735 0.000000
-0.206283 -0.021601 0.000000
0.337496 -0.016071 0.000000
0.263311 0.009798 0.000000
0.494703 -0.009123 0.000000
-0.422999 -0.017992 0.000000
-0.344737 0.032135 0.000000
-0.036146 -0.023204 0.000000
-0.446454 0.016249 0.000000
0.336057 0.004262 0.000000
0.450993 -0.011922 0.000000
-0.045622 -0.023225 0.000000
-0.055189 0.029392 0.000000
0.339398 -0.016009 0.000000
0.428584 -0.012817 0.000000
0.059931 0.023315 0.000000
0.223762 0.012659 0.000000
0.244698 -0.018800 0.000000
-0.345766 0.032055 0.000000
0.274659 -0.017981 0.000000
-0.490072 -0.015006 0.000000
0.016039 -0.022909 0.000000
0.496119 -0.009252 0.000000
0.440340 -0.012352 0.000000
0.372356 -0.014895 0.000000
0.425499 -0.012937 0.000000
-0.129054 -0.022900 0.000000
0.447550 -0.012062 0.000000
-0.399611 0.025865 0.000000
0.418885 -0.013192 0.000000
-0.471414 -0.017248 0.000000
0.068690 0.022799 0.000000
0.108360 -0.021743 0.000000
0.022597 -0.022852 0.000000
-0.129148 0.032449 0.000000
-0.018858 -0.023139 0.000000
0.016621 0.025762 0.000000
-0.024046 -0.023162 0.000000
0.435801 -0.003928 0.000000
-0.078456 -0.023211 0.000000
-0.203305 0.034613 0.000000
-0.165298 -0.022428 0.000000
0.501072 -0.009703 0.000000
-0.382506 -0.018033 0.000000
0.460431 -0.011533 0.000000
-0.365403 0.030272 0.000000
-0.155263 -0.022581 0.000000
0.098902 0.020969 0.000000
0.264037 -0.018278 0.000000
0.452564 -0.005378 0.000000
-0.429003 0.020426 0.000000
0.062659 0.023155 0.000000
-0.098803 0.031289 0.000000
-0.094200 -0.023154 0.000000
0.062003 -0.022423 0.000000
0.198270 0.014446 0.000000
0.459105 -0.011588 0.000000
-0.085543 0.030740 0.000000
-0.384272 -0.018026 0.000000
0.278189 0.008695 0.000000
-0.170918 -0.022333 0.000000
-0.477349 0.006153 0.000000
0.121294 0.019565 0.000000
-0.449925 -0.017879 0.000000
-0.411921 0.023800 0.000000
-0.027641 0.028068 0.000000
-0.004954 0.026913 0.000000
0.250031 -0.018658 0.000000
0.058226 -0.022470 0.000000
0.099515 -0.021886 0.000000
0.379620 0.000774 0.000000
0.297802 0.007218 0.000000
-0.407526 0.024570 0.000000
0.064138 -0.022395 0.000000
0.284724 0.008205 0.000000
-0.304491 0.034382 0.000000
0.174171 -0.020487 0.000000
-0.211127 -0.021483 0.000000
0.496743 -0.009969 0.000000
-0.387519 0.027632 0.000000
0.212503 0.013454 0.000000
-0.032902 -0.023194 0.000000
0.198849 -0.019935 0.000000
0.051418 0.023810 0.000000
-0.272694 0.035124 0.000000
0.352992 0.002922 0.000000
0.025523 0.025274 0.000000
0.329578 0.004769 0.000000
0.043664 -0.022640 0.000000
-0.146145 -0.022706 0.000000
0.344764 -0.015833 0.000000
-0.230621 0.035079 0.000000
0.123402 -0.021484 0.000000
0.348072 -0.015723 0.000000
-0.106645 -0.023084 0.000000
0.405239 -0.001341 0.000000
0.277218 -0.017909 0.000000
-0.486339 0.002010 0.000000
0.277400 -0.017903 0.000000
-0.371095 0.029662 0.000000
-0.485834 -0.015845 0.000000
0.389975 -0.014269 0.000000
0.355141 -0.015486 0.000000
-0.184371 -0.022084 0.000000
-0.173457 0.033869 0.000000
-0.135209 0.032663 0.000000
-0.127995 0.032407 0.000000
0.453227 -0.005435 0.000000
0.261917 0.009901 0.000000
-0.030087 -0.023185 0.000000
0.186591 0.015250 0.000000
-0.272054 -0.019872 0.000000
0.116011 -0.021613 0.000000
-0.291443 0.034780 0.000000
0.150645 -0.020973 0.000000
0.035294 -0.022730 0.000000
-0.300724 0.034511 0.000000
-0.290934 -0.019396 0.000000
-0.467903 -0.017422 0.000000
0.154647 -0.020893 0.000000
-0.346935 -0.018333 0.000000
0.056082 -0.022496 0.000000
0.268064 -0.018166 0.000000
-0.128777 0.032436 0.000000
-0.098465 -0.023133 0.000000
-0.331411 0.033064 0.000000
0.111546 -0.021689 0.000000
-0.484599 0.002891 0.000000
-0.125340 0.032311 0.000000
-0.394786 0.026600 0.000000
-0.158974 0.033443 0.000000
-0.346602 0.031988 0.000000
0.430863 -0.012727 0.000000
-0.180892 -0.022152 0.000000
-0.323463 -0.018700 0.000000
0.237871 0.011650 0.000000
-0.251710 -0.020414 0.000000
0.450981 -0.005240 0.000000
0.366272 -0.015107 0.000000
0.046014 0.024121 0.000000
-0.161774 -0.022484 0.000000
0.485960 -0.010445 0.000000
-0.146609 -0.022700 0.000000
0.038758 0.024534 0.000000
0.122456 -0.021501 0.000000
0.272718 -0.018036 0.000000
-0.146336 0.033040 0.000000
0.181727 0.015583 0.000000
0.442711 -0.004523 0.000000
-0.195206 0.034432 0.000000
-0.237371 -0.020802 0.000000
-0.107591 -0.023078 0.000000
0.402561 -0.001118 0.000000
-0.025942 0.027984 0.000000
-0.482664 0.003820 0.000000
-0.194240 0.034408 0.000000
0.103473 0.020686 0.000000
-0.071177 -0.023226 0.000000
-0.193791 -0.021887 0.000000
0.326603 -0.016421 0.000000
-0.443225 -0.017941 0.000000
0.422407 -0.013056 0.000000
-0.032771 0.028321 0.000000
-0.483006 0.003659 0.000000
-0.320392 0.033689 0.000000
0.423551 -0.013012 0.000000
0.023504 0.025385 0.000000
0.142338 0.018209 0.000000
0.342177 -0.015918 0.000000
0.053064 -0.022532 0.000000
0.069456 0.022754 0.000000
-0.377301 -0.018058 0.000000
-0.229553 0.035066 0.000000
0.182159 0.015553 0.000000
-0.335294 0.032813 0.000000
0.302931 0.006827 0.000000
0.386363 -0.014399 0.000000
0.143481 0.018134 0.000000
0.193161 0.014799 0.000000
-0.263569 -0.020095 0.000000
0.129898 -0.021368 0.000000
0.457339 -0.005795 0.000000
0.340461 -0.015974 0.000000
-0.380155 -0.018043 0.000000
-0.091438 -0.023167 0.000000
-0.383520 0.028165 0.000000
0.489010 -0.010311 0.000000
0.280130 0.008550 0.000000
-0.005412 0.026936 0.000000
0.210549 -0.019659 0.000000
-0.443963 -0.017936 0.000000
0.124435 -0.021466 0.000000
-0.016474 0.027506 0.000000
0.072194 0.022591 0.000000
0.207465 0.013807 0.000000
-0.159695 -0.022516 0.000000
-0.148439 -0.022676 0.000000
-0.088755 0.030875 0.000000
-0.438806 0.018182 0.000000
0.053090 0.023713 0.000000
0.255246 0.010390 0.000000
-0.469852 -0.017330 0.000000
0.134927 0.018690 0.000000
-0.026103 0.027992 0.000000
0.018419 0.025664 0.000000
-0.423325 -0.017992 0.000000
-0.110845 -0.023056 0.000000
-0.040415 0.028693 0.000000
-0.268945 -0.019953 0.000000
0.381335 -0.014579 0.000000
-0.254093 0.035226 0.000000
-0.386960 0.027709 0.000000
-0.063242 0.029761 0.000000
0.211977 0.013491 0.000000
0.447239 -0.004915 0.000000
0.235161 -0.019047 0.000000
0.153847 -0.020909 0.000000
0.182955 -0.020296 0.000000
-0.180856 -0.022153 0.000000
-0.092924 -0.023160 0.000000
-0.224220 0.034995 0.000000
0.318523 0.005629 0.000000
0.242661 0.011305 0.000000
0.100148 0.020892 0.000000
-0.270553 -0.019911 0.000000
-0.175704 0.033931 0.000000
-0.231568 0.035090 0.000000
-0.245185 0.035201 0.000000
0.050777 -0.022560 0.000000
-0.008256 -0.023083 0.000000
0.179650 -0.020368 0.000000
0.036030 0.024688 0.000000
-0.476410 -0.016915 0.000000
0.225842 -0.019284 0.000000
-0.274339 0.035102 0.000000
0.000908 -0.023025 0.000000
-0.142151 0.032901 0.000000
-0.466189 -0.017494 0.000000
-0.066040 -0.023232 0.000000
-0.386593 -0.018018 0.000000
0.481077 -0.007896 0.000000
-0.315914 0.033908 0.000000
0.173867 0.016116 0.000000
-0.107853 0.031650 0.000000
0.288488 0.007922 0.000000
-0.398524 -0.017993 0.000000
0.332065 0.004575 0.000000
-0.169989 -0.022350 0.000000
0.301989 -0.017183 0.000000
-0.282325 -0.019608 0.000000
0.062732 0.023151 0.000000
0.002357 -0.023015 0.000000
0.164939 0.016716 0.000000
-0.279062 -0.019691 0.000000
-0.490349 -0.000246 0.000000
0.488063 -0.008523 0.000000
0.100391 0.020877 0.000000
0.304259 -0.017114 0.000000
0.501300 -0.009765 0.000000
-0.252954 -0.020381 0.000000
0.070004 -0.022318 0.000000
0.330082 0.004730 0.000000
0.089642 0.021538 0.000000
-0.287448 0.034875 0.000000
0.053531 0.023688 0.000000
0.063241 0.023121 0.000000
0.397502 -0.000697 0.000000
-0.203699 0.034622 0.000000
-0.369104 -0.018109 0.000000
-0.172381 0.033839 0.000000
0.467136 -0.006656 0.000000
-0.145072 0.032999 0.000000
0.317867 0.005680 0.000000
0.255073 -0.018523 0.000000
0.186352 -0.020220 0.000000
-0.420928 0.022100 0.000000
-0.346311 -0.018341 0.000000
-0.247789 0.035214 0.000000
-0.170889 -0.022334 0.000000
-0.488997 0.000557 0.000000
0.166958 -0.020640 0.000000
-0.425516 -0.017992 0.000000
0.451598 -0.011897 0.000000
0.415461 -0.013323 0.000000
-0.219022 0.034914 0.000000
0.101493 0.020809 0.000000
-0.186892 0.034227 0.000000
0.057397 0.023463 0.000000
0.063542 -0.022403 0.000000
-0.160385 -0.022505 0.000000
0.057708 -0.022476 0.000000
0.007930 0.026232 0.000000
-0.034168 0.028390 0.000000
0.427449 -0.003214 0.000000
0.442972 -0.004545 0.000000
-0.478454 0.005690 0.000000
0.335175 0.004331 0.000000
-0.042639 0.028800 0.000000
0.251550 0.010660 0.000000
0.078441 0.022217 0.000000
0.477710 -0.010803 0.000000
-0.459701 -0.017701 0.000000
-0.274650 -0.019804 0.000000
-0.283414 0.034960 0.000000
-0.372350 -0.018087 0.000000
-0.180334 0.034056 0.000000
-0.412974 0.023610 0.000000
-0.275299 0.035089 0.000000
-0.439968 0.017899 0.000000
-0.493089 -0.014118 0.000000
-0.406885 0.024679 0.000000
-0.113576 -0.023036 0.000000
-0.356255 -0.018223 0.000000
0.128098 0.019130 0.000000
-0.012897 -0.023109 0.000000
0.343954 0.003639 0.000000
-0.059078 -0.023236 0.000000
-0.349943 -0.018295 0.000000
-0.195283 0.034433 0.000000
0.448399 -0.012027 0.000000
0.462929 -0.006285 0.000000
-0.131597 -0.022874 0.000000
0.149027 0.017771 0.000000
-0.440962 -0.017955 0.000000
-0.346138 0.032025 0.000000
-0.431860 0.019797 0.000000
-0.474270 0.007389 0.000000
-0.198701 0.034512 0.000000
0.432645 -0.003657 0.000000
0.005547 0.026359 0.000000
0.086614 -0.022084 0.000000
-0.408413 -0.017988 0.000000
0.469215 -0.006840 0.000000
0.476621 -0.010849 0.000000
0.125117 0.019321 0.000000
0.385508 0.000292 0.000000
0.339752 0.003971 0.000000
0.106044 -0.021781 0.000000
0.005036 0.026386 0.000000
0.246488 -0.018752 0.000000
-0.438825 0.018177 0.000000
-0.267200 -0.019999 0.000000
-0.131505 0.032533 0.000000
-0.304903 0.034367 0.000000
-0.382710 0.028268 0.000000
-0.091990 0.031010 0.000000
0.283897 0.008267 0.000000
-0.313445 -0.018894 0.000000
-0.244842 0.035200 0.000000
-0.005165 -0.023064 0.000000
0.033500 -0.022748 0.000000
-0.231731 -0.020953 0.000000
0.159926 0.017050 0.000000
0.326342 -0.016429 0.000000
0.414451 -0.002113 0.000000
0.015235 0.025838 0.000000
0.129306 0.019052 0.000000
-0.498429 -0.008546 0.000000
0.248185 -0.018707 0.000000
-0.309202 0.034201 0.000000
0.489420 -0.010293 0.000000
0.316191 0.005809 0.000000
-0.046940 0.029005 0.000000
-0.477917 -0.016790 0.000000
0.105610 -0.021788 0.000000
-0.447027 0.016097 0.000000
0.322704 0.005305 0.000000
0.267437 -0.018184 0.000000
-0.356062 -0.018225 0.000000
-0.453845 0.014208 0.000000
-0.004545 0.026891 0.000000
-0.199968 -0.021749 0.000000
0.365053 0.001955 0.000000
0.079310 0.022165 0.000000
-0.211835 0.034787 0.000000
0.172140 -0.020531 0.000000
0.485774 -0.010453 0.000000
-0.073503 0.030220 0.000000
0.138972 0.018428 0.000000
-0.107273 0.031627 0.000000
0.124538 0.019358 0.000000
0.156344 -0.020859 0.000000
-0.112365 -0.023045 0.000000
0.495891 -0.010007 0.000000
-0.190563 0.034319 0.000000
0.294226 -0.017415 0.000000
-0.464789 0.010808 0.000000
-0.496500 -0.005024 0.000000
-0.246522 -0.020555 0.000000
-0.147574 -0.022687 0.000000
0.252981 0.010555 0.000000
0.422638 -0.013048 0.000000
-0.454264 0.014086 0.000000
0.194046 0.014738 0.000000
0.368650 0.001665 0.000000
-0.164155 -0.022446 0.000000
0.092005 0.021394 0.000000
0.317701 0.005692 0.000000
-0.495995 -0.012756 0.000000
0.455765 -0.005657 0.000000
0.137520 0.018522 0.000000
0.495711 -0.009215 0.000000
0.453178 -0.005431 0.000000
0.472215 -0.011038 0.000000
0.266671 -0.018205 0.000000
0.106710 0.020484 0.000000
-0.006703 -0.023074 0.000000
0.204314 -0.019807 0.000000
0.127802 -0.021406 0.000000
0.246060 -0.018764 0.000000
0.058160 0.023419 0.000000
0.143116 0.018158 0.000000
0.406329 -0.001432 0.000000
0.343852 -0.015863 0.000000
0.262829 -0.018311 0.000000
-0.022402 0.027807 0.000000
0.008815 -0.022967 0.000000
0.065545 0.022985 0.000000
-0.216200 0.034866 0.000000
0.463918 -0.006372 0.000000
-0.011109 -0.023099 0.000000
-0.196330 0.034457 0.000000
0.354542 0.002798 0.000000
0.093644 0.021293 0.000000
-0.436985 -0.017973 0.000000
-0.338188 -0.018454 0.000000
0.335689 0.004291 0.000000
0.082774 -0.022140 0.000000
-0.200702 -0.021732 0.000000
0.498274 -0.009448 0.000000
0.168877 -0.020600 0.000000
0.373699 -0.014848 0.000000
0.458303 -0.011621 0.000000
-0.039009 0.028625 0.000000
-0.242670 0.035189 0.000000
-0.248857 -0.020492 0.000000
-0.069694 -0.023228 0.000000
-0.104110 0.031502 0.000000
0.019311 -0.022881 0.000000
0.355716 -0.015467 0.000000
0.340989 0.003874 0.000000
0.112081 -0.021680 0.000000
-0.437051 0.018602 0.000000
-0.252478 -0.020394 0.000000
0.195195 -0.020020 0.000000
0.402971 -0.013792 0.000000
-0.403034 -0.017989 0.000000
0.466119 -0.006566 0.000000
-0.422929 0.021699 0.000000
-0.277745 -0.019724 0.000000
0.044044 0.024233 0.000000
-0.097043 -0.023140 0.000000
0.331688 0.004604 0.000000
0.015063 0.025847 0.000000
-0.147758 -0.022685 0.000000
0.130434 -0.021358 0.000000
-0.360948 -0.018177 0.000000
-0.389180 -0.018010 0.000000
0.381665 0.000607 0.000000
0.444057 -0.004639 0.000000
0.050684 -0.022561 0.000000
0.283601 -0.017725 0.000000
0.318448 -0.016678 0.000000
-0.090199 0.030935 0.000000
0.010901 0.026072 0.000000
-0.091574 -0.023166 0.000000
-0.244346 -0.020614 0.000000
0.075620 -0.022242 0.000000
-0.089172 -0.023176 0.000000
0.022965 -0.022849 0.000000
0.233824 0.011941 0.000000
-0.400779 0.025682 0.000000
-0.388236 -0.018013 0.000000
-0.228980 0.035059 0.000000
0.333271 0.004480 0.000000
0.029762 0.025039 0.000000
-0.488349 0.000925 0.000000
0.020653 -0.022869 0.000000
0.102608 -0.021837 0.000000
-0.418264 0.022620 0.000000
0.501302 -0.009764 0.000000
-0.009123 -0.023088 0.000000
-0.165791 0.033648 0.000000
0.076199 0.022352 0.000000
0.021956 -0.022858 0.000000
-0.202391 -0.021693 0.000000
-0.304478 -0.019084 0.000000
0.194334 0.014719 0.000000
-0.440071 0.017874 0.000000
0.370261 -0.014968 0.000000
0.143312 0.018145 0.000000
-0.301171 0.034496 0.000000
-0.033491 0.028357 0.000000
0.214895 -0.019554 0.000000
-0.113223 0.031858 0.000000
0.269068 -0.018138 0.000000
0.115766 -0.021618 0.000000
0.489665 -0.008668 0.000000
-0.490067 -0.015007 0.000000
-0.315747 -0.018847 0.000000
0.247112 -0.018736 0.000000
-0.417936 0.022683 0.000000
-0.045263 -0.023224 0.000000
-0.375215 0.029189 0.000000
0.493328 -0.008999 0.000000
-0.160869 -0.022498 0.000000
0.204033 0.014046 0.000000
0.425423 -0.003041 0.000000
-0.373605 -0.018079 0.000000
-0.481906 -0.016386 0.000000
-0.141499 0.032879 0.000000
0.175790 -0.020452 0.000000
0.385397 0.000301 0.000000
0.053279 -0.022530 0.000000
-0.271554 0.035135 0.000000
0.489832 -0.010275 0.000000
-0.403461 -0.017989 0.000000
0.365636 0.001908 0.000000
0.032475 0.024887 0.000000
0.295965 -0.017363 0.000000
-0.287524 0.034873 0.000000
-0.113186 -0.023039 0.000000
0.433028 -0.012642 0.000000
0.242078 0.011347 0.000000
-0.314719 -0.018868 0.000000
0.361133 -0.015283 0.000000
-0.254795 -0.020331 0.000000
-0.398980 0.025963 0.000000
-0.228080 -0.021049 0.000000
-0.132284 -0.022867 0.000000
0.392284 -0.000266 0.000000
0.143106 -0.021120 0.000000
0.169354 0.016420 0.000000
0.157690 -0.020831 0.000000
0.242267 0.011333 0.000000
-0.333853 -0.018521 0.000000
0.065591 -0.022376 0.000000
0.494141 -0.009072 0.000000
0.378050 -0.014695 0.000000
0.008525 -0.022969 0.000000
0.263830 0.009760 0.000000
0.288905 -0.017571 0.000000
0.006215 -0.022987 0.000000
0.411085 -0.001830 0.000000
0.349943 0.003164 0.000000
-0.002529 -0.023048 0.000000
0.391909 -0.014199 0.000000
-0.076675 -0.023215 0.000000
0.248941 -0.018687 0.000000
-0.354097 0.031358 0.000000
0.171312 -0.020548 0.000000
-0.034546 -0.023199 0.000000
0.045600 -0.022619 0.000000
-0.311951 -0.018924 0.000000
-0.162970 0.033564 0.000000
-0.472776 0.007964 0.000000
0.380774 0.000679 0.000000
0.179602 0.015727 0.000000
0.435482 -0.003900 0.000000
-0.072486 0.030175 0.000000
0.202439 0.014157 0.000000
-0.436755 -0.017974 0.000000
0.148682 0.017793 0.000000
0.057740 -0.022476 0.000000
0.489534 -0.008656 0.000000
-0.100861 -0.023120 0.000000
-0.234971 0.035126 0.000000
0.323234 0.005264 0.000000
0.286175 0.008096 0.000000
-0.271145 -0.019895 0.000000
-0.408560 -0.017988 0.000000
-0.363623 0.030455 0.000000
-0.351502 -0.018276 0.000000
-0.228386 -0.021041 0.000000
0.410221 -0.001758 0.000000
0.194002 -0.020047 0.000000
-0.232652 0.035101 0.000000
-0.123786 0.032255 0.000000
-0.458390 0.012856 0.000000
-0.197613 -0.021803 0.000000
-0.000150 0.026661 0.000000
0.042111 -0.022657 0.000000
0.250710 -0.018640 0.000000
-0.209927 -0.021513 0.000000
0.420709 -0.013122 0.000000
-0.265136 -0.020054 0.000000
-0.081599 -0.023202 0.000000
0.240092 0.011490 0.000000
-0.222095 -0.021206 0.000000
-0.324936 -0.018673 0.000000
0.299403 -0.017260 0.000000
-0.064479 -0.023234 0.000000
-0.037537 -0.023208 0.000000
-0.082988 0.030631 0.000000
-0.324967 0.033445 0.000000
0.368013 -0.015046 0.000000
-0.113905 -0.023033 0.000000
-0.440092 -0.017960 0.000000
0.495491 -0.009195 0.000000
0.353248 -0.015550 0.000000
-0.396101 -0.017996 0.000000
-0.384504 0.028036 0.000000
-0.300735 0.034511 0.000000
0.439862 -0.012371 0.000000
0.054549 0.023629 0.000000
-0.482753 -0.016283 0.000000
0.014536 0.025876 0.000000
0.103264 0.020699 0.000000
-0.286489 -0.019504 0.000000
0.452498 -0.005372 0.000000
0.018019 0.025686 0.000000
0.400994 -0.013866 0.000000
0.207226 0.013823 0.000000
-0.157401 0.033394 0.000000
0.306907 0.006523 0.000000
-0.172078 -0.022313 0.000000
0.167685 -0.020625 0.000000
0.458652 -0.011607 0.000000
0.199989 0.014327 0.000000
-0.267449 0.035174 0.000000
0.157141 0.017235 0.000000
0.301110 0.006966 0.000000
0.063012 0.023135 0.000000
-0.130375 -0.022887 0.000000
-0.272626 0.035125 0.000000
-0.054511 0.029360 0.000000
0.122494 -0.021500 0.000000
-0.459499 -0.017706 0.000000
0.306903 -0.017034 0.000000
0.370890 0.001483 0.000000
-0.172150 0.033832 0.000000
0.411679 -0.001880 0.000000
0.452290 -0.005354 0.000000
0.488466 -0.008559 0.000000
-0.323656 -0.018696 0.000000
0.465707 -0.006530 0.000000
-0.460802 -0.017672 0.000000
0.356290 0.002658 0.000000
0.054651 -0.022514 0.000000
0.007590 -0.022976 0.000000
-0.457478 -0.017753 0.000000
-0.059710 0.029600 0.000000
0.486280 -0.008363 0.000000
-0.049877 0.029144 0.000000
0.414309 -0.013367 0.000000
0.306992 0.006516 0.000000
-0.364984 0.030315 0.000000
-0.071782 -0.023225 0.000000
-0.133169 -0.022858 0.000000
-0.436072 0.018833 0.000000
0.324356 0.005176 0.000000
-0.459485 -0.017706 0.000000
-0.216219 -0.021356 0.000000
-0.471558 0.008422 0.000000
-0.265896 -0.020034 0.000000
0.104135 0.020645 0.000000
0.202797 0.014132 0.000000
-0.213435 0.034817 0.000000
-0.068002 -0.023231 0.000000
0.026714 -0.022814 0.000000
0.361833 -0.015259 0.000000
-0.172828 -0.022300 0.000000
0.143147 0.018156 0.000000
0.092497 -0.021995 0.000000
0.184303 -0.020266 0.000000
0.185998 0.015291 0.000000
-0.308490 0.034228 0.000000
-0.246973 -0.020543 0.000000
0.069176 -0.022329 0.000000
-0.449341 0.015473 0.000000
-0.186362 -0.022044 0.000000
-0.152396 0.033237 0.000000
0.354571 0.002796 0.000000
0.350462 -0.015643 0.000000
0.401666 -0.001043 0.000000
-0.446720 0.016179 0.000000
0.349553 0.003195 0.000000
0.446248 -0.012115 0.000000
-0.300775 0.034510 0.000000
0.441568 -0.004424 0.000000
0.224114 -0.019327 0.000000
0.142886 0.018173 0.000000
0.032446 -0.022758 0.000000
0.053147 0.023710 0.000000
0.455005 -0.005590 0.000000
-0.302122 -0.019136 0.000000
-0.399534 -0.017992 0.000000
-0.131002 0.032515 0.000000
0.308150 -0.016996 0.000000
0.023855 -0.022841 0.000000
0.204461 -0.019804 0.000000
-0.459934 -0.017695 0.000000
0.456768 -0.011685 0.000000
0.335613 0.004297 0.000000
-0.433787 -0.017982 0.000000
-0.141660 -0.022762 0.000000
0.483508 -0.010552 0.000000
0.042631 -0.022652 0.000000
0.405506 -0.013698 0.000000
-0.429605 -0.017989 0.000000
0.498795 -0.009877 0.000000
-0.148470 -0.022675 0.000000
0.207271 0.013820 0.000000
-0.413604 0.023495 0.000000
-0.331689 0.033047 0.000000
0.405804 -0.013687 0.000000
0.179800 -0.020365 0.000000
0.453551 -0.011817 0.000000
0.299433 0.007094 0.000000
-0.372359 0.029518 0.000000
-0.044524 0.028890 0.000000
-0.285050 0.034927 0.000000
-0.218080 0.034899 0.000000
-0.498374 -0.009864 0.000000
0.300351 0.007024 0.000000
-0.365802 -0.018135 0.000000
0.441559 -0.004423 0.000000
-0.213810 0.034823 0.000000
0.113264 0.020073 0.000000
0.236689 -0.019008 0.000000
-0.091338 0.030983 0.000000
-0.315715 -0.018847 0.000000
-0.144838 -0.022722 0.000000
-0.213637 0.034820 0.000000
-0.300271 -0.019177 0.000000
0.083672 0.021901 0.000000
0.185303 -0.020243 0.000000
-0.344825 -0.018360 0.000000
0.078810 0.022195 0.000000
0.492050 -0.010177 0.000000
-0.422516 -0.017992 0.000000
0.341176 0.003859 0.000000
-0.194318 0.034410 0.000000
-0.333406 -0.018528 0.000000
0.104816 0.020602 0.000000
0.436009 -0.003946 0.000000
0.374698 -0.014813 0.000000
-0.200628 0.034556 0.000000
-0.498377 -0.009851 0.000000
0.491968 -0.010181 0.000000
-0.297905 0.034600 0.000000
-0.072605 -0.023224 0.000000
0.259812 -0.018394 0.000000
0.219322 0.012973 0.000000
0.000475 0.026628 0.000000
-0.349480 -0.018301 0.000000
-0.161607 0.033524 0.000000
0.020743 -0.022869 0.000000
-0.263995 -0.020084 0.000000
0.160137 -0.020782 0.000000
0.402158 -0.001084 0.000000
-0.465866 0.010445 0.000000
-0.348229 0.031857 0.000000
0.056136 -0.022496 0.000000
-0.283745 -0.019573 0.000000
0.045807 -0.022616 0.000000
-0.439443 0.018027 0.000000
-0.204150 -0.021652 0.000000
-0.290637 0.034801 0.000000
-0.028789 -0.023180 0.000000
0.310533 -0.016923 0.000000
0.018652 -0.022887 0.000000
0.259060 0.010110 0.000000
-0.118357 0.032053 0.000000
-0.252710 -0.020387 0.000000
0.202532 -0.019849 0.000000
-0.319525 0.033735 0.000000
0.123317 -0.021486 0.000000
0.467594 -0.011233 0.000000
0.291761 0.007675 0.000000
-0.481802 -0.016398 0.000000
0.256284 0.010314 0.000000
-0.101353 -0.023117 0.000000
-0.427006 -0.017991 0.000000
-0.283909 -0.019568 0.000000
-0.128603 0.032429 0.000000
-0.376422 0.029047 0.000000
0.000988 0.026601 0.000000
0.446479 -0.012105 0.000000
-0.199140 -0.021768 0.000000
-0.381245 -0.018038 0.000000
-0.404287 -0.017989 0.000000
-0.101972 -0.023113 0.000000
-0.307470 -0.019019 0.000000
0.433282 -0.012632 0.000000
0.098144 -0.021908 0.000000
-0.028948 0.028133 0.000000
-0.444744 0.016696 0.000000
-0.301529 0.034484 0.000000
0.028027 -0.022802 0.000000
0.029310 0.025064 0.000000
0.311107 -0.016905 0.000000
0.180682 0.015654 0.000000
-0.226021 0.035019 0.000000
-0.131454 -0.022876 0.000000
-0.067388 -0.023231 0.000000
0.042361 -0.022655 0.000000
-0.166224 -0.022413 0.000000
0.162595 0.016872 0.000000
-0.017744 -0.023134 0.000000
-0.169598 -0.022356 0.000000
-0.344822 -0.018360 0.000000
-0.447956 0.015849 0.000000
-0.392030 0.027002 0.000000
-0.476724 0.006410 0.000000
-0.233260 -0.020912 0.000000
-0.087675 -0.023182 0.000000
-0.044513 0.028890 0.000000
-0.428077 -0.017991 0.000000
0.096014 0.021148 0.000000
0.059826 0.023321 0.000000
0.366407 0.001846 0.000000
-0.376725 0.029011 0.000000
-0.288695 0.034848 0.000000
-0.349891 -0.018296 0.000000
-0.444408 -0.017933 0.000000
0.253273 -0.018571 0.000000
-0.105710 -0.023090 0.000000
-0.476099 0.006664 0.000000
0.368091 -0.015044 0.000000
0.002790 0.026505 0.000000
0.498304 -0.009899 0.000000
-0.395431 -0.017997 0.000000
0.394312 -0.000433 0.000000
0.445973 -0.012126 0.000000
0.074726 -0.022254 0.000000
-0.156539 0.033368 0.000000
-0.497089 -0.011927 0.000000
0.161455 0.016948 0.000000
0.389184 -0.000010 0.000000
-0.233759 -0.020899 0.000000
0.212123 -0.019621 0.000000
0.114559 -0.021638 0.000000
0.438330 -0.004145 0.000000
0.224044 0.012639 0.000000
-0.083921 -0.023195 0.000000
-0.385177 -0.018023 0.000000
-0.455041 0.013860 0.000000
0.044602 -0.022630 0.000000
-0.157658 0.033402 0.000000
0.477867 -0.010796 0.000000
-0.392912 0.026875 0.000000
0.299371 0.007098 0.000000
0.024845 -0.022831 0.000000
0.139663 -0.021186 0.000000
0.438336 -0.004146 0.000000
-0.089093 -0.023177 0.000000
0.215241 0.013261 0.000000
0.294753 -0.017399 0.000000
-0.065780 0.029876 0.000000
0.372870 -0.014877 0.000000
0.236140 0.011775 0.000000
-0.327864 0.033280 0.000000
-0.261595 -0.020148 0.000000
-0.099957 0.031336 0.000000
-0.376787 0.029003 0.000000
-0.047156 -0.023227 0.000000
-0.464041 -0.017573 0.000000
0.497262 -0.009946 0.000000
0.006633 0.026301 0.000000
0.098766 0.020978 0.000000
0.224300 -0.019322 0.000000
-0.251526 0.035222 0.000000
-0.034332 0.028398 0.000000
-0.370478 0.029729 0.000000
0.331248 -0.016273 0.000000
0.094088 -0.021971 0.000000
-0.449361 -0.017885 0.000000
-0.134562 -0.022843 0.000000
0.437807 -0.012453 0.000000
-0.020612 0.027716 0.000000
0.069610 -0.022323 0.000000
0.289964 -0.017540 0.000000
0.474731 -0.010930 0.000000
0.280797 -0.017806 0.000000
0.122116 0.019512 0.000000
0.243475 0.011246 0.000000
0.361105 -0.015284 0.000000
-0.174882 0.033908 0.000000
0.106838 0.020476 0.000000
0.069323 -0.022327 0.000000
-0.067457 -0.023231 0.000000
-0.026065 0.027990 0.000000
-0.235430 -0.020854 0.000000
0.384782 0.000351 0.000000
-0.116849 -0.023010 0.000000
0.098415 0.020999 0.000000
0.128454 -0.021394 0.000000
0.372084 0.001387 0.000000
-0.000266 0.026667 0.000000
-0.199485 -0.021760 0.000000
-0.486259 0.002051 0.000000
0.154546 -0.020895 0.000000
-0.083615 0.030658 0.000000
0.269863 -0.018116 0.000000
-0.206280 0.034677 0.000000
-0.018663 -0.023138 0.000000
-0.235234 0.035129 0.000000
0.477107 -0.010828 0.000000
-0.414229 0.023380 0.000000
-0.466990 -0.017462 0.000000
-0.255770 0.035224 0.000000
-0.225217 -0.021124 0.000000
0.108673 -0.021737 0.000000
0.425004 -0.012956 0.000000
-0.467755 0.009793 0.000000
0.378666 -0.014673 0.000000
0.149777 -0.020990 0.000000
-0.058571 0.029548 0.000000
-0.225275 0.035010 0.000000
0.039839 -0.022682 0.000000
-0.146234 -0.022705 0.000000
-0.006179 0.026976 0.000000
-0.113367 0.031864 0.000000
0.416740 -0.013274 0.000000
-0.224791 -0.021136 0.000000
-0.201273 0.034570 0.000000
0.114262 0.020010 0.000000
0.498725 -0.009880 0.000000
-0.215421 0.034852 0.000000
0.254535 -0.018537 0.000000
0.387944 -0.014342 0.000000
0.229519 0.012249 0.000000
-0.090007 -0.023173 0.000000
0.284843 0.008196 0.000000
-0.283831 0.034952 0.000000
0.465935 -0.011303 0.000000
-0.254863 0.035226 0.000000
0.254292 -0.018544 0.000000
-0.433491 -0.017983 0.000000
-0.288758 -0.019449 0.000000
-0.444131 0.016854 0.000000
0.141391 0.018270 0.000000
-0.060607 0.029641 0.000000
0.212336 -0.019616 0.000000
0.439733 -0.012376 0.000000
-0.086365 0.030774 0.000000
-0.392581 0.026924 0.000000
0.376472 0.001030 0.000000
0.379572 0.000777 0.000000
0.262948 -0.018308 0.000000
-0.138447 0.032775 0.000000
-0.427694 -0.017991 0.000000
0.455530 -0.011736 0.000000
0.324654 -0.016483 0.000000
-0.480762 -0.016514 0.000000
0.392877 -0.014163 0.000000
-0.458750 0.012745 0.000000
0.137315 -0.021230 0.000000
-0.442778 -0.017944 0.000000
0.149646 -0.020993 0.000000
0.264816 -0.018257 0.000000
0.384038 -0.014482 0.000000
0.261159 0.009956 0.000000
0.078304 -0.022204 0.000000
-0.325277 0.033427 0.000000
-0.015085 0.027436 0.000000
-0.300200 0.034530 0.000000
0.180420 0.015671 0.000000
0.496152 -0.009995 0.000000
0.337869 -0.016059 0.000000
0.120550 0.019612 0.000000
-0.058415 0.029541 0.000000
0.369135 0.001625 0.000000
0.289937 0.007813 0.000000
0.483082 -0.008075 0.000000
-0.266578 0.035181 0.000000
0.195019 0.014671 0.000000
0.144285 0.018082 0.000000
0.431061 -0.003522 0.000000
0.408769 -0.001636 0.000000
-0.363873 0.030430 0.000000
0.175539 -0.020458 0.000000
-0.099815 0.031330 0.000000
0.380039 -0.014625 0.000000
-0.425938 0.021079 0.000000
-0.277785 0.035056 0.000000
0.361692 -0.015264 0.000000
0.202459 -0.019851 0.000000
-0.490943 -0.000614 0.000000
0.466966 -0.011260 0.000000
-0.315377 0.033934 0.000000
-0.084966 0.030715 0.000000
-0.088484 0.030864 0.000000
-0.267121 0.035177 0.000000
-0.031478 0.028258 0.000000
-0.318068 0.033805 0.000000
-0.431377 -0.017987 0.000000
0.168459 0.016480 0.000000
-0.376832 0.028998 0.000000
-0.253274 0.035224 0.000000
0.399316 -0.013928 0.000000
0.258169 0.010176 0.000000
-0.191460 0.034341 0.000000
0.437127 -0.012480 0.000000
0.324912 -0.016475 0.000000
0.239597 -0.018933 0.000000
-0.132867 0.032581 0.000000
0.169019 -0.020597 0.000000
-0.366977 0.030108 0.000000
0.163993 -0.020702 0.000000
-0.487175 0.001568 0.000000
0.432573 -0.003651 0.000000
0.331672 0.004606 0.000000
-0.476298 0.006583 0.000000
0.437424 -0.012468 0.000000
0.466178 -0.011293 0.000000
-0.118378 0.032054 0.000000
0.314831 0.005914 0.000000
-0.006572 0.026997 0.000000
0.497195 -0.009949 0.000000
0.277975 -0.017887 0.000000
0.096166 -0.021939 0.000000
0.030212 0.025014 0.000000
0.026787 0.025204 0.000000
0.315080 0.005895 0.000000
-0.246489 -0.020556 0.000000
-0.419034 0.022472 0.000000
0.028524 -0.022797 0.000000
0.160368 0.017021 0.000000
-0.038861 0.028618 0.000000
-0.340642 0.032442 0.000000
0.141585 -0.021149 0.000000
-0.070541 -0.023227 0.000000
-0.107727 0.031645 0.000000
-0.081094 -0.023204 0.000000
-0.420610 0.022163 0.000000
0.443581 -0.004598 0.000000
0.371687 -0.014919 0.000000
-0.369035 0.029887 0.000000
-0.286535 -0.019503 0.000000
0.334012 0.004422 0.000000
-0.249601 0.035219 0.000000
-0.152989 -0.022614 0.000000
-0.287352 -0.019483 0.000000
-0.426517 0.020957 0.000000
-0.323107 0.033547 0.000000
-0.225248 -0.021124 0.000000
-0.264680 -0.020066 0.000000
0.152130 -0.020943 0.000000
-0.099080 -0.023130 0.000000
-0.122198 -0.022965 0.000000
0.324758 -0.016479 0.000000
0.297455 0.007244 0.000000
-0.293841 0.034718 0.000000
-0.170075 -0.022348 0.000000
-0.194928 -0.021862 0.000000
-0.407605 0.024557 0.000000
0.479257 -0.010736 0.000000
-0.113354 -0.023037 0.000000
0.056575 -0.022490 0.000000
-0.386838 0.027726 0.000000
-0.367934 0.030007 0.000000
0.408466 -0.001611 0.000000
0.162682 0.016866 0.000000
0.402746 -0.001133 0.000000
0.469598 -0.006874 0.000000
0.281652 -0.017782 0.000000
-0.153404 0.033269 0.000000
0.134848 0.018695 0.000000
-0.010752 0.027213 0.000000
-0.193169 -0.021901 0.000000
-0.454619 0.013983 0.000000
-0.124999 0.032299 0.000000
0.168009 -0.020618 0.000000
-0.197486 0.034484 0.000000
0.237494 0.011677 0.000000
0.103529 -0.021822 0.000000
0.006934 0.026285 0.000000
-0.341959 -0.018399 0.000000
-0.082507 -0.023200 0.000000
0.274696 -0.017980 0.000000
-0.442323 0.017314 0.000000
-0.200591 0.034555 0.000000
0.373695 0.001256 0.000000
-0.201361 -0.021717 0.000000
0.166004 -0.020660 0.000000
-0.310562 0.034145 0.000000
0.427089 -0.012875 0.000000
-0.087430 -0.023183 0.000000
0.043546 -0.022642 0.000000
-0.271242 -0.019893 0.000000
-0.362011 0.030615 0.000000
-0.497588 -0.006434 0.000000
-0.244609 -0.020607 0.000000
0.435221 -0.012556 0.000000
0.175798 0.015985 0.000000
-0.378192 0.028834 0.000000
-0.391295 -0.018005 0.000000
-0.260261 -0.020184 0.000000
0.364363 0.002010 0.000000
0.315326 0.005876 0.000000
-0.373687 -0.018078 0.000000
-0.400421 0.025739 0.000000
0.228272 -0.019223 0.000000
-0.372567 -0.018085 0.000000
0.067909 -0.022346 0.000000
-0.400119 0.025786 0.000000
-0.018840 0.027627 0.000000
0.038916 0.024525 0.000000
-0.057319 0.029490 0.000000
0.195058 0.014669 0.000000
0.417553 -0.013243 0.000000
0.407270 -0.001511 0.000000
0.242631 0.011307 0.000000
-0.479259 -0.016667 0.000000
-0.112094 0.031814 0.000000
0.326210 -0.016433 0.000000
-0.037659 0.028560 0.000000
-0.406442 -0.017988 0.000000
-0.432911 -0.017984 0.000000
0.335645 0.004294 0.000000
0.080556 0.022090 0.000000
-0.325125 0.033436 0.000000
0.026305 -0.022818 0.000000
0.157557 -0.020834 0.000000
-0.285826 0.034910 0.000000
-0.428408 -0.017990 0.000000
-0.493556 -0.013945 0.000000
-0.340964 -0.018413 0.000000
0.411903 -0.001899 0.000000
0.213498 -0.019588 0.000000
-0.178702 0.034013 0.000000
-0.117882 -0.023002 0.000000
0.363170 -0.015213 0.000000
0.487571 -0.008479 0.000000
-0.092792 -0.023161 0.000000
-0.439874 -0.017961 0.000000
0.320683 0.005462 0.000000
0.159870 -0.020787 0.000000
0.364392 0.002008 0.000000
-0.437411 -0.017971 0.000000
-0.289698 0.034825 0.000000
0.205291 -0.019784 0.000000
0.469556 -0.011150 0.000000
0.221165 -0.019400 0.000000
0.270483 0.009268 0.000000
-0.482860 0.003728 0.000000
0.461634 -0.006171 0.000000
-0.307555 0.034265 0.000000
-0.185720 -0.022057 0.000000
0.290624 0.007761 0.000000
-0.144506 -0.022726 0.000000
-0.128987 0.032443 0.000000
-0.457330 -0.017756 0.000000
0.148080 -0.021023 0.000000
-0.485872 0.002251 0.000000
-0.272280 0.035128 0.000000
0.382831 0.000511 0.000000
-0.087302 0.030814 0.000000
-0.474148 -0.017080 0.000000
-0.000135 0.026660 0.000000
-0.211627 -0.021471 0.000000
0.018974 0.025634 0.000000
0.078962 0.022186 0.000000
-0.004311 0.026879 0.000000
-0.203553 -0.021666 0.000000
-0.296796 0.034633 0.000000
0.009618 0.026141 0.000000
-0.366401 -0.018130 0.000000
0.343853 -0.015863 0.000000
-0.318724 -0.018789 0.000000
-0.365173 -0.018140 0.000000
0.385206 0.000317 0.000000
0.103294 -0.021825 0.000000
-0.235290 -0.020858 0.000000
-0.292699 -0.019354 0.000000
0.081436 -0.022159 0.000000
-0.048979 -0.023230 0.000000
0.302935 0.006827 0.000000
-0.431521 0.019873 0.000000
-0.003451 -0.023054 0.000000
-0.004448 0.026886 0.000000
-0.251536 -0.020419 0.000000
-0.118420 -0.022997 0.000000
-0.492669 -0.014264 0.000000
-0.147147 -0.022693 0.000000
0.459915 -0.011555 0.000000
-0.228105 0.035047 0.000000
-0.103804 -0.023103 0.000000
0.123249 0.019440 0.000000
-0.097323 -0.023139 0.000000
0.093278 -0.021983 0.000000
-0.236001 -0.020839 0.000000
0.410370 -0.013516 0.000000
0.133803 -0.021296 0.000000
0.249161 0.010834 0.000000
-0.192773 -0.021909 0.000000
0.010165 0.026112 0.000000
0.321999 -0.016567 0.000000
-0.461242 0.011965 0.000000
0.181328 -0.020331 0.000000
0.336065 0.004261 0.000000
0.406621 -0.001457 0.000000
0.399988 -0.013903 0.000000
0.448331 -0.012030 0.000000
0.298316 -0.017293 0.000000
0.012867 -0.022935 0.000000
-0.123756 -0.022951 0.000000
0.173294 0.016154 0.000000
-0.290122 0.034814 0.000000
0.112832 -0.021668 0.000000
0.123792 0.019405 0.000000
-0.372339 0.029521 0.000000
-0.352365 -0.018266 0.000000
0.440776 -0.004356 0.000000
-0.071400 -0.023226 0.000000
-0.040422 -0.023215 0.000000
0.360654 0.002309 0.000000
-0.261889 0.035208 0.000000
0.089626 0.021539 0.000000
0.041814 0.024361 0.000000
0.076076 0.022359 0.000000
0.486511 -0.008383 0.000000
0.192768 0.014826 0.000000
-0.364942 0.030320 0.000000
0.475474 -0.010899 0.000000
0.174318 0.016085 0.000000
-0.304377 -0.019086 0.000000
-0.048400 -0.023229 0.000000
-0.471751 -0.017229 0.000000
-0.351036 -0.018282 0.000000
-0.447326 0.016018 0.000000
0.289678 0.007833 0.000000
0.232371 0.012045 0.000000
0.017039 0.025740 0.000000
-0.104036 0.031499 0.000000
-0.394600 0.026627 0.000000
0.085887 -0.022095 0.000000
-0.167944 -0.022384 0.000000
-0.231596 0.035090 0.000000
-0.284560 -0.019552 0.000000
0.383446 -0.014504 0.000000
0.231137 0.012133 0.000000
-0.310336 -0.018958 0.000000
-0.058790 0.029558 0.000000
-0.050850 -0.023232 0.000000
0.176712 0.015923 0.000000
0.077715 0.022261 0.000000
-0.266279 -0.020024 0.000000
0.225572 0.012530 0.000000
-0.188246 -0.022005 0.000000
0.036856 -0.022713 0.000000
0.414021 -0.002077 0.000000
0.168610 -0.020605 0.000000
0.491869 -0.010185 0.000000
-0.132684 -0.022863 0.000000
0.116082 -0.021612 0.000000
0.228577 0.012316 0.000000
0.381113 0.000652 0.000000
0.427673 -0.003233 0.000000
-0.049597 0.029131 0.000000
0.475025 -0.007356 0.000000
-0.188115 0.034258 0.000000
-0.132426 -0.022865 0.000000
-0.193738 0.034396 0.000000
0.248112 0.010910 0.000000
-0.261039 0.035213 0.000000
-0.275679 0.035084 0.000000
-0.180555 0.034062 0.000000
0.224497 0.012606 0.000000
0.128169 0.019125 0.000000
0.016805 -0.022903 0.000000
-0.290708 0.034799 0.000000
-0.372552 -0.018086 0.000000
-0.174367 0.033894 0.000000
0.454854 -0.011764 0.000000
-0.472270 0.008156 0.000000
-0.463101 -0.017604 0.000000
0.125365 -0.021449 0.000000
0.238990 0.011570 0.000000
0.082352 -0.022146 0.000000
0.032888 -0.022754 0.000000
0.094669 -0.021962 0.000000
-0.108860 0.031689 0.000000
-0.387038 0.027698 0.000000
0.061864 -0.022424 0.000000
-0.114480 0.031906 0.000000
-0.052769 0.029279 0.000000
-0.001894 -0.023043 0.000000
-0.492001 -0.014479 0.000000
-0.015500 -0.023123 0.000000
-0.405881 -0.017988 0.000000
0.087992 -0.022063 0.000000
0.361582 -0.015268 0.000000
0.443844 -0.012212 0.000000
0.478351 -0.010775 0.000000
-0.304226 0.034391 0.000000
0.473474 -0.010984 0.000000
0.468884 -0.006811 0.000000
0.003604 -0.023006 0.000000
-0.195921 0.034448 0.000000
0.135864 -0.021257 0.000000
-0.476626 0.006450 0.000000
-0.036963 -0.023206 0.000000
0.114812 0.019975 0.000000
0.463369 -0.011411 0.000000
-0.215350 0.034851 0.000000
0.080401 -0.022174 0.000000
0.339902 -0.015992 0.000000
0.401990 -0.001070 0.000000
-0.058078 -0.023236 0.000000
-0.419457 -0.017992 0.000000
0.473953 -0.007260 0.000000
-0.278663 0.035043 0.000000
-0.071636 -0.023225 0.000000
0.221896 0.012791 0.000000
0.139223 0.018411 0.000000
0.379514 -0.014643 0.000000
-0.060553 -0.023236 0.000000
0.172779 -0.020517 0.000000
-0.401667 -0.017990 0.000000
-0.296321 0.034647 0.000000
-0.092060 0.031013 0.000000
0.477013 -0.007533 0.000000
-0.331228 -0.018564 0.000000
0.003543 0.026465 0.000000
-0.147675 0.033084 0.000000
0.100019 -0.021878 0.000000
0.022220 0.025456 0.000000
0.016298 0.025780 0.000000
0.121926 0.019524 0.000000
0.352892 0.002930 0.000000
0.291699 -0.017489 0.000000
0.216596 0.013166 0.000000
-0.232385 0.035098 0.000000
-0.425340 -0.017992 0.000000
-0.397773 0.026151 0.000000
0.196340 0.014580 0.000000
-0.180233 -0.022165 0.000000
-0.313676 -0.018889 0.000000
0.322540 -0.016549 0.000000
-0.381113 -0.018039 0.000000
0.403924 -0.013757 0.000000
0.196175 0.014591 0.000000
-0.484107 -0.016104 0.000000
-0.290776 -0.019400 0.000000
0.253729 -0.018559 0.000000
0.238991 -0.018949 0.000000
0.001853 -0.023018 0.000000
0.233940 0.011933 0.000000
0.501575 -0.009752 0.000000
-0.271346 -0.019890 0.000000
0.273072 0.009076 0.000000
-0.290813 0.034796 0.000000
0.213069 0.013414 0.000000
-0.311331 0.034112 0.000000
-0.063586 -0.023235 0.000000
-0.450037 -0.017877 0.000000
0.111429 -0.021691 0.000000
-0.383005 0.028231 0.000000
0.152087 0.017569 0.000000
-0.436402 -0.017975 0.000000
-0.459387 -0.017709 0.000000
0.068499 0.022811 0.000000
-0.494970 -0.003542 0.000000
0.138434 -0.021209 0.000000
0.191206 -0.020111 0.000000
-0.387891 0.027581 0.000000
-0.410543 0.024046 0.000000
-0.367284 -0.018123 0.000000
-0.254087 -0.020350 0.000000
0.259827 0.010054 0.000000
0.135763 -0.021259 0.000000
-0.074623 -0.023220 0.000000
-0.022949 -0.023157 0.000000
0.243077 -0.018842 0.000000
-0.092518 0.031032 0.000000
0.135045 -0.021273 0.000000
0.094187 -0.021969 0.000000
0.184916 0.015365 0.000000
-0.481888 0.004179 0.000000
-0.459432 0.012534 0.000000
0.413970 -0.013379 0.000000
0.152486 -0.020936 0.000000
0.170758 -0.020560 0.000000
0.015137 0.025843 0.000000
0.388929 -0.014307 0.000000
-0.291456 0.034780 0.000000
-0.146228 0.033037 0.000000
0.291109 0.007724 0.000000
-0.435003 0.019082 0.000000
-0.335315 -0.018498 0.000000
0.159354 -0.020798 0.000000
-0.222020 -0.021208 0.000000
-0.493942 -0.002701 0.000000
-0.178007 -0.022206 0.000000
-0.277629 0.035058 0.000000
-0.325611 0.033408 0.000000
0.474236 -0.007285 0.000000
0.473394 -0.010987 0.000000
0.436528 -0.012504 0.000000
-0.100516 0.031358 0.000000
-0.030311 0.028200 0.000000
-0.488757 0.000694 0.000000
-0.232876 -0.020922 0.000000
0.081899 -0.022153 0.000000
-0.356346 -0.018222 0.000000
0.266930 -0.018198 0.000000
-0.359264 -0.018193 0.000000
0.196366 0.014578 0.000000
-0.438334 0.018296 0.000000
0.276816 0.008797 0.000000
-0.491170 -0.000759 0.000000
0.297680 0.007227 0.000000
-0.213243 -0.021431 0.000000
0.058795 -0.022463 0.000000
-0.217583 0.034890 0.000000
-0.453194 0.014395 0.000000
0.262753 0.009839 0.000000
0.372252 -0.014899 0.000000
0.312221 -0.016871 0.000000
-0.305450 -0.019062 0.000000
-0.083686 0.030661 0.000000
0.346484 -0.015776 0.000000
0.349767 0.003178 0.000000
-0.105499 0.031557 0.000000
0.478676 -0.010761 0.000000
0.432552 -0.012661 0.000000
0.251689 0.010650 0.000000
0.046246 -0.022612 0.000000
-0.054523 -0.023235 0.000000
-0.168259 -0.022379 0.000000
-0.397365 0.026212 0.000000
0.112712 -0.021670 0.000000
-0.071766 0.030143 0.000000
-0.469201 0.009282 0.000000
0.083495 0.021912 0.000000
0.289052 -0.017567 0.000000
0.069047 0.022778 0.000000
0.389407 -0.000029 0.000000
0.314049 -0.016815 0.000000
-0.406579 0.024731 0.000000
-0.449244 -0.017887 0.000000
-0.158487 0.033428 0.000000
0.268785 0.009394 0.000000
-0.480840 0.004653 0.000000
0.451724 -0.005304 0.000000
0.103951 0.020656 0.000000
0.101722 -0.021851 0.000000
0.246244 0.011045 0.000000
0.111546 -0.021689 0.000000
-0.113374 -0.023037 0.000000
0.494176 -0.009076 0.000000
0.164988 -0.020681 0.000000
-0.157488 0.033397 0.000000
0.333295 0.004479 0.000000
-0.101269 0.031388 0.000000
-0.460972 -0.017667 0.000000
0.340599 0.003904 0.000000
-0.349220 -0.018304 0.000000
0.465002 -0.006468 0.000000
0.023180 -0.022847 0.000000
-0.492294 -0.001502 0.000000
-0.303474 0.034417 0.000000
-0.282714 -0.019598 0.000000
0.372507 -0.014890 0.000000
-0.362482 -0.018163 0.000000
-0.487044 -0.015639 0.000000
-0.359541 -0.018190 0.000000
-0.215424 -0.021376 0.000000
0.078182 -0.022206 0.000000
-0.457731 0.013057 0.000000
-0.494487 -0.013558 0.000000
0.173702 -0.020497 0.000000
-0.472395 -0.017191 0.000000
-0.464074 0.011046 0.000000
0.141600 0.018257 0.000000
0.358110 0.002513 0.000000
-0.136497 0.032708 0.000000
-0.364702 0.030345 0.000000
-0.126328 -0.022927 0.000000
-0.192087 -0.021924 0.000000
0.027762 -0.022804 0.000000
-0.379475 -0.018046 0.000000
0.303302 0.006799 0.000000
0.466199 -0.011292 0.000000
0.099700 0.020920 0.000000
0.318632 0.005620 0.000000
0.216217 -0.019522 0.000000
0.492961 -0.010137 0.000000
-0.379735 -0.018045 0.000000
-0.183353 -0.022104 0.000000
-0.258285 0.035219 0.000000
0.323011 -0.016535 0.000000
0.044164 0.024227 0.000000
0.459620 -0.011567 0.000000
-0.072201 0.030162 0.000000
-0.151061 -0.022641 0.000000
-0.329572 -0.018592 0.000000
0.192496 -0.020081 0.000000
0.450156 -0.011956 0.000000
0.496611 -0.009296 0.000000
-0.243936 -0.020625 0.000000
0.466483 -0.006598 0.000000
-0.065554 -0.023233 0.000000
0.370131 -0.014973 0.000000
-0.090804 0.030961 0.000000
-0.047428 -0.023227 0.000000
-0.232998 -0.020919 0.000000
-0.294399 0.034704 0.000000
-0.029007 0.028136 0.000000
-0.210633 0.034763 0.000000
-0.038079 -0.023209 0.000000
0.029513 -0.022787 0.000000
0.254557 -0.018537 0.000000
0.475604 -0.007407 0.000000
-0.041425 -0.023217 0.000000
-0.480408 0.004845 0.000000
-0.332272 -0.018547 0.000000
0.450903 -0.005233 0.000000
-0.081071 -0.023204 0.000000
-0.004738 0.026901 0.000000
0.308413 -0.016988 0.000000
0.168362 0.016486 0.000000
0.184427 -0.020263 0.000000
-0.414299 -0.017990 0.000000
-0.346375 -0.018340 0.000000
0.444660 -0.012179 0.000000
-0.335783 -0.018491 0.000000
0.266478 -0.018211 0.000000
0.310732 -0.016917 0.000000
0.440367 -0.012351 0.000000
0.196293 -0.019994 0.000000
0.473428 -0.010986 0.000000
-0.403999 -0.017989 0.000000
0.479697 -0.007772 0.000000
0.248669 -0.018694 0.000000
0.429733 -0.003409 0.000000
-0.394558 0.026634 0.000000
-0.133188 0.032592 0.000000
-0.343048 -0.018384 0.000000
0.127708 -0.021407 0.000000
-0.052464 0.029265 0.000000
0.084509 -0.022115 0.000000
0.221803 -0.019384 0.000000
-0.054865 -0.023235 0.000000
-0.012156 0.027286 0.000000
0.091708 -0.022007 0.000000
-0.398686 -0.017992 0.000000
-0.162358 -0.022475 0.000000
-0.248599 -0.020499 0.000000
-0.415765 0.023095 0.000000
-0.099090 -0.023130 0.000000
0.220578 -0.019415 0.000000
-0.352353 0.031511 0.000000
-0.299343 0.034556 0.000000
0.178763 -0.020388 0.000000
-0.021842 0.027778 0.000000
-0.403178 0.025297 0.000000
-0.312745 -0.018908 0.000000
0.461902 -0.011472 0.000000
0.259187 -0.018411 0.000000
0.363461 -0.015203 0.000000
0.403754 -0.001217 0.000000
-0.403020 0.025322 0.000000
0.295161 0.007418 0.000000
-0.496472 -0.012432 0.000000
0.040063 0.024460 0.000000
0.352481 -0.015576 0.000000
-0.336242 0.032750 0.000000
-0.003420 0.026832 0.000000
0.303260 0.006802 0.000000
-0.189024 -0.021989 0.000000
-0.302946 0.034435 0.000000
0.307529 0.006475 0.000000
-0.053114 -0.023234 0.000000
-0.283316 0.034961 0.000000
0.395754 -0.000553 0.000000
-0.488539 0.000818 0.000000
-0.147310 0.033072 0.000000
-0.125228 -0.022937 0.000000
-0.089604 -0.023174 0.000000
-0.345749 0.032056 0.000000
0.022004 -0.022857 0.000000
0.175334 0.016016 0.000000
0.159122 0.017103 0.000000
0.214887 -0.019554 0.000000
-0.329554 -0.018592 0.000000
0.401719 -0.013839 0.000000
-0.172070 -0.022313 0.000000
-0.039685 -0.023213 0.000000
-0.447813 0.015887 0.000000
-0.322603 0.033573 0.000000
-0.144325 -0.022729 0.000000
0.049400 0.023926 0.000000
-0.336779 0.032715 0.000000
0.497240 -0.009354 0.000000
0.422997 -0.013034 0.000000
0.265498 -0.018238 0.000000
0.252173 0.010614 0.000000
-0.110954 -0.023055 0.000000
-0.209902 -0.021513 0.000000
-0.467509 -0.017440 0.000000
0.081093 0.022057 0.000000
0.054395 -0.022517 0.000000
-0.425937 0.021079 0.000000
-0.214368 -0.021403 0.000000
0.017106 -0.022900 0.000000
-0.459345 -0.017710 0.000000
-0.446402 -0.017916 0.000000
-0.234529 0.035121 0.000000
0.401531 -0.001032 0.000000
-0.008922 0.027119 0.000000
-0.091729 -0.023165 0.000000
0.432442 -0.003640 0.000000
0.031539 -0.022767 0.000000
-0.085520 0.030739 0.000000
-0.299231 -0.019201 0.000000
0.293904 -0.017424 0.000000
-0.118287 0.032050 0.000000
0.002113 0.026541 0.000000
0.350104 -0.015655 0.000000
-0.050731 0.029184 0.000000
-0.156544 0.033368 0.000000
-0.037608 -0.023208 0.000000
0.139578 -0.021187 0.000000
-0.148680 0.033117 0.000000
0.112411 0.020127 0.000000
-0.149901 0.033157 0.000000
-0.484382 -0.016066 0.000000
0.195754 0.014620 0.000000
-0.408203 -0.017988 0.000000
0.286035 -0.017655 0.000000
-0.162895 0.033562 0.000000
0.041289 0.024390 0.000000
-0.126206 0.032342 0.000000
0.119842 -0.021547 0.000000
-0.438761 -0.017966 0.000000
-0.089268 0.030897 0.000000
0.242717 0.011301 0.000000
0.337455 -0.016072 0.000000
-0.274431 -0.019810 0.000000
0.150484 0.017675 0.000000
0.229545 -0.019191 0.000000
0.344688 -0.015835 0.000000
-0.313131 -0.018900 0.000000
0.436970 -0.012486 0.000000
0.355999 0.002681 0.000000
0.101122 0.020832 0.000000
-0.404905 0.025012 0.000000
-0.038876 0.028619 0.000000
-0.215000 0.034844 0.000000
0.210899 -0.019651 0.000000
0.218761 -0.019459 0.000000
-0.407112 0.024640 0.000000
-0.446557 0.016222 0.000000
0.029185 -0.022790 0.000000
-0.123225 -0.022956 0.000000
-0.247716 -0.020523 0.000000
-0.454358 0.014059 0.000000
0.119196 -0.021558 0.000000
0.321672 0.005385 0.000000
-0.494493 -0.013555 0.000000
0.173899 -0.020493 0.000000
-0.115511 0.031945 0.000000
-0.130140 0.032484 0.000000
-0.263268 -0.020103 0.000000
0.359382 0.002411 0.000000
-0.413240 0.023562 0.000000
0.174288 0.016087 0.000000
-0.252186 0.035223 0.000000
-0.183192 -0.022107 0.000000
0.033176 0.024848 0.000000
0.448164 -0.004995 0.000000
-0.387205 -0.018016 0.000000
-0.284191 -0.019561 0.000000
-0.474233 -0.017074 0.000000
0.260680 -0.018370 0.000000
-0.354401 0.031330 0.000000
-0.066134 0.029892 0.000000
0.131691 -0.021335 0.000000
-0.307697 -0.019014 0.000000
0.377870 -0.014702 0.000000
0.004089 -0.023002 0.000000
0.331339 -0.016270 0.000000
-0.044594 -0.023223 0.000000
-0.462435 -0.017625 0.000000
0.215327 -0.019544 0.000000
0.355253 0.002741 0.000000
0.402070 -0.013826 0.000000
-0.167693 -0.022389 0.000000
0.268715 0.009399 0.000000
-0.005022 -0.023063 0.000000
-0.307962 -0.019008 0.000000
0.463684 -0.006352 0.000000
0.074934 -0.022251 0.000000
-0.347380 0.031925 0.000000
-0.142153 0.032901 0.000000
0.498922 -0.009507 0.000000
0.357033 -0.015422 0.000000
-0.180739 -0.022155 0.000000
0.379036 -0.014660 0.000000
-0.466637 0.010181 0.000000
0.448721 -0.005043 0.000000
0.283416 0.008303 0.000000
-0.046221 -0.023226 0.000000
-0.285887 -0.019519 0.000000
0.084706 0.021839 0.000000
-0.155359 0.033331 0.000000
-0.439522 0.018008 0.000000
0.396245 -0.000593 0.000000
0.210544 -0.019659 0.000000
0.440981 -0.004373 0.000000
-0.256058 0.035223 0.000000
0.244271 0.011188 0.000000
0.141069 -0.021159 0.000000
-0.418040 -0.017991 0.000000
0.081625 0.022025 0.000000
-0.463980 -0.017575 0.000000
-0.256928 -0.020274 0.000000
0.021794 -0.022859 0.000000
0.084888 -0.022109 0.000000
-0.317504 0.033832 0.000000
0.228225 -0.019224 0.000000
0.451353 -0.011907 0.000000
-0.431625 -0.017986 0.000000
0.335847 -0.016124 0.000000
-0.134232 -0.022846 0.000000
-0.088248 0.030854 0.000000
-0.350754 -0.018285 0.000000
-0.096040 0.031177 0.000000
-0.101977 0.031417 0.000000
-0.118362 0.032053 0.000000
-0.346699 0.031980 0.000000
-0.058069 -0.023236 0.000000
-0.451506 -0.017858 0.000000
-0.098909 -0.023131 0.000000
-0.364284 0.030388 0.000000
-0.286319 -0.019508 0.000000
-0.047837 0.029047 0.000000
0.089044 -0.022048 0.000000
-0.434999 -0.017979 0.000000
0.380654 -0.014603 0.000000
-0.218730 0.034910 0.000000
0.082853 -0.022139 0.000000
0.412535 -0.001952 0.000000
0.149623 0.017732 0.000000
-0.382382 0.028310 0.000000
-0.417702 0.022728 0.000000
0.220952 0.012858 0.000000
-0.473659 -0.017112 0.000000
-0.406858 -0.017988 0.000000
-0.089297 0.030898 0.000000
-0.066950 0.029928 0.000000
0.226003 -0.019280 0.000000
-0.174606 -0.022269 0.000000
0.212274 0.013470 0.000000
-0.257822 -0.020249 0.000000
-0.219776 -0.021266 0.000000
-0.269799 -0.019930 0.000000
-0.330006 -0.018585 0.000000
-0.280179 -0.019662 0.000000
0.027048 0.025190 0.000000
-0.194707 -0.021867 0.000000
0.097053 0.021083 0.000000
0.242155 0.011341 0.000000
-0.360771 -0.018179 0.000000
-0.386269 -0.018019 0.000000
-0.273383 -0.019837 0.000000
0.031379 -0.022769 0.000000
0.070096 -0.022317 0.000000
-0.348258 -0.018316 0.000000
-0.468754 0.009441 0.000000
0.039252 -0.022688 0.000000
0.150206 0.017693 0.000000
-0.457600 -0.017750 0.000000
0.030411 -0.022779 0.000000
0.168264 0.016493 0.000000
-0.494738 -0.003344 0.000000
-0.032216 0.028294 0.000000
0.203036 0.014116 0.000000
0.011785 0.026024 0.000000
0.306907 -0.017034 0.000000
-0.425126 0.021248 0.000000
-0.193582 0.034392 0.000000
-0.344448 0.032157 0.000000
-0.233094 -0.020916 0.000000
-0.377605 0.028906 0.000000
-0.393641 -0.018000 0.000000
0.476417 -0.010858 0.000000
-0.310687 -0.018950 0.000000
0.346597 0.003430 0.000000
-0.308589 -0.018995 0.000000
-0.190212 -0.021964 0.000000
-0.232682 -0.020927 0.000000
-0.310647 0.034141 0.000000
0.021109 -0.022865 0.000000
-0.228904 -0.021028 0.000000
-0.188042 0.034256 0.000000
-0.121778 0.032180 0.000000
-0.480004 0.005023 0.000000
0.412201 -0.013446 0.000000
-0.394042 0.026709 0.000000
-0.347382 -0.018327 0.000000
-0.007772 -0.023080 0.000000
-0.157558 -0.022548 0.000000
0.130565 -0.021355 0.000000
0.348384 0.003288 0.000000
-0.217008 0.034880 0.000000
-0.411260 0.023918 0.000000
0.155296 0.017357 0.000000
-0.471539 -0.017241 0.000000
-0.208108 0.034714 0.000000
-0.490619 -0.000412 0.000000
-0.405123 -0.017989 0.000000
0.373555 0.001267 0.000000
-0.232945 0.035104 0.000000
-0.344655 0.032141 0.000000
-0.382402 -0.018033 0.000000
-0.128027 0.032408 0.000000
-0.181522 0.034088 0.000000
-0.057571 0.029502 0.000000
0.459271 -0.011581 0.000000
0.113831 -0.021651 0.000000
0.008133 -0.022972 0.000000
-0.281143 0.034999 0.000000
0.464135 -0.006391 0.000000
0.470026 -0.011130 0.000000
0.483652 -0.010546 0.000000
0.179392 0.015741 0.000000
-0.367849 0.030016 0.000000
0.359934 0.002366 0.000000
0.089775 0.021530 0.000000
-0.327606 -0.018626 0.000000
0.236983 0.011714 0.000000
0.209813 0.013642 0.000000
0.468073 -0.006739 0.000000
0.126838 -0.021423 0.000000
0.110183 0.020267 0.000000
0.151300 -0.020960 0.000000
0.100604 -0.021869 0.000000
0.081172 -0.022163 0.000000
-0.004995 -0.023063 0.000000
0.102664 0.020736 0.000000
-0.121768 -0.022968 0.000000
-0.081320 -0.023203 0.000000
-0.213049 0.034810 0.000000
0.111354 0.020193 0.000000
-0.018589 0.027614 0.000000
-0.301686 0.034478 0.000000
0.371512 0.001433 0.000000
-0.283930 -0.019568 0.000000
0.170561 -0.020564 0.000000
-0.326068 -0.018653 0.000000
0.091873 -0.022005 0.000000
0.034555 -0.022737 0.000000
-0.314877 -0.018864 0.000000
0.094088 -0.021971 0.000000
0.426718 -0.012889 0.000000
-0.384203 0.028075 0.000000
0.138551 0.018455 0.000000
-0.073767 0.030231 0.000000
0.344507 0.003596 0.000000
0.373206 0.001296 0.000000
-0.337964 0.032632 0.000000
-0.005558 0.026944 0.000000
-0.061707 0.029691 0.000000
0.363766 0.002059 0.000000
-0.392151 -0.018003 0.000000
0.302408 -0.017170 0.000000
0.457350 -0.005795 0.000000
0.488152 -0.008531 0.000000
0.424535 -0.002966 0.000000
0.496196 -0.009993 0.000000
0.165796 -0.020665 0.000000
-0.211782 -0.021467 0.000000
-0.317828 0.033816 0.000000
0.414387 -0.002108 0.000000
0.179124 -0.020380 0.000000
-0.301883 -0.019141 0.000000
-0.465868 -0.017507 0.000000
0.175968 -0.020448 0.000000
0.096525 0.021116 0.000000
0.465569 -0.011318 0.000000
-0.413761 0.023466 0.000000
-0.059839 0.029606 0.000000
-0.220994 0.034945 0.000000
-0.277522 0.035059 0.000000
0.308684 0.006387 0.000000
0.168934 0.016448 0.000000
-0.047743 0.029043 0.000000
-0.445494 0.016501 0.000000
-0.244552 0.035198 0.000000
0.261786 0.009910 0.000000
0.311818 -0.016883 0.000000
0.402832 -0.013797 0.000000
-0.337121 0.032692 0.000000
-0.284968 -0.019542 0.000000
-0.153127 -0.022612 0.000000
0.089842 -0.022036 0.000000
0.431827 -0.012690 0.000000
-0.037565 0.028555 0.000000
-0.158464 0.033427 0.000000
-0.336145 -0.018485 0.000000
-0.229570 0.035066 0.000000
0.345985 -0.015792 0.000000
-0.329245 0.033198 0.000000
0.492873 -0.010141 0.000000
-0.136071 0.032693 0.000000
-0.217761 0.034893 0.000000
0.194169 -0.020043 0.000000
0.019391 -0.022881 0.000000
-0.422012 -0.017992 0.000000
-0.220045 -0.021259 0.000000
-0.408158 -0.017988 0.000000
0.280399 0.008529 0.000000
0.283584 -0.017726 0.000000
0.256040 0.010332 0.000000
0.153742 0.017460 0.000000
0.436096 -0.003953 0.000000
-0.052851 -0.023233 0.000000
0.160505 0.017011 0.000000
0.331417 0.004626 0.000000
-0.176521 0.033953 0.000000
0.291801 0.007672 0.000000
0.210017 0.013628 0.000000
-0.445989 -0.017920 0.000000
-0.243850 -0.020627 0.000000
-0.143686 -0.022736 0.000000
-0.082875 -0.023199 0.000000
-0.351883 -0.018272 0.000000
-0.253058 -0.020378 0.000000
0.276381 0.008830 0.000000
0.016468 0.025771 0.000000
-0.176145 -0.022241 0.000000
0.012811 -0.022936 0.000000
-0.182191 0.034106 0.000000
0.168513 0.016476 0.000000
0.336512 0.004226 0.000000
-0.138223 -0.022802 0.000000
0.107347 0.020444 0.000000
-0.495576 -0.004088 0.000000
-0.279210 -0.019687 0.000000
0.303659 0.006771 0.000000
-0.447916 0.015859 0.000000
-0.457990 -0.017742 0.000000
-0.368259 -0.018116 0.000000
-0.043767 -0.023222 0.000000
0.329871 -0.016317 0.000000
0.385113 -0.014444 0.000000
-0.294228 -0.019318 0.000000
-0.206484 0.034682 0.000000
0.458498 -0.005896 0.000000
-0.177595 -0.022214 0.000000
0.462870 -0.006280 0.000000
0.150707 0.017660 0.000000
0.001671 -0.023019 0.000000
0.023311 0.025396 0.000000
-0.318033 0.033806 0.000000
0.172370 -0.020526 0.000000
0.056154 -0.022495 0.000000
0.224768 -0.019311 0.000000
-0.437617 0.018467 0.000000
0.051930 -0.022546 0.000000
-0.044396 0.028884 0.000000
0.216332 -0.019519 0.000000
0.421230 -0.013102 0.000000
-0.316589 0.033875 0.000000
0.175640 -0.020455 0.000000
-0.140867 -0.022771 0.000000
0.154230 0.017428 0.000000
-0.127216 0.032379 0.000000
0.263999 -0.018279 0.000000
-0.222733 -0.021189 0.000000
0.044367 0.024215 0.000000
-0.121998 0.032188 0.000000
-0.063096 -0.023235 0.000000
-0.094955 -0.023151 0.000000
0.049851 0.023901 0.000000
0.245286 0.011115 0.000000
0.286312 0.008086 0.000000
0.264430 0.009716 0.000000
-0.024480 -0.023164 0.000000
-0.017299 -0.023132 0.000000
0.446445 -0.012107 0.000000
-0.085410 0.030734 0.000000
-0.424055 -0.017992 0.000000
0.019504 -0.022880 0.000000
-0.009610 -0.023091 0.000000
0.020332 0.025560 0.000000
-0.099004 -0.023130 0.000000
-0.433709 -0.017982 0.000000
-0.311776 0.034092 0.000000
-0.199180 -0.021767 0.000000
-0.287071 -0.019490 0.000000
0.413735 -0.002053 0.000000
0.303624 -0.017133 0.000000
0.117869 -0.021581 0.000000
0.064606 0.023041 0.000000
0.501425 -0.009735 0.000000
-0.331060 -0.018567 0.000000
-0.124034 -0.022948 0.000000
0.067306 -0.022354 0.000000
-0.267005 0.035178 0.000000
0.142845 0.018176 0.000000
0.163371 0.016820 0.000000
0.477938 -0.010793 0.000000
-0.441876 0.017426 0.000000
0.463965 -0.011386 0.000000
-0.335962 0.032769 0.000000
-0.276509 0.035073 0.000000
-0.464150 0.011021 0.000000
0.108955 -0.021733 0.000000
-0.055799 0.029420 0.000000
-0.225620 0.035014 0.000000
-0.441909 -0.017950 0.000000
-0.245394 -0.020585 0.000000
-0.480034 -0.016591 0.000000
0.315328 -0.016775 0.000000
-0.351752 -0.018274 0.000000
0.110824 -0.021701 0.000000
-0.215038 0.034845 0.000000
-0.493198 -0.002141 0.000000
-0.228951 0.035058 0.000000
0.452603 -0.011856 0.000000
-0.129897 -0.022892 0.000000
-0.039595 0.028654 0.000000
0.222259 0.012765 0.000000
-0.135901 -0.022828 0.000000
0.222974 0.012715 0.000000
-0.253128 -0.020376 0.000000
-0.283443 -0.019580 0.000000
0.274806 -0.017977 0.000000
-0.438530 -0.017967 0.000000
0.447432 -0.004931 0.000000
-0.087897 0.030839 0.000000
0.469833 -0.006895 0.000000
0.425702 -0.003065 0.000000
-0.231535 -0.020958 0.000000
0.457088 -0.011672 0.000000
0.168107 0.016503 0.000000
-0.459193 0.012608 0.000000
0.270420 0.009273 0.000000
-0.165867 0.033650 0.000000
-0.065036 -0.023233 0.000000
-0.023737 -0.023161 0.000000
0.326120 0.005039 0.000000
-0.444628 0.016726 0.000000
-0.146734 -0.022698 0.000000
0.044870 -0.022627 0.000000
0.090157 0.021507 0.000000
0.338844 0.004043 0.000000
-0.468698 0.009461 0.000000
-0.285582 0.034915 0.000000
-0.217214 0.034884 0.000000
-0.175023 -0.022261 0.000000
-0.188440 0.034266 0.000000
-0.310812 0.034134 0.000000
0.223017 0.012712 0.000000
-0.393786 -0.018000 0.000000
0.147297 0.017884 0.000000
-0.110448 0.031751 0.000000
-0.248532 0.035217 0.000000
0.387291 -0.014366 0.000000
0.005481 0.026362 0.000000
0.083943 -0.022123 0.000000
-0.251508 0.035222 0.000000
-0.123619 0.032248 0.000000
-0.256564 0.035223 0.000000
-0.139170 0.032800 0.000000
-0.319936 -0.018765 0.000000
0.112445 0.020124 0.000000
0.461155 -0.006129 0.000000
-0.143979 0.032962 0.000000
-0.189637 -0.021976 0.000000
-0.347865 -0.018321 0.000000
0.493996 -0.009059 0.000000
0.042550 0.024319 0.000000
-0.387184 0.027678 0.000000
-0.230622 -0.020982 0.000000
0.391491 -0.014214 0.000000
0.384378 0.000384 0.000000
-0.271453 0.035136 0.000000
0.311361 0.006181 0.000000
0.021966 0.025470 0.000000
0.117438 -0.021589 0.000000
0.137982 -0.021217 0.000000
-0.204939 -0.021633 0.000000
0.321868 0.005370 0.000000
0.421072 -0.002672 0.000000
-0.306828 0.034293 0.000000
0.447793 -0.012052 0.000000
-0.242041 -0.020676 0.000000
-0.157199 0.033388 0.000000
-0.076045 0.030331 0.000000
-0.419907 0.022301 0.000000
0.489930 -0.008691 0.000000
0.457869 -0.005841 0.000000
0.073539 -0.022270 0.000000
0.052441 -0.022540 0.000000
-0.383700 0.028142 0.000000
0.108861 -0.021734 0.000000
-0.149273 0.033136 0.000000
0.445224 -0.004740 0.000000
-0.478915 0.005494 0.000000
0.024163 -0.022838 0.000000
0.243153 -0.018840 0.000000
0.411572 -0.001871 0.000000
-0.124653 -0.022943 0.000000
-0.022101 0.027791 0.000000
-0.053276 -0.023234 0.000000
0.152021 0.017574 0.000000
-0.250339 -0.020452 0.000000
-0.017399 -0.023132 0.000000
-0.152892 0.033252 0.000000
-0.408442 0.024413 0.000000
-0.043760 0.028854 0.000000
-0.186375 -0.022044 0.000000
0.059494 -0.022454 0.000000
0.273982 -0.018000 0.000000
-0.432876 -0.017984 0.000000
0.329298 -0.016335 0.000000
0.154192 -0.020902 0.000000
0.211184 -0.019644 0.000000
0.402438 -0.001108 0.000000
0.443030 -0.004550 0.000000
0.206942 0.013843 0.000000
-0.300898 0.034505 0.000000
0.157917 0.017183 0.000000
-0.498455 -0.008778 0.000000
-0.131942 0.032548 0.000000
-0.284536 -0.019553 0.000000
0.105932 -0.021783 0.000000
0.489569 -0.008659 0.000000
-0.101069 0.031380 0.000000
0.160428 0.017017 0.000000
-0.278806 -0.019697 0.000000
0.348910 0.003246 0.000000
0.113068 0.020085 0.000000
0.406756 -0.001468 0.000000
0.497805 -0.009405 0.000000
0.000595 -0.023027 0.000000
0.061334 0.023233 0.000000
-0.403777 0.025198 0.000000
0.498392 -0.009895 0.000000
0.359321 -0.015345 0.000000
-0.139204 0.032801 0.000000
-0.458979 0.012675 0.000000
-0.308762 0.034218 0.000000
-0.233172 0.035107 0.000000
0.328858 -0.016349 0.000000
0.223106 -0.019352 0.000000
-0.394705 -0.017998 0.000000
0.078319 0.022224 0.000000
-0.071084 0.030113 0.000000
0.064981 0.023019 0.000000
-0.050593 0.029177 0.000000
-0.218702 0.034909 0.000000
0.328685 -0.016355 0.000000
0.177430 0.015874 0.000000
0.030262 0.025011 0.000000
0.175415 0.016011 0.000000
-0.230243 0.035075 0.000000
-0.481192 0.004495 0.000000
-0.164031 -0.022448 0.000000
-0.013119 0.027335 0.000000
-0.473347 -0.017132 0.000000
0.410201 -0.013522 0.000000
0.261307 0.009945 0.000000
0.283803 0.008274 0.000000
0.190258 -0.020132 0.000000
0.388567 -0.014320 0.000000
-0.117356 -0.023006 0.000000
-0.216278 -0.021355 0.000000
0.273492 0.009045 0.000000
-0.006050 -0.023070 0.000000
0.185171 0.015348 0.000000
-0.000779 -0.023036 0.000000
0.307308 0.006492 0.000000
0.078107 0.022237 0.000000
0.433359 -0.003719 0.000000
0.345066 0.003551 0.000000
-0.438050 -0.017969 0.000000
-0.467213 0.009982 0.000000
-0.455465 -0.017794 0.000000
0.489893 -0.010272 0.000000
0.362668 0.002147 0.000000
-0.296199 -0.019271 0.000000
-0.427319 0.020788 0.000000
-0.462167 0.011669 0.000000
-0.133614 0.032607 0.000000
0.071880 0.022610 0.000000
-0.190323 0.034313 0.000000
-0.124912 -0.022940 0.000000
0.477300 -0.007558 0.000000
0.236653 -0.019009 0.000000
0.101796 -0.021850 0.000000
0.317913 0.005676 0.000000
0.047061 0.024061 0.000000
-0.050264 0.029162 0.000000
0.140825 0.018307 0.000000
-0.117041 -0.023008 0.000000
-0.294974 -0.019300 0.000000
-0.342604 -0.018391 0.000000
0.109498 0.020310 0.000000
0.460815 -0.011517 0.000000
-0.076545 0.030353 0.000000
0.353676 0.002867 0.000000
0.333071 -0.016214 0.000000
0.065019 -0.022384 0.000000
0.416659 -0.002299 0.000000
0.323439 0.005248 0.000000
0.203867 -0.019818 0.000000
-0.088528 0.030866 0.000000
-0.367938 0.030006 0.000000
0.425600 -0.012933 0.000000
-0.495874 -0.012832 0.000000
-0.457997 0.012976 0.000000
0.470913 -0.011093 0.000000
0.079841 -0.022182 0.000000
0.407404 -0.001522 0.000000
0.305120 -0.017088 0.000000
0.306603 -0.017043 0.000000
0.487519 -0.010377 0.000000
-0.044443 -0.023223 0.000000
0.201404 -0.019876 0.000000
-0.368156 0.029982 0.000000
0.304043 -0.017121 0.000000
-0.135943 -0.022828 0.000000
-0.312316 -0.018917 0.000000
0.194866 0.014682 0.000000
0.163867 0.016787 0.000000
-0.068595 -0.023230 0.000000
-0.359620 0.030848 0.000000
-0.455662 0.013677 0.000000
0.352181 0.002986 0.000000
0.327271 -0.016400 0.000000
-0.091357 0.030984 0.000000
-0.265274 -0.020050 0.000000
0.265205 0.009658 0.000000
0.054160 0.023652 0.000000
-0.275880 0.035081 0.000000
0.035846 -0.022724 0.000000
0.338380 0.004079 0.000000
-0.371206 -0.018095 0.000000
0.375176 0.001136 0.000000
-0.319608 0.033730 0.000000
-0.216981 -0.021337 0.000000
-0.131562 0.032535 0.000000
-0.131544 0.032534 0.000000
-0.470771 0.008713 0.000000
0.355354 -0.015479 0.000000
0.470102 -0.006918 0.000000
0.092388 0.021370 0.000000
-0.282946 -0.019593 0.000000
-0.405342 0.024939 0.000000
0.283874 0.008269 0.000000
-0.417581 -0.017991 0.000000
-0.338936 0.032563 0.000000
0.317892 0.005678 0.000000
-0.423407 -0.017992 0.000000
-0.003181 -0.023052 0.000000
-0.368600 -0.018113 0.000000
0.438563 -0.012423 0.000000
0.184822 0.015371 0.000000
0.343158 -0.015886 0.000000
-0.482488 -0.016316 0.000000
-0.197459 0.034483 0.000000
0.387751 0.000108 0.000000
0.110194 0.020266 0.000000
-0.272605 -0.019857 0.000000
-0.235053 0.035127 0.000000
0.202737 -0.019845 0.000000
-0.353759 -0.018251 0.000000
-0.495458 -0.003978 0.000000
-0.092566 -0.023162 0.000000
0.043016 -0.022648 0.000000
-0.463187 -0.017601 0.000000
-0.402602 -0.017989 0.000000
0.052678 0.023737 0.000000
0.001672 -0.023019 0.000000
0.253671 0.010505 0.000000
-0.368120 0.029986 0.000000
0.270044 -0.018111 0.000000
0.380504 -0.014608 0.000000
-0.352517 0.031497 0.000000
-0.068561 -0.023230 0.000000
-0.271312 0.035137 0.000000
0.424425 -0.012978 0.000000
-0.287592 -0.019477 0.000000
0.212830 0.013431 0.000000
0.254467 -0.018539 0.000000
-0.109186 0.031702 0.000000
-0.479317 0.005321 0.000000
-0.220159 -0.021256 0.000000
-0.050754 0.029185 0.000000
0.441811 -0.012293 0.000000
0.118342 -0.021573 0.000000
0.184965 0.015362 0.000000
0.071391 -0.022300 0.000000
-0.068978 0.030019 0.000000
-0.143882 -0.022734 0.000000
-0.430012 -0.017989 0.000000
0.022225 -0.022856 0.000000
0.025441 -0.022826 0.000000
-0.402155 -0.017990 0.000000
0.116817 0.019849 0.000000
0.342645 -0.015902 0.000000
-0.204248 0.034634 0.000000
0.383179 -0.014513 0.000000
-0.236478 -0.020826 0.000000
-0.061814 -0.023235 0.000000
0.431480 -0.003558 0.000000
-0.167365 0.033695 0.000000
0.238418 0.011611 0.000000
-0.043913 0.028861 0.000000
0.292767 0.007599 0.000000
0.179509 -0.020371 0.000000
0.433648 -0.012618 0.000000
-0.318497 -0.018793 0.000000
-0.251600 -0.020417 0.000000
-0.403614 0.025225 0.000000
0.025019 -0.022830 0.000000
0.100859 -0.021865 0.000000
-0.434647 -0.017980 0.000000
-0.322349 0.033586 0.000000
0.048929 0.023954 0.000000
-0.102063 0.031420 0.000000
-0.249843 0.035219 0.000000
-0.040450 0.028695 0.000000
-0.363447 0.030472 0.000000
-0.356676 -0.018219 0.000000
0.469513 -0.011152 0.000000
-0.037708 -0.023208 0.000000
-0.285997 -0.019516 0.000000
0.104145 0.020644 0.000000
0.244622 -0.018802 0.000000
0.385636 0.000281 0.000000
-0.262396 0.035205 0.000000
-0.141198 0.032869 0.000000
-0.181221 0.034080 0.000000
-0.238539 -0.020770 0.000000
0.279217 0.008618 0.000000
0.125521 -0.021447 0.000000
0.399695 -0.013914 0.000000
-0.440577 -0.017957 0.000000
-0.095378 0.031150 0.000000
0.036276 -0.022719 0.000000
-0.308895 -0.018988 0.000000
0.102801 -0.021833 0.000000
-0.427438 -0.017991 0.000000
0.099432 -0.021887 0.000000
-0.143388 -0.022740 0.000000
-0.357102 -0.018215 0.000000
0.030664 -0.022776 0.000000
0.116109 -0.021612 0.000000
0.378375 -0.014684 0.000000
-0.171491 0.033813 0.000000
-0.060878 -0.023235 0.000000
0.186076 0.015286 0.000000
0.406093 -0.013676 0.000000
0.028855 0.025089 0.000000
0.259363 0.010088 0.000000
0.126541 0.019230 0.000000
0.348567 0.003274 0.000000
0.386068 -0.014410 0.000000
0.365993 -0.015116 0.000000
-0.026275 0.028000 0.000000
0.231168 -0.019149 0.000000
-0.296725 0.034635 0.000000
-0.385536 -0.018021 0.000000
0.034504 0.024774 0.000000
0.315579 -0.016767 0.000000
0.031895 0.024920 0.000000
-0.386408 0.027783 0.000000
-0.117868 -0.023002 0.000000
0.126418 0.019237 0.000000
0.456315 -0.011704 0.000000
-0.467638 -0.017434 0.000000
0.484970 -0.010488 0.000000
-0.168651 -0.022373 0.000000
-0.050819 0.029188 0.000000
-0.001609 -0.023041 0.000000
-0.248821 0.035217 0.000000
-0.311828 -0.018927 0.000000
0.486079 -0.008344 0.000000
0.057522 0.023456 0.000000
-0.183181 -0.022107 0.000000
0.250435 -0.018647 0.000000
0.255336 -0.018516 0.000000
0.211419 0.013530 0.000000
0.271673 0.009180 0.000000
-0.137723 -0.022807 0.000000
-0.465079 0.010711 0.000000
-0.029909 0.028181 0.000000
0.131365 0.018920 0.000000
0.086277 0.021743 0.000000
-0.455176 -0.017799 0.000000
0.199542 -0.019919 0.000000
-0.224861 0.035004 0.000000
0.221553 -0.019391 0.000000
-0.038947 0.028622 0.000000
-0.086184 0.030767 0.000000
-0.374872 0.029230 0.000000
0.464230 -0.006400 0.000000
0.421866 -0.013077 0.000000
-0.336472 0.032735 0.000000
0.179146 -0.020379 0.000000
0.356136 -0.015453 0.000000
-0.195584 -0.021848 0.000000
-0.203166 -0.021675 0.000000
-0.402435 0.025416 0.000000
-0.430191 0.020167 0.000000
-0.386299 0.027797 0.000000
0.090312 -0.022029 0.000000
0.345008 0.003556 0.000000
0.450941 -0.011924 0.000000
-0.309786 -0.018969 0.000000
0.059748 -0.022451 0.000000
0.057916 -0.022474 0.000000
-0.086731 0.030790 0.000000
0.413308 -0.002017 0.000000
-0.303677 -0.019101 0.000000
0.385164 -0.014442 0.000000
-0.474460 0.007315 0.000000
0.131127 0.018935 0.000000
-0.157121 -0.022555 0.000000
0.008074 -0.022973 0.000000
0.340522 0.003910 0.000000
-0.273626 0.035111 0.000000
0.433823 -0.003758 0.000000
0.113723 0.020044 0.000000
-0.423086 -0.017992 0.000000
0.251484 -0.018619 0.000000
-0.013819 -0.023114 0.000000
-0.155122 0.033323 0.000000
0.025086 0.025298 0.000000
0.326550 -0.016423 0.000000
0.160001 -0.020784 0.000000
0.130356 -0.021359 0.000000
0.411040 -0.001827 0.000000
0.421475 -0.013092 0.000000
-0.248684 -0.020496 0.000000
0.141962 0.018233 0.000000
0.238236 -0.018968 0.000000
-0.492863 -0.001899 0.000000
0.469040 -0.011172 0.000000
-0.125460 0.032315 0.000000
0.051994 -0.022545 0.000000
-0.208384 0.034719 0.000000
0.152896 0.017516 0.000000
-0.235179 -0.020861 0.000000
-0.101717 -0.023115 0.000000
0.321691 -0.016576 0.000000
-0.214588 -0.021397 0.000000
-0.207370 0.034699 0.000000
0.111007 0.020215 0.000000
-0.106295 0.031588 0.000000
-0.444848 -0.017929 0.000000
-0.016487 0.027507 0.000000
0.230314 -0.019171 0.000000
-0.038833 0.028617 0.000000
0.238775 -0.018954 0.000000
-0.438699 0.018207 0.000000
0.241786 -0.018876 0.000000
0.256680 -0.018479 0.000000
-0.035697 -0.023203 0.000000
0.054792 -0.022512 0.000000
-0.419093 -0.017992 0.000000
0.283424 -0.017730 0.000000
0.019824 -0.022877 0.000000
-0.172072 -0.022313 0.000000
-0.190272 -0.021963 0.000000
0.323171 0.005269 0.000000
0.214761 0.013295 0.000000
0.409706 -0.001715 0.000000
0.337270 -0.016078 0.000000
0.486521 -0.008384 0.000000
0.498535 -0.009889 0.000000
-0.042177 -0.023218 0.000000
-0.048403 -0.023229 0.000000
0.004737 0.026402 0.000000
0.337279 -0.016078 0.000000
0.196973 0.014536 0.000000
-0.128881 -0.022902 0.000000
-0.365921 0.030218 0.000000
-0.181093 0.034077 0.000000
0.384170 0.000401 0.000000
0.206049 0.013906 0.000000
0.024065 0.025355 0.000000
0.284345 0.008234 0.000000
0.460602 -0.011526 0.000000
-0.072751 0.030187 0.000000
0.355504 -0.015474 0.000000
-0.041186 0.028730 0.000000
-0.031699 0.028269 0.000000
0.249595 -0.018670 0.000000
-0.370417 0.029736 0.000000
-0.046559 -0.023226 0.000000
0.113342 0.020068 0.000000
0.233044 0.011997 0.000000
0.020157 -0.022874 0.000000
0.025106 -0.022829 0.000000
-0.031525 -0.023190 0.000000
-0.171328 -0.022326 0.000000
0.447577 -0.012061 0.000000
0.375188 0.001135 0.000000
-0.121681 0.032176 0.000000
-0.226001 0.035019 0.000000
-0.161318 -0.022491 0.000000
-0.438282 -0.017968 0.000000
-0.301329 0.034491 0.000000
0.386909 -0.014379 0.000000
-0.149316 0.033138 0.000000
0.274121 0.008998 0.000000
-0.247186 0.035211 0.000000
-0.094153 -0.023155 0.000000
0.046434 -0.022609 0.000000
-0.002150 0.026766 0.000000
0.020062 0.025575 0.000000
0.040333 0.024444 0.000000
-0.211705 -0.021469 0.000000
-0.469956 0.009010 0.000000
0.419091 -0.013184 0.000000
0.360931 0.002286 0.000000
-0.274623 -0.019805 0.000000
-0.497472 -0.006255 0.000000
-0.443581 -0.017939 0.000000
-0.335930 0.032771 0.000000
-0.497745 -0.006693 0.000000
0.143868 -0.021105 0.000000
0.376118 0.001059 0.000000
-0.026574 0.028015 0.000000
0.046821 0.024075 0.000000
-0.312587 -0.018911 0.000000
0.329317 0.004790 0.000000
0.263716 0.009768 0.000000
0.339705 -0.015999 0.000000
-0.041650 0.028753 0.000000
-0.313209 -0.018898 0.000000
-0.192452 0.034365 0.000000
-0.147617 -0.022687 0.000000
-0.263593 -0.020095 0.000000
0.190662 -0.020123 0.000000
-0.242999 -0.020650 0.000000
-0.176205 -0.022239 0.000000
-0.232048 -0.020944 0.000000
0.291224 -0.017503 0.000000
0.464021 -0.006381 0.000000
0.312733 -0.016855 0.000000
0.301379 -0.017201 0.000000
-0.076241 -0.023216 0.000000
0.425166 -0.012950 0.000000
-0.028386 0.028105 0.000000
0.454433 -0.011781 0.000000
0.020224 -0.022873 0.000000
-0.191034 0.034331 0.000000
0.350426 0.003126 0.000000
-0.209688 0.034745 0.000000
-0.455227 -0.017798 0.000000
0.309982 0.006287 0.000000
0.424256 -0.012985 0.000000
0.131637 -0.021336 0.000000
-0.144638 -0.022725 0.000000
-0.472946 -0.017157 0.000000
-0.209048 -0.021535 0.000000
-0.491924 -0.001252 0.000000
-0.282224 0.034980 0.000000
0.071811 0.022614 0.000000
-0.290564 -0.019405 0.000000
0.480410 -0.010686 0.000000
0.198346 0.014441 0.000000
-0.237887 0.035152 0.000000
0.251463 -0.018620 0.000000
0.060402 0.023288 0.000000
0.359813 -0.015328 0.000000
-0.252947 0.035224 0.000000
0.027191 -0.022810 0.000000
-0.141539 -0.022763 0.000000
0.330151 -0.016308 0.000000
0.477084 -0.007539 0.000000
0.285994 -0.017656 0.000000
0.354926 -0.015494 0.000000
0.093972 0.021273 0.000000
-0.231264 0.035086 0.000000
0.494883 -0.009140 0.000000
0.346116 0.003468 0.000000
0.318381 -0.016680 0.000000
0.021924 -0.022858 0.000000
0.377186 0.000972 0.000000
0.342498 0.003754 0.000000
0.018008 -0.022893 0.000000
-0.007357 0.027038 0.000000
0.433172 -0.012637 0.000000
-0.168625 -0.022373 0.000000
0.491584 -0.008841 0.000000
0.315147 0.005890 0.000000
0.050877 0.023841 0.000000
-0.099716 0.031326 0.000000
0.428724 -0.003323 0.000000
-0.375697 -0.018066 0.000000
0.397665 -0.000711 0.000000
0.243307 0.011258 0.000000
0.264105 0.009739 0.000000
-0.052942 -0.023234 0.000000
0.032279 0.024898 0.000000
0.398416 -0.013961 0.000000
-0.005050 -0.023063 0.000000
-0.378634 0.028780 0.000000
-0.298496 0.034582 0.000000
0.423057 -0.002841 0.000000
-0.448121 0.015804 0.000000
-0.158214 -0.022538 0.000000
-0.483338 0.003502 0.000000
-0.163890 -0.022451 0.000000
-0.144867 -0.022722 0.000000
0.325708 -0.016449 0.000000
0.335332 -0.016141 0.000000
-0.171087 0.033802 0.000000
-0.428967 -0.017990 0.000000
0.327322 0.004946 0.000000
-0.119359 -0.022990 0.000000
-0.302740 0.034442 0.000000
0.259853 0.010052 0.000000
0.414933 -0.002154 0.000000
-0.375519 0.029153 0.000000
0.470943 -0.011092 0.000000
-0.302339 0.034456 0.000000
0.336606 0.004219 0.000000
0.217356 -0.019494 0.000000
0.023715 -0.022842 0.000000
-0.294409 0.034703 0.000000
0.497284 -0.009358 0.000000
-0.354533 -0.018242 0.000000
0.195981 -0.020002 0.000000
-0.479382 0.005293 0.000000
-0.261596 0.035210 0.000000
-0.142165 0.032901 0.000000
-0.425139 -0.017992 0.000000
-0.269307 -0.019943 0.000000
-0.277833 0.035055 0.000000
-0.440661 0.017728 0.000000
0.290132 0.007798 0.000000
-0.258765 0.035218 0.000000
-0.401442 -0.017990 0.000000
0.416238 -0.002264 0.000000
0.491950 -0.010182 0.000000
-0.476289 -0.016925 0.000000
-0.027997 0.028086 0.000000
-0.208554 0.034722 0.000000
0.390441 -0.000114 0.000000
0.077483 -0.022216 0.000000
0.209065 0.013695 0.000000
-0.324494 -0.018681 0.000000
-0.080814 0.030538 0.000000
-0.200717 0.034558 0.000000
0.482978 -0.010575 0.000000
0.246036 -0.018764 0.000000
-0.276858 -0.019747 0.000000
-0.478001 -0.016783 0.000000
0.414937 -0.002154 0.000000
-0.406848 -0.017988 0.000000
-0.439936 -0.017961 0.000000
-0.285550 0.034916 0.000000
0.220969 0.012857 0.000000
0.217463 0.013105 0.000000
0.069508 -0.022325 0.000000
0.354499 0.002801 0.000000
0.300517 -0.017227 0.000000
-0.394512 0.026640 0.000000
-0.118072 0.032042 0.000000
-0.260337 0.035215 0.000000
-0.256298 0.035223 0.000000
0.392893 -0.014163 0.000000
-0.288674 -0.019451 0.000000
-0.141651 -0.022762 0.000000
-0.189831 0.034301 0.000000
0.079327 -0.022190 0.000000
-0.105044 0.031539 0.000000
0.327077 0.004965 0.000000
0.321346 -0.016587 0.000000
0.391122 -0.000170 0.000000
0.006152 0.026326 0.000000
-0.478444 -0.016743 0.000000
0.420188 -0.002598 0.000000
-0.477449 -0.016831 0.000000
0.123447 0.019427 0.000000
-0.154713 0.033310 0.000000
-0.005301 -0.023065 0.000000
-0.448498 0.015703 0.000000
0.079528 0.022152 0.000000
-0.300698 -0.019168 0.000000
0.449556 -0.005116 0.000000
0.401661 -0.001043 0.000000
0.126628 -0.021427 0.000000
-0.073476 0.030219 0.000000
0.393876 -0.014127 0.000000
0.484807 -0.010495 0.000000
-0.001399 0.026726 0.000000
-0.296563 -0.019262 0.000000
-0.365710 -0.018135 0.000000
0.333494 0.004463 0.000000
-0.362294 -0.018165 0.000000
0.486216 -0.010434 0.000000
0.430166 -0.003446 0.000000
0.208421 -0.019710 0.000000
0.127447 -0.021412 0.000000
-0.139463 -0.022787 0.000000
-0.232226 0.035097 0.000000
0.167508 -0.020629 0.000000
-0.487905 -0.015478 0.000000
-0.331966 0.033030 0.000000
0.179034 -0.020382 0.000000
-0.019791 -0.023143 0.000000
-0.153859 0.033283 0.000000
0.309752 -0.016947 0.000000
0.473287 -0.010992 0.000000
0.421078 -0.002673 0.000000
-0.416079 0.023036 0.000000
-0.016561 0.027511 0.000000
0.062308 -0.022419 0.000000
-0.379473 0.028676 0.000000
0.181329 0.015610 0.000000
0.222286 0.012763 0.000000
0.475669 -0.010890 0.000000
0.156982 -0.020846 0.000000
0.310764 -0.016916 0.000000
-0.305056 0.034362 0.000000
0.184605 -0.020259 0.000000
0.294184 0.007492 0.000000
0.448761 -0.012013 0.000000
-0.061169 0.029667 0.000000
-0.092606 -0.023162 0.000000
0.150583 0.017668 0.000000
-0.320908 0.033662 0.000000
-0.003523 -0.023054 0.000000
0.121940 0.019523 0.000000
0.175136 0.016030 0.000000
-0.425884 0.021091 0.000000
0.101692 0.020796 0.000000
0.316591 0.005778 0.000000
-0.391536 0.027072 0.000000
-0.323592 -0.018697 0.000000
0.416475 -0.013284 0.000000
0.324070 0.005199 0.000000
-0.488497 0.000841 0.000000
0.456408 -0.005713 0.000000
0.147102 0.017897 0.000000
-0.400549 0.025719 0.000000
-0.200301 -0.021741 0.000000
0.126839 0.019211 0.000000
-0.079493 0.030481 0.000000
0.380390 0.000711 0.000000
0.023620 -0.022843 0.000000
-0.292002 -0.019370 0.000000
-0.044528 0.028890 0.000000
-0.162243 0.033542 0.000000
0.090804 -0.022021 0.000000
0.290088 -0.017537 0.000000
0.411019 -0.001825 0.000000
0.371057 0.001470 0.000000
0.318805 0.005607 0.000000
-0.466046 -0.017500 0.000000
-0.249857 -0.020465 0.000000
-0.097186 -0.023139 0.000000
0.050962 -0.022557 0.000000
-0.128889 0.032440 0.000000
0.370828 -0.014949 0.000000
-0.265069 -0.020056 0.000000
0.330638 0.004687 0.000000
0.264489 0.009711 0.000000
-0.084721 0.030705 0.000000
0.122076 0.019515 0.000000
-0.001597 -0.023041 0.000000
0.256202 0.010320 0.000000
-0.438301 0.018304 0.000000
0.200198 0.014313 0.000000
-0.489683 0.000156 0.000000
-0.376809 0.029001 0.000000
0.036146 -0.022721 0.000000
0.453422 -0.005452 0.000000
-0.035690 0.028464 0.000000
-0.397403 0.026207 0.000000
-0.263521 0.035199 0.000000
0.231837 0.012083 0.000000
-0.295959 0.034658 0.000000
0.274948 -0.017973 0.000000
-0.074746 0.030274 0.000000
-0.476164 -0.016934 0.000000
-0.047204 -0.023227 0.000000
0.095678 -0.021946 0.000000
0.312485 0.006095 0.000000
-0.408300 0.024438 0.000000
-0.064968 0.029839 0.000000
-0.015355 0.027449 0.000000
-0.325651 0.033406 0.000000
0.179557 -0.020370 0.000000
-0.488696 -0.015317 0.000000
-0.280680 0.035007 0.000000
0.145958 0.017972 0.000000
-0.348305 0.031851 0.000000
-0.351243 0.031605 0.000000
-0.045486 0.028936 0.000000
0.098143 0.021016 0.000000
0.457746 -0.005830 0.000000
-0.276925 0.035067 0.000000
0.040907 -0.022670 0.000000
-0.013588 -0.023113 0.000000
-0.418175 -0.017991 0.000000
-0.350622 -0.018287 0.000000
0.455616 -0.005644 0.000000
0.073594 0.022508 0.000000
0.206477 -0.019756 0.000000
-0.315533 0.033926 0.000000
-0.100854 0.031372 0.000000
-0.002911 0.026806 0.000000
0.421407 -0.002701 0.000000
-0.135913 0.032687 0.000000
-0.428439 0.020547 0.000000
0.258713 -0.018424 0.000000
0.361162 0.002268 0.000000
0.474765 -0.007332 0.000000
-0.330806 0.033101 0.000000
0.159978 0.017047 0.000000
0.023930 0.025362 0.000000
0.357319 0.002576 0.000000
-0.243057 -0.020649 0.000000
0.136629 0.018580 0.000000
0.406335 -0.013667 0.000000
-0.417151 -0.017991 0.000000
-0.483205 0.003565 0.000000
0.171272 -0.020549 0.000000
0.252278 -0.018598 0.000000
-0.346615 -0.018337 0.000000
0.252190 0.010613 0.000000
0.365537 0.001916 0.000000
0.301429 -0.017200 0.000000
-0.187415 0.034240 0.000000
0.045610 -0.022619 0.000000
0.053772 -0.022524 0.000000
-0.365059 0.030307 0.000000
-0.065439 -0.023233 0.000000
0.134586 0.018712 0.000000
-0.162703 0.033556 0.000000
-0.175730 -0.022248 0.000000
0.043917 -0.022638 0.000000
0.259240 -0.018410 0.000000
0.185105 0.015352 0.000000
-0.484421 -0.016060 0.000000
0.191252 -0.020110 0.000000
-0.221618 -0.021218 0.000000
0.356205 0.002665 0.000000
-0.366038 -0.018133 0.000000
-0.060154 0.029620 0.000000
-0.174642 -0.022268 0.000000
-0.044823 -0.023224 0.000000
0.082053 -0.022151 0.000000
0.352793 -0.015565 0.000000
-0.357502 -0.018211 0.000000
0.486586 -0.008390 0.000000
0.113359 0.020067 0.000000
0.168774 -0.020602 0.000000
-0.376243 -0.018063 0.000000
0.404824 -0.001306 0.000000
0.429322 -0.003374 0.000000
-0.458335 -0.017734 0.000000
0.167357 0.016554 0.000000
-0.347427 0.031921 0.000000
0.157393 -0.020838 0.000000
0.231796 0.012086 0.000000
-0.080314 0.030516 0.000000
0.477163 -0.010826 0.000000
-0.268013 -0.019978 0.000000
-0.225534 -0.021116 0.000000
-0.320142 0.033702 0.000000
-0.086224 0.030768 0.000000
0.310987 -0.016909 0.000000
-0.060987 -0.023235 0.000000
-0.200781 0.034559 0.000000
-0.321101 -0.018743 0.000000
0.192400 -0.020084 0.000000
-0.278386 0.035047 0.000000
0.452174 -0.011874 0.000000
-0.259461 0.035217 0.000000
0.353468 0.002884 0.000000
0.308737 -0.016978 0.000000
-0.431100 -0.017987 0.000000
-0.133226 0.032594 0.000000
0.100039 0.020899 0.000000
-0.468640 0.009482 0.000000
-0.217365 0.034886 0.000000
0.445650 -0.012139 0.000000
0.265398 0.009644 0.000000
-0.415807 -0.017990 0.000000
0.139957 -0.021180 0.000000
-0.497439 -0.006207 0.000000
-0.378376 0.028811 0.000000
-0.160365 0.033486 0.000000
0.026178 -0.022819 0.000000
-0.220161 -0.021256 0.000000
-0.174264 -0.022275 0.000000
0.427297 -0.003201 0.000000
0.452017 -0.005330 0.000000
-0.154349 0.033299 0.000000
0.295438 0.007397 0.000000
0.388870 -0.014309 0.000000
-0.030825 0.028226 0.000000
-0.134948 0.032654 0.000000
-0.281895 0.034986 0.000000
0.037083 0.024628 0.000000
0.022863 -0.022850 0.000000
-0.368249 0.029972 0.000000
-0.493393 -0.002284 0.000000
-0.480945 -0.016495 0.000000
-0.246587 -0.020553 0.000000
-0.458360 -0.017733 0.000000
-0.490686 -0.014851 0.000000
0.005289 -0.022994 0.000000
-0.445544 0.016488 0.000000
-0.227442 -0.021066 0.000000
0.355360 -0.015479 0.000000
0.381754 0.000599 0.000000
0.359290 -0.015346 0.000000
-0.348956 -0.018307 0.000000
-0.200709 0.034558 0.000000
-0.337020 0.032699 0.000000
-0.466436 -0.017484 0.000000
0.476313 -0.007470 0.000000
-0.405565 -0.017988 0.000000
-0.075019 -0.023219 0.000000
0.427867 -0.012845 0.000000
-0.328797 -0.018605 0.000000
-0.045542 0.028939 0.000000
-0.157405 -0.022551 0.000000
0.448406 -0.005016 0.000000
0.290639 -0.017520 0.000000
-0.119391 -0.022989 0.000000
-0.243229 0.035192 0.000000
-0.106645 -0.023084 0.000000
-0.012433 -0.023107 0.000000
0.262468 0.009860 0.000000
0.176177 0.015959 0.000000
0.264285 -0.018271 0.000000
-0.270062 0.035149 0.000000
-0.175720 -0.022248 0.000000
0.102334 0.020757 0.000000
0.066770 -0.022361 0.000000
-0.377320 -0.018058 0.000000
-0.117139 0.032007 0.000000
-0.420976 -0.017992 0.000000
-0.426041 -0.017992 0.000000
-0.293842 0.034718 0.000000
-0.180892 -0.022152 0.000000
0.166665 -0.020646 0.000000
-0.112591 -0.023043 0.000000
-0.340600 -0.018419 0.000000
0.067604 -0.022350 0.000000
0.497379 -0.009366 0.000000
0.179179 0.015756 0.000000
-0.241734 0.035183 0.000000
0.434921 -0.003852 0.000000
0.355667 0.002708 0.000000
-0.455728 -0.017789 0.000000
0.227549 -0.019241 0.000000
-0.376843 -0.018060 0.000000
-0.230207 0.035075 0.000000
-0.405757 0.024870 0.000000
0.255252 0.010389 0.000000
-0.361049 0.030711 0.000000
0.294698 -0.017401 0.000000
-0.158845 -0.022529 0.000000
0.196320 -0.019994 0.000000
0.438982 -0.004201 0.000000
-0.064879 0.029835 0.000000
0.465469 -0.011323 0.000000
0.027388 0.025171 0.000000
0.340774 -0.015964 0.000000
-0.400574 -0.017991 0.000000
-0.385433 0.027912 0.000000
-0.105584 -0.023091 0.000000
-0.057429 0.029495 0.000000
0.221539 -0.019391 0.000000
-0.041370 0.028739 0.000000
-0.175444 0.033924 0.000000
-0.183945 -0.022092 0.000000
-0.072880 0.030192 0.000000
-0.325557 0.033411 0.000000
0.346724 -0.015768 0.000000
-0.246517 0.035208 0.000000
-0.444503 -0.017932 0.000000
0.125548 0.019293 0.000000
0.023504 0.025385 0.000000
-0.356963 0.031100 0.000000
-0.059665 -0.023236 0.000000
-0.067395 0.029948 0.000000
0.217885 -0.019481 0.000000
-0.056018 -0.023235 0.000000
0.351147 0.003069 0.000000
0.231961 -0.019129 0.000000
0.183940 -0.020274 0.000000
0.283229 -0.017736 0.000000
-0.416971 -0.017991 0.000000
0.035540 -0.022727 0.000000
-0.434384 0.019225 0.000000
-0.385459 0.027909 0.000000
0.284904 -0.017688 0.000000
0.381154 -0.014585 0.000000
0.325077 0.005120 0.000000
0.024871 0.025310 0.000000
-0.279362 -0.019683 0.000000
-0.401418 0.025579 0.000000
0.192604 -0.020079 0.000000
0.299932 0.007056 0.000000
-0.196334 -0.021832 0.000000
0.050917 0.023839 0.000000
-0.040972 0.028720 0.000000
-0.295827 -0.019280 0.000000
-0.371187 0.029651 0.000000
0.242268 -0.018863 0.000000
0.329174 -0.016339 0.000000
-0.064281 0.029808 0.000000
-0.029022 -0.023181 0.000000
-0.217455 0.034888 0.000000
-0.332234 -0.018547 0.000000
0.348744 0.003260 0.000000
0.362417 -0.015239 0.000000
-0.034026 -0.023198 0.000000
-0.078985 0.030459 0.000000
-0.135741 -0.022830 0.000000
0.067779 -0.022348 0.000000
0.081421 0.022038 0.000000
-0.375436 0.029163 0.000000
0.088330 -0.022058 0.000000
0.499203 -0.009532 0.000000
0.039667 0.024482 0.000000
-0.161220 -0.022492 0.000000
0.362030 -0.015252 0.000000
0.270742 0.009249 0.000000
-0.379413 -0.018047 0.000000
-0.318674 0.033776 0.000000
0.429950 -0.012763 0.000000
-0.476435 -0.016914 0.000000
0.286993 0.008035 0.000000
0.000622 0.026620 0.000000
-0.134428 0.032636 0.000000
-0.479546 -0.016639 0.000000
-0.009460 -0.023090 0.000000
-0.446638 0.016200 0.000000
0.097039 0.021084 0.000000
-0.395988 -0.017996 0.000000
0.490129 -0.008709 0.000000
0.362997 0.002120 0.000000
-0.075116 0.030290 0.000000
-0.124074 -0.022948 0.000000
0.148675 0.017794 0.000000
0.033979 -0.022743 0.000000
0.033326 0.024840 0.000000
0.485622 -0.010460 0.000000
-0.165666 -0.022422 0.000000
-0.396669 -0.017995 0.000000
0.201340 0.014234 0.000000
-0.199263 -0.021765 0.000000
0.382830 -0.014526 0.000000
0.134875 0.018693 0.000000
0.484299 -0.010517 0.000000
-0.139421 -0.022788 0.000000
-0.444710 -0.017931 0.000000
-0.149216 -0.022665 0.000000
-0.451944 0.014750 0.000000
0.404404 -0.013739 0.000000
-0.263618 0.035198 0.000000
0.169827 -0.020580 0.000000
-0.474758 0.007198 0.000000
0.273893 -0.018003 0.000000
0.414861 -0.013346 0.000000
-0.322388 0.033584 0.000000
-0.398458 -0.017993 0.000000
-0.053687 -0.023234 0.000000
-0.276417 -0.019758 0.000000
0.182697 0.015516 0.000000
0.071105 0.022656 0.000000
0.259143 -0.018412 0.000000
-0.422038 -0.017992 0.000000
0.138205 0.018478 0.000000
-0.364685 -0.018144 0.000000
0.305587 -0.017074 0.000000
0.053336 -0.022529 0.000000
0.256116 0.010326 0.000000
-0.160485 0.033489 0.000000
0.067769 0.022854 0.000000
0.071223 0.022649 0.000000
-0.286423 0.034897 0.000000
0.090820 -0.022021 0.000000
-0.312152 -0.018920 0.000000
-0.065449 -0.023233 0.000000
-0.115883 -0.023018 0.000000
-0.194962 -0.021862 0.000000
0.228962 -0.019205 0.000000
-0.071260 0.030120 0.000000
0.313881 -0.016820 0.000000
0.125878 0.019272 0.000000
0.304127 0.006736 0.000000
-0.464166 -0.017569 0.000000
-0.026092 0.027991 0.000000
0.327364 -0.016397 0.000000
0.498499 -0.009468 0.000000
0.434377 -0.003806 0.000000
-0.316925 0.033859 0.000000
0.445221 -0.012156 0.000000
-0.343136 -0.018383 0.000000
0.215583 0.013237 0.000000
0.268787 -0.018146 0.000000
-0.488481 -0.015362 0.000000
0.329867 0.004747 0.000000
0.111885 -0.021684 0.000000
-0.454967 0.013881 0.000000
0.040372 -0.022676 0.000000
0.390792 -0.000143 0.000000
0.385273 -0.014438 0.000000
-0.460518 0.012195 0.000000
0.298091 -0.017300 0.000000
0.044430 0.024211 0.000000
-0.319745 -0.018769 0.000000
-0.403183 0.025296 0.000000
0.157021 0.017243 0.000000
0.122985 0.019457 0.000000
0.405272 -0.013707 0.000000
0.331063 0.004653 0.000000
0.017209 0.025731 0.000000
-0.182598 -0.022118 0.000000
0.069783 0.022735 0.000000
0.135949 0.018624 0.000000
-0.439077 -0.017965 0.000000
0.415797 -0.013310 0.000000
-0.286944 -0.019493 0.000000
0.069085 0.022776 0.000000
-0.208552 -0.021547 0.000000
-0.244298 -0.020615 0.000000
-0.428617 -0.017990 0.000000
-0.344772 0.032132 0.000000
-0.335547 -0.018495 0.000000
-0.392992 0.026863 0.000000
0.206316 0.013887 0.000000
0.012396 0.025991 0.000000
0.210764 -0.019654 0.000000
0.409996 -0.001739 0.000000
0.165441 -0.020672 0.000000
0.348749 0.003259 0.000000
-0.064078 -0.023234 0.000000
0.387144 0.000158 0.000000
-0.048108 0.029060 0.000000
0.263518 0.009783 0.000000
-0.128115 0.032412 0.000000
-0.383730 -0.018028 0.000000
0.007569 -0.022977 0.000000
0.079513 0.022153 0.000000
-0.236658 -0.020821 0.000000
0.230624 -0.019163 0.000000
-0.416858 -0.017991 0.000000
0.104172 -0.021811 0.000000
0.198991 -0.019932 0.000000
-0.124291 -0.022946 0.000000
0.021911 0.025473 0.000000
0.160378 0.017020 0.000000
-0.368393 -0.018115 0.000000
0.276576 -0.017927 0.000000
0.484426 -0.010512 0.000000
-0.095250 0.031144 0.000000
-0.152439 0.033238 0.000000
-0.259297 -0.020210 0.000000
0.153657 0.017466 0.000000
-0.015464 -0.023122 0.000000
0.130993 -0.021347 0.000000
0.198160 0.014454 0.000000
-0.236035 -0.020838 0.000000
-0.043358 -0.023221 0.000000
-0.031312 -0.023189 0.000000
0.139088 -0.021197 0.000000
0.203053 -0.019837 0.000000
0.301934 -0.017184 0.000000
-0.010088 -0.023093 0.000000
-0.425666 -0.017992 0.000000
-0.135936 0.032688 0.000000
0.190465 0.014985 0.000000
-0.145154 -0.022718 0.000000
-0.336523 0.032732 0.000000
-0.356141 -0.018225 0.000000
0.205047 -0.019790 0.000000
-0.475788 -0.016963 0.000000
0.142327 0.018209 0.000000
0.248255 -0.018705 0.000000
0.271544 -0.018069 0.000000
-0.151189 -0.022639 0.000000
-0.414536 0.023324 0.000000
-0.042350 0.028786 0.000000
-0.037246 0.028540 0.000000
0.382694 0.000522 0.000000
0.241974 -0.018871 0.000000
-0.409127 -0.017988 0.000000
0.035078 -0.022732 0.000000
-0.102790 0.031450 0.000000
0.284341 0.008234 0.000000
-0.203530 0.034618 0.000000
0.039884 -0.022681 0.000000
0.423604 -0.013010 0.000000
0.128447 -0.021394 0.000000
0.004340 -0.023000 0.000000
-0.005882 0.026961 0.000000
-0.225538 -0.021116 0.000000
0.325717 0.005071 0.000000
0.109984 -0.021715 0.000000
-0.104748 -0.023097 0.000000
-0.214302 -0.021405 0.000000
0.231417 -0.019143 0.000000
-0.209178 -0.021531 0.000000
0.397725 -0.013986 0.000000
-0.252339 -0.020397 0.000000
-0.005754 0.026954 0.000000
-0.426817 0.020894 0.000000
-0.177223 0.033973 0.000000
-0.410182 -0.017989 0.000000
0.366023 -0.015115 0.000000
-0.233571 -0.020904 0.000000
-0.277049 0.035065 0.000000
-0.209502 -0.021523 0.000000
0.383555 -0.014500 0.000000
-0.311310 -0.018937 0.000000
0.442765 -0.004527 0.000000
0.374154 0.001219 0.000000
0.104097 0.020647 0.000000
0.181802 0.015577 0.000000
0.324300 -0.016494 0.000000
0.489345 -0.010297 0.000000
0.393570 -0.014138 0.000000
0.154125 -0.020903 0.000000
0.384137 0.000404 0.000000
0.092087 0.021389 0.000000
0.365568 -0.015131 0.000000
0.075076 -0.022249 0.000000
0.473107 -0.007185 0.000000
0.137758 0.018507 0.000000
0.069773 0.022735 0.000000
0.188530 -0.020171 0.000000
-0.267585 -0.019989 0.000000
-0.190372 0.034314 0.000000
-0.292319 0.034757 0.000000
0.054488 -0.022515 0.000000
0.263213 0.009805 0.000000
0.136216 -0.021251 0.000000
0.446993 -0.004893 0.000000
-0.123523 -0.022953 0.000000
0.176330 -0.020441 0.000000
0.031657 0.024933 0.000000
-0.463464 0.011247 0.000000
-0.417878 -0.017991 0.000000
0.191725 0.014898 0.000000
0.030978 0.024971 0.000000
-0.100006 -0.023124 0.000000
0.037956 -0.022702 0.000000
0.207445 -0.019733 0.000000
0.426366 -0.003122 0.000000
0.468637 -0.006789 0.000000
0.135487 0.018654 0.000000
-0.391963 -0.018003 0.000000
-0.043966 0.028864 0.000000
0.393712 -0.014133 0.000000
0.044441 -0.022632 0.000000
0.269295 0.009356 0.000000
0.052969 0.023720 0.000000
-0.485112 0.002636 0.000000
-0.044683 -0.023223 0.000000
-0.319564 -0.018773 0.000000
0.480199 -0.010695 0.000000
-0.381424 -0.018038 0.000000
0.260719 0.009989 0.000000
0.249094 -0.018683 0.000000
-0.255619 -0.020309 0.000000
-0.432384 -0.017985 0.000000
-0.205397 0.034658 0.000000
-0.159974 0.033473 0.000000
0.323458 -0.016521 0.000000
0.258733 0.010134 0.000000
0.433967 -0.003771 0.000000
-0.155369 0.033331 0.000000
0.248720 -0.018693 0.000000
-0.030610 -0.023187 0.000000
-0.037426 0.028549 0.000000
-0.243393 -0.020639 0.000000
-0.040404 -0.023215 0.000000
0.010238 0.026108 0.000000
-0.221101 -0.021232 0.000000
0.142480 0.018199 0.000000
-0.052827 0.029282 0.000000
-0.164701 0.033616 0.000000
0.323003 -0.016535 0.000000
0.122639 0.019479 0.000000
0.028919 0.025086 0.000000
0.206024 0.013907 0.000000
-0.413495 -0.017990 0.000000
0.004574 0.026411 0.000000
-0.204472 -0.021644 0.000000
0.049606 0.023915 0.000000
0.412771 -0.001972 0.000000
-0.118236 0.032048 0.000000
0.439778 -0.004270 0.000000
0.394549 -0.000453 0.000000
-0.379073 0.028726 0.000000
-0.237215 0.035147 0.000000
-0.201775 0.034581 0.000000
0.365036 -0.015149 0.000000
-0.324919 -0.018673 0.000000
0.332655 0.004529 0.000000
-0.451394 -0.017860 0.000000
0.276895 0.008791 0.000000
0.464991 -0.006467 0.000000
0.111658 -0.021687 0.000000
-0.021379 -0.023151 0.000000
-0.405972 -0.017988 0.000000
0.074202 -0.022261 0.000000
0.158840 -0.020808 0.000000
0.241731 -0.018877 0.000000
0.436013 -0.012524 0.000000
0.144951 0.018038 0.000000
0.275803 0.008873 0.000000
0.268682 -0.018149 0.000000
-0.241717 -0.020685 0.000000
-0.483528 0.003411 0.000000
-0.155002 -0.022585 0.000000
0.161634 0.016936 0.000000
0.355313 0.002736 0.000000
0.024099 -0.022838 0.000000
-0.009004 0.027123 0.000000
-0.228499 -0.021038 0.000000
-0.096740 0.031205 0.000000
0.264131 0.009738 0.000000
-0.093080 0.031055 0.000000
0.226124 0.012491 0.000000
0.215631 0.013234 0.000000
-0.128820 0.032437 0.000000
0.413872 -0.013383 0.000000
-0.357362 0.031062 0.000000
0.321089 -0.016595 0.000000
-0.017426 -0.023132 0.000000
0.112736 0.020106 0.000000
-0.122187 0.032195 0.000000
-0.321504 0.033631 0.000000
0.250711 0.010721 0.000000
0.224021 0.012640 0.000000
0.213333 0.013395 0.000000
-0.053652 -0.023234 0.000000
-0.188789 -0.021994 0.000000
-0.192909 -0.021906 0.000000
-0.453933 -0.017821 0.000000
0.141291 0.018277 0.000000
-0.083985 0.030674 0.000000
-0.369585 -0.018106 0.000000
-0.179829 0.034043 0.000000
0.060922 0.023257 0.000000
0.226965 0.012431 0.000000
0.482278 -0.010605 0.000000
0.460243 -0.006049 0.000000
-0.440685 0.017722 0.000000
0.078871 0.022191 0.000000
-0.357398 0.031058 0.000000
0.496524 -0.009979 0.000000
0.170515 0.016341 0.000000
0.158005 0.017178 0.000000
-0.050255 -0.023231 0.000000
0.163589 0.016806 0.000000
0.486467 -0.008379 0.000000
-0.354580 -0.018242 0.000000
0.123725 0.019410 0.000000
-0.068881 0.030015 0.000000
0.184888 -0.020253 0.000000
0.284156 0.008248 0.000000
-0.342699 0.032289 0.000000
0.469732 -0.011143 0.000000
-0.106317 -0.023086 0.000000
0.444420 -0.012188 0.000000
-0.141117 0.032866 0.000000
-0.286099 -0.019514 0.000000
0.411827 -0.013461 0.000000
-0.221070 0.034946 0.000000
-0.118517 -0.022997 0.000000
-0.419513 0.022379 0.000000
-0.341941 -0.018400 0.000000
0.265666 -0.018233 0.000000
-0.491382 -0.000896 0.000000
0.431997 -0.003602 0.000000
0.397473 -0.013995 0.000000
-0.125350 0.032311 0.000000
-0.445837 -0.017921 0.000000
-0.096480 -0.023143 0.000000
-0.380238 -0.018043 0.000000
0.119033 0.019708 0.000000
0.464075 -0.011381 0.000000
0.095058 0.021206 0.000000
-0.279708 0.035024 0.000000
-0.123686 -0.022951 0.000000
0.492694 -0.010149 0.000000
0.221350 -0.019396 0.000000
0.367609 -0.015060 0.000000
0.293690 0.007529 0.000000
0.246114 0.011055 0.000000
0.480127 -0.007811 0.000000
0.264815 0.009687 0.000000
0.180054 -0.020359 0.000000
0.318261 -0.016684 0.000000
-0.167866 0.033709 0.000000
0.148481 0.017807 0.000000
-0.240974 0.035177 0.000000
0.487535 -0.010376 0.000000
0.077009 -0.022222 0.000000
0.302971 0.006824 0.000000
0.222833 -0.019359 0.000000
0.075458 -0.022244 0.000000
0.129520 0.019038 0.000000
0.267583 0.009483 0.000000
-0.126132 0.032340 0.000000
0.026386 -0.022817 0.000000
0.146938 -0.021046 0.000000
0.039255 -0.022688 0.000000
0.152477 -0.020936 0.000000
0.080591 -0.022171 0.000000
0.440681 -0.012339 0.000000
0.464199 -0.006397 0.000000
-0.332168 -0.018549 0.000000
0.301318 -0.017203 0.000000
0.169531 0.016408 0.000000
-0.460447 0.012217 0.000000
0.425084 -0.003013 0.000000
0.411414 -0.001858 0.000000
0.191663 -0.020100 0.000000
0.275109 0.008924 0.000000
0.081510 -0.022158 0.000000
-0.123144 -0.022956 0.000000
0.012629 -0.022937 0.000000
-0.121235 0.032160 0.000000
0.343807 0.003651 0.000000
-0.033516 -0.023196 0.000000
0.053314 0.023700 0.000000
0.403171 -0.013785 0.000000
0.262979 0.009822 0.000000
0.284881 0.008193 0.000000
-0.257056 0.035222 0.000000
-0.484464 -0.016054 0.000000
0.096859 -0.021928 0.000000
0.447446 -0.012066 0.000000
-0.114767 -0.023027 0.000000
0.438551 -0.004164 0.000000
0.426160 -0.003104 0.000000
0.286249 -0.017649 0.000000
-0.157205 -0.022554 0.000000
-0.351865 0.031552 0.000000
0.352451 0.002965 0.000000
0.104130 -0.021812 0.000000
-0.188886 -0.021992 0.000000
-0.349786 0.031729 0.000000
-0.367435 0.030060 0.000000
-0.458342 0.012870 0.000000
-0.348058 -0.018318 0.000000
0.350837 -0.015631 0.000000
0.385523 0.000291 0.000000
-0.103694 -0.023103 0.000000
-0.216420 -0.021351 0.000000
-0.086081 -0.023188 0.000000
0.492523 -0.008926 0.000000
-0.073781 -0.023222 0.000000
-0.432848 0.019575 0.000000
0.400274 -0.013892 0.000000
0.063901 -0.022398 0.000000
-0.194349 -0.021875 0.000000
-0.015629 0.027463 0.000000
0.260267 -0.018382 0.000000
-0.347328 -0.018328 0.000000
-0.256188 0.035223 0.000000
-0.389184 -0.018010 0.000000
-0.264743 -0.020064 0.000000
0.251767 0.010644 0.000000
-0.278416 -0.019707 0.000000
-0.187945 0.034254 0.000000
0.350272 0.003138 0.000000
-0.165003 0.033625 0.000000
-0.197486 -0.021806 0.000000
0.187673 0.015176 0.000000
-0.069278 -0.023229 0.000000
0.075069 -0.022249 0.000000
-0.076236 0.030339 0.000000
-0.320513 -0.018754 0.000000
0.097017 0.021086 0.000000
0.159935 0.017049 0.000000
0.384784 -0.014456 0.000000
-0.006603 -0.023073 0.000000
-0.058789 -0.023236 0.000000
-0.294175 0.034710 0.000000
-0.043312 0.028832 0.000000
0.490625 -0.010240 0.000000
0.117757 -0.021583 0.000000
0.297958 -0.017304 0.000000
-0.237257 0.035148 0.000000
0.155998 -0.020866 0.000000
0.138420 0.018464 0.000000
0.476699 -0.007505 0.000000
-0.072020 -0.023225 0.000000
-0.122077 -0.022966 0.000000
-0.456073 0.013555 0.000000
0.372269 0.001372 0.000000
-0.356978 -0.018216 0.000000
0.054064 0.023657 0.000000
-0.087156 -0.023184 0.000000
-0.336250 0.032750 0.000000
-0.194695 0.034419 0.000000
0.108456 -0.021741 0.000000
-0.477516 0.006084 0.000000
-0.164934 0.033623 0.000000
0.014393 -0.022923 0.000000
0.209708 -0.019679 0.000000
0.143678 -0.021109 0.000000
-0.199276 -0.021765 0.000000
0.430163 -0.012755 0.000000
0.419262 -0.002519 0.000000
0.452334 -0.011867 0.000000
-0.405430 0.024925 0.000000
0.194516 0.014706 0.000000
-0.460022 -0.017693 0.000000
-0.261467 -0.020152 0.000000
-0.082189 -0.023201 0.000000
-0.070311 0.030078 0.000000
-0.307993 -0.019007 0.000000
-0.141848 0.032890 0.000000
-0.044759 -0.023224 0.000000
-0.114996 -0.023025 0.000000
-0.182049 0.034102 0.000000
0.098079 0.021020 0.000000
0.222902 -0.019357 0.000000
0.131897 0.018886 0.000000
-0.372625 -0.018085 0.000000
0.385564 0.000287 0.000000
0.288717 0.007905 0.000000
-0.102135 -0.023112 0.000000
-0.368781 -0.018112 0.000000
0.321419 0.005405 0.000000
-0.070173 0.030072 0.000000
-0.246795 -0.020547 0.000000
0.283857 -0.017718 0.000000
-0.452412 0.014618 0.000000
-0.337255 -0.018468 0.000000
0.153297 -0.020920 0.000000
-0.215014 -0.021387 0.000000
-0.269823 -0.019930 0.000000
0.111498 0.020184 0.000000
0.086224 0.021747 0.000000
-0.178992 -0.022188 0.000000
0.054972 -0.022510 0.000000
-0.356248 -0.018223 0.000000
-0.115298 0.031937 0.000000
0.277455 0.008749 0.000000
0.073808 -0.022267 0.000000
-0.001486 0.026731 0.000000
-0.474185 -0.017077 0.000000
0.146886 0.017911 0.000000
-0.227092 -0.021076 0.000000
-0.312851 -0.018906 0.000000
0.008111 0.026222 0.000000
0.413254 -0.013407 0.000000
0.011467 0.026041 0.000000
0.128643 -0.021390 0.000000
-0.330538 -0.018576 0.000000
0.356285 0.002659 0.000000
-0.376064 -0.018064 0.000000
0.052787 0.023731 0.000000
-0.335375 0.032808 0.000000
0.469490 -0.011153 0.000000
0.350976 0.003082 0.000000
-0.259253 0.035217 0.000000
0.091330 -0.022013 0.000000
-0.498201 -0.007656 0.000000
0.204364 0.014023 0.000000
-0.439211 -0.017964 0.000000
0.334814 -0.016158 0.000000
0.116648 0.019859 0.000000
-0.381037 -0.018039 0.000000
0.164147 0.016769 0.000000
0.411384 -0.001856 0.000000
0.434233 -0.012595 0.000000
-0.295576 -0.019286 0.000000
0.437548 -0.004078 0.000000
0.477974 -0.010791 0.000000
0.030963 -0.022773 0.000000
0.487899 -0.010360 0.000000
-0.153495 -0.022607 0.000000
-0.027987 -0.023178 0.000000
-0.293656 -0.019331 0.000000
-0.022450 -0.023155 0.000000
-0.054886 0.029378 0.000000
0.117154 0.019827 0.000000
-0.339682 -0.018432 0.000000
0.393367 -0.000355 0.000000
0.095937 -0.021942 0.000000
0.150790 -0.020970 0.000000
-0.235777 0.035134 0.000000
-0.384293 -0.018026 0.000000
-0.156118 -0.022569 0.000000
0.246085 0.011057 0.000000
0.114271 0.020009 0.000000
0.453229 -0.005435 0.000000
0.039367 -0.022687 0.000000
0.178243 -0.020399 0.000000
-0.131549 0.032534 0.000000
-0.020479 0.027709 0.000000
-0.078772 -0.023211 0.000000
0.255543 -0.018510 0.000000
-0.439988 -0.017960 0.000000
-0.453232 -0.017832 0.000000
-0.402599 -0.017989 0.000000
0.292732 0.007602 0.000000
0.408575 -0.013583 0.000000
0.481211 -0.010652 0.000000
0.246829 0.011003 0.000000
0.288537 -0.017582 0.000000
-0.324153 -0.018687 0.000000
-0.423924 0.021496 0.000000
-0.250929 -0.020436 0.000000
0.284233 -0.017707 0.000000
-0.401370 0.025587 0.000000
0.016504 0.025769 0.000000
-0.084890 -0.023192 0.000000
0.219462 0.012963 0.000000
-0.252347 -0.020397 0.000000
-0.176540 0.033954 0.000000
0.398929 -0.000816 0.000000
-0.290390 0.034807 0.000000
-0.349859 0.031723 0.000000
-0.061252 -0.023235 0.000000
0.447391 -0.004928 0.000000
-0.140948 -0.022770 0.000000
0.138093 -0.021215 0.000000
-0.060457 0.029634 0.000000
-0.002746 0.026797 0.000000
0.462680 -0.011439 0.000000
-0.244553 -0.020608 0.000000
-0.265631 -0.020041 0.000000
0.312777 -0.016854 0.000000
-0.033231 0.028344 0.000000
0.431152 -0.003530 0.000000
0.204150 -0.019811 0.000000
0.106428 -0.021774 0.000000
-0.268848 0.035161 0.000000
0.489871 -0.008686 0.000000
-0.241016 -0.020704 0.000000
-0.333604 0.032925 0.000000
0.417407 -0.013248 0.000000
0.022572 -0.022852 0.000000
0.064977 0.023019 0.000000
-0.206552 -0.021594 0.000000
-0.116988 -0.023009 0.000000
0.431020 -0.003519 0.000000
0.296315 0.007330 0.000000
-0.405325 0.024942 0.000000
-0.240108 -0.020728 0.000000
0.115162 0.019953 0.000000
0.211845 0.013500 0.000000
-0.029936 -0.023185 0.000000
-0.333040 -0.018534 0.000000
0.424817 -0.002990 0.000000
-0.362398 0.030576 0.000000
-0.356066 -0.018225 0.000000
0.463062 -0.011423 0.000000
0.266307 -0.018215 0.000000
0.302047 -0.017181 0.000000
0.096959 -0.021926 0.000000
-0.384591 -0.018025 0.000000
0.181426 -0.020329 0.000000
-0.206108 0.034673 0.000000
0.157607 -0.020833 0.000000
-0.341200 0.032402 0.000000
0.392740 -0.014168 0.000000
-0.452134 0.014696 0.000000
0.443057 -0.004553 0.000000
-0.335292 -0.018499 0.000000
-0.320221 0.033698 0.000000
-0.057307 -0.023236 0.000000
0.100063 -0.021877 0.000000
-0.393012 -0.018001 0.000000
-0.274204 0.035104 0.000000
0.029257 0.025067 0.000000
-0.361144 0.030701 0.000000
-0.495213 -0.003756 0.000000
0.006439 -0.022985 0.000000
0.087483 -0.022071 0.000000
-0.040336 -0.023215 0.000000
-0.298390 -0.019221 0.000000
-0.400933 -0.017990 0.000000
0.176332 -0.020440 0.000000
0.079807 -0.022183 0.000000
0.177636 -0.020412 0.000000
0.448220 -0.012035 0.000000
0.488200 -0.008535 0.000000
-0.049419 -0.023230 0.000000
0.251821 0.010640 0.000000
-0.060550 0.029638 0.000000
0.087027 0.021698 0.000000
0.036399 0.024667 0.000000
-0.211477 -0.021474 0.000000
-0.397404 0.026207 0.000000
-0.154644 0.033308 0.000000
-0.396912 0.026281 0.000000
-0.325456 -0.018664 0.000000
-0.349289 0.031772 0.000000
0.425573 -0.012934 0.000000
-0.465603 0.010534 0.000000
-0.302746 -0.019122 0.000000
0.391360 -0.000190 0.000000
0.087096 0.021694 0.000000
0.248901 0.010852 0.000000
0.210444 0.013598 0.000000
0.375430 -0.014788 0.000000
-0.125313 -0.022937 0.000000
0.449979 -0.005152 0.000000
-0.498375 -0.009860 0.000000
-0.397659 -0.017994 0.000000
0.048325 -0.022588 0.000000
-0.161160 -0.022493 0.000000
0.159989 0.017046 0.000000
-0.138894 -0.022794 0.000000
-0.024445 -0.023164 0.000000
-0.232893 0.035104 0.000000
0.065374 0.022996 0.000000
-0.235051 -0.020864 0.000000
-0.128990 -0.022901 0.000000
0.078673 0.022203 0.000000
0.357834 0.002535 0.000000
-0.261426 -0.020153 0.000000
0.110102 -0.021714 0.000000
0.265743 -0.018231 0.000000
0.007707 -0.022976 0.000000
0.048852 0.023958 0.000000
-0.006333 0.026984 0.000000
-0.089237 0.030895 0.000000
0.145129 0.018026 0.000000
-0.081464 -0.023203 0.000000
-0.053882 0.029331 0.000000
0.316540 0.005782 0.000000
-0.048056 0.029058 0.000000
-0.297108 -0.019250 0.000000
0.005578 -0.022992 0.000000
-0.403363 0.025266 0.000000
0.214647 -0.019560 0.000000
0.484281 -0.010518 0.000000
-0.218466 0.034906 0.000000
0.424312 -0.012983 0.000000
-0.422922 0.021700 0.000000
-0.413192 0.023570 0.000000
0.385286 -0.014438 0.000000
-0.282610 0.034974 0.000000
-0.222782 0.034973 0.000000
0.406506 -0.001447 0.000000
-0.072628 -0.023224 0.000000
-0.498365 -0.008205 0.000000
-0.413783 0.023462 0.000000
-0.283623 0.034956 0.000000
-0.392822 0.026888 0.000000
-0.234878 -0.020869 0.000000
-0.138430 0.032774 0.000000
0.218750 0.013014 0.000000
0.219534 -0.019440 0.000000
-0.000780 0.026694 0.000000
0.392519 -0.000285 0.000000
0.269618 -0.018123 0.000000
-0.411105 0.023946 0.000000
0.016098 0.025791 0.000000
-0.243627 -0.020633 0.000000
-0.350468 0.031671 0.000000
-0.006541 -0.023073 0.000000
-0.270935 -0.019901 0.000000
0.037752 0.024591 0.000000
-0.302780 0.034441 0.000000
-0.313040 -0.018902 0.000000
0.116060 0.019896 0.000000
0.264221 -0.018273 0.000000
0.064422 0.023052 0.000000
-0.032635 -0.023193 0.000000
0.176642 -0.020434 0.000000
0.195064 -0.020023 0.000000
0.453552 -0.005464 0.000000
-0.328350 0.033252 0.000000
-0.402014 0.025484 0.000000
0.081930 -0.022152 0.000000
-0.124176 -0.022947 0.000000
-0.319035 -0.018783 0.000000
0.072462 -0.022285 0.000000
0.219496 -0.019441 0.000000
0.341439 -0.015942 0.000000
-0.176928 0.033965 0.000000
0.475448 -0.010900 0.000000
-0.280007 -0.019666 0.000000
0.118339 -0.021573 0.000000
-0.416704 0.022918 0.000000
0.345614 0.003508 0.000000
-0.239208 -0.020752 0.000000
-0.443930 -0.017936 0.000000
0.127178 0.019189 0.000000
-0.013796 0.027370 0.000000
-0.069786 0.030055 0.000000
-0.467725 0.009804 0.000000
0.082824 -0.022139 0.000000
-0.035375 0.028449 0.000000
-0.140711 -0.022773 0.000000
-0.247425 0.035212 0.000000
-0.044156 0.028873 0.000000
-0.072131 0.030159 0.000000
-0.113576 -0.023036 0.000000
0.201886 -0.019865 0.000000
0.274896 0.008940 0.000000
-0.071968 -0.023225 0.000000
0.261492 -0.018348 0.000000
-0.293868 0.034717 0.000000
-0.449216 -0.017887 0.000000
0.063095 -0.022409 0.000000
-0.335583 -0.018494 0.000000
-0.119213 -0.022991 0.000000
-0.463589 -0.017588 0.000000
0.192204 -0.020088 0.000000
0.114850 -0.021633 0.000000
-0.477416 -0.016833 0.000000
0.411554 -0.001870 0.000000
0.484842 -0.010494 0.000000
-0.202298 0.034592 0.000000
-0.481443 0.004382 0.000000
-0.252835 -0.020384 0.000000
-0.160658 0.033495 0.000000
0.233870 0.011938 0.000000
-0.220315 -0.021252 0.000000
-0.323746 -0.018694 0.000000
-0.353596 -0.018252 0.000000
-0.083445 0.030651 0.000000
-0.105262 -0.023093 0.000000
0.254432 0.010449 0.000000
-0.316826 -0.018826 0.000000
0.150620 -0.020973 0.000000
0.019760 0.025591 0.000000
0.068555 0.022807 0.000000
0.446718 -0.012096 0.000000
-0.466340 -0.017488 0.000000
0.434937 -0.003854 0.000000
-0.474362 -0.017065 0.000000
0.147743 0.017855 0.000000
-0.117680 -0.023003 0.000000
0.345691 -0.015802 0.000000
-0.055288 -0.023235 0.000000
0.098472 0.020996 0.000000
0.393364 -0.014146 0.000000
-0.241378 0.035180 0.000000
-0.024399 -0.023164 0.000000
0.103224 0.020701 0.000000
-0.198829 -0.021775 0.000000
0.236383 0.011757 0.000000
-0.454667 0.013969 0.000000
0.000791 -0.023026 0.000000
-0.328951 -0.018602 0.000000
-0.297716 0.034605 0.000000
0.151601 -0.020954 0.000000
-0.489916 -0.015043 0.000000
-0.194344 0.034411 0.000000
0.079335 -0.022189 0.000000
0.487784 -0.008498 0.000000
0.218082 -0.019476 0.000000
-0.351674 0.031568 0.000000
0.259444 0.010082 0.000000
0.411519 -0.013472 0.000000
0.109142 -0.021730 0.000000
0.040673 -0.022673 0.000000
-0.180121 -0.022167 0.000000
0.042968 0.024295 0.000000
0.459527 -0.005986 0.000000
0.113638 0.020049 0.000000
-0.200844 0.034561 0.000000
-0.220446 0.034937 0.000000
-0.434838 0.019121 0.000000
-0.092311 0.031023 0.000000
0.485507 -0.010465 0.000000
0.281714 0.008431 0.000000
0.493132 -0.008981 0.000000
-0.373645 -0.018079 0.000000
0.479586 -0.007762 0.000000
0.199740 -0.019915 0.000000
-0.158910 0.033441 0.000000
-0.101890 0.031413 0.000000
-0.067201 0.029940 0.000000
0.068207 -0.022342 0.000000
0.345591 0.003510 0.000000
0.372378 0.001363 0.000000
-0.362300 -0.018165 0.000000
-0.482189 0.004040 0.000000
-0.027987 0.028085 0.000000
0.054735 -0.022513 0.000000
0.084545 -0.022114 0.000000
-0.426011 0.021064 0.000000
-0.003291 0.026826 0.000000
0.414188 -0.002091 0.000000
-0.159560 -0.022518 0.000000
0.398843 -0.013945 0.000000
-0.016794 0.027523 0.000000
0.179408 -0.020374 0.000000
0.081083 0.022058 0.000000
-0.426580 -0.017991 0.000000
0.047906 -0.022593 0.000000
0.013981 -0.022926 0.000000
-0.481095 -0.016478 0.000000
0.365460 -0.015135 0.000000
0.246998 -0.018739 0.000000
0.403307 -0.001180 0.000000
-0.490546 -0.014887 0.000000
-0.471006 0.008626 0.000000
0.012187 -0.022941 0.000000
-0.315709 -0.018848 0.000000
-0.186574 -0.022040 0.000000
0.082176 -0.022149 0.000000
-0.464516 -0.017556 0.000000
0.374960 -0.014804 0.000000
-0.206966 -0.021584 0.000000
-0.353673 0.031396 0.000000
0.295344 -0.017381 0.000000
-0.096575 -0.023143 0.000000
0.118214 -0.021575 0.000000
0.010384 0.026100 0.000000
-0.081773 0.030579 0.000000
0.121424 0.019556 0.000000
-0.325693 -0.018659 0.000000
-0.300010 -0.019183 0.000000
0.368893 -0.015016 0.000000
-0.191218 -0.021943 0.000000
-0.078689 -0.023211 0.000000
-0.161053 0.033507 0.000000
-0.097822 -0.023136 0.000000
-0.163328 0.033575 0.000000
0.463070 -0.006298 0.000000
0.052049 -0.022545 0.000000
0.130883 -0.021349 0.000000
0.279922 -0.017831 0.000000
0.408251 -0.001593 0.000000
0.466816 -0.006628 0.000000
-0.432944 -0.017984 0.000000
0.197815 0.014478 0.000000
0.159382 0.017086 0.000000
0.343235 -0.015883 0.000000
0.156513 -0.020855 0.000000
0.437950 -0.004112 0.000000
0.468492 -0.006776 0.000000
-0.238895 -0.020761 0.000000
0.163214 -0.020718 0.000000
-0.154626 -0.022590 0.000000
-0.356519 0.031140 0.000000
0.008143 0.026220 0.000000
-0.209096 0.034733 0.000000
-0.412964 0.023612 0.000000
-0.365186 0.030294 0.000000
-0.302432 -0.019129 0.000000
0.414529 -0.002120 0.000000
0.403678 -0.001211 0.000000
0.443287 -0.004572 0.000000
-0.090017 0.030928 0.000000
0.200334 0.014303 0.000000
-0.285396 -0.019531 0.000000
0.402457 -0.001109 0.000000
0.271015 -0.018084 0.000000
-0.071256 -0.023226 0.000000
-0.100963 -0.023119 0.000000
0.481078 -0.010657 0.000000
0.486745 -0.010411 0.000000
-0.057831 -0.023236 0.000000
-0.167758 0.033706 0.000000
0.257321 0.010238 0.000000
0.359704 0.002385 0.000000
-0.075090 0.030289 0.000000
0.071284 0.022645 0.000000
0.345383 -0.015812 0.000000
0.064605 -0.022389 0.000000
0.198369 -0.019946 0.000000
0.004467 -0.023000 0.000000
-0.248154 0.035216 0.000000
-0.403125 -0.017989 0.000000
0.295639 -0.017373 0.000000
-0.192926 0.034376 0.000000
0.210699 0.013580 0.000000
-0.384000 0.028102 0.000000
0.031311 -0.022770 0.000000
-0.366126 0.030196 0.000000
0.440027 -0.004291 0.000000
0.479516 -0.010725 0.000000
-0.126923 0.032368 0.000000
-0.068678 0.030006 0.000000
0.260909 0.009975 0.000000
0.162493 -0.020733 0.000000
0.323479 -0.016520 0.000000
0.292116 -0.017477 0.000000
0.410693 -0.001798 0.000000
-0.386112 0.027822 0.000000
0.361693 0.002225 0.000000
-0.104858 0.031532 0.000000
0.359612 -0.015335 0.000000
-0.144558 0.032982 0.000000
0.383996 -0.014484 0.000000
0.401691 -0.001045 0.000000
0.330799 0.004674 0.000000
-0.185250 0.034185 0.000000
-0.037917 -0.023209 0.000000
-0.426632 0.020933 0.000000
-0.001547 -0.023041 0.000000
0.331492 -0.016265 0.000000
0.315374 0.005872 0.000000
-0.215375 -0.021378 0.000000
-0.225072 0.035007 0.000000
-0.374719 0.029248 0.000000
-0.240696 0.035175 0.000000
-0.422648 -0.017992 0.000000
-0.290374 0.034808 0.000000
0.168294 0.016491 0.000000
-0.081231 0.030556 0.000000
0.160279 -0.020779 0.000000
0.012456 0.025988 0.000000
-0.397429 -0.017994 0.000000
-0.020820 0.027727 0.000000
0.180366 0.015675 0.000000
-0.357252 0.031072 0.000000
-0.127482 0.032389 0.000000
0.124787 0.019342 0.000000
-0.042525 0.028794 0.000000
-0.135868 -0.022829 0.000000
-0.149543 -0.022661 0.000000
0.128805 0.019084 0.000000
0.144435 -0.021094 0.000000
0.251343 0.010675 0.000000
-0.326265 -0.018649 0.000000
-0.460786 0.012110 0.000000
0.006620 0.026301 0.000000
0.056939 -0.022486 0.000000
-0.405065 -0.017989 0.000000
0.292562 0.007615 0.000000
-0.257378 -0.020261 0.000000
-0.214607 -0.021397 0.000000
-0.088038 -0.023181 0.000000
0.459805 -0.006011 0.000000
-0.455785 -0.017788 0.000000
0.228141 0.012347 0.000000
-0.305782 0.034334 0.000000
-0.489013 0.000548 0.000000
0.463627 -0.011400 0.000000
-0.419865 -0.017992 0.000000
-0.413877 0.023445 0.000000
0.172671 0.016196 0.000000
-0.430388 0.020123 0.000000
0.088203 -0.022060 0.000000
0.421734 -0.013082 0.000000
-0.147150 0.033067 0.000000
-0.493333 -0.014029 0.000000
-0.472311 0.008140 0.000000
-0.275176 0.035091 0.000000
0.263827 0.009760 0.000000
-0.049814 -0.023231 0.000000
0.499890 -0.009828 0.000000
-0.479219 -0.016671 0.000000
-0.108931 -0.023069 0.000000
0.405231 -0.013708 0.000000
0.481136 -0.010655 0.000000
-0.489793 -0.015073 0.000000
-0.329490 0.033182 0.000000
-0.123869 0.032258 0.000000
0.113411 -0.021658 0.000000
0.487239 -0.010389 0.000000
-0.314677 -0.018869 0.000000
-0.414720 -0.017990 0.000000
-0.200866 0.034561 0.000000
0.224238 -0.019324 0.000000
0.186656 -0.020213 0.000000
0.146102 0.017963 0.000000
-0.374838 0.029234 0.000000
-0.267761 0.035171 0.000000
-0.362361 -0.018164 0.000000
0.209255 0.013682 0.000000
-0.285392 -0.019531 0.000000
-0.207525 0.034702 0.000000
0.390870 -0.000149 0.000000
0.356796 0.002618 0.000000
0.498404 -0.009895 0.000000
-0.278328 -0.019709 0.000000
-0.469822 0.009058 0.000000
-0.343227 -0.018382 0.000000
-0.296925 -0.019254 0.000000
-0.443450 0.017029 0.000000
0.042885 -0.022649 0.000000
-0.070625 -0.023227 0.000000
0.425001 -0.012956 0.000000
-0.259045 0.035218 0.000000
0.288015 -0.017597 0.000000
0.062026 0.023193 0.000000
0.187318 -0.020198 0.000000
-0.063861 0.029789 0.000000
-0.312754 -0.018908 0.000000
-0.314199 -0.018878 0.000000
0.168068 -0.020617 0.000000
-0.178110 0.033997 0.000000
0.188116 -0.020181 0.000000
-0.365653 0.030246 0.000000
0.025281 0.025288 0.000000
0.049660 0.023912 0.000000
-0.052603 -0.023233 0.000000
0.087994 0.021639 0.000000
0.012952 0.025962 0.000000
0.373429 0.001277 0.000000
0.392661 -0.014171 0.000000
0.319827 0.005528 0.000000
-0.189493 -0.021979 0.000000
0.413265 -0.013406 0.000000
0.199050 0.014392 0.000000
-0.038373 -0.023210 0.000000
-0.195839 -0.021842 0.000000
0.211734 0.013508 0.000000
-0.067296 -0.023231 0.000000
0.471285 -0.011077 0.000000
0.165514 0.016677 0.000000
-0.178889 0.034018 0.000000
0.192733 -0.020076 0.000000
0.170970 -0.020555 0.000000
0.279182 -0.017852 0.000000
-0.157400 0.033394 0.000000
0.197372 -0.019970 0.000000
0.281090 -0.017798 0.000000
0.386753 -0.014385 0.000000
-0.043137 0.028824 0.000000
-0.054217 -0.023235 0.000000
-0.212641 -0.021446 0.000000
0.282114 -0.017768 0.000000
0.249012 0.010844 0.000000
-0.018911 -0.023139 0.000000
0.186055 -0.020227 0.000000
-0.364129 0.030404 0.000000
-0.087988 0.030843 0.000000
-0.478444 -0.016743 0.000000
0.095022 0.021209 0.000000
0.493174 -0.008985 0.000000
-0.389301 -0.018010 0.000000
0.273382 0.009053 0.000000
-0.044072 -0.023222 0.000000
-0.320470 -0.018755 0.000000
0.173893 -0.020493 0.000000
0.268560 0.009410 0.000000
0.053016 -0.022533 0.000000
-0.407578 -0.017988 0.000000
0.004060 0.026438 0.000000
-0.286257 -0.019510 0.000000
0.185686 -0.020235 0.000000
-0.015827 -0.023124 0.000000
-0.372869 -0.018083 0.000000
0.409188 -0.001671 0.000000
-0.159724 -0.022515 0.000000
0.134719 -0.021279 0.000000
0.384678 0.000360 0.000000
-0.015677 0.027466 0.000000
0.313250 -0.016839 0.000000
0.012516 -0.022938 0.000000
0.479106 -0.007719 0.000000
-0.103708 0.031486 0.000000
-0.354841 0.031291 0.000000
-0.134126 0.032625 0.000000
-0.253243 -0.020373 0.000000
-0.264354 -0.020075 0.000000
-0.093398 0.031068 0.000000
0.483586 -0.010548 0.000000
0.458580 -0.005903 0.000000
0.076796 -0.022225 0.000000
0.321788 0.005376 0.000000
0.282868 -0.017747 0.000000
-0.283986 -0.019567 0.000000
-0.498352 -0.009952 0.000000
0.292083 -0.017478 0.000000
0.014907 0.025855 0.000000
0.155644 -0.020873 0.000000
-0.361669 -0.018170 0.000000
0.123751 -0.021478 0.000000
0.244639 0.011162 0.000000
0.444294 -0.004660 0.000000
-0.068636 0.030004 0.000000
0.256641 -0.018480 0.000000
-0.464391 0.010941 0.000000
0.165779 0.016659 0.000000
0.078104 -0.022207 0.000000
-0.029568 0.028164 0.000000
-0.305776 0.034334 0.000000
0.240730 0.011444 0.000000
0.424078 -0.012992 0.000000
0.380589 -0.014605 0.000000
0.261773 -0.018340 0.000000
0.363394 0.002088 0.000000
0.182223 0.015549 0.000000
-0.138317 -0.022801 0.000000
0.107477 0.020436 0.000000
0.170486 0.016343 0.000000
-0.110821 -0.023056 0.000000
0.137646 0.018514 0.000000
0.105847 -0.021784 0.000000
-0.215847 -0.021366 0.000000
0.389135 -0.014299 0.000000
-0.389738 0.027327 0.000000
-0.131188 0.032521 0.000000
0.443125 -0.012241 0.000000
-0.378375 0.028811 0.000000
-0.070858 0.030103 0.000000
-0.215167 0.034847 0.000000
-0.092663 0.031038 0.000000
0.261491 0.009932 0.000000
0.317276 -0.016714 0.000000
0.286664 -0.017637 0.000000
-0.391961 0.027012 0.000000
-0.448935 0.015584 0.000000
-0.331894 -0.018553 0.000000
0.032724 -0.022756 0.000000
0.374382 0.001200 0.000000
0.037253 -0.022709 0.000000
0.291035 -0.017509 0.000000
0.219504 -0.019441 0.000000
0.157388 -0.020838 0.000000
-0.470544 -0.017295 0.000000
-0.486035 0.002167 0.000000
-0.110645 -0.023057 0.000000
0.427709 -0.012851 0.000000
-0.323703 0.033515 0.000000
0.082120 -0.022150 0.000000
-0.115335 -0.023022 0.000000
-0.437925 0.018394 0.000000
0.223842 0.012653 0.000000
-0.380808 0.028511 0.000000
0.107038 -0.021764 0.000000
-0.167033 -0.022399 0.000000
-0.045136 -0.023224 0.000000
0.353970 -0.015526 0.000000
0.243201 0.011266 0.000000
0.205309 -0.019784 0.000000
0.041417 0.024383 0.000000
0.401878 -0.001061 0.000000
0.092924 0.021337 0.000000
0.489167 -0.010304 0.000000
-0.069619 -0.023228 0.000000
-0.352278 0.031517 0.000000
0.074128 0.022476 0.000000
-0.109261 0.031705 0.000000
0.347269 -0.015750 0.000000
0.464004 -0.006380 0.000000
-0.053757 -0.023234 0.000000
-0.275051 -0.019793 0.000000
0.115667 -0.021619 0.000000
0.029447 0.025056 0.000000
-0.231761 -0.020952 0.000000
-0.102792 -0.023108 0.000000
0.255158 -0.018521 0.000000
0.018391 -0.022889 0.000000
0.136960 -0.021237 0.000000
0.137380 0.018531 0.000000
0.247191 0.010977 0.000000
0.291701 0.007680 0.000000
-0.358288 -0.018203 0.000000
-0.152065 -0.022627 0.000000
-0.392346 -0.018002 0.000000
0.090516 0.021485 0.000000
-0.335945 -0.018488 0.000000
0.116635 0.019860 0.000000
0.308399 -0.016988 0.000000
-0.051635 -0.023232 0.000000
-0.079152 -0.023210 0.000000
0.370402 -0.014963 0.000000
-0.213258 -0.021430 0.000000
-0.130711 -0.022884 0.000000
0.148545 0.017802 0.000000
-0.277955 0.035053 0.000000
-0.141791 -0.022760 0.000000
-0.475833 -0.016960 0.000000
0.160803 0.016992 0.000000
-0.036060 0.028482 0.000000
-0.347559 0.031911 0.000000
-0.224559 -0.021142 0.000000
-0.044826 0.028905 0.000000
0.276363 -0.017933 0.000000
0.129103 0.019065 0.000000
0.146919 -0.021046 0.000000
0.229234 -0.019198 0.000000
0.363917 -0.015188 0.000000
-0.241273 -0.020697 0.000000
-0.380639 -0.018041 0.000000
-0.402314 0.025436 0.000000
0.376042 -0.014766 0.000000
0.048661 0.023969 0.000000
-0.151998 -0.022628 0.000000
0.271711 -0.018064 0.000000
-0.288405 -0.019458 0.000000
0.015851 -0.022911 0.000000
-0.434233 0.019259 0.000000
0.482826 -0.008052 0.000000
-0.124527 0.032281 0.000000
0.459922 -0.011554 0.000000
0.018177 0.025678 0.000000
-0.145403 0.033010 0.000000
0.187228 0.015207 0.000000
-0.165405 0.033637 0.000000
-0.490003 -0.015022 0.000000
0.413994 -0.013378 0.000000
-0.390484 0.027221 0.000000
0.014377 -0.022923 0.000000
-0.399124 -0.017992 0.000000
-0.326998 0.033329 0.000000
0.416718 -0.013275 0.000000
0.468952 -0.006817 0.000000
-0.020805 0.027726 0.000000
-0.405561 -0.017988 0.000000
-0.167943 -0.022384 0.000000
-0.342574 -0.018391 0.000000
0.079161 -0.022192 0.000000
0.478376 -0.010774 0.000000
0.294065 0.007501 0.000000
-0.272153 -0.019869 0.000000
-0.043553 -0.023221 0.000000
0.488444 -0.010336 0.000000
0.158740 0.017129 0.000000
0.348886 0.003248 0.000000
-0.350210 -0.018292 0.000000
0.499533 -0.009844 0.000000
-0.081600 0.030571 0.000000
-0.064971 -0.023233 0.000000
-0.167206 0.033690 0.000000
-0.145790 -0.022710 0.000000
0.259958 0.010045 0.000000
0.274564 -0.017984 0.000000
0.362457 0.002164 0.000000
-0.198968 -0.021772 0.000000
-0.419611 -0.017992 0.000000
-0.143150 0.032934 0.000000
-0.175039 -0.022261 0.000000
0.340863 -0.015961 0.000000
-0.458567 -0.017729 0.000000
0.401254 -0.013856 0.000000
-0.386386 0.027786 0.000000
-0.450262 0.015220 0.000000
-0.121125 0.032156 0.000000
-0.130444 0.032495 0.000000
0.264727 -0.018259 0.000000
-0.043567 0.028844 0.000000
-0.378614 -0.018051 0.000000
0.335475 -0.016136 0.000000
0.159822 0.017057 0.000000
0.433659 -0.012617 0.000000
0.307155 0.006504 0.000000
0.323237 0.005263 0.000000
-0.292061 0.034764 0.000000
-0.154274 -0.022595 0.000000
-0.128188 0.032414 0.000000
0.140470 -0.021170 0.000000
-0.127400 -0.022916 0.000000
-0.419767 0.022329 0.000000
0.090270 -0.022029 0.000000
-0.286715 0.034891 0.000000
0.092862 -0.021990 0.000000
0.113617 0.020051 0.000000
0.230521 -0.019166 0.000000
0.474858 -0.007341 0.000000
0.443294 -0.004573 0.000000
0.376690 0.001012 0.000000
-0.231657 0.035091 0.000000
-0.363222 -0.018156 0.000000
0.441389 -0.012310 0.000000
0.148327 -0.021018 0.000000
0.448370 -0.005013 0.000000
0.352920 0.002927 0.000000
0.232497 -0.019116 0.000000
0.075756 0.022378 0.000000
-0.084165 0.030681 0.000000
-0.405123 -0.017989 0.000000
-0.486315 0.002022 0.000000
0.329792 0.004753 0.000000
0.097771 -0.021914 0.000000
-0.258002 0.035220 0.000000
-0.397657 -0.017994 0.000000
0.170957 0.016312 0.000000
-0.013973 0.027379 0.000000
0.094308 0.021252 0.000000
0.175198 -0.020465 0.000000
-0.053825 0.029328 0.000000
-0.321676 -0.018733 0.000000
0.177061 -0.020425 0.000000
-0.022446 -0.023155 0.000000
-0.201042 0.034565 0.000000
-0.152325 0.033234 0.000000
0.133368 0.018791 0.000000
0.076683 0.022323 0.000000
0.111581 -0.021689 0.000000
0.164075 0.016773 0.000000
-0.457494 -0.017753 0.000000
0.171022 -0.020554 0.000000
-0.210060 -0.021510 0.000000
-0.313139 -0.018900 0.000000
-0.413904 0.023440 0.000000
-0.360367 0.030777 0.000000
-0.006744 0.027006 0.000000
-0.432887 -0.017984 0.000000
-0.203164 -0.021675 0.000000
0.141227 -0.021156 0.000000
-0.434068 0.019297 0.000000
-0.416928 -0.017991 0.000000
0.399656 -0.013915 0.000000
0.089614 0.021540 0.000000
-0.026029 -0.023170 0.000000
0.327172 0.004957 0.000000
-0.083599 -0.023197 0.000000
-0.343950 -0.018372 0.000000
-0.282270 0.034980 0.000000
-0.231275 -0.020965 0.000000
-0.371905 0.029570 0.000000
0.093882 -0.021974 0.000000
-0.409856 -0.017989 0.000000
0.276891 -0.017918 0.000000
0.047230 -0.022601 0.000000
-0.493988 -0.002736 0.000000
-0.429548 0.020308 0.000000
-0.064694 0.029827 0.000000
0.279808 0.008574 0.000000
-0.435922 -0.017976 0.000000
0.030954 0.024972 0.000000
-0.039320 -0.023212 0.000000
0.125809 0.019276 0.000000
-0.384608 0.028022 0.000000
-0.280967 -0.019642 0.000000
0.023401 -0.022845 0.000000
-0.346084 -0.018344 0.000000
0.261237 -0.018355 0.000000
0.048166 -0.022590 0.000000
0.274347 0.008981 0.000000
0.045940 -0.022615 0.000000
-0.163692 -0.022454 0.000000
-0.019914 0.027681 0.000000
0.394553 -0.014102 0.000000
-0.469046 0.009337 0.000000
0.083358 0.021920 0.000000
-0.229396 -0.021014 0.000000
-0.285493 0.034917 0.000000
0.127251 0.019184 0.000000
0.252467 0.010593 0.000000
-0.381532 -0.018037 0.000000
0.129877 0.019016 0.000000
-0.145571 -0.022713 0.000000
0.214718 -0.019558 0.000000
0.308411 -0.016988 0.000000
-0.017898 -0.023135 0.000000
-0.487288 -0.015595 0.000000
0.396239 -0.000593 0.000000
-0.025431 -0.023168 0.000000
-0.424680 -0.017992 0.000000
-0.424145 0.021451 0.000000
0.099997 0.020902 0.000000
0.182149 -0.020313 0.000000
0.021462 -0.022862 0.000000
-0.262058 0.035207 0.000000
0.082343 -0.022146 0.000000
-0.477964 -0.016786 0.000000
-0.170862 0.033795 0.000000
0.461295 -0.006141 0.000000
-0.096398 0.031191 0.000000
0.054018 0.023660 0.000000
-0.382107 0.028345 0.000000
0.018918 0.025637 0.000000
0.208761 0.013716 0.000000
-0.194547 -0.021871 0.000000
-0.200674 0.034557 0.000000
-0.002970 -0.023050 0.000000
0.270553 -0.018097 0.000000
-0.438177 0.018334 0.000000
-0.279294 -0.019685 0.000000
-0.491232 -0.000799 0.000000
-0.140123 0.032832 0.000000
0.061905 0.023200 0.000000
0.061342 0.023233 0.000000
0.051472 0.023807 0.000000
0.494730 -0.010058 0.000000
0.048947 -0.022581 0.000000
0.459132 -0.011587 0.000000
0.119481 0.019680 0.000000
0.221858 -0.019383 0.000000
0.396456 -0.014033 0.000000
0.133016 -0.021310 0.000000
-0.313016 0.034039 0.000000
-0.376051 -0.018064 0.000000
0.395456 -0.014069 0.000000
0.092786 0.021346 0.000000
-0.482627 0.003837 0.000000
0.438761 -0.004182 0.000000
-0.276413 -0.019758 0.000000
-0.476996 0.006298 0.000000
0.104784 -0.021801 0.000000
-0.007755 -0.023080 0.000000
0.451840 -0.005314 0.000000
-0.082475 -0.023200 0.000000
0.205566 -0.019778 0.000000
0.084611 0.021845 0.000000
0.418117 -0.013221 0.000000
0.134902 -0.021275 0.000000
0.098896 -0.021896 0.000000
-0.495366 -0.003893 0.000000
0.373945 0.001236 0.000000
0.479692 -0.010717 0.000000
-0.119544 -0.022988 0.000000
-0.085352 -0.023190 0.000000
0.373619 -0.014851 0.000000
-0.203864 -0.021659 0.000000
-0.016599 -0.023128 0.000000
0.080738 -0.022169 0.000000
-0.036448 -0.023205 0.000000
-0.359270 -0.018193 0.000000
0.083995 -0.022122 0.000000
-0.427321 0.020787 0.000000
0.372340 -0.014896 0.000000
-0.431671 0.019839 0.000000
-0.335273 0.032815 0.000000
0.206064 0.013905 0.000000
0.362176 -0.015247 0.000000
0.138487 -0.021208 0.000000
-0.013276 -0.023111 0.000000
0.394925 -0.000484 0.000000
-0.485713 -0.015865 0.000000
0.460640 -0.011524 0.000000
-0.362429 0.030573 0.000000
-0.434415 -0.017981 0.000000
0.294243 0.007487 0.000000
-0.427195 -0.017991 0.000000
-0.464988 -0.017539 0.000000
-0.370663 -0.018098 0.000000
-0.352266 -0.018267 0.000000
0.167420 -0.020630 0.000000
0.298450 -0.017289 0.000000
0.019786 -0.022877 0.000000
0.295324 0.007406 0.000000
0.085824 -0.022096 0.000000
-0.093173 -0.023159 0.000000
0.247114 -0.018736 0.000000
0.439972 -0.004287 0.000000
-0.356263 -0.018223 0.000000
-0.040556 -0.023215 0.000000
-0.051621 -0.023232 0.000000
0.370643 0.001503 0.000000
-0.181570 -0.022139 0.000000
-0.452598 0.014565 0.000000
0.329209 -0.016338 0.000000
0.287855 -0.017602 0.000000
-0.098686 0.031285 0.000000
0.452178 -0.005344 0.000000
0.207748 -0.019726 0.000000
-0.021502 0.027761 0.000000
-0.408371 -0.017988 0.000000
0.255560 -0.018510 0.000000
0.396678 -0.000629 0.000000
0.458854 -0.011599 0.000000
-0.240116 -0.020728 0.000000
0.460614 -0.006082 0.000000
-0.119420 0.032093 0.000000
-0.144875 -0.022722 0.000000
-0.283007 -0.019591 0.000000
0.220250 0.012908 0.000000
-0.173373 0.033866 0.000000
-0.433727 0.019375 0.000000
0.162661 -0.020730 0.000000
-0.343281 -0.018381 0.000000
0.326988 -0.016409 0.000000
-0.432642 0.019622 0.000000
-0.093561 -0.023158 0.000000
-0.446029 0.016361 0.000000
0.265938 -0.018226 0.000000
-0.061218 -0.023235 0.000000
0.053378 -0.022529 0.000000
-0.476789 0.006383 0.000000
0.031517 -0.022768 0.000000
-0.498410 -0.008428 0.000000
-0.270152 -0.019921 0.000000
0.461545 -0.011487 0.000000
-0.098042 -0.023135 0.000000
-0.078295 0.030429 0.000000
0.124555 0.019357 0.000000
0.193406 0.014782 0.000000
-0.081425 0.030564 0.000000
-0.398383 0.026057 0.000000
0.181761 -0.020322 0.000000
0.468062 -0.011214 0.000000
-0.313475 -0.018893 0.000000
0.431736 -0.003580 0.000000
0.391488 -0.014214 0.000000
0.254990 -0.018525 0.000000
0.141201 0.018283 0.000000
-0.084001 0.030674 0.000000
0.274120 -0.017996 0.000000
0.341456 -0.015941 0.000000
-0.149540 0.033145 0.000000
-0.340707 -0.018417 0.000000
0.139078 0.018421 0.000000
-0.193285 -0.021898 0.000000
-0.258767 -0.020224 0.000000
-0.400106 0.025788 0.000000
-0.063553 -0.023235 0.000000
-0.192013 -0.021926 0.000000
-0.194881 0.034424 0.000000
0.440551 -0.004336 0.000000
0.285642 -0.017666 0.000000
0.271750 -0.018063 0.000000
0.238523 -0.018961 0.000000
-0.151672 -0.022633 0.000000
-0.179750 -0.022174 0.000000
-0.315525 0.033926 0.000000
-0.198269 0.034502 0.000000
0.234459 0.011895 0.000000
0.180606 0.015659 0.000000
0.354447 0.002806 0.000000
-0.040240 0.028685 0.000000
0.044642 -0.022629 0.000000
0.090635 0.021478 0.000000
0.431113 -0.012718 0.000000
0.336051 -0.016118 0.000000
-0.310742 -0.018949 0.000000
-0.098702 0.031285 0.000000
-0.445311 0.016549 0.000000
-0.100920 -0.023119 0.000000
-0.378454 -0.018052 0.000000
0.493938 -0.010094 0.000000
0.443108 -0.004557 0.000000
0.049504 -0.022574 0.000000
-0.248361 -0.020505 0.000000
0.404755 -0.013726 0.000000
0.021747 0.025482 0.000000
-0.155027 0.033320 0.000000
0.206747 0.013857 0.000000
0.203709 -0.019822 0.000000
-0.434006 -0.017982 0.000000
-0.240024 -0.020730 0.000000
-0.289127 0.034839 0.000000
0.384074 -0.014481 0.000000
-0.120086 -0.022983 0.000000
-0.328969 -0.018602 0.000000
-0.242824 0.035190 0.000000
-0.095522 -0.023148 0.000000
0.431231 -0.012713 0.000000
0.432068 -0.012680 0.000000
-0.185215 0.034184 0.000000
-0.179068 -0.022187 0.000000
0.464469 -0.006421 0.000000
0.205110 -0.019789 0.000000
0.089526 -0.022040 0.000000
-0.013497 -0.023112 0.000000
-0.001240 -0.023039 0.000000
-0.047070 -0.023227 0.000000
0.215862 -0.019530 0.000000
0.101162 -0.021860 0.000000
0.310034 -0.016938 0.000000
0.500381 -0.009640 0.000000
-0.285075 0.034926 0.000000
0.207959 0.013772 0.000000
-0.313335 0.034025 0.000000
-0.368861 0.029906 0.000000
-0.035796 -0.023203 0.000000
-0.270116 -0.019922 0.000000
0.059046 -0.022460 0.000000
-0.490766 -0.014830 0.000000
-0.385674 -0.018021 0.000000
0.092982 0.021334 0.000000
0.061882 -0.022424 0.000000
0.152609 -0.020934 0.000000
-0.075212 0.030294 0.000000
-0.460679 0.012144 0.000000
0.061089 0.023247 0.000000
-0.334406 0.032872 0.000000
-0.452991 -0.017836 0.000000
-0.249056 0.035218 0.000000
0.497693 -0.009395 0.000000
-0.496725 -0.005279 0.000000
0.388345 0.000059 0.000000
0.025549 -0.022825 0.000000
-0.397808 -0.017994 0.000000
0.466333 -0.011286 0.000000
0.204250 0.014031 0.000000
-0.159134 -0.022524 0.000000
0.048509 -0.022586 0.000000
-0.466490 -0.017482 0.000000
0.133727 -0.021297 0.000000
0.497418 -0.009370 0.000000
0.227396 0.012400 0.000000
-0.209735 -0.021518 0.000000
0.118963 -0.021562 0.000000
0.433419 -0.003724 0.000000
0.418763 -0.013197 0.000000
0.178990 0.015769 0.000000
0.045951 -0.022615 0.000000
0.135610 -0.021262 0.000000
0.061888 -0.022424 0.000000
0.361606 0.002232 0.000000
-0.252114 -0.020404 0.000000
0.495997 -0.010002 0.000000
0.447344 -0.012070 0.000000
-0.431277 0.019928 0.000000
0.499587 -0.009842 0.000000
0.448135 -0.012038 0.000000
-0.235259 0.035129 0.000000
-0.077740 -0.023213 0.000000
0.446758 -0.012094 0.000000
-0.028931 -0.023181 0.000000
-0.346761 -0.018335 0.000000
-0.398755 0.025998 0.000000
0.379963 0.000746 0.000000
-0.235994 0.035137 0.000000
0.000611 0.026621 0.000000
0.143324 -0.021116 0.000000
0.168105 -0.020616 0.000000
-0.402363 0.025428 0.000000
0.155290 0.017358 0.000000
-0.338360 0.032604 0.000000
-0.243951 0.035195 0.000000
0.453976 -0.005501 0.000000
0.056668 -0.022489 0.000000
-0.179136 0.034025 0.000000
0.292979 -0.017451 0.000000
0.227875 0.012366 0.000000
-0.446465 -0.017916 0.000000
0.390231 -0.014260 0.000000
0.089204 -0.022045 0.000000
-0.247178 0.035211 0.000000
0.010397 0.026099 0.000000
-0.215402 0.034852 0.000000
0.227089 0.012422 0.000000
-0.076060 0.030332 0.000000
-0.033327 0.028349 0.000000
0.475861 -0.010882 0.000000
0.264944 -0.018253 0.000000
0.377096 -0.014729 0.000000
-0.433899 0.019336 0.000000
0.086951 0.021702 0.000000
-0.384175 0.028079 0.000000
0.104664 -0.021803 0.000000
-0.458431 0.012843 0.000000
-0.054971 -0.023235 0.000000
-0.455589 -0.017791 0.000000
0.095300 -0.021952 0.000000
0.033815 0.024812 0.000000
-0.120967 0.032150 0.000000
0.196287 0.014584 0.000000
0.054131 0.023653 0.000000
0.421042 -0.002670 0.000000
-0.383945 -0.018027 0.000000
-0.385718 -0.018021 0.000000
-0.359071 0.030900 0.000000
-0.064384 -0.023234 0.000000
-0.428997 0.020427 0.000000
-0.026126 0.027993 0.000000
-0.385554 -0.018021 0.000000
0.200268 0.014308 0.000000
-0.177467 0.033980 0.000000
0.091751 0.021409 0.000000
0.432797 -0.003670 0.000000
0.297530 0.007238 0.000000
-0.226546 0.035026 0.000000
0.493250 -0.008992 0.000000
-0.137831 0.032754 0.000000
0.189096 -0.020158 0.000000
-0.085360 -0.023190 0.000000
0.371805 0.001409 0.000000
0.328333 -0.016366 0.000000
0.366522 -0.015098 0.000000
-0.421941 0.021898 0.000000
0.212072 0.013484 0.000000
-0.284817 0.034932 0.000000
0.041387 -0.022665 0.000000
-0.121907 -0.022967 0.000000
0.489435 -0.008647 0.000000
-0.268314 -0.019970 0.000000
-0.005635 -0.023067 0.000000
-0.346358 -0.018340 0.000000
-0.271781 0.035133 0.000000
-0.009948 0.027172 0.000000
-0.236917 -0.020814 0.000000
0.342288 -0.015914 0.000000
0.425858 -0.003078 0.000000
0.296335 -0.017352 0.000000
-0.245199 -0.020591 0.000000
-0.027046 -0.023174 0.000000
0.135139 -0.021271 0.000000
0.160353 0.017022 0.000000
-0.458080 0.012950 0.000000
-0.267792 0.035171 0.000000
-0.293398 0.034730 0.000000
-0.426607 0.020938 0.000000
-0.024677 0.027920 0.000000
0.449925 -0.005148 0.000000
0.273253 -0.018021 0.000000
-0.307824 0.034254 0.000000
0.366219 -0.015108 0.000000
-0.006851 -0.023075 0.000000
0.168921 0.016449 0.000000
-0.474864 -0.017030 0.000000
-0.471698 0.008370 0.000000
-0.017411 -0.023132 0.000000
-0.307708 0.034259 0.000000
-0.069329 0.030035 0.000000
0.156134 -0.020863 0.000000
-0.241145 -0.020700 0.000000
-0.199955 -0.021749 0.000000
-0.472176 0.008191 0.000000
-0.498392 -0.008331 0.000000
-0.150467 0.033175 0.000000
-0.349446 -0.018301 0.000000
-0.119220 -0.022991 0.000000
0.244248 -0.018811 0.000000
0.189551 -0.020148 0.000000
-0.075199 -0.023219 0.000000
0.450864 -0.011927 0.000000
0.290182 -0.017534 0.000000
0.072429 0.022577 0.000000
-0.175149 0.033915 0.000000
-0.290457 -0.019407 0.000000
-0.285850 -0.019520 0.000000
-0.052444 0.029264 0.000000
0.127761 -0.021406 0.000000
-0.168444 0.033726 0.000000
0.211205 -0.019643 0.000000
0.463612 -0.011400 0.000000
0.460123 -0.006039 0.000000
0.325157 -0.016467 0.000000
-0.340414 0.032458 0.000000
0.242884 -0.018847 0.000000
-0.379450 0.028679 0.000000
-0.237485 -0.020799 0.000000
-0.371259 -0.018094 0.000000
0.384211 0.000398 0.000000
-0.053954 0.029335 0.000000
0.108207 -0.021745 0.000000
-0.492973 -0.001977 0.000000
0.470045 -0.006913 0.000000
0.006560 0.026305 0.000000
-0.367225 0.030082 0.000000
-0.130877 0.032510 0.000000
-0.106573 -0.023085 0.000000
0.058569 0.023395 0.000000
0.396860 -0.014018 0.000000
-0.307259 -0.019023 0.000000
0.490343 -0.008729 0.000000
0.500423 -0.009804 0.000000
0.422774 -0.002817 0.000000
-0.127054 0.032373 0.000000
0.341450 -0.015942 0.000000
0.050183 0.023881 0.000000
0.401689 -0.013840 0.000000
0.172363 0.016217 0.000000
0.045263 -0.022623 0.000000
-0.377263 0.028947 0.000000
-0.172660 0.033847 0.000000
-0.319536 -0.018773 0.000000
-0.317992 0.033808 0.000000
-0.485385 0.002499 0.000000
-0.183419 0.034138 0.000000
0.136836 0.018566 0.000000
0.171819 -0.020537 0.000000
0.080124 0.022116 0.000000
0.202516 0.014152 0.000000
-0.463152 0.011349 0.000000
-0.457674 -0.017749 0.000000
0.239062 -0.018947 0.000000
-0.067040 0.029932 0.000000
-0.223975 -0.021157 0.000000
-0.466972 0.010065 0.000000
-0.212079 -0.021460 0.000000
0.352378 -0.015579 0.000000
-0.433900 0.019335 0.000000
0.146465 -0.021055 0.000000
0.367048 0.001794 0.000000
-0.075930 0.030326 0.000000
0.018911 -0.022885 0.000000
-0.333106 -0.018533 0.000000
0.105582 0.020554 0.000000
0.464200 -0.006397 0.000000
0.291058 -0.017508 0.000000
0.472101 -0.011042 0.000000
0.467426 -0.011240 0.000000
-0.032119 -0.023192 0.000000
-0.294739 -0.019306 0.000000
0.442099 -0.012282 0.000000
0.343731 0.003657 0.000000
0.093417 -0.021981 0.000000
-0.008252 0.027084 0.000000
0.192151 -0.020089 0.000000
0.036497 -0.022717 0.000000
0.080397 -0.022174 0.000000
0.001849 0.026555 0.000000
0.257073 0.010256 0.000000
-0.163162 0.033570 0.000000
0.461189 -0.011502 0.000000
0.451987 -0.011881 0.000000
-0.203880 -0.021658 0.000000
0.022257 -0.022855 0.000000
0.007700 0.026244 0.000000
0.165605 0.016671 0.000000
-0.473850 0.007553 0.000000
0.387802 -0.014347 0.000000
-0.289080 0.034840 0.000000
0.166027 -0.020660 0.000000
0.007922 0.026232 0.000000
0.454049 -0.005507 0.000000
-0.468884 -0.017378 0.000000
-0.203905 -0.021658 0.000000
0.250924 -0.018634 0.000000
0.135972 0.018622 0.000000
0.416342 -0.002273 0.000000
0.131868 -0.021331 0.000000
0.006799 0.026292 0.000000
0.417321 -0.002355 0.000000
-0.458940 -0.017720 0.000000
0.338811 0.004045 0.000000
-0.293347 0.034731 0.000000
0.209508 -0.019684 0.000000
-0.032957 0.028331 0.000000
0.389985 -0.000076 0.000000
0.259211 -0.018411 0.000000
-0.184218 -0.022087 0.000000
0.159530 -0.020794 0.000000
0.031352 -0.022769 0.000000
0.272185 0.009142 0.000000
-0.179924 -0.022171 0.000000
-0.392067 -0.018003 0.000000
-0.464820 -0.017545 0.000000
0.040749 0.024421 0.000000
0.061620 -0.022427 0.000000
0.468900 -0.011178 0.000000
-0.084963 0.030715 0.000000
0.398520 -0.000782 0.000000
-0.463307 0.011298 0.000000
0.327352 -0.016397 0.000000
0.282811 -0.017748 0.000000
-0.452229 0.014670 0.000000
-0.177512 -0.022215 0.000000
0.092339 -0.021998 0.000000
-0.293951 0.034715 0.000000
-0.257177 0.035221 0.000000
-0.472684 0.007999 0.000000
-0.157537 -0.022549 0.000000
-0.139856 0.032823 0.000000
-0.337926 0.032635 0.000000
0.158855 0.017121 0.000000
0.478940 -0.010750 0.000000
-0.440040 0.017881 0.000000
0.341974 -0.015924 0.000000
-0.014986 0.027431 0.000000
0.067976 -0.022345 0.000000
0.447622 -0.012059 0.000000
0.390600 -0.014246 0.000000
-0.285450 0.034918 0.000000
-0.421424 0.022002 0.000000
0.255022 0.010406 0.000000
-0.240909 -0.020707 0.000000
-0.153153 -0.022612 0.000000
-0.188990 0.034280 0.000000
0.439707 -0.004264 0.000000
0.468675 -0.006792 0.000000
0.334636 0.004373 0.000000
-0.086998 -0.023184 0.000000
0.361986 0.002202 0.000000
0.048717 -0.022583 0.000000
0.098049 -0.021909 0.000000
-0.148942 0.033126 0.000000
-0.458774 0.012738 0.000000
0.036470 0.024663 0.000000
0.205867 -0.019771 0.000000
-0.032952 -0.023194 0.000000
-0.436788 -0.017974 0.000000
0.202067 0.014183 0.000000
-0.379877 0.028627 0.000000
0.357137 0.002590 0.000000
-0.123269 -0.022955 0.000000
-0.118506 0.032059 0.000000
0.355893 -0.015461 0.000000
-0.013379 -0.023112 0.000000
0.313661 -0.016827 0.000000
0.313516 0.006015 0.000000
-0.197925 0.034494 0.000000
-0.135910 0.032687 0.000000
-0.129576 -0.022895 0.000000
0.199324 -0.019924 0.000000
-0.096486 -0.023143 0.000000
0.436194 -0.003962 0.000000
-0.202158 0.034589 0.000000
0.045197 0.024168 0.000000
-0.451543 -0.017857 0.000000
0.386579 -0.014391 0.000000
-0.098874 -0.023131 0.000000
-0.346374 0.032006 0.000000
0.481446 -0.007929 0.000000
-0.218234 -0.021305 0.000000
0.289661 0.007834 0.000000
-0.493021 -0.014142 0.000000
-0.004073 0.026867 0.000000
0.458074 -0.011631 0.000000
-0.431421 -0.017987 0.000000
0.329186 0.004800 0.000000
-0.227036 0.035033 0.000000
0.490833 -0.008773 0.000000
0.206458 -0.019757 0.000000
0.130606 0.018969 0.000000
-0.405839 0.024857 0.000000
0.081201 -0.022163 0.000000
0.326477 -0.016425 0.000000
-0.220030 -0.021259 0.000000
0.128569 -0.021392 0.000000
-0.291507 0.034778 0.000000
-0.167463 0.033697 0.000000
0.332441 -0.016234 0.000000
0.453788 -0.011807 0.000000
-0.153378 0.033268 0.000000
0.195317 -0.020017 0.000000
-0.266747 0.035180 0.000000
-0.466122 0.010357 0.000000
-0.171547 0.033815 0.000000
0.477893 -0.007611 0.000000
0.241836 -0.018875 0.000000
0.339563 -0.016003 0.000000
0.284792 -0.017691 0.000000
-0.152193 0.033230 0.000000
-0.120762 -0.022977 0.000000
0.050518 -0.022563 0.000000
0.043356 -0.022644 0.000000
0.290895 -0.017513 0.000000
0.025149 -0.022829 0.000000
-0.141026 -0.022769 0.000000
0.355313 0.002736 0.000000
-0.421768 0.021933 0.000000
-0.086818 -0.023185 0.000000
0.124901 -0.021458 0.000000
0.013373 -0.022931 0.000000
0.091905 -0.022004 0.000000
-0.481345 -0.016450 0.000000
-0.284208 -0.019561 0.000000
-0.196259 -0.021833 0.000000
0.440513 -0.012345 0.000000
0.326738 0.004991 0.000000
-0.081142 0.030552 0.000000
0.237834 -0.018979 0.000000
-0.012738 -0.023108 0.000000
0.447926 -0.004974 0.000000
-0.181143 -0.022147 0.000000
-0.051490 0.029219 0.000000
-0.464348 0.010955 0.000000
-0.197052 -0.021816 0.000000
-0.150461 -0.022649 0.000000
-0.273792 -0.019826 0.000000
0.089453 -0.022041 0.000000
0.275153 0.008921 0.000000
-0.025883 0.027981 0.000000
-0.256259 0.035223 0.000000
0.033511 0.024829 0.000000
0.095194 -0.021954 0.000000
0.302130 -0.017178 0.000000
0.276916 0.008790 0.000000
0.383322 0.000471 0.000000
-0.057754 0.029510 0.000000
0.284665 0.008210 0.000000
0.038414 0.024553 0.000000
-0.072530 -0.023224 0.000000
-0.100060 -0.023124 0.000000
0.083391 -0.022131 0.000000
0.061346 0.023232 0.000000
0.439033 -0.012404 0.000000
-0.264894 0.035191 0.000000
-0.010352 0.027193 0.000000
0.172249 -0.020528 0.000000
0.045400 -0.022621 0.000000
0.079923 0.022128 0.000000
0.127430 0.019173 0.000000
-0.265419 0.035188 0.000000
-0.184004 0.034154 0.000000
0.304502 0.006707 0.000000
-0.363305 -0.018155 0.000000
0.410667 -0.013504 0.000000
0.290279 0.007787 0.000000
0.288990 0.007884 0.000000
0.416142 -0.002256 0.000000
-0.338418 0.032600 0.000000
0.155258 0.017360 0.000000
-0.408750 -0.017988 0.000000
-0.048542 0.029081 0.000000
-0.073816 0.030233 0.000000
0.256638 0.010288 0.000000
-0.024679 -0.023165 0.000000
0.490983 -0.010224 0.000000
0.253863 -0.018556 0.000000
-0.170991 -0.022332 0.000000
-0.033273 -0.023195 0.000000
0.438766 -0.012415 0.000000
0.183963 -0.020273 0.000000
-0.136381 0.032704 0.000000
-0.110926 0.031769 0.000000
0.193312 0.014789 0.000000
0.487476 -0.008470 0.000000
0.387825 0.000102 0.000000
0.030530 0.024996 0.000000
-0.103268 -0.023106 0.000000
0.243870 -0.018821 0.000000
0.290536 0.007768 0.000000
-0.371782 -0.018091 0.000000
-0.056188 -0.023235 0.000000
0.347136 0.003387 0.000000
0.322959 0.005285 0.000000
-0.338735 -0.018446 0.000000
-0.235100 0.035127 0.000000
-0.051977 -0.023233 0.000000
-0.175600 0.033928 0.000000
-0.021914 -0.023153 0.000000
-0.200955 0.034563 0.000000
0.434142 -0.003786 0.000000
-0.168526 -0.022375 0.000000
0.333465 -0.016201 0.000000
-0.073720 -0.023222 0.000000
0.189975 -0.020139 0.000000
0.142836 0.018176 0.000000
0.206504 0.013874 0.000000
0.381211 -0.014583 0.000000
0.285855 -0.017660 0.000000
0.207948 0.013773 0.000000
-0.223182 0.034979 0.000000
0.404802 -0.013724 0.000000
-0.413495 0.023515 0.000000
0.476059 -0.010873 0.000000
-0.298683 0.034576 0.000000
-0.257487 0.035221 0.000000
-0.366120 -0.018132 0.000000
0.366226 0.001860 0.000000
0.127284 -0.021415 0.000000
0.000129 0.026646 0.000000
-0.330996 0.033090 0.000000
-0.448239 -0.017898 0.000000
-0.294729 0.034695 0.000000
-0.379144 -0.018048 0.000000
-0.262841 0.035202 0.000000
-0.360886 0.030727 0.000000
0.119794 0.019660 0.000000
-0.353171 0.031441 0.000000
-0.284043 0.034948 0.000000
-0.217717 -0.021318 0.000000
-0.064282 0.029808 0.000000
0.475185 -0.007370 0.000000
-0.157360 0.033393 0.000000
0.025959 0.025250 0.000000
0.241939 -0.018872 0.000000
-0.390617 0.027203 0.000000
-0.447087 -0.017910 0.000000
-0.160130 0.033478 0.000000
0.301734 -0.017190 0.000000
0.258321 -0.018435 0.000000
0.081101 0.022057 0.000000
-0.028152 -0.023178 0.000000
0.174833 0.016050 0.000000
-0.415768 -0.017990 0.000000
-0.397034 -0.017994 0.000000
-0.241846 -0.020681 0.000000
-0.406293 0.024779 0.000000
0.358310 0.002497 0.000000
0.229276 0.012266 0.000000
0.199345 -0.019924 0.000000
0.382738 -0.014529 0.000000
0.155059 -0.020885 0.000000
0.459307 -0.005967 0.000000
0.307290 -0.017022 0.000000
0.234285 0.011908 0.000000
-0.394807 -0.017998 0.000000
-0.244507 0.035198 0.000000
-0.229797 -0.021004 0.000000
0.486737 -0.010411 0.000000
0.214636 -0.019560 0.000000
0.358590 -0.015370 0.000000
-0.044382 0.028884 0.000000
-0.130038 0.032481 0.000000
0.126875 0.019208 0.000000
-0.064905 -0.023233 0.000000
-0.343092 0.032260 0.000000
-0.186688 0.034222 0.000000
-0.492534 -0.001668 0.000000
0.235405 -0.019041 0.000000
-0.239959 -0.020732 0.000000
0.387384 -0.014362 0.000000
-0.088212 0.030853 0.000000
-0.157307 0.033391 0.000000
0.256763 -0.018477 0.000000
0.493923 -0.010094 0.000000
0.360795 0.002297 0.000000
0.017292 0.025726 0.000000
-0.368226 -0.018116 0.000000
-0.382138 -0.018034 0.000000
-0.013061 -0.023110 0.000000
0.205171 -0.019787 0.000000
-0.199413 -0.021762 0.000000
0.207466 0.013807 0.000000
0.149418 -0.020997 0.000000
0.467232 -0.011249 0.000000
-0.419742 -0.017992 0.000000
0.321921 -0.016569 0.000000
0.042371 0.024329 0.000000
-0.472514 0.008064 0.000000
0.372099 -0.014904 0.000000
0.403911 -0.013757 0.000000
-0.317813 -0.018807 0.000000
0.009849 0.026129 0.000000
-0.077815 0.030408 0.000000
0.206991 0.013840 0.000000
0.294384 0.007477 0.000000
-0.072363 -0.023224 0.000000
-0.085844 -0.023189 0.000000
0.132165 0.018868 0.000000
-0.211524 0.034781 0.000000
-0.090997 -0.023168 0.000000
0.280039 -0.017828 0.000000
-0.200138 -0.021745 0.000000
-0.367941 -0.018118 0.000000
0.176489 -0.020437 0.000000
0.285028 0.008182 0.000000
0.300694 -0.017222 0.000000
-0.113310 0.031861 0.000000
0.311237 0.006191 0.000000
-0.307826 0.034254 0.000000
-0.223936 0.034991 0.000000
-0.176286 -0.022238 0.000000
-0.343548 -0.018378 0.000000
0.375741 0.001090 0.000000
-0.042700 0.028803 0.000000
-0.324224 0.033487 0.000000
0.417184 -0.013257 0.000000
-0.044194 -0.023222 0.000000
0.425380 -0.003038 0.000000
0.229862 0.012224 0.000000
-0.053841 -0.023234 0.000000
0.179040 0.015765 0.000000
-0.207833 -0.021564 0.000000
0.052444 -0.022540 0.000000
-0.096895 0.031212 0.000000
-0.481769 0.004234 0.000000
-0.178501 0.034008 0.000000
-0.063389 -0.023235 0.000000
0.466389 -0.011284 0.000000
0.367686 0.001742 0.000000
-0.287235 -0.019486 0.000000
0.068929 -0.022332 0.000000
-0.269938 0.035150 0.000000
-0.329271 0.033196 0.000000
-0.071877 -0.023225 0.000000
0.383605 -0.014498 0.000000
0.362615 -0.015232 0.000000
-0.479463 0.005259 0.000000
-0.267593 -0.019989 0.000000
0.488968 -0.010313 0.000000
0.339732 -0.015998 0.000000
-0.126065 0.032337 0.000000
-0.103759 -0.023103 0.000000
-0.301323 0.034491 0.000000
-0.335890 0.032774 0.000000
0.477004 -0.007532 0.000000
-0.326494 0.033358 0.000000
-0.179666 -0.022176 0.000000
-0.039863 0.028667 0.000000
0.296840 0.007291 0.000000
0.034324 -0.022739 0.000000
-0.192164 -0.021923 0.000000
-0.168998 -0.022367 0.000000
-0.403685 -0.017989 0.000000
0.021080 -0.022866 0.000000
0.213901 0.013356 0.000000
0.484702 -0.008221 0.000000
0.318767 0.005610 0.000000
-0.068985 0.030020 0.000000
-0.383020 -0.018031 0.000000
-0.306026 -0.019049 0.000000
-0.277984 0.035053 0.000000
-0.340212 -0.018424 0.000000
0.152671 0.017531 0.000000
-0.404021 -0.017989 0.000000
-0.204065 0.034630 0.000000
0.259920 0.010047 0.000000
0.013448 0.025935 0.000000
0.109415 0.020315 0.000000
-0.316797 0.033866 0.000000
0.029113 0.025075 0.000000
0.102958 -0.021831 0.000000
0.094435 -0.021966 0.000000
-0.017593 0.027564 0.000000
-0.208153 0.034715 0.000000
-0.222305 -0.021200 0.000000
-0.327974 -0.018619 0.000000
-0.044170 0.028873 0.000000
0.285900 0.008117 0.000000
-0.429762 0.020261 0.000000
0.364446 -0.015169 0.000000
-0.345233 0.032097 0.000000
-0.425077 -0.017992 0.000000
0.497388 -0.009940 0.000000
-0.126847 0.032366 0.000000
0.417399 -0.002362 0.000000
0.004792 -0.022997 0.000000
-0.022327 0.027803 0.000000
-0.157979 -0.022542 0.000000
-0.301519 0.034484 0.000000
0.364439 -0.015170 0.000000
-0.087778 0.030834 0.000000
-0.284346 0.034942 0.000000
0.245553 0.011096 0.000000
-0.077929 0.030413 0.000000
-0.290552 -0.019405 0.000000
0.451282 -0.011910 0.000000
-0.321658 0.033623 0.000000
0.039512 -0.022686 0.000000
0.447720 -0.012055 0.000000
-0.159837 0.033469 0.000000
-0.288249 -0.019461 0.000000
-0.325974 -0.018654 0.000000
0.459594 -0.005992 0.000000
-0.260180 0.035215 0.000000
-0.043933 0.028862 0.000000
0.098868 -0.021896 0.000000
0.349332 -0.015681 0.000000
-0.081026 0.030547 0.000000
0.482893 -0.008058 0.000000
0.366238 -0.015108 0.000000
-0.159953 0.033473 0.000000
0.281304 0.008462 0.000000
0.494261 -0.010079 0.000000
0.443724 -0.004610 0.000000
-0.190501 0.034318 0.000000
-0.001232 -0.023039 0.000000
-0.341284 -0.018409 0.000000
-0.114181 0.031895 0.000000
0.236449 0.011753 0.000000
-0.493545 -0.002397 0.000000
0.040950 0.024410 0.000000
-0.277107 -0.019741 0.000000
-0.354436 -0.018243 0.000000
0.410149 -0.013524 0.000000
-0.173965 -0.022281 0.000000
0.167318 -0.020633 0.000000
-0.135527 -0.022833 0.000000
-0.481824 -0.016396 0.000000
0.310213 0.006270 0.000000
0.472334 -0.011033 0.000000
0.391284 -0.014221 0.000000
-0.162316 -0.022476 0.000000
-0.413584 0.023498 0.000000
0.211336 -0.019640 0.000000
0.210747 -0.019654 0.000000
-0.154121 -0.022598 0.000000
0.457172 -0.005780 0.000000
0.271996 -0.018056 0.000000
0.391459 -0.000198 0.000000
-0.407751 0.024532 0.000000
-0.491543 -0.001000 0.000000
0.143840 0.018111 0.000000
0.062967 0.023137 0.000000
-0.043439 0.028838 0.000000
0.124503 -0.021465 0.000000
0.191321 -0.020108 0.000000
-0.389595 0.027347 0.000000
-0.491000 -0.014767 0.000000
-0.306462 0.034307 0.000000
0.361012 0.002280 0.000000
0.355748 -0.015466 0.000000
-0.430342 -0.017988 0.000000
0.260422 0.010010 0.000000
0.493827 -0.009044 0.000000
-0.298898 -0.019209 0.000000
-0.454944 0.013888 0.000000
-0.079852 -0.023207 0.000000
-0.097065 -0.023140 0.000000
0.218075 0.013061 0.000000
-0.020306 -0.023146 0.000000
-0.024357 -0.023163 0.000000
0.008987 -0.022966 0.000000
0.172260 0.016224 0.000000
0.008610 0.026195 0.000000
-0.107251 -0.023080 0.000000
-0.322421 0.033583 0.000000
-0.108673 -0.023071 0.000000
0.472619 -0.011020 0.000000
0.092614 -0.021993 0.000000
-0.303654 -0.019102 0.000000
0.170823 -0.020559 0.000000
0.048907 0.023955 0.000000
0.291229 0.007715 0.000000
-0.498190 -0.007624 0.000000
0.016570 -0.022905 0.000000
0.022171 0.025459 0.000000
0.434455 -0.003812 0.000000
0.029184 -0.022790 0.000000
-0.483857 0.003253 0.000000
0.057731 -0.022476 0.000000
0.019875 -0.022876 0.000000
-0.010199 -0.023094 0.000000
0.403297 -0.001179 0.000000
-0.202035 -0.021701 0.000000
0.058771 -0.022463 0.000000
-0.361597 0.030656 0.000000
0.392773 -0.014167 0.000000
0.049376 0.023928 0.000000
0.157595 0.017205 0.000000
0.467866 -0.011222 0.000000
-0.197709 0.034489 0.000000
-0.060762 -0.023235 0.000000
0.076266 -0.022233 0.000000
0.110045 -0.021714 0.000000
-0.110491 -0.023058 0.000000
0.467309 -0.006671 0.000000
0.331884 -0.016252 0.000000
-0.432455 -0.017985 0.000000
-0.271517 -0.019886 0.000000
-0.078358 0.030432 0.000000
0.029967 0.025028 0.000000
0.299575 -0.017255 0.000000
0.036183 -0.022720 0.000000
0.333970 -0.016185 0.000000
-0.231170 0.035085 0.000000
0.416843 -0.002315 0.000000
-0.171324 0.033808 0.000000
-0.118888 0.032073 0.000000
0.293704 -0.017430 0.000000
0.393676 -0.014134 0.000000
0.229864 -0.019182 0.000000
-0.027257 -0.023175 0.000000
-0.092937 -0.023160 0.000000
0.418259 -0.002434 0.000000
0.108731 0.020357 0.000000
0.132636 -0.021317 0.000000
0.135028 0.018683 0.000000
-0.217052 -0.021335 0.000000
0.327576 -0.016390 0.000000
-0.101323 -0.023117 0.000000
0.052011 -0.022545 0.000000
0.413554 -0.013395 0.000000
0.046527 -0.022608 0.000000
0.385117 0.000324 0.000000
0.286275 0.008089 0.000000
-0.022044 0.027789 0.000000
-0.375925 0.029105 0.000000
0.123035 0.019454 0.000000
-0.347531 -0.018325 0.000000
-0.232318 0.035098 0.000000
-0.176330 -0.022237 0.000000
0.383990 0.000416 0.000000
-0.055384 0.029401 0.000000
0.201256 0.014239 0.000000
0.392300 -0.014184 0.000000
-0.011119 -0.023099 0.000000
0.190244 0.015000 0.000000
0.284001 -0.017714 0.000000
-0.346025 -0.018344 0.000000
-0.319883 0.033716 0.000000
-0.285611 0.034915 0.000000
-0.472715 0.007987 0.000000
-0.045185 0.028922 0.000000
-0.407956 0.024497 0.000000
0.309430 0.006330 0.000000
0.240499 0.011461 0.000000
-0.257856 -0.020249 0.000000
0.321397 0.005406 0.000000
0.439962 -0.004286 0.000000
0.371813 -0.014914 0.000000
-0.489774 0.000102 0.000000
0.214774 0.013294 0.000000
-0.047929 -0.023228 0.000000
-0.179351 0.034030 0.000000
0.296795 -0.017338 0.000000
-0.239490 0.035165 0.000000
-0.353376 -0.018255 0.000000
0.319327 0.005567 0.000000
-0.427210 0.020811 0.000000
-0.282507 -0.019604 0.000000
-0.435504 -0.017978 0.000000
0.065181 -0.022382 0.000000
0.092658 0.021354 0.000000
0.168945 -0.020598 0.000000
-0.312782 -0.018907 0.000000
-0.047397 -0.023227 0.000000
0.430627 -0.012737 0.000000
-0.036250 0.028492 0.000000
-0.129130 -0.022899 0.000000
0.484732 -0.008223 0.000000
0.063883 0.023083 0.000000
-0.024578 -0.023164 0.000000
-0.498123 -0.007454 0.000000
0.372516 -0.014890 0.000000
-0.212132 0.034793 0.000000
0.164696 0.016732 0.000000
-0.429567 -0.017989 0.000000
0.484006 -0.010530 0.000000
-0.436808 0.018659 0.000000
0.092537 -0.021995 0.000000
-0.379489 0.028674 0.000000
0.130630 0.018967 0.000000
0.341947 -0.015925 0.000000
-0.192298 0.034361 0.000000
0.215195 0.013264 0.000000
-0.049368 -0.023230 0.000000
-0.274672 -0.019803 0.000000
-0.306648 0.034300 0.000000
-0.102178 -0.023112 0.000000
0.344950 -0.015826 0.000000
-0.473179 0.007811 0.000000
0.064752 -0.022387 0.000000
-0.040048 0.028676 0.000000
-0.123496 -0.022953 0.000000
0.424622 -0.012971 0.000000
0.316969 -0.016724 0.000000
0.334755 0.004364 0.000000
-0.071521 -0.023226 0.000000
0.131066 -0.021346 0.000000
0.162417 0.016884 0.000000
-0.248337 0.035216 0.000000
0.169843 0.016387 0.000000
-0.190151 0.034309 0.000000
-0.132156 -0.022868 0.000000
-0.174727 0.033904 0.000000
0.340211 0.003935 0.000000
-0.351732 -0.018274 0.000000
-0.106651 0.031602 0.000000
0.283696 -0.017723 0.000000
0.041683 0.024368 0.000000
0.482716 -0.010586 0.000000
-0.431827 -0.017986 0.000000
0.351958 -0.015593 0.000000
0.328900 0.004822 0.000000
-0.136780 0.032717 0.000000
0.054733 0.023618 0.000000
0.382957 0.000501 0.000000
0.458417 -0.005889 0.000000
-0.212896 -0.021439 0.000000
-0.248073 0.035215 0.000000
0.143355 -0.021115 0.000000
-0.016176 0.027491 0.000000
-0.320949 0.033660 0.000000
0.150428 0.017679 0.000000
0.431197 -0.012714 0.000000
-0.028860 -0.023181 0.000000
-0.451444 0.014891 0.000000
0.466701 -0.011271 0.000000
-0.108520 -0.023072 0.000000
-0.371171 -0.018095 0.000000
-0.362970 0.030520 0.000000
-0.057639 -0.023236 0.000000
-0.004535 -0.023060 0.000000
0.470915 -0.006990 0.000000
0.443702 -0.004608 0.000000
0.105642 0.020551 0.000000
-0.061850 0.029698 0.000000
-0.044717 0.028900 0.000000
0.341386 -0.015944 0.000000
0.357967 -0.015391 0.000000
-0.134593 0.032642 0.000000
-0.148335 -0.022677 0.000000
0.475667 -0.007413 0.000000
-0.192208 -0.021922 0.000000
-0.093167 0.031059 0.000000
0.008198 0.026217 0.000000
-0.255537 -0.020311 0.000000
-0.228527 0.035053 0.000000
-0.348826 -0.018308 0.000000
0.127828 0.019147 0.000000
0.108673 -0.021737 0.000000
0.288972 -0.017569 0.000000
-0.020955 -0.023149 0.000000
-0.275681 0.035084 0.000000
-0.084747 -0.023193 0.000000
0.382050 0.000575 0.000000
-0.054181 -0.023235 0.000000
0.030460 0.025000 0.000000
-0.304027 -0.019094 0.000000
0.323326 0.005256 0.000000
-0.439230 0.018079 0.000000
0.028351 0.025117 0.000000
0.352426 -0.015578 0.000000
0.236656 0.011738 0.000000
-0.345476 0.032078 0.000000
0.445146 -0.012159 0.000000
0.320736 0.005458 0.000000
-0.031181 -0.023189 0.000000
0.397990 -0.000738 0.000000
-0.117631 0.032025 0.000000
0.151180 -0.020962 0.000000
0.256509 -0.018484 0.000000
0.383383 -0.014506 0.000000
0.280703 -0.017809 0.000000
0.093456 -0.021981 0.000000
0.453637 -0.011814 0.000000
-0.326820 0.033339 0.000000
0.012650 -0.022937 0.000000
-0.227507 0.035039 0.000000
0.230023 -0.019178 0.000000
-0.349670 -0.018298 0.000000
0.047476 0.024037 0.000000
0.246101 0.011056 0.000000
0.117903 0.019780 0.000000
-0.467417 -0.017443 0.000000
0.034259 -0.022740 0.000000
0.402035 -0.013827 0.000000
0.209425 -0.019686 0.000000
-0.267564 0.035173 0.000000
0.203103 0.014111 0.000000
0.217990 -0.019478 0.000000
-0.130154 0.032485 0.000000
0.400257 -0.000926 0.000000
0.078669 0.022203 0.000000
-0.480145 -0.016579 0.000000
0.215114 -0.019549 0.000000
0.053660 0.023681 0.000000
0.387327 -0.014364 0.000000
-0.141839 -0.022759 0.000000
0.271293 -0.018076 0.000000
0.465029 -0.006470 0.000000
0.496607 -0.009296 0.000000
-0.119094 0.032080 0.000000
-0.465734 0.010490 0.000000
0.232895 -0.019105 0.000000
0.257698 0.010210 0.000000
0.441775 -0.012295 0.000000
-0.177979 0.033994 0.000000
-0.331283 0.033072 0.000000
0.197305 0.014513 0.000000
0.347610 -0.015738 0.000000
0.277501 -0.017900 0.000000
0.290529 -0.017524 0.000000
0.472904 -0.011008 0.000000
0.040232 0.024450 0.000000
0.152304 -0.020940 0.000000
-0.407483 -0.017988 0.000000
-0.260976 0.035213 0.000000
0.383219 0.000479 0.000000
0.275850 -0.017947 0.000000
-0.180261 0.034054 0.000000
0.074173 -0.022262 0.000000
-0.466353 -0.017487 0.000000
-0.079975 0.030502 0.000000
-0.103338 -0.023105 0.000000
-0.047353 -0.023227 0.000000
0.049873 -0.022570 0.000000
-0.367416 -0.018122 0.000000
-0.100326 -0.023123 0.000000
0.136885 0.018563 0.000000
-0.394914 0.026581 0.000000
-0.092147 0.031016 0.000000
-0.193263 0.034385 0.000000
0.307772 0.006457 0.000000
-0.292751 -0.019353 0.000000
0.310478 0.006249 0.000000
0.308873 -0.016974 0.000000
0.395678 -0.000546 0.000000
-0.457901 -0.017744 0.000000
-0.132476 0.032567 0.000000
-0.123063 0.032228 0.000000
0.418158 -0.013220 0.000000
0.182328 -0.020309 0.000000
-0.037168 -0.023207 0.000000
-0.491160 -0.000753 0.000000
0.492943 -0.008964 0.000000
0.467781 -0.011225 0.000000
0.454364 -0.011784 0.000000
0.445953 -0.012127 0.000000
-0.111295 0.031783 0.000000
0.047301 0.024047 0.000000
0.411931 -0.001901 0.000000
0.282507 -0.017757 0.000000
-0.102869 0.031453 0.000000
-0.104672 -0.023097 0.000000
0.184550 0.015390 0.000000
0.238860 0.011579 0.000000
0.010593 -0.022953 0.000000
0.356142 0.002670 0.000000
0.247076 -0.018737 0.000000
0.191275 -0.020109 0.000000
0.058955 -0.022461 0.000000
0.229693 0.012236 0.000000
0.132002 0.018879 0.000000
0.041488 0.024379 0.000000
-0.113433 -0.023037 0.000000
0.227097 -0.019252 0.000000
-0.084602 -0.023193 0.000000
0.441310 -0.004402 0.000000
0.170138 0.016367 0.000000
0.139830 0.018372 0.000000
-0.082815 -0.023199 0.000000
0.090144 -0.022031 0.000000
-0.283088 0.034965 0.000000
0.073086 -0.022276 0.000000
-0.096443 0.031193 0.000000
-0.090146 -0.023172 0.000000
-0.025662 -0.023169 0.000000
-0.077506 0.030395 0.000000
-0.314659 -0.018869 0.000000
-0.472217 -0.017201 0.000000
0.150389 0.017681 0.000000
-0.275784 -0.019775 0.000000
-0.060449 0.029634 0.000000
-0.428705 -0.017990 0.000000
-0.391708 -0.018004 0.000000
-0.278154 0.035051 0.000000
0.026030 0.025246 0.000000
-0.304436 0.034383 0.000000
-0.178708 0.034013 0.000000
-0.199738 -0.021754 0.000000
-0.271251 -0.019893 0.000000
-0.459584 -0.017704 0.000000
0.079836 0.022133 0.000000
0.478403 -0.007657 0.000000
-0.020421 0.027707 0.000000
-0.321919 -0.018728 0.000000
-0.489377 -0.015169 0.000000
-0.283637 0.034956 0.000000
0.002372 -0.023014 0.000000
0.359621 0.002391 0.000000
-0.460342 0.012250 0.000000
-0.230825 -0.020977 0.000000
-0.182368 -0.022123 0.000000
-0.104659 -0.023097 0.000000
-0.033187 -0.023195 0.000000
0.105827 0.020539 0.000000
-0.186267 0.034211 0.000000
0.070810 0.022673 0.000000
0.326005 -0.016440 0.000000
0.448279 -0.012032 0.000000
-0.176873 0.033963 0.000000
0.454362 -0.005534 0.000000
0.217411 -0.019493 0.000000
0.416057 -0.002249 0.000000
-0.041870 0.028763 0.000000
0.157994 0.017178 0.000000
-0.315397 0.033933 0.000000
0.458272 -0.005876 0.000000
-0.372065 -0.018089 0.000000
0.161695 -0.020750 0.000000
-0.318244 -0.018798 0.000000
0.091550 -0.022010 0.000000
0.343981 -0.015858 0.000000
-0.188048 0.034257 0.000000
0.307983 0.006441 0.000000
-0.421809 0.021925 0.000000
-0.386026 -0.018020 0.000000
0.063544 -0.022403 0.000000
0.086682 0.021719 0.000000
-0.493202 -0.014077 0.000000
-0.345362 0.032088 0.000000
0.045924 -0.022615 0.000000
0.091196 0.021443 0.000000
0.122072 -0.021508 0.000000
0.380360 0.000713 0.000000
-0.009562 0.027152 0.000000
-0.196679 -0.021824 0.000000
-0.141665 -0.022761 0.000000
-0.141939 -0.022758 0.000000
-0.493184 -0.014084 0.000000
-0.273993 -0.019821 0.000000
-0.154842 -0.022587 0.000000
-0.293288 -0.019340 0.000000
0.317267 0.005726 0.000000
-0.216963 -0.021337 0.000000
0.140559 0.018325 0.000000
0.062256 0.023179 0.000000
-0.039314 0.028640 0.000000
0.081942 -0.022152 0.000000
-0.130975 0.032514 0.000000
0.015129 -0.022917 0.000000
-0.473213 -0.017141 0.000000
0.486477 -0.008380 0.000000
-0.324796 0.033455 0.000000
0.169631 0.016401 0.000000
0.332537 0.004538 0.000000
-0.449971 0.015301 0.000000
0.286806 0.008049 0.000000
0.123411 -0.021484 0.000000
-0.238174 0.035155 0.000000
0.473251 -0.010993 0.000000
-0.343947 0.032195 0.000000
-0.470967 -0.017272 0.000000
-0.478877 -0.016704 0.000000
0.021897 0.025474 0.000000
0.239670 -0.018931 0.000000
-0.180034 0.034048 0.000000
-0.321483 -0.018736 0.000000
0.089817 0.021528 0.000000
0.327576 0.004926 0.000000
-0.403968 -0.017989 0.000000
0.249631 -0.018669 0.000000
0.211256 0.013541 0.000000
0.220714 -0.019411 0.000000
0.303035 -0.017151 0.000000
-0.481256 -0.016460 0.000000
0.315443 0.005867 0.000000
-0.091280 0.030980 0.000000
0.134244 -0.021287 0.000000
0.414869 -0.002148 0.000000
0.376717 -0.014742 0.000000
0.173355 0.016150 0.000000
-0.092862 0.031046 0.000000
-0.344026 -0.018371 0.000000
-0.189143 -0.021986 0.000000
-0.135229 -0.022836 0.000000
0.482062 -0.010615 0.000000
-0.171434 0.033812 0.000000
0.085438 0.021794 0.000000
0.371354 0.001446 0.000000
0.498331 -0.009898 0.000000
0.110756 -0.021703 0.000000
-0.385190 -0.018023 0.000000
0.124091 0.019386 0.000000
0.202069 0.014183 0.000000
-0.342620 -0.018390 0.000000
-0.035232 -0.023202 0.000000
-0.294418 -0.019313 0.000000
0.256635 0.010288 0.000000
-0.117117 -0.023008 0.000000
0.262897 -0.018310 0.000000
0.496527 -0.009978 0.000000
-0.037035 0.028530 0.000000
-0.394456 -0.017998 0.000000
-0.256973 0.035222 0.000000
0.395428 -0.000526 0.000000
0.275089 -0.017969 0.000000
-0.133348 -0.022856 0.000000
-0.140123 -0.022780 0.000000
-0.202456 -0.021692 0.000000
0.104263 -0.021810 0.000000
0.207354 0.013814 0.000000
-0.428717 0.020488 0.000000
-0.375907 0.029108 0.000000
0.461803 -0.011476 0.000000
0.022234 -0.022855 0.000000
-0.402173 -0.017990 0.000000
0.372991 0.001313 0.000000
0.287196 0.008019 0.000000
0.459578 -0.011569 0.000000
0.122246 -0.021505 0.000000
0.443052 -0.012243 0.000000
-0.176978 0.033966 0.000000
0.395867 -0.014054 0.000000
0.098463 -0.021903 0.000000
-0.110800 0.031764 0.000000
-0.315164 0.033944 0.000000
0.061718 0.023211 0.000000
0.415355 -0.002189 0.000000
0.032176 0.024904 0.000000
0.172970 -0.020513 0.000000
0.099102 -0.021893 0.000000
-0.317382 -0.018815 0.000000
-0.245919 -0.020571 0.000000
-0.456561 -0.017772 0.000000
0.402865 -0.013796 0.000000
0.119508 0.019678 0.000000
0.152012 0.017574 0.000000
0.123036 -0.021491 0.000000
-0.452438 0.014611 0.000000
-0.290854 0.034795 0.000000
0.003258 -0.023008 0.000000
0.423165 -0.002850 0.000000
0.040594 0.024430 0.000000
-0.086269 -0.023187 0.000000
0.094659 0.021231 0.000000
-0.107656 -0.023078 0.000000
-0.206009 0.034671 0.000000
-0.474444 0.007322 0.000000
-0.272228 -0.019867 0.000000
-0.330111 -0.018583 0.000000
0.219784 -0.019434 0.000000
0.482115 -0.007989 0.000000
0.477410 -0.007568 0.000000
0.019073 0.025629 0.000000
0.059565 0.023337 0.000000
0.069419 -0.022326 0.000000
-0.392299 -0.018003 0.000000
-0.269614 0.035153 0.000000
-0.112685 -0.023042 0.000000
-0.189779 -0.021973 0.000000
0.151490 0.017609 0.000000
-0.057810 0.029513 0.000000
0.151288 -0.020960 0.000000
0.185842 0.015302 0.000000
0.152993 -0.020926 0.000000
-0.189814 -0.021972 0.000000
0.165908 0.016651 0.000000
-0.092524 -0.023162 0.000000
-0.170798 0.033793 0.000000
-0.058123 0.029527 0.000000
0.291726 -0.017488 0.000000
-0.137691 -0.022808 0.000000
0.130917 -0.021349 0.000000
0.039360 -0.022687 0.000000
0.019470 -0.022880 0.000000
0.183711 -0.020279 0.000000
0.293323 0.007557 0.000000
0.127118 -0.021418 0.000000
-0.349365 0.031765 0.000000
-0.006430 -0.023072 0.000000
0.273189 -0.018023 0.000000
0.487871 -0.010361 0.000000
-0.131384 -0.022876 0.000000
0.281691 -0.017780 0.000000
0.384598 -0.014462 0.000000
0.457791 -0.011643 0.000000
-0.266218 0.035183 0.000000
-0.248414 -0.020504 0.000000
-0.401743 -0.017990 0.000000
-0.465061 0.010717 0.000000
0.045896 0.024128 0.000000
-0.477423 -0.016833 0.000000
-0.481807 0.004216 0.000000
-0.249529 -0.020473 0.000000
0.343327 -0.015880 0.000000
-0.314235 0.033986 0.000000
-0.053808 -0.023234 0.000000
0.113235 -0.021661 0.000000
0.426616 -0.003143 0.000000
0.312507 0.006093 0.000000
0.161352 0.016955 0.000000
0.197619 0.014492 0.000000
0.225620 0.012527 0.000000
-0.086718 0.030789 0.000000
0.319062 -0.016659 0.000000
-0.273851 -0.019825 0.000000
-0.398744 -0.017992 0.000000
-0.358950 0.030912 0.000000
-0.439360 -0.017963 0.000000
-0.199183 -0.021767 0.000000
-0.496703 -0.012257 0.000000
-0.388266 -0.018013 0.000000
-0.007678 -0.023080 0.000000
0.239316 -0.018940 0.000000
-0.075134 0.030291 0.000000
0.413984 -0.013379 0.000000
-0.268508 0.035164 0.000000
0.123711 0.019411 0.000000
0.392983 -0.000323 0.000000
0.317355 -0.016712 0.000000
0.086315 -0.022088 0.000000
0.043298 0.024276 0.000000
0.412731 -0.013426 0.000000
-0.279101 0.035035 0.000000
-0.034457 -0.023199 0.000000
-0.443688 -0.017938 0.000000
0.083606 -0.022128 0.000000
-0.185150 -0.022069 0.000000
-0.089856 0.030921 0.000000
-0.416690 0.022921 0.000000
0.038877 -0.022692 0.000000
0.426196 -0.012910 0.000000
-0.187627 -0.022018 0.000000
0.121310 -0.021521 0.000000
-0.498054 -0.010707 0.000000
-0.104633 0.031523 0.000000
0.427465 -0.003215 0.000000
-0.222729 -0.021189 0.000000
0.185181 -0.020246 0.000000
-0.220221 0.034933 0.000000
0.115221 0.019949 0.000000
-0.292599 0.034750 0.000000
-0.423260 -0.017992 0.000000
-0.481461 0.004373 0.000000
0.275079 -0.017969 0.000000
-0.327438 -0.018629 0.000000
-0.336892 0.032707 0.000000
-0.199229 -0.021766 0.000000
-0.221717 -0.021216 0.000000
0.262580 0.009852 0.000000
0.193060 0.014806 0.000000
0.428927 -0.012803 0.000000
0.162509 0.016878 0.000000
-0.056859 0.029469 0.000000
-0.106412 -0.023086 0.000000
0.485940 -0.010446 0.000000
-0.369902 -0.018103 0.000000
-0.272676 -0.019855 0.000000
0.339491 -0.016006 0.000000
-0.260634 0.035215 0.000000
-0.459727 0.012443 0.000000
0.336020 0.004265 0.000000
0.059935 -0.022449 0.000000
0.437155 -0.012479 0.000000
-0.214209 -0.021407 0.000000
0.379213 -0.014654 0.000000
0.167199 0.016564 0.000000
-0.422328 0.021820 0.000000
-0.290027 0.034817 0.000000
0.474110 -0.010957 0.000000
-0.205953 -0.021609 0.000000
-0.102864 -0.023108 0.000000
0.452272 -0.005352 0.000000
-0.436584 -0.017974 0.000000
-0.300059 0.034534 0.000000
-0.141546 0.032880 0.000000
-0.375613 0.029142 0.000000
-0.390107 -0.018008 0.000000
0.061332 -0.022431 0.000000
0.160243 0.017029 0.000000
0.388433 -0.014325 0.000000
0.495879 -0.010007 0.000000
-0.263445 -0.020099 0.000000
-0.489221 0.000427 0.000000
-0.256198 0.035223 0.000000
0.386616 0.000201 0.000000
0.169437 0.016414 0.000000
0.395856 -0.014055 0.000000
0.312150 0.006121 0.000000
0.426448 -0.003129 0.000000
-0.139735 -0.022784 0.000000
0.343162 -0.015885 0.000000
-0.341182 -0.018410 0.000000
-0.214256 0.034831 0.000000
0.051690 -0.022549 0.000000
0.208982 -0.019697 0.000000
0.402255 -0.013819 0.000000
-0.057496 -0.023236 0.000000
0.447906 -0.004972 0.000000
-0.356815 0.031113 0.000000
0.060023 0.023310 0.000000
0.115901 0.019906 0.000000
-0.359690 0.030842 0.000000
-0.446681 0.016189 0.000000
-0.325737 -0.018659 0.000000
0.222157 0.012773 0.000000
0.417243 -0.013255 0.000000
0.194824 0.014685 0.000000
-0.340024 0.032486 0.000000
-0.367861 -0.018119 0.000000
-0.339202 -0.018439 0.000000
-0.071525 -0.023225 0.000000
-0.214766 -0.021393 0.000000
-0.435475 -0.017978 0.000000
0.132953 0.018817 0.000000
-0.228516 -0.021038 0.000000
0.318002 0.005669 0.000000
-0.442266 0.017328 0.000000
0.339833 -0.015995 0.000000
0.058219 0.023415 0.000000
0.427699 -0.003235 0.000000
-0.183326 0.034136 0.000000
0.394292 -0.014112 0.000000
0.223468 -0.019343 0.000000
-0.353574 0.031405 0.000000
-0.011335 -0.023101 0.000000
0.006420 -0.022985 0.000000
0.354131 0.002831 0.000000
0.443923 -0.012208 0.000000
0.161983 0.016913 0.000000
0.178048 -0.020403 0.000000
-0.166057 -0.022415 0.000000
0.297331 0.007253 0.000000
-0.369099 -0.018109 0.000000
-0.085489 -0.023190 0.000000
-0.433021 -0.017984 0.000000
0.413107 -0.002000 0.000000
-0.441139 -0.017954 0.000000
-0.363132 0.030503 0.000000
0.049929 -0.022569 0.000000
0.356376 -0.015445 0.000000
-0.410048 0.024133 0.000000
-0.423733 0.021536 0.000000
0.395139 -0.000502 0.000000
0.450990 -0.011922 0.000000
0.229941 0.012219 0.000000
0.003569 0.026464 0.000000
0.442119 -0.004472 0.000000
0.463278 -0.006316 0.000000
0.093260 -0.021984 0.000000
-0.211508 0.034781 0.000000
-0.413668 -0.017990 0.000000
0.215029 0.013276 0.000000
0.087334 0.021679 0.000000
0.136529 -0.021245 0.000000
0.268542 -0.018153 0.000000
-0.058581 0.029548 0.000000
0.194618 0.014699 0.000000
0.109384 -0.021726 0.000000
-0.407993 -0.017988 0.000000
0.307825 -0.017006 0.000000
0.418025 -0.013225 0.000000
-0.268281 -0.019970 0.000000
-0.186301 0.034212 0.000000
0.132254 -0.021324 0.000000
0.141890 0.018238 0.000000
-0.369030 -0.018110 0.000000
-0.416728 0.022914 0.000000
0.341356 -0.015945 0.000000
0.140344 0.018339 0.000000
-0.171566 -0.022322 0.000000
-0.176289 0.033947 0.000000
0.124220 0.019378 0.000000
0.081814 0.022014 0.000000
0.146533 -0.021054 0.000000
0.029408 -0.022788 0.000000
-0.401859 0.025509 0.000000
0.074549 -0.022256 0.000000
0.325037 0.005124 0.000000
0.273222 0.009065 0.000000
-0.345840 -0.018347 0.000000
0.243842 0.011219 0.000000
0.119779 -0.021548 0.000000
-0.244046 0.035196 0.000000
-0.027624 -0.023176 0.000000
-0.397062 0.026258 0.000000
0.477239 -0.010823 0.000000
-0.351369 -0.018278 0.000000
0.074735 -0.022254 0.000000
-0.267181 0.035176 0.000000
-0.160638 -0.022501 0.000000
-0.015143 0.027439 0.000000
0.086880 0.021707 0.000000
0.453102 -0.005424 0.000000
-0.389429 -0.018010 0.000000
0.318489 -0.016677 0.000000
-0.023306 -0.023159 0.000000
-0.437724 -0.017970 0.000000
-0.314498 -0.018872 0.000000
-0.236209 0.035139 0.000000
0.165872 0.016653 0.000000
-0.488609 -0.015336 0.000000
-0.466740 -0.017472 0.000000
-0.192573 -0.021914 0.000000
-0.346354 0.032008 0.000000
-0.128670 0.032432 0.000000
-0.006941 -0.023075 0.000000
0.239661 -0.018931 0.000000
-0.446317 0.016285 0.000000
-0.026095 -0.023171 0.000000
-0.066057 0.029888 0.000000
0.298023 -0.017302 0.000000
0.151369 0.017617 0.000000
-0.371147 -0.018095 0.000000
-0.392146 0.026986 0.000000
0.014719 0.025866 0.000000
-0.203967 0.034628 0.000000
0.097887 -0.021912 0.000000
0.151024 -0.020965 0.000000
-0.013646 0.027362 0.000000
-0.172140 0.033832 0.000000
-0.394105 -0.017999 0.000000
0.100255 0.020886 0.000000
-0.140773 0.032854 0.000000
0.180549 0.015663 0.000000
-0.455452 0.013738 0.000000
-0.438325 -0.017968 0.000000
0.013349 -0.022931 0.000000
-0.022173 0.027795 0.000000
0.064224 0.023063 0.000000
0.481537 -0.010637 0.000000
-0.497268 -0.005964 0.000000
0.357468 -0.015408 0.000000
0.220086 -0.019427 0.000000
-0.371896 0.029571 0.000000
0.415878 -0.013307 0.000000
0.490510 -0.010245 0.000000
-0.005079 -0.023064 0.000000
-0.222122 -0.021205 0.000000
0.242894 -0.018847 0.000000
0.426706 -0.003151 0.000000
-0.455396 -0.017795 0.000000
0.223832 -0.019334 0.000000
-0.276847 -0.019747 0.000000
-0.203256 -0.021673 0.000000
-0.002182 0.026767 0.000000
0.002099 0.026542 0.000000
-0.372146 0.029543 0.000000
-0.416482 -0.017991 0.000000
-0.328619 0.033236 0.000000
0.175274 -0.020463 0.000000
-0.195748 0.034444 0.000000
0.187691 0.015175 0.000000
-0.395828 -0.017996 0.000000
0.350120 0.003150 0.000000
0.348452 0.003283 0.000000
0.372005 -0.014908 0.000000
-0.491968 -0.014489 0.000000
-0.496635 -0.005176 0.000000
-0.117929 -0.023001 0.000000
0.159567 0.017074 0.000000
0.037069 -0.022711 0.000000
0.397801 -0.013983 0.000000
-0.454368 0.014056 0.000000
0.470210 -0.006928 0.000000
0.109359 -0.021726 0.000000
-0.013571 0.027358 0.000000
0.424184 -0.012988 0.000000
-0.473253 -0.017138 0.000000
-0.062399 0.029723 0.000000
-0.496077 -0.004576 0.000000
-0.078542 -0.023211 0.000000
0.463396 -0.011410 0.000000
-0.134003 -0.022849 0.000000
-0.035700 -0.023203 0.000000
0.126523 0.019231 0.000000
0.415723 -0.013313 0.000000
-0.007415 -0.023078 0.000000
-0.190798 -0.021952 0.000000
-0.101243 -0.023117 0.000000
0.239041 0.011566 0.000000
0.440617 -0.012341 0.000000
-0.087584 -0.023182 0.000000
0.321788 0.005376 0.000000
-0.264950 0.035191 0.000000
-0.227394 -0.021068 0.000000
0.221934 -0.019381 0.000000
0.063786 0.023089 0.000000
0.051761 0.023790 0.000000
0.312066 -0.016876 0.000000
-0.285456 -0.019530 0.000000
-0.220520 0.034938 0.000000
-0.222816 -0.021187 0.000000
-0.480551 -0.016537 0.000000
-0.416590 0.022940 0.000000
-0.475108 0.007060 0.000000
-0.009398 0.027143 0.000000
-0.338432 0.032599 0.000000
-0.445093 -0.017927 0.000000
-0.007916 0.027067 0.000000
-0.388809 -0.018011 0.000000
-0.032767 0.028321 0.000000
0.368472 0.001679 0.000000
0.161963 -0.020744 0.000000
0.178510 -0.020393 0.000000
-0.334132 -0.018517 0.000000
0.365508 0.001918 0.000000
-0.204240 -0.021650 0.000000
-0.404354 0.025102 0.000000
0.331425 0.004625 0.000000
-0.350826 0.031641 0.000000
-0.238950 0.035161 0.000000
0.113538 -0.021656 0.000000
0.345365 0.003528 0.000000
-0.335278 0.032814 0.000000
-0.490631 -0.000419 0.000000
0.346751 -0.015767 0.000000
0.015278 -0.022916 0.000000
-0.306401 -0.019041 0.000000
0.037279 0.024617 0.000000
0.445002 -0.012165 0.000000
-0.313630 0.034012 0.000000
0.333460 -0.016201 0.000000
0.366839 -0.015087 0.000000
0.006432 -0.022985 0.000000
-0.246107 -0.020566 0.000000
0.483694 -0.010544 0.000000
0.490483 -0.008741 0.000000
0.139263 0.018409 0.000000
-0.433989 -0.017982 0.000000
-0.260065 0.035216 0.000000
0.284504 -0.017699 0.000000
-0.308898 0.034212 0.000000
0.361190 -0.015281 0.000000
0.413542 -0.002037 0.000000
-0.482075 -0.016366 0.000000
-0.424012 -0.017992 0.000000
0.280486 0.008523 0.000000
0.425760 -0.012927 0.000000
-0.386051 -0.018020 0.000000
-0.374340 0.029293 0.000000
0.356973 0.002604 0.000000
0.402956 -0.001151 0.000000
-0.253493 0.035225 0.000000
0.393855 -0.000396 0.000000
0.366090 0.001871 0.000000
0.167085 0.016572 0.000000
0.044329 -0.022633 0.000000
-0.055926 -0.023235 0.000000
0.034564 -0.022737 0.000000
0.325554 0.005083 0.000000
-0.085078 0.030720 0.000000
-0.465351 -0.017526 0.000000
0.331397 0.004627 0.000000
-0.175641 0.033929 0.000000
-0.311541 -0.018932 0.000000
-0.271720 -0.019880 0.000000
0.121969 0.019522 0.000000
0.440021 -0.004291 0.000000
-0.248437 -0.020503 0.000000
-0.103605 0.031482 0.000000
-0.003637 -0.023055 0.000000
0.408774 -0.001637 0.000000
-0.081749 -0.023202 0.000000
-0.001488 0.026731 0.000000
0.083658 0.021902 0.000000
0.049922 0.023897 0.000000
0.375589 -0.014782 0.000000
0.306799 -0.017037 0.000000
0.441363 -0.004406 0.000000
0.187868 -0.020186 0.000000
0.434702 -0.012576 0.000000
-0.125379 -0.022936 0.000000
0.363815 0.002055 0.000000
-0.354453 -0.018243 0.000000
-0.081586 0.030571 0.000000
-0.016570 -0.023128 0.000000
0.168878 0.016452 0.000000
-0.099795 -0.023126 0.000000
-0.055936 0.029426 0.000000
0.287214 -0.017621 0.000000
-0.389195 -0.018010 0.000000
0.309538 0.006321 0.000000
-0.331917 -0.018553 0.000000
0.336343 -0.016108 0.000000
-0.441778 -0.017951 0.000000
-0.291144 0.034788 0.000000
-0.253837 -0.020357 0.000000
0.142399 0.018205 0.000000
-0.277014 -0.019743 0.000000
0.500039 -0.009821 0.000000
0.381912 -0.014558 0.000000
0.114102 0.020020 0.000000
0.070546 0.022689 0.000000
-0.406343 -0.017988 0.000000
0.325821 0.005062 0.000000
-0.149632 0.033148 0.000000
0.210670 -0.019656 0.000000
-0.100754 -0.023120 0.000000
-0.007429 -0.023078 0.000000
-0.478314 0.005750 0.000000
0.389101 -0.000003 0.000000
0.054101 0.023655 0.000000
-0.417074 0.022848 0.000000
0.318314 -0.016682 0.000000
0.413085 -0.013413 0.000000
0.141833 -0.021144 0.000000
-0.480788 0.004676 0.000000
-0.476167 0.006636 0.000000
-0.072560 -0.023224 0.000000
-0.311571 0.034101 0.000000
0.191301 0.014927 0.000000
-0.466145 -0.017496 0.000000
0.091839 -0.022005 0.000000
-0.392122 -0.018003 0.000000
0.365911 -0.015119 0.000000
-0.417761 -0.017991 0.000000
-0.261914 -0.020140 0.000000
-0.312003 -0.018923 0.000000
0.160664 0.017001 0.000000
0.060259 0.023296 0.000000
-0.401764 0.025524 0.000000
-0.490262 -0.000192 0.000000
-0.305907 0.034329 0.000000
-0.333393 0.032939 0.000000
0.269168 0.009365 0.000000
-0.317330 -0.018816 0.000000
-0.398503 -0.017993 0.000000
-0.446714 0.016180 0.000000
0.201820 -0.019866 0.000000
0.374686 0.001175 0.000000
0.003837 -0.023004 0.000000
-0.353480 -0.018254 0.000000
-0.386673 0.027748 0.500000
0.284198 -0.017708 0.500000
-0.069225 -0.023229 0.500000
-0.379596 -0.018046 0.500000
0.386724 -0.014386 0.500000
-0.020568 -0.023147 0.500000
0.432446 -0.003640 0.500000
0.222309 0.012762 0.500000
0.076438 -0.022230 0.500000
0.425054 -0.003010 0.500000
-0.174174 0.033888 0.500000
-0.273437 -0.019835 0.500000
-0.097954 0.031255 0.500000
-0.244719 0.035199 0.500000
-0.332716 0.032983 0.500000
-0.147112 0.033066 0.500000
-0.213140 0.034811 0.500000
-0.077086 -0.023214 0.500000
-0.228487 0.035052 0.500000
0.067899 -0.022346 0.500000
-0.496157 -0.012651 0.500000
-0.252488 -0.020393 0.500000
0.410969 -0.013493 0.500000
0.236529 0.011747 0.500000
0.043033 0.024291 0.500000
-0.041468 0.028744 0.500000
-0.480112 0.004975 0.500000
0.284654 -0.017695 0.500000
-0.219582 0.034923 0.500000
-0.192345 0.034362 0.500000
0.314395 0.005948 0.500000
-0.052138 -0.023233 0.500000
0.020269 -0.022873 0.500000
-0.232985 0.035105 0.500000
0.446100 -0.004816 0.500000
-0.124259 0.032272 0.500000
0.116658 0.019859 0.500000
0.332483 -0.016233 0.500000
-0.182648 0.034118 0.500000
0.080477 -0.022173 0.500000
0.087413 0.021674 0.500000
-0.255095 -0.020323 0.500000
0.268511 -0.018154 0.500000
-0.244365 -0.020613 0.500000
0.296540 0.007313 0.500000
0.045917 -0.022615 0.500000
0.275816 -0.017948 0.500000
-0.293825 -0.019327 0.500000
-0.114178 0.031894 0.500000
0.485740 -0.010455 0.500000
0.122275 -0.021504 0.500000
0.138991 -0.021198 0.500000
0.220779 -0.019410 0.500000
0.276601 -0.017926 0.500000
0.032484 0.024887 0.500000
0.256492 -0.018484 0.500000
0.053084 -0.022532 0.500000
-0.452865 -0.017838 0.500000
0.247375 -0.018729 0.500000
-0.159142 -0.022524 0.500000
-0.482506 -0.016314 0.500000
-0.295217 -0.019294 0.500000
-0.384073 0.028093 0.500000
0.456028 -0.005680 0.500000
0.079758 -0.022183 0.500000
-0.060861 0.029653 0.500000
0.321218 -0.016591 0.500000
-0.055168 0.029391 0.500000
0.083904 -0.022124 0.500000
-0.073823 0.030234 0.500000
0.163660 0.016801 0.500000
-0.194520 0.034415 0.500000
0.028288 0.025121 0.500000
-0.396597 0.026328 0.500000
-0.267241 -0.019998 0.500000
0.103413 0.020690 0.500000
0.262922 0.009827 0.500000
-0.021931 -0.023153 0.500000
0.451671 -0.011894 0.500000
0.116564 -0.021604 0.500000
-0.406970 -0.017988 0.500000
0.466891 -0.011263 0.500000
-0.468133 -0.017412 0.500000
0.305951 -0.017063 0.500000
-0.097148 0.031222 0.500000
-0.334647 -0.018509 0.500000
-0.236585 -0.020823 0.500000
0.309796 0.006302 0.500000
-0.199405 0.034528 0.500000
0.393630 -0.014136 0.500000
0.452544 -0.005376 0.500000
-0.132005 0.032550 0.500000
-0.314633 0.033968 0.500000
-0.114073 -0.023032 0.500000
0.049550 0.023918 0.500000
0.317739 -0.016700 0.500000
0.334127 0.004413 0.500000
-0.200449 -0.021738 0.500000
-0.224970 -0.021131 0.500000
-0.396079 0.026407 0.500000
0.105099 0.020584 0.500000
0.156527 0.017276 0.500000
-0.101427 -0.023116 0.500000
0.489892 -0.008688 0.500000
-0.411440 -0.017989 0.500000
0.474893 -0.010923 0.500000
0.464318 -0.011371 0.500000
0.278670 0.008659 0.500000
-0.214065 -0.021410 0.500000
0.394771 -0.000471 0.500000
0.396830 -0.014019 0.500000
0.438622 -0.012421 0.500000
-0.462091 0.011693 0.500000
0.425577 -0.003055 0.500000
0.270989 0.009230 0.500000
-0.167997 -0.022384 0.500000
-0.375309 0.029178 0.500000
0.433792 -0.012612 0.500000
0.454904 -0.011762 0.500000
-0.100144 0.031343 0.500000
0.341613 0.003824 0.500000
-0.160038 0.033475 0.500000
0.218248 -0.019472 0.500000
0.153903 -0.020908 0.500000
0.032782 0.024870 0.500000
-0.343895 0.032199 0.500000
0.038760 -0.022693 0.500000
0.195314 0.014651 0.500000
0.321858 -0.016571 0.500000
-0.324118 -0.018688 0.500000
-0.491709 -0.001109 0.500000
-0.083760 0.030664 0.500000
0.404379 -0.001269 0.500000
0.476930 -0.010836 0.500000
0.107705 -0.021753 0.500000
-0.350027 0.031709 0.500000
-0.179476 -0.022179 0.500000
0.318620 -0.016672 0.500000
0.233853 -0.019081 0.500000
-0.360145 -0.018184 0.500000
0.413570 -0.013395 0.500000
-0.150467 -0.022649 0.500000
-0.017209 0.027544 0.500000
-0.041524 -0.023217 0.500000
0.369752 -0.014986 0.500000
0.448815 -0.012011 0.500000
-0.289027 0.034841 0.500000
-0.323966 0.033502 0.500000
0.089231 0.021563 0.500000
0.411853 -0.001895 0.500000
0.452558 -0.005377 0.500000
0.252093 -0.018603 0.500000
0.150507 -0.020976 0.500000
-0.174665 -0.022268 0.500000
-0.205782 -0.021613 0.500000
0.127134 0.019192 0.500000
0.467613 -0.006698 0.500000
-0.443558 -0.017939 0.500000
0.094516 -0.021964 0.500000
0.394113 -0.014118 0.500000
-0.339923 0.032493 0.500000
0.022118 0.025462 0.500000
-0.140608 -0.022774 0.500000
-0.234792 -0.020871 0.500000
-0.134058 -0.022848 0.500000
-0.205556 -0.021618 0.500000
-0.222298 0.034965 0.500000
0.118537 0.019740 0.500000
-0.315168 0.033944 0.500000
0.213292 -0.019593 0.500000
-0.309029 0.034207 0.500000
0.270059 -0.018111 0.500000
0.488532 -0.010332 0.500000
-0.362368 0.030579 0.500000
-0.116099 -0.023016 0.500000
-0.346372 -0.018340 0.500000
0.301407 0.006943 0.500000
0.353829 -0.015530 0.500000
0.494292 -0.010078 0.500000
-0.444531 -0.017932 0.500000
-0.424678 0.021341 0.500000
0.158244 0.017162 0.500000
-0.008891 0.027117 0.500000
-0.274226 -0.019815 0.500000
0.271246 0.009211 0.500000
0.382617 0.000529 0.500000
-0.243181 0.035192 0.500000
0.020270 0.025563 0.500000
0.278494 0.008672 0.500000
-0.307692 -0.019014 0.500000
-0.319952 0.033712 0.500000
-0.268879 -0.019955 0.500000
-0.013498 -0.023112 0.500000
0.339914 0.003958 0.500000
-0.134499 0.032638 0.500000
-0.451674 0.014826 0.500000
-0.345957 -0.018345 0.500000
-0.111086 -0.023054 0.500000
0.389378 -0.000026 0.500000
-0.070382 0.030081 0.500000
0.180403 -0.020352 0.500000
-0.369117 0.029878 0.500000
0.385765 -0.014421 0.500000
-0.485657 0.002361 0.500000
-0.326944 -0.018637 0.500000
-0.448357 -0.017897 0.500000
0.081667 0.022023 0.500000
0.209659 0.013653 0.500000
-0.188181 -0.022006 0.500000
-0.383496 -0.018029 0.500000
0.218631 0.013022 0.500000
0.059369 -0.022456 0.500000
0.094075 0.021267 0.500000
0.186686 -0.020213 0.500000
-0.459308 0.012573 0.500000
-0.027258 0.028049 0.500000
0.466791 -0.011267 0.500000
-0.244028 0.035196 0.500000
-0.114908 -0.023026 0.500000
-0.003883 0.026857 0.500000
-0.133532 -0.022854 0.500000
-0.472833 0.007942 0.500000
0.407024 -0.001490 0.500000
-0.013980 0.027379 0.500000
-0.358394 0.030964 0.500000
-0.147682 -0.022686 0.500000
-0.270558 -0.019911 0.500000
0.385205 -0.014441 0.500000
0.096042 0.021146 0.500000
-0.261834 -0.020142 0.500000
0.322119 0.005350 0.500000
-0.053680 -0.023234 0.500000
0.092865 0.021341 0.500000
0.317937 0.005674 0.500000
0.258881 0.010124 0.500000
0.453083 -0.005423 0.500000
0.205019 -0.019791 0.500000
-0.190881 0.034327 0.500000
0.110944 -0.021699 0.500000
0.427995 -0.012840 0.500000
0.176485 0.015938 0.500000
0.465213 -0.011333 0.500000
0.354758 0.002781 0.500000
-0.137622 0.032746 0.500000
0.301695 -0.017192 0.500000
0.032898 -0.022754 0.500000
0.288979 0.007885 0.500000
-0.438322 -0.017968 0.500000
-0.198161 -0.021790 0.500000
-0.436605 0.018708 0.500000
-0.464098 -0.017571 0.500000
0.070904 0.022668 0.500000
-0.101869 0.031413 0.500000
0.473498 -0.007220 0.500000
-0.251725 0.035222 0.500000
-0.194071 -0.021881 0.500000
-0.148488 -0.022675 0.500000
-0.092942 0.031050 0.500000
-0.377870 0.028874 0.500000
0.176626 0.015929 0.500000
-0.235944 -0.020840 0.500000
0.449315 -0.011990 0.500000
0.315097 -0.016782 0.500000
-0.259043 0.035218 0.500000
0.119985 -0.021545 0.500000
0.412657 -0.013429 0.500000
0.261829 0.009907 0.500000
0.072947 0.022546 0.500000
-0.428669 -0.017990 0.500000
-0.349021 0.031793 0.500000
-0.443715 0.016961 0.500000
0.158372 -0.020818 0.500000
0.207736 -0.019726 0.500000
-0.467526 0.009874 0.500000
0.437304 -0.004057 0.500000
0.470636 -0.006966 0.500000
0.292745 -0.017458 0.500000
-0.432421 0.019671 0.500000
-0.497999 -0.007175 0.500000
-0.051134 0.029203 0.500000
0.470132 -0.006921 0.500000
-0.366736 -0.018127 0.500000
0.303016 0.006820 0.500000
0.355151 -0.015486 0.500000
-0.412793 0.023643 0.500000
-0.198086 0.034498 0.500000
0.170084 0.016371 0.500000
-0.333967 -0.018519 0.500000
0.096491 0.021118 0.500000
-0.223819 -0.021161 0.500000
-0.191436 -0.021939 0.500000
-0.130006 0.032479 0.500000
0.445861 -0.012130 0.500000
0.065837 0.022968 0.500000
0.474369 -0.010946 0.500000
0.184925 0.015364 0.500000
-0.142466 0.032911 0.500000
-0.363767 -0.018152 0.500000
-0.277446 0.035060 0.500000
-0.210649 -0.021495 0.500000
0.138312 -0.021211 0.500000
0.488660 -0.010327 0.500000
0.042625 0.024314 0.500000
-0.035655 -0.023203 0.500000
-0.308137 0.034242 0.500000
-0.363955 0.030422 0.500000
-0.069172 -0.023229 0.500000
0.359598 -0.015335 0.500000
-0.250765 0.035220 0.500000
0.354535 -0.015507 0.500000
0.325389 -0.016459 0.500000
0.103442 -0.021823 0.500000
0.460976 -0.006113 0.500000
0.334398 -0.016171 0.500000
0.272532 -0.018041 0.500000
-0.099527 0.031318 0.500000
-0.443220 0.017087 0.500000
-0.070366 -0.023227 0.500000
0.141347 0.018273 0.500000
0.056271 0.023529 0.500000
0.310106 -0.016936 0.500000
0.001153 -0.023023 0.500000
-0.322224 0.033593 0.500000
0.181132 0.015623 0.500000
-0.285419 0.034919 0.500000
0.339955 -0.015991 0.500000
0.414067 -0.002081 0.500000
0.129316 0.019052 0.500000
0.068360 0.022819 0.500000
0.260160 -0.018385 0.500000
-0.102971 0.031457 0.500000
0.458654 -0.005910 0.500000
0.119887 -0.021546 0.500000
-0.275836 -0.019773 0.500000
0.173565 -0.020500 0.500000
-0.107846 -0.023077 0.500000
0.024012 0.025357 0.500000
0.158862 -0.020808 0.500000
-0.465597 0.010536 0.500000
0.275172 0.008920 0.500000
-0.059793 0.029604 0.500000
0.186015 0.015290 0.500000
0.441805 -0.012294 0.500000
-0.361804 -0.018169 0.500000
0.015158 0.025842 0.500000
-0.406626 0.024723 0.500000
-0.124722 0.032289 0.500000
-0.340799 0.032431 0.500000
0.114623 0.019987 0.500000
0.422139 -0.013067 0.500000
-0.279477 -0.019680 0.500000
-0.193404 0.034388 0.500000
0.331814 0.004595 0.500000
-0.106823 -0.023083 0.500000
-0.078832 0.030452 0.500000
-0.055146 0.029390 0.500000
-0.416242 0.023005 0.500000
-0.423705 0.021542 0.500000
-0.371293 0.029639 0.500000
0.083983 0.021883 0.500000
-0.481599 0.004311 0.500000
-0.192500 -0.021915 0.500000
-0.491902 -0.014509 0.500000
0.233729 -0.019084 0.500000
-0.142087 -0.022756 0.500000
0.222521 0.012747 0.500000
0.425093 -0.003013 0.500000
0.150511 -0.020975 0.500000
-0.182343 0.034110 0.500000
0.438075 -0.004123 0.500000
0.065225 -0.022381 0.500000
0.356188 -0.015451 0.500000
0.291783 0.007674 0.500000
-0.094246 -0.023154 0.500000
-0.462766 0.011475 0.500000
-0.363741 0.030443 0.500000
-0.447046 -0.017910 0.500000
-0.114792 -0.023027 0.500000
-0.027539 -0.023176 0.500000
-0.436284 0.018783 0.500000
0.217324 0.013114 0.500000
-0.134981 0.032655 0.500000
-0.261337 0.035211 0.500000
-0.057540 0.029500 0.500000
0.157118 0.017236 0.500000
-0.422775 -0.017992 0.500000
-0.358367 0.030967 0.500000
0.104327 -0.021809 0.500000
0.371079 -0.014940 0.500000
-0.383648 0.028148 0.500000
-0.236674 0.035143 0.500000
0.501092 -0.009705 0.500000
0.200208 0.014312 0.500000
-0.156186 0.033357 0.500000
0.064305 0.023058 0.500000
-0.086807 -0.023185 0.500000
-0.484019 0.003175 0.500000
-0.369617 0.029823 0.500000
-0.343219 -0.018382 0.500000
-0.308823 -0.018990 0.500000
0.331429 0.004625 0.500000
-0.293509 0.034727 0.500000
0.438320 -0.012433 0.500000
-0.237424 -0.020800 0.500000
-0.221394 -0.021224 0.500000
0.078939 -0.022195 0.500000
-0.061560 0.029685 0.500000
0.329651 0.004764 0.500000
-0.343597 0.032221 0.500000
-0.167737 -0.022388 0.500000
0.342343 0.003767 0.500000
0.357341 0.002574 0.500000
0.358106 -0.015386 0.500000
0.173264 0.016156 0.500000
-0.409699 -0.017989 0.500000
-0.258731 0.035218 0.500000
0.147640 0.017862 0.500000
0.492827 -0.010143 0.500000
-0.071246 0.030120 0.500000
0.272996 0.009081 0.500000
-0.311126 0.034121 0.500000
0.153929 0.017448 0.500000
0.098853 -0.021896 0.500000
0.400654 -0.000959 0.500000
-0.320852 0.033665 0.500000
-0.458962 0.012680 0.500000
0.460521 -0.011529 0.500000
-0.040038 0.028675 0.500000
-0.464580 0.010878 0.500000
-0.049758 -0.023231 0.500000
0.130694 -0.021353 0.500000
-0.484921 -0.015987 0.500000
-0.060149 -0.023236 0.500000
0.468686 -0.011187 0.500000
-0.221390 -0.021224 0.500000
0.329813 0.004751 0.500000
0.118875 -0.021564 0.500000
0.251968 -0.018606 0.500000
-0.173049 -0.022296 0.500000
-0.048971 -0.023230 0.500000
0.043774 -0.022639 0.500000
0.441533 -0.004421 0.500000
0.209724 0.013649 0.500000
0.135023 0.018684 0.500000
0.356963 -0.015425 0.500000
-0.450493 0.015156 0.500000
0.346487 0.003439 0.500000
-0.244288 -0.020615 0.500000
-0.382380 0.028310 0.500000
0.015750 -0.022912 0.500000
-0.241369 0.035180 0.500000
0.363516 -0.015201 0.500000
-0.413075 -0.017989 0.500000
-0.208708 -0.021543 0.500000
0.135928 -0.021256 0.500000
-0.095306 0.031147 0.500000
0.174532 0.016071 0.500000
-0.319765 -0.018769 0.500000
-0.143525 -0.022738 0.500000
-0.020442 0.027708 0.500000
-0.446079 -0.017919 0.500000
-0.343899 0.032198 0.500000
0.444957 -0.004717 0.500000
0.092580 0.021359 0.500000
0.464473 -0.006421 0.500000
0.296014 0.007353 0.500000
0.292165 -0.017475 0.500000
-0.043018 0.028818 0.500000
0.239891 -0.018925 0.500000
0.387078 -0.014373 0.500000
-0.244932 -0.020598 0.500000
0.005927 -0.022989 0.500000
0.030858 -0.022774 0.500000
-0.476510 0.006497 0.500000
0.080219 -0.022177 0.500000
-0.247384 0.035212 0.500000
0.460265 -0.006051 0.500000
0.480441 -0.007839 0.500000
-0.095042 0.031136 0.500000
-0.227149 0.035034 0.500000
-0.011803 0.027267 0.500000
0.457521 -0.011654 0.500000
-0.102602 0.031442 0.500000
-0.029296 0.028150 0.500000
0.224451 -0.019319 0.500000
0.359189 -0.015349 0.500000
0.048303 0.023990 0.500000
-0.331603 -0.018558 0.500000
0.427578 -0.003225 0.500000
-0.072014 0.030154 0.500000
0.345460 0.003520 0.500000
-0.397624 0.026173 0.500000
0.242015 0.011352 0.500000
-0.348219 0.031858 0.500000
0.342335 -0.015913 0.500000
0.198493 0.014431 0.500000
0.282432 0.008377 0.500000
0.468506 -0.006777 0.500000
0.436174 -0.003960 0.500000
-0.111090 -0.023054 0.500000
-0.497120 -0.011898 0.500000
0.377870 0.000916 0.500000
-0.352748 0.031477 0.500000
0.003673 -0.023005 0.500000
-0.262245 0.035206 0.500000
0.140906 -0.021162 0.500000
-0.414251 -0.017990 0.500000
-0.385956 0.027843 0.500000
0.157815 0.017190 0.500000
0.008905 -0.022967 0.500000
0.155528 0.017342 0.500000
-0.297526 -0.019240 0.500000
0.157208 0.017231 0.500000
-0.253377 0.035225 0.500000
-0.406127 0.024808 0.500000
0.299163 -0.017268 0.500000
0.003739 0.026455 0.500000
0.152009 0.017574 0.500000
0.089950 -0.022034 0.500000
0.001014 -0.023024 0.500000
0.403874 -0.001227 0.500000
-0.205032 0.034650 0.500000
0.456467 -0.005718 0.500000
-0.207969 -0.021560 0.500000
-0.387228 -0.018016 0.500000
0.053650 0.023681 0.500000
0.053265 -0.022530 0.500000
-0.494454 -0.003109 0.500000
0.184786 0.015374 0.500000
0.035817 0.024700 0.500000
0.092984 -0.021988 0.500000
0.187788 -0.020188 0.500000
-0.313261 -0.018897 0.500000
-0.112373 -0.023045 0.500000
0.195344 -0.020016 0.500000
0.325797 0.005064 0.500000
0.282305 0.008387 0.500000
-0.084663 0.030702 0.500000
0.379633 -0.014639 0.500000
-0.398870 0.025981 0.500000
0.003372 0.026474 0.500000
0.328354 0.004865 0.500000
0.031886 0.024920 0.500000
0.437652 -0.004087 0.500000
-0.119037 0.032078 0.500000
-0.181300 0.034082 0.500000
-0.071635 0.030137 0.500000
0.288636 0.007911 0.500000
-0.341888 -0.018400 0.500000
0.215643 -0.019536 0.500000
0.219965 -0.019430 0.500000
-0.309779 -0.018969 0.500000
0.309354 0.006335 0.500000
0.106567 -0.021772 0.500000
0.411281 -0.001847 0.500000
-0.172023 -0.022314 0.500000
-0.357173 0.031080 0.500000
-0.248132 0.035215 0.500000
0.393741 -0.000386 0.500000
-0.027530 0.028063 0.500000
0.228162 -0.019226 0.500000
-0.405873 0.024851 0.500000
0.253040 0.010551 0.500000
-0.226900 -0.021081 0.500000
0.349345 0.003212 0.500000
-0.286673 0.034892 0.500000
0.037365 0.024613 0.500000
-0.446073 -0.017919 0.500000
0.015441 0.025827 0.500000
-0.405364 0.024936 0.500000
0.288057 0.007955 0.500000
0.332362 0.004552 0.500000
0.075261 0.022408 0.500000
0.338372 -0.016042 0.500000
0.434736 -0.003836 0.500000
-0.150969 0.033191 0.500000
-0.010193 -0.023094 0.500000
-0.384031 0.028098 0.500000
-0.276640 -0.019753 0.500000
-0.166277 0.033663 0.500000
0.417866 -0.013231 0.500000
-0.088987 0.030885 0.500000
0.151566 -0.020954 0.500000
-0.332312 -0.018546 0.500000
0.172811 -0.020516 0.500000
0.491365 -0.010208 0.500000
0.264636 -0.018262 0.500000
0.369265 0.001615 0.500000
0.356233 0.002663 0.500000
-0.215026 -0.021386 0.500000
-0.349772 -0.018297 0.500000
-0.389076 0.027419 0.500000
-0.246775 -0.020548 0.500000
-0.178027 -0.022206 0.500000
0.216581 -0.019513 0.500000
0.458525 -0.011612 0.500000
0.178594 0.015795 0.500000
-0.082158 0.030595 0.500000
0.307815 0.006453 0.500000
0.366274 0.001856 0.500000
-0.063913 0.029792 0.500000
0.190948 -0.020117 0.500000
-0.265691 -0.020039 0.500000
0.407620 -0.013619 0.500000
0.217845 -0.019482 0.500000
-0.102273 -0.023111 0.500000
-0.165508 0.033640 0.500000
0.059672 0.023330 0.500000
-0.162410 0.033547 0.500000
-0.471990 -0.017215 0.500000
-0.410373 0.024076 0.500000
-0.371530 0.029612 0.500000
0.332521 0.004539 0.500000
0.358518 0.002480 0.500000
-0.250925 0.035221 0.500000
-0.341010 -0.018413 0.500000
0.449505 -0.005111 0.500000
0.472676 -0.011018 0.500000
0.178952 0.015771 0.500000
0.116331 0.019879 0.500000
-0.399992 -0.017991 0.500000
0.202475 -0.019851 0.500000
-0.151098 0.033195 0.500000
0.487433 -0.008466 0.500000
0.384565 0.000369 0.500000
0.493441 -0.009009 0.500000
0.160890 0.016986 0.500000
-0.086188 0.030767 0.500000
0.294380 0.007477 0.500000
-0.208564 -0.021546 0.500000
0.275296 0.008910 0.500000
0.375355 -0.014790 0.500000
0.225658 0.012524 0.500000
-0.377109 0.028965 0.500000
-0.497842 -0.011059 0.500000
0.391234 -0.014223 0.500000
-0.028736 -0.023180 0.500000
0.458591 -0.005904 0.500000
0.356222 0.002664 0.500000
0.310123 -0.016935 0.500000
-0.091655 -0.023166 0.500000
-0.455128 0.013834 0.500000
0.383667 0.000443 0.500000
-0.273417 0.035114 0.500000
-0.223234 0.034980 0.500000
-0.058440 0.029542 0.500000
0.464509 -0.006424 0.500000
-0.160796 -0.022499 0.500000
-0.088923 0.030882 0.500000
0.033084 0.024853 0.500000
-0.025447 0.027959 0.500000
-0.052505 0.029267 0.500000
0.326948 0.004975 0.500000
0.009967 -0.022958 0.500000
0.219110 0.012988 0.500000
0.315898 0.005832 0.500000
0.041469 -0.022664 0.500000
-0.235720 0.035134 0.500000
0.212433 0.013459 0.500000
0.447622 -0.012059 0.500000
-0.129493 0.032461 0.500000
-0.304691 -0.019079 0.500000
0.048744 0.023964 0.500000
-0.201067 0.034566 0.500000
0.205891 0.013917 0.500000
0.058104 0.023422 0.500000
-0.136346 0.032702 0.500000
-0.025141 0.027944 0.500000
0.366464 0.001841 0.500000
-0.043332 0.028833 0.500000
0.000325 -0.023029 0.500000
-0.285753 -0.019522 0.500000
0.140053 0.018357 0.500000
-0.166775 -0.022404 0.500000
-0.367937 -0.018118 0.500000
0.219925 0.012931 0.500000
-0.349035 0.031792 0.500000
0.115144 0.019954 0.500000
-0.133328 -0.022856 0.500000
0.096517 0.021116 0.500000
-0.242188 0.035186 0.500000
-0.297529 0.034611 0.500000
0.210225 0.013614 0.500000
0.366912 -0.015084 0.500000
0.251877 0.010636 0.500000
0.148306 -0.021019 0.500000
-0.085890 -0.023188 0.500000
0.329508 0.004775 0.500000
-0.089072 -0.023177 0.500000
-0.003182 -0.023052 0.500000
0.168957 -0.020598 0.500000
-0.212745 0.034804 0.500000
-0.109138 -0.023068 0.500000
-0.189470 0.034293 0.500000
-0.442920 0.017164 0.500000
0.305891 -0.017065 0.500000
0.091060 -0.022017 0.500000
-0.061361 -0.023235 0.500000
-0.137322 0.032736 0.500000
0.497503 -0.009935 0.500000
0.145495 0.018002 0.500000
-0.042878 -0.023220 0.500000
-0.259334 0.035217 0.500000
-0.313961 -0.018883 0.500000
-0.461795 0.011789 0.500000
-0.223186 -0.021177 0.500000
0.062722 0.023152 0.500000
-0.333737 0.032917 0.500000
-0.156270 0.033359 0.500000
0.375505 -0.014785 0.500000
-0.127725 0.032397 0.500000
0.240523 -0.018909 0.500000
0.268917 0.009384 0.500000
0.449762 -0.005134 0.500000
0.117459 0.019808 0.500000
-0.435959 0.018859 0.500000
0.416277 -0.013292 0.500000
0.331692 0.004604 0.500000
0.407629 -0.001541 0.500000
0.185898 0.015298 0.500000
-0.213911 -0.021414 0.500000
0.236788 0.011728 0.500000
0.125045 -0.021455 0.500000
0.402922 -0.013794 0.500000
0.094938 0.021214 0.500000
-0.148540 -0.022674 0.500000
-0.312191 -0.018919 0.500000
0.400152 -0.013897 0.500000
-0.327225 -0.018632 0.500000
-0.129978 0.032478 0.500000
-0.123121 0.032230 0.500000
-0.258325 0.035219 0.500000
-0.293612 -0.019332 0.500000
-0.152229 0.033231 0.500000
0.248808 -0.018691 0.500000
0.355118 0.002752 0.500000
-0.160498 -0.022503 0.500000
0.230640 -0.019163 0.500000
-0.404204 -0.017989 0.500000
0.274892 -0.017975 0.500000
0.459982 -0.011552 0.500000
0.482878 -0.008057 0.500000
0.256033 -0.018497 0.500000
0.347040 0.003395 0.500000
-0.370410 -0.018100 0.500000
0.082310 0.021984 0.500000
-0.447617 0.015940 0.500000
-0.088547 0.030867 0.500000
0.304865 -0.017096 0.500000
-0.438700 0.018207 0.500000
-0.310387 -0.018956 0.500000
-0.494532 -0.003172 0.500000
0.215291 0.013258 0.500000
-0.347535 0.031913 0.500000
-0.014792 -0.023119 0.500000
0.028626 -0.022796 0.500000
0.060030 0.023309 0.500000
-0.209083 0.034733 0.500000
0.183725 0.015446 0.500000
0.378240 0.000886 0.500000
0.254546 -0.018537 0.500000
-0.481031 -0.016485 0.500000
0.308221 0.006422 0.500000
-0.480672 -0.016524 0.500000
0.391535 -0.014212 0.500000
-0.122870 0.032221 0.500000
-0.454747 -0.017807 0.500000
0.290167 -0.017534 0.500000
0.065583 -0.022376 0.500000
-0.104870 -0.023096 0.500000
-0.386366 0.027789 0.500000
-0.166932 -0.022401 0.500000
-0.380377 -0.018042 0.500000
-0.497303 -0.006013 0.500000
-0.459134 -0.017715 0.500000
-0.084212 0.030683 0.500000
-0.075369 -0.023218 0.500000
-0.318488 0.033784 0.500000
-0.380088 0.028601 0.500000
0.276548 -0.017928 0.500000
-0.043713 0.028851 0.500000
-0.388269 0.027529 0.500000
0.181408 0.015604 0.500000
0.337611 0.004140 0.500000
-0.464806 -0.017546 0.500000
-0.055010 0.029383 0.500000
-0.007424 0.027041 0.500000
-0.243206 -0.020644 0.500000
-0.143310 -0.022741 0.500000
0.499077 -0.009864 0.500000
-0.248226 0.035216 0.500000
0.252768 -0.018585 0.500000
0.202057 -0.019861 0.500000
-0.231765 -0.020952 0.500000
-0.105536 -0.023092 0.500000
-0.282934 0.034968 0.500000
-0.209329 0.034738 0.500000
0.073085 0.022538 0.500000
-0.461718 -0.017646 0.500000
0.191746 0.014897 0.500000
-0.485628 -0.015878 0.500000
-0.433822 -0.017982 0.500000
0.025230 -0.022828 0.500000
-0.412535 -0.017989 0.500000
-0.031489 -0.023190 0.500000
0.458621 -0.005907 0.500000
-0.437175 0.018572 0.500000
0.058805 -0.022463 0.500000
-0.014166 -0.023116 0.500000
0.279697 0.008582 0.500000
0.238775 -0.018954 0.500000
-0.297320 -0.019245 0.500000
0.232313 -0.019120 0.500000
0.291135 0.007723 0.500000
0.325503 0.005087 0.500000
-0.204195 0.034633 0.500000
0.163372 -0.020715 0.500000
0.158391 -0.020817 0.500000
-0.291613 0.034776 0.500000
0.468330 -0.011202 0.500000
0.343007 -0.015890 0.500000
-0.037955 0.028574 0.500000
-0.408529 0.024398 0.500000
-0.174443 -0.022272 0.500000
0.493673 -0.009030 0.500000
0.439369 -0.012391 0.500000
-0.036940 -0.023206 0.500000
-0.287574 0.034872 0.500000
0.137238 -0.021232 0.500000
0.497099 -0.009953 0.500000
0.309823 0.006299 0.500000
0.065398 -0.022379 0.500000
-0.125424 0.032314 0.500000
0.052232 0.023763 0.500000
-0.220523 -0.021247 0.500000
-0.478742 -0.016716 0.500000
-0.221100 0.034947 0.500000
-0.036855 0.028521 0.500000
-0.424607 0.021355 0.500000
-0.002691 -0.023049 0.500000
-0.227465 0.035039 0.500000
0.028765 0.025094 0.500000
0.076121 -0.022235 0.500000
-0.386477 0.027774 0.500000
0.375751 -0.014776 0.500000
-0.290034 0.034816 0.500000
0.402254 -0.001092 0.500000
0.145501 -0.021074 0.500000
-0.162252 -0.022477 0.500000
-0.111054 0.031774 0.500000
-0.278516 -0.019705 0.500000
-0.028365 0.028104 0.500000
-0.219975 -0.021260 0.500000
0.052199 -0.022543 0.500000
0.393424 -0.014144 0.500000
-0.354305 0.031339 0.500000
-0.392323 0.026960 0.500000
-0.100755 -0.023120 0.500000
-0.411274 0.023915 0.500000
-0.396510 -0.017995 0.500000
0.056889 -0.022486 0.500000
-0.181993 -0.022130 0.500000
-0.295669 0.034667 0.500000
-0.381794 -0.018036 0.500000
-0.340586 0.032446 0.500000
-0.093356 -0.023158 0.500000
-0.102436 -0.023111 0.500000
-0.001926 -0.023044 0.500000
0.316149 -0.016749 0.500000
0.023738 0.025373 0.500000
0.260628 0.009995 0.500000
-0.167588 0.033701 0.500000
0.489377 -0.010295 0.500000
0.308210 0.006423 0.500000
0.150406 -0.020978 0.500000
0.258474 0.010153 0.500000
0.322250 0.005340 0.500000
0.330844 -0.016286 0.500000
-0.189666 -0.021975 0.500000
0.187922 0.015159 0.500000
0.249118 0.010837 0.500000
-0.082150 -0.023201 0.500000
0.384467 -0.014467 0.500000
0.180235 0.015684 0.500000
0.161945 0.016915 0.500000
-0.263478 -0.020098 0.500000
-0.102149 0.031424 0.500000
0.121647 -0.021515 0.500000
0.218954 0.012999 0.500000
0.341626 0.003823 0.500000
-0.224119 -0.021153 0.500000
-0.455379 -0.017795 0.500000
0.145285 0.018016 0.500000
0.209269 0.013681 0.500000
-0.180963 0.034073 0.500000
0.225126 0.012562 0.500000
0.339235 -0.016014 0.500000
-0.240987 -0.020704 0.500000
-0.105623 -0.023091 0.500000
-0.003400 0.026831 0.500000
0.143749 -0.021108 0.500000
-0.119129 0.032082 0.500000
-0.005863 0.026960 0.500000
0.239006 -0.018948 0.500000
0.168095 0.016504 0.500000
-0.263111 -0.020108 0.500000
-0.246090 0.035206 0.500000
0.375765 -0.014776 0.500000
-0.022288 0.027801 0.500000
0.353978 0.002843 0.500000
-0.070720 0.030096 0.500000
-0.398050 -0.017993 0.500000
0.072720 -0.022281 0.500000
0.246434 0.011032 0.500000
-0.055336 0.029399 0.500000
0.191083 0.014942 0.500000
0.113856 -0.021650 0.500000
0.387494 -0.014358 0.500000
0.305783 0.006609 0.500000
0.391241 -0.000180 0.500000
0.423186 -0.013026 0.500000
-0.280921 0.035003 0.500000
-0.492290 -0.014388 0.500000
0.064585 0.023042 0.500000
-0.353377 -0.018255 0.500000
-0.306578 -0.019038 0.500000
0.189030 0.015083 0.500000
-0.164663 -0.022438 0.500000
0.354680 0.002787 0.500000
-0.146715 -0.022699 0.500000
0.397699 -0.013987 0.500000
-0.124008 0.032263 0.500000
0.086864 -0.022080 0.500000
0.234711 -0.019059 0.500000
0.349916 -0.015662 0.500000
0.182725 0.015515 0.500000
-0.185143 0.034183 0.500000
0.062719 -0.022413 0.500000
-0.359038 0.030903 0.500000
-0.145844 0.033024 0.500000
0.137929 0.018496 0.500000
-0.351670 -0.018274 0.500000
0.009644 -0.022961 0.500000
-0.007376 0.027039 0.500000
-0.497438 -0.011574 0.500000
0.491812 -0.008862 0.500000
-0.084276 -0.023194 0.500000
0.157776 0.017193 0.500000
0.240712 0.011446 0.500000
0.493979 -0.010092 0.500000
0.482890 -0.008058 0.500000
0.484839 -0.008233 0.500000
0.149087 0.017767 0.500000
0.392994 -0.000324 0.500000
-0.221713 -0.021216 0.500000
0.380621 0.000692 0.500000
0.155130 0.017368 0.500000
0.083988 -0.022122 0.500000
-0.494561 -0.013524 0.500000
0.438262 -0.012435 0.500000
-0.315418 0.033932 0.500000
0.092828 0.021343 0.500000
-0.480810 0.004666 0.500000
-0.142162 0.032901 0.500000
0.480288 -0.007825 0.500000
-0.315767 0.033915 0.500000
-0.189625 0.034296 0.500000
0.149156 -0.021002 0.500000
-0.356622 0.031131 0.500000
-0.333536 0.032930 0.500000
-0.130019 -0.022891 0.500000
0.118424 0.019747 0.500000
-0.428409 0.020554 0.500000
0.417851 -0.002400 0.500000
-0.141693 0.032885 0.500000
-0.454490 0.014020 0.500000
-0.083830 0.030667 0.500000
0.152331 0.017553 0.500000
-0.442564 -0.017946 0.500000
-0.456817 0.013332 0.500000
0.025844 0.025256 0.500000
-0.191985 0.034354 0.500000
-0.202809 0.034603 0.500000
0.303103 0.006814 0.500000
0.151830 -0.020949 0.500000
-0.294656 -0.019307 0.500000
-0.303675 -0.019101 0.500000
0.326994 0.004971 0.500000
0.173875 0.016115 0.500000
0.061597 0.023218 0.500000
-0.243854 0.035195 0.500000
0.434065 -0.003779 0.500000
-0.176881 -0.022227 0.500000
-0.200896 0.034562 0.500000
0.498627 -0.009480 0.500000
-0.273656 -0.019830 0.500000
0.341982 0.003795 0.500000
0.176421 0.015943 0.500000
-0.259362 -0.020208 0.500000
0.340426 0.003918 0.500000
0.113101 0.020083 0.500000
-0.137114 -0.022814 0.500000
-0.223391 -0.021172 0.500000
0.073396 -0.022272 0.500000
0.077264 -0.022219 0.500000
0.052961 0.023721 0.500000
0.211651 -0.019633 0.500000
0.423751 -0.002899 0.500000
0.131217 0.018929 0.500000
0.140663 0.018318 0.500000
0.056423 0.023520 0.500000
0.378245 -0.014688 0.500000
-0.016729 0.027520 0.500000
0.234118 -0.019074 0.500000
-0.317432 0.033835 0.500000
0.036096 0.024684 0.500000
-0.022428 0.027808 0.500000
-0.364402 -0.018146 0.500000
0.111346 -0.021693 0.500000
0.227359 -0.019246 0.500000
-0.340151 0.032477 0.500000
0.452839 -0.011846 0.500000
-0.174961 0.033910 0.500000
0.176912 0.015910 0.500000
0.301957 -0.017184 0.500000
-0.468822 -0.017381 0.500000
-0.469292 -0.017358 0.500000
-0.108950 0.031693 0.500000
0.101923 0.020782 0.500000
-0.224305 0.034997 0.500000
-0.446329 0.016282 0.500000
0.029644 0.025046 0.500000
-0.033567 0.028360 0.500000
0.446231 -0.012115 0.500000
-0.099506 -0.023127 0.500000
-0.476989 0.006301 0.500000
-0.003995 0.026863 0.500000
0.312132 -0.016874 0.500000
0.405177 -0.013710 0.500000
-0.021036 -0.023149 0.500000
0.361306 -0.015277 0.500000
-0.193288 0.034385 0.500000
-0.498124 -0.010568 0.500000
0.295195 -0.017386 0.500000
-0.351265 -0.018279 0.500000
0.373483 0.001273 0.500000
0.177134 -0.020423 0.500000
-0.153359 -0.022609 0.500000
-0.030189 0.028194 0.500000
0.187295 -0.020199 0.500000
0.291063 -0.017508 0.500000
0.041648 -0.022662 0.500000
0.089990 0.021517 0.500000
0.316395 0.005793 0.500000
-0.253700 0.035225 0.500000
-0.227339 -0.021069 0.500000
-0.179634 0.034038 0.500000
0.354248 -0.015516 0.500000
0.069049 -0.022331 0.500000
-0.237169 0.035147 0.500000
-0.413328 -0.017990 0.500000
-0.217659 0.034892 0.500000
0.370082 0.001549 0.500000
0.381375 0.000630 0.500000
0.412056 -0.013452 0.500000
0.218300 -0.019471 0.500000
-0.128868 0.032439 0.500000
0.371510 0.001433 0.500000
0.211622 0.013516 0.500000
0.281728 0.008430 0.500000
-0.120013 0.032115 0.500000
-0.229322 -0.021016 0.500000
0.157044 0.017241 0.500000
0.254937 0.010412 0.500000
0.353424 0.002887 0.500000
0.161022 -0.020763 0.500000
-0.053968 0.029335 0.500000
0.013433 0.025935 0.500000
-0.167457 0.033697 0.500000
-0.329634 0.033174 0.500000
-0.400285 0.025760 0.500000
0.255794 -0.018503 0.500000
-0.297909 -0.019232 0.500000
0.385307 -0.014437 0.500000
-0.134545 -0.022843 0.500000
-0.026483 -0.023172 0.500000
0.213447 -0.019589 0.500000
-0.485710 0.002334 0.500000
0.485427 -0.010468 0.500000
-0.108853 0.031689 0.500000
-0.293535 -0.019334 0.500000
0.140385 -0.021172 0.500000
0.263412 0.009791 0.500000
-0.380438 -0.018042 0.500000
-0.370887 0.029685 0.500000
0.433100 -0.003696 0.500000
0.304398 0.006715 0.500000
-0.205702 0.034665 0.500000
-0.141174 -0.022768 0.500000
-0.120094 0.032118 0.500000
0.226405 0.012471 0.500000
0.395946 -0.014051 0.500000
0.383985 0.000417 0.500000
0.393859 -0.014128 0.500000
0.081860 0.022011 0.500000
0.056163 -0.022495 0.500000
-0.068914 0.030016 0.500000
0.385712 0.000275 0.500000
0.454047 -0.011797 0.500000
-0.446198 -0.017918 0.500000
0.117189 -0.021593 0.500000
0.336892 0.004196 0.500000
0.258838 -0.018421 0.500000
-0.182643 -0.022118 0.500000
0.451962 -0.005325 0.500000
0.042048 0.024347 0.500000
-0.496869 -0.012121 0.500000
0.282203 -0.017766 0.500000
-0.119624 0.032100 0.500000
0.186535 -0.020216 0.500000
-0.397349 -0.017994 0.500000
0.127749 -0.021406 0.500000
-0.310370 -0.018957 0.500000
0.460927 -0.011512 0.500000
0.378098 -0.014694 0.500000
-0.238566 0.035158 0.500000
-0.106877 -0.023083 0.500000
-0.053777 0.029326 0.500000
-0.055847 0.029422 0.500000
-0.242727 -0.020657 0.500000
0.004685 0.026405 0.500000
0.332490 -0.016233 0.500000
0.088137 0.021630 0.500000
-0.290083 -0.019417 0.500000
0.497443 -0.009938 0.500000
-0.414094 0.023405 0.500000
-0.349965 -0.018295 0.500000
-0.431321 0.019918 0.500000
-0.248226 -0.020509 0.500000
-0.215773 0.034858 0.500000
-0.271290 0.035137 0.500000
-0.372058 0.029553 0.500000
0.486967 -0.008424 0.500000
0.248091 -0.018710 0.500000
-0.371200 0.029650 0.500000
-0.354888 -0.018238 0.500000
-0.292693 -0.019354 0.500000
-0.234916 0.035125 0.500000
0.314592 0.005932 0.500000
-0.308478 0.034229 0.500000
-0.165446 -0.022425 0.500000
-0.065076 -0.023233 0.500000
0.049890 0.023898 0.500000
0.390866 -0.014237 0.500000
0.364701 -0.015161 0.500000
0.434059 -0.003778 0.500000
0.171206 0.016295 0.500000
-0.165880 -0.022418 0.500000
0.439611 -0.012381 0.500000
-0.429391 0.020342 0.500000
0.235422 0.011826 0.500000
0.380561 -0.014606 0.500000
0.428789 -0.003328 0.500000
0.500362 -0.009638 0.500000
0.168233 -0.020613 0.500000
0.327584 0.004925 0.500000
0.087364 0.021677 0.500000
0.281160 -0.017796 0.500000
-0.292495 0.034753 0.500000
-0.472683 -0.017174 0.500000
0.150715 -0.020971 0.500000
-0.293410 -0.019337 0.500000
-0.173002 0.033856 0.500000
0.125251 -0.021451 0.500000
-0.426325 0.020997 0.500000
-0.138093 0.032763 0.500000
-0.279794 -0.019672 0.500000
0.067021 -0.022358 0.500000
-0.475138 0.007048 0.500000
-0.313211 -0.018898 0.500000
0.013546 -0.022930 0.500000
0.476886 -0.010838 0.500000
0.420388 -0.013134 0.500000
-0.161493 -0.022488 0.500000
0.052946 -0.022534 0.500000
-0.193091 0.034380 0.500000
0.182229 0.015548 0.500000
-0.385209 -0.018022 0.500000
-0.401149 0.025623 0.500000
0.007736 -0.022975 0.500000
0.401580 -0.001036 0.500000
-0.317078 -0.018821 0.500000
-0.464034 -0.017573 0.500000
-0.042139 0.028776 0.500000
-0.159933 0.033472 0.500000
-0.105813 0.031569 0.500000
-0.436732 -0.017974 0.500000
-0.161860 -0.022483 0.500000
0.302649 0.006848 0.500000
-0.133638 -0.022853 0.500000
-0.313674 0.034010 0.500000
0.303560 0.006779 0.500000
0.055510 0.023573 0.500000
0.391134 -0.014227 0.500000
-0.346014 -0.018344 0.500000
0.172053 0.016238 0.500000
0.300679 -0.017222 0.500000
-0.289683 0.034825 0.500000
0.187859 -0.020186 0.500000
0.066626 -0.022363 0.500000
-0.442363 0.017304 0.500000
-0.493320 -0.002230 0.500000
0.155591 -0.020874 0.500000
0.238104 -0.018972 0.500000
0.178876 -0.020385 0.500000
-0.393401 0.026803 0.500000
0.116064 -0.021613 0.500000
-0.287663 0.034870 0.500000
-0.209013 -0.021535 0.500000
0.060558 0.023279 0.500000
-0.342210 -0.018396 0.500000
-0.450679 -0.017869 0.500000
-0.063483 -0.023235 0.500000
-0.057894 -0.023236 0.500000
0.446726 -0.012095 0.500000
-0.125875 -0.022931 0.500000
-0.256251 -0.020292 0.500000
-0.063474 -0.023235 0.500000
-0.028429 -0.023179 0.500000
-0.358017 -0.018206 0.500000
-0.469105 -0.017367 0.500000
0.352780 0.002938 0.500000
-0.248174 0.035216 0.500000
-0.021323 -0.023151 0.500000
0.327904 0.004900 0.500000
-0.142052 -0.022757 0.500000
-0.003676 -0.023055 0.500000
0.450267 -0.011951 0.500000
-0.351492 -0.018277 0.500000
0.207304 0.013818 0.500000
0.037199 -0.022710 0.500000
0.098876 -0.021896 0.500000
0.207391 0.013812 0.500000
-0.478414 -0.016746 0.500000
-0.439390 -0.017963 0.500000
-0.223581 0.034985 0.500000
-0.465218 0.010664 0.500000
0.197337 -0.019970 0.500000
0.224191 0.012628 0.500000
0.251582 -0.018617 0.500000
0.219400 -0.019444 0.500000
-0.273469 -0.019835 0.500000
-0.394233 -0.017999 0.500000
-0.340654 -0.018418 0.500000
-0.167562 0.033700 0.500000
0.442712 -0.012257 0.500000
-0.427056 0.020843 0.500000
-0.026083 0.027991 0.500000
-0.376899 -0.018060 0.500000
-0.374755 -0.018072 0.500000
0.232166 0.012060 0.500000
0.074909 0.022429 0.500000
0.206405 0.013881 0.500000
0.137047 -0.021235 0.500000
0.171239 -0.020550 0.500000
0.305972 -0.017062 0.500000
-0.156478 -0.022564 0.500000
-0.174584 0.033900 0.500000
-0.356797 -0.018218 0.500000
0.306363 0.006565 0.500000
-0.346211 0.032019 0.500000
-0.078380 0.030433 0.500000
0.218716 0.013016 0.500000
-0.125797 -0.022932 0.500000
0.007780 -0.022975 0.500000
0.383072 -0.014517 0.500000
-0.009093 0.027128 0.500000
-0.377375 -0.018057 0.500000
0.068401 0.022816 0.500000
0.154650 -0.020893 0.500000
-0.413607 0.023494 0.500000
-0.122564 -0.022961 0.500000
-0.199318 0.034526 0.500000
-0.390474 -0.018007 0.500000
-0.310583 0.034144 0.500000
-0.332816 -0.018538 0.500000
0.160768 -0.020769 0.500000
-0.180393 -0.022162 0.500000
0.459144 -0.011587 0.500000
0.177776 -0.020409 0.500000
-0.329597 0.033176 0.500000
-0.040690 -0.023215 0.500000
0.413954 -0.013380 0.500000
-0.189093 0.034283 0.500000
0.255837 -0.018502 0.500000
-0.136776 -0.022818 0.500000
-0.264669 -0.020066 0.500000
0.089876 -0.022035 0.500000
-0.328811 0.033224 0.500000
-0.434285 -0.017981 0.500000
-0.404154 0.025136 0.500000
-0.498313 -0.008002 0.500000
0.282736 0.008354 0.500000
-0.143499 0.032946 0.500000
-0.090215 0.030936 0.500000
-0.277505 -0.019731 0.500000
0.339781 -0.015996 0.500000
-0.269407 -0.019941 0.500000
0.010993 0.026067 0.500000
-0.050865 0.029190 0.500000
0.307232 0.006498 0.500000
0.231056 -0.019152 0.500000
-0.067585 -0.023231 0.500000
0.097474 0.021057 0.500000
-0.194757 0.034421 0.500000
-0.038860 0.028618 0.500000
0.421766 -0.013081 0.500000
-0.142019 -0.022757 0.500000
-0.176150 -0.022240 0.500000
0.028829 0.025091 0.500000
-0.212325 0.034797 0.500000
-0.196988 -0.021817 0.500000
-0.488932 -0.015267 0.500000
-0.075330 0.030300 0.500000
0.418052 -0.002417 0.500000
-0.311079 -0.018942 0.500000
0.162622 0.016870 0.500000
0.111287 0.020197 0.500000
-0.352212 0.031523 0.500000
-0.366970 0.030108 0.500000
0.065868 -0.022373 0.500000
-0.170837 0.033794 0.500000
-0.460377 -0.017684 0.500000
-0.402843 0.025351 0.500000
-0.091935 -0.023164 0.500000
0.120786 -0.021530 0.500000
-0.307667 0.034260 0.500000
-0.197160 -0.021813 0.500000
0.236389 -0.019016 0.500000
0.474482 -0.010941 0.500000
0.177306 0.015883 0.500000
0.348283 -0.015716 0.500000
-0.424142 0.021451 0.500000
0.443308 -0.004574 0.500000
0.277566 -0.017899 0.500000
-0.160558 -0.022503 0.500000
0.018620 0.025653 0.500000
0.036867 0.024641 0.500000
-0.358550 -0.018200 0.500000
-0.230614 -0.020982 0.500000
-0.387846 -0.018014 0.500000
0.180115 -0.020358 0.500000
-0.432960 -0.017984 0.500000
0.197845 0.014476 0.500000
0.061302 -0.022431 0.500000
0.238465 -0.018962 0.500000
0.229772 0.012231 0.500000
0.027562 -0.022806 0.500000
-0.222849 -0.021186 0.500000
0.140385 0.018336 0.500000
0.180236 -0.020355 0.500000
0.086334 0.021740 0.500000
-0.146733 -0.022698 0.500000
0.327276 0.004949 0.500000
-0.125076 0.032301 0.500000
-0.006688 0.027003 0.500000
0.051262 -0.022554 0.500000
-0.441045 -0.017955 0.500000
0.103825 -0.021817 0.500000
0.029452 0.025056 0.500000
0.329454 -0.016330 0.500000
-0.352823 -0.018261 0.500000
0.055572 -0.022503 0.500000
0.500714 -0.009791 0.500000
-0.256607 -0.020282 0.500000
0.208208 0.013755 0.500000
-0.448958 0.015578 0.500000
-0.169952 -0.022350 0.500000
0.377968 0.000908 0.500000
0.123556 -0.021482 0.500000
0.103000 -0.021830 0.500000
0.169886 0.016384 0.500000
-0.305073 -0.019070 0.500000
0.152725 -0.020931 0.500000
-0.190271 0.034312 0.500000
-0.395201 0.026539 0.500000
0.022653 -0.022852 0.500000
0.408678 -0.001629 0.500000
0.428275 -0.012829 0.500000
0.263326 -0.018298 0.500000
0.076173 0.022353 0.500000
-0.098000 0.031257 0.500000
-0.073502 0.030220 0.500000
-0.187482 0.034242 0.500000
-0.123429 -0.022954 0.500000
0.082535 0.021970 0.500000
0.489351 -0.010296 0.500000
-0.290010 -0.019418 0.500000
0.103577 -0.021821 0.500000
0.125375 -0.021449 0.500000
0.188235 0.015138 0.500000
-0.132374 -0.022866 0.500000
0.074683 -0.022255 0.500000
-0.233603 0.035111 0.500000
-0.472812 0.007951 0.500000
-0.496810 -0.005380 0.500000
-0.371302 -0.018094 0.500000
-0.307936 -0.019009 0.500000
-0.437817 -0.017970 0.500000
-0.248851 -0.020492 0.500000
-0.049837 0.029142 0.500000
0.088601 0.021602 0.500000
-0.355175 0.031261 0.500000
-0.172468 0.033841 0.500000
0.124363 0.019369 0.500000
-0.018206 -0.023136 0.500000
0.002035 -0.023017 0.500000
0.500084 -0.009819 0.500000
0.089549 -0.022040 0.500000
-0.387868 -0.018014 0.500000
-0.054862 -0.023235 0.500000
0.422854 -0.013039 0.500000
0.051071 0.023830 0.500000
-0.480233 0.004923 0.500000
0.193758 -0.020053 0.500000
-0.200279 0.034548 0.500000
0.163674 -0.020709 0.500000
-0.305528 -0.019060 0.500000
0.053477 0.023691 0.500000
-0.016073 0.027486 0.500000
-0.483888 0.003238 0.500000
0.309496 0.006325 0.500000
-0.314306 0.033983 0.500000
-0.100971 -0.023119 0.500000
0.287695 0.007982 0.500000
-0.095310 0.031147 0.500000
0.042945 -0.022648 0.500000
-0.327973 0.033273 0.500000
-0.222118 0.034963 0.500000
-0.444838 -0.017930 0.500000
-0.391150 -0.018005 0.500000
0.133711 -0.021297 0.500000
-0.471074 -0.017266 0.500000
-0.372743 0.029475 0.500000
0.366741 -0.015090 0.500000
-0.292372 -0.019362 0.500000
-0.329022 -0.018601 0.500000
0.479794 -0.007781 0.500000
0.279920 0.008565 0.500000
-0.164215 0.033601 0.500000
-0.442329 0.017313 0.500000
-0.442477 0.017275 0.500000
0.320984 -0.016598 0.500000
0.053359 -0.022529 0.500000
0.165189 0.016699 0.500000
-0.025386 0.027956 0.500000
0.306458 -0.017047 0.500000
0.450508 -0.005199 0.500000
0.436604 -0.003997 0.500000
-0.446360 -0.017917 0.500000
-0.048332 0.029071 0.500000
0.094677 0.021230 0.500000
0.348214 -0.015718 0.500000
-0.346134 -0.018343 0.500000
0.393166 -0.000339 0.500000
-0.249750 -0.020467 0.500000
0.339919 -0.015992 0.500000
0.367349 -0.015069 0.500000
-0.335460 -0.018496 0.500000
-0.209496 0.034741 0.500000
-0.342880 -0.018387 0.500000
0.035600 0.024712 0.500000
0.227008 -0.019255 0.500000
-0.370361 0.029742 0.500000
-0.353295 0.031430 0.500000
0.481661 -0.007948 0.500000
-0.160942 0.033503 0.500000
0.051455 -0.022552 0.500000
-0.142464 -0.022752 0.500000
0.257218 -0.018465 0.500000
0.217369 0.013111 0.500000
-0.025314 -0.023167 0.500000
0.227887 -0.019232 0.500000
-0.474569 -0.017051 0.500000
-0.464596 0.010872 0.500000
0.152740 0.017526 0.500000
0.273697 0.009029 0.500000
-0.317276 0.033843 0.500000
0.491601 -0.010197 0.500000
-0.213632 -0.021421 0.500000
0.061602 0.023217 0.500000
-0.272307 0.035128 0.500000
-0.417947 0.022681 0.500000
0.014085 -0.022926 0.500000
0.162438 -0.020734 0.500000
-0.175533 -0.022252 0.500000
-0.055294 0.029397 0.500000
-0.184270 -0.022086 0.500000
0.134925 0.018690 0.500000
0.029383 0.025060 0.500000
-0.142824 0.032923 0.500000
-0.408001 0.024489 0.500000
-0.329062 -0.018600 0.500000
0.011699 -0.022945 0.500000
0.235270 -0.019045 0.500000
0.305877 -0.017065 0.500000
-0.357479 0.031051 0.500000
0.231128 0.012134 0.500000
0.185090 0.015353 0.500000
-0.195105 0.034429 0.500000
-0.006859 -0.023075 0.500000
0.002827 0.026503 0.500000
0.287583 0.007990 0.500000
-0.477838 -0.016797 0.500000
0.319910 -0.016632 0.500000
-0.347239 0.031937 0.500000
0.373047 -0.014871 0.500000
0.126449 -0.021430 0.500000
0.334546 -0.016166 0.500000
0.033664 0.024821 0.500000
-0.476409 -0.016915 0.500000
0.288422 0.007927 0.500000
0.134644 0.018708 0.500000
-0.406980 0.024663 0.500000
0.300102 0.007043 0.500000
0.380437 0.000707 0.500000
0.111686 -0.021687 0.500000
-0.429603 0.020296 0.500000
-0.241952 0.035184 0.500000
0.476536 -0.010853 0.500000
0.147590 0.017865 0.500000
-0.255001 0.035226 0.500000
0.212101 -0.019622 0.500000
0.377251 0.000967 0.500000
-0.154616 -0.022591 0.500000
-0.370562 0.029720 0.500000
-0.243233 0.035192 0.500000
0.290263 -0.017531 0.500000
-0.251827 -0.020411 0.500000
0.181729 -0.020323 0.500000
-0.062428 0.029724 0.500000
-0.211378 -0.021477 0.500000
0.464884 -0.011347 0.500000
-0.025881 -0.023170 0.500000
-0.120353 0.032127 0.500000
0.024966 -0.022830 0.500000
-0.044250 0.028877 0.500000
0.091643 0.021416 0.500000
-0.111053 0.031774 0.500000
0.212385 0.013462 0.500000
0.119631 -0.021551 0.500000
-0.431457 0.019887 0.500000
0.107657 0.020425 0.500000
0.270629 -0.018095 0.500000
-0.157627 -0.022547 0.500000
0.111650 -0.021688 0.500000
-0.472318 0.008138 0.500000
-0.469806 0.009064 0.500000
-0.008257 -0.023083 0.500000
-0.228946 0.035058 0.500000
0.274495 0.008970 0.500000
-0.236481 -0.020826 0.500000
-0.452942 -0.017837 0.500000
0.499527 -0.009562 0.500000
0.131723 0.018897 0.500000
-0.281066 0.035001 0.500000
-0.095513 -0.023148 0.500000
-0.491460 -0.000946 0.500000
-0.068985 -0.023229 0.500000
-0.307835 0.034254 0.500000
-0.428045 0.020632 0.500000
0.325084 -0.016469 0.500000
0.161378 0.016953 0.500000
-0.004444 0.026886 0.500000
0.252014 0.010626 0.500000
0.037232 -0.022709 0.500000
0.047330 0.024045 0.500000
0.092180 0.021383 0.500000
-0.216896 -0.021339 0.500000
-0.214796 -0.021392 0.500000
-0.441705 -0.017951 0.500000
-0.474565 0.007274 0.500000
-0.166755 0.033677 0.500000
-0.074064 -0.023221 0.500000
-0.261748 -0.020144 0.500000
-0.363085 -0.018157 0.500000
0.068478 -0.022338 0.500000
0.261061 -0.018360 0.500000
0.068799 -0.022334 0.500000
-0.165335 -0.022427 0.500000
-0.385334 0.027925 0.500000
0.472450 -0.011028 0.500000
0.497001 -0.009332 0.500000
-0.475967 -0.016950 0.500000
-0.446995 0.016106 0.500000
0.300557 0.007008 0.500000
0.369116 0.001627 0.500000
-0.395035 0.026564 0.500000
-0.330469 0.033122 0.500000
-0.218868 -0.021289 0.500000
-0.344771 0.032132 0.500000
0.388343 -0.014328 0.500000
0.321968 0.005362 0.500000
-0.178501 0.034008 0.500000
-0.134963 -0.022839 0.500000
-0.004354 -0.023059 0.500000
-0.054415 0.029356 0.500000
0.474174 -0.007280 0.500000
0.090556 0.021482 0.500000
-0.066751 -0.023232 0.500000
-0.289070 -0.019441 0.500000
0.110969 0.020217 0.500000
-0.243980 -0.020624 0.500000
-0.495847 -0.004347 0.500000
-0.074429 -0.023220 0.500000
-0.442844 0.017183 0.500000
0.454830 -0.011765 0.500000
0.145016 0.018034 0.500000
0.315765 -0.016761 0.500000
-0.120687 -0.022978 0.500000
-0.309572 0.034186 0.500000
0.474752 -0.007331 0.500000
0.382192 0.000563 0.500000
0.057901 0.023434 0.500000
-0.358559 -0.018200 0.500000
0.499196 -0.009859 0.500000
-0.084415 0.030692 0.500000
-0.259905 -0.020194 0.500000
0.272363 0.009128 0.500000
0.489875 -0.010273 0.500000
-0.189575 0.034295 0.500000
0.208748 -0.019702 0.500000
0.457102 -0.005774 0.500000
0.405144 -0.013711 0.500000
0.243130 0.011271 0.500000
-0.324785 -0.018675 0.500000
0.241065 -0.018895 0.500000
-0.268344 0.035165 0.500000
-0.137768 0.032751 0.500000
-0.137966 0.032758 0.500000
-0.242904 0.035190 0.500000
0.436110 -0.012521 0.500000
0.038550 -0.022696 0.500000
-0.283125 0.034965 0.500000
-0.158162 0.033418 0.500000
-0.286526 0.034895 0.500000
-0.013981 0.027379 0.500000
0.134868 0.018694 0.500000
0.439601 -0.004255 0.500000
0.039778 0.024476 0.500000
0.167510 -0.020629 0.500000
0.495571 -0.010021 0.500000
-0.016433 0.027504 0.500000
-0.085111 -0.023191 0.500000
-0.287202 0.034880 0.500000
0.293277 -0.017443 0.500000
0.114862 0.019972 0.500000
0.027777 -0.022804 0.500000
0.307860 0.006450 0.500000
-0.303024 -0.019116 0.500000
0.099731 -0.021883 0.500000
-0.366556 0.030152 0.500000
0.489425 -0.008646 0.500000
-0.327562 0.033297 0.500000
-0.068068 -0.023231 0.500000
-0.102128 0.031423 0.500000
-0.299945 -0.019185 0.500000
-0.402195 -0.017990 0.500000
0.366785 0.001815 0.500000
0.391350 -0.000189 0.500000
-0.120132 0.032119 0.500000
0.037270 -0.022709 0.500000
0.481818 -0.010625 0.500000
-0.245207 0.035201 0.500000
0.459406 -0.011576 0.500000
-0.358441 0.030960 0.500000
0.260869 -0.018365 0.500000
0.054975 -0.022510 0.500000
-0.234058 -0.020891 0.500000
-0.393697 -0.018000 0.500000
-0.316556 -0.018831 0.500000
0.396746 -0.000635 0.500000
0.334584 0.004378 0.500000
-0.230144 -0.020995 0.500000
-0.395885 0.026436 0.500000
0.220314 0.012903 0.500000
0.480612 -0.007854 0.500000
0.393211 -0.014151 0.500000
-0.084888 -0.023192 0.500000
-0.073836 0.030234 0.500000
0.176675 -0.020433 0.500000
-0.309472 0.034190 0.500000
-0.194289 -0.021876 0.500000
-0.450064 -0.017877 0.500000
0.257313 -0.018462 0.500000
0.229470 -0.019192 0.500000
0.247671 -0.018721 0.500000
0.038640 -0.022695 0.500000
0.430248 -0.012752 0.500000
-0.448327 0.015749 0.500000
0.247081 -0.018737 0.500000
0.046381 -0.022610 0.500000
0.155156 0.017366 0.500000
0.314582 -0.016798 0.500000
-0.332834 0.032976 0.500000
-0.498434 -0.009547 0.500000
0.464905 -0.006459 0.500000
-0.483349 -0.016207 0.500000
0.473744 -0.010972 0.500000
-0.327162 -0.018634 0.500000
0.355651 -0.015469 0.500000
-0.373355 0.029405 0.500000
-0.014806 -0.023119 0.500000
0.345945 -0.015794 0.500000
-0.336801 -0.018475 0.500000
0.223134 -0.019351 0.500000
0.206645 0.013864 0.500000
0.255618 -0.018508 0.500000
0.197174 0.014522 0.500000
0.164112 -0.020700 0.500000
-0.313372 -0.018895 0.500000
0.315284 -0.016776 0.500000
0.177485 -0.020415 0.500000
0.035611 0.024711 0.500000
-0.147118 -0.022693 0.500000
0.485768 -0.008317 0.500000
-0.193757 0.034397 0.500000
0.089213 0.021565 0.500000
0.475909 -0.007434 0.500000
0.139107 -0.021196 0.500000
-0.467193 -0.017453 0.500000
0.046362 -0.022610 0.500000
0.211642 0.013514 0.500000
-0.299715 -0.019190 0.500000
0.440146 -0.004301 0.500000
-0.342793 0.032282 0.500000
-0.353422 0.031418 0.500000
-0.208036 -0.021559 0.500000
-0.261754 -0.020144 0.500000
0.229642 0.012240 0.500000
-0.470517 -0.017296 0.500000
0.337932 0.004114 0.500000
-0.327471 -0.018628 0.500000
0.125012 0.019327 0.500000
-0.378775 -0.018050 0.500000
0.429499 -0.003389 0.500000
0.348239 -0.015717 0.500000
-0.016121 0.027488 0.500000
0.023743 -0.022842 0.500000
0.342242 -0.015916 0.500000
-0.108421 0.031672 0.500000
0.435559 -0.003907 0.500000
-0.285046 -0.019540 0.500000
0.352094 -0.015589 0.500000
0.106353 0.020506 0.500000
-0.442156 -0.017948 0.500000
-0.443405 0.017040 0.500000
0.209996 -0.019672 0.500000
-0.169153 -0.022364 0.500000
0.060398 -0.022443 0.500000
-0.000318 -0.023033 0.500000
0.152351 0.017552 0.500000
0.102387 -0.021840 0.500000
0.238950 0.011573 0.500000
0.489434 -0.008647 0.500000
-0.232562 0.035100 0.500000
-0.304474 0.034382 0.500000
-0.404714 -0.017989 0.500000
-0.017211 0.027544 0.500000
-0.352577 -0.018264 0.500000
0.458245 -0.011624 0.500000
0.475803 -0.007425 0.500000
0.192082 0.014874 0.500000
0.463679 -0.011398 0.500000
-0.022659 -0.023156 0.500000
-0.079956 0.030501 0.500000
0.039448 -0.022686 0.500000
0.182153 0.015553 0.500000
-0.088710 -0.023178 0.500000
-0.269367 0.035156 0.500000
-0.031626 0.028265 0.500000
0.219712 0.012946 0.500000
-0.422188 -0.017992 0.500000
0.382624 0.000528 0.500000
-0.129019 0.032444 0.500000
0.484391 -0.010513 0.500000
0.369332 -0.015001 0.500000
0.424831 -0.012963 0.500000
0.063953 -0.022398 0.500000
0.448366 -0.012029 0.500000
0.237353 0.011688 0.500000
0.478808 -0.007693 0.500000
0.259199 -0.018411 0.500000
0.306697 -0.017040 0.500000
-0.184693 -0.022077 0.500000
-0.052678 0.029275 0.500000
-0.176707 0.033959 0.500000
0.197094 0.014528 0.500000
0.000871 0.026607 0.500000
-0.038869 0.028619 0.500000
0.167496 0.016544 0.500000
0.430352 -0.012747 0.500000
0.309443 0.006329 0.500000
0.066870 -0.022360 0.500000
-0.122893 0.032221 0.500000
0.410199 -0.001756 0.500000
-0.015681 -0.023124 0.500000
0.271156 0.009218 0.500000
0.247135 -0.018735 0.500000
-0.191751 -0.021932 0.500000
-0.394477 -0.017998 0.500000
-0.034247 -0.023199 0.500000
-0.181764 0.034094 0.500000
0.163966 0.016781 0.500000
0.348257 0.003298 0.500000
-0.088213 0.030853 0.500000
0.109463 0.020312 0.500000
0.394842 -0.014092 0.500000
-0.400041 -0.017991 0.500000
0.367550 0.001753 0.500000
0.483863 -0.010536 0.500000
-0.051766 0.029232 0.500000
0.205818 0.013922 0.500000
0.102938 -0.021831 0.500000
0.295232 0.007413 0.500000
0.112475 0.020122 0.500000
-0.398619 -0.017993 0.500000
-0.413367 0.023538 0.500000
0.322078 -0.016564 0.500000
0.196951 0.014538 0.500000
-0.266969 0.035178 0.500000
0.439149 -0.004216 0.500000
-0.205925 -0.021609 0.500000
-0.100343 -0.023123 0.500000
-0.368097 -0.018117 0.500000
-0.340659 0.032441 0.500000
-0.214765 -0.021393 0.500000
0.014576 0.025873 0.500000
0.187121 0.015214 0.500000
0.067521 0.022869 0.500000
0.101052 0.020836 0.500000
0.247679 -0.018721 0.500000
0.304349 0.006719 0.500000
-0.415712 -0.017990 0.500000
-0.027979 0.028085 0.500000
0.180157 0.015689 0.500000
-0.467585 0.009853 0.500000
0.086409 0.021735 0.500000
0.490380 -0.010251 0.500000
-0.438777 -0.017966 0.500000
0.243248 0.011262 0.500000
0.260750 -0.018369 0.500000
-0.309775 -0.018970 0.500000
0.192194 0.014866 0.500000
-0.400240 0.025767 0.500000
-0.096257 -0.023144 0.500000
0.308639 0.006390 0.500000
-0.118369 0.032053 0.500000
0.380799 0.000677 0.500000
-0.376256 -0.018063 0.500000
-0.361299 0.030686 0.500000
0.446175 -0.004822 0.500000
-0.434769 -0.017980 0.500000
0.235728 0.011804 0.500000
0.271175 -0.018079 0.500000
-0.459178 0.012613 0.500000
-0.352174 0.031526 0.500000
-0.360037 0.030809 0.500000
0.328496 0.004854 0.500000
0.052224 0.023763 0.500000
0.072590 0.022567 0.500000
0.258134 0.010178 0.500000
-0.054646 -0.023235 0.500000
-0.003935 0.026859 0.500000
0.112884 -0.021667 0.500000
-0.121978 -0.022967 0.500000
0.088243 0.021624 0.500000
-0.020598 0.027715 0.500000
-0.491833 -0.014530 0.500000
-0.231110 0.035085 0.500000
-0.354617 -0.018241 0.500000
-0.491016 -0.014763 0.500000
0.181583 -0.020326 0.500000
-0.424045 -0.017992 0.500000
-0.049969 0.029148 0.500000
-0.108793 -0.023070 0.500000
0.324126 0.005194 0.500000
-0.373555 0.029382 0.500000
-0.327238 0.033315 0.500000
0.103103 -0.021829 0.500000
-0.151324 0.033203 0.500000
0.038354 0.024557 0.500000
-0.359711 -0.018189 0.500000
-0.182176 -0.022127 0.500000
-0.213831 0.034824 0.500000
0.109002 0.020341 0.500000
-0.237962 0.035153 0.500000
-0.041575 0.028749 0.500000
-0.200567 -0.021735 0.500000
0.425610 -0.012933 0.500000
-0.272260 0.035128 0.500000
0.033145 0.024850 0.500000
0.001724 0.026562 0.500000
-0.146990 0.033062 0.500000
-0.107873 -0.023076 0.500000
-0.307698 -0.019014 0.500000
-0.064777 -0.023234 0.500000
0.082963 0.021944 0.500000
-0.285562 -0.019527 0.500000
-0.291129 -0.019391 0.500000
-0.345907 -0.018346 0.500000
-0.403916 -0.017989 0.500000
0.021788 -0.022859 0.500000
-0.233163 -0.020915 0.500000
-0.204444 -0.021645 0.500000
0.355252 0.002741 0.500000
-0.408616 -0.017988 0.500000
-0.263447 -0.020099 0.500000
0.397073 -0.000662 0.500000
0.336773 -0.016094 0.500000
0.450313 -0.011950 0.500000
0.177151 0.015893 0.500000
-0.339772 0.032504 0.500000
-0.434199 0.019267 0.500000
0.169311 0.016422 0.500000
-0.236500 -0.020825 0.500000
-0.380276 -0.018043 0.500000
-0.384698 0.028010 0.500000
0.438036 -0.012444 0.500000
0.039705 0.024480 0.500000
-0.205071 0.034651 0.500000
0.031051 0.024967 0.500000
0.402506 -0.013810 0.500000
0.492112 -0.010175 0.500000
-0.160853 0.033501 0.500000
0.175405 -0.020460 0.500000
-0.479413 -0.016653 0.500000
0.165434 0.016682 0.500000
0.334279 -0.016175 0.500000
0.212466 -0.019613 0.500000
0.387898 -0.014344 0.500000
-0.196668 -0.021824 0.500000
0.416362 -0.013288 0.500000
0.134623 0.018710 0.500000
-0.018366 -0.023137 0.500000
0.260043 0.010038 0.500000
0.092106 -0.022001 0.500000
-0.421280 -0.017992 0.500000
0.352335 -0.015581 0.500000
-0.207879 -0.021563 0.500000
0.252579 0.010585 0.500000
-0.153494 -0.022607 0.500000
0.239842 -0.018927 0.500000
-0.196141 0.034453 0.500000
-0.046702 0.028994 0.500000
-0.163899 0.033592 0.500000
-0.082710 0.030619 0.500000
0.472935 -0.011007 0.500000
-0.060444 0.029634 0.500000
-0.101980 0.031417 0.500000
0.244366 0.011181 0.500000
-0.271161 0.035139 0.500000
-0.498104 -0.010609 0.500000
-0.129561 0.032464 0.500000
-0.147162 0.033067 0.500000
0.253687 0.010504 0.500000
-0.173957 0.033882 0.500000
0.148810 -0.021009 0.500000
-0.107248 -0.023080 0.500000
-0.221443 0.034952 0.500000
-0.034238 -0.023199 0.500000
-0.130374 0.032492 0.500000
0.454667 -0.005561 0.500000
-0.051527 0.029221 0.500000
-0.237914 0.035153 0.500000
0.468943 -0.011176 0.500000
0.171968 -0.020534 0.500000
0.310699 0.006232 0.500000
-0.215875 0.034860 0.500000
-0.116183 0.031970 0.500000
0.180814 -0.020343 0.500000
-0.228042 -0.021050 0.500000
0.051580 -0.022550 0.500000
-0.115386 -0.023022 0.500000
-0.379544 -0.018046 0.500000
0.297221 0.007262 0.500000
0.181446 -0.020329 0.500000
-0.066250 0.029897 0.500000
-0.048573 -0.023229 0.500000
-0.133356 0.032598 0.500000
-0.323539 0.033524 0.500000
-0.344517 0.032152 0.500000
-0.163834 0.033590 0.500000
0.424513 -0.012975 0.500000
0.130579 0.018970 0.500000
0.277483 -0.017901 0.500000
0.156839 0.017255 0.500000
0.315429 0.005868 0.500000
0.268733 0.009398 0.500000
-0.305514 0.034344 0.500000
-0.055334 0.029398 0.500000
-0.480945 0.004606 0.500000
0.205643 -0.019776 0.500000
-0.453818 0.014216 0.500000
-0.498338 -0.008094 0.500000
0.045612 0.024144 0.500000
-0.378703 0.028771 0.500000
-0.040780 0.028711 0.500000
-0.330772 -0.018572 0.500000
-0.027315 0.028052 0.500000
0.349630 -0.015671 0.500000
-0.234450 -0.020880 0.500000
0.330900 -0.016284 0.500000
-0.207106 0.034694 0.500000
-0.439055 0.018121 0.500000
-0.063898 0.029791 0.500000
-0.365624 0.030249 0.500000
-0.101253 0.031388 0.500000
-0.331304 -0.018563 0.500000
-0.258818 0.035218 0.500000
0.074772 0.022437 0.500000
0.414893 -0.002151 0.500000
-0.111020 0.031773 0.500000
-0.105462 -0.023092 0.500000
0.039184 0.024510 0.500000
0.071171 -0.022303 0.500000
0.258517 0.010150 0.500000
-0.080977 -0.023204 0.500000
0.217768 -0.019484 0.500000
0.469960 -0.006906 0.500000
0.437129 -0.004042 0.500000
-0.313648 -0.018890 0.500000
0.243915 0.011214 0.500000
0.338572 -0.016036 0.500000
-0.440056 -0.017960 0.500000
0.310079 -0.016937 0.500000
0.059464 -0.022455 0.500000
0.260814 -0.018367 0.500000
0.062407 -0.022417 0.500000
-0.415667 0.023113 0.500000
-0.134655 -0.022842 0.500000
-0.452333 0.014640 0.500000
0.484824 -0.008232 0.500000
-0.413399 0.023532 0.500000
-0.389880 -0.018008 0.500000
0.119713 -0.021549 0.500000
-0.332271 -0.018547 0.500000
0.491372 -0.008822 0.500000
-0.400042 0.025798 0.500000
0.092768 -0.021991 0.500000
-0.077819 0.030408 0.500000
-0.361706 0.030645 0.500000
-0.423123 -0.017992 0.500000
0.113538 -0.021656 0.500000
-0.161076 -0.022495 0.500000
-0.359341 0.030875 0.500000
0.442198 -0.012278 0.500000
0.197197 0.014521 0.500000
-0.181169 0.034079 0.500000
0.031842 -0.022764 0.500000
0.337694 0.004133 0.500000
0.291926 -0.017482 0.500000
0.215351 -0.019543 0.500000
-0.025785 -0.023169 0.500000
0.254707 -0.018533 0.500000
0.458512 -0.011613 0.500000
0.296959 0.007282 0.500000
0.453734 -0.011810 0.500000
0.198781 0.014411 0.500000
-0.305173 0.034357 0.500000
-0.449705 0.015374 0.500000
-0.463015 0.011394 0.500000
0.279633 0.008587 0.500000
-0.050535 0.029175 0.500000
-0.261628 0.035209 0.500000
0.357139 0.002590 0.500000
-0.467133 0.010010 0.500000
0.294475 0.007470 0.500000
0.181463 0.015600 0.500000
-0.147596 -0.022687 0.500000
-0.257939 -0.020246 0.500000
0.378858 -0.014667 0.500000
-0.498050 -0.010715 0.500000
-0.385883 -0.018020 0.500000
-0.430002 0.020208 0.500000
0.310235 0.006268 0.500000
0.019327 -0.022881 0.500000
0.177845 0.015846 0.500000
0.181924 0.015569 0.500000
0.189201 0.015072 0.500000
0.008545 -0.022969 0.500000
-0.038258 0.028589 0.500000
-0.279765 -0.019673 0.500000
-0.052274 0.029256 0.500000
-0.244521 0.035198 0.500000
0.048595 -0.022585 0.500000
0.263480 0.009786 0.500000
-0.490074 -0.015005 0.500000
-0.455431 0.013745 0.500000
0.358666 -0.015367 0.500000
-0.481268 -0.016459 0.500000
-0.010085 0.027179 0.500000
-0.397071 0.026257 0.500000
-0.222433 -0.021197 0.500000
0.446957 -0.012086 0.500000
-0.113331 -0.023038 0.500000
-0.252537 -0.020392 0.500000
0.353188 -0.015552 0.500000
0.406193 -0.001421 0.500000
-0.491594 -0.014600 0.500000
-0.209986 -0.021511 0.500000
0.340458 -0.015974 0.500000
-0.487004 -0.015646 0.500000
-0.030261 -0.023186 0.500000
-0.459547 0.012499 0.500000
0.109664 0.020299 0.500000
0.294176 0.007493 0.500000
0.206209 0.013895 0.500000
0.160897 -0.020766 0.500000
0.120143 -0.021542 0.500000
-0.215944 0.034861 0.500000
-0.467276 -0.017449 0.500000
0.496382 -0.009276 0.500000
0.303007 0.006821 0.500000
-0.251551 0.035222 0.500000
-0.038570 -0.023210 0.500000
-0.305021 0.034363 0.500000
0.135265 -0.021268 0.500000
-0.157583 0.033400 0.500000
-0.052982 -0.023234 0.500000
0.300313 0.007027 0.500000
-0.279422 0.035029 0.500000
0.061137 0.023245 0.500000
0.272271 -0.018049 0.500000
0.215763 0.013224 0.500000
0.214702 0.013299 0.500000
0.129973 0.019009 0.500000
-0.397190 0.026239 0.500000
-0.488054 -0.015448 0.500000
0.358421 -0.015375 0.500000
-0.017697 0.027569 0.500000
-0.366640 -0.018128 0.500000
-0.198970 -0.021772 0.500000
0.040994 -0.022669 0.500000
-0.012092 -0.023105 0.500000
-0.411922 -0.017989 0.500000
-0.346615 0.031987 0.500000
0.172276 0.016223 0.500000
0.139246 -0.021194 0.500000
-0.431237 0.019937 0.500000
0.296754 0.007297 0.500000
0.208594 -0.019706 0.500000
-0.081741 0.030578 0.500000
-0.091405 -0.023167 0.500000
-0.313906 0.034000 0.500000
0.072117 -0.022290 0.500000
-0.067313 0.029945 0.500000
-0.420532 0.022178 0.500000
-0.143433 0.032944 0.500000
-0.160903 -0.022497 0.500000
-0.367914 0.030009 0.500000
0.123039 0.019453 0.500000
-0.389521 0.027358 0.500000
0.238230 -0.018968 0.500000
0.138943 0.018430 0.500000
0.164784 0.016726 0.500000
-0.286754 -0.019498 0.500000
-0.166257 0.033662 0.500000
-0.079911 0.030499 0.500000
0.426134 -0.012912 0.500000
-0.115074 -0.023024 0.500000
0.142142 0.018221 0.500000
-0.304758 0.034372 0.500000
-0.328077 -0.018617 0.500000
0.204803 -0.019796 0.500000
-0.213038 0.034810 0.500000
-0.066690 -0.023232 0.500000
-0.167956 0.033712 0.500000
-0.186546 -0.022040 0.500000
-0.306252 0.034315 0.500000
0.042299 -0.022655 0.500000
-0.405928 0.024841 0.500000
-0.125092 -0.022939 0.500000
0.049520 0.023920 0.500000
-0.385962 0.027842 0.500000
-0.122280 0.032199 0.500000
-0.165139 -0.022430 0.500000
0.177628 -0.020412 0.500000
0.271344 0.009204 0.500000
0.092024 0.021393 0.500000
-0.452678 -0.017841 0.500000
-0.107696 -0.023077 0.500000
0.382079 0.000573 0.500000
0.365667 -0.015127 0.500000
-0.447108 0.016076 0.500000
-0.048955 -0.023230 0.500000
-0.397512 0.026190 0.500000
0.192409 0.014851 0.500000
0.207921 -0.019722 0.500000
-0.355508 -0.018232 0.500000
-0.032278 -0.023192 0.500000
-0.490569 -0.014881 0.500000
0.094419 0.021246 0.500000
0.168421 0.016482 0.500000
0.421837 -0.002737 0.500000
-0.290295 -0.019411 0.500000
-0.221016 -0.021234 0.500000
0.304022 -0.017121 0.500000
0.467024 -0.006646 0.500000
0.439606 -0.004255 0.500000
0.114084 -0.021646 0.500000
0.452739 -0.011850 0.500000
0.008255 -0.022971 0.500000
0.229550 0.012247 0.500000
-0.068138 -0.023230 0.500000
-0.316573 0.033876 0.500000
0.164972 0.016713 0.500000
-0.102873 0.031453 0.500000
-0.191134 0.034333 0.500000
0.258695 0.010137 0.500000
0.489553 -0.010287 0.500000
0.319004 -0.016660 0.500000
0.190035 -0.020137 0.500000
-0.185348 0.034188 0.500000
-0.176000 0.033939 0.500000
0.339358 -0.016010 0.500000
0.312330 -0.016868 0.500000
0.145225 0.018020 0.500000
-0.026770 0.028025 0.500000
-0.006565 0.026996 0.500000
-0.192045 -0.021925 0.500000
0.328453 -0.016362 0.500000
0.318297 -0.016683 0.500000
0.195958 -0.020002 0.500000
-0.391191 0.027121 0.500000
0.412447 -0.001945 0.500000
0.299460 0.007091 0.500000
-0.068411 -0.023230 0.500000
-0.070510 0.030087 0.500000
-0.069169 0.030028 0.500000
-0.394880 0.026586 0.500000
-0.364977 -0.018142 0.500000
0.284723 0.008205 0.500000
0.353892 0.002850 0.500000
0.140415 -0.021171 0.500000
-0.430934 -0.017987 0.500000
0.448204 -0.004998 0.500000
0.488524 -0.008565 0.500000
0.007486 -0.022977 0.500000
-0.032952 0.028330 0.500000
-0.474793 -0.017035 0.500000
0.165070 0.016707 0.500000
0.286213 0.008093 0.500000
-0.029439 0.028157 0.500000
-0.378327 -0.018052 0.500000
0.041300 0.024390 0.500000
0.146783 0.017918 0.500000
0.027417 -0.022807 0.500000
-0.017911 -0.023135 0.500000
0.084345 -0.022117 0.500000
0.234468 0.011895 0.500000
-0.421230 -0.017992 0.500000
0.361170 -0.015282 0.500000
0.450409 -0.011946 0.500000
-0.209413 0.034739 0.500000
0.326547 0.005006 0.500000
-0.063360 0.029767 0.500000
0.045403 -0.022621 0.500000
-0.152648 0.033245 0.500000
-0.497785 -0.011142 0.500000
-0.246830 0.035209 0.500000
0.365018 -0.015150 0.500000
-0.118741 -0.022995 0.500000
0.015683 0.025813 0.500000
0.257908 -0.018446 0.500000
0.115872 0.019908 0.500000
-0.477273 -0.016845 0.500000
-0.267240 -0.019998 0.500000
0.320515 0.005475 0.500000
0.260034 0.010039 0.500000
-0.258515 -0.020231 0.500000
-0.466370 0.010273 0.500000
0.299417 -0.017260 0.500000
0.186326 0.015269 0.500000
-0.193472 0.034390 0.500000
-0.393961 -0.017999 0.500000
0.199394 0.014369 0.500000
-0.366736 0.030133 0.500000
-0.422382 0.021809 0.500000
-0.383463 -0.018029 0.500000
-0.002701 -0.023049 0.500000
-0.415758 0.023096 0.500000
-0.193887 -0.021885 0.500000
-0.048943 0.029100 0.500000
-0.487406 -0.015573 0.500000
0.196011 0.014603 0.500000
-0.175427 0.033923 0.500000
-0.061693 -0.023235 0.500000
-0.002443 -0.023047 0.500000
0.154023 0.017441 0.500000
-0.480363 -0.016557 0.500000
0.446953 -0.012086 0.500000
-0.135162 -0.022836 0.500000
-0.363904 0.030427 0.500000
-0.366026 0.030207 0.500000
-0.357575 0.031042 0.500000
0.431793 -0.003585 0.500000
0.263263 0.009801 0.500000
0.231135 -0.019150 0.500000
0.009890 -0.022959 0.500000
0.234068 -0.019076 0.500000
0.265446 0.009641 0.500000
-0.390750 0.027184 0.500000
-0.438517 -0.017967 0.500000
0.367646 0.001746 0.500000
-0.195552 0.034439 0.500000
-0.193560 0.034392 0.500000
0.090618 -0.022024 0.500000
-0.336032 0.032764 0.500000
0.090976 0.021457 0.500000
0.082354 -0.022146 0.500000
-0.231011 -0.020972 0.500000
-0.171874 -0.022317 0.500000
-0.453415 0.014331 0.500000
0.209910 -0.019674 0.500000
-0.343961 0.032194 0.500000
0.109049 -0.021731 0.500000
-0.025294 0.027951 0.500000
-0.130367 0.032492 0.500000
0.293754 -0.017429 0.500000
-0.149745 -0.022658 0.500000
0.499931 -0.009599 0.500000
-0.317448 -0.018814 0.500000
0.056629 -0.022489 0.500000
0.471850 -0.007073 0.500000
-0.431909 -0.017986 0.500000
0.060540 0.023280 0.500000
0.272886 -0.018031 0.500000
-0.264062 -0.020082 0.500000
0.378372 -0.014684 0.500000
-0.293233 -0.019341 0.500000
0.368437 -0.015032 0.500000
0.415630 -0.013316 0.500000
-0.420936 0.022098 0.500000
-0.328117 0.033265 0.500000
0.041242 -0.022667 0.500000
0.144820 -0.021087 0.500000
0.376745 -0.014741 0.500000
-0.234290 0.035119 0.500000
0.442364 -0.012271 0.500000
-0.127846 -0.022912 0.500000
-0.147742 0.033086 0.500000
0.148501 0.017805 0.500000
-0.016226 -0.023126 0.500000
-0.468525 0.009523 0.500000
0.047684 -0.022595 0.500000
0.457013 -0.005766 0.500000
0.073290 -0.022274 0.500000
-0.133051 0.032587 0.500000
0.254892 0.010416 0.500000
-0.456419 0.013452 0.500000
-0.468480 -0.017397 0.500000
-0.247261 0.035211 0.500000
-0.213328 0.034815 0.500000
-0.472616 0.008025 0.500000
0.453618 -0.005469 0.500000
0.456391 -0.011700 0.500000
-0.435419 0.018985 0.500000
0.040275 -0.022677 0.500000
0.076812 0.022315 0.500000
0.263355 0.009795 0.500000
-0.088265 0.030855 0.500000
0.244836 -0.018796 0.500000
-0.178422 0.034006 0.500000
0.162785 0.016859 0.500000
-0.199251 0.034524 0.500000
-0.397091 0.026254 0.500000
0.347441 0.003363 0.500000
0.047089 -0.022602 0.500000
-0.421113 0.022063 0.500000
-0.468742 -0.017384 0.500000
0.340511 -0.015972 0.500000
-0.406155 -0.017988 0.500000
-0.345193 -0.018355 0.500000
-0.285371 0.034920 0.500000
-0.315037 -0.018861 0.500000
0.023309 -0.022846 0.500000
0.188575 -0.020170 0.500000
-0.461373 0.011923 0.500000
-0.237994 0.035153 0.500000
0.200575 0.014287 0.500000
0.093567 -0.021979 0.500000
0.308020 0.006438 0.500000
0.441953 -0.004457 0.500000
-0.397802 -0.017994 0.500000
-0.134081 -0.022848 0.500000
-0.019853 0.027678 0.500000
0.214029 -0.019575 0.500000
-0.426752 -0.017991 0.500000
0.232521 0.012034 0.500000
-0.141251 -0.022767 0.500000
-0.212517 0.034800 0.500000
-0.427526 0.020744 0.500000
0.453246 -0.005437 0.500000
0.440462 -0.012347 0.500000
0.105454 -0.021790 0.500000
0.056730 0.023502 0.500000
-0.191533 -0.021937 0.500000
0.377120 -0.014728 0.500000
-0.216029 -0.021361 0.500000
0.274814 -0.017977 0.500000
-0.215569 -0.021373 0.500000
-0.397767 -0.017994 0.500000
0.318221 -0.016685 0.500000
-0.313304 0.034026 0.500000
-0.263030 0.035201 0.500000
0.393317 -0.000351 0.500000
-0.283033 0.034966 0.500000
-0.215671 0.034856 0.500000
-0.248777 -0.020494 0.500000
0.293702 0.007528 0.500000
-0.057348 0.029491 0.500000
-0.258888 -0.020221 0.500000
0.437022 -0.004033 0.500000
-0.288765 0.034846 0.500000
-0.454999 -0.017802 0.500000
-0.438822 -0.017966 0.500000
0.158527 0.017143 0.500000
0.164910 -0.020683 0.500000
-0.019707 -0.023143 0.500000
0.188552 0.015116 0.500000
0.478478 -0.007663 0.500000
0.390205 -0.000094 0.500000
0.268033 0.009449 0.500000
0.359845 0.002374 0.500000
0.215209 -0.019546 0.500000
-0.326880 0.033336 0.500000
0.308704 0.006385 0.500000
-0.117446 -0.023005 0.500000
-0.388771 -0.018011 0.500000
0.265649 -0.018234 0.500000
0.368614 0.001668 0.500000
0.222948 0.012717 0.500000
-0.342964 -0.018386 0.500000
-0.434729 0.019146 0.500000
-0.305041 -0.019071 0.500000
-0.397059 -0.017994 0.500000
0.436198 -0.012517 0.500000
-0.397154 0.026244 0.500000
0.479722 -0.007774 0.500000
0.275977 -0.017944 0.500000
0.400982 -0.000986 0.500000
-0.013588 -0.023113 0.500000
0.087501 -0.022071 0.500000
-0.025627 0.027968 0.500000
-0.130980 -0.022881 0.500000
0.220894 -0.019407 0.500000
0.137188 -0.021232 0.500000
0.287312 -0.017618 0.500000
-0.077137 -0.023214 0.500000
0.275903 -0.017946 0.500000
0.071502 0.022632 0.500000
-0.208828 -0.021540 0.500000
0.381620 -0.014569 0.500000
-0.242995 -0.020650 0.500000
0.199834 0.014338 0.500000
-0.279476 0.035028 0.500000
-0.044333 0.028881 0.500000
0.065998 0.022959 0.500000
0.089309 -0.022044 0.500000
0.287962 0.007962 0.500000
-0.008007 0.027071 0.500000
-0.412032 0.023780 0.500000
0.131164 -0.021344 0.500000
-0.025042 -0.023166 0.500000
0.207554 -0.019731 0.500000
0.311452 0.006174 0.500000
0.109041 0.020338 0.500000
0.192336 0.014856 0.500000
0.308673 -0.016980 0.500000
-0.065310 0.029854 0.500000
0.266269 0.009580 0.500000
0.132204 -0.021325 0.500000
-0.389902 0.027304 0.500000
0.013878 0.025911 0.500000
-0.490372 -0.000259 0.500000
-0.168833 0.033737 0.500000
0.380385 0.000711 0.500000
0.082067 0.021999 0.500000
-0.149377 -0.022663 0.500000
0.345241 -0.015817 0.500000
-0.229572 -0.021010 0.500000
0.067576 0.022865 0.500000
0.451083 -0.005249 0.500000
-0.062765 -0.023235 0.500000
0.361144 -0.015283 0.500000
0.337495 -0.016071 0.500000
-0.257184 0.035221 0.500000
-0.209708 0.034745 0.500000
0.363850 0.002052 0.500000
-0.176522 0.033953 0.500000
0.124404 0.019366 0.500000
0.447757 -0.004959 0.500000
0.475926 -0.010879 0.500000
0.243862 0.011218 0.500000
0.079130 -0.022192 0.500000
0.428783 -0.012809 0.500000
-0.030121 0.028191 0.500000
0.163537 0.016809 0.500000
-0.082958 -0.023199 0.500000
-0.102587 -0.023110 0.500000
0.156803 -0.020850 0.500000
-0.443554 -0.017939 0.500000
-0.330876 -0.018570 0.500000
-0.235096 -0.020863 0.500000
-0.100731 -0.023120 0.500000
0.426433 -0.003127 0.500000
0.460626 -0.006083 0.500000
0.375670 0.001095 0.500000
-0.252990 -0.020380 0.500000
0.429027 -0.012799 0.500000
-0.418319 -0.017991 0.500000
-0.331886 -0.018553 0.500000
-0.219885 -0.021263 0.500000
0.499712 -0.009836 0.500000
-0.433214 0.019492 0.500000
0.139670 0.018382 0.500000
0.396707 -0.000632 0.500000
-0.174280 -0.022275 0.500000
0.223919 0.012648 0.500000
0.016062 -0.022909 0.500000
0.411338 -0.013479 0.500000
-0.104059 0.031500 0.500000
-0.438952 0.018146 0.500000
-0.229330 0.035063 0.500000
-0.483782 -0.016149 0.500000
0.018573 -0.022888 0.500000
-0.383704 -0.018028 0.500000
-0.257235 0.035221 0.500000
0.374490 0.001191 0.500000
0.321364 -0.016586 0.500000
0.055949 0.023548 0.500000
0.259817 -0.018394 0.500000
-0.368224 -0.018116 0.500000
-0.008695 -0.023086 0.500000
0.070106 -0.022317 0.500000
0.391097 -0.014228 0.500000
-0.140903 0.032859 0.500000
-0.329137 -0.018599 0.500000
0.226955 -0.019256 0.500000
-0.428504 0.020533 0.500000
0.387659 -0.014352 0.500000
-0.256660 0.035222 0.500000
0.463447 -0.011407 0.500000
-0.221894 -0.021211 0.500000
0.095271 -0.021953 0.500000
0.476964 -0.007528 0.500000
0.349101 -0.015689 0.500000
-0.407316 0.024606 0.500000
-0.202825 -0.021683 0.500000
0.026418 0.025225 0.500000
-0.153077 -0.022613 0.500000
-0.025782 -0.023169 0.500000
-0.194145 0.034406 0.500000
-0.082695 -0.023199 0.500000
-0.162487 -0.022473 0.500000
-0.279984 -0.019667 0.500000
0.082969 -0.022137 0.500000
-0.085150 0.030723 0.500000
-0.089694 -0.023174 0.500000
0.365845 -0.015121 0.500000
-0.367095 0.030095 0.500000
0.477148 -0.010827 0.500000
-0.401766 0.025524 0.500000
-0.416737 0.022912 0.500000
0.275623 -0.017954 0.500000
0.183668 0.015450 0.500000
-0.065576 0.029866 0.500000
-0.120681 0.032139 0.500000
0.487152 -0.010393 0.500000
-0.001945 -0.023044 0.500000
-0.108098 0.031659 0.500000
-0.476502 0.006501 0.500000
-0.094264 0.031104 0.500000
-0.038862 0.028618 0.500000
-0.177806 -0.022210 0.500000
0.430003 -0.003432 0.500000
0.229756 0.012232 0.500000
0.465272 -0.011331 0.500000
-0.371190 -0.018095 0.500000
-0.081064 0.030548 0.500000
-0.210355 -0.021502 0.500000
0.263778 -0.018285 0.500000
0.237536 0.011674 0.500000
-0.202769 -0.021685 0.500000
0.361643 0.002229 0.500000
0.022124 0.025462 0.500000
0.394005 -0.014122 0.500000
-0.118844 0.032071 0.500000
0.480575 -0.010679 0.500000
-0.458608 0.012789 0.500000
0.332794 0.004518 0.500000
0.300239 -0.017235 0.500000
0.034185 0.024792 0.500000
0.213647 0.013373 0.500000
0.269518 0.009340 0.500000
0.066205 -0.022368 0.500000
0.414747 -0.002138 0.500000
-0.105106 0.031541 0.500000
-0.450047 -0.017877 0.500000
-0.362434 0.030573 0.500000
-0.105982 0.031576 0.500000
0.226195 0.012486 0.500000
-0.089326 0.030899 0.500000
0.351236 0.003061 0.500000
-0.032718 0.028319 0.500000
-0.486054 0.002157 0.500000
-0.215171 -0.021383 0.500000
0.355227 0.002743 0.500000
-0.403176 -0.017989 0.500000
-0.133265 -0.022857 0.500000
-0.377112 -0.018059 0.500000
0.466805 -0.011266 0.500000
-0.199165 0.034522 0.500000
0.130887 -0.021349 0.500000
-0.485865 0.002255 0.500000
-0.437343 0.018532 0.500000
-0.410624 -0.017989 0.500000
0.326875 -0.016412 0.500000
0.004374 -0.023000 0.500000
-0.318189 -0.018799 0.500000
-0.321601 0.033626 0.500000
-0.312861 -0.018906 0.500000
-0.196958 0.034472 0.500000
0.445793 -0.004789 0.500000
-0.313094 -0.018901 0.500000
-0.453693 -0.017825 0.500000
-0.263905 0.035196 0.500000
-0.434353 -0.017981 0.500000
0.477454 -0.007572 0.500000
-0.079862 -0.023207 0.500000
-0.363227 0.030494 0.500000
0.431451 -0.012704 0.500000
0.293042 0.007578 0.500000
0.106174 0.020517 0.500000
-0.300448 -0.019173 0.500000
-0.104944 -0.023095 0.500000
-0.408372 -0.017988 0.500000
0.430988 -0.003516 0.500000
-0.068706 0.030007 0.500000
0.119645 0.019669 0.500000
-0.301092 -0.019159 0.500000
-0.118879 0.032072 0.500000
-0.087784 -0.023182 0.500000
-0.283868 -0.019569 0.500000
-0.396199 -0.017995 0.500000
-0.417639 -0.017991 0.500000
0.273442 -0.018016 0.500000
0.501032 -0.009777 0.500000
0.248208 0.010903 0.500000
0.017013 0.025741 0.500000
-0.183678 0.034145 0.500000
0.166050 -0.020659 0.500000
-0.031888 -0.023191 0.500000
0.321937 -0.016568 0.500000
0.105277 -0.021793 0.500000
0.225116 0.012563 0.500000
-0.329028 0.033211 0.500000
-0.478185 0.005804 0.500000
0.041996 -0.022659 0.500000
0.025507 0.025275 0.500000
0.267795 -0.018174 0.500000
-0.452213 -0.017848 0.500000
0.387952 0.000091 0.500000
-0.186653 -0.022038 0.500000
0.378381 -0.014684 0.500000
0.357697 -0.015400 0.500000
-0.467133 -0.017456 0.500000
0.260850 -0.018366 0.500000
-0.241842 -0.020681 0.500000
-0.142416 -0.022752 0.500000
0.249884 0.010781 0.500000
-0.406036 0.024823 0.500000
-0.061487 0.029681 0.500000
-0.056700 -0.023235 0.500000
0.398901 -0.013943 0.500000
-0.139908 0.032825 0.500000
0.154057 0.017439 0.500000
-0.068433 -0.023230 0.500000
-0.299222 0.034560 0.500000
0.039439 0.024495 0.500000
-0.015767 0.027470 0.500000
0.308729 -0.016978 0.500000
0.314858 0.005912 0.500000
-0.331872 -0.018553 0.500000
-0.412625 0.023673 0.500000
-0.460887 -0.017670 0.500000
0.405291 -0.013706 0.500000
-0.108512 -0.023072 0.500000
0.252030 0.010625 0.500000
-0.022211 0.027797 0.500000
-0.024150 0.027894 0.500000
0.418859 -0.013193 0.500000
0.453296 -0.011828 0.500000
0.206006 0.013909 0.500000
-0.210403 -0.021501 0.500000
0.271167 0.009217 0.500000
0.068472 -0.022339 0.500000
0.093946 -0.021973 0.500000
-0.208505 -0.021548 0.500000
-0.340326 -0.018423 0.500000
-0.256629 -0.020282 0.500000
-0.236397 0.035141 0.500000
-0.102709 0.031446 0.500000
0.154349 -0.020899 0.500000
-0.090688 -0.023170 0.500000
0.302390 0.006868 0.500000
0.028474 0.025110 0.500000
0.045162 0.024170 0.500000
0.013112 -0.022933 0.500000
0.018949 -0.022884 0.500000
-0.313123 0.034034 0.500000
-0.161481 -0.022488 0.500000
-0.332861 -0.018537 0.500000
-0.446027 0.016362 0.500000
0.118005 -0.021579 0.500000
-0.063893 -0.023234 0.500000
0.317300 0.005723 0.500000
-0.420017 -0.017992 0.500000
0.071737 0.022618 0.500000
0.438989 -0.004202 0.500000
0.184100 0.015421 0.500000
0.313889 -0.016819 0.500000
0.439223 -0.004222 0.500000
0.272217 -0.018050 0.500000
-0.107389 0.031632 0.500000
-0.068221 0.029985 0.500000
0.171923 0.016247 0.500000
0.268420 -0.018156 0.500000
0.394171 -0.000422 0.500000
0.405076 -0.013714 0.500000
0.103279 -0.021826 0.500000
-0.197839 -0.021798 0.500000
0.332871 -0.016220 0.500000
-0.285379 -0.019532 0.500000
0.148445 -0.021016 0.500000
0.456840 -0.011682 0.500000
0.027762 0.025150 0.500000
-0.217874 -0.021314 0.500000
-0.324906 -0.018673 0.500000
-0.008252 -0.023083 0.500000
0.371938 -0.014910 0.500000
-0.115981 0.031963 0.500000
-0.498461 -0.009271 0.500000
-0.054458 0.029358 0.500000
-0.230200 -0.020993 0.500000
-0.398190 0.026087 0.500000
-0.368438 0.029952 0.500000
-0.322564 0.033575 0.500000
0.115065 0.019959 0.500000
0.200368 -0.019900 0.500000
-0.154405 0.033301 0.500000
0.429036 -0.012799 0.500000
0.321488 0.005399 0.500000
-0.269624 -0.019935 0.500000
-0.091478 0.030989 0.500000
0.109214 0.020327 0.500000
-0.418723 -0.017991 0.500000
-0.212574 0.034801 0.500000
0.055759 0.023559 0.500000
-0.345991 0.032037 0.500000
-0.470403 -0.017302 0.500000
0.095093 0.021204 0.500000
-0.335714 0.032785 0.500000
-0.320614 -0.018753 0.500000
-0.118404 0.032055 0.500000
-0.010235 0.027187 0.500000
0.040678 0.024425 0.500000
0.181072 0.015627 0.500000
-0.199503 -0.021760 0.500000
-0.151580 0.033211 0.500000
-0.328146 0.033264 0.500000
0.067013 -0.022358 0.500000
-0.011371 -0.023101 0.500000
-0.374310 0.029297 0.500000
0.305543 -0.017075 0.500000
-0.475464 -0.016987 0.500000
0.240625 -0.018906 0.500000
-0.270799 -0.019904 0.500000
-0.101090 -0.023118 0.500000
0.324043 0.005201 0.500000
-0.485369 -0.015919 0.500000
-0.205080 -0.021630 0.500000
-0.384501 0.028036 0.500000
0.451422 -0.011904 0.500000
0.058127 -0.022471 0.500000
0.313292 -0.016838 0.500000
0.047868 -0.022593 0.500000
-0.363898 0.030427 0.500000
0.084027 -0.022122 0.500000
0.371616 -0.014921 0.500000
-0.163109 -0.022463 0.500000
0.165699 -0.020667 0.500000
0.401490 -0.013847 0.500000
0.150961 0.017644 0.500000
0.203368 0.014093 0.500000
0.434419 -0.012587 0.500000
-0.345966 -0.018345 0.500000
-0.274344 -0.019812 0.500000
-0.088829 -0.023178 0.500000
0.398257 -0.000760 0.500000
0.223442 -0.019344 0.500000
-0.222005 0.034961 0.500000
0.460163 -0.011544 0.500000
0.395655 -0.014062 0.500000
0.286434 -0.017643 0.500000
-0.491585 -0.014603 0.500000
0.026941 -0.022812 0.500000
0.092760 -0.021991 0.500000
0.343118 -0.015887 0.500000
0.475206 -0.007372 0.500000
-0.000749 0.026692 0.500000
-0.043117 0.028823 0.500000
-0.364253 0.030391 0.500000
-0.347590 0.031908 0.500000
-0.273862 -0.019824 0.500000
0.253316 -0.018570 0.500000
-0.393937 -0.017999 0.500000
0.485495 -0.010465 0.500000
0.478395 -0.010773 0.500000
0.276301 -0.017935 0.500000
-0.428555 -0.017990 0.500000
0.390007 -0.000078 0.500000
0.467154 -0.006658 0.500000
-0.352973 0.031458 0.500000
-0.190764 -0.021953 0.500000
-0.106202 0.031585 0.500000
0.007736 -0.022975 0.500000
-0.325512 0.033414 0.500000
-0.464961 0.010750 0.500000
-0.074953 0.030283 0.500000
0.123368 0.019432 0.500000
0.350981 -0.015626 0.500000
0.236681 0.011736 0.500000
-0.026332 0.028003 0.500000
-0.398586 0.026025 0.500000
0.201166 -0.019881 0.500000
-0.448504 -0.017895 0.500000
-0.047362 0.029025 0.500000
-0.474564 -0.017052 0.500000
-0.102442 -0.023110 0.500000
0.441645 -0.004431 0.500000
0.202538 -0.019849 0.500000
0.010381 -0.022955 0.500000
0.004382 -0.023000 0.500000
-0.033221 -0.023195 0.500000
-0.215513 0.034854 0.500000
-0.172838 -0.022300 0.500000
-0.486686 -0.015702 0.500000
0.135291 0.018666 0.500000
-0.149686 0.033150 0.500000
0.347057 0.003394 0.500000
0.293391 0.007552 0.500000
0.074017 -0.022264 0.500000
0.411202 -0.001840 0.500000
-0.439771 -0.017961 0.500000
0.081360 0.022041 0.500000
-0.235388 -0.020855 0.500000
-0.434872 0.019113 0.500000
-0.269499 -0.019938 0.500000
-0.209407 0.034739 0.500000
-0.474144 -0.017080 0.500000
-0.465003 0.010736 0.500000
-0.270289 0.035147 0.500000
0.089661 0.021537 0.500000
-0.186123 -0.022049 0.500000
0.064615 0.023040 0.500000
-0.053734 0.029324 0.500000
0.062547 -0.022416 0.500000
-0.176727 -0.022230 0.500000
-0.490109 -0.000099 0.500000
0.466538 -0.006603 0.500000
0.149891 0.017714 0.500000
0.305439 -0.017078 0.500000
-0.444124 -0.017935 0.500000
-0.216033 0.034863 0.500000
-0.132408 0.032565 0.500000
-0.412078 -0.017989 0.500000
-0.497799 -0.011123 0.500000
0.195046 0.014669 0.500000
0.225596 -0.019290 0.500000
-0.434234 -0.017981 0.500000
0.223882 0.012650 0.500000
0.067316 0.022881 0.500000
-0.001836 0.026749 0.500000
0.269166 -0.018136 0.500000
-0.071619 -0.023225 0.500000
-0.185711 -0.022057 0.500000
-0.169385 -0.022360 0.500000
0.142192 0.018218 0.500000
0.177282 -0.020420 0.500000
-0.094881 0.031129 0.500000
-0.230680 -0.020980 0.500000
0.486124 -0.010438 0.500000
0.372868 0.001323 0.500000
0.233443 -0.019091 0.500000
0.326389 0.005018 0.500000
-0.109584 0.031717 0.500000
0.403014 -0.001156 0.500000
-0.276744 0.035069 0.500000
-0.245511 -0.020582 0.500000
0.393619 -0.014136 0.500000
-0.015846 0.027474 0.500000
-0.439125 -0.017964 0.500000
0.016795 0.025753 0.500000
-0.254404 0.035226 0.500000
-0.192186 0.034358 0.500000
0.133303 0.018795 0.500000
0.202262 -0.019856 0.500000
0.264883 -0.018255 0.500000
-0.141404 0.032876 0.500000
-0.130343 0.032491 0.500000
0.346301 -0.015782 0.500000
0.205406 -0.019782 0.500000
-0.010142 -0.023094 0.500000
0.233847 -0.019081 0.500000
-0.153029 0.033257 0.500000
0.211921 -0.019626 0.500000
0.476646 -0.010848 0.500000
0.050927 -0.022558 0.500000
-0.202618 -0.021688 0.500000
0.042182 -0.022657 0.500000
0.349288 0.003216 0.500000
-0.248587 0.035217 0.500000
-0.005958 0.026965 0.500000
-0.164806 -0.022436 0.500000
-0.184661 0.034170 0.500000
-0.319045 0.033758 0.500000
0.028178 -0.022800 0.500000
0.470522 -0.006956 0.500000
-0.073966 -0.023221 0.500000
0.370198 -0.014971 0.500000
-0.292507 -0.019358 0.500000
0.455450 -0.005629 0.500000
0.145316 -0.021077 0.500000
-0.385354 -0.018022 0.500000
0.154747 -0.020891 0.500000
0.402037 -0.013827 0.500000
0.089414 -0.022042 0.500000
0.426723 -0.012889 0.500000
0.078593 0.022208 0.500000
0.361213 -0.015280 0.500000
-0.468711 0.009456 0.500000
0.326171 -0.016435 0.500000
0.410187 -0.001755 0.500000
0.086454 -0.022086 0.500000
0.166846 -0.020643 0.500000
0.150890 0.017648 0.500000
0.475657 -0.007412 0.500000
-0.022308 0.027802 0.500000
-0.475073 -0.017016 0.500000
-0.167333 -0.022394 0.500000
0.183558 0.015458 0.500000
-0.037574 0.028556 0.500000
0.318008 -0.016692 0.500000
-0.383095 0.028219 0.500000
0.284151 0.008248 0.500000
-0.144329 -0.022728 0.500000
0.489585 -0.008660 0.500000
-0.201603 0.034577 0.500000
-0.077806 -0.023213 0.500000
0.192342 -0.020085 0.500000
-0.493478 -0.002347 0.500000
-0.086206 -0.023187 0.500000
0.314607 0.005931 0.500000
0.448223 -0.012035 0.500000
0.252289 -0.018598 0.500000
-0.190151 0.034309 0.500000
0.351403 0.003048 0.500000
-0.208626 0.034724 0.500000
-0.086416 -0.023187 0.500000
0.304798 0.006684 0.500000
0.193914 -0.020049 0.500000
-0.079219 0.030469 0.500000
0.388988 -0.014305 0.500000
-0.344866 0.032125 0.500000
-0.288775 -0.019448 0.500000
0.103008 0.020715 0.500000
-0.462858 0.011446 0.500000
0.433536 -0.003734 0.500000
0.359968 -0.015323 0.500000
0.190770 -0.020121 0.500000
-0.078886 0.030455 0.500000
-0.481913 0.004167 0.500000
0.004360 0.026422 0.500000
-0.105503 0.031557 0.500000
-0.212530 0.034801 0.500000
-0.438897 -0.017966 0.500000
-0.166535 0.033670 0.500000
0.245230 0.011119 0.500000
0.315464 -0.016771 0.500000
-0.143551 0.032948 0.500000
-0.435616 -0.017977 0.500000
0.413368 -0.002022 0.500000
-0.003184 -0.023052 0.500000
-0.450527 0.015147 0.500000
0.030604 0.024992 0.500000
-0.188513 -0.021999 0.500000
-0.104766 0.031528 0.500000
-0.288569 0.034851 0.500000
0.316739 -0.016731 0.500000
0.481260 -0.007912 0.500000
-0.472952 0.007897 0.500000
-0.259933 0.035216 0.500000
0.453204 -0.011831 0.500000
0.198356 -0.019947 0.500000
0.234809 0.011870 0.500000
0.204715 0.013999 0.500000
-0.239117 0.035162 0.500000
0.139390 -0.021191 0.500000
0.079768 0.022137 0.500000
-0.152379 0.033236 0.500000
0.229878 0.012223 0.500000
-0.136385 0.032704 0.500000
0.138918 0.018431 0.500000
-0.071599 -0.023225 0.500000
0.237361 0.011687 0.500000
-0.379819 0.028634 0.500000
-0.061593 -0.023235 0.500000
0.029989 -0.022783 0.500000
0.096662 -0.021931 0.500000
0.011859 0.026020 0.500000
0.227590 -0.019240 0.500000
-0.212315 0.034796 0.500000
0.440265 -0.004312 0.500000
0.152451 -0.020937 0.500000
0.218902 -0.019456 0.500000
-0.113029 0.031851 0.500000
-0.482033 0.004112 0.500000
-0.024861 0.027930 0.500000
-0.293027 0.034739 0.500000
0.292986 0.007583 0.500000
0.447095 -0.004902 0.500000
-0.144494 0.032979 0.500000
0.009992 0.026121 0.500000
-0.128049 0.032409 0.500000
0.432574 -0.003651 0.500000
0.092301 -0.021998 0.500000
-0.042449 0.028791 0.500000
0.500378 -0.009639 0.500000
0.451044 -0.011920 0.500000
0.443903 -0.012209 0.500000
0.458288 -0.005878 0.500000
-0.058875 -0.023236 0.500000
0.401602 -0.013843 0.500000
0.174245 0.016090 0.500000
-0.219682 -0.021268 0.500000
0.181286 0.015612 0.500000
0.032919 -0.022754 0.500000
0.064178 -0.022395 0.500000
0.465211 -0.006486 0.500000
0.334955 0.004348 0.500000
0.357755 0.002541 0.500000
-0.057557 0.029501 0.500000
-0.134886 -0.022839 0.500000
-0.447685 0.015922 0.500000
0.465515 -0.006513 0.500000
-0.194054 0.034404 0.500000
0.340290 0.003929 0.500000
-0.095607 -0.023147 0.500000
-0.300769 -0.019166 0.500000
-0.163046 0.033566 0.500000
0.292200 -0.017474 0.500000
-0.306590 -0.019037 0.500000
-0.149631 -0.022660 0.500000
-0.331060 -0.018567 0.500000
-0.285461 0.034918 0.500000
0.084049 0.021879 0.500000
0.146881 0.017912 0.500000
0.177911 -0.020406 0.500000
-0.385955 0.027843 0.500000
0.253185 -0.018574 0.500000
-0.182841 -0.022114 0.500000
0.458015 -0.005854 0.500000
0.007610 0.026249 0.500000
-0.397383 -0.017994 0.500000
0.124202 -0.021470 0.500000
-0.001508 -0.023041 0.500000
0.170153 0.016366 0.500000
-0.026144 -0.023171 0.500000
0.008963 0.026176 0.500000
0.284751 0.008203 0.500000
-0.215515 0.034854 0.500000
0.069078 0.022776 0.500000
0.179175 0.015756 0.500000
0.404997 -0.013717 0.500000
-0.238683 0.035159 0.500000
-0.054668 0.029368 0.500000
-0.467724 0.009804 0.500000
-0.304386 0.034385 0.500000
0.121152 -0.021524 0.500000
0.248963 -0.018687 0.500000
-0.298186 0.034591 0.500000
-0.292889 -0.019349 0.500000
0.203894 0.014056 0.500000
-0.130257 -0.022888 0.500000
0.464253 -0.006402 0.500000
0.312262 -0.016870 0.500000
-0.086378 -0.023187 0.500000
0.070136 0.022714 0.500000
-0.485553 0.002414 0.500000
-0.148407 0.033108 0.500000
0.119948 -0.021545 0.500000
0.254412 0.010451 0.500000
0.384016 0.000414 0.500000
0.038926 -0.022692 0.500000
0.155941 -0.020867 0.500000
-0.257218 0.035221 0.500000
-0.372944 -0.018083 0.500000
0.319629 -0.016641 0.500000
0.436098 -0.012521 0.500000
0.382125 0.000569 0.500000
0.004671 -0.022998 0.500000
-0.018920 0.027631 0.500000
0.018540 0.025658 0.500000
0.464528 -0.011362 0.500000
0.337011 -0.016086 0.500000
0.233347 -0.019094 0.500000
0.487212 -0.008446 0.500000
-0.216227 -0.021356 0.500000
0.066813 -0.022360 0.500000
-0.214418 -0.021402 0.500000
-0.097704 0.031245 0.500000
0.472537 -0.007134 0.500000
-0.218683 -0.021293 0.500000
-0.369526 0.029833 0.500000
0.354815 -0.015497 0.500000
-0.199737 -0.021754 0.500000
0.415038 -0.013339 0.500000
-0.275506 0.035086 0.500000
0.367583 -0.015061 0.500000
0.269374 -0.018130 0.500000
0.304957 0.006672 0.500000
0.242545 0.011313 0.500000
-0.418239 0.022625 0.500000
0.369321 0.001610 0.500000
0.217993 0.013067 0.500000
0.335214 0.004328 0.500000
-0.269957 0.035150 0.500000
-0.045174 -0.023224 0.500000
0.459819 -0.006012 0.500000
-0.236249 0.035139 0.500000
-0.439858 -0.017961 0.500000
0.204624 0.014005 0.500000
-0.291159 0.034787 0.500000
0.137066 0.018551 0.500000
-0.350054 -0.018294 0.500000
0.294102 0.007498 0.500000
-0.184864 0.034175 0.500000
-0.486231 0.002066 0.500000
0.066636 -0.022363 0.500000
-0.202386 0.034594 0.500000
0.347051 -0.015757 0.500000
-0.483005 -0.016251 0.500000
0.216678 0.013160 0.500000
0.317028 0.005744 0.500000
0.493440 -0.010116 0.500000
-0.443572 -0.017939 0.500000
-0.479207 0.005369 0.500000
0.329730 -0.016321 0.500000
-0.005064 -0.023064 0.500000
-0.092895 -0.023160 0.500000
0.364371 0.002010 0.500000
0.214237 0.013332 0.500000
0.085365 0.021799 0.500000
0.050699 -0.022560 0.500000
0.394609 -0.014100 0.500000
0.209633 0.013655 0.500000
0.358513 0.002480 0.500000
-0.181260 0.034081 0.500000
-0.137763 0.032751 0.500000
-0.462094 0.011693 0.500000
-0.436742 -0.017974 0.500000
-0.070919 0.030105 0.500000
0.161040 0.016976 0.500000
-0.296691 0.034636 0.500000
-0.188683 0.034273 0.500000
-0.435429 -0.017978 0.500000
-0.115382 -0.023022 0.500000
0.297200 -0.017326 0.500000
0.439908 -0.004281 0.500000
-0.201304 -0.021718 0.500000
-0.377367 0.028935 0.500000
-0.232293 -0.020938 0.500000
0.260516 -0.018375 0.500000
-0.373200 -0.018081 0.500000
0.496701 -0.009971 0.500000
-0.072729 -0.023224 0.500000
0.125917 -0.021440 0.500000
-0.489978 -0.015028 0.500000
0.142286 0.018212 0.500000
0.028365 0.025117 0.500000
-0.385472 -0.018022 0.500000
-0.257550 0.035221 0.500000
0.106278 0.020511 0.500000
-0.053870 -0.023234 0.500000
-0.032720 -0.023194 0.500000
-0.077971 -0.023213 0.500000
-0.126656 0.032359 0.500000
0.129097 -0.021382 0.500000
-0.053576 -0.023234 0.500000
0.391828 -0.014202 0.500000
0.403124 -0.013787 0.500000
0.458412 -0.005889 0.500000
-0.150111 -0.022653 0.500000
0.484562 -0.010506 0.500000
0.462497 -0.011447 0.500000
0.153845 0.017453 0.500000
-0.169730 -0.022354 0.500000
-0.163296 0.033574 0.500000
-0.180640 -0.022157 0.500000
0.321136 0.005427 0.500000
0.335549 0.004302 0.500000
-0.487702 0.001283 0.500000
0.166830 0.016589 0.500000
-0.362231 0.030593 0.500000
-0.476758 -0.016888 0.500000
-0.193440 -0.021895 0.500000
-0.407396 -0.017988 0.500000
-0.269871 0.035151 0.500000
-0.171614 -0.022321 0.500000
0.104293 0.020635 0.500000
-0.235068 -0.020864 0.500000
-0.136274 0.032700 0.500000
-0.332280 -0.018547 0.500000
0.087649 -0.022068 0.500000
0.161985 -0.020744 0.500000
-0.153651 -0.022604 0.500000
0.205295 -0.019784 0.500000
-0.115285 -0.023023 0.500000
0.231779 -0.019134 0.500000
0.103653 0.020675 0.500000
-0.468494 0.009533 0.500000
0.493042 -0.008973 0.500000
0.245035 0.011133 0.500000
-0.317241 0.033844 0.500000
-0.091512 0.030990 0.500000
0.195178 -0.020020 0.500000
-0.347052 -0.018331 0.500000
0.206832 -0.019748 0.500000
-0.159672 -0.022516 0.500000
-0.348863 0.031806 0.500000
-0.464665 0.010849 0.500000
0.233814 -0.019082 0.500000
0.066914 -0.022359 0.500000
0.486177 -0.010436 0.500000
0.348885 -0.015696 0.500000
-0.204639 0.034642 0.500000
0.109192 0.020329 0.500000
0.166216 0.016630 0.500000
-0.333569 0.032928 0.500000
-0.416242 -0.017991 0.500000
-0.395482 0.026497 0.500000
-0.248581 0.035217 0.500000
0.328585 0.004847 0.500000
-0.488890 -0.015276 0.500000
0.283883 0.008268 0.500000
-0.299303 0.034558 0.500000
0.388799 -0.014311 0.500000
0.465655 -0.011315 0.500000
-0.314159 -0.018879 0.500000
-0.471490 0.008447 0.500000
-0.459212 -0.017713 0.500000
-0.096903 -0.023141 0.500000
-0.290297 -0.019411 0.500000
-0.252196 0.035223 0.500000
-0.343791 0.032207 0.500000
0.456412 -0.005713 0.500000
0.441556 -0.012303 0.500000
0.406223 -0.013671 0.500000
-0.265065 -0.020056 0.500000
-0.204620 -0.021641 0.500000
-0.331799 0.033040 0.500000
-0.116563 -0.023012 0.500000
-0.136225 -0.022825 0.500000
-0.295217 0.034681 0.500000
0.335645 0.004294 0.500000
0.149029 0.017771 0.500000
-0.432800 -0.017984 0.500000
0.437056 -0.004036 0.500000
0.074337 -0.022259 0.500000
0.041118 0.024400 0.500000
-0.309608 -0.018973 0.500000
-0.092650 -0.023161 0.500000
-0.291348 0.034783 0.500000
0.166144 0.016635 0.500000
0.439068 -0.012403 0.500000
-0.468396 0.009568 0.500000
0.366289 0.001855 0.500000
-0.030471 0.028208 0.500000
-0.019737 -0.023143 0.500000
-0.185303 0.034187 0.500000
-0.481489 0.004361 0.500000
-0.054648 -0.023235 0.500000
0.410871 -0.013497 0.500000
0.091203 0.021443 0.500000
0.134358 -0.021285 0.500000
-0.084119 0.030679 0.500000
0.222460 -0.019368 0.500000
0.179944 -0.020362 0.500000
0.335931 0.004272 0.500000
0.356804 -0.015430 0.500000
-0.478908 -0.016701 0.500000
-0.209454 0.034740 0.500000
-0.257042 0.035222 0.500000
-0.028323 0.028102 0.500000
0.348701 0.003263 0.500000
-0.186739 0.034223 0.500000
-0.422800 0.021725 0.500000
0.111970 0.020154 0.500000
-0.494454 -0.013573 0.500000
-0.400800 -0.017991 0.500000
-0.336421 -0.018481 0.500000
-0.402791 -0.017989 0.500000
-0.427387 -0.017991 0.500000
-0.108964 0.031693 0.500000
-0.192312 -0.021920 0.500000
-0.332294 0.033009 0.500000
0.170434 -0.020567 0.500000
-0.263341 0.035200 0.500000
-0.223683 0.034987 0.500000
-0.120937 -0.022976 0.500000
-0.041502 0.028745 0.500000
-0.487816 0.001220 0.500000
0.433233 -0.012634 0.500000
0.105245 0.020575 0.500000
0.221008 -0.019404 0.500000
0.149567 0.017735 0.500000
0.411664 -0.013467 0.500000
-0.121204 0.032159 0.500000
-0.214747 0.034840 0.500000
0.067020 0.022898 0.500000
-0.199873 0.034539 0.500000
-0.184370 0.034163 0.500000
0.061702 0.023212 0.500000
-0.318535 -0.018793 0.500000
-0.185422 -0.022063 0.500000
0.361243 -0.015279 0.500000
-0.436782 0.018666 0.500000
0.384632 0.000364 0.500000
0.441812 -0.004445 0.500000
0.297820 -0.017308 0.500000
-0.266931 -0.020006 0.500000
-0.052906 -0.023233 0.500000
0.373966 0.001234 0.500000
0.422370 -0.013058 0.500000
-0.060533 0.029638 0.500000
0.477047 -0.007536 0.500000
0.264967 -0.018252 0.500000
0.220856 0.012865 0.500000
-0.353748 -0.018251 0.500000
0.475176 -0.010911 0.500000
0.069161 0.022771 0.500000
0.339911 -0.015992 0.500000
-0.432034 0.019758 0.500000
0.333775 0.004441 0.500000
-0.161277 -0.022492 0.500000
0.052866 -0.022535 0.500000
-0.215131 0.034847 0.500000
0.415829 -0.013309 0.500000
-0.096164 0.031182 0.500000
0.473827 -0.007249 0.500000
-0.253053 -0.020378 0.500000
0.288270 -0.017590 0.500000
0.419395 -0.002530 0.500000
0.105589 -0.021788 0.500000
0.045597 -0.022619 0.500000
0.476942 -0.010836 0.500000
-0.108348 -0.023073 0.500000
-0.183969 0.034153 0.500000
-0.111327 -0.023052 0.500000
-0.416123 -0.017991 0.500000
0.498629 -0.009480 0.500000
-0.327375 0.033308 0.500000
0.321788 -0.016573 0.500000
0.211665 0.013513 0.500000
-0.002983 0.026809 0.500000
0.119533 -0.021553 0.500000
0.196551 0.014565 0.500000
0.464083 -0.006387 0.500000
0.431237 -0.012713 0.500000
0.450100 -0.011958 0.500000
-0.032537 0.028310 0.500000
-0.239061 0.035162 0.500000
-0.454450 -0.017812 0.500000
0.124538 -0.021464 0.500000
-0.057788 0.029512 0.500000
0.482845 -0.008054 0.500000
0.159091 0.017105 0.500000
0.189929 0.015022 0.500000
0.479613 -0.007765 0.500000
-0.079781 0.030493 0.500000
-0.380038 -0.018044 0.500000
0.483331 -0.008098 0.500000
-0.013160 -0.023110 0.500000
0.311461 0.006174 0.500000
0.393729 -0.014132 0.500000
-0.035960 0.028478 0.500000
0.312800 -0.016853 0.500000
0.079099 0.022178 0.500000
-0.043950 -0.023222 0.500000
0.077248 0.022289 0.500000
0.395496 -0.000531 0.500000
-0.217681 0.034892 0.500000
-0.314711 -0.018868 0.500000
-0.164410 -0.022442 0.500000
-0.183534 0.034141 0.500000
-0.043315 0.028832 0.500000
-0.303383 -0.019108 0.500000
-0.116580 0.031985 0.500000
0.056243 -0.022494 0.500000
-0.036370 -0.023205 0.500000
-0.151359 -0.022637 0.500000
-0.082460 -0.023200 0.500000
-0.484869 0.002757 0.500000
-0.276379 0.035074 0.500000
-0.493579 -0.013936 0.500000
-0.474001 -0.017090 0.500000
0.277350 -0.017905 0.500000
-0.011399 0.027247 0.500000
-0.259351 0.035217 0.500000
-0.061960 0.029703 0.500000
0.038274 0.024561 0.500000
-0.459037 0.012656 0.500000
0.060638 -0.022440 0.500000
0.456935 -0.011678 0.500000
-0.175577 -0.022251 0.500000
-0.334423 0.032871 0.500000
-0.149406 -0.022663 0.500000
-0.269407 0.035155 0.500000
-0.071440 0.030128 0.500000
0.196803 -0.019983 0.500000
-0.475308 -0.016999 0.500000
0.421116 -0.013106 0.500000
0.404300 -0.013743 0.500000
0.133466 -0.021302 0.500000
-0.032814 0.028324 0.500000
-0.363312 0.030486 0.500000
0.250441 -0.018647 0.500000
0.198421 -0.019945 0.500000
-0.204544 -0.021642 0.500000
-0.412359 -0.017989 0.500000
0.177590 -0.020413 0.500000
0.110739 -0.021703 0.500000
0.210821 0.013572 0.500000
0.017719 0.025703 0.500000
0.493768 -0.010101 0.500000
0.156757 -0.020851 0.500000
0.319954 -0.016631 0.500000
-0.382536 0.028291 0.500000
-0.276731 -0.019750 0.500000
0.009637 0.026140 0.500000
-0.085337 0.030731 0.500000
0.166341 -0.020653 0.500000
-0.031314 -0.023189 0.500000
-0.279722 0.035024 0.500000
-0.268554 0.035163 0.500000
0.374283 -0.014828 0.500000
-0.017482 -0.023133 0.500000
-0.160153 -0.022509 0.500000
0.055429 0.023578 0.500000
0.132260 0.018862 0.500000
-0.226884 0.035031 0.500000
-0.043157 0.028825 0.500000
0.038440 0.024552 0.500000
-0.163654 0.033584 0.500000
-0.256972 -0.020272 0.500000
-0.235677 -0.020847 0.500000
0.037858 -0.022703 0.500000
-0.129799 -0.022893 0.500000
0.119604 -0.021551 0.500000
-0.261633 -0.020147 0.500000
0.311085 -0.016906 0.500000
-0.388884 -0.018011 0.500000
-0.442987 -0.017943 0.500000
0.348589 0.003272 0.500000
-0.379777 0.028639 0.500000
0.374041 0.001228 0.500000
0.272552 -0.018041 0.500000
0.003691 -0.023005 0.500000
-0.360399 0.030774 0.500000
0.167369 0.016553 0.500000
0.147339 0.017882 0.500000
0.068587 -0.022337 0.500000
-0.347758 -0.018322 0.500000
-0.107409 0.031632 0.500000
0.353889 0.002850 0.500000
0.266072 0.009594 0.500000
0.009905 -0.022959 0.500000
-0.120775 -0.022977 0.500000
0.495500 -0.010024 0.500000
0.244749 -0.018798 0.500000
-0.101965 0.031416 0.500000
-0.300234 -0.019178 0.500000
-0.493661 -0.013904 0.500000
0.278820 0.008648 0.500000
0.104671 -0.021803 0.500000
-0.052969 0.029288 0.500000
0.185961 0.015294 0.500000
-0.232378 -0.020935 0.500000
-0.004683 0.026898 0.500000
0.291895 0.007665 0.500000
0.004850 -0.022997 0.500000
-0.012360 0.027296 0.500000
0.490090 -0.010264 0.500000
0.049497 -0.022574 0.500000
0.416346 -0.002273 0.500000
0.454474 -0.005544 0.500000
-0.422534 0.021778 0.500000
0.349106 0.003231 0.500000
0.131742 0.018896 0.500000
-0.259259 0.035217 0.500000
0.091432 0.021429 0.500000
0.026738 0.025207 0.500000
-0.441834 0.017437 0.500000
-0.218973 -0.021286 0.500000
0.441385 -0.004408 0.500000
-0.213505 0.034818 0.500000
0.191818 -0.020097 0.500000
0.095262 -0.021953 0.500000
-0.300553 0.034517 0.500000
0.291665 0.007682 0.500000
0.042156 -0.022657 0.500000
-0.497433 -0.011580 0.500000
-0.289283 -0.019436 0.500000
0.346525 -0.015774 0.500000
-0.132082 0.032553 0.500000
-0.222928 0.034975 0.500000
-0.296588 0.034639 0.500000
0.354239 0.002822 0.500000
0.367258 -0.015073 0.500000
-0.340027 0.032486 0.500000
-0.416146 -0.017991 0.500000
0.065907 -0.022372 0.500000
0.117448 -0.021589 0.500000
0.111985 0.020153 0.500000
0.172430 0.016212 0.500000
0.498098 -0.009432 0.500000
-0.334445 -0.018512 0.500000
0.197374 -0.019970 0.500000
0.154685 0.017398 0.500000
-0.341422 0.032386 0.500000
-0.306271 -0.019044 0.500000
0.404127 -0.013749 0.500000
-0.049121 -0.023230 0.500000
-0.191917 0.034352 0.500000
-0.226629 -0.021088 0.500000
-0.495036 -0.013296 0.500000
0.122372 0.019496 0.500000
-0.399621 0.025863 0.500000
-0.185177 -0.022068 0.500000
0.294317 0.007482 0.500000
-0.161142 -0.022494 0.500000
-0.162302 0.033544 0.500000
-0.337169 -0.018469 0.500000
0.326632 0.004999 0.500000
0.150718 -0.020971 0.500000
0.387276 0.000147 0.500000
-0.202684 -0.021687 0.500000
-0.492184 -0.014422 0.500000
-0.400833 0.025673 0.500000
-0.267344 0.035175 0.500000
-0.407580 0.024561 0.500000
0.386478 0.000212 0.500000
0.057800 0.023440 0.500000
0.073237 0.022529 0.500000
0.407949 -0.001568 0.500000
0.455456 -0.011739 0.500000
0.220108 0.012918 0.500000
-0.357839 -0.018207 0.500000
-0.196506 -0.021828 0.500000
0.452250 -0.011870 0.500000
0.377162 -0.014727 0.500000
0.218575 0.013026 0.500000
0.235000 0.011856 0.500000
-0.443714 0.016961 0.500000
-0.497192 -0.011829 0.500000
0.132791 -0.021314 0.500000
0.441623 -0.004429 0.500000
-0.234119 -0.020889 0.500000
-0.210399 0.034759 0.500000
-0.475911 0.006740 0.500000
0.280781 -0.017807 0.500000
0.250791 0.010715 0.500000
-0.265219 0.035189 0.500000
-0.127010 0.032372 0.500000
-0.402216 0.025451 0.500000
-0.372724 -0.018084 0.500000
-0.035937 -0.023203 0.500000
0.330451 0.004701 0.500000
-0.057958 0.029520 0.500000
0.106502 0.020497 0.500000
-0.055917 0.029425 0.500000
0.275888 0.008866 0.500000
-0.308986 -0.018986 0.500000
-0.125881 -0.022931 0.500000
-0.286700 0.034891 0.500000
0.093468 -0.021980 0.500000
-0.056450 -0.023235 0.500000
-0.159529 -0.022518 0.500000
0.026628 0.025213 0.500000
0.446642 -0.012099 0.500000
-0.404245 0.025121 0.500000
0.323562 -0.016517 0.500000
0.129535 -0.021374 0.500000
0.266102 -0.018221 0.500000
-0.010617 0.027206 0.500000
0.130160 0.018997 0.500000
-0.392667 -0.018002 0.500000
-0.350725 -0.018286 0.500000
-0.222183 -0.021203 0.500000
-0.426442 0.020973 0.500000
0.433165 -0.012637 0.500000
-0.197186 -0.021813 0.500000
-0.353457 -0.018254 0.500000
0.338875 0.004040 0.500000
0.063683 0.023095 0.500000
0.166484 0.016612 0.500000
-0.100626 0.031363 0.500000
0.290178 -0.017534 0.500000
0.407913 -0.001565 0.500000
0.108981 0.020342 0.500000
0.041036 -0.022669 0.500000
0.450658 -0.011936 0.500000
0.132427 0.018851 0.500000
0.062692 0.023153 0.500000
0.417642 -0.013239 0.500000
0.420966 -0.013112 0.500000
0.184500 0.015393 0.500000
0.053198 -0.022531 0.500000
0.401027 -0.013864 0.500000
-0.445377 0.016532 0.500000
-0.497482 -0.011525 0.500000
-0.445205 -0.017926 0.500000
0.453087 -0.011836 0.500000
-0.216866 0.034878 0.500000
0.187167 -0.020202 0.500000
-0.422456 0.021794 0.500000
0.227302 0.012407 0.500000
0.381279 0.000638 0.500000
0.312721 -0.016856 0.500000
0.248335 -0.018703 0.500000
-0.419257 -0.017992 0.500000
-0.220199 0.034933 0.500000
-0.169536 -0.022357 0.500000
-0.340126 -0.018426 0.500000
-0.094569 0.031116 0.500000
0.186506 -0.020217 0.500000
-0.002064 -0.023044 0.500000
0.300458 0.007015 0.500000
0.052717 0.023735 0.500000
-0.206283 -0.021601 0.500000
0.337496 -0.016071 0.500000
0.263311 0.009798 0.500000
0.494703 -0.009123 0.500000
-0.422999 -0.017992 0.500000
-0.344737 0.032135 0.500000
-0.036146 -0.023204 0.500000
-0.446454 0.016249 0.500000
0.336057 0.004262 0.500000
0.450993 -0.011922 0.500000
-0.045622 -0.023225 0.500000
-0.055189 0.029392 0.500000
0.339398 -0.016009 0.500000
0.428584 -0.012817 0.500000
0.059931 0.023315 0.500000
0.223762 0.012659 0.500000
0.244698 -0.018800 0.500000
-0.345766 0.032055 0.500000
0.274659 -0.017981 0.500000
-0.490072 -0.015006 0.500000
0.016039 -0.022909 0.500000
0.496119 -0.009252 0.500000
0.440340 -0.012352 0.500000
0.372356 -0.014895 0.500000
0.425499 -0.012937 0.500000
-0.129054 -0.022900 0.500000
0.447550 -0.012062 0.500000
-0.399611 0.025865 0.500000
0.418885 -0.013192 0.500000
-0.471414 -0.017248 0.500000
0.068690 0.022799 0.500000
0.108360 -0.021743 0.500000
0.022597 -0.022852 0.500000
-0.129148 0.032449 0.500000
-0.018858 -0.023139 0.500000
0.016621 0.025762 0.500000
-0.024046 -0.023162 0.500000
0.435801 -0.003928 0.500000
-0.078456 -0.023211 0.500000
-0.203305 0.034613 0.500000
-0.165298 -0.022428 0.500000
0.501072 -0.009703 0.500000
-0.382506 -0.018033 0.500000
0.460431 -0.011533 0.500000
-0.365403 0.030272 0.500000
-0.155263 -0.022581 0.500000
0.098902 0.020969 0.500000
0.264037 -0.018278 0.500000
0.452564 -0.005378 0.500000
-0.429003 0.020426 0.500000
0.062659 0.023155 0.500000
-0.098803 0.031289 0.500000
-0.094200 -0.023154 0.500000
0.062003 -0.022423 0.500000
0.198270 0.014446 0.500000
0.459105 -0.011588 0.500000
-0.085543 0.030740 0.500000
-0.384272 -0.018026 0.500000
0.278189 0.008695 0.500000
-0.170918 -0.022333 0.500000
-0.477349 0.006153 0.500000
0.121294 0.019565 0.500000
-0.449925 -0.017879 0.500000
-0.411921 0.023800 0.500000
-0.027641 0.028068 0.500000
-0.004954 0.026913 0.500000
0.250031 -0.018658 0.500000
0.058226 -0.022470 0.500000
0.099515 -0.021886 0.500000
0.379620 0.000774 0.500000
0.297802 0.007218 0.500000
-0.407526 0.024570 0.500000
0.064138 -0.022395 0.500000
0.284724 0.008205 0.500000
-0.304491 0.034382 0.500000
0.174171 -0.020487 0.500000
-0.211127 -0.021483 0.500000
0.496743 -0.009969 0.500000
-0.387519 0.027632 0.500000
0.212503 0.013454 0.500000
-0.032902 -0.023194 0.500000
0.198849 -0.019935 0.500000
0.051418 0.023810 0.500000
-0.272694 0.035124 0.500000
0.352992 0.002922 0.500000
0.025523 0.025274 0.500000
0.329578 0.004769 0.500000
0.043664 -0.022640 0.500000
-0.146145 -0.022706 0.500000
0.344764 -0.015833 0.500000
-0.230621 0.035079 0.500000
0.123402 -0.021484 0.500000
0.348072 -0.015723 0.500000
-0.106645 -0.023084 0.500000
0.405239 -0.001341 0.500000
0.277218 -0.017909 0.500000
-0.486339 0.002010 0.500000
0.277400 -0.017903 0.500000
-0.371095 0.029662 0.500000
-0.485834 -0.015845 0.500000
0.389975 -0.014269 0.500000
0.355141 -0.015486 0.500000
-0.184371 -0.022084 0.500000
-0.173457 0.033869 0.500000
-0.135209 0.032663 0.500000
-0.127995 0.032407 0.500000
0.453227 -0.005435 0.500000
0.261917 0.009901 0.500000
-0.030087 -0.023185 0.500000
0.186591 0.015250 0.500000
-0.272054 -0.019872 0.500000
0.116011 -0.021613 0.500000
-0.291443 0.034780 0.500000
0.150645 -0.020973 0.500000
0.035294 -0.022730 0.500000
-0.300724 0.034511 0.500000
-0.290934 -0.019396 0.500000
-0.467903 -0.017422 0.500000
0.154647 -0.020893 0.500000
-0.346935 -0.018333 0.500000
0.056082 -0.022496 0.500000
0.268064 -0.018166 0.500000
-0.128777 0.032436 0.500000
-0.098465 -0.023133 0.500000
-0.331411 0.033064 0.500000
0.111546 -0.021689 0.500000
-0.484599 0.002891 0.500000
-0.125340 0.032311 0.500000
-0.394786 0.026600 0.500000
-0.158974 0.033443 0.500000
-0.346602 0.031988 0.500000
0.430863 -0.012727 0.500000
-0.180892 -0.022152 0.500000
-0.323463 -0.018700 0.500000
0.237871 0.011650 0.500000
-0.251710 -0.020414 0.500000
0.450981 -0.005240 0.500000
0.366272 -0.015107 0.500000
0.046014 0.024121 0.500000
-0.161774 -0.022484 0.500000
0.485960 -0.010445 0.500000
-0.146609 -0.022700 0.500000
0.038758 0.024534 0.500000
0.122456 -0.021501 0.500000
0.272718 -0.018036 0.500000
-0.146336 0.033040 0.500000
0.181727 0.015583 0.500000
0.442711 -0.004523 0.500000
-0.195206 0.034432 0.500000
-0.237371 -0.020802 0.500000
-0.107591 -0.023078 0.500000
0.402561 -0.001118 0.500000
-0.025942 0.027984 0.500000
-0.482664 0.003820 0.500000
-0.194240 0.034408 0.500000
0.103473 0.020686 0.500000
-0.071177 -0.023226 0.500000
-0.193791 -0.021887 0.500000
0.326603 -0.016421 0.500000
-0.443225 -0.017941 0.500000
0.422407 -0.013056 0.500000
-0.032771 0.028321 0.500000
-0.483006 0.003659 0.500000
-0.320392 0.033689 0.500000
0.423551 -0.013012 0.500000
0.023504 0.025385 0.500000
0.142338 0.018209 0.500000
0.342177 -0.015918 0.500000
0.053064 -0.022532 0.500000
0.069456 0.022754 0.500000
-0.377301 -0.018058 0.500000
-0.229553 0.035066 0.500000
0.182159 0.015553 0.500000
-0.335294 0.032813 0.500000
0.302931 0.006827 0.500000
0.386363 -0.014399 0.500000
0.143481 0.018134 0.500000
0.193161 0.014799 0.500000
-0.263569 -0.020095 0.500000
0.129898 -0.021368 0.500000
0.457339 -0.005795 0.500000
0.340461 -0.015974 0.500000
-0.380155 -0.018043 0.500000
-0.091438 -0.023167 0.500000
-0.383520 0.028165 0.500000
0.489010 -0.010311 0.500000
0.280130 0.008550 0.500000
-0.005412 0.026936 0.500000
0.210549 -0.019659 0.500000
-0.443963 -0.017936 0.500000
0.124435 -0.021466 0.500000
-0.016474 0.027506 0.500000
0.072194 0.022591 0.500000
0.207465 0.013807 0.500000
-0.159695 -0.022516 0.500000
-0.148439 -0.022676 0.500000
-0.088755 0.030875 0.500000
-0.438806 0.018182 0.500000
0.053090 0.023713 0.500000
0.255246 0.010390 0.500000
-0.469852 -0.017330 0.500000
0.134927 0.018690 0.500000
-0.026103 0.027992 0.500000
0.018419 0.025664 0.500000
-0.423325 -0.017992 0.500000
-0.110845 -0.023056 0.500000
-0.040415 0.028693 0.500000
-0.268945 -0.019953 0.500000
0.381335 -0.014579 0.500000
-0.254093 0.035226 0.500000
-0.386960 0.027709 0.500000
-0.063242 0.029761 0.500000
0.211977 0.013491 0.500000
0.447239 -0.004915 0.500000
0.235161 -0.019047 0.500000
0.153847 -0.020909 0.500000
0.182955 -0.020296 0.500000
-0.180856 -0.022153 0.500000
-0.092924 -0.023160 0.500000
-0.224220 0.034995 0.500000
0.318523 0.005629 0.500000
0.242661 0.011305 0.500000
0.100148 0.020892 0.500000
-0.270553 -0.019911 0.500000
-0.175704 0.033931 0.500000
-0.231568 0.035090 0.500000
-0.245185 0.035201 0.500000
0.050777 -0.022560 0.500000
-0.008256 -0.023083 0.500000
0.179650 -0.020368 0.500000
0.036030 0.024688 0.500000
-0.476410 -0.016915 0.500000
0.225842 -0.019284 0.500000
-0.274339 0.035102 0.500000
0.000908 -0.023025 0.500000
-0.142151 0.032901 0.500000
-0.466189 -0.017494 0.500000
-0.066040 -0.023232 0.500000
-0.386593 -0.018018 0.500000
0.481077 -0.007896 0.500000
-0.315914 0.033908 0.500000
0.173867 0.016116 0.500000
-0.107853 0.031650 0.500000
0.288488 0.007922 0.500000
-0.398524 -0.017993 0.500000
0.332065 0.004575 0.500000
-0.169989 -0.022350 0.500000
0.301989 -0.017183 0.500000
-0.282325 -0.019608 0.500000
0.062732 0.023151 0.500000
0.002357 -0.023015 0.500000
0.164939 0.016716 0.500000
-0.279062 -0.019691 0.500000
-0.490349 -0.000246 0.500000
0.488063 -0.008523 0.500000
0.100391 0.020877 0.500000
0.304259 -0.017114 0.500000
0.501300 -0.009765 0.500000
-0.252954 -0.020381 0.500000
0.070004 -0.022318 0.500000
0.330082 0.004730 0.500000
0.089642 0.021538 0.500000
-0.287448 0.034875 0.500000
0.053531 0.023688 0.500000
0.063241 0.023121 0.500000
0.397502 -0.000697 0.500000
-0.203699 0.034622 0.500000
-0.369104 -0.018109 0.500000
-0.172381 0.033839 0.500000
0.467136 -0.006656 0.500000
-0.145072 0.032999 0.500000
0.317867 0.005680 0.500000
0.255073 -0.018523 0.500000
0.186352 -0.020220 0.500000
-0.420928 0.022100 0.500000
-0.346311 -0.018341 0.500000
-0.247789 0.035214 0.500000
-0.170889 -0.022334 0.500000
-0.488997 0.000557 0.500000
0.166958 -0.020640 0.500000
-0.425516 -0.017992 0.500000
0.451598 -0.011897 0.500000
0.415461 -0.013323 0.500000
-0.219022 0.034914 0.500000
0.101493 0.020809 0.500000
-0.186892 0.034227 0.500000
0.057397 0.023463 0.500000
0.063542 -0.022403 0.500000
-0.160385 -0.022505 0.500000
0.057708 -0.022476 0.500000
0.007930 0.026232 0.500000
-0.034168 0.028390 0.500000
0.427449 -0.003214 0.500000
0.442972 -0.004545 0.500000
-0.478454 0.005690 0.500000
0.335175 0.004331 0.500000
-0.042639 0.028800 0.500000
0.251550 0.010660 0.500000
0.078441 0.022217 0.500000
0.477710 -0.010803 0.500000
-0.459701 -0.017701 0.500000
-0.274650 -0.019804 0.500000
-0.283414 0.034960 0.500000
-0.372350 -0.018087 0.500000
-0.180334 0.034056 0.500000
-0.412974 0.023610 0.500000
-0.275299 0.035089 0.500000
-0.439968 0.017899 0.500000
-0.493089 -0.014118 0.500000
-0.406885 0.024679 0.500000
-0.113576 -0.023036 0.500000
-0.356255 -0.018223 0.500000
0.128098 0.019130 0.500000
-0.012897 -0.023109 0.500000
0.343954 0.003639 0.500000
-0.059078 -0.023236 0.500000
-0.349943 -0.018295 0.500000
-0.195283 0.034433 0.500000
0.448399 -0.012027 0.500000
0.462929 -0.006285 0.500000
-0.131597 -0.022874 0.500000
0.149027 0.017771 0.500000
-0.440962 -0.017955 0.500000
-0.346138 0.032025 0.500000
-0.431860 0.019797 0.500000
-0.474270 0.007389 0.500000
-0.198701 0.034512 0.500000
0.432645 -0.003657 0.500000
0.005547 0.026359 0.500000
0.086614 -0.022084 0.500000
-0.408413 -0.017988 0.500000
0.469215 -0.006840 0.500000
0.476621 -0.010849 0.500000
0.125117 0.019321 0.500000
0.385508 0.000292 0.500000
0.339752 0.003971 0.500000
0.106044 -0.021781 0.500000
0.005036 0.026386 0.500000
0.246488 -0.018752 0.500000
-0.438825 0.018177 0.500000
-0.267200 -0.019999 0.500000
-0.131505 0.032533 0.500000
-0.304903 0.034367 0.500000
-0.382710 0.028268 0.500000
-0.091990 0.031010 0.500000
0.283897 0.008267 0.500000
-0.313445 -0.018894 0.500000
-0.244842 0.035200 0.500000
-0.005165 -0.023064 0.500000
0.033500 -0.022748 0.500000
-0.231731 -0.020953 0.500000
0.159926 0.017050 0.500000
0.326342 -0.016429 0.500000
0.414451 -0.002113 0.500000
0.015235 0.025838 0.500000
0.129306 0.019052 0.500000
-0.498429 -0.008546 0.500000
0.248185 -0.018707 0.500000
-0.309202 0.034201 0.500000
0.489420 -0.010293 0.500000
0.316191 0.005809 0.500000
-0.046940 0.029005 0.500000
-0.477917 -0.016790 0.500000
0.105610 -0.021788 0.500000
-0.447027 0.016097 0.500000
0.322704 0.005305 0.500000
0.267437 -0.018184 0.500000
-0.356062 -0.018225 0.500000
-0.453845 0.014208 0.500000
-0.004545 0.026891 0.500000
-0.199968 -0.021749 0.500000
0.365053 0.001955 0.500000
0.079310 0.022165 0.500000
-0.211835 0.034787 0.500000
0.172140 -0.020531 0.500000
0.485774 -0.010453 0.500000
-0.073503 0.030220 0.500000
0.138972 0.018428 0.500000
-0.107273 0.031627 0.500000
0.124538 0.019358 0.500000
0.156344 -0.020859 0.500000
-0.112365 -0.023045 0.500000
0.495891 -0.010007 0.500000
-0.190563 0.034319 0.500000
0.294226 -0.017415 0.500000
-0.464789 0.010808 0.500000
-0.496500 -0.005024 0.500000
-0.246522 -0.020555 0.500000
-0.147574 -0.022687 0.500000
0.252981 0.010555 0.500000
0.422638 -0.013048 0.500000
-0.454264 0.014086 0.500000
0.194046 0.014738 0.500000
0.368650 0.001665 0.500000
-0.164155 -0.022446 0.500000
0.092005 0.021394 0.500000
0.317701 0.005692 0.500000
-0.495995 -0.012756 0.500000
0.455765 -0.005657 0.500000
0.137520 0.018522 0.500000
0.495711 -0.009215 0.500000
0.453178 -0.005431 0.500000
0.472215 -0.011038 0.500000
0.266671 -0.018205 0.500000
0.106710 0.020484 0.500000
-0.006703 -0.023074 0.500000
0.204314 -0.019807 0.500000
0.127802 -0.021406 0.500000
0.246060 -0.018764 0.500000
0.058160 0.023419 0.500000
0.143116 0.018158 0.500000
0.406329 -0.001432 0.500000
0.343852 -0.015863 0.500000
0.262829 -0.018311 0.500000
-0.022402 0.027807 0.500000
0.008815 -0.022967 0.500000
0.065545 0.022985 0.500000
-0.216200 0.034866 0.500000
0.463918 -0.006372 0.500000
-0.011109 -0.023099 0.500000
-0.196330 0.034457 0.500000
0.354542 0.002798 0.500000
0.093644 0.021293 0.500000
-0.436985 -0.017973 0.500000
-0.338188 -0.018454 0.500000
0.335689 0.004291 0.500000
0.082774 -0.022140 0.500000
-0.200702 -0.021732 0.500000
0.498274 -0.009448 0.500000
0.168877 -0.020600 0.500000
0.373699 -0.014848 0.500000
0.458303 -0.011621 0.500000
-0.039009 0.028625 0.500000
-0.242670 0.035189 0.500000
-0.248857 -0.020492 0.500000
-0.069694 -0.023228 0.500000
-0.104110 0.031502 0.500000
0.019311 -0.022881 0.500000
0.355716 -0.015467 0.500000
0.340989 0.003874 0.500000
0.112081 -0.021680 0.500000
-0.437051 0.018602 0.500000
-0.252478 -0.020394 0.500000
0.195195 -0.020020 0.500000
0.402971 -0.013792 0.500000
-0.403034 -0.017989 0.500000
0.466119 -0.006566 0.500000
-0.422929 0.021699 0.500000
-0.277745 -0.019724 0.500000
0.044044 0.024233 0.500000
-0.097043 -0.023140 0.500000
0.331688 0.004604 0.500000
0.015063 0.025847 0.500000
-0.147758 -0.022685 0.500000
0.130434 -0.021358 0.500000
-0.360948 -0.018177 0.500000
-0.389180 -0.018010 0.500000
0.381665 0.000607 0.500000
0.444057 -0.004639 0.500000
0.050684 -0.022561 0.500000
0.283601 -0.017725 0.500000
0.318448 -0.016678 0.500000
-0.090199 0.030935 0.500000
0.010901 0.026072 0.500000
-0.091574 -0.023166 0.500000
-0.244346 -0.020614 0.500000
0.075620 -0.022242 0.500000
-0.089172 -0.023176 0.500000
0.022965 -0.022849 0.500000
0.233824 0.011941 0.500000
-0.400779 0.025682 0.500000
-0.388236 -0.018013 0.500000
-0.228980 0.035059 0.500000
0.333271 0.004480 0.500000
0.029762 0.025039 0.500000
-0.488349 0.000925 0.500000
0.020653 -0.022869 0.500000
0.102608 -0.021837 0.500000
-0.418264 0.022620 0.500000
0.501302 -0.009764 0.500000
-0.009123 -0.023088 0.500000
-0.165791 0.033648 0.500000
0.076199 0.022352 0.500000
0.021956 -0.022858 0.500000
-0.202391 -0.021693 0.500000
-0.304478 -0.019084 0.500000
0.194334 0.014719 0.500000
-0.440071 0.017874 0.500000
0.370261 -0.014968 0.500000
0.143312 0.018145 0.500000
-0.301171 0.034496 0.500000
-0.033491 0.028357 0.500000
0.214895 -0.019554 0.500000
-0.113223 0.031858 0.500000
0.269068 -0.018138 0.500000
0.115766 -0.021618 0.500000
0.489665 -0.008668 0.500000
-0.490067 -0.015007 0.500000
-0.315747 -0.018847 0.500000
0.247112 -0.018736 0.500000
-0.417936 0.022683 0.500000
-0.045263 -0.023224 0.500000
-0.375215 0.029189 0.500000
0.493328 -0.008999 0.500000
-0.160869 -0.022498 0.500000
0.204033 0.014046 0.500000
0.425423 -0.003041 0.500000
-0.373605 -0.018079 0.500000
-0.481906 -0.016386 0.500000
-0.141499 0.032879 0.500000
0.175790 -0.020452 0.500000
0.385397 0.000301 0.500000
0.053279 -0.022530 0.500000
-0.271554 0.035135 0.500000
0.489832 -0.010275 0.500000
-0.403461 -0.017989 0.500000
0.365636 0.001908 0.500000
0.032475 0.024887 0.500000
0.295965 -0.017363 0.500000
-0.287524 0.034873 0.500000
-0.113186 -0.023039 0.500000
0.433028 -0.012642 0.500000
0.242078 0.011347 0.500000
-0.314719 -0.018868 0.500000
0.361133 -0.015283 0.500000
-0.254795 -0.020331 0.500000
-0.398980 0.025963 0.500000
-0.228080 -0.021049 0.500000
-0.132284 -0.022867 0.500000
0.392284 -0.000266 0.500000
0.143106 -0.021120 0.500000
0.169354 0.016420 0.500000
0.157690 -0.020831 0.500000
0.242267 0.011333 0.500000
-0.333853 -0.018521 0.500000
0.065591 -0.022376 0.500000
0.494141 -0.009072 0.500000
0.378050 -0.014695 0.500000
0.008525 -0.022969 0.500000
0.263830 0.009760 0.500000
0.288905 -0.017571 0.500000
0.006215 -0.022987 0.500000
0.411085 -0.001830 0.500000
0.349943 0.003164 0.500000
-0.002529 -0.023048 0.500000
0.391909 -0.014199 0.500000
-0.076675 -0.023215 0.500000
0.248941 -0.018687 0.500000
-0.354097 0.031358 0.500000
0.171312 -0.020548 0.500000
-0.034546 -0.023199 0.500000
0.045600 -0.022619 0.500000
-0.311951 -0.018924 0.500000
-0.162970 0.033564 0.500000
-0.472776 0.007964 0.500000
0.380774 0.000679 0.500000
0.179602 0.015727 0.500000
0.435482 -0.003900 0.500000
-0.072486 0.030175 0.500000
0.202439 0.014157 0.500000
-0.436755 -0.017974 0.500000
0.148682 0.017793 0.500000
0.057740 -0.022476 0.500000
0.489534 -0.008656 0.500000
-0.100861 -0.023120 0.500000
-0.234971 0.035126 0.500000
0.323234 0.005264 0.500000
0.286175 0.008096 0.500000
-0.271145 -0.019895 0.500000
-0.408560 -0.017988 0.500000
-0.363623 0.030455 0.500000
-0.351502 -0.018276 0.500000
-0.228386 -0.021041 0.500000
0.410221 -0.001758 0.500000
0.194002 -0.020047 0.500000
-0.232652 0.035101 0.500000
-0.123786 0.032255 0.500000
-0.458390 0.012856 0.500000
-0.197613 -0.021803 0.500000
-0.000150 0.026661 0.500000
0.042111 -0.022657 0.500000
0.250710 -0.018640 0.500000
-0.209927 -0.021513 0.500000
0.420709 -0.013122 0.500000
-0.265136 -0.020054 0.500000
-0.081599 -0.023202 0.500000
0.240092 0.011490 0.500000
-0.222095 -0.021206 0.500000
-0.324936 -0.018673 0.500000
0.299403 -0.017260 0.500000
-0.064479 -0.023234 0.500000
-0.037537 -0.023208 0.500000
-0.082988 0.030631 0.500000
-0.324967 0.033445 0.500000
0.368013 -0.015046 0.500000
-0.113905 -0.023033 0.500000
-0.440092 -0.017960 0.500000
0.495491 -0.009195 0.500000
0.353248 -0.015550 0.500000
-0.396101 -0.017996 0.500000
-0.384504 0.028036 0.500000
-0.300735 0.034511 0.500000
0.439862 -0.012371 0.500000
0.054549 0.023629 0.500000
-0.482753 -0.016283 0.500000
0.014536 0.025876 0.500000
0.103264 0.020699 0.500000
-0.286489 -0.019504 0.500000
0.452498 -0.005372 0.500000
0.018019 0.025686 0.500000
0.400994 -0.013866 0.500000
0.207226 0.013823 0.500000
-0.157401 0.033394 0.500000
0.306907 0.006523 0.500000
-0.172078 -0.022313 0.500000
0.167685 -0.020625 0.500000
0.458652 -0.011607 0.500000
0.199989 0.014327 0.500000
-0.267449 0.035174 0.500000
0.157141 0.017235 0.500000
0.301110 0.006966 0.500000
0.063012 0.023135 0.500000
-0.130375 -0.022887 0.500000
-0.272626 0.035125 0.500000
-0.054511 0.029360 0.500000
0.122494 -0.021500 0.500000
-0.459499 -0.017706 0.500000
0.306903 -0.017034 0.500000
0.370890 0.001483 0.500000
-0.172150 0.033832 0.500000
0.411679 -0.001880 0.500000
0.452290 -0.005354 0.500000
0.488466 -0.008559 0.500000
-0.323656 -0.018696 0.500000
0.465707 -0.006530 0.500000
-0.460802 -0.017672 0.500000
0.356290 0.002658 0.500000
0.054651 -0.022514 0.500000
0.007590 -0.022976 0.500000
-0.457478 -0.017753 0.500000
-0.059710 0.029600 0.500000
0.486280 -0.008363 0.500000
-0.049877 0.029144 0.500000
0.414309 -0.013367 0.500000
0.306992 0.006516 0.500000
-0.364984 0.030315 0.500000
-0.071782 -0.023225 0.500000
-0.133169 -0.022858 0.500000
-0.436072 0.018833 0.500000
0.324356 0.005176 0.500000
-0.459485 -0.017706 0.500000
-0.216219 -0.021356 0.500000
-0.471558 0.008422 0.500000
-0.265896 -0.020034 0.500000
0.104135 0.020645 0.500000
0.202797 0.014132 0.500000
-0.213435 0.034817 0.500000
-0.068002 -0.023231 0.500000
0.026714 -0.022814 0.500000
0.361833 -0.015259 0.500000
-0.172828 -0.022300 0.500000
0.143147 0.018156 0.500000
0.092497 -0.021995 0.500000
0.184303 -0.020266 0.500000
0.185998 0.015291 0.500000
-0.308490 0.034228 0.500000
-0.246973 -0.020543 0.500000
0.069176 -0.022329 0.500000
-0.449341 0.015473 0.500000
-0.186362 -0.022044 0.500000
-0.152396 0.033237 0.500000
0.354571 0.002796 0.500000
0.350462 -0.015643 0.500000
0.401666 -0.001043 0.500000
-0.446720 0.016179 0.500000
0.349553 0.003195 0.500000
0.446248 -0.012115 0.500000
-0.300775 0.034510 0.500000
0.441568 -0.004424 0.500000
0.224114 -0.019327 0.500000
0.142886 0.018173 0.500000
0.032446 -0.022758 0.500000
0.053147 0.023710 0.500000
0.455005 -0.005590 0.500000
-0.302122 -0.019136 0.500000
-0.399534 -0.017992 0.500000
-0.131002 0.032515 0.500000
0.308150 -0.016996 0.500000
0.023855 -0.022841 0.500000
0.204461 -0.019804 0.500000
-0.459934 -0.017695 0.500000
0.456768 -0.011685 0.500000
0.335613 0.004297 0.500000
-0.433787 -0.017982 0.500000
-0.141660 -0.022762 0.500000
0.483508 -0.010552 0.500000
0.042631 -0.022652 0.500000
0.405506 -0.013698 0.500000
-0.429605 -0.017989 0.500000
0.498795 -0.009877 0.500000
-0.148470 -0.022675 0.500000
0.207271 0.013820 0.500000
-0.413604 0.023495 0.500000
-0.331689 0.033047 0.500000
0.405804 -0.013687 0.500000
0.179800 -0.020365 0.500000
0.453551 -0.011817 0.500000
0.299433 0.007094 0.500000
-0.372359 0.029518 0.500000
-0.044524 0.028890 0.500000
-0.285050 0.034927 0.500000
-0.218080 0.034899 0.500000
-0.498374 -0.009864 0.500000
0.300351 0.007024 0.500000
-0.365802 -0.018135 0.500000
0.441559 -0.004423 0.500000
-0.213810 0.034823 0.500000
0.113264 0.020073 0.500000
0.236689 -0.019008 0.500000
-0.091338 0.030983 0.500000
-0.315715 -0.018847 0.500000
-0.144838 -0.022722 0.500000
-0.213637 0.034820 0.500000
-0.300271 -0.019177 0.500000
0.083672 0.021901 0.500000
0.185303 -0.020243 0.500000
-0.344825 -0.018360 0.500000
0.078810 0.022195 0.500000
0.492050 -0.010177 0.500000
-0.422516 -0.017992 0.500000
0.341176 0.003859 0.500000
-0.194318 0.034410 0.500000
-0.333406 -0.018528 0.500000
0.104816 0.020602 0.500000
0.436009 -0.003946 0.500000
0.374698 -0.014813 0.500000
-0.200628 0.034556 0.500000
-0.498377 -0.009851 0.500000
0.491968 -0.010181 0.500000
-0.297905 0.034600 0.500000
-0.072605 -0.023224 0.500000
0.259812 -0.018394 0.500000
0.219322 0.012973 0.500000
0.000475 0.026628 0.500000
-0.349480 -0.018301 0.500000
-0.161607 0.033524 0.500000
0.020743 -0.022869 0.500000
-0.263995 -0.020084 0.500000
0.160137 -0.020782 0.500000
0.402158 -0.001084 0.500000
-0.465866 0.010445 0.500000
-0.348229 0.031857 0.500000
0.056136 -0.022496 0.500000
-0.283745 -0.019573 0.500000
0.045807 -0.022616 0.500000
-0.439443 0.018027 0.500000
-0.204150 -0.021652 0.500000
-0.290637 0.034801 0.500000
-0.028789 -0.023180 0.500000
0.310533 -0.016923 0.500000
0.018652 -0.022887 0.500000
0.259060 0.010110 0.500000
-0.118357 0.032053 0.500000
-0.252710 -0.020387 0.500000
0.202532 -0.019849 0.500000
-0.319525 0.033735 0.500000
0.123317 -0.021486 0.500000
0.467594 -0.011233 0.500000
0.291761 0.007675 0.500000
-0.481802 -0.016398 0.500000
0.256284 0.010314 0.500000
-0.101353 -0.023117 0.500000
-0.427006 -0.017991 0.500000
-0.283909 -0.019568 0.500000
-0.128603 0.032429 0.500000
-0.376422 0.029047 0.500000
0.000988 0.026601 0.500000
0.446479 -0.012105 0.500000
-0.199140 -0.021768 0.500000
-0.381245 -0.018038 0.500000
-0.404287 -0.017989 0.500000
-0.101972 -0.023113 0.500000
-0.307470 -0.019019 0.500000
0.433282 -0.012632 0.500000
0.098144 -0.021908 0.500000
-0.028948 0.028133 0.500000
-0.444744 0.016696 0.500000
-0.301529 0.034484 0.500000
0.028027 -0.022802 0.500000
0.029310 0.025064 0.500000
0.311107 -0.016905 0.500000
0.180682 0.015654 0.500000
-0.226021 0.035019 0.500000
-0.131454 -0.022876 0.500000
-0.067388 -0.023231 0.500000
0.042361 -0.022655 0.500000
-0.166224 -0.022413 0.500000
0.162595 0.016872 0.500000
-0.017744 -0.023134 0.500000
-0.169598 -0.022356 0.500000
-0.344822 -0.018360 0.500000
-0.447956 0.015849 0.500000
-0.392030 0.027002 0.500000
-0.476724 0.006410 0.500000
-0.233260 -0.020912 0.500000
-0.087675 -0.023182 0.500000
-0.044513 0.028890 0.500000
-0.428077 -0.017991 0.500000
0.096014 0.021148 0.500000
0.059826 0.023321 0.500000
0.366407 0.001846 0.500000
-0.376725 0.029011 0.500000
-0.288695 0.034848 0.500000
-0.349891 -0.018296 0.500000
-0.444408 -0.017933 0.500000
0.253273 -0.018571 0.500000
-0.105710 -0.023090 0.500000
-0.476099 0.006664 0.500000
0.368091 -0.015044 0.500000
0.002790 0.026505 0.500000
0.498304 -0.009899 0.500000
-0.395431 -0.017997 0.500000
0.394312 -0.000433 0.500000
0.445973 -0.012126 0.500000
0.074726 -0.022254 0.500000
-0.156539 0.033368 0.500000
-0.497089 -0.011927 0.500000
0.161455 0.016948 0.500000
0.389184 -0.000010 0.500000
-0.233759 -0.020899 0.500000
0.212123 -0.019621 0.500000
0.114559 -0.021638 0.500000
0.438330 -0.004145 0.500000
0.224044 0.012639 0.500000
-0.083921 -0.023195 0.500000
-0.385177 -0.018023 0.500000
-0.455041 0.013860 0.500000
0.044602 -0.022630 0.500000
-0.157658 0.033402 0.500000
0.477867 -0.010796 0.500000
-0.392912 0.026875 0.500000
0.299371 0.007098 0.500000
0.024845 -0.022831 0.500000
0.139663 -0.021186 0.500000
0.438336 -0.004146 0.500000
-0.089093 -0.023177 0.500000
0.215241 0.013261 0.500000
0.294753 -0.017399 0.500000
-0.065780 0.029876 0.500000
0.372870 -0.014877 0.500000
0.236140 0.011775 0.500000
-0.327864 0.033280 0.500000
-0.261595 -0.020148 0.500000
-0.099957 0.031336 0.500000
-0.376787 0.029003 0.500000
-0.047156 -0.023227 0.500000
-0.464041 -0.017573 0.500000
0.497262 -0.009946 0.500000
0.006633 0.026301 0.500000
0.098766 0.020978 0.500000
0.224300 -0.019322 0.500000
-0.251526 0.035222 0.500000
-0.034332 0.028398 0.500000
-0.370478 0.029729 0.500000
0.331248 -0.016273 0.500000
0.094088 -0.021971 0.500000
-0.449361 -0.017885 0.500000
-0.134562 -0.022843 0.500000
0.437807 -0.012453 0.500000
-0.020612 0.027716 0.500000
0.069610 -0.022323 0.500000
0.289964 -0.017540 0.500000
0.474731 -0.010930 0.500000
0.280797 -0.017806 0.500000
0.122116 0.019512 0.500000
0.243475 0.011246 0.500000
0.361105 -0.015284 0.500000
-0.174882 0.033908 0.500000
0.106838 0.020476 0.500000
0.069323 -0.022327 0.500000
-0.067457 -0.023231 0.500000
-0.026065 0.027990 0.500000
-0.235430 -0.020854 0.500000
0.384782 0.000351 0.500000
-0.116849 -0.023010 0.500000
0.098415 0.020999 0.500000
0.128454 -0.021394 0.500000
0.372084 0.001387 0.500000
-0.000266 0.026667 0.500000
-0.199485 -0.021760 0.500000
-0.486259 0.002051 0.500000
0.154546 -0.020895 0.500000
-0.083615 0.030658 0.500000
0.269863 -0.018116 0.500000
-0.206280 0.034677 0.500000
-0.018663 -0.023138 0.500000
-0.235234 0.035129 0.500000
0.477107 -0.010828 0.500000
-0.414229 0.023380 0.500000
-0.466990 -0.017462 0.500000
-0.255770 0.035224 0.500000
-0.225217 -0.021124 0.500000
0.108673 -0.021737 0.500000
0.425004 -0.012956 0.500000
-0.467755 0.009793 0.500000
0.378666 -0.014673 0.500000
0.149777 -0.020990 0.500000
-0.058571 0.029548 0.500000
-0.225275 0.035010 0.500000
0.039839 -0.022682 0.500000
-0.146234 -0.022705 0.500000
-0.006179 0.026976 0.500000
-0.113367 0.031864 0.500000
0.416740 -0.013274 0.500000
-0.224791 -0.021136 0.500000
-0.201273 0.034570 0.500000
0.114262 0.020010 0.500000
0.498725 -0.009880 0.500000
-0.215421 0.034852 0.500000
0.254535 -0.018537 0.500000
0.387944 -0.014342 0.500000
0.229519 0.012249 0.500000
-0.090007 -0.023173 0.500000
0.284843 0.008196 0.500000
-0.283831 0.034952 0.500000
0.465935 -0.011303 0.500000
-0.254863 0.035226 0.500000
0.254292 -0.018544 0.500000
-0.433491 -0.017983 0.500000
-0.288758 -0.019449 0.500000
-0.444131 0.016854 0.500000
0.141391 0.018270 0.500000
-0.060607 0.029641 0.500000
0.212336 -0.019616 0.500000
0.439733 -0.012376 0.500000
-0.086365 0.030774 0.500000
-0.392581 0.026924 0.500000
0.376472 0.001030 0.500000
0.379572 0.000777 0.500000
0.262948 -0.018308 0.500000
-0.138447 0.032775 0.500000
-0.427694 -0.017991 0.500000
0.455530 -0.011736 0.500000
0.324654 -0.016483 0.500000
-0.480762 -0.016514 0.500000
0.392877 -0.014163 0.500000
-0.458750 0.012745 0.500000
0.137315 -0.021230 0.500000
-0.442778 -0.017944 0.500000
0.149646 -0.020993 0.500000
0.264816 -0.018257 0.500000
0.384038 -0.014482 0.500000
0.261159 0.009956 0.500000
0.078304 -0.022204 0.500000
-0.325277 0.033427 0.500000
-0.015085 0.027436 0.500000
-0.300200 0.034530 0.500000
0.180420 0.015671 0.500000
0.496152 -0.009995 0.500000
0.337869 -0.016059 0.500000
0.120550 0.019612 0.500000
-0.058415 0.029541 0.500000
0.369135 0.001625 0.500000
0.289937 0.007813 0.500000
0.483082 -0.008075 0.500000
-0.266578 0.035181 0.500000
0.195019 0.014671 0.500000
0.144285 0.018082 0.500000
0.431061 -0.003522 0.500000
0.408769 -0.001636 0.500000
-0.363873 0.030430 0.500000
0.175539 -0.020458 0.500000
-0.099815 0.031330 0.500000
0.380039 -0.014625 0.500000
-0.425938 0.021079 0.500000
-0.277785 0.035056 0.500000
0.361692 -0.015264 0.500000
0.202459 -0.019851 0.500000
-0.490943 -0.000614 0.500000
0.466966 -0.011260 0.500000
-0.315377 0.033934 0.500000
-0.084966 0.030715 0.500000
-0.088484 0.030864 0.500000
-0.267121 0.035177 0.500000
-0.031478 0.028258 0.500000
-0.318068 0.033805 0.500000
-0.431377 -0.017987 0.500000
0.168459 0.016480 0.500000
-0.376832 0.028998 0.500000
-0.253274 0.035224 0.500000
0.399316 -0.013928 0.500000
0.258169 0.010176 0.500000
-0.191460 0.034341 0.500000
0.437127 -0.012480 0.500000
0.324912 -0.016475 0.500000
0.239597 -0.018933 0.500000
-0.132867 0.032581 0.500000
0.169019 -0.020597 0.500000
-0.366977 0.030108 0.500000
0.163993 -0.020702 0.500000
-0.487175 0.001568 0.500000
0.432573 -0.003651 0.500000
0.331672 0.004606 0.500000
-0.476298 0.006583 0.500000
0.437424 -0.012468 0.500000
0.466178 -0.011293 0.500000
-0.118378 0.032054 0.500000
0.314831 0.005914 0.500000
-0.006572 0.026997 0.500000
0.497195 -0.009949 0.500000
0.277975 -0.017887 0.500000
0.096166 -0.021939 0.500000
0.030212 0.025014 0.500000
0.026787 0.025204 0.500000
0.315080 0.005895 0.500000
-0.246489 -0.020556 0.500000
-0.419034 0.022472 0.500000
0.028524 -0.022797 0.500000
0.160368 0.017021 0.500000
-0.038861 0.028618 0.500000
-0.340642 0.032442 0.500000
0.141585 -0.021149 0.500000
-0.070541 -0.023227 0.500000
-0.107727 0.031645 0.500000
-0.081094 -0.023204 0.500000
-0.420610 0.022163 0.500000
0.443581 -0.004598 0.500000
0.371687 -0.014919 0.500000
-0.369035 0.029887 0.500000
-0.286535 -0.019503 0.500000
0.334012 0.004422 0.500000
-0.249601 0.035219 0.500000
-0.152989 -0.022614 0.500000
-0.287352 -0.019483 0.500000
-0.426517 0.020957 0.500000
-0.323107 0.033547 0.500000
-0.225248 -0.021124 0.500000
-0.264680 -0.020066 0.500000
0.152130 -0.020943 0.500000
-0.099080 -0.023130 0.500000
-0.122198 -0.022965 0.500000
0.324758 -0.016479 0.500000
0.297455 0.007244 0.500000
-0.293841 0.034718 0.500000
-0.170075 -0.022348 0.500000
-0.194928 -0.021862 0.500000
-0.407605 0.024557 0.500000
0.479257 -0.010736 0.500000
-0.113354 -0.023037 0.500000
0.056575 -0.022490 0.500000
-0.386838 0.027726 0.500000
-0.367934 0.030007 0.500000
0.408466 -0.001611 0.500000
0.162682 0.016866 0.500000
0.402746 -0.001133 0.500000
0.469598 -0.006874 0.500000
0.281652 -0.017782 0.500000
-0.153404 0.033269 0.500000
0.134848 0.018695 0.500000
-0.010752 0.027213 0.500000
-0.193169 -0.021901 0.500000
-0.454619 0.013983 0.500000
-0.124999 0.032299 0.500000
0.168009 -0.020618 0.500000
-0.197486 0.034484 0.500000
0.237494 0.011677 0.500000
0.103529 -0.021822 0.500000
0.006934 0.026285 0.500000
-0.341959 -0.018399 0.500000
-0.082507 -0.023200 0.500000
0.274696 -0.017980 0.500000
-0.442323 0.017314 0.500000
-0.200591 0.034555 0.500000
0.373695 0.001256 0.500000
-0.201361 -0.021717 0.500000
0.166004 -0.020660 0.500000
-0.310562 0.034145 0.500000
0.427089 -0.012875 0.500000
-0.087430 -0.023183 0.500000
0.043546 -0.022642 0.500000
-0.271242 -0.019893 0.500000
-0.362011 0.030615 0.500000
-0.497588 -0.006434 0.500000
-0.244609 -0.020607 0.500000
0.435221 -0.012556 0.500000
0.175798 0.015985 0.500000
-0.378192 0.028834 0.500000
-0.391295 -0.018005 0.500000
-0.260261 -0.020184 0.500000
0.364363 0.002010 0.500000
0.315326 0.005876 0.500000
-0.373687 -0.018078 0.500000
-0.400421 0.025739 0.500000
0.228272 -0.019223 0.500000
-0.372567 -0.018085 0.500000
0.067909 -0.022346 0.500000
-0.400119 0.025786 0.500000
-0.018840 0.027627 0.500000
0.038916 0.024525 0.500000
-0.057319 0.029490 0.500000
0.195058 0.014669 0.500000
0.417553 -0.013243 0.500000
0.407270 -0.001511 0.500000
0.242631 0.011307 0.500000
-0.479259 -0.016667 0.500000
-0.112094 0.031814 0.500000
0.326210 -0.016433 0.500000
-0.037659 0.028560 0.500000
-0.406442 -0.017988 0.500000
-0.432911 -0.017984 0.500000
0.335645 0.004294 0.500000
0.080556 0.022090 0.500000
-0.325125 0.033436 0.500000
0.026305 -0.022818 0.500000
0.157557 -0.020834 0.500000
-0.285826 0.034910 0.500000
-0.428408 -0.017990 0.500000
-0.493556 -0.013945 0.500000
-0.340964 -0.018413 0.500000
0.411903 -0.001899 0.500000
0.213498 -0.019588 0.500000
-0.178702 0.034013 0.500000
-0.117882 -0.023002 0.500000
0.363170 -0.015213 0.500000
0.487571 -0.008479 0.500000
-0.092792 -0.023161 0.500000
-0.439874 -0.017961 0.500000
0.320683 0.005462 0.500000
0.159870 -0.020787 0.500000
0.364392 0.002008 0.500000
-0.437411 -0.017971 0.500000
-0.289698 0.034825 0.500000
0.205291 -0.019784 0.500000
0.469556 -0.011150 0.500000
0.221165 -0.019400 0.500000
0.270483 0.009268 0.500000
-0.482860 0.003728 0.500000
0.461634 -0.006171 0.500000
-0.307555 0.034265 0.500000
-0.185720 -0.022057 0.500000
0.290624 0.007761 0.500000
-0.144506 -0.022726 0.500000
-0.128987 0.032443 0.500000
-0.457330 -0.017756 0.500000
0.148080 -0.021023 0.500000
-0.485872 0.002251 0.500000
-0.272280 0.035128 0.500000
0.382831 0.000511 0.500000
-0.087302 0.030814 0.500000
-0.474148 -0.017080 0.500000
-0.000135 0.026660 0.500000
-0.211627 -0.021471 0.500000
0.018974 0.025634 0.500000
0.078962 0.022186 0.500000
-0.004311 0.026879 0.500000
-0.203553 -0.021666 0.500000
-0.296796 0.034633 0.500000
0.009618 0.026141 0.500000
-0.366401 -0.018130 0.500000
0.343853 -0.015863 0.500000
-0.318724 -0.018789 0.500000
-0.365173 -0.018140 0.500000
0.385206 0.000317 0.500000
0.103294 -0.021825 0.500000
-0.235290 -0.020858 0.500000
-0.292699 -0.019354 0.500000
0.081436 -0.022159 0.500000
-0.048979 -0.023230 0.500000
0.302935 0.006827 0.500000
-0.431521 0.019873 0.500000
-0.003451 -0.023054 0.500000
-0.004448 0.026886 0.500000
-0.251536 -0.020419 0.500000
-0.118420 -0.022997 0.500000
-0.492669 -0.014264 0.500000
-0.147147 -0.022693 0.500000
0.459915 -0.011555 0.500000
-0.228105 0.035047 0.500000
-0.103804 -0.023103 0.500000
0.123249 0.019440 0.500000
-0.097323 -0.023139 0.500000
0.093278 -0.021983 0.500000
-0.236001 -0.020839 0.500000
0.410370 -0.013516 0.500000
0.133803 -0.021296 0.500000
0.249161 0.010834 0.500000
-0.192773 -0.021909 0.500000
0.010165 0.026112 0.500000
0.321999 -0.016567 0.500000
-0.461242 0.011965 0.500000
0.181328 -0.020331 0.500000
0.336065 0.004261 0.500000
0.406621 -0.001457 0.500000
0.399988 -0.013903 0.500000
0.448331 -0.012030 0.500000
0.298316 -0.017293 0.500000
0.012867 -0.022935 0.500000
-0.123756 -0.022951 0.500000
0.173294 0.016154 0.500000
-0.290122 0.034814 0.500000
0.112832 -0.021668 0.500000
0.123792 0.019405 0.500000
-0.372339 0.029521 0.500000
-0.352365 -0.018266 0.500000
0.440776 -0.004356 0.500000
-0.071400 -0.023226 0.500000
-0.040422 -0.023215 0.500000
0.360654 0.002309 0.500000
-0.261889 0.035208 0.500000
0.089626 0.021539 0.500000
0.041814 0.024361 0.500000
0.076076 0.022359 0.500000
0.486511 -0.008383 0.500000
0.192768 0.014826 0.500000
-0.364942 0.030320 0.500000
0.475474 -0.010899 0.500000
0.174318 0.016085 0.500000
-0.304377 -0.019086 0.500000
-0.048400 -0.023229 0.500000
-0.471751 -0.017229 0.500000
-0.351036 -0.018282 0.500000
-0.447326 0.016018 0.500000
0.289678 0.007833 0.500000
0.232371 0.012045 0.500000
0.017039 0.025740 0.500000
-0.104036 0.031499 0.500000
-0.394600 0.026627 0.500000
0.085887 -0.022095 0.500000
-0.167944 -0.022384 0.500000
-0.231596 0.035090 0.500000
-0.284560 -0.019552 0.500000
0.383446 -0.014504 0.500000
0.231137 0.012133 0.500000
-0.310336 -0.018958 0.500000
-0.058790 0.029558 0.500000
-0.050850 -0.023232 0.500000
0.176712 0.015923 0.500000
0.077715 0.022261 0.500000
-0.266279 -0.020024 0.500000
0.225572 0.012530 0.500000
-0.188246 -0.022005 0.500000
0.036856 -0.022713 0.500000
0.414021 -0.002077 0.500000
0.168610 -0.020605 0.500000
0.491869 -0.010185 0.500000
-0.132684 -0.022863 0.500000
0.116082 -0.021612 0.500000
0.228577 0.012316 0.500000
0.381113 0.000652 0.500000
0.427673 -0.003233 0.500000
-0.049597 0.029131 0.500000
0.475025 -0.007356 0.500000
-0.188115 0.034258 0.500000
-0.132426 -0.022865 0.500000
-0.193738 0.034396 0.500000
0.248112 0.010910 0.500000
-0.261039 0.035213 0.500000
-0.275679 0.035084 0.500000
-0.180555 0.034062 0.500000
0.224497 0.012606 0.500000
0.128169 0.019125 0.500000
0.016805 -0.022903 0.500000
-0.290708 0.034799 0.500000
-0.372552 -0.018086 0.500000
-0.174367 0.033894 0.500000
0.454854 -0.011764 0.500000
-0.472270 0.008156 0.500000
-0.463101 -0.017604 0.500000
0.125365 -0.021449 0.500000
0.238990 0.011570 0.500000
0.082352 -0.022146 0.500000
0.032888 -0.022754 0.500000
0.094669 -0.021962 0.500000
-0.108860 0.031689 0.500000
-0.387038 0.027698 0.500000
0.061864 -0.022424 0.500000
-0.114480 0.031906 0.500000
-0.052769 0.029279 0.500000
-0.001894 -0.023043 0.500000
-0.492001 -0.014479 0.500000
-0.015500 -0.023123 0.500000
-0.405881 -0.017988 0.500000
0.087992 -0.022063 0.500000
0.361582 -0.015268 0.500000
0.443844 -0.012212 0.500000
0.478351 -0.010775 0.500000
-0.304226 0.034391 0.500000
0.473474 -0.010984 0.500000
0.468884 -0.006811 0.500000
0.003604 -0.023006 0.500000
-0.195921 0.034448 0.500000
0.135864 -0.021257 0.500000
-0.476626 0.006450 0.500000
-0.036963 -0.023206 0.500000
0.114812 0.019975 0.500000
0.463369 -0.011411 0.500000
-0.215350 0.034851 0.500000
0.080401 -0.022174 0.500000
0.339902 -0.015992 0.500000
0.401990 -0.001070 0.500000
-0.058078 -0.023236 0.500000
-0.419457 -0.017992 0.500000
0.473953 -0.007260 0.500000
-0.278663 0.035043 0.500000
-0.071636 -0.023225 0.500000
0.221896 0.012791 0.500000
0.139223 0.018411 0.500000
0.379514 -0.014643 0.500000
-0.060553 -0.023236 0.500000
0.172779 -0.020517 0.500000
-0.401667 -0.017990 0.500000
-0.296321 0.034647 0.500000
-0.092060 0.031013 0.500000
0.477013 -0.007533 0.500000
-0.331228 -0.018564 0.500000
0.003543 0.026465 0.500000
-0.147675 0.033084 0.500000
0.100019 -0.021878 0.500000
0.022220 0.025456 0.500000
0.016298 0.025780 0.500000
0.121926 0.019524 0.500000
0.352892 0.002930 0.500000
0.291699 -0.017489 0.500000
0.216596 0.013166 0.500000
-0.232385 0.035098 0.500000
-0.425340 -0.017992 0.500000
-0.397773 0.026151 0.500000
0.196340 0.014580 0.500000
-0.180233 -0.022165 0.500000
-0.313676 -0.018889 0.500000
0.322540 -0.016549 0.500000
-0.381113 -0.018039 0.500000
0.403924 -0.013757 0.500000
0.196175 0.014591 0.500000
-0.484107 -0.016104 0.500000
-0.290776 -0.019400 0.500000
0.253729 -0.018559 0.500000
0.238991 -0.018949 0.500000
0.001853 -0.023018 0.500000
0.233940 0.011933 0.500000
0.501575 -0.009752 0.500000
-0.271346 -0.019890 0.500000
0.273072 0.009076 0.500000
-0.290813 0.034796 0.500000
0.213069 0.013414 0.500000
-0.311331 0.034112 0.500000
-0.063586 -0.023235 0.500000
-0.450037 -0.017877 0.500000
0.111429 -0.021691 0.500000
-0.383005 0.028231 0.500000
0.152087 0.017569 0.500000
-0.436402 -0.017975 0.500000
-0.459387 -0.017709 0.500000
0.068499 0.022811 0.500000
-0.494970 -0.003542 0.500000
0.138434 -0.021209 0.500000
0.191206 -0.020111 0.500000
-0.387891 0.027581 0.500000
-0.410543 0.024046 0.500000
-0.367284 -0.018123 0.500000
-0.254087 -0.020350 0.500000
0.259827 0.010054 0.500000
0.135763 -0.021259 0.500000
-0.074623 -0.023220 0.500000
-0.022949 -0.023157 0.500000
0.243077 -0.018842 0.500000
-0.092518 0.031032 0.500000
0.135045 -0.021273 0.500000
0.094187 -0.021969 0.500000
0.184916 0.015365 0.500000
-0.481888 0.004179 0.500000
-0.459432 0.012534 0.500000
0.413970 -0.013379 0.500000
0.152486 -0.020936 0.500000
0.170758 -0.020560 0.500000
0.015137 0.025843 0.500000
0.388929 -0.014307 0.500000
-0.291456 0.034780 0.500000
-0.146228 0.033037 0.500000
0.291109 0.007724 0.500000
-0.435003 0.019082 0.500000
-0.335315 -0.018498 0.500000
0.159354 -0.020798 0.500000
-0.222020 -0.021208 0.500000
-0.493942 -0.002701 0.500000
-0.178007 -0.022206 0.500000
-0.277629 0.035058 0.500000
-0.325611 0.033408 0.500000
0.474236 -0.007285 0.500000
0.473394 -0.010987 0.500000
0.436528 -0.012504 0.500000
-0.100516 0.031358 0.500000
-0.030311 0.028200 0.500000
-0.488757 0.000694 0.500000
-0.232876 -0.020922 0.500000
0.081899 -0.022153 0.500000
-0.356346 -0.018222 0.500000
0.266930 -0.018198 0.500000
-0.359264 -0.018193 0.500000
0.196366 0.014578 0.500000
-0.438334 0.018296 0.500000
0.276816 0.008797 0.500000
-0.491170 -0.000759 0.500000
0.297680 0.007227 0.500000
-0.213243 -0.021431 0.500000
0.058795 -0.022463 0.500000
-0.217583 0.034890 0.500000
-0.453194 0.014395 0.500000
0.262753 0.009839 0.500000
0.372252 -0.014899 0.500000
0.312221 -0.016871 0.500000
-0.305450 -0.019062 0.500000
-0.083686 0.030661 0.500000
0.346484 -0.015776 0.500000
0.349767 0.003178 0.500000
-0.105499 0.031557 0.500000
0.478676 -0.010761 0.500000
0.432552 -0.012661 0.500000
0.251689 0.010650 0.500000
0.046246 -0.022612 0.500000
-0.054523 -0.023235 0.500000
-0.168259 -0.022379 0.500000
-0.397365 0.026212 0.500000
0.112712 -0.021670 0.500000
-0.071766 0.030143 0.500000
-0.469201 0.009282 0.500000
0.083495 0.021912 0.500000
0.289052 -0.017567 0.500000
0.069047 0.022778 0.500000
0.389407 -0.000029 0.500000
0.314049 -0.016815 0.500000
-0.406579 0.024731 0.500000
-0.449244 -0.017887 0.500000
-0.158487 0.033428 0.500000
0.268785 0.009394 0.500000
-0.480840 0.004653 0.500000
0.451724 -0.005304 0.500000
0.103951 0.020656 0.500000
0.101722 -0.021851 0.500000
0.246244 0.011045 0.500000
0.111546 -0.021689 0.500000
-0.113374 -0.023037 0.500000
0.494176 -0.009076 0.500000
0.164988 -0.020681 0.500000
-0.157488 0.033397 0.500000
0.333295 0.004479 0.500000
-0.101269 0.031388 0.500000
-0.460972 -0.017667 0.500000
0.340599 0.003904 0.500000
-0.349220 -0.018304 0.500000
0.465002 -0.006468 0.500000
0.023180 -0.022847 0.500000
-0.492294 -0.001502 0.500000
-0.303474 0.034417 0.500000
-0.282714 -0.019598 0.500000
0.372507 -0.014890 0.500000
-0.362482 -0.018163 0.500000
-0.487044 -0.015639 0.500000
-0.359541 -0.018190 0.500000
-0.215424 -0.021376 0.500000
0.078182 -0.022206 0.500000
-0.457731 0.013057 0.500000
-0.494487 -0.013558 0.500000
0.173702 -0.020497 0.500000
-0.472395 -0.017191 0.500000
-0.464074 0.011046 0.500000
0.141600 0.018257 0.500000
0.358110 0.002513 0.500000
-0.136497 0.032708 0.500000
-0.364702 0.030345 0.500000
-0.126328 -0.022927 0.500000
-0.192087 -0.021924 0.500000
0.027762 -0.022804 0.500000
-0.379475 -0.018046 0.500000
0.303302 0.006799 0.500000
0.466199 -0.011292 0.500000
0.099700 0.020920 0.500000
0.318632 0.005620 0.500000
0.216217 -0.019522 0.500000
0.492961 -0.010137 0.500000
-0.379735 -0.018045 0.500000
-0.183353 -0.022104 0.500000
-0.258285 0.035219 0.500000
0.323011 -0.016535 0.500000
0.044164 0.024227 0.500000
0.459620 -0.011567 0.500000
-0.072201 0.030162 0.500000
-0.151061 -0.022641 0.500000
-0.329572 -0.018592 0.500000
0.192496 -0.020081 0.500000
0.450156 -0.011956 0.500000
0.496611 -0.009296 0.500000
-0.243936 -0.020625 0.500000
0.466483 -0.006598 0.500000
-0.065554 -0.023233 0.500000
0.370131 -0.014973 0.500000
-0.090804 0.030961 0.500000
-0.047428 -0.023227 0.500000
-0.232998 -0.020919 0.500000
-0.294399 0.034704 0.500000
-0.029007 0.028136 0.500000
-0.210633 0.034763 0.500000
-0.038079 -0.023209 0.500000
0.029513 -0.022787 0.500000
0.254557 -0.018537 0.500000
0.475604 -0.007407 0.500000
-0.041425 -0.023217 0.500000
-0.480408 0.004845 0.500000
-0.332272 -0.018547 0.500000
0.450903 -0.005233 0.500000
-0.081071 -0.023204 0.500000
-0.004738 0.026901 0.500000
0.308413 -0.016988 0.500000
0.168362 0.016486 0.500000
0.184427 -0.020263 0.500000
-0.414299 -0.017990 0.500000
-0.346375 -0.018340 0.500000
0.444660 -0.012179 0.500000
-0.335783 -0.018491 0.500000
0.266478 -0.018211 0.500000
0.310732 -0.016917 0.500000
0.440367 -0.012351 0.500000
0.196293 -0.019994 0.500000
0.473428 -0.010986 0.500000
-0.403999 -0.017989 0.500000
0.479697 -0.007772 0.500000
0.248669 -0.018694 0.500000
0.429733 -0.003409 0.500000
-0.394558 0.026634 0.500000
-0.133188 0.032592 0.500000
-0.343048 -0.018384 0.500000
0.127708 -0.021407 0.500000
-0.052464 0.029265 0.500000
0.084509 -0.022115 0.500000
0.221803 -0.019384 0.500000
-0.054865 -0.023235 0.500000
-0.012156 0.027286 0.500000
0.091708 -0.022007 0.500000
-0.398686 -0.017992 0.500000
-0.162358 -0.022475 0.500000
-0.248599 -0.020499 0.500000
-0.415765 0.023095 0.500000
-0.099090 -0.023130 0.500000
0.220578 -0.019415 0.500000
-0.352353 0.031511 0.500000
-0.299343 0.034556 0.500000
0.178763 -0.020388 0.500000
-0.021842 0.027778 0.500000
-0.403178 0.025297 0.500000
-0.312745 -0.018908 0.500000
0.461902 -0.011472 0.500000
0.259187 -0.018411 0.500000
0.363461 -0.015203 0.500000
0.403754 -0.001217 0.500000
-0.403020 0.025322 0.500000
0.295161 0.007418 0.500000
-0.496472 -0.012432 0.500000
0.040063 0.024460 0.500000
0.352481 -0.015576 0.500000
-0.336242 0.032750 0.500000
-0.003420 0.026832 0.500000
0.303260 0.006802 0.500000
-0.189024 -0.021989 0.500000
-0.302946 0.034435 0.500000
0.307529 0.006475 0.500000
-0.053114 -0.023234 0.500000
-0.283316 0.034961 0.500000
0.395754 -0.000553 0.500000
-0.488539 0.000818 0.500000
-0.147310 0.033072 0.500000
-0.125228 -0.022937 0.500000
-0.089604 -0.023174 0.500000
-0.345749 0.032056 0.500000
0.022004 -0.022857 0.500000
0.175334 0.016016 0.500000
0.159122 0.017103 0.500000
0.214887 -0.019554 0.500000
-0.329554 -0.018592 0.500000
0.401719 -0.013839 0.500000
-0.172070 -0.022313 0.500000
-0.039685 -0.023213 0.500000
-0.447813 0.015887 0.500000
-0.322603 0.033573 0.500000
-0.144325 -0.022729 0.500000
0.049400 0.023926 0.500000
-0.336779 0.032715 0.500000
0.497240 -0.009354 0.500000
0.422997 -0.013034 0.500000
0.265498 -0.018238 0.500000
0.252173 0.010614 0.500000
-0.110954 -0.023055 0.500000
-0.209902 -0.021513 0.500000
-0.467509 -0.017440 0.500000
0.081093 0.022057 0.500000
0.054395 -0.022517 0.500000
-0.425937 0.021079 0.500000
-0.214368 -0.021403 0.500000
0.017106 -0.022900 0.500000
-0.459345 -0.017710 0.500000
-0.446402 -0.017916 0.500000
-0.234529 0.035121 0.500000
0.401531 -0.001032 0.500000
-0.008922 0.027119 0.500000
-0.091729 -0.023165 0.500000
0.432442 -0.003640 0.500000
0.031539 -0.022767 0.500000
-0.085520 0.030739 0.500000
-0.299231 -0.019201 0.500000
0.293904 -0.017424 0.500000
-0.118287 0.032050 0.500000
0.002113 0.026541 0.500000
0.350104 -0.015655 0.500000
-0.050731 0.029184 0.500000
-0.156544 0.033368 0.500000
-0.037608 -0.023208 0.500000
0.139578 -0.021187 0.500000
-0.148680 0.033117 0.500000
0.112411 0.020127 0.500000
-0.149901 0.033157 0.500000
-0.484382 -0.016066 0.500000
0.195754 0.014620 0.500000
-0.408203 -0.017988 0.500000
0.286035 -0.017655 0.500000
-0.162895 0.033562 0.500000
0.041289 0.024390 0.500000
-0.126206 0.032342 0.500000
0.119842 -0.021547 0.500000
-0.438761 -0.017966 0.500000
-0.089268 0.030897 0.500000
0.242717 0.011301 0.500000
0.337455 -0.016072 0.500000
-0.274431 -0.019810 0.500000
0.150484 0.017675 0.500000
0.229545 -0.019191 0.500000
0.344688 -0.015835 0.500000
-0.313131 -0.018900 0.500000
0.436970 -0.012486 0.500000
0.355999 0.002681 0.500000
0.101122 0.020832 0.500000
-0.404905 0.025012 0.500000
-0.038876 0.028619 0.500000
-0.215000 0.034844 0.500000
0.210899 -0.019651 0.500000
0.218761 -0.019459 0.500000
-0.407112 0.024640 0.500000
-0.446557 0.016222 0.500000
0.029185 -0.022790 0.500000
-0.123225 -0.022956 0.500000
-0.247716 -0.020523 0.500000
-0.454358 0.014059 0.500000
0.119196 -0.021558 0.500000
0.321672 0.005385 0.500000
-0.494493 -0.013555 0.500000
0.173899 -0.020493 0.500000
-0.115511 0.031945 0.500000
-0.130140 0.032484 0.500000
-0.263268 -0.020103 0.500000
0.359382 0.002411 0.500000
-0.413240 0.023562 0.500000
0.174288 0.016087 0.500000
-0.252186 0.035223 0.500000
-0.183192 -0.022107 0.500000
0.033176 0.024848 0.500000
0.448164 -0.004995 0.500000
-0.387205 -0.018016 0.500000
-0.284191 -0.019561 0.500000
-0.474233 -0.017074 0.500000
0.260680 -0.018370 0.500000
-0.354401 0.031330 0.500000
-0.066134 0.029892 0.500000
0.131691 -0.021335 0.500000
-0.307697 -0.019014 0.500000
0.377870 -0.014702 0.500000
0.004089 -0.023002 0.500000
0.331339 -0.016270 0.500000
-0.044594 -0.023223 0.500000
-0.462435 -0.017625 0.500000
0.215327 -0.019544 0.500000
0.355253 0.002741 0.500000
0.402070 -0.013826 0.500000
-0.167693 -0.022389 0.500000
0.268715 0.009399 0.500000
-0.005022 -0.023063 0.500000
-0.307962 -0.019008 0.500000
0.463684 -0.006352 0.500000
0.074934 -0.022251 0.500000
-0.347380 0.031925 0.500000
-0.142153 0.032901 0.500000
0.498922 -0.009507 0.500000
0.357033 -0.015422 0.500000
-0.180739 -0.022155 0.500000
0.379036 -0.014660 0.500000
-0.466637 0.010181 0.500000
0.448721 -0.005043 0.500000
0.283416 0.008303 0.500000
-0.046221 -0.023226 0.500000
-0.285887 -0.019519 0.500000
0.084706 0.021839 0.500000
-0.155359 0.033331 0.500000
-0.439522 0.018008 0.500000
0.396245 -0.000593 0.500000
0.210544 -0.019659 0.500000
0.440981 -0.004373 0.500000
-0.256058 0.035223 0.500000
0.244271 0.011188 0.500000
0.141069 -0.021159 0.500000
-0.418040 -0.017991 0.500000
0.081625 0.022025 0.500000
-0.463980 -0.017575 0.500000
-0.256928 -0.020274 0.500000
0.021794 -0.022859 0.500000
0.084888 -0.022109 0.500000
-0.317504 0.033832 0.500000
0.228225 -0.019224 0.500000
0.451353 -0.011907 0.500000
-0.431625 -0.017986 0.500000
0.335847 -0.016124 0.500000
-0.134232 -0.022846 0.500000
-0.088248 0.030854 0.500000
-0.350754 -0.018285 0.500000
-0.096040 0.031177 0.500000
-0.101977 0.031417 0.500000
-0.118362 0.032053 0.500000
-0.346699 0.031980 0.500000
-0.058069 -0.023236 0.500000
-0.451506 -0.017858 0.500000
-0.098909 -0.023131 0.500000
-0.364284 0.030388 0.500000
-0.286319 -0.019508 0.500000
-0.047837 0.029047 0.500000
0.089044 -0.022048 0.500000
-0.434999 -0.017979 0.500000
0.380654 -0.014603 0.500000
-0.218730 0.034910 0.500000
0.082853 -0.022139 0.500000
0.412535 -0.001952 0.500000
0.149623 0.017732 0.500000
-0.382382 0.028310 0.500000
-0.417702 0.022728 0.500000
0.220952 0.012858 0.500000
-0.473659 -0.017112 0.500000
-0.406858 -0.017988 0.500000
-0.089297 0.030898 0.500000
-0.066950 0.029928 0.500000
0.226003 -0.019280 0.500000
-0.174606 -0.022269 0.500000
0.212274 0.013470 0.500000
-0.257822 -0.020249 0.500000
-0.219776 -0.021266 0.500000
-0.269799 -0.019930 0.500000
-0.330006 -0.018585 0.500000
-0.280179 -0.019662 0.500000
0.027048 0.025190 0.500000
-0.194707 -0.021867 0.500000
0.097053 0.021083 0.500000
0.242155 0.011341 0.500000
-0.360771 -0.018179 0.500000
-0.386269 -0.018019 0.500000
-0.273383 -0.019837 0.500000
0.031379 -0.022769 0.500000
0.070096 -0.022317 0.500000
-0.348258 -0.018316 0.500000
-0.468754 0.009441 0.500000
0.039252 -0.022688 0.500000
0.150206 0.017693 0.500000
-0.457600 -0.017750 0.500000
0.030411 -0.022779 0.500000
0.168264 0.016493 0.500000
-0.494738 -0.003344 0.500000
-0.032216 0.028294 0.500000
0.203036 0.014116 0.500000
0.011785 0.026024 0.500000
0.306907 -0.017034 0.500000
-0.425126 0.021248 0.500000
-0.193582 0.034392 0.500000
-0.344448 0.032157 0.500000
-0.233094 -0.020916 0.500000
-0.377605 0.028906 0.500000
-0.393641 -0.018000 0.500000
0.476417 -0.010858 0.500000
-0.310687 -0.018950 0.500000
0.346597 0.003430 0.500000
-0.308589 -0.018995 0.500000
-0.190212 -0.021964 0.500000
-0.232682 -0.020927 0.500000
-0.310647 0.034141 0.500000
0.021109 -0.022865 0.500000
-0.228904 -0.021028 0.500000
-0.188042 0.034256 0.500000
-0.121778 0.032180 0.500000
-0.480004 0.005023 0.500000
0.412201 -0.013446 0.500000
-0.394042 0.026709 0.500000
-0.347382 -0.018327 0.500000
-0.007772 -0.023080 0.500000
-0.157558 -0.022548 0.500000
0.130565 -0.021355 0.500000
0.348384 0.003288 0.500000
-0.217008 0.034880 0.500000
-0.411260 0.023918 0.500000
0.155296 0.017357 0.500000
-0.471539 -0.017241 0.500000
-0.208108 0.034714 0.500000
-0.490619 -0.000412 0.500000
-0.405123 -0.017989 0.500000
0.373555 0.001267 0.500000
-0.232945 0.035104 0.500000
-0.344655 0.032141 0.500000
-0.382402 -0.018033 0.500000
-0.128027 0.032408 0.500000
-0.181522 0.034088 0.500000
-0.057571 0.029502 0.500000
0.459271 -0.011581 0.500000
0.113831 -0.021651 0.500000
0.008133 -0.022972 0.500000
-0.281143 0.034999 0.500000
0.464135 -0.006391 0.500000
0.470026 -0.011130 0.500000
0.483652 -0.010546 0.500000
0.179392 0.015741 0.500000
-0.367849 0.030016 0.500000
0.359934 0.002366 0.500000
0.089775 0.021530 0.500000
-0.327606 -0.018626 0.500000
0.236983 0.011714 0.500000
0.209813 0.013642 0.500000
0.468073 -0.006739 0.500000
0.126838 -0.021423 0.500000
0.110183 0.020267 0.500000
0.151300 -0.020960 0.500000
0.100604 -0.021869 0.500000
0.081172 -0.022163 0.500000
-0.004995 -0.023063 0.500000
0.102664 0.020736 0.500000
-0.121768 -0.022968 0.500000
-0.081320 -0.023203 0.500000
-0.213049 0.034810 0.500000
0.111354 0.020193 0.500000
-0.018589 0.027614 0.500000
-0.301686 0.034478 0.500000
0.371512 0.001433 0.500000
-0.283930 -0.019568 0.500000
0.170561 -0.020564 0.500000
-0.326068 -0.018653 0.500000
0.091873 -0.022005 0.500000
0.034555 -0.022737 0.500000
-0.314877 -0.018864 0.500000
0.094088 -0.021971 0.500000
0.426718 -0.012889 0.500000
-0.384203 0.028075 0.500000
0.138551 0.018455 0.500000
-0.073767 0.030231 0.500000
0.344507 0.003596 0.500000
0.373206 0.001296 0.500000
-0.337964 0.032632 0.500000
-0.005558 0.026944 0.500000
-0.061707 0.029691 0.500000
0.363766 0.002059 0.500000
-0.392151 -0.018003 0.500000
0.302408 -0.017170 0.500000
0.457350 -0.005795 0.500000
0.488152 -0.008531 0.500000
0.424535 -0.002966 0.500000
0.496196 -0.009993 0.500000
0.165796 -0.020665 0.500000
-0.211782 -0.021467 0.500000
-0.317828 0.033816 0.500000
0.414387 -0.002108 0.500000
0.179124 -0.020380 0.500000
-0.301883 -0.019141 0.500000
-0.465868 -0.017507 0.500000
0.175968 -0.020448 0.500000
0.096525 0.021116 0.500000
0.465569 -0.011318 0.500000
-0.413761 0.023466 0.500000
-0.059839 0.029606 0.500000
-0.220994 0.034945 0.500000
-0.277522 0.035059 0.500000
0.308684 0.006387 0.500000
0.168934 0.016448 0.500000
-0.047743 0.029043 0.500000
-0.445494 0.016501 0.500000
-0.244552 0.035198 0.500000
0.261786 0.009910 0.500000
0.311818 -0.016883 0.500000
0.402832 -0.013797 0.500000
-0.337121 0.032692 0.500000
-0.284968 -0.019542 0.500000
-0.153127 -0.022612 0.500000
0.089842 -0.022036 0.500000
0.431827 -0.012690 0.500000
-0.037565 0.028555 0.500000
-0.158464 0.033427 0.500000
-0.336145 -0.018485 0.500000
-0.229570 0.035066 0.500000
0.345985 -0.015792 0.500000
-0.329245 0.033198 0.500000
0.492873 -0.010141 0.500000
-0.136071 0.032693 0.500000
-0.217761 0.034893 0.500000
0.194169 -0.020043 0.500000
0.019391 -0.022881 0.500000
-0.422012 -0.017992 0.500000
-0.220045 -0.021259 0.500000
-0.408158 -0.017988 0.500000
0.280399 0.008529 0.500000
0.283584 -0.017726 0.500000
0.256040 0.010332 0.500000
0.153742 0.017460 0.500000
0.436096 -0.003953 0.500000
-0.052851 -0.023233 0.500000
0.160505 0.017011 0.500000
0.331417 0.004626 0.500000
-0.176521 0.033953 0.500000
0.291801 0.007672 0.500000
0.210017 0.013628 0.500000
-0.445989 -0.017920 0.500000
-0.243850 -0.020627 0.500000
-0.143686 -0.022736 0.500000
-0.082875 -0.023199 0.500000
-0.351883 -0.018272 0.500000
-0.253058 -0.020378 0.500000
0.276381 0.008830 0.500000
0.016468 0.025771 0.500000
-0.176145 -0.022241 0.500000
0.012811 -0.022936 0.500000
-0.182191 0.034106 0.500000
0.168513 0.016476 0.500000
0.336512 0.004226 0.500000
-0.138223 -0.022802 0.500000
0.107347 0.020444 0.500000
-0.495576 -0.004088 0.500000
-0.279210 -0.019687 0.500000
0.303659 0.006771 0.500000
-0.447916 0.015859 0.500000
-0.457990 -0.017742 0.500000
-0.368259 -0.018116 0.500000
-0.043767 -0.023222 0.500000
0.329871 -0.016317 0.500000
0.385113 -0.014444 0.500000
-0.294228 -0.019318 0.500000
-0.206484 0.034682 0.500000
0.458498 -0.005896 0.500000
-0.177595 -0.022214 0.500000
0.462870 -0.006280 0.500000
0.150707 0.017660 0.500000
0.001671 -0.023019 0.500000
0.023311 0.025396 0.500000
-0.318033 0.033806 0.500000
0.172370 -0.020526 0.500000
0.056154 -0.022495 0.500000
0.224768 -0.019311 0.500000
-0.437617 0.018467 0.500000
0.051930 -0.022546 0.500000
-0.044396 0.028884 0.500000
0.216332 -0.019519 0.500000
0.421230 -0.013102 0.500000
-0.316589 0.033875 0.500000
0.175640 -0.020455 0.500000
-0.140867 -0.022771 0.500000
0.154230 0.017428 0.500000
-0.127216 0.032379 0.500000
0.263999 -0.018279 0.500000
-0.222733 -0.021189 0.500000
0.044367 0.024215 0.500000
-0.121998 0.032188 0.500000
-0.063096 -0.023235 0.500000
-0.094955 -0.023151 0.500000
0.049851 0.023901 0.500000
0.245286 0.011115 0.500000
0.286312 0.008086 0.500000
0.264430 0.009716 0.500000
-0.024480 -0.023164 0.500000
-0.017299 -0.023132 0.500000
0.446445 -0.012107 0.500000
-0.085410 0.030734 0.500000
-0.424055 -0.017992 0.500000
0.019504 -0.022880 0.500000
-0.009610 -0.023091 0.500000
0.020332 0.025560 0.500000
-0.099004 -0.023130 0.500000
-0.433709 -0.017982 0.500000
-0.311776 0.034092 0.500000
-0.199180 -0.021767 0.500000
-0.287071 -0.019490 0.500000
0.413735 -0.002053 0.500000
0.303624 -0.017133 0.500000
0.117869 -0.021581 0.500000
0.064606 0.023041 0.500000
0.501425 -0.009735 0.500000
-0.331060 -0.018567 0.500000
-0.124034 -0.022948 0.500000
0.067306 -0.022354 0.500000
-0.267005 0.035178 0.500000
0.142845 0.018176 0.500000
0.163371 0.016820 0.500000
0.477938 -0.010793 0.500000
-0.441876 0.017426 0.500000
0.463965 -0.011386 0.500000
-0.335962 0.032769 0.500000
-0.276509 0.035073 0.500000
-0.464150 0.011021 0.500000
0.108955 -0.021733 0.500000
-0.055799 0.029420 0.500000
-0.225620 0.035014 0.500000
-0.441909 -0.017950 0.500000
-0.245394 -0.020585 0.500000
-0.480034 -0.016591 0.500000
0.315328 -0.016775 0.500000
-0.351752 -0.018274 0.500000
0.110824 -0.021701 0.500000
-0.215038 0.034845 0.500000
-0.493198 -0.002141 0.500000
-0.228951 0.035058 0.500000
0.452603 -0.011856 0.500000
-0.129897 -0.022892 0.500000
-0.039595 0.028654 0.500000
0.222259 0.012765 0.500000
-0.135901 -0.022828 0.500000
0.222974 0.012715 0.500000
-0.253128 -0.020376 0.500000
-0.283443 -0.019580 0.500000
0.274806 -0.017977 0.500000
-0.438530 -0.017967 0.500000
0.447432 -0.004931 0.500000
-0.087897 0.030839 0.500000
0.469833 -0.006895 0.500000
0.425702 -0.003065 0.500000
-0.231535 -0.020958 0.500000
0.457088 -0.011672 0.500000
0.168107 0.016503 0.500000
-0.459193 0.012608 0.500000
0.270420 0.009273 0.500000
-0.165867 0.033650 0.500000
-0.065036 -0.023233 0.500000
-0.023737 -0.023161 0.500000
0.326120 0.005039 0.500000
-0.444628 0.016726 0.500000
-0.146734 -0.022698 0.500000
0.044870 -0.022627 0.500000
0.090157 0.021507 0.500000
0.338844 0.004043 0.500000
-0.468698 0.009461 0.500000
-0.285582 0.034915 0.500000
-0.217214 0.034884 0.500000
-0.175023 -0.022261 0.500000
-0.188440 0.034266 0.500000
-0.310812 0.034134 0.500000
0.223017 0.012712 0.500000
-0.393786 -0.018000 0.500000
0.147297 0.017884 0.500000
-0.110448 0.031751 0.500000
-0.248532 0.035217 0.500000
0.387291 -0.014366 0.500000
0.005481 0.026362 0.500000
0.083943 -0.022123 0.500000
-0.251508 0.035222 0.500000
-0.123619 0.032248 0.500000
-0.256564 0.035223 0.500000
-0.139170 0.032800 0.500000
-0.319936 -0.018765 0.500000
0.112445 0.020124 0.500000
0.461155 -0.006129 0.500000
-0.143979 0.032962 0.500000
-0.189637 -0.021976 0.500000
-0.347865 -0.018321 0.500000
0.493996 -0.009059 0.500000
0.042550 0.024319 0.500000
-0.387184 0.027678 0.500000
-0.230622 -0.020982 0.500000
0.391491 -0.014214 0.500000
0.384378 0.000384 0.500000
-0.271453 0.035136 0.500000
0.311361 0.006181 0.500000
0.021966 0.025470 0.500000
0.117438 -0.021589 0.500000
0.137982 -0.021217 0.500000
-0.204939 -0.021633 0.500000
0.321868 0.005370 0.500000
0.421072 -0.002672 0.500000
-0.306828 0.034293 0.500000
0.447793 -0.012052 0.500000
-0.242041 -0.020676 0.500000
-0.157199 0.033388 0.500000
-0.076045 0.030331 0.500000
-0.419907 0.022301 0.500000
0.489930 -0.008691 0.500000
0.457869 -0.005841 0.500000
0.073539 -0.022270 0.500000
0.052441 -0.022540 0.500000
-0.383700 0.028142 0.500000
0.108861 -0.021734 0.500000
-0.149273 0.033136 0.500000
0.445224 -0.004740 0.500000
-0.478915 0.005494 0.500000
0.024163 -0.022838 0.500000
0.243153 -0.018840 0.500000
0.411572 -0.001871 0.500000
-0.124653 -0.022943 0.500000
-0.022101 0.027791 0.500000
-0.053276 -0.023234 0.500000
0.152021 0.017574 0.500000
-0.250339 -0.020452 0.500000
-0.017399 -0.023132 0.500000
-0.152892 0.033252 0.500000
-0.408442 0.024413 0.500000
-0.043760 0.028854 0.500000
-0.186375 -0.022044 0.500000
0.059494 -0.022454 0.500000
0.273982 -0.018000 0.500000
-0.432876 -0.017984 0.500000
0.329298 -0.016335 0.500000
0.154192 -0.020902 0.500000
0.211184 -0.019644 0.500000
0.402438 -0.001108 0.500000
0.443030 -0.004550 0.500000
0.206942 0.013843 0.500000
-0.300898 0.034505 0.500000
0.157917 0.017183 0.500000
-0.498455 -0.008778 0.500000
-0.131942 0.032548 0.500000
-0.284536 -0.019553 0.500000
0.105932 -0.021783 0.500000
0.489569 -0.008659 0.500000
-0.101069 0.031380 0.500000
0.160428 0.017017 0.500000
-0.278806 -0.019697 0.500000
0.348910 0.003246 0.500000
0.113068 0.020085 0.500000
0.406756 -0.001468 0.500000
0.497805 -0.009405 0.500000
0.000595 -0.023027 0.500000
0.061334 0.023233 0.500000
-0.403777 0.025198 0.500000
0.498392 -0.009895 0.500000
0.359321 -0.015345 0.500000
-0.139204 0.032801 0.500000
-0.458979 0.012675 0.500000
-0.308762 0.034218 0.500000
-0.233172 0.035107 0.500000
0.328858 -0.016349 0.500000
0.223106 -0.019352 0.500000
-0.394705 -0.017998 0.500000
0.078319 0.022224 0.500000
-0.071084 0.030113 0.500000
0.064981 0.023019 0.500000
-0.050593 0.029177 0.500000
-0.218702 0.034909 0.500000
0.328685 -0.016355 0.500000
0.177430 0.015874 0.500000
0.030262 0.025011 0.500000
0.175415 0.016011 0.500000
-0.230243 0.035075 0.500000
-0.481192 0.004495 0.500000
-0.164031 -0.022448 0.500000
-0.013119 0.027335 0.500000
-0.473347 -0.017132 0.500000
0.410201 -0.013522 0.500000
0.261307 0.009945 0.500000
0.283803 0.008274 0.500000
0.190258 -0.020132 0.500000
0.388567 -0.014320 0.500000
-0.117356 -0.023006 0.500000
-0.216278 -0.021355 0.500000
0.273492 0.009045 0.500000
-0.006050 -0.023070 0.500000
0.185171 0.015348 0.500000
-0.000779 -0.023036 0.500000
0.307308 0.006492 0.500000
0.078107 0.022237 0.500000
0.433359 -0.003719 0.500000
0.345066 0.003551 0.500000
-0.438050 -0.017969 0.500000
-0.467213 0.009982 0.500000
-0.455465 -0.017794 0.500000
0.489893 -0.010272 0.500000
0.362668 0.002147 0.500000
-0.296199 -0.019271 0.500000
-0.427319 0.020788 0.500000
-0.462167 0.011669 0.500000
-0.133614 0.032607 0.500000
0.071880 0.022610 0.500000
-0.190323 0.034313 0.500000
-0.124912 -0.022940 0.500000
0.477300 -0.007558 0.500000
0.236653 -0.019009 0.500000
0.101796 -0.021850 0.500000
0.317913 0.005676 0.500000
0.047061 0.024061 0.500000
-0.050264 0.029162 0.500000
0.140825 0.018307 0.500000
-0.117041 -0.023008 0.500000
-0.294974 -0.019300 0.500000
-0.342604 -0.018391 0.500000
0.109498 0.020310 0.500000
0.460815 -0.011517 0.500000
-0.076545 0.030353 0.500000
0.353676 0.002867 0.500000
0.333071 -0.016214 0.500000
0.065019 -0.022384 0.500000
0.416659 -0.002299 0.500000
0.323439 0.005248 0.500000
0.203867 -0.019818 0.500000
-0.088528 0.030866 0.500000
-0.367938 0.030006 0.500000
0.425600 -0.012933 0.500000
-0.495874 -0.012832 0.500000
-0.457997 0.012976 0.500000
0.470913 -0.011093 0.500000
0.079841 -0.022182 0.500000
0.407404 -0.001522 0.500000
0.305120 -0.017088 0.500000
0.306603 -0.017043 0.500000
0.487519 -0.010377 0.500000
-0.044443 -0.023223 0.500000
0.201404 -0.019876 0.500000
-0.368156 0.029982 0.500000
0.304043 -0.017121 0.500000
-0.135943 -0.022828 0.500000
-0.312316 -0.018917 0.500000
0.194866 0.014682 0.500000
0.163867 0.016787 0.500000
-0.068595 -0.023230 0.500000
-0.359620 0.030848 0.500000
-0.455662 0.013677 0.500000
0.352181 0.002986 0.500000
0.327271 -0.016400 0.500000
-0.091357 0.030984 0.500000
-0.265274 -0.020050 0.500000
0.265205 0.009658 0.500000
0.054160 0.023652 0.500000
-0.275880 0.035081 0.500000
0.035846 -0.022724 0.500000
0.338380 0.004079 0.500000
-0.371206 -0.018095 0.500000
0.375176 0.001136 0.500000
-0.319608 0.033730 0.500000
-0.216981 -0.021337 0.500000
-0.131562 0.032535 0.500000
-0.131544 0.032534 0.500000
-0.470771 0.008713 0.500000
0.355354 -0.015479 0.500000
0.470102 -0.006918 0.500000
0.092388 0.021370 0.500000
-0.282946 -0.019593 0.500000
-0.405342 0.024939 0.500000
0.283874 0.008269 0.500000
-0.417581 -0.017991 0.500000
-0.338936 0.032563 0.500000
0.317892 0.005678 0.500000
-0.423407 -0.017992 0.500000
-0.003181 -0.023052 0.500000
-0.368600 -0.018113 0.500000
0.438563 -0.012423 0.500000
0.184822 0.015371 0.500000
0.343158 -0.015886 0.500000
-0.482488 -0.016316 0.500000
-0.197459 0.034483 0.500000
0.387751 0.000108 0.500000
0.110194 0.020266 0.500000
-0.272605 -0.019857 0.500000
-0.235053 0.035127 0.500000
0.202737 -0.019845 0.500000
-0.353759 -0.018251 0.500000
-0.495458 -0.003978 0.500000
-0.092566 -0.023162 0.500000
0.043016 -0.022648 0.500000
-0.463187 -0.017601 0.500000
-0.402602 -0.017989 0.500000
0.052678 0.023737 0.500000
0.001672 -0.023019 0.500000
0.253671 0.010505 0.500000
-0.368120 0.029986 0.500000
0.270044 -0.018111 0.500000
0.380504 -0.014608 0.500000
-0.352517 0.031497 0.500000
-0.068561 -0.023230 0.500000
-0.271312 0.035137 0.500000
0.424425 -0.012978 0.500000
-0.287592 -0.019477 0.500000
0.212830 0.013431 0.500000
0.254467 -0.018539 0.500000
-0.109186 0.031702 0.500000
-0.479317 0.005321 0.500000
-0.220159 -0.021256 0.500000
-0.050754 0.029185 0.500000
0.441811 -0.012293 0.500000
0.118342 -0.021573 0.500000
0.184965 0.015362 0.500000
0.071391 -0.022300 0.500000
-0.068978 0.030019 0.500000
-0.143882 -0.022734 0.500000
-0.430012 -0.017989 0.500000
0.022225 -0.022856 0.500000
0.025441 -0.022826 0.500000
-0.402155 -0.017990 0.500000
0.116817 0.019849 0.500000
0.342645 -0.015902 0.500000
-0.204248 0.034634 0.500000
0.383179 -0.014513 0.500000
-0.236478 -0.020826 0.500000
-0.061814 -0.023235 0.500000
0.431480 -0.003558 0.500000
-0.167365 0.033695 0.500000
0.238418 0.011611 0.500000
-0.043913 0.028861 0.500000
0.292767 0.007599 0.500000
0.179509 -0.020371 0.500000
0.433648 -0.012618 0.500000
-0.318497 -0.018793 0.500000
-0.251600 -0.020417 0.500000
-0.403614 0.025225 0.500000
0.025019 -0.022830 0.500000
0.100859 -0.021865 0.500000
-0.434647 -0.017980 0.500000
-0.322349 0.033586 0.500000
0.048929 0.023954 0.500000
-0.102063 0.031420 0.500000
-0.249843 0.035219 0.500000
-0.040450 0.028695 0.500000
-0.363447 0.030472 0.500000
-0.356676 -0.018219 0.500000
0.469513 -0.011152 0.500000
-0.037708 -0.023208 0.500000
-0.285997 -0.019516 0.500000
0.104145 0.020644 0.500000
0.244622 -0.018802 0.500000
0.385636 0.000281 0.500000
-0.262396 0.035205 0.500000
-0.141198 0.032869 0.500000
-0.181221 0.034080 0.500000
-0.238539 -0.020770 0.500000
0.279217 0.008618 0.500000
0.125521 -0.021447 0.500000
0.399695 -0.013914 0.500000
-0.440577 -0.017957 0.500000
-0.095378 0.031150 0.500000
0.036276 -0.022719 0.500000
-0.308895 -0.018988 0.500000
0.102801 -0.021833 0.500000
-0.427438 -0.017991 0.500000
0.099432 -0.021887 0.500000
-0.143388 -0.022740 0.500000
-0.357102 -0.018215 0.500000
0.030664 -0.022776 0.500000
0.116109 -0.021612 0.500000
0.378375 -0.014684 0.500000
-0.171491 0.033813 0.500000
-0.060878 -0.023235 0.500000
0.186076 0.015286 0.500000
0.406093 -0.013676 0.500000
0.028855 0.025089 0.500000
0.259363 0.010088 0.500000
0.126541 0.019230 0.500000
0.348567 0.003274 0.500000
0.386068 -0.014410 0.500000
0.365993 -0.015116 0.500000
-0.026275 0.028000 0.500000
0.231168 -0.019149 0.500000
-0.296725 0.034635 0.500000
-0.385536 -0.018021 0.500000
0.034504 0.024774 0.500000
0.315579 -0.016767 0.500000
0.031895 0.024920 0.500000
-0.386408 0.027783 0.500000
-0.117868 -0.023002 0.500000
0.126418 0.019237 0.500000
0.456315 -0.011704 0.500000
-0.467638 -0.017434 0.500000
0.484970 -0.010488 0.500000
-0.168651 -0.022373 0.500000
-0.050819 0.029188 0.500000
-0.001609 -0.023041 0.500000
-0.248821 0.035217 0.500000
-0.311828 -0.018927 0.500000
0.486079 -0.008344 0.500000
0.057522 0.023456 0.500000
-0.183181 -0.022107 0.500000
0.250435 -0.018647 0.500000
0.255336 -0.018516 0.500000
0.211419 0.013530 0.500000
0.271673 0.009180 0.500000
-0.137723 -0.022807 0.500000
-0.465079 0.010711 0.500000
-0.029909 0.028181 0.500000
0.131365 0.018920 0.500000
0.086277 0.021743 0.500000
-0.455176 -0.017799 0.500000
0.199542 -0.019919 0.500000
-0.224861 0.035004 0.500000
0.221553 -0.019391 0.500000
-0.038947 0.028622 0.500000
-0.086184 0.030767 0.500000
-0.374872 0.029230 0.500000
0.464230 -0.006400 0.500000
0.421866 -0.013077 0.500000
-0.336472 0.032735 0.500000
0.179146 -0.020379 0.500000
0.356136 -0.015453 0.500000
-0.195584 -0.021848 0.500000
-0.203166 -0.021675 0.500000
-0.402435 0.025416 0.500000
-0.430191 0.020167 0.500000
-0.386299 0.027797 0.500000
0.090312 -0.022029 0.500000
0.345008 0.003556 0.500000
0.450941 -0.011924 0.500000
-0.309786 -0.018969 0.500000
0.059748 -0.022451 0.500000
0.057916 -0.022474 0.500000
-0.086731 0.030790 0.500000
0.413308 -0.002017 0.500000
-0.303677 -0.019101 0.500000
0.385164 -0.014442 0.500000
-0.474460 0.007315 0.500000
0.131127 0.018935 0.500000
-0.157121 -0.022555 0.500000
0.008074 -0.022973 0.500000
0.340522 0.003910 0.500000
-0.273626 0.035111 0.500000
0.433823 -0.003758 0.500000
0.113723 0.020044 0.500000
-0.423086 -0.017992 0.500000
0.251484 -0.018619 0.500000
-0.013819 -0.023114 0.500000
-0.155122 0.033323 0.500000
0.025086 0.025298 0.500000
0.326550 -0.016423 0.500000
0.160001 -0.020784 0.500000
0.130356 -0.021359 0.500000
0.411040 -0.001827 0.500000
0.421475 -0.013092 0.500000
-0.248684 -0.020496 0.500000
0.141962 0.018233 0.500000
0.238236 -0.018968 0.500000
-0.492863 -0.001899 0.500000
0.469040 -0.011172 0.500000
-0.125460 0.032315 0.500000
0.051994 -0.022545 0.500000
-0.208384 0.034719 0.500000
0.152896 0.017516 0.500000
-0.235179 -0.020861 0.500000
-0.101717 -0.023115 0.500000
0.321691 -0.016576 0.500000
-0.214588 -0.021397 0.500000
-0.207370 0.034699 0.500000
0.111007 0.020215 0.500000
-0.106295 0.031588 0.500000
-0.444848 -0.017929 0.500000
-0.016487 0.027507 0.500000
0.230314 -0.019171 0.500000
-0.038833 0.028617 0.500000
0.238775 -0.018954 0.500000
-0.438699 0.018207 0.500000
0.241786 -0.018876 0.500000
0.256680 -0.018479 0.500000
-0.035697 -0.023203 0.500000
0.054792 -0.022512 0.500000
-0.419093 -0.017992 0.500000
0.283424 -0.017730 0.500000
0.019824 -0.022877 0.500000
-0.172072 -0.022313 0.500000
-0.190272 -0.021963 0.500000
0.323171 0.005269 0.500000
0.214761 0.013295 0.500000
0.409706 -0.001715 0.500000
0.337270 -0.016078 0.500000
0.486521 -0.008384 0.500000
0.498535 -0.009889 0.500000
-0.042177 -0.023218 0.500000
-0.048403 -0.023229 0.500000
0.004737 0.026402 0.500000
0.337279 -0.016078 0.500000
0.196973 0.014536 0.500000
-0.128881 -0.022902 0.500000
-0.365921 0.030218 0.500000
-0.181093 0.034077 0.500000
0.384170 0.000401 0.500000
0.206049 0.013906 0.500000
0.024065 0.025355 0.500000
0.284345 0.008234 0.500000
0.460602 -0.011526 0.500000
-0.072751 0.030187 0.500000
0.355504 -0.015474 0.500000
-0.041186 0.028730 0.500000
-0.031699 0.028269 0.500000
0.249595 -0.018670 0.500000
-0.370417 0.029736 0.500000
-0.046559 -0.023226 0.500000
0.113342 0.020068 0.500000
0.233044 0.011997 0.500000
0.020157 -0.022874 0.500000
0.025106 -0.022829 0.500000
-0.031525 -0.023190 0.500000
-0.171328 -0.022326 0.500000
0.447577 -0.012061 0.500000
0.375188 0.001135 0.500000
-0.121681 0.032176 0.500000
-0.226001 0.035019 0.500000
-0.161318 -0.022491 0.500000
-0.438282 -0.017968 0.500000
-0.301329 0.034491 0.500000
0.386909 -0.014379 0.500000
-0.149316 0.033138 0.500000
0.274121 0.008998 0.500000
-0.247186 0.035211 0.500000
-0.094153 -0.023155 0.500000
0.046434 -0.022609 0.500000
-0.002150 0.026766 0.500000
0.020062 0.025575 0.500000
0.040333 0.024444 0.500000
-0.211705 -0.021469 0.500000
-0.469956 0.009010 0.500000
0.419091 -0.013184 0.500000
0.360931 0.002286 0.500000
-0.274623 -0.019805 0.500000
-0.497472 -0.006255 0.500000
-0.443581 -0.017939 0.500000
-0.335930 0.032771 0.500000
-0.497745 -0.006693 0.500000
0.143868 -0.021105 0.500000
0.376118 0.001059 0.500000
-0.026574 0.028015 0.500000
0.046821 0.024075 0.500000
-0.312587 -0.018911 0.500000
0.329317 0.004790 0.500000
0.263716 0.009768 0.500000
0.339705 -0.015999 0.500000
-0.041650 0.028753 0.500000
-0.313209 -0.018898 0.500000
-0.192452 0.034365 0.500000
-0.147617 -0.022687 0.500000
-0.263593 -0.020095 0.500000
0.190662 -0.020123 0.500000
-0.242999 -0.020650 0.500000
-0.176205 -0.022239 0.500000
-0.232048 -0.020944 0.500000
0.291224 -0.017503 0.500000
0.464021 -0.006381 0.500000
0.312733 -0.016855 0.500000
0.301379 -0.017201 0.500000
-0.076241 -0.023216 0.500000
0.425166 -0.012950 0.500000
-0.028386 0.028105 0.500000
0.454433 -0.011781 0.500000
0.020224 -0.022873 0.500000
-0.191034 0.034331 0.500000
0.350426 0.003126 0.500000
-0.209688 0.034745 0.500000
-0.455227 -0.017798 0.500000
0.309982 0.006287 0.500000
0.424256 -0.012985 0.500000
0.131637 -0.021336 0.500000
-0.144638 -0.022725 0.500000
-0.472946 -0.017157 0.500000
-0.209048 -0.021535 0.500000
-0.491924 -0.001252 0.500000
-0.282224 0.034980 0.500000
0.071811 0.022614 0.500000
-0.290564 -0.019405 0.500000
0.480410 -0.010686 0.500000
0.198346 0.014441 0.500000
-0.237887 0.035152 0.500000
0.251463 -0.018620 0.500000
0.060402 0.023288 0.500000
0.359813 -0.015328 0.500000
-0.252947 0.035224 0.500000
0.027191 -0.022810 0.500000
-0.141539 -0.022763 0.500000
0.330151 -0.016308 0.500000
0.477084 -0.007539 0.500000
0.285994 -0.017656 0.500000
0.354926 -0.015494 0.500000
0.093972 0.021273 0.500000
-0.231264 0.035086 0.500000
0.494883 -0.009140 0.500000
0.346116 0.003468 0.500000
0.318381 -0.016680 0.500000
0.021924 -0.022858 0.500000
0.377186 0.000972 0.500000
0.342498 0.003754 0.500000
0.018008 -0.022893 0.500000
-0.007357 0.027038 0.500000
0.433172 -0.012637 0.500000
-0.168625 -0.022373 0.500000
0.491584 -0.008841 0.500000
0.315147 0.005890 0.500000
0.050877 0.023841 0.500000
-0.099716 0.031326 0.500000
0.428724 -0.003323 0.500000
-0.375697 -0.018066 0.500000
0.397665 -0.000711 0.500000
0.243307 0.011258 0.500000
0.264105 0.009739 0.500000
-0.052942 -0.023234 0.500000
0.032279 0.024898 0.500000
0.398416 -0.013961 0.500000
-0.005050 -0.023063 0.500000
-0.378634 0.028780 0.500000
-0.298496 0.034582 0.500000
0.423057 -0.002841 0.500000
-0.448121 0.015804 0.500000
-0.158214 -0.022538 0.500000
-0.483338 0.003502 0.500000
-0.163890 -0.022451 0.500000
-0.144867 -0.022722 0.500000
0.325708 -0.016449 0.500000
0.335332 -0.016141 0.500000
-0.171087 0.033802 0.500000
-0.428967 -0.017990 0.500000
0.327322 0.004946 0.500000
-0.119359 -0.022990 0.500000
-0.302740 0.034442 0.500000
0.259853 0.010052 0.500000
0.414933 -0.002154 0.500000
-0.375519 0.029153 0.500000
0.470943 -0.011092 0.500000
-0.302339 0.034456 0.500000
0.336606 0.004219 0.500000
0.217356 -0.019494 0.500000
0.023715 -0.022842 0.500000
-0.294409 0.034703 0.500000
0.497284 -0.009358 0.500000
-0.354533 -0.018242 0.500000
0.195981 -0.020002 0.500000
-0.479382 0.005293 0.500000
-0.261596 0.035210 0.500000
-0.142165 0.032901 0.500000
-0.425139 -0.017992 0.500000
-0.269307 -0.019943 0.500000
-0.277833 0.035055 0.500000
-0.440661 0.017728 0.500000
0.290132 0.007798 0.500000
-0.258765 0.035218 0.500000
-0.401442 -0.017990 0.500000
0.416238 -0.002264 0.500000
0.491950 -0.010182 0.500000
-0.476289 -0.016925 0.500000
-0.027997 0.028086 0.500000
-0.208554 0.034722 0.500000
0.390441 -0.000114 0.500000
0.077483 -0.022216 0.500000
0.209065 0.013695 0.500000
-0.324494 -0.018681 0.500000
-0.080814 0.030538 0.500000
-0.200717 0.034558 0.500000
0.482978 -0.010575 0.500000
0.246036 -0.018764 0.500000
-0.276858 -0.019747 0.500000
-0.478001 -0.016783 0.500000
0.414937 -0.002154 0.500000
-0.406848 -0.017988 0.500000
-0.439936 -0.017961 0.500000
-0.285550 0.034916 0.500000
0.220969 0.012857 0.500000
0.217463 0.013105 0.500000
0.069508 -0.022325 0.500000
0.354499 0.002801 0.500000
0.300517 -0.017227 0.500000
-0.394512 0.026640 0.500000
-0.118072 0.032042 0.500000
-0.260337 0.035215 0.500000
-0.256298 0.035223 0.500000
0.392893 -0.014163 0.500000
-0.288674 -0.019451 0.500000
-0.141651 -0.022762 0.500000
-0.189831 0.034301 0.500000
0.079327 -0.022190 0.500000
-0.105044 0.031539 0.500000
0.327077 0.004965 0.500000
0.321346 -0.016587 0.500000
0.391122 -0.000170 0.500000
0.006152 0.026326 0.500000
-0.478444 -0.016743 0.500000
0.420188 -0.002598 0.500000
-0.477449 -0.016831 0.500000
0.123447 0.019427 0.500000
-0.154713 0.033310 0.500000
-0.005301 -0.023065 0.500000
-0.448498 0.015703 0.500000
0.079528 0.022152 0.500000
-0.300698 -0.019168 0.500000
0.449556 -0.005116 0.500000
0.401661 -0.001043 0.500000
0.126628 -0.021427 0.500000
-0.073476 0.030219 0.500000
0.393876 -0.014127 0.500000
0.484807 -0.010495 0.500000
-0.001399 0.026726 0.500000
-0.296563 -0.019262 0.500000
-0.365710 -0.018135 0.500000
0.333494 0.004463 0.500000
-0.362294 -0.018165 0.500000
0.486216 -0.010434 0.500000
0.430166 -0.003446 0.500000
0.208421 -0.019710 0.500000
0.127447 -0.021412 0.500000
-0.139463 -0.022787 0.500000
-0.232226 0.035097 0.500000
0.167508 -0.020629 0.500000
-0.487905 -0.015478 0.500000
-0.331966 0.033030 0.500000
0.179034 -0.020382 0.500000
-0.019791 -0.023143 0.500000
-0.153859 0.033283 0.500000
0.309752 -0.016947 0.500000
0.473287 -0.010992 0.500000
0.421078 -0.002673 0.500000
-0.416079 0.023036 0.500000
-0.016561 0.027511 0.500000
0.062308 -0.022419 0.500000
-0.379473 0.028676 0.500000
0.181329 0.015610 0.500000
0.222286 0.012763 0.500000
0.475669 -0.010890 0.500000
0.156982 -0.020846 0.500000
0.310764 -0.016916 0.500000
-0.305056 0.034362 0.500000
0.184605 -0.020259 0.500000
0.294184 0.007492 0.500000
0.448761 -0.012013 0.500000
-0.061169 0.029667 0.500000
-0.092606 -0.023162 0.500000
0.150583 0.017668 0.500000
-0.320908 0.033662 0.500000
-0.003523 -0.023054 0.500000
0.121940 0.019523 0.500000
0.175136 0.016030 0.500000
-0.425884 0.021091 0.500000
0.101692 0.020796 0.500000
0.316591 0.005778 0.500000
-0.391536 0.027072 0.500000
-0.323592 -0.018697 0.500000
0.416475 -0.013284 0.500000
0.324070 0.005199 0.500000
-0.488497 0.000841 0.500000
0.456408 -0.005713 0.500000
0.147102 0.017897 0.500000
-0.400549 0.025719 0.500000
-0.200301 -0.021741 0.500000
0.126839 0.019211 0.500000
-0.079493 0.030481 0.500000
0.380390 0.000711 0.500000
0.023620 -0.022843 0.500000
-0.292002 -0.019370 0.500000
-0.044528 0.028890 0.500000
-0.162243 0.033542 0.500000
0.090804 -0.022021 0.500000
0.290088 -0.017537 0.500000
0.411019 -0.001825 0.500000
0.371057 0.001470 0.500000
0.318805 0.005607 0.500000
-0.466046 -0.017500 0.500000
-0.249857 -0.020465 0.500000
-0.097186 -0.023139 0.500000
0.050962 -0.022557 0.500000
-0.128889 0.032440 0.500000
0.370828 -0.014949 0.500000
-0.265069 -0.020056 0.500000
0.330638 0.004687 0.500000
0.264489 0.009711 0.500000
-0.084721 0.030705 0.500000
0.122076 0.019515 0.500000
-0.001597 -0.023041 0.500000
0.256202 0.010320 0.500000
-0.438301 0.018304 0.500000
0.200198 0.014313 0.500000
-0.489683 0.000156 0.500000
-0.376809 0.029001 0.500000
0.036146 -0.022721 0.500000
0.453422 -0.005452 0.500000
-0.035690 0.028464 0.500000
-0.397403 0.026207 0.500000
-0.263521 0.035199 0.500000
0.231837 0.012083 0.500000
-0.295959 0.034658 0.500000
0.274948 -0.017973 0.500000
-0.074746 0.030274 0.500000
-0.476164 -0.016934 0.500000
-0.047204 -0.023227 0.500000
0.095678 -0.021946 0.500000
0.312485 0.006095 0.500000
-0.408300 0.024438 0.500000
-0.064968 0.029839 0.500000
-0.015355 0.027449 0.500000
-0.325651 0.033406 0.500000
0.179557 -0.020370 0.500000
-0.488696 -0.015317 0.500000
-0.280680 0.035007 0.500000
0.145958 0.017972 0.500000
-0.348305 0.031851 0.500000
-0.351243 0.031605 0.500000
-0.045486 0.028936 0.500000
0.098143 0.021016 0.500000
0.457746 -0.005830 0.500000
-0.276925 0.035067 0.500000
0.040907 -0.022670 0.500000
-0.013588 -0.023113 0.500000
-0.418175 -0.017991 0.500000
-0.350622 -0.018287 0.500000
0.455616 -0.005644 0.500000
0.073594 0.022508 0.500000
0.206477 -0.019756 0.500000
-0.315533 0.033926 0.500000
-0.100854 0.031372 0.500000
-0.002911 0.026806 0.500000
0.421407 -0.002701 0.500000
-0.135913 0.032687 0.500000
-0.428439 0.020547 0.500000
0.258713 -0.018424 0.500000
0.361162 0.002268 0.500000
0.474765 -0.007332 0.500000
-0.330806 0.033101 0.500000
0.159978 0.017047 0.500000
0.023930 0.025362 0.500000
0.357319 0.002576 0.500000
-0.243057 -0.020649 0.500000
0.136629 0.018580 0.500000
0.406335 -0.013667 0.500000
-0.417151 -0.017991 0.500000
-0.483205 0.003565 0.500000
0.171272 -0.020549 0.500000
0.252278 -0.018598 0.500000
-0.346615 -0.018337 0.500000
0.252190 0.010613 0.500000
0.365537 0.001916 0.500000
0.301429 -0.017200 0.500000
-0.187415 0.034240 0.500000
0.045610 -0.022619 0.500000
0.053772 -0.022524 0.500000
-0.365059 0.030307 0.500000
-0.065439 -0.023233 0.500000
0.134586 0.018712 0.500000
-0.162703 0.033556 0.500000
-0.175730 -0.022248 0.500000
0.043917 -0.022638 0.500000
0.259240 -0.018410 0.500000
0.185105 0.015352 0.500000
-0.484421 -0.016060 0.500000
0.191252 -0.020110 0.500000
-0.221618 -0.021218 0.500000
0.356205 0.002665 0.500000
-0.366038 -0.018133 0.500000
-0.060154 0.029620 0.500000
-0.174642 -0.022268 0.500000
-0.044823 -0.023224 0.500000
0.082053 -0.022151 0.500000
0.352793 -0.015565 0.500000
-0.357502 -0.018211 0.500000
0.486586 -0.008390 0.500000
0.113359 0.020067 0.500000
0.168774 -0.020602 0.500000
-0.376243 -0.018063 0.500000
0.404824 -0.001306 0.500000
0.429322 -0.003374 0.500000
-0.458335 -0.017734 0.500000
0.167357 0.016554 0.500000
-0.347427 0.031921 0.500000
0.157393 -0.020838 0.500000
0.231796 0.012086 0.500000
-0.080314 0.030516 0.500000
0.477163 -0.010826 0.500000
-0.268013 -0.019978 0.500000
-0.225534 -0.021116 0.500000
-0.320142 0.033702 0.500000
-0.086224 0.030768 0.500000
0.310987 -0.016909 0.500000
-0.060987 -0.023235 0.500000
-0.200781 0.034559 0.500000
-0.321101 -0.018743 0.500000
0.192400 -0.020084 0.500000
-0.278386 0.035047 0.500000
0.452174 -0.011874 0.500000
-0.259461 0.035217 0.500000
0.353468 0.002884 0.500000
0.308737 -0.016978 0.500000
-0.431100 -0.017987 0.500000
-0.133226 0.032594 0.500000
0.100039 0.020899 0.500000
-0.468640 0.009482 0.500000
-0.217365 0.034886 0.500000
0.445650 -0.012139 0.500000
0.265398 0.009644 0.500000
-0.415807 -0.017990 0.500000
0.139957 -0.021180 0.500000
-0.497439 -0.006207 0.500000
-0.378376 0.028811 0.500000
-0.160365 0.033486 0.500000
0.026178 -0.022819 0.500000
-0.220161 -0.021256 0.500000
-0.174264 -0.022275 0.500000
0.427297 -0.003201 0.500000
0.452017 -0.005330 0.500000
-0.154349 0.033299 0.500000
0.295438 0.007397 0.500000
0.388870 -0.014309 0.500000
-0.030825 0.028226 0.500000
-0.134948 0.032654 0.500000
-0.281895 0.034986 0.500000
0.037083 0.024628 0.500000
0.022863 -0.022850 0.500000
-0.368249 0.029972 0.500000
-0.493393 -0.002284 0.500000
-0.480945 -0.016495 0.500000
-0.246587 -0.020553 0.500000
-0.458360 -0.017733 0.500000
-0.490686 -0.014851 0.500000
0.005289 -0.022994 0.500000
-0.445544 0.016488 0.500000
-0.227442 -0.021066 0.500000
0.355360 -0.015479 0.500000
0.381754 0.000599 0.500000
0.359290 -0.015346 0.500000
-0.348956 -0.018307 0.500000
-0.200709 0.034558 0.500000
-0.337020 0.032699 0.500000
-0.466436 -0.017484 0.500000
0.476313 -0.007470 0.500000
-0.405565 -0.017988 0.500000
-0.075019 -0.023219 0.500000
0.427867 -0.012845 0.500000
-0.328797 -0.018605 0.500000
-0.045542 0.028939 0.500000
-0.157405 -0.022551 0.500000
0.448406 -0.005016 0.500000
0.290639 -0.017520 0.500000
-0.119391 -0.022989 0.500000
-0.243229 0.035192 0.500000
-0.106645 -0.023084 0.500000
-0.012433 -0.023107 0.500000
0.262468 0.009860 0.500000
0.176177 0.015959 0.500000
0.264285 -0.018271 0.500000
-0.270062 0.035149 0.500000
-0.175720 -0.022248 0.500000
0.102334 0.020757 0.500000
0.066770 -0.022361 0.500000
-0.377320 -0.018058 0.500000
-0.117139 0.032007 0.500000
-0.420976 -0.017992 0.500000
-0.426041 -0.017992 0.500000
-0.293842 0.034718 0.500000
-0.180892 -0.022152 0.500000
0.166665 -0.020646 0.500000
-0.112591 -0.023043 0.500000
-0.340600 -0.018419 0.500000
0.067604 -0.022350 0.500000
0.497379 -0.009366 0.500000
0.179179 0.015756 0.500000
-0.241734 0.035183 0.500000
0.434921 -0.003852 0.500000
0.355667 0.002708 0.500000
-0.455728 -0.017789 0.500000
0.227549 -0.019241 0.500000
-0.376843 -0.018060 0.500000
-0.230207 0.035075 0.500000
-0.405757 0.024870 0.500000
0.255252 0.010389 0.500000
-0.361049 0.030711 0.500000
0.294698 -0.017401 0.500000
-0.158845 -0.022529 0.500000
0.196320 -0.019994 0.500000
0.438982 -0.004201 0.500000
-0.064879 0.029835 0.500000
0.465469 -0.011323 0.500000
0.027388 0.025171 0.500000
0.340774 -0.015964 0.500000
-0.400574 -0.017991 0.500000
-0.385433 0.027912 0.500000
-0.105584 -0.023091 0.500000
-0.057429 0.029495 0.500000
0.221539 -0.019391 0.500000
-0.041370 0.028739 0.500000
-0.175444 0.033924 0.500000
-0.183945 -0.022092 0.500000
-0.072880 0.030192 0.500000
-0.325557 0.033411 0.500000
0.346724 -0.015768 0.500000
-0.246517 0.035208 0.500000
-0.444503 -0.017932 0.500000
0.125548 0.019293 0.500000
0.023504 0.025385 0.500000
-0.356963 0.031100 0.500000
-0.059665 -0.023236 0.500000
-0.067395 0.029948 0.500000
0.217885 -0.019481 0.500000
-0.056018 -0.023235 0.500000
0.351147 0.003069 0.500000
0.231961 -0.019129 0.500000
0.183940 -0.020274 0.500000
0.283229 -0.017736 0.500000
-0.416971 -0.017991 0.500000
0.035540 -0.022727 0.500000
-0.434384 0.019225 0.500000
-0.385459 0.027909 0.500000
0.284904 -0.017688 0.500000
0.381154 -0.014585 0.500000
0.325077 0.005120 0.500000
0.024871 0.025310 0.500000
-0.279362 -0.019683 0.500000
-0.401418 0.025579 0.500000
0.192604 -0.020079 0.500000
0.299932 0.007056 0.500000
-0.196334 -0.021832 0.500000
0.050917 0.023839 0.500000
-0.040972 0.028720 0.500000
-0.295827 -0.019280 0.500000
-0.371187 0.029651 0.500000
0.242268 -0.018863 0.500000
0.329174 -0.016339 0.500000
-0.064281 0.029808 0.500000
-0.029022 -0.023181 0.500000
-0.217455 0.034888 0.500000
-0.332234 -0.018547 0.500000
0.348744 0.003260 0.500000
0.362417 -0.015239 0.500000
-0.034026 -0.023198 0.500000
-0.078985 0.030459 0.500000
-0.135741 -0.022830 0.500000
0.067779 -0.022348 0.500000
0.081421 0.022038 0.500000
-0.375436 0.029163 0.500000
0.088330 -0.022058 0.500000
0.499203 -0.009532 0.500000
0.039667 0.024482 0.500000
-0.161220 -0.022492 0.500000
0.362030 -0.015252 0.500000
0.270742 0.009249 0.500000
-0.379413 -0.018047 0.500000
-0.318674 0.033776 0.500000
0.429950 -0.012763 0.500000
-0.476435 -0.016914 0.500000
0.286993 0.008035 0.500000
0.000622 0.026620 0.500000
-0.134428 0.032636 0.500000
-0.479546 -0.016639 0.500000
-0.009460 -0.023090 0.500000
-0.446638 0.016200 0.500000
0.097039 0.021084 0.500000
-0.395988 -0.017996 0.500000
0.490129 -0.008709 0.500000
0.362997 0.002120 0.500000
-0.075116 0.030290 0.500000
-0.124074 -0.022948 0.500000
0.148675 0.017794 0.500000
0.033979 -0.022743 0.500000
0.033326 0.024840 0.500000
0.485622 -0.010460 0.500000
-0.165666 -0.022422 0.500000
-0.396669 -0.017995 0.500000
0.201340 0.014234 0.500000
-0.199263 -0.021765 0.500000
0.382830 -0.014526 0.500000
0.134875 0.018693 0.500000
0.484299 -0.010517 0.500000
-0.139421 -0.022788 0.500000
-0.444710 -0.017931 0.500000
-0.149216 -0.022665 0.500000
-0.451944 0.014750 0.500000
0.404404 -0.013739 0.500000
-0.263618 0.035198 0.500000
0.169827 -0.020580 0.500000
-0.474758 0.007198 0.500000
0.273893 -0.018003 0.500000
0.414861 -0.013346 0.500000
-0.322388 0.033584 0.500000
-0.398458 -0.017993 0.500000
-0.053687 -0.023234 0.500000
-0.276417 -0.019758 0.500000
0.182697 0.015516 0.500000
0.071105 0.022656 0.500000
0.259143 -0.018412 0.500000
-0.422038 -0.017992 0.500000
0.138205 0.018478 0.500000
-0.364685 -0.018144 0.500000
0.305587 -0.017074 0.500000
0.053336 -0.022529 0.500000
0.256116 0.010326 0.500000
-0.160485 0.033489 0.500000
0.067769 0.022854 0.500000
0.071223 0.022649 0.500000
-0.286423 0.034897 0.500000
0.090820 -0.022021 0.500000
-0.312152 -0.018920 0.500000
-0.065449 -0.023233 0.500000
-0.115883 -0.023018 0.500000
-0.194962 -0.021862 0.500000
0.228962 -0.019205 0.500000
-0.071260 0.030120 0.500000
0.313881 -0.016820 0.500000
0.125878 0.019272 0.500000
0.304127 0.006736 0.500000
-0.464166 -0.017569 0.500000
-0.026092 0.027991 0.500000
0.327364 -0.016397 0.500000
0.498499 -0.009468 0.500000
0.434377 -0.003806 0.500000
-0.316925 0.033859 0.500000
0.445221 -0.012156 0.500000
-0.343136 -0.018383 0.500000
0.215583 0.013237 0.500000
0.268787 -0.018146 0.500000
-0.488481 -0.015362 0.500000
0.329867 0.004747 0.500000
0.111885 -0.021684 0.500000
-0.454967 0.013881 0.500000
0.040372 -0.022676 0.500000
0.390792 -0.000143 0.500000
0.385273 -0.014438 0.500000
-0.460518 0.012195 0.500000
0.298091 -0.017300 0.500000
0.044430 0.024211 0.500000
-0.319745 -0.018769 0.500000
-0.403183 0.025296 0.500000
0.157021 0.017243 0.500000
0.122985 0.019457 0.500000
0.405272 -0.013707 0.500000
0.331063 0.004653 0.500000
0.017209 0.025731 0.500000
-0.182598 -0.022118 0.500000
0.069783 0.022735 0.500000
0.135949 0.018624 0.500000
-0.439077 -0.017965 0.500000
0.415797 -0.013310 0.500000
-0.286944 -0.019493 0.500000
0.069085 0.022776 0.500000
-0.208552 -0.021547 0.500000
-0.244298 -0.020615 0.500000
-0.428617 -0.017990 0.500000
-0.344772 0.032132 0.500000
-0.335547 -0.018495 0.500000
-0.392992 0.026863 0.500000
0.206316 0.013887 0.500000
0.012396 0.025991 0.500000
0.210764 -0.019654 0.500000
0.409996 -0.001739 0.500000
0.165441 -0.020672 0.500000
0.348749 0.003259 0.500000
-0.064078 -0.023234 0.500000
0.387144 0.000158 0.500000
-0.048108 0.029060 0.500000
0.263518 0.009783 0.500000
-0.128115 0.032412 0.500000
-0.383730 -0.018028 0.500000
0.007569 -0.022977 0.500000
0.079513 0.022153 0.500000
-0.236658 -0.020821 0.500000
0.230624 -0.019163 0.500000
-0.416858 -0.017991 0.500000
0.104172 -0.021811 0.500000
0.198991 -0.019932 0.500000
-0.124291 -0.022946 0.500000
0.021911 0.025473 0.500000
0.160378 0.017020 0.500000
-0.368393 -0.018115 0.500000
0.276576 -0.017927 0.500000
0.484426 -0.010512 0.500000
-0.095250 0.031144 0.500000
-0.152439 0.033238 0.500000
-0.259297 -0.020210 0.500000
0.153657 0.017466 0.500000
-0.015464 -0.023122 0.500000
0.130993 -0.021347 0.500000
0.198160 0.014454 0.500000
-0.236035 -0.020838 0.500000
-0.043358 -0.023221 0.500000
-0.031312 -0.023189 0.500000
0.139088 -0.021197 0.500000
0.203053 -0.019837 0.500000
0.301934 -0.017184 0.500000
-0.010088 -0.023093 0.500000
-0.425666 -0.017992 0.500000
-0.135936 0.032688 0.500000
0.190465 0.014985 0.500000
-0.145154 -0.022718 0.500000
-0.336523 0.032732 0.500000
-0.356141 -0.018225 0.500000
0.205047 -0.019790 0.500000
-0.475788 -0.016963 0.500000
0.142327 0.018209 0.500000
0.248255 -0.018705 0.500000
0.271544 -0.018069 0.500000
-0.151189 -0.022639 0.500000
-0.414536 0.023324 0.500000
-0.042350 0.028786 0.500000
-0.037246 0.028540 0.500000
0.382694 0.000522 0.500000
0.241974 -0.018871 0.500000
-0.409127 -0.017988 0.500000
0.035078 -0.022732 0.500000
-0.102790 0.031450 0.500000
0.284341 0.008234 0.500000
-0.203530 0.034618 0.500000
0.039884 -0.022681 0.500000
0.423604 -0.013010 0.500000
0.128447 -0.021394 0.500000
0.004340 -0.023000 0.500000
-0.005882 0.026961 0.500000
-0.225538 -0.021116 0.500000
0.325717 0.005071 0.500000
0.109984 -0.021715 0.500000
-0.104748 -0.023097 0.500000
-0.214302 -0.021405 0.500000
0.231417 -0.019143 0.500000
-0.209178 -0.021531 0.500000
0.397725 -0.013986 0.500000
-0.252339 -0.020397 0.500000
-0.005754 0.026954 0.500000
-0.426817 0.020894 0.500000
-0.177223 0.033973 0.500000
-0.410182 -0.017989 0.500000
0.366023 -0.015115 0.500000
-0.233571 -0.020904 0.500000
-0.277049 0.035065 0.500000
-0.209502 -0.021523 0.500000
0.383555 -0.014500 0.500000
-0.311310 -0.018937 0.500000
0.442765 -0.004527 0.500000
0.374154 0.001219 0.500000
0.104097 0.020647 0.500000
0.181802 0.015577 0.500000
0.324300 -0.016494 0.500000
0.489345 -0.010297 0.500000
0.393570 -0.014138 0.500000
0.154125 -0.020903 0.500000
0.384137 0.000404 0.500000
0.092087 0.021389 0.500000
0.365568 -0.015131 0.500000
0.075076 -0.022249 0.500000
0.473107 -0.007185 0.500000
0.137758 0.018507 0.500000
0.069773 0.022735 0.500000
0.188530 -0.020171 0.500000
-0.267585 -0.019989 0.500000
-0.190372 0.034314 0.500000
-0.292319 0.034757 0.500000
0.054488 -0.022515 0.500000
0.263213 0.009805 0.500000
0.136216 -0.021251 0.500000
0.446993 -0.004893 0.500000
-0.123523 -0.022953 0.500000
0.176330 -0.020441 0.500000
0.031657 0.024933 0.500000
-0.463464 0.011247 0.500000
-0.417878 -0.017991 0.500000
0.191725 0.014898 0.500000
0.030978 0.024971 0.500000
-0.100006 -0.023124 0.500000
0.037956 -0.022702 0.500000
0.207445 -0.019733 0.500000
0.426366 -0.003122 0.500000
0.468637 -0.006789 0.500000
0.135487 0.018654 0.500000
-0.391963 -0.018003 0.500000
-0.043966 0.028864 0.500000
0.393712 -0.014133 0.500000
0.044441 -0.022632 0.500000
0.269295 0.009356 0.500000
0.052969 0.023720 0.500000
-0.485112 0.002636 0.500000
-0.044683 -0.023223 0.500000
-0.319564 -0.018773 0.500000
0.480199 -0.010695 0.500000
-0.381424 -0.018038 0.500000
0.260719 0.009989 0.500000
0.249094 -0.018683 0.500000
-0.255619 -0.020309 0.500000
-0.432384 -0.017985 0.500000
-0.205397 0.034658 0.500000
-0.159974 0.033473 0.500000
0.323458 -0.016521 0.500000
0.258733 0.010134 0.500000
0.433967 -0.003771 0.500000
-0.155369 0.033331 0.500000
0.248720 -0.018693 0.500000
-0.030610 -0.023187 0.500000
-0.037426 0.028549 0.500000
-0.243393 -0.020639 0.500000
-0.040404 -0.023215 0.500000
0.010238 0.026108 0.500000
-0.221101 -0.021232 0.500000
0.142480 0.018199 0.500000
-0.052827 0.029282 0.500000
-0.164701 0.033616 0.500000
0.323003 -0.016535 0.500000
0.122639 0.019479 0.500000
0.028919 0.025086 0.500000
0.206024 0.013907 0.500000
-0.413495 -0.017990 0.500000
0.004574 0.026411 0.500000
-0.204472 -0.021644 0.500000
0.049606 0.023915 0.500000
0.412771 -0.001972 0.500000
-0.118236 0.032048 0.500000
0.439778 -0.004270 0.500000
0.394549 -0.000453 0.500000
-0.379073 0.028726 0.500000
-0.237215 0.035147 0.500000
-0.201775 0.034581 0.500000
0.365036 -0.015149 0.500000
-0.324919 -0.018673 0.500000
0.332655 0.004529 0.500000
-0.451394 -0.017860 0.500000
0.276895 0.008791 0.500000
0.464991 -0.006467 0.500000
0.111658 -0.021687 0.500000
-0.021379 -0.023151 0.500000
-0.405972 -0.017988 0.500000
0.074202 -0.022261 0.500000
0.158840 -0.020808 0.500000
0.241731 -0.018877 0.500000
0.436013 -0.012524 0.500000
0.144951 0.018038 0.500000
0.275803 0.008873 0.500000
0.268682 -0.018149 0.500000
-0.241717 -0.020685 0.500000
-0.483528 0.003411 0.500000
-0.155002 -0.022585 0.500000
0.161634 0.016936 0.500000
0.355313 0.002736 0.500000
0.024099 -0.022838 0.500000
-0.009004 0.027123 0.500000
-0.228499 -0.021038 0.500000
-0.096740 0.031205 0.500000
0.264131 0.009738 0.500000
-0.093080 0.031055 0.500000
0.226124 0.012491 0.500000
0.215631 0.013234 0.500000
-0.128820 0.032437 0.500000
0.413872 -0.013383 0.500000
-0.357362 0.031062 0.500000
0.321089 -0.016595 0.500000
-0.017426 -0.023132 0.500000
0.112736 0.020106 0.500000
-0.122187 0.032195 0.500000
-0.321504 0.033631 0.500000
0.250711 0.010721 0.500000
0.224021 0.012640 0.500000
0.213333 0.013395 0.500000
-0.053652 -0.023234 0.500000
-0.188789 -0.021994 0.500000
-0.192909 -0.021906 0.500000
-0.453933 -0.017821 0.500000
0.141291 0.018277 0.500000
-0.083985 0.030674 0.500000
-0.369585 -0.018106 0.500000
-0.179829 0.034043 0.500000
0.060922 0.023257 0.500000
0.226965 0.012431 0.500000
0.482278 -0.010605 0.500000
0.460243 -0.006049 0.500000
-0.440685 0.017722 0.500000
0.078871 0.022191 0.500000
-0.357398 0.031058 0.500000
0.496524 -0.009979 0.500000
0.170515 0.016341 0.500000
0.158005 0.017178 0.500000
-0.050255 -0.023231 0.500000
0.163589 0.016806 0.500000
0.486467 -0.008379 0.500000
-0.354580 -0.018242 0.500000
0.123725 0.019410 0.500000
-0.068881 0.030015 0.500000
0.184888 -0.020253 0.500000
0.284156 0.008248 0.500000
-0.342699 0.032289 0.500000
0.469732 -0.011143 0.500000
-0.106317 -0.023086 0.500000
0.444420 -0.012188 0.500000
-0.141117 0.032866 0.500000
-0.286099 -0.019514 0.500000
0.411827 -0.013461 0.500000
-0.221070 0.034946 0.500000
-0.118517 -0.022997 0.500000
-0.419513 0.022379 0.500000
-0.341941 -0.018400 0.500000
0.265666 -0.018233 0.500000
-0.491382 -0.000896 0.500000
0.431997 -0.003602 0.500000
0.397473 -0.013995 0.500000
-0.125350 0.032311 0.500000
-0.445837 -0.017921 0.500000
-0.096480 -0.023143 0.500000
-0.380238 -0.018043 0.500000
0.119033 0.019708 0.500000
0.464075 -0.011381 0.500000
0.095058 0.021206 0.500000
-0.279708 0.035024 0.500000
-0.123686 -0.022951 0.500000
0.492694 -0.010149 0.500000
0.221350 -0.019396 0.500000
0.367609 -0.015060 0.500000
0.293690 0.007529 0.500000
0.246114 0.011055 0.500000
0.480127 -0.007811 0.500000
0.264815 0.009687 0.500000
0.180054 -0.020359 0.500000
0.318261 -0.016684 0.500000
-0.167866 0.033709 0.500000
0.148481 0.017807 0.500000
-0.240974 0.035177 0.500000
0.487535 -0.010376 0.500000
0.077009 -0.022222 0.500000
0.302971 0.006824 0.500000
0.222833 -0.019359 0.500000
0.075458 -0.022244 0.500000
0.129520 0.019038 0.500000
0.267583 0.009483 0.500000
-0.126132 0.032340 0.500000
0.026386 -0.022817 0.500000
0.146938 -0.021046 0.500000
0.039255 -0.022688 0.500000
0.152477 -0.020936 0.500000
0.080591 -0.022171 0.500000
0.440681 -0.012339 0.500000
0.464199 -0.006397 0.500000
-0.332168 -0.018549 0.500000
0.301318 -0.017203 0.500000
0.169531 0.016408 0.500000
-0.460447 0.012217 0.500000
0.425084 -0.003013 0.500000
0.411414 -0.001858 0.500000
0.191663 -0.020100 0.500000
0.275109 0.008924 0.500000
0.081510 -0.022158 0.500000
-0.123144 -0.022956 0.500000
0.012629 -0.022937 0.500000
-0.121235 0.032160 0.500000
0.343807 0.003651 0.500000
-0.033516 -0.023196 0.500000
0.053314 0.023700 0.500000
0.403171 -0.013785 0.500000
0.262979 0.009822 0.500000
0.284881 0.008193 0.500000
-0.257056 0.035222 0.500000
-0.484464 -0.016054 0.500000
0.096859 -0.021928 0.500000
0.447446 -0.012066 0.500000
-0.114767 -0.023027 0.500000
0.438551 -0.004164 0.500000
0.426160 -0.003104 0.500000
0.286249 -0.017649 0.500000
-0.157205 -0.022554 0.500000
-0.351865 0.031552 0.500000
0.352451 0.002965 0.500000
0.104130 -0.021812 0.500000
-0.188886 -0.021992 0.500000
-0.349786 0.031729 0.500000
-0.367435 0.030060 0.500000
-0.458342 0.012870 0.500000
-0.348058 -0.018318 0.500000
0.350837 -0.015631 0.500000
0.385523 0.000291 0.500000
-0.103694 -0.023103 0.500000
-0.216420 -0.021351 0.500000
-0.086081 -0.023188 0.500000
0.492523 -0.008926 0.500000
-0.073781 -0.023222 0.500000
-0.432848 0.019575 0.500000
0.400274 -0.013892 0.500000
0.063901 -0.022398 0.500000
-0.194349 -0.021875 0.500000
-0.015629 0.027463 0.500000
0.260267 -0.018382 0.500000
-0.347328 -0.018328 0.500000
-0.256188 0.035223 0.500000
-0.389184 -0.018010 0.500000
-0.264743 -0.020064 0.500000
0.251767 0.010644 0.500000
-0.278416 -0.019707 0.500000
-0.187945 0.034254 0.500000
0.350272 0.003138 0.500000
-0.165003 0.033625 0.500000
-0.197486 -0.021806 0.500000
0.187673 0.015176 0.500000
-0.069278 -0.023229 0.500000
0.075069 -0.022249 0.500000
-0.076236 0.030339 0.500000
-0.320513 -0.018754 0.500000
0.097017 0.021086 0.500000
0.159935 0.017049 0.500000
0.384784 -0.014456 0.500000
-0.006603 -0.023073 0.500000
-0.058789 -0.023236 0.500000
-0.294175 0.034710 0.500000
-0.043312 0.028832 0.500000
0.490625 -0.010240 0.500000
0.117757 -0.021583 0.500000
0.297958 -0.017304 0.500000
-0.237257 0.035148 0.500000
0.155998 -0.020866 0.500000
0.138420 0.018464 0.500000
0.476699 -0.007505 0.500000
-0.072020 -0.023225 0.500000
-0.122077 -0.022966 0.500000
-0.456073 0.013555 0.500000
0.372269 0.001372 0.500000
-0.356978 -0.018216 0.500000
0.054064 0.023657 0.500000
-0.087156 -0.023184 0.500000
-0.336250 0.032750 0.500000
-0.194695 0.034419 0.500000
0.108456 -0.021741 0.500000
-0.477516 0.006084 0.500000
-0.164934 0.033623 0.500000
0.014393 -0.022923 0.500000
0.209708 -0.019679 0.500000
0.143678 -0.021109 0.500000
-0.199276 -0.021765 0.500000
0.430163 -0.012755 0.500000
0.419262 -0.002519 0.500000
0.452334 -0.011867 0.500000
-0.405430 0.024925 0.500000
0.194516 0.014706 0.500000
-0.460022 -0.017693 0.500000
-0.261467 -0.020152 0.500000
-0.082189 -0.023201 0.500000
-0.070311 0.030078 0.500000
-0.307993 -0.019007 0.500000
-0.141848 0.032890 0.500000
-0.044759 -0.023224 0.500000
-0.114996 -0.023025 0.500000
-0.182049 0.034102 0.500000
0.098079 0.021020 0.500000
0.222902 -0.019357 0.500000
0.131897 0.018886 0.500000
-0.372625 -0.018085 0.500000
0.385564 0.000287 0.500000
0.288717 0.007905 0.500000
-0.102135 -0.023112 0.500000
-0.368781 -0.018112 0.500000
0.321419 0.005405 0.500000
-0.070173 0.030072 0.500000
-0.246795 -0.020547 0.500000
0.283857 -0.017718 0.500000
-0.452412 0.014618 0.500000
-0.337255 -0.018468 0.500000
0.153297 -0.020920 0.500000
-0.215014 -0.021387 0.500000
-0.269823 -0.019930 0.500000
0.111498 0.020184 0.500000
0.086224 0.021747 0.500000
-0.178992 -0.022188 0.500000
0.054972 -0.022510 0.500000
-0.356248 -0.018223 0.500000
-0.115298 0.031937 0.500000
0.277455 0.008749 0.500000
0.073808 -0.022267 0.500000
-0.001486 0.026731 0.500000
-0.474185 -0.017077 0.500000
0.146886 0.017911 0.500000
-0.227092 -0.021076 0.500000
-0.312851 -0.018906 0.500000
0.008111 0.026222 0.500000
0.413254 -0.013407 0.500000
0.011467 0.026041 0.500000
0.128643 -0.021390 0.500000
-0.330538 -0.018576 0.500000
0.356285 0.002659 0.500000
-0.376064 -0.018064 0.500000
0.052787 0.023731 0.500000
-0.335375 0.032808 0.500000
0.469490 -0.011153 0.500000
0.350976 0.003082 0.500000
-0.259253 0.035217 0.500000
0.091330 -0.022013 0.500000
-0.498201 -0.007656 0.500000
0.204364 0.014023 0.500000
-0.439211 -0.017964 0.500000
0.334814 -0.016158 0.500000
0.116648 0.019859 0.500000
-0.381037 -0.018039 0.500000
0.164147 0.016769 0.500000
0.411384 -0.001856 0.500000
0.434233 -0.012595 0.500000
-0.295576 -0.019286 0.500000
0.437548 -0.004078 0.500000
0.477974 -0.010791 0.500000
0.030963 -0.022773 0.500000
0.487899 -0.010360 0.500000
-0.153495 -0.022607 0.500000
-0.027987 -0.023178 0.500000
-0.293656 -0.019331 0.500000
-0.022450 -0.023155 0.500000
-0.054886 0.029378 0.500000
0.117154 0.019827 0.500000
-0.339682 -0.018432 0.500000
0.393367 -0.000355 0.500000
0.095937 -0.021942 0.500000
0.150790 -0.020970 0.500000
-0.235777 0.035134 0.500000
-0.384293 -0.018026 0.500000
-0.156118 -0.022569 0.500000
0.246085 0.011057 0.500000
0.114271 0.020009 0.500000
0.453229 -0.005435 0.500000
0.039367 -0.022687 0.500000
0.178243 -0.020399 0.500000
-0.131549 0.032534 0.500000
-0.020479 0.027709 0.500000
-0.078772 -0.023211 0.500000
0.255543 -0.018510 0.500000
-0.439988 -0.017960 0.500000
-0.453232 -0.017832 0.500000
-0.402599 -0.017989 0.500000
0.292732 0.007602 0.500000
0.408575 -0.013583 0.500000
0.481211 -0.010652 0.500000
0.246829 0.011003 0.500000
0.288537 -0.017582 0.500000
-0.324153 -0.018687 0.500000
-0.423924 0.021496 0.500000
-0.250929 -0.020436 0.500000
0.284233 -0.017707 0.500000
-0.401370 0.025587 0.500000
0.016504 0.025769 0.500000
-0.084890 -0.023192 0.500000
0.219462 0.012963 0.500000
-0.252347 -0.020397 0.500000
-0.176540 0.033954 0.500000
0.398929 -0.000816 0.500000
-0.290390 0.034807 0.500000
-0.349859 0.031723 0.500000
-0.061252 -0.023235 0.500000
0.447391 -0.004928 0.500000
-0.140948 -0.022770 0.500000
0.138093 -0.021215 0.500000
-0.060457 0.029634 0.500000
-0.002746 0.026797 0.500000
0.462680 -0.011439 0.500000
-0.244553 -0.020608 0.500000
-0.265631 -0.020041 0.500000
0.312777 -0.016854 0.500000
-0.033231 0.028344 0.500000
0.431152 -0.003530 0.500000
0.204150 -0.019811 0.500000
0.106428 -0.021774 0.500000
-0.268848 0.035161 0.500000
0.489871 -0.008686 0.500000
-0.241016 -0.020704 0.500000
-0.333604 0.032925 0.500000
0.417407 -0.013248 0.500000
0.022572 -0.022852 0.500000
0.064977 0.023019 0.500000
-0.206552 -0.021594 0.500000
-0.116988 -0.023009 0.500000
0.431020 -0.003519 0.500000
0.296315 0.007330 0.500000
-0.405325 0.024942 0.500000
-0.240108 -0.020728 0.500000
0.115162 0.019953 0.500000
0.211845 0.013500 0.500000
-0.029936 -0.023185 0.500000
-0.333040 -0.018534 0.500000
0.424817 -0.002990 0.500000
-0.362398 0.030576 0.500000
-0.356066 -0.018225 0.500000
0.463062 -0.011423 0.500000
0.266307 -0.018215 0.500000
0.302047 -0.017181 0.500000
0.096959 -0.021926 0.500000
-0.384591 -0.018025 0.500000
0.181426 -0.020329 0.500000
-0.206108 0.034673 0.500000
0.157607 -0.020833 0.500000
-0.341200 0.032402 0.500000
0.392740 -0.014168 0.500000
-0.452134 0.014696 0.500000
0.443057 -0.004553 0.500000
-0.335292 -0.018499 0.500000
-0.320221 0.033698 0.500000
-0.057307 -0.023236 0.500000
0.100063 -0.021877 0.500000
-0.393012 -0.018001 0.500000
-0.274204 0.035104 0.500000
0.029257 0.025067 0.500000
-0.361144 0.030701 0.500000
-0.495213 -0.003756 0.500000
0.006439 -0.022985 0.500000
0.087483 -0.022071 0.500000
-0.040336 -0.023215 0.500000
-0.298390 -0.019221 0.500000
-0.400933 -0.017990 0.500000
0.176332 -0.020440 0.500000
0.079807 -0.022183 0.500000
0.177636 -0.020412 0.500000
0.448220 -0.012035 0.500000
0.488200 -0.008535 0.500000
-0.049419 -0.023230 0.500000
0.251821 0.010640 0.500000
-0.060550 0.029638 0.500000
0.087027 0.021698 0.500000
0.036399 0.024667 0.500000
-0.211477 -0.021474 0.500000
-0.397404 0.026207 0.500000
-0.154644 0.033308 0.500000
-0.396912 0.026281 0.500000
-0.325456 -0.018664 0.500000
-0.349289 0.031772 0.500000
0.425573 -0.012934 0.500000
-0.465603 0.010534 0.500000
-0.302746 -0.019122 0.500000
0.391360 -0.000190 0.500000
0.087096 0.021694 0.500000
0.248901 0.010852 0.500000
0.210444 0.013598 0.500000
0.375430 -0.014788 0.500000
-0.125313 -0.022937 0.500000
0.449979 -0.005152 0.500000
-0.498375 -0.009860 0.500000
-0.397659 -0.017994 0.500000
0.048325 -0.022588 0.500000
-0.161160 -0.022493 0.500000
0.159989 0.017046 0.500000
-0.138894 -0.022794 0.500000
-0.024445 -0.023164 0.500000
-0.232893 0.035104 0.500000
0.065374 0.022996 0.500000
-0.235051 -0.020864 0.500000
-0.128990 -0.022901 0.500000
0.078673 0.022203 0.500000
0.357834 0.002535 0.500000
-0.261426 -0.020153 0.500000
0.110102 -0.021714 0.500000
0.265743 -0.018231 0.500000
0.007707 -0.022976 0.500000
0.048852 0.023958 0.500000
-0.006333 0.026984 0.500000
-0.089237 0.030895 0.500000
0.145129 0.018026 0.500000
-0.081464 -0.023203 0.500000
-0.053882 0.029331 0.500000
0.316540 0.005782 0.500000
-0.048056 0.029058 0.500000
-0.297108 -0.019250 0.500000
0.005578 -0.022992 0.500000
-0.403363 0.025266 0.500000
0.214647 -0.019560 0.500000
0.484281 -0.010518 0.500000
-0.218466 0.034906 0.500000
0.424312 -0.012983 0.500000
-0.422922 0.021700 0.500000
-0.413192 0.023570 0.500000
0.385286 -0.014438 0.500000
-0.282610 0.034974 0.500000
-0.222782 0.034973 0.500000
0.406506 -0.001447 0.500000
-0.072628 -0.023224 0.500000
-0.498365 -0.008205 0.500000
-0.413783 0.023462 0.500000
-0.283623 0.034956 0.500000
-0.392822 0.026888 0.500000
-0.234878 -0.020869 0.500000
-0.138430 0.032774 0.500000
0.218750 0.013014 0.500000
0.219534 -0.019440 0.500000
-0.000780 0.026694 0.500000
0.392519 -0.000285 0.500000
0.269618 -0.018123 0.500000
-0.411105 0.023946 0.500000
0.016098 0.025791 0.500000
-0.243627 -0.020633 0.500000
-0.350468 0.031671 0.500000
-0.006541 -0.023073 0.500000
-0.270935 -0.019901 0.500000
0.037752 0.024591 0.500000
-0.302780 0.034441 0.500000
-0.313040 -0.018902 0.500000
0.116060 0.019896 0.500000
0.264221 -0.018273 0.500000
0.064422 0.023052 0.500000
-0.032635 -0.023193 0.500000
0.176642 -0.020434 0.500000
0.195064 -0.020023 0.500000
0.453552 -0.005464 0.500000
-0.328350 0.033252 0.500000
-0.402014 0.025484 0.500000
0.081930 -0.022152 0.500000
-0.124176 -0.022947 0.500000
-0.319035 -0.018783 0.500000
0.072462 -0.022285 0.500000
0.219496 -0.019441 0.500000
0.341439 -0.015942 0.500000
-0.176928 0.033965 0.500000
0.475448 -0.010900 0.500000
-0.280007 -0.019666 0.500000
0.118339 -0.021573 0.500000
-0.416704 0.022918 0.500000
0.345614 0.003508 0.500000
-0.239208 -0.020752 0.500000
-0.443930 -0.017936 0.500000
0.127178 0.019189 0.500000
-0.013796 0.027370 0.500000
-0.069786 0.030055 0.500000
-0.467725 0.009804 0.500000
0.082824 -0.022139 0.500000
-0.035375 0.028449 0.500000
-0.140711 -0.022773 0.500000
-0.247425 0.035212 0.500000
-0.044156 0.028873 0.500000
-0.072131 0.030159 0.500000
-0.113576 -0.023036 0.500000
0.201886 -0.019865 0.500000
0.274896 0.008940 0.500000
-0.071968 -0.023225 0.500000
0.261492 -0.018348 0.500000
-0.293868 0.034717 0.500000
-0.449216 -0.017887 0.500000
0.063095 -0.022409 0.500000
-0.335583 -0.018494 0.500000
-0.119213 -0.022991 0.500000
-0.463589 -0.017588 0.500000
0.192204 -0.020088 0.500000
0.114850 -0.021633 0.500000
-0.477416 -0.016833 0.500000
0.411554 -0.001870 0.500000
0.484842 -0.010494 0.500000
-0.202298 0.034592 0.500000
-0.481443 0.004382 0.500000
-0.252835 -0.020384 0.500000
-0.160658 0.033495 0.500000
0.233870 0.011938 0.500000
-0.220315 -0.021252 0.500000
-0.323746 -0.018694 0.500000
-0.353596 -0.018252 0.500000
-0.083445 0.030651 0.500000
-0.105262 -0.023093 0.500000
0.254432 0.010449 0.500000
-0.316826 -0.018826 0.500000
0.150620 -0.020973 0.500000
0.019760 0.025591 0.500000
0.068555 0.022807 0.500000
0.446718 -0.012096 0.500000
-0.466340 -0.017488 0.500000
0.434937 -0.003854 0.500000
-0.474362 -0.017065 0.500000
0.147743 0.017855 0.500000
-0.117680 -0.023003 0.500000
0.345691 -0.015802 0.500000
-0.055288 -0.023235 0.500000
0.098472 0.020996 0.500000
0.393364 -0.014146 0.500000
-0.241378 0.035180 0.500000
-0.024399 -0.023164 0.500000
0.103224 0.020701 0.500000
-0.198829 -0.021775 0.500000
0.236383 0.011757 0.500000
-0.454667 0.013969 0.500000
0.000791 -0.023026 0.500000
-0.328951 -0.018602 0.500000
-0.297716 0.034605 0.500000
0.151601 -0.020954 0.500000
-0.489916 -0.015043 0.500000
-0.194344 0.034411 0.500000
0.079335 -0.022189 0.500000
0.487784 -0.008498 0.500000
0.218082 -0.019476 0.500000
-0.351674 0.031568 0.500000
0.259444 0.010082 0.500000
0.411519 -0.013472 0.500000
0.109142 -0.021730 0.500000
0.040673 -0.022673 0.500000
-0.180121 -0.022167 0.500000
0.042968 0.024295 0.500000
0.459527 -0.005986 0.500000
0.113638 0.020049 0.500000
-0.200844 0.034561 0.500000
-0.220446 0.034937 0.500000
-0.434838 0.019121 0.500000
-0.092311 0.031023 0.500000
0.485507 -0.010465 0.500000
0.281714 0.008431 0.500000
0.493132 -0.008981 0.500000
-0.373645 -0.018079 0.500000
0.479586 -0.007762 0.500000
0.199740 -0.019915 0.500000
-0.158910 0.033441 0.500000
-0.101890 0.031413 0.500000
-0.067201 0.029940 0.500000
0.068207 -0.022342 0.500000
0.345591 0.003510 0.500000
0.372378 0.001363 0.500000
-0.362300 -0.018165 0.500000
-0.482189 0.004040 0.500000
-0.027987 0.028085 0.500000
0.054735 -0.022513 0.500000
0.084545 -0.022114 0.500000
-0.426011 0.021064 0.500000
-0.003291 0.026826 0.500000
0.414188 -0.002091 0.500000
-0.159560 -0.022518 0.500000
0.398843 -0.013945 0.500000
-0.016794 0.027523 0.500000
0.179408 -0.020374 0.500000
0.081083 0.022058 0.500000
-0.426580 -0.017991 0.500000
0.047906 -0.022593 0.500000
0.013981 -0.022926 0.500000
-0.481095 -0.016478 0.500000
0.365460 -0.015135 0.500000
0.246998 -0.018739 0.500000
0.403307 -0.001180 0.500000
-0.490546 -0.014887 0.500000
-0.471006 0.008626 0.500000
0.012187 -0.022941 0.500000
-0.315709 -0.018848 0.500000
-0.186574 -0.022040 0.500000
0.082176 -0.022149 0.500000
-0.464516 -0.017556 0.500000
0.374960 -0.014804 0.500000
-0.206966 -0.021584 0.500000
-0.353673 0.031396 0.500000
0.295344 -0.017381 0.500000
-0.096575 -0.023143 0.500000
0.118214 -0.021575 0.500000
0.010384 0.026100 0.500000
-0.081773 0.030579 0.500000
0.121424 0.019556 0.500000
-0.325693 -0.018659 0.500000
-0.300010 -0.019183 0.500000
0.368893 -0.015016 0.500000
-0.191218 -0.021943 0.500000
-0.078689 -0.023211 0.500000
-0.161053 0.033507 0.500000
-0.097822 -0.023136 0.500000
-0.163328 0.033575 0.500000
0.463070 -0.006298 0.500000
0.052049 -0.022545 0.500000
0.130883 -0.021349 0.500000
0.279922 -0.017831 0.500000
0.408251 -0.001593 0.500000
0.466816 -0.006628 0.500000
-0.432944 -0.017984 0.500000
0.197815 0.014478 0.500000
0.159382 0.017086 0.500000
0.343235 -0.015883 0.500000
0.156513 -0.020855 0.500000
0.437950 -0.004112 0.500000
0.468492 -0.006776 0.500000
-0.238895 -0.020761 0.500000
0.163214 -0.020718 0.500000
-0.154626 -0.022590 0.500000
-0.356519 0.031140 0.500000
0.008143 0.026220 0.500000
-0.209096 0.034733 0.500000
-0.412964 0.023612 0.500000
-0.365186 0.030294 0.500000
-0.302432 -0.019129 0.500000
0.414529 -0.002120 0.500000
0.403678 -0.001211 0.500000
0.443287 -0.004572 0.500000
-0.090017 0.030928 0.500000
0.200334 0.014303 0.500000
-0.285396 -0.019531 0.500000
0.402457 -0.001109 0.500000
0.271015 -0.018084 0.500000
-0.071256 -0.023226 0.500000
-0.100963 -0.023119 0.500000
0.481078 -0.010657 0.500000
0.486745 -0.010411 0.500000
-0.057831 -0.023236 0.500000
-0.167758 0.033706 0.500000
0.257321 0.010238 0.500000
0.359704 0.002385 0.500000
-0.075090 0.030289 0.500000
0.071284 0.022645 0.500000
0.345383 -0.015812 0.500000
0.064605 -0.022389 0.500000
0.198369 -0.019946 0.500000
0.004467 -0.023000 0.500000
-0.248154 0.035216 0.500000
-0.403125 -0.017989 0.500000
0.295639 -0.017373 0.500000
-0.192926 0.034376 0.500000
0.210699 0.013580 0.500000
-0.384000 0.028102 0.500000
0.031311 -0.022770 0.500000
-0.366126 0.030196 0.500000
0.440027 -0.004291 0.500000
0.479516 -0.010725 0.500000
-0.126923 0.032368 0.500000
-0.068678 0.030006 0.500000
0.260909 0.009975 0.500000
0.162493 -0.020733 0.500000
0.323479 -0.016520 0.500000
0.292116 -0.017477 0.500000
0.410693 -0.001798 0.500000
-0.386112 0.027822 0.500000
0.361693 0.002225 0.500000
-0.104858 0.031532 0.500000
0.359612 -0.015335 0.500000
-0.144558 0.032982 0.500000
0.383996 -0.014484 0.500000
0.401691 -0.001045 0.500000
0.330799 0.004674 0.500000
-0.185250 0.034185 0.500000
-0.037917 -0.023209 0.500000
-0.426632 0.020933 0.500000
-0.001547 -0.023041 0.500000
0.331492 -0.016265 0.500000
0.315374 0.005872 0.500000
-0.215375 -0.021378 0.500000
-0.225072 0.035007 0.500000
-0.374719 0.029248 0.500000
-0.240696 0.035175 0.500000
-0.422648 -0.017992 0.500000
-0.290374 0.034808 0.500000
0.168294 0.016491 0.500000
-0.081231 0.030556 0.500000
0.160279 -0.020779 0.500000
0.012456 0.025988 0.500000
-0.397429 -0.017994 0.500000
-0.020820 0.027727 0.500000
0.180366 0.015675 0.500000
-0.357252 0.031072 0.500000
-0.127482 0.032389 0.500000
0.124787 0.019342 0.500000
-0.042525 0.028794 0.500000
-0.135868 -0.022829 0.500000
-0.149543 -0.022661 0.500000
0.128805 0.019084 0.500000
0.144435 -0.021094 0.500000
0.251343 0.010675 0.500000
-0.326265 -0.018649 0.500000
-0.460786 0.012110 0.500000
0.006620 0.026301 0.500000
0.056939 -0.022486 0.500000
-0.405065 -0.017989 0.500000
0.292562 0.007615 0.500000
-0.257378 -0.020261 0.500000
-0.214607 -0.021397 0.500000
-0.088038 -0.023181 0.500000
0.459805 -0.006011 0.500000
-0.455785 -0.017788 0.500000
0.228141 0.012347 0.500000
-0.305782 0.034334 0.500000
-0.489013 0.000548 0.500000
0.463627 -0.011400 0.500000
-0.419865 -0.017992 0.500000
-0.413877 0.023445 0.500000
0.172671 0.016196 0.500000
-0.430388 0.020123 0.500000
0.088203 -0.022060 0.500000
0.421734 -0.013082 0.500000
-0.147150 0.033067 0.500000
-0.493333 -0.014029 0.500000
-0.472311 0.008140 0.500000
-0.275176 0.035091 0.500000
0.263827 0.009760 0.500000
-0.049814 -0.023231 0.500000
0.499890 -0.009828 0.500000
-0.479219 -0.016671 0.500000
-0.108931 -0.023069 0.500000
0.405231 -0.013708 0.500000
0.481136 -0.010655 0.500000
-0.489793 -0.015073 0.500000
-0.329490 0.033182 0.500000
-0.123869 0.032258 0.500000
0.113411 -0.021658 0.500000
0.487239 -0.010389 0.500000
-0.314677 -0.018869 0.500000
-0.414720 -0.017990 0.500000
-0.200866 0.034561 0.500000
0.224238 -0.019324 0.500000
0.186656 -0.020213 0.500000
0.146102 0.017963 0.500000
-0.374838 0.029234 0.500000
-0.267761 0.035171 0.500000
-0.362361 -0.018164 0.500000
0.209255 0.013682 0.500000
-0.285392 -0.019531 0.500000
-0.207525 0.034702 0.500000
0.390870 -0.000149 0.500000
0.356796 0.002618 0.500000
0.498404 -0.009895 0.500000
-0.278328 -0.019709 0.500000
-0.469822 0.009058 0.500000
-0.343227 -0.018382 0.500000
-0.296925 -0.019254 0.500000
-0.443450 0.017029 0.500000
0.042885 -0.022649 0.500000
-0.070625 -0.023227 0.500000
0.425001 -0.012956 0.500000
-0.259045 0.035218 0.500000
0.288015 -0.017597 0.500000
0.062026 0.023193 0.500000
0.187318 -0.020198 0.500000
-0.063861 0.029789 0.500000
-0.312754 -0.018908 0.500000
-0.314199 -0.018878 0.500000
0.168068 -0.020617 0.500000
-0.178110 0.033997 0.500000
0.188116 -0.020181 0.500000
-0.365653 0.030246 0.500000
0.025281 0.025288 0.500000
0.049660 0.023912 0.500000
-0.052603 -0.023233 0.500000
0.087994 0.021639 0.500000
0.012952 0.025962 0.500000
0.373429 0.001277 0.500000
0.392661 -0.014171 0.500000
0.319827 0.005528 0.500000
-0.189493 -0.021979 0.500000
0.413265 -0.013406 0.500000
0.199050 0.014392 0.500000
-0.038373 -0.023210 0.500000
-0.195839 -0.021842 0.500000
0.211734 0.013508 0.500000
-0.067296 -0.023231 0.500000
0.471285 -0.011077 0.500000
0.165514 0.016677 0.500000
-0.178889 0.034018 0.500000
0.192733 -0.020076 0.500000
0.170970 -0.020555 0.500000
0.279182 -0.017852 0.500000
-0.157400 0.033394 0.500000
0.197372 -0.019970 0.500000
0.281090 -0.017798 0.500000
0.386753 -0.014385 0.500000
-0.043137 0.028824 0.500000
-0.054217 -0.023235 0.500000
-0.212641 -0.021446 0.500000
0.282114 -0.017768 0.500000
0.249012 0.010844 0.500000
-0.018911 -0.023139 0.500000
0.186055 -0.020227 0.500000
-0.364129 0.030404 0.500000
-0.087988 0.030843 0.500000
-0.478444 -0.016743 0.500000
0.095022 0.021209 0.500000
0.493174 -0.008985 0.500000
-0.389301 -0.018010 0.500000
0.273382 0.009053 0.500000
-0.044072 -0.023222 0.500000
-0.320470 -0.018755 0.500000
0.173893 -0.020493 0.500000
0.268560 0.009410 0.500000
0.053016 -0.022533 0.500000
-0.407578 -0.017988 0.500000
0.004060 0.026438 0.500000
-0.286257 -0.019510 0.500000
0.185686 -0.020235 0.500000
-0.015827 -0.023124 0.500000
-0.372869 -0.018083 0.500000
0.409188 -0.001671 0.500000
-0.159724 -0.022515 0.500000
0.134719 -0.021279 0.500000
0.384678 0.000360 0.500000
-0.015677 0.027466 0.500000
0.313250 -0.016839 0.500000
0.012516 -0.022938 0.500000
0.479106 -0.007719 0.500000
-0.103708 0.031486 0.500000
-0.354841 0.031291 0.500000
-0.134126 0.032625 0.500000
-0.253243 -0.020373 0.500000
-0.264354 -0.020075 0.500000
-0.093398 0.031068 0.500000
0.483586 -0.010548 0.500000
0.458580 -0.005903 0.500000
0.076796 -0.022225 0.500000
0.321788 0.005376 0.500000
0.282868 -0.017747 0.500000
-0.283986 -0.019567 0.500000
-0.498352 -0.009952 0.500000
0.292083 -0.017478 0.500000
0.014907 0.025855 0.500000
0.155644 -0.020873 0.500000
-0.361669 -0.018170 0.500000
0.123751 -0.021478 0.500000
0.244639 0.011162 0.500000
0.444294 -0.004660 0.500000
-0.068636 0.030004 0.500000
0.256641 -0.018480 0.500000
-0.464391 0.010941 0.500000
0.165779 0.016659 0.500000
0.078104 -0.022207 0.500000
-0.029568 0.028164 0.500000
-0.305776 0.034334 0.500000
0.240730 0.011444 0.500000
0.424078 -0.012992 0.500000
0.380589 -0.014605 0.500000
0.261773 -0.018340 0.500000
0.363394 0.002088 0.500000
0.182223 0.015549 0.500000
-0.138317 -0.022801 0.500000
0.107477 0.020436 0.500000
0.170486 0.016343 0.500000
-0.110821 -0.023056 0.500000
0.137646 0.018514 0.500000
0.105847 -0.021784 0.500000
-0.215847 -0.021366 0.500000
0.389135 -0.014299 0.500000
-0.389738 0.027327 0.500000
-0.131188 0.032521 0.500000
0.443125 -0.012241 0.500000
-0.378375 0.028811 0.500000
-0.070858 0.030103 0.500000
-0.215167 0.034847 0.500000
-0.092663 0.031038 0.500000
0.261491 0.009932 0.500000
0.317276 -0.016714 0.500000
0.286664 -0.017637 0.500000
-0.391961 0.027012 0.500000
-0.448935 0.015584 0.500000
-0.331894 -0.018553 0.500000
0.032724 -0.022756 0.500000
0.374382 0.001200 0.500000
0.037253 -0.022709 0.500000
0.291035 -0.017509 0.500000
0.219504 -0.019441 0.500000
0.157388 -0.020838 0.500000
-0.470544 -0.017295 0.500000
-0.486035 0.002167 0.500000
-0.110645 -0.023057 0.500000
0.427709 -0.012851 0.500000
-0.323703 0.033515 0.500000
0.082120 -0.022150 0.500000
-0.115335 -0.023022 0.500000
-0.437925 0.018394 0.500000
0.223842 0.012653 0.500000
-0.380808 0.028511 0.500000
0.107038 -0.021764 0.500000
-0.167033 -0.022399 0.500000
-0.045136 -0.023224 0.500000
0.353970 -0.015526 0.500000
0.243201 0.011266 0.500000
0.205309 -0.019784 0.500000
0.041417 0.024383 0.500000
0.401878 -0.001061 0.500000
0.092924 0.021337 0.500000
0.489167 -0.010304 0.500000
-0.069619 -0.023228 0.500000
-0.352278 0.031517 0.500000
0.074128 0.022476 0.500000
-0.109261 0.031705 0.500000
0.347269 -0.015750 0.500000
0.464004 -0.006380 0.500000
-0.053757 -0.023234 0.500000
-0.275051 -0.019793 0.500000
0.115667 -0.021619 0.500000
0.029447 0.025056 0.500000
-0.231761 -0.020952 0.500000
-0.102792 -0.023108 0.500000
0.255158 -0.018521 0.500000
0.018391 -0.022889 0.500000
0.136960 -0.021237 0.500000
0.137380 0.018531 0.500000
0.247191 0.010977 0.500000
0.291701 0.007680 0.500000
-0.358288 -0.018203 0.500000
-0.152065 -0.022627 0.500000
-0.392346 -0.018002 0.500000
0.090516 0.021485 0.500000
-0.335945 -0.018488 0.500000
0.116635 0.019860 0.500000
0.308399 -0.016988 0.500000
-0.051635 -0.023232 0.500000
-0.079152 -0.023210 0.500000
0.370402 -0.014963 0.500000
-0.213258 -0.021430 0.500000
-0.130711 -0.022884 0.500000
0.148545 0.017802 0.500000
-0.277955 0.035053 0.500000
-0.141791 -0.022760 0.500000
-0.475833 -0.016960 0.500000
0.160803 0.016992 0.500000
-0.036060 0.028482 0.500000
-0.347559 0.031911 0.500000
-0.224559 -0.021142 0.500000
-0.044826 0.028905 0.500000
0.276363 -0.017933 0.500000
0.129103 0.019065 0.500000
0.146919 -0.021046 0.500000
0.229234 -0.019198 0.500000
0.363917 -0.015188 0.500000
-0.241273 -0.020697 0.500000
-0.380639 -0.018041 0.500000
-0.402314 0.025436 0.500000
0.376042 -0.014766 0.500000
0.048661 0.023969 0.500000
-0.151998 -0.022628 0.500000
0.271711 -0.018064 0.500000
-0.288405 -0.019458 0.500000
0.015851 -0.022911 0.500000
-0.434233 0.019259 0.500000
0.482826 -0.008052 0.500000
-0.124527 0.032281 0.500000
0.459922 -0.011554 0.500000
0.018177 0.025678 0.500000
-0.145403 0.033010 0.500000
0.187228 0.015207 0.500000
-0.165405 0.033637 0.500000
-0.490003 -0.015022 0.500000
0.413994 -0.013378 0.500000
-0.390484 0.027221 0.500000
0.014377 -0.022923 0.500000
-0.399124 -0.017992 0.500000
-0.326998 0.033329 0.500000
0.416718 -0.013275 0.500000
0.468952 -0.006817 0.500000
-0.020805 0.027726 0.500000
-0.405561 -0.017988 0.500000
-0.167943 -0.022384 0.500000
-0.342574 -0.018391 0.500000
0.079161 -0.022192 0.500000
0.478376 -0.010774 0.500000
0.294065 0.007501 0.500000
-0.272153 -0.019869 0.500000
-0.043553 -0.023221 0.500000
0.488444 -0.010336 0.500000
0.158740 0.017129 0.500000
0.348886 0.003248 0.500000
-0.350210 -0.018292 0.500000
0.499533 -0.009844 0.500000
-0.081600 0.030571 0.500000
-0.064971 -0.023233 0.500000
-0.167206 0.033690 0.500000
-0.145790 -0.022710 0.500000
0.259958 0.010045 0.500000
0.274564 -0.017984 0.500000
0.362457 0.002164 0.500000
-0.198968 -0.021772 0.500000
-0.419611 -0.017992 0.500000
-0.143150 0.032934 0.500000
-0.175039 -0.022261 0.500000
0.340863 -0.015961 0.500000
-0.458567 -0.017729 0.500000
0.401254 -0.013856 0.500000
-0.386386 0.027786 0.500000
-0.450262 0.015220 0.500000
-0.121125 0.032156 0.500000
-0.130444 0.032495 0.500000
0.264727 -0.018259 0.500000
-0.043567 0.028844 0.500000
-0.378614 -0.018051 0.500000
0.335475 -0.016136 0.500000
0.159822 0.017057 0.500000
0.433659 -0.012617 0.500000
0.307155 0.006504 0.500000
0.323237 0.005263 0.500000
-0.292061 0.034764 0.500000
-0.154274 -0.022595 0.500000
-0.128188 0.032414 0.500000
0.140470 -0.021170 0.500000
-0.127400 -0.022916 0.500000
-0.419767 0.022329 0.500000
0.090270 -0.022029 0.500000
-0.286715 0.034891 0.500000
0.092862 -0.021990 0.500000
0.113617 0.020051 0.500000
0.230521 -0.019166 0.500000
0.474858 -0.007341 0.500000
0.443294 -0.004573 0.500000
0.376690 0.001012 0.500000
-0.231657 0.035091 0.500000
-0.363222 -0.018156 0.500000
0.441389 -0.012310 0.500000
0.148327 -0.021018 0.500000
0.448370 -0.005013 0.500000
0.352920 0.002927 0.500000
0.232497 -0.019116 0.500000
0.075756 0.022378 0.500000
-0.084165 0.030681 0.500000
-0.405123 -0.017989 0.500000
-0.486315 0.002022 0.500000
0.329792 0.004753 0.500000
0.097771 -0.021914 0.500000
-0.258002 0.035220 0.500000
-0.397657 -0.017994 0.500000
0.170957 0.016312 0.500000
-0.013973 0.027379 0.500000
0.094308 0.021252 0.500000
0.175198 -0.020465 0.500000
-0.053825 0.029328 0.500000
-0.321676 -0.018733 0.500000
0.177061 -0.020425 0.500000
-0.022446 -0.023155 0.500000
-0.201042 0.034565 0.500000
-0.152325 0.033234 0.500000
0.133368 0.018791 0.500000
0.076683 0.022323 0.500000
0.111581 -0.021689 0.500000
0.164075 0.016773 0.500000
-0.457494 -0.017753 0.500000
0.171022 -0.020554 0.500000
-0.210060 -0.021510 0.500000
-0.313139 -0.018900 0.500000
-0.413904 0.023440 0.500000
-0.360367 0.030777 0.500000
-0.006744 0.027006 0.500000
-0.432887 -0.017984 0.500000
-0.203164 -0.021675 0.500000
0.141227 -0.021156 0.500000
-0.434068 0.019297 0.500000
-0.416928 -0.017991 0.500000
0.399656 -0.013915 0.500000
0.089614 0.021540 0.500000
-0.026029 -0.023170 0.500000
0.327172 0.004957 0.500000
-0.083599 -0.023197 0.500000
-0.343950 -0.018372 0.500000
-0.282270 0.034980 0.500000
-0.231275 -0.020965 0.500000
-0.371905 0.029570 0.500000
0.093882 -0.021974 0.500000
-0.409856 -0.017989 0.500000
0.276891 -0.017918 0.500000
0.047230 -0.022601 0.500000
-0.493988 -0.002736 0.500000
-0.429548 0.020308 0.500000
-0.064694 0.029827 0.500000
0.279808 0.008574 0.500000
-0.435922 -0.017976 0.500000
0.030954 0.024972 0.500000
-0.039320 -0.023212 0.500000
0.125809 0.019276 0.500000
-0.384608 0.028022 0.500000
-0.280967 -0.019642 0.500000
0.023401 -0.022845 0.500000
-0.346084 -0.018344 0.500000
0.261237 -0.018355 0.500000
0.048166 -0.022590 0.500000
0.274347 0.008981 0.500000
0.045940 -0.022615 0.500000
-0.163692 -0.022454 0.500000
-0.019914 0.027681 0.500000
0.394553 -0.014102 0.500000
-0.469046 0.009337 0.500000
0.083358 0.021920 0.500000
-0.229396 -0.021014 0.500000
-0.285493 0.034917 0.500000
0.127251 0.019184 0.500000
0.252467 0.010593 0.500000
-0.381532 -0.018037 0.500000
0.129877 0.019016 0.500000
-0.145571 -0.022713 0.500000
0.214718 -0.019558 0.500000
0.308411 -0.016988 0.500000
-0.017898 -0.023135 0.500000
-0.487288 -0.015595 0.500000
0.396239 -0.000593 0.500000
-0.025431 -0.023168 0.500000
-0.424680 -0.017992 0.500000
-0.424145 0.021451 0.500000
0.099997 0.020902 0.500000
0.182149 -0.020313 0.500000
0.021462 -0.022862 0.500000
-0.262058 0.035207 0.500000
0.082343 -0.022146 0.500000
-0.477964 -0.016786 0.500000
-0.170862 0.033795 0.500000
0.461295 -0.006141 0.500000
-0.096398 0.031191 0.500000
0.054018 0.023660 0.500000
-0.382107 0.028345 0.500000
0.018918 0.025637 0.500000
0.208761 0.013716 0.500000
-0.194547 -0.021871 0.500000
-0.200674 0.034557 0.500000
-0.002970 -0.023050 0.500000
0.270553 -0.018097 0.500000
-0.438177 0.018334 0.500000
-0.279294 -0.019685 0.500000
-0.491232 -0.000799 0.500000
-0.140123 0.032832 0.500000
0.061905 0.023200 0.500000
0.061342 0.023233 0.500000
0.051472 0.023807 0.500000
0.494730 -0.010058 0.500000
0.048947 -0.022581 0.500000
0.459132 -0.011587 0.500000
0.119481 0.019680 0.500000
0.221858 -0.019383 0.500000
0.396456 -0.014033 0.500000
0.133016 -0.021310 0.500000
-0.313016 0.034039 0.500000
-0.376051 -0.018064 0.500000
0.395456 -0.014069 0.500000
0.092786 0.021346 0.500000
-0.482627 0.003837 0.500000
0.438761 -0.004182 0.500000
-0.276413 -0.019758 0.500000
-0.476996 0.006298 0.500000
0.104784 -0.021801 0.500000
-0.007755 -0.023080 0.500000
0.451840 -0.005314 0.500000
-0.082475 -0.023200 0.500000
0.205566 -0.019778 0.500000
0.084611 0.021845 0.500000
0.418117 -0.013221 0.500000
0.134902 -0.021275 0.500000
0.098896 -0.021896 0.500000
-0.495366 -0.003893 0.500000
0.373945 0.001236 0.500000
0.479692 -0.010717 0.500000
-0.119544 -0.022988 0.500000
-0.085352 -0.023190 0.500000
0.373619 -0.014851 0.500000
-0.203864 -0.021659 0.500000
-0.016599 -0.023128 0.500000
0.080738 -0.022169 0.500000
-0.036448 -0.023205 0.500000
-0.359270 -0.018193 0.500000
0.083995 -0.022122 0.500000
-0.427321 0.020787 0.500000
0.372340 -0.014896 0.500000
-0.431671 0.019839 0.500000
-0.335273 0.032815 0.500000
0.206064 0.013905 0.500000
0.362176 -0.015247 0.500000
0.138487 -0.021208 0.500000
-0.013276 -0.023111 0.500000
0.394925 -0.000484 0.500000
-0.485713 -0.015865 0.500000
0.460640 -0.011524 0.500000
-0.362429 0.030573 0.500000
-0.434415 -0.017981 0.500000
0.294243 0.007487 0.500000
-0.427195 -0.017991 0.500000
-0.464988 -0.017539 0.500000
-0.370663 -0.018098 0.500000
-0.352266 -0.018267 0.500000
0.167420 -0.020630 0.500000
0.298450 -0.017289 0.500000
0.019786 -0.022877 0.500000
0.295324 0.007406 0.500000
0.085824 -0.022096 0.500000
-0.093173 -0.023159 0.500000
0.247114 -0.018736 0.500000
0.439972 -0.004287 0.500000
-0.356263 -0.018223 0.500000
-0.040556 -0.023215 0.500000
-0.051621 -0.023232 0.500000
0.370643 0.001503 0.500000
-0.181570 -0.022139 0.500000
-0.452598 0.014565 0.500000
0.329209 -0.016338 0.500000
0.287855 -0.017602 0.500000
-0.098686 0.031285 0.500000
0.452178 -0.005344 0.500000
0.207748 -0.019726 0.500000
-0.021502 0.027761 0.500000
-0.408371 -0.017988 0.500000
0.255560 -0.018510 0.500000
0.396678 -0.000629 0.500000
0.458854 -0.011599 0.500000
-0.240116 -0.020728 0.500000
0.460614 -0.006082 0.500000
-0.119420 0.032093 0.500000
-0.144875 -0.022722 0.500000
-0.283007 -0.019591 0.500000
0.220250 0.012908 0.500000
-0.173373 0.033866 0.500000
-0.433727 0.019375 0.500000
0.162661 -0.020730 0.500000
-0.343281 -0.018381 0.500000
0.326988 -0.016409 0.500000
-0.432642 0.019622 0.500000
-0.093561 -0.023158 0.500000
-0.446029 0.016361 0.500000
0.265938 -0.018226 0.500000
-0.061218 -0.023235 0.500000
0.053378 -0.022529 0.500000
-0.476789 0.006383 0.500000
0.031517 -0.022768 0.500000
-0.498410 -0.008428 0.500000
-0.270152 -0.019921 0.500000
0.461545 -0.011487 0.500000
-0.098042 -0.023135 0.500000
-0.078295 0.030429 0.500000
0.124555 0.019357 0.500000
0.193406 0.014782 0.500000
-0.081425 0.030564 0.500000
-0.398383 0.026057 0.500000
0.181761 -0.020322 0.500000
0.468062 -0.011214 0.500000
-0.313475 -0.018893 0.500000
0.431736 -0.003580 0.500000
0.391488 -0.014214 0.500000
0.254990 -0.018525 0.500000
0.141201 0.018283 0.500000
-0.084001 0.030674 0.500000
0.274120 -0.017996 0.500000
0.341456 -0.015941 0.500000
-0.149540 0.033145 0.500000
-0.340707 -0.018417 0.500000
0.139078 0.018421 0.500000
-0.193285 -0.021898 0.500000
-0.258767 -0.020224 0.500000
-0.400106 0.025788 0.500000
-0.063553 -0.023235 0.500000
-0.192013 -0.021926 0.500000
-0.194881 0.034424 0.500000
0.440551 -0.004336 0.500000
0.285642 -0.017666 0.500000
0.271750 -0.018063 0.500000
0.238523 -0.018961 0.500000
-0.151672 -0.022633 0.500000
-0.179750 -0.022174 0.500000
-0.315525 0.033926 0.500000
-0.198269 0.034502 0.500000
0.234459 0.011895 0.500000
0.180606 0.015659 0.500000
0.354447 0.002806 0.500000
-0.040240 0.028685 0.500000
0.044642 -0.022629 0.500000
0.090635 0.021478 0.500000
0.431113 -0.012718 0.500000
0.336051 -0.016118 0.500000
-0.310742 -0.018949 0.500000
-0.098702 0.031285 0.500000
-0.445311 0.016549 0.500000
-0.100920 -0.023119 0.500000
-0.378454 -0.018052 0.500000
0.493938 -0.010094 0.500000
0.443108 -0.004557 0.500000
0.049504 -0.022574 0.500000
-0.248361 -0.020505 0.500000
0.404755 -0.013726 0.500000
0.021747 0.025482 0.500000
-0.155027 0.033320 0.500000
0.206747 0.013857 0.500000
0.203709 -0.019822 0.500000
-0.434006 -0.017982 0.500000
-0.240024 -0.020730 0.500000
-0.289127 0.034839 0.500000
0.384074 -0.014481 0.500000
-0.120086 -0.022983 0.500000
-0.328969 -0.018602 0.500000
-0.242824 0.035190 0.500000
-0.095522 -0.023148 0.500000
0.431231 -0.012713 0.500000
0.432068 -0.012680 0.500000
-0.185215 0.034184 0.500000
-0.179068 -0.022187 0.500000
0.464469 -0.006421 0.500000
0.205110 -0.019789 0.500000
0.089526 -0.022040 0.500000
-0.013497 -0.023112 0.500000
-0.001240 -0.023039 0.500000
-0.047070 -0.023227 0.500000
0.215862 -0.019530 0.500000
0.101162 -0.021860 0.500000
0.310034 -0.016938 0.500000
0.500381 -0.009640 0.500000
-0.285075 0.034926 0.500000
0.207959 0.013772 0.500000
-0.313335 0.034025 0.500000
-0.368861 0.029906 0.500000
-0.035796 -0.023203 0.500000
-0.270116 -0.019922 0.500000
0.059046 -0.022460 0.500000
-0.490766 -0.014830 0.500000
-0.385674 -0.018021 0.500000
0.092982 0.021334 0.500000
0.061882 -0.022424 0.500000
0.152609 -0.020934 0.500000
-0.075212 0.030294 0.500000
-0.460679 0.012144 0.500000
0.061089 0.023247 0.500000
-0.334406 0.032872 0.500000
-0.452991 -0.017836 0.500000
-0.249056 0.035218 0.500000
0.497693 -0.009395 0.500000
-0.496725 -0.005279 0.500000
0.388345 0.000059 0.500000
0.025549 -0.022825 0.500000
-0.397808 -0.017994 0.500000
0.466333 -0.011286 0.500000
0.204250 0.014031 0.500000
-0.159134 -0.022524 0.500000
0.048509 -0.022586 0.500000
-0.466490 -0.017482 0.500000
0.133727 -0.021297 0.500000
0.497418 -0.009370 0.500000
0.227396 0.012400 0.500000
-0.209735 -0.021518 0.500000
0.118963 -0.021562 0.500000
0.433419 -0.003724 0.500000
0.418763 -0.013197 0.500000
0.178990 0.015769 0.500000
0.045951 -0.022615 0.500000
0.135610 -0.021262 0.500000
0.061888 -0.022424 0.500000
0.361606 0.002232 0.500000
-0.252114 -0.020404 0.500000
0.495997 -0.010002 0.500000
0.447344 -0.012070 0.500000
-0.431277 0.019928 0.500000
0.499587 -0.009842 0.500000
0.448135 -0.012038 0.500000
-0.235259 0.035129 0.500000
-0.077740 -0.023213 0.500000
0.446758 -0.012094 0.500000
-0.028931 -0.023181 0.500000
-0.346761 -0.018335 0.500000
-0.398755 0.025998 0.500000
0.379963 0.000746 0.500000
-0.235994 0.035137 0.500000
0.000611 0.026621 0.500000
0.143324 -0.021116 0.500000
0.168105 -0.020616 0.500000
-0.402363 0.025428 0.500000
0.155290 0.017358 0.500000
-0.338360 0.032604 0.500000
-0.243951 0.035195 0.500000
0.453976 -0.005501 0.500000
0.056668 -0.022489 0.500000
-0.179136 0.034025 0.500000
0.292979 -0.017451 0.500000
0.227875 0.012366 0.500000
-0.446465 -0.017916 0.500000
0.390231 -0.014260 0.500000
0.089204 -0.022045 0.500000
-0.247178 0.035211 0.500000
0.010397 0.026099 0.500000
-0.215402 0.034852 0.500000
0.227089 0.012422 0.500000
-0.076060 0.030332 0.500000
-0.033327 0.028349 0.500000
0.475861 -0.010882 0.500000
0.264944 -0.018253 0.500000
0.377096 -0.014729 0.500000
-0.433899 0.019336 0.500000
0.086951 0.021702 0.500000
-0.384175 0.028079 0.500000
0.104664 -0.021803 0.500000
-0.458431 0.012843 0.500000
-0.054971 -0.023235 0.500000
-0.455589 -0.017791 0.500000
0.095300 -0.021952 0.500000
0.033815 0.024812 0.500000
-0.120967 0.032150 0.500000
0.196287 0.014584 0.500000
0.054131 0.023653 0.500000
0.421042 -0.002670 0.500000
-0.383945 -0.018027 0.500000
-0.385718 -0.018021 0.500000
-0.359071 0.030900 0.500000
-0.064384 -0.023234 0.500000
-0.428997 0.020427 0.500000
-0.026126 0.027993 0.500000
-0.385554 -0.018021 0.500000
0.200268 0.014308 0.500000
-0.177467 0.033980 0.500000
0.091751 0.021409 0.500000
0.432797 -0.003670 0.500000
0.297530 0.007238 0.500000
-0.226546 0.035026 0.500000
0.493250 -0.008992 0.500000
-0.137831 0.032754 0.500000
0.189096 -0.020158 0.500000
-0.085360 -0.023190 0.500000
0.371805 0.001409 0.500000
0.328333 -0.016366 0.500000
0.366522 -0.015098 0.500000
-0.421941 0.021898 0.500000
0.212072 0.013484 0.500000
-0.284817 0.034932 0.500000
0.041387 -0.022665 0.500000
-0.121907 -0.022967 0.500000
0.489435 -0.008647 0.500000
-0.268314 -0.019970 0.500000
-0.005635 -0.023067 0.500000
-0.346358 -0.018340 0.500000
-0.271781 0.035133 0.500000
-0.009948 0.027172 0.500000
-0.236917 -0.020814 0.500000
0.342288 -0.015914 0.500000
0.425858 -0.003078 0.500000
0.296335 -0.017352 0.500000
-0.245199 -0.020591 0.500000
-0.027046 -0.023174 0.500000
0.135139 -0.021271 0.500000
0.160353 0.017022 0.500000
-0.458080 0.012950 0.500000
-0.267792 0.035171 0.500000
-0.293398 0.034730 0.500000
-0.426607 0.020938 0.500000
-0.024677 0.027920 0.500000
0.449925 -0.005148 0.500000
0.273253 -0.018021 0.500000
-0.307824 0.034254 0.500000
0.366219 -0.015108 0.500000
-0.006851 -0.023075 0.500000
0.168921 0.016449 0.500000
-0.474864 -0.017030 0.500000
-0.471698 0.008370 0.500000
-0.017411 -0.023132 0.500000
-0.307708 0.034259 0.500000
-0.069329 0.030035 0.500000
0.156134 -0.020863 0.500000
-0.241145 -0.020700 0.500000
-0.199955 -0.021749 0.500000
-0.472176 0.008191 0.500000
-0.498392 -0.008331 0.500000
-0.150467 0.033175 0.500000
-0.349446 -0.018301 0.500000
-0.119220 -0.022991 0.500000
0.244248 -0.018811 0.500000
0.189551 -0.020148 0.500000
-0.075199 -0.023219 0.500000
0.450864 -0.011927 0.500000
0.290182 -0.017534 0.500000
0.072429 0.022577 0.500000
-0.175149 0.033915 0.500000
-0.290457 -0.019407 0.500000
-0.285850 -0.019520 0.500000
-0.052444 0.029264 0.500000
0.127761 -0.021406 0.500000
-0.168444 0.033726 0.500000
0.211205 -0.019643 0.500000
0.463612 -0.011400 0.500000
0.460123 -0.006039 0.500000
0.325157 -0.016467 0.500000
-0.340414 0.032458 0.500000
0.242884 -0.018847 0.500000
-0.379450 0.028679 0.500000
-0.237485 -0.020799 0.500000
-0.371259 -0.018094 0.500000
0.384211 0.000398 0.500000
-0.053954 0.029335 0.500000
0.108207 -0.021745 0.500000
-0.492973 -0.001977 0.500000
0.470045 -0.006913 0.500000
0.006560 0.026305 0.500000
-0.367225 0.030082 0.500000
-0.130877 0.032510 0.500000
-0.106573 -0.023085 0.500000
0.058569 0.023395 0.500000
0.396860 -0.014018 0.500000
-0.307259 -0.019023 0.500000
0.490343 -0.008729 0.500000
0.500423 -0.009804 0.500000
0.422774 -0.002817 0.500000
-0.127054 0.032373 0.500000
0.341450 -0.015942 0.500000
0.050183 0.023881 0.500000
0.401689 -0.013840 0.500000
0.172363 0.016217 0.500000
0.045263 -0.022623 0.500000
-0.377263 0.028947 0.500000
-0.172660 0.033847 0.500000
-0.319536 -0.018773 0.500000
-0.317992 0.033808 0.500000
-0.485385 0.002499 0.500000
-0.183419 0.034138 0.500000
0.136836 0.018566 0.500000
0.171819 -0.020537 0.500000
0.080124 0.022116 0.500000
0.202516 0.014152 0.500000
-0.463152 0.011349 0.500000
-0.457674 -0.017749 0.500000
0.239062 -0.018947 0.500000
-0.067040 0.029932 0.500000
-0.223975 -0.021157 0.500000
-0.466972 0.010065 0.500000
-0.212079 -0.021460 0.500000
0.352378 -0.015579 0.500000
-0.433900 0.019335 0.500000
0.146465 -0.021055 0.500000
0.367048 0.001794 0.500000
-0.075930 0.030326 0.500000
0.018911 -0.022885 0.500000
-0.333106 -0.018533 0.500000
0.105582 0.020554 0.500000
0.464200 -0.006397 0.500000
0.291058 -0.017508 0.500000
0.472101 -0.011042 0.500000
0.467426 -0.011240 0.500000
-0.032119 -0.023192 0.500000
-0.294739 -0.019306 0.500000
0.442099 -0.012282 0.500000
0.343731 0.003657 0.500000
0.093417 -0.021981 0.500000
-0.008252 0.027084 0.500000
0.192151 -0.020089 0.500000
0.036497 -0.022717 0.500000
0.080397 -0.022174 0.500000
0.001849 0.026555 0.500000
0.257073 0.010256 0.500000
-0.163162 0.033570 0.500000
0.461189 -0.011502 0.500000
0.451987 -0.011881 0.500000
-0.203880 -0.021658 0.500000
0.022257 -0.022855 0.500000
0.007700 0.026244 0.500000
0.165605 0.016671 0.500000
-0.473850 0.007553 0.500000
0.387802 -0.014347 0.500000
-0.289080 0.034840 0.500000
0.166027 -0.020660 0.500000
0.007922 0.026232 0.500000
0.454049 -0.005507 0.500000
-0.468884 -0.017378 0.500000
-0.203905 -0.021658 0.500000
0.250924 -0.018634 0.500000
0.135972 0.018622 0.500000
0.416342 -0.002273 0.500000
0.131868 -0.021331 0.500000
0.006799 0.026292 0.500000
0.417321 -0.002355 0.500000
-0.458940 -0.017720 0.500000
0.338811 0.004045 0.500000
-0.293347 0.034731 0.500000
0.209508 -0.019684 0.500000
-0.032957 0.028331 0.500000
0.389985 -0.000076 0.500000
0.259211 -0.018411 0.500000
-0.184218 -0.022087 0.500000
0.159530 -0.020794 0.500000
0.031352 -0.022769 0.500000
0.272185 0.009142 0.500000
-0.179924 -0.022171 0.500000
-0.392067 -0.018003 0.500000
-0.464820 -0.017545 0.500000
0.040749 0.024421 0.500000
0.061620 -0.022427 0.500000
0.468900 -0.011178 0.500000
-0.084963 0.030715 0.500000
0.398520 -0.000782 0.500000
-0.463307 0.011298 0.500000
0.327352 -0.016397 0.500000
0.282811 -0.017748 0.500000
-0.452229 0.014670 0.500000
-0.177512 -0.022215 0.500000
0.092339 -0.021998 0.500000
-0.293951 0.034715 0.500000
-0.257177 0.035221 0.500000
-0.472684 0.007999 0.500000
-0.157537 -0.022549 0.500000
-0.139856 0.032823 0.500000
-0.337926 0.032635 0.500000
0.158855 0.017121 0.500000
0.478940 -0.010750 0.500000
-0.440040 0.017881 0.500000
0.341974 -0.015924 0.500000
-0.014986 0.027431 0.500000
0.067976 -0.022345 0.500000
0.447622 -0.012059 0.500000
0.390600 -0.014246 0.500000
-0.285450 0.034918 0.500000
-0.421424 0.022002 0.500000
0.255022 0.010406 0.500000
-0.240909 -0.020707 0.500000
-0.153153 -0.022612 0.500000
-0.188990 0.034280 0.500000
0.439707 -0.004264 0.500000
0.468675 -0.006792 0.500000
0.334636 0.004373 0.500000
-0.086998 -0.023184 0.500000
0.361986 0.002202 0.500000
0.048717 -0.022583 0.500000
0.098049 -0.021909 0.500000
-0.148942 0.033126 0.500000
-0.458774 0.012738 0.500000
0.036470 0.024663 0.500000
0.205867 -0.019771 0.500000
-0.032952 -0.023194 0.500000
-0.436788 -0.017974 0.500000
0.202067 0.014183 0.500000
-0.379877 0.028627 0.500000
0.357137 0.002590 0.500000
-0.123269 -0.022955 0.500000
-0.118506 0.032059 0.500000
0.355893 -0.015461 0.500000
-0.013379 -0.023112 0.500000
0.313661 -0.016827 0.500000
0.313516 0.006015 0.500000
-0.197925 0.034494 0.500000
-0.135910 0.032687 0.500000
-0.129576 -0.022895 0.500000
0.199324 -0.019924 0.500000
-0.096486 -0.023143 0.500000
0.436194 -0.003962 0.500000
-0.202158 0.034589 0.500000
0.045197 0.024168 0.500000
-0.451543 -0.017857 0.500000
0.386579 -0.014391 0.500000
-0.098874 -0.023131 0.500000
-0.346374 0.032006 0.500000
0.481446 -0.007929 0.500000
-0.218234 -0.021305 0.500000
0.289661 0.007834 0.500000
-0.493021 -0.014142 0.500000
-0.004073 0.026867 0.500000
0.458074 -0.011631 0.500000
-0.431421 -0.017987 0.500000
0.329186 0.004800 0.500000
-0.227036 0.035033 0.500000
0.490833 -0.008773 0.500000
0.206458 -0.019757 0.500000
0.130606 0.018969 0.500000
-0.405839 0.024857 0.500000
0.081201 -0.022163 0.500000
0.326477 -0.016425 0.500000
-0.220030 -0.021259 0.500000
0.128569 -0.021392 0.500000
-0.291507 0.034778 0.500000
-0.167463 0.033697 0.500000
0.332441 -0.016234 0.500000
0.453788 -0.011807 0.500000
-0.153378 0.033268 0.500000
0.195317 -0.020017 0.500000
-0.266747 0.035180 0.500000
-0.466122 0.010357 0.500000
-0.171547 0.033815 0.500000
0.477893 -0.007611 0.500000
0.241836 -0.018875 0.500000
0.339563 -0.016003 0.500000
0.284792 -0.017691 0.500000
-0.152193 0.033230 0.500000
-0.120762 -0.022977 0.500000
0.050518 -0.022563 0.500000
0.043356 -0.022644 0.500000
0.290895 -0.017513 0.500000
0.025149 -0.022829 0.500000
-0.141026 -0.022769 0.500000
0.355313 0.002736 0.500000
-0.421768 0.021933 0.500000
-0.086818 -0.023185 0.500000
0.124901 -0.021458 0.500000
0.013373 -0.022931 0.500000
0.091905 -0.022004 0.500000
-0.481345 -0.016450 0.500000
-0.284208 -0.019561 0.500000
-0.196259 -0.021833 0.500000
0.440513 -0.012345 0.500000
0.326738 0.004991 0.500000
-0.081142 0.030552 0.500000
0.237834 -0.018979 0.500000
-0.012738 -0.023108 0.500000
0.447926 -0.004974 0.500000
-0.181143 -0.022147 0.500000
-0.051490 0.029219 0.500000
-0.464348 0.010955 0.500000
-0.197052 -0.021816 0.500000
-0.150461 -0.022649 0.500000
-0.273792 -0.019826 0.500000
0.089453 -0.022041 0.500000
0.275153 0.008921 0.500000
-0.025883 0.027981 0.500000
-0.256259 0.035223 0.500000
0.033511 0.024829 0.500000
0.095194 -0.021954 0.500000
0.302130 -0.017178 0.500000
0.276916 0.008790 0.500000
0.383322 0.000471 0.500000
-0.057754 0.029510 0.500000
0.284665 0.008210 0.500000
0.038414 0.024553 0.500000
-0.072530 -0.023224 0.500000
-0.100060 -0.023124 0.500000
0.083391 -0.022131 0.500000
0.061346 0.023232 0.500000
0.439033 -0.012404 0.500000
-0.264894 0.035191 0.500000
-0.010352 0.027193 0.500000
0.172249 -0.020528 0.500000
0.045400 -0.022621 0.500000
0.079923 0.022128 0.500000
0.127430 0.019173 0.500000
-0.265419 0.035188 0.500000
-0.184004 0.034154 0.500000
0.304502 0.006707 0.500000
-0.363305 -0.018155 0.500000
0.410667 -0.013504 0.500000
0.290279 0.007787 0.500000
0.288990 0.007884 0.500000
0.416142 -0.002256 0.500000
-0.338418 0.032600 0.500000
0.155258 0.017360 0.500000
-0.408750 -0.017988 0.500000
-0.048542 0.029081 0.500000
-0.073816 0.030233 0.500000
0.256638 0.010288 0.500000
-0.024679 -0.023165 0.500000
0.490983 -0.010224 0.500000
0.253863 -0.018556 0.500000
-0.170991 -0.022332 0.500000
-0.033273 -0.023195 0.500000
0.438766 -0.012415 0.500000
0.183963 -0.020273 0.500000
-0.136381 0.032704 0.500000
-0.110926 0.031769 0.500000
0.193312 0.014789 0.500000
0.487476 -0.008470 0.500000
0.387825 0.000102 0.500000
0.030530 0.024996 0.500000
-0.103268 -0.023106 0.500000
0.243870 -0.018821 0.500000
0.290536 0.007768 0.500000
-0.371782 -0.018091 0.500000
-0.056188 -0.023235 0.500000
0.347136 0.003387 0.500000
0.322959 0.005285 0.500000
-0.338735 -0.018446 0.500000
-0.235100 0.035127 0.500000
-0.051977 -0.023233 0.500000
-0.175600 0.033928 0.500000
-0.021914 -0.023153 0.500000
-0.200955 0.034563 0.500000
0.434142 -0.003786 0.500000
-0.168526 -0.022375 0.500000
0.333465 -0.016201 0.500000
-0.073720 -0.023222 0.500000
0.189975 -0.020139 0.500000
0.142836 0.018176 0.500000
0.206504 0.013874 0.500000
0.381211 -0.014583 0.500000
0.285855 -0.017660 0.500000
0.207948 0.013773 0.500000
-0.223182 0.034979 0.500000
0.404802 -0.013724 0.500000
-0.413495 0.023515 0.500000
0.476059 -0.010873 0.500000
-0.298683 0.034576 0.500000
-0.257487 0.035221 0.500000
-0.366120 -0.018132 0.500000
0.366226 0.001860 0.500000
0.127284 -0.021415 0.500000
0.000129 0.026646 0.500000
-0.330996 0.033090 0.500000
-0.448239 -0.017898 0.500000
-0.294729 0.034695 0.500000
-0.379144 -0.018048 0.500000
-0.262841 0.035202 0.500000
-0.360886 0.030727 0.500000
0.119794 0.019660 0.500000
-0.353171 0.031441 0.500000
-0.284043 0.034948 0.500000
-0.217717 -0.021318 0.500000
-0.064282 0.029808 0.500000
0.475185 -0.007370 0.500000
-0.157360 0.033393 0.500000
0.025959 0.025250 0.500000
0.241939 -0.018872 0.500000
-0.390617 0.027203 0.500000
-0.447087 -0.017910 0.500000
-0.160130 0.033478 0.500000
0.301734 -0.017190 0.500000
0.258321 -0.018435 0.500000
0.081101 0.022057 0.500000
-0.028152 -0.023178 0.500000
0.174833 0.016050 0.500000
-0.415768 -0.017990 0.500000
-0.397034 -0.017994 0.500000
-0.241846 -0.020681 0.500000
-0.406293 0.024779 0.500000
0.358310 0.002497 0.500000
0.229276 0.012266 0.500000
0.199345 -0.019924 0.500000
0.382738 -0.014529 0.500000
0.155059 -0.020885 0.500000
0.459307 -0.005967 0.500000
0.307290 -0.017022 0.500000
0.234285 0.011908 0.500000
-0.394807 -0.017998 0.500000
-0.244507 0.035198 0.500000
-0.229797 -0.021004 0.500000
0.486737 -0.010411 0.500000
0.214636 -0.019560 0.500000
0.358590 -0.015370 0.500000
-0.044382 0.028884 0.500000
-0.130038 0.032481 0.500000
0.126875 0.019208 0.500000
-0.064905 -0.023233 0.500000
-0.343092 0.032260 0.500000
-0.186688 0.034222 0.500000
-0.492534 -0.001668 0.500000
0.235405 -0.019041 0.500000
-0.239959 -0.020732 0.500000
0.387384 -0.014362 0.500000
-0.088212 0.030853 0.500000
-0.157307 0.033391 0.500000
0.256763 -0.018477 0.500000
0.493923 -0.010094 0.500000
0.360795 0.002297 0.500000
0.017292 0.025726 0.500000
-0.368226 -0.018116 0.500000
-0.382138 -0.018034 0.500000
-0.013061 -0.023110 0.500000
0.205171 -0.019787 0.500000
-0.199413 -0.021762 0.500000
0.207466 0.013807 0.500000
0.149418 -0.020997 0.500000
0.467232 -0.011249 0.500000
-0.419742 -0.017992 0.500000
0.321921 -0.016569 0.500000
0.042371 0.024329 0.500000
-0.472514 0.008064 0.500000
0.372099 -0.014904 0.500000
0.403911 -0.013757 0.500000
-0.317813 -0.018807 0.500000
0.009849 0.026129 0.500000
-0.077815 0.030408 0.500000
0.206991 0.013840 0.500000
0.294384 0.007477 0.500000
-0.072363 -0.023224 0.500000
-0.085844 -0.023189 0.500000
0.132165 0.018868 0.500000
-0.211524 0.034781 0.500000
-0.090997 -0.023168 0.500000
0.280039 -0.017828 0.500000
-0.200138 -0.021745 0.500000
-0.367941 -0.018118 0.500000
0.176489 -0.020437 0.500000
0.285028 0.008182 0.500000
0.300694 -0.017222 0.500000
-0.113310 0.031861 0.500000
0.311237 0.006191 0.500000
-0.307826 0.034254 0.500000
-0.223936 0.034991 0.500000
-0.176286 -0.022238 0.500000
-0.343548 -0.018378 0.500000
0.375741 0.001090 0.500000
-0.042700 0.028803 0.500000
-0.324224 0.033487 0.500000
0.417184 -0.013257 0.500000
-0.044194 -0.023222 0.500000
0.425380 -0.003038 0.500000
0.229862 0.012224 0.500000
-0.053841 -0.023234 0.500000
0.179040 0.015765 0.500000
-0.207833 -0.021564 0.500000
0.052444 -0.022540 0.500000
-0.096895 0.031212 0.500000
-0.481769 0.004234 0.500000
-0.178501 0.034008 0.500000
-0.063389 -0.023235 0.500000
0.466389 -0.011284 0.500000
0.367686 0.001742 0.500000
-0.287235 -0.019486 0.500000
0.068929 -0.022332 0.500000
-0.269938 0.035150 0.500000
-0.329271 0.033196 0.500000
-0.071877 -0.023225 0.500000
0.383605 -0.014498 0.500000
0.362615 -0.015232 0.500000
-0.479463 0.005259 0.500000
-0.267593 -0.019989 0.500000
0.488968 -0.010313 0.500000
0.339732 -0.015998 0.500000
-0.126065 0.032337 0.500000
-0.103759 -0.023103 0.500000
-0.301323 0.034491 0.500000
-0.335890 0.032774 0.500000
0.477004 -0.007532 0.500000
-0.326494 0.033358 0.500000
-0.179666 -0.022176 0.500000
-0.039863 0.028667 0.500000
0.296840 0.007291 0.500000
0.034324 -0.022739 0.500000
-0.192164 -0.021923 0.500000
-0.168998 -0.022367 0.500000
-0.403685 -0.017989 0.500000
0.021080 -0.022866 0.500000
0.213901 0.013356 0.500000
0.484702 -0.008221 0.500000
0.318767 0.005610 0.500000
-0.068985 0.030020 0.500000
-0.383020 -0.018031 0.500000
-0.306026 -0.019049 0.500000
-0.277984 0.035053 0.500000
-0.340212 -0.018424 0.500000
0.152671 0.017531 0.500000
-0.404021 -0.017989 0.500000
-0.204065 0.034630 0.500000
0.259920 0.010047 0.500000
0.013448 0.025935 0.500000
0.109415 0.020315 0.500000
-0.316797 0.033866 0.500000
0.029113 0.025075 0.500000
0.102958 -0.021831 0.500000
0.094435 -0.021966 0.500000
-0.017593 0.027564 0.500000
-0.208153 0.034715 0.500000
-0.222305 -0.021200 0.500000
-0.327974 -0.018619 0.500000
-0.044170 0.028873 0.500000
0.285900 0.008117 0.500000
-0.429762 0.020261 0.500000
0.364446 -0.015169 0.500000
-0.345233 0.032097 0.500000
-0.425077 -0.017992 0.500000
0.497388 -0.009940 0.500000
-0.126847 0.032366 0.500000
0.417399 -0.002362 0.500000
0.004792 -0.022997 0.500000
-0.022327 0.027803 0.500000
-0.157979 -0.022542 0.500000
-0.301519 0.034484 0.500000
0.364439 -0.015170 0.500000
-0.087778 0.030834 0.500000
-0.284346 0.034942 0.500000
0.245553 0.011096 0.500000
-0.077929 0.030413 0.500000
-0.290552 -0.019405 0.500000
0.451282 -0.011910 0.500000
-0.321658 0.033623 0.500000
0.039512 -0.022686 0.500000
0.447720 -0.012055 0.500000
-0.159837 0.033469 0.500000
-0.288249 -0.019461 0.500000
-0.325974 -0.018654 0.500000
0.459594 -0.005992 0.500000
-0.260180 0.035215 0.500000
-0.043933 0.028862 0.500000
0.098868 -0.021896 0.500000
0.349332 -0.015681 0.500000
-0.081026 0.030547 0.500000
0.482893 -0.008058 0.500000
0.366238 -0.015108 0.500000
-0.159953 0.033473 0.500000
0.281304 0.008462 0.500000
0.494261 -0.010079 0.500000
0.443724 -0.004610 0.500000
-0.190501 0.034318 0.500000
-0.001232 -0.023039 0.500000
-0.341284 -0.018409 0.500000
-0.114181 0.031895 0.500000
0.236449 0.011753 0.500000
-0.493545 -0.002397 0.500000
0.040950 0.024410 0.500000
-0.277107 -0.019741 0.500000
-0.354436 -0.018243 0.500000
0.410149 -0.013524 0.500000
-0.173965 -0.022281 0.500000
0.167318 -0.020633 0.500000
-0.135527 -0.022833 0.500000
-0.481824 -0.016396 0.500000
0.310213 0.006270 0.500000
0.472334 -0.011033 0.500000
0.391284 -0.014221 0.500000
-0.162316 -0.022476 0.500000
-0.413584 0.023498 0.500000
0.211336 -0.019640 0.500000
0.210747 -0.019654 0.500000
-0.154121 -0.022598 0.500000
0.457172 -0.005780 0.500000
0.271996 -0.018056 0.500000
0.391459 -0.000198 0.500000
-0.407751 0.024532 0.500000
-0.491543 -0.001000 0.500000
0.143840 0.018111 0.500000
0.062967 0.023137 0.500000
-0.043439 0.028838 0.500000
0.124503 -0.021465 0.500000
0.191321 -0.020108 0.500000
-0.389595 0.027347 0.500000
-0.491000 -0.014767 0.500000
-0.306462 0.034307 0.500000
0.361012 0.002280 0.500000
0.355748 -0.015466 0.500000
-0.430342 -0.017988 0.500000
0.260422 0.010010 0.500000
0.493827 -0.009044 0.500000
-0.298898 -0.019209 0.500000
-0.454944 0.013888 0.500000
-0.079852 -0.023207 0.500000
-0.097065 -0.023140 0.500000
0.218075 0.013061 0.500000
-0.020306 -0.023146 0.500000
-0.024357 -0.023163 0.500000
0.008987 -0.022966 0.500000
0.172260 0.016224 0.500000
0.008610 0.026195 0.500000
-0.107251 -0.023080 0.500000
-0.322421 0.033583 0.500000
-0.108673 -0.023071 0.500000
0.472619 -0.011020 0.500000
0.092614 -0.021993 0.500000
-0.303654 -0.019102 0.500000
0.170823 -0.020559 0.500000
0.048907 0.023955 0.500000
0.291229 0.007715 0.500000
-0.498190 -0.007624 0.500000
0.016570 -0.022905 0.500000
0.022171 0.025459 0.500000
0.434455 -0.003812 0.500000
0.029184 -0.022790 0.500000
-0.483857 0.003253 0.500000
0.057731 -0.022476 0.500000
0.019875 -0.022876 0.500000
-0.010199 -0.023094 0.500000
0.403297 -0.001179 0.500000
-0.202035 -0.021701 0.500000
0.058771 -0.022463 0.500000
-0.361597 0.030656 0.500000
0.392773 -0.014167 0.500000
0.049376 0.023928 0.500000
0.157595 0.017205 0.500000
0.467866 -0.011222 0.500000
-0.197709 0.034489 0.500000
-0.060762 -0.023235 0.500000
0.076266 -0.022233 0.500000
0.110045 -0.021714 0.500000
-0.110491 -0.023058 0.500000
0.467309 -0.006671 0.500000
0.331884 -0.016252 0.500000
-0.432455 -0.017985 0.500000
-0.271517 -0.019886 0.500000
-0.078358 0.030432 0.500000
0.029967 0.025028 0.500000
0.299575 -0.017255 0.500000
0.036183 -0.022720 0.500000
0.333970 -0.016185 0.500000
-0.231170 0.035085 0.500000
0.416843 -0.002315 0.500000
-0.171324 0.033808 0.500000
-0.118888 0.032073 0.500000
0.293704 -0.017430 0.500000
0.393676 -0.014134 0.500000
0.229864 -0.019182 0.500000
-0.027257 -0.023175 0.500000
-0.092937 -0.023160 0.500000
0.418259 -0.002434 0.500000
0.108731 0.020357 0.500000
0.132636 -0.021317 0.500000
0.135028 0.018683 0.500000
-0.217052 -0.021335 0.500000
0.327576 -0.016390 0.500000
-0.101323 -0.023117 0.500000
0.052011 -0.022545 0.500000
0.413554 -0.013395 0.500000
0.046527 -0.022608 0.500000
0.385117 0.000324 0.500000
0.286275 0.008089 0.500000
-0.022044 0.027789 0.500000
-0.375925 0.029105 0.500000
0.123035 0.019454 0.500000
-0.347531 -0.018325 0.500000
-0.232318 0.035098 0.500000
-0.176330 -0.022237 0.500000
0.383990 0.000416 0.500000
-0.055384 0.029401 0.500000
0.201256 0.014239 0.500000
0.392300 -0.014184 0.500000
-0.011119 -0.023099 0.500000
0.190244 0.015000 0.500000
0.284001 -0.017714 0.500000
-0.346025 -0.018344 0.500000
-0.319883 0.033716 0.500000
-0.285611 0.034915 0.500000
-0.472715 0.007987 0.500000
-0.045185 0.028922 0.500000
-0.407956 0.024497 0.500000
0.309430 0.006330 0.500000
0.240499 0.011461 0.500000
-0.257856 -0.020249 0.500000
0.321397 0.005406 0.500000
0.439962 -0.004286 0.500000
0.371813 -0.014914 0.500000
-0.489774 0.000102 0.500000
0.214774 0.013294 0.500000
-0.047929 -0.023228 0.500000
-0.179351 0.034030 0.500000
0.296795 -0.017338 0.500000
-0.239490 0.035165 0.500000
-0.353376 -0.018255 0.500000
0.319327 0.005567 0.500000
-0.427210 0.020811 0.500000
-0.282507 -0.019604 0.500000
-0.435504 -0.017978 0.500000
0.065181 -0.022382 0.500000
0.092658 0.021354 0.500000
0.168945 -0.020598 0.500000
-0.312782 -0.018907 0.500000
-0.047397 -0.023227 0.500000
0.430627 -0.012737 0.500000
-0.036250 0.028492 0.500000
-0.129130 -0.022899 0.500000
0.484732 -0.008223 0.500000
0.063883 0.023083 0.500000
-0.024578 -0.023164 0.500000
-0.498123 -0.007454 0.500000
0.372516 -0.014890 0.500000
-0.212132 0.034793 0.500000
0.164696 0.016732 0.500000
-0.429567 -0.017989 0.500000
0.484006 -0.010530 0.500000
-0.436808 0.018659 0.500000
0.092537 -0.021995 0.500000
-0.379489 0.028674 0.500000
0.130630 0.018967 0.500000
0.341947 -0.015925 0.500000
-0.192298 0.034361 0.500000
0.215195 0.013264 0.500000
-0.049368 -0.023230 0.500000
-0.274672 -0.019803 0.500000
-0.306648 0.034300 0.500000
-0.102178 -0.023112 0.500000
0.344950 -0.015826 0.500000
-0.473179 0.007811 0.500000
0.064752 -0.022387 0.500000
-0.040048 0.028676 0.500000
-0.123496 -0.022953 0.500000
0.424622 -0.012971 0.500000
0.316969 -0.016724 0.500000
0.334755 0.004364 0.500000
-0.071521 -0.023226 0.500000
0.131066 -0.021346 0.500000
0.162417 0.016884 0.500000
-0.248337 0.035216 0.500000
0.169843 0.016387 0.500000
-0.190151 0.034309 0.500000
-0.132156 -0.022868 0.500000
-0.174727 0.033904 0.500000
0.340211 0.003935 0.500000
-0.351732 -0.018274 0.500000
-0.106651 0.031602 0.500000
0.283696 -0.017723 0.500000
0.041683 0.024368 0.500000
0.482716 -0.010586 0.500000
-0.431827 -0.017986 0.500000
0.351958 -0.015593 0.500000
0.328900 0.004822 0.500000
-0.136780 0.032717 0.500000
0.054733 0.023618 0.500000
0.382957 0.000501 0.500000
0.458417 -0.005889 0.500000
-0.212896 -0.021439 0.500000
-0.248073 0.035215 0.500000
0.143355 -0.021115 0.500000
-0.016176 0.027491 0.500000
-0.320949 0.033660 0.500000
0.150428 0.017679 0.500000
0.431197 -0.012714 0.500000
-0.028860 -0.023181 0.500000
-0.451444 0.014891 0.500000
0.466701 -0.011271 0.500000
-0.108520 -0.023072 0.500000
-0.371171 -0.018095 0.500000
-0.362970 0.030520 0.500000
-0.057639 -0.023236 0.500000
-0.004535 -0.023060 0.500000
0.470915 -0.006990 0.500000
0.443702 -0.004608 0.500000
0.105642 0.020551 0.500000
-0.061850 0.029698 0.500000
-0.044717 0.028900 0.500000
0.341386 -0.015944 0.500000
0.357967 -0.015391 0.500000
-0.134593 0.032642 0.500000
-0.148335 -0.022677 0.500000
0.475667 -0.007413 0.500000
-0.192208 -0.021922 0.500000
-0.093167 0.031059 0.500000
0.008198 0.026217 0.500000
-0.255537 -0.020311 0.500000
-0.228527 0.035053 0.500000
-0.348826 -0.018308 0.500000
0.127828 0.019147 0.500000
0.108673 -0.021737 0.500000
0.288972 -0.017569 0.500000
-0.020955 -0.023149 0.500000
-0.275681 0.035084 0.500000
-0.084747 -0.023193 0.500000
0.382050 0.000575 0.500000
-0.054181 -0.023235 0.500000
0.030460 0.025000 0.500000
-0.304027 -0.019094 0.500000
0.323326 0.005256 0.500000
-0.439230 0.018079 0.500000
0.028351 0.025117 0.500000
0.352426 -0.015578 0.500000
0.236656 0.011738 0.500000
-0.345476 0.032078 0.500000
0.445146 -0.012159 0.500000
0.320736 0.005458 0.500000
-0.031181 -0.023189 0.500000
0.397990 -0.000738 0.500000
-0.117631 0.032025 0.500000
0.151180 -0.020962 0.500000
0.256509 -0.018484 0.500000
0.383383 -0.014506 0.500000
0.280703 -0.017809 0.500000
0.093456 -0.021981 0.500000
0.453637 -0.011814 0.500000
-0.326820 0.033339 0.500000
0.012650 -0.022937 0.500000
-0.227507 0.035039 0.500000
0.230023 -0.019178 0.500000
-0.349670 -0.018298 0.500000
0.047476 0.024037 0.500000
0.246101 0.011056 0.500000
0.117903 0.019780 0.500000
-0.467417 -0.017443 0.500000
0.034259 -0.022740 0.500000
0.402035 -0.013827 0.500000
0.209425 -0.019686 0.500000
-0.267564 0.035173 0.500000
0.203103 0.014111 0.500000
0.217990 -0.019478 0.500000
-0.130154 0.032485 0.500000
0.400257 -0.000926 0.500000
0.078669 0.022203 0.500000
-0.480145 -0.016579 0.500000
0.215114 -0.019549 0.500000
0.053660 0.023681 0.500000
0.387327 -0.014364 0.500000
-0.141839 -0.022759 0.500000
0.271293 -0.018076 0.500000
0.465029 -0.006470 0.500000
0.496607 -0.009296 0.500000
-0.119094 0.032080 0.500000
-0.465734 0.010490 0.500000
0.232895 -0.019105 0.500000
0.257698 0.010210 0.500000
0.441775 -0.012295 0.500000
-0.177979 0.033994 0.500000
-0.331283 0.033072 0.500000
0.197305 0.014513 0.500000
0.347610 -0.015738 0.500000
0.277501 -0.017900 0.500000
0.290529 -0.017524 0.500000
0.472904 -0.011008 0.500000
0.040232 0.024450 0.500000
0.152304 -0.020940 0.500000
-0.407483 -0.017988 0.500000
-0.260976 0.035213 0.500000
0.383219 0.000479 0.500000
0.275850 -0.017947 0.500000
-0.180261 0.034054 0.500000
0.074173 -0.022262 0.500000
-0.466353 -0.017487 0.500000
-0.079975 0.030502 0.500000
-0.103338 -0.023105 0.500000
-0.047353 -0.023227 0.500000
0.049873 -0.022570 0.500000
-0.367416 -0.018122 0.500000
-0.100326 -0.023123 0.500000
0.136885 0.018563 0.500000
-0.394914 0.026581 0.500000
-0.092147 0.031016 0.500000
-0.193263 0.034385 0.500000
0.307772 0.006457 0.500000
-0.292751 -0.019353 0.500000
0.310478 0.006249 0.500000
0.308873 -0.016974 0.500000
0.395678 -0.000546 0.500000
-0.457901 -0.017744 0.500000
-0.132476 0.032567 0.500000
-0.123063 0.032228 0.500000
0.418158 -0.013220 0.500000
0.182328 -0.020309 0.500000
-0.037168 -0.023207 0.500000
-0.491160 -0.000753 0.500000
0.492943 -0.008964 0.500000
0.467781 -0.011225 0.500000
0.454364 -0.011784 0.500000
0.445953 -0.012127 0.500000
-0.111295 0.031783 0.500000
0.047301 0.024047 0.500000
0.411931 -0.001901 0.500000
0.282507 -0.017757 0.500000
-0.102869 0.031453 0.500000
-0.104672 -0.023097 0.500000
0.184550 0.015390 0.500000
0.238860 0.011579 0.500000
0.010593 -0.022953 0.500000
0.356142 0.002670 0.500000
0.247076 -0.018737 0.500000
0.191275 -0.020109 0.500000
0.058955 -0.022461 0.500000
0.229693 0.012236 0.500000
0.132002 0.018879 0.500000
0.041488 0.024379 0.500000
-0.113433 -0.023037 0.500000
0.227097 -0.019252 0.500000
-0.084602 -0.023193 0.500000
0.441310 -0.004402 0.500000
0.170138 0.016367 0.500000
0.139830 0.018372 0.500000
-0.082815 -0.023199 0.500000
0.090144 -0.022031 0.500000
-0.283088 0.034965 0.500000
0.073086 -0.022276 0.500000
-0.096443 0.031193 0.500000
-0.090146 -0.023172 0.500000
-0.025662 -0.023169 0.500000
-0.077506 0.030395 0.500000
-0.314659 -0.018869 0.500000
-0.472217 -0.017201 0.500000
0.150389 0.017681 0.500000
-0.275784 -0.019775 0.500000
-0.060449 0.029634 0.500000
-0.428705 -0.017990 0.500000
-0.391708 -0.018004 0.500000
-0.278154 0.035051 0.500000
0.026030 0.025246 0.500000
-0.304436 0.034383 0.500000
-0.178708 0.034013 0.500000
-0.199738 -0.021754 0.500000
-0.271251 -0.019893 0.500000
-0.459584 -0.017704 0.500000
0.079836 0.022133 0.500000
0.478403 -0.007657 0.500000
-0.020421 0.027707 0.500000
-0.321919 -0.018728 0.500000
-0.489377 -0.015169 0.500000
-0.283637 0.034956 0.500000
0.002372 -0.023014 0.500000
0.359621 0.002391 0.500000
-0.460342 0.012250 0.500000
-0.230825 -0.020977 0.500000
-0.182368 -0.022123 0.500000
-0.104659 -0.023097 0.500000
-0.033187 -0.023195 0.500000
0.105827 0.020539 0.500000
-0.186267 0.034211 0.500000
0.070810 0.022673 0.500000
0.326005 -0.016440 0.500000
0.448279 -0.012032 0.500000
-0.176873 0.033963 0.500000
0.454362 -0.005534 0.500000
0.217411 -0.019493 0.500000
0.416057 -0.002249 0.500000
-0.041870 0.028763 0.500000
0.157994 0.017178 0.500000
-0.315397 0.033933 0.500000
0.458272 -0.005876 0.500000
-0.372065 -0.018089 0.500000
0.161695 -0.020750 0.500000
-0.318244 -0.018798 0.500000
0.091550 -0.022010 0.500000
0.343981 -0.015858 0.500000
-0.188048 0.034257 0.500000
0.307983 0.006441 0.500000
-0.421809 0.021925 0.500000
-0.386026 -0.018020 0.500000
0.063544 -0.022403 0.500000
0.086682 0.021719 0.500000
-0.493202 -0.014077 0.500000
-0.345362 0.032088 0.500000
0.045924 -0.022615 0.500000
0.091196 0.021443 0.500000
0.122072 -0.021508 0.500000
0.380360 0.000713 0.500000
-0.009562 0.027152 0.500000
-0.196679 -0.021824 0.500000
-0.141665 -0.022761 0.500000
-0.141939 -0.022758 0.500000
-0.493184 -0.014084 0.500000
-0.273993 -0.019821 0.500000
-0.154842 -0.022587 0.500000
-0.293288 -0.019340 0.500000
0.317267 0.005726 0.500000
-0.216963 -0.021337 0.500000
0.140559 0.018325 0.500000
0.062256 0.023179 0.500000
-0.039314 0.028640 0.500000
0.081942 -0.022152 0.500000
-0.130975 0.032514 0.500000
0.015129 -0.022917 0.500000
-0.473213 -0.017141 0.500000
0.486477 -0.008380 0.500000
-0.324796 0.033455 0.500000
0.169631 0.016401 0.500000
0.332537 0.004538 0.500000
-0.449971 0.015301 0.500000
0.286806 0.008049 0.500000
0.123411 -0.021484 0.500000
-0.238174 0.035155 0.500000
0.473251 -0.010993 0.500000
-0.343947 0.032195 0.500000
-0.470967 -0.017272 0.500000
-0.478877 -0.016704 0.500000
0.021897 0.025474 0.500000
0.239670 -0.018931 0.500000
-0.180034 0.034048 0.500000
-0.321483 -0.018736 0.500000
0.089817 0.021528 0.500000
0.327576 0.004926 0.500000
-0.403968 -0.017989 0.500000
0.249631 -0.018669 0.500000
0.211256 0.013541 0.500000
0.220714 -0.019411 0.500000
0.303035 -0.017151 0.500000
-0.481256 -0.016460 0.500000
0.315443 0.005867 0.500000
-0.091280 0.030980 0.500000
0.134244 -0.021287 0.500000
0.414869 -0.002148 0.500000
0.376717 -0.014742 0.500000
0.173355 0.016150 0.500000
-0.092862 0.031046 0.500000
-0.344026 -0.018371 0.500000
-0.189143 -0.021986 0.500000
-0.135229 -0.022836 0.500000
0.482062 -0.010615 0.500000
-0.171434 0.033812 0.500000
0.085438 0.021794 0.500000
0.371354 0.001446 0.500000
0.498331 -0.009898 0.500000
0.110756 -0.021703 0.500000
-0.385190 -0.018023 0.500000
0.124091 0.019386 0.500000
0.202069 0.014183 0.500000
-0.342620 -0.018390 0.500000
-0.035232 -0.023202 0.500000
-0.294418 -0.019313 0.500000
0.256635 0.010288 0.500000
-0.117117 -0.023008 0.500000
0.262897 -0.018310 0.500000
0.496527 -0.009978 0.500000
-0.037035 0.028530 0.500000
-0.394456 -0.017998 0.500000
-0.256973 0.035222 0.500000
0.395428 -0.000526 0.500000
0.275089 -0.017969 0.500000
-0.133348 -0.022856 0.500000
-0.140123 -0.022780 0.500000
-0.202456 -0.021692 0.500000
0.104263 -0.021810 0.500000
0.207354 0.013814 0.500000
-0.428717 0.020488 0.500000
-0.375907 0.029108 0.500000
0.461803 -0.011476 0.500000
0.022234 -0.022855 0.500000
-0.402173 -0.017990 0.500000
0.372991 0.001313 0.500000
0.287196 0.008019 0.500000
0.459578 -0.011569 0.500000
0.122246 -0.021505 0.500000
0.443052 -0.012243 0.500000
-0.176978 0.033966 0.500000
0.395867 -0.014054 0.500000
0.098463 -0.021903 0.500000
-0.110800 0.031764 0.500000
-0.315164 0.033944 0.500000
0.061718 0.023211 0.500000
0.415355 -0.002189 0.500000
0.032176 0.024904 0.500000
0.172970 -0.020513 0.500000
0.099102 -0.021893 0.500000
-0.317382 -0.018815 0.500000
-0.245919 -0.020571 0.500000
-0.456561 -0.017772 0.500000
0.402865 -0.013796 0.500000
0.119508 0.019678 0.500000
0.152012 0.017574 0.500000
0.123036 -0.021491 0.500000
-0.452438 0.014611 0.500000
-0.290854 0.034795 0.500000
0.003258 -0.023008 0.500000
0.423165 -0.002850 0.500000
0.040594 0.024430 0.500000
-0.086269 -0.023187 0.500000
0.094659 0.021231 0.500000
-0.107656 -0.023078 0.500000
-0.206009 0.034671 0.500000
-0.474444 0.007322 0.500000
-0.272228 -0.019867 0.500000
-0.330111 -0.018583 0.500000
0.219784 -0.019434 0.500000
0.482115 -0.007989 0.500000
0.477410 -0.007568 0.500000
0.019073 0.025629 0.500000
0.059565 0.023337 0.500000
0.069419 -0.022326 0.500000
-0.392299 -0.018003 0.500000
-0.269614 0.035153 0.500000
-0.112685 -0.023042 0.500000
-0.189779 -0.021973 0.500000
0.151490 0.017609 0.500000
-0.057810 0.029513 0.500000
0.151288 -0.020960 0.500000
0.185842 0.015302 0.500000
0.152993 -0.020926 0.500000
-0.189814 -0.021972 0.500000
0.165908 0.016651 0.500000
-0.092524 -0.023162 0.500000
-0.170798 0.033793 0.500000
-0.058123 0.029527 0.500000
0.291726 -0.017488 0.500000
-0.137691 -0.022808 0.500000
0.130917 -0.021349 0.500000
0.039360 -0.022687 0.500000
0.019470 -0.022880 0.500000
0.183711 -0.020279 0.500000
0.293323 0.007557 0.500000
0.127118 -0.021418 0.500000
-0.349365 0.031765 0.500000
-0.006430 -0.023072 0.500000
0.273189 -0.018023 0.500000
0.487871 -0.010361 0.500000
-0.131384 -0.022876 0.500000
0.281691 -0.017780 0.500000
0.384598 -0.014462 0.500000
0.457791 -0.011643 0.500000
-0.266218 0.035183 0.500000
-0.248414 -0.020504 0.500000
-0.401743 -0.017990 0.500000
-0.465061 0.010717 0.500000
0.045896 0.024128 0.500000
-0.477423 -0.016833 0.500000
-0.481807 0.004216 0.500000
-0.249529 -0.020473 0.500000
0.343327 -0.015880 0.500000
-0.314235 0.033986 0.500000
-0.053808 -0.023234 0.500000
0.113235 -0.021661 0.500000
0.426616 -0.003143 0.500000
0.312507 0.006093 0.500000
0.161352 0.016955 0.500000
0.197619 0.014492 0.500000
0.225620 0.012527 0.500000
-0.086718 0.030789 0.500000
0.319062 -0.016659 0.500000
-0.273851 -0.019825 0.500000
-0.398744 -0.017992 0.500000
-0.358950 0.030912 0.500000
-0.439360 -0.017963 0.500000
-0.199183 -0.021767 0.500000
-0.496703 -0.012257 0.500000
-0.388266 -0.018013 0.500000
-0.007678 -0.023080 0.500000
0.239316 -0.018940 0.500000
-0.075134 0.030291 0.500000
0.413984 -0.013379 0.500000
-0.268508 0.035164 0.500000
0.123711 0.019411 0.500000
0.392983 -0.000323 0.500000
0.317355 -0.016712 0.500000
0.086315 -0.022088 0.500000
0.043298 0.024276 0.500000
0.412731 -0.013426 0.500000
-0.279101 0.035035 0.500000
-0.034457 -0.023199 0.500000
-0.443688 -0.017938 0.500000
0.083606 -0.022128 0.500000
-0.185150 -0.022069 0.500000
-0.089856 0.030921 0.500000
-0.416690 0.022921 0.500000
0.038877 -0.022692 0.500000
0.426196 -0.012910 0.500000
-0.187627 -0.022018 0.500000
0.121310 -0.021521 0.500000
-0.498054 -0.010707 0.500000
-0.104633 0.031523 0.500000
0.427465 -0.003215 0.500000
-0.222729 -0.021189 0.500000
0.185181 -0.020246 0.500000
-0.220221 0.034933 0.500000
0.115221 0.019949 0.500000
-0.292599 0.034750 0.500000
-0.423260 -0.017992 0.500000
-0.481461 0.004373 0.500000
0.275079 -0.017969 0.500000
-0.327438 -0.018629 0.500000
-0.336892 0.032707 0.500000
-0.199229 -0.021766 0.500000
-0.221717 -0.021216 0.500000
0.262580 0.009852 0.500000
0.193060 0.014806 0.500000
0.428927 -0.012803 0.500000
0.162509 0.016878 0.500000
-0.056859 0.029469 0.500000
-0.106412 -0.023086 0.500000
0.485940 -0.010446 0.500000
-0.369902 -0.018103 0.500000
-0.272676 -0.019855 0.500000
0.339491 -0.016006 0.500000
-0.260634 0.035215 0.500000
-0.459727 0.012443 0.500000
0.336020 0.004265 0.500000
0.059935 -0.022449 0.500000
0.437155 -0.012479 0.500000
-0.214209 -0.021407 0.500000
0.379213 -0.014654 0.500000
0.167199 0.016564 0.500000
-0.422328 0.021820 0.500000
-0.290027 0.034817 0.500000
0.474110 -0.010957 0.500000
-0.205953 -0.021609 0.500000
-0.102864 -0.023108 0.500000
0.452272 -0.005352 0.500000
-0.436584 -0.017974 0.500000
-0.300059 0.034534 0.500000
-0.141546 0.032880 0.500000
-0.375613 0.029142 0.500000
-0.390107 -0.018008 0.500000
0.061332 -0.022431 0.500000
0.160243 0.017029 0.500000
0.388433 -0.014325 0.500000
0.495879 -0.010007 0.500000
-0.263445 -0.020099 0.500000
-0.489221 0.000427 0.500000
-0.256198 0.035223 0.500000
0.386616 0.000201 0.500000
0.169437 0.016414 0.500000
0.395856 -0.014055 0.500000
0.312150 0.006121 0.500000
0.426448 -0.003129 0.500000
-0.139735 -0.022784 0.500000
0.343162 -0.015885 0.500000
-0.341182 -0.018410 0.500000
-0.214256 0.034831 0.500000
0.051690 -0.022549 0.500000
0.208982 -0.019697 0.500000
0.402255 -0.013819 0.500000
-0.057496 -0.023236 0.500000
0.447906 -0.004972 0.500000
-0.356815 0.031113 0.500000
0.060023 0.023310 0.500000
0.115901 0.019906 0.500000
-0.359690 0.030842 0.500000
-0.446681 0.016189 0.500000
-0.325737 -0.018659 0.500000
0.222157 0.012773 0.500000
0.417243 -0.013255 0.500000
0.194824 0.014685 0.500000
-0.340024 0.032486 0.500000
-0.367861 -0.018119 0.500000
-0.339202 -0.018439 0.500000
-0.071525 -0.023225 0.500000
-0.214766 -0.021393 0.500000
-0.435475 -0.017978 0.500000
0.132953 0.018817 0.500000
-0.228516 -0.021038 0.500000
0.318002 0.005669 0.500000
-0.442266 0.017328 0.500000
0.339833 -0.015995 0.500000
0.058219 0.023415 0.500000
0.427699 -0.003235 0.500000
-0.183326 0.034136 0.500000
0.394292 -0.014112 0.500000
0.223468 -0.019343 0.500000
-0.353574 0.031405 0.500000
-0.011335 -0.023101 0.500000
0.006420 -0.022985 0.500000
0.354131 0.002831 0.500000
0.443923 -0.012208 0.500000
0.161983 0.016913 0.500000
0.178048 -0.020403 0.500000
-0.166057 -0.022415 0.500000
0.297331 0.007253 0.500000
-0.369099 -0.018109 0.500000
-0.085489 -0.023190 0.500000
-0.433021 -0.017984 0.500000
0.413107 -0.002000 0.500000
-0.441139 -0.017954 0.500000
-0.363132 0.030503 0.500000
0.049929 -0.022569 0.500000
0.356376 -0.015445 0.500000
-0.410048 0.024133 0.500000
-0.423733 0.021536 0.500000
0.395139 -0.000502 0.500000
0.450990 -0.011922 0.500000
0.229941 0.012219 0.500000
0.003569 0.026464 0.500000
0.442119 -0.004472 0.500000
0.463278 -0.006316 0.500000
0.093260 -0.021984 0.500000
-0.211508 0.034781 0.500000
-0.413668 -0.017990 0.500000
0.215029 0.013276 0.500000
0.087334 0.021679 0.500000
0.136529 -0.021245 0.500000
0.268542 -0.018153 0.500000
-0.058581 0.029548 0.500000
0.194618 0.014699 0.500000
0.109384 -0.021726 0.500000
-0.407993 -0.017988 0.500000
0.307825 -0.017006 0.500000
0.418025 -0.013225 0.500000
-0.268281 -0.019970 0.500000
-0.186301 0.034212 0.500000
0.132254 -0.021324 0.500000
0.141890 0.018238 0.500000
-0.369030 -0.018110 0.500000
-0.416728 0.022914 0.500000
0.341356 -0.015945 0.500000
0.140344 0.018339 0.500000
-0.171566 -0.022322 0.500000
-0.176289 0.033947 0.500000
0.124220 0.019378 0.500000
0.081814 0.022014 0.500000
0.146533 -0.021054 0.500000
0.029408 -0.022788 0.500000
-0.401859 0.025509 0.500000
0.074549 -0.022256 0.500000
0.325037 0.005124 0.500000
0.273222 0.009065 0.500000
-0.345840 -0.018347 0.500000
0.243842 0.011219 0.500000
0.119779 -0.021548 0.500000
-0.244046 0.035196 0.500000
-0.027624 -0.023176 0.500000
-0.397062 0.026258 0.500000
0.477239 -0.010823 0.500000
-0.351369 -0.018278 0.500000
0.074735 -0.022254 0.500000
-0.267181 0.035176 0.500000
-0.160638 -0.022501 0.500000
-0.015143 0.027439 0.500000
0.086880 0.021707 0.500000
0.453102 -0.005424 0.500000
-0.389429 -0.018010 0.500000
0.318489 -0.016677 0.500000
-0.023306 -0.023159 0.500000
-0.437724 -0.017970 0.500000
-0.314498 -0.018872 0.500000
-0.236209 0.035139 0.500000
0.165872 0.016653 0.500000
-0.488609 -0.015336 0.500000
-0.466740 -0.017472 0.500000
-0.192573 -0.021914 0.500000
-0.346354 0.032008 0.500000
-0.128670 0.032432 0.500000
-0.006941 -0.023075 0.500000
0.239661 -0.018931 0.500000
-0.446317 0.016285 0.500000
-0.026095 -0.023171 0.500000
-0.066057 0.029888 0.500000
0.298023 -0.017302 0.500000
0.151369 0.017617 0.500000
-0.371147 -0.018095 0.500000
-0.392146 0.026986 0.500000
0.014719 0.025866 0.500000
-0.203967 0.034628 0.500000
0.097887 -0.021912 0.500000
0.151024 -0.020965 0.500000
-0.013646 0.027362 0.500000
-0.172140 0.033832 0.500000
-0.394105 -0.017999 0.500000
0.100255 0.020886 0.500000
-0.140773 0.032854 0.500000
0.180549 0.015663 0.500000
-0.455452 0.013738 0.500000
-0.438325 -0.017968 0.500000
0.013349 -0.022931 0.500000
-0.022173 0.027795 0.500000
0.064224 0.023063 0.500000
0.481537 -0.010637 0.500000
-0.497268 -0.005964 0.500000
0.357468 -0.015408 0.500000
0.220086 -0.019427 0.500000
-0.371896 0.029571 0.500000
0.415878 -0.013307 0.500000
0.490510 -0.010245 0.500000
-0.005079 -0.023064 0.500000
-0.222122 -0.021205 0.500000
0.242894 -0.018847 0.500000
0.426706 -0.003151 0.500000
-0.455396 -0.017795 0.500000
0.223832 -0.019334 0.500000
-0.276847 -0.019747 0.500000
-0.203256 -0.021673 0.500000
-0.002182 0.026767 0.500000
0.002099 0.026542 0.500000
-0.372146 0.029543 0.500000
-0.416482 -0.017991 0.500000
-0.328619 0.033236 0.500000
0.175274 -0.020463 0.500000
-0.195748 0.034444 0.500000
0.187691 0.015175 0.500000
-0.395828 -0.017996 0.500000
0.350120 0.003150 0.500000
0.348452 0.003283 0.500000
0.372005 -0.014908 0.500000
-0.491968 -0.014489 0.500000
-0.496635 -0.005176 0.500000
-0.117929 -0.023001 0.500000
0.159567 0.017074 0.500000
0.037069 -0.022711 0.500000
0.397801 -0.013983 0.500000
-0.454368 0.014056 0.500000
0.470210 -0.006928 0.500000
0.109359 -0.021726 0.500000
-0.013571 0.027358 0.500000
0.424184 -0.012988 0.500000
-0.473253 -0.017138 0.500000
-0.062399 0.029723 0.500000
-0.496077 -0.004576 0.500000
-0.078542 -0.023211 0.500000
0.463396 -0.011410 0.500000
-0.134003 -0.022849 0.500000
-0.035700 -0.023203 0.500000
0.126523 0.019231 0.500000
0.415723 -0.013313 0.500000
-0.007415 -0.023078 0.500000
-0.190798 -0.021952 0.500000
-0.101243 -0.023117 0.500000
0.239041 0.011566 0.500000
0.440617 -0.012341 0.500000
-0.087584 -0.023182 0.500000
0.321788 0.005376 0.500000
-0.264950 0.035191 0.500000
-0.227394 -0.021068 0.500000
0.221934 -0.019381 0.500000
0.063786 0.023089 0.500000
0.051761 0.023790 0.500000
0.312066 -0.016876 0.500000
-0.285456 -0.019530 0.500000
-0.220520 0.034938 0.500000
-0.222816 -0.021187 0.500000
-0.480551 -0.016537 0.500000
-0.416590 0.022940 0.500000
-0.475108 0.007060 0.500000
-0.009398 0.027143 0.500000
-0.338432 0.032599 0.500000
-0.445093 -0.017927 0.500000
-0.007916 0.027067 0.500000
-0.388809 -0.018011 0.500000
-0.032767 0.028321 0.500000
0.368472 0.001679 0.500000
0.161963 -0.020744 0.500000
0.178510 -0.020393 0.500000
-0.334132 -0.018517 0.500000
0.365508 0.001918 0.500000
-0.204240 -0.021650 0.500000
-0.404354 0.025102 0.500000
0.331425 0.004625 0.500000
-0.350826 0.031641 0.500000
-0.238950 0.035161 0.500000
0.113538 -0.021656 0.500000
0.345365 0.003528 0.500000
-0.335278 0.032814 0.500000
-0.490631 -0.000419 0.500000
0.346751 -0.015767 0.500000
0.015278 -0.022916 0.500000
-0.306401 -0.019041 0.500000
0.037279 0.024617 0.500000
0.445002 -0.012165 0.500000
-0.313630 0.034012 0.500000
0.333460 -0.016201 0.500000
0.366839 -0.015087 0.500000
0.006432 -0.022985 0.500000
-0.246107 -0.020566 0.500000
0.483694 -0.010544 0.500000
0.490483 -0.008741 0.500000
0.139263 0.018409 0.500000
-0.433989 -0.017982 0.500000
-0.260065 0.035216 0.500000
0.284504 -0.017699 0.500000
-0.308898 0.034212 0.500000
0.361190 -0.015281 0.500000
0.413542 -0.002037 0.500000
-0.482075 -0.016366 0.500000
-0.424012 -0.017992 0.500000
0.280486 0.008523 0.500000
0.425760 -0.012927 0.500000
-0.386051 -0.018020 0.500000
-0.374340 0.029293 0.500000
0.356973 0.002604 0.500000
0.402956 -0.001151 0.500000
-0.253493 0.035225 0.500000
0.393855 -0.000396 0.500000
0.366090 0.001871 0.500000
0.167085 0.016572 0.500000
0.044329 -0.022633 0.500000
-0.055926 -0.023235 0.500000
0.034564 -0.022737 0.500000
0.325554 0.005083 0.500000
-0.085078 0.030720 0.500000
-0.465351 -0.017526 0.500000
0.331397 0.004627 0.500000
-0.175641 0.033929 0.500000
-0.311541 -0.018932 0.500000
-0.271720 -0.019880 0.500000
0.121969 0.019522 0.500000
0.440021 -0.004291 0.500000
-0.248437 -0.020503 0.500000
-0.103605 0.031482 0.500000
-0.003637 -0.023055 0.500000
0.408774 -0.001637 0.500000
-0.081749 -0.023202 0.500000
-0.001488 0.026731 0.500000
0.083658 0.021902 0.500000
0.049922 0.023897 0.500000
0.375589 -0.014782 0.500000
0.306799 -0.017037 0.500000
0.441363 -0.004406 0.500000
0.187868 -0.020186 0.500000
0.434702 -0.012576 0.500000
-0.125379 -0.022936 0.500000
0.363815 0.002055 0.500000
-0.354453 -0.018243 0.500000
-0.081586 0.030571 0.500000
-0.016570 -0.023128 0.500000
0.168878 0.016452 0.500000
-0.099795 -0.023126 0.500000
-0.055936 0.029426 0.500000
0.287214 -0.017621 0.500000
-0.389195 -0.018010 0.500000
0.309538 0.006321 0.500000
-0.331917 -0.018553 0.500000
0.336343 -0.016108 0.500000
-0.441778 -0.017951 0.500000
-0.291144 0.034788 0.500000
-0.253837 -0.020357 0.500000
0.142399 0.018205 0.500000
-0.277014 -0.019743 0.500000
0.500039 -0.009821 0.500000
0.381912 -0.014558 0.500000
0.114102 0.020020 0.500000
0.070546 0.022689 0.500000
-0.406343 -0.017988 0.500000
0.325821 0.005062 0.500000
-0.149632 0.033148 0.500000
0.210670 -0.019656 0.500000
-0.100754 -0.023120 0.500000
-0.007429 -0.023078 0.500000
-0.478314 0.005750 0.500000
0.389101 -0.000003 0.500000
0.054101 0.023655 0.500000
-0.417074 0.022848 0.500000
0.318314 -0.016682 0.500000
0.413085 -0.013413 0.500000
0.141833 -0.021144 0.500000
-0.480788 0.004676 0.500000
-0.476167 0.006636 0.500000
-0.072560 -0.023224 0.500000
-0.311571 0.034101 0.500000
0.191301 0.014927 0.500000
-0.466145 -0.017496 0.500000
0.091839 -0.022005 0.500000
-0.392122 -0.018003 0.500000
0.365911 -0.015119 0.500000
-0.417761 -0.017991 0.500000
-0.261914 -0.020140 0.500000
-0.312003 -0.018923 0.500000
0.160664 0.017001 0.500000
0.060259 0.023296 0.500000
-0.401764 0.025524 0.500000
-0.490262 -0.000192 0.500000
-0.305907 0.034329 0.500000
-0.333393 0.032939 0.500000
0.269168 0.009365 0.500000
-0.317330 -0.018816 0.500000
-0.398503 -0.017993 0.500000
-0.446714 0.016180 0.500000
0.201820 -0.019866 0.500000
0.374686 0.001175 0.500000
0.003837 -0.023004 0.500000
-0.353480 -0.018254 0.500000
