0.305166 -0.039810 -0.500000
0.136494 0.064152 -0.500000
-0.185213 0.090694 -0.500000
0.274208 0.043133 -0.500000
-0.292316 0.086284 -0.500000
0.397663 0.020814 -0.500000
0.024089 0.077885 -0.500000
-0.143664 0.089971 -0.500000
-0.271263 -0.085031 -0.500000
0.141403 -0.063188 -0.500000
0.373536 0.025438 -0.500000
0.306404 0.037628 -0.500000
0.363075 0.027402 -0.500000
-0.465860 -0.039585 -0.500000
-0.402520 -0.066125 -0.500000
-0.173699 0.090612 -0.500000
0.372223 0.025686 -0.500000
-0.048358 0.084615 -0.500000
0.506863 -0.001867 -0.500000
-0.424941 -0.059275 -0.500000
0.426905 0.015031 -0.500000
0.316428 -0.037992 -0.500000
-0.055485 -0.082355 -0.500000
-0.074746 0.086544 -0.500000
-0.075388 -0.083589 -0.500000
0.201395 -0.055301 -0.500000
-0.049522 -0.081956 -0.500000
0.123722 -0.065352 -0.500000
0.260183 -0.046805 -0.500000
-0.357963 0.077148 -0.500000
-0.439652 0.052710 -0.500000
0.463293 0.007545 -0.500000
-0.423515 0.059412 -0.500000
0.009064 0.079436 -0.500000
-0.263632 -0.085461 -0.500000
0.244114 -0.049200 -0.500000
0.233228 0.049822 -0.500000
-0.181983 -0.087197 -0.500000
-0.080688 0.086934 -0.500000
-0.006409 -0.078692 -0.500000
-0.217498 -0.087025 -0.500000
0.040470 -0.074452 -0.500000
0.460429 0.008146 -0.500000
0.135320 0.064313 -0.500000
0.145178 0.062954 -0.500000
-0.036439 0.083646 -0.500000
-0.148498 0.090110 -0.500000
0.490053 -0.006384 -0.500000
-0.456408 0.043937 -0.500000
-0.102872 -0.085030 -0.500000
-0.061950 0.085647 -0.500000
0.335400 0.032483 -0.500000
0.012765 0.079062 -0.500000
0.250811 0.046995 -0.500000
-0.374605 0.073689 -0.500000
0.339547 0.031732 -0.500000
0.011372 0.079203 -0.500000
-0.309100 0.084531 -0.500000
0.258710 0.045704 -0.500000
0.010954 -0.077202 -0.500000
0.365360 0.026975 -0.500000
-0.463945 -0.040878 -0.500000
0.249553 -0.048396 -0.500000
0.271362 -0.045106 -0.500000
0.390119 -0.025425 -0.500000
0.238199 0.049029 -0.500000
0.229462 -0.051337 -0.500000
0.230008 0.050332 -0.500000
0.295674 -0.041321 -0.500000
0.318883 -0.037592 -0.500000
0.445623 0.011221 -0.500000
0.031503 -0.075314 -0.500000
-0.488527 0.010658 -0.500000
0.072604 0.072387 -0.500000
0.244610 0.048000 -0.500000
0.378209 -0.027537 -0.500000
0.290913 -0.042072 -0.500000
0.161352 -0.060657 -0.500000
-0.367893 -0.073889 -0.500000
0.135390 0.064303 -0.500000
-0.374119 -0.072692 -0.500000
0.284596 -0.043061 -0.500000
0.047607 0.075308 -0.500000
-0.009380 0.081235 -0.500000
-0.201031 0.090659 -0.500000
-0.290936 0.086410 -0.500000
-0.142046 0.089921 -0.500000
-0.127436 0.089396 -0.500000
-0.187154 -0.087221 -0.500000
-0.092989 -0.084546 -0.500000
0.382868 0.023665 -0.500000
-0.268144 -0.085211 -0.500000
0.293629 0.039839 -0.500000
0.129311 0.065130 -0.500000
-0.099040 -0.084846 -0.500000
-0.142488 -0.086511 -0.500000
-0.414272 0.062704 -0.500000
-0.486574 0.015132 -0.500000
-0.057770 -0.082503 -0.500000
-0.056491 -0.082420 -0.500000
0.118047 -0.066030 -0.500000
0.459304 0.008382 -0.500000
-0.407094 -0.064865 -0.500000
0.441496 -0.015941 -0.500000
0.213393 0.052930 -0.500000
-0.212420 0.090520 -0.500000
-0.090319 0.087533 -0.500000
-0.168399 0.090538 -0.500000
0.235094 0.049525 -0.500000
0.182616 -0.057858 -0.500000
0.318883 -0.037592 -0.500000
-0.265327 0.088415 -0.500000
-0.291324 -0.083639 -0.500000
0.157028 0.061289 -0.500000
0.327077 0.033978 -0.500000
0.202231 0.054642 -0.500000
-0.447609 0.048831 -0.500000
-0.087408 -0.084256 -0.500000
0.124584 0.065767 -0.500000
0.485206 0.002875 -0.500000
-0.056205 0.085221 -0.500000
-0.177108 0.090643 -0.500000
0.238150 -0.050075 -0.500000
0.223297 -0.052222 -0.500000
0.065081 -0.071959 -0.500000
-0.479566 -0.027762 -0.500000
0.399917 -0.023664 -0.500000
-0.024243 -0.080121 -0.500000
-0.182838 -0.087204 -0.500000
-0.345691 0.079362 -0.500000
0.221115 -0.052534 -0.500000
-0.202318 0.090648 -0.500000
0.337692 0.032068 -0.500000
0.170667 -0.059444 -0.500000
-0.047598 -0.081823 -0.500000
0.070611 0.072626 -0.500000
0.345884 -0.033110 -0.500000
-0.119325 -0.085733 -0.500000
-0.227041 0.090185 -0.500000
0.332621 -0.035331 -0.500000
-0.407979 -0.064617 -0.500000
0.353837 0.029116 -0.500000
0.434903 0.013413 -0.500000
-0.417636 -0.061706 -0.500000
-0.168592 0.090540 -0.500000
-0.393360 0.069042 -0.500000
-0.060039 -0.082649 -0.500000
0.085698 -0.069740 -0.500000
-0.455060 0.044736 -0.500000
0.003858 0.079956 -0.500000
-0.110640 0.088641 -0.500000
0.472189 0.005664 -0.500000
0.017927 0.078531 -0.500000
-0.407543 0.064898 -0.500000
0.116078 -0.066264 -0.500000
0.267769 0.044207 -0.500000
0.352686 -0.031956 -0.500000
-0.270665 -0.085067 -0.500000
-0.485888 -0.019051 -0.500000
0.185385 0.057173 -0.500000
0.031885 0.077049 -0.500000
0.371758 0.025774 -0.500000
0.481139 0.003751 -0.500000
-0.031831 0.083256 -0.500000
-0.396362 -0.067721 -0.500000
-0.446166 -0.050712 -0.500000
0.316572 -0.037968 -0.500000
0.012113 0.079128 -0.500000
0.058661 -0.072626 -0.500000
0.049905 0.075046 -0.500000
-0.197671 0.090686 -0.500000
-0.490602 0.000957 -0.500000
0.428996 0.014609 -0.500000
-0.297845 -0.083101 -0.500000
-0.330914 0.081689 -0.500000
0.341597 0.031359 -0.500000
0.062330 -0.072247 -0.500000
-0.098321 -0.084811 -0.500000
-0.215859 -0.087054 -0.500000
-0.460560 -0.043029 -0.500000
-0.322365 0.082881 -0.500000
-0.488390 0.011030 -0.500000
0.468530 0.006440 -0.500000
-0.246417 -0.086239 -0.500000
0.034984 0.076712 -0.500000
-0.439348 -0.053749 -0.500000
-0.339671 0.080353 -0.500000
0.052281 0.074776 -0.500000
0.072099 -0.071218 -0.500000
0.005900 -0.077646 -0.500000
0.471808 0.005745 -0.500000
-0.413960 0.062810 -0.500000
0.290007 -0.042214 -0.500000
0.457921 -0.012775 -0.500000
0.374742 0.025210 -0.500000
-0.250043 -0.086097 -0.500000
-0.387870 0.070495 -0.500000
-0.326647 -0.080137 -0.500000
0.050660 -0.073441 -0.500000
-0.480449 0.024317 -0.500000
0.080562 0.071420 -0.500000
0.372248 0.025681 -0.500000
-0.408167 -0.064564 -0.500000
0.097675 0.069282 -0.500000
0.277860 -0.044107 -0.500000
-0.153330 -0.086787 -0.500000
-0.389772 0.069998 -0.500000
-0.167192 -0.087042 -0.500000
-0.457170 0.043478 -0.500000
-0.216405 -0.087044 -0.500000
-0.274881 0.087754 -0.500000
0.085605 -0.069750 -0.500000
0.508265 -0.002640 -0.500000
0.077245 -0.070665 -0.500000
-0.441975 -0.052617 -0.500000
0.296620 0.039324 -0.500000
0.091056 -0.069144 -0.500000
-0.486128 0.015985 -0.500000
0.298682 0.038968 -0.500000
0.124660 0.065757 -0.500000
-0.206583 -0.087166 -0.500000
-0.025614 -0.080225 -0.500000
-0.430789 0.056559 -0.500000
0.031152 -0.075348 -0.500000
0.154848 0.061598 -0.500000
0.309563 -0.039103 -0.500000
0.130534 0.064964 -0.500000
0.356282 -0.031342 -0.500000
-0.421347 -0.060497 -0.500000
-0.485450 -0.019811 -0.500000
0.168891 -0.059676 -0.500000
-0.324628 -0.080381 -0.500000
-0.295162 -0.083328 -0.500000
0.126335 0.065531 -0.500000
0.139612 -0.063411 -0.500000
-0.048678 0.084640 -0.500000
0.290150 0.040435 -0.500000
-0.249424 -0.086121 -0.500000
-0.399947 -0.066806 -0.500000
-0.482740 0.021365 -0.500000
-0.330327 -0.079685 -0.500000
-0.122476 0.089188 -0.500000
0.482497 -0.007911 -0.500000
0.156470 0.061369 -0.500000
0.043369 0.075784 -0.500000
0.390638 -0.025332 -0.500000
-0.032895 -0.080773 -0.500000
0.176890 -0.058621 -0.500000
0.502305 -0.003876 -0.500000
0.273092 0.043320 -0.500000
-0.097028 -0.084749 -0.500000
0.204568 0.054286 -0.500000
-0.407490 0.064914 -0.500000
0.473605 0.005363 -0.500000
0.341852 0.031313 -0.500000
0.057500 0.074174 -0.500000
-0.399093 -0.067025 -0.500000
0.181098 -0.058061 -0.500000
-0.412874 -0.063182 -0.500000
0.503796 -0.003567 -0.500000
-0.090302 -0.084408 -0.500000
-0.224576 0.090252 -0.500000
-0.417254 0.061679 -0.500000
0.299038 0.038907 -0.500000
-0.452329 0.046296 -0.500000
0.104772 0.068374 -0.500000
-0.151897 -0.086752 -0.500000
-0.295066 0.086018 -0.500000
-0.208628 0.090576 -0.500000
0.054492 0.074521 -0.500000
-0.361167 -0.075099 -0.500000
-0.342030 -0.078117 -0.500000
0.270632 0.043731 -0.500000
0.109912 0.067707 -0.500000
0.192586 -0.056510 -0.500000
0.234411 0.049633 -0.500000
-0.443339 0.050969 -0.500000
-0.426538 0.058256 -0.500000
-0.377458 0.073036 -0.500000
-0.065896 0.085932 -0.500000
0.175166 0.058677 -0.500000
0.336570 0.032271 -0.500000
0.360255 -0.030660 -0.500000
-0.124847 0.089287 -0.500000
0.364297 -0.029963 -0.500000
-0.151306 0.090188 -0.500000
0.343455 -0.033519 -0.500000
-0.169349 -0.087074 -0.500000
0.115691 0.066949 -0.500000
0.438647 -0.016483 -0.500000
-0.077437 -0.083705 -0.500000
-0.148582 -0.086672 -0.500000
-0.393381 0.069037 -0.500000
0.266893 0.044353 -0.500000
-0.490554 -0.004296 -0.500000
0.363049 0.027407 -0.500000
-0.336813 0.080802 -0.500000
-0.120635 -0.085784 -0.500000
-0.101165 0.088150 -0.500000
0.292649 0.040007 -0.500000
-0.363590 0.076043 -0.500000
0.445115 -0.015249 -0.500000
0.168346 0.059668 -0.500000
-0.363361 0.076090 -0.500000
-0.038406 0.083810 -0.500000
0.073817 -0.071033 -0.500000
-0.490663 -0.002425 -0.500000
-0.295654 -0.083287 -0.500000
0.283027 0.041647 -0.500000
0.131476 0.064836 -0.500000
0.489705 0.001900 -0.500000
-0.110109 -0.085355 -0.500000
0.196484 0.055512 -0.500000
0.061728 -0.072310 -0.500000
-0.286876 0.086780 -0.500000
-0.146544 -0.086623 -0.500000
0.085853 -0.069723 -0.500000
0.503972 -0.001227 -0.500000
0.221943 -0.052415 -0.500000
0.473086 -0.009793 -0.500000
-0.178838 -0.087175 -0.500000
-0.413414 0.062995 -0.500000
-0.109770 0.088598 -0.500000
-0.181186 -0.087192 -0.500000
0.197175 0.055408 -0.500000
0.352703 0.029326 -0.500000
0.241629 -0.049566 -0.500000
-0.406635 0.065181 -0.500000
-0.122665 -0.085862 -0.500000
-0.171127 0.090576 -0.500000
0.300727 -0.040519 -0.500000
0.234390 0.049637 -0.500000
0.076474 0.071919 -0.500000
0.194690 -0.056223 -0.500000
-0.199101 -0.087217 -0.500000
0.445922 0.011160 -0.500000
0.050892 0.074934 -0.500000
-0.212903 0.090512 -0.500000
-0.099536 -0.084869 -0.500000
-0.361283 -0.075078 -0.500000
-0.016383 0.081886 -0.500000
-0.219225 0.090385 -0.500000
-0.228208 0.090153 -0.500000
0.235848 0.049405 -0.500000
-0.318143 0.083432 -0.500000
-0.019900 0.082206 -0.500000
0.235139 0.049518 -0.500000
0.420237 0.016367 -0.500000
0.311168 -0.038844 -0.500000
-0.482148 0.022167 -0.500000
-0.381640 0.072046 -0.500000
-0.129959 0.089493 -0.500000
0.380727 0.024074 -0.500000
0.297209 0.039223 -0.500000
-0.109314 0.088575 -0.500000
-0.211805 0.090529 -0.500000
-0.133617 -0.086244 -0.500000
0.174776 0.058734 -0.500000
0.303771 -0.040033 -0.500000
0.054724 0.074494 -0.500000
0.379355 -0.027335 -0.500000
-0.031398 -0.080662 -0.500000
-0.226513 -0.086845 -0.500000
0.103417 -0.067742 -0.500000
-0.370220 0.074655 -0.500000
-0.066944 0.086005 -0.500000
-0.290113 0.086486 -0.500000
-0.179154 0.090660 -0.500000
0.244827 -0.049095 -0.500000
-0.423693 0.059345 -0.500000
-0.303684 -0.082580 -0.500000
0.092812 -0.068948 -0.500000
-0.349295 0.078739 -0.500000
0.288060 -0.042520 -0.500000
-0.222641 0.090305 -0.500000
-0.004897 0.080810 -0.500000
-0.012110 -0.079161 -0.500000
0.383412 0.023561 -0.500000
-0.421939 -0.060299 -0.500000
-0.440504 -0.053258 -0.500000
-0.353689 0.077950 -0.500000
0.119137 -0.065900 -0.500000
0.336389 0.032304 -0.500000
0.170312 0.059384 -0.500000
-0.467004 0.036853 -0.500000
-0.226747 0.090193 -0.500000
-0.111388 -0.085408 -0.500000
0.162666 -0.060487 -0.500000
0.405059 0.019371 -0.500000
0.119597 0.066432 -0.500000
0.091452 0.070069 -0.500000
0.368728 -0.029195 -0.500000
0.014409 0.078892 -0.500000
-0.087764 0.087378 -0.500000
-0.323458 -0.080516 -0.500000
-0.449470 -0.049120 -0.500000
-0.224736 -0.086886 -0.500000
0.241265 -0.049619 -0.500000
0.010413 -0.077249 -0.500000
0.394424 0.021443 -0.500000
0.026934 -0.075745 -0.500000
-0.404513 -0.065583 -0.500000
0.106353 0.068169 -0.500000
0.064008 -0.072072 -0.500000
0.083768 0.071026 -0.500000
-0.474378 -0.032919 -0.500000
-0.083467 0.087113 -0.500000
0.248286 -0.048583 -0.500000
0.447309 0.010874 -0.500000
-0.438675 0.053158 -0.500000
-0.326772 -0.080122 -0.500000
-0.084505 -0.084100 -0.500000
0.056216 0.074322 -0.500000
0.301948 0.038403 -0.500000
-0.237212 0.089847 -0.500000
-0.428326 0.057553 -0.500000
-0.355276 -0.076094 -0.500000
-0.341600 -0.078177 -0.500000
0.174903 -0.058885 -0.500000
0.490820 0.001658 -0.500000
0.026106 -0.075822 -0.500000
-0.154240 -0.086806 -0.500000
-0.166676 0.090513 -0.500000
0.125457 -0.065143 -0.500000
-0.276855 -0.084684 -0.500000
0.271155 -0.045138 -0.500000
-0.400988 0.066888 -0.500000
-0.117435 0.088964 -0.500000
0.278032 0.042490 -0.500000
0.302380 0.038328 -0.500000
-0.230264 -0.086759 -0.500000
-0.357581 -0.075710 -0.500000
0.224666 -0.052026 -0.500000
0.098777 -0.068273 -0.500000
0.093210 0.069848 -0.500000
-0.221006 -0.086962 -0.500000
0.271573 0.043573 -0.500000
-0.364371 -0.074533 -0.500000
-0.148646 -0.086673 -0.500000
0.104619 -0.067603 -0.500000
-0.133713 0.089635 -0.500000
-0.325109 -0.080324 -0.500000
-0.336631 -0.078863 -0.500000
-0.425002 -0.059254 -0.500000
0.184835 -0.057559 -0.500000
-0.049642 0.084717 -0.500000
-0.453286 -0.047165 -0.500000
0.032248 -0.075243 -0.500000
0.071870 0.072475 -0.500000
0.115128 0.067023 -0.500000
-0.129202 0.089465 -0.500000
-0.034875 -0.080919 -0.500000
0.055680 -0.072932 -0.500000
0.130819 0.064926 -0.500000
-0.398685 0.067556 -0.500000
-0.284677 0.086967 -0.500000
-0.388149 0.070422 -0.500000
-0.084539 -0.084101 -0.500000
0.048943 0.075156 -0.500000
0.395100 -0.024532 -0.500000
-0.461073 -0.042712 -0.500000
-0.166764 -0.087035 -0.500000
0.107428 -0.067278 -0.500000
0.145668 0.062885 -0.500000
0.322272 -0.037038 -0.500000
-0.342804 -0.078008 -0.500000
0.085039 0.070869 -0.500000
-0.258709 0.088820 -0.500000
-0.484841 -0.020811 -0.500000
-0.109141 0.088567 -0.500000
0.470300 -0.010345 -0.500000
0.463411 0.007520 -0.500000
0.271631 -0.045065 -0.500000
0.284265 0.041437 -0.500000
0.488368 -0.006726 -0.500000
-0.329020 0.081966 -0.500000
-0.343349 0.079756 -0.500000
-0.263859 -0.085449 -0.500000
-0.381167 -0.071241 -0.500000
-0.432891 0.055686 -0.500000
-0.385923 -0.070197 -0.500000
-0.191242 0.090705 -0.500000
0.303865 0.038070 -0.500000
0.335750 0.032419 -0.500000
0.300906 -0.040490 -0.500000
-0.293129 -0.083497 -0.500000
0.120546 0.066306 -0.500000
-0.175106 -0.087142 -0.500000
-0.229996 -0.086765 -0.500000
0.469560 0.006222 -0.500000
-0.131384 -0.086173 -0.500000
-0.486287 -0.018325 -0.500000
-0.474667 0.030440 -0.500000
-0.120445 -0.085776 -0.500000
0.442207 0.011923 -0.500000
0.083875 -0.069941 -0.500000
-0.333699 -0.079254 -0.500000
0.098509 -0.068304 -0.500000
-0.132060 -0.086195 -0.500000
0.423554 0.015704 -0.500000
0.476396 -0.009134 -0.500000
0.298167 0.039057 -0.500000
0.125342 -0.065157 -0.500000
-0.104768 0.088344 -0.500000
-0.055278 0.085150 -0.500000
0.331474 -0.035521 -0.500000
-0.157250 0.090331 -0.500000
0.391319 0.022043 -0.500000
-0.342267 -0.078083 -0.500000
-0.096579 0.087896 -0.500000
0.090604 0.070175 -0.500000
0.472931 -0.009823 -0.500000
-0.090676 -0.084428 -0.500000
-0.199311 0.090675 -0.500000
0.310520 0.036909 -0.500000
-0.245624 0.089495 -0.500000
0.083034 0.071116 -0.500000
-0.432854 0.055702 -0.500000
0.174234 -0.058973 -0.500000
-0.470785 0.033868 -0.500000
-0.237741 0.089826 -0.500000
0.298412 0.039015 -0.500000
-0.051392 -0.082081 -0.500000
-0.404888 0.065721 -0.500000
-0.261319 0.088667 -0.500000
-0.323320 0.082755 -0.500000
-0.100708 0.088126 -0.500000
-0.038591 0.083825 -0.500000
0.327589 -0.036164 -0.500000
0.228254 -0.051511 -0.500000
0.088102 0.070488 -0.500000
-0.440806 0.052177 -0.500000
-0.164294 0.090471 -0.500000
-0.389865 -0.069294 -0.500000
-0.327619 -0.080019 -0.500000
0.362420 0.027524 -0.500000
-0.231138 -0.086734 -0.500000
-0.359430 -0.075400 -0.500000
-0.334971 0.081085 -0.500000
0.412353 -0.021397 -0.500000
0.114776 -0.066417 -0.500000
0.059023 -0.072589 -0.500000
-0.170309 0.090564 -0.500000
-0.044548 -0.081612 -0.500000
0.363917 -0.030029 -0.500000
-0.248340 0.089370 -0.500000
-0.414892 -0.062566 -0.500000
0.126149 0.065556 -0.500000
0.121751 0.066145 -0.500000
0.202528 0.054597 -0.500000
0.451512 0.010005 -0.500000
0.505183 -0.003280 -0.500000
-0.053398 0.085007 -0.500000
0.332154 0.033067 -0.500000
-0.310998 -0.081871 -0.500000
-0.482061 0.022283 -0.500000
-0.039184 -0.081232 -0.500000
0.431656 0.014072 -0.500000
0.492325 0.001330 -0.500000
-0.021746 0.082371 -0.500000
0.054377 -0.073064 -0.500000
0.285759 0.041183 -0.500000
-0.097225 -0.084758 -0.500000
0.077570 -0.070630 -0.500000
0.212533 0.053063 -0.500000
0.191526 -0.056654 -0.500000
0.000095 -0.078146 -0.500000
0.146136 0.062820 -0.500000
0.254579 0.046381 -0.500000
0.306380 0.037633 -0.500000
-0.234070 -0.086651 -0.500000
0.116691 0.066817 -0.500000
-0.458782 0.042482 -0.500000
0.328570 0.033711 -0.500000
-0.085431 0.087236 -0.500000
0.066807 -0.071778 -0.500000
0.474858 -0.009440 -0.500000
-0.039949 -0.081286 -0.500000
0.218737 -0.052872 -0.500000
-0.230782 0.090070 -0.500000
0.171180 0.059258 -0.500000
-0.274527 0.087779 -0.500000
-0.415821 -0.062280 -0.500000
-0.006561 -0.078705 -0.500000
-0.213150 -0.087090 -0.500000
0.169807 0.059457 -0.500000
0.342966 0.031110 -0.500000
0.179966 -0.058212 -0.500000
-0.312754 -0.081690 -0.500000
0.402030 0.019963 -0.500000
-0.323555 -0.080505 -0.500000
-0.287371 0.086737 -0.500000
0.051400 -0.073367 -0.500000
-0.082486 0.087050 -0.500000
-0.189958 -0.087228 -0.500000
-0.447652 0.048809 -0.500000
0.136065 0.064211 -0.500000
0.072644 -0.071160 -0.500000
0.281767 0.041860 -0.500000
-0.480308 0.024487 -0.500000
-0.080328 0.086911 -0.500000
0.163215 0.060407 -0.500000
0.482227 -0.007966 -0.500000
0.067992 0.072939 -0.500000
0.501025 -0.004139 -0.500000
0.329919 -0.035779 -0.500000
-0.242617 0.089632 -0.500000
0.039649 0.076199 -0.500000
-0.197828 0.090686 -0.500000
-0.311996 0.084188 -0.500000
0.379479 0.024311 -0.500000
-0.298344 0.085695 -0.500000
-0.477791 0.027322 -0.500000
0.454836 -0.013375 -0.500000
0.482321 -0.007947 -0.500000
-0.444123 0.050588 -0.500000
-0.293838 -0.083441 -0.500000
0.289729 0.040506 -0.500000
-0.401613 0.066704 -0.500000
0.191348 -0.056679 -0.500000
0.283082 -0.043297 -0.500000
0.502602 -0.000924 -0.500000
0.234738 0.049581 -0.500000
0.406152 0.019156 -0.500000
-0.102519 -0.085013 -0.500000
0.430792 -0.017968 -0.500000
0.219262 0.052019 -0.500000
0.239850 0.048765 -0.500000
-0.072866 0.086417 -0.500000
-0.243624 0.089587 -0.500000
0.390520 -0.025353 -0.500000
-0.196179 0.090691 -0.500000
-0.176514 0.090637 -0.500000
0.006121 -0.077627 -0.500000
0.158205 0.061122 -0.500000
-0.135191 -0.086294 -0.500000
0.449544 0.010412 -0.500000
-0.187631 -0.087222 -0.500000
0.090545 -0.069202 -0.500000
0.236708 0.049268 -0.500000
0.232986 -0.050827 -0.500000
0.155868 -0.061362 -0.500000
-0.414159 0.062742 -0.500000
0.220230 -0.052660 -0.500000
0.282192 0.041788 -0.500000
-0.462348 -0.041913 -0.500000
0.195206 -0.056152 -0.500000
-0.320171 0.083172 -0.500000
0.090430 -0.069214 -0.500000
0.390703 -0.025321 -0.500000
0.062666 0.073570 -0.500000
-0.315456 -0.081410 -0.500000
0.299104 -0.040777 -0.500000
-0.002707 -0.078382 -0.500000
0.492773 0.001233 -0.500000
-0.045766 -0.081696 -0.500000
-0.216019 0.090452 -0.500000
-0.228459 -0.086800 -0.500000
0.364272 0.027179 -0.500000
0.480269 0.003938 -0.500000
0.403587 -0.022998 -0.500000
0.241305 0.048531 -0.500000
0.440799 0.012211 -0.500000
-0.116381 0.088915 -0.500000
-0.308721 -0.082098 -0.500000
-0.224338 0.090259 -0.500000
0.087944 -0.069492 -0.500000
0.231838 -0.050994 -0.500000
-0.490581 0.001247 -0.500000
0.055876 -0.072912 -0.500000
0.044984 0.075603 -0.500000
0.322868 -0.036940 -0.500000
0.349607 -0.032479 -0.500000
-0.342189 -0.078094 -0.500000
-0.166380 0.090509 -0.500000
-0.475412 0.029730 -0.500000
0.215007 -0.053400 -0.500000
-0.413156 0.063080 -0.500000
0.181295 0.057778 -0.500000
0.063174 -0.072159 -0.500000
0.031989 -0.075268 -0.500000
0.192492 -0.056523 -0.500000
-0.066622 0.085983 -0.500000
-0.252897 0.089140 -0.500000
0.045152 -0.073991 -0.500000
-0.005808 0.080898 -0.500000
0.313494 0.036386 -0.500000
-0.097747 -0.084783 -0.500000
-0.085083 -0.084131 -0.500000
0.122824 -0.065460 -0.500000
-0.463777 -0.040990 -0.500000
-0.123467 -0.085893 -0.500000
0.490504 0.001727 -0.500000
-0.479708 -0.027604 -0.500000
0.344823 -0.033289 -0.500000
0.031985 -0.075269 -0.500000
-0.114847 0.088845 -0.500000
0.363045 -0.030179 -0.500000
0.175638 -0.058787 -0.500000
-0.295525 -0.083298 -0.500000
0.428625 0.014684 -0.500000
0.241360 0.048523 -0.500000
-0.127603 -0.086041 -0.500000
0.165738 0.060045 -0.500000
-0.385195 0.071172 -0.500000
-0.393784 0.068928 -0.500000
-0.151595 0.090195 -0.500000
-0.295028 0.086021 -0.500000
0.277641 -0.044140 -0.500000
0.391233 0.022060 -0.500000
-0.116010 -0.085602 -0.500000
-0.257758 0.088876 -0.500000
-0.143154 -0.086530 -0.500000
-0.123147 0.089216 -0.500000
-0.389136 0.070165 -0.500000
-0.324503 0.082597 -0.500000
-0.296582 -0.083208 -0.500000
-0.388202 -0.069681 -0.500000
-0.480372 -0.026846 -0.500000
0.411923 0.018019 -0.500000
-0.355770 -0.076014 -0.500000
0.332356 -0.035375 -0.500000
0.117463 -0.066100 -0.500000
-0.473948 -0.033300 -0.500000
0.271883 -0.045026 -0.500000
0.203104 0.054509 -0.500000
0.371063 -0.028788 -0.500000
0.405155 0.019352 -0.500000
0.282989 -0.043311 -0.500000
0.335110 0.032535 -0.500000
-0.292978 -0.083509 -0.500000
0.050025 0.075033 -0.500000
0.410204 -0.021791 -0.500000
-0.096292 -0.084713 -0.500000
-0.479273 0.025694 -0.500000
0.479566 -0.008500 -0.500000
-0.271678 -0.085005 -0.500000
0.322684 -0.036970 -0.500000
-0.271189 -0.085035 -0.500000
-0.340130 -0.078384 -0.500000
-0.454072 -0.046746 -0.500000
0.371038 -0.028793 -0.500000
-0.374815 0.073641 -0.500000
0.163906 -0.060326 -0.500000
-0.345696 -0.077584 -0.500000
-0.398375 0.067645 -0.500000
0.200942 0.054838 -0.500000
0.076569 -0.070737 -0.500000
-0.478940 0.026069 -0.500000
-0.379627 0.072526 -0.500000
0.346329 0.030496 -0.500000
-0.079925 -0.083846 -0.500000
0.107717 0.067992 -0.500000
-0.195177 0.090694 -0.500000
0.354449 -0.031655 -0.500000
-0.334777 -0.079113 -0.500000
0.288605 -0.042434 -0.500000
-0.020547 0.082264 -0.500000
-0.451789 0.046598 -0.500000
-0.110538 -0.085373 -0.500000
0.127291 -0.064921 -0.500000
-0.148705 0.090116 -0.500000
0.095174 0.069600 -0.500000
0.111793 0.067461 -0.500000
-0.124071 0.089255 -0.500000
0.069054 -0.071541 -0.500000
0.293235 0.039906 -0.500000
0.117282 -0.066121 -0.500000
-0.416278 0.062019 -0.500000
-0.429246 -0.057734 -0.500000
-0.166172 -0.087026 -0.500000
0.207001 -0.054523 -0.500000
0.289664 0.040518 -0.500000
-0.214508 0.090484 -0.500000
0.459824 0.008273 -0.500000
-0.481480 -0.025513 -0.500000
0.149438 0.062359 -0.500000
0.128391 0.065255 -0.500000
0.278972 0.042332 -0.500000
-0.065189 -0.082974 -0.500000
-0.166359 0.090509 -0.500000
0.026297 -0.075805 -0.500000
0.467766 0.006602 -0.500000
-0.290827 0.086420 -0.500000
-0.107456 -0.085236 -0.500000
-0.490667 -0.000430 -0.500000
-0.371728 0.074326 -0.500000
0.338649 0.031895 -0.500000
0.246137 0.047753 -0.500000
0.211719 -0.053863 -0.500000
0.393275 -0.024860 -0.500000
0.406720 -0.022428 -0.500000
-0.154408 0.090263 -0.500000
-0.336486 -0.078883 -0.500000
0.295081 0.039589 -0.500000
0.149491 -0.062173 -0.500000
0.081851 -0.070163 -0.500000
0.080016 -0.070363 -0.500000
0.300327 0.038684 -0.500000
-0.204030 -0.087185 -0.500000
-0.155874 -0.086839 -0.500000
0.273505 -0.044777 -0.500000
-0.413340 -0.063042 -0.500000
-0.480580 0.024158 -0.500000
0.051476 0.074867 -0.500000
0.126987 -0.064958 -0.500000
-0.308948 0.084548 -0.500000
-0.208987 -0.087142 -0.500000
-0.293147 0.086206 -0.500000
0.056905 0.074242 -0.500000
0.213733 0.052878 -0.500000
0.451898 -0.013944 -0.500000
-0.443173 0.051049 -0.500000
-0.257694 0.088880 -0.500000
-0.385125 -0.070377 -0.500000
0.327897 0.033831 -0.500000
-0.102466 0.088220 -0.500000
0.109497 0.067761 -0.500000
-0.051884 0.084891 -0.500000
0.326448 -0.036352 -0.500000
-0.017431 0.081982 -0.500000
-0.139951 -0.086440 -0.500000
0.301190 0.038535 -0.500000
-0.091834 0.087624 -0.500000
0.388222 -0.025763 -0.500000
-0.293956 0.086127 -0.500000
0.385605 0.023142 -0.500000
-0.296517 0.085875 -0.500000
0.362501 0.027509 -0.500000
-0.057299 -0.082472 -0.500000
-0.086308 -0.084197 -0.500000
0.484265 -0.007556 -0.500000
0.487828 0.002308 -0.500000
0.044165 0.075695 -0.500000
0.102611 -0.067835 -0.500000
-0.006673 0.080979 -0.500000
-0.402482 -0.066135 -0.500000
0.363954 0.027238 -0.500000
0.059634 -0.072526 -0.500000
-0.222642 -0.086933 -0.500000
0.190200 -0.056835 -0.500000
0.413982 -0.021097 -0.500000
0.066952 0.073063 -0.500000
-0.468165 0.035967 -0.500000
-0.254787 -0.085890 -0.500000
-0.058867 0.085420 -0.500000
0.359985 0.027978 -0.500000
-0.171058 -0.087094 -0.500000
0.313527 -0.038462 -0.500000
-0.475373 -0.032015 -0.500000
-0.123340 -0.085888 -0.500000
0.482940 -0.007822 -0.500000
-0.086937 -0.084231 -0.500000
0.324095 0.034510 -0.500000
0.374287 -0.028225 -0.500000
-0.386191 -0.070137 -0.500000
0.466464 -0.011102 -0.500000
0.136707 -0.063770 -0.500000
-0.301222 0.085394 -0.500000
0.484549 -0.007498 -0.500000
-0.200130 -0.087214 -0.500000
0.096995 -0.068476 -0.500000
-0.254936 0.089033 -0.500000
-0.238486 -0.086519 -0.500000
0.250343 0.047072 -0.500000
-0.319870 -0.080928 -0.500000
-0.443723 0.050782 -0.500000
-0.425558 0.058636 -0.500000
0.071356 -0.071296 -0.500000
-0.412629 -0.063255 -0.500000
0.435326 -0.017113 -0.500000
0.391523 0.022004 -0.500000
0.217841 -0.052999 -0.500000
-0.329608 0.081881 -0.500000
-0.409731 0.064201 -0.500000
-0.305160 0.084972 -0.500000
-0.319914 0.083207 -0.500000
0.433861 -0.017390 -0.500000
0.417326 -0.020480 -0.500000
0.220028 0.051900 -0.500000
0.210127 0.053434 -0.500000
0.118581 0.066567 -0.500000
-0.305361 0.084949 -0.500000
0.479007 0.004209 -0.500000
0.497259 -0.004914 -0.500000
-0.153554 0.090242 -0.500000
-0.369207 0.074871 -0.500000
-0.086382 0.087294 -0.500000
0.022825 0.078017 -0.500000
-0.319997 -0.080914 -0.500000
-0.414720 -0.062619 -0.500000
0.301723 -0.040360 -0.500000
0.313229 -0.038511 -0.500000
-0.308253 -0.082143 -0.500000
-0.014708 -0.079369 -0.500000
-0.103707 -0.085067 -0.500000
-0.475771 -0.031641 -0.500000
-0.308631 -0.082107 -0.500000
0.085294 0.070837 -0.500000
-0.148015 0.090097 -0.500000
0.275588 -0.044457 -0.500000
0.465624 -0.011268 -0.500000
-0.267783 0.088254 -0.500000
-0.481747 0.022693 -0.500000
-0.370739 -0.073353 -0.500000
0.352172 -0.032043 -0.500000
-0.227922 -0.086813 -0.500000
0.196498 -0.055975 -0.500000
0.014723 0.078860 -0.500000
0.336721 -0.034648 -0.500000
0.506424 -0.003023 -0.500000
0.489985 -0.006398 -0.500000
-0.477179 0.027963 -0.500000
-0.081544 0.086989 -0.500000
-0.348633 -0.077143 -0.500000
-0.077150 -0.083689 -0.500000
-0.448940 -0.049382 -0.500000
-0.028988 0.083010 -0.500000
0.018181 0.078504 -0.500000
-0.424070 0.059202 -0.500000
0.159691 0.060910 -0.500000
0.049109 0.075137 -0.500000
0.400195 0.020322 -0.500000
0.241053 0.048572 -0.500000
-0.173446 0.090608 -0.500000
0.035374 -0.074945 -0.500000
-0.107327 -0.085231 -0.500000
0.340715 -0.033980 -0.500000
-0.274789 -0.084814 -0.500000
0.459321 0.008378 -0.500000
0.447574 -0.014777 -0.500000
0.020669 -0.076325 -0.500000
-0.051335 -0.082077 -0.500000
0.343590 -0.033497 -0.500000
-0.316009 -0.081349 -0.500000
-0.474358 -0.032936 -0.500000
0.056146 -0.072885 -0.500000
-0.462113 -0.042061 -0.500000
-0.473109 -0.034027 -0.500000
0.159201 0.060980 -0.500000
0.488868 -0.006625 -0.500000
0.405651 -0.022623 -0.500000
0.089031 0.070372 -0.500000
0.346674 0.030433 -0.500000
0.389485 0.022396 -0.500000
-0.003684 0.080692 -0.500000
-0.274039 -0.084860 -0.500000
-0.066536 -0.083057 -0.500000
0.282679 -0.043359 -0.500000
0.501724 -0.003995 -0.500000
0.466487 0.006872 -0.500000
-0.243341 -0.086355 -0.500000
-0.343797 0.079681 -0.500000
0.079614 -0.070407 -0.500000
-0.083558 -0.084048 -0.500000
0.147306 0.062658 -0.500000
0.239377 0.048841 -0.500000
0.304923 0.037886 -0.500000
0.414277 0.017553 -0.500000
0.336531 0.032278 -0.500000
-0.002437 0.080572 -0.500000
-0.449641 -0.049035 -0.500000
0.102385 -0.067861 -0.500000
-0.010264 -0.079010 -0.500000
-0.457617 -0.044774 -0.500000
-0.182540 0.090686 -0.500000
-0.103460 0.088274 -0.500000
0.370248 0.026058 -0.500000
-0.070824 -0.083318 -0.500000
0.200904 -0.055369 -0.500000
-0.122408 0.089185 -0.500000
-0.247180 -0.086209 -0.500000
-0.199752 -0.087215 -0.500000
0.354893 -0.031580 -0.500000
-0.475958 0.029197 -0.500000
-0.367074 0.075326 -0.500000
-0.477506 -0.029948 -0.500000
-0.277584 -0.084635 -0.500000
0.221742 -0.052444 -0.500000
0.081769 0.071272 -0.500000
0.503651 -0.003597 -0.500000
-0.367952 -0.073878 -0.500000
-0.021089 -0.079875 -0.500000
-0.049623 -0.081962 -0.500000
-0.435059 0.054762 -0.500000
0.195771 -0.056075 -0.500000
0.322323 0.034826 -0.500000
-0.400138 0.067139 -0.500000
-0.159874 -0.086920 -0.500000
-0.271566 0.087992 -0.500000
0.197902 -0.055783 -0.500000
0.284361 0.041421 -0.500000
0.205747 0.054106 -0.500000
-0.250353 -0.086085 -0.500000
0.479717 0.004057 -0.500000
-0.395856 -0.067847 -0.500000
0.232887 0.049876 -0.500000
0.182101 0.057659 -0.500000
0.158740 0.061046 -0.500000
-0.171999 0.090588 -0.500000
-0.026931 -0.080325 -0.500000
0.356826 -0.031249 -0.500000
-0.009091 0.081208 -0.500000
0.383521 -0.026599 -0.500000
0.444596 0.011432 -0.500000
0.281040 -0.043614 -0.500000
0.249243 -0.048442 -0.500000
0.216732 0.052413 -0.500000
0.188982 -0.057000 -0.500000
0.025322 -0.075896 -0.500000
0.357154 0.028503 -0.500000
0.355219 0.028861 -0.500000
0.333130 -0.035246 -0.500000
-0.095026 0.087807 -0.500000
0.297563 0.039162 -0.500000
-0.399299 0.067380 -0.500000
0.305781 -0.039711 -0.500000
0.067253 0.073027 -0.500000
-0.193245 0.090699 -0.500000
0.454087 -0.013520 -0.500000
0.115479 -0.066334 -0.500000
-0.325987 0.082390 -0.500000
0.000658 -0.078098 -0.500000
-0.381726 0.072025 -0.500000
-0.080920 0.086949 -0.500000
0.114163 -0.066490 -0.500000
0.326564 0.034070 -0.500000
0.263389 0.044933 -0.500000
-0.352582 -0.076527 -0.500000
-0.098128 0.087985 -0.500000
-0.429430 0.057113 -0.500000
0.194473 0.055816 -0.500000
0.268545 0.044078 -0.500000
-0.450207 -0.048754 -0.500000
0.251088 -0.048167 -0.500000
0.351727 0.029505 -0.500000
0.356446 0.028634 -0.500000
-0.311355 -0.081834 -0.500000
0.201292 0.054785 -0.500000
-0.485421 -0.019859 -0.500000
-0.045825 -0.081700 -0.500000
-0.126574 0.089360 -0.500000
0.401786 -0.023325 -0.500000
0.251010 0.046963 -0.500000
-0.386853 0.070752 -0.500000
-0.286423 0.086819 -0.500000
0.376439 -0.027848 -0.500000
-0.343873 -0.077852 -0.500000
0.257592 -0.047194 -0.500000
-0.346409 -0.077479 -0.500000
0.049485 0.075094 -0.500000
0.187118 -0.057252 -0.500000
-0.380993 0.072202 -0.500000
0.386495 -0.026071 -0.500000
0.341628 0.031354 -0.500000
-0.211119 0.090539 -0.500000
0.333274 -0.035222 -0.500000
0.497080 0.000291 -0.500000
0.210565 -0.054025 -0.500000
-0.356334 0.077459 -0.500000
-0.401729 -0.066334 -0.500000
0.377583 0.024672 -0.500000
0.175272 -0.058836 -0.500000
-0.068061 0.086084 -0.500000
0.433984 0.013600 -0.500000
0.067018 0.073055 -0.500000
-0.134873 -0.086284 -0.500000
0.506262 -0.001734 -0.500000
-0.151420 -0.086741 -0.500000
-0.091001 0.087575 -0.500000
0.074256 -0.070986 -0.500000
-0.163111 -0.086977 -0.500000
0.238937 0.048911 -0.500000
-0.368596 -0.073757 -0.500000
-0.443990 -0.051718 -0.500000
0.123488 0.065913 -0.500000
0.450184 -0.014275 -0.500000
0.163329 -0.060401 -0.500000
0.125452 -0.065144 -0.500000
0.488421 -0.006715 -0.500000
0.498074 -0.004746 -0.500000
-0.124330 -0.085925 -0.500000
0.080455 -0.070315 -0.500000
-0.406258 -0.065101 -0.500000
0.272603 -0.044916 -0.500000
0.123779 0.065875 -0.500000
-0.290849 -0.083677 -0.500000
-0.146788 0.090061 -0.500000
-0.106863 0.088453 -0.500000
0.391812 0.021948 -0.500000
0.133139 0.064611 -0.500000
0.069709 0.072734 -0.500000
-0.094093 -0.084602 -0.500000
0.234996 0.049540 -0.500000
0.357167 0.028501 -0.500000
0.061567 -0.072326 -0.500000
-0.472091 -0.034883 -0.500000
-0.025763 -0.080236 -0.500000
-0.304691 -0.082488 -0.500000
-0.409135 0.064393 -0.500000
0.171612 -0.059319 -0.500000
-0.431948 -0.056720 -0.500000
-0.231179 -0.086733 -0.500000
-0.353636 0.077959 -0.500000
0.329866 -0.035787 -0.500000
0.000667 0.080271 -0.500000
0.048625 0.075192 -0.500000
-0.213050 0.090510 -0.500000
-0.093705 0.087732 -0.500000
0.267193 -0.045742 -0.500000
-0.176620 -0.087158 -0.500000
-0.339682 0.080351 -0.500000
-0.133289 -0.086234 -0.500000
-0.192562 -0.087232 -0.500000
-0.130218 -0.086133 -0.500000
-0.490209 -0.007034 -0.500000
-0.153104 -0.086781 -0.500000
0.045725 0.075520 -0.500000
-0.034543 -0.080895 -0.500000
-0.433059 -0.056294 -0.500000
-0.091817 0.087623 -0.500000
0.491330 0.001547 -0.500000
-0.060597 0.085547 -0.500000
-0.213532 -0.087085 -0.500000
0.142914 0.063268 -0.500000
0.062804 -0.072197 -0.500000
-0.372737 -0.072963 -0.500000
-0.224539 -0.086891 -0.500000
-0.013388 -0.079263 -0.500000
0.222088 -0.052395 -0.500000
0.307743 0.037394 -0.500000
-0.177309 -0.087163 -0.500000
0.189480 0.056564 -0.500000
-0.001103 0.080443 -0.500000
0.415965 0.017218 -0.500000
-0.490201 -0.007084 -0.500000
0.418358 0.016742 -0.500000
0.351579 0.029533 -0.500000
-0.177144 -0.087162 -0.500000
-0.337311 -0.078772 -0.500000
0.222198 -0.052379 -0.500000
-0.099264 -0.084856 -0.500000
0.337352 -0.034543 -0.500000
0.291110 0.040270 -0.500000
0.165444 -0.060126 -0.500000
-0.220479 0.090358 -0.500000
0.081113 0.071352 -0.500000
-0.437680 -0.054446 -0.500000
-0.002667 0.080594 -0.500000
-0.360157 -0.075275 -0.500000
-0.321534 -0.080738 -0.500000
-0.035712 -0.080981 -0.500000
-0.486126 0.015988 -0.500000
0.384534 0.023347 -0.500000
0.387362 0.022805 -0.500000
-0.339449 0.080388 -0.500000
0.229670 0.050385 -0.500000
-0.402026 -0.066256 -0.500000
0.098053 -0.068356 -0.500000
0.324843 0.034377 -0.500000
0.060593 0.073812 -0.500000
0.109983 -0.066980 -0.500000
-0.473433 0.031576 -0.500000
0.239313 -0.049905 -0.500000
-0.246156 0.089471 -0.500000
0.231529 -0.051038 -0.500000
0.266423 -0.045860 -0.500000
-0.054985 0.085128 -0.500000
-0.105688 0.088393 -0.500000
0.464905 0.007206 -0.500000
-0.466778 0.037024 -0.500000
0.091490 -0.069096 -0.500000
0.155047 0.061569 -0.500000
-0.265468 0.088405 -0.500000
-0.190041 -0.087228 -0.500000
0.316655 0.035830 -0.500000
-0.314988 0.083829 -0.500000
0.174095 0.058834 -0.500000
0.401478 -0.023381 -0.500000
0.068444 0.072886 -0.500000
0.135758 -0.063887 -0.500000
0.141490 0.063465 -0.500000
0.267386 0.044271 -0.500000
0.440502 0.012272 -0.500000
-0.488299 -0.013964 -0.500000
-0.140565 0.089871 -0.500000
-0.152799 -0.086774 -0.500000
-0.163055 -0.086976 -0.500000
-0.370913 0.074507 -0.500000
-0.470427 0.034165 -0.500000
0.255330 -0.047534 -0.500000
0.340069 -0.034088 -0.500000
-0.318046 -0.081127 -0.500000
-0.234441 0.089948 -0.500000
-0.305397 -0.082420 -0.500000
-0.392878 -0.068578 -0.500000
-0.380300 0.072366 -0.500000
-0.106290 0.088424 -0.500000
0.411213 0.018159 -0.500000
-0.084284 -0.084088 -0.500000
-0.389876 -0.069291 -0.500000
-0.449105 -0.049300 -0.500000
0.234488 -0.050609 -0.500000
-0.252231 0.089175 -0.500000
-0.102650 0.088230 -0.500000
0.318718 -0.037619 -0.500000
0.099659 -0.068172 -0.500000
-0.055600 0.085175 -0.500000
0.324156 -0.036729 -0.500000
0.315007 0.036120 -0.500000
0.294046 0.039767 -0.500000
-0.154563 0.090266 -0.500000
-0.160168 -0.086926 -0.500000
0.429075 0.014593 -0.500000
-0.413241 0.063052 -0.500000
0.042282 0.075906 -0.500000
0.070522 0.072637 -0.500000
0.334079 -0.035089 -0.500000
-0.269504 0.088140 -0.500000
0.098670 0.069156 -0.500000
0.314099 0.036280 -0.500000
0.370739 -0.028845 -0.500000
0.387900 0.022701 -0.500000
0.223757 -0.052156 -0.500000
0.150814 -0.062005 -0.500000
-0.335164 0.081056 -0.500000
-0.240632 -0.086446 -0.500000
-0.262892 -0.085498 -0.500000
-0.206742 0.090604 -0.500000
-0.079486 -0.083822 -0.500000
0.340372 -0.034037 -0.500000
0.435868 -0.017010 -0.500000
-0.195951 0.090691 -0.500000
-0.321356 0.083015 -0.500000
0.265685 0.044553 -0.500000
-0.374752 -0.072567 -0.500000
-0.315112 -0.081447 -0.500000
-0.392118 -0.068760 -0.500000
-0.153233 -0.086784 -0.500000
-0.032485 -0.080743 -0.500000
-0.441648 0.051778 -0.500000
0.138977 0.063812 -0.500000
-0.131396 0.089548 -0.500000
-0.275386 0.087717 -0.500000
0.210974 -0.053967 -0.500000
-0.158464 0.090359 -0.500000
0.112571 0.067359 -0.500000
-0.197133 -0.087222 -0.500000
-0.270264 -0.085092 -0.500000
0.112828 -0.066647 -0.500000
-0.273753 -0.084877 -0.500000
-0.253875 -0.085931 -0.500000
0.251890 -0.048048 -0.500000
0.468916 -0.010619 -0.500000
-0.082775 0.087068 -0.500000
0.061991 -0.072282 -0.500000
0.252180 0.046772 -0.500000
-0.356457 0.077435 -0.500000
-0.088581 -0.084320 -0.500000
-0.127435 0.089396 -0.500000
-0.452501 0.046200 -0.500000
-0.478206 -0.029230 -0.500000
0.436274 0.013135 -0.500000
-0.480274 0.024528 -0.500000
0.277503 0.042579 -0.500000
0.175689 -0.058781 -0.500000
-0.379606 -0.071569 -0.500000
0.156855 -0.061236 -0.500000
-0.447189 -0.050231 -0.500000
0.315630 -0.038122 -0.500000
0.253016 -0.047880 -0.500000
0.050609 -0.073446 -0.500000
0.036960 -0.074792 -0.500000
-0.457579 0.043228 -0.500000
0.167757 -0.059824 -0.500000
-0.485498 0.017114 -0.500000
-0.022049 -0.079950 -0.500000
0.217096 -0.053104 -0.500000
-0.488787 0.009920 -0.500000
0.075683 -0.070833 -0.500000
0.296239 -0.041232 -0.500000
0.506753 -0.001843 -0.500000
-0.031343 -0.080658 -0.500000
0.010991 -0.077198 -0.500000
0.179649 0.058020 -0.500000
-0.405878 -0.065207 -0.500000
-0.156189 -0.086845 -0.500000
-0.470609 0.034013 -0.500000
-0.359232 -0.075434 -0.500000
0.028854 0.077376 -0.500000
-0.222583 -0.086934 -0.500000
-0.467160 -0.038668 -0.500000
0.053164 -0.073188 -0.500000
-0.083070 -0.084022 -0.500000
-0.477075 0.028070 -0.500000
-0.359044 -0.075465 -0.500000
-0.278143 0.087501 -0.500000
-0.480426 0.024344 -0.500000
-0.169944 0.090559 -0.500000
-0.003407 -0.078441 -0.500000
0.380350 0.024146 -0.500000
-0.187313 0.090700 -0.500000
-0.415625 0.062244 -0.500000
0.100208 -0.068109 -0.500000
0.081594 0.071293 -0.500000
0.127658 0.065353 -0.500000
-0.461540 -0.042424 -0.500000
0.262781 0.045034 -0.500000
0.281811 -0.043494 -0.500000
-0.268408 -0.085196 -0.500000
-0.297731 -0.083111 -0.500000
-0.355719 0.077576 -0.500000
-0.003664 -0.078463 -0.500000
0.134790 -0.064006 -0.500000
-0.085874 0.087263 -0.500000
0.303914 0.038062 -0.500000
-0.489200 -0.011346 -0.500000
-0.138708 0.089809 -0.500000
0.492931 0.001198 -0.500000
-0.471033 0.033662 -0.500000
-0.061804 0.085636 -0.500000
0.466609 0.006846 -0.500000
-0.490662 -0.000266 -0.500000
-0.067433 -0.083113 -0.500000
0.306777 -0.039551 -0.500000
-0.490250 -0.006779 -0.500000
0.066880 0.073071 -0.500000
0.110998 0.067565 -0.500000
-0.106421 0.088431 -0.500000
0.383614 -0.026582 -0.500000
0.431430 -0.017848 -0.500000
-0.193739 -0.087230 -0.500000
-0.411322 -0.063645 -0.500000
-0.134632 -0.086276 -0.500000
0.285291 -0.042953 -0.500000
0.176911 0.058422 -0.500000
0.372663 -0.028509 -0.500000
-0.317612 -0.081175 -0.500000
-0.086872 0.087323 -0.500000
-0.006049 0.080920 -0.500000
0.158985 -0.060962 -0.500000
-0.028484 0.082966 -0.500000
-0.227643 -0.086819 -0.500000
-0.425003 -0.059254 -0.500000
-0.379865 -0.071515 -0.500000
0.495796 0.000572 -0.500000
-0.170562 0.090568 -0.500000
-0.404999 -0.065451 -0.500000
0.334116 0.032714 -0.500000
-0.181886 0.090684 -0.500000
-0.236236 -0.086589 -0.500000
-0.490377 0.003193 -0.500000
0.424995 -0.019055 -0.500000
-0.359536 -0.075383 -0.500000
0.368751 -0.029191 -0.500000
-0.030883 -0.080624 -0.500000
0.445964 -0.015087 -0.500000
0.378952 0.024412 -0.500000
-0.484521 -0.021316 -0.500000
-0.422866 -0.059988 -0.500000
-0.224870 0.090244 -0.500000
-0.288427 0.086640 -0.500000
-0.130475 -0.086142 -0.500000
-0.217575 0.090420 -0.500000
0.304703 -0.039884 -0.500000
0.301430 0.038493 -0.500000
0.043332 -0.074170 -0.500000
-0.366633 -0.074123 -0.500000
-0.486225 0.015802 -0.500000
0.216434 -0.053198 -0.500000
-0.323275 0.082761 -0.500000
-0.039195 -0.081232 -0.500000
0.050485 -0.073458 -0.500000
0.474892 0.005089 -0.500000
0.126456 -0.065023 -0.500000
-0.252113 -0.086009 -0.500000
-0.099997 0.088088 -0.500000
-0.489718 -0.009440 -0.500000
0.380659 -0.027105 -0.500000
-0.489751 -0.009302 -0.500000
-0.073325 -0.083467 -0.500000
-0.067502 0.086045 -0.500000
-0.352094 -0.076606 -0.500000
-0.348578 0.078865 -0.500000
0.476437 -0.009125 -0.500000
0.394174 0.021491 -0.500000
0.454337 0.009418 -0.500000
0.055479 -0.072952 -0.500000
0.026173 0.077662 -0.500000
0.409256 -0.021964 -0.500000
0.268364 -0.045564 -0.500000
0.392249 -0.025044 -0.500000
0.491745 -0.006040 -0.500000
-0.073429 0.086455 -0.500000
-0.016730 0.081918 -0.500000
0.136824 -0.063755 -0.500000
0.471265 0.005861 -0.500000
0.232225 0.049981 -0.500000
0.322476 -0.037004 -0.500000
-0.490678 -0.001634 -0.500000
0.213151 0.052967 -0.500000
-0.308234 0.084628 -0.500000
0.042191 -0.074282 -0.500000
-0.153015 -0.086779 -0.500000
-0.007721 0.081078 -0.500000
0.371705 -0.028676 -0.500000
-0.084926 0.087205 -0.500000
-0.056778 0.085265 -0.500000
-0.184072 0.090691 -0.500000
-0.394763 0.068659 -0.500000
-0.480893 0.023774 -0.500000
-0.084682 0.087190 -0.500000
0.241811 -0.049539 -0.500000
0.144666 0.063025 -0.500000
-0.483474 0.020323 -0.500000
0.106334 -0.067405 -0.500000
0.177259 -0.058572 -0.500000
-0.019035 -0.079714 -0.500000
-0.172477 -0.087111 -0.500000
0.447661 0.010801 -0.500000
-0.181240 -0.087192 -0.500000
0.370339 -0.028915 -0.500000
-0.345936 -0.077548 -0.500000
-0.243937 0.089573 -0.500000
-0.318003 0.083450 -0.500000
0.391552 -0.025169 -0.500000
-0.156544 0.090314 -0.500000
0.288039 0.040795 -0.500000
0.432641 -0.017620 -0.500000
-0.458253 -0.044407 -0.500000
0.355932 0.028729 -0.500000
0.352647 0.029336 -0.500000
-0.316405 -0.081306 -0.500000
-0.183007 -0.087205 -0.500000
0.446868 -0.014913 -0.500000
-0.241334 -0.086423 -0.500000
0.391212 -0.025229 -0.500000
0.301608 -0.040378 -0.500000
-0.308349 -0.082134 -0.500000
0.315172 0.036091 -0.500000
-0.416894 -0.061941 -0.500000
0.369589 0.026182 -0.500000
0.467124 -0.010972 -0.500000
0.182402 0.057615 -0.500000
-0.207914 -0.087156 -0.500000
-0.456483 -0.045419 -0.500000
0.279549 -0.043845 -0.500000
-0.296675 0.085859 -0.500000
-0.185522 -0.087217 -0.500000
-0.322083 -0.080674 -0.500000
-0.296724 0.085855 -0.500000
-0.484053 -0.022026 -0.500000
0.404167 0.019545 -0.500000
0.087746 -0.069514 -0.500000
-0.468643 0.035597 -0.500000
-0.116942 0.088941 -0.500000
-0.481030 -0.026063 -0.500000
-0.410599 -0.063859 -0.500000
0.217046 -0.053112 -0.500000
-0.224946 -0.086882 -0.500000
0.102800 -0.067813 -0.500000
-0.175156 -0.087142 -0.500000
-0.142784 -0.086519 -0.500000
-0.148278 0.090104 -0.500000
0.170560 0.059348 -0.500000
-0.476622 0.028533 -0.500000
0.072630 -0.071161 -0.500000
-0.119541 0.089061 -0.500000
0.037558 -0.074734 -0.500000
0.317664 -0.037791 -0.500000
0.442913 0.011778 -0.500000
-0.132877 0.089604 -0.500000
-0.009729 -0.078966 -0.500000
-0.188923 -0.087226 -0.500000
0.029883 0.077266 -0.500000
-0.482143 0.022173 -0.500000
0.477103 0.004617 -0.500000
-0.376349 -0.072242 -0.500000
-0.081762 -0.083951 -0.500000
-0.359641 -0.075365 -0.500000
0.366693 -0.029548 -0.500000
-0.432001 -0.056699 -0.500000
-0.420451 0.060543 -0.500000
-0.220975 -0.086963 -0.500000
-0.450408 0.047352 -0.500000
0.463912 -0.011604 -0.500000
0.313659 0.036358 -0.500000
-0.245515 0.089500 -0.500000
0.242159 -0.049488 -0.500000
0.488875 -0.006623 -0.500000
0.051012 0.074920 -0.500000
0.432966 -0.017559 -0.500000
-0.351480 0.078354 -0.500000
0.434379 -0.017292 -0.500000
0.027071 0.077567 -0.500000
-0.228640 0.090141 -0.500000
0.110707 0.067603 -0.500000
0.278563 -0.043998 -0.500000
-0.414667 -0.062635 -0.500000
0.073277 -0.071091 -0.500000
0.432282 0.013945 -0.500000
0.450621 0.010189 -0.500000
-0.172543 0.090596 -0.500000
-0.066891 0.086002 -0.500000
0.485772 -0.007251 -0.500000
-0.036770 0.083674 -0.500000
0.423024 0.015810 -0.500000
0.108091 0.067943 -0.500000
0.288776 0.040669 -0.500000
-0.025545 0.082710 -0.500000
0.397527 -0.024095 -0.500000
0.152512 -0.061790 -0.500000
-0.443461 0.050909 -0.500000
-0.209346 0.090566 -0.500000
-0.024583 -0.080147 -0.500000
0.047900 0.075274 -0.500000
-0.286317 -0.084024 -0.500000
0.143122 -0.062973 -0.500000
0.136596 0.064138 -0.500000
0.127811 0.065333 -0.500000
-0.211014 -0.087117 -0.500000
0.196605 0.055494 -0.500000
-0.158707 0.090364 -0.500000
-0.105444 0.088380 -0.500000
-0.470659 0.033972 -0.500000
0.267197 -0.045742 -0.500000
-0.183612 -0.087209 -0.500000
-0.300157 -0.082900 -0.500000
-0.157764 0.090343 -0.500000
0.308178 0.037319 -0.500000
0.246539 0.047688 -0.500000
-0.380874 0.072230 -0.500000
-0.110263 -0.085361 -0.500000
0.164263 -0.060280 -0.500000
0.135791 0.064248 -0.500000
-0.267641 0.088264 -0.500000
0.029209 -0.075532 -0.500000
0.230456 0.050261 -0.500000
-0.189897 0.090708 -0.500000
0.452011 -0.013922 -0.500000
-0.433079 -0.056287 -0.500000
0.098153 0.069221 -0.500000
-0.347480 -0.077320 -0.500000
0.393833 -0.024760 -0.500000
-0.338599 0.080525 -0.500000
0.093542 0.069806 -0.500000
0.429386 0.014531 -0.500000
-0.322855 0.082816 -0.500000
-0.071241 -0.083343 -0.500000
0.097709 0.069278 -0.500000
-0.424082 -0.059570 -0.500000
-0.072537 -0.083420 -0.500000
0.181046 -0.058068 -0.500000
-0.076327 -0.083642 -0.500000
-0.441299 -0.052912 -0.500000
-0.398376 -0.067209 -0.500000
-0.444736 -0.051376 -0.500000
0.389785 -0.025484 -0.500000
-0.482526 -0.024171 -0.500000
0.451165 0.010077 -0.500000
0.426940 0.015024 -0.500000
0.271236 0.043630 -0.500000
-0.183919 0.090690 -0.500000
-0.487934 0.012182 -0.500000
-0.375712 0.073435 -0.500000
-0.115474 0.088874 -0.500000
-0.001972 -0.078320 -0.500000
0.004899 -0.077732 -0.500000
-0.195169 0.090694 -0.500000
-0.432695 0.055768 -0.500000
-0.013828 0.081650 -0.500000
0.123953 0.065851 -0.500000
0.377304 0.024725 -0.500000
0.276001 -0.044393 -0.500000
-0.171223 0.090577 -0.500000
-0.192971 0.090700 -0.500000
0.352090 -0.032057 -0.500000
0.181326 -0.058030 -0.500000
-0.209537 -0.087135 -0.500000
0.138811 -0.063510 -0.500000
0.094591 0.069674 -0.500000
-0.350255 0.078570 -0.500000
0.275293 0.042951 -0.500000
0.193967 -0.056322 -0.500000
0.395530 -0.024455 -0.500000
-0.422211 -0.060208 -0.500000
0.505167 -0.003284 -0.500000
0.081228 -0.070231 -0.500000
0.138298 0.063905 -0.500000
-0.110066 -0.085353 -0.500000
0.387234 -0.025939 -0.500000
0.292902 -0.041759 -0.500000
0.112462 -0.066690 -0.500000
-0.034674 0.083497 -0.500000
0.299341 0.038855 -0.500000
-0.290694 0.086433 -0.500000
-0.308314 -0.082137 -0.500000
-0.347235 -0.077357 -0.500000
-0.190048 -0.087228 -0.500000
0.413391 0.017729 -0.500000
-0.199211 0.090675 -0.500000
-0.072721 -0.083431 -0.500000
-0.451684 -0.048003 -0.500000
-0.412684 -0.063238 -0.500000
-0.471496 -0.035369 -0.500000
-0.434436 -0.055754 -0.500000
-0.180487 -0.087187 -0.500000
-0.099867 0.088081 -0.500000
0.250605 0.047029 -0.500000
-0.355053 -0.076130 -0.500000
-0.434116 -0.055881 -0.500000
-0.322472 0.082867 -0.500000
-0.078263 -0.083752 -0.500000
-0.260263 -0.085630 -0.500000
-0.254397 -0.085907 -0.500000
0.031846 -0.075282 -0.500000
-0.184238 0.090691 -0.500000
0.301707 0.038445 -0.500000
-0.254517 -0.085902 -0.500000
0.374384 0.025278 -0.500000
0.130045 0.065031 -0.500000
0.406639 -0.022443 -0.500000
-0.294212 0.086102 -0.500000
0.389440 0.022405 -0.500000
0.296335 0.039373 -0.500000
-0.170611 0.090568 -0.500000
0.485830 0.002740 -0.500000
-0.452441 -0.047609 -0.500000
0.416797 0.017053 -0.500000
0.196901 0.055449 -0.500000
0.372810 0.025575 -0.500000
0.115727 -0.066305 -0.500000
0.369512 0.026196 -0.500000
0.314664 0.036181 -0.500000
0.222458 -0.052342 -0.500000
0.177702 -0.058514 -0.500000
-0.063774 -0.082886 -0.500000
-0.182511 -0.087201 -0.500000
-0.101223 0.088154 -0.500000
0.423101 -0.019408 -0.500000
-0.486560 -0.017807 -0.500000
0.378401 -0.027503 -0.500000
0.050260 0.075006 -0.500000
0.339695 -0.034151 -0.500000
0.440566 0.012259 -0.500000
-0.186984 0.090699 -0.500000
0.056072 0.074339 -0.500000
-0.347494 0.079056 -0.500000
-0.443218 -0.052064 -0.500000
-0.135042 0.089685 -0.500000
0.100673 -0.068056 -0.500000
0.340938 0.031479 -0.500000
-0.275112 -0.084794 -0.500000
0.376225 0.024929 -0.500000
-0.018024 -0.079635 -0.500000
-0.193855 -0.087229 -0.500000
0.060394 -0.072447 -0.500000
-0.098836 -0.084836 -0.500000
-0.028554 0.082972 -0.500000
-0.242313 -0.086390 -0.500000
0.126174 0.065553 -0.500000
-0.090135 0.087522 -0.500000
-0.127604 -0.086041 -0.500000
-0.490678 -0.001060 -0.500000
-0.490453 -0.005308 -0.500000
-0.092654 0.087671 -0.500000
-0.051781 0.084883 -0.500000
-0.192228 -0.087233 -0.500000
-0.204246 -0.087183 -0.500000
-0.472404 0.032489 -0.500000
-0.337680 0.080668 -0.500000
0.144896 -0.062752 -0.500000
-0.357412 -0.075739 -0.500000
0.331225 0.033235 -0.500000
-0.330646 0.081728 -0.500000
0.459230 0.008397 -0.500000
0.049799 -0.073527 -0.500000
0.302096 -0.040301 -0.500000
0.305794 -0.039709 -0.500000
0.335228 0.032514 -0.500000
-0.166050 0.090505 -0.500000
-0.354440 0.077812 -0.500000
-0.035503 -0.080966 -0.500000
0.087740 0.070533 -0.500000
-0.328846 0.081990 -0.500000
0.487358 -0.006931 -0.500000
0.350416 0.029747 -0.500000
-0.470248 0.034312 -0.500000
-0.006867 -0.078730 -0.500000
0.475734 -0.009265 -0.500000
0.006722 0.079672 -0.500000
0.387481 0.022782 -0.500000
-0.337546 -0.078741 -0.500000
0.170644 0.059336 -0.500000
-0.490263 -0.006702 -0.500000
-0.447112 0.049088 -0.500000
0.274427 0.043096 -0.500000
0.157777 -0.061118 -0.500000
0.429311 -0.018247 -0.500000
0.469739 0.006184 -0.500000
0.104389 0.068423 -0.500000
-0.149839 0.090149 -0.500000
0.388130 -0.025780 -0.500000
-0.263278 0.088548 -0.500000
-0.244241 0.089559 -0.500000
0.097247 -0.068447 -0.500000
-0.299377 0.085588 -0.500000
-0.075279 0.086579 -0.500000
0.345805 0.030592 -0.500000
0.402282 0.019914 -0.500000
-0.122448 0.089187 -0.500000
0.244930 0.047948 -0.500000
-0.153159 0.090232 -0.500000
0.124430 -0.065266 -0.500000
-0.486930 -0.017076 -0.500000
0.465425 0.007096 -0.500000
-0.284708 0.086964 -0.500000
-0.441823 0.051696 -0.500000
-0.480987 -0.026116 -0.500000
0.257815 0.045851 -0.500000
0.151965 0.062005 -0.500000
-0.206872 0.090603 -0.500000
-0.267185 -0.085264 -0.500000
0.249662 -0.048379 -0.500000
0.073318 -0.071087 -0.500000
-0.261309 0.088667 -0.500000
0.396353 0.021069 -0.500000
-0.184459 0.090692 -0.500000
0.145353 0.062929 -0.500000
-0.314875 0.083843 -0.500000
-0.311734 -0.081795 -0.500000
0.182494 0.057601 -0.500000
0.086189 -0.069686 -0.500000
-0.426990 -0.058552 -0.500000
0.323763 0.034569 -0.500000
-0.010438 -0.079024 -0.500000
-0.225482 0.090227 -0.500000
0.170533 0.059352 -0.500000
0.470217 0.006083 -0.500000
-0.211049 -0.087116 -0.500000
-0.130965 -0.086159 -0.500000
0.085045 -0.069812 -0.500000
-0.096176 0.087873 -0.500000
-0.132824 0.089602 -0.500000
0.489707 -0.006455 -0.500000
0.286358 0.041081 -0.500000
0.021047 -0.076291 -0.500000
-0.011937 0.081476 -0.500000
-0.050209 0.084762 -0.500000
0.200946 -0.055363 -0.500000
0.182863 0.057546 -0.500000
0.224726 0.051165 -0.500000
-0.333036 -0.079339 -0.500000
0.016848 -0.076674 -0.500000
-0.320778 0.083092 -0.500000
0.493045 -0.005775 -0.500000
-0.164551 0.090476 -0.500000
0.177549 0.058329 -0.500000
-0.221001 -0.086962 -0.500000
-0.443417 0.050930 -0.500000
0.388889 -0.025644 -0.500000
0.200034 0.054975 -0.500000
0.349121 -0.032562 -0.500000
0.249885 0.047146 -0.500000
0.278756 -0.043968 -0.500000
0.037399 -0.074749 -0.500000
-0.026912 -0.080324 -0.500000
-0.409671 0.064220 -0.500000
0.475185 0.005026 -0.500000
0.239434 -0.049888 -0.500000
-0.180177 0.090669 -0.500000
-0.412076 0.063437 -0.500000
-0.452095 0.046427 -0.500000
0.338835 -0.034295 -0.500000
-0.024659 0.082632 -0.500000
-0.117290 -0.085654 -0.500000
-0.062742 -0.082822 -0.500000
0.419270 0.016560 -0.500000
-0.056240 0.085224 -0.500000
-0.214683 0.090480 -0.500000
0.349425 0.029929 -0.500000
0.377126 0.024759 -0.500000
0.261395 -0.046622 -0.500000
-0.069442 0.086182 -0.500000
-0.343538 -0.077902 -0.500000
-0.286070 0.086849 -0.500000
0.471117 0.005892 -0.500000
0.377407 -0.027677 -0.500000
-0.460553 -0.043034 -0.500000
-0.010796 0.081368 -0.500000
0.230797 0.050207 -0.500000
0.145713 0.062879 -0.500000
0.013111 0.079026 -0.500000
-0.133496 -0.086240 -0.500000
0.266162 0.044474 -0.500000
0.505293 -0.003258 -0.500000
0.488991 0.002055 -0.500000
-0.391550 0.069530 -0.500000
-0.391544 -0.068899 -0.500000
0.359997 0.027976 -0.500000
0.262864 -0.046400 -0.500000
-0.017894 0.082025 -0.500000
0.266263 -0.045884 -0.500000
0.048607 -0.073646 -0.500000
0.467569 -0.010885 -0.500000
-0.091365 -0.084463 -0.500000
-0.308919 0.084551 -0.500000
0.032670 -0.075203 -0.500000
-0.189042 -0.087226 -0.500000
0.430145 0.014377 -0.500000
0.008172 0.079526 -0.500000
-0.437944 -0.054336 -0.500000
-0.107343 -0.085231 -0.500000
-0.382394 -0.070975 -0.500000
-0.390112 -0.069236 -0.500000
-0.138031 -0.086384 -0.500000
-0.074563 -0.083540 -0.500000
-0.071799 0.086345 -0.500000
0.100358 0.068940 -0.500000
0.084126 0.070982 -0.500000
0.508962 -0.002333 -0.500000
-0.058593 0.085400 -0.500000
0.373254 0.025491 -0.500000
-0.058918 0.085424 -0.500000
-0.075801 -0.083612 -0.500000
0.461612 0.007898 -0.500000
-0.077401 -0.083703 -0.500000
0.288707 0.040681 -0.500000
0.279149 -0.043907 -0.500000
0.192877 0.056055 -0.500000
-0.471538 -0.035336 -0.500000
0.355649 -0.031450 -0.500000
0.081213 0.071340 -0.500000
-0.348702 -0.077132 -0.500000
0.168775 0.059606 -0.500000
-0.075951 -0.083621 -0.500000
-0.251648 0.089205 -0.500000
0.122143 0.066093 -0.500000
-0.196286 0.090690 -0.500000
-0.214126 0.090492 -0.500000
0.157777 0.061183 -0.500000
0.007694 -0.077489 -0.500000
0.255543 -0.047502 -0.500000
0.033655 0.076857 -0.500000
-0.298473 -0.083048 -0.500000
0.408392 -0.022123 -0.500000
-0.248371 -0.086162 -0.500000
0.262086 0.045148 -0.500000
-0.194661 0.090695 -0.500000
0.351539 0.029540 -0.500000
-0.283274 0.087086 -0.500000
0.155182 0.061550 -0.500000
-0.459845 0.041809 -0.500000
-0.462859 0.039819 -0.500000
-0.319180 0.083302 -0.500000
0.504602 -0.003401 -0.500000
0.051876 -0.073319 -0.500000
-0.433619 -0.056076 -0.500000
-0.376082 0.073351 -0.500000
0.338917 0.031846 -0.500000
-0.133226 -0.086232 -0.500000
0.089211 0.070350 -0.500000
-0.230836 0.090068 -0.500000
0.484046 -0.007600 -0.500000
0.094975 0.069625 -0.500000
-0.077412 0.086723 -0.500000
0.459073 -0.012551 -0.500000
-0.186420 0.090698 -0.500000
0.277073 0.042652 -0.500000
-0.014723 -0.079371 -0.500000
-0.476603 -0.030847 -0.500000
-0.437422 -0.054552 -0.500000
-0.435839 0.054421 -0.500000
0.484744 -0.007459 -0.500000
0.498740 -0.000073 -0.500000
-0.086158 0.087280 -0.500000
-0.161931 0.090426 -0.500000
0.446700 -0.014945 -0.500000
0.332724 -0.035314 -0.500000
0.021114 0.078197 -0.500000
0.495418 0.000655 -0.500000
-0.014099 -0.079321 -0.500000
-0.318731 0.083358 -0.500000
-0.264145 0.088492 -0.500000
-0.413245 -0.063071 -0.500000
0.420649 0.016285 -0.500000
-0.320877 -0.080813 -0.500000
0.140851 -0.063257 -0.500000
-0.486999 0.014275 -0.500000
-0.458952 -0.043995 -0.500000
-0.202371 -0.087197 -0.500000
0.366141 -0.029644 -0.500000
0.278102 -0.044069 -0.500000
-0.432659 0.055783 -0.500000
0.399080 -0.023815 -0.500000
-0.345433 0.079405 -0.500000
-0.287184 0.086754 -0.500000
0.190734 -0.056762 -0.500000
0.177154 0.058387 -0.500000
-0.093972 0.087747 -0.500000
-0.107648 -0.085245 -0.500000
0.019712 0.078344 -0.500000
-0.324229 0.082634 -0.500000
0.471101 -0.010186 -0.500000
0.360894 -0.030550 -0.500000
-0.333400 -0.079292 -0.500000
0.276298 -0.044347 -0.500000
0.209937 0.053463 -0.500000
-0.467539 0.036449 -0.500000
0.140074 -0.063354 -0.500000
0.059413 0.073950 -0.500000
-0.437039 0.053894 -0.500000
0.211732 -0.053861 -0.500000
0.151638 0.062051 -0.500000
-0.251880 0.089193 -0.500000
-0.434226 -0.055837 -0.500000
0.104727 -0.067590 -0.500000
-0.245405 -0.086279 -0.500000
0.400106 0.020339 -0.500000
-0.461931 0.040445 -0.500000
0.442693 0.011823 -0.500000
-0.185019 0.090693 -0.500000
0.250661 -0.048231 -0.500000
0.117079 0.066765 -0.500000
-0.193779 0.090698 -0.500000
0.155050 -0.061466 -0.500000
-0.233671 -0.086662 -0.500000
-0.403486 0.066146 -0.500000
0.132493 0.064698 -0.500000
0.132745 -0.064257 -0.500000
-0.089332 0.087473 -0.500000
0.266859 0.044359 -0.500000
-0.070090 -0.083274 -0.500000
0.412345 -0.021398 -0.500000
0.002182 -0.077967 -0.500000
-0.042476 -0.081468 -0.500000
-0.034829 0.083510 -0.500000
-0.383649 -0.070702 -0.500000
-0.266511 0.088337 -0.500000
0.411842 -0.021490 -0.500000
-0.076301 0.086648 -0.500000
0.435897 -0.017005 -0.500000
0.399591 -0.023723 -0.500000
-0.103940 0.088300 -0.500000
0.488227 0.002221 -0.500000
-0.482839 -0.023751 -0.500000
-0.125706 0.089324 -0.500000
-0.219660 -0.086986 -0.500000
0.280587 0.042060 -0.500000
0.213642 -0.053593 -0.500000
-0.474807 -0.032533 -0.500000
-0.328404 0.082052 -0.500000
-0.033939 0.083434 -0.500000
0.235337 0.049486 -0.500000
-0.321188 0.083038 -0.500000
0.058978 0.074001 -0.500000
0.353564 0.029167 -0.500000
-0.208352 -0.087150 -0.500000
-0.479476 -0.027863 -0.500000
-0.424354 0.059095 -0.500000
-0.153592 -0.086793 -0.500000
-0.202005 -0.087200 -0.500000
0.282802 0.041685 -0.500000
-0.478728 -0.028678 -0.500000
0.488288 0.002208 -0.500000
-0.329305 0.081925 -0.500000
-0.169154 0.090548 -0.500000
0.006448 0.079700 -0.500000
-0.059298 -0.082602 -0.500000
0.417588 0.016895 -0.500000
0.486153 -0.007174 -0.500000
0.215679 -0.053305 -0.500000
0.356507 -0.031303 -0.500000
0.003839 0.079958 -0.500000
0.371007 -0.028798 -0.500000
-0.056447 0.085240 -0.500000
-0.271063 -0.085043 -0.500000
0.284060 -0.043145 -0.500000
-0.250927 0.089243 -0.500000
-0.251104 -0.086055 -0.500000
0.054108 0.074565 -0.500000
-0.218485 -0.087007 -0.500000
-0.376404 0.073277 -0.500000
0.382869 0.023665 -0.500000
-0.062308 0.085673 -0.500000
0.153341 -0.061685 -0.500000
-0.208395 0.090580 -0.500000
0.419955 0.016424 -0.500000
-0.460945 0.041096 -0.500000
0.259177 0.045627 -0.500000
-0.185784 0.090696 -0.500000
-0.113955 0.088804 -0.500000
-0.052015 0.084901 -0.500000
-0.366691 -0.074112 -0.500000
-0.150911 -0.086728 -0.500000
0.169512 -0.059595 -0.500000
-0.434546 -0.055711 -0.500000
0.352973 0.029276 -0.500000
-0.069666 0.086198 -0.500000
0.461473 -0.012082 -0.500000
0.452405 0.009819 -0.500000
0.208187 -0.054357 -0.500000
-0.046691 -0.081760 -0.500000
0.472182 0.005666 -0.500000
-0.376564 -0.072199 -0.500000
-0.443096 0.051086 -0.500000
0.480488 0.003891 -0.500000
0.397353 0.020875 -0.500000
-0.224373 -0.086895 -0.500000
0.091939 0.070007 -0.500000
-0.441778 -0.052703 -0.500000
-0.001319 -0.078265 -0.500000
0.440249 -0.016179 -0.500000
0.425859 0.015241 -0.500000
-0.052305 0.084923 -0.500000
-0.451888 0.046543 -0.500000
-0.164002 0.090465 -0.500000
-0.079489 -0.083822 -0.500000
0.310458 0.036920 -0.500000
-0.484579 0.018641 -0.500000
-0.108968 -0.085305 -0.500000
0.022539 0.078047 -0.500000
0.492581 -0.005870 -0.500000
-0.083395 0.087108 -0.500000
-0.328179 0.082083 -0.500000
-0.063374 -0.082861 -0.500000
-0.237858 0.089821 -0.500000
-0.408293 0.064663 -0.500000
-0.371135 -0.073276 -0.500000
-0.361883 -0.074974 -0.500000
0.198716 -0.055671 -0.500000
0.170452 -0.059472 -0.500000
0.435759 0.013239 -0.500000
-0.327788 0.082138 -0.500000
-0.421508 -0.060443 -0.500000
-0.316489 0.083640 -0.500000
-0.101469 0.088167 -0.500000
-0.102546 -0.085014 -0.500000
0.266733 -0.045812 -0.500000
0.393119 -0.024888 -0.500000
-0.335583 0.080991 -0.500000
-0.070390 0.086249 -0.500000
-0.229196 0.090123 -0.500000
-0.006350 -0.078688 -0.500000
-0.078694 -0.083777 -0.500000
-0.472556 -0.034496 -0.500000
-0.383934 -0.070640 -0.500000
0.083719 0.071032 -0.500000
-0.427590 -0.058335 -0.500000
0.447174 -0.014854 -0.500000
0.466913 -0.011014 -0.500000
0.481802 0.003609 -0.500000
-0.366395 0.075466 -0.500000
0.068842 0.072839 -0.500000
-0.144250 0.089988 -0.500000
0.047836 -0.073724 -0.500000
-0.174148 -0.087130 -0.500000
0.090174 0.070229 -0.500000
-0.278265 -0.084589 -0.500000
0.083068 0.071112 -0.500000
0.058860 -0.072606 -0.500000
-0.004744 -0.078554 -0.500000
0.112202 0.067407 -0.500000
0.239429 -0.049888 -0.500000
-0.313556 0.084003 -0.500000
0.060028 0.073879 -0.500000
-0.433105 0.055597 -0.500000
-0.213349 -0.087087 -0.500000
0.002083 -0.077975 -0.500000
-0.266279 -0.085315 -0.500000
0.117545 0.066704 -0.500000
0.222555 0.051505 -0.500000
-0.074702 -0.083548 -0.500000
0.391056 -0.025257 -0.500000
0.235805 0.049412 -0.500000
-0.058619 0.085402 -0.500000
0.281112 -0.043603 -0.500000
-0.434511 0.054996 -0.500000
0.415989 0.017213 -0.500000
0.298707 -0.040840 -0.500000
-0.103943 0.088300 -0.500000
-0.479805 -0.027495 -0.500000
0.375972 -0.027930 -0.500000
-0.356329 -0.075920 -0.500000
0.409714 0.018455 -0.500000
0.442525 0.011858 -0.500000
-0.289235 -0.083804 -0.500000
0.169402 0.059516 -0.500000
0.024588 -0.075964 -0.500000
-0.329503 0.081896 -0.500000
-0.032525 0.083315 -0.500000
0.037000 -0.074788 -0.500000
-0.356425 0.077441 -0.500000
-0.227716 0.090167 -0.500000
-0.074330 0.086515 -0.500000
0.184373 -0.057622 -0.500000
0.134877 -0.063995 -0.500000
-0.079610 0.086865 -0.500000
-0.339849 -0.078424 -0.500000
0.076185 -0.070779 -0.500000
0.339559 -0.034174 -0.500000
0.318587 0.035488 -0.500000
-0.460175 0.041596 -0.500000
-0.154647 -0.086814 -0.500000
0.470637 -0.010278 -0.500000
-0.238176 -0.086529 -0.500000
-0.307845 -0.082183 -0.500000
0.044380 0.075671 -0.500000
0.281950 -0.043473 -0.500000
0.001779 0.080161 -0.500000
0.271897 -0.045024 -0.500000
-0.419921 0.060733 -0.500000
-0.449227 -0.049240 -0.500000
-0.190385 0.090707 -0.500000
-0.121249 0.089136 -0.500000
-0.406912 0.065095 -0.500000
0.339167 -0.034239 -0.500000
0.496846 0.000342 -0.500000
0.479355 -0.008542 -0.500000
-0.060281 0.085524 -0.500000
-0.004754 -0.078555 -0.500000
-0.488959 0.009404 -0.500000
0.181154 0.057799 -0.500000
-0.362202 -0.074918 -0.500000
0.090417 -0.069216 -0.500000
-0.223559 -0.086914 -0.500000
0.151319 0.062095 -0.500000
-0.187019 -0.087221 -0.500000
-0.428497 0.057485 -0.500000
-0.344890 0.079497 -0.500000
0.269059 0.043993 -0.500000
0.162903 -0.060456 -0.500000
0.200267 -0.055457 -0.500000
-0.383502 -0.070734 -0.500000
0.093234 -0.068901 -0.500000
0.018412 0.078480 -0.500000
-0.250150 -0.086093 -0.500000
0.322957 0.034713 -0.500000
-0.375959 -0.072322 -0.500000
0.311584 0.036722 -0.500000
0.284839 0.041339 -0.500000
-0.394671 0.068685 -0.500000
0.188943 -0.057005 -0.500000
-0.456712 0.043755 -0.500000
-0.419959 0.060719 -0.500000
-0.424782 -0.059330 -0.500000
-0.305535 -0.082406 -0.500000
0.214862 0.052703 -0.500000
0.508248 -0.002175 -0.500000
-0.041334 -0.081386 -0.500000
-0.163421 -0.086982 -0.500000
-0.038983 -0.081217 -0.500000
-0.452236 0.046348 -0.500000
0.005840 0.079760 -0.500000
0.177886 -0.058489 -0.500000
0.075649 0.072019 -0.500000
-0.384452 0.071358 -0.500000
-0.259120 -0.085688 -0.500000
0.085303 0.070836 -0.500000
-0.274795 -0.084813 -0.500000
-0.416636 -0.062022 -0.500000
-0.453794 0.045469 -0.500000
0.138701 -0.063523 -0.500000
-0.275293 -0.084783 -0.500000
0.287432 -0.042618 -0.500000
0.154936 -0.061481 -0.500000
-0.307938 -0.082174 -0.500000
0.021493 -0.076250 -0.500000
-0.476966 0.028181 -0.500000
0.032642 -0.075206 -0.500000
0.358237 -0.031007 -0.500000
-0.306883 0.084779 -0.500000
0.383940 -0.026524 -0.500000
-0.245978 -0.086256 -0.500000
-0.196160 0.090691 -0.500000
0.073650 -0.071051 -0.500000
0.412680 0.017869 -0.500000
0.132542 -0.064282 -0.500000
0.091056 -0.069144 -0.500000
0.197874 -0.055786 -0.500000
-0.396480 -0.067691 -0.500000
-0.245279 -0.086284 -0.500000
-0.161137 0.090411 -0.500000
0.102984 -0.067792 -0.500000
0.098070 0.069232 -0.500000
-0.282705 -0.084288 -0.500000
0.445970 0.011150 -0.500000
0.259123 0.045636 -0.500000
0.148379 -0.062313 -0.500000
-0.239246 -0.086493 -0.500000
-0.274182 -0.084851 -0.500000
-0.490644 -0.002915 -0.500000
-0.372031 -0.073101 -0.500000
0.318298 0.035539 -0.500000
0.015238 -0.076819 -0.500000
0.043160 0.075808 -0.500000
0.329242 -0.035891 -0.500000
0.060264 0.073851 -0.500000
-0.252820 0.089144 -0.500000
0.458492 -0.012664 -0.500000
0.076530 0.071912 -0.500000
-0.128978 0.089456 -0.500000
-0.075875 0.086620 -0.500000
-0.447013 0.049139 -0.500000
-0.239617 -0.086481 -0.500000
0.152895 -0.061741 -0.500000
-0.432338 -0.056570 -0.500000
-0.248085 -0.086174 -0.500000
0.097763 -0.068389 -0.500000
-0.147808 0.090091 -0.500000
-0.174768 0.090622 -0.500000
-0.249683 0.089308 -0.500000
0.495261 0.000689 -0.500000
0.170217 0.059398 -0.500000
-0.213692 -0.087083 -0.500000
0.163723 0.060334 -0.500000
0.064117 0.073399 -0.500000
0.336783 0.032233 -0.500000
0.158805 0.061036 -0.500000
0.364657 -0.029901 -0.500000
0.235485 0.049463 -0.500000
0.349657 0.029886 -0.500000
0.202634 0.054581 -0.500000
0.019158 0.078402 -0.500000
-0.299095 0.085618 -0.500000
-0.184893 0.090693 -0.500000
-0.296383 -0.083225 -0.500000
-0.376628 0.073226 -0.500000
-0.354577 0.077787 -0.500000
0.309816 0.037032 -0.500000
-0.053510 -0.082223 -0.500000
0.153200 -0.061703 -0.500000
-0.217005 0.090432 -0.500000
-0.313583 0.084000 -0.500000
0.061211 -0.072363 -0.500000
-0.487931 -0.014879 -0.500000
-0.032100 -0.080714 -0.500000
-0.223135 -0.086923 -0.500000
0.018796 -0.076497 -0.500000
0.485230 -0.007361 -0.500000
-0.486672 0.014939 -0.500000
-0.020404 0.082251 -0.500000
-0.155792 -0.086837 -0.500000
0.332059 -0.035424 -0.500000
-0.211476 0.090534 -0.500000
0.416610 0.017090 -0.500000
0.404437 0.019492 -0.500000
0.328826 -0.035959 -0.500000
0.430093 0.014388 -0.500000
0.395260 -0.024503 -0.500000
0.110180 0.067672 -0.500000
-0.087761 -0.084275 -0.500000
-0.281175 -0.084393 -0.500000
0.142557 -0.063044 -0.500000
0.497970 -0.004768 -0.500000
-0.397854 0.067794 -0.500000
-0.007393 0.081047 -0.500000
0.471882 -0.010031 -0.500000
0.165588 0.060066 -0.500000
-0.409511 -0.064174 -0.500000
-0.011693 -0.079127 -0.500000
-0.490131 0.004760 -0.500000
-0.156560 -0.086853 -0.500000
-0.266812 0.088318 -0.500000
0.419453 -0.020086 -0.500000
0.148186 0.062534 -0.500000
-0.193290 -0.087231 -0.500000
-0.213264 -0.087088 -0.500000
-0.254983 -0.085881 -0.500000
0.167494 0.059791 -0.500000
-0.040743 -0.081343 -0.500000
0.026196 0.077660 -0.500000
-0.468289 0.035872 -0.500000
0.502187 -0.000832 -0.500000
-0.283934 0.087030 -0.500000
-0.132582 0.089592 -0.500000
0.495778 -0.005217 -0.500000
-0.125993 -0.085984 -0.500000
-0.012566 0.081534 -0.500000
-0.244122 0.089564 -0.500000
-0.245878 0.089483 -0.500000
-0.407299 0.064974 -0.500000
-0.286988 -0.083975 -0.500000
-0.405328 0.065587 -0.500000
0.193093 -0.056441 -0.500000
-0.126457 0.089355 -0.500000
-0.463283 0.039527 -0.500000
-0.344247 0.079605 -0.500000
-0.268238 -0.085205 -0.500000
0.269006 0.044002 -0.500000
-0.129655 -0.086113 -0.500000
-0.479862 0.025014 -0.500000
-0.076668 0.086673 -0.500000
-0.390332 -0.069185 -0.500000
-0.415184 -0.062476 -0.500000
0.176941 0.058418 -0.500000
0.424143 0.015586 -0.500000
-0.471919 0.032910 -0.500000
0.134924 -0.063990 -0.500000
-0.070783 -0.083315 -0.500000
0.460074 -0.012356 -0.500000
-0.481083 0.023539 -0.500000
0.189685 -0.056904 -0.500000
-0.390217 0.069882 -0.500000
-0.119763 0.089071 -0.500000
-0.434745 -0.055633 -0.500000
0.276945 -0.044248 -0.500000
-0.478664 0.026375 -0.500000
0.289602 0.040528 -0.500000
0.183645 0.057431 -0.500000
-0.268898 -0.085169 -0.500000
-0.169183 0.090549 -0.500000
-0.329752 -0.079759 -0.500000
0.454277 0.009431 -0.500000
0.362025 -0.030355 -0.500000
-0.166148 -0.087025 -0.500000
-0.379744 -0.071540 -0.500000
0.307204 0.037489 -0.500000
-0.152262 -0.086761 -0.500000
0.140145 -0.063345 -0.500000
-0.184439 0.090692 -0.500000
0.319180 -0.037543 -0.500000
0.333547 -0.035177 -0.500000
-0.263334 0.088545 -0.500000
-0.367718 0.075189 -0.500000
0.170217 -0.059503 -0.500000
-0.106972 -0.085215 -0.500000
0.178490 -0.058409 -0.500000
0.440328 0.012308 -0.500000
0.136531 0.064147 -0.500000
0.392483 -0.025002 -0.500000
-0.093013 -0.084547 -0.500000
-0.083584 0.087120 -0.500000
0.428257 0.014758 -0.500000
-0.091689 0.087616 -0.500000
0.010850 -0.077211 -0.500000
-0.256822 0.088931 -0.500000
-0.208691 -0.087146 -0.500000
-0.198821 -0.087218 -0.500000
0.350905 -0.032259 -0.500000
-0.016090 -0.079481 -0.500000
-0.076268 0.086646 -0.500000
0.008919 -0.077381 -0.500000
-0.236873 0.089860 -0.500000
0.505721 -0.001614 -0.500000
-0.484520 -0.021316 -0.500000
-0.227533 -0.086822 -0.500000
0.185679 -0.057446 -0.500000
0.110695 0.067604 -0.500000
0.388434 -0.025726 -0.500000
-0.418243 -0.061514 -0.500000
-0.013780 -0.079295 -0.500000
0.382231 0.023787 -0.500000
-0.217935 0.090412 -0.500000
0.139321 -0.063447 -0.500000
0.027961 -0.075649 -0.500000
-0.130718 -0.086150 -0.500000
0.372091 0.025711 -0.500000
-0.490208 -0.007041 -0.500000
0.376936 -0.027760 -0.500000
-0.311790 0.084213 -0.500000
-0.309939 -0.081980 -0.500000
0.375356 0.025094 -0.500000
0.222846 -0.052286 -0.500000
0.073989 0.072220 -0.500000
0.342353 0.031222 -0.500000
0.492683 -0.005849 -0.500000
-0.271449 0.088000 -0.500000
0.294976 -0.041431 -0.500000
-0.135500 0.089702 -0.500000
0.293400 -0.041680 -0.500000
0.139020 0.063806 -0.500000
-0.305356 0.084950 -0.500000
-0.202750 -0.087195 -0.500000
0.147766 -0.062391 -0.500000
0.029041 -0.075548 -0.500000
0.219367 0.052003 -0.500000
-0.184261 -0.087214 -0.500000
-0.255931 0.088981 -0.500000
-0.244918 0.089528 -0.500000
-0.482320 0.021938 -0.500000
-0.164057 0.090466 -0.500000
-0.220480 -0.086972 -0.500000
-0.407245 0.064991 -0.500000
-0.017009 -0.079554 -0.500000
0.371601 0.025803 -0.500000
-0.139165 -0.086418 -0.500000
-0.217951 -0.087017 -0.500000
0.299296 0.038862 -0.500000
-0.422803 0.059680 -0.500000
-0.148368 -0.086667 -0.500000
-0.121083 -0.085801 -0.500000
0.390377 0.022225 -0.500000
0.251794 0.046835 -0.500000
-0.358261 -0.075596 -0.500000
-0.093865 0.087741 -0.500000
0.438185 0.012745 -0.500000
0.308087 0.037334 -0.500000
-0.470354 0.034225 -0.500000
0.035881 0.076614 -0.500000
0.496369 0.000447 -0.500000
-0.159340 -0.086909 -0.500000
0.310788 -0.038905 -0.500000
0.153180 0.061833 -0.500000
-0.264477 -0.085416 -0.500000
-0.487855 -0.015057 -0.500000
0.001062 0.080232 -0.500000
-0.265467 -0.085360 -0.500000
0.311466 -0.038796 -0.500000
-0.474635 0.030470 -0.500000
0.494290 0.000901 -0.500000
-0.282787 0.087128 -0.500000
-0.486582 0.015116 -0.500000
-0.021447 -0.079903 -0.500000
-0.067842 -0.083139 -0.500000
0.433181 -0.017518 -0.500000
-0.267246 -0.085261 -0.500000
0.244370 0.048038 -0.500000
0.374580 -0.028174 -0.500000
0.199038 0.055126 -0.500000
0.296727 0.039306 -0.500000
-0.189518 -0.087227 -0.500000
-0.467185 0.036716 -0.500000
0.078885 -0.070487 -0.500000
0.143564 0.063178 -0.500000
0.196041 0.055579 -0.500000
-0.013767 0.081645 -0.500000
0.019937 -0.076392 -0.500000
-0.160908 0.090406 -0.500000
-0.282338 0.087166 -0.500000
-0.439194 -0.053814 -0.500000
0.009941 0.079347 -0.500000
0.330465 -0.035688 -0.500000
0.004509 -0.077766 -0.500000
0.507652 -0.002042 -0.500000
-0.058071 -0.082522 -0.500000
-0.050357 0.084773 -0.500000
-0.489587 0.007243 -0.500000
0.475218 -0.009368 -0.500000
-0.312218 -0.081745 -0.500000
0.492891 0.001207 -0.500000
-0.003935 -0.078486 -0.500000
-0.008969 -0.078903 -0.500000
0.395144 -0.024524 -0.500000
-0.027875 0.082913 -0.500000
0.467976 -0.010804 -0.500000
0.311608 -0.038773 -0.500000
0.042452 0.075887 -0.500000
0.228017 -0.051545 -0.500000
0.290626 -0.042117 -0.500000
-0.074925 -0.083562 -0.500000
-0.432132 0.056004 -0.500000
0.197683 0.055331 -0.500000
0.183227 -0.057776 -0.500000
-0.028115 0.082934 -0.500000
0.260296 0.045444 -0.500000
0.419662 -0.020047 -0.500000
-0.459319 0.042145 -0.500000
-0.218977 -0.086998 -0.500000
0.213872 -0.053560 -0.500000
0.026397 0.077639 -0.500000
0.393183 0.021683 -0.500000
0.484933 0.002934 -0.500000
-0.071858 0.086349 -0.500000
0.371074 0.025903 -0.500000
0.493144 -0.005755 -0.500000
0.422418 0.015931 -0.500000
-0.430398 -0.057304 -0.500000
-0.026916 0.082829 -0.500000
-0.189788 -0.087228 -0.500000
0.052279 0.074776 -0.500000
-0.344420 -0.077772 -0.500000
0.013115 -0.077009 -0.500000
0.067190 -0.071738 -0.500000
-0.245762 0.089489 -0.500000
0.418055 0.016802 -0.500000
0.015671 0.078763 -0.500000
0.123103 0.065965 -0.500000
0.278895 0.042345 -0.500000
-0.012852 0.081561 -0.500000
-0.354795 -0.076172 -0.500000
0.474387 -0.009534 -0.500000
-0.049906 -0.081981 -0.500000
0.036160 0.076584 -0.500000
0.313147 0.036448 -0.500000
-0.101105 0.088147 -0.500000
0.352689 0.029328 -0.500000
-0.266875 0.088314 -0.500000
-0.188019 0.090702 -0.500000
-0.476703 -0.030748 -0.500000
0.066656 -0.071794 -0.500000
0.185475 0.057160 -0.500000
-0.446854 0.049219 -0.500000
-0.305859 -0.082375 -0.500000
-0.250137 -0.086093 -0.500000
0.142532 -0.063047 -0.500000
-0.351152 0.078413 -0.500000
0.158992 -0.060961 -0.500000
0.392797 -0.024946 -0.500000
-0.053736 -0.082238 -0.500000
0.448361 -0.014626 -0.500000
-0.218007 -0.087016 -0.500000
-0.319759 0.083227 -0.500000
0.296436 -0.041200 -0.500000
0.315626 0.036011 -0.500000
-0.279246 -0.084523 -0.500000
-0.270299 0.088083 -0.500000
0.225981 0.050967 -0.500000
-0.277830 0.087525 -0.500000
0.253387 0.046576 -0.500000
0.282622 0.041716 -0.500000
0.472157 -0.009977 -0.500000
-0.485521 -0.019691 -0.500000
-0.376367 -0.072239 -0.500000
-0.057219 0.085299 -0.500000
0.493314 0.001114 -0.500000
0.276977 -0.044243 -0.500000
-0.276797 0.087606 -0.500000
0.239959 0.048748 -0.500000
-0.487550 0.013082 -0.500000
0.493782 -0.005625 -0.500000
0.507527 -0.002015 -0.500000
0.015495 0.078781 -0.500000
-0.490164 0.004572 -0.500000
-0.117469 0.088966 -0.500000
-0.410027 -0.064025 -0.500000
-0.095420 -0.084670 -0.500000
-0.210291 0.090551 -0.500000
0.453960 -0.013545 -0.500000
0.401053 0.020154 -0.500000
0.427498 -0.018587 -0.500000
-0.490676 -0.001870 -0.500000
-0.089235 0.087467 -0.500000
0.238399 0.048997 -0.500000
0.197407 -0.055851 -0.500000
-0.251608 0.089207 -0.500000
-0.240809 -0.086440 -0.500000
0.180779 -0.058103 -0.500000
0.306045 -0.039669 -0.500000
-0.201761 0.090653 -0.500000
0.157438 -0.061161 -0.500000
0.027694 -0.075674 -0.500000
-0.169981 0.090560 -0.500000
-0.186820 -0.087220 -0.500000
-0.281347 0.087250 -0.500000
-0.212227 0.090523 -0.500000
-0.233598 0.089976 -0.500000
0.119251 0.066478 -0.500000
0.270032 -0.045309 -0.500000
0.441450 -0.015950 -0.500000
-0.237468 -0.086553 -0.500000
-0.353313 -0.076410 -0.500000
-0.086433 -0.084204 -0.500000
-0.311553 -0.081814 -0.500000
-0.373303 0.073978 -0.500000
0.196384 -0.055991 -0.500000
-0.195081 -0.087226 -0.500000
-0.069726 0.086202 -0.500000
0.094855 0.069641 -0.500000
-0.013921 0.081659 -0.500000
0.340955 -0.033940 -0.500000
-0.480367 -0.026851 -0.500000
-0.200480 0.090664 -0.500000
-0.203965 -0.087185 -0.500000
-0.246851 -0.086222 -0.500000
0.171265 0.059245 -0.500000
0.400185 -0.023615 -0.500000
0.085683 -0.069742 -0.500000
0.261565 0.045234 -0.500000
-0.392559 0.069258 -0.500000
-0.490609 0.000857 -0.500000
-0.109662 0.088593 -0.500000
0.388635 -0.025690 -0.500000
0.321806 -0.037114 -0.500000
-0.228556 0.090144 -0.500000
0.129532 0.065100 -0.500000
-0.310610 -0.081911 -0.500000
-0.151239 0.090186 -0.500000
-0.043626 -0.081548 -0.500000
0.119978 -0.065800 -0.500000
0.285711 -0.042887 -0.500000
-0.187286 0.090700 -0.500000
-0.037354 0.083724 -0.500000
-0.161067 -0.086944 -0.500000
0.482956 0.003360 -0.500000
0.162283 -0.060537 -0.500000
0.354049 -0.031723 -0.500000
0.434596 -0.017251 -0.500000
0.061424 -0.072341 -0.500000
-0.412331 0.063353 -0.500000
0.344081 0.030907 -0.500000
0.221103 -0.052536 -0.500000
-0.280333 -0.084450 -0.500000
0.038328 -0.074659 -0.500000
0.503985 -0.003528 -0.500000
0.340111 0.031629 -0.500000
-0.352592 -0.076526 -0.500000
0.147801 -0.062386 -0.500000
0.070970 -0.071337 -0.500000
0.346968 0.030379 -0.500000
0.493594 0.001054 -0.500000
-0.490114 0.004850 -0.500000
0.465311 0.007120 -0.500000
0.233414 0.049792 -0.500000
-0.331723 -0.079507 -0.500000
0.467472 0.006664 -0.500000
0.450142 -0.014283 -0.500000
-0.488826 -0.012513 -0.500000
0.503088 -0.003714 -0.500000
-0.395320 -0.067980 -0.500000
0.434184 0.013559 -0.500000
0.111449 -0.066809 -0.500000
-0.159142 0.090372 -0.500000
0.131418 -0.064420 -0.500000
-0.185323 -0.087216 -0.500000
-0.490287 0.003824 -0.500000
0.506182 -0.003073 -0.500000
-0.155109 0.090279 -0.500000
-0.490657 -0.002588 -0.500000
0.041423 -0.074358 -0.500000
-0.099675 0.088070 -0.500000
-0.079190 -0.083805 -0.500000
-0.088359 0.087414 -0.500000
0.376287 -0.027874 -0.500000
0.278937 -0.043940 -0.500000
-0.269256 0.088158 -0.500000
0.139886 -0.063377 -0.500000
0.058299 0.074081 -0.500000
0.034659 0.076748 -0.500000
0.073648 0.072261 -0.500000
-0.436178 -0.055059 -0.500000
-0.237463 0.089837 -0.500000
0.362422 0.027524 -0.500000
-0.101474 0.088167 -0.500000
0.195741 0.055624 -0.500000
0.115824 -0.066294 -0.500000
-0.006953 0.081006 -0.500000
0.166207 0.059977 -0.500000
0.160636 -0.060749 -0.500000
0.371210 -0.028763 -0.500000
-0.031134 -0.080643 -0.500000
0.298683 -0.040844 -0.500000
-0.174763 -0.087138 -0.500000
-0.452840 -0.047401 -0.500000
-0.264432 -0.085418 -0.500000
0.034310 -0.075047 -0.500000
-0.359763 0.076803 -0.500000
0.053903 -0.073113 -0.500000
0.328307 0.033758 -0.500000
0.138032 -0.063606 -0.500000
-0.061207 -0.082725 -0.500000
-0.350494 0.078528 -0.500000
-0.484945 0.018050 -0.500000
-0.367177 0.075305 -0.500000
-0.023163 -0.080037 -0.500000
-0.341515 -0.078189 -0.500000
-0.354268 -0.076256 -0.500000
-0.281494 -0.084372 -0.500000
0.499450 -0.004464 -0.500000
0.234515 -0.050605 -0.500000
-0.172731 0.090598 -0.500000
-0.218845 0.090393 -0.500000
0.407698 -0.022249 -0.500000
0.270542 0.043746 -0.500000
-0.200935 -0.087208 -0.500000
0.240430 -0.049742 -0.500000
-0.220527 -0.086971 -0.500000
0.060838 -0.072401 -0.500000
-0.438526 -0.054095 -0.500000
-0.207484 -0.087159 -0.500000
-0.425086 0.058819 -0.500000
0.280402 -0.043713 -0.500000
-0.487833 0.012425 -0.500000
-0.328983 -0.079853 -0.500000
-0.228890 0.090133 -0.500000
0.250722 -0.048222 -0.500000
-0.185221 -0.087216 -0.500000
0.256043 0.046142 -0.500000
-0.364700 0.075815 -0.500000
0.141860 0.063414 -0.500000
-0.192755 -0.087232 -0.500000
0.185486 0.057158 -0.500000
0.273866 0.043190 -0.500000
0.140218 0.063640 -0.500000
0.312957 -0.038555 -0.500000
0.423836 -0.019271 -0.500000
0.284053 -0.043146 -0.500000
0.153348 -0.061684 -0.500000
-0.418040 -0.061579 -0.500000
0.372307 -0.028571 -0.500000
-0.263082 -0.085488 -0.500000
0.214627 0.052739 -0.500000
-0.136345 -0.086331 -0.500000
-0.454605 -0.046458 -0.500000
0.361683 0.027662 -0.500000
0.054196 0.074555 -0.500000
-0.230882 0.090067 -0.500000
0.046798 -0.073827 -0.500000
-0.197038 -0.087222 -0.500000
0.028660 0.077397 -0.500000
0.049347 -0.073572 -0.500000
-0.128412 0.089435 -0.500000
0.343724 0.030972 -0.500000
-0.158531 0.090361 -0.500000
-0.107996 0.088509 -0.500000
0.486581 0.002578 -0.500000
-0.028976 0.083009 -0.500000
0.184912 -0.057549 -0.500000
0.297622 -0.041012 -0.500000
-0.271018 0.088031 -0.500000
-0.379873 0.072467 -0.500000
-0.045379 0.084379 -0.500000
0.363740 0.027278 -0.500000
0.136711 0.064123 -0.500000
0.128813 0.065198 -0.500000
-0.173445 -0.087122 -0.500000
0.124484 0.065780 -0.500000
-0.442770 -0.052265 -0.500000
-0.395934 0.068334 -0.500000
0.379123 0.024379 -0.500000
0.339032 -0.034262 -0.500000
-0.476102 0.029054 -0.500000
0.465484 0.007084 -0.500000
0.336485 -0.034688 -0.500000
-0.226728 -0.086840 -0.500000
-0.161041 0.090409 -0.500000
-0.221325 -0.086956 -0.500000
-0.203766 0.090635 -0.500000
0.087487 0.070564 -0.500000
-0.026201 0.082767 -0.500000
0.146581 -0.062540 -0.500000
0.343587 0.030997 -0.500000
0.147049 0.062693 -0.500000
-0.318792 -0.081046 -0.500000
0.101406 0.068806 -0.500000
-0.479497 -0.027840 -0.500000
0.018960 -0.076482 -0.500000
-0.385281 -0.070342 -0.500000
-0.280064 0.087350 -0.500000
-0.152624 0.090220 -0.500000
0.145553 -0.062669 -0.500000
-0.255847 -0.085843 -0.500000
-0.133449 0.089625 -0.500000
0.274542 -0.044618 -0.500000
-0.262900 -0.085498 -0.500000
-0.049803 -0.081974 -0.500000
-0.418156 -0.061542 -0.500000
0.343984 0.030924 -0.500000
0.498406 -0.004678 -0.500000
-0.060755 0.085559 -0.500000
-0.303872 0.085115 -0.500000
-0.065024 0.085870 -0.500000
-0.421819 0.060042 -0.500000
0.128154 0.065286 -0.500000
0.043504 0.075769 -0.500000
0.380055 0.024202 -0.500000
0.154369 0.061665 -0.500000
-0.286300 0.086829 -0.500000
0.111211 -0.066837 -0.500000
0.364879 0.027065 -0.500000
-0.289326 -0.083797 -0.500000
0.228167 0.050623 -0.500000
0.401513 -0.023375 -0.500000
-0.461634 0.040643 -0.500000
0.073106 -0.071110 -0.500000
-0.346062 0.079299 -0.500000
0.427435 -0.018598 -0.500000
-0.372158 0.074232 -0.500000
0.313633 0.036362 -0.500000
0.423521 0.015710 -0.500000
-0.183730 -0.087210 -0.500000
0.480617 -0.008289 -0.500000
0.253177 0.046610 -0.500000
-0.079571 0.086863 -0.500000
-0.422164 0.059915 -0.500000
0.265357 -0.046022 -0.500000
0.003057 -0.077891 -0.500000
0.338690 -0.034319 -0.500000
-0.204715 -0.087180 -0.500000
0.238393 -0.050040 -0.500000
0.003370 -0.077864 -0.500000
-0.454596 -0.046463 -0.500000
-0.139264 -0.086421 -0.500000
-0.490523 0.001926 -0.500000
-0.196626 0.090689 -0.500000
0.383014 -0.026688 -0.500000
0.254517 0.046391 -0.500000
0.365609 0.026929 -0.500000
0.400790 0.020206 -0.500000
-0.420908 0.060377 -0.500000
0.122654 0.066025 -0.500000
-0.239075 0.089773 -0.500000
0.291426 -0.041991 -0.500000
-0.383457 0.071601 -0.500000
-0.122365 0.089183 -0.500000
0.302623 0.038286 -0.500000
-0.233205 0.089989 -0.500000
0.502114 -0.000816 -0.500000
0.316549 0.035848 -0.500000
0.286558 -0.042755 -0.500000
0.299939 -0.040644 -0.500000
0.215140 -0.053381 -0.500000
-0.469204 0.035153 -0.500000
0.206524 0.053987 -0.500000
0.257484 0.045906 -0.500000
0.426555 0.015101 -0.500000
-0.368330 0.075059 -0.500000
0.445457 0.011255 -0.500000
0.226536 -0.051758 -0.500000
0.477296 -0.008954 -0.500000
-0.019381 0.082159 -0.500000
-0.490673 -0.002004 -0.500000
0.371573 -0.028699 -0.500000
-0.045981 0.084426 -0.500000
-0.142689 0.089942 -0.500000
0.445235 0.011301 -0.500000
0.438740 0.012632 -0.500000
-0.058784 -0.082568 -0.500000
-0.347728 0.079014 -0.500000
0.364460 0.027144 -0.500000
-0.488962 -0.012105 -0.500000
-0.258444 -0.085722 -0.500000
0.468434 -0.010714 -0.500000
-0.341326 0.080086 -0.500000
0.469580 -0.010487 -0.500000
0.210755 -0.053998 -0.500000
-0.266150 0.088361 -0.500000
0.185425 0.057167 -0.500000
0.357115 -0.031199 -0.500000
-0.056053 -0.082392 -0.500000
0.074469 0.072162 -0.500000
-0.046061 0.084433 -0.500000
-0.061606 -0.082751 -0.500000
-0.430982 -0.057087 -0.500000
0.357083 0.028516 -0.500000
0.161728 0.060620 -0.500000
0.452222 0.009857 -0.500000
0.301583 0.038466 -0.500000
0.355662 0.028779 -0.500000
-0.341986 -0.078123 -0.500000
0.236969 0.049226 -0.500000
-0.490678 -0.001651 -0.500000
0.074243 -0.070988 -0.500000
-0.023478 -0.080062 -0.500000
-0.088633 -0.084323 -0.500000
-0.314521 -0.081508 -0.500000
-0.284162 0.087011 -0.500000
-0.134471 -0.086271 -0.500000
0.376410 -0.027853 -0.500000
-0.215466 -0.087061 -0.500000
-0.326376 0.082335 -0.500000
-0.298072 -0.083082 -0.500000
-0.489788 -0.009143 -0.500000
-0.356392 0.077448 -0.500000
-0.211199 0.090538 -0.500000
0.451986 0.009906 -0.500000
0.403863 -0.022948 -0.500000
-0.012720 0.081548 -0.500000
0.074755 0.072128 -0.500000
0.132852 -0.064244 -0.500000
-0.127372 -0.086033 -0.500000
-0.262784 0.088580 -0.500000
0.390661 -0.025328 -0.500000
-0.173045 0.090603 -0.500000
0.339515 -0.034181 -0.500000
-0.351843 -0.076646 -0.500000
-0.405439 0.065553 -0.500000
0.476283 0.004792 -0.500000
-0.248461 0.089364 -0.500000
0.246293 0.047728 -0.500000
0.446069 0.011129 -0.500000
0.426569 0.015098 -0.500000
-0.165142 0.090487 -0.500000
-0.039971 0.083939 -0.500000
-0.444966 0.050170 -0.500000
-0.438127 0.053405 -0.500000
-0.284397 -0.084164 -0.500000
-0.464548 -0.040477 -0.500000
-0.250509 -0.086079 -0.500000
-0.358243 -0.075599 -0.500000
-0.454444 0.045097 -0.500000
0.167814 -0.059817 -0.500000
0.248395 0.047388 -0.500000
0.324391 0.034457 -0.500000
-0.301891 0.085324 -0.500000
0.452852 -0.013759 -0.500000
0.148224 -0.062333 -0.500000
0.204183 -0.054915 -0.500000
0.186640 0.056987 -0.500000
-0.403636 -0.065823 -0.500000
-0.459384 0.042104 -0.500000
0.307526 0.037432 -0.500000
0.492369 0.001321 -0.500000
-0.438334 -0.054175 -0.500000
0.353911 -0.031747 -0.500000
-0.258917 0.088808 -0.500000
0.392636 -0.024974 -0.500000
0.049111 0.075137 -0.500000
0.134317 -0.064064 -0.500000
0.001800 0.080159 -0.500000
0.275736 0.042877 -0.500000
0.088635 0.070421 -0.500000
-0.421406 -0.060477 -0.500000
-0.444635 0.050334 -0.500000
0.206133 0.054047 -0.500000
-0.016179 0.081867 -0.500000
-0.291710 0.086339 -0.500000
0.159043 -0.060954 -0.500000
-0.353475 -0.076384 -0.500000
-0.275299 -0.084782 -0.500000
-0.225462 -0.086870 -0.500000
-0.447589 0.048842 -0.500000
0.292230 0.040079 -0.500000
-0.219682 0.090375 -0.500000
-0.424571 -0.059402 -0.500000
-0.277503 0.087551 -0.500000
-0.461393 -0.042515 -0.500000
0.111471 0.067503 -0.500000
-0.124148 0.089258 -0.500000
0.031986 0.077038 -0.500000
0.249982 -0.048332 -0.500000
0.336217 0.032335 -0.500000
-0.213234 -0.087089 -0.500000
-0.411128 -0.063703 -0.500000
0.096476 -0.068534 -0.500000
-0.393861 0.068907 -0.500000
-0.442585 0.051334 -0.500000
-0.490653 0.000012 -0.500000
0.032359 0.076998 -0.500000
-0.469673 0.034778 -0.500000
-0.390691 0.069758 -0.500000
0.331370 0.033208 -0.500000
0.272127 -0.044989 -0.500000
-0.020830 -0.079855 -0.500000
0.413887 0.017630 -0.500000
0.184625 -0.057588 -0.500000
-0.263910 0.088507 -0.500000
0.396877 -0.024212 -0.500000
0.496136 -0.005144 -0.500000
-0.166883 0.090516 -0.500000
0.327765 0.033855 -0.500000
0.450974 -0.014122 -0.500000
0.183029 -0.057802 -0.500000
-0.486682 -0.017570 -0.500000
0.230642 0.050232 -0.500000
0.116716 0.066813 -0.500000
-0.280500 -0.084438 -0.500000
0.463832 -0.011620 -0.500000
0.377818 0.024627 -0.500000
0.332462 0.033012 -0.500000
-0.477107 0.028037 -0.500000
-0.474741 0.030371 -0.500000
0.495283 -0.005318 -0.500000
-0.023222 0.082504 -0.500000
0.066411 -0.071820 -0.500000
0.006926 -0.077556 -0.500000
-0.085727 -0.084166 -0.500000
0.060985 0.073767 -0.500000
0.206492 -0.054594 -0.500000
-0.342275 0.079933 -0.500000
-0.306638 -0.082300 -0.500000
-0.059453 -0.082612 -0.500000
0.419495 0.016515 -0.500000
0.262521 0.045077 -0.500000
0.299292 0.038863 -0.500000
-0.436285 0.054225 -0.500000
0.103863 -0.067690 -0.500000
-0.289381 -0.083793 -0.500000
-0.382401 -0.070974 -0.500000
0.203005 0.054524 -0.500000
-0.369382 -0.073609 -0.500000
-0.432093 -0.056664 -0.500000
-0.239724 -0.086477 -0.500000
-0.127699 0.089407 -0.500000
0.428114 0.014787 -0.500000
0.038312 0.076346 -0.500000
0.076573 0.071907 -0.500000
0.121259 -0.065647 -0.500000
0.061272 0.073733 -0.500000
0.254316 0.046424 -0.500000
0.258970 -0.046987 -0.500000
-0.417675 0.061532 -0.500000
0.327063 -0.036250 -0.500000
0.164513 0.060221 -0.500000
-0.409562 0.064256 -0.500000
0.130951 0.064908 -0.500000
-0.366525 0.075439 -0.500000
0.343245 -0.033555 -0.500000
-0.449627 -0.049042 -0.500000
0.176920 -0.058617 -0.500000
0.318000 0.035592 -0.500000
-0.347024 0.079137 -0.500000
-0.102396 -0.085007 -0.500000
-0.102798 -0.085026 -0.500000
-0.053884 -0.082248 -0.500000
-0.422260 0.059879 -0.500000
0.505956 -0.003120 -0.500000
0.122657 0.066024 -0.500000
0.173044 0.058987 -0.500000
-0.310076 0.084416 -0.500000
-0.066062 -0.083028 -0.500000
0.085576 0.070802 -0.500000
0.003746 -0.077832 -0.500000
0.177290 0.058367 -0.500000
0.365888 -0.029688 -0.500000
-0.087747 0.087377 -0.500000
0.249654 0.047183 -0.500000
0.311878 -0.038729 -0.500000
0.120651 0.066292 -0.500000
0.253922 0.046488 -0.500000
-0.249520 0.089316 -0.500000
0.354548 0.028985 -0.500000
-0.117957 -0.085680 -0.500000
0.011710 0.079169 -0.500000
-0.146678 0.090058 -0.500000
0.036584 -0.074828 -0.500000
-0.031907 -0.080700 -0.500000
0.432551 -0.017637 -0.500000
0.195983 -0.056046 -0.500000
0.305941 0.037709 -0.500000
0.207810 0.053790 -0.500000
-0.296794 0.085848 -0.500000
-0.204695 -0.087180 -0.500000
-0.446880 0.049206 -0.500000
0.150683 0.062184 -0.500000
-0.235383 -0.086613 -0.500000
-0.141772 -0.086491 -0.500000
-0.414908 0.062488 -0.500000
-0.280527 0.087314 -0.500000
0.383224 0.023597 -0.500000
-0.330118 -0.079712 -0.500000
-0.453801 0.045464 -0.500000
-0.457656 0.043181 -0.500000
-0.219015 -0.086998 -0.500000
0.192561 -0.056513 -0.500000
0.358024 -0.031043 -0.500000
-0.436017 0.054343 -0.500000
-0.420153 0.060650 -0.500000
-0.476169 0.028986 -0.500000
-0.238918 0.089779 -0.500000
-0.488089 -0.014494 -0.500000
-0.041739 0.084084 -0.500000
0.364937 -0.029852 -0.500000
0.259792 -0.046863 -0.500000
-0.020176 0.082230 -0.500000
-0.392337 -0.068708 -0.500000
0.332458 0.033013 -0.500000
0.015408 0.078790 -0.500000
0.139536 -0.063420 -0.500000
0.357889 0.028367 -0.500000
0.216353 0.052472 -0.500000
-0.264036 0.088499 -0.500000
-0.465860 0.037702 -0.500000
-0.094441 0.087774 -0.500000
0.454104 -0.013517 -0.500000
-0.319030 -0.081020 -0.500000
0.488972 -0.006604 -0.500000
-0.230395 -0.086755 -0.500000
-0.069622 -0.083246 -0.500000
-0.427573 -0.058341 -0.500000
-0.484787 0.018306 -0.500000
0.354258 -0.031688 -0.500000
-0.270896 0.088040 -0.500000
-0.385585 0.071073 -0.500000
-0.313269 -0.081637 -0.500000
0.096297 -0.068554 -0.500000
-0.293344 -0.083480 -0.500000
-0.080439 0.086918 -0.500000
-0.183592 0.090689 -0.500000
0.300391 -0.040572 -0.500000
0.289305 -0.042324 -0.500000
-0.032623 0.083323 -0.500000
0.085288 0.070838 -0.500000
-0.094024 -0.084599 -0.500000
-0.321816 0.082954 -0.500000
-0.475642 0.029505 -0.500000
0.269649 -0.045368 -0.500000
-0.008827 -0.078892 -0.500000
0.288250 -0.042490 -0.500000
0.417495 0.016914 -0.500000
0.422762 0.015863 -0.500000
-0.304556 -0.082500 -0.500000
-0.142600 0.089939 -0.500000
0.227370 -0.051638 -0.500000
0.170789 -0.059427 -0.500000
-0.427540 -0.058353 -0.500000
-0.277398 -0.084647 -0.500000
0.395305 -0.024495 -0.500000
-0.439329 -0.053757 -0.500000
-0.212724 -0.087095 -0.500000
-0.386872 0.070747 -0.500000
-0.028823 0.082996 -0.500000
0.019318 0.078385 -0.500000
0.422228 0.015969 -0.500000
-0.487359 0.013506 -0.500000
0.447144 -0.014860 -0.500000
-0.389919 -0.069281 -0.500000
0.331385 0.033206 -0.500000
-0.413276 0.063041 -0.500000
-0.147283 0.090075 -0.500000
-0.382740 0.071777 -0.500000
0.112887 0.067317 -0.500000
0.139307 -0.063448 -0.500000
0.375828 0.025004 -0.500000
-0.353202 -0.076428 -0.500000
0.007147 -0.077537 -0.500000
-0.331783 0.081561 -0.500000
-0.000444 -0.078191 -0.500000
-0.056472 0.085242 -0.500000
0.198507 0.055207 -0.500000
0.274657 -0.044600 -0.500000
-0.484646 -0.021120 -0.500000
-0.046129 -0.081721 -0.500000
0.041970 -0.074304 -0.500000
0.123249 -0.065409 -0.500000
-0.230265 0.090087 -0.500000
-0.348611 0.078859 -0.500000
-0.243640 0.089586 -0.500000
0.109222 -0.067069 -0.500000
-0.089022 0.087454 -0.500000
-0.461753 0.040564 -0.500000
0.481967 -0.008018 -0.500000
0.018828 0.078437 -0.500000
0.386657 0.022940 -0.500000
0.302984 -0.040159 -0.500000
0.012238 -0.077088 -0.500000
0.280519 -0.043695 -0.500000
0.287704 -0.042575 -0.500000
-0.412739 0.063218 -0.500000
-0.114223 -0.085527 -0.500000
0.142214 0.063365 -0.500000
-0.245295 -0.086283 -0.500000
0.216756 0.052409 -0.500000
0.049150 0.075132 -0.500000
-0.485263 -0.020124 -0.500000
-0.124513 -0.085932 -0.500000
-0.289888 0.086506 -0.500000
0.421363 0.016142 -0.500000
0.099138 -0.068232 -0.500000
0.040918 0.076058 -0.500000
0.139555 0.063732 -0.500000
0.106286 0.068177 -0.500000
0.062987 0.073532 -0.500000
-0.298754 -0.083024 -0.500000
0.373506 0.025444 -0.500000
-0.021263 0.082328 -0.500000
-0.428844 0.057347 -0.500000
-0.308490 -0.082120 -0.500000
-0.415874 -0.062263 -0.500000
-0.405141 0.065644 -0.500000
-0.131523 -0.086178 -0.500000
0.131699 -0.064385 -0.500000
-0.395139 0.068555 -0.500000
-0.270898 0.088040 -0.500000
0.209691 -0.054147 -0.500000
-0.489985 -0.008242 -0.500000
0.315457 -0.038150 -0.500000
-0.228121 0.090156 -0.500000
0.225663 -0.051883 -0.500000
-0.147957 -0.086657 -0.500000
0.267910 0.044184 -0.500000
0.206024 -0.054659 -0.500000
-0.419955 0.060721 -0.500000
-0.353859 -0.076322 -0.500000
-0.392744 -0.068610 -0.500000
0.499913 -0.000331 -0.500000
-0.150472 -0.086718 -0.500000
0.478964 -0.008620 -0.500000
0.183063 0.057517 -0.500000
0.332786 -0.035303 -0.500000
-0.388816 -0.069538 -0.500000
-0.157269 0.090331 -0.500000
0.342678 -0.033650 -0.500000
-0.233330 0.089985 -0.500000
-0.473866 0.031182 -0.500000
0.349916 0.029839 -0.500000
-0.322587 -0.080616 -0.500000
-0.201007 -0.087208 -0.500000
-0.032954 -0.080777 -0.500000
0.381868 -0.026891 -0.500000
0.445765 0.011192 -0.500000
-0.489957 -0.008374 -0.500000
0.225317 -0.051933 -0.500000
-0.082283 0.087037 -0.500000
0.427134 0.014985 -0.500000
-0.388384 -0.069639 -0.500000
0.431517 -0.017832 -0.500000
0.023422 -0.076073 -0.500000
-0.213434 -0.087086 -0.500000
-0.130890 -0.086157 -0.500000
0.437262 -0.016746 -0.500000
-0.180993 -0.087190 -0.500000
0.330751 0.033320 -0.500000
-0.061337 -0.082733 -0.500000
0.502888 -0.003755 -0.500000
0.380781 0.024063 -0.500000
-0.143589 -0.086542 -0.500000
0.014256 -0.076907 -0.500000
0.482217 -0.007968 -0.500000
0.174829 -0.058895 -0.500000
-0.438364 -0.054162 -0.500000
-0.008119 -0.078833 -0.500000
-0.484781 0.018315 -0.500000
0.021775 -0.076224 -0.500000
-0.252101 0.089182 -0.500000
0.463890 0.007420 -0.500000
-0.197841 -0.087220 -0.500000
0.268735 -0.045508 -0.500000
-0.014772 -0.079375 -0.500000
-0.299891 -0.082924 -0.500000
0.028218 -0.075625 -0.500000
-0.362721 0.076217 -0.500000
-0.433547 -0.056104 -0.500000
-0.153940 -0.086800 -0.500000
0.276559 0.042738 -0.500000
0.452512 0.009797 -0.500000
0.310104 0.036982 -0.500000
0.170757 -0.059432 -0.500000
0.271955 0.043510 -0.500000
-0.193294 0.090699 -0.500000
-0.065317 -0.082982 -0.500000
-0.383938 -0.070639 -0.500000
-0.262473 0.088599 -0.500000
0.402581 -0.023181 -0.500000
-0.482588 -0.024087 -0.500000
0.474911 0.005085 -0.500000
-0.139938 -0.086440 -0.500000
0.085880 -0.069720 -0.500000
0.326423 -0.036356 -0.500000
0.422723 0.015870 -0.500000
0.263312 -0.046332 -0.500000
0.177183 0.058382 -0.500000
-0.212905 -0.087093 -0.500000
0.426559 -0.018762 -0.500000
0.115526 0.066971 -0.500000
-0.385344 0.071134 -0.500000
-0.103399 -0.085053 -0.500000
0.263250 -0.046341 -0.500000
0.165638 0.060059 -0.500000
0.317588 -0.037803 -0.500000
-0.440372 0.052378 -0.500000
0.395972 0.021143 -0.500000
0.318607 -0.037637 -0.500000
0.193312 -0.056411 -0.500000
0.026733 0.077603 -0.500000
0.442036 0.011958 -0.500000
0.255621 0.046211 -0.500000
0.211848 0.053169 -0.500000
0.177517 -0.058538 -0.500000
0.454515 0.009381 -0.500000
-0.119918 -0.085756 -0.500000
0.506107 -0.003089 -0.500000
0.415411 0.017328 -0.500000
0.006857 -0.077563 -0.500000
-0.151665 -0.086747 -0.500000
0.068525 0.072876 -0.500000
-0.374377 -0.072642 -0.500000
0.295882 0.039451 -0.500000
-0.473134 -0.034006 -0.500000
0.342381 -0.033700 -0.500000
0.005117 0.079832 -0.500000
-0.123861 0.089246 -0.500000
-0.442753 0.051252 -0.500000
0.130432 -0.064540 -0.500000
0.408184 0.018757 -0.500000
0.226538 -0.051758 -0.500000
-0.333071 0.081372 -0.500000
-0.490524 0.001917 -0.500000
0.060970 0.073768 -0.500000
-0.433051 -0.056297 -0.500000
0.243811 0.048128 -0.500000
-0.059424 -0.082610 -0.500000
0.161518 -0.060635 -0.500000
0.099650 -0.068173 -0.500000
-0.195900 0.090691 -0.500000
0.066919 -0.071767 -0.500000
0.007959 0.079547 -0.500000
-0.344060 -0.077825 -0.500000
-0.022380 -0.079976 -0.500000
0.047746 -0.073733 -0.500000
-0.058512 -0.082551 -0.500000
0.411535 -0.021547 -0.500000
0.369688 0.026163 -0.500000
0.137520 0.064012 -0.500000
0.297626 -0.041012 -0.500000
0.438903 -0.016435 -0.500000
0.388109 -0.025783 -0.500000
0.463465 -0.011692 -0.500000
0.353636 -0.031794 -0.500000
0.432965 0.013807 -0.500000
0.136226 -0.063829 -0.500000
-0.066060 0.085943 -0.500000
0.440189 0.012336 -0.500000
0.448907 -0.014521 -0.500000
0.131298 -0.064434 -0.500000
-0.314082 -0.081554 -0.500000
0.311961 0.036656 -0.500000
0.079776 -0.070389 -0.500000
0.205211 0.054187 -0.500000
-0.465956 -0.039517 -0.500000
0.425059 -0.019043 -0.500000
-0.265399 0.088410 -0.500000
-0.257692 0.088880 -0.500000
-0.104514 0.088330 -0.500000
0.157215 0.061263 -0.500000
-0.008687 -0.078880 -0.500000
-0.331205 -0.079573 -0.500000
0.302610 0.038288 -0.500000
0.343719 -0.033475 -0.500000
-0.377459 -0.072017 -0.500000
0.246409 -0.048861 -0.500000
-0.284653 0.086969 -0.500000
-0.235099 0.089926 -0.500000
0.379495 0.024308 -0.500000
0.292878 -0.041763 -0.500000
0.006998 -0.077550 -0.500000
0.084864 -0.069832 -0.500000
0.507668 -0.002764 -0.500000
0.075804 0.072000 -0.500000
0.367214 0.026628 -0.500000
-0.448921 0.048147 -0.500000
-0.412811 0.063194 -0.500000
-0.046563 -0.081752 -0.500000
-0.008611 0.081162 -0.500000
0.183330 -0.057762 -0.500000
-0.324068 0.082655 -0.500000
0.374790 -0.028137 -0.500000
-0.448679 0.048275 -0.500000
0.243458 0.048185 -0.500000
-0.259845 0.088753 -0.500000
-0.407510 0.064908 -0.500000
0.279709 -0.043820 -0.500000
-0.361856 0.076388 -0.500000
0.131415 0.064845 -0.500000
0.136979 0.064086 -0.500000
-0.097042 -0.084749 -0.500000
-0.137311 -0.086361 -0.500000
-0.031528 0.083230 -0.500000
0.140633 -0.063284 -0.500000
-0.233318 0.089985 -0.500000
0.262943 0.045007 -0.500000
0.098224 -0.068336 -0.500000
0.024695 -0.075954 -0.500000
-0.484952 0.018038 -0.500000
0.492330 -0.005921 -0.500000
-0.254050 0.089079 -0.500000
0.347740 0.030238 -0.500000
0.509210 -0.002444 -0.500000
0.422116 0.015992 -0.500000
0.029418 -0.075513 -0.500000
-0.220152 -0.086977 -0.500000
0.028535 -0.075595 -0.500000
-0.452192 -0.047739 -0.500000
-0.408193 0.064695 -0.500000
-0.372246 -0.073059 -0.500000
-0.475102 0.030026 -0.500000
0.086977 0.070628 -0.500000
-0.198231 -0.087219 -0.500000
-0.395444 -0.067949 -0.500000
0.391218 -0.025228 -0.500000
-0.348621 0.078858 -0.500000
0.358928 0.028174 -0.500000
-0.026663 -0.080305 -0.500000
-0.013344 0.081606 -0.500000
-0.235652 0.089907 -0.500000
0.036441 -0.074842 -0.500000
0.074417 -0.070969 -0.500000
-0.198967 0.090678 -0.500000
0.194408 -0.056262 -0.500000
-0.125560 0.089317 -0.500000
0.131891 -0.064362 -0.500000
-0.407702 0.064848 -0.500000
0.004879 -0.077734 -0.500000
0.342647 -0.033655 -0.500000
0.385788 0.023107 -0.500000
-0.331121 -0.079584 -0.500000
-0.454435 -0.046551 -0.500000
0.354787 0.028941 -0.500000
0.437580 -0.016686 -0.500000
-0.246873 -0.086221 -0.500000
0.347381 0.030304 -0.500000
0.193303 0.055991 -0.500000
-0.206381 0.090610 -0.500000
0.039638 0.076200 -0.500000
-0.397040 -0.067552 -0.500000
-0.212360 -0.087100 -0.500000
0.289469 -0.042299 -0.500000
-0.416007 -0.062221 -0.500000
-0.140088 0.089855 -0.500000
-0.229173 -0.086784 -0.500000
-0.338025 -0.078676 -0.500000
-0.109010 -0.085306 -0.500000
0.295228 0.039564 -0.500000
0.210600 0.053361 -0.500000
-0.163993 0.090465 -0.500000
0.320597 -0.037312 -0.500000
0.238799 -0.049981 -0.500000
0.365593 -0.029739 -0.500000
0.049735 0.075066 -0.500000
0.219470 -0.052768 -0.500000
-0.186047 -0.087218 -0.500000
0.197231 0.055400 -0.500000
-0.396121 0.068282 -0.500000
0.020568 -0.076335 -0.500000
-0.254409 0.089061 -0.500000
0.293137 -0.041722 -0.500000
0.364152 0.027201 -0.500000
0.464075 0.007381 -0.500000
-0.424670 0.058976 -0.500000
-0.273130 0.087879 -0.500000
-0.059554 0.085471 -0.500000
0.139798 0.063698 -0.500000
0.340275 0.031600 -0.500000
0.140722 0.063571 -0.500000
-0.346364 0.079248 -0.500000
0.191810 -0.056616 -0.500000
0.218039 -0.052971 -0.500000
-0.179993 -0.087183 -0.500000
-0.315047 -0.081454 -0.500000
0.024109 -0.076009 -0.500000
0.025397 -0.075889 -0.500000
-0.390263 -0.069201 -0.500000
-0.041153 -0.081373 -0.500000
0.289165 -0.042346 -0.500000
-0.364570 0.075841 -0.500000
0.079646 -0.070404 -0.500000
0.154998 0.061576 -0.500000
0.019133 -0.076466 -0.500000
0.445727 0.011200 -0.500000
-0.150538 0.090169 -0.500000
-0.116434 -0.085620 -0.500000
-0.359158 -0.075446 -0.500000
-0.078888 0.086819 -0.500000
0.495094 0.000726 -0.500000
0.407137 -0.022352 -0.500000
-0.447273 0.049006 -0.500000
-0.045798 -0.081698 -0.500000
0.213724 -0.053581 -0.500000
-0.070044 -0.083271 -0.500000
0.302170 -0.040289 -0.500000
-0.228724 -0.086794 -0.500000
0.346537 0.030458 -0.500000
-0.014069 0.081673 -0.500000
0.414027 -0.021089 -0.500000
-0.429337 -0.057700 -0.500000
-0.170885 -0.087092 -0.500000
-0.483779 -0.022430 -0.500000
0.084171 0.070976 -0.500000
0.467422 0.006675 -0.500000
0.225382 0.051062 -0.500000
0.030410 -0.075418 -0.500000
-0.471864 -0.035071 -0.500000
0.274697 -0.044594 -0.500000
0.157218 0.061262 -0.500000
-0.174995 -0.087140 -0.500000
0.362481 -0.030277 -0.500000
0.262354 0.045104 -0.500000
-0.265985 -0.085331 -0.500000
-0.233855 0.089967 -0.500000
-0.374189 -0.072679 -0.500000
0.359129 0.028137 -0.500000
-0.001389 -0.078271 -0.500000
0.022676 -0.076141 -0.500000
-0.367660 -0.073933 -0.500000
0.421077 -0.019785 -0.500000
0.058775 0.074025 -0.500000
-0.002359 -0.078353 -0.500000
-0.278635 -0.084564 -0.500000
-0.307237 -0.082242 -0.500000
-0.079021 0.086827 -0.500000
-0.470623 0.034002 -0.500000
-0.321545 -0.080736 -0.500000
0.088461 -0.069434 -0.500000
-0.354374 -0.076239 -0.500000
0.417078 -0.020526 -0.500000
-0.020640 -0.079840 -0.500000
-0.020084 0.082222 -0.500000
0.104469 -0.067620 -0.500000
-0.476264 0.028891 -0.500000
0.079788 -0.070388 -0.500000
-0.123355 0.089225 -0.500000
0.024903 -0.075935 -0.500000
0.266556 0.044409 -0.500000
0.007036 0.079640 -0.500000
-0.256385 0.088957 -0.500000
-0.070815 0.086278 -0.500000
0.184983 0.057233 -0.500000
0.216187 -0.053233 -0.500000
-0.040287 0.083965 -0.500000
-0.034955 0.083520 -0.500000
0.479627 -0.008488 -0.500000
-0.366513 -0.074144 -0.500000
0.029938 0.077260 -0.500000
0.224713 0.051167 -0.500000
-0.331869 -0.079488 -0.500000
0.379055 0.024392 -0.500000
-0.037819 0.083762 -0.500000
0.269894 0.043854 -0.500000
0.337014 0.032191 -0.500000
-0.027232 -0.080348 -0.500000
0.047847 0.075280 -0.500000
-0.147653 0.090086 -0.500000
0.157033 -0.061213 -0.500000
-0.208854 -0.087144 -0.500000
0.490577 0.001711 -0.500000
-0.150909 0.090178 -0.500000
0.038797 -0.074614 -0.500000
-0.189145 -0.087226 -0.500000
0.345770 0.030599 -0.500000
-0.025209 0.082680 -0.500000
-0.005853 0.080902 -0.500000
-0.462920 0.039777 -0.500000
0.466005 -0.011193 -0.500000
0.259347 -0.046931 -0.500000
0.143947 -0.062870 -0.500000
0.136401 -0.063808 -0.500000
0.132694 -0.064263 -0.500000
-0.062379 0.085679 -0.500000
0.293587 -0.041651 -0.500000
-0.425464 -0.059091 -0.500000
0.244618 -0.049126 -0.500000
-0.082944 -0.084015 -0.500000
0.041367 0.076009 -0.500000
-0.225998 -0.086857 -0.500000
-0.093717 -0.084583 -0.500000
0.139820 0.063695 -0.500000
0.059570 -0.072532 -0.500000
0.243834 0.048125 -0.500000
-0.383669 -0.070697 -0.500000
-0.281027 0.087275 -0.500000
0.186273 0.057041 -0.500000
0.157115 -0.061202 -0.500000
0.369737 0.026154 -0.500000
-0.244056 0.089567 -0.500000
-0.426158 -0.058846 -0.500000
0.278997 -0.043931 -0.500000
-0.007110 -0.078750 -0.500000
0.316808 -0.037930 -0.500000
0.242612 0.048322 -0.500000
-0.088188 0.087404 -0.500000
-0.042413 -0.081463 -0.500000
-0.133710 -0.086247 -0.500000
0.029728 -0.075483 -0.500000
0.298718 -0.040839 -0.500000
0.334074 0.032722 -0.500000
0.438869 0.012606 -0.500000
-0.287920 -0.083907 -0.500000
0.092202 0.069974 -0.500000
0.425791 0.015255 -0.500000
0.394226 0.021481 -0.500000
-0.012659 0.081543 -0.500000
-0.048557 0.084631 -0.500000
-0.490133 0.004745 -0.500000
0.190893 0.056352 -0.500000
-0.276991 0.087591 -0.500000
-0.419721 -0.061033 -0.500000
-0.385884 -0.070206 -0.500000
0.076271 -0.070769 -0.500000
0.040670 0.076086 -0.500000
-0.267782 0.088254 -0.500000
-0.236236 0.089885 -0.500000
0.382230 -0.026827 -0.500000
0.191170 0.056311 -0.500000
-0.316468 -0.081299 -0.500000
0.231290 -0.051073 -0.500000
-0.260707 -0.085608 -0.500000
-0.201715 0.090653 -0.500000
0.079466 -0.070423 -0.500000
0.457573 0.008744 -0.500000
0.350682 -0.032297 -0.500000
0.228967 -0.051408 -0.500000
-0.156549 0.090314 -0.500000
0.028971 0.077364 -0.500000
0.175884 -0.058755 -0.500000
-0.167076 -0.087040 -0.500000
-0.153170 0.090233 -0.500000
-0.378117 0.072883 -0.500000
0.380151 0.024184 -0.500000
-0.425742 -0.058993 -0.500000
-0.284431 -0.084162 -0.500000
0.321491 0.034973 -0.500000
0.383827 -0.026544 -0.500000
0.249637 0.047186 -0.500000
-0.412415 -0.063319 -0.500000
0.232078 0.050004 -0.500000
0.376906 -0.027766 -0.500000
-0.001913 -0.078315 -0.500000
0.121372 -0.065634 -0.500000
-0.434295 0.055089 -0.500000
-0.104883 0.088350 -0.500000
-0.035743 -0.080984 -0.500000
0.431112 0.014182 -0.500000
-0.403705 0.066080 -0.500000
0.007440 0.079600 -0.500000
-0.079865 -0.083843 -0.500000
-0.288657 0.086619 -0.500000
0.246903 -0.048788 -0.500000
0.452374 0.009826 -0.500000
0.273052 -0.044847 -0.500000
0.199383 -0.055579 -0.500000
-0.191656 0.090704 -0.500000
-0.132195 0.089578 -0.500000
0.415837 0.017244 -0.500000
0.206788 -0.054553 -0.500000
-0.160689 0.090402 -0.500000
0.389511 0.022391 -0.500000
-0.130726 -0.086151 -0.500000
-0.481749 -0.025176 -0.500000
0.416957 -0.020548 -0.500000
0.073201 0.072315 -0.500000
-0.182675 -0.087202 -0.500000
0.023972 0.077897 -0.500000
-0.459590 0.041973 -0.500000
-0.483901 -0.022250 -0.500000
0.045865 0.075504 -0.500000
-0.232232 0.090022 -0.500000
-0.481827 -0.025078 -0.500000
0.184582 -0.057594 -0.500000
0.429438 0.014520 -0.500000
0.134608 0.064410 -0.500000
-0.239100 -0.086498 -0.500000
-0.460556 -0.043032 -0.500000
-0.102068 -0.084991 -0.500000
0.264027 -0.046223 -0.500000
-0.447533 0.048871 -0.500000
0.483094 0.003331 -0.500000
0.445063 -0.015259 -0.500000
-0.118786 -0.085712 -0.500000
0.487613 0.002354 -0.500000
0.223406 0.051371 -0.500000
-0.184869 0.090693 -0.500000
-0.401931 0.066610 -0.500000
0.173013 0.058992 -0.500000
-0.245650 -0.086269 -0.500000
0.325886 -0.036444 -0.500000
-0.098635 -0.084826 -0.500000
-0.076204 -0.083635 -0.500000
-0.282012 0.087193 -0.500000
-0.167362 0.090523 -0.500000
-0.042019 0.084107 -0.500000
-0.141211 0.089893 -0.500000
0.445170 0.011314 -0.500000
0.357236 -0.031179 -0.500000
0.313067 0.036462 -0.500000
-0.299658 0.085558 -0.500000
0.282968 -0.043314 -0.500000
0.271090 -0.045148 -0.500000
-0.111442 0.088681 -0.500000
0.254182 -0.047705 -0.500000
-0.319115 0.083310 -0.500000
-0.051270 0.084844 -0.500000
-0.032523 -0.080746 -0.500000
0.119438 0.066454 -0.500000
0.197655 0.055336 -0.500000
0.471618 -0.010084 -0.500000
-0.245080 0.089520 -0.500000
-0.467547 0.036442 -0.500000
-0.168460 0.090538 -0.500000
0.205986 0.054069 -0.500000
-0.412854 0.063180 -0.500000
0.127057 0.065434 -0.500000
-0.228928 -0.086790 -0.500000
-0.225986 -0.086858 -0.500000
-0.437817 0.053545 -0.500000
-0.226003 0.090213 -0.500000
-0.423323 -0.059831 -0.500000
-0.059077 -0.082587 -0.500000
0.495151 -0.005345 -0.500000
0.480842 0.003815 -0.500000
-0.388502 0.070330 -0.500000
0.180715 -0.058112 -0.500000
-0.467643 -0.038322 -0.500000
-0.468968 0.035340 -0.500000
0.037557 0.076429 -0.500000
0.122803 -0.065462 -0.500000
0.432577 -0.017632 -0.500000
-0.424386 -0.059466 -0.500000
-0.377264 0.073080 -0.500000
0.010515 -0.077240 -0.500000
-0.146101 0.090041 -0.500000
0.239411 -0.049891 -0.500000
-0.058464 -0.082548 -0.500000
0.157567 0.061212 -0.500000
-0.265826 0.088382 -0.500000
-0.446201 0.049551 -0.500000
-0.282533 -0.084300 -0.500000
0.319211 0.035378 -0.500000
0.507865 -0.002090 -0.500000
-0.456286 -0.045530 -0.500000
-0.473897 -0.033345 -0.500000
0.509114 -0.002463 -0.500000
-0.479392 -0.027957 -0.500000
-0.418154 0.061365 -0.500000
-0.396962 0.068048 -0.500000
0.359446 0.028078 -0.500000
0.275261 0.042956 -0.500000
-0.063662 0.085773 -0.500000
-0.017848 -0.079621 -0.500000
-0.285387 -0.084092 -0.500000
-0.307284 0.084734 -0.500000
-0.215274 0.090468 -0.500000
-0.406178 0.065324 -0.500000
-0.029346 -0.080509 -0.500000
0.270027 -0.045310 -0.500000
-0.384964 0.071230 -0.500000
-0.352532 -0.076535 -0.500000
-0.004692 0.080790 -0.500000
-0.094781 0.087793 -0.500000
-0.199298 0.090675 -0.500000
0.248967 0.047295 -0.500000
-0.373412 -0.072831 -0.500000
0.054095 -0.073093 -0.500000
-0.069878 0.086213 -0.500000
-0.294122 -0.083417 -0.500000
0.351262 0.029591 -0.500000
-0.406179 0.065324 -0.500000
-0.221445 -0.086954 -0.500000
-0.037717 0.083754 -0.500000
-0.224729 0.090248 -0.500000
0.219036 -0.052829 -0.500000
0.443765 0.011603 -0.500000
0.110527 -0.066916 -0.500000
-0.393092 0.069115 -0.500000
0.057391 -0.072757 -0.500000
-0.361525 0.076454 -0.500000
-0.018120 -0.079642 -0.500000
0.198339 0.055232 -0.500000
-0.124133 -0.085918 -0.500000
-0.129460 0.089474 -0.500000
-0.077764 -0.083724 -0.500000
0.322485 0.034797 -0.500000
-0.423556 0.059396 -0.500000
0.086877 -0.069610 -0.500000
0.006243 -0.077616 -0.500000
-0.253633 0.089101 -0.500000
-0.199015 -0.087217 -0.500000
-0.395966 0.068325 -0.500000
-0.451231 -0.048234 -0.500000
-0.330511 0.081748 -0.500000
0.389407 -0.025552 -0.500000
0.157088 -0.061206 -0.500000
-0.287803 -0.083915 -0.500000
-0.460558 -0.043031 -0.500000
-0.435460 0.054588 -0.500000
-0.000459 0.080381 -0.500000
-0.093941 -0.084595 -0.500000
0.144771 0.063010 -0.500000
0.489405 0.001965 -0.500000
0.352031 -0.032067 -0.500000
0.430250 -0.018070 -0.500000
0.471669 -0.010074 -0.500000
-0.476224 0.028931 -0.500000
0.442244 0.011915 -0.500000
-0.316624 -0.081282 -0.500000
0.424612 0.015492 -0.500000
0.249553 -0.048395 -0.500000
0.357646 -0.031108 -0.500000
0.221578 0.051658 -0.500000
0.036683 -0.074819 -0.500000
0.099339 -0.068209 -0.500000
0.319085 -0.037559 -0.500000
0.382403 0.023754 -0.500000
-0.138558 -0.086401 -0.500000
0.115929 -0.066281 -0.500000
0.065834 -0.071880 -0.500000
-0.368718 -0.073734 -0.500000
-0.241462 -0.086418 -0.500000
0.460871 -0.012200 -0.500000
-0.370796 0.074532 -0.500000
0.413810 0.017646 -0.500000
0.323348 0.034643 -0.500000
-0.450655 0.047218 -0.500000
-0.386284 -0.070116 -0.500000
-0.084262 -0.084086 -0.500000
-0.204041 -0.087185 -0.500000
-0.094444 -0.084620 -0.500000
0.430005 -0.018116 -0.500000
0.401088 0.020147 -0.500000
-0.040601 0.083990 -0.500000
0.287453 0.040895 -0.500000
-0.115396 0.088870 -0.500000
-0.203227 0.090640 -0.500000
0.420076 0.016400 -0.500000
0.328996 -0.035931 -0.500000
-0.268764 -0.085176 -0.500000
0.334530 0.032640 -0.500000
0.109710 -0.067012 -0.500000
0.412975 -0.021282 -0.500000
-0.173284 0.090606 -0.500000
-0.435628 0.054514 -0.500000
-0.475457 -0.031937 -0.500000
-0.011221 0.081408 -0.500000
-0.312159 -0.081751 -0.500000
0.005039 0.079839 -0.500000
-0.327627 -0.080018 -0.500000
-0.490623 0.000623 -0.500000
0.148363 -0.062316 -0.500000
0.305339 0.037814 -0.500000
-0.451867 -0.047908 -0.500000
-0.247447 0.089411 -0.500000
-0.188079 -0.087223 -0.500000
0.091157 0.070106 -0.500000
-0.419870 -0.060985 -0.500000
-0.323143 0.082778 -0.500000
0.336885 0.032214 -0.500000
-0.016582 0.081904 -0.500000
-0.010336 0.081325 -0.500000
0.263878 -0.046246 -0.500000
-0.438759 -0.053999 -0.500000
0.299635 0.038804 -0.500000
-0.277989 -0.084607 -0.500000
0.193460 -0.056391 -0.500000
0.125051 0.065704 -0.500000
0.420858 -0.019825 -0.500000
0.017358 -0.076628 -0.500000
-0.250326 -0.086086 -0.500000
-0.267828 -0.085228 -0.500000
-0.174520 -0.087135 -0.500000
0.042711 -0.074231 -0.500000
-0.342135 -0.078102 -0.500000
0.362161 -0.030332 -0.500000
-0.011547 -0.079115 -0.500000
0.164935 0.060160 -0.500000
0.186100 0.057067 -0.500000
0.044098 0.075703 -0.500000
0.331752 -0.035475 -0.500000
0.115687 0.066949 -0.500000
-0.162060 -0.086960 -0.500000
0.050444 0.074985 -0.500000
0.407410 -0.022302 -0.500000
-0.434902 0.054829 -0.500000
-0.194444 -0.087228 -0.500000
0.072924 0.072348 -0.500000
0.030144 -0.075444 -0.500000
0.221904 -0.052421 -0.500000
-0.338551 -0.078606 -0.500000
0.382109 -0.026849 -0.500000
-0.403210 0.066230 -0.500000
-0.210497 0.090548 -0.500000
0.334186 0.032702 -0.500000
0.047107 -0.073797 -0.500000
-0.171423 -0.087098 -0.500000
0.049607 0.075080 -0.500000
-0.301467 0.085368 -0.500000
0.399791 -0.023686 -0.500000
0.184804 0.057259 -0.500000
-0.426870 -0.058594 -0.500000
0.325468 0.034265 -0.500000
-0.038719 -0.081198 -0.500000
-0.375739 -0.072366 -0.500000
-0.099128 -0.084850 -0.500000
0.056524 -0.072846 -0.500000
0.020418 0.078270 -0.500000
0.121231 0.066214 -0.500000
-0.445116 0.050095 -0.500000
0.094992 0.069623 -0.500000
-0.128779 0.089449 -0.500000
-0.323202 -0.080545 -0.500000
0.119361 -0.065874 -0.500000
0.299196 -0.040762 -0.500000
-0.224675 0.090249 -0.500000
0.448450 -0.014609 -0.500000
-0.082068 -0.083968 -0.500000
-0.148641 0.090115 -0.500000
-0.442978 -0.052172 -0.500000
0.314098 -0.038370 -0.500000
-0.356221 0.077480 -0.500000
-0.137339 -0.086362 -0.500000
0.353544 -0.031810 -0.500000
-0.362480 -0.074869 -0.500000
0.173554 -0.059063 -0.500000
-0.215438 0.090464 -0.500000
0.508827 -0.002303 -0.500000
-0.327478 -0.080036 -0.500000
-0.445870 -0.050852 -0.500000
0.138371 -0.063564 -0.500000
0.358281 0.028294 -0.500000
-0.281358 0.087249 -0.500000
0.084760 -0.069844 -0.500000
-0.382179 0.071914 -0.500000
-0.464519 0.038664 -0.500000
-0.098540 0.088009 -0.500000
0.157702 -0.061127 -0.500000
0.374967 0.025167 -0.500000
-0.169100 0.090547 -0.500000
0.099915 -0.068143 -0.500000
0.052435 -0.073262 -0.500000
-0.421383 0.060202 -0.500000
-0.003490 -0.078448 -0.500000
-0.331718 0.081571 -0.500000
0.063015 0.073529 -0.500000
-0.074521 -0.083538 -0.500000
-0.171320 0.090578 -0.500000
-0.209503 0.090563 -0.500000
0.005559 -0.077675 -0.500000
-0.120075 -0.085762 -0.500000
0.387721 -0.025852 -0.500000
-0.375369 -0.072441 -0.500000
-0.421895 -0.060314 -0.500000
-0.374785 -0.072560 -0.500000
-0.055412 0.085161 -0.500000
0.281035 -0.043615 -0.500000
0.388488 -0.025716 -0.500000
0.061228 0.073738 -0.500000
-0.231871 -0.086713 -0.500000
0.105737 0.068249 -0.500000
0.425860 -0.018893 -0.500000
0.495937 -0.005185 -0.500000
-0.023723 -0.080081 -0.500000
0.494034 0.000957 -0.500000
-0.349153 -0.077062 -0.500000
0.068683 0.072858 -0.500000
-0.308134 0.084639 -0.500000
0.416893 0.017034 -0.500000
0.505516 -0.001568 -0.500000
-0.132774 0.089600 -0.500000
0.311872 -0.038730 -0.500000
0.242048 0.048412 -0.500000
0.084667 0.070915 -0.500000
-0.150404 -0.086716 -0.500000
0.268338 -0.045568 -0.500000
0.153790 -0.061627 -0.500000
-0.453266 -0.047176 -0.500000
-0.272998 -0.084924 -0.500000
0.227870 0.050670 -0.500000
-0.073829 -0.083497 -0.500000
0.149394 0.062365 -0.500000
-0.173537 0.090609 -0.500000
-0.135754 -0.086312 -0.500000
0.417925 -0.020369 -0.500000
-0.463969 -0.040862 -0.500000
0.472594 0.005578 -0.500000
0.182903 -0.057819 -0.500000
-0.376613 0.073229 -0.500000
0.219675 -0.052738 -0.500000
0.491597 -0.006070 -0.500000
-0.251133 0.089232 -0.500000
0.408267 0.018740 -0.500000
0.475279 0.005006 -0.500000
-0.241518 0.089676 -0.500000
0.140484 0.063604 -0.500000
-0.367785 0.075175 -0.500000
-0.383161 -0.070808 -0.500000
-0.044198 -0.081587 -0.500000
-0.089253 -0.084355 -0.500000
0.037351 0.076452 -0.500000
-0.098055 0.087981 -0.500000
-0.261511 0.088655 -0.500000
0.235593 0.049445 -0.500000
-0.214007 0.090495 -0.500000
0.027865 0.077482 -0.500000
-0.159134 -0.086905 -0.500000
0.080354 -0.070326 -0.500000
-0.436044 0.054331 -0.500000
0.481585 -0.008095 -0.500000
0.232045 0.050010 -0.500000
-0.082581 0.087056 -0.500000
0.438231 -0.016562 -0.500000
0.225743 0.051005 -0.500000
0.356824 0.028564 -0.500000
-0.467922 -0.038117 -0.500000
-0.314851 0.083846 -0.500000
0.152904 0.061872 -0.500000
0.199788 0.055013 -0.500000
0.197272 0.055393 -0.500000
0.094132 -0.068799 -0.500000
-0.445369 -0.051086 -0.500000
0.157718 -0.061125 -0.500000
-0.292769 0.086242 -0.500000
0.435090 -0.017158 -0.500000
-0.097744 -0.084783 -0.500000
-0.162688 0.090440 -0.500000
-0.447854 0.048704 -0.500000
-0.236963 0.089856 -0.500000
-0.433278 0.055524 -0.500000
0.491322 0.001549 -0.500000
-0.414254 0.062710 -0.500000
0.230356 0.050277 -0.500000
0.065442 0.073242 -0.500000
0.374329 -0.028218 -0.500000
-0.454837 -0.046331 -0.500000
-0.073926 -0.083502 -0.500000
-0.490640 -0.002998 -0.500000
0.375378 -0.028034 -0.500000
0.061494 -0.072334 -0.500000
-0.469663 0.034786 -0.500000
0.251235 -0.048145 -0.500000
-0.209834 -0.087132 -0.500000
-0.053655 -0.082233 -0.500000
0.247273 -0.048733 -0.500000
0.121557 -0.065612 -0.500000
0.483080 -0.007794 -0.500000
0.074786 0.072124 -0.500000
0.393095 0.021700 -0.500000
0.336191 -0.034737 -0.500000
-0.303021 0.085205 -0.500000
-0.393791 0.068926 -0.500000
-0.276335 0.087643 -0.500000
0.266992 0.044337 -0.500000
-0.057482 -0.082484 -0.500000
-0.351648 0.078323 -0.500000
0.335556 0.032454 -0.500000
0.395339 -0.024489 -0.500000
0.016257 0.078702 -0.500000
0.428702 -0.018361 -0.500000
-0.092518 0.087664 -0.500000
-0.275027 -0.084799 -0.500000
0.250613 0.047028 -0.500000
0.498891 -0.004579 -0.500000
-0.268495 0.088208 -0.500000
-0.489483 0.007640 -0.500000
-0.166109 0.090506 -0.500000
0.496857 0.000340 -0.500000
-0.441773 0.051719 -0.500000
-0.035457 0.083563 -0.500000
0.147522 0.062627 -0.500000
0.459494 0.008342 -0.500000
0.355366 -0.031499 -0.500000
0.465465 -0.011299 -0.500000
-0.475327 -0.032057 -0.500000
0.153474 0.061792 -0.500000
0.010957 0.079245 -0.500000
0.450055 0.010306 -0.500000
0.369755 0.026151 -0.500000
-0.076160 0.086639 -0.500000
-0.004268 0.080749 -0.500000
0.503010 -0.001014 -0.500000
-0.192293 0.090702 -0.500000
0.432910 0.013818 -0.500000
-0.150387 0.090165 -0.500000
-0.228100 0.090156 -0.500000
0.428665 -0.018368 -0.500000
0.149639 0.062331 -0.500000
-0.105554 -0.085151 -0.500000
0.405120 -0.022719 -0.500000
0.163664 0.060342 -0.500000
0.394844 0.021362 -0.500000
-0.393112 -0.068521 -0.500000
-0.359987 -0.075305 -0.500000
-0.022710 0.082458 -0.500000
-0.273910 -0.084868 -0.500000
0.325651 0.034233 -0.500000
0.450070 -0.014297 -0.500000
-0.148075 0.090098 -0.500000
0.444552 0.011441 -0.500000
-0.442269 0.051485 -0.500000
0.381111 0.024001 -0.500000
-0.397685 -0.067387 -0.500000
-0.039254 0.083880 -0.500000
-0.471015 -0.035758 -0.500000
0.097694 -0.068397 -0.500000
-0.202678 0.090645 -0.500000
0.490696 -0.006254 -0.500000
0.474403 0.005193 -0.500000
-0.490654 -0.000025 -0.500000
-0.434345 0.055068 -0.500000
-0.107620 -0.085244 -0.500000
0.125796 -0.065102 -0.500000
-0.279147 -0.084529 -0.500000
-0.063464 -0.082867 -0.500000
0.319594 0.035310 -0.500000
0.122127 0.066095 -0.500000
-0.373310 -0.072851 -0.500000
0.166977 -0.059926 -0.500000
-0.490272 0.003922 -0.500000
-0.300528 -0.082866 -0.500000
0.243462 -0.049296 -0.500000
-0.110516 0.088635 -0.500000
0.457569 -0.012844 -0.500000
0.506138 -0.001706 -0.500000
0.237310 0.049171 -0.500000
-0.120657 0.089111 -0.500000
0.207534 0.053832 -0.500000
0.317941 0.035602 -0.500000
0.321204 -0.037213 -0.500000
-0.403305 -0.065913 -0.500000
-0.186962 0.090699 -0.500000
0.023274 0.077971 -0.500000
-0.018299 -0.079656 -0.500000
0.356772 -0.031258 -0.500000
-0.089188 0.087464 -0.500000
0.148218 0.062530 -0.500000
0.228772 -0.051436 -0.500000
-0.050098 -0.081994 -0.500000
0.017281 0.078597 -0.500000
-0.213059 0.090510 -0.500000
0.334758 -0.034975 -0.500000
0.257177 -0.047257 -0.500000
-0.023152 -0.080036 -0.500000
0.072194 -0.071207 -0.500000
0.341974 -0.033768 -0.500000
0.118256 0.066610 -0.500000
0.088936 0.070384 -0.500000
0.319673 0.035296 -0.500000
0.113790 0.067199 -0.500000
0.295277 0.039555 -0.500000
-0.221409 -0.086955 -0.500000
-0.475490 0.029654 -0.500000
-0.313200 -0.081644 -0.500000
0.236007 -0.050388 -0.500000
-0.203658 -0.087188 -0.500000
0.204670 0.054270 -0.500000
-0.140100 0.089856 -0.500000
0.464176 0.007359 -0.500000
0.168655 0.059624 -0.500000
0.171559 -0.059326 -0.500000
-0.478171 -0.029266 -0.500000
-0.138661 -0.086404 -0.500000
-0.310338 0.084385 -0.500000
0.252573 -0.047946 -0.500000
0.442597 0.011843 -0.500000
-0.143577 0.089969 -0.500000
-0.309526 -0.082020 -0.500000
0.151760 0.062033 -0.500000
0.019308 0.078386 -0.500000
-0.317585 0.083502 -0.500000
0.005442 -0.077685 -0.500000
-0.482823 0.021250 -0.500000
-0.055237 0.085147 -0.500000
0.409482 0.018501 -0.500000
-0.260668 -0.085610 -0.500000
-0.282696 -0.084288 -0.500000
-0.478625 -0.028787 -0.500000
0.376491 -0.027839 -0.500000
0.477866 0.004453 -0.500000
0.295257 -0.041387 -0.500000
0.114021 -0.066506 -0.500000
-0.247031 -0.086215 -0.500000
-0.291158 -0.083653 -0.500000
0.354858 0.028928 -0.500000
-0.251587 0.089208 -0.500000
-0.238346 -0.086524 -0.500000
-0.100614 -0.084921 -0.500000
-0.008989 -0.078905 -0.500000
-0.323206 0.082770 -0.500000
0.489277 -0.006542 -0.500000
0.301543 0.038473 -0.500000
0.465377 -0.011316 -0.500000
-0.118806 -0.085713 -0.500000
-0.027689 -0.080383 -0.500000
-0.021005 -0.079868 -0.500000
0.236515 -0.050314 -0.500000
0.012854 -0.077033 -0.500000
-0.094251 -0.084610 -0.500000
-0.375990 -0.072315 -0.500000
0.375927 -0.027937 -0.500000
0.131668 0.064810 -0.500000
-0.064802 0.085854 -0.500000
0.456533 -0.013045 -0.500000
0.239748 0.048782 -0.500000
0.294491 0.039691 -0.500000
0.444008 0.011553 -0.500000
-0.259014 0.088802 -0.500000
0.315979 -0.038065 -0.500000
0.054684 -0.073033 -0.500000
-0.284397 -0.084164 -0.500000
0.235152 -0.050513 -0.500000
-0.324102 0.082651 -0.500000
-0.093821 0.087738 -0.500000
-0.168781 0.090543 -0.500000
0.442525 0.011858 -0.500000
0.320807 0.035095 -0.500000
-0.060960 0.085574 -0.500000
0.292519 0.040029 -0.500000
-0.210615 -0.087122 -0.500000
-0.170438 0.090566 -0.500000
0.113501 0.067237 -0.500000
-0.063355 0.085750 -0.500000
-0.463086 -0.041439 -0.500000
-0.437844 0.053532 -0.500000
0.503484 -0.001119 -0.500000
-0.398907 -0.067073 -0.500000
-0.235781 -0.086602 -0.500000
-0.222526 -0.086935 -0.500000
0.286103 0.041125 -0.500000
-0.005234 0.080842 -0.500000
0.095831 0.069516 -0.500000
-0.341267 -0.078224 -0.500000
0.291669 0.040175 -0.500000
0.424199 -0.019203 -0.500000
0.279375 -0.043872 -0.500000
0.412234 0.017958 -0.500000
-0.170779 0.090571 -0.500000
-0.046997 0.084507 -0.500000
0.259916 0.045506 -0.500000
-0.326461 -0.080160 -0.500000
-0.414186 0.062733 -0.500000
-0.488010 0.011999 -0.500000
-0.162959 0.090445 -0.500000
0.326791 -0.036295 -0.500000
0.365521 -0.029751 -0.500000
-0.408477 0.064604 -0.500000
0.302064 -0.040306 -0.500000
-0.153735 -0.086796 -0.500000
-0.330104 0.081808 -0.500000
-0.426721 0.058185 -0.500000
0.443078 0.011744 -0.500000
0.461887 0.007841 -0.500000
0.484375 -0.007533 -0.500000
-0.048260 -0.081869 -0.500000
-0.169689 0.090556 -0.500000
-0.422459 -0.060125 -0.500000
0.314877 0.036143 -0.500000
-0.252705 0.089150 -0.500000
-0.286973 0.086772 -0.500000
-0.181794 0.090683 -0.500000
0.138770 -0.063515 -0.500000
-0.231335 0.090052 -0.500000
0.439238 -0.016371 -0.500000
-0.391642 -0.068875 -0.500000
-0.108257 0.088522 -0.500000
-0.234014 -0.086652 -0.500000
-0.031546 -0.080673 -0.500000
0.262648 -0.046432 -0.500000
0.369283 -0.029098 -0.500000
0.412288 0.017947 -0.500000
0.077975 -0.070586 -0.500000
0.067165 0.073037 -0.500000
0.188457 0.056716 -0.500000
-0.135943 0.089717 -0.500000
-0.171834 -0.087103 -0.500000
-0.297582 0.085770 -0.500000
0.052144 0.074792 -0.500000
0.106708 0.068123 -0.500000
0.009411 -0.077337 -0.500000
0.483419 -0.007726 -0.500000
0.132422 0.064708 -0.500000
0.219340 -0.052786 -0.500000
0.395334 -0.024490 -0.500000
0.043122 -0.074191 -0.500000
-0.303666 -0.082581 -0.500000
-0.131039 0.089534 -0.500000
0.509312 -0.002422 -0.500000
0.194999 -0.056181 -0.500000
-0.424867 0.058901 -0.500000
0.300241 0.038699 -0.500000
0.414425 -0.021015 -0.500000
0.097814 -0.068383 -0.500000
0.070605 0.072627 -0.500000
-0.259694 0.088762 -0.500000
-0.099619 0.088067 -0.500000
0.086126 0.070733 -0.500000
0.060060 -0.072482 -0.500000
-0.153817 0.090248 -0.500000
0.377477 -0.027665 -0.500000
0.306428 -0.039607 -0.500000
-0.234350 -0.086643 -0.500000
-0.074355 0.086517 -0.500000
-0.306049 -0.082357 -0.500000
-0.325330 0.082481 -0.500000
0.334015 -0.035099 -0.500000
-0.230897 0.090066 -0.500000
0.495139 0.000716 -0.500000
-0.477982 -0.029462 -0.500000
0.373909 -0.028291 -0.500000
-0.214086 -0.087078 -0.500000
0.359191 -0.030843 -0.500000
0.073526 0.072276 -0.500000
0.010721 -0.077222 -0.500000
-0.470353 0.034225 -0.500000
0.296997 0.039259 -0.500000
0.356913 0.028548 -0.500000
0.199218 -0.055602 -0.500000
-0.113812 -0.085510 -0.500000
0.115478 -0.066335 -0.500000
0.097149 -0.068458 -0.500000
-0.481721 -0.025212 -0.500000
0.168762 -0.059693 -0.500000
0.054874 -0.073014 -0.500000
-0.269622 -0.085128 -0.500000
0.024758 -0.075948 -0.500000
-0.231709 0.090039 -0.500000
0.432795 0.013841 -0.500000
0.507564 -0.002023 -0.500000
-0.191237 -0.087231 -0.500000
0.300038 -0.040628 -0.500000
-0.132940 -0.086223 -0.500000
-0.453000 0.045921 -0.500000
0.237764 -0.050132 -0.500000
-0.390505 0.069807 -0.500000
0.039328 0.076234 -0.500000
0.312899 0.036491 -0.500000
0.149845 -0.062128 -0.500000
-0.489606 -0.009891 -0.500000
-0.162603 0.090439 -0.500000
-0.412891 0.063168 -0.500000
0.021595 -0.076240 -0.500000
-0.047817 0.084572 -0.500000
-0.469832 -0.036684 -0.500000
0.190120 0.056468 -0.500000
0.346062 -0.033080 -0.500000
0.104845 0.068364 -0.500000
0.099668 -0.068171 -0.500000
-0.364106 -0.074581 -0.500000
-0.453612 0.045573 -0.500000
-0.097239 -0.084759 -0.500000
0.331469 -0.035522 -0.500000
0.126912 0.065454 -0.500000
0.341908 0.031303 -0.500000
-0.192175 0.090702 -0.500000
0.222301 -0.052364 -0.500000
-0.158070 0.090351 -0.500000
-0.049717 -0.081969 -0.500000
-0.099646 0.088069 -0.500000
-0.173165 -0.087119 -0.500000
-0.270316 -0.085089 -0.500000
-0.045746 0.084408 -0.500000
0.331101 -0.035583 -0.500000
0.374947 0.025171 -0.500000
0.245576 0.047844 -0.500000
-0.322269 -0.080653 -0.500000
-0.180909 -0.087190 -0.500000
0.152098 0.061986 -0.500000
0.425296 0.015354 -0.500000
-0.437491 0.053691 -0.500000
-0.207310 -0.087160 -0.500000
-0.028842 -0.080471 -0.500000
-0.420569 0.060501 -0.500000
0.247946 0.047460 -0.500000
0.438446 -0.016522 -0.500000
0.427441 0.014923 -0.500000
0.124060 -0.065311 -0.500000
-0.078659 0.086804 -0.500000
0.253251 0.046598 -0.500000
0.153899 0.061732 -0.500000
-0.070430 -0.083294 -0.500000
-0.034373 -0.080882 -0.500000
-0.392771 0.069201 -0.500000
-0.291531 -0.083623 -0.500000
0.412653 -0.021341 -0.500000
0.502793 -0.000966 -0.500000
0.382970 -0.026696 -0.500000
0.492109 -0.005966 -0.500000
0.304985 -0.039839 -0.500000
0.320674 -0.037300 -0.500000
-0.299233 -0.082983 -0.500000
-0.091400 -0.084465 -0.500000
-0.000719 -0.078214 -0.500000
0.361461 -0.030453 -0.500000
-0.226487 0.090200 -0.500000
-0.224013 0.090267 -0.500000
-0.000168 -0.078168 -0.500000
0.113518 0.067235 -0.500000
0.331883 -0.035453 -0.500000
-0.249148 0.089333 -0.500000
0.326605 0.034062 -0.500000
0.116554 0.066835 -0.500000
-0.347610 0.079035 -0.500000
-0.282392 -0.084311 -0.500000
-0.372109 0.074242 -0.500000
-0.222337 0.090313 -0.500000
-0.150533 -0.086719 -0.500000
0.224257 0.051238 -0.500000
0.119637 -0.065841 -0.500000
-0.454102 0.045292 -0.500000
0.425065 0.015401 -0.500000
-0.227557 -0.086821 -0.500000
0.439616 -0.016299 -0.500000
-0.397787 0.067813 -0.500000
0.226977 0.050810 -0.500000
0.222461 0.051520 -0.500000
-0.471463 0.033298 -0.500000
-0.450918 -0.048393 -0.500000
0.288114 -0.042511 -0.500000
0.191310 -0.056684 -0.500000
-0.407853 0.064801 -0.500000
-0.489882 0.006002 -0.500000
0.503997 -0.003526 -0.500000
0.415244 -0.020864 -0.500000
-0.190087 -0.087229 -0.500000
-0.479421 0.025525 -0.500000
0.143381 0.063203 -0.500000
0.217675 -0.053023 -0.500000
-0.238732 -0.086511 -0.500000
-0.100029 -0.084893 -0.500000
-0.174233 0.090618 -0.500000
0.332302 -0.035384 -0.500000
-0.067664 0.086056 -0.500000
-0.116674 0.088929 -0.500000
-0.268089 -0.085214 -0.500000
-0.270816 -0.085058 -0.500000
-0.216768 0.090436 -0.500000
0.255792 -0.047465 -0.500000
-0.211374 0.090535 -0.500000
-0.089262 0.087469 -0.500000
0.477841 -0.008845 -0.500000
-0.149429 -0.086692 -0.500000
0.036025 -0.074882 -0.500000
0.189231 0.056601 -0.500000
-0.087600 -0.084267 -0.500000
0.237969 0.049066 -0.500000
0.052304 -0.073275 -0.500000
0.509131 -0.002460 -0.500000
0.370746 -0.028844 -0.500000
-0.170557 -0.087088 -0.500000
0.174303 0.058804 -0.500000
0.063419 0.073482 -0.500000
0.202151 0.054654 -0.500000
0.447073 -0.014874 -0.500000
0.076220 -0.070775 -0.500000
0.023234 -0.076090 -0.500000
0.078740 0.071643 -0.500000
-0.015112 0.081769 -0.500000
0.123753 0.065878 -0.500000
0.217306 -0.053075 -0.500000
-0.190414 -0.087229 -0.500000
0.053058 0.074686 -0.500000
0.509009 -0.002344 -0.500000
-0.408220 0.064686 -0.500000
0.346526 0.030460 -0.500000
0.236292 -0.050346 -0.500000
0.218963 -0.052840 -0.500000
0.100861 -0.068035 -0.500000
-0.367465 0.075243 -0.500000
-0.484449 0.018847 -0.500000
-0.476280 -0.031157 -0.500000
0.398126 -0.023987 -0.500000
0.146328 -0.062572 -0.500000
0.471734 -0.010061 -0.500000
-0.125470 -0.085966 -0.500000
-0.071390 -0.083351 -0.500000
-0.025528 0.082708 -0.500000
-0.245595 0.089496 -0.500000
-0.245665 0.089493 -0.500000
-0.192578 -0.087232 -0.500000
-0.453783 0.045474 -0.500000
0.128488 -0.064776 -0.500000
-0.195329 0.090693 -0.500000
-0.345733 -0.077578 -0.500000
0.218770 -0.052867 -0.500000
-0.215966 -0.087052 -0.500000
0.112715 -0.066661 -0.500000
0.403824 -0.022955 -0.500000
0.407704 0.018851 -0.500000
0.298894 0.038932 -0.500000
0.310900 -0.038887 -0.500000
0.455710 -0.013206 -0.500000
0.200204 0.054950 -0.500000
0.415884 -0.020746 -0.500000
-0.174874 0.090623 -0.500000
0.104174 -0.067654 -0.500000
0.038370 0.076340 -0.500000
-0.277228 -0.084659 -0.500000
0.347211 0.030335 -0.500000
-0.467387 -0.038505 -0.500000
-0.061683 0.085627 -0.500000
0.201236 0.054793 -0.500000
-0.359258 0.076902 -0.500000
-0.112700 -0.085463 -0.500000
0.376239 -0.027883 -0.500000
0.077031 -0.070688 -0.500000
0.096480 0.069434 -0.500000
-0.040984 0.084022 -0.500000
0.188900 -0.057011 -0.500000
0.017514 0.078573 -0.500000
0.142291 -0.063077 -0.500000
0.255976 -0.047437 -0.500000
0.506423 -0.003023 -0.500000
-0.461166 0.040951 -0.500000
0.045476 -0.073959 -0.500000
-0.459680 0.041915 -0.500000
0.204528 0.054292 -0.500000
-0.212014 0.090526 -0.500000
-0.347709 -0.077285 -0.500000
-0.393483 -0.068432 -0.500000
-0.125798 -0.085977 -0.500000
0.304855 -0.039859 -0.500000
-0.460862 0.041151 -0.500000
0.352954 0.029279 -0.500000
0.361993 0.027604 -0.500000
0.408184 0.018757 -0.500000
-0.167785 -0.087052 -0.500000
0.186069 -0.057394 -0.500000
0.127151 -0.064938 -0.500000
0.091868 0.070016 -0.500000
-0.007555 -0.078787 -0.500000
-0.398769 0.067532 -0.500000
-0.148212 -0.086663 -0.500000
0.050898 0.074933 -0.500000
-0.483353 -0.023040 -0.500000
-0.236889 0.089859 -0.500000
0.139066 0.063799 -0.500000
-0.454014 0.045342 -0.500000
-0.079024 -0.083795 -0.500000
-0.454192 -0.046682 -0.500000
-0.257655 0.088882 -0.500000
-0.302350 0.085275 -0.500000
0.137077 -0.063724 -0.500000
0.351117 0.029618 -0.500000
-0.278229 0.087494 -0.500000
0.140641 -0.063283 -0.500000
0.386207 0.023026 -0.500000
0.069438 -0.071500 -0.500000
-0.434709 0.054911 -0.500000
-0.470022 0.034495 -0.500000
-0.363281 -0.074730 -0.500000
-0.033908 -0.080848 -0.500000
0.243790 -0.049248 -0.500000
-0.353931 -0.076310 -0.500000
-0.398142 -0.067269 -0.500000
-0.446646 -0.050487 -0.500000
-0.242227 0.089647 -0.500000
-0.330509 0.081748 -0.500000
0.415436 0.017323 -0.500000
-0.477195 -0.030263 -0.500000
0.421435 0.016128 -0.500000
0.100809 -0.068041 -0.500000
0.271335 0.043613 -0.500000
-0.286955 -0.083977 -0.500000
0.062643 -0.072214 -0.500000
-0.125116 0.089299 -0.500000
-0.001416 0.080473 -0.500000
-0.380272 0.072373 -0.500000
-0.481213 0.023377 -0.500000
0.448875 -0.014527 -0.500000
0.458454 -0.012672 -0.500000
0.485380 -0.007331 -0.500000
-0.124309 0.089265 -0.500000
-0.020097 0.082223 -0.500000
-0.120770 0.089116 -0.500000
-0.399594 0.067296 -0.500000
-0.085247 0.087225 -0.500000
-0.075256 -0.083581 -0.500000
0.451990 0.009906 -0.500000
-0.400571 -0.066641 -0.500000
0.466676 0.006832 -0.500000
-0.279639 -0.084496 -0.500000
0.136977 -0.063737 -0.500000
-0.240488 0.089717 -0.500000
-0.017146 -0.079565 -0.500000
-0.016802 0.081924 -0.500000
-0.273223 0.087873 -0.500000
-0.124746 -0.085940 -0.500000
-0.394782 -0.068114 -0.500000
0.264404 0.044765 -0.500000
-0.081847 -0.083956 -0.500000
0.204760 0.054256 -0.500000
0.197421 -0.055849 -0.500000
0.049717 -0.073535 -0.500000
-0.251553 -0.086035 -0.500000
0.079698 -0.070398 -0.500000
0.242655 -0.049415 -0.500000
-0.467138 -0.038684 -0.500000
0.022413 0.078061 -0.500000
-0.336369 0.080870 -0.500000
0.399877 0.020384 -0.500000
-0.164124 0.090468 -0.500000
-0.123086 0.089214 -0.500000
0.415313 -0.020852 -0.500000
0.390622 -0.025335 -0.500000
-0.319271 -0.080994 -0.500000
0.432830 -0.017584 -0.500000
-0.370780 -0.073345 -0.500000
-0.488988 0.009314 -0.500000
-0.377860 0.072944 -0.500000
-0.326199 -0.080191 -0.500000
-0.441195 0.051993 -0.500000
-0.107446 -0.085236 -0.500000
0.300060 0.038730 -0.500000
-0.456542 0.043857 -0.500000
0.184559 0.057295 -0.500000
0.327149 0.033965 -0.500000
0.082418 -0.070101 -0.500000
-0.258082 0.088857 -0.500000
-0.077244 0.086712 -0.500000
-0.289213 0.086568 -0.500000
-0.235426 -0.086612 -0.500000
-0.442918 0.051173 -0.500000
0.359643 -0.030765 -0.500000
-0.155536 -0.086832 -0.500000
0.260160 -0.046808 -0.500000
0.333658 0.032797 -0.500000
0.111764 -0.066772 -0.500000
-0.127483 -0.086036 -0.500000
-0.008717 0.081172 -0.500000
0.380611 0.024096 -0.500000
0.432400 -0.017666 -0.500000
-0.482622 -0.024043 -0.500000
0.426155 0.015182 -0.500000
-0.318037 -0.081128 -0.500000
0.238031 -0.050093 -0.500000
-0.014425 -0.079347 -0.500000
0.304669 -0.039889 -0.500000
0.099071 -0.068239 -0.500000
-0.176670 -0.087159 -0.500000
0.395097 0.021313 -0.500000
0.374179 0.025317 -0.500000
0.049571 0.075084 -0.500000
0.318081 0.035578 -0.500000
-0.297907 0.085738 -0.500000
-0.016665 -0.079527 -0.500000
-0.426467 0.058284 -0.500000
-0.164000 0.090465 -0.500000
0.050473 0.074982 -0.500000
-0.417933 0.061442 -0.500000
-0.296883 0.085839 -0.500000
-0.317869 0.083467 -0.500000
0.408759 0.018643 -0.500000
0.250137 0.047105 -0.500000
0.083115 -0.070025 -0.500000
-0.459621 -0.043597 -0.500000
-0.157244 -0.086867 -0.500000
0.341155 0.031440 -0.500000
-0.111810 -0.085426 -0.500000
-0.329346 -0.079809 -0.500000
0.349765 -0.032453 -0.500000
0.289448 -0.042302 -0.500000
-0.020268 0.082239 -0.500000
-0.312712 0.084103 -0.500000
0.297903 0.039103 -0.500000
0.199652 0.055033 -0.500000
0.299831 0.038770 -0.500000
0.128672 -0.064754 -0.500000
-0.245267 -0.086284 -0.500000
-0.309671 0.084464 -0.500000
0.378545 0.024489 -0.500000
0.422801 -0.019464 -0.500000
-0.483208 0.020707 -0.500000
-0.208172 0.090583 -0.500000
-0.014552 -0.079357 -0.500000
-0.225995 -0.086857 -0.500000
0.272045 0.043495 -0.500000
-0.287267 0.086747 -0.500000
-0.096199 -0.084709 -0.500000
-0.304203 -0.082532 -0.500000
-0.097537 -0.084773 -0.500000
-0.156037 0.090302 -0.500000
-0.017887 0.082024 -0.500000
0.201483 0.054756 -0.500000
0.482334 0.003494 -0.500000
0.264908 -0.046090 -0.500000
0.314877 0.036143 -0.500000
0.182435 0.057610 -0.500000
-0.034534 0.083485 -0.500000
0.280530 0.042069 -0.500000
0.277022 0.042660 -0.500000
-0.123675 -0.085901 -0.500000
-0.062419 0.085682 -0.500000
-0.153953 0.090252 -0.500000
0.472787 0.005537 -0.500000
-0.301693 0.085345 -0.500000
0.120423 -0.065747 -0.500000
0.403535 -0.023008 -0.500000
0.323037 -0.036913 -0.500000
0.181434 -0.058016 -0.500000
-0.365528 -0.074323 -0.500000
0.446520 0.011036 -0.500000
0.441063 -0.016024 -0.500000
-0.234242 0.089954 -0.500000
-0.397121 0.068004 -0.500000
0.186682 0.056981 -0.500000
0.486028 -0.007200 -0.500000
-0.262791 0.088580 -0.500000
-0.151952 0.090203 -0.500000
0.246114 -0.048905 -0.500000
-0.067123 0.086018 -0.500000
0.352074 0.029442 -0.500000
-0.152622 -0.086770 -0.500000
-0.479495 -0.027842 -0.500000
0.368365 -0.029258 -0.500000
0.107708 0.067993 -0.500000
0.336426 -0.034697 -0.500000
0.154274 -0.061566 -0.500000
0.089619 -0.069305 -0.500000
0.008525 0.079490 -0.500000
0.454834 0.009315 -0.500000
-0.441900 -0.052649 -0.500000
-0.488922 -0.012226 -0.500000
0.304716 0.037922 -0.500000
-0.408584 0.064570 -0.500000
0.416789 -0.020579 -0.500000
-0.062457 -0.082804 -0.500000
0.450464 0.010222 -0.500000
0.380269 -0.027174 -0.500000
-0.129964 -0.086124 -0.500000
0.129261 0.065137 -0.500000
0.284035 0.041476 -0.500000
0.493537 0.001066 -0.500000
0.295626 -0.041329 -0.500000
0.337007 0.032192 -0.500000
-0.452640 0.046123 -0.500000
0.412205 -0.021424 -0.500000
0.185979 -0.057406 -0.500000
-0.429465 0.057099 -0.500000
0.498948 -0.004567 -0.500000
-0.175131 0.090626 -0.500000
-0.258279 -0.085730 -0.500000
0.084579 0.070926 -0.500000
0.322185 0.034850 -0.500000
-0.061983 0.085650 -0.500000
0.504736 -0.001396 -0.500000
0.411516 -0.021550 -0.500000
-0.115565 -0.085584 -0.500000
0.112222 0.067404 -0.500000
-0.070699 -0.083310 -0.500000
-0.129769 0.089486 -0.500000
0.264270 -0.046186 -0.500000
0.021815 0.078123 -0.500000
-0.273202 -0.084911 -0.500000
-0.224655 0.090250 -0.500000
-0.076493 -0.083652 -0.500000
0.381565 0.023914 -0.500000
-0.207117 -0.087162 -0.500000
-0.323364 -0.080527 -0.500000
0.381668 -0.026926 -0.500000
-0.447972 -0.049852 -0.500000
0.222937 -0.052274 -0.500000
0.348943 -0.032592 -0.500000
-0.109078 -0.085310 -0.500000
-0.282185 -0.084325 -0.500000
-0.147118 -0.086637 -0.500000
0.363932 -0.030026 -0.500000
-0.088897 0.087447 -0.500000
-0.190991 0.090706 -0.500000
0.220617 -0.052605 -0.500000
-0.479077 -0.028301 -0.500000
0.025314 -0.075896 -0.500000
-0.223324 -0.086919 -0.500000
-0.103961 0.088301 -0.500000
-0.196277 0.090690 -0.500000
0.364460 -0.029935 -0.500000
0.325166 -0.036563 -0.500000
0.173996 -0.059005 -0.500000
0.090289 0.070215 -0.500000
-0.051239 -0.082071 -0.500000
0.325224 -0.036553 -0.500000
-0.076453 -0.083649 -0.500000
0.379850 0.024241 -0.500000
-0.112768 0.088748 -0.500000
-0.211061 -0.087116 -0.500000
-0.217516 -0.087024 -0.500000
-0.160652 0.090401 -0.500000
-0.326354 -0.080173 -0.500000
0.435521 0.013288 -0.500000
-0.476191 0.028965 -0.500000
0.251175 0.046936 -0.500000
-0.249238 0.089329 -0.500000
0.207476 0.053841 -0.500000
-0.376637 -0.072184 -0.500000
0.265421 -0.046012 -0.500000
-0.132044 0.089572 -0.500000
0.061506 0.073706 -0.500000
-0.257580 -0.085765 -0.500000
-0.081203 -0.083919 -0.500000
-0.488356 0.011116 -0.500000
0.001512 -0.078024 -0.500000
0.102151 -0.067887 -0.500000
0.259681 0.045545 -0.500000
-0.371289 -0.073246 -0.500000
-0.305709 -0.082389 -0.500000
-0.135176 0.089690 -0.500000
-0.358118 0.077119 -0.500000
-0.028575 -0.080451 -0.500000
-0.260017 0.088743 -0.500000
-0.295102 0.086014 -0.500000
0.016311 -0.076722 -0.500000
0.354951 -0.031570 -0.500000
-0.127357 -0.086032 -0.500000
-0.309957 0.084430 -0.500000
-0.470655 0.033976 -0.500000
-0.085936 -0.084177 -0.500000
0.264138 -0.046206 -0.500000
0.116788 0.066804 -0.500000
0.490123 0.001809 -0.500000
-0.321635 0.082978 -0.500000
0.483109 0.003327 -0.500000
0.345516 0.030645 -0.500000
0.383978 -0.026518 -0.500000
0.236158 0.049355 -0.500000
0.258495 0.045739 -0.500000
0.462128 0.007790 -0.500000
0.195696 0.055631 -0.500000
-0.100178 0.088097 -0.500000
0.286175 -0.042815 -0.500000
-0.058226 -0.082532 -0.500000
-0.057026 -0.082455 -0.500000
-0.029054 -0.080487 -0.500000
0.500957 -0.004153 -0.500000
0.202500 0.054601 -0.500000
0.005018 0.079841 -0.500000
0.444555 0.011441 -0.500000
0.172046 -0.059262 -0.500000
-0.182718 0.090687 -0.500000
0.262667 -0.046429 -0.500000
0.002789 -0.077914 -0.500000
-0.486014 0.016194 -0.500000
-0.363687 0.076023 -0.500000
0.317970 -0.037741 -0.500000
-0.479186 -0.028182 -0.500000
-0.368598 -0.073756 -0.500000
0.343484 0.031016 -0.500000
-0.391056 0.069663 -0.500000
0.496611 0.000394 -0.500000
0.386579 -0.026056 -0.500000
0.466573 -0.011081 -0.500000
0.207853 -0.054404 -0.500000
-0.431543 -0.056875 -0.500000
-0.053163 -0.082200 -0.500000
-0.047492 -0.081816 -0.500000
-0.448323 0.048460 -0.500000
-0.194381 -0.087228 -0.500000
0.263203 0.044964 -0.500000
0.433556 -0.017447 -0.500000
0.403232 -0.023063 -0.500000
0.380729 -0.027092 -0.500000
-0.099247 0.088047 -0.500000
0.319285 0.035364 -0.500000
-0.358470 0.077052 -0.500000
-0.449255 -0.049226 -0.500000
-0.343107 -0.077965 -0.500000
-0.017383 0.081978 -0.500000
0.509030 -0.002349 -0.500000
-0.271575 -0.085011 -0.500000
-0.224068 0.090266 -0.500000
-0.110117 0.088615 -0.500000
-0.387076 -0.069937 -0.500000
0.502872 -0.003758 -0.500000
0.214428 -0.053482 -0.500000
-0.487402 -0.016083 -0.500000
-0.456036 -0.045670 -0.500000
0.482599 0.003437 -0.500000
0.194930 -0.056190 -0.500000
-0.156945 -0.086861 -0.500000
-0.482794 -0.023813 -0.500000
0.151782 -0.061883 -0.500000
-0.256807 0.088932 -0.500000
-0.009103 -0.078914 -0.500000
0.366286 -0.029619 -0.500000
0.141858 -0.063131 -0.500000
-0.457043 0.043557 -0.500000
0.126622 0.065493 -0.500000
0.074061 0.072212 -0.500000
0.361923 -0.030373 -0.500000
0.021374 0.078170 -0.500000
0.134647 0.064405 -0.500000
-0.282395 -0.084310 -0.500000
0.232923 -0.050836 -0.500000
-0.315660 0.083744 -0.500000
-0.026055 0.082754 -0.500000
-0.457244 -0.044988 -0.500000
0.301134 -0.040454 -0.500000
0.036602 -0.074826 -0.500000
-0.006416 0.080955 -0.500000
-0.286635 -0.084001 -0.500000
0.491460 -0.006098 -0.500000
-0.276793 -0.084688 -0.500000
0.142449 -0.063057 -0.500000
-0.285959 0.086858 -0.500000
0.015392 -0.076805 -0.500000
-0.059350 -0.082605 -0.500000
0.461115 -0.012152 -0.500000
-0.310331 -0.081940 -0.500000
-0.339595 -0.078460 -0.500000
-0.264806 0.088449 -0.500000
-0.083168 -0.084027 -0.500000
-0.359036 -0.075466 -0.500000
-0.167124 -0.087041 -0.500000
0.261890 0.045181 -0.500000
-0.018370 -0.079662 -0.500000
0.256555 -0.047350 -0.500000
-0.405139 0.065644 -0.500000
0.244009 0.048097 -0.500000
-0.334654 0.081134 -0.500000
0.336933 -0.034613 -0.500000
-0.490391 0.003092 -0.500000
0.109852 0.067715 -0.500000
0.366335 0.026793 -0.500000
-0.127580 0.089402 -0.500000
-0.135432 -0.086302 -0.500000
0.055196 0.074440 -0.500000
0.420476 0.016320 -0.500000
0.415951 0.017221 -0.500000
-0.235448 0.089914 -0.500000
-0.457822 -0.044656 -0.500000
-0.205515 -0.087174 -0.500000
-0.023668 0.082544 -0.500000
0.274127 0.043146 -0.500000
-0.234207 -0.086647 -0.500000
0.183595 0.057438 -0.500000
0.428534 0.014702 -0.500000
-0.367556 -0.073953 -0.500000
-0.233907 -0.086655 -0.500000
0.456994 0.008865 -0.500000
-0.158139 -0.086885 -0.500000
0.088123 -0.069472 -0.500000
-0.137510 -0.086368 -0.500000
-0.232241 -0.086702 -0.500000
0.297737 0.039132 -0.500000
0.072475 -0.071178 -0.500000
-0.069806 -0.083257 -0.500000
-0.445550 0.049880 -0.500000
-0.198896 0.090678 -0.500000
-0.387480 0.070594 -0.500000
0.387144 -0.025955 -0.500000
-0.429348 -0.057696 -0.500000
0.293213 0.039910 -0.500000
-0.248111 0.089381 -0.500000
0.112817 -0.066649 -0.500000
-0.454945 -0.046272 -0.500000
-0.211572 0.090532 -0.500000
-0.308708 0.084575 -0.500000
0.378223 -0.027534 -0.500000
0.253001 -0.047882 -0.500000
-0.237896 0.089819 -0.500000
-0.050092 -0.081994 -0.500000
0.093740 -0.068844 -0.500000
-0.047137 -0.081791 -0.500000
0.434606 -0.017249 -0.500000
0.372508 -0.028536 -0.500000
-0.075554 -0.083598 -0.500000
-0.176682 0.090639 -0.500000
-0.302132 0.085298 -0.500000
-0.212059 -0.087104 -0.500000
-0.195364 -0.087226 -0.500000
0.080912 0.071377 -0.500000
-0.349235 0.078750 -0.500000
-0.068849 -0.083200 -0.500000
0.253726 0.046521 -0.500000
-0.054174 0.085066 -0.500000
0.376784 -0.027787 -0.500000
0.203581 -0.054998 -0.500000
-0.352169 0.078228 -0.500000
-0.367278 0.075283 -0.500000
-0.454630 -0.046444 -0.500000
0.265910 0.044516 -0.500000
0.103879 0.068488 -0.500000
0.452665 0.009766 -0.500000
-0.020036 0.082218 -0.500000
-0.106739 0.088446 -0.500000
0.052554 0.074745 -0.500000
-0.290095 0.086487 -0.500000
-0.285262 -0.084101 -0.500000
0.028668 0.077396 -0.500000
-0.269187 -0.085152 -0.500000
-0.265114 0.088429 -0.500000
-0.131239 0.089542 -0.500000
-0.268622 -0.085184 -0.500000
-0.206186 0.090613 -0.500000
-0.406407 -0.065059 -0.500000
0.416490 0.017114 -0.500000
0.235386 0.049478 -0.500000
-0.372646 0.074123 -0.500000
-0.344773 -0.077720 -0.500000
0.137357 -0.063690 -0.500000
0.038611 -0.074632 -0.500000
0.168065 -0.059784 -0.500000
0.414357 -0.021028 -0.500000
-0.295564 -0.083294 -0.500000
0.394621 0.021405 -0.500000
-0.397048 -0.067550 -0.500000
0.182271 -0.057904 -0.500000
0.085042 -0.069812 -0.500000
0.366128 -0.029646 -0.500000
0.145975 -0.062616 -0.500000
-0.009577 0.081253 -0.500000
0.029588 -0.075497 -0.500000
0.167095 -0.059911 -0.500000
0.254602 -0.047643 -0.500000
0.278826 -0.043957 -0.500000
-0.112412 -0.085451 -0.500000
0.466290 -0.011137 -0.500000
0.452761 -0.013777 -0.500000
0.283299 -0.043263 -0.500000
0.482511 0.003456 -0.500000
-0.203940 -0.087186 -0.500000
0.344692 0.030795 -0.500000
0.059767 -0.072512 -0.500000
0.424441 -0.019158 -0.500000
-0.289624 0.086531 -0.500000
0.031858 -0.075281 -0.500000
-0.437002 -0.054726 -0.500000
0.486106 -0.007184 -0.500000
0.054062 0.074571 -0.500000
0.259186 -0.046955 -0.500000
0.335652 -0.034827 -0.500000
-0.395934 -0.067827 -0.500000
-0.486262 -0.018371 -0.500000
0.078004 -0.070582 -0.500000
-0.134339 -0.086267 -0.500000
-0.146136 -0.086613 -0.500000
0.460226 0.008189 -0.500000
0.079872 0.071505 -0.500000
0.060913 0.073775 -0.500000
0.502263 -0.003884 -0.500000
-0.224703 -0.086887 -0.500000
-0.190365 -0.087229 -0.500000
-0.237369 -0.086557 -0.500000
-0.303347 -0.082610 -0.500000
0.508316 -0.002630 -0.500000
0.397312 0.020883 -0.500000
0.088263 -0.069456 -0.500000
0.316077 0.035932 -0.500000
0.343310 0.031048 -0.500000
0.313179 0.036442 -0.500000
0.303906 -0.040011 -0.500000
0.168047 0.059711 -0.500000
-0.178067 0.090651 -0.500000
-0.223445 -0.086916 -0.500000
0.175420 -0.058816 -0.500000
-0.488133 0.011692 -0.500000
-0.298937 0.085634 -0.500000
0.389039 -0.025618 -0.500000
-0.148202 -0.086663 -0.500000
0.449870 0.010345 -0.500000
-0.058065 0.085361 -0.500000
-0.489277 -0.011088 -0.500000
0.405178 -0.022709 -0.500000
0.300723 0.038616 -0.500000
-0.011030 -0.079073 -0.500000
0.492860 -0.005813 -0.500000
-0.038003 -0.081147 -0.500000
-0.134245 -0.086264 -0.500000
0.494593 0.000835 -0.500000
-0.228091 0.090156 -0.500000
0.416757 -0.020585 -0.500000
-0.010622 0.081352 -0.500000
-0.114475 -0.085538 -0.500000
-0.272516 0.087923 -0.500000
0.471418 -0.010123 -0.500000
0.495956 -0.005181 -0.500000
-0.028762 -0.080465 -0.500000
0.289764 -0.042252 -0.500000
-0.486350 -0.018207 -0.500000
0.201324 0.054780 -0.500000
-0.221238 -0.086958 -0.500000
0.503286 -0.001075 -0.500000
-0.121698 -0.085825 -0.500000
0.431729 0.014057 -0.500000
-0.365097 -0.074401 -0.500000
-0.385643 -0.070260 -0.500000
-0.486428 0.015416 -0.500000
-0.181659 0.090682 -0.500000
-0.260478 0.088716 -0.500000
0.101726 0.068765 -0.500000
0.284417 0.041411 -0.500000
0.005022 0.079841 -0.500000
0.206972 -0.054527 -0.500000
-0.400078 0.067157 -0.500000
-0.271370 0.088006 -0.500000
-0.218113 -0.087014 -0.500000
-0.465579 -0.039777 -0.500000
0.018881 0.078431 -0.500000
0.504141 -0.001264 -0.500000
0.464386 0.007315 -0.500000
0.039936 -0.074504 -0.500000
-0.419527 -0.061096 -0.500000
-0.326186 -0.080193 -0.500000
0.007444 -0.077511 -0.500000
0.304479 -0.039920 -0.500000
0.319398 0.035345 -0.500000
0.402285 0.019914 -0.500000
-0.104793 -0.085116 -0.500000
0.129318 0.065129 -0.500000
0.137187 0.064057 -0.500000
-0.109927 0.088606 -0.500000
0.291093 -0.042044 -0.500000
0.364760 0.027087 -0.500000
-0.426600 0.058232 -0.500000
-0.132305 0.089582 -0.500000
0.350301 -0.032362 -0.500000
-0.431416 0.056303 -0.500000
0.095884 0.069510 -0.500000
0.080753 0.071396 -0.500000
0.251830 -0.048057 -0.500000
0.425639 0.015285 -0.500000
-0.343748 0.079689 -0.500000
0.109889 -0.066991 -0.500000
0.163200 0.060409 -0.500000
0.260596 -0.046742 -0.500000
-0.409455 0.064290 -0.500000
-0.060457 -0.082676 -0.500000
0.390040 -0.025439 -0.500000
-0.340794 0.080172 -0.500000
0.357414 0.028455 -0.500000
-0.454083 0.045303 -0.500000
0.112733 -0.066658 -0.500000
-0.173765 0.090613 -0.500000
-0.098154 0.087987 -0.500000
0.371005 0.025915 -0.500000
-0.482887 -0.023685 -0.500000
0.476411 -0.009131 -0.500000
0.260549 -0.046749 -0.500000
0.358082 -0.031033 -0.500000
-0.048457 -0.081883 -0.500000
-0.127230 -0.086028 -0.500000
-0.459125 0.042267 -0.500000
0.136219 0.064190 -0.500000
0.048904 0.075160 -0.500000
0.217157 -0.053096 -0.500000
0.449655 0.010389 -0.500000
0.043975 -0.074107 -0.500000
0.213222 -0.053651 -0.500000
-0.259459 0.088776 -0.500000
-0.477468 -0.029988 -0.500000
0.242986 -0.049366 -0.500000
-0.056728 -0.082435 -0.500000
0.375317 -0.028045 -0.500000
-0.070355 0.086246 -0.500000
0.072827 -0.071140 -0.500000
-0.446983 -0.050328 -0.500000
-0.080823 0.086943 -0.500000
-0.459074 -0.043923 -0.500000
0.146317 0.062795 -0.500000
-0.237137 -0.086563 -0.500000
-0.473226 -0.033928 -0.500000
0.500592 -0.000481 -0.500000
0.245051 -0.049062 -0.500000
-0.072715 -0.083430 -0.500000
0.294381 0.039710 -0.500000
0.273287 -0.044811 -0.500000
-0.240223 0.089727 -0.500000
-0.445022 0.050142 -0.500000
-0.056645 -0.082430 -0.500000
-0.444161 -0.051640 -0.500000
-0.045012 -0.081644 -0.500000
-0.416539 -0.062053 -0.500000
0.095504 -0.068644 -0.500000
0.073803 -0.071035 -0.500000
0.256893 0.046003 -0.500000
-0.044722 -0.081624 -0.500000
0.508798 -0.002297 -0.500000
-0.122136 -0.085842 -0.500000
0.424160 0.015582 -0.500000
0.095512 -0.068643 -0.500000
-0.146574 -0.086623 -0.500000
-0.180059 -0.087183 -0.500000
0.447295 -0.014831 -0.500000
0.206603 0.053975 -0.500000
0.180043 0.057962 -0.500000
-0.005490 -0.078617 -0.500000
0.251419 -0.048118 -0.500000
-0.184009 0.090690 -0.500000
0.044011 -0.074103 -0.500000
-0.284374 -0.084166 -0.500000
0.019293 -0.076452 -0.500000
-0.489399 0.007944 -0.500000
-0.461738 0.040575 -0.500000
0.409915 0.018416 -0.500000
-0.490322 0.003591 -0.500000
0.429048 0.014599 -0.500000
-0.294460 -0.083388 -0.500000
-0.087115 -0.084241 -0.500000
0.244179 0.048069 -0.500000
-0.470071 0.034456 -0.500000
0.231266 0.050133 -0.500000
-0.210312 0.090551 -0.500000
0.357425 0.028453 -0.500000
0.355421 -0.031489 -0.500000
-0.265444 0.088407 -0.500000
-0.101099 -0.084945 -0.500000
0.028938 0.077367 -0.500000
-0.340067 -0.078393 -0.500000
-0.418937 -0.061288 -0.500000
0.338285 -0.034387 -0.500000
0.156740 0.061330 -0.500000
-0.222009 0.090322 -0.500000
-0.093043 -0.084549 -0.500000
-0.074350 0.086517 -0.500000
0.089763 -0.069289 -0.500000
-0.459178 -0.043862 -0.500000
-0.122324 0.089182 -0.500000
-0.383769 0.071525 -0.500000
0.365791 -0.029705 -0.500000
0.290038 -0.042210 -0.500000
0.155510 -0.061408 -0.500000
-0.307104 -0.082254 -0.500000
-0.294776 -0.083361 -0.500000
-0.069390 0.086178 -0.500000
0.055596 0.074393 -0.500000
0.383244 -0.026648 -0.500000
-0.343133 -0.077961 -0.500000
-0.219389 -0.086991 -0.500000
0.201026 0.054825 -0.500000
-0.252210 -0.086005 -0.500000
0.191277 0.056295 -0.500000
0.398956 -0.023837 -0.500000
-0.315469 -0.081408 -0.500000
-0.133088 0.089611 -0.500000
0.112788 0.067330 -0.500000
-0.436848 0.053978 -0.500000
0.318962 -0.037579 -0.500000
0.479386 0.004128 -0.500000
0.392363 -0.025023 -0.500000
-0.117222 -0.085652 -0.500000
-0.125942 -0.085982 -0.500000
-0.468272 0.035885 -0.500000
0.044756 0.075629 -0.500000
0.392633 -0.024975 -0.500000
0.327322 -0.036208 -0.500000
-0.447784 0.048740 -0.500000
0.243234 0.048222 -0.500000
-0.094558 -0.084626 -0.500000
0.453407 -0.013652 -0.500000
0.199200 -0.055604 -0.500000
0.152263 0.061963 -0.500000
-0.408333 0.064650 -0.500000
-0.221324 -0.086956 -0.500000
-0.467579 0.036419 -0.500000
-0.342701 -0.078022 -0.500000
0.210766 -0.053997 -0.500000
0.405127 -0.022718 -0.500000
-0.154397 -0.086809 -0.500000
0.251148 -0.048158 -0.500000
-0.281777 0.087213 -0.500000
-0.469481 -0.036955 -0.500000
-0.236062 0.089892 -0.500000
0.497155 -0.004935 -0.500000
0.101332 0.068815 -0.500000
-0.373354 -0.072842 -0.500000
-0.033692 -0.080832 -0.500000
0.048127 0.075249 -0.500000
-0.303013 0.085206 -0.500000
-0.395823 -0.067855 -0.500000
0.004930 0.079850 -0.500000
-0.008356 0.081138 -0.500000
0.060343 0.073842 -0.500000
0.136407 0.064164 -0.500000
0.117961 -0.066040 -0.500000
-0.462513 0.040053 -0.500000
0.161797 0.060610 -0.500000
-0.433676 -0.056053 -0.500000
-0.376552 0.073243 -0.500000
-0.317954 -0.081137 -0.500000
0.194323 -0.056273 -0.500000
-0.148860 0.090121 -0.500000
0.372897 0.025559 -0.500000
-0.204210 0.090631 -0.500000
-0.319957 0.083201 -0.500000
-0.480719 -0.026437 -0.500000
-0.483732 -0.022497 -0.500000
0.123697 0.065885 -0.500000
-0.127367 -0.086032 -0.500000
-0.005037 -0.078579 -0.500000
0.465920 -0.011209 -0.500000
0.007016 -0.077549 -0.500000
-0.155929 0.090299 -0.500000
0.089078 0.070366 -0.500000
-0.261991 0.088627 -0.500000
0.088482 -0.069432 -0.500000
-0.285686 0.086881 -0.500000
0.142206 0.063366 -0.500000
0.339522 -0.034180 -0.500000
0.086612 -0.069639 -0.500000
0.417909 0.016832 -0.500000
-0.202829 -0.087194 -0.500000
0.132527 0.064694 -0.500000
-0.361632 0.076433 -0.500000
-0.486395 -0.018123 -0.500000
0.095526 -0.068642 -0.500000
-0.301830 0.085330 -0.500000
-0.413564 -0.062974 -0.500000
-0.310182 -0.081955 -0.500000
-0.097052 0.087924 -0.500000
-0.182565 -0.087202 -0.500000
-0.083728 -0.084058 -0.500000
0.185519 0.057153 -0.500000
-0.001893 -0.078313 -0.500000
-0.261928 0.088631 -0.500000
0.501348 -0.000647 -0.500000
0.202028 -0.055214 -0.500000
0.505927 -0.001659 -0.500000
-0.024255 0.082596 -0.500000
-0.246312 -0.086243 -0.500000
-0.141288 -0.086477 -0.500000
0.210135 -0.054085 -0.500000
0.022913 -0.076119 -0.500000
-0.421578 0.060130 -0.500000
0.313007 -0.038547 -0.500000
-0.260017 -0.085642 -0.500000
-0.265558 -0.085355 -0.500000
0.003847 0.079957 -0.500000
0.466525 -0.011090 -0.500000
-0.427493 0.057884 -0.500000
0.227181 -0.051665 -0.500000
-0.056431 -0.082416 -0.500000
-0.030786 0.083167 -0.500000
0.109256 0.067792 -0.500000
-0.120951 -0.085796 -0.500000
0.080008 -0.070364 -0.500000
-0.106586 0.088439 -0.500000
0.422191 -0.019577 -0.500000
0.137862 0.063965 -0.500000
0.401990 -0.023288 -0.500000
0.348784 -0.032619 -0.500000
0.359115 -0.030856 -0.500000
-0.370836 0.074524 -0.500000
-0.085880 0.087263 -0.500000
0.038730 0.076300 -0.500000
-0.073497 0.086459 -0.500000
0.106905 0.068097 -0.500000
-0.403656 0.066095 -0.500000
-0.445415 -0.051064 -0.500000
0.220991 -0.052551 -0.500000
0.033149 -0.075158 -0.500000
-0.055950 0.085202 -0.500000
0.323433 -0.036848 -0.500000
-0.051508 -0.082089 -0.500000
-0.061917 -0.082771 -0.500000
0.055518 0.074402 -0.500000
-0.163348 -0.086980 -0.500000
-0.403965 -0.065733 -0.500000
0.068089 0.072928 -0.500000
-0.390405 -0.069168 -0.500000
0.399622 0.020433 -0.500000
-0.392688 0.069223 -0.500000
-0.214368 -0.087074 -0.500000
0.093043 0.069869 -0.500000
-0.162824 -0.086972 -0.500000
-0.410700 -0.063830 -0.500000
0.418142 -0.020329 -0.500000
-0.044800 0.084333 -0.500000
0.481441 0.003686 -0.500000
0.441991 -0.015847 -0.500000
-0.392743 -0.068610 -0.500000
-0.256508 0.088949 -0.500000
-0.400517 -0.066655 -0.500000
0.404068 0.019565 -0.500000
0.111271 0.067529 -0.500000
0.146239 0.062806 -0.500000
0.321994 -0.037083 -0.500000
-0.437942 -0.054337 -0.500000
-0.292935 0.086227 -0.500000
-0.196614 -0.087223 -0.500000
0.338741 -0.034311 -0.500000
-0.095024 -0.084650 -0.500000
-0.482546 0.021630 -0.500000
-0.490063 0.005121 -0.500000
0.488888 0.002078 -0.500000
-0.323224 -0.080543 -0.500000
0.051380 -0.073369 -0.500000
-0.489513 -0.010245 -0.500000
0.355759 -0.031431 -0.500000
0.221629 0.051650 -0.500000
-0.053490 -0.082222 -0.500000
-0.237986 -0.086536 -0.500000
-0.342550 -0.078044 -0.500000
0.266039 0.044495 -0.500000
0.117771 0.066674 -0.500000
0.423747 0.015665 -0.500000
-0.265776 0.088385 -0.500000
0.241637 -0.049565 -0.500000
-0.283165 -0.084254 -0.500000
0.243276 -0.049323 -0.500000
0.142081 -0.063103 -0.500000
-0.228491 -0.086800 -0.500000
-0.382646 -0.070920 -0.500000
-0.234246 0.089954 -0.500000
-0.295273 0.085997 -0.500000
-0.156733 -0.086856 -0.500000
0.456716 -0.013010 -0.500000
0.178081 0.058251 -0.500000
0.382442 -0.026790 -0.500000
0.484696 0.002985 -0.500000
-0.131403 0.089548 -0.500000
-0.364420 0.075872 -0.500000
0.168170 0.059694 -0.500000
-0.402599 0.066413 -0.500000
-0.082490 0.087050 -0.500000
-0.234473 0.089947 -0.500000
-0.412206 0.063394 -0.500000
0.229743 -0.051296 -0.500000
-0.399734 -0.066861 -0.500000
0.081467 0.071309 -0.500000
-0.216102 0.090451 -0.500000
0.258342 0.045765 -0.500000
-0.142469 0.089935 -0.500000
0.040760 -0.074423 -0.500000
-0.258240 0.088848 -0.500000
-0.431136 -0.057029 -0.500000
0.494721 -0.005433 -0.500000
0.048041 -0.073703 -0.500000
0.284990 -0.043000 -0.500000
-0.273524 0.087851 -0.500000
0.384463 -0.026432 -0.500000
-0.127033 0.089379 -0.500000
-0.236569 0.089872 -0.500000
-0.162774 -0.086971 -0.500000
0.045607 -0.073946 -0.500000
0.233216 -0.050794 -0.500000
-0.044044 -0.081577 -0.500000
-0.417095 0.061734 -0.500000
-0.217331 -0.087028 -0.500000
-0.155365 0.090286 -0.500000
-0.054510 0.085092 -0.500000
0.164923 0.060162 -0.500000
-0.152970 -0.086778 -0.500000
-0.313128 -0.081652 -0.500000
-0.371170 0.074450 -0.500000
-0.281183 0.087263 -0.500000
0.306721 0.037573 -0.500000
-0.482529 -0.024167 -0.500000
-0.212003 0.090526 -0.500000
-0.264189 0.088489 -0.500000
0.057035 0.074227 -0.500000
-0.073055 0.086429 -0.500000
0.487919 0.002288 -0.500000
-0.488277 0.011326 -0.500000
0.346700 0.030428 -0.500000
0.184388 -0.057620 -0.500000
0.002998 -0.077896 -0.500000
0.287450 0.040895 -0.500000
0.011939 -0.077115 -0.500000
-0.460237 -0.043226 -0.500000
0.008513 0.079492 -0.500000
0.374962 -0.028107 -0.500000
-0.188364 0.090703 -0.500000
0.377417 -0.027676 -0.500000
-0.247632 -0.086191 -0.500000
-0.078500 0.086794 -0.500000
0.046562 0.075426 -0.500000
-0.077647 -0.083717 -0.500000
-0.464286 0.038828 -0.500000
-0.420955 0.060359 -0.500000
-0.433840 -0.055989 -0.500000
-0.220279 0.090363 -0.500000
-0.283281 0.087086 -0.500000
0.398287 -0.023958 -0.500000
0.262623 0.045060 -0.500000
-0.071551 -0.083361 -0.500000
-0.203152 -0.087192 -0.500000
-0.436290 -0.055014 -0.500000
-0.181702 -0.087195 -0.500000
0.456555 -0.013041 -0.500000
0.175430 -0.058815 -0.500000
0.079687 0.071528 -0.500000
-0.237890 0.089820 -0.500000
0.305509 0.037784 -0.500000
-0.250136 -0.086093 -0.500000
0.138587 -0.063537 -0.500000
0.383384 0.023567 -0.500000
0.159329 -0.060918 -0.500000
-0.171881 0.090586 -0.500000
-0.353776 -0.076335 -0.500000
-0.474471 0.030622 -0.500000
-0.356138 0.077496 -0.500000
0.084076 0.070988 -0.500000
0.481907 0.003586 -0.500000
0.273699 0.043218 -0.500000
-0.331021 0.081673 -0.500000
-0.230010 0.090096 -0.500000
-0.314337 0.083910 -0.500000
-0.340028 0.080295 -0.500000
-0.117957 0.088988 -0.500000
-0.271017 -0.085046 -0.500000
-0.300592 0.085460 -0.500000
-0.371298 -0.073245 -0.500000
0.134301 -0.064066 -0.500000
0.326224 -0.036389 -0.500000
-0.358191 0.077105 -0.500000
-0.149307 0.090134 -0.500000
-0.112059 0.088712 -0.500000
-0.251022 -0.086058 -0.500000
-0.410221 0.064044 -0.500000
-0.085535 -0.084155 -0.500000
-0.068455 0.086112 -0.500000
0.145733 -0.062647 -0.500000
0.125625 -0.065123 -0.500000
0.070715 -0.071364 -0.500000
0.413282 -0.021226 -0.500000
-0.071158 -0.083338 -0.500000
-0.187324 0.090700 -0.500000
-0.081493 -0.083936 -0.500000
0.286459 0.041064 -0.500000
-0.443854 -0.051780 -0.500000
-0.234823 0.089935 -0.500000
0.077736 0.071765 -0.500000
0.252752 -0.047919 -0.500000
0.491280 0.001558 -0.500000
-0.239729 0.089747 -0.500000
0.068119 0.072924 -0.500000
-0.013986 -0.079311 -0.500000
-0.334798 -0.079110 -0.500000
0.161120 -0.060687 -0.500000
0.358230 0.028304 -0.500000
-0.006471 0.080960 -0.500000
0.434106 -0.017344 -0.500000
0.417320 0.016949 -0.500000
-0.130766 -0.086152 -0.500000
-0.433286 -0.056207 -0.500000
0.145117 -0.062724 -0.500000
0.305359 0.037810 -0.500000
0.369166 0.026262 -0.500000
0.449427 0.010436 -0.500000
-0.453159 -0.047233 -0.500000
-0.118563 0.089016 -0.500000
-0.036220 0.083628 -0.500000
0.122623 -0.065484 -0.500000
-0.111961 -0.085432 -0.500000
-0.490434 0.002745 -0.500000
-0.340032 -0.078398 -0.500000
-0.248881 0.089345 -0.500000
0.120352 0.066332 -0.500000
0.002876 -0.077907 -0.500000
-0.327533 0.082174 -0.500000
0.225997 -0.051835 -0.500000
-0.454012 -0.046778 -0.500000
-0.352178 -0.076592 -0.500000
-0.361908 0.076378 -0.500000
0.396816 -0.024223 -0.500000
0.190746 -0.056761 -0.500000
-0.402016 -0.066259 -0.500000
-0.145950 0.090037 -0.500000
-0.262113 0.088620 -0.500000
-0.366241 -0.074194 -0.500000
-0.210069 -0.087129 -0.500000
0.321702 -0.037131 -0.500000
-0.122621 0.089194 -0.500000
0.396092 0.021120 -0.500000
-0.465938 0.037644 -0.500000
0.381850 0.023860 -0.500000
0.177071 -0.058597 -0.500000
0.154527 -0.061533 -0.500000
0.074563 0.072151 -0.500000
0.271850 -0.045031 -0.500000
0.201453 -0.055293 -0.500000
-0.389730 -0.069325 -0.500000
0.399973 0.020365 -0.500000
0.161619 0.060635 -0.500000
0.158803 -0.060985 -0.500000
0.299828 0.038770 -0.500000
0.399766 0.020405 -0.500000
0.478904 0.004231 -0.500000
-0.166118 -0.087025 -0.500000
0.030284 -0.075430 -0.500000
-0.204959 0.090624 -0.500000
-0.277049 -0.084671 -0.500000
-0.332970 0.081387 -0.500000
-0.170865 -0.087092 -0.500000
0.298022 -0.040949 -0.500000
0.184043 -0.057666 -0.500000
-0.241843 -0.086405 -0.500000
0.066277 -0.071834 -0.500000
-0.259320 -0.085677 -0.500000
-0.102121 -0.084994 -0.500000
0.328175 -0.036067 -0.500000
0.123273 -0.065406 -0.500000
-0.379427 -0.071607 -0.500000
-0.151867 -0.086751 -0.500000
-0.088545 -0.084318 -0.500000
-0.292517 0.086266 -0.500000
-0.074702 -0.083548 -0.500000
-0.405382 -0.065346 -0.500000
0.423736 -0.019290 -0.500000
-0.460500 0.041388 -0.500000
-0.475052 -0.032309 -0.500000
0.242175 -0.049486 -0.500000
0.388890 0.022511 -0.500000
0.455617 -0.013224 -0.500000
0.357724 0.028398 -0.500000
-0.286346 0.086825 -0.500000
0.239397 -0.049893 -0.500000
-0.282831 -0.084279 -0.500000
0.381699 0.023889 -0.500000
-0.474370 -0.032926 -0.500000
-0.065575 -0.082998 -0.500000
-0.095607 -0.084680 -0.500000
0.000882 -0.078079 -0.500000
-0.302316 -0.082704 -0.500000
0.324600 0.034420 -0.500000
0.229834 0.050359 -0.500000
0.462131 -0.011953 -0.500000
0.456342 0.009000 -0.500000
0.457549 -0.012848 -0.500000
0.506258 -0.001733 -0.500000
-0.421107 -0.060577 -0.500000
0.261753 -0.046568 -0.500000
-0.025804 -0.080240 -0.500000
-0.441620 -0.052772 -0.500000
0.273106 0.043317 -0.500000
-0.270581 -0.085073 -0.500000
-0.273179 -0.084913 -0.500000
0.402574 -0.023182 -0.500000
0.006634 0.079681 -0.500000
0.258323 0.045768 -0.500000
0.175503 0.058628 -0.500000
-0.088575 0.087427 -0.500000
0.252716 -0.047925 -0.500000
-0.085059 -0.084130 -0.500000
0.474605 0.005150 -0.500000
0.039098 -0.074585 -0.500000
-0.138952 -0.086412 -0.500000
-0.021561 -0.079912 -0.500000
0.333217 0.032876 -0.500000
-0.330351 -0.079682 -0.500000
-0.345912 -0.077552 -0.500000
-0.173233 0.090605 -0.500000
-0.370079 0.074685 -0.500000
-0.181626 -0.087195 -0.500000
-0.370254 0.074648 -0.500000
0.285641 -0.042898 -0.500000
-0.082014 0.087019 -0.500000
-0.355785 0.077563 -0.500000
-0.083308 0.087102 -0.500000
-0.050811 0.084809 -0.500000
-0.454915 -0.046288 -0.500000
-0.432308 0.055930 -0.500000
0.332640 -0.035328 -0.500000
-0.245565 -0.086272 -0.500000
-0.393327 -0.068469 -0.500000
-0.458113 0.042900 -0.500000
0.247054 -0.048766 -0.500000
0.451854 0.009934 -0.500000
0.508975 -0.002336 -0.500000
-0.390991 0.069680 -0.500000
-0.058108 0.085364 -0.500000
-0.147687 0.090087 -0.500000
-0.202496 -0.087196 -0.500000
-0.403092 -0.065971 -0.500000
-0.006594 0.080972 -0.500000
0.047423 -0.073765 -0.500000
0.309095 -0.039178 -0.500000
0.394050 0.021515 -0.500000
-0.165901 -0.087021 -0.500000
0.443510 -0.015556 -0.500000
0.406544 -0.022460 -0.500000
-0.064532 0.085835 -0.500000
-0.258846 -0.085701 -0.500000
-0.352773 0.078117 -0.500000
-0.490597 -0.003736 -0.500000
0.328276 0.033763 -0.500000
-0.062152 -0.082785 -0.500000
0.126098 0.065563 -0.500000
0.136112 -0.063844 -0.500000
-0.318497 -0.081078 -0.500000
0.452714 -0.013786 -0.500000
0.444891 -0.015292 -0.500000
-0.277799 -0.084620 -0.500000
0.029092 0.077351 -0.500000
-0.071853 -0.083379 -0.500000
0.469176 -0.010567 -0.500000
0.238619 -0.050007 -0.500000
0.188300 -0.057092 -0.500000
-0.143435 -0.086538 -0.500000
0.472369 0.005626 -0.500000
0.365063 0.027031 -0.500000
-0.046467 0.084465 -0.500000
0.476277 0.004793 -0.500000
-0.343168 0.079787 -0.500000
0.345860 -0.033114 -0.500000
0.056194 0.074324 -0.500000
0.058648 -0.072627 -0.500000
0.469467 -0.010510 -0.500000
-0.185790 -0.087217 -0.500000
0.176975 -0.058610 -0.500000
0.150258 0.062244 -0.500000
-0.136589 -0.086338 -0.500000
-0.379136 0.072642 -0.500000
0.365750 -0.029712 -0.500000
-0.244873 0.089530 -0.500000
-0.154205 -0.086805 -0.500000
0.143940 -0.062871 -0.500000
0.412610 -0.021349 -0.500000
-0.100872 -0.084934 -0.500000
-0.026488 -0.080292 -0.500000
-0.072528 0.086394 -0.500000
-0.451328 -0.048185 -0.500000
-0.414943 -0.062550 -0.500000
0.174169 0.058823 -0.500000
0.318847 -0.037598 -0.500000
-0.085706 0.087253 -0.500000
0.043375 0.075784 -0.500000
0.123301 -0.065402 -0.500000
0.023175 -0.076095 -0.500000
0.317034 -0.037893 -0.500000
-0.328130 0.082090 -0.500000
-0.259067 0.088799 -0.500000
0.452332 -0.013860 -0.500000
0.390405 -0.025374 -0.500000
-0.270995 0.088033 -0.500000
0.474431 0.005187 -0.500000
0.250008 -0.048328 -0.500000
-0.373566 0.073920 -0.500000
0.245084 -0.049057 -0.500000
-0.377713 -0.071966 -0.500000
-0.064309 0.085820 -0.500000
0.085481 0.070814 -0.500000
0.005986 -0.077639 -0.500000
-0.365525 -0.074324 -0.500000
0.350844 -0.032269 -0.500000
-0.184260 -0.087214 -0.500000
0.467385 0.006682 -0.500000
0.098779 -0.068273 -0.500000
-0.406801 -0.064948 -0.500000
-0.357230 -0.075769 -0.500000
-0.341214 -0.078232 -0.500000
-0.045655 -0.081688 -0.500000
0.269860 0.043859 -0.500000
0.127113 0.065426 -0.500000
0.225680 -0.051881 -0.500000
-0.487439 0.013331 -0.500000
0.129432 -0.064661 -0.500000
0.506899 -0.002924 -0.500000
-0.465807 0.037740 -0.500000
-0.456571 -0.045370 -0.500000
-0.325669 0.082434 -0.500000
0.287476 -0.042611 -0.500000
-0.176356 0.090636 -0.500000
-0.025946 0.082745 -0.500000
0.215180 0.052653 -0.500000
-0.292695 -0.083531 -0.500000
0.265435 -0.046010 -0.500000
-0.445529 0.049891 -0.500000
-0.322263 -0.080653 -0.500000
0.280372 -0.043718 -0.500000
-0.203935 -0.087186 -0.500000
0.116765 0.066807 -0.500000
0.392277 -0.025039 -0.500000
0.346030 0.030551 -0.500000
0.484184 -0.007572 -0.500000
0.034722 0.076741 -0.500000
-0.283937 0.087030 -0.500000
0.360062 -0.030693 -0.500000
0.213612 0.052896 -0.500000
-0.418469 -0.061440 -0.500000
-0.304469 0.085049 -0.500000
-0.313796 -0.081583 -0.500000
-0.384276 0.071401 -0.500000
-0.486993 0.014287 -0.500000
-0.387391 0.070616 -0.500000
0.436544 -0.016882 -0.500000
-0.071564 0.086329 -0.500000
-0.383589 0.071569 -0.500000
-0.404019 0.065984 -0.500000
0.237841 -0.050120 -0.500000
0.198644 -0.055681 -0.500000
0.185177 -0.057513 -0.500000
0.395869 -0.024394 -0.500000
0.105058 -0.067552 -0.500000
0.248936 0.047300 -0.500000
0.394464 0.021435 -0.500000
0.440114 -0.016204 -0.500000
-0.197348 0.090687 -0.500000
0.019600 -0.076423 -0.500000
-0.012829 -0.079218 -0.500000
0.251841 -0.048055 -0.500000
-0.129216 0.089465 -0.500000
-0.272003 -0.084985 -0.500000
0.177469 0.058341 -0.500000
0.094109 0.069734 -0.500000
-0.296095 -0.083249 -0.500000
0.221298 0.051702 -0.500000
0.059788 0.073907 -0.500000
0.085129 0.070857 -0.500000
-0.483385 0.020453 -0.500000
0.248490 0.047372 -0.500000
-0.388854 -0.069529 -0.500000
0.008571 0.079486 -0.500000
-0.115223 0.088862 -0.500000
-0.398437 0.067627 -0.500000
0.144353 0.063068 -0.500000
0.361361 0.027722 -0.500000
-0.030305 -0.080581 -0.500000
0.204988 -0.054803 -0.500000
-0.490659 -0.002549 -0.500000
0.112028 0.067430 -0.500000
0.419525 0.016509 -0.500000
-0.040610 -0.081334 -0.500000
-0.068637 0.086125 -0.500000
0.219611 -0.052748 -0.500000
-0.200369 0.090665 -0.500000
-0.409706 -0.064118 -0.500000
-0.394903 0.068620 -0.500000
0.386561 0.022958 -0.500000
-0.050259 0.084766 -0.500000
0.132549 0.064691 -0.500000
-0.265566 -0.085355 -0.500000
0.115045 0.067034 -0.500000
-0.261277 -0.085579 -0.500000
-0.443408 0.050935 -0.500000
-0.090472 0.087542 -0.500000
0.291499 0.040204 -0.500000
0.220210 -0.052662 -0.500000
-0.290784 0.086424 -0.500000
0.075057 -0.070900 -0.500000
0.238788 0.048935 -0.500000
0.183303 0.057481 -0.500000
0.037447 -0.074745 -0.500000
0.203306 -0.055037 -0.500000
0.363095 0.027398 -0.500000
0.170673 -0.059443 -0.500000
0.403008 0.019772 -0.500000
-0.487896 0.012274 -0.500000
-0.454278 -0.046636 -0.500000
-0.059778 -0.082633 -0.500000
0.222480 -0.052339 -0.500000
0.046468 -0.073860 -0.500000
-0.173976 0.090616 -0.500000
-0.169121 -0.087071 -0.500000
-0.462864 0.039815 -0.500000
-0.441280 -0.052920 -0.500000
-0.326531 -0.080151 -0.500000
-0.284746 -0.084139 -0.500000
0.407885 -0.022215 -0.500000
-0.404598 0.065809 -0.500000
-0.444033 0.050632 -0.500000
0.336950 0.032202 -0.500000
-0.402870 -0.066032 -0.500000
0.108329 0.067912 -0.500000
-0.345669 0.079365 -0.500000
-0.084372 0.087171 -0.500000
0.080524 -0.070308 -0.500000
0.433927 0.013612 -0.500000
0.403821 0.019613 -0.500000
0.490622 -0.006269 -0.500000
0.391085 -0.025252 -0.500000
-0.195392 -0.087226 -0.500000
-0.399905 0.067207 -0.500000
-0.150703 0.090173 -0.500000
0.222931 -0.052274 -0.500000
0.025948 -0.075837 -0.500000
0.124616 0.065762 -0.500000
0.150831 -0.062003 -0.500000
-0.489415 -0.010605 -0.500000
0.129557 -0.064646 -0.500000
-0.333393 -0.079293 -0.500000
0.384591 0.023336 -0.500000
0.198368 -0.055719 -0.500000
-0.296532 -0.083212 -0.500000
-0.016898 0.081933 -0.500000
0.364354 -0.029953 -0.500000
0.078465 0.071677 -0.500000
0.106185 0.068190 -0.500000
0.340250 0.031604 -0.500000
-0.479718 -0.027592 -0.500000
0.006595 -0.077586 -0.500000
-0.488330 -0.013884 -0.500000
0.452951 -0.013740 -0.500000
0.210264 0.053413 -0.500000
-0.348915 -0.077099 -0.500000
0.239704 0.048789 -0.500000
0.465649 -0.011263 -0.500000
-0.104180 0.088312 -0.500000
-0.457737 0.043131 -0.500000
-0.083782 -0.084061 -0.500000
0.277950 0.042504 -0.500000
0.120673 -0.065717 -0.500000
0.256825 0.046014 -0.500000
-0.241566 -0.086415 -0.500000
-0.331706 -0.079509 -0.500000
-0.479625 0.025289 -0.500000
-0.001485 0.080480 -0.500000
-0.124259 -0.085923 -0.500000
-0.261394 0.088662 -0.500000
-0.369019 0.074912 -0.500000
0.346895 -0.032939 -0.500000
0.439710 0.012434 -0.500000
-0.390492 0.069810 -0.500000
0.000967 0.080241 -0.500000
-0.384388 0.071374 -0.500000
0.154068 0.061708 -0.500000
0.244560 -0.049134 -0.500000
-0.275870 -0.084747 -0.500000
0.013106 0.079026 -0.500000
0.161108 0.060709 -0.500000
-0.142363 -0.086508 -0.500000
-0.057679 -0.082497 -0.500000
-0.037400 -0.081104 -0.500000
-0.016297 -0.079497 -0.500000
0.106236 -0.067416 -0.500000
0.261285 0.045280 -0.500000
-0.064477 0.085831 -0.500000
-0.349441 0.078713 -0.500000
0.314221 0.036259 -0.500000
0.254282 -0.047690 -0.500000
-0.456517 -0.045400 -0.500000
0.330730 -0.035644 -0.500000
-0.109863 0.088603 -0.500000
-0.490554 -0.004291 -0.500000
-0.248261 -0.086167 -0.500000
0.061329 0.073726 -0.500000
0.292081 -0.041888 -0.500000
0.246734 0.047657 -0.500000
0.248689 -0.048524 -0.500000
0.497422 0.000216 -0.500000
0.213817 0.052865 -0.500000
-0.017799 0.082016 -0.500000
-0.478325 -0.029106 -0.500000
-0.027770 0.082904 -0.500000
-0.069458 -0.083237 -0.500000
0.153659 0.061766 -0.500000
-0.020755 -0.079849 -0.500000
-0.234628 0.089941 -0.500000
-0.357631 -0.075702 -0.500000
-0.408392 0.064632 -0.500000
-0.489875 0.006038 -0.500000
-0.077513 0.086730 -0.500000
-0.359567 0.076842 -0.500000
-0.482398 0.021832 -0.500000
0.262811 0.045029 -0.500000
0.086506 0.070686 -0.500000
-0.368666 -0.073744 -0.500000
-0.385402 -0.070314 -0.500000
-0.128618 0.089443 -0.500000
-0.039051 -0.081222 -0.500000
-0.467278 -0.038583 -0.500000
0.164863 -0.060202 -0.500000
-0.446525 -0.050544 -0.500000
0.073343 0.072298 -0.500000
-0.081860 0.087010 -0.500000
-0.354934 -0.076149 -0.500000
-0.337847 -0.078700 -0.500000
0.264235 -0.046192 -0.500000
-0.366266 0.075492 -0.500000
-0.320909 -0.080810 -0.500000
-0.369215 0.074870 -0.500000
-0.077833 0.086751 -0.500000
-0.116240 0.088909 -0.500000
0.432481 0.013905 -0.500000
0.045418 0.075555 -0.500000
0.109240 -0.067067 -0.500000
-0.490679 -0.001504 -0.500000
0.242158 0.048394 -0.500000
0.289861 0.040484 -0.500000
0.372551 -0.028529 -0.500000
0.166481 -0.059991 -0.500000
-0.148941 -0.086681 -0.500000
-0.125124 -0.085953 -0.500000
-0.393067 0.069121 -0.500000
0.486809 -0.007042 -0.500000
0.196755 -0.055940 -0.500000
0.335682 0.032432 -0.500000
-0.446270 0.049516 -0.500000
0.246460 0.047701 -0.500000
-0.384715 -0.070469 -0.500000
0.482408 -0.007929 -0.500000
0.408871 -0.022035 -0.500000
-0.010175 -0.079003 -0.500000
-0.384911 0.071243 -0.500000
0.373739 -0.028321 -0.500000
0.200715 0.054872 -0.500000
-0.289193 -0.083808 -0.500000
0.392584 0.021799 -0.500000
-0.389235 -0.069441 -0.500000
0.412241 -0.021417 -0.500000
-0.272545 -0.084952 -0.500000
-0.429730 0.056991 -0.500000
0.197289 -0.055867 -0.500000
0.334273 -0.035056 -0.500000
0.193239 0.056001 -0.500000
-0.037530 -0.081113 -0.500000
0.016011 -0.076749 -0.500000
-0.218254 0.090405 -0.500000
-0.362002 -0.074953 -0.500000
-0.208318 -0.087151 -0.500000
0.234315 -0.050634 -0.500000
-0.490664 -0.000308 -0.500000
0.103014 0.068599 -0.500000
0.430198 -0.018080 -0.500000
0.076090 -0.070789 -0.500000
-0.217823 0.090414 -0.500000
-0.490005 0.005418 -0.500000
-0.190539 -0.087230 -0.500000
-0.199947 -0.087215 -0.500000
0.235441 0.049470 -0.500000
0.095908 0.069507 -0.500000
-0.102301 0.088211 -0.500000
-0.162338 -0.086964 -0.500000
-0.460579 -0.043018 -0.500000
0.173559 0.058912 -0.500000
-0.269625 0.088131 -0.500000
-0.305123 0.084976 -0.500000
0.190454 -0.056800 -0.500000
0.378675 -0.027455 -0.500000
-0.055677 -0.082368 -0.500000
-0.241734 -0.086409 -0.500000
0.497611 -0.004842 -0.500000
-0.407974 -0.064618 -0.500000
-0.191922 0.090703 -0.500000
-0.302204 -0.082714 -0.500000
-0.270052 0.088100 -0.500000
-0.489910 0.005875 -0.500000
-0.256786 0.088933 -0.500000
-0.271886 -0.084992 -0.500000
-0.393809 0.068921 -0.500000
-0.345503 -0.077612 -0.500000
-0.484417 -0.021477 -0.500000
-0.078439 0.086790 -0.500000
0.369816 -0.029006 -0.500000
-0.299711 -0.082940 -0.500000
0.266883 -0.045789 -0.500000
-0.221077 -0.086961 -0.500000
-0.426060 -0.058880 -0.500000
-0.175171 -0.087142 -0.500000
0.357127 -0.031197 -0.500000
-0.062266 -0.082792 -0.500000
0.172465 -0.059207 -0.500000
-0.183411 -0.087208 -0.500000
0.481990 0.003568 -0.500000
0.318407 -0.037670 -0.500000
-0.352342 0.078196 -0.500000
0.150282 -0.062073 -0.500000
0.153426 0.061798 -0.500000
0.343334 0.031043 -0.500000
0.128596 0.065227 -0.500000
0.137327 0.064038 -0.500000
0.502545 -0.003826 -0.500000
0.311343 -0.038816 -0.500000
-0.252853 -0.085976 -0.500000
0.255421 -0.047520 -0.500000
0.344215 -0.033391 -0.500000
-0.432700 0.055766 -0.500000
0.167605 0.059775 -0.500000
0.101814 -0.067926 -0.500000
0.377300 -0.027696 -0.500000
0.139714 0.063710 -0.500000
0.316744 0.035814 -0.500000
0.077718 -0.070614 -0.500000
-0.033822 -0.080842 -0.500000
0.426443 0.015124 -0.500000
0.414814 -0.020944 -0.500000
0.199512 0.055054 -0.500000
0.318805 0.035449 -0.500000
-0.490529 0.001856 -0.500000
0.095137 -0.068686 -0.500000
-0.277186 -0.084661 -0.500000
-0.419880 -0.060982 -0.500000
0.210377 -0.054051 -0.500000
-0.251145 0.089232 -0.500000
0.381574 -0.026943 -0.500000
0.502028 -0.000797 -0.500000
0.307631 0.037414 -0.500000
0.459811 0.008276 -0.500000
0.057381 -0.072758 -0.500000
-0.386667 0.070799 -0.500000
0.008408 0.079502 -0.500000
-0.131510 -0.086177 -0.500000
-0.121373 0.089142 -0.500000
0.484881 0.002945 -0.500000
0.342861 0.031129 -0.500000
-0.301930 0.085320 -0.500000
-0.008282 0.081131 -0.500000
0.324909 -0.036605 -0.500000
0.145065 -0.062730 -0.500000
0.314946 0.036131 -0.500000
0.047525 0.075317 -0.500000
0.372783 0.025580 -0.500000
-0.209648 0.090561 -0.500000
0.427558 0.014899 -0.500000
0.487979 -0.006805 -0.500000
-0.205989 -0.087170 -0.500000
0.323274 0.034656 -0.500000
0.369485 0.026201 -0.500000
0.275854 0.042857 -0.500000
-0.053521 -0.082224 -0.500000
0.191168 0.056311 -0.500000
-0.155639 0.090292 -0.500000
0.311143 0.036799 -0.500000
-0.487325 -0.016252 -0.500000
0.405581 -0.022636 -0.500000
0.051888 -0.073317 -0.500000
-0.285539 -0.084081 -0.500000
-0.399612 -0.066892 -0.500000
0.036170 -0.074868 -0.500000
0.464376 -0.011513 -0.500000
-0.364898 -0.074438 -0.500000
0.128627 -0.064759 -0.500000
0.341363 -0.033871 -0.500000
0.433525 -0.017453 -0.500000
0.195282 -0.056142 -0.500000
0.142948 -0.062995 -0.500000
0.437610 -0.016680 -0.500000
0.337922 0.032027 -0.500000
-0.140200 0.089859 -0.500000
0.070833 -0.071352 -0.500000
0.073012 -0.071120 -0.500000
-0.489632 0.007066 -0.500000
-0.079630 -0.083830 -0.500000
0.421189 0.016177 -0.500000
0.037648 -0.074725 -0.500000
-0.250472 -0.086080 -0.500000
0.203678 0.054421 -0.500000
-0.034295 0.083465 -0.500000
-0.245468 0.089502 -0.500000
0.353070 -0.031890 -0.500000
0.439152 0.012548 -0.500000
0.048945 0.075156 -0.500000
0.020579 -0.076334 -0.500000
0.215950 0.052534 -0.500000
-0.267784 0.088254 -0.500000
0.492875 -0.005810 -0.500000
0.039584 0.076206 -0.500000
0.296580 -0.041178 -0.500000
-0.478461 -0.028962 -0.500000
-0.482250 -0.024533 -0.500000
0.346699 0.030428 -0.500000
-0.121357 0.089141 -0.500000
-0.417143 0.061717 -0.500000
-0.095555 -0.084677 -0.500000
-0.490054 0.005172 -0.500000
0.434430 0.013509 -0.500000
-0.134625 0.089670 -0.500000
-0.031002 -0.080633 -0.500000
0.478453 0.004327 -0.500000
-0.110804 -0.085384 -0.500000
-0.145761 -0.086603 -0.500000
-0.409922 0.064140 -0.500000
-0.269116 0.088167 -0.500000
0.411886 -0.021482 -0.500000
-0.067806 -0.083136 -0.500000
0.036020 -0.074883 -0.500000
0.238754 0.048940 -0.500000
-0.458616 0.042586 -0.500000
-0.172702 0.090598 -0.500000
0.064874 0.073309 -0.500000
-0.437653 -0.054457 -0.500000
-0.292964 -0.083510 -0.500000
-0.007888 0.081094 -0.500000
-0.044239 -0.081590 -0.500000
-0.240465 -0.086452 -0.500000
-0.451067 0.046993 -0.500000
-0.401253 -0.066460 -0.500000
-0.340653 -0.078311 -0.500000
-0.029510 -0.080522 -0.500000
0.004922 0.079851 -0.500000
0.300264 0.038695 -0.500000
-0.216166 0.090449 -0.500000
-0.194642 -0.087227 -0.500000
0.030809 -0.075380 -0.500000
-0.255807 -0.085844 -0.500000
0.090474 -0.069209 -0.500000
0.186811 -0.057294 -0.500000
-0.449457 0.047861 -0.500000
0.263793 0.044867 -0.500000
0.046882 0.075390 -0.500000
-0.071706 -0.083370 -0.500000
0.082029 -0.070144 -0.500000
0.320492 -0.037329 -0.500000
-0.351979 0.078263 -0.500000
-0.301827 -0.082748 -0.500000
-0.071917 -0.083383 -0.500000
-0.434539 0.054984 -0.500000
-0.121949 0.089166 -0.500000
0.300215 0.038704 -0.500000
-0.269615 -0.085129 -0.500000
-0.186339 -0.087219 -0.500000
0.060077 -0.072480 -0.500000
-0.215935 -0.087053 -0.500000
-0.350250 0.078571 -0.500000
0.360469 0.027888 -0.500000
-0.448823 0.048199 -0.500000
-0.411709 0.063558 -0.500000
-0.363827 -0.074632 -0.500000
0.210277 0.053411 -0.500000
0.028910 0.077370 -0.500000
-0.146343 0.090048 -0.500000
0.420040 0.016407 -0.500000
0.188298 -0.057092 -0.500000
-0.389250 -0.069437 -0.500000
0.370171 -0.028944 -0.500000
-0.184625 -0.087214 -0.500000
0.445662 0.011213 -0.500000
-0.194305 0.090696 -0.500000
0.149159 0.062398 -0.500000
-0.404280 -0.065647 -0.500000
0.116311 -0.066236 -0.500000
-0.042611 -0.081477 -0.500000
-0.296500 0.085877 -0.500000
0.420089 -0.019968 -0.500000
0.110220 -0.066952 -0.500000
0.451186 -0.014082 -0.500000
0.179104 0.058100 -0.500000
0.303308 0.038167 -0.500000
0.453386 0.009616 -0.500000
-0.279379 -0.084514 -0.500000
0.094954 0.069628 -0.500000
-0.017480 0.081987 -0.500000
-0.485823 -0.019165 -0.500000
-0.069662 0.086197 -0.500000
-0.358006 0.077140 -0.500000
-0.372970 0.074052 -0.500000
-0.403882 -0.065755 -0.500000
-0.304950 -0.082463 -0.500000
0.388881 -0.025646 -0.500000
0.422012 -0.019611 -0.500000
-0.377784 -0.071951 -0.500000
0.370454 -0.028894 -0.500000
0.421205 0.016174 -0.500000
-0.158156 0.090353 -0.500000
0.157479 -0.061156 -0.500000
0.124383 0.065794 -0.500000
0.078649 0.071654 -0.500000
0.283624 -0.043212 -0.500000
-0.344049 0.079638 -0.500000
0.331775 0.033136 -0.500000
0.309112 0.037155 -0.500000
0.015445 0.078786 -0.500000
-0.050504 -0.082021 -0.500000
-0.424361 0.059092 -0.500000
-0.365658 0.075617 -0.500000
-0.390859 -0.069062 -0.500000
-0.483136 -0.023345 -0.500000
-0.018256 -0.079653 -0.500000
-0.470557 -0.036119 -0.500000
-0.428600 -0.057969 -0.500000
0.113399 -0.066580 -0.500000
-0.432678 0.055775 -0.500000
-0.428552 0.057463 -0.500000
-0.372862 -0.072938 -0.500000
0.476337 -0.009145 -0.500000
-0.421282 -0.060519 -0.500000
-0.302838 -0.082656 -0.500000
0.450849 -0.014147 -0.500000
0.026660 0.077610 -0.500000
0.433422 0.013714 -0.500000
-0.072444 -0.083414 -0.500000
-0.412234 -0.063373 -0.500000
-0.157906 0.090347 -0.500000
-0.205551 0.090619 -0.500000
0.128034 0.065303 -0.500000
0.194064 0.055877 -0.500000
-0.090953 0.087572 -0.500000
0.462700 0.007670 -0.500000
0.014064 -0.076924 -0.500000
0.508154 -0.002154 -0.500000
-0.133765 -0.086249 -0.500000
0.316095 -0.038046 -0.500000
0.323851 0.034554 -0.500000
-0.090342 -0.084411 -0.500000
0.264112 0.044814 -0.500000
-0.439714 0.052682 -0.500000
0.008640 -0.077405 -0.500000
-0.233709 0.089972 -0.500000
0.261262 0.045284 -0.500000
-0.390421 0.069829 -0.500000
0.114690 -0.066427 -0.500000
-0.159350 -0.086909 -0.500000
0.171760 -0.059300 -0.500000
-0.110292 -0.085362 -0.500000
-0.436411 -0.054965 -0.500000
-0.206825 0.090603 -0.500000
0.310326 -0.038980 -0.500000
-0.393837 -0.068347 -0.500000
-0.409613 -0.064145 -0.500000
-0.004181 -0.078506 -0.500000
0.386853 0.022902 -0.500000
-0.426213 0.058382 -0.500000
0.401074 0.020150 -0.500000
0.361335 -0.030474 -0.500000
0.114205 0.067145 -0.500000
0.034755 -0.075005 -0.500000
0.504103 -0.001256 -0.500000
0.311896 0.036668 -0.500000
0.335311 -0.034883 -0.500000
-0.293199 0.086201 -0.500000
-0.416974 -0.061916 -0.500000
-0.412207 -0.063381 -0.500000
0.035037 0.076707 -0.500000
-0.033636 0.083409 -0.500000
0.236896 0.049237 -0.500000
0.085575 0.070802 -0.500000
0.007009 0.079643 -0.500000
-0.489446 0.007774 -0.500000
0.207257 0.053874 -0.500000
0.384536 0.023346 -0.500000
0.042246 -0.074277 -0.500000
0.222167 0.051566 -0.500000
0.096268 -0.068558 -0.500000
-0.219061 -0.086997 -0.500000
0.365681 -0.029724 -0.500000
-0.260368 0.088722 -0.500000
-0.397358 0.067936 -0.500000
0.248215 0.047417 -0.500000
-0.141007 -0.086470 -0.500000
-0.471576 0.033202 -0.500000
0.405287 0.019326 -0.500000
-0.002339 0.080562 -0.500000
-0.023263 -0.080045 -0.500000
0.187141 -0.057249 -0.500000
0.471089 -0.010189 -0.500000
-0.212556 0.090518 -0.500000
-0.133034 -0.086226 -0.500000
0.477890 -0.008835 -0.500000
0.252567 0.046710 -0.500000
0.471316 -0.010144 -0.500000
0.485124 -0.007382 -0.500000
-0.445867 -0.050853 -0.500000
0.303731 0.038094 -0.500000
-0.143306 0.089961 -0.500000
-0.250545 -0.086077 -0.500000
0.399204 -0.023793 -0.500000
0.086576 -0.069643 -0.500000
0.136339 0.064173 -0.500000
-0.226082 0.090211 -0.500000
-0.439298 -0.053770 -0.500000
0.438654 -0.016482 -0.500000
0.466045 0.006965 -0.500000
0.477887 0.004449 -0.500000
0.001178 0.080221 -0.500000
0.106562 -0.067378 -0.500000
0.416097 0.017192 -0.500000
-0.156012 0.090301 -0.500000
-0.079382 0.086850 -0.500000
-0.427660 0.057817 -0.500000
0.365815 -0.029701 -0.500000
0.174862 0.058722 -0.500000
0.461378 -0.012101 -0.500000
0.225194 0.051091 -0.500000
-0.126811 -0.086013 -0.500000
0.454228 -0.013493 -0.500000
-0.116533 0.088922 -0.500000
-0.257547 -0.085767 -0.500000
0.336164 0.032344 -0.500000
0.356351 -0.031330 -0.500000
0.301071 0.038555 -0.500000
-0.034029 0.083442 -0.500000
-0.423344 -0.059824 -0.500000
-0.284028 0.087022 -0.500000
-0.472410 0.032483 -0.500000
0.287755 0.040843 -0.500000
0.196560 0.055501 -0.500000
0.430155 0.014375 -0.500000
-0.453286 0.045759 -0.500000
0.267288 -0.045728 -0.500000
-0.143408 -0.086537 -0.500000
0.495445 -0.005285 -0.500000
0.331239 0.033232 -0.500000
-0.244931 -0.086297 -0.500000
0.420293 -0.019930 -0.500000
-0.034460 0.083479 -0.500000
0.374007 -0.028274 -0.500000
-0.332021 -0.079469 -0.500000
-0.231723 0.090039 -0.500000
-0.289365 0.086554 -0.500000
0.442344 -0.015779 -0.500000
-0.062827 0.085712 -0.500000
0.217706 0.052262 -0.500000
0.440932 -0.016048 -0.500000
0.273059 0.043325 -0.500000
0.390545 0.022192 -0.500000
-0.392747 -0.068609 -0.500000
0.507162 -0.002870 -0.500000
-0.277870 -0.084615 -0.500000
-0.172923 0.090601 -0.500000
0.147352 0.062651 -0.500000
-0.156561 0.090314 -0.500000
-0.201883 0.090652 -0.500000
0.281229 -0.043585 -0.500000
-0.182539 0.090686 -0.500000
-0.033294 -0.080803 -0.500000
-0.253330 -0.085955 -0.500000
-0.385764 -0.070233 -0.500000
-0.299508 -0.082959 -0.500000
0.318161 0.035563 -0.500000
0.066544 -0.071806 -0.500000
0.146872 0.062718 -0.500000
-0.340035 -0.078398 -0.500000
-0.184848 -0.087215 -0.500000
0.187221 0.056900 -0.500000
0.254622 -0.047640 -0.500000
-0.108064 0.088513 -0.500000
0.020957 -0.076299 -0.500000
-0.392972 -0.068555 -0.500000
0.473466 -0.009717 -0.500000
0.394533 0.021422 -0.500000
0.470941 -0.010218 -0.500000
0.251682 0.046854 -0.500000
0.382519 0.023732 -0.500000
0.129281 -0.064680 -0.500000
0.400299 -0.023594 -0.500000
0.441482 0.012071 -0.500000
0.011523 -0.077151 -0.500000
-0.484041 0.019478 -0.500000
0.436481 -0.016894 -0.500000
0.373115 -0.028430 -0.500000
0.453856 -0.013565 -0.500000
-0.288820 0.086604 -0.500000
0.211708 -0.053864 -0.500000
-0.489712 0.006741 -0.500000
-0.045392 0.084380 -0.500000
-0.353448 -0.076388 -0.500000
0.412655 0.017874 -0.500000
-0.424852 0.058907 -0.500000
-0.363698 0.076021 -0.500000
0.225064 0.051112 -0.500000
-0.337200 0.080742 -0.500000
-0.018477 0.082078 -0.500000
0.374314 0.025291 -0.500000
-0.350570 -0.076844 -0.500000
-0.247018 0.089431 -0.500000
0.193709 -0.056357 -0.500000
-0.390018 -0.069258 -0.500000
0.154214 0.061687 -0.500000
-0.249319 -0.086125 -0.500000
-0.251296 -0.086046 -0.500000
0.013104 -0.077010 -0.500000
0.125057 0.065703 -0.500000
-0.075917 0.086623 -0.500000
-0.248867 0.089346 -0.500000
0.382281 -0.026818 -0.500000
0.264822 -0.046103 -0.500000
0.138629 0.063860 -0.500000
-0.186610 0.090698 -0.500000
-0.454259 -0.046646 -0.500000
-0.066761 0.085993 -0.500000
-0.286455 -0.084014 -0.500000
0.319062 0.035404 -0.500000
-0.093145 0.087700 -0.500000
0.389170 -0.025594 -0.500000
0.140712 0.063572 -0.500000
0.496144 0.000496 -0.500000
0.261565 0.045234 -0.500000
0.324423 0.034452 -0.500000
0.492235 -0.005940 -0.500000
-0.425483 -0.059084 -0.500000
-0.130139 -0.086130 -0.500000
0.182761 -0.057839 -0.500000
-0.182612 0.090686 -0.500000
-0.183218 -0.087206 -0.500000
0.503931 -0.001218 -0.500000
-0.088904 0.087447 -0.500000
-0.409582 -0.064154 -0.500000
0.502443 -0.000889 -0.500000
0.188747 -0.057031 -0.500000
-0.465711 -0.039687 -0.500000
-0.108803 0.088550 -0.500000
-0.279982 -0.084473 -0.500000
0.328269 -0.036052 -0.500000
0.372053 -0.028616 -0.500000
-0.404883 0.065722 -0.500000
-0.193237 -0.087231 -0.500000
-0.078646 -0.083774 -0.500000
-0.487969 0.012099 -0.500000
0.481779 0.003614 -0.500000
0.442149 0.011935 -0.500000
0.398915 -0.023845 -0.500000
0.102642 -0.067831 -0.500000
0.193245 0.056000 -0.500000
-0.454121 -0.046719 -0.500000
0.400627 -0.023535 -0.500000
-0.011344 0.081420 -0.500000
-0.149883 0.090150 -0.500000
-0.236102 0.089891 -0.500000
-0.029075 0.083018 -0.500000
0.214488 0.052761 -0.500000
-0.225432 0.090229 -0.500000
0.075345 0.072056 -0.500000
0.459521 -0.012463 -0.500000
-0.326751 0.082283 -0.500000
0.148263 -0.062328 -0.500000
0.239354 0.048845 -0.500000
-0.471817 0.032998 -0.500000
0.271969 0.043507 -0.500000
-0.475388 -0.032001 -0.500000
0.093299 0.069836 -0.500000
0.176745 -0.058641 -0.500000
-0.155089 0.090279 -0.500000
-0.379589 -0.071573 -0.500000
0.405487 -0.022653 -0.500000
0.435371 0.013318 -0.500000
0.234833 0.049566 -0.500000
-0.321819 0.082954 -0.500000
0.044752 0.075629 -0.500000
0.298244 0.039044 -0.500000
0.123605 0.065898 -0.500000
-0.084407 0.087173 -0.500000
-0.246644 -0.086230 -0.500000
-0.029760 0.083077 -0.500000
0.052985 0.074695 -0.500000
0.463461 0.007510 -0.500000
-0.486768 -0.017401 -0.500000
0.492536 -0.005879 -0.500000
-0.488731 -0.012789 -0.500000
-0.133402 0.089623 -0.500000
-0.449817 -0.048948 -0.500000
0.163439 -0.060387 -0.500000
-0.227580 -0.086821 -0.500000
0.379376 0.024331 -0.500000
0.076787 -0.070714 -0.500000
0.093047 -0.068922 -0.500000
0.111935 -0.066752 -0.500000
0.501945 -0.003950 -0.500000
-0.040949 0.084019 -0.500000
0.448696 -0.014562 -0.500000
0.058798 0.074022 -0.500000
0.128228 0.065276 -0.500000
0.299539 -0.040708 -0.500000
0.261888 -0.046547 -0.500000
0.023894 0.077905 -0.500000
-0.024968 0.082659 -0.500000
0.417889 0.016835 -0.500000
0.165241 0.060116 -0.500000
0.042579 0.075873 -0.500000
0.256606 0.046050 -0.500000
0.160299 0.060824 -0.500000
-0.363338 -0.074720 -0.500000
-0.010403 0.081331 -0.500000
-0.300188 0.085503 -0.500000
0.320115 0.035218 -0.500000
0.359098 0.028142 -0.500000
-0.338852 -0.078564 -0.500000
0.068547 0.072874 -0.500000
0.215585 -0.053318 -0.500000
0.200978 -0.055359 -0.500000
-0.225620 -0.086866 -0.500000
0.084875 -0.069831 -0.500000
0.102013 -0.067903 -0.500000
-0.221177 0.090344 -0.500000
-0.255737 0.088991 -0.500000
-0.066215 0.085954 -0.500000
0.280414 0.042089 -0.500000
0.497952 0.000100 -0.500000
0.138420 -0.063558 -0.500000
-0.368843 -0.073710 -0.500000
0.203248 0.054487 -0.500000
0.071024 -0.071332 -0.500000
-0.113840 0.088798 -0.500000
0.131905 0.064778 -0.500000
-0.144844 0.090005 -0.500000
0.295887 0.039450 -0.500000
-0.114209 -0.085527 -0.500000
0.164472 0.060226 -0.500000
0.438746 0.012631 -0.500000
-0.380036 0.072429 -0.500000
0.331550 -0.035509 -0.500000
-0.035701 0.083584 -0.500000
0.340795 -0.033967 -0.500000
0.089412 -0.069328 -0.500000
0.230060 0.050324 -0.500000
0.451481 -0.014025 -0.500000
-0.179064 -0.087176 -0.500000
-0.374952 0.073609 -0.500000
0.444652 0.011421 -0.500000
-0.128238 -0.086063 -0.500000
0.402143 0.019941 -0.500000
0.084426 0.070945 -0.500000
0.105857 -0.067460 -0.500000
-0.033295 -0.080803 -0.500000
0.231762 0.050054 -0.500000
0.045791 0.075513 -0.500000
-0.465099 -0.040105 -0.500000
0.481144 -0.008183 -0.500000
-0.439001 0.053011 -0.500000
0.385489 -0.026249 -0.500000
-0.441919 0.051650 -0.500000
0.238783 -0.049983 -0.500000
-0.299647 0.085560 -0.500000
-0.013699 0.081639 -0.500000
-0.181876 0.090684 -0.500000
-0.148851 -0.086678 -0.500000
0.439969 -0.016232 -0.500000
0.179704 -0.058247 -0.500000
0.273843 -0.044725 -0.500000
-0.436663 -0.054863 -0.500000
-0.327350 0.082199 -0.500000
-0.432016 0.056052 -0.500000
0.168983 0.059576 -0.500000
-0.020821 -0.079854 -0.500000
-0.249849 0.089300 -0.500000
-0.278320 -0.084585 -0.500000
-0.123048 0.089212 -0.500000
0.246681 0.047665 -0.500000
0.140182 0.063645 -0.500000
0.122761 -0.065467 -0.500000
0.187892 0.056800 -0.500000
0.324526 0.034433 -0.500000
-0.170012 0.090560 -0.500000
0.145087 -0.062728 -0.500000
0.326382 0.034102 -0.500000
0.168131 -0.059775 -0.500000
-0.140641 0.089874 -0.500000
0.472552 0.005587 -0.500000
-0.155233 0.090282 -0.500000
-0.286573 -0.084005 -0.500000
-0.011186 -0.079086 -0.500000
-0.455028 -0.046226 -0.500000
-0.464512 0.038669 -0.500000
0.002233 -0.077962 -0.500000
-0.449454 -0.049127 -0.500000
-0.028945 -0.080479 -0.500000
0.116173 0.066885 -0.500000
-0.269463 -0.085137 -0.500000
0.204800 0.054250 -0.500000
-0.345164 -0.077662 -0.500000
0.109482 0.067763 -0.500000
-0.342010 -0.078120 -0.500000
-0.372142 0.074235 -0.500000
-0.408091 -0.064585 -0.500000
-0.372567 -0.072996 -0.500000
-0.421315 -0.060508 -0.500000
-0.280474 -0.084440 -0.500000
0.145121 0.062961 -0.500000
-0.253298 -0.085957 -0.500000
0.403408 -0.023031 -0.500000
0.115043 -0.066386 -0.500000
-0.363040 0.076154 -0.500000
0.068507 0.072878 -0.500000
-0.166678 0.090513 -0.500000
0.225170 0.051095 -0.500000
-0.184525 0.090692 -0.500000
0.056986 0.074233 -0.500000
0.258626 -0.047039 -0.500000
0.151456 0.062076 -0.500000
0.231952 -0.050977 -0.500000
0.398669 0.020619 -0.500000
0.046305 0.075455 -0.500000
-0.344871 -0.077705 -0.500000
0.069637 -0.071479 -0.500000
-0.258424 -0.085723 -0.500000
0.370177 0.026071 -0.500000
0.029129 -0.075540 -0.500000
0.065152 -0.071952 -0.500000
-0.243946 -0.086334 -0.500000
0.408654 0.018664 -0.500000
0.152796 0.061887 -0.500000
-0.412397 -0.063324 -0.500000
0.131117 -0.064457 -0.500000
-0.406585 -0.065009 -0.500000
0.376037 -0.027918 -0.500000
0.195995 -0.056044 -0.500000
0.371040 0.025909 -0.500000
0.335414 -0.034866 -0.500000
0.240533 -0.049726 -0.500000
-0.274844 0.087756 -0.500000
-0.377351 0.073060 -0.500000
0.204878 -0.054818 -0.500000
0.246793 0.047647 -0.500000
-0.035148 -0.080940 -0.500000
0.281260 -0.043580 -0.500000
0.135403 -0.063931 -0.500000
-0.357367 -0.075746 -0.500000
0.086315 0.070710 -0.500000
0.139352 -0.063443 -0.500000
-0.170459 0.090566 -0.500000
0.225886 -0.051851 -0.500000
0.014016 0.078933 -0.500000
-0.439614 -0.053636 -0.500000
-0.477701 -0.029752 -0.500000
-0.300924 -0.082830 -0.500000
-0.113034 0.088761 -0.500000
-0.287192 0.086753 -0.500000
0.470909 0.005936 -0.500000
0.093240 -0.068900 -0.500000
0.448505 0.010627 -0.500000
0.349996 0.029824 -0.500000
0.358594 0.028236 -0.500000
0.192640 0.056091 -0.500000
-0.314863 0.083845 -0.500000
-0.171358 0.090579 -0.500000
0.293667 -0.041638 -0.500000
0.412656 0.017874 -0.500000
0.401866 0.019995 -0.500000
-0.172508 -0.087111 -0.500000
0.333005 -0.035267 -0.500000
-0.431463 -0.056905 -0.500000
0.361210 0.027750 -0.500000
-0.063465 -0.082867 -0.500000
0.125546 -0.065132 -0.500000
0.426732 -0.018730 -0.500000
-0.468521 -0.037678 -0.500000
-0.161810 0.090423 -0.500000
0.395418 -0.024475 -0.500000
0.044564 0.075650 -0.500000
-0.472815 -0.034278 -0.500000
0.366968 0.026674 -0.500000
0.028360 -0.075612 -0.500000
0.195317 0.055688 -0.500000
0.151206 -0.061956 -0.500000
0.377400 -0.027679 -0.500000
0.469550 0.006224 -0.500000
-0.392880 0.069172 -0.500000
-0.123411 -0.085891 -0.500000
0.448896 0.010546 -0.500000
-0.490511 -0.004758 -0.500000
-0.241744 -0.086409 -0.500000
-0.422020 0.059968 -0.500000
-0.178618 0.090656 -0.500000
-0.076461 -0.083650 -0.500000
0.084228 0.070969 -0.500000
-0.062936 -0.082834 -0.500000
0.245995 0.047776 -0.500000
0.125613 0.065628 -0.500000
-0.396441 0.068193 -0.500000
-0.180567 0.090672 -0.500000
0.166260 0.059969 -0.500000
-0.042123 -0.081442 -0.500000
-0.129281 -0.086100 -0.500000
0.508001 -0.002120 -0.500000
-0.046218 -0.081728 -0.500000
-0.378226 -0.071860 -0.500000
-0.202101 -0.087199 -0.500000
0.382547 0.023727 -0.500000
-0.339930 0.080311 -0.500000
-0.168442 0.090538 -0.500000
0.026056 -0.075827 -0.500000
0.306514 0.037609 -0.500000
0.476927 -0.009028 -0.500000
-0.063284 0.085745 -0.500000
0.350118 -0.032393 -0.500000
-0.094489 -0.084623 -0.500000
-0.090551 -0.084421 -0.500000
0.132948 -0.064232 -0.500000
0.067775 -0.071677 -0.500000
-0.152725 -0.086772 -0.500000
-0.415754 0.062201 -0.500000
-0.221689 -0.086950 -0.500000
0.461878 -0.012003 -0.500000
0.409669 0.018464 -0.500000
0.185584 -0.057459 -0.500000
0.166219 -0.060025 -0.500000
0.129127 -0.064698 -0.500000
-0.367142 -0.074030 -0.500000
0.490684 0.001688 -0.500000
0.181880 -0.057956 -0.500000
-0.139835 -0.086437 -0.500000
0.096014 0.069493 -0.500000
0.319898 0.035256 -0.500000
0.310954 0.036833 -0.500000
0.173327 0.058946 -0.500000
0.312134 0.036626 -0.500000
-0.088370 -0.084308 -0.500000
0.438021 0.012779 -0.500000
-0.096232 -0.084710 -0.500000
0.048114 -0.073696 -0.500000
-0.490111 0.004868 -0.500000
-0.422761 0.059695 -0.500000
-0.388923 -0.069513 -0.500000
-0.481988 -0.024872 -0.500000
-0.369178 0.074878 -0.500000
-0.419922 -0.060968 -0.500000
0.239265 0.048859 -0.500000
0.088944 0.070383 -0.500000
-0.212159 0.090524 -0.500000
-0.065555 0.085907 -0.500000
0.049538 -0.073553 -0.500000
-0.200323 0.090666 -0.500000
-0.460477 0.041403 -0.500000
0.502362 -0.000871 -0.500000
0.376888 0.024804 -0.500000
0.159217 0.060978 -0.500000
0.333458 0.032833 -0.500000
0.474242 -0.009563 -0.500000
-0.386107 -0.070156 -0.500000
-0.108587 0.088539 -0.500000
0.452854 0.009726 -0.500000
0.052122 -0.073294 -0.500000
-0.407168 -0.064845 -0.500000
-0.470541 -0.036133 -0.500000
-0.045083 0.084355 -0.500000
-0.058971 -0.082580 -0.500000
0.126872 -0.064972 -0.500000
0.489440 -0.006509 -0.500000
-0.300241 -0.082892 -0.500000
-0.292261 0.086289 -0.500000
-0.365550 -0.074319 -0.500000
0.286140 -0.042820 -0.500000
-0.443320 -0.052018 -0.500000
0.057542 0.074169 -0.500000
-0.382724 -0.070903 -0.500000
-0.426698 -0.058655 -0.500000
-0.203502 -0.087189 -0.500000
0.173765 -0.059035 -0.500000
-0.193387 0.090699 -0.500000
0.309608 0.037069 -0.500000
-0.052690 -0.082168 -0.500000
-0.035528 0.083569 -0.500000
-0.472755 -0.034329 -0.500000
0.044580 0.075648 -0.500000
0.078083 0.071723 -0.500000
-0.001883 -0.078313 -0.500000
0.378494 -0.027486 -0.500000
-0.220694 0.090354 -0.500000
0.378495 0.024499 -0.500000
-0.489790 -0.009134 -0.500000
0.480382 0.003914 -0.500000
-0.459790 -0.043495 -0.500000
0.398471 0.020657 -0.500000
-0.118548 -0.085703 -0.500000
0.501036 -0.000579 -0.500000
-0.070837 0.086280 -0.500000
-0.107285 -0.085229 -0.500000
-0.478818 -0.028583 -0.500000
-0.303781 0.085125 -0.500000
0.416407 -0.020650 -0.500000
0.314649 -0.038281 -0.500000
0.333435 -0.035196 -0.500000
0.096757 0.069399 -0.500000
-0.234047 -0.086651 -0.500000
0.113829 0.067194 -0.500000
-0.249075 -0.086135 -0.500000
0.238680 -0.049998 -0.500000
0.081998 0.071243 -0.500000
-0.489211 -0.011311 -0.500000
-0.038662 -0.081194 -0.500000
0.434653 0.013464 -0.500000
0.295622 0.039496 -0.500000
-0.284042 -0.084190 -0.500000
-0.351040 -0.076772 -0.500000
0.091613 -0.069082 -0.500000
-0.154886 0.090274 -0.500000
-0.405338 -0.065358 -0.500000
-0.352092 0.078242 -0.500000
-0.364903 0.075773 -0.500000
0.447769 -0.014740 -0.500000
0.443274 -0.015602 -0.500000
0.228674 -0.051451 -0.500000
-0.132906 0.089605 -0.500000
0.390716 -0.025318 -0.500000
0.392027 -0.025083 -0.500000
-0.051356 -0.082079 -0.500000
-0.022285 -0.079968 -0.500000
0.075308 0.072060 -0.500000
-0.345240 -0.077651 -0.500000
0.193430 -0.056395 -0.500000
-0.050857 -0.082045 -0.500000
-0.088632 -0.084322 -0.500000
-0.459263 0.042180 -0.500000
-0.240108 0.089732 -0.500000
0.409690 -0.021885 -0.500000
0.183415 0.057465 -0.500000
0.179856 -0.058227 -0.500000
-0.344583 -0.077748 -0.500000
0.138890 -0.063500 -0.500000
-0.325158 -0.080318 -0.500000
0.152342 -0.061812 -0.500000
0.185116 -0.057522 -0.500000
-0.412356 0.063344 -0.500000
0.083917 -0.069937 -0.500000
-0.300731 -0.082848 -0.500000
0.424147 -0.019213 -0.500000
0.288172 0.040772 -0.500000
0.139034 0.063804 -0.500000
0.313060 0.036463 -0.500000
0.197742 -0.055805 -0.500000
-0.205241 -0.087176 -0.500000
-0.440185 0.052464 -0.500000
-0.243291 0.089602 -0.500000
0.378356 0.024525 -0.500000
-0.166782 -0.087036 -0.500000
-0.020581 -0.079835 -0.500000
0.433960 0.013605 -0.500000
-0.134965 -0.086287 -0.500000
0.184643 -0.057585 -0.500000
0.269967 -0.045319 -0.500000
-0.237877 0.089820 -0.500000
0.005379 -0.077691 -0.500000
0.066917 0.073067 -0.500000
0.093734 -0.068844 -0.500000
0.361990 0.027605 -0.500000
0.122868 0.065996 -0.500000
0.348240 0.030146 -0.500000
0.100295 0.068949 -0.500000
0.271930 0.043514 -0.500000
0.103308 0.068562 -0.500000
0.434783 0.013438 -0.500000
0.280174 0.042129 -0.500000
0.288389 0.040735 -0.500000
0.372770 -0.028490 -0.500000
0.491886 0.001426 -0.500000
0.131066 0.064892 -0.500000
-0.161306 -0.086948 -0.500000
-0.006459 0.080959 -0.500000
0.024908 0.077797 -0.500000
0.276995 0.042665 -0.500000
0.190521 -0.056791 -0.500000
0.029754 0.077280 -0.500000
0.338076 0.031999 -0.500000
0.477088 0.004620 -0.500000
0.098032 0.069237 -0.500000
-0.007006 -0.078742 -0.500000
0.491153 0.001585 -0.500000
-0.087657 -0.084270 -0.500000
0.331716 -0.035481 -0.500000
-0.356146 0.077495 -0.500000
-0.445393 -0.051075 -0.500000
0.455480 -0.013250 -0.500000
0.165945 -0.060061 -0.500000
0.147366 -0.062441 -0.500000
-0.343897 -0.077849 -0.500000
0.095019 -0.068699 -0.500000
-0.305447 -0.082415 -0.500000
-0.428517 0.057477 -0.500000
0.103676 0.068514 -0.500000
0.404680 0.019445 -0.500000
-0.288077 -0.083895 -0.500000
-0.201407 -0.087205 -0.500000
-0.307743 0.084683 -0.500000
-0.157636 0.090340 -0.500000
0.080556 -0.070304 -0.500000
0.085081 -0.069808 -0.500000
0.143313 0.063213 -0.500000
-0.416401 0.061976 -0.500000
0.332505 -0.035350 -0.500000
0.213502 0.052913 -0.500000
-0.256236 -0.085825 -0.500000
0.427199 0.014972 -0.500000
-0.196253 -0.087224 -0.500000
-0.178039 0.090651 -0.500000
0.022838 0.078016 -0.500000
-0.072834 0.086415 -0.500000
-0.321945 -0.080690 -0.500000
-0.346027 -0.077535 -0.500000
0.485957 -0.007214 -0.500000
-0.368596 0.075002 -0.500000
0.128762 0.065205 -0.500000
0.179080 0.058104 -0.500000
-0.452642 -0.047505 -0.500000
0.433870 0.013623 -0.500000
0.493094 0.001163 -0.500000
0.416038 0.017204 -0.500000
-0.093974 0.087747 -0.500000
0.247595 -0.048686 -0.500000
-0.487673 -0.015479 -0.500000
0.154886 -0.061487 -0.500000
-0.393022 -0.068543 -0.500000
-0.481374 0.023172 -0.500000
-0.199063 0.090677 -0.500000
-0.064200 0.085812 -0.500000
0.143534 0.063182 -0.500000
0.385341 -0.026276 -0.500000
0.305272 0.037825 -0.500000
0.102157 0.068709 -0.500000
0.225937 -0.051844 -0.500000
0.041585 0.075984 -0.500000
0.109378 0.067776 -0.500000
-0.316525 0.083636 -0.500000
0.049093 -0.073598 -0.500000
0.509070 -0.002473 -0.500000
-0.458518 -0.044251 -0.500000
0.331337 0.033214 -0.500000
0.181554 -0.058000 -0.500000
0.350279 0.029772 -0.500000
0.081326 0.071326 -0.500000
-0.294273 -0.083404 -0.500000
0.320625 0.035127 -0.500000
-0.437920 -0.054346 -0.500000
0.135162 -0.063961 -0.500000
0.500805 -0.000528 -0.500000
0.071835 0.072479 -0.500000
-0.341010 -0.078260 -0.500000
-0.135231 0.089692 -0.500000
-0.050321 -0.082009 -0.500000
0.225681 0.051014 -0.500000
-0.046368 -0.081738 -0.500000
0.488887 -0.006621 -0.500000
-0.052340 0.084926 -0.500000
-0.277655 0.087539 -0.500000
0.067404 -0.071716 -0.500000
-0.071419 0.086319 -0.500000
-0.471513 0.033256 -0.500000
0.103209 0.068574 -0.500000
-0.053625 -0.082231 -0.500000
0.317575 0.035667 -0.500000
-0.218260 -0.087011 -0.500000
0.386335 -0.026099 -0.500000
-0.001298 0.080462 -0.500000
0.196608 -0.055960 -0.500000
-0.090232 -0.084405 -0.500000
-0.369964 -0.073499 -0.500000
-0.033253 0.083376 -0.500000
-0.115802 -0.085594 -0.500000
0.193570 0.055951 -0.500000
0.150802 -0.062007 -0.500000
0.018572 0.078463 -0.500000
-0.449421 0.047881 -0.500000
0.192824 -0.056478 -0.500000
0.391163 0.022073 -0.500000
0.290657 0.040348 -0.500000
0.431387 0.014126 -0.500000
-0.152090 0.090207 -0.500000
-0.184285 -0.087214 -0.500000
-0.404684 -0.065536 -0.500000
-0.145168 0.090014 -0.500000
-0.342367 -0.078069 -0.500000
-0.058733 0.085410 -0.500000
0.089026 0.070373 -0.500000
0.190433 -0.056803 -0.500000
0.198276 -0.055731 -0.500000
-0.426286 0.058354 -0.500000
-0.482740 -0.023885 -0.500000
-0.255069 0.089026 -0.500000
0.486444 0.002607 -0.500000
0.488140 -0.006772 -0.500000
0.356423 0.028639 -0.500000
0.042114 -0.074290 -0.500000
0.499467 -0.000233 -0.500000
-0.471629 -0.035262 -0.500000
-0.350208 0.078579 -0.500000
0.380179 -0.027189 -0.500000
0.199513 -0.055561 -0.500000
-0.149985 0.090153 -0.500000
-0.388567 -0.069596 -0.500000
0.149122 -0.062220 -0.500000
0.323003 0.034705 -0.500000
0.262935 0.045008 -0.500000
-0.452607 -0.047522 -0.500000
0.121465 0.066183 -0.500000
-0.078999 -0.083794 -0.500000
0.118858 0.066530 -0.500000
0.149099 0.062406 -0.500000
0.126913 -0.064967 -0.500000
-0.182629 0.090686 -0.500000
0.403764 -0.022966 -0.500000
-0.218003 0.090410 -0.500000
-0.320165 -0.080895 -0.500000
0.087842 -0.069503 -0.500000
0.430015 -0.018114 -0.500000
-0.220613 0.090356 -0.500000
-0.184318 -0.087214 -0.500000
0.229918 -0.051271 -0.500000
-0.270164 -0.085098 -0.500000
0.071298 -0.071303 -0.500000
0.457594 -0.012839 -0.500000
0.238138 -0.050077 -0.500000
0.097094 0.069356 -0.500000
0.222689 -0.052309 -0.500000
0.258967 -0.046988 -0.500000
0.024055 0.077889 -0.500000
0.166730 0.059901 -0.500000
0.002022 -0.077980 -0.500000
0.220215 -0.052662 -0.500000
-0.154662 0.090269 -0.500000
0.245110 0.047919 -0.500000
0.062195 -0.072261 -0.500000
-0.301273 0.085389 -0.500000
0.243110 -0.049348 -0.500000
-0.317879 -0.081145 -0.500000
-0.233096 0.089993 -0.500000
0.089406 -0.069329 -0.500000
-0.224479 0.090255 -0.500000
-0.284852 -0.084131 -0.500000
0.143338 -0.062946 -0.500000
-0.488818 -0.012536 -0.500000
0.460309 0.008171 -0.500000
-0.368103 0.075107 -0.500000
0.015925 0.078737 -0.500000
-0.384706 0.071295 -0.500000
-0.244146 -0.086328 -0.500000
-0.000192 0.080355 -0.500000
0.279131 0.042305 -0.500000
-0.073522 -0.083478 -0.500000
0.125228 -0.065170 -0.500000
0.231941 0.050026 -0.500000
-0.370222 0.074655 -0.500000
0.075096 0.072086 -0.500000
0.086572 -0.069644 -0.500000
-0.270106 -0.085101 -0.500000
-0.340201 0.080267 -0.500000
-0.167485 0.090525 -0.500000
-0.203470 -0.087189 -0.500000
0.284427 0.041409 -0.500000
0.039061 -0.074588 -0.500000
0.115615 0.066959 -0.500000
-0.356477 -0.075896 -0.500000
0.121722 0.066149 -0.500000
-0.131075 -0.086163 -0.500000
0.016516 -0.076704 -0.500000
-0.283592 0.087059 -0.500000
-0.448284 -0.049702 -0.500000
-0.397364 0.067934 -0.500000
-0.058656 -0.082560 -0.500000
-0.411189 0.063730 -0.500000
0.218710 0.052105 -0.500000
-0.457420 0.043325 -0.500000
0.382544 0.023727 -0.500000
0.445617 -0.015153 -0.500000
-0.076020 -0.083625 -0.500000
0.340745 -0.033975 -0.500000
-0.147867 0.090092 -0.500000
0.473970 0.005285 -0.500000
-0.458621 -0.044190 -0.500000
-0.024522 0.082620 -0.500000
-0.359057 0.076940 -0.500000
0.078681 0.071650 -0.500000
-0.268952 -0.085166 -0.500000
0.201386 -0.055302 -0.500000
0.415305 0.017349 -0.500000
-0.467054 0.036815 -0.500000
0.481684 -0.008075 -0.500000
0.214224 -0.053510 -0.500000
-0.468149 -0.037951 -0.500000
-0.389572 0.070051 -0.500000
0.310130 -0.039012 -0.500000
0.453068 -0.013718 -0.500000
0.177223 0.058377 -0.500000
-0.405496 0.065536 -0.500000
0.083001 -0.070038 -0.500000
0.445926 -0.015094 -0.500000
0.189839 0.056510 -0.500000
0.286245 0.041101 -0.500000
-0.141728 0.089910 -0.500000
0.046166 -0.073891 -0.500000
-0.022097 0.082403 -0.500000
0.407056 -0.022367 -0.500000
0.369399 -0.029078 -0.500000
-0.180519 0.090672 -0.500000
0.194470 -0.056253 -0.500000
-0.484580 0.018639 -0.500000
-0.336505 -0.078880 -0.500000
0.063953 -0.072077 -0.500000
-0.140362 -0.086452 -0.500000
0.319492 -0.037493 -0.500000
-0.052206 0.084915 -0.500000
-0.197752 -0.087220 -0.500000
0.356006 0.028716 -0.500000
-0.237524 0.089834 -0.500000
-0.482837 0.021230 -0.500000
0.275497 -0.044471 -0.500000
-0.456839 -0.045220 -0.500000
0.423260 0.015763 -0.500000
0.253035 -0.047877 -0.500000
0.058756 -0.072616 -0.500000
-0.127581 -0.086040 -0.500000
-0.429262 0.057180 -0.500000
0.159149 -0.060941 -0.500000
-0.370578 0.074579 -0.500000
-0.404028 0.065982 -0.500000
0.480728 0.003840 -0.500000
-0.033301 0.083380 -0.500000
0.377086 0.024766 -0.500000
-0.330306 0.081778 -0.500000
0.305925 0.037712 -0.500000
-0.049010 0.084667 -0.500000
-0.257588 -0.085765 -0.500000
0.254718 0.046358 -0.500000
-0.122920 0.089207 -0.500000
0.170592 0.059343 -0.500000
0.126035 0.065572 -0.500000
-0.481571 0.022922 -0.500000
0.238251 -0.050061 -0.500000
-0.467931 -0.038111 -0.500000
-0.140881 0.089882 -0.500000
0.172293 0.059096 -0.500000
0.410618 -0.021715 -0.500000
0.096699 -0.068509 -0.500000
-0.482170 -0.024637 -0.500000
-0.002280 0.080557 -0.500000
0.499034 -0.004549 -0.500000
-0.362602 0.076241 -0.500000
0.302078 0.038381 -0.500000
-0.218486 -0.087007 -0.500000
0.483804 0.003178 -0.500000
0.495911 -0.005190 -0.500000
-0.236283 0.089883 -0.500000
0.356752 0.028578 -0.500000
0.378766 -0.027438 -0.500000
0.487255 -0.006952 -0.500000
-0.489068 -0.011775 -0.500000
0.435563 0.013279 -0.500000
0.466748 0.006817 -0.500000
-0.280562 -0.084434 -0.500000
-0.072673 0.086404 -0.500000
-0.156312 -0.086848 -0.500000
0.308209 0.037313 -0.500000
0.387882 0.022705 -0.500000
0.180058 0.057960 -0.500000
0.153559 -0.061657 -0.500000
-0.301628 -0.082766 -0.500000
0.362460 0.027517 -0.500000
-0.247566 0.089406 -0.500000
-0.292341 -0.083559 -0.500000
0.011885 -0.077120 -0.500000
0.202240 -0.055185 -0.500000
0.151692 0.062043 -0.500000
0.082399 0.071194 -0.500000
0.489179 -0.006562 -0.500000
0.101547 -0.067956 -0.500000
0.321218 0.035022 -0.500000
-0.224216 0.090262 -0.500000
-0.196752 -0.087222 -0.500000
0.483175 -0.007775 -0.500000
0.350439 -0.032338 -0.500000
0.205675 0.054117 -0.500000
-0.248608 0.089358 -0.500000
0.493706 0.001029 -0.500000
0.386928 0.022888 -0.500000
-0.149644 -0.086698 -0.500000
-0.125373 -0.085962 -0.500000
0.017423 -0.076622 -0.500000
0.459759 0.008287 -0.500000
0.507349 -0.002831 -0.500000
-0.443487 -0.051944 -0.500000
0.324652 -0.036647 -0.500000
0.489033 0.002046 -0.500000
0.274510 0.043082 -0.500000
-0.194579 0.090695 -0.500000
0.139713 -0.063398 -0.500000
-0.129148 0.089463 -0.500000
-0.444626 -0.051427 -0.500000
0.440014 -0.016223 -0.500000
-0.006289 0.080943 -0.500000
-0.442769 -0.052265 -0.500000
0.499277 -0.004499 -0.500000
0.077453 0.071800 -0.500000
-0.268620 -0.085184 -0.500000
0.320409 0.035165 -0.500000
0.425702 0.015273 -0.500000
-0.480783 -0.026362 -0.500000
0.344065 0.030910 -0.500000
0.171864 -0.059286 -0.500000
0.304114 -0.039978 -0.500000
-0.147435 0.090080 -0.500000
0.016931 0.078633 -0.500000
0.485054 0.002908 -0.500000
0.156698 -0.061256 -0.500000
0.334144 -0.035078 -0.500000
-0.483372 0.020470 -0.500000
-0.016671 -0.079527 -0.500000
-0.059646 -0.082624 -0.500000
0.503045 -0.001022 -0.500000
0.082755 -0.070065 -0.500000
-0.160844 0.090405 -0.500000
0.434627 0.013469 -0.500000
0.190435 0.056421 -0.500000
-0.280140 0.087345 -0.500000
-0.277274 -0.084655 -0.500000
0.074666 0.072138 -0.500000
0.484642 -0.007479 -0.500000
0.357251 -0.031176 -0.500000
-0.195336 -0.087226 -0.500000
0.185611 0.057140 -0.500000
0.205698 -0.054705 -0.500000
0.170494 0.059357 -0.500000
-0.184543 0.090692 -0.500000
-0.424928 -0.059280 -0.500000
-0.061649 -0.082753 -0.500000
0.244594 0.048002 -0.500000
0.182014 0.057672 -0.500000
0.167368 0.059809 -0.500000
0.232132 0.049996 -0.500000
-0.267008 0.088305 -0.500000
0.086257 0.070717 -0.500000
-0.396602 -0.067661 -0.500000
0.154005 -0.061600 -0.500000
-0.345191 -0.077658 -0.500000
-0.293676 0.086154 -0.500000
-0.024426 -0.080135 -0.500000
-0.490471 0.002432 -0.500000
0.328963 0.033640 -0.500000
-0.334608 0.081141 -0.500000
-0.005779 -0.078641 -0.500000
-0.189291 0.090706 -0.500000
-0.179382 0.090662 -0.500000
-0.350118 -0.076914 -0.500000
0.502229 -0.000842 -0.500000
-0.243395 -0.086353 -0.500000
0.350864 -0.032266 -0.500000
-0.421702 -0.060378 -0.500000
-0.088002 0.087392 -0.500000
0.369527 0.026194 -0.500000
-0.357533 -0.075719 -0.500000
0.075719 0.072010 -0.500000
0.255741 -0.047472 -0.500000
-0.460733 0.041236 -0.500000
0.471009 0.005915 -0.500000
0.162618 0.060492 -0.500000
0.369841 -0.029001 -0.500000
0.474320 0.005211 -0.500000
0.407520 -0.022282 -0.500000
0.166776 -0.059953 -0.500000
-0.085424 -0.084149 -0.500000
0.364740 -0.029887 -0.500000
-0.074354 -0.083528 -0.500000
0.489760 0.001888 -0.500000
0.323294 -0.036870 -0.500000
0.506512 -0.003005 -0.500000
0.348848 -0.032608 -0.500000
0.481903 -0.008031 -0.500000
0.245044 0.047930 -0.500000
-0.188276 0.090703 -0.500000
-0.326267 0.082350 -0.500000
0.180805 -0.058100 -0.500000
-0.022913 0.082476 -0.500000
0.345575 0.030634 -0.500000
0.238360 0.049003 -0.500000
-0.490579 0.001278 -0.500000
-0.320527 0.083125 -0.500000
-0.308278 -0.082141 -0.500000
-0.053956 -0.082253 -0.500000
0.177016 0.058407 -0.500000
0.097575 0.069295 -0.500000
-0.099979 0.088087 -0.500000
0.260966 0.045333 -0.500000
-0.258453 -0.085721 -0.500000
-0.253698 0.089098 -0.500000
0.118421 -0.065986 -0.500000
0.239268 -0.049912 -0.500000
-0.285645 0.086885 -0.500000
-0.183402 -0.087208 -0.500000
-0.477857 -0.029592 -0.500000
0.199969 -0.055498 -0.500000
0.126337 0.065531 -0.500000
-0.153958 -0.086800 -0.500000
-0.378958 -0.071706 -0.500000
0.131692 0.064807 -0.500000
-0.345395 0.079412 -0.500000
0.176580 -0.058662 -0.500000
0.208749 0.053646 -0.500000
0.030856 0.077161 -0.500000
-0.076554 0.086665 -0.500000
0.304494 0.037961 -0.500000
-0.169482 0.090553 -0.500000
-0.419431 0.060909 -0.500000
-0.480942 -0.026170 -0.500000
-0.306904 -0.082274 -0.500000
-0.276075 0.087663 -0.500000
0.441445 -0.015951 -0.500000
-0.174433 -0.087134 -0.500000
-0.132229 -0.086200 -0.500000
0.221956 0.051599 -0.500000
-0.152156 0.090208 -0.500000
0.367774 0.026523 -0.500000
0.393276 -0.024860 -0.500000
0.415738 -0.020773 -0.500000
-0.454314 -0.046617 -0.500000
0.491373 -0.006116 -0.500000
-0.391379 -0.068938 -0.500000
-0.081431 0.086982 -0.500000
-0.369387 -0.073608 -0.500000
0.379149 0.024374 -0.500000
-0.391032 0.069669 -0.500000
0.045297 0.075568 -0.500000
-0.362579 0.076245 -0.500000
0.387598 0.022759 -0.500000
0.470529 0.006017 -0.500000
-0.477912 -0.029535 -0.500000
0.268479 -0.045547 -0.500000
-0.444508 -0.051481 -0.500000
-0.446886 -0.050374 -0.500000
-0.040172 -0.081302 -0.500000
0.319727 -0.037454 -0.500000
-0.326477 -0.080158 -0.500000
-0.057035 0.085285 -0.500000
0.220618 -0.052604 -0.500000
0.196985 0.055437 -0.500000
-0.429553 -0.057619 -0.500000
0.476956 -0.009022 -0.500000
0.154447 -0.061543 -0.500000
0.087794 0.070526 -0.500000
-0.362813 0.076199 -0.500000
0.491272 -0.006136 -0.500000
-0.191688 -0.087233 -0.500000
-0.369903 0.074723 -0.500000
-0.433411 -0.056157 -0.500000
0.462604 -0.011861 -0.500000
0.050423 -0.073465 -0.500000
-0.309236 0.084516 -0.500000
-0.306373 0.084836 -0.500000
0.289330 0.040575 -0.500000
0.193329 -0.056409 -0.500000
0.433734 -0.017414 -0.500000
0.171011 -0.059398 -0.500000
-0.264075 -0.085438 -0.500000
-0.477257 -0.030201 -0.500000
0.126448 0.065516 -0.500000
-0.093128 0.087699 -0.500000
0.085230 -0.069792 -0.500000
0.205657 -0.054710 -0.500000
-0.154544 0.090266 -0.500000
0.407296 0.018931 -0.500000
-0.366525 -0.074142 -0.500000
-0.483112 0.020844 -0.500000
-0.308014 0.084652 -0.500000
0.083895 -0.069939 -0.500000
0.203897 -0.054955 -0.500000
0.075651 -0.070836 -0.500000
-0.245947 -0.086258 -0.500000
0.012060 -0.077104 -0.500000
0.247007 -0.048773 -0.500000
-0.036121 -0.081012 -0.500000
-0.057449 0.085316 -0.500000
0.172553 0.059058 -0.500000
-0.383975 -0.070631 -0.500000
0.356458 -0.031312 -0.500000
-0.127663 -0.086043 -0.500000
0.129561 -0.064646 -0.500000
0.036744 -0.074813 -0.500000
-0.008689 0.081170 -0.500000
-0.245639 -0.086270 -0.500000
-0.468733 -0.037519 -0.500000
-0.311465 -0.081823 -0.500000
0.051270 -0.073380 -0.500000
-0.255142 -0.085874 -0.500000
-0.268330 0.088219 -0.500000
-0.219064 -0.086997 -0.500000
0.168653 -0.059707 -0.500000
0.363457 0.027331 -0.500000
0.424407 0.015533 -0.500000
-0.049129 -0.081929 -0.500000
-0.179360 0.090662 -0.500000
-0.086056 0.087274 -0.500000
0.139794 0.063699 -0.500000
0.359043 0.028153 -0.500000
-0.451402 0.046810 -0.500000
-0.241768 -0.086408 -0.500000
0.222409 0.051528 -0.500000
-0.145800 -0.086604 -0.500000
-0.471866 0.032956 -0.500000
0.192111 -0.056575 -0.500000
0.031576 0.077082 -0.500000
0.204845 0.054243 -0.500000
0.372147 -0.028599 -0.500000
-0.418420 -0.061456 -0.500000
0.082507 -0.070092 -0.500000
-0.447956 -0.049860 -0.500000
0.088992 0.070377 -0.500000
-0.167220 -0.087043 -0.500000
0.058866 0.074014 -0.500000
0.053228 0.074667 -0.500000
-0.316423 0.083648 -0.500000
-0.082995 0.087082 -0.500000
-0.202832 -0.087194 -0.500000
0.181400 -0.058020 -0.500000
0.280429 0.042086 -0.500000
0.098374 0.069193 -0.500000
0.032671 -0.075203 -0.500000
0.465587 -0.011275 -0.500000
0.343799 -0.033461 -0.500000
-0.490472 0.002416 -0.500000
0.105432 0.068288 -0.500000
0.197758 -0.055802 -0.500000
-0.490653 -0.000012 -0.500000
0.359404 0.028086 -0.500000
0.260592 -0.046743 -0.500000
-0.463341 0.039486 -0.500000
-0.081007 -0.083908 -0.500000
0.499256 -0.004504 -0.500000
-0.039129 0.083870 -0.500000
-0.302205 -0.082714 -0.500000
0.298711 -0.040840 -0.500000
-0.489927 -0.008518 -0.500000
0.112853 -0.066644 -0.500000
0.484728 0.002978 -0.500000
0.295733 -0.041312 -0.500000
-0.244018 0.089569 -0.500000
-0.236335 -0.086586 -0.500000
0.361496 0.027697 -0.500000
0.293139 -0.041722 -0.500000
-0.248947 0.089342 -0.500000
0.441408 -0.015958 -0.500000
0.005580 -0.077673 -0.500000
-0.300810 0.085437 -0.500000
-0.464298 0.038820 -0.500000
-0.151166 -0.086734 -0.500000
-0.173792 -0.087126 -0.500000
-0.228963 -0.086789 -0.500000
0.344464 0.030837 -0.500000
0.357218 -0.031182 -0.500000
0.222296 -0.052365 -0.500000
0.095642 -0.068628 -0.500000
0.160170 0.060842 -0.500000
-0.011496 0.081434 -0.500000
0.116425 0.066852 -0.500000
0.213057 0.052982 -0.500000
-0.301602 -0.082769 -0.500000
-0.285281 0.086916 -0.500000
0.500038 -0.000359 -0.500000
0.294561 0.039679 -0.500000
-0.443853 0.050720 -0.500000
0.301690 0.038448 -0.500000
-0.395067 0.068575 -0.500000
-0.161034 0.090409 -0.500000
-0.307411 -0.082225 -0.500000
-0.125786 0.089327 -0.500000
0.011110 0.079230 -0.500000
-0.430679 -0.057200 -0.500000
0.087277 0.070590 -0.500000
0.266793 -0.045803 -0.500000
-0.173173 0.090604 -0.500000
0.063518 -0.072123 -0.500000
-0.293464 0.086175 -0.500000
0.042448 0.075888 -0.500000
-0.474850 -0.032494 -0.500000
0.334061 -0.035092 -0.500000
-0.361661 -0.075012 -0.500000
0.134685 0.064400 -0.500000
-0.356821 0.077366 -0.500000
0.428985 -0.018308 -0.500000
0.471343 -0.010138 -0.500000
0.000290 -0.078129 -0.500000
0.236422 -0.050328 -0.500000
-0.068231 -0.083163 -0.500000
-0.443595 -0.051896 -0.500000
0.315416 0.036048 -0.500000
0.070362 0.072656 -0.500000
-0.434040 0.055198 -0.500000
-0.098384 0.088000 -0.500000
0.341329 -0.033877 -0.500000
-0.460898 0.041127 -0.500000
0.506671 -0.002972 -0.500000
-0.377331 -0.072043 -0.500000
-0.278191 0.087497 -0.500000
0.055862 0.074363 -0.500000
0.143352 0.063207 -0.500000
0.408830 0.018629 -0.500000
-0.405563 0.065516 -0.500000
0.316206 -0.038028 -0.500000
0.500240 -0.004301 -0.500000
0.063978 -0.072075 -0.500000
-0.291881 0.086324 -0.500000
-0.467111 0.036773 -0.500000
0.252529 -0.047953 -0.500000
0.130925 0.064911 -0.500000
-0.438227 0.053360 -0.500000
0.508532 -0.002238 -0.500000
0.361801 -0.030394 -0.500000
0.030684 -0.075392 -0.500000
-0.222544 0.090307 -0.500000
0.243347 0.048203 -0.500000
-0.406661 -0.064987 -0.500000
0.312616 -0.038610 -0.500000
-0.411602 0.063594 -0.500000
-0.115858 0.088891 -0.500000
0.249325 -0.048429 -0.500000
-0.274313 0.087794 -0.500000
-0.467301 0.036628 -0.500000
-0.227952 0.090160 -0.500000
0.176742 -0.058641 -0.500000
-0.039663 0.083913 -0.500000
0.018119 0.078511 -0.500000
-0.224228 -0.086898 -0.500000
0.023718 -0.076046 -0.500000
-0.420595 0.060491 -0.500000
0.247583 0.047519 -0.500000
-0.138779 0.089811 -0.500000
0.270609 -0.045221 -0.500000
-0.270535 -0.085075 -0.500000
-0.482020 0.022337 -0.500000
0.474541 -0.009503 -0.500000
0.461492 -0.012078 -0.500000
-0.353137 -0.076438 -0.500000
-0.320340 -0.080875 -0.500000
-0.368327 0.075059 -0.500000
-0.271467 -0.085018 -0.500000
0.359164 -0.030848 -0.500000
0.251361 -0.048126 -0.500000
-0.453081 -0.047275 -0.500000
0.488453 -0.006709 -0.500000
0.102391 0.068679 -0.500000
0.446579 -0.014969 -0.500000
-0.034066 0.083445 -0.500000
-0.064429 -0.082927 -0.500000
0.446247 -0.015032 -0.500000
0.176386 0.058499 -0.500000
0.121671 -0.065598 -0.500000
-0.153619 -0.086793 -0.500000
-0.441958 0.051632 -0.500000
-0.268841 0.088185 -0.500000
-0.223257 0.090288 -0.500000
0.145166 -0.062718 -0.500000
0.250165 -0.048304 -0.500000
-0.413002 -0.063144 -0.500000
-0.123898 -0.085910 -0.500000
0.453228 -0.013687 -0.500000
0.106784 0.068113 -0.500000
-0.203352 -0.087190 -0.500000
0.088459 -0.069435 -0.500000
-0.420744 -0.060698 -0.500000
-0.436419 -0.054962 -0.500000
0.140738 0.063569 -0.500000
-0.004056 -0.078496 -0.500000
0.480174 -0.008378 -0.500000
0.494781 -0.005421 -0.500000
-0.075143 -0.083575 -0.500000
0.194672 -0.056226 -0.500000
0.080156 0.071470 -0.500000
0.101507 0.068793 -0.500000
0.427651 0.014881 -0.500000
-0.034301 -0.080877 -0.500000
0.377847 -0.027600 -0.500000
0.153373 0.061806 -0.500000
-0.478180 0.026904 -0.500000
0.387716 0.022737 -0.500000
0.478126 -0.008788 -0.500000
-0.102490 0.088222 -0.500000
0.506509 -0.003005 -0.500000
0.082705 0.071156 -0.500000
0.371010 -0.028798 -0.500000
0.111130 -0.066846 -0.500000
0.427641 0.014882 -0.500000
0.071855 -0.071243 -0.500000
-0.069795 0.086207 -0.500000
-0.214463 -0.087073 -0.500000
-0.073232 -0.083461 -0.500000
-0.180882 -0.087189 -0.500000
-0.333964 0.081240 -0.500000
0.231651 0.050072 -0.500000
0.271607 -0.045068 -0.500000
-0.417644 -0.061704 -0.500000
-0.486471 -0.017978 -0.500000
-0.337438 -0.078755 -0.500000
0.131984 -0.064350 -0.500000
-0.105591 -0.085152 -0.500000
-0.196895 -0.087222 -0.500000
0.406686 -0.022434 -0.500000
-0.457746 -0.044700 -0.500000
0.308381 -0.039293 -0.500000
-0.449564 0.047804 -0.500000
-0.391537 -0.068900 -0.500000
-0.455414 0.044529 -0.500000
0.134407 -0.064053 -0.500000
-0.453304 -0.047156 -0.500000
0.069790 0.072725 -0.500000
0.289851 0.040486 -0.500000
0.350031 -0.032408 -0.500000
0.068377 0.072894 -0.500000
0.489499 -0.006497 -0.500000
0.392537 -0.024992 -0.500000
0.055205 0.074439 -0.500000
0.254791 0.046346 -0.500000
-0.482904 -0.023662 -0.500000
-0.310298 -0.081943 -0.500000
0.404423 0.019495 -0.500000
0.118436 -0.065984 -0.500000
0.079058 0.071605 -0.500000
0.148080 -0.062351 -0.500000
0.457328 0.008795 -0.500000
-0.228471 -0.086800 -0.500000
-0.002520 0.080580 -0.500000
0.417581 -0.020433 -0.500000
-0.289106 -0.083814 -0.500000
0.311536 0.036731 -0.500000
0.139725 0.063708 -0.500000
0.013651 0.078970 -0.500000
0.429298 -0.018249 -0.500000
-0.418716 0.061165 -0.500000
-0.375835 0.073407 -0.500000
-0.268776 0.088190 -0.500000
0.184202 0.057348 -0.500000
0.507982 -0.002699 -0.500000
-0.109850 0.088602 -0.500000
0.165573 -0.060109 -0.500000
0.126005 0.065576 -0.500000
0.141844 -0.063133 -0.500000
0.058862 0.074015 -0.500000
-0.374909 0.073619 -0.500000
0.477547 0.004522 -0.500000
-0.146583 0.090055 -0.500000
-0.235714 -0.086604 -0.500000
0.482739 -0.007863 -0.500000
0.017890 -0.076580 -0.500000
0.165747 0.060043 -0.500000
0.305570 -0.039745 -0.500000
-0.118070 -0.085685 -0.500000
0.252268 0.046758 -0.500000
0.096088 0.069484 -0.500000
0.013519 0.078984 -0.500000
0.485688 -0.007268 -0.500000
-0.337944 -0.078687 -0.500000
0.464349 0.007323 -0.500000
0.493579 0.001057 -0.500000
-0.259139 0.088795 -0.500000
0.474087 -0.009594 -0.500000
0.102924 -0.067799 -0.500000
0.027804 -0.075664 -0.500000
0.171089 0.059271 -0.500000
-0.306265 -0.082336 -0.500000
-0.051849 0.084888 -0.500000
-0.240986 0.089697 -0.500000
-0.303667 0.085137 -0.500000
0.501229 -0.000621 -0.500000
0.419851 0.016444 -0.500000
-0.310777 -0.081894 -0.500000
-0.406803 -0.064947 -0.500000
-0.490506 -0.004817 -0.500000
-0.244272 0.089557 -0.500000
0.200725 -0.055394 -0.500000
0.103466 -0.067736 -0.500000
-0.206611 0.090606 -0.500000
-0.333301 0.081338 -0.500000
-0.221860 0.090326 -0.500000
0.288152 0.040776 -0.500000
-0.354720 -0.076184 -0.500000
0.116127 -0.066258 -0.500000
0.000457 0.080292 -0.500000
-0.218152 0.090407 -0.500000
0.260320 -0.046784 -0.500000
-0.136295 -0.086329 -0.500000
-0.385858 -0.070212 -0.500000
-0.482846 0.021217 -0.500000
0.375689 -0.027979 -0.500000
0.371973 0.025733 -0.500000
0.010692 -0.077225 -0.500000
0.364461 0.027143 -0.500000
0.012640 0.079075 -0.500000
-0.110095 -0.085354 -0.500000
-0.396676 0.068128 -0.500000
0.070469 -0.071391 -0.500000
0.035671 -0.074917 -0.500000
0.320249 0.035194 -0.500000
0.384802 0.023296 -0.500000
-0.399232 -0.066990 -0.500000
-0.456466 0.043903 -0.500000
0.326285 -0.036379 -0.500000
0.426039 0.015205 -0.500000
-0.000639 -0.078208 -0.500000
-0.369193 -0.073644 -0.500000
-0.419036 -0.061256 -0.500000
0.050443 0.074985 -0.500000
-0.400973 0.066893 -0.500000
0.379145 0.024375 -0.500000
-0.267057 -0.085271 -0.500000
-0.132336 0.089583 -0.500000
0.419581 -0.020062 -0.500000
0.001694 -0.078009 -0.500000
0.051026 -0.073404 -0.500000
-0.250398 0.089271 -0.500000
0.364991 -0.029843 -0.500000
-0.183439 -0.087208 -0.500000
0.413771 0.017653 -0.500000
-0.467434 -0.038471 -0.500000
0.396646 -0.024254 -0.500000
0.081837 0.071263 -0.500000
0.148357 0.062510 -0.500000
-0.002543 -0.078368 -0.500000
0.237016 0.049218 -0.500000
0.410855 0.018230 -0.500000
0.143960 -0.062869 -0.500000
-0.032430 0.083307 -0.500000
0.354864 -0.031584 -0.500000
0.500075 -0.004335 -0.500000
-0.141638 -0.086487 -0.500000
0.261090 -0.046668 -0.500000
0.248100 -0.048611 -0.500000
-0.444439 0.050431 -0.500000
0.408736 0.018648 -0.500000
0.424330 -0.019179 -0.500000
0.229790 -0.051289 -0.500000
0.396378 -0.024302 -0.500000
-0.472871 -0.034230 -0.500000
0.402814 0.019810 -0.500000
-0.175273 0.090627 -0.500000
0.254120 -0.047715 -0.500000
0.427301 -0.018624 -0.500000
0.230708 -0.051157 -0.500000
-0.239934 -0.086470 -0.500000
-0.353577 -0.076367 -0.500000
-0.441584 0.051809 -0.500000
0.139320 0.063764 -0.500000
0.391610 0.021987 -0.500000
0.505103 -0.003297 -0.500000
-0.296452 -0.083219 -0.500000
0.026209 0.077659 -0.500000
-0.297714 -0.083112 -0.500000
0.309721 -0.039078 -0.500000
-0.027719 0.082899 -0.500000
0.277602 0.042563 -0.500000
-0.263993 -0.085443 -0.500000
-0.472043 0.032802 -0.500000
0.078368 -0.070543 -0.500000
0.069500 -0.071493 -0.500000
0.403761 -0.022967 -0.500000
0.443641 -0.015531 -0.500000
0.089491 -0.069319 -0.500000
-0.338108 0.080602 -0.500000
0.254532 0.046389 -0.500000
-0.490679 -0.001452 -0.500000
0.060804 0.073788 -0.500000
-0.340631 0.080198 -0.500000
0.102679 0.068642 -0.500000
0.047750 -0.073732 -0.500000
0.380684 0.024082 -0.500000
0.194077 -0.056307 -0.500000
0.403763 -0.022966 -0.500000
-0.489362 -0.010794 -0.500000
0.387367 0.022804 -0.500000
-0.341814 0.080007 -0.500000
-0.119182 -0.085727 -0.500000
0.480574 -0.008298 -0.500000
0.189445 0.056569 -0.500000
0.129383 -0.064667 -0.500000
-0.252226 -0.086004 -0.500000
0.359591 0.028051 -0.500000
-0.332764 -0.079373 -0.500000
0.324695 0.034403 -0.500000
-0.312859 -0.081679 -0.500000
-0.186328 -0.087219 -0.500000
0.282474 -0.043391 -0.500000
-0.292882 0.086232 -0.500000
0.454251 -0.013489 -0.500000
-0.384257 0.071405 -0.500000
-0.336255 0.080888 -0.500000
0.147837 0.062583 -0.500000
0.188428 -0.057075 -0.500000
-0.125645 0.089321 -0.500000
-0.292831 -0.083521 -0.500000
0.152827 0.061883 -0.500000
0.085906 0.070761 -0.500000
-0.327436 0.082187 -0.500000
0.145606 0.062894 -0.500000
0.029859 0.077269 -0.500000
-0.016015 -0.079474 -0.500000
-0.399000 0.067466 -0.500000
-0.376398 -0.072232 -0.500000
0.052903 0.074704 -0.500000
0.145126 0.062961 -0.500000
-0.286038 0.086851 -0.500000
0.041109 0.076037 -0.500000
0.419095 0.016595 -0.500000
-0.429396 -0.057678 -0.500000
0.262330 0.045108 -0.500000
-0.191833 -0.087233 -0.500000
-0.446419 -0.050594 -0.500000
-0.406359 -0.065072 -0.500000
0.249235 -0.048443 -0.500000
0.156423 0.061375 -0.500000
0.311272 0.036777 -0.500000
0.066853 -0.071774 -0.500000
-0.283035 0.087107 -0.500000
-0.461003 -0.042755 -0.500000
0.091076 0.070116 -0.500000
-0.236459 0.089876 -0.500000
0.104111 -0.067662 -0.500000
-0.144504 0.089995 -0.500000
0.139950 -0.063369 -0.500000
-0.299503 0.085575 -0.500000
0.190356 -0.056814 -0.500000
-0.233228 -0.086674 -0.500000
-0.199041 0.090677 -0.500000
0.423380 -0.019356 -0.500000
0.457314 0.008798 -0.500000
-0.178545 0.090655 -0.500000
0.411472 0.018108 -0.500000
-0.064494 0.085833 -0.500000
-0.089401 -0.084362 -0.500000
0.205903 -0.054676 -0.500000
0.232439 0.049947 -0.500000
-0.016153 0.081865 -0.500000
-0.363363 0.076090 -0.500000
-0.044322 -0.081596 -0.500000
0.259540 0.045568 -0.500000
0.472003 0.005704 -0.500000
0.264209 0.044798 -0.500000
0.166023 -0.060051 -0.500000
-0.101652 0.088177 -0.500000
-0.050065 -0.081992 -0.500000
0.462137 0.007788 -0.500000
0.448323 0.010665 -0.500000
-0.345287 -0.077644 -0.500000
0.149369 0.062369 -0.500000
-0.308989 -0.082072 -0.500000
-0.270037 0.088101 -0.500000
0.075615 -0.070840 -0.500000
-0.361540 0.076451 -0.500000
-0.416200 -0.062160 -0.500000
-0.461412 0.040790 -0.500000
-0.236067 0.089892 -0.500000
-0.468531 0.035684 -0.500000
0.471382 -0.010131 -0.500000
0.258662 -0.047034 -0.500000
0.205763 -0.054696 -0.500000
-0.186342 0.090697 -0.500000
0.437418 -0.016717 -0.500000
0.057991 0.074117 -0.500000
0.173897 -0.059018 -0.500000
0.029116 -0.075541 -0.500000
-0.223927 0.090270 -0.500000
0.424452 0.015524 -0.500000
-0.078329 0.086783 -0.500000
0.192855 -0.056473 -0.500000
-0.039496 0.083900 -0.500000
0.152654 -0.061772 -0.500000
-0.485199 0.017627 -0.500000
-0.203023 -0.087192 -0.500000
-0.252551 0.089158 -0.500000
0.453796 0.009531 -0.500000
-0.219769 -0.086984 -0.500000
-0.272226 -0.084971 -0.500000
0.486509 -0.007103 -0.500000
-0.030827 0.083170 -0.500000
0.305047 0.037865 -0.500000
-0.300669 -0.082853 -0.500000
0.338528 -0.034346 -0.500000
-0.044156 0.084281 -0.500000
-0.397861 -0.067341 -0.500000
-0.185304 -0.087216 -0.500000
-0.453888 0.045415 -0.500000
0.169844 -0.059551 -0.500000
-0.165811 -0.087020 -0.500000
-0.375110 0.073573 -0.500000
-0.117492 -0.085662 -0.500000
-0.403723 -0.065799 -0.500000
-0.257772 0.088875 -0.500000
-0.023506 -0.080064 -0.500000
-0.039011 -0.081219 -0.500000
0.355189 0.028867 -0.500000
0.227811 -0.051575 -0.500000
0.497190 0.000267 -0.500000
0.500461 -0.000452 -0.500000
0.425533 0.015307 -0.500000
0.229858 0.050356 -0.500000
-0.414760 0.062538 -0.500000
0.162075 0.060570 -0.500000
0.324839 0.034377 -0.500000
0.237642 0.049118 -0.500000
-0.049737 -0.081970 -0.500000
0.123426 -0.065387 -0.500000
-0.232957 -0.086682 -0.500000
-0.178706 0.090656 -0.500000
0.174484 -0.058940 -0.500000
0.188472 -0.057069 -0.500000
-0.371255 -0.073253 -0.500000
-0.113121 -0.085481 -0.500000
-0.122355 -0.085850 -0.500000
0.335235 -0.034896 -0.500000
0.089777 -0.069287 -0.500000
0.155114 0.061560 -0.500000
0.214951 -0.053408 -0.500000
0.376586 0.024861 -0.500000
0.045815 -0.073925 -0.500000
-0.274584 0.087775 -0.500000
0.037000 0.076491 -0.500000
0.356510 -0.031303 -0.500000
-0.246168 0.089470 -0.500000
-0.467558 0.036435 -0.500000
0.452913 -0.013748 -0.500000
-0.375137 -0.072489 -0.500000
0.114943 0.067048 -0.500000
-0.004692 0.080790 -0.500000
0.427625 0.014886 -0.500000
-0.182085 -0.087198 -0.500000
0.234185 -0.050653 -0.500000
-0.481225 0.023362 -0.500000
-0.159882 0.090386 -0.500000
-0.383595 -0.070714 -0.500000
0.113434 -0.066576 -0.500000
0.401858 -0.023312 -0.500000
0.275785 -0.044426 -0.500000
-0.483344 0.020511 -0.500000
-0.386538 -0.070059 -0.500000
-0.309817 0.084447 -0.500000
0.263237 -0.046343 -0.500000
0.316437 0.035868 -0.500000
0.313695 0.036351 -0.500000
0.188150 0.056762 -0.500000
0.238275 -0.050057 -0.500000
-0.092748 -0.084534 -0.500000
0.488240 -0.006752 -0.500000
0.016810 -0.076677 -0.500000
0.041952 0.075943 -0.500000
-0.333844 -0.079235 -0.500000
0.102833 0.068623 -0.500000
0.126434 0.065518 -0.500000
-0.065721 0.085919 -0.500000
0.315463 0.036040 -0.500000
-0.457444 -0.044873 -0.500000
-0.320248 -0.080886 -0.500000
0.495673 -0.005239 -0.500000
-0.490181 0.004476 -0.500000
-0.299822 -0.082930 -0.500000
-0.248745 -0.086148 -0.500000
-0.464758 0.038496 -0.500000
0.343960 -0.033434 -0.500000
-0.393561 0.068988 -0.500000
-0.129872 0.089490 -0.500000
0.442711 -0.015709 -0.500000
0.145355 -0.062694 -0.500000
-0.187076 0.090700 -0.500000
0.267150 -0.045749 -0.500000
-0.073472 -0.083475 -0.500000
0.154083 0.061706 -0.500000
0.386241 0.023020 -0.500000
-0.168215 -0.087059 -0.500000
0.070389 0.072653 -0.500000
0.366203 -0.029633 -0.500000
-0.033398 -0.080810 -0.500000
-0.317480 -0.081189 -0.500000
-0.482959 0.021058 -0.500000
0.430206 0.014365 -0.500000
0.068913 -0.071556 -0.500000
-0.011123 -0.079081 -0.500000
0.504930 -0.003333 -0.500000
0.419821 0.016450 -0.500000
-0.157095 -0.086864 -0.500000
0.297478 0.039177 -0.500000
0.111937 0.067442 -0.500000
-0.438977 -0.053906 -0.500000
0.122078 -0.065550 -0.500000
-0.152786 0.090223 -0.500000
0.368222 0.026439 -0.500000
0.038623 0.076312 -0.500000
0.419546 0.016505 -0.500000
-0.458176 0.042861 -0.500000
0.183617 0.057435 -0.500000
-0.121483 -0.085816 -0.500000
-0.455717 -0.045849 -0.500000
0.352200 0.029418 -0.500000
0.384945 -0.026346 -0.500000
0.392594 -0.024982 -0.500000
0.414886 -0.020930 -0.500000
-0.013592 -0.079280 -0.500000
0.345685 -0.033144 -0.500000
0.448158 -0.014665 -0.500000
-0.404115 -0.065692 -0.500000
-0.143674 -0.086544 -0.500000
-0.082578 -0.083996 -0.500000
0.025577 -0.075872 -0.500000
-0.101442 0.088165 -0.500000
-0.477626 -0.029827 -0.500000
-0.147233 0.090074 -0.500000
-0.483916 -0.022229 -0.500000
0.261764 -0.046566 -0.500000
-0.077156 0.086706 -0.500000
-0.200391 -0.087212 -0.500000
0.447627 0.010808 -0.500000
-0.067271 -0.083103 -0.500000
-0.287646 0.086712 -0.500000
0.131609 0.064818 -0.500000
0.311968 0.036655 -0.500000
0.069935 0.072707 -0.500000
-0.396793 -0.067614 -0.500000
-0.055140 0.085140 -0.500000
-0.190080 0.090708 -0.500000
0.012596 -0.077056 -0.500000
0.069648 0.072742 -0.500000
0.011697 -0.077136 -0.500000
0.208751 0.053645 -0.500000
0.094873 0.069638 -0.500000
0.348669 -0.032638 -0.500000
0.442770 0.011807 -0.500000
0.327862 -0.036119 -0.500000
0.493321 -0.005719 -0.500000
0.276224 -0.044359 -0.500000
-0.412552 0.063280 -0.500000
0.491612 -0.006067 -0.500000
0.114206 0.067145 -0.500000
-0.459065 0.042304 -0.500000
-0.392032 0.069400 -0.500000
-0.338930 -0.078553 -0.500000
-0.301838 0.085329 -0.500000
-0.309864 0.084441 -0.500000
0.417790 0.016855 -0.500000
0.189696 0.056531 -0.500000
0.369246 0.026246 -0.500000
0.360527 -0.030613 -0.500000
-0.329149 -0.079833 -0.500000
0.378305 0.024535 -0.500000
-0.312896 0.084081 -0.500000
-0.198720 0.090680 -0.500000
0.249195 0.047258 -0.500000
-0.086545 -0.084210 -0.500000
-0.389005 0.070199 -0.500000
0.093869 0.069765 -0.500000
0.298940 -0.040803 -0.500000
-0.078596 -0.083771 -0.500000
-0.280508 0.087316 -0.500000
0.260167 -0.046807 -0.500000
-0.073726 0.086475 -0.500000
0.087676 -0.069522 -0.500000
0.109425 0.067770 -0.500000
-0.208552 0.090577 -0.500000
-0.121721 0.089156 -0.500000
-0.490438 0.002711 -0.500000
0.305188 0.037840 -0.500000
-0.468901 0.035393 -0.500000
-0.446521 0.049389 -0.500000
0.287203 -0.042654 -0.500000
0.232752 -0.050861 -0.500000
0.050724 0.074953 -0.500000
-0.154894 0.090274 -0.500000
0.414937 -0.020921 -0.500000
0.106701 -0.067362 -0.500000
0.504131 -0.003498 -0.500000
-0.490456 -0.005280 -0.500000
0.316733 0.035816 -0.500000
-0.123845 0.089245 -0.500000
0.306888 -0.039533 -0.500000
-0.150777 -0.086725 -0.500000
-0.242781 0.089625 -0.500000
0.304639 0.037936 -0.500000
-0.375380 0.073511 -0.500000
0.313419 0.036400 -0.500000
0.176470 0.058487 -0.500000
-0.427868 -0.058235 -0.500000
0.208508 -0.054312 -0.500000
0.144432 0.063057 -0.500000
-0.480280 -0.026951 -0.500000
-0.015703 -0.079449 -0.500000
0.252833 0.046666 -0.500000
-0.398207 0.067693 -0.500000
0.290376 -0.042156 -0.500000
-0.043319 0.084213 -0.500000
0.330562 0.033354 -0.500000
-0.429266 -0.057726 -0.500000
-0.160680 -0.086936 -0.500000
-0.451229 -0.048235 -0.500000
-0.071244 0.086307 -0.500000
-0.409687 0.064215 -0.500000
-0.158285 -0.086888 -0.500000
-0.107048 0.088462 -0.500000
0.036558 0.076540 -0.500000
-0.429441 0.057109 -0.500000
-0.249065 -0.086135 -0.500000
0.472888 0.005516 -0.500000
-0.341238 -0.078228 -0.500000
-0.001371 -0.078269 -0.500000
0.258220 -0.047100 -0.500000
-0.191234 0.090705 -0.500000
-0.261799 -0.085553 -0.500000
0.239531 0.048816 -0.500000
0.126579 -0.065008 -0.500000
-0.174256 0.090618 -0.500000
0.376962 0.024790 -0.500000
0.064188 -0.072053 -0.500000
0.359819 -0.030735 -0.500000
0.153272 -0.061694 -0.500000
0.289532 -0.042289 -0.500000
0.470377 -0.010330 -0.500000
0.152992 0.061860 -0.500000
-0.487951 0.012141 -0.500000
-0.310331 0.084386 -0.500000
0.347406 0.030299 -0.500000
0.159616 0.060921 -0.500000
0.054599 0.074508 -0.500000
0.341179 -0.033902 -0.500000
-0.410055 0.064097 -0.500000
0.002124 0.080127 -0.500000
0.274816 -0.044576 -0.500000
-0.113439 -0.085494 -0.500000
-0.186510 0.090698 -0.500000
0.164052 -0.060307 -0.500000
0.366022 0.026851 -0.500000
0.181002 -0.058074 -0.500000
-0.465391 -0.039905 -0.500000
-0.451740 -0.047974 -0.500000
-0.181901 0.090684 -0.500000
-0.036308 0.083635 -0.500000
-0.356613 -0.075873 -0.500000
0.272494 0.043420 -0.500000
0.135024 0.064353 -0.500000
-0.465738 -0.039669 -0.500000
-0.268426 -0.085195 -0.500000
-0.354162 -0.076273 -0.500000
0.238432 -0.050034 -0.500000
0.033929 -0.075083 -0.500000
0.090452 0.070194 -0.500000
-0.435294 0.054661 -0.500000
-0.194557 0.090695 -0.500000
-0.151258 0.090187 -0.500000
0.411001 -0.021645 -0.500000
-0.183678 -0.087210 -0.500000
-0.001525 0.080484 -0.500000
-0.423918 -0.059627 -0.500000
-0.400261 -0.066723 -0.500000
-0.488442 -0.013589 -0.500000
0.137706 -0.063646 -0.500000
-0.190839 0.090706 -0.500000
-0.179608 0.090664 -0.500000
0.337494 -0.034519 -0.500000
0.463175 0.007570 -0.500000
0.033588 0.076864 -0.500000
-0.354098 0.077875 -0.500000
-0.373186 -0.072875 -0.500000
0.033231 -0.075150 -0.500000
-0.115144 0.088858 -0.500000
0.373087 -0.028435 -0.500000
-0.354800 0.077746 -0.500000
0.011863 -0.077121 -0.500000
-0.147013 0.090068 -0.500000
0.417424 -0.020462 -0.500000
0.468934 0.006355 -0.500000
0.314665 0.036181 -0.500000
0.248990 -0.048479 -0.500000
-0.185982 -0.087218 -0.500000
0.502933 -0.000997 -0.500000
0.014977 0.078834 -0.500000
0.046839 -0.073823 -0.500000
-0.326373 -0.080170 -0.500000
-0.294087 0.086114 -0.500000
-0.337892 0.080636 -0.500000
-0.317622 -0.081174 -0.500000
-0.366416 -0.074162 -0.500000
0.133281 -0.064191 -0.500000
-0.443709 -0.051844 -0.500000
0.392711 0.021774 -0.500000
0.155644 -0.061390 -0.500000
0.397460 0.020854 -0.500000
-0.197643 -0.087220 -0.500000
0.328195 -0.036064 -0.500000
0.436076 -0.016971 -0.500000
-0.236553 0.089873 -0.500000
0.466745 -0.011047 -0.500000
-0.291219 0.086384 -0.500000
0.037569 -0.074733 -0.500000
0.147140 -0.062469 -0.500000
0.295057 0.039593 -0.500000
0.418460 0.016722 -0.500000
-0.350539 0.078520 -0.500000
-0.356859 -0.075831 -0.500000
0.003436 0.079998 -0.500000
0.314785 -0.038259 -0.500000
-0.485618 0.016905 -0.500000
0.224345 0.051224 -0.500000
0.281627 0.041884 -0.500000
0.074055 -0.071008 -0.500000
-0.042788 0.084170 -0.500000
0.248832 -0.048502 -0.500000
0.457841 -0.012791 -0.500000
0.014638 -0.076873 -0.500000
-0.050210 0.084762 -0.500000
0.318049 0.035583 -0.500000
-0.134168 -0.086262 -0.500000
0.487791 0.002316 -0.500000
-0.033234 -0.080798 -0.500000
-0.099119 0.088041 -0.500000
0.048977 -0.073609 -0.500000
0.241177 0.048552 -0.500000
0.128266 0.065271 -0.500000
0.168385 0.059663 -0.500000
0.363199 0.027379 -0.500000
-0.481813 -0.025095 -0.500000
-0.082047 0.087021 -0.500000
0.389181 0.022455 -0.500000
0.288353 0.040742 -0.500000
-0.344017 0.079644 -0.500000
-0.030226 -0.080576 -0.500000
0.102307 -0.067869 -0.500000
-0.038772 -0.081202 -0.500000
-0.017920 0.082027 -0.500000
-0.195976 0.090691 -0.500000
0.149656 -0.062152 -0.500000
-0.015050 0.081763 -0.500000
0.074123 0.072204 -0.500000
0.148621 -0.062283 -0.500000
-0.201255 -0.087206 -0.500000
-0.095431 0.087831 -0.500000
0.102654 0.068646 -0.500000
-0.083178 -0.084028 -0.500000
0.454280 0.009430 -0.500000
-0.192712 -0.087232 -0.500000
0.480977 -0.008217 -0.500000
0.256517 0.046064 -0.500000
-0.258511 0.088832 -0.500000
0.412412 0.017922 -0.500000
0.039609 0.076203 -0.500000
0.176074 -0.058730 -0.500000
0.483346 0.003276 -0.500000
-0.161581 0.090419 -0.500000
0.169850 -0.059550 -0.500000
0.140447 -0.063307 -0.500000
0.354773 -0.031600 -0.500000
-0.468842 -0.037437 -0.500000
0.010027 -0.077283 -0.500000
-0.408626 -0.064431 -0.500000
-0.069983 -0.083268 -0.500000
-0.490042 -0.007955 -0.500000
-0.321670 0.082974 -0.500000
0.409733 0.018452 -0.500000
0.203633 -0.054991 -0.500000
0.398516 -0.023917 -0.500000
0.218209 0.052183 -0.500000
-0.144933 0.090008 -0.500000
0.332120 0.033074 -0.500000
0.069187 0.072797 -0.500000
0.072843 0.072358 -0.500000
0.308346 -0.039299 -0.500000
0.355328 -0.031505 -0.500000
0.331170 0.033244 -0.500000
-0.174042 -0.087129 -0.500000
0.047239 0.075350 -0.500000
-0.481084 -0.025998 -0.500000
0.443768 -0.015507 -0.500000
0.372215 -0.028587 -0.500000
-0.235014 0.089929 -0.500000
0.040398 -0.074459 -0.500000
-0.324025 0.082661 -0.500000
0.186464 0.057013 -0.500000
0.278943 -0.043939 -0.500000
0.366075 -0.029655 -0.500000
-0.191862 -0.087233 -0.500000
-0.239302 -0.086491 -0.500000
0.308144 -0.039331 -0.500000
0.092569 0.069928 -0.500000
-0.125045 0.089296 -0.500000
-0.152632 0.090220 -0.500000
0.020248 0.078288 -0.500000
0.282498 0.041736 -0.500000
0.006417 0.079703 -0.500000
0.233509 0.049777 -0.500000
0.175786 -0.058768 -0.500000
-0.181388 0.090679 -0.500000
-0.179128 -0.087177 -0.500000
-0.404529 -0.065579 -0.500000
-0.133816 0.089639 -0.500000
-0.226775 -0.086839 -0.500000
0.505822 -0.003148 -0.500000
0.126377 -0.065032 -0.500000
-0.234109 -0.086649 -0.500000
0.261596 0.045229 -0.500000
0.269986 0.043839 -0.500000
-0.403727 0.066073 -0.500000
-0.245192 -0.086287 -0.500000
-0.229837 -0.086769 -0.500000
0.374243 -0.028233 -0.500000
-0.481131 -0.025942 -0.500000
-0.242776 0.089626 -0.500000
-0.346938 0.079152 -0.500000
0.185212 0.057199 -0.500000
0.069098 -0.071536 -0.500000
0.340086 -0.034085 -0.500000
0.324947 0.034358 -0.500000
0.028573 -0.075592 -0.500000
-0.459551 0.041997 -0.500000
-0.135306 0.089695 -0.500000
-0.041919 0.084098 -0.500000
0.101863 0.068747 -0.500000
0.063446 -0.072130 -0.500000
0.183051 -0.057800 -0.500000
-0.288204 0.086661 -0.500000
0.497131 0.000280 -0.500000
0.417272 -0.020490 -0.500000
0.071147 -0.071319 -0.500000
0.053719 -0.073131 -0.500000
-0.336288 -0.078910 -0.500000
0.181647 0.057726 -0.500000
0.033290 0.076896 -0.500000
0.405630 0.019259 -0.500000
-0.323816 0.082689 -0.500000
-0.448623 -0.049538 -0.500000
-0.345538 0.079388 -0.500000
0.403143 0.019746 -0.500000
0.178581 0.058177 -0.500000
-0.416736 -0.061991 -0.500000
-0.414306 0.062692 -0.500000
-0.292248 0.086290 -0.500000
0.494102 0.000943 -0.500000
0.286087 -0.042828 -0.500000
-0.070113 -0.083276 -0.500000
-0.274089 -0.084857 -0.500000
-0.119556 -0.085742 -0.500000
0.237484 -0.050173 -0.500000
-0.305642 -0.082396 -0.500000
-0.466177 0.037467 -0.500000
-0.125676 -0.085973 -0.500000
0.022858 -0.076125 -0.500000
0.192132 0.056167 -0.500000
0.434439 -0.017281 -0.500000
-0.353858 -0.076322 -0.500000
0.120217 0.066350 -0.500000
0.335090 0.032539 -0.500000
-0.298494 -0.083046 -0.500000
0.224976 -0.051982 -0.500000
0.254614 -0.047641 -0.500000
-0.302983 0.085209 -0.500000
0.389259 -0.025578 -0.500000
0.501198 -0.000614 -0.500000
0.036328 0.076565 -0.500000
-0.276027 -0.084738 -0.500000
0.472006 0.005703 -0.500000
0.037207 0.076468 -0.500000
-0.308086 -0.082159 -0.500000
0.329280 -0.035884 -0.500000
-0.182596 -0.087202 -0.500000
-0.152576 -0.086769 -0.500000
0.126569 0.065500 -0.500000
0.386902 -0.025998 -0.500000
0.451580 0.009991 -0.500000
-0.246495 -0.086236 -0.500000
-0.090126 -0.084399 -0.500000
-0.348099 0.078949 -0.500000
-0.166771 0.090515 -0.500000
0.033288 0.076897 -0.500000
-0.381501 -0.071170 -0.500000
0.452625 -0.013803 -0.500000
-0.478659 -0.028752 -0.500000
-0.021847 0.082380 -0.500000
-0.439432 -0.053713 -0.500000
0.323152 -0.036894 -0.500000
0.051399 -0.073367 -0.500000
-0.253418 -0.085951 -0.500000
-0.026296 -0.080277 -0.500000
-0.287582 -0.083932 -0.500000
-0.068284 -0.083166 -0.500000
0.501957 -0.000782 -0.500000
-0.466018 -0.039473 -0.500000
-0.077177 0.086707 -0.500000
0.214915 -0.053413 -0.500000
-0.366140 -0.074212 -0.500000
0.055482 -0.072952 -0.500000
-0.308071 0.084646 -0.500000
0.093052 0.069867 -0.500000
-0.490253 0.004040 -0.500000
-0.349931 0.078627 -0.500000
-0.458036 -0.044533 -0.500000
-0.316556 0.083632 -0.500000
0.371591 0.025805 -0.500000
-0.382140 0.071924 -0.500000
-0.379095 0.072652 -0.500000
-0.471773 -0.035144 -0.500000
0.255334 -0.047533 -0.500000
-0.361520 -0.075037 -0.500000
-0.115649 -0.085587 -0.500000
0.123285 0.065940 -0.500000
-0.410973 0.063801 -0.500000
0.486003 0.002703 -0.500000
-0.222097 0.090320 -0.500000
0.250469 0.047051 -0.500000
0.142510 0.063324 -0.500000
0.398254 -0.023964 -0.500000
0.080541 0.071423 -0.500000
0.240793 -0.049688 -0.500000
0.301134 0.038544 -0.500000
0.427754 -0.018539 -0.500000
0.089539 0.070309 -0.500000
0.221440 0.051680 -0.500000
0.150045 0.062274 -0.500000
-0.199788 0.090670 -0.500000
0.125318 -0.065160 -0.500000
-0.415946 -0.062241 -0.500000
0.490770 0.001669 -0.500000
-0.417425 0.061619 -0.500000
-0.211919 0.090527 -0.500000
-0.403483 0.066147 -0.500000
0.072915 0.072349 -0.500000
-0.263586 0.088528 -0.500000
0.474678 0.005134 -0.500000
-0.262576 -0.085514 -0.500000
0.409522 -0.021916 -0.500000
0.386304 0.023008 -0.500000
-0.015035 0.081762 -0.500000
-0.196473 -0.087223 -0.500000
0.442762 -0.015699 -0.500000
0.024420 -0.075980 -0.500000
-0.026299 -0.080277 -0.500000
0.437607 -0.016681 -0.500000
-0.144035 -0.086554 -0.500000
-0.294498 -0.083385 -0.500000
0.072469 0.072403 -0.500000
-0.446100 0.049603 -0.500000
0.068267 -0.071624 -0.500000
0.266646 -0.045826 -0.500000
0.212895 -0.053697 -0.500000
0.254765 -0.047618 -0.500000
-0.193686 -0.087230 -0.500000
0.435658 0.013260 -0.500000
0.363562 -0.030090 -0.500000
-0.378895 0.072699 -0.500000
-0.142545 0.089937 -0.500000
-0.101407 -0.084960 -0.500000
0.428415 0.014726 -0.500000
0.186984 0.056935 -0.500000
0.066206 -0.071841 -0.500000
-0.030875 -0.080624 -0.500000
0.304757 0.037915 -0.500000
0.009028 -0.077371 -0.500000
0.048870 -0.073620 -0.500000
0.156087 -0.061334 -0.500000
0.075740 -0.070826 -0.500000
0.278198 0.042462 -0.500000
0.130666 0.064946 -0.500000
0.155258 -0.061440 -0.500000
0.408513 0.018692 -0.500000
0.466602 -0.011075 -0.500000
0.177038 0.058404 -0.500000
-0.091016 0.087575 -0.500000
-0.079925 0.086885 -0.500000
0.478590 -0.008695 -0.500000
-0.066387 -0.083048 -0.500000
0.074831 0.072118 -0.500000
0.160227 -0.060802 -0.500000
-0.042714 -0.081484 -0.500000
-0.243096 -0.086363 -0.500000
0.237962 0.049067 -0.500000
-0.158063 0.090351 -0.500000
-0.024714 -0.080156 -0.500000
-0.076679 -0.083662 -0.500000
-0.280078 0.087349 -0.500000
-0.478253 0.026825 -0.500000
0.431187 0.014167 -0.500000
-0.328986 0.081971 -0.500000
0.201029 0.054824 -0.500000
-0.487308 0.013618 -0.500000
0.189796 0.056517 -0.500000
-0.006947 -0.078737 -0.500000
-0.489480 -0.010367 -0.500000
-0.469879 -0.036648 -0.500000
0.456790 0.008907 -0.500000
0.482125 -0.007986 -0.500000
0.015270 0.078804 -0.500000
0.245221 0.047901 -0.500000
-0.068347 -0.083170 -0.500000
0.240967 0.048586 -0.500000
-0.084029 -0.084074 -0.500000
-0.411981 -0.063448 -0.500000
-0.229434 -0.086778 -0.500000
0.129788 -0.064618 -0.500000
-0.315292 -0.081427 -0.500000
0.002636 0.080077 -0.500000
-0.270058 0.088100 -0.500000
-0.072681 -0.083428 -0.500000
0.338913 0.031847 -0.500000
0.275193 0.042968 -0.500000
0.015588 0.078771 -0.500000
-0.226432 -0.086847 -0.500000
0.177954 -0.058480 -0.500000
0.462349 -0.011910 -0.500000
0.206751 -0.054558 -0.500000
0.179298 -0.058301 -0.500000
-0.147785 -0.086653 -0.500000
0.000578 -0.078105 -0.500000
0.195815 0.055613 -0.500000
0.176568 -0.058664 -0.500000
0.027506 -0.075692 -0.500000
0.179526 0.058038 -0.500000
0.170521 0.059353 -0.500000
-0.226387 0.090203 -0.500000
-0.094578 -0.084627 -0.500000
0.401610 -0.023357 -0.500000
0.159495 -0.060896 -0.500000
0.194014 0.055885 -0.500000
0.382715 0.023695 -0.500000
-0.463632 0.039286 -0.500000
-0.490679 -0.001148 -0.500000
-0.348058 0.078957 -0.500000
0.268971 0.044007 -0.500000
0.197291 0.055391 -0.500000
0.447043 0.010929 -0.500000
-0.464096 -0.040777 -0.500000
0.031338 0.077108 -0.500000
0.269024 0.043999 -0.500000
0.283936 -0.043164 -0.500000
0.197284 0.055392 -0.500000
0.176931 -0.058616 -0.500000
0.043606 0.075758 -0.500000
-0.398747 0.067538 -0.500000
-0.325558 0.082449 -0.500000
0.094714 -0.068733 -0.500000
-0.262796 -0.085503 -0.500000
-0.019018 -0.079713 -0.500000
-0.083715 -0.084057 -0.500000
-0.038309 -0.081169 -0.500000
0.255676 -0.047482 -0.500000
0.207840 0.053785 -0.500000
-0.458439 -0.044297 -0.500000
0.495906 0.000548 -0.500000
0.457530 -0.012852 -0.500000
0.066859 -0.071773 -0.500000
-0.248610 0.089358 -0.500000
0.434235 0.013549 -0.500000
0.436216 -0.016944 -0.500000
0.074924 -0.070914 -0.500000
0.144848 -0.062758 -0.500000
0.368284 -0.029272 -0.500000
0.204784 -0.054831 -0.500000
-0.227984 -0.086811 -0.500000
0.326889 0.034012 -0.500000
0.296334 -0.041217 -0.500000
-0.473892 0.031159 -0.500000
-0.093278 0.087707 -0.500000
0.085681 0.070789 -0.500000
0.055508 0.074404 -0.500000
-0.477392 0.027741 -0.500000
0.372013 0.025726 -0.500000
-0.471802 -0.035122 -0.500000
0.183945 -0.057679 -0.500000
0.429325 -0.018244 -0.500000
0.394064 -0.024718 -0.500000
-0.197824 0.090686 -0.500000
0.403315 -0.023048 -0.500000
0.386266 0.023015 -0.500000
0.444948 -0.015281 -0.500000
-0.377702 0.072980 -0.500000
0.338567 0.031910 -0.500000
0.465204 0.007143 -0.500000
-0.007286 0.081037 -0.500000
-0.351939 -0.076631 -0.500000
0.484510 0.003025 -0.500000
-0.217076 0.090430 -0.500000
0.246820 0.047643 -0.500000
0.262920 0.045011 -0.500000
0.147578 -0.062414 -0.500000
-0.483701 -0.022542 -0.500000
0.352084 0.029440 -0.500000
-0.187505 -0.087222 -0.500000
-0.248596 0.089358 -0.500000
0.200434 0.054915 -0.500000
-0.451368 -0.048165 -0.500000
-0.091658 0.087614 -0.500000
0.288744 0.040675 -0.500000
-0.430563 0.056651 -0.500000
-0.244254 -0.086324 -0.500000
-0.011280 -0.079094 -0.500000
0.429553 -0.018201 -0.500000
0.311348 0.036764 -0.500000
0.481194 -0.008173 -0.500000
-0.184314 -0.087214 -0.500000
-0.403405 0.066171 -0.500000
0.124695 -0.065235 -0.500000
0.068062 -0.071646 -0.500000
-0.167622 -0.087049 -0.500000
0.165569 -0.060110 -0.500000
-0.315813 0.083725 -0.500000
0.288139 0.040778 -0.500000
0.041075 -0.074392 -0.500000
-0.404882 0.065722 -0.500000
-0.013691 0.081638 -0.500000
-0.057118 -0.082461 -0.500000
0.508138 -0.002150 -0.500000
-0.266317 0.088350 -0.500000
0.306628 0.037589 -0.500000
-0.085543 0.087243 -0.500000
0.394915 0.021348 -0.500000
-0.292854 0.086235 -0.500000
0.424266 -0.019191 -0.500000
0.116151 0.066888 -0.500000
-0.458601 -0.044202 -0.500000
0.262175 0.045134 -0.500000
-0.346993 -0.077392 -0.500000
0.107195 0.068060 -0.500000
0.204353 0.054318 -0.500000
-0.202646 -0.087195 -0.500000
0.156581 0.061353 -0.500000
0.117279 -0.066122 -0.500000
-0.231765 -0.086716 -0.500000
-0.170992 -0.087093 -0.500000
-0.301751 -0.082755 -0.500000
0.083845 0.071016 -0.500000
-0.303389 -0.082606 -0.500000
0.120778 -0.065705 -0.500000
-0.365502 0.075649 -0.500000
-0.392142 0.069371 -0.500000
-0.362348 -0.074892 -0.500000
-0.303707 0.085133 -0.500000
0.034676 -0.075012 -0.500000
0.020161 -0.076372 -0.500000
0.205982 0.054070 -0.500000
-0.490664 -0.002377 -0.500000
-0.058198 -0.082530 -0.500000
-0.044779 0.084331 -0.500000
-0.462533 0.040040 -0.500000
-0.157387 -0.086869 -0.500000
-0.372225 -0.073063 -0.500000
0.042329 0.075901 -0.500000
-0.211180 -0.087115 -0.500000
0.406010 0.019184 -0.500000
0.377360 -0.027686 -0.500000
0.077609 -0.070625 -0.500000
0.225281 -0.051938 -0.500000
-0.146773 0.090061 -0.500000
-0.406683 0.065166 -0.500000
0.269915 0.043850 -0.500000
0.109975 0.067699 -0.500000
-0.275365 -0.084778 -0.500000
0.503898 -0.003546 -0.500000
-0.099175 0.088044 -0.500000
-0.180743 -0.087188 -0.500000
-0.345927 0.079322 -0.500000
-0.447465 0.048906 -0.500000
0.432444 0.013912 -0.500000
-0.091032 -0.084446 -0.500000
0.324607 -0.036655 -0.500000
0.005607 0.079783 -0.500000
-0.157980 0.090349 -0.500000
0.380490 0.024119 -0.500000
-0.416994 0.061769 -0.500000
0.251253 -0.048142 -0.500000
0.017632 -0.076603 -0.500000
0.287521 -0.042604 -0.500000
0.321789 0.034920 -0.500000
-0.028171 -0.080420 -0.500000
0.317623 0.035659 -0.500000
0.174699 0.058746 -0.500000
-0.265374 0.088412 -0.500000
-0.490558 -0.004248 -0.500000
-0.403545 0.066128 -0.500000
0.303819 -0.040025 -0.500000
0.325094 0.034332 -0.500000
-0.323012 -0.080567 -0.500000
-0.248884 -0.086142 -0.500000
0.224212 -0.052091 -0.500000
-0.344944 0.079487 -0.500000
0.055295 0.074428 -0.500000
0.358677 -0.030931 -0.500000
-0.343461 -0.077913 -0.500000
0.410694 0.018262 -0.500000
-0.039917 0.083934 -0.500000
-0.424097 -0.059565 -0.500000
0.204792 0.054251 -0.500000
0.023501 0.077947 -0.500000
0.464099 -0.011567 -0.500000
-0.238670 0.089789 -0.500000
0.081117 -0.070243 -0.500000
-0.001438 0.080475 -0.500000
-0.119806 -0.085752 -0.500000
0.160393 0.060810 -0.500000
0.139673 0.063716 -0.500000
-0.419916 0.060735 -0.500000
0.463549 -0.011675 -0.500000
-0.236322 -0.086587 -0.500000
0.433808 0.013636 -0.500000
0.326147 0.034144 -0.500000
0.072091 -0.071218 -0.500000
-0.134830 0.089677 -0.500000
0.491775 -0.006034 -0.500000
0.309932 -0.039044 -0.500000
-0.372353 -0.073038 -0.500000
-0.339857 0.080323 -0.500000
0.170331 -0.059488 -0.500000
0.382684 0.023700 -0.500000
0.301329 0.038510 -0.500000
-0.382569 0.071819 -0.500000
-0.304415 -0.082513 -0.500000
0.419428 -0.020091 -0.500000
-0.416780 -0.061977 -0.500000
-0.089821 0.087503 -0.500000
-0.489696 0.006809 -0.500000
0.165894 -0.060068 -0.500000
0.116182 -0.066251 -0.500000
-0.080297 -0.083868 -0.500000
-0.465192 0.038184 -0.500000
0.509139 -0.002373 -0.500000
0.019485 -0.076434 -0.500000
0.168762 0.059608 -0.500000
-0.477632 0.027488 -0.500000
0.279958 0.042166 -0.500000
0.149281 0.062381 -0.500000
0.197080 0.055422 -0.500000
0.227229 0.050771 -0.500000
-0.047814 -0.081838 -0.500000
-0.312531 -0.081713 -0.500000
-0.486973 -0.016989 -0.500000
0.110561 0.067622 -0.500000
-0.321519 -0.080739 -0.500000
0.398772 -0.023870 -0.500000
0.226187 0.050935 -0.500000
0.307463 0.037443 -0.500000
-0.380031 0.072430 -0.500000
-0.046739 -0.081764 -0.500000
-0.326086 0.082376 -0.500000
0.013898 0.078945 -0.500000
-0.474644 -0.032681 -0.500000
-0.215096 -0.087065 -0.500000
-0.016954 -0.079550 -0.500000
-0.273435 0.087857 -0.500000
0.178353 0.058211 -0.500000
0.402171 0.019936 -0.500000
0.074460 0.072163 -0.500000
0.336116 0.032353 -0.500000
0.346565 0.030453 -0.500000
0.217131 0.052351 -0.500000
0.327557 -0.036169 -0.500000
-0.115095 0.088856 -0.500000
0.158912 -0.060971 -0.500000
0.013488 -0.076976 -0.500000
-0.386160 -0.070144 -0.500000
-0.472145 0.032714 -0.500000
-0.488597 -0.013166 -0.500000
-0.311128 -0.081858 -0.500000
0.023856 -0.076033 -0.500000
0.427090 0.014993 -0.500000
-0.429096 0.057246 -0.500000
-0.196855 0.090689 -0.500000
0.015788 -0.076769 -0.500000
-0.132196 0.089578 -0.500000
-0.077620 -0.083716 -0.500000
0.075964 0.071981 -0.500000
0.373073 0.025526 -0.500000
0.323304 0.034651 -0.500000
0.411213 0.018159 -0.500000
0.066598 0.073105 -0.500000
-0.292942 -0.083512 -0.500000
-0.373450 0.073946 -0.500000
-0.419943 0.060725 -0.500000
0.441195 0.012130 -0.500000
-0.390883 0.069708 -0.500000
-0.167008 -0.087039 -0.500000
-0.330023 -0.079724 -0.500000
-0.055407 -0.082350 -0.500000
-0.378601 0.072769 -0.500000
0.014983 0.078833 -0.500000
-0.181380 -0.087193 -0.500000
0.282959 -0.043316 -0.500000
-0.168862 -0.087068 -0.500000
-0.367623 0.075210 -0.500000
0.097639 -0.068403 -0.500000
0.374146 0.025323 -0.500000
-0.477081 -0.030375 -0.500000
-0.485448 -0.019814 -0.500000
-0.052088 0.084906 -0.500000
0.286922 0.040985 -0.500000
-0.226583 -0.086844 -0.500000
0.156723 0.061333 -0.500000
0.295459 -0.041355 -0.500000
0.143665 -0.062906 -0.500000
-0.381090 0.072179 -0.500000
0.133303 0.064589 -0.500000
0.241856 -0.049532 -0.500000
0.317215 -0.037864 -0.500000
-0.059977 0.085502 -0.500000
0.071019 -0.071332 -0.500000
0.465102 0.007164 -0.500000
0.349510 -0.032496 -0.500000
-0.267550 -0.085244 -0.500000
0.094645 0.069667 -0.500000
0.495526 -0.005269 -0.500000
-0.067601 0.086052 -0.500000
0.324401 0.034456 -0.500000
-0.234100 -0.086650 -0.500000
0.319022 -0.037569 -0.500000
0.287703 -0.042576 -0.500000
-0.274284 -0.084845 -0.500000
0.406030 -0.022554 -0.500000
-0.274950 -0.084804 -0.500000
0.292119 0.040098 -0.500000
0.102669 -0.067828 -0.500000
0.362903 -0.030204 -0.500000
0.207921 0.053773 -0.500000
0.006051 0.079739 -0.500000
0.152554 0.061922 -0.500000
-0.129770 -0.086117 -0.500000
0.434972 0.013399 -0.500000
-0.490018 -0.008075 -0.500000
0.107470 -0.067273 -0.500000
-0.481489 0.023026 -0.500000
-0.086526 0.087302 -0.500000
0.455058 0.009268 -0.500000
0.304740 -0.039878 -0.500000
-0.087057 0.087335 -0.500000
0.463852 -0.011616 -0.500000
-0.430975 0.056483 -0.500000
0.170198 -0.059505 -0.500000
0.324564 0.034426 -0.500000
-0.398096 -0.067281 -0.500000
-0.482174 -0.024632 -0.500000
-0.388149 0.070422 -0.500000
-0.298697 -0.083029 -0.500000
0.459716 0.008296 -0.500000
-0.398828 0.067515 -0.500000
-0.135578 -0.086306 -0.500000
-0.469334 0.035050 -0.500000
0.188235 0.056749 -0.500000
-0.145998 0.090038 -0.500000
0.414885 -0.020931 -0.500000
-0.180302 -0.087185 -0.500000
0.099208 0.069087 -0.500000
-0.012352 -0.079180 -0.500000
0.108795 0.067852 -0.500000
-0.141377 0.089898 -0.500000
-0.028658 -0.080457 -0.500000
0.226673 0.050858 -0.500000
-0.344654 0.079536 -0.500000
0.169063 -0.059654 -0.500000
-0.184002 -0.087212 -0.500000
-0.471378 -0.035465 -0.500000
-0.258305 -0.085729 -0.500000
-0.017232 0.081964 -0.500000
0.381475 0.023931 -0.500000
0.447507 -0.014790 -0.500000
-0.203122 -0.087192 -0.500000
-0.487192 0.013867 -0.500000
0.217647 0.052271 -0.500000
0.382494 -0.026780 -0.500000
-0.211886 0.090528 -0.500000
0.139680 -0.063402 -0.500000
-0.438070 0.053431 -0.500000
0.423378 -0.019357 -0.500000
-0.488612 0.010423 -0.500000
0.209449 -0.054181 -0.500000
-0.185385 -0.087216 -0.500000
0.323063 -0.036908 -0.500000
-0.418886 -0.061305 -0.500000
-0.340587 0.080205 -0.500000
0.463175 0.007570 -0.500000
-0.108915 -0.085302 -0.500000
0.096763 0.069398 -0.500000
0.245649 0.047832 -0.500000
0.385628 -0.026225 -0.500000
-0.337874 -0.078696 -0.500000
0.295443 0.039527 -0.500000
-0.429921 -0.057482 -0.500000
-0.314302 -0.081531 -0.500000
-0.384771 -0.070457 -0.500000
0.305354 0.037811 -0.500000
-0.201179 -0.087206 -0.500000
0.061187 -0.072365 -0.500000
0.307232 0.037484 -0.500000
-0.365404 0.075670 -0.500000
0.040628 0.076090 -0.500000
0.000706 -0.078094 -0.500000
-0.125170 0.089301 -0.500000
-0.011613 0.081445 -0.500000
0.245479 -0.048999 -0.500000
-0.304845 0.085007 -0.500000
0.162859 0.060458 -0.500000
-0.027019 0.082838 -0.500000
0.396488 0.021043 -0.500000
0.110014 0.067693 -0.500000
-0.329752 0.081859 -0.500000
-0.167928 -0.087054 -0.500000
-0.095411 -0.084670 -0.500000
-0.289787 -0.083761 -0.500000
-0.011798 0.081463 -0.500000
-0.297008 -0.083172 -0.500000
0.472385 -0.009932 -0.500000
-0.063983 0.085797 -0.500000
0.086225 0.070721 -0.500000
0.076910 0.071866 -0.500000
0.156508 -0.061280 -0.500000
-0.311759 -0.081793 -0.500000
0.332804 0.032951 -0.500000
-0.482304 0.021959 -0.500000
-0.131622 -0.086181 -0.500000
-0.473034 0.031933 -0.500000
-0.176239 0.090635 -0.500000
0.134317 0.064450 -0.500000
0.220609 0.051809 -0.500000
0.432055 -0.017731 -0.500000
-0.449741 0.047710 -0.500000
-0.109634 0.088591 -0.500000
-0.246086 -0.086252 -0.500000
-0.217988 0.090411 -0.500000
-0.286100 -0.084040 -0.500000
-0.336475 0.080854 -0.500000
-0.285997 0.086855 -0.500000
-0.009661 0.081261 -0.500000
0.256668 0.046039 -0.500000
-0.256018 -0.085835 -0.500000
-0.043258 0.084208 -0.500000
0.498165 -0.004728 -0.500000
-0.002876 0.080614 -0.500000
-0.402815 -0.066047 -0.500000
0.147872 0.062578 -0.500000
-0.299524 0.085572 -0.500000
0.296574 -0.041179 -0.500000
-0.225815 0.090218 -0.500000
-0.093392 0.087714 -0.500000
0.468561 0.006434 -0.500000
-0.349828 -0.076958 -0.500000
0.236813 0.049251 -0.500000
-0.357582 -0.075710 -0.500000
0.354721 -0.031609 -0.500000
0.149241 0.062386 -0.500000
-0.490509 0.002065 -0.500000
-0.374016 0.073821 -0.500000
0.168562 -0.059719 -0.500000
-0.483438 -0.022920 -0.500000
-0.383457 0.071602 -0.500000
0.133190 0.064604 -0.500000
-0.119846 0.089075 -0.500000
0.252891 0.046657 -0.500000
0.428107 -0.018473 -0.500000
0.198433 -0.055710 -0.500000
0.196785 -0.055936 -0.500000
0.193918 0.055899 -0.500000
0.054617 -0.073040 -0.500000
-0.290230 0.086475 -0.500000
0.381068 -0.027032 -0.500000
-0.406529 0.065214 -0.500000
-0.423282 0.059500 -0.500000
-0.077102 0.086702 -0.500000
-0.280726 0.087299 -0.500000
0.011525 0.079188 -0.500000
-0.410607 0.063920 -0.500000
0.381551 -0.026947 -0.500000
0.354040 -0.031725 -0.500000
0.392967 0.021725 -0.500000
-0.161318 0.090414 -0.500000
0.152734 0.061896 -0.500000
0.440703 0.012231 -0.500000
0.479733 0.004053 -0.500000
-0.451308 0.046861 -0.500000
-0.193766 0.090698 -0.500000
0.127619 -0.064881 -0.500000
0.103830 -0.067694 -0.500000
0.155881 -0.061360 -0.500000
-0.485342 -0.019993 -0.500000
-0.399334 -0.066964 -0.500000
-0.444033 -0.051699 -0.500000
-0.172240 0.090591 -0.500000
0.023091 -0.076103 -0.500000
-0.390431 0.069826 -0.500000
-0.041877 -0.081425 -0.500000
-0.323488 -0.080512 -0.500000
-0.402598 -0.066104 -0.500000
-0.047081 0.084514 -0.500000
0.295882 0.039451 -0.500000
-0.297081 -0.083166 -0.500000
-0.373317 -0.072849 -0.500000
0.182109 0.057658 -0.500000
0.361204 -0.030497 -0.500000
-0.213470 0.090504 -0.500000
0.179717 0.058010 -0.500000
0.060715 -0.072414 -0.500000
0.268348 0.044111 -0.500000
0.462799 -0.011822 -0.500000
-0.082566 0.087055 -0.500000
0.407651 0.018861 -0.500000
0.086661 -0.069634 -0.500000
0.294173 0.039745 -0.500000
-0.411153 -0.063695 -0.500000
0.345188 -0.033227 -0.500000
0.463440 -0.011697 -0.500000
0.041557 -0.074345 -0.500000
0.347462 0.030289 -0.500000
-0.120310 0.089096 -0.500000
-0.009127 0.081211 -0.500000
-0.387599 0.070563 -0.500000
-0.166142 -0.087025 -0.500000
-0.464386 -0.040584 -0.500000
0.368796 -0.029183 -0.500000
0.460440 0.008144 -0.500000
0.076562 0.071908 -0.500000
-0.220974 -0.086963 -0.500000
-0.102206 -0.084998 -0.500000
-0.222345 -0.086938 -0.500000
0.004997 -0.077724 -0.500000
-0.228613 -0.086797 -0.500000
0.015275 -0.076815 -0.500000
0.180385 0.057912 -0.500000
-0.467806 0.036246 -0.500000
-0.046519 0.084469 -0.500000
-0.265759 0.088386 -0.500000
-0.026626 0.082804 -0.500000
-0.063062 -0.082842 -0.500000
-0.221751 -0.086949 -0.500000
0.050158 -0.073491 -0.500000
0.189318 -0.056954 -0.500000
-0.248911 -0.086141 -0.500000
-0.292661 -0.083534 -0.500000
-0.440813 0.052174 -0.500000
-0.405775 -0.065237 -0.500000
-0.077487 -0.083708 -0.500000
0.408762 0.018643 -0.500000
-0.030974 -0.080631 -0.500000
-0.077793 0.086748 -0.500000
-0.289142 0.086575 -0.500000
0.087284 0.070589 -0.500000
-0.322665 0.082842 -0.500000
0.017549 -0.076611 -0.500000
-0.131328 0.089545 -0.500000
-0.315743 -0.081378 -0.500000
0.379985 -0.027224 -0.500000
-0.181129 -0.087191 -0.500000
-0.041069 -0.081367 -0.500000
0.190186 -0.056837 -0.500000
0.045947 -0.073913 -0.500000
0.367106 0.026648 -0.500000
-0.360764 0.076605 -0.500000
0.339256 0.031785 -0.500000
0.149106 -0.062222 -0.500000
-0.480683 -0.026479 -0.500000
-0.134055 -0.086258 -0.500000
-0.305472 -0.082412 -0.500000
0.276510 0.042747 -0.500000
-0.239128 0.089770 -0.500000
0.047841 0.075281 -0.500000
-0.414898 0.062491 -0.500000
0.308494 -0.039275 -0.500000
-0.095249 -0.084661 -0.500000
-0.353731 0.077942 -0.500000
0.112070 -0.066736 -0.500000
0.249386 0.047227 -0.500000
-0.257158 -0.085784 -0.500000
0.255987 0.046151 -0.500000
-0.425162 0.058789 -0.500000
-0.142525 0.089937 -0.500000
0.178698 0.058160 -0.500000
-0.201840 0.090652 -0.500000
-0.338407 -0.078625 -0.500000
0.019018 -0.076477 -0.500000
-0.300049 0.085517 -0.500000
0.262674 -0.046428 -0.500000
-0.415999 0.062116 -0.500000
0.226751 -0.051727 -0.500000
-0.002385 0.080567 -0.500000
0.386007 -0.026157 -0.500000
-0.478825 0.026197 -0.500000
0.390769 0.022149 -0.500000
0.212103 -0.053809 -0.500000
-0.209983 -0.087130 -0.500000
0.008606 -0.077408 -0.500000
0.429736 -0.018167 -0.500000
0.004815 0.079861 -0.500000
0.494766 0.000797 -0.500000
-0.174669 0.090622 -0.500000
0.099078 -0.068239 -0.500000
0.208348 -0.054335 -0.500000
0.187716 0.056826 -0.500000
-0.016045 0.081855 -0.500000
-0.416903 0.061801 -0.500000
-0.039880 0.083931 -0.500000
-0.256764 -0.085802 -0.500000
-0.278652 0.087461 -0.500000
0.488868 0.002082 -0.500000
0.364214 -0.029978 -0.500000
-0.149486 -0.086694 -0.500000
0.393798 -0.024766 -0.500000
-0.001963 -0.078319 -0.500000
-0.424886 0.058894 -0.500000
0.375960 0.024979 -0.500000
-0.471678 0.033116 -0.500000
-0.387356 -0.069874 -0.500000
0.266599 0.044402 -0.500000
0.037012 -0.074787 -0.500000
-0.309219 -0.082050 -0.500000
-0.302966 0.085211 -0.500000
-0.320804 0.083088 -0.500000
-0.251123 0.089233 -0.500000
0.482911 0.003370 -0.500000
-0.399588 -0.066898 -0.500000
0.379183 -0.027365 -0.500000
-0.000181 -0.078169 -0.500000
-0.087748 -0.084275 -0.500000
-0.229494 0.090113 -0.500000
-0.105911 0.088405 -0.500000
0.219157 0.052035 -0.500000
-0.383701 0.071542 -0.500000
-0.488974 0.009358 -0.500000
-0.312939 -0.081671 -0.500000
0.182103 0.057659 -0.500000
0.376712 0.024837 -0.500000
-0.305135 -0.082445 -0.500000
-0.483955 0.019609 -0.500000
-0.490501 0.002148 -0.500000
-0.290323 -0.083718 -0.500000
0.399346 -0.023767 -0.500000
-0.277981 -0.084608 -0.500000
-0.370885 0.074513 -0.500000
0.335505 0.032464 -0.500000
0.498507 -0.000022 -0.500000
0.260066 0.045482 -0.500000
0.215907 0.052541 -0.500000
0.438426 -0.016525 -0.500000
0.320966 0.035066 -0.500000
-0.430929 -0.057107 -0.500000
-0.377261 -0.072057 -0.500000
0.234044 0.049692 -0.500000
-0.336102 -0.078935 -0.500000
0.342145 -0.033740 -0.500000
0.290284 0.040412 -0.500000
-0.245336 0.089508 -0.500000
-0.440327 -0.053333 -0.500000
0.318472 -0.037659 -0.500000
-0.011354 -0.079100 -0.500000
-0.477054 0.028091 -0.500000
-0.477875 -0.029574 -0.500000
-0.479128 -0.028245 -0.500000
-0.178542 0.090655 -0.500000
0.485260 -0.007355 -0.500000
0.241803 -0.049540 -0.500000
0.073086 0.072329 -0.500000
-0.305986 0.084880 -0.500000
-0.333174 0.081357 -0.500000
-0.019212 -0.079728 -0.500000
-0.213020 -0.087091 -0.500000
-0.074941 -0.083563 -0.500000
-0.326018 -0.080213 -0.500000
-0.174659 0.090621 -0.500000
-0.435419 0.054606 -0.500000
-0.011108 0.081398 -0.500000
0.163747 -0.060347 -0.500000
-0.227727 -0.086817 -0.500000
-0.090363 0.087536 -0.500000
-0.193001 -0.087231 -0.500000
0.430237 -0.018073 -0.500000
0.090352 0.070207 -0.500000
0.062294 0.073613 -0.500000
-0.150048 -0.086707 -0.500000
-0.051299 0.084846 -0.500000
-0.017664 0.082004 -0.500000
0.393911 -0.024746 -0.500000
0.127626 0.065357 -0.500000
0.179807 -0.058233 -0.500000
0.104599 0.068396 -0.500000
-0.111773 0.088698 -0.500000
0.446244 0.011093 -0.500000
0.299584 0.038813 -0.500000
0.319156 -0.037547 -0.500000
0.370541 -0.028879 -0.500000
-0.023154 0.082498 -0.500000
-0.341432 -0.078201 -0.500000
-0.209410 -0.087137 -0.500000
-0.124940 0.089291 -0.500000
0.030919 0.077154 -0.500000
0.221614 0.051652 -0.500000
0.053811 -0.073122 -0.500000
-0.382606 0.071810 -0.500000
-0.442884 0.051189 -0.500000
-0.311339 -0.081836 -0.500000
0.216697 -0.053161 -0.500000
0.259326 0.045603 -0.500000
0.067059 0.073050 -0.500000
0.483305 -0.007749 -0.500000
-0.079777 -0.083838 -0.500000
-0.071106 0.086298 -0.500000
0.102041 0.068724 -0.500000
-0.157687 -0.086876 -0.500000
-0.468585 0.035642 -0.500000
-0.249143 0.089333 -0.500000
0.355060 -0.031551 -0.500000
-0.319695 -0.080947 -0.500000
-0.451664 0.046667 -0.500000
0.304326 -0.039944 -0.500000
-0.359160 0.076920 -0.500000
-0.087202 -0.084245 -0.500000
-0.250621 -0.086074 -0.500000
0.418842 0.016646 -0.500000
-0.285077 0.086933 -0.500000
-0.399359 -0.066957 -0.500000
0.418887 -0.020191 -0.500000
0.368065 -0.029310 -0.500000
-0.333468 -0.079283 -0.500000
-0.225499 -0.086869 -0.500000
0.229453 -0.051338 -0.500000
-0.032883 -0.080772 -0.500000
-0.319474 0.083265 -0.500000
0.485084 -0.007390 -0.500000
-0.038464 -0.081180 -0.500000
0.163979 -0.060316 -0.500000
-0.390177 -0.069221 -0.500000
-0.415744 0.062204 -0.500000
-0.370633 -0.073373 -0.500000
-0.269793 -0.085119 -0.500000
-0.059269 0.085450 -0.500000
0.112035 -0.066740 -0.500000
-0.012492 0.081527 -0.500000
0.504250 -0.001288 -0.500000
-0.095200 0.087817 -0.500000
-0.273858 0.087827 -0.500000
0.318652 0.035477 -0.500000
-0.472945 0.032012 -0.500000
-0.071230 0.086306 -0.500000
-0.214671 -0.087071 -0.500000
0.001865 -0.077994 -0.500000
-0.157974 0.090348 -0.500000
0.400773 0.020209 -0.500000
0.059754 0.073911 -0.500000
0.286621 0.041036 -0.500000
0.380540 0.024109 -0.500000
-0.465875 0.037691 -0.500000
-0.434242 0.055112 -0.500000
0.257371 -0.047228 -0.500000
-0.456061 -0.045656 -0.500000
0.347351 -0.032862 -0.500000
0.365776 -0.029707 -0.500000
0.368757 0.026338 -0.500000
-0.257800 0.088873 -0.500000
-0.368249 -0.073822 -0.500000
0.060518 -0.072434 -0.500000
-0.015905 -0.079466 -0.500000
-0.065487 0.085903 -0.500000
-0.388990 0.070203 -0.500000
0.409841 -0.021857 -0.500000
-0.490218 0.004254 -0.500000
0.363703 -0.030066 -0.500000
-0.225866 -0.086860 -0.500000
0.204597 -0.054858 -0.500000
0.380206 0.024173 -0.500000
-0.077418 0.086724 -0.500000
-0.054199 0.085068 -0.500000
0.329536 0.033538 -0.500000
-0.087834 -0.084279 -0.500000
-0.167991 0.090532 -0.500000
-0.201673 -0.087203 -0.500000
0.175829 0.058580 -0.500000
-0.472320 -0.034692 -0.500000
-0.410536 -0.063877 -0.500000
0.474790 -0.009454 -0.500000
0.386050 0.023056 -0.500000
0.495363 0.000667 -0.500000
0.220303 0.051857 -0.500000
-0.009565 0.081252 -0.500000
-0.435074 0.054755 -0.500000
0.277941 -0.044094 -0.500000
-0.378517 -0.071798 -0.500000
-0.460520 0.041375 -0.500000
-0.067671 -0.083128 -0.500000
-0.228399 -0.086802 -0.500000
-0.117562 -0.085665 -0.500000
0.413022 0.017802 -0.500000
0.505017 -0.003315 -0.500000
-0.020122 -0.079799 -0.500000
-0.136664 -0.086341 -0.500000
0.200371 0.054924 -0.500000
0.376751 0.024830 -0.500000
-0.126957 -0.086018 -0.500000
-0.450247 0.047440 -0.500000
-0.180373 -0.087186 -0.500000
-0.206441 0.090609 -0.500000
0.481931 -0.008025 -0.500000
0.055223 -0.072978 -0.500000
-0.340591 -0.078319 -0.500000
0.129147 0.065153 -0.500000
-0.447466 0.048906 -0.500000
0.170691 0.059329 -0.500000
-0.479926 -0.027358 -0.500000
-0.015958 -0.079470 -0.500000
-0.437401 0.053732 -0.500000
-0.398685 -0.067130 -0.500000
-0.295065 0.086018 -0.500000
0.310994 -0.038872 -0.500000
0.401402 0.020086 -0.500000
0.505789 -0.003155 -0.500000
-0.204828 0.090626 -0.500000
-0.027801 -0.080392 -0.500000
0.099844 -0.068151 -0.500000
-0.045630 -0.081687 -0.500000
-0.226419 0.090202 -0.500000
-0.416668 0.061883 -0.500000
0.436277 0.013134 -0.500000
0.067358 0.073015 -0.500000
0.084747 0.070905 -0.500000
0.233806 0.049730 -0.500000
0.045976 0.075492 -0.500000
-0.130511 0.089514 -0.500000
0.184854 -0.057557 -0.500000
-0.145281 0.090018 -0.500000
-0.023044 0.082488 -0.500000
0.166674 -0.059966 -0.500000
-0.457553 0.043244 -0.500000
-0.233539 -0.086666 -0.500000
-0.428950 -0.057842 -0.500000
0.496347 0.000452 -0.500000
-0.362276 -0.074905 -0.500000
-0.100252 -0.084904 -0.500000
-0.394733 -0.068126 -0.500000
-0.433603 0.055386 -0.500000
-0.188006 -0.087223 -0.500000
-0.304602 -0.082496 -0.500000
-0.221969 0.090323 -0.500000
-0.057473 0.085318 -0.500000
-0.485661 0.016829 -0.500000
-0.140485 -0.086455 -0.500000
0.271402 -0.045100 -0.500000
-0.336239 0.080890 -0.500000
-0.332274 0.081489 -0.500000
-0.189796 -0.087228 -0.500000
0.413083 0.017790 -0.500000
-0.158484 -0.086892 -0.500000
-0.489273 0.008386 -0.500000
-0.155020 -0.086822 -0.500000
-0.297083 0.085819 -0.500000
-0.341077 -0.078251 -0.500000
0.389425 0.022408 -0.500000
-0.028788 0.082993 -0.500000
-0.363789 -0.074639 -0.500000
0.247689 0.047502 -0.500000
-0.062169 -0.082786 -0.500000
-0.286678 -0.083998 -0.500000
0.493061 0.001170 -0.500000
0.473157 0.005458 -0.500000
0.263131 -0.046359 -0.500000
0.074075 -0.071006 -0.500000
-0.160089 0.090390 -0.500000
-0.311440 -0.081826 -0.500000
0.134657 -0.064022 -0.500000
-0.171048 -0.087094 -0.500000
0.225797 -0.051864 -0.500000
-0.462512 0.040054 -0.500000
0.390490 0.022203 -0.500000
0.350804 -0.032276 -0.500000
-0.333616 -0.079264 -0.500000
-0.051623 -0.082096 -0.500000
0.370219 -0.028935 -0.500000
-0.119626 -0.085745 -0.500000
-0.433060 0.055616 -0.500000
0.481672 0.003637 -0.500000
0.453313 0.009631 -0.500000
0.395482 0.021238 -0.500000
0.030126 0.077240 -0.500000
-0.145271 0.090017 -0.500000
0.372480 -0.028541 -0.500000
0.008516 -0.077416 -0.500000
0.207136 -0.054504 -0.500000
-0.440190 -0.053391 -0.500000
0.092381 0.069952 -0.500000
-0.315829 -0.081369 -0.500000
0.338810 -0.034299 -0.500000
0.184152 0.057356 -0.500000
-0.138709 -0.086405 -0.500000
-0.169450 -0.087075 -0.500000
0.158362 0.061099 -0.500000
-0.238677 0.089788 -0.500000
-0.288669 0.086618 -0.500000
0.376555 0.024867 -0.500000
-0.183221 -0.087206 -0.500000
-0.474056 0.031009 -0.500000
-0.247085 -0.086213 -0.500000
0.063722 -0.072101 -0.500000
-0.037924 0.083771 -0.500000
0.437694 -0.016664 -0.500000
0.182386 0.057617 -0.500000
-0.202620 -0.087196 -0.500000
0.261252 -0.046643 -0.500000
0.330198 -0.035732 -0.500000
0.053907 -0.073112 -0.500000
0.331130 0.033251 -0.500000
0.139540 -0.063420 -0.500000
-0.109779 0.088598 -0.500000
0.289927 0.040473 -0.500000
0.328438 0.033734 -0.500000
0.071717 -0.071258 -0.500000
0.127636 0.065356 -0.500000
-0.059526 -0.082616 -0.500000
-0.065229 0.085884 -0.500000
0.408942 -0.022022 -0.500000
-0.442103 -0.052561 -0.500000
0.177765 0.058297 -0.500000
0.475307 -0.009351 -0.500000
0.030214 -0.075437 -0.500000
-0.490591 -0.003819 -0.500000
-0.090624 -0.084425 -0.500000
-0.194045 0.090697 -0.500000
-0.258340 -0.085727 -0.500000
0.201653 0.054730 -0.500000
-0.301390 -0.082788 -0.500000
0.069314 -0.071513 -0.500000
-0.386454 0.070853 -0.500000
0.299969 0.038746 -0.500000
-0.107384 0.088479 -0.500000
0.372905 -0.028467 -0.500000
-0.049247 0.084685 -0.500000
0.068917 0.072829 -0.500000
-0.359562 -0.075378 -0.500000
-0.268965 -0.085165 -0.500000
0.101433 -0.067969 -0.500000
-0.476679 0.028475 -0.500000
0.224858 0.051144 -0.500000
-0.088071 0.087396 -0.500000
0.378214 -0.027536 -0.500000
0.153881 -0.061616 -0.500000
-0.458881 0.042420 -0.500000
-0.268094 0.088234 -0.500000
-0.432508 -0.056505 -0.500000
-0.416889 0.061806 -0.500000
-0.074814 0.086548 -0.500000
0.009524 0.079390 -0.500000
-0.266221 0.088356 -0.500000
0.289857 -0.042238 -0.500000
0.208915 0.053620 -0.500000
-0.235889 0.089899 -0.500000
-0.262242 -0.085531 -0.500000
0.311709 -0.038757 -0.500000
-0.284487 0.086983 -0.500000
-0.227013 -0.086834 -0.500000
-0.239182 0.089768 -0.500000
0.181599 -0.057994 -0.500000
0.273607 -0.044761 -0.500000
-0.339443 -0.078481 -0.500000
-0.241263 -0.086425 -0.500000
-0.458633 -0.044183 -0.500000
0.204988 -0.054803 -0.500000
-0.433780 -0.056013 -0.500000
0.273687 0.043220 -0.500000
0.039668 0.076196 -0.500000
-0.251633 -0.086031 -0.500000
0.466444 -0.011106 -0.500000
-0.292386 0.086278 -0.500000
0.043667 0.075751 -0.500000
0.063540 -0.072120 -0.500000
0.333404 -0.035201 -0.500000
-0.129567 -0.086110 -0.500000
-0.157460 0.090336 -0.500000
-0.473863 0.031185 -0.500000
-0.438243 0.053353 -0.500000
-0.108165 0.088518 -0.500000
0.123380 0.065928 -0.500000
0.210077 0.053442 -0.500000
0.495964 0.000535 -0.500000
0.106468 -0.067389 -0.500000
0.260237 0.045453 -0.500000
0.354549 0.028985 -0.500000
0.129703 0.065077 -0.500000
-0.068159 0.086091 -0.500000
-0.328155 0.082087 -0.500000
-0.035920 0.083602 -0.500000
-0.143028 0.089953 -0.500000
0.407175 -0.022345 -0.500000
0.334131 -0.035080 -0.500000
-0.288614 -0.083853 -0.500000
0.120453 -0.065744 -0.500000
-0.267140 0.088296 -0.500000
-0.208060 -0.087154 -0.500000
-0.074254 0.086510 -0.500000
0.173466 0.058926 -0.500000
0.376266 0.024922 -0.500000
-0.022130 0.082406 -0.500000
-0.426108 0.058423 -0.500000
-0.061099 0.085584 -0.500000
-0.050895 0.084815 -0.500000
-0.189349 -0.087227 -0.500000
0.406393 0.019109 -0.500000
0.150926 0.062150 -0.500000
-0.080457 0.086919 -0.500000
-0.305658 -0.082394 -0.500000
0.114789 -0.066416 -0.500000
0.093805 -0.068836 -0.500000
0.473135 0.005463 -0.500000
-0.251130 0.089232 -0.500000
-0.407586 -0.064727 -0.500000
0.413605 -0.021166 -0.500000
-0.051793 -0.082108 -0.500000
0.130737 -0.064503 -0.500000
0.136194 0.064193 -0.500000
-0.329629 -0.079775 -0.500000
-0.220666 -0.086968 -0.500000
0.268701 0.044052 -0.500000
-0.483033 -0.023485 -0.500000
-0.306385 0.084835 -0.500000
-0.469036 0.035286 -0.500000
0.214502 0.052759 -0.500000
0.214746 -0.053437 -0.500000
0.326239 0.034128 -0.500000
0.413532 0.017701 -0.500000
-0.024884 0.082652 -0.500000
-0.486316 -0.018270 -0.500000
0.251469 -0.048110 -0.500000
-0.083666 0.087125 -0.500000
-0.020816 0.082288 -0.500000
0.364778 -0.029880 -0.500000
0.068206 0.072914 -0.500000
0.064991 -0.071969 -0.500000
-0.084551 -0.084102 -0.500000
0.470818 -0.010242 -0.500000
-0.022522 -0.079987 -0.500000
0.232831 0.049885 -0.500000
-0.484358 -0.021567 -0.500000
0.189878 -0.056878 -0.500000
0.076810 0.071878 -0.500000
-0.490053 0.005172 -0.500000
0.244410 -0.049156 -0.500000
-0.301231 0.085393 -0.500000
-0.382839 -0.070878 -0.500000
-0.163471 0.090455 -0.500000
0.145910 -0.062624 -0.500000
-0.139961 0.089851 -0.500000
0.297089 0.039243 -0.500000
0.161596 -0.060625 -0.500000
0.144269 -0.062830 -0.500000
0.438111 0.012760 -0.500000
-0.161315 0.090414 -0.500000
-0.058244 0.085374 -0.500000
0.324109 -0.036737 -0.500000
-0.338995 -0.078544 -0.500000
-0.469031 -0.037294 -0.500000
-0.109270 -0.085318 -0.500000
0.177847 0.058285 -0.500000
0.160663 -0.060746 -0.500000
0.143861 0.063137 -0.500000
-0.213818 -0.087081 -0.500000
-0.404030 -0.065715 -0.500000
0.278737 0.042372 -0.500000
0.134179 0.064469 -0.500000
0.414644 -0.020975 -0.500000
0.244287 -0.049175 -0.500000
-0.286318 -0.084024 -0.500000
0.207915 0.053773 -0.500000
-0.355769 0.077566 -0.500000
-0.106352 -0.085187 -0.500000
0.062174 -0.072264 -0.500000
-0.415303 -0.062440 -0.500000
0.033135 0.076913 -0.500000
-0.151559 0.090194 -0.500000
0.086005 0.070749 -0.500000
-0.042647 -0.081480 -0.500000
-0.263367 -0.085474 -0.500000
-0.044275 0.084291 -0.500000
-0.244000 -0.086333 -0.500000
-0.055054 0.085133 -0.500000
0.001141 -0.078056 -0.500000
0.443218 -0.015612 -0.500000
-0.106759 0.088448 -0.500000
-0.250274 0.089277 -0.500000
0.378595 -0.027469 -0.500000
0.407352 -0.022312 -0.500000
0.079789 0.071515 -0.500000
-0.142090 -0.086500 -0.500000
-0.148098 0.090099 -0.500000
-0.178752 0.090657 -0.500000
0.455031 0.009274 -0.500000
-0.127725 -0.086045 -0.500000
-0.294380 -0.083395 -0.500000
-0.121899 -0.085833 -0.500000
0.285295 0.041262 -0.500000
0.181607 -0.057993 -0.500000
-0.261175 -0.085584 -0.500000
-0.489775 -0.009200 -0.500000
0.223981 -0.052124 -0.500000
-0.004461 -0.078530 -0.500000
0.060996 -0.072385 -0.500000
0.173918 0.058860 -0.500000
0.059230 0.073972 -0.500000
0.332098 -0.035418 -0.500000
-0.172418 -0.087110 -0.500000
-0.387340 0.070629 -0.500000
0.479189 -0.008575 -0.500000
0.046091 0.075479 -0.500000
-0.405758 -0.065241 -0.500000
0.200983 0.054831 -0.500000
0.045975 -0.073910 -0.500000
-0.456648 0.043794 -0.500000
0.122570 0.066036 -0.500000
0.311004 -0.038871 -0.500000
0.271601 -0.045069 -0.500000
0.196033 0.055580 -0.500000
-0.003761 0.080700 -0.500000
0.335506 0.032464 -0.500000
0.398955 0.020563 -0.500000
-0.029670 -0.080534 -0.500000
-0.305081 -0.082450 -0.500000
0.259054 0.045648 -0.500000
0.253408 -0.047821 -0.500000
0.320270 0.035190 -0.500000
-0.464212 -0.040701 -0.500000
-0.083990 -0.084072 -0.500000
-0.340213 0.080265 -0.500000
-0.454082 0.045304 -0.500000
-0.371476 -0.073210 -0.500000
-0.256705 0.088938 -0.500000
0.411058 0.018190 -0.500000
0.268939 -0.045476 -0.500000
-0.318112 -0.081120 -0.500000
0.265820 -0.045951 -0.500000
0.322131 0.034860 -0.500000
0.444779 -0.015314 -0.500000
0.251221 0.046929 -0.500000
0.177549 -0.058534 -0.500000
0.248553 0.047362 -0.500000
0.366976 0.026673 -0.500000
0.051916 0.074817 -0.500000
-0.002544 -0.078368 -0.500000
0.303506 0.038133 -0.500000
-0.446235 -0.050680 -0.500000
0.208109 -0.054368 -0.500000
-0.113073 -0.085479 -0.500000
-0.488546 0.010605 -0.500000
0.089755 0.070282 -0.500000
0.267627 0.044231 -0.500000
0.281773 -0.043500 -0.500000
-0.009585 -0.078954 -0.500000
-0.315373 0.083780 -0.500000
-0.467953 0.036132 -0.500000
0.424656 -0.019118 -0.500000
-0.484572 -0.021236 -0.500000
0.230126 -0.051241 -0.500000
-0.463568 0.039330 -0.500000
-0.435385 -0.055379 -0.500000
0.067954 0.072944 -0.500000
-0.182239 0.090685 -0.500000
-0.440401 0.052365 -0.500000
-0.116338 0.088913 -0.500000
0.153765 -0.061631 -0.500000
-0.010550 -0.079033 -0.500000
0.272651 0.043393 -0.500000
-0.389812 -0.069306 -0.500000
-0.125838 0.089329 -0.500000
-0.301031 -0.082820 -0.500000
-0.217892 -0.087018 -0.500000
-0.243826 0.089578 -0.500000
0.301647 0.038455 -0.500000
0.451343 -0.014051 -0.500000
0.219208 -0.052805 -0.500000
0.245510 0.047854 -0.500000
0.297145 0.039234 -0.500000
-0.479829 -0.027469 -0.500000
-0.303928 0.085110 -0.500000
0.026581 -0.075778 -0.500000
0.357360 -0.031157 -0.500000
-0.224323 0.090259 -0.500000
0.181411 0.057761 -0.500000
0.122761 0.066010 -0.500000
-0.407203 0.065004 -0.500000
0.467392 0.006681 -0.500000
-0.249667 -0.086112 -0.500000
0.134258 -0.064071 -0.500000
-0.271696 -0.085004 -0.500000
-0.144577 0.089997 -0.500000
-0.378415 -0.071820 -0.500000
-0.149943 -0.086705 -0.500000
0.004198 -0.077793 -0.500000
-0.188519 0.090704 -0.500000
0.159382 0.060954 -0.500000
-0.367736 -0.073919 -0.500000
-0.429669 0.057016 -0.500000
-0.203755 0.090635 -0.500000
0.111996 -0.066745 -0.500000
-0.344089 0.079631 -0.500000
-0.436568 -0.054902 -0.500000
0.205465 0.054149 -0.500000
-0.401121 0.066849 -0.500000
0.394856 -0.024576 -0.500000
-0.318356 -0.081093 -0.500000
0.339543 0.031733 -0.500000
0.045367 0.075560 -0.500000
0.008942 0.079448 -0.500000
-0.247452 0.089411 -0.500000
-0.443966 0.050665 -0.500000
0.136967 -0.063738 -0.500000
0.113016 -0.066625 -0.500000
0.491070 -0.006178 -0.500000
0.098528 0.069174 -0.500000
0.216474 -0.053193 -0.500000
0.504372 -0.003448 -0.500000
0.065207 0.073270 -0.500000
-0.490209 -0.007036 -0.500000
-0.087680 0.087373 -0.500000
0.200470 0.054909 -0.500000
-0.370566 0.074581 -0.500000
-0.079564 -0.083826 -0.500000
0.215337 0.052629 -0.500000
0.352543 0.029355 -0.500000
0.071503 0.072519 -0.500000
-0.235260 -0.086617 -0.500000
0.433305 0.013738 -0.500000
-0.455146 -0.046162 -0.500000
-0.284893 -0.084128 -0.500000
-0.352108 -0.076604 -0.500000
0.436463 0.013096 -0.500000
0.247881 -0.048643 -0.500000
-0.032828 0.083340 -0.500000
-0.126511 0.089357 -0.500000
0.137917 -0.063620 -0.500000
0.409144 -0.021985 -0.500000
-0.231752 -0.086716 -0.500000
0.374624 0.025232 -0.500000
-0.051515 0.084863 -0.500000
0.005556 0.079788 -0.500000
0.038128 0.076366 -0.500000
-0.197514 -0.087221 -0.500000
0.090844 -0.069168 -0.500000
-0.307720 -0.082195 -0.500000
-0.066488 0.085973 -0.500000
-0.472874 0.032075 -0.500000
0.478540 0.004309 -0.500000
0.193854 -0.056337 -0.500000
0.030307 0.077220 -0.500000
-0.221887 0.090325 -0.500000
-0.467295 0.036633 -0.500000
-0.012491 0.081527 -0.500000
0.023658 -0.076051 -0.500000
0.313130 0.036451 -0.500000
0.167749 0.059754 -0.500000
-0.442078 -0.052572 -0.500000
0.337078 0.032179 -0.500000
-0.227159 -0.086830 -0.500000
-0.287578 0.086718 -0.500000
0.061126 0.073750 -0.500000
-0.026263 -0.080274 -0.500000
-0.108307 0.088525 -0.500000
-0.166839 -0.087037 -0.500000
0.417624 -0.020425 -0.500000
-0.368843 -0.073710 -0.500000
0.046794 -0.073828 -0.500000
-0.097762 0.087964 -0.500000
-0.165191 0.090488 -0.500000
-0.457004 0.043580 -0.500000
-0.272375 0.087934 -0.500000
0.316812 0.035802 -0.500000
-0.455205 -0.046130 -0.500000
-0.185086 -0.087216 -0.500000
-0.260624 -0.085612 -0.500000
-0.170994 0.090574 -0.500000
0.007910 -0.077470 -0.500000
0.471875 0.005731 -0.500000
0.332435 0.033017 -0.500000
-0.191149 0.090705 -0.500000
-0.404780 -0.065510 -0.500000
0.262941 -0.046388 -0.500000
0.347000 0.030373 -0.500000
-0.385529 0.071087 -0.500000
-0.183438 -0.087208 -0.500000
-0.332515 0.081454 -0.500000
-0.271517 0.087995 -0.500000
0.095655 -0.068627 -0.500000
0.476843 0.004672 -0.500000
0.382003 0.023830 -0.500000
0.233844 -0.050703 -0.500000
-0.249665 -0.086112 -0.500000
-0.076836 0.086684 -0.500000
0.126513 0.065507 -0.500000
0.444663 -0.015336 -0.500000
-0.162070 -0.086960 -0.500000
0.163947 0.060302 -0.500000
0.505486 -0.003217 -0.500000
0.438929 -0.016430 -0.500000
-0.201619 -0.087203 -0.500000
0.488392 0.002185 -0.500000
0.071387 -0.071293 -0.500000
-0.467871 0.036195 -0.500000
-0.169582 0.090554 -0.500000
0.133557 0.064554 -0.500000
-0.270759 0.088050 -0.500000
0.314456 0.036217 -0.500000
0.454328 0.009420 -0.500000
-0.199132 -0.087217 -0.500000
-0.214932 0.090475 -0.500000
0.023556 0.077941 -0.500000
-0.484214 0.019213 -0.500000
0.187851 0.056806 -0.500000
-0.144212 0.089987 -0.500000
0.383931 -0.026526 -0.500000
0.014502 0.078883 -0.500000
0.190971 0.056341 -0.500000
0.113468 0.067241 -0.500000
0.353775 0.029128 -0.500000
0.235152 -0.050513 -0.500000
0.045909 -0.073916 -0.500000
-0.147180 -0.086638 -0.500000
-0.208451 -0.087149 -0.500000
-0.235078 0.089926 -0.500000
-0.104549 0.088332 -0.500000
0.126269 -0.065045 -0.500000
0.143127 0.063239 -0.500000
-0.324369 0.082615 -0.500000
-0.204850 -0.087179 -0.500000
0.480298 -0.008353 -0.500000
0.109679 -0.067016 -0.500000
-0.095186 -0.084658 -0.500000
0.102784 0.068629 -0.500000
0.210591 -0.054021 -0.500000
-0.474293 0.030789 -0.500000
-0.267020 0.088304 -0.500000
-0.073981 0.086492 -0.500000
0.462521 -0.011877 -0.500000
-0.223347 0.090286 -0.500000
0.014421 0.078891 -0.500000
0.025028 -0.075923 -0.500000
0.043593 0.075759 -0.500000
0.373405 0.025463 -0.500000
-0.435057 0.054763 -0.500000
-0.403466 0.066152 -0.500000
0.462671 -0.011847 -0.500000
-0.031658 -0.080682 -0.500000
0.207342 0.053861 -0.500000
0.349708 -0.032462 -0.500000
0.000481 0.080289 -0.500000
-0.422063 0.059952 -0.500000
0.374058 -0.028265 -0.500000
0.403327 0.019710 -0.500000
0.440342 0.012305 -0.500000
-0.489601 0.007190 -0.500000
-0.184009 0.090690 -0.500000
-0.225446 -0.086870 -0.500000
-0.184635 0.090692 -0.500000
-0.244517 0.089546 -0.500000
-0.421856 0.060028 -0.500000
-0.236085 -0.086593 -0.500000
-0.439315 0.052866 -0.500000
-0.411718 -0.063527 -0.500000
0.227474 0.050732 -0.500000
0.319367 0.035350 -0.500000
-0.490139 -0.007437 -0.500000
0.343254 0.031058 -0.500000
0.138700 -0.063524 -0.500000
0.501699 -0.004001 -0.500000
-0.047384 0.084538 -0.500000
0.161023 0.060721 -0.500000
0.162795 -0.060470 -0.500000
-0.072256 0.086376 -0.500000
0.247227 -0.048740 -0.500000
0.100335 0.068943 -0.500000
-0.332848 0.081405 -0.500000
-0.429495 -0.057641 -0.500000
0.096783 0.069395 -0.500000
-0.346242 -0.077503 -0.500000
-0.128604 -0.086076 -0.500000
-0.237859 -0.086540 -0.500000
0.380984 0.024025 -0.500000
0.303528 0.038129 -0.500000
0.482901 -0.007830 -0.500000
0.361226 -0.030493 -0.500000
0.414925 0.017425 -0.500000
0.261818 -0.046558 -0.500000
-0.367128 0.075315 -0.500000
-0.217308 0.090425 -0.500000
-0.216204 0.090448 -0.500000
0.136665 -0.063775 -0.500000
0.092665 -0.068965 -0.500000
0.098802 -0.068270 -0.500000
-0.353201 -0.076428 -0.500000
-0.006417 0.080955 -0.500000
-0.095740 0.087848 -0.500000
-0.110425 0.088631 -0.500000
-0.465599 -0.039764 -0.500000
0.231796 -0.051000 -0.500000
-0.251209 0.089228 -0.500000
0.068059 0.072932 -0.500000
-0.406992 -0.064894 -0.500000
-0.363767 0.076006 -0.500000
-0.025137 -0.080189 -0.500000
0.073005 0.072339 -0.500000
0.153833 0.061741 -0.500000
0.449217 -0.014461 -0.500000
0.458617 -0.012640 -0.500000
0.382907 0.023658 -0.500000
0.179216 0.058084 -0.500000
0.255124 0.046292 -0.500000
-0.375003 0.073598 -0.500000
0.360458 -0.030625 -0.500000
0.251641 -0.048085 -0.500000
0.296488 0.039347 -0.500000
0.012489 0.079090 -0.500000
0.116144 -0.066256 -0.500000
-0.219159 -0.086995 -0.500000
-0.297909 0.085738 -0.500000
-0.400153 -0.066752 -0.500000
-0.451335 -0.048181 -0.500000
0.425342 -0.018990 -0.500000
-0.356559 0.077416 -0.500000
-0.488903 -0.012284 -0.500000
0.188106 -0.057118 -0.500000
-0.182002 -0.087198 -0.500000
0.194799 0.055766 -0.500000
-0.395452 -0.067947 -0.500000
-0.100425 0.088111 -0.500000
-0.009785 -0.078970 -0.500000
-0.453372 0.045710 -0.500000
0.299808 -0.040665 -0.500000
0.128457 0.065246 -0.500000
0.055779 0.074372 -0.500000
0.454227 0.009441 -0.500000
0.198239 0.055248 -0.500000
0.218759 -0.052869 -0.500000
-0.149339 0.090135 -0.500000
-0.377188 -0.072072 -0.500000
-0.301706 0.085343 -0.500000
0.164174 -0.060291 -0.500000
0.244790 0.047971 -0.500000
0.479617 -0.008490 -0.500000
-0.184504 -0.087214 -0.500000
0.174689 0.058747 -0.500000
0.186421 -0.057346 -0.500000
0.038735 0.076299 -0.500000
0.113783 0.067200 -0.500000
-0.140052 0.089854 -0.500000
-0.188191 -0.087224 -0.500000
-0.021061 0.082310 -0.500000
-0.139988 -0.086441 -0.500000
-0.011173 0.081404 -0.500000
-0.345236 -0.077651 -0.500000
-0.328025 -0.079970 -0.500000
-0.142050 0.089921 -0.500000
-0.213686 -0.087083 -0.500000
-0.436661 -0.054864 -0.500000
0.050405 0.074989 -0.500000
-0.171096 -0.087095 -0.500000
0.119821 0.066403 -0.500000
0.294412 0.039704 -0.500000
-0.298189 0.085710 -0.500000
0.327087 0.033976 -0.500000
-0.281210 0.087261 -0.500000
-0.424052 -0.059581 -0.500000
-0.474181 0.030892 -0.500000
0.382362 0.023762 -0.500000
-0.310553 0.084359 -0.500000
0.401863 0.019996 -0.500000
-0.403147 0.066249 -0.500000
-0.062625 0.085697 -0.500000
0.364913 0.027059 -0.500000
-0.449822 0.047667 -0.500000
-0.402184 -0.066214 -0.500000
-0.244002 -0.086332 -0.500000
0.252896 -0.047898 -0.500000
0.372982 -0.028453 -0.500000
0.043911 -0.074113 -0.500000
0.023459 0.077951 -0.500000
0.099245 -0.068219 -0.500000
0.403685 0.019640 -0.500000
-0.417730 -0.061677 -0.500000
0.442889 -0.015675 -0.500000
-0.207488 0.090593 -0.500000
-0.017995 -0.079633 -0.500000
0.471335 0.005846 -0.500000
0.008088 0.079534 -0.500000
-0.208607 0.090577 -0.500000
-0.095812 -0.084690 -0.500000
0.057432 -0.072753 -0.500000
0.160012 0.060865 -0.500000
0.435111 0.013371 -0.500000
0.354274 -0.031685 -0.500000
-0.318001 -0.081132 -0.500000
-0.345097 0.079462 -0.500000
-0.297446 -0.083135 -0.500000
-0.160221 0.090393 -0.500000
-0.299693 -0.082942 -0.500000
0.156510 -0.061280 -0.500000
0.261776 0.045199 -0.500000
0.315161 0.036093 -0.500000
-0.248955 -0.086140 -0.500000
0.186577 -0.057325 -0.500000
-0.392744 -0.068610 -0.500000
0.310932 -0.038882 -0.500000
-0.016791 0.081923 -0.500000
-0.352089 0.078243 -0.500000
0.407310 -0.022320 -0.500000
-0.105024 0.088358 -0.500000
-0.489961 0.005633 -0.500000
0.425224 0.015369 -0.500000
0.272222 -0.044974 -0.500000
0.253013 -0.047880 -0.500000
-0.016219 0.081871 -0.500000
-0.262972 0.088568 -0.500000
-0.321526 0.082993 -0.500000
-0.047156 -0.081793 -0.500000
0.332813 -0.035299 -0.500000
0.194323 0.055838 -0.500000
0.375372 0.025091 -0.500000
-0.066507 0.085975 -0.500000
0.211509 -0.053892 -0.500000
0.050934 0.074929 -0.500000
0.490842 -0.006224 -0.500000
0.331245 -0.035559 -0.500000
0.473402 0.005406 -0.500000
-0.218695 -0.087003 -0.500000
-0.056288 -0.082407 -0.500000
-0.455456 -0.045992 -0.500000
-0.490663 -0.000270 -0.500000
0.475358 -0.009340 -0.500000
-0.014510 -0.079354 -0.500000
-0.080716 0.086936 -0.500000
-0.428851 0.057344 -0.500000
0.305166 -0.039810 0.000000
0.136494 0.064152 0.000000
-0.185213 0.090694 0.000000
0.274208 0.043133 0.000000
-0.292316 0.086284 0.000000
0.397663 0.020814 0.000000
0.024089 0.077885 0.000000
-0.143664 0.089971 0.000000
-0.271263 -0.085031 0.000000
0.141403 -0.063188 0.000000
0.373536 0.025438 0.000000
0.306404 0.037628 0.000000
0.363075 0.027402 0.000000
-0.465860 -0.039585 0.000000
-0.402520 -0.066125 0.000000
-0.173699 0.090612 0.000000
0.372223 0.025686 0.000000
-0.048358 0.084615 0.000000
0.506863 -0.001867 0.000000
-0.424941 -0.059275 0.000000
0.426905 0.015031 0.000000
0.316428 -0.037992 0.000000
-0.055485 -0.082355 0.000000
-0.074746 0.086544 0.000000
-0.075388 -0.083589 0.000000
0.201395 -0.055301 0.000000
-0.049522 -0.081956 0.000000
0.123722 -0.065352 0.000000
0.260183 -0.046805 0.000000
-0.357963 0.077148 0.000000
-0.439652 0.052710 0.000000
0.463293 0.007545 0.000000
-0.423515 0.059412 0.000000
0.009064 0.079436 0.000000
-0.263632 -0.085461 0.000000
0.244114 -0.049200 0.000000
0.233228 0.049822 0.000000
-0.181983 -0.087197 0.000000
-0.080688 0.086934 0.000000
-0.006409 -0.078692 0.000000
-0.217498 -0.087025 0.000000
0.040470 -0.074452 0.000000
0.460429 0.008146 0.000000
0.135320 0.064313 0.000000
0.145178 0.062954 0.000000
-0.036439 0.083646 0.000000
-0.148498 0.090110 0.000000
0.490053 -0.006384 0.000000
-0.456408 0.043937 0.000000
-0.102872 -0.085030 0.000000
-0.061950 0.085647 0.000000
0.335400 0.032483 0.000000
0.012765 0.079062 0.000000
0.250811 0.046995 0.000000
-0.374605 0.073689 0.000000
0.339547 0.031732 0.000000
0.011372 0.079203 0.000000
-0.309100 0.084531 0.000000
0.258710 0.045704 0.000000
0.010954 -0.077202 0.000000
0.365360 0.026975 0.000000
-0.463945 -0.040878 0.000000
0.249553 -0.048396 0.000000
0.271362 -0.045106 0.000000
0.390119 -0.025425 0.000000
0.238199 0.049029 0.000000
0.229462 -0.051337 0.000000
0.230008 0.050332 0.000000
0.295674 -0.041321 0.000000
0.318883 -0.037592 0.000000
0.445623 0.011221 0.000000
0.031503 -0.075314 0.000000
-0.488527 0.010658 0.000000
0.072604 0.072387 0.000000
0.244610 0.048000 0.000000
0.378209 -0.027537 0.000000
0.290913 -0.042072 0.000000
0.161352 -0.060657 0.000000
-0.367893 -0.073889 0.000000
0.135390 0.064303 0.000000
-0.374119 -0.072692 0.000000
0.284596 -0.043061 0.000000
0.047607 0.075308 0.000000
-0.009380 0.081235 0.000000
-0.201031 0.090659 0.000000
-0.290936 0.086410 0.000000
-0.142046 0.089921 0.000000
-0.127436 0.089396 0.000000
-0.187154 -0.087221 0.000000
-0.092989 -0.084546 0.000000
0.382868 0.023665 0.000000
-0.268144 -0.085211 0.000000
0.293629 0.039839 0.000000
0.129311 0.065130 0.000000
-0.099040 -0.084846 0.000000
-0.142488 -0.086511 0.000000
-0.414272 0.062704 0.000000
-0.486574 0.015132 0.000000
-0.057770 -0.082503 0.000000
-0.056491 -0.082420 0.000000
0.118047 -0.066030 0.000000
0.459304 0.008382 0.000000
-0.407094 -0.064865 0.000000
0.441496 -0.015941 0.000000
0.213393 0.052930 0.000000
-0.212420 0.090520 0.000000
-0.090319 0.087533 0.000000
-0.168399 0.090538 0.000000
0.235094 0.049525 0.000000
0.182616 -0.057858 0.000000
0.318883 -0.037592 0.000000
-0.265327 0.088415 0.000000
-0.291324 -0.083639 0.000000
0.157028 0.061289 0.000000
0.327077 0.033978 0.000000
0.202231 0.054642 0.000000
-0.447609 0.048831 0.000000
-0.087408 -0.084256 0.000000
0.124584 0.065767 0.000000
0.485206 0.002875 0.000000
-0.056205 0.085221 0.000000
-0.177108 0.090643 0.000000
0.238150 -0.050075 0.000000
0.223297 -0.052222 0.000000
0.065081 -0.071959 0.000000
-0.479566 -0.027762 0.000000
0.399917 -0.023664 0.000000
-0.024243 -0.080121 0.000000
-0.182838 -0.087204 0.000000
-0.345691 0.079362 0.000000
0.221115 -0.052534 0.000000
-0.202318 0.090648 0.000000
0.337692 0.032068 0.000000
0.170667 -0.059444 0.000000
-0.047598 -0.081823 0.000000
0.070611 0.072626 0.000000
0.345884 -0.033110 0.000000
-0.119325 -0.085733 0.000000
-0.227041 0.090185 0.000000
0.332621 -0.035331 0.000000
-0.407979 -0.064617 0.000000
0.353837 0.029116 0.000000
0.434903 0.013413 0.000000
-0.417636 -0.061706 0.000000
-0.168592 0.090540 0.000000
-0.393360 0.069042 0.000000
-0.060039 -0.082649 0.000000
0.085698 -0.069740 0.000000
-0.455060 0.044736 0.000000
0.003858 0.079956 0.000000
-0.110640 0.088641 0.000000
0.472189 0.005664 0.000000
0.017927 0.078531 0.000000
-0.407543 0.064898 0.000000
0.116078 -0.066264 0.000000
0.267769 0.044207 0.000000
0.352686 -0.031956 0.000000
-0.270665 -0.085067 0.000000
-0.485888 -0.019051 0.000000
0.185385 0.057173 0.000000
0.031885 0.077049 0.000000
0.371758 0.025774 0.000000
0.481139 0.003751 0.000000
-0.031831 0.083256 0.000000
-0.396362 -0.067721 0.000000
-0.446166 -0.050712 0.000000
0.316572 -0.037968 0.000000
0.012113 0.079128 0.000000
0.058661 -0.072626 0.000000
0.049905 0.075046 0.000000
-0.197671 0.090686 0.000000
-0.490602 0.000957 0.000000
0.428996 0.014609 0.000000
-0.297845 -0.083101 0.000000
-0.330914 0.081689 0.000000
0.341597 0.031359 0.000000
0.062330 -0.072247 0.000000
-0.098321 -0.084811 0.000000
-0.215859 -0.087054 0.000000
-0.460560 -0.043029 0.000000
-0.322365 0.082881 0.000000
-0.488390 0.011030 0.000000
0.468530 0.006440 0.000000
-0.246417 -0.086239 0.000000
0.034984 0.076712 0.000000
-0.439348 -0.053749 0.000000
-0.339671 0.080353 0.000000
0.052281 0.074776 0.000000
0.072099 -0.071218 0.000000
0.005900 -0.077646 0.000000
0.471808 0.005745 0.000000
-0.413960 0.062810 0.000000
0.290007 -0.042214 0.000000
0.457921 -0.012775 0.000000
0.374742 0.025210 0.000000
-0.250043 -0.086097 0.000000
-0.387870 0.070495 0.000000
-0.326647 -0.080137 0.000000
0.050660 -0.073441 0.000000
-0.480449 0.024317 0.000000
0.080562 0.071420 0.000000
0.372248 0.025681 0.000000
-0.408167 -0.064564 0.000000
0.097675 0.069282 0.000000
0.277860 -0.044107 0.000000
-0.153330 -0.086787 0.000000
-0.389772 0.069998 0.000000
-0.167192 -0.087042 0.000000
-0.457170 0.043478 0.000000
-0.216405 -0.087044 0.000000
-0.274881 0.087754 0.000000
0.085605 -0.069750 0.000000
0.508265 -0.002640 0.000000
0.077245 -0.070665 0.000000
-0.441975 -0.052617 0.000000
0.296620 0.039324 0.000000
0.091056 -0.069144 0.000000
-0.486128 0.015985 0.000000
0.298682 0.038968 0.000000
0.124660 0.065757 0.000000
-0.206583 -0.087166 0.000000
-0.025614 -0.080225 0.000000
-0.430789 0.056559 0.000000
0.031152 -0.075348 0.000000
0.154848 0.061598 0.000000
0.309563 -0.039103 0.000000
0.130534 0.064964 0.000000
0.356282 -0.031342 0.000000
-0.421347 -0.060497 0.000000
-0.485450 -0.019811 0.000000
0.168891 -0.059676 0.000000
-0.324628 -0.080381 0.000000
-0.295162 -0.083328 0.000000
0.126335 0.065531 0.000000
0.139612 -0.063411 0.000000
-0.048678 0.084640 0.000000
0.290150 0.040435 0.000000
-0.249424 -0.086121 0.000000
-0.399947 -0.066806 0.000000
-0.482740 0.021365 0.000000
-0.330327 -0.079685 0.000000
-0.122476 0.089188 0.000000
0.482497 -0.007911 0.000000
0.156470 0.061369 0.000000
0.043369 0.075784 0.000000
0.390638 -0.025332 0.000000
-0.032895 -0.080773 0.000000
0.176890 -0.058621 0.000000
0.502305 -0.003876 0.000000
0.273092 0.043320 0.000000
-0.097028 -0.084749 0.000000
0.204568 0.054286 0.000000
-0.407490 0.064914 0.000000
0.473605 0.005363 0.000000
0.341852 0.031313 0.000000
0.057500 0.074174 0.000000
-0.399093 -0.067025 0.000000
0.181098 -0.058061 0.000000
-0.412874 -0.063182 0.000000
0.503796 -0.003567 0.000000
-0.090302 -0.084408 0.000000
-0.224576 0.090252 0.000000
-0.417254 0.061679 0.000000
0.299038 0.038907 0.000000
-0.452329 0.046296 0.000000
0.104772 0.068374 0.000000
-0.151897 -0.086752 0.000000
-0.295066 0.086018 0.000000
-0.208628 0.090576 0.000000
0.054492 0.074521 0.000000
-0.361167 -0.075099 0.000000
-0.342030 -0.078117 0.000000
0.270632 0.043731 0.000000
0.109912 0.067707 0.000000
0.192586 -0.056510 0.000000
0.234411 0.049633 0.000000
-0.443339 0.050969 0.000000
-0.426538 0.058256 0.000000
-0.377458 0.073036 0.000000
-0.065896 0.085932 0.000000
0.175166 0.058677 0.000000
0.336570 0.032271 0.000000
0.360255 -0.030660 0.000000
-0.124847 0.089287 0.000000
0.364297 -0.029963 0.000000
-0.151306 0.090188 0.000000
0.343455 -0.033519 0.000000
-0.169349 -0.087074 0.000000
0.115691 0.066949 0.000000
0.438647 -0.016483 0.000000
-0.077437 -0.083705 0.000000
-0.148582 -0.086672 0.000000
-0.393381 0.069037 0.000000
0.266893 0.044353 0.000000
-0.490554 -0.004296 0.000000
0.363049 0.027407 0.000000
-0.336813 0.080802 0.000000
-0.120635 -0.085784 0.000000
-0.101165 0.088150 0.000000
0.292649 0.040007 0.000000
-0.363590 0.076043 0.000000
0.445115 -0.015249 0.000000
0.168346 0.059668 0.000000
-0.363361 0.076090 0.000000
-0.038406 0.083810 0.000000
0.073817 -0.071033 0.000000
-0.490663 -0.002425 0.000000
-0.295654 -0.083287 0.000000
0.283027 0.041647 0.000000
0.131476 0.064836 0.000000
0.489705 0.001900 0.000000
-0.110109 -0.085355 0.000000
0.196484 0.055512 0.000000
0.061728 -0.072310 0.000000
-0.286876 0.086780 0.000000
-0.146544 -0.086623 0.000000
0.085853 -0.069723 0.000000
0.503972 -0.001227 0.000000
0.221943 -0.052415 0.000000
0.473086 -0.009793 0.000000
-0.178838 -0.087175 0.000000
-0.413414 0.062995 0.000000
-0.109770 0.088598 0.000000
-0.181186 -0.087192 0.000000
0.197175 0.055408 0.000000
0.352703 0.029326 0.000000
0.241629 -0.049566 0.000000
-0.406635 0.065181 0.000000
-0.122665 -0.085862 0.000000
-0.171127 0.090576 0.000000
0.300727 -0.040519 0.000000
0.234390 0.049637 0.000000
0.076474 0.071919 0.000000
0.194690 -0.056223 0.000000
-0.199101 -0.087217 0.000000
0.445922 0.011160 0.000000
0.050892 0.074934 0.000000
-0.212903 0.090512 0.000000
-0.099536 -0.084869 0.000000
-0.361283 -0.075078 0.000000
-0.016383 0.081886 0.000000
-0.219225 0.090385 0.000000
-0.228208 0.090153 0.000000
0.235848 0.049405 0.000000
-0.318143 0.083432 0.000000
-0.019900 0.082206 0.000000
0.235139 0.049518 0.000000
0.420237 0.016367 0.000000
0.311168 -0.038844 0.000000
-0.482148 0.022167 0.000000
-0.381640 0.072046 0.000000
-0.129959 0.089493 0.000000
0.380727 0.024074 0.000000
0.297209 0.039223 0.000000
-0.109314 0.088575 0.000000
-0.211805 0.090529 0.000000
-0.133617 -0.086244 0.000000
0.174776 0.058734 0.000000
0.303771 -0.040033 0.000000
0.054724 0.074494 0.000000
0.379355 -0.027335 0.000000
-0.031398 -0.080662 0.000000
-0.226513 -0.086845 0.000000
0.103417 -0.067742 0.000000
-0.370220 0.074655 0.000000
-0.066944 0.086005 0.000000
-0.290113 0.086486 0.000000
-0.179154 0.090660 0.000000
0.244827 -0.049095 0.000000
-0.423693 0.059345 0.000000
-0.303684 -0.082580 0.000000
0.092812 -0.068948 0.000000
-0.349295 0.078739 0.000000
0.288060 -0.042520 0.000000
-0.222641 0.090305 0.000000
-0.004897 0.080810 0.000000
-0.012110 -0.079161 0.000000
0.383412 0.023561 0.000000
-0.421939 -0.060299 0.000000
-0.440504 -0.053258 0.000000
-0.353689 0.077950 0.000000
0.119137 -0.065900 0.000000
0.336389 0.032304 0.000000
0.170312 0.059384 0.000000
-0.467004 0.036853 0.000000
-0.226747 0.090193 0.000000
-0.111388 -0.085408 0.000000
0.162666 -0.060487 0.000000
0.405059 0.019371 0.000000
0.119597 0.066432 0.000000
0.091452 0.070069 0.000000
0.368728 -0.029195 0.000000
0.014409 0.078892 0.000000
-0.087764 0.087378 0.000000
-0.323458 -0.080516 0.000000
-0.449470 -0.049120 0.000000
-0.224736 -0.086886 0.000000
0.241265 -0.049619 0.000000
0.010413 -0.077249 0.000000
0.394424 0.021443 0.000000
0.026934 -0.075745 0.000000
-0.404513 -0.065583 0.000000
0.106353 0.068169 0.000000
0.064008 -0.072072 0.000000
0.083768 0.071026 0.000000
-0.474378 -0.032919 0.000000
-0.083467 0.087113 0.000000
0.248286 -0.048583 0.000000
0.447309 0.010874 0.000000
-0.438675 0.053158 0.000000
-0.326772 -0.080122 0.000000
-0.084505 -0.084100 0.000000
0.056216 0.074322 0.000000
0.301948 0.038403 0.000000
-0.237212 0.089847 0.000000
-0.428326 0.057553 0.000000
-0.355276 -0.076094 0.000000
-0.341600 -0.078177 0.000000
0.174903 -0.058885 0.000000
0.490820 0.001658 0.000000
0.026106 -0.075822 0.000000
-0.154240 -0.086806 0.000000
-0.166676 0.090513 0.000000
0.125457 -0.065143 0.000000
-0.276855 -0.084684 0.000000
0.271155 -0.045138 0.000000
-0.400988 0.066888 0.000000
-0.117435 0.088964 0.000000
0.278032 0.042490 0.000000
0.302380 0.038328 0.000000
-0.230264 -0.086759 0.000000
-0.357581 -0.075710 0.000000
0.224666 -0.052026 0.000000
0.098777 -0.068273 0.000000
0.093210 0.069848 0.000000
-0.221006 -0.086962 0.000000
0.271573 0.043573 0.000000
-0.364371 -0.074533 0.000000
-0.148646 -0.086673 0.000000
0.104619 -0.067603 0.000000
-0.133713 0.089635 0.000000
-0.325109 -0.080324 0.000000
-0.336631 -0.078863 0.000000
-0.425002 -0.059254 0.000000
0.184835 -0.057559 0.000000
-0.049642 0.084717 0.000000
-0.453286 -0.047165 0.000000
0.032248 -0.075243 0.000000
0.071870 0.072475 0.000000
0.115128 0.067023 0.000000
-0.129202 0.089465 0.000000
-0.034875 -0.080919 0.000000
0.055680 -0.072932 0.000000
0.130819 0.064926 0.000000
-0.398685 0.067556 0.000000
-0.284677 0.086967 0.000000
-0.388149 0.070422 0.000000
-0.084539 -0.084101 0.000000
0.048943 0.075156 0.000000
0.395100 -0.024532 0.000000
-0.461073 -0.042712 0.000000
-0.166764 -0.087035 0.000000
0.107428 -0.067278 0.000000
0.145668 0.062885 0.000000
0.322272 -0.037038 0.000000
-0.342804 -0.078008 0.000000
0.085039 0.070869 0.000000
-0.258709 0.088820 0.000000
-0.484841 -0.020811 0.000000
-0.109141 0.088567 0.000000
0.470300 -0.010345 0.000000
0.463411 0.007520 0.000000
0.271631 -0.045065 0.000000
0.284265 0.041437 0.000000
0.488368 -0.006726 0.000000
-0.329020 0.081966 0.000000
-0.343349 0.079756 0.000000
-0.263859 -0.085449 0.000000
-0.381167 -0.071241 0.000000
-0.432891 0.055686 0.000000
-0.385923 -0.070197 0.000000
-0.191242 0.090705 0.000000
0.303865 0.038070 0.000000
0.335750 0.032419 0.000000
0.300906 -0.040490 0.000000
-0.293129 -0.083497 0.000000
0.120546 0.066306 0.000000
-0.175106 -0.087142 0.000000
-0.229996 -0.086765 0.000000
0.469560 0.006222 0.000000
-0.131384 -0.086173 0.000000
-0.486287 -0.018325 0.000000
-0.474667 0.030440 0.000000
-0.120445 -0.085776 0.000000
0.442207 0.011923 0.000000
0.083875 -0.069941 0.000000
-0.333699 -0.079254 0.000000
0.098509 -0.068304 0.000000
-0.132060 -0.086195 0.000000
0.423554 0.015704 0.000000
0.476396 -0.009134 0.000000
0.298167 0.039057 0.000000
0.125342 -0.065157 0.000000
-0.104768 0.088344 0.000000
-0.055278 0.085150 0.000000
0.331474 -0.035521 0.000000
-0.157250 0.090331 0.000000
0.391319 0.022043 0.000000
-0.342267 -0.078083 0.000000
-0.096579 0.087896 0.000000
0.090604 0.070175 0.000000
0.472931 -0.009823 0.000000
-0.090676 -0.084428 0.000000
-0.199311 0.090675 0.000000
0.310520 0.036909 0.000000
-0.245624 0.089495 0.000000
0.083034 0.071116 0.000000
-0.432854 0.055702 0.000000
0.174234 -0.058973 0.000000
-0.470785 0.033868 0.000000
-0.237741 0.089826 0.000000
0.298412 0.039015 0.000000
-0.051392 -0.082081 0.000000
-0.404888 0.065721 0.000000
-0.261319 0.088667 0.000000
-0.323320 0.082755 0.000000
-0.100708 0.088126 0.000000
-0.038591 0.083825 0.000000
0.327589 -0.036164 0.000000
0.228254 -0.051511 0.000000
0.088102 0.070488 0.000000
-0.440806 0.052177 0.000000
-0.164294 0.090471 0.000000
-0.389865 -0.069294 0.000000
-0.327619 -0.080019 0.000000
0.362420 0.027524 0.000000
-0.231138 -0.086734 0.000000
-0.359430 -0.075400 0.000000
-0.334971 0.081085 0.000000
0.412353 -0.021397 0.000000
0.114776 -0.066417 0.000000
0.059023 -0.072589 0.000000
-0.170309 0.090564 0.000000
-0.044548 -0.081612 0.000000
0.363917 -0.030029 0.000000
-0.248340 0.089370 0.000000
-0.414892 -0.062566 0.000000
0.126149 0.065556 0.000000
0.121751 0.066145 0.000000
0.202528 0.054597 0.000000
0.451512 0.010005 0.000000
0.505183 -0.003280 0.000000
-0.053398 0.085007 0.000000
0.332154 0.033067 0.000000
-0.310998 -0.081871 0.000000
-0.482061 0.022283 0.000000
-0.039184 -0.081232 0.000000
0.431656 0.014072 0.000000
0.492325 0.001330 0.000000
-0.021746 0.082371 0.000000
0.054377 -0.073064 0.000000
0.285759 0.041183 0.000000
-0.097225 -0.084758 0.000000
0.077570 -0.070630 0.000000
0.212533 0.053063 0.000000
0.191526 -0.056654 0.000000
0.000095 -0.078146 0.000000
0.146136 0.062820 0.000000
0.254579 0.046381 0.000000
0.306380 0.037633 0.000000
-0.234070 -0.086651 0.000000
0.116691 0.066817 0.000000
-0.458782 0.042482 0.000000
0.328570 0.033711 0.000000
-0.085431 0.087236 0.000000
0.066807 -0.071778 0.000000
0.474858 -0.009440 0.000000
-0.039949 -0.081286 0.000000
0.218737 -0.052872 0.000000
-0.230782 0.090070 0.000000
0.171180 0.059258 0.000000
-0.274527 0.087779 0.000000
-0.415821 -0.062280 0.000000
-0.006561 -0.078705 0.000000
-0.213150 -0.087090 0.000000
0.169807 0.059457 0.000000
0.342966 0.031110 0.000000
0.179966 -0.058212 0.000000
-0.312754 -0.081690 0.000000
0.402030 0.019963 0.000000
-0.323555 -0.080505 0.000000
-0.287371 0.086737 0.000000
0.051400 -0.073367 0.000000
-0.082486 0.087050 0.000000
-0.189958 -0.087228 0.000000
-0.447652 0.048809 0.000000
0.136065 0.064211 0.000000
0.072644 -0.071160 0.000000
0.281767 0.041860 0.000000
-0.480308 0.024487 0.000000
-0.080328 0.086911 0.000000
0.163215 0.060407 0.000000
0.482227 -0.007966 0.000000
0.067992 0.072939 0.000000
0.501025 -0.004139 0.000000
0.329919 -0.035779 0.000000
-0.242617 0.089632 0.000000
0.039649 0.076199 0.000000
-0.197828 0.090686 0.000000
-0.311996 0.084188 0.000000
0.379479 0.024311 0.000000
-0.298344 0.085695 0.000000
-0.477791 0.027322 0.000000
0.454836 -0.013375 0.000000
0.482321 -0.007947 0.000000
-0.444123 0.050588 0.000000
-0.293838 -0.083441 0.000000
0.289729 0.040506 0.000000
-0.401613 0.066704 0.000000
0.191348 -0.056679 0.000000
0.283082 -0.043297 0.000000
0.502602 -0.000924 0.000000
0.234738 0.049581 0.000000
0.406152 0.019156 0.000000
-0.102519 -0.085013 0.000000
0.430792 -0.017968 0.000000
0.219262 0.052019 0.000000
0.239850 0.048765 0.000000
-0.072866 0.086417 0.000000
-0.243624 0.089587 0.000000
0.390520 -0.025353 0.000000
-0.196179 0.090691 0.000000
-0.176514 0.090637 0.000000
0.006121 -0.077627 0.000000
0.158205 0.061122 0.000000
-0.135191 -0.086294 0.000000
0.449544 0.010412 0.000000
-0.187631 -0.087222 0.000000
0.090545 -0.069202 0.000000
0.236708 0.049268 0.000000
0.232986 -0.050827 0.000000
0.155868 -0.061362 0.000000
-0.414159 0.062742 0.000000
0.220230 -0.052660 0.000000
0.282192 0.041788 0.000000
-0.462348 -0.041913 0.000000
0.195206 -0.056152 0.000000
-0.320171 0.083172 0.000000
0.090430 -0.069214 0.000000
0.390703 -0.025321 0.000000
0.062666 0.073570 0.000000
-0.315456 -0.081410 0.000000
0.299104 -0.040777 0.000000
-0.002707 -0.078382 0.000000
0.492773 0.001233 0.000000
-0.045766 -0.081696 0.000000
-0.216019 0.090452 0.000000
-0.228459 -0.086800 0.000000
0.364272 0.027179 0.000000
0.480269 0.003938 0.000000
0.403587 -0.022998 0.000000
0.241305 0.048531 0.000000
0.440799 0.012211 0.000000
-0.116381 0.088915 0.000000
-0.308721 -0.082098 0.000000
-0.224338 0.090259 0.000000
0.087944 -0.069492 0.000000
0.231838 -0.050994 0.000000
-0.490581 0.001247 0.000000
0.055876 -0.072912 0.000000
0.044984 0.075603 0.000000
0.322868 -0.036940 0.000000
0.349607 -0.032479 0.000000
-0.342189 -0.078094 0.000000
-0.166380 0.090509 0.000000
-0.475412 0.029730 0.000000
0.215007 -0.053400 0.000000
-0.413156 0.063080 0.000000
0.181295 0.057778 0.000000
0.063174 -0.072159 0.000000
0.031989 -0.075268 0.000000
0.192492 -0.056523 0.000000
-0.066622 0.085983 0.000000
-0.252897 0.089140 0.000000
0.045152 -0.073991 0.000000
-0.005808 0.080898 0.000000
0.313494 0.036386 0.000000
-0.097747 -0.084783 0.000000
-0.085083 -0.084131 0.000000
0.122824 -0.065460 0.000000
-0.463777 -0.040990 0.000000
-0.123467 -0.085893 0.000000
0.490504 0.001727 0.000000
-0.479708 -0.027604 0.000000
0.344823 -0.033289 0.000000
0.031985 -0.075269 0.000000
-0.114847 0.088845 0.000000
0.363045 -0.030179 0.000000
0.175638 -0.058787 0.000000
-0.295525 -0.083298 0.000000
0.428625 0.014684 0.000000
0.241360 0.048523 0.000000
-0.127603 -0.086041 0.000000
0.165738 0.060045 0.000000
-0.385195 0.071172 0.000000
-0.393784 0.068928 0.000000
-0.151595 0.090195 0.000000
-0.295028 0.086021 0.000000
0.277641 -0.044140 0.000000
0.391233 0.022060 0.000000
-0.116010 -0.085602 0.000000
-0.257758 0.088876 0.000000
-0.143154 -0.086530 0.000000
-0.123147 0.089216 0.000000
-0.389136 0.070165 0.000000
-0.324503 0.082597 0.000000
-0.296582 -0.083208 0.000000
-0.388202 -0.069681 0.000000
-0.480372 -0.026846 0.000000
0.411923 0.018019 0.000000
-0.355770 -0.076014 0.000000
0.332356 -0.035375 0.000000
0.117463 -0.066100 0.000000
-0.473948 -0.033300 0.000000
0.271883 -0.045026 0.000000
0.203104 0.054509 0.000000
0.371063 -0.028788 0.000000
0.405155 0.019352 0.000000
0.282989 -0.043311 0.000000
0.335110 0.032535 0.000000
-0.292978 -0.083509 0.000000
0.050025 0.075033 0.000000
0.410204 -0.021791 0.000000
-0.096292 -0.084713 0.000000
-0.479273 0.025694 0.000000
0.479566 -0.008500 0.000000
-0.271678 -0.085005 0.000000
0.322684 -0.036970 0.000000
-0.271189 -0.085035 0.000000
-0.340130 -0.078384 0.000000
-0.454072 -0.046746 0.000000
0.371038 -0.028793 0.000000
-0.374815 0.073641 0.000000
0.163906 -0.060326 0.000000
-0.345696 -0.077584 0.000000
-0.398375 0.067645 0.000000
0.200942 0.054838 0.000000
0.076569 -0.070737 0.000000
-0.478940 0.026069 0.000000
-0.379627 0.072526 0.000000
0.346329 0.030496 0.000000
-0.079925 -0.083846 0.000000
0.107717 0.067992 0.000000
-0.195177 0.090694 0.000000
0.354449 -0.031655 0.000000
-0.334777 -0.079113 0.000000
0.288605 -0.042434 0.000000
-0.020547 0.082264 0.000000
-0.451789 0.046598 0.000000
-0.110538 -0.085373 0.000000
0.127291 -0.064921 0.000000
-0.148705 0.090116 0.000000
0.095174 0.069600 0.000000
0.111793 0.067461 0.000000
-0.124071 0.089255 0.000000
0.069054 -0.071541 0.000000
0.293235 0.039906 0.000000
0.117282 -0.066121 0.000000
-0.416278 0.062019 0.000000
-0.429246 -0.057734 0.000000
-0.166172 -0.087026 0.000000
0.207001 -0.054523 0.000000
0.289664 0.040518 0.000000
-0.214508 0.090484 0.000000
0.459824 0.008273 0.000000
-0.481480 -0.025513 0.000000
0.149438 0.062359 0.000000
0.128391 0.065255 0.000000
0.278972 0.042332 0.000000
-0.065189 -0.082974 0.000000
-0.166359 0.090509 0.000000
0.026297 -0.075805 0.000000
0.467766 0.006602 0.000000
-0.290827 0.086420 0.000000
-0.107456 -0.085236 0.000000
-0.490667 -0.000430 0.000000
-0.371728 0.074326 0.000000
0.338649 0.031895 0.000000
0.246137 0.047753 0.000000
0.211719 -0.053863 0.000000
0.393275 -0.024860 0.000000
0.406720 -0.022428 0.000000
-0.154408 0.090263 0.000000
-0.336486 -0.078883 0.000000
0.295081 0.039589 0.000000
0.149491 -0.062173 0.000000
0.081851 -0.070163 0.000000
0.080016 -0.070363 0.000000
0.300327 0.038684 0.000000
-0.204030 -0.087185 0.000000
-0.155874 -0.086839 0.000000
0.273505 -0.044777 0.000000
-0.413340 -0.063042 0.000000
-0.480580 0.024158 0.000000
0.051476 0.074867 0.000000
0.126987 -0.064958 0.000000
-0.308948 0.084548 0.000000
-0.208987 -0.087142 0.000000
-0.293147 0.086206 0.000000
0.056905 0.074242 0.000000
0.213733 0.052878 0.000000
0.451898 -0.013944 0.000000
-0.443173 0.051049 0.000000
-0.257694 0.088880 0.000000
-0.385125 -0.070377 0.000000
0.327897 0.033831 0.000000
-0.102466 0.088220 0.000000
0.109497 0.067761 0.000000
-0.051884 0.084891 0.000000
0.326448 -0.036352 0.000000
-0.017431 0.081982 0.000000
-0.139951 -0.086440 0.000000
0.301190 0.038535 0.000000
-0.091834 0.087624 0.000000
0.388222 -0.025763 0.000000
-0.293956 0.086127 0.000000
0.385605 0.023142 0.000000
-0.296517 0.085875 0.000000
0.362501 0.027509 0.000000
-0.057299 -0.082472 0.000000
-0.086308 -0.084197 0.000000
0.484265 -0.007556 0.000000
0.487828 0.002308 0.000000
0.044165 0.075695 0.000000
0.102611 -0.067835 0.000000
-0.006673 0.080979 0.000000
-0.402482 -0.066135 0.000000
0.363954 0.027238 0.000000
0.059634 -0.072526 0.000000
-0.222642 -0.086933 0.000000
0.190200 -0.056835 0.000000
0.413982 -0.021097 0.000000
0.066952 0.073063 0.000000
-0.468165 0.035967 0.000000
-0.254787 -0.085890 0.000000
-0.058867 0.085420 0.000000
0.359985 0.027978 0.000000
-0.171058 -0.087094 0.000000
0.313527 -0.038462 0.000000
-0.475373 -0.032015 0.000000
-0.123340 -0.085888 0.000000
0.482940 -0.007822 0.000000
-0.086937 -0.084231 0.000000
0.324095 0.034510 0.000000
0.374287 -0.028225 0.000000
-0.386191 -0.070137 0.000000
0.466464 -0.011102 0.000000
0.136707 -0.063770 0.000000
-0.301222 0.085394 0.000000
0.484549 -0.007498 0.000000
-0.200130 -0.087214 0.000000
0.096995 -0.068476 0.000000
-0.254936 0.089033 0.000000
-0.238486 -0.086519 0.000000
0.250343 0.047072 0.000000
-0.319870 -0.080928 0.000000
-0.443723 0.050782 0.000000
-0.425558 0.058636 0.000000
0.071356 -0.071296 0.000000
-0.412629 -0.063255 0.000000
0.435326 -0.017113 0.000000
0.391523 0.022004 0.000000
0.217841 -0.052999 0.000000
-0.329608 0.081881 0.000000
-0.409731 0.064201 0.000000
-0.305160 0.084972 0.000000
-0.319914 0.083207 0.000000
0.433861 -0.017390 0.000000
0.417326 -0.020480 0.000000
0.220028 0.051900 0.000000
0.210127 0.053434 0.000000
0.118581 0.066567 0.000000
-0.305361 0.084949 0.000000
0.479007 0.004209 0.000000
0.497259 -0.004914 0.000000
-0.153554 0.090242 0.000000
-0.369207 0.074871 0.000000
-0.086382 0.087294 0.000000
0.022825 0.078017 0.000000
-0.319997 -0.080914 0.000000
-0.414720 -0.062619 0.000000
0.301723 -0.040360 0.000000
0.313229 -0.038511 0.000000
-0.308253 -0.082143 0.000000
-0.014708 -0.079369 0.000000
-0.103707 -0.085067 0.000000
-0.475771 -0.031641 0.000000
-0.308631 -0.082107 0.000000
0.085294 0.070837 0.000000
-0.148015 0.090097 0.000000
0.275588 -0.044457 0.000000
0.465624 -0.011268 0.000000
-0.267783 0.088254 0.000000
-0.481747 0.022693 0.000000
-0.370739 -0.073353 0.000000
0.352172 -0.032043 0.000000
-0.227922 -0.086813 0.000000
0.196498 -0.055975 0.000000
0.014723 0.078860 0.000000
0.336721 -0.034648 0.000000
0.506424 -0.003023 0.000000
0.489985 -0.006398 0.000000
-0.477179 0.027963 0.000000
-0.081544 0.086989 0.000000
-0.348633 -0.077143 0.000000
-0.077150 -0.083689 0.000000
-0.448940 -0.049382 0.000000
-0.028988 0.083010 0.000000
0.018181 0.078504 0.000000
-0.424070 0.059202 0.000000
0.159691 0.060910 0.000000
0.049109 0.075137 0.000000
0.400195 0.020322 0.000000
0.241053 0.048572 0.000000
-0.173446 0.090608 0.000000
0.035374 -0.074945 0.000000
-0.107327 -0.085231 0.000000
0.340715 -0.033980 0.000000
-0.274789 -0.084814 0.000000
0.459321 0.008378 0.000000
0.447574 -0.014777 0.000000
0.020669 -0.076325 0.000000
-0.051335 -0.082077 0.000000
0.343590 -0.033497 0.000000
-0.316009 -0.081349 0.000000
-0.474358 -0.032936 0.000000
0.056146 -0.072885 0.000000
-0.462113 -0.042061 0.000000
-0.473109 -0.034027 0.000000
0.159201 0.060980 0.000000
0.488868 -0.006625 0.000000
0.405651 -0.022623 0.000000
0.089031 0.070372 0.000000
0.346674 0.030433 0.000000
0.389485 0.022396 0.000000
-0.003684 0.080692 0.000000
-0.274039 -0.084860 0.000000
-0.066536 -0.083057 0.000000
0.282679 -0.043359 0.000000
0.501724 -0.003995 0.000000
0.466487 0.006872 0.000000
-0.243341 -0.086355 0.000000
-0.343797 0.079681 0.000000
0.079614 -0.070407 0.000000
-0.083558 -0.084048 0.000000
0.147306 0.062658 0.000000
0.239377 0.048841 0.000000
0.304923 0.037886 0.000000
0.414277 0.017553 0.000000
0.336531 0.032278 0.000000
-0.002437 0.080572 0.000000
-0.449641 -0.049035 0.000000
0.102385 -0.067861 0.000000
-0.010264 -0.079010 0.000000
-0.457617 -0.044774 0.000000
-0.182540 0.090686 0.000000
-0.103460 0.088274 0.000000
0.370248 0.026058 0.000000
-0.070824 -0.083318 0.000000
0.200904 -0.055369 0.000000
-0.122408 0.089185 0.000000
-0.247180 -0.086209 0.000000
-0.199752 -0.087215 0.000000
0.354893 -0.031580 0.000000
-0.475958 0.029197 0.000000
-0.367074 0.075326 0.000000
-0.477506 -0.029948 0.000000
-0.277584 -0.084635 0.000000
0.221742 -0.052444 0.000000
0.081769 0.071272 0.000000
0.503651 -0.003597 0.000000
-0.367952 -0.073878 0.000000
-0.021089 -0.079875 0.000000
-0.049623 -0.081962 0.000000
-0.435059 0.054762 0.000000
0.195771 -0.056075 0.000000
0.322323 0.034826 0.000000
-0.400138 0.067139 0.000000
-0.159874 -0.086920 0.000000
-0.271566 0.087992 0.000000
0.197902 -0.055783 0.000000
0.284361 0.041421 0.000000
0.205747 0.054106 0.000000
-0.250353 -0.086085 0.000000
0.479717 0.004057 0.000000
-0.395856 -0.067847 0.000000
0.232887 0.049876 0.000000
0.182101 0.057659 0.000000
0.158740 0.061046 0.000000
-0.171999 0.090588 0.000000
-0.026931 -0.080325 0.000000
0.356826 -0.031249 0.000000
-0.009091 0.081208 0.000000
0.383521 -0.026599 0.000000
0.444596 0.011432 0.000000
0.281040 -0.043614 0.000000
0.249243 -0.048442 0.000000
0.216732 0.052413 0.000000
0.188982 -0.057000 0.000000
0.025322 -0.075896 0.000000
0.357154 0.028503 0.000000
0.355219 0.028861 0.000000
0.333130 -0.035246 0.000000
-0.095026 0.087807 0.000000
0.297563 0.039162 0.000000
-0.399299 0.067380 0.000000
0.305781 -0.039711 0.000000
0.067253 0.073027 0.000000
-0.193245 0.090699 0.000000
0.454087 -0.013520 0.000000
0.115479 -0.066334 0.000000
-0.325987 0.082390 0.000000
0.000658 -0.078098 0.000000
-0.381726 0.072025 0.000000
-0.080920 0.086949 0.000000
0.114163 -0.066490 0.000000
0.326564 0.034070 0.000000
0.263389 0.044933 0.000000
-0.352582 -0.076527 0.000000
-0.098128 0.087985 0.000000
-0.429430 0.057113 0.000000
0.194473 0.055816 0.000000
0.268545 0.044078 0.000000
-0.450207 -0.048754 0.000000
0.251088 -0.048167 0.000000
0.351727 0.029505 0.000000
0.356446 0.028634 0.000000
-0.311355 -0.081834 0.000000
0.201292 0.054785 0.000000
-0.485421 -0.019859 0.000000
-0.045825 -0.081700 0.000000
-0.126574 0.089360 0.000000
0.401786 -0.023325 0.000000
0.251010 0.046963 0.000000
-0.386853 0.070752 0.000000
-0.286423 0.086819 0.000000
0.376439 -0.027848 0.000000
-0.343873 -0.077852 0.000000
0.257592 -0.047194 0.000000
-0.346409 -0.077479 0.000000
0.049485 0.075094 0.000000
0.187118 -0.057252 0.000000
-0.380993 0.072202 0.000000
0.386495 -0.026071 0.000000
0.341628 0.031354 0.000000
-0.211119 0.090539 0.000000
0.333274 -0.035222 0.000000
0.497080 0.000291 0.000000
0.210565 -0.054025 0.000000
-0.356334 0.077459 0.000000
-0.401729 -0.066334 0.000000
0.377583 0.024672 0.000000
0.175272 -0.058836 0.000000
-0.068061 0.086084 0.000000
0.433984 0.013600 0.000000
0.067018 0.073055 0.000000
-0.134873 -0.086284 0.000000
0.506262 -0.001734 0.000000
-0.151420 -0.086741 0.000000
-0.091001 0.087575 0.000000
0.074256 -0.070986 0.000000
-0.163111 -0.086977 0.000000
0.238937 0.048911 0.000000
-0.368596 -0.073757 0.000000
-0.443990 -0.051718 0.000000
0.123488 0.065913 0.000000
0.450184 -0.014275 0.000000
0.163329 -0.060401 0.000000
0.125452 -0.065144 0.000000
0.488421 -0.006715 0.000000
0.498074 -0.004746 0.000000
-0.124330 -0.085925 0.000000
0.080455 -0.070315 0.000000
-0.406258 -0.065101 0.000000
0.272603 -0.044916 0.000000
0.123779 0.065875 0.000000
-0.290849 -0.083677 0.000000
-0.146788 0.090061 0.000000
-0.106863 0.088453 0.000000
0.391812 0.021948 0.000000
0.133139 0.064611 0.000000
0.069709 0.072734 0.000000
-0.094093 -0.084602 0.000000
0.234996 0.049540 0.000000
0.357167 0.028501 0.000000
0.061567 -0.072326 0.000000
-0.472091 -0.034883 0.000000
-0.025763 -0.080236 0.000000
-0.304691 -0.082488 0.000000
-0.409135 0.064393 0.000000
0.171612 -0.059319 0.000000
-0.431948 -0.056720 0.000000
-0.231179 -0.086733 0.000000
-0.353636 0.077959 0.000000
0.329866 -0.035787 0.000000
0.000667 0.080271 0.000000
0.048625 0.075192 0.000000
-0.213050 0.090510 0.000000
-0.093705 0.087732 0.000000
0.267193 -0.045742 0.000000
-0.176620 -0.087158 0.000000
-0.339682 0.080351 0.000000
-0.133289 -0.086234 0.000000
-0.192562 -0.087232 0.000000
-0.130218 -0.086133 0.000000
-0.490209 -0.007034 0.000000
-0.153104 -0.086781 0.000000
0.045725 0.075520 0.000000
-0.034543 -0.080895 0.000000
-0.433059 -0.056294 0.000000
-0.091817 0.087623 0.000000
0.491330 0.001547 0.000000
-0.060597 0.085547 0.000000
-0.213532 -0.087085 0.000000
0.142914 0.063268 0.000000
0.062804 -0.072197 0.000000
-0.372737 -0.072963 0.000000
-0.224539 -0.086891 0.000000
-0.013388 -0.079263 0.000000
0.222088 -0.052395 0.000000
0.307743 0.037394 0.000000
-0.177309 -0.087163 0.000000
0.189480 0.056564 0.000000
-0.001103 0.080443 0.000000
0.415965 0.017218 0.000000
-0.490201 -0.007084 0.000000
0.418358 0.016742 0.000000
0.351579 0.029533 0.000000
-0.177144 -0.087162 0.000000
-0.337311 -0.078772 0.000000
0.222198 -0.052379 0.000000
-0.099264 -0.084856 0.000000
0.337352 -0.034543 0.000000
0.291110 0.040270 0.000000
0.165444 -0.060126 0.000000
-0.220479 0.090358 0.000000
0.081113 0.071352 0.000000
-0.437680 -0.054446 0.000000
-0.002667 0.080594 0.000000
-0.360157 -0.075275 0.000000
-0.321534 -0.080738 0.000000
-0.035712 -0.080981 0.000000
-0.486126 0.015988 0.000000
0.384534 0.023347 0.000000
0.387362 0.022805 0.000000
-0.339449 0.080388 0.000000
0.229670 0.050385 0.000000
-0.402026 -0.066256 0.000000
0.098053 -0.068356 0.000000
0.324843 0.034377 0.000000
0.060593 0.073812 0.000000
0.109983 -0.066980 0.000000
-0.473433 0.031576 0.000000
0.239313 -0.049905 0.000000
-0.246156 0.089471 0.000000
0.231529 -0.051038 0.000000
0.266423 -0.045860 0.000000
-0.054985 0.085128 0.000000
-0.105688 0.088393 0.000000
0.464905 0.007206 0.000000
-0.466778 0.037024 0.000000
0.091490 -0.069096 0.000000
0.155047 0.061569 0.000000
-0.265468 0.088405 0.000000
-0.190041 -0.087228 0.000000
0.316655 0.035830 0.000000
-0.314988 0.083829 0.000000
0.174095 0.058834 0.000000
0.401478 -0.023381 0.000000
0.068444 0.072886 0.000000
0.135758 -0.063887 0.000000
0.141490 0.063465 0.000000
0.267386 0.044271 0.000000
0.440502 0.012272 0.000000
-0.488299 -0.013964 0.000000
-0.140565 0.089871 0.000000
-0.152799 -0.086774 0.000000
-0.163055 -0.086976 0.000000
-0.370913 0.074507 0.000000
-0.470427 0.034165 0.000000
0.255330 -0.047534 0.000000
0.340069 -0.034088 0.000000
-0.318046 -0.081127 0.000000
-0.234441 0.089948 0.000000
-0.305397 -0.082420 0.000000
-0.392878 -0.068578 0.000000
-0.380300 0.072366 0.000000
-0.106290 0.088424 0.000000
0.411213 0.018159 0.000000
-0.084284 -0.084088 0.000000
-0.389876 -0.069291 0.000000
-0.449105 -0.049300 0.000000
0.234488 -0.050609 0.000000
-0.252231 0.089175 0.000000
-0.102650 0.088230 0.000000
0.318718 -0.037619 0.000000
0.099659 -0.068172 0.000000
-0.055600 0.085175 0.000000
0.324156 -0.036729 0.000000
0.315007 0.036120 0.000000
0.294046 0.039767 0.000000
-0.154563 0.090266 0.000000
-0.160168 -0.086926 0.000000
0.429075 0.014593 0.000000
-0.413241 0.063052 0.000000
0.042282 0.075906 0.000000
0.070522 0.072637 0.000000
0.334079 -0.035089 0.000000
-0.269504 0.088140 0.000000
0.098670 0.069156 0.000000
0.314099 0.036280 0.000000
0.370739 -0.028845 0.000000
0.387900 0.022701 0.000000
0.223757 -0.052156 0.000000
0.150814 -0.062005 0.000000
-0.335164 0.081056 0.000000
-0.240632 -0.086446 0.000000
-0.262892 -0.085498 0.000000
-0.206742 0.090604 0.000000
-0.079486 -0.083822 0.000000
0.340372 -0.034037 0.000000
0.435868 -0.017010 0.000000
-0.195951 0.090691 0.000000
-0.321356 0.083015 0.000000
0.265685 0.044553 0.000000
-0.374752 -0.072567 0.000000
-0.315112 -0.081447 0.000000
-0.392118 -0.068760 0.000000
-0.153233 -0.086784 0.000000
-0.032485 -0.080743 0.000000
-0.441648 0.051778 0.000000
0.138977 0.063812 0.000000
-0.131396 0.089548 0.000000
-0.275386 0.087717 0.000000
0.210974 -0.053967 0.000000
-0.158464 0.090359 0.000000
0.112571 0.067359 0.000000
-0.197133 -0.087222 0.000000
-0.270264 -0.085092 0.000000
0.112828 -0.066647 0.000000
-0.273753 -0.084877 0.000000
-0.253875 -0.085931 0.000000
0.251890 -0.048048 0.000000
0.468916 -0.010619 0.000000
-0.082775 0.087068 0.000000
0.061991 -0.072282 0.000000
0.252180 0.046772 0.000000
-0.356457 0.077435 0.000000
-0.088581 -0.084320 0.000000
-0.127435 0.089396 0.000000
-0.452501 0.046200 0.000000
-0.478206 -0.029230 0.000000
0.436274 0.013135 0.000000
-0.480274 0.024528 0.000000
0.277503 0.042579 0.000000
0.175689 -0.058781 0.000000
-0.379606 -0.071569 0.000000
0.156855 -0.061236 0.000000
-0.447189 -0.050231 0.000000
0.315630 -0.038122 0.000000
0.253016 -0.047880 0.000000
0.050609 -0.073446 0.000000
0.036960 -0.074792 0.000000
-0.457579 0.043228 0.000000
0.167757 -0.059824 0.000000
-0.485498 0.017114 0.000000
-0.022049 -0.079950 0.000000
0.217096 -0.053104 0.000000
-0.488787 0.009920 0.000000
0.075683 -0.070833 0.000000
0.296239 -0.041232 0.000000
0.506753 -0.001843 0.000000
-0.031343 -0.080658 0.000000
0.010991 -0.077198 0.000000
0.179649 0.058020 0.000000
-0.405878 -0.065207 0.000000
-0.156189 -0.086845 0.000000
-0.470609 0.034013 0.000000
-0.359232 -0.075434 0.000000
0.028854 0.077376 0.000000
-0.222583 -0.086934 0.000000
-0.467160 -0.038668 0.000000
0.053164 -0.073188 0.000000
-0.083070 -0.084022 0.000000
-0.477075 0.028070 0.000000
-0.359044 -0.075465 0.000000
-0.278143 0.087501 0.000000
-0.480426 0.024344 0.000000
-0.169944 0.090559 0.000000
-0.003407 -0.078441 0.000000
0.380350 0.024146 0.000000
-0.187313 0.090700 0.000000
-0.415625 0.062244 0.000000
0.100208 -0.068109 0.000000
0.081594 0.071293 0.000000
0.127658 0.065353 0.000000
-0.461540 -0.042424 0.000000
0.262781 0.045034 0.000000
0.281811 -0.043494 0.000000
-0.268408 -0.085196 0.000000
-0.297731 -0.083111 0.000000
-0.355719 0.077576 0.000000
-0.003664 -0.078463 0.000000
0.134790 -0.064006 0.000000
-0.085874 0.087263 0.000000
0.303914 0.038062 0.000000
-0.489200 -0.011346 0.000000
-0.138708 0.089809 0.000000
0.492931 0.001198 0.000000
-0.471033 0.033662 0.000000
-0.061804 0.085636 0.000000
0.466609 0.006846 0.000000
-0.490662 -0.000266 0.000000
-0.067433 -0.083113 0.000000
0.306777 -0.039551 0.000000
-0.490250 -0.006779 0.000000
0.066880 0.073071 0.000000
0.110998 0.067565 0.000000
-0.106421 0.088431 0.000000
0.383614 -0.026582 0.000000
0.431430 -0.017848 0.000000
-0.193739 -0.087230 0.000000
-0.411322 -0.063645 0.000000
-0.134632 -0.086276 0.000000
0.285291 -0.042953 0.000000
0.176911 0.058422 0.000000
0.372663 -0.028509 0.000000
-0.317612 -0.081175 0.000000
-0.086872 0.087323 0.000000
-0.006049 0.080920 0.000000
0.158985 -0.060962 0.000000
-0.028484 0.082966 0.000000
-0.227643 -0.086819 0.000000
-0.425003 -0.059254 0.000000
-0.379865 -0.071515 0.000000
0.495796 0.000572 0.000000
-0.170562 0.090568 0.000000
-0.404999 -0.065451 0.000000
0.334116 0.032714 0.000000
-0.181886 0.090684 0.000000
-0.236236 -0.086589 0.000000
-0.490377 0.003193 0.000000
0.424995 -0.019055 0.000000
-0.359536 -0.075383 0.000000
0.368751 -0.029191 0.000000
-0.030883 -0.080624 0.000000
0.445964 -0.015087 0.000000
0.378952 0.024412 0.000000
-0.484521 -0.021316 0.000000
-0.422866 -0.059988 0.000000
-0.224870 0.090244 0.000000
-0.288427 0.086640 0.000000
-0.130475 -0.086142 0.000000
-0.217575 0.090420 0.000000
0.304703 -0.039884 0.000000
0.301430 0.038493 0.000000
0.043332 -0.074170 0.000000
-0.366633 -0.074123 0.000000
-0.486225 0.015802 0.000000
0.216434 -0.053198 0.000000
-0.323275 0.082761 0.000000
-0.039195 -0.081232 0.000000
0.050485 -0.073458 0.000000
0.474892 0.005089 0.000000
0.126456 -0.065023 0.000000
-0.252113 -0.086009 0.000000
-0.099997 0.088088 0.000000
-0.489718 -0.009440 0.000000
0.380659 -0.027105 0.000000
-0.489751 -0.009302 0.000000
-0.073325 -0.083467 0.000000
-0.067502 0.086045 0.000000
-0.352094 -0.076606 0.000000
-0.348578 0.078865 0.000000
0.476437 -0.009125 0.000000
0.394174 0.021491 0.000000
0.454337 0.009418 0.000000
0.055479 -0.072952 0.000000
0.026173 0.077662 0.000000
0.409256 -0.021964 0.000000
0.268364 -0.045564 0.000000
0.392249 -0.025044 0.000000
0.491745 -0.006040 0.000000
-0.073429 0.086455 0.000000
-0.016730 0.081918 0.000000
0.136824 -0.063755 0.000000
0.471265 0.005861 0.000000
0.232225 0.049981 0.000000
0.322476 -0.037004 0.000000
-0.490678 -0.001634 0.000000
0.213151 0.052967 0.000000
-0.308234 0.084628 0.000000
0.042191 -0.074282 0.000000
-0.153015 -0.086779 0.000000
-0.007721 0.081078 0.000000
0.371705 -0.028676 0.000000
-0.084926 0.087205 0.000000
-0.056778 0.085265 0.000000
-0.184072 0.090691 0.000000
-0.394763 0.068659 0.000000
-0.480893 0.023774 0.000000
-0.084682 0.087190 0.000000
0.241811 -0.049539 0.000000
0.144666 0.063025 0.000000
-0.483474 0.020323 0.000000
0.106334 -0.067405 0.000000
0.177259 -0.058572 0.000000
-0.019035 -0.079714 0.000000
-0.172477 -0.087111 0.000000
0.447661 0.010801 0.000000
-0.181240 -0.087192 0.000000
0.370339 -0.028915 0.000000
-0.345936 -0.077548 0.000000
-0.243937 0.089573 0.000000
-0.318003 0.083450 0.000000
0.391552 -0.025169 0.000000
-0.156544 0.090314 0.000000
0.288039 0.040795 0.000000
0.432641 -0.017620 0.000000
-0.458253 -0.044407 0.000000
0.355932 0.028729 0.000000
0.352647 0.029336 0.000000
-0.316405 -0.081306 0.000000
-0.183007 -0.087205 0.000000
0.446868 -0.014913 0.000000
-0.241334 -0.086423 0.000000
0.391212 -0.025229 0.000000
0.301608 -0.040378 0.000000
-0.308349 -0.082134 0.000000
0.315172 0.036091 0.000000
-0.416894 -0.061941 0.000000
0.369589 0.026182 0.000000
0.467124 -0.010972 0.000000
0.182402 0.057615 0.000000
-0.207914 -0.087156 0.000000
-0.456483 -0.045419 0.000000
0.279549 -0.043845 0.000000
-0.296675 0.085859 0.000000
-0.185522 -0.087217 0.000000
-0.322083 -0.080674 0.000000
-0.296724 0.085855 0.000000
-0.484053 -0.022026 0.000000
0.404167 0.019545 0.000000
0.087746 -0.069514 0.000000
-0.468643 0.035597 0.000000
-0.116942 0.088941 0.000000
-0.481030 -0.026063 0.000000
-0.410599 -0.063859 0.000000
0.217046 -0.053112 0.000000
-0.224946 -0.086882 0.000000
0.102800 -0.067813 0.000000
-0.175156 -0.087142 0.000000
-0.142784 -0.086519 0.000000
-0.148278 0.090104 0.000000
0.170560 0.059348 0.000000
-0.476622 0.028533 0.000000
0.072630 -0.071161 0.000000
-0.119541 0.089061 0.000000
0.037558 -0.074734 0.000000
0.317664 -0.037791 0.000000
0.442913 0.011778 0.000000
-0.132877 0.089604 0.000000
-0.009729 -0.078966 0.000000
-0.188923 -0.087226 0.000000
0.029883 0.077266 0.000000
-0.482143 0.022173 0.000000
0.477103 0.004617 0.000000
-0.376349 -0.072242 0.000000
-0.081762 -0.083951 0.000000
-0.359641 -0.075365 0.000000
0.366693 -0.029548 0.000000
-0.432001 -0.056699 0.000000
-0.420451 0.060543 0.000000
-0.220975 -0.086963 0.000000
-0.450408 0.047352 0.000000
0.463912 -0.011604 0.000000
0.313659 0.036358 0.000000
-0.245515 0.089500 0.000000
0.242159 -0.049488 0.000000
0.488875 -0.006623 0.000000
0.051012 0.074920 0.000000
0.432966 -0.017559 0.000000
-0.351480 0.078354 0.000000
0.434379 -0.017292 0.000000
0.027071 0.077567 0.000000
-0.228640 0.090141 0.000000
0.110707 0.067603 0.000000
0.278563 -0.043998 0.000000
-0.414667 -0.062635 0.000000
0.073277 -0.071091 0.000000
0.432282 0.013945 0.000000
0.450621 0.010189 0.000000
-0.172543 0.090596 0.000000
-0.066891 0.086002 0.000000
0.485772 -0.007251 0.000000
-0.036770 0.083674 0.000000
0.423024 0.015810 0.000000
0.108091 0.067943 0.000000
0.288776 0.040669 0.000000
-0.025545 0.082710 0.000000
0.397527 -0.024095 0.000000
0.152512 -0.061790 0.000000
-0.443461 0.050909 0.000000
-0.209346 0.090566 0.000000
-0.024583 -0.080147 0.000000
0.047900 0.075274 0.000000
-0.286317 -0.084024 0.000000
0.143122 -0.062973 0.000000
0.136596 0.064138 0.000000
0.127811 0.065333 0.000000
-0.211014 -0.087117 0.000000
0.196605 0.055494 0.000000
-0.158707 0.090364 0.000000
-0.105444 0.088380 0.000000
-0.470659 0.033972 0.000000
0.267197 -0.045742 0.000000
-0.183612 -0.087209 0.000000
-0.300157 -0.082900 0.000000
-0.157764 0.090343 0.000000
0.308178 0.037319 0.000000
0.246539 0.047688 0.000000
-0.380874 0.072230 0.000000
-0.110263 -0.085361 0.000000
0.164263 -0.060280 0.000000
0.135791 0.064248 0.000000
-0.267641 0.088264 0.000000
0.029209 -0.075532 0.000000
0.230456 0.050261 0.000000
-0.189897 0.090708 0.000000
0.452011 -0.013922 0.000000
-0.433079 -0.056287 0.000000
0.098153 0.069221 0.000000
-0.347480 -0.077320 0.000000
0.393833 -0.024760 0.000000
-0.338599 0.080525 0.000000
0.093542 0.069806 0.000000
0.429386 0.014531 0.000000
-0.322855 0.082816 0.000000
-0.071241 -0.083343 0.000000
0.097709 0.069278 0.000000
-0.424082 -0.059570 0.000000
-0.072537 -0.083420 0.000000
0.181046 -0.058068 0.000000
-0.076327 -0.083642 0.000000
-0.441299 -0.052912 0.000000
-0.398376 -0.067209 0.000000
-0.444736 -0.051376 0.000000
0.389785 -0.025484 0.000000
-0.482526 -0.024171 0.000000
0.451165 0.010077 0.000000
0.426940 0.015024 0.000000
0.271236 0.043630 0.000000
-0.183919 0.090690 0.000000
-0.487934 0.012182 0.000000
-0.375712 0.073435 0.000000
-0.115474 0.088874 0.000000
-0.001972 -0.078320 0.000000
0.004899 -0.077732 0.000000
-0.195169 0.090694 0.000000
-0.432695 0.055768 0.000000
-0.013828 0.081650 0.000000
0.123953 0.065851 0.000000
0.377304 0.024725 0.000000
0.276001 -0.044393 0.000000
-0.171223 0.090577 0.000000
-0.192971 0.090700 0.000000
0.352090 -0.032057 0.000000
0.181326 -0.058030 0.000000
-0.209537 -0.087135 0.000000
0.138811 -0.063510 0.000000
0.094591 0.069674 0.000000
-0.350255 0.078570 0.000000
0.275293 0.042951 0.000000
0.193967 -0.056322 0.000000
0.395530 -0.024455 0.000000
-0.422211 -0.060208 0.000000
0.505167 -0.003284 0.000000
0.081228 -0.070231 0.000000
0.138298 0.063905 0.000000
-0.110066 -0.085353 0.000000
0.387234 -0.025939 0.000000
0.292902 -0.041759 0.000000
0.112462 -0.066690 0.000000
-0.034674 0.083497 0.000000
0.299341 0.038855 0.000000
-0.290694 0.086433 0.000000
-0.308314 -0.082137 0.000000
-0.347235 -0.077357 0.000000
-0.190048 -0.087228 0.000000
0.413391 0.017729 0.000000
-0.199211 0.090675 0.000000
-0.072721 -0.083431 0.000000
-0.451684 -0.048003 0.000000
-0.412684 -0.063238 0.000000
-0.471496 -0.035369 0.000000
-0.434436 -0.055754 0.000000
-0.180487 -0.087187 0.000000
-0.099867 0.088081 0.000000
0.250605 0.047029 0.000000
-0.355053 -0.076130 0.000000
-0.434116 -0.055881 0.000000
-0.322472 0.082867 0.000000
-0.078263 -0.083752 0.000000
-0.260263 -0.085630 0.000000
-0.254397 -0.085907 0.000000
0.031846 -0.075282 0.000000
-0.184238 0.090691 0.000000
0.301707 0.038445 0.000000
-0.254517 -0.085902 0.000000
0.374384 0.025278 0.000000
0.130045 0.065031 0.000000
0.406639 -0.022443 0.000000
-0.294212 0.086102 0.000000
0.389440 0.022405 0.000000
0.296335 0.039373 0.000000
-0.170611 0.090568 0.000000
0.485830 0.002740 0.000000
-0.452441 -0.047609 0.000000
0.416797 0.017053 0.000000
0.196901 0.055449 0.000000
0.372810 0.025575 0.000000
0.115727 -0.066305 0.000000
0.369512 0.026196 0.000000
0.314664 0.036181 0.000000
0.222458 -0.052342 0.000000
0.177702 -0.058514 0.000000
-0.063774 -0.082886 0.000000
-0.182511 -0.087201 0.000000
-0.101223 0.088154 0.000000
0.423101 -0.019408 0.000000
-0.486560 -0.017807 0.000000
0.378401 -0.027503 0.000000
0.050260 0.075006 0.000000
0.339695 -0.034151 0.000000
0.440566 0.012259 0.000000
-0.186984 0.090699 0.000000
0.056072 0.074339 0.000000
-0.347494 0.079056 0.000000
-0.443218 -0.052064 0.000000
-0.135042 0.089685 0.000000
0.100673 -0.068056 0.000000
0.340938 0.031479 0.000000
-0.275112 -0.084794 0.000000
0.376225 0.024929 0.000000
-0.018024 -0.079635 0.000000
-0.193855 -0.087229 0.000000
0.060394 -0.072447 0.000000
-0.098836 -0.084836 0.000000
-0.028554 0.082972 0.000000
-0.242313 -0.086390 0.000000
0.126174 0.065553 0.000000
-0.090135 0.087522 0.000000
-0.127604 -0.086041 0.000000
-0.490678 -0.001060 0.000000
-0.490453 -0.005308 0.000000
-0.092654 0.087671 0.000000
-0.051781 0.084883 0.000000
-0.192228 -0.087233 0.000000
-0.204246 -0.087183 0.000000
-0.472404 0.032489 0.000000
-0.337680 0.080668 0.000000
0.144896 -0.062752 0.000000
-0.357412 -0.075739 0.000000
0.331225 0.033235 0.000000
-0.330646 0.081728 0.000000
0.459230 0.008397 0.000000
0.049799 -0.073527 0.000000
0.302096 -0.040301 0.000000
0.305794 -0.039709 0.000000
0.335228 0.032514 0.000000
-0.166050 0.090505 0.000000
-0.354440 0.077812 0.000000
-0.035503 -0.080966 0.000000
0.087740 0.070533 0.000000
-0.328846 0.081990 0.000000
0.487358 -0.006931 0.000000
0.350416 0.029747 0.000000
-0.470248 0.034312 0.000000
-0.006867 -0.078730 0.000000
0.475734 -0.009265 0.000000
0.006722 0.079672 0.000000
0.387481 0.022782 0.000000
-0.337546 -0.078741 0.000000
0.170644 0.059336 0.000000
-0.490263 -0.006702 0.000000
-0.447112 0.049088 0.000000
0.274427 0.043096 0.000000
0.157777 -0.061118 0.000000
0.429311 -0.018247 0.000000
0.469739 0.006184 0.000000
0.104389 0.068423 0.000000
-0.149839 0.090149 0.000000
0.388130 -0.025780 0.000000
-0.263278 0.088548 0.000000
-0.244241 0.089559 0.000000
0.097247 -0.068447 0.000000
-0.299377 0.085588 0.000000
-0.075279 0.086579 0.000000
0.345805 0.030592 0.000000
0.402282 0.019914 0.000000
-0.122448 0.089187 0.000000
0.244930 0.047948 0.000000
-0.153159 0.090232 0.000000
0.124430 -0.065266 0.000000
-0.486930 -0.017076 0.000000
0.465425 0.007096 0.000000
-0.284708 0.086964 0.000000
-0.441823 0.051696 0.000000
-0.480987 -0.026116 0.000000
0.257815 0.045851 0.000000
0.151965 0.062005 0.000000
-0.206872 0.090603 0.000000
-0.267185 -0.085264 0.000000
0.249662 -0.048379 0.000000
0.073318 -0.071087 0.000000
-0.261309 0.088667 0.000000
0.396353 0.021069 0.000000
-0.184459 0.090692 0.000000
0.145353 0.062929 0.000000
-0.314875 0.083843 0.000000
-0.311734 -0.081795 0.000000
0.182494 0.057601 0.000000
0.086189 -0.069686 0.000000
-0.426990 -0.058552 0.000000
0.323763 0.034569 0.000000
-0.010438 -0.079024 0.000000
-0.225482 0.090227 0.000000
0.170533 0.059352 0.000000
0.470217 0.006083 0.000000
-0.211049 -0.087116 0.000000
-0.130965 -0.086159 0.000000
0.085045 -0.069812 0.000000
-0.096176 0.087873 0.000000
-0.132824 0.089602 0.000000
0.489707 -0.006455 0.000000
0.286358 0.041081 0.000000
0.021047 -0.076291 0.000000
-0.011937 0.081476 0.000000
-0.050209 0.084762 0.000000
0.200946 -0.055363 0.000000
0.182863 0.057546 0.000000
0.224726 0.051165 0.000000
-0.333036 -0.079339 0.000000
0.016848 -0.076674 0.000000
-0.320778 0.083092 0.000000
0.493045 -0.005775 0.000000
-0.164551 0.090476 0.000000
0.177549 0.058329 0.000000
-0.221001 -0.086962 0.000000
-0.443417 0.050930 0.000000
0.388889 -0.025644 0.000000
0.200034 0.054975 0.000000
0.349121 -0.032562 0.000000
0.249885 0.047146 0.000000
0.278756 -0.043968 0.000000
0.037399 -0.074749 0.000000
-0.026912 -0.080324 0.000000
-0.409671 0.064220 0.000000
0.475185 0.005026 0.000000
0.239434 -0.049888 0.000000
-0.180177 0.090669 0.000000
-0.412076 0.063437 0.000000
-0.452095 0.046427 0.000000
0.338835 -0.034295 0.000000
-0.024659 0.082632 0.000000
-0.117290 -0.085654 0.000000
-0.062742 -0.082822 0.000000
0.419270 0.016560 0.000000
-0.056240 0.085224 0.000000
-0.214683 0.090480 0.000000
0.349425 0.029929 0.000000
0.377126 0.024759 0.000000
0.261395 -0.046622 0.000000
-0.069442 0.086182 0.000000
-0.343538 -0.077902 0.000000
-0.286070 0.086849 0.000000
0.471117 0.005892 0.000000
0.377407 -0.027677 0.000000
-0.460553 -0.043034 0.000000
-0.010796 0.081368 0.000000
0.230797 0.050207 0.000000
0.145713 0.062879 0.000000
0.013111 0.079026 0.000000
-0.133496 -0.086240 0.000000
0.266162 0.044474 0.000000
0.505293 -0.003258 0.000000
0.488991 0.002055 0.000000
-0.391550 0.069530 0.000000
-0.391544 -0.068899 0.000000
0.359997 0.027976 0.000000
0.262864 -0.046400 0.000000
-0.017894 0.082025 0.000000
0.266263 -0.045884 0.000000
0.048607 -0.073646 0.000000
0.467569 -0.010885 0.000000
-0.091365 -0.084463 0.000000
-0.308919 0.084551 0.000000
0.032670 -0.075203 0.000000
-0.189042 -0.087226 0.000000
0.430145 0.014377 0.000000
0.008172 0.079526 0.000000
-0.437944 -0.054336 0.000000
-0.107343 -0.085231 0.000000
-0.382394 -0.070975 0.000000
-0.390112 -0.069236 0.000000
-0.138031 -0.086384 0.000000
-0.074563 -0.083540 0.000000
-0.071799 0.086345 0.000000
0.100358 0.068940 0.000000
0.084126 0.070982 0.000000
0.508962 -0.002333 0.000000
-0.058593 0.085400 0.000000
0.373254 0.025491 0.000000
-0.058918 0.085424 0.000000
-0.075801 -0.083612 0.000000
0.461612 0.007898 0.000000
-0.077401 -0.083703 0.000000
0.288707 0.040681 0.000000
0.279149 -0.043907 0.000000
0.192877 0.056055 0.000000
-0.471538 -0.035336 0.000000
0.355649 -0.031450 0.000000
0.081213 0.071340 0.000000
-0.348702 -0.077132 0.000000
0.168775 0.059606 0.000000
-0.075951 -0.083621 0.000000
-0.251648 0.089205 0.000000
0.122143 0.066093 0.000000
-0.196286 0.090690 0.000000
-0.214126 0.090492 0.000000
0.157777 0.061183 0.000000
0.007694 -0.077489 0.000000
0.255543 -0.047502 0.000000
0.033655 0.076857 0.000000
-0.298473 -0.083048 0.000000
0.408392 -0.022123 0.000000
-0.248371 -0.086162 0.000000
0.262086 0.045148 0.000000
-0.194661 0.090695 0.000000
0.351539 0.029540 0.000000
-0.283274 0.087086 0.000000
0.155182 0.061550 0.000000
-0.459845 0.041809 0.000000
-0.462859 0.039819 0.000000
-0.319180 0.083302 0.000000
0.504602 -0.003401 0.000000
0.051876 -0.073319 0.000000
-0.433619 -0.056076 0.000000
-0.376082 0.073351 0.000000
0.338917 0.031846 0.000000
-0.133226 -0.086232 0.000000
0.089211 0.070350 0.000000
-0.230836 0.090068 0.000000
0.484046 -0.007600 0.000000
0.094975 0.069625 0.000000
-0.077412 0.086723 0.000000
0.459073 -0.012551 0.000000
-0.186420 0.090698 0.000000
0.277073 0.042652 0.000000
-0.014723 -0.079371 0.000000
-0.476603 -0.030847 0.000000
-0.437422 -0.054552 0.000000
-0.435839 0.054421 0.000000
0.484744 -0.007459 0.000000
0.498740 -0.000073 0.000000
-0.086158 0.087280 0.000000
-0.161931 0.090426 0.000000
0.446700 -0.014945 0.000000
0.332724 -0.035314 0.000000
0.021114 0.078197 0.000000
0.495418 0.000655 0.000000
-0.014099 -0.079321 0.000000
-0.318731 0.083358 0.000000
-0.264145 0.088492 0.000000
-0.413245 -0.063071 0.000000
0.420649 0.016285 0.000000
-0.320877 -0.080813 0.000000
0.140851 -0.063257 0.000000
-0.486999 0.014275 0.000000
-0.458952 -0.043995 0.000000
-0.202371 -0.087197 0.000000
0.366141 -0.029644 0.000000
0.278102 -0.044069 0.000000
-0.432659 0.055783 0.000000
0.399080 -0.023815 0.000000
-0.345433 0.079405 0.000000
-0.287184 0.086754 0.000000
0.190734 -0.056762 0.000000
0.177154 0.058387 0.000000
-0.093972 0.087747 0.000000
-0.107648 -0.085245 0.000000
0.019712 0.078344 0.000000
-0.324229 0.082634 0.000000
0.471101 -0.010186 0.000000
0.360894 -0.030550 0.000000
-0.333400 -0.079292 0.000000
0.276298 -0.044347 0.000000
0.209937 0.053463 0.000000
-0.467539 0.036449 0.000000
0.140074 -0.063354 0.000000
0.059413 0.073950 0.000000
-0.437039 0.053894 0.000000
0.211732 -0.053861 0.000000
0.151638 0.062051 0.000000
-0.251880 0.089193 0.000000
-0.434226 -0.055837 0.000000
0.104727 -0.067590 0.000000
-0.245405 -0.086279 0.000000
0.400106 0.020339 0.000000
-0.461931 0.040445 0.000000
0.442693 0.011823 0.000000
-0.185019 0.090693 0.000000
0.250661 -0.048231 0.000000
0.117079 0.066765 0.000000
-0.193779 0.090698 0.000000
0.155050 -0.061466 0.000000
-0.233671 -0.086662 0.000000
-0.403486 0.066146 0.000000
0.132493 0.064698 0.000000
0.132745 -0.064257 0.000000
-0.089332 0.087473 0.000000
0.266859 0.044359 0.000000
-0.070090 -0.083274 0.000000
0.412345 -0.021398 0.000000
0.002182 -0.077967 0.000000
-0.042476 -0.081468 0.000000
-0.034829 0.083510 0.000000
-0.383649 -0.070702 0.000000
-0.266511 0.088337 0.000000
0.411842 -0.021490 0.000000
-0.076301 0.086648 0.000000
0.435897 -0.017005 0.000000
0.399591 -0.023723 0.000000
-0.103940 0.088300 0.000000
0.488227 0.002221 0.000000
-0.482839 -0.023751 0.000000
-0.125706 0.089324 0.000000
-0.219660 -0.086986 0.000000
0.280587 0.042060 0.000000
0.213642 -0.053593 0.000000
-0.474807 -0.032533 0.000000
-0.328404 0.082052 0.000000
-0.033939 0.083434 0.000000
0.235337 0.049486 0.000000
-0.321188 0.083038 0.000000
0.058978 0.074001 0.000000
0.353564 0.029167 0.000000
-0.208352 -0.087150 0.000000
-0.479476 -0.027863 0.000000
-0.424354 0.059095 0.000000
-0.153592 -0.086793 0.000000
-0.202005 -0.087200 0.000000
0.282802 0.041685 0.000000
-0.478728 -0.028678 0.000000
0.488288 0.002208 0.000000
-0.329305 0.081925 0.000000
-0.169154 0.090548 0.000000
0.006448 0.079700 0.000000
-0.059298 -0.082602 0.000000
0.417588 0.016895 0.000000
0.486153 -0.007174 0.000000
0.215679 -0.053305 0.000000
0.356507 -0.031303 0.000000
0.003839 0.079958 0.000000
0.371007 -0.028798 0.000000
-0.056447 0.085240 0.000000
-0.271063 -0.085043 0.000000
0.284060 -0.043145 0.000000
-0.250927 0.089243 0.000000
-0.251104 -0.086055 0.000000
0.054108 0.074565 0.000000
-0.218485 -0.087007 0.000000
-0.376404 0.073277 0.000000
0.382869 0.023665 0.000000
-0.062308 0.085673 0.000000
0.153341 -0.061685 0.000000
-0.208395 0.090580 0.000000
0.419955 0.016424 0.000000
-0.460945 0.041096 0.000000
0.259177 0.045627 0.000000
-0.185784 0.090696 0.000000
-0.113955 0.088804 0.000000
-0.052015 0.084901 0.000000
-0.366691 -0.074112 0.000000
-0.150911 -0.086728 0.000000
0.169512 -0.059595 0.000000
-0.434546 -0.055711 0.000000
0.352973 0.029276 0.000000
-0.069666 0.086198 0.000000
0.461473 -0.012082 0.000000
0.452405 0.009819 0.000000
0.208187 -0.054357 0.000000
-0.046691 -0.081760 0.000000
0.472182 0.005666 0.000000
-0.376564 -0.072199 0.000000
-0.443096 0.051086 0.000000
0.480488 0.003891 0.000000
0.397353 0.020875 0.000000
-0.224373 -0.086895 0.000000
0.091939 0.070007 0.000000
-0.441778 -0.052703 0.000000
-0.001319 -0.078265 0.000000
0.440249 -0.016179 0.000000
0.425859 0.015241 0.000000
-0.052305 0.084923 0.000000
-0.451888 0.046543 0.000000
-0.164002 0.090465 0.000000
-0.079489 -0.083822 0.000000
0.310458 0.036920 0.000000
-0.484579 0.018641 0.000000
-0.108968 -0.085305 0.000000
0.022539 0.078047 0.000000
0.492581 -0.005870 0.000000
-0.083395 0.087108 0.000000
-0.328179 0.082083 0.000000
-0.063374 -0.082861 0.000000
-0.237858 0.089821 0.000000
-0.408293 0.064663 0.000000
-0.371135 -0.073276 0.000000
-0.361883 -0.074974 0.000000
0.198716 -0.055671 0.000000
0.170452 -0.059472 0.000000
0.435759 0.013239 0.000000
-0.327788 0.082138 0.000000
-0.421508 -0.060443 0.000000
-0.316489 0.083640 0.000000
-0.101469 0.088167 0.000000
-0.102546 -0.085014 0.000000
0.266733 -0.045812 0.000000
0.393119 -0.024888 0.000000
-0.335583 0.080991 0.000000
-0.070390 0.086249 0.000000
-0.229196 0.090123 0.000000
-0.006350 -0.078688 0.000000
-0.078694 -0.083777 0.000000
-0.472556 -0.034496 0.000000
-0.383934 -0.070640 0.000000
0.083719 0.071032 0.000000
-0.427590 -0.058335 0.000000
0.447174 -0.014854 0.000000
0.466913 -0.011014 0.000000
0.481802 0.003609 0.000000
-0.366395 0.075466 0.000000
0.068842 0.072839 0.000000
-0.144250 0.089988 0.000000
0.047836 -0.073724 0.000000
-0.174148 -0.087130 0.000000
0.090174 0.070229 0.000000
-0.278265 -0.084589 0.000000
0.083068 0.071112 0.000000
0.058860 -0.072606 0.000000
-0.004744 -0.078554 0.000000
0.112202 0.067407 0.000000
0.239429 -0.049888 0.000000
-0.313556 0.084003 0.000000
0.060028 0.073879 0.000000
-0.433105 0.055597 0.000000
-0.213349 -0.087087 0.000000
0.002083 -0.077975 0.000000
-0.266279 -0.085315 0.000000
0.117545 0.066704 0.000000
0.222555 0.051505 0.000000
-0.074702 -0.083548 0.000000
0.391056 -0.025257 0.000000
0.235805 0.049412 0.000000
-0.058619 0.085402 0.000000
0.281112 -0.043603 0.000000
-0.434511 0.054996 0.000000
0.415989 0.017213 0.000000
0.298707 -0.040840 0.000000
-0.103943 0.088300 0.000000
-0.479805 -0.027495 0.000000
0.375972 -0.027930 0.000000
-0.356329 -0.075920 0.000000
0.409714 0.018455 0.000000
0.442525 0.011858 0.000000
-0.289235 -0.083804 0.000000
0.169402 0.059516 0.000000
0.024588 -0.075964 0.000000
-0.329503 0.081896 0.000000
-0.032525 0.083315 0.000000
0.037000 -0.074788 0.000000
-0.356425 0.077441 0.000000
-0.227716 0.090167 0.000000
-0.074330 0.086515 0.000000
0.184373 -0.057622 0.000000
0.134877 -0.063995 0.000000
-0.079610 0.086865 0.000000
-0.339849 -0.078424 0.000000
0.076185 -0.070779 0.000000
0.339559 -0.034174 0.000000
0.318587 0.035488 0.000000
-0.460175 0.041596 0.000000
-0.154647 -0.086814 0.000000
0.470637 -0.010278 0.000000
-0.238176 -0.086529 0.000000
-0.307845 -0.082183 0.000000
0.044380 0.075671 0.000000
0.281950 -0.043473 0.000000
0.001779 0.080161 0.000000
0.271897 -0.045024 0.000000
-0.419921 0.060733 0.000000
-0.449227 -0.049240 0.000000
-0.190385 0.090707 0.000000
-0.121249 0.089136 0.000000
-0.406912 0.065095 0.000000
0.339167 -0.034239 0.000000
0.496846 0.000342 0.000000
0.479355 -0.008542 0.000000
-0.060281 0.085524 0.000000
-0.004754 -0.078555 0.000000
-0.488959 0.009404 0.000000
0.181154 0.057799 0.000000
-0.362202 -0.074918 0.000000
0.090417 -0.069216 0.000000
-0.223559 -0.086914 0.000000
0.151319 0.062095 0.000000
-0.187019 -0.087221 0.000000
-0.428497 0.057485 0.000000
-0.344890 0.079497 0.000000
0.269059 0.043993 0.000000
0.162903 -0.060456 0.000000
0.200267 -0.055457 0.000000
-0.383502 -0.070734 0.000000
0.093234 -0.068901 0.000000
0.018412 0.078480 0.000000
-0.250150 -0.086093 0.000000
0.322957 0.034713 0.000000
-0.375959 -0.072322 0.000000
0.311584 0.036722 0.000000
0.284839 0.041339 0.000000
-0.394671 0.068685 0.000000
0.188943 -0.057005 0.000000
-0.456712 0.043755 0.000000
-0.419959 0.060719 0.000000
-0.424782 -0.059330 0.000000
-0.305535 -0.082406 0.000000
0.214862 0.052703 0.000000
0.508248 -0.002175 0.000000
-0.041334 -0.081386 0.000000
-0.163421 -0.086982 0.000000
-0.038983 -0.081217 0.000000
-0.452236 0.046348 0.000000
0.005840 0.079760 0.000000
0.177886 -0.058489 0.000000
0.075649 0.072019 0.000000
-0.384452 0.071358 0.000000
-0.259120 -0.085688 0.000000
0.085303 0.070836 0.000000
-0.274795 -0.084813 0.000000
-0.416636 -0.062022 0.000000
-0.453794 0.045469 0.000000
0.138701 -0.063523 0.000000
-0.275293 -0.084783 0.000000
0.287432 -0.042618 0.000000
0.154936 -0.061481 0.000000
-0.307938 -0.082174 0.000000
0.021493 -0.076250 0.000000
-0.476966 0.028181 0.000000
0.032642 -0.075206 0.000000
0.358237 -0.031007 0.000000
-0.306883 0.084779 0.000000
0.383940 -0.026524 0.000000
-0.245978 -0.086256 0.000000
-0.196160 0.090691 0.000000
0.073650 -0.071051 0.000000
0.412680 0.017869 0.000000
0.132542 -0.064282 0.000000
0.091056 -0.069144 0.000000
0.197874 -0.055786 0.000000
-0.396480 -0.067691 0.000000
-0.245279 -0.086284 0.000000
-0.161137 0.090411 0.000000
0.102984 -0.067792 0.000000
0.098070 0.069232 0.000000
-0.282705 -0.084288 0.000000
0.445970 0.011150 0.000000
0.259123 0.045636 0.000000
0.148379 -0.062313 0.000000
-0.239246 -0.086493 0.000000
-0.274182 -0.084851 0.000000
-0.490644 -0.002915 0.000000
-0.372031 -0.073101 0.000000
0.318298 0.035539 0.000000
0.015238 -0.076819 0.000000
0.043160 0.075808 0.000000
0.329242 -0.035891 0.000000
0.060264 0.073851 0.000000
-0.252820 0.089144 0.000000
0.458492 -0.012664 0.000000
0.076530 0.071912 0.000000
-0.128978 0.089456 0.000000
-0.075875 0.086620 0.000000
-0.447013 0.049139 0.000000
-0.239617 -0.086481 0.000000
0.152895 -0.061741 0.000000
-0.432338 -0.056570 0.000000
-0.248085 -0.086174 0.000000
0.097763 -0.068389 0.000000
-0.147808 0.090091 0.000000
-0.174768 0.090622 0.000000
-0.249683 0.089308 0.000000
0.495261 0.000689 0.000000
0.170217 0.059398 0.000000
-0.213692 -0.087083 0.000000
0.163723 0.060334 0.000000
0.064117 0.073399 0.000000
0.336783 0.032233 0.000000
0.158805 0.061036 0.000000
0.364657 -0.029901 0.000000
0.235485 0.049463 0.000000
0.349657 0.029886 0.000000
0.202634 0.054581 0.000000
0.019158 0.078402 0.000000
-0.299095 0.085618 0.000000
-0.184893 0.090693 0.000000
-0.296383 -0.083225 0.000000
-0.376628 0.073226 0.000000
-0.354577 0.077787 0.000000
0.309816 0.037032 0.000000
-0.053510 -0.082223 0.000000
0.153200 -0.061703 0.000000
-0.217005 0.090432 0.000000
-0.313583 0.084000 0.000000
0.061211 -0.072363 0.000000
-0.487931 -0.014879 0.000000
-0.032100 -0.080714 0.000000
-0.223135 -0.086923 0.000000
0.018796 -0.076497 0.000000
0.485230 -0.007361 0.000000
-0.486672 0.014939 0.000000
-0.020404 0.082251 0.000000
-0.155792 -0.086837 0.000000
0.332059 -0.035424 0.000000
-0.211476 0.090534 0.000000
0.416610 0.017090 0.000000
0.404437 0.019492 0.000000
0.328826 -0.035959 0.000000
0.430093 0.014388 0.000000
0.395260 -0.024503 0.000000
0.110180 0.067672 0.000000
-0.087761 -0.084275 0.000000
-0.281175 -0.084393 0.000000
0.142557 -0.063044 0.000000
0.497970 -0.004768 0.000000
-0.397854 0.067794 0.000000
-0.007393 0.081047 0.000000
0.471882 -0.010031 0.000000
0.165588 0.060066 0.000000
-0.409511 -0.064174 0.000000
-0.011693 -0.079127 0.000000
-0.490131 0.004760 0.000000
-0.156560 -0.086853 0.000000
-0.266812 0.088318 0.000000
0.419453 -0.020086 0.000000
0.148186 0.062534 0.000000
-0.193290 -0.087231 0.000000
-0.213264 -0.087088 0.000000
-0.254983 -0.085881 0.000000
0.167494 0.059791 0.000000
-0.040743 -0.081343 0.000000
0.026196 0.077660 0.000000
-0.468289 0.035872 0.000000
0.502187 -0.000832 0.000000
-0.283934 0.087030 0.000000
-0.132582 0.089592 0.000000
0.495778 -0.005217 0.000000
-0.125993 -0.085984 0.000000
-0.012566 0.081534 0.000000
-0.244122 0.089564 0.000000
-0.245878 0.089483 0.000000
-0.407299 0.064974 0.000000
-0.286988 -0.083975 0.000000
-0.405328 0.065587 0.000000
0.193093 -0.056441 0.000000
-0.126457 0.089355 0.000000
-0.463283 0.039527 0.000000
-0.344247 0.079605 0.000000
-0.268238 -0.085205 0.000000
0.269006 0.044002 0.000000
-0.129655 -0.086113 0.000000
-0.479862 0.025014 0.000000
-0.076668 0.086673 0.000000
-0.390332 -0.069185 0.000000
-0.415184 -0.062476 0.000000
0.176941 0.058418 0.000000
0.424143 0.015586 0.000000
-0.471919 0.032910 0.000000
0.134924 -0.063990 0.000000
-0.070783 -0.083315 0.000000
0.460074 -0.012356 0.000000
-0.481083 0.023539 0.000000
0.189685 -0.056904 0.000000
-0.390217 0.069882 0.000000
-0.119763 0.089071 0.000000
-0.434745 -0.055633 0.000000
0.276945 -0.044248 0.000000
-0.478664 0.026375 0.000000
0.289602 0.040528 0.000000
0.183645 0.057431 0.000000
-0.268898 -0.085169 0.000000
-0.169183 0.090549 0.000000
-0.329752 -0.079759 0.000000
0.454277 0.009431 0.000000
0.362025 -0.030355 0.000000
-0.166148 -0.087025 0.000000
-0.379744 -0.071540 0.000000
0.307204 0.037489 0.000000
-0.152262 -0.086761 0.000000
0.140145 -0.063345 0.000000
-0.184439 0.090692 0.000000
0.319180 -0.037543 0.000000
0.333547 -0.035177 0.000000
-0.263334 0.088545 0.000000
-0.367718 0.075189 0.000000
0.170217 -0.059503 0.000000
-0.106972 -0.085215 0.000000
0.178490 -0.058409 0.000000
0.440328 0.012308 0.000000
0.136531 0.064147 0.000000
0.392483 -0.025002 0.000000
-0.093013 -0.084547 0.000000
-0.083584 0.087120 0.000000
0.428257 0.014758 0.000000
-0.091689 0.087616 0.000000
0.010850 -0.077211 0.000000
-0.256822 0.088931 0.000000
-0.208691 -0.087146 0.000000
-0.198821 -0.087218 0.000000
0.350905 -0.032259 0.000000
-0.016090 -0.079481 0.000000
-0.076268 0.086646 0.000000
0.008919 -0.077381 0.000000
-0.236873 0.089860 0.000000
0.505721 -0.001614 0.000000
-0.484520 -0.021316 0.000000
-0.227533 -0.086822 0.000000
0.185679 -0.057446 0.000000
0.110695 0.067604 0.000000
0.388434 -0.025726 0.000000
-0.418243 -0.061514 0.000000
-0.013780 -0.079295 0.000000
0.382231 0.023787 0.000000
-0.217935 0.090412 0.000000
0.139321 -0.063447 0.000000
0.027961 -0.075649 0.000000
-0.130718 -0.086150 0.000000
0.372091 0.025711 0.000000
-0.490208 -0.007041 0.000000
0.376936 -0.027760 0.000000
-0.311790 0.084213 0.000000
-0.309939 -0.081980 0.000000
0.375356 0.025094 0.000000
0.222846 -0.052286 0.000000
0.073989 0.072220 0.000000
0.342353 0.031222 0.000000
0.492683 -0.005849 0.000000
-0.271449 0.088000 0.000000
0.294976 -0.041431 0.000000
-0.135500 0.089702 0.000000
0.293400 -0.041680 0.000000
0.139020 0.063806 0.000000
-0.305356 0.084950 0.000000
-0.202750 -0.087195 0.000000
0.147766 -0.062391 0.000000
0.029041 -0.075548 0.000000
0.219367 0.052003 0.000000
-0.184261 -0.087214 0.000000
-0.255931 0.088981 0.000000
-0.244918 0.089528 0.000000
-0.482320 0.021938 0.000000
-0.164057 0.090466 0.000000
-0.220480 -0.086972 0.000000
-0.407245 0.064991 0.000000
-0.017009 -0.079554 0.000000
0.371601 0.025803 0.000000
-0.139165 -0.086418 0.000000
-0.217951 -0.087017 0.000000
0.299296 0.038862 0.000000
-0.422803 0.059680 0.000000
-0.148368 -0.086667 0.000000
-0.121083 -0.085801 0.000000
0.390377 0.022225 0.000000
0.251794 0.046835 0.000000
-0.358261 -0.075596 0.000000
-0.093865 0.087741 0.000000
0.438185 0.012745 0.000000
0.308087 0.037334 0.000000
-0.470354 0.034225 0.000000
0.035881 0.076614 0.000000
0.496369 0.000447 0.000000
-0.159340 -0.086909 0.000000
0.310788 -0.038905 0.000000
0.153180 0.061833 0.000000
-0.264477 -0.085416 0.000000
-0.487855 -0.015057 0.000000
0.001062 0.080232 0.000000
-0.265467 -0.085360 0.000000
0.311466 -0.038796 0.000000
-0.474635 0.030470 0.000000
0.494290 0.000901 0.000000
-0.282787 0.087128 0.000000
-0.486582 0.015116 0.000000
-0.021447 -0.079903 0.000000
-0.067842 -0.083139 0.000000
0.433181 -0.017518 0.000000
-0.267246 -0.085261 0.000000
0.244370 0.048038 0.000000
0.374580 -0.028174 0.000000
0.199038 0.055126 0.000000
0.296727 0.039306 0.000000
-0.189518 -0.087227 0.000000
-0.467185 0.036716 0.000000
0.078885 -0.070487 0.000000
0.143564 0.063178 0.000000
0.196041 0.055579 0.000000
-0.013767 0.081645 0.000000
0.019937 -0.076392 0.000000
-0.160908 0.090406 0.000000
-0.282338 0.087166 0.000000
-0.439194 -0.053814 0.000000
0.009941 0.079347 0.000000
0.330465 -0.035688 0.000000
0.004509 -0.077766 0.000000
0.507652 -0.002042 0.000000
-0.058071 -0.082522 0.000000
-0.050357 0.084773 0.000000
-0.489587 0.007243 0.000000
0.475218 -0.009368 0.000000
-0.312218 -0.081745 0.000000
0.492891 0.001207 0.000000
-0.003935 -0.078486 0.000000
-0.008969 -0.078903 0.000000
0.395144 -0.024524 0.000000
-0.027875 0.082913 0.000000
0.467976 -0.010804 0.000000
0.311608 -0.038773 0.000000
0.042452 0.075887 0.000000
0.228017 -0.051545 0.000000
0.290626 -0.042117 0.000000
-0.074925 -0.083562 0.000000
-0.432132 0.056004 0.000000
0.197683 0.055331 0.000000
0.183227 -0.057776 0.000000
-0.028115 0.082934 0.000000
0.260296 0.045444 0.000000
0.419662 -0.020047 0.000000
-0.459319 0.042145 0.000000
-0.218977 -0.086998 0.000000
0.213872 -0.053560 0.000000
0.026397 0.077639 0.000000
0.393183 0.021683 0.000000
0.484933 0.002934 0.000000
-0.071858 0.086349 0.000000
0.371074 0.025903 0.000000
0.493144 -0.005755 0.000000
0.422418 0.015931 0.000000
-0.430398 -0.057304 0.000000
-0.026916 0.082829 0.000000
-0.189788 -0.087228 0.000000
0.052279 0.074776 0.000000
-0.344420 -0.077772 0.000000
0.013115 -0.077009 0.000000
0.067190 -0.071738 0.000000
-0.245762 0.089489 0.000000
0.418055 0.016802 0.000000
0.015671 0.078763 0.000000
0.123103 0.065965 0.000000
0.278895 0.042345 0.000000
-0.012852 0.081561 0.000000
-0.354795 -0.076172 0.000000
0.474387 -0.009534 0.000000
-0.049906 -0.081981 0.000000
0.036160 0.076584 0.000000
0.313147 0.036448 0.000000
-0.101105 0.088147 0.000000
0.352689 0.029328 0.000000
-0.266875 0.088314 0.000000
-0.188019 0.090702 0.000000
-0.476703 -0.030748 0.000000
0.066656 -0.071794 0.000000
0.185475 0.057160 0.000000
-0.446854 0.049219 0.000000
-0.305859 -0.082375 0.000000
-0.250137 -0.086093 0.000000
0.142532 -0.063047 0.000000
-0.351152 0.078413 0.000000
0.158992 -0.060961 0.000000
0.392797 -0.024946 0.000000
-0.053736 -0.082238 0.000000
0.448361 -0.014626 0.000000
-0.218007 -0.087016 0.000000
-0.319759 0.083227 0.000000
0.296436 -0.041200 0.000000
0.315626 0.036011 0.000000
-0.279246 -0.084523 0.000000
-0.270299 0.088083 0.000000
0.225981 0.050967 0.000000
-0.277830 0.087525 0.000000
0.253387 0.046576 0.000000
0.282622 0.041716 0.000000
0.472157 -0.009977 0.000000
-0.485521 -0.019691 0.000000
-0.376367 -0.072239 0.000000
-0.057219 0.085299 0.000000
0.493314 0.001114 0.000000
0.276977 -0.044243 0.000000
-0.276797 0.087606 0.000000
0.239959 0.048748 0.000000
-0.487550 0.013082 0.000000
0.493782 -0.005625 0.000000
0.507527 -0.002015 0.000000
0.015495 0.078781 0.000000
-0.490164 0.004572 0.000000
-0.117469 0.088966 0.000000
-0.410027 -0.064025 0.000000
-0.095420 -0.084670 0.000000
-0.210291 0.090551 0.000000
0.453960 -0.013545 0.000000
0.401053 0.020154 0.000000
0.427498 -0.018587 0.000000
-0.490676 -0.001870 0.000000
-0.089235 0.087467 0.000000
0.238399 0.048997 0.000000
0.197407 -0.055851 0.000000
-0.251608 0.089207 0.000000
-0.240809 -0.086440 0.000000
0.180779 -0.058103 0.000000
0.306045 -0.039669 0.000000
-0.201761 0.090653 0.000000
0.157438 -0.061161 0.000000
0.027694 -0.075674 0.000000
-0.169981 0.090560 0.000000
-0.186820 -0.087220 0.000000
-0.281347 0.087250 0.000000
-0.212227 0.090523 0.000000
-0.233598 0.089976 0.000000
0.119251 0.066478 0.000000
0.270032 -0.045309 0.000000
0.441450 -0.015950 0.000000
-0.237468 -0.086553 0.000000
-0.353313 -0.076410 0.000000
-0.086433 -0.084204 0.000000
-0.311553 -0.081814 0.000000
-0.373303 0.073978 0.000000
0.196384 -0.055991 0.000000
-0.195081 -0.087226 0.000000
-0.069726 0.086202 0.000000
0.094855 0.069641 0.000000
-0.013921 0.081659 0.000000
0.340955 -0.033940 0.000000
-0.480367 -0.026851 0.000000
-0.200480 0.090664 0.000000
-0.203965 -0.087185 0.000000
-0.246851 -0.086222 0.000000
0.171265 0.059245 0.000000
0.400185 -0.023615 0.000000
0.085683 -0.069742 0.000000
0.261565 0.045234 0.000000
-0.392559 0.069258 0.000000
-0.490609 0.000857 0.000000
-0.109662 0.088593 0.000000
0.388635 -0.025690 0.000000
0.321806 -0.037114 0.000000
-0.228556 0.090144 0.000000
0.129532 0.065100 0.000000
-0.310610 -0.081911 0.000000
-0.151239 0.090186 0.000000
-0.043626 -0.081548 0.000000
0.119978 -0.065800 0.000000
0.285711 -0.042887 0.000000
-0.187286 0.090700 0.000000
-0.037354 0.083724 0.000000
-0.161067 -0.086944 0.000000
0.482956 0.003360 0.000000
0.162283 -0.060537 0.000000
0.354049 -0.031723 0.000000
0.434596 -0.017251 0.000000
0.061424 -0.072341 0.000000
-0.412331 0.063353 0.000000
0.344081 0.030907 0.000000
0.221103 -0.052536 0.000000
-0.280333 -0.084450 0.000000
0.038328 -0.074659 0.000000
0.503985 -0.003528 0.000000
0.340111 0.031629 0.000000
-0.352592 -0.076526 0.000000
0.147801 -0.062386 0.000000
0.070970 -0.071337 0.000000
0.346968 0.030379 0.000000
0.493594 0.001054 0.000000
-0.490114 0.004850 0.000000
0.465311 0.007120 0.000000
0.233414 0.049792 0.000000
-0.331723 -0.079507 0.000000
0.467472 0.006664 0.000000
0.450142 -0.014283 0.000000
-0.488826 -0.012513 0.000000
0.503088 -0.003714 0.000000
-0.395320 -0.067980 0.000000
0.434184 0.013559 0.000000
0.111449 -0.066809 0.000000
-0.159142 0.090372 0.000000
0.131418 -0.064420 0.000000
-0.185323 -0.087216 0.000000
-0.490287 0.003824 0.000000
0.506182 -0.003073 0.000000
-0.155109 0.090279 0.000000
-0.490657 -0.002588 0.000000
0.041423 -0.074358 0.000000
-0.099675 0.088070 0.000000
-0.079190 -0.083805 0.000000
-0.088359 0.087414 0.000000
0.376287 -0.027874 0.000000
0.278937 -0.043940 0.000000
-0.269256 0.088158 0.000000
0.139886 -0.063377 0.000000
0.058299 0.074081 0.000000
0.034659 0.076748 0.000000
0.073648 0.072261 0.000000
-0.436178 -0.055059 0.000000
-0.237463 0.089837 0.000000
0.362422 0.027524 0.000000
-0.101474 0.088167 0.000000
0.195741 0.055624 0.000000
0.115824 -0.066294 0.000000
-0.006953 0.081006 0.000000
0.166207 0.059977 0.000000
0.160636 -0.060749 0.000000
0.371210 -0.028763 0.000000
-0.031134 -0.080643 0.000000
0.298683 -0.040844 0.000000
-0.174763 -0.087138 0.000000
-0.452840 -0.047401 0.000000
-0.264432 -0.085418 0.000000
0.034310 -0.075047 0.000000
-0.359763 0.076803 0.000000
0.053903 -0.073113 0.000000
0.328307 0.033758 0.000000
0.138032 -0.063606 0.000000
-0.061207 -0.082725 0.000000
-0.350494 0.078528 0.000000
-0.484945 0.018050 0.000000
-0.367177 0.075305 0.000000
-0.023163 -0.080037 0.000000
-0.341515 -0.078189 0.000000
-0.354268 -0.076256 0.000000
-0.281494 -0.084372 0.000000
0.499450 -0.004464 0.000000
0.234515 -0.050605 0.000000
-0.172731 0.090598 0.000000
-0.218845 0.090393 0.000000
0.407698 -0.022249 0.000000
0.270542 0.043746 0.000000
-0.200935 -0.087208 0.000000
0.240430 -0.049742 0.000000
-0.220527 -0.086971 0.000000
0.060838 -0.072401 0.000000
-0.438526 -0.054095 0.000000
-0.207484 -0.087159 0.000000
-0.425086 0.058819 0.000000
0.280402 -0.043713 0.000000
-0.487833 0.012425 0.000000
-0.328983 -0.079853 0.000000
-0.228890 0.090133 0.000000
0.250722 -0.048222 0.000000
-0.185221 -0.087216 0.000000
0.256043 0.046142 0.000000
-0.364700 0.075815 0.000000
0.141860 0.063414 0.000000
-0.192755 -0.087232 0.000000
0.185486 0.057158 0.000000
0.273866 0.043190 0.000000
0.140218 0.063640 0.000000
0.312957 -0.038555 0.000000
0.423836 -0.019271 0.000000
0.284053 -0.043146 0.000000
0.153348 -0.061684 0.000000
-0.418040 -0.061579 0.000000
0.372307 -0.028571 0.000000
-0.263082 -0.085488 0.000000
0.214627 0.052739 0.000000
-0.136345 -0.086331 0.000000
-0.454605 -0.046458 0.000000
0.361683 0.027662 0.000000
0.054196 0.074555 0.000000
-0.230882 0.090067 0.000000
0.046798 -0.073827 0.000000
-0.197038 -0.087222 0.000000
0.028660 0.077397 0.000000
0.049347 -0.073572 0.000000
-0.128412 0.089435 0.000000
0.343724 0.030972 0.000000
-0.158531 0.090361 0.000000
-0.107996 0.088509 0.000000
0.486581 0.002578 0.000000
-0.028976 0.083009 0.000000
0.184912 -0.057549 0.000000
0.297622 -0.041012 0.000000
-0.271018 0.088031 0.000000
-0.379873 0.072467 0.000000
-0.045379 0.084379 0.000000
0.363740 0.027278 0.000000
0.136711 0.064123 0.000000
0.128813 0.065198 0.000000
-0.173445 -0.087122 0.000000
0.124484 0.065780 0.000000
-0.442770 -0.052265 0.000000
-0.395934 0.068334 0.000000
0.379123 0.024379 0.000000
0.339032 -0.034262 0.000000
-0.476102 0.029054 0.000000
0.465484 0.007084 0.000000
0.336485 -0.034688 0.000000
-0.226728 -0.086840 0.000000
-0.161041 0.090409 0.000000
-0.221325 -0.086956 0.000000
-0.203766 0.090635 0.000000
0.087487 0.070564 0.000000
-0.026201 0.082767 0.000000
0.146581 -0.062540 0.000000
0.343587 0.030997 0.000000
0.147049 0.062693 0.000000
-0.318792 -0.081046 0.000000
0.101406 0.068806 0.000000
-0.479497 -0.027840 0.000000
0.018960 -0.076482 0.000000
-0.385281 -0.070342 0.000000
-0.280064 0.087350 0.000000
-0.152624 0.090220 0.000000
0.145553 -0.062669 0.000000
-0.255847 -0.085843 0.000000
-0.133449 0.089625 0.000000
0.274542 -0.044618 0.000000
-0.262900 -0.085498 0.000000
-0.049803 -0.081974 0.000000
-0.418156 -0.061542 0.000000
0.343984 0.030924 0.000000
0.498406 -0.004678 0.000000
-0.060755 0.085559 0.000000
-0.303872 0.085115 0.000000
-0.065024 0.085870 0.000000
-0.421819 0.060042 0.000000
0.128154 0.065286 0.000000
0.043504 0.075769 0.000000
0.380055 0.024202 0.000000
0.154369 0.061665 0.000000
-0.286300 0.086829 0.000000
0.111211 -0.066837 0.000000
0.364879 0.027065 0.000000
-0.289326 -0.083797 0.000000
0.228167 0.050623 0.000000
0.401513 -0.023375 0.000000
-0.461634 0.040643 0.000000
0.073106 -0.071110 0.000000
-0.346062 0.079299 0.000000
0.427435 -0.018598 0.000000
-0.372158 0.074232 0.000000
0.313633 0.036362 0.000000
0.423521 0.015710 0.000000
-0.183730 -0.087210 0.000000
0.480617 -0.008289 0.000000
0.253177 0.046610 0.000000
-0.079571 0.086863 0.000000
-0.422164 0.059915 0.000000
0.265357 -0.046022 0.000000
0.003057 -0.077891 0.000000
0.338690 -0.034319 0.000000
-0.204715 -0.087180 0.000000
0.238393 -0.050040 0.000000
0.003370 -0.077864 0.000000
-0.454596 -0.046463 0.000000
-0.139264 -0.086421 0.000000
-0.490523 0.001926 0.000000
-0.196626 0.090689 0.000000
0.383014 -0.026688 0.000000
0.254517 0.046391 0.000000
0.365609 0.026929 0.000000
0.400790 0.020206 0.000000
-0.420908 0.060377 0.000000
0.122654 0.066025 0.000000
-0.239075 0.089773 0.000000
0.291426 -0.041991 0.000000
-0.383457 0.071601 0.000000
-0.122365 0.089183 0.000000
0.302623 0.038286 0.000000
-0.233205 0.089989 0.000000
0.502114 -0.000816 0.000000
0.316549 0.035848 0.000000
0.286558 -0.042755 0.000000
0.299939 -0.040644 0.000000
0.215140 -0.053381 0.000000
-0.469204 0.035153 0.000000
0.206524 0.053987 0.000000
0.257484 0.045906 0.000000
0.426555 0.015101 0.000000
-0.368330 0.075059 0.000000
0.445457 0.011255 0.000000
0.226536 -0.051758 0.000000
0.477296 -0.008954 0.000000
-0.019381 0.082159 0.000000
-0.490673 -0.002004 0.000000
0.371573 -0.028699 0.000000
-0.045981 0.084426 0.000000
-0.142689 0.089942 0.000000
0.445235 0.011301 0.000000
0.438740 0.012632 0.000000
-0.058784 -0.082568 0.000000
-0.347728 0.079014 0.000000
0.364460 0.027144 0.000000
-0.488962 -0.012105 0.000000
-0.258444 -0.085722 0.000000
0.468434 -0.010714 0.000000
-0.341326 0.080086 0.000000
0.469580 -0.010487 0.000000
0.210755 -0.053998 0.000000
-0.266150 0.088361 0.000000
0.185425 0.057167 0.000000
0.357115 -0.031199 0.000000
-0.056053 -0.082392 0.000000
0.074469 0.072162 0.000000
-0.046061 0.084433 0.000000
-0.061606 -0.082751 0.000000
-0.430982 -0.057087 0.000000
0.357083 0.028516 0.000000
0.161728 0.060620 0.000000
0.452222 0.009857 0.000000
0.301583 0.038466 0.000000
0.355662 0.028779 0.000000
-0.341986 -0.078123 0.000000
0.236969 0.049226 0.000000
-0.490678 -0.001651 0.000000
0.074243 -0.070988 0.000000
-0.023478 -0.080062 0.000000
-0.088633 -0.084323 0.000000
-0.314521 -0.081508 0.000000
-0.284162 0.087011 0.000000
-0.134471 -0.086271 0.000000
0.376410 -0.027853 0.000000
-0.215466 -0.087061 0.000000
-0.326376 0.082335 0.000000
-0.298072 -0.083082 0.000000
-0.489788 -0.009143 0.000000
-0.356392 0.077448 0.000000
-0.211199 0.090538 0.000000
0.451986 0.009906 0.000000
0.403863 -0.022948 0.000000
-0.012720 0.081548 0.000000
0.074755 0.072128 0.000000
0.132852 -0.064244 0.000000
-0.127372 -0.086033 0.000000
-0.262784 0.088580 0.000000
0.390661 -0.025328 0.000000
-0.173045 0.090603 0.000000
0.339515 -0.034181 0.000000
-0.351843 -0.076646 0.000000
-0.405439 0.065553 0.000000
0.476283 0.004792 0.000000
-0.248461 0.089364 0.000000
0.246293 0.047728 0.000000
0.446069 0.011129 0.000000
0.426569 0.015098 0.000000
-0.165142 0.090487 0.000000
-0.039971 0.083939 0.000000
-0.444966 0.050170 0.000000
-0.438127 0.053405 0.000000
-0.284397 -0.084164 0.000000
-0.464548 -0.040477 0.000000
-0.250509 -0.086079 0.000000
-0.358243 -0.075599 0.000000
-0.454444 0.045097 0.000000
0.167814 -0.059817 0.000000
0.248395 0.047388 0.000000
0.324391 0.034457 0.000000
-0.301891 0.085324 0.000000
0.452852 -0.013759 0.000000
0.148224 -0.062333 0.000000
0.204183 -0.054915 0.000000
0.186640 0.056987 0.000000
-0.403636 -0.065823 0.000000
-0.459384 0.042104 0.000000
0.307526 0.037432 0.000000
0.492369 0.001321 0.000000
-0.438334 -0.054175 0.000000
0.353911 -0.031747 0.000000
-0.258917 0.088808 0.000000
0.392636 -0.024974 0.000000
0.049111 0.075137 0.000000
0.134317 -0.064064 0.000000
0.001800 0.080159 0.000000
0.275736 0.042877 0.000000
0.088635 0.070421 0.000000
-0.421406 -0.060477 0.000000
-0.444635 0.050334 0.000000
0.206133 0.054047 0.000000
-0.016179 0.081867 0.000000
-0.291710 0.086339 0.000000
0.159043 -0.060954 0.000000
-0.353475 -0.076384 0.000000
-0.275299 -0.084782 0.000000
-0.225462 -0.086870 0.000000
-0.447589 0.048842 0.000000
0.292230 0.040079 0.000000
-0.219682 0.090375 0.000000
-0.424571 -0.059402 0.000000
-0.277503 0.087551 0.000000
-0.461393 -0.042515 0.000000
0.111471 0.067503 0.000000
-0.124148 0.089258 0.000000
0.031986 0.077038 0.000000
0.249982 -0.048332 0.000000
0.336217 0.032335 0.000000
-0.213234 -0.087089 0.000000
-0.411128 -0.063703 0.000000
0.096476 -0.068534 0.000000
-0.393861 0.068907 0.000000
-0.442585 0.051334 0.000000
-0.490653 0.000012 0.000000
0.032359 0.076998 0.000000
-0.469673 0.034778 0.000000
-0.390691 0.069758 0.000000
0.331370 0.033208 0.000000
0.272127 -0.044989 0.000000
-0.020830 -0.079855 0.000000
0.413887 0.017630 0.000000
0.184625 -0.057588 0.000000
-0.263910 0.088507 0.000000
0.396877 -0.024212 0.000000
0.496136 -0.005144 0.000000
-0.166883 0.090516 0.000000
0.327765 0.033855 0.000000
0.450974 -0.014122 0.000000
0.183029 -0.057802 0.000000
-0.486682 -0.017570 0.000000
0.230642 0.050232 0.000000
0.116716 0.066813 0.000000
-0.280500 -0.084438 0.000000
0.463832 -0.011620 0.000000
0.377818 0.024627 0.000000
0.332462 0.033012 0.000000
-0.477107 0.028037 0.000000
-0.474741 0.030371 0.000000
0.495283 -0.005318 0.000000
-0.023222 0.082504 0.000000
0.066411 -0.071820 0.000000
0.006926 -0.077556 0.000000
-0.085727 -0.084166 0.000000
0.060985 0.073767 0.000000
0.206492 -0.054594 0.000000
-0.342275 0.079933 0.000000
-0.306638 -0.082300 0.000000
-0.059453 -0.082612 0.000000
0.419495 0.016515 0.000000
0.262521 0.045077 0.000000
0.299292 0.038863 0.000000
-0.436285 0.054225 0.000000
0.103863 -0.067690 0.000000
-0.289381 -0.083793 0.000000
-0.382401 -0.070974 0.000000
0.203005 0.054524 0.000000
-0.369382 -0.073609 0.000000
-0.432093 -0.056664 0.000000
-0.239724 -0.086477 0.000000
-0.127699 0.089407 0.000000
0.428114 0.014787 0.000000
0.038312 0.076346 0.000000
0.076573 0.071907 0.000000
0.121259 -0.065647 0.000000
0.061272 0.073733 0.000000
0.254316 0.046424 0.000000
0.258970 -0.046987 0.000000
-0.417675 0.061532 0.000000
0.327063 -0.036250 0.000000
0.164513 0.060221 0.000000
-0.409562 0.064256 0.000000
0.130951 0.064908 0.000000
-0.366525 0.075439 0.000000
0.343245 -0.033555 0.000000
-0.449627 -0.049042 0.000000
0.176920 -0.058617 0.000000
0.318000 0.035592 0.000000
-0.347024 0.079137 0.000000
-0.102396 -0.085007 0.000000
-0.102798 -0.085026 0.000000
-0.053884 -0.082248 0.000000
-0.422260 0.059879 0.000000
0.505956 -0.003120 0.000000
0.122657 0.066024 0.000000
0.173044 0.058987 0.000000
-0.310076 0.084416 0.000000
-0.066062 -0.083028 0.000000
0.085576 0.070802 0.000000
0.003746 -0.077832 0.000000
0.177290 0.058367 0.000000
0.365888 -0.029688 0.000000
-0.087747 0.087377 0.000000
0.249654 0.047183 0.000000
0.311878 -0.038729 0.000000
0.120651 0.066292 0.000000
0.253922 0.046488 0.000000
-0.249520 0.089316 0.000000
0.354548 0.028985 0.000000
-0.117957 -0.085680 0.000000
0.011710 0.079169 0.000000
-0.146678 0.090058 0.000000
0.036584 -0.074828 0.000000
-0.031907 -0.080700 0.000000
0.432551 -0.017637 0.000000
0.195983 -0.056046 0.000000
0.305941 0.037709 0.000000
0.207810 0.053790 0.000000
-0.296794 0.085848 0.000000
-0.204695 -0.087180 0.000000
-0.446880 0.049206 0.000000
0.150683 0.062184 0.000000
-0.235383 -0.086613 0.000000
-0.141772 -0.086491 0.000000
-0.414908 0.062488 0.000000
-0.280527 0.087314 0.000000
0.383224 0.023597 0.000000
-0.330118 -0.079712 0.000000
-0.453801 0.045464 0.000000
-0.457656 0.043181 0.000000
-0.219015 -0.086998 0.000000
0.192561 -0.056513 0.000000
0.358024 -0.031043 0.000000
-0.436017 0.054343 0.000000
-0.420153 0.060650 0.000000
-0.476169 0.028986 0.000000
-0.238918 0.089779 0.000000
-0.488089 -0.014494 0.000000
-0.041739 0.084084 0.000000
0.364937 -0.029852 0.000000
0.259792 -0.046863 0.000000
-0.020176 0.082230 0.000000
-0.392337 -0.068708 0.000000
0.332458 0.033013 0.000000
0.015408 0.078790 0.000000
0.139536 -0.063420 0.000000
0.357889 0.028367 0.000000
0.216353 0.052472 0.000000
-0.264036 0.088499 0.000000
-0.465860 0.037702 0.000000
-0.094441 0.087774 0.000000
0.454104 -0.013517 0.000000
-0.319030 -0.081020 0.000000
0.488972 -0.006604 0.000000
-0.230395 -0.086755 0.000000
-0.069622 -0.083246 0.000000
-0.427573 -0.058341 0.000000
-0.484787 0.018306 0.000000
0.354258 -0.031688 0.000000
-0.270896 0.088040 0.000000
-0.385585 0.071073 0.000000
-0.313269 -0.081637 0.000000
0.096297 -0.068554 0.000000
-0.293344 -0.083480 0.000000
-0.080439 0.086918 0.000000
-0.183592 0.090689 0.000000
0.300391 -0.040572 0.000000
0.289305 -0.042324 0.000000
-0.032623 0.083323 0.000000
0.085288 0.070838 0.000000
-0.094024 -0.084599 0.000000
-0.321816 0.082954 0.000000
-0.475642 0.029505 0.000000
0.269649 -0.045368 0.000000
-0.008827 -0.078892 0.000000
0.288250 -0.042490 0.000000
0.417495 0.016914 0.000000
0.422762 0.015863 0.000000
-0.304556 -0.082500 0.000000
-0.142600 0.089939 0.000000
0.227370 -0.051638 0.000000
0.170789 -0.059427 0.000000
-0.427540 -0.058353 0.000000
-0.277398 -0.084647 0.000000
0.395305 -0.024495 0.000000
-0.439329 -0.053757 0.000000
-0.212724 -0.087095 0.000000
-0.386872 0.070747 0.000000
-0.028823 0.082996 0.000000
0.019318 0.078385 0.000000
0.422228 0.015969 0.000000
-0.487359 0.013506 0.000000
0.447144 -0.014860 0.000000
-0.389919 -0.069281 0.000000
0.331385 0.033206 0.000000
-0.413276 0.063041 0.000000
-0.147283 0.090075 0.000000
-0.382740 0.071777 0.000000
0.112887 0.067317 0.000000
0.139307 -0.063448 0.000000
0.375828 0.025004 0.000000
-0.353202 -0.076428 0.000000
0.007147 -0.077537 0.000000
-0.331783 0.081561 0.000000
-0.000444 -0.078191 0.000000
-0.056472 0.085242 0.000000
0.198507 0.055207 0.000000
0.274657 -0.044600 0.000000
-0.484646 -0.021120 0.000000
-0.046129 -0.081721 0.000000
0.041970 -0.074304 0.000000
0.123249 -0.065409 0.000000
-0.230265 0.090087 0.000000
-0.348611 0.078859 0.000000
-0.243640 0.089586 0.000000
0.109222 -0.067069 0.000000
-0.089022 0.087454 0.000000
-0.461753 0.040564 0.000000
0.481967 -0.008018 0.000000
0.018828 0.078437 0.000000
0.386657 0.022940 0.000000
0.302984 -0.040159 0.000000
0.012238 -0.077088 0.000000
0.280519 -0.043695 0.000000
0.287704 -0.042575 0.000000
-0.412739 0.063218 0.000000
-0.114223 -0.085527 0.000000
0.142214 0.063365 0.000000
-0.245295 -0.086283 0.000000
0.216756 0.052409 0.000000
0.049150 0.075132 0.000000
-0.485263 -0.020124 0.000000
-0.124513 -0.085932 0.000000
-0.289888 0.086506 0.000000
0.421363 0.016142 0.000000
0.099138 -0.068232 0.000000
0.040918 0.076058 0.000000
0.139555 0.063732 0.000000
0.106286 0.068177 0.000000
0.062987 0.073532 0.000000
-0.298754 -0.083024 0.000000
0.373506 0.025444 0.000000
-0.021263 0.082328 0.000000
-0.428844 0.057347 0.000000
-0.308490 -0.082120 0.000000
-0.415874 -0.062263 0.000000
-0.405141 0.065644 0.000000
-0.131523 -0.086178 0.000000
0.131699 -0.064385 0.000000
-0.395139 0.068555 0.000000
-0.270898 0.088040 0.000000
0.209691 -0.054147 0.000000
-0.489985 -0.008242 0.000000
0.315457 -0.038150 0.000000
-0.228121 0.090156 0.000000
0.225663 -0.051883 0.000000
-0.147957 -0.086657 0.000000
0.267910 0.044184 0.000000
0.206024 -0.054659 0.000000
-0.419955 0.060721 0.000000
-0.353859 -0.076322 0.000000
-0.392744 -0.068610 0.000000
0.499913 -0.000331 0.000000
-0.150472 -0.086718 0.000000
0.478964 -0.008620 0.000000
0.183063 0.057517 0.000000
0.332786 -0.035303 0.000000
-0.388816 -0.069538 0.000000
-0.157269 0.090331 0.000000
0.342678 -0.033650 0.000000
-0.233330 0.089985 0.000000
-0.473866 0.031182 0.000000
0.349916 0.029839 0.000000
-0.322587 -0.080616 0.000000
-0.201007 -0.087208 0.000000
-0.032954 -0.080777 0.000000
0.381868 -0.026891 0.000000
0.445765 0.011192 0.000000
-0.489957 -0.008374 0.000000
0.225317 -0.051933 0.000000
-0.082283 0.087037 0.000000
0.427134 0.014985 0.000000
-0.388384 -0.069639 0.000000
0.431517 -0.017832 0.000000
0.023422 -0.076073 0.000000
-0.213434 -0.087086 0.000000
-0.130890 -0.086157 0.000000
0.437262 -0.016746 0.000000
-0.180993 -0.087190 0.000000
0.330751 0.033320 0.000000
-0.061337 -0.082733 0.000000
0.502888 -0.003755 0.000000
0.380781 0.024063 0.000000
-0.143589 -0.086542 0.000000
0.014256 -0.076907 0.000000
0.482217 -0.007968 0.000000
0.174829 -0.058895 0.000000
-0.438364 -0.054162 0.000000
-0.008119 -0.078833 0.000000
-0.484781 0.018315 0.000000
0.021775 -0.076224 0.000000
-0.252101 0.089182 0.000000
0.463890 0.007420 0.000000
-0.197841 -0.087220 0.000000
0.268735 -0.045508 0.000000
-0.014772 -0.079375 0.000000
-0.299891 -0.082924 0.000000
0.028218 -0.075625 0.000000
-0.362721 0.076217 0.000000
-0.433547 -0.056104 0.000000
-0.153940 -0.086800 0.000000
0.276559 0.042738 0.000000
0.452512 0.009797 0.000000
0.310104 0.036982 0.000000
0.170757 -0.059432 0.000000
0.271955 0.043510 0.000000
-0.193294 0.090699 0.000000
-0.065317 -0.082982 0.000000
-0.383938 -0.070639 0.000000
-0.262473 0.088599 0.000000
0.402581 -0.023181 0.000000
-0.482588 -0.024087 0.000000
0.474911 0.005085 0.000000
-0.139938 -0.086440 0.000000
0.085880 -0.069720 0.000000
0.326423 -0.036356 0.000000
0.422723 0.015870 0.000000
0.263312 -0.046332 0.000000
0.177183 0.058382 0.000000
-0.212905 -0.087093 0.000000
0.426559 -0.018762 0.000000
0.115526 0.066971 0.000000
-0.385344 0.071134 0.000000
-0.103399 -0.085053 0.000000
0.263250 -0.046341 0.000000
0.165638 0.060059 0.000000
0.317588 -0.037803 0.000000
-0.440372 0.052378 0.000000
0.395972 0.021143 0.000000
0.318607 -0.037637 0.000000
0.193312 -0.056411 0.000000
0.026733 0.077603 0.000000
0.442036 0.011958 0.000000
0.255621 0.046211 0.000000
0.211848 0.053169 0.000000
0.177517 -0.058538 0.000000
0.454515 0.009381 0.000000
-0.119918 -0.085756 0.000000
0.506107 -0.003089 0.000000
0.415411 0.017328 0.000000
0.006857 -0.077563 0.000000
-0.151665 -0.086747 0.000000
0.068525 0.072876 0.000000
-0.374377 -0.072642 0.000000
0.295882 0.039451 0.000000
-0.473134 -0.034006 0.000000
0.342381 -0.033700 0.000000
0.005117 0.079832 0.000000
-0.123861 0.089246 0.000000
-0.442753 0.051252 0.000000
0.130432 -0.064540 0.000000
0.408184 0.018757 0.000000
0.226538 -0.051758 0.000000
-0.333071 0.081372 0.000000
-0.490524 0.001917 0.000000
0.060970 0.073768 0.000000
-0.433051 -0.056297 0.000000
0.243811 0.048128 0.000000
-0.059424 -0.082610 0.000000
0.161518 -0.060635 0.000000
0.099650 -0.068173 0.000000
-0.195900 0.090691 0.000000
0.066919 -0.071767 0.000000
0.007959 0.079547 0.000000
-0.344060 -0.077825 0.000000
-0.022380 -0.079976 0.000000
0.047746 -0.073733 0.000000
-0.058512 -0.082551 0.000000
0.411535 -0.021547 0.000000
0.369688 0.026163 0.000000
0.137520 0.064012 0.000000
0.297626 -0.041012 0.000000
0.438903 -0.016435 0.000000
0.388109 -0.025783 0.000000
0.463465 -0.011692 0.000000
0.353636 -0.031794 0.000000
0.432965 0.013807 0.000000
0.136226 -0.063829 0.000000
-0.066060 0.085943 0.000000
0.440189 0.012336 0.000000
0.448907 -0.014521 0.000000
0.131298 -0.064434 0.000000
-0.314082 -0.081554 0.000000
0.311961 0.036656 0.000000
0.079776 -0.070389 0.000000
0.205211 0.054187 0.000000
-0.465956 -0.039517 0.000000
0.425059 -0.019043 0.000000
-0.265399 0.088410 0.000000
-0.257692 0.088880 0.000000
-0.104514 0.088330 0.000000
0.157215 0.061263 0.000000
-0.008687 -0.078880 0.000000
-0.331205 -0.079573 0.000000
0.302610 0.038288 0.000000
0.343719 -0.033475 0.000000
-0.377459 -0.072017 0.000000
0.246409 -0.048861 0.000000
-0.284653 0.086969 0.000000
-0.235099 0.089926 0.000000
0.379495 0.024308 0.000000
0.292878 -0.041763 0.000000
0.006998 -0.077550 0.000000
0.084864 -0.069832 0.000000
0.507668 -0.002764 0.000000
0.075804 0.072000 0.000000
0.367214 0.026628 0.000000
-0.448921 0.048147 0.000000
-0.412811 0.063194 0.000000
-0.046563 -0.081752 0.000000
-0.008611 0.081162 0.000000
0.183330 -0.057762 0.000000
-0.324068 0.082655 0.000000
0.374790 -0.028137 0.000000
-0.448679 0.048275 0.000000
0.243458 0.048185 0.000000
-0.259845 0.088753 0.000000
-0.407510 0.064908 0.000000
0.279709 -0.043820 0.000000
-0.361856 0.076388 0.000000
0.131415 0.064845 0.000000
0.136979 0.064086 0.000000
-0.097042 -0.084749 0.000000
-0.137311 -0.086361 0.000000
-0.031528 0.083230 0.000000
0.140633 -0.063284 0.000000
-0.233318 0.089985 0.000000
0.262943 0.045007 0.000000
0.098224 -0.068336 0.000000
0.024695 -0.075954 0.000000
-0.484952 0.018038 0.000000
0.492330 -0.005921 0.000000
-0.254050 0.089079 0.000000
0.347740 0.030238 0.000000
0.509210 -0.002444 0.000000
0.422116 0.015992 0.000000
0.029418 -0.075513 0.000000
-0.220152 -0.086977 0.000000
0.028535 -0.075595 0.000000
-0.452192 -0.047739 0.000000
-0.408193 0.064695 0.000000
-0.372246 -0.073059 0.000000
-0.475102 0.030026 0.000000
0.086977 0.070628 0.000000
-0.198231 -0.087219 0.000000
-0.395444 -0.067949 0.000000
0.391218 -0.025228 0.000000
-0.348621 0.078858 0.000000
0.358928 0.028174 0.000000
-0.026663 -0.080305 0.000000
-0.013344 0.081606 0.000000
-0.235652 0.089907 0.000000
0.036441 -0.074842 0.000000
0.074417 -0.070969 0.000000
-0.198967 0.090678 0.000000
0.194408 -0.056262 0.000000
-0.125560 0.089317 0.000000
0.131891 -0.064362 0.000000
-0.407702 0.064848 0.000000
0.004879 -0.077734 0.000000
0.342647 -0.033655 0.000000
0.385788 0.023107 0.000000
-0.331121 -0.079584 0.000000
-0.454435 -0.046551 0.000000
0.354787 0.028941 0.000000
0.437580 -0.016686 0.000000
-0.246873 -0.086221 0.000000
0.347381 0.030304 0.000000
0.193303 0.055991 0.000000
-0.206381 0.090610 0.000000
0.039638 0.076200 0.000000
-0.397040 -0.067552 0.000000
-0.212360 -0.087100 0.000000
0.289469 -0.042299 0.000000
-0.416007 -0.062221 0.000000
-0.140088 0.089855 0.000000
-0.229173 -0.086784 0.000000
-0.338025 -0.078676 0.000000
-0.109010 -0.085306 0.000000
0.295228 0.039564 0.000000
0.210600 0.053361 0.000000
-0.163993 0.090465 0.000000
0.320597 -0.037312 0.000000
0.238799 -0.049981 0.000000
0.365593 -0.029739 0.000000
0.049735 0.075066 0.000000
0.219470 -0.052768 0.000000
-0.186047 -0.087218 0.000000
0.197231 0.055400 0.000000
-0.396121 0.068282 0.000000
0.020568 -0.076335 0.000000
-0.254409 0.089061 0.000000
0.293137 -0.041722 0.000000
0.364152 0.027201 0.000000
0.464075 0.007381 0.000000
-0.424670 0.058976 0.000000
-0.273130 0.087879 0.000000
-0.059554 0.085471 0.000000
0.139798 0.063698 0.000000
0.340275 0.031600 0.000000
0.140722 0.063571 0.000000
-0.346364 0.079248 0.000000
0.191810 -0.056616 0.000000
0.218039 -0.052971 0.000000
-0.179993 -0.087183 0.000000
-0.315047 -0.081454 0.000000
0.024109 -0.076009 0.000000
0.025397 -0.075889 0.000000
-0.390263 -0.069201 0.000000
-0.041153 -0.081373 0.000000
0.289165 -0.042346 0.000000
-0.364570 0.075841 0.000000
0.079646 -0.070404 0.000000
0.154998 0.061576 0.000000
0.019133 -0.076466 0.000000
0.445727 0.011200 0.000000
-0.150538 0.090169 0.000000
-0.116434 -0.085620 0.000000
-0.359158 -0.075446 0.000000
-0.078888 0.086819 0.000000
0.495094 0.000726 0.000000
0.407137 -0.022352 0.000000
-0.447273 0.049006 0.000000
-0.045798 -0.081698 0.000000
0.213724 -0.053581 0.000000
-0.070044 -0.083271 0.000000
0.302170 -0.040289 0.000000
-0.228724 -0.086794 0.000000
0.346537 0.030458 0.000000
-0.014069 0.081673 0.000000
0.414027 -0.021089 0.000000
-0.429337 -0.057700 0.000000
-0.170885 -0.087092 0.000000
-0.483779 -0.022430 0.000000
0.084171 0.070976 0.000000
0.467422 0.006675 0.000000
0.225382 0.051062 0.000000
0.030410 -0.075418 0.000000
-0.471864 -0.035071 0.000000
0.274697 -0.044594 0.000000
0.157218 0.061262 0.000000
-0.174995 -0.087140 0.000000
0.362481 -0.030277 0.000000
0.262354 0.045104 0.000000
-0.265985 -0.085331 0.000000
-0.233855 0.089967 0.000000
-0.374189 -0.072679 0.000000
0.359129 0.028137 0.000000
-0.001389 -0.078271 0.000000
0.022676 -0.076141 0.000000
-0.367660 -0.073933 0.000000
0.421077 -0.019785 0.000000
0.058775 0.074025 0.000000
-0.002359 -0.078353 0.000000
-0.278635 -0.084564 0.000000
-0.307237 -0.082242 0.000000
-0.079021 0.086827 0.000000
-0.470623 0.034002 0.000000
-0.321545 -0.080736 0.000000
0.088461 -0.069434 0.000000
-0.354374 -0.076239 0.000000
0.417078 -0.020526 0.000000
-0.020640 -0.079840 0.000000
-0.020084 0.082222 0.000000
0.104469 -0.067620 0.000000
-0.476264 0.028891 0.000000
0.079788 -0.070388 0.000000
-0.123355 0.089225 0.000000
0.024903 -0.075935 0.000000
0.266556 0.044409 0.000000
0.007036 0.079640 0.000000
-0.256385 0.088957 0.000000
-0.070815 0.086278 0.000000
0.184983 0.057233 0.000000
0.216187 -0.053233 0.000000
-0.040287 0.083965 0.000000
-0.034955 0.083520 0.000000
0.479627 -0.008488 0.000000
-0.366513 -0.074144 0.000000
0.029938 0.077260 0.000000
0.224713 0.051167 0.000000
-0.331869 -0.079488 0.000000
0.379055 0.024392 0.000000
-0.037819 0.083762 0.000000
0.269894 0.043854 0.000000
0.337014 0.032191 0.000000
-0.027232 -0.080348 0.000000
0.047847 0.075280 0.000000
-0.147653 0.090086 0.000000
0.157033 -0.061213 0.000000
-0.208854 -0.087144 0.000000
0.490577 0.001711 0.000000
-0.150909 0.090178 0.000000
0.038797 -0.074614 0.000000
-0.189145 -0.087226 0.000000
0.345770 0.030599 0.000000
-0.025209 0.082680 0.000000
-0.005853 0.080902 0.000000
-0.462920 0.039777 0.000000
0.466005 -0.011193 0.000000
0.259347 -0.046931 0.000000
0.143947 -0.062870 0.000000
0.136401 -0.063808 0.000000
0.132694 -0.064263 0.000000
-0.062379 0.085679 0.000000
0.293587 -0.041651 0.000000
-0.425464 -0.059091 0.000000
0.244618 -0.049126 0.000000
-0.082944 -0.084015 0.000000
0.041367 0.076009 0.000000
-0.225998 -0.086857 0.000000
-0.093717 -0.084583 0.000000
0.139820 0.063695 0.000000
0.059570 -0.072532 0.000000
0.243834 0.048125 0.000000
-0.383669 -0.070697 0.000000
-0.281027 0.087275 0.000000
0.186273 0.057041 0.000000
0.157115 -0.061202 0.000000
0.369737 0.026154 0.000000
-0.244056 0.089567 0.000000
-0.426158 -0.058846 0.000000
0.278997 -0.043931 0.000000
-0.007110 -0.078750 0.000000
0.316808 -0.037930 0.000000
0.242612 0.048322 0.000000
-0.088188 0.087404 0.000000
-0.042413 -0.081463 0.000000
-0.133710 -0.086247 0.000000
0.029728 -0.075483 0.000000
0.298718 -0.040839 0.000000
0.334074 0.032722 0.000000
0.438869 0.012606 0.000000
-0.287920 -0.083907 0.000000
0.092202 0.069974 0.000000
0.425791 0.015255 0.000000
0.394226 0.021481 0.000000
-0.012659 0.081543 0.000000
-0.048557 0.084631 0.000000
-0.490133 0.004745 0.000000
0.190893 0.056352 0.000000
-0.276991 0.087591 0.000000
-0.419721 -0.061033 0.000000
-0.385884 -0.070206 0.000000
0.076271 -0.070769 0.000000
0.040670 0.076086 0.000000
-0.267782 0.088254 0.000000
-0.236236 0.089885 0.000000
0.382230 -0.026827 0.000000
0.191170 0.056311 0.000000
-0.316468 -0.081299 0.000000
0.231290 -0.051073 0.000000
-0.260707 -0.085608 0.000000
-0.201715 0.090653 0.000000
0.079466 -0.070423 0.000000
0.457573 0.008744 0.000000
0.350682 -0.032297 0.000000
0.228967 -0.051408 0.000000
-0.156549 0.090314 0.000000
0.028971 0.077364 0.000000
0.175884 -0.058755 0.000000
-0.167076 -0.087040 0.000000
-0.153170 0.090233 0.000000
-0.378117 0.072883 0.000000
0.380151 0.024184 0.000000
-0.425742 -0.058993 0.000000
-0.284431 -0.084162 0.000000
0.321491 0.034973 0.000000
0.383827 -0.026544 0.000000
0.249637 0.047186 0.000000
-0.412415 -0.063319 0.000000
0.232078 0.050004 0.000000
0.376906 -0.027766 0.000000
-0.001913 -0.078315 0.000000
0.121372 -0.065634 0.000000
-0.434295 0.055089 0.000000
-0.104883 0.088350 0.000000
-0.035743 -0.080984 0.000000
0.431112 0.014182 0.000000
-0.403705 0.066080 0.000000
0.007440 0.079600 0.000000
-0.079865 -0.083843 0.000000
-0.288657 0.086619 0.000000
0.246903 -0.048788 0.000000
0.452374 0.009826 0.000000
0.273052 -0.044847 0.000000
0.199383 -0.055579 0.000000
-0.191656 0.090704 0.000000
-0.132195 0.089578 0.000000
0.415837 0.017244 0.000000
0.206788 -0.054553 0.000000
-0.160689 0.090402 0.000000
0.389511 0.022391 0.000000
-0.130726 -0.086151 0.000000
-0.481749 -0.025176 0.000000
0.416957 -0.020548 0.000000
0.073201 0.072315 0.000000
-0.182675 -0.087202 0.000000
0.023972 0.077897 0.000000
-0.459590 0.041973 0.000000
-0.483901 -0.022250 0.000000
0.045865 0.075504 0.000000
-0.232232 0.090022 0.000000
-0.481827 -0.025078 0.000000
0.184582 -0.057594 0.000000
0.429438 0.014520 0.000000
0.134608 0.064410 0.000000
-0.239100 -0.086498 0.000000
-0.460556 -0.043032 0.000000
-0.102068 -0.084991 0.000000
0.264027 -0.046223 0.000000
-0.447533 0.048871 0.000000
0.483094 0.003331 0.000000
0.445063 -0.015259 0.000000
-0.118786 -0.085712 0.000000
0.487613 0.002354 0.000000
0.223406 0.051371 0.000000
-0.184869 0.090693 0.000000
-0.401931 0.066610 0.000000
0.173013 0.058992 0.000000
-0.245650 -0.086269 0.000000
0.325886 -0.036444 0.000000
-0.098635 -0.084826 0.000000
-0.076204 -0.083635 0.000000
-0.282012 0.087193 0.000000
-0.167362 0.090523 0.000000
-0.042019 0.084107 0.000000
-0.141211 0.089893 0.000000
0.445170 0.011314 0.000000
0.357236 -0.031179 0.000000
0.313067 0.036462 0.000000
-0.299658 0.085558 0.000000
0.282968 -0.043314 0.000000
0.271090 -0.045148 0.000000
-0.111442 0.088681 0.000000
0.254182 -0.047705 0.000000
-0.319115 0.083310 0.000000
-0.051270 0.084844 0.000000
-0.032523 -0.080746 0.000000
0.119438 0.066454 0.000000
0.197655 0.055336 0.000000
0.471618 -0.010084 0.000000
-0.245080 0.089520 0.000000
-0.467547 0.036442 0.000000
-0.168460 0.090538 0.000000
0.205986 0.054069 0.000000
-0.412854 0.063180 0.000000
0.127057 0.065434 0.000000
-0.228928 -0.086790 0.000000
-0.225986 -0.086858 0.000000
-0.437817 0.053545 0.000000
-0.226003 0.090213 0.000000
-0.423323 -0.059831 0.000000
-0.059077 -0.082587 0.000000
0.495151 -0.005345 0.000000
0.480842 0.003815 0.000000
-0.388502 0.070330 0.000000
0.180715 -0.058112 0.000000
-0.467643 -0.038322 0.000000
-0.468968 0.035340 0.000000
0.037557 0.076429 0.000000
0.122803 -0.065462 0.000000
0.432577 -0.017632 0.000000
-0.424386 -0.059466 0.000000
-0.377264 0.073080 0.000000
0.010515 -0.077240 0.000000
-0.146101 0.090041 0.000000
0.239411 -0.049891 0.000000
-0.058464 -0.082548 0.000000
0.157567 0.061212 0.000000
-0.265826 0.088382 0.000000
-0.446201 0.049551 0.000000
-0.282533 -0.084300 0.000000
0.319211 0.035378 0.000000
0.507865 -0.002090 0.000000
-0.456286 -0.045530 0.000000
-0.473897 -0.033345 0.000000
0.509114 -0.002463 0.000000
-0.479392 -0.027957 0.000000
-0.418154 0.061365 0.000000
-0.396962 0.068048 0.000000
0.359446 0.028078 0.000000
0.275261 0.042956 0.000000
-0.063662 0.085773 0.000000
-0.017848 -0.079621 0.000000
-0.285387 -0.084092 0.000000
-0.307284 0.084734 0.000000
-0.215274 0.090468 0.000000
-0.406178 0.065324 0.000000
-0.029346 -0.080509 0.000000
0.270027 -0.045310 0.000000
-0.384964 0.071230 0.000000
-0.352532 -0.076535 0.000000
-0.004692 0.080790 0.000000
-0.094781 0.087793 0.000000
-0.199298 0.090675 0.000000
0.248967 0.047295 0.000000
-0.373412 -0.072831 0.000000
0.054095 -0.073093 0.000000
-0.069878 0.086213 0.000000
-0.294122 -0.083417 0.000000
0.351262 0.029591 0.000000
-0.406179 0.065324 0.000000
-0.221445 -0.086954 0.000000
-0.037717 0.083754 0.000000
-0.224729 0.090248 0.000000
0.219036 -0.052829 0.000000
0.443765 0.011603 0.000000
0.110527 -0.066916 0.000000
-0.393092 0.069115 0.000000
0.057391 -0.072757 0.000000
-0.361525 0.076454 0.000000
-0.018120 -0.079642 0.000000
0.198339 0.055232 0.000000
-0.124133 -0.085918 0.000000
-0.129460 0.089474 0.000000
-0.077764 -0.083724 0.000000
0.322485 0.034797 0.000000
-0.423556 0.059396 0.000000
0.086877 -0.069610 0.000000
0.006243 -0.077616 0.000000
-0.253633 0.089101 0.000000
-0.199015 -0.087217 0.000000
-0.395966 0.068325 0.000000
-0.451231 -0.048234 0.000000
-0.330511 0.081748 0.000000
0.389407 -0.025552 0.000000
0.157088 -0.061206 0.000000
-0.287803 -0.083915 0.000000
-0.460558 -0.043031 0.000000
-0.435460 0.054588 0.000000
-0.000459 0.080381 0.000000
-0.093941 -0.084595 0.000000
0.144771 0.063010 0.000000
0.489405 0.001965 0.000000
0.352031 -0.032067 0.000000
0.430250 -0.018070 0.000000
0.471669 -0.010074 0.000000
-0.476224 0.028931 0.000000
0.442244 0.011915 0.000000
-0.316624 -0.081282 0.000000
0.424612 0.015492 0.000000
0.249553 -0.048395 0.000000
0.357646 -0.031108 0.000000
0.221578 0.051658 0.000000
0.036683 -0.074819 0.000000
0.099339 -0.068209 0.000000
0.319085 -0.037559 0.000000
0.382403 0.023754 0.000000
-0.138558 -0.086401 0.000000
0.115929 -0.066281 0.000000
0.065834 -0.071880 0.000000
-0.368718 -0.073734 0.000000
-0.241462 -0.086418 0.000000
0.460871 -0.012200 0.000000
-0.370796 0.074532 0.000000
0.413810 0.017646 0.000000
0.323348 0.034643 0.000000
-0.450655 0.047218 0.000000
-0.386284 -0.070116 0.000000
-0.084262 -0.084086 0.000000
-0.204041 -0.087185 0.000000
-0.094444 -0.084620 0.000000
0.430005 -0.018116 0.000000
0.401088 0.020147 0.000000
-0.040601 0.083990 0.000000
0.287453 0.040895 0.000000
-0.115396 0.088870 0.000000
-0.203227 0.090640 0.000000
0.420076 0.016400 0.000000
0.328996 -0.035931 0.000000
-0.268764 -0.085176 0.000000
0.334530 0.032640 0.000000
0.109710 -0.067012 0.000000
0.412975 -0.021282 0.000000
-0.173284 0.090606 0.000000
-0.435628 0.054514 0.000000
-0.475457 -0.031937 0.000000
-0.011221 0.081408 0.000000
-0.312159 -0.081751 0.000000
0.005039 0.079839 0.000000
-0.327627 -0.080018 0.000000
-0.490623 0.000623 0.000000
0.148363 -0.062316 0.000000
0.305339 0.037814 0.000000
-0.451867 -0.047908 0.000000
-0.247447 0.089411 0.000000
-0.188079 -0.087223 0.000000
0.091157 0.070106 0.000000
-0.419870 -0.060985 0.000000
-0.323143 0.082778 0.000000
0.336885 0.032214 0.000000
-0.016582 0.081904 0.000000
-0.010336 0.081325 0.000000
0.263878 -0.046246 0.000000
-0.438759 -0.053999 0.000000
0.299635 0.038804 0.000000
-0.277989 -0.084607 0.000000
0.193460 -0.056391 0.000000
0.125051 0.065704 0.000000
0.420858 -0.019825 0.000000
0.017358 -0.076628 0.000000
-0.250326 -0.086086 0.000000
-0.267828 -0.085228 0.000000
-0.174520 -0.087135 0.000000
0.042711 -0.074231 0.000000
-0.342135 -0.078102 0.000000
0.362161 -0.030332 0.000000
-0.011547 -0.079115 0.000000
0.164935 0.060160 0.000000
0.186100 0.057067 0.000000
0.044098 0.075703 0.000000
0.331752 -0.035475 0.000000
0.115687 0.066949 0.000000
-0.162060 -0.086960 0.000000
0.050444 0.074985 0.000000
0.407410 -0.022302 0.000000
-0.434902 0.054829 0.000000
-0.194444 -0.087228 0.000000
0.072924 0.072348 0.000000
0.030144 -0.075444 0.000000
0.221904 -0.052421 0.000000
-0.338551 -0.078606 0.000000
0.382109 -0.026849 0.000000
-0.403210 0.066230 0.000000
-0.210497 0.090548 0.000000
0.334186 0.032702 0.000000
0.047107 -0.073797 0.000000
-0.171423 -0.087098 0.000000
0.049607 0.075080 0.000000
-0.301467 0.085368 0.000000
0.399791 -0.023686 0.000000
0.184804 0.057259 0.000000
-0.426870 -0.058594 0.000000
0.325468 0.034265 0.000000
-0.038719 -0.081198 0.000000
-0.375739 -0.072366 0.000000
-0.099128 -0.084850 0.000000
0.056524 -0.072846 0.000000
0.020418 0.078270 0.000000
0.121231 0.066214 0.000000
-0.445116 0.050095 0.000000
0.094992 0.069623 0.000000
-0.128779 0.089449 0.000000
-0.323202 -0.080545 0.000000
0.119361 -0.065874 0.000000
0.299196 -0.040762 0.000000
-0.224675 0.090249 0.000000
0.448450 -0.014609 0.000000
-0.082068 -0.083968 0.000000
-0.148641 0.090115 0.000000
-0.442978 -0.052172 0.000000
0.314098 -0.038370 0.000000
-0.356221 0.077480 0.000000
-0.137339 -0.086362 0.000000
0.353544 -0.031810 0.000000
-0.362480 -0.074869 0.000000
0.173554 -0.059063 0.000000
-0.215438 0.090464 0.000000
0.508827 -0.002303 0.000000
-0.327478 -0.080036 0.000000
-0.445870 -0.050852 0.000000
0.138371 -0.063564 0.000000
0.358281 0.028294 0.000000
-0.281358 0.087249 0.000000
0.084760 -0.069844 0.000000
-0.382179 0.071914 0.000000
-0.464519 0.038664 0.000000
-0.098540 0.088009 0.000000
0.157702 -0.061127 0.000000
0.374967 0.025167 0.000000
-0.169100 0.090547 0.000000
0.099915 -0.068143 0.000000
0.052435 -0.073262 0.000000
-0.421383 0.060202 0.000000
-0.003490 -0.078448 0.000000
-0.331718 0.081571 0.000000
0.063015 0.073529 0.000000
-0.074521 -0.083538 0.000000
-0.171320 0.090578 0.000000
-0.209503 0.090563 0.000000
0.005559 -0.077675 0.000000
-0.120075 -0.085762 0.000000
0.387721 -0.025852 0.000000
-0.375369 -0.072441 0.000000
-0.421895 -0.060314 0.000000
-0.374785 -0.072560 0.000000
-0.055412 0.085161 0.000000
0.281035 -0.043615 0.000000
0.388488 -0.025716 0.000000
0.061228 0.073738 0.000000
-0.231871 -0.086713 0.000000
0.105737 0.068249 0.000000
0.425860 -0.018893 0.000000
0.495937 -0.005185 0.000000
-0.023723 -0.080081 0.000000
0.494034 0.000957 0.000000
-0.349153 -0.077062 0.000000
0.068683 0.072858 0.000000
-0.308134 0.084639 0.000000
0.416893 0.017034 0.000000
0.505516 -0.001568 0.000000
-0.132774 0.089600 0.000000
0.311872 -0.038730 0.000000
0.242048 0.048412 0.000000
0.084667 0.070915 0.000000
-0.150404 -0.086716 0.000000
0.268338 -0.045568 0.000000
0.153790 -0.061627 0.000000
-0.453266 -0.047176 0.000000
-0.272998 -0.084924 0.000000
0.227870 0.050670 0.000000
-0.073829 -0.083497 0.000000
0.149394 0.062365 0.000000
-0.173537 0.090609 0.000000
-0.135754 -0.086312 0.000000
0.417925 -0.020369 0.000000
-0.463969 -0.040862 0.000000
0.472594 0.005578 0.000000
0.182903 -0.057819 0.000000
-0.376613 0.073229 0.000000
0.219675 -0.052738 0.000000
0.491597 -0.006070 0.000000
-0.251133 0.089232 0.000000
0.408267 0.018740 0.000000
0.475279 0.005006 0.000000
-0.241518 0.089676 0.000000
0.140484 0.063604 0.000000
-0.367785 0.075175 0.000000
-0.383161 -0.070808 0.000000
-0.044198 -0.081587 0.000000
-0.089253 -0.084355 0.000000
0.037351 0.076452 0.000000
-0.098055 0.087981 0.000000
-0.261511 0.088655 0.000000
0.235593 0.049445 0.000000
-0.214007 0.090495 0.000000
0.027865 0.077482 0.000000
-0.159134 -0.086905 0.000000
0.080354 -0.070326 0.000000
-0.436044 0.054331 0.000000
0.481585 -0.008095 0.000000
0.232045 0.050010 0.000000
-0.082581 0.087056 0.000000
0.438231 -0.016562 0.000000
0.225743 0.051005 0.000000
0.356824 0.028564 0.000000
-0.467922 -0.038117 0.000000
-0.314851 0.083846 0.000000
0.152904 0.061872 0.000000
0.199788 0.055013 0.000000
0.197272 0.055393 0.000000
0.094132 -0.068799 0.000000
-0.445369 -0.051086 0.000000
0.157718 -0.061125 0.000000
-0.292769 0.086242 0.000000
0.435090 -0.017158 0.000000
-0.097744 -0.084783 0.000000
-0.162688 0.090440 0.000000
-0.447854 0.048704 0.000000
-0.236963 0.089856 0.000000
-0.433278 0.055524 0.000000
0.491322 0.001549 0.000000
-0.414254 0.062710 0.000000
0.230356 0.050277 0.000000
0.065442 0.073242 0.000000
0.374329 -0.028218 0.000000
-0.454837 -0.046331 0.000000
-0.073926 -0.083502 0.000000
-0.490640 -0.002998 0.000000
0.375378 -0.028034 0.000000
0.061494 -0.072334 0.000000
-0.469663 0.034786 0.000000
0.251235 -0.048145 0.000000
-0.209834 -0.087132 0.000000
-0.053655 -0.082233 0.000000
0.247273 -0.048733 0.000000
0.121557 -0.065612 0.000000
0.483080 -0.007794 0.000000
0.074786 0.072124 0.000000
0.393095 0.021700 0.000000
0.336191 -0.034737 0.000000
-0.303021 0.085205 0.000000
-0.393791 0.068926 0.000000
-0.276335 0.087643 0.000000
0.266992 0.044337 0.000000
-0.057482 -0.082484 0.000000
-0.351648 0.078323 0.000000
0.335556 0.032454 0.000000
0.395339 -0.024489 0.000000
0.016257 0.078702 0.000000
0.428702 -0.018361 0.000000
-0.092518 0.087664 0.000000
-0.275027 -0.084799 0.000000
0.250613 0.047028 0.000000
0.498891 -0.004579 0.000000
-0.268495 0.088208 0.000000
-0.489483 0.007640 0.000000
-0.166109 0.090506 0.000000
0.496857 0.000340 0.000000
-0.441773 0.051719 0.000000
-0.035457 0.083563 0.000000
0.147522 0.062627 0.000000
0.459494 0.008342 0.000000
0.355366 -0.031499 0.000000
0.465465 -0.011299 0.000000
-0.475327 -0.032057 0.000000
0.153474 0.061792 0.000000
0.010957 0.079245 0.000000
0.450055 0.010306 0.000000
0.369755 0.026151 0.000000
-0.076160 0.086639 0.000000
-0.004268 0.080749 0.000000
0.503010 -0.001014 0.000000
-0.192293 0.090702 0.000000
0.432910 0.013818 0.000000
-0.150387 0.090165 0.000000
-0.228100 0.090156 0.000000
0.428665 -0.018368 0.000000
0.149639 0.062331 0.000000
-0.105554 -0.085151 0.000000
0.405120 -0.022719 0.000000
0.163664 0.060342 0.000000
0.394844 0.021362 0.000000
-0.393112 -0.068521 0.000000
-0.359987 -0.075305 0.000000
-0.022710 0.082458 0.000000
-0.273910 -0.084868 0.000000
0.325651 0.034233 0.000000
0.450070 -0.014297 0.000000
-0.148075 0.090098 0.000000
0.444552 0.011441 0.000000
-0.442269 0.051485 0.000000
0.381111 0.024001 0.000000
-0.397685 -0.067387 0.000000
-0.039254 0.083880 0.000000
-0.471015 -0.035758 0.000000
0.097694 -0.068397 0.000000
-0.202678 0.090645 0.000000
0.490696 -0.006254 0.000000
0.474403 0.005193 0.000000
-0.490654 -0.000025 0.000000
-0.434345 0.055068 0.000000
-0.107620 -0.085244 0.000000
0.125796 -0.065102 0.000000
-0.279147 -0.084529 0.000000
-0.063464 -0.082867 0.000000
0.319594 0.035310 0.000000
0.122127 0.066095 0.000000
-0.373310 -0.072851 0.000000
0.166977 -0.059926 0.000000
-0.490272 0.003922 0.000000
-0.300528 -0.082866 0.000000
0.243462 -0.049296 0.000000
-0.110516 0.088635 0.000000
0.457569 -0.012844 0.000000
0.506138 -0.001706 0.000000
0.237310 0.049171 0.000000
-0.120657 0.089111 0.000000
0.207534 0.053832 0.000000
0.317941 0.035602 0.000000
0.321204 -0.037213 0.000000
-0.403305 -0.065913 0.000000
-0.186962 0.090699 0.000000
0.023274 0.077971 0.000000
-0.018299 -0.079656 0.000000
0.356772 -0.031258 0.000000
-0.089188 0.087464 0.000000
0.148218 0.062530 0.000000
0.228772 -0.051436 0.000000
-0.050098 -0.081994 0.000000
0.017281 0.078597 0.000000
-0.213059 0.090510 0.000000
0.334758 -0.034975 0.000000
0.257177 -0.047257 0.000000
-0.023152 -0.080036 0.000000
0.072194 -0.071207 0.000000
0.341974 -0.033768 0.000000
0.118256 0.066610 0.000000
0.088936 0.070384 0.000000
0.319673 0.035296 0.000000
0.113790 0.067199 0.000000
0.295277 0.039555 0.000000
-0.221409 -0.086955 0.000000
-0.475490 0.029654 0.000000
-0.313200 -0.081644 0.000000
0.236007 -0.050388 0.000000
-0.203658 -0.087188 0.000000
0.204670 0.054270 0.000000
-0.140100 0.089856 0.000000
0.464176 0.007359 0.000000
0.168655 0.059624 0.000000
0.171559 -0.059326 0.000000
-0.478171 -0.029266 0.000000
-0.138661 -0.086404 0.000000
-0.310338 0.084385 0.000000
0.252573 -0.047946 0.000000
0.442597 0.011843 0.000000
-0.143577 0.089969 0.000000
-0.309526 -0.082020 0.000000
0.151760 0.062033 0.000000
0.019308 0.078386 0.000000
-0.317585 0.083502 0.000000
0.005442 -0.077685 0.000000
-0.482823 0.021250 0.000000
-0.055237 0.085147 0.000000
0.409482 0.018501 0.000000
-0.260668 -0.085610 0.000000
-0.282696 -0.084288 0.000000
-0.478625 -0.028787 0.000000
0.376491 -0.027839 0.000000
0.477866 0.004453 0.000000
0.295257 -0.041387 0.000000
0.114021 -0.066506 0.000000
-0.247031 -0.086215 0.000000
-0.291158 -0.083653 0.000000
0.354858 0.028928 0.000000
-0.251587 0.089208 0.000000
-0.238346 -0.086524 0.000000
-0.100614 -0.084921 0.000000
-0.008989 -0.078905 0.000000
-0.323206 0.082770 0.000000
0.489277 -0.006542 0.000000
0.301543 0.038473 0.000000
0.465377 -0.011316 0.000000
-0.118806 -0.085713 0.000000
-0.027689 -0.080383 0.000000
-0.021005 -0.079868 0.000000
0.236515 -0.050314 0.000000
0.012854 -0.077033 0.000000
-0.094251 -0.084610 0.000000
-0.375990 -0.072315 0.000000
0.375927 -0.027937 0.000000
0.131668 0.064810 0.000000
-0.064802 0.085854 0.000000
0.456533 -0.013045 0.000000
0.239748 0.048782 0.000000
0.294491 0.039691 0.000000
0.444008 0.011553 0.000000
-0.259014 0.088802 0.000000
0.315979 -0.038065 0.000000
0.054684 -0.073033 0.000000
-0.284397 -0.084164 0.000000
0.235152 -0.050513 0.000000
-0.324102 0.082651 0.000000
-0.093821 0.087738 0.000000
-0.168781 0.090543 0.000000
0.442525 0.011858 0.000000
0.320807 0.035095 0.000000
-0.060960 0.085574 0.000000
0.292519 0.040029 0.000000
-0.210615 -0.087122 0.000000
-0.170438 0.090566 0.000000
0.113501 0.067237 0.000000
-0.063355 0.085750 0.000000
-0.463086 -0.041439 0.000000
-0.437844 0.053532 0.000000
0.503484 -0.001119 0.000000
-0.398907 -0.067073 0.000000
-0.235781 -0.086602 0.000000
-0.222526 -0.086935 0.000000
0.286103 0.041125 0.000000
-0.005234 0.080842 0.000000
0.095831 0.069516 0.000000
-0.341267 -0.078224 0.000000
0.291669 0.040175 0.000000
0.424199 -0.019203 0.000000
0.279375 -0.043872 0.000000
0.412234 0.017958 0.000000
-0.170779 0.090571 0.000000
-0.046997 0.084507 0.000000
0.259916 0.045506 0.000000
-0.326461 -0.080160 0.000000
-0.414186 0.062733 0.000000
-0.488010 0.011999 0.000000
-0.162959 0.090445 0.000000
0.326791 -0.036295 0.000000
0.365521 -0.029751 0.000000
-0.408477 0.064604 0.000000
0.302064 -0.040306 0.000000
-0.153735 -0.086796 0.000000
-0.330104 0.081808 0.000000
-0.426721 0.058185 0.000000
0.443078 0.011744 0.000000
0.461887 0.007841 0.000000
0.484375 -0.007533 0.000000
-0.048260 -0.081869 0.000000
-0.169689 0.090556 0.000000
-0.422459 -0.060125 0.000000
0.314877 0.036143 0.000000
-0.252705 0.089150 0.000000
-0.286973 0.086772 0.000000
-0.181794 0.090683 0.000000
0.138770 -0.063515 0.000000
-0.231335 0.090052 0.000000
0.439238 -0.016371 0.000000
-0.391642 -0.068875 0.000000
-0.108257 0.088522 0.000000
-0.234014 -0.086652 0.000000
-0.031546 -0.080673 0.000000
0.262648 -0.046432 0.000000
0.369283 -0.029098 0.000000
0.412288 0.017947 0.000000
0.077975 -0.070586 0.000000
0.067165 0.073037 0.000000
0.188457 0.056716 0.000000
-0.135943 0.089717 0.000000
-0.171834 -0.087103 0.000000
-0.297582 0.085770 0.000000
0.052144 0.074792 0.000000
0.106708 0.068123 0.000000
0.009411 -0.077337 0.000000
0.483419 -0.007726 0.000000
0.132422 0.064708 0.000000
0.219340 -0.052786 0.000000
0.395334 -0.024490 0.000000
0.043122 -0.074191 0.000000
-0.303666 -0.082581 0.000000
-0.131039 0.089534 0.000000
0.509312 -0.002422 0.000000
0.194999 -0.056181 0.000000
-0.424867 0.058901 0.000000
0.300241 0.038699 0.000000
0.414425 -0.021015 0.000000
0.097814 -0.068383 0.000000
0.070605 0.072627 0.000000
-0.259694 0.088762 0.000000
-0.099619 0.088067 0.000000
0.086126 0.070733 0.000000
0.060060 -0.072482 0.000000
-0.153817 0.090248 0.000000
0.377477 -0.027665 0.000000
0.306428 -0.039607 0.000000
-0.234350 -0.086643 0.000000
-0.074355 0.086517 0.000000
-0.306049 -0.082357 0.000000
-0.325330 0.082481 0.000000
0.334015 -0.035099 0.000000
-0.230897 0.090066 0.000000
0.495139 0.000716 0.000000
-0.477982 -0.029462 0.000000
0.373909 -0.028291 0.000000
-0.214086 -0.087078 0.000000
0.359191 -0.030843 0.000000
0.073526 0.072276 0.000000
0.010721 -0.077222 0.000000
-0.470353 0.034225 0.000000
0.296997 0.039259 0.000000
0.356913 0.028548 0.000000
0.199218 -0.055602 0.000000
-0.113812 -0.085510 0.000000
0.115478 -0.066335 0.000000
0.097149 -0.068458 0.000000
-0.481721 -0.025212 0.000000
0.168762 -0.059693 0.000000
0.054874 -0.073014 0.000000
-0.269622 -0.085128 0.000000
0.024758 -0.075948 0.000000
-0.231709 0.090039 0.000000
0.432795 0.013841 0.000000
0.507564 -0.002023 0.000000
-0.191237 -0.087231 0.000000
0.300038 -0.040628 0.000000
-0.132940 -0.086223 0.000000
-0.453000 0.045921 0.000000
0.237764 -0.050132 0.000000
-0.390505 0.069807 0.000000
0.039328 0.076234 0.000000
0.312899 0.036491 0.000000
0.149845 -0.062128 0.000000
-0.489606 -0.009891 0.000000
-0.162603 0.090439 0.000000
-0.412891 0.063168 0.000000
0.021595 -0.076240 0.000000
-0.047817 0.084572 0.000000
-0.469832 -0.036684 0.000000
0.190120 0.056468 0.000000
0.346062 -0.033080 0.000000
0.104845 0.068364 0.000000
0.099668 -0.068171 0.000000
-0.364106 -0.074581 0.000000
-0.453612 0.045573 0.000000
-0.097239 -0.084759 0.000000
0.331469 -0.035522 0.000000
0.126912 0.065454 0.000000
0.341908 0.031303 0.000000
-0.192175 0.090702 0.000000
0.222301 -0.052364 0.000000
-0.158070 0.090351 0.000000
-0.049717 -0.081969 0.000000
-0.099646 0.088069 0.000000
-0.173165 -0.087119 0.000000
-0.270316 -0.085089 0.000000
-0.045746 0.084408 0.000000
0.331101 -0.035583 0.000000
0.374947 0.025171 0.000000
0.245576 0.047844 0.000000
-0.322269 -0.080653 0.000000
-0.180909 -0.087190 0.000000
0.152098 0.061986 0.000000
0.425296 0.015354 0.000000
-0.437491 0.053691 0.000000
-0.207310 -0.087160 0.000000
-0.028842 -0.080471 0.000000
-0.420569 0.060501 0.000000
0.247946 0.047460 0.000000
0.438446 -0.016522 0.000000
0.427441 0.014923 0.000000
0.124060 -0.065311 0.000000
-0.078659 0.086804 0.000000
0.253251 0.046598 0.000000
0.153899 0.061732 0.000000
-0.070430 -0.083294 0.000000
-0.034373 -0.080882 0.000000
-0.392771 0.069201 0.000000
-0.291531 -0.083623 0.000000
0.412653 -0.021341 0.000000
0.502793 -0.000966 0.000000
0.382970 -0.026696 0.000000
0.492109 -0.005966 0.000000
0.304985 -0.039839 0.000000
0.320674 -0.037300 0.000000
-0.299233 -0.082983 0.000000
-0.091400 -0.084465 0.000000
-0.000719 -0.078214 0.000000
0.361461 -0.030453 0.000000
-0.226487 0.090200 0.000000
-0.224013 0.090267 0.000000
-0.000168 -0.078168 0.000000
0.113518 0.067235 0.000000
0.331883 -0.035453 0.000000
-0.249148 0.089333 0.000000
0.326605 0.034062 0.000000
0.116554 0.066835 0.000000
-0.347610 0.079035 0.000000
-0.282392 -0.084311 0.000000
-0.372109 0.074242 0.000000
-0.222337 0.090313 0.000000
-0.150533 -0.086719 0.000000
0.224257 0.051238 0.000000
0.119637 -0.065841 0.000000
-0.454102 0.045292 0.000000
0.425065 0.015401 0.000000
-0.227557 -0.086821 0.000000
0.439616 -0.016299 0.000000
-0.397787 0.067813 0.000000
0.226977 0.050810 0.000000
0.222461 0.051520 0.000000
-0.471463 0.033298 0.000000
-0.450918 -0.048393 0.000000
0.288114 -0.042511 0.000000
0.191310 -0.056684 0.000000
-0.407853 0.064801 0.000000
-0.489882 0.006002 0.000000
0.503997 -0.003526 0.000000
0.415244 -0.020864 0.000000
-0.190087 -0.087229 0.000000
-0.479421 0.025525 0.000000
0.143381 0.063203 0.000000
0.217675 -0.053023 0.000000
-0.238732 -0.086511 0.000000
-0.100029 -0.084893 0.000000
-0.174233 0.090618 0.000000
0.332302 -0.035384 0.000000
-0.067664 0.086056 0.000000
-0.116674 0.088929 0.000000
-0.268089 -0.085214 0.000000
-0.270816 -0.085058 0.000000
-0.216768 0.090436 0.000000
0.255792 -0.047465 0.000000
-0.211374 0.090535 0.000000
-0.089262 0.087469 0.000000
0.477841 -0.008845 0.000000
-0.149429 -0.086692 0.000000
0.036025 -0.074882 0.000000
0.189231 0.056601 0.000000
-0.087600 -0.084267 0.000000
0.237969 0.049066 0.000000
0.052304 -0.073275 0.000000
0.509131 -0.002460 0.000000
0.370746 -0.028844 0.000000
-0.170557 -0.087088 0.000000
0.174303 0.058804 0.000000
0.063419 0.073482 0.000000
0.202151 0.054654 0.000000
0.447073 -0.014874 0.000000
0.076220 -0.070775 0.000000
0.023234 -0.076090 0.000000
0.078740 0.071643 0.000000
-0.015112 0.081769 0.000000
0.123753 0.065878 0.000000
0.217306 -0.053075 0.000000
-0.190414 -0.087229 0.000000
0.053058 0.074686 0.000000
0.509009 -0.002344 0.000000
-0.408220 0.064686 0.000000
0.346526 0.030460 0.000000
0.236292 -0.050346 0.000000
0.218963 -0.052840 0.000000
0.100861 -0.068035 0.000000
-0.367465 0.075243 0.000000
-0.484449 0.018847 0.000000
-0.476280 -0.031157 0.000000
0.398126 -0.023987 0.000000
0.146328 -0.062572 0.000000
0.471734 -0.010061 0.000000
-0.125470 -0.085966 0.000000
-0.071390 -0.083351 0.000000
-0.025528 0.082708 0.000000
-0.245595 0.089496 0.000000
-0.245665 0.089493 0.000000
-0.192578 -0.087232 0.000000
-0.453783 0.045474 0.000000
0.128488 -0.064776 0.000000
-0.195329 0.090693 0.000000
-0.345733 -0.077578 0.000000
0.218770 -0.052867 0.000000
-0.215966 -0.087052 0.000000
0.112715 -0.066661 0.000000
0.403824 -0.022955 0.000000
0.407704 0.018851 0.000000
0.298894 0.038932 0.000000
0.310900 -0.038887 0.000000
0.455710 -0.013206 0.000000
0.200204 0.054950 0.000000
0.415884 -0.020746 0.000000
-0.174874 0.090623 0.000000
0.104174 -0.067654 0.000000
0.038370 0.076340 0.000000
-0.277228 -0.084659 0.000000
0.347211 0.030335 0.000000
-0.467387 -0.038505 0.000000
-0.061683 0.085627 0.000000
0.201236 0.054793 0.000000
-0.359258 0.076902 0.000000
-0.112700 -0.085463 0.000000
0.376239 -0.027883 0.000000
0.077031 -0.070688 0.000000
0.096480 0.069434 0.000000
-0.040984 0.084022 0.000000
0.188900 -0.057011 0.000000
0.017514 0.078573 0.000000
0.142291 -0.063077 0.000000
0.255976 -0.047437 0.000000
0.506423 -0.003023 0.000000
-0.461166 0.040951 0.000000
0.045476 -0.073959 0.000000
-0.459680 0.041915 0.000000
0.204528 0.054292 0.000000
-0.212014 0.090526 0.000000
-0.347709 -0.077285 0.000000
-0.393483 -0.068432 0.000000
-0.125798 -0.085977 0.000000
0.304855 -0.039859 0.000000
-0.460862 0.041151 0.000000
0.352954 0.029279 0.000000
0.361993 0.027604 0.000000
0.408184 0.018757 0.000000
-0.167785 -0.087052 0.000000
0.186069 -0.057394 0.000000
0.127151 -0.064938 0.000000
0.091868 0.070016 0.000000
-0.007555 -0.078787 0.000000
-0.398769 0.067532 0.000000
-0.148212 -0.086663 0.000000
0.050898 0.074933 0.000000
-0.483353 -0.023040 0.000000
-0.236889 0.089859 0.000000
0.139066 0.063799 0.000000
-0.454014 0.045342 0.000000
-0.079024 -0.083795 0.000000
-0.454192 -0.046682 0.000000
-0.257655 0.088882 0.000000
-0.302350 0.085275 0.000000
0.137077 -0.063724 0.000000
0.351117 0.029618 0.000000
-0.278229 0.087494 0.000000
0.140641 -0.063283 0.000000
0.386207 0.023026 0.000000
0.069438 -0.071500 0.000000
-0.434709 0.054911 0.000000
-0.470022 0.034495 0.000000
-0.363281 -0.074730 0.000000
-0.033908 -0.080848 0.000000
0.243790 -0.049248 0.000000
-0.353931 -0.076310 0.000000
-0.398142 -0.067269 0.000000
-0.446646 -0.050487 0.000000
-0.242227 0.089647 0.000000
-0.330509 0.081748 0.000000
0.415436 0.017323 0.000000
-0.477195 -0.030263 0.000000
0.421435 0.016128 0.000000
0.100809 -0.068041 0.000000
0.271335 0.043613 0.000000
-0.286955 -0.083977 0.000000
0.062643 -0.072214 0.000000
-0.125116 0.089299 0.000000
-0.001416 0.080473 0.000000
-0.380272 0.072373 0.000000
-0.481213 0.023377 0.000000
0.448875 -0.014527 0.000000
0.458454 -0.012672 0.000000
0.485380 -0.007331 0.000000
-0.124309 0.089265 0.000000
-0.020097 0.082223 0.000000
-0.120770 0.089116 0.000000
-0.399594 0.067296 0.000000
-0.085247 0.087225 0.000000
-0.075256 -0.083581 0.000000
0.451990 0.009906 0.000000
-0.400571 -0.066641 0.000000
0.466676 0.006832 0.000000
-0.279639 -0.084496 0.000000
0.136977 -0.063737 0.000000
-0.240488 0.089717 0.000000
-0.017146 -0.079565 0.000000
-0.016802 0.081924 0.000000
-0.273223 0.087873 0.000000
-0.124746 -0.085940 0.000000
-0.394782 -0.068114 0.000000
0.264404 0.044765 0.000000
-0.081847 -0.083956 0.000000
0.204760 0.054256 0.000000
0.197421 -0.055849 0.000000
0.049717 -0.073535 0.000000
-0.251553 -0.086035 0.000000
0.079698 -0.070398 0.000000
0.242655 -0.049415 0.000000
-0.467138 -0.038684 0.000000
0.022413 0.078061 0.000000
-0.336369 0.080870 0.000000
0.399877 0.020384 0.000000
-0.164124 0.090468 0.000000
-0.123086 0.089214 0.000000
0.415313 -0.020852 0.000000
0.390622 -0.025335 0.000000
-0.319271 -0.080994 0.000000
0.432830 -0.017584 0.000000
-0.370780 -0.073345 0.000000
-0.488988 0.009314 0.000000
-0.377860 0.072944 0.000000
-0.326199 -0.080191 0.000000
-0.441195 0.051993 0.000000
-0.107446 -0.085236 0.000000
0.300060 0.038730 0.000000
-0.456542 0.043857 0.000000
0.184559 0.057295 0.000000
0.327149 0.033965 0.000000
0.082418 -0.070101 0.000000
-0.258082 0.088857 0.000000
-0.077244 0.086712 0.000000
-0.289213 0.086568 0.000000
-0.235426 -0.086612 0.000000
-0.442918 0.051173 0.000000
0.359643 -0.030765 0.000000
-0.155536 -0.086832 0.000000
0.260160 -0.046808 0.000000
0.333658 0.032797 0.000000
0.111764 -0.066772 0.000000
-0.127483 -0.086036 0.000000
-0.008717 0.081172 0.000000
0.380611 0.024096 0.000000
0.432400 -0.017666 0.000000
-0.482622 -0.024043 0.000000
0.426155 0.015182 0.000000
-0.318037 -0.081128 0.000000
0.238031 -0.050093 0.000000
-0.014425 -0.079347 0.000000
0.304669 -0.039889 0.000000
0.099071 -0.068239 0.000000
-0.176670 -0.087159 0.000000
0.395097 0.021313 0.000000
0.374179 0.025317 0.000000
0.049571 0.075084 0.000000
0.318081 0.035578 0.000000
-0.297907 0.085738 0.000000
-0.016665 -0.079527 0.000000
-0.426467 0.058284 0.000000
-0.164000 0.090465 0.000000
0.050473 0.074982 0.000000
-0.417933 0.061442 0.000000
-0.296883 0.085839 0.000000
-0.317869 0.083467 0.000000
0.408759 0.018643 0.000000
0.250137 0.047105 0.000000
0.083115 -0.070025 0.000000
-0.459621 -0.043597 0.000000
-0.157244 -0.086867 0.000000
0.341155 0.031440 0.000000
-0.111810 -0.085426 0.000000
-0.329346 -0.079809 0.000000
0.349765 -0.032453 0.000000
0.289448 -0.042302 0.000000
-0.020268 0.082239 0.000000
-0.312712 0.084103 0.000000
0.297903 0.039103 0.000000
0.199652 0.055033 0.000000
0.299831 0.038770 0.000000
0.128672 -0.064754 0.000000
-0.245267 -0.086284 0.000000
-0.309671 0.084464 0.000000
0.378545 0.024489 0.000000
0.422801 -0.019464 0.000000
-0.483208 0.020707 0.000000
-0.208172 0.090583 0.000000
-0.014552 -0.079357 0.000000
-0.225995 -0.086857 0.000000
0.272045 0.043495 0.000000
-0.287267 0.086747 0.000000
-0.096199 -0.084709 0.000000
-0.304203 -0.082532 0.000000
-0.097537 -0.084773 0.000000
-0.156037 0.090302 0.000000
-0.017887 0.082024 0.000000
0.201483 0.054756 0.000000
0.482334 0.003494 0.000000
0.264908 -0.046090 0.000000
0.314877 0.036143 0.000000
0.182435 0.057610 0.000000
-0.034534 0.083485 0.000000
0.280530 0.042069 0.000000
0.277022 0.042660 0.000000
-0.123675 -0.085901 0.000000
-0.062419 0.085682 0.000000
-0.153953 0.090252 0.000000
0.472787 0.005537 0.000000
-0.301693 0.085345 0.000000
0.120423 -0.065747 0.000000
0.403535 -0.023008 0.000000
0.323037 -0.036913 0.000000
0.181434 -0.058016 0.000000
-0.365528 -0.074323 0.000000
0.446520 0.011036 0.000000
0.441063 -0.016024 0.000000
-0.234242 0.089954 0.000000
-0.397121 0.068004 0.000000
0.186682 0.056981 0.000000
0.486028 -0.007200 0.000000
-0.262791 0.088580 0.000000
-0.151952 0.090203 0.000000
0.246114 -0.048905 0.000000
-0.067123 0.086018 0.000000
0.352074 0.029442 0.000000
-0.152622 -0.086770 0.000000
-0.479495 -0.027842 0.000000
0.368365 -0.029258 0.000000
0.107708 0.067993 0.000000
0.336426 -0.034697 0.000000
0.154274 -0.061566 0.000000
0.089619 -0.069305 0.000000
0.008525 0.079490 0.000000
0.454834 0.009315 0.000000
-0.441900 -0.052649 0.000000
-0.488922 -0.012226 0.000000
0.304716 0.037922 0.000000
-0.408584 0.064570 0.000000
0.416789 -0.020579 0.000000
-0.062457 -0.082804 0.000000
0.450464 0.010222 0.000000
0.380269 -0.027174 0.000000
-0.129964 -0.086124 0.000000
0.129261 0.065137 0.000000
0.284035 0.041476 0.000000
0.493537 0.001066 0.000000
0.295626 -0.041329 0.000000
0.337007 0.032192 0.000000
-0.452640 0.046123 0.000000
0.412205 -0.021424 0.000000
0.185979 -0.057406 0.000000
-0.429465 0.057099 0.000000
0.498948 -0.004567 0.000000
-0.175131 0.090626 0.000000
-0.258279 -0.085730 0.000000
0.084579 0.070926 0.000000
0.322185 0.034850 0.000000
-0.061983 0.085650 0.000000
0.504736 -0.001396 0.000000
0.411516 -0.021550 0.000000
-0.115565 -0.085584 0.000000
0.112222 0.067404 0.000000
-0.070699 -0.083310 0.000000
-0.129769 0.089486 0.000000
0.264270 -0.046186 0.000000
0.021815 0.078123 0.000000
-0.273202 -0.084911 0.000000
-0.224655 0.090250 0.000000
-0.076493 -0.083652 0.000000
0.381565 0.023914 0.000000
-0.207117 -0.087162 0.000000
-0.323364 -0.080527 0.000000
0.381668 -0.026926 0.000000
-0.447972 -0.049852 0.000000
0.222937 -0.052274 0.000000
0.348943 -0.032592 0.000000
-0.109078 -0.085310 0.000000
-0.282185 -0.084325 0.000000
-0.147118 -0.086637 0.000000
0.363932 -0.030026 0.000000
-0.088897 0.087447 0.000000
-0.190991 0.090706 0.000000
0.220617 -0.052605 0.000000
-0.479077 -0.028301 0.000000
0.025314 -0.075896 0.000000
-0.223324 -0.086919 0.000000
-0.103961 0.088301 0.000000
-0.196277 0.090690 0.000000
0.364460 -0.029935 0.000000
0.325166 -0.036563 0.000000
0.173996 -0.059005 0.000000
0.090289 0.070215 0.000000
-0.051239 -0.082071 0.000000
0.325224 -0.036553 0.000000
-0.076453 -0.083649 0.000000
0.379850 0.024241 0.000000
-0.112768 0.088748 0.000000
-0.211061 -0.087116 0.000000
-0.217516 -0.087024 0.000000
-0.160652 0.090401 0.000000
-0.326354 -0.080173 0.000000
0.435521 0.013288 0.000000
-0.476191 0.028965 0.000000
0.251175 0.046936 0.000000
-0.249238 0.089329 0.000000
0.207476 0.053841 0.000000
-0.376637 -0.072184 0.000000
0.265421 -0.046012 0.000000
-0.132044 0.089572 0.000000
0.061506 0.073706 0.000000
-0.257580 -0.085765 0.000000
-0.081203 -0.083919 0.000000
-0.488356 0.011116 0.000000
0.001512 -0.078024 0.000000
0.102151 -0.067887 0.000000
0.259681 0.045545 0.000000
-0.371289 -0.073246 0.000000
-0.305709 -0.082389 0.000000
-0.135176 0.089690 0.000000
-0.358118 0.077119 0.000000
-0.028575 -0.080451 0.000000
-0.260017 0.088743 0.000000
-0.295102 0.086014 0.000000
0.016311 -0.076722 0.000000
0.354951 -0.031570 0.000000
-0.127357 -0.086032 0.000000
-0.309957 0.084430 0.000000
-0.470655 0.033976 0.000000
-0.085936 -0.084177 0.000000
0.264138 -0.046206 0.000000
0.116788 0.066804 0.000000
0.490123 0.001809 0.000000
-0.321635 0.082978 0.000000
0.483109 0.003327 0.000000
0.345516 0.030645 0.000000
0.383978 -0.026518 0.000000
0.236158 0.049355 0.000000
0.258495 0.045739 0.000000
0.462128 0.007790 0.000000
0.195696 0.055631 0.000000
-0.100178 0.088097 0.000000
0.286175 -0.042815 0.000000
-0.058226 -0.082532 0.000000
-0.057026 -0.082455 0.000000
-0.029054 -0.080487 0.000000
0.500957 -0.004153 0.000000
0.202500 0.054601 0.000000
0.005018 0.079841 0.000000
0.444555 0.011441 0.000000
0.172046 -0.059262 0.000000
-0.182718 0.090687 0.000000
0.262667 -0.046429 0.000000
0.002789 -0.077914 0.000000
-0.486014 0.016194 0.000000
-0.363687 0.076023 0.000000
0.317970 -0.037741 0.000000
-0.479186 -0.028182 0.000000
-0.368598 -0.073756 0.000000
0.343484 0.031016 0.000000
-0.391056 0.069663 0.000000
0.496611 0.000394 0.000000
0.386579 -0.026056 0.000000
0.466573 -0.011081 0.000000
0.207853 -0.054404 0.000000
-0.431543 -0.056875 0.000000
-0.053163 -0.082200 0.000000
-0.047492 -0.081816 0.000000
-0.448323 0.048460 0.000000
-0.194381 -0.087228 0.000000
0.263203 0.044964 0.000000
0.433556 -0.017447 0.000000
0.403232 -0.023063 0.000000
0.380729 -0.027092 0.000000
-0.099247 0.088047 0.000000
0.319285 0.035364 0.000000
-0.358470 0.077052 0.000000
-0.449255 -0.049226 0.000000
-0.343107 -0.077965 0.000000
-0.017383 0.081978 0.000000
0.509030 -0.002349 0.000000
-0.271575 -0.085011 0.000000
-0.224068 0.090266 0.000000
-0.110117 0.088615 0.000000
-0.387076 -0.069937 0.000000
0.502872 -0.003758 0.000000
0.214428 -0.053482 0.000000
-0.487402 -0.016083 0.000000
-0.456036 -0.045670 0.000000
0.482599 0.003437 0.000000
0.194930 -0.056190 0.000000
-0.156945 -0.086861 0.000000
-0.482794 -0.023813 0.000000
0.151782 -0.061883 0.000000
-0.256807 0.088932 0.000000
-0.009103 -0.078914 0.000000
0.366286 -0.029619 0.000000
0.141858 -0.063131 0.000000
-0.457043 0.043557 0.000000
0.126622 0.065493 0.000000
0.074061 0.072212 0.000000
0.361923 -0.030373 0.000000
0.021374 0.078170 0.000000
0.134647 0.064405 0.000000
-0.282395 -0.084310 0.000000
0.232923 -0.050836 0.000000
-0.315660 0.083744 0.000000
-0.026055 0.082754 0.000000
-0.457244 -0.044988 0.000000
0.301134 -0.040454 0.000000
0.036602 -0.074826 0.000000
-0.006416 0.080955 0.000000
-0.286635 -0.084001 0.000000
0.491460 -0.006098 0.000000
-0.276793 -0.084688 0.000000
0.142449 -0.063057 0.000000
-0.285959 0.086858 0.000000
0.015392 -0.076805 0.000000
-0.059350 -0.082605 0.000000
0.461115 -0.012152 0.000000
-0.310331 -0.081940 0.000000
-0.339595 -0.078460 0.000000
-0.264806 0.088449 0.000000
-0.083168 -0.084027 0.000000
-0.359036 -0.075466 0.000000
-0.167124 -0.087041 0.000000
0.261890 0.045181 0.000000
-0.018370 -0.079662 0.000000
0.256555 -0.047350 0.000000
-0.405139 0.065644 0.000000
0.244009 0.048097 0.000000
-0.334654 0.081134 0.000000
0.336933 -0.034613 0.000000
-0.490391 0.003092 0.000000
0.109852 0.067715 0.000000
0.366335 0.026793 0.000000
-0.127580 0.089402 0.000000
-0.135432 -0.086302 0.000000
0.055196 0.074440 0.000000
0.420476 0.016320 0.000000
0.415951 0.017221 0.000000
-0.235448 0.089914 0.000000
-0.457822 -0.044656 0.000000
-0.205515 -0.087174 0.000000
-0.023668 0.082544 0.000000
0.274127 0.043146 0.000000
-0.234207 -0.086647 0.000000
0.183595 0.057438 0.000000
0.428534 0.014702 0.000000
-0.367556 -0.073953 0.000000
-0.233907 -0.086655 0.000000
0.456994 0.008865 0.000000
-0.158139 -0.086885 0.000000
0.088123 -0.069472 0.000000
-0.137510 -0.086368 0.000000
-0.232241 -0.086702 0.000000
0.297737 0.039132 0.000000
0.072475 -0.071178 0.000000
-0.069806 -0.083257 0.000000
-0.445550 0.049880 0.000000
-0.198896 0.090678 0.000000
-0.387480 0.070594 0.000000
0.387144 -0.025955 0.000000
-0.429348 -0.057696 0.000000
0.293213 0.039910 0.000000
-0.248111 0.089381 0.000000
0.112817 -0.066649 0.000000
-0.454945 -0.046272 0.000000
-0.211572 0.090532 0.000000
-0.308708 0.084575 0.000000
0.378223 -0.027534 0.000000
0.253001 -0.047882 0.000000
-0.237896 0.089819 0.000000
-0.050092 -0.081994 0.000000
0.093740 -0.068844 0.000000
-0.047137 -0.081791 0.000000
0.434606 -0.017249 0.000000
0.372508 -0.028536 0.000000
-0.075554 -0.083598 0.000000
-0.176682 0.090639 0.000000
-0.302132 0.085298 0.000000
-0.212059 -0.087104 0.000000
-0.195364 -0.087226 0.000000
0.080912 0.071377 0.000000
-0.349235 0.078750 0.000000
-0.068849 -0.083200 0.000000
0.253726 0.046521 0.000000
-0.054174 0.085066 0.000000
0.376784 -0.027787 0.000000
0.203581 -0.054998 0.000000
-0.352169 0.078228 0.000000
-0.367278 0.075283 0.000000
-0.454630 -0.046444 0.000000
0.265910 0.044516 0.000000
0.103879 0.068488 0.000000
0.452665 0.009766 0.000000
-0.020036 0.082218 0.000000
-0.106739 0.088446 0.000000
0.052554 0.074745 0.000000
-0.290095 0.086487 0.000000
-0.285262 -0.084101 0.000000
0.028668 0.077396 0.000000
-0.269187 -0.085152 0.000000
-0.265114 0.088429 0.000000
-0.131239 0.089542 0.000000
-0.268622 -0.085184 0.000000
-0.206186 0.090613 0.000000
-0.406407 -0.065059 0.000000
0.416490 0.017114 0.000000
0.235386 0.049478 0.000000
-0.372646 0.074123 0.000000
-0.344773 -0.077720 0.000000
0.137357 -0.063690 0.000000
0.038611 -0.074632 0.000000
0.168065 -0.059784 0.000000
0.414357 -0.021028 0.000000
-0.295564 -0.083294 0.000000
0.394621 0.021405 0.000000
-0.397048 -0.067550 0.000000
0.182271 -0.057904 0.000000
0.085042 -0.069812 0.000000
0.366128 -0.029646 0.000000
0.145975 -0.062616 0.000000
-0.009577 0.081253 0.000000
0.029588 -0.075497 0.000000
0.167095 -0.059911 0.000000
0.254602 -0.047643 0.000000
0.278826 -0.043957 0.000000
-0.112412 -0.085451 0.000000
0.466290 -0.011137 0.000000
0.452761 -0.013777 0.000000
0.283299 -0.043263 0.000000
0.482511 0.003456 0.000000
-0.203940 -0.087186 0.000000
0.344692 0.030795 0.000000
0.059767 -0.072512 0.000000
0.424441 -0.019158 0.000000
-0.289624 0.086531 0.000000
0.031858 -0.075281 0.000000
-0.437002 -0.054726 0.000000
0.486106 -0.007184 0.000000
0.054062 0.074571 0.000000
0.259186 -0.046955 0.000000
0.335652 -0.034827 0.000000
-0.395934 -0.067827 0.000000
-0.486262 -0.018371 0.000000
0.078004 -0.070582 0.000000
-0.134339 -0.086267 0.000000
-0.146136 -0.086613 0.000000
0.460226 0.008189 0.000000
0.079872 0.071505 0.000000
0.060913 0.073775 0.000000
0.502263 -0.003884 0.000000
-0.224703 -0.086887 0.000000
-0.190365 -0.087229 0.000000
-0.237369 -0.086557 0.000000
-0.303347 -0.082610 0.000000
0.508316 -0.002630 0.000000
0.397312 0.020883 0.000000
0.088263 -0.069456 0.000000
0.316077 0.035932 0.000000
0.343310 0.031048 0.000000
0.313179 0.036442 0.000000
0.303906 -0.040011 0.000000
0.168047 0.059711 0.000000
-0.178067 0.090651 0.000000
-0.223445 -0.086916 0.000000
0.175420 -0.058816 0.000000
-0.488133 0.011692 0.000000
-0.298937 0.085634 0.000000
0.389039 -0.025618 0.000000
-0.148202 -0.086663 0.000000
0.449870 0.010345 0.000000
-0.058065 0.085361 0.000000
-0.489277 -0.011088 0.000000
0.405178 -0.022709 0.000000
0.300723 0.038616 0.000000
-0.011030 -0.079073 0.000000
0.492860 -0.005813 0.000000
-0.038003 -0.081147 0.000000
-0.134245 -0.086264 0.000000
0.494593 0.000835 0.000000
-0.228091 0.090156 0.000000
0.416757 -0.020585 0.000000
-0.010622 0.081352 0.000000
-0.114475 -0.085538 0.000000
-0.272516 0.087923 0.000000
0.471418 -0.010123 0.000000
0.495956 -0.005181 0.000000
-0.028762 -0.080465 0.000000
0.289764 -0.042252 0.000000
-0.486350 -0.018207 0.000000
0.201324 0.054780 0.000000
-0.221238 -0.086958 0.000000
0.503286 -0.001075 0.000000
-0.121698 -0.085825 0.000000
0.431729 0.014057 0.000000
-0.365097 -0.074401 0.000000
-0.385643 -0.070260 0.000000
-0.486428 0.015416 0.000000
-0.181659 0.090682 0.000000
-0.260478 0.088716 0.000000
0.101726 0.068765 0.000000
0.284417 0.041411 0.000000
0.005022 0.079841 0.000000
0.206972 -0.054527 0.000000
-0.400078 0.067157 0.000000
-0.271370 0.088006 0.000000
-0.218113 -0.087014 0.000000
-0.465579 -0.039777 0.000000
0.018881 0.078431 0.000000
0.504141 -0.001264 0.000000
0.464386 0.007315 0.000000
0.039936 -0.074504 0.000000
-0.419527 -0.061096 0.000000
-0.326186 -0.080193 0.000000
0.007444 -0.077511 0.000000
0.304479 -0.039920 0.000000
0.319398 0.035345 0.000000
0.402285 0.019914 0.000000
-0.104793 -0.085116 0.000000
0.129318 0.065129 0.000000
0.137187 0.064057 0.000000
-0.109927 0.088606 0.000000
0.291093 -0.042044 0.000000
0.364760 0.027087 0.000000
-0.426600 0.058232 0.000000
-0.132305 0.089582 0.000000
0.350301 -0.032362 0.000000
-0.431416 0.056303 0.000000
0.095884 0.069510 0.000000
0.080753 0.071396 0.000000
0.251830 -0.048057 0.000000
0.425639 0.015285 0.000000
-0.343748 0.079689 0.000000
0.109889 -0.066991 0.000000
0.163200 0.060409 0.000000
0.260596 -0.046742 0.000000
-0.409455 0.064290 0.000000
-0.060457 -0.082676 0.000000
0.390040 -0.025439 0.000000
-0.340794 0.080172 0.000000
0.357414 0.028455 0.000000
-0.454083 0.045303 0.000000
0.112733 -0.066658 0.000000
-0.173765 0.090613 0.000000
-0.098154 0.087987 0.000000
0.371005 0.025915 0.000000
-0.482887 -0.023685 0.000000
0.476411 -0.009131 0.000000
0.260549 -0.046749 0.000000
0.358082 -0.031033 0.000000
-0.048457 -0.081883 0.000000
-0.127230 -0.086028 0.000000
-0.459125 0.042267 0.000000
0.136219 0.064190 0.000000
0.048904 0.075160 0.000000
0.217157 -0.053096 0.000000
0.449655 0.010389 0.000000
0.043975 -0.074107 0.000000
0.213222 -0.053651 0.000000
-0.259459 0.088776 0.000000
-0.477468 -0.029988 0.000000
0.242986 -0.049366 0.000000
-0.056728 -0.082435 0.000000
0.375317 -0.028045 0.000000
-0.070355 0.086246 0.000000
0.072827 -0.071140 0.000000
-0.446983 -0.050328 0.000000
-0.080823 0.086943 0.000000
-0.459074 -0.043923 0.000000
0.146317 0.062795 0.000000
-0.237137 -0.086563 0.000000
-0.473226 -0.033928 0.000000
0.500592 -0.000481 0.000000
0.245051 -0.049062 0.000000
-0.072715 -0.083430 0.000000
0.294381 0.039710 0.000000
0.273287 -0.044811 0.000000
-0.240223 0.089727 0.000000
-0.445022 0.050142 0.000000
-0.056645 -0.082430 0.000000
-0.444161 -0.051640 0.000000
-0.045012 -0.081644 0.000000
-0.416539 -0.062053 0.000000
0.095504 -0.068644 0.000000
0.073803 -0.071035 0.000000
0.256893 0.046003 0.000000
-0.044722 -0.081624 0.000000
0.508798 -0.002297 0.000000
-0.122136 -0.085842 0.000000
0.424160 0.015582 0.000000
0.095512 -0.068643 0.000000
-0.146574 -0.086623 0.000000
-0.180059 -0.087183 0.000000
0.447295 -0.014831 0.000000
0.206603 0.053975 0.000000
0.180043 0.057962 0.000000
-0.005490 -0.078617 0.000000
0.251419 -0.048118 0.000000
-0.184009 0.090690 0.000000
0.044011 -0.074103 0.000000
-0.284374 -0.084166 0.000000
0.019293 -0.076452 0.000000
-0.489399 0.007944 0.000000
-0.461738 0.040575 0.000000
0.409915 0.018416 0.000000
-0.490322 0.003591 0.000000
0.429048 0.014599 0.000000
-0.294460 -0.083388 0.000000
-0.087115 -0.084241 0.000000
0.244179 0.048069 0.000000
-0.470071 0.034456 0.000000
0.231266 0.050133 0.000000
-0.210312 0.090551 0.000000
0.357425 0.028453 0.000000
0.355421 -0.031489 0.000000
-0.265444 0.088407 0.000000
-0.101099 -0.084945 0.000000
0.028938 0.077367 0.000000
-0.340067 -0.078393 0.000000
-0.418937 -0.061288 0.000000
0.338285 -0.034387 0.000000
0.156740 0.061330 0.000000
-0.222009 0.090322 0.000000
-0.093043 -0.084549 0.000000
-0.074350 0.086517 0.000000
0.089763 -0.069289 0.000000
-0.459178 -0.043862 0.000000
-0.122324 0.089182 0.000000
-0.383769 0.071525 0.000000
0.365791 -0.029705 0.000000
0.290038 -0.042210 0.000000
0.155510 -0.061408 0.000000
-0.307104 -0.082254 0.000000
-0.294776 -0.083361 0.000000
-0.069390 0.086178 0.000000
0.055596 0.074393 0.000000
0.383244 -0.026648 0.000000
-0.343133 -0.077961 0.000000
-0.219389 -0.086991 0.000000
0.201026 0.054825 0.000000
-0.252210 -0.086005 0.000000
0.191277 0.056295 0.000000
0.398956 -0.023837 0.000000
-0.315469 -0.081408 0.000000
-0.133088 0.089611 0.000000
0.112788 0.067330 0.000000
-0.436848 0.053978 0.000000
0.318962 -0.037579 0.000000
0.479386 0.004128 0.000000
0.392363 -0.025023 0.000000
-0.117222 -0.085652 0.000000
-0.125942 -0.085982 0.000000
-0.468272 0.035885 0.000000
0.044756 0.075629 0.000000
0.392633 -0.024975 0.000000
0.327322 -0.036208 0.000000
-0.447784 0.048740 0.000000
0.243234 0.048222 0.000000
-0.094558 -0.084626 0.000000
0.453407 -0.013652 0.000000
0.199200 -0.055604 0.000000
0.152263 0.061963 0.000000
-0.408333 0.064650 0.000000
-0.221324 -0.086956 0.000000
-0.467579 0.036419 0.000000
-0.342701 -0.078022 0.000000
0.210766 -0.053997 0.000000
0.405127 -0.022718 0.000000
-0.154397 -0.086809 0.000000
0.251148 -0.048158 0.000000
-0.281777 0.087213 0.000000
-0.469481 -0.036955 0.000000
-0.236062 0.089892 0.000000
0.497155 -0.004935 0.000000
0.101332 0.068815 0.000000
-0.373354 -0.072842 0.000000
-0.033692 -0.080832 0.000000
0.048127 0.075249 0.000000
-0.303013 0.085206 0.000000
-0.395823 -0.067855 0.000000
0.004930 0.079850 0.000000
-0.008356 0.081138 0.000000
0.060343 0.073842 0.000000
0.136407 0.064164 0.000000
0.117961 -0.066040 0.000000
-0.462513 0.040053 0.000000
0.161797 0.060610 0.000000
-0.433676 -0.056053 0.000000
-0.376552 0.073243 0.000000
-0.317954 -0.081137 0.000000
0.194323 -0.056273 0.000000
-0.148860 0.090121 0.000000
0.372897 0.025559 0.000000
-0.204210 0.090631 0.000000
-0.319957 0.083201 0.000000
-0.480719 -0.026437 0.000000
-0.483732 -0.022497 0.000000
0.123697 0.065885 0.000000
-0.127367 -0.086032 0.000000
-0.005037 -0.078579 0.000000
0.465920 -0.011209 0.000000
0.007016 -0.077549 0.000000
-0.155929 0.090299 0.000000
0.089078 0.070366 0.000000
-0.261991 0.088627 0.000000
0.088482 -0.069432 0.000000
-0.285686 0.086881 0.000000
0.142206 0.063366 0.000000
0.339522 -0.034180 0.000000
0.086612 -0.069639 0.000000
0.417909 0.016832 0.000000
-0.202829 -0.087194 0.000000
0.132527 0.064694 0.000000
-0.361632 0.076433 0.000000
-0.486395 -0.018123 0.000000
0.095526 -0.068642 0.000000
-0.301830 0.085330 0.000000
-0.413564 -0.062974 0.000000
-0.310182 -0.081955 0.000000
-0.097052 0.087924 0.000000
-0.182565 -0.087202 0.000000
-0.083728 -0.084058 0.000000
0.185519 0.057153 0.000000
-0.001893 -0.078313 0.000000
-0.261928 0.088631 0.000000
0.501348 -0.000647 0.000000
0.202028 -0.055214 0.000000
0.505927 -0.001659 0.000000
-0.024255 0.082596 0.000000
-0.246312 -0.086243 0.000000
-0.141288 -0.086477 0.000000
0.210135 -0.054085 0.000000
0.022913 -0.076119 0.000000
-0.421578 0.060130 0.000000
0.313007 -0.038547 0.000000
-0.260017 -0.085642 0.000000
-0.265558 -0.085355 0.000000
0.003847 0.079957 0.000000
0.466525 -0.011090 0.000000
-0.427493 0.057884 0.000000
0.227181 -0.051665 0.000000
-0.056431 -0.082416 0.000000
-0.030786 0.083167 0.000000
0.109256 0.067792 0.000000
-0.120951 -0.085796 0.000000
0.080008 -0.070364 0.000000
-0.106586 0.088439 0.000000
0.422191 -0.019577 0.000000
0.137862 0.063965 0.000000
0.401990 -0.023288 0.000000
0.348784 -0.032619 0.000000
0.359115 -0.030856 0.000000
-0.370836 0.074524 0.000000
-0.085880 0.087263 0.000000
0.038730 0.076300 0.000000
-0.073497 0.086459 0.000000
0.106905 0.068097 0.000000
-0.403656 0.066095 0.000000
-0.445415 -0.051064 0.000000
0.220991 -0.052551 0.000000
0.033149 -0.075158 0.000000
-0.055950 0.085202 0.000000
0.323433 -0.036848 0.000000
-0.051508 -0.082089 0.000000
-0.061917 -0.082771 0.000000
0.055518 0.074402 0.000000
-0.163348 -0.086980 0.000000
-0.403965 -0.065733 0.000000
0.068089 0.072928 0.000000
-0.390405 -0.069168 0.000000
0.399622 0.020433 0.000000
-0.392688 0.069223 0.000000
-0.214368 -0.087074 0.000000
0.093043 0.069869 0.000000
-0.162824 -0.086972 0.000000
-0.410700 -0.063830 0.000000
0.418142 -0.020329 0.000000
-0.044800 0.084333 0.000000
0.481441 0.003686 0.000000
0.441991 -0.015847 0.000000
-0.392743 -0.068610 0.000000
-0.256508 0.088949 0.000000
-0.400517 -0.066655 0.000000
0.404068 0.019565 0.000000
0.111271 0.067529 0.000000
0.146239 0.062806 0.000000
0.321994 -0.037083 0.000000
-0.437942 -0.054337 0.000000
-0.292935 0.086227 0.000000
-0.196614 -0.087223 0.000000
0.338741 -0.034311 0.000000
-0.095024 -0.084650 0.000000
-0.482546 0.021630 0.000000
-0.490063 0.005121 0.000000
0.488888 0.002078 0.000000
-0.323224 -0.080543 0.000000
0.051380 -0.073369 0.000000
-0.489513 -0.010245 0.000000
0.355759 -0.031431 0.000000
0.221629 0.051650 0.000000
-0.053490 -0.082222 0.000000
-0.237986 -0.086536 0.000000
-0.342550 -0.078044 0.000000
0.266039 0.044495 0.000000
0.117771 0.066674 0.000000
0.423747 0.015665 0.000000
-0.265776 0.088385 0.000000
0.241637 -0.049565 0.000000
-0.283165 -0.084254 0.000000
0.243276 -0.049323 0.000000
0.142081 -0.063103 0.000000
-0.228491 -0.086800 0.000000
-0.382646 -0.070920 0.000000
-0.234246 0.089954 0.000000
-0.295273 0.085997 0.000000
-0.156733 -0.086856 0.000000
0.456716 -0.013010 0.000000
0.178081 0.058251 0.000000
0.382442 -0.026790 0.000000
0.484696 0.002985 0.000000
-0.131403 0.089548 0.000000
-0.364420 0.075872 0.000000
0.168170 0.059694 0.000000
-0.402599 0.066413 0.000000
-0.082490 0.087050 0.000000
-0.234473 0.089947 0.000000
-0.412206 0.063394 0.000000
0.229743 -0.051296 0.000000
-0.399734 -0.066861 0.000000
0.081467 0.071309 0.000000
-0.216102 0.090451 0.000000
0.258342 0.045765 0.000000
-0.142469 0.089935 0.000000
0.040760 -0.074423 0.000000
-0.258240 0.088848 0.000000
-0.431136 -0.057029 0.000000
0.494721 -0.005433 0.000000
0.048041 -0.073703 0.000000
0.284990 -0.043000 0.000000
-0.273524 0.087851 0.000000
0.384463 -0.026432 0.000000
-0.127033 0.089379 0.000000
-0.236569 0.089872 0.000000
-0.162774 -0.086971 0.000000
0.045607 -0.073946 0.000000
0.233216 -0.050794 0.000000
-0.044044 -0.081577 0.000000
-0.417095 0.061734 0.000000
-0.217331 -0.087028 0.000000
-0.155365 0.090286 0.000000
-0.054510 0.085092 0.000000
0.164923 0.060162 0.000000
-0.152970 -0.086778 0.000000
-0.313128 -0.081652 0.000000
-0.371170 0.074450 0.000000
-0.281183 0.087263 0.000000
0.306721 0.037573 0.000000
-0.482529 -0.024167 0.000000
-0.212003 0.090526 0.000000
-0.264189 0.088489 0.000000
0.057035 0.074227 0.000000
-0.073055 0.086429 0.000000
0.487919 0.002288 0.000000
-0.488277 0.011326 0.000000
0.346700 0.030428 0.000000
0.184388 -0.057620 0.000000
0.002998 -0.077896 0.000000
0.287450 0.040895 0.000000
0.011939 -0.077115 0.000000
-0.460237 -0.043226 0.000000
0.008513 0.079492 0.000000
0.374962 -0.028107 0.000000
-0.188364 0.090703 0.000000
0.377417 -0.027676 0.000000
-0.247632 -0.086191 0.000000
-0.078500 0.086794 0.000000
0.046562 0.075426 0.000000
-0.077647 -0.083717 0.000000
-0.464286 0.038828 0.000000
-0.420955 0.060359 0.000000
-0.433840 -0.055989 0.000000
-0.220279 0.090363 0.000000
-0.283281 0.087086 0.000000
0.398287 -0.023958 0.000000
0.262623 0.045060 0.000000
-0.071551 -0.083361 0.000000
-0.203152 -0.087192 0.000000
-0.436290 -0.055014 0.000000
-0.181702 -0.087195 0.000000
0.456555 -0.013041 0.000000
0.175430 -0.058815 0.000000
0.079687 0.071528 0.000000
-0.237890 0.089820 0.000000
0.305509 0.037784 0.000000
-0.250136 -0.086093 0.000000
0.138587 -0.063537 0.000000
0.383384 0.023567 0.000000
0.159329 -0.060918 0.000000
-0.171881 0.090586 0.000000
-0.353776 -0.076335 0.000000
-0.474471 0.030622 0.000000
-0.356138 0.077496 0.000000
0.084076 0.070988 0.000000
0.481907 0.003586 0.000000
0.273699 0.043218 0.000000
-0.331021 0.081673 0.000000
-0.230010 0.090096 0.000000
-0.314337 0.083910 0.000000
-0.340028 0.080295 0.000000
-0.117957 0.088988 0.000000
-0.271017 -0.085046 0.000000
-0.300592 0.085460 0.000000
-0.371298 -0.073245 0.000000
0.134301 -0.064066 0.000000
0.326224 -0.036389 0.000000
-0.358191 0.077105 0.000000
-0.149307 0.090134 0.000000
-0.112059 0.088712 0.000000
-0.251022 -0.086058 0.000000
-0.410221 0.064044 0.000000
-0.085535 -0.084155 0.000000
-0.068455 0.086112 0.000000
0.145733 -0.062647 0.000000
0.125625 -0.065123 0.000000
0.070715 -0.071364 0.000000
0.413282 -0.021226 0.000000
-0.071158 -0.083338 0.000000
-0.187324 0.090700 0.000000
-0.081493 -0.083936 0.000000
0.286459 0.041064 0.000000
-0.443854 -0.051780 0.000000
-0.234823 0.089935 0.000000
0.077736 0.071765 0.000000
0.252752 -0.047919 0.000000
0.491280 0.001558 0.000000
-0.239729 0.089747 0.000000
0.068119 0.072924 0.000000
-0.013986 -0.079311 0.000000
-0.334798 -0.079110 0.000000
0.161120 -0.060687 0.000000
0.358230 0.028304 0.000000
-0.006471 0.080960 0.000000
0.434106 -0.017344 0.000000
0.417320 0.016949 0.000000
-0.130766 -0.086152 0.000000
-0.433286 -0.056207 0.000000
0.145117 -0.062724 0.000000
0.305359 0.037810 0.000000
0.369166 0.026262 0.000000
0.449427 0.010436 0.000000
-0.453159 -0.047233 0.000000
-0.118563 0.089016 0.000000
-0.036220 0.083628 0.000000
0.122623 -0.065484 0.000000
-0.111961 -0.085432 0.000000
-0.490434 0.002745 0.000000
-0.340032 -0.078398 0.000000
-0.248881 0.089345 0.000000
0.120352 0.066332 0.000000
0.002876 -0.077907 0.000000
-0.327533 0.082174 0.000000
0.225997 -0.051835 0.000000
-0.454012 -0.046778 0.000000
-0.352178 -0.076592 0.000000
-0.361908 0.076378 0.000000
0.396816 -0.024223 0.000000
0.190746 -0.056761 0.000000
-0.402016 -0.066259 0.000000
-0.145950 0.090037 0.000000
-0.262113 0.088620 0.000000
-0.366241 -0.074194 0.000000
-0.210069 -0.087129 0.000000
0.321702 -0.037131 0.000000
-0.122621 0.089194 0.000000
0.396092 0.021120 0.000000
-0.465938 0.037644 0.000000
0.381850 0.023860 0.000000
0.177071 -0.058597 0.000000
0.154527 -0.061533 0.000000
0.074563 0.072151 0.000000
0.271850 -0.045031 0.000000
0.201453 -0.055293 0.000000
-0.389730 -0.069325 0.000000
0.399973 0.020365 0.000000
0.161619 0.060635 0.000000
0.158803 -0.060985 0.000000
0.299828 0.038770 0.000000
0.399766 0.020405 0.000000
0.478904 0.004231 0.000000
-0.166118 -0.087025 0.000000
0.030284 -0.075430 0.000000
-0.204959 0.090624 0.000000
-0.277049 -0.084671 0.000000
-0.332970 0.081387 0.000000
-0.170865 -0.087092 0.000000
0.298022 -0.040949 0.000000
0.184043 -0.057666 0.000000
-0.241843 -0.086405 0.000000
0.066277 -0.071834 0.000000
-0.259320 -0.085677 0.000000
-0.102121 -0.084994 0.000000
0.328175 -0.036067 0.000000
0.123273 -0.065406 0.000000
-0.379427 -0.071607 0.000000
-0.151867 -0.086751 0.000000
-0.088545 -0.084318 0.000000
-0.292517 0.086266 0.000000
-0.074702 -0.083548 0.000000
-0.405382 -0.065346 0.000000
0.423736 -0.019290 0.000000
-0.460500 0.041388 0.000000
-0.475052 -0.032309 0.000000
0.242175 -0.049486 0.000000
0.388890 0.022511 0.000000
0.455617 -0.013224 0.000000
0.357724 0.028398 0.000000
-0.286346 0.086825 0.000000
0.239397 -0.049893 0.000000
-0.282831 -0.084279 0.000000
0.381699 0.023889 0.000000
-0.474370 -0.032926 0.000000
-0.065575 -0.082998 0.000000
-0.095607 -0.084680 0.000000
0.000882 -0.078079 0.000000
-0.302316 -0.082704 0.000000
0.324600 0.034420 0.000000
0.229834 0.050359 0.000000
0.462131 -0.011953 0.000000
0.456342 0.009000 0.000000
0.457549 -0.012848 0.000000
0.506258 -0.001733 0.000000
-0.421107 -0.060577 0.000000
0.261753 -0.046568 0.000000
-0.025804 -0.080240 0.000000
-0.441620 -0.052772 0.000000
0.273106 0.043317 0.000000
-0.270581 -0.085073 0.000000
-0.273179 -0.084913 0.000000
0.402574 -0.023182 0.000000
0.006634 0.079681 0.000000
0.258323 0.045768 0.000000
0.175503 0.058628 0.000000
-0.088575 0.087427 0.000000
0.252716 -0.047925 0.000000
-0.085059 -0.084130 0.000000
0.474605 0.005150 0.000000
0.039098 -0.074585 0.000000
-0.138952 -0.086412 0.000000
-0.021561 -0.079912 0.000000
0.333217 0.032876 0.000000
-0.330351 -0.079682 0.000000
-0.345912 -0.077552 0.000000
-0.173233 0.090605 0.000000
-0.370079 0.074685 0.000000
-0.181626 -0.087195 0.000000
-0.370254 0.074648 0.000000
0.285641 -0.042898 0.000000
-0.082014 0.087019 0.000000
-0.355785 0.077563 0.000000
-0.083308 0.087102 0.000000
-0.050811 0.084809 0.000000
-0.454915 -0.046288 0.000000
-0.432308 0.055930 0.000000
0.332640 -0.035328 0.000000
-0.245565 -0.086272 0.000000
-0.393327 -0.068469 0.000000
-0.458113 0.042900 0.000000
0.247054 -0.048766 0.000000
0.451854 0.009934 0.000000
0.508975 -0.002336 0.000000
-0.390991 0.069680 0.000000
-0.058108 0.085364 0.000000
-0.147687 0.090087 0.000000
-0.202496 -0.087196 0.000000
-0.403092 -0.065971 0.000000
-0.006594 0.080972 0.000000
0.047423 -0.073765 0.000000
0.309095 -0.039178 0.000000
0.394050 0.021515 0.000000
-0.165901 -0.087021 0.000000
0.443510 -0.015556 0.000000
0.406544 -0.022460 0.000000
-0.064532 0.085835 0.000000
-0.258846 -0.085701 0.000000
-0.352773 0.078117 0.000000
-0.490597 -0.003736 0.000000
0.328276 0.033763 0.000000
-0.062152 -0.082785 0.000000
0.126098 0.065563 0.000000
0.136112 -0.063844 0.000000
-0.318497 -0.081078 0.000000
0.452714 -0.013786 0.000000
0.444891 -0.015292 0.000000
-0.277799 -0.084620 0.000000
0.029092 0.077351 0.000000
-0.071853 -0.083379 0.000000
0.469176 -0.010567 0.000000
0.238619 -0.050007 0.000000
0.188300 -0.057092 0.000000
-0.143435 -0.086538 0.000000
0.472369 0.005626 0.000000
0.365063 0.027031 0.000000
-0.046467 0.084465 0.000000
0.476277 0.004793 0.000000
-0.343168 0.079787 0.000000
0.345860 -0.033114 0.000000
0.056194 0.074324 0.000000
0.058648 -0.072627 0.000000
0.469467 -0.010510 0.000000
-0.185790 -0.087217 0.000000
0.176975 -0.058610 0.000000
0.150258 0.062244 0.000000
-0.136589 -0.086338 0.000000
-0.379136 0.072642 0.000000
0.365750 -0.029712 0.000000
-0.244873 0.089530 0.000000
-0.154205 -0.086805 0.000000
0.143940 -0.062871 0.000000
0.412610 -0.021349 0.000000
-0.100872 -0.084934 0.000000
-0.026488 -0.080292 0.000000
-0.072528 0.086394 0.000000
-0.451328 -0.048185 0.000000
-0.414943 -0.062550 0.000000
0.174169 0.058823 0.000000
0.318847 -0.037598 0.000000
-0.085706 0.087253 0.000000
0.043375 0.075784 0.000000
0.123301 -0.065402 0.000000
0.023175 -0.076095 0.000000
0.317034 -0.037893 0.000000
-0.328130 0.082090 0.000000
-0.259067 0.088799 0.000000
0.452332 -0.013860 0.000000
0.390405 -0.025374 0.000000
-0.270995 0.088033 0.000000
0.474431 0.005187 0.000000
0.250008 -0.048328 0.000000
-0.373566 0.073920 0.000000
0.245084 -0.049057 0.000000
-0.377713 -0.071966 0.000000
-0.064309 0.085820 0.000000
0.085481 0.070814 0.000000
0.005986 -0.077639 0.000000
-0.365525 -0.074324 0.000000
0.350844 -0.032269 0.000000
-0.184260 -0.087214 0.000000
0.467385 0.006682 0.000000
0.098779 -0.068273 0.000000
-0.406801 -0.064948 0.000000
-0.357230 -0.075769 0.000000
-0.341214 -0.078232 0.000000
-0.045655 -0.081688 0.000000
0.269860 0.043859 0.000000
0.127113 0.065426 0.000000
0.225680 -0.051881 0.000000
-0.487439 0.013331 0.000000
0.129432 -0.064661 0.000000
0.506899 -0.002924 0.000000
-0.465807 0.037740 0.000000
-0.456571 -0.045370 0.000000
-0.325669 0.082434 0.000000
0.287476 -0.042611 0.000000
-0.176356 0.090636 0.000000
-0.025946 0.082745 0.000000
0.215180 0.052653 0.000000
-0.292695 -0.083531 0.000000
0.265435 -0.046010 0.000000
-0.445529 0.049891 0.000000
-0.322263 -0.080653 0.000000
0.280372 -0.043718 0.000000
-0.203935 -0.087186 0.000000
0.116765 0.066807 0.000000
0.392277 -0.025039 0.000000
0.346030 0.030551 0.000000
0.484184 -0.007572 0.000000
0.034722 0.076741 0.000000
-0.283937 0.087030 0.000000
0.360062 -0.030693 0.000000
0.213612 0.052896 0.000000
-0.418469 -0.061440 0.000000
-0.304469 0.085049 0.000000
-0.313796 -0.081583 0.000000
-0.384276 0.071401 0.000000
-0.486993 0.014287 0.000000
-0.387391 0.070616 0.000000
0.436544 -0.016882 0.000000
-0.071564 0.086329 0.000000
-0.383589 0.071569 0.000000
-0.404019 0.065984 0.000000
0.237841 -0.050120 0.000000
0.198644 -0.055681 0.000000
0.185177 -0.057513 0.000000
0.395869 -0.024394 0.000000
0.105058 -0.067552 0.000000
0.248936 0.047300 0.000000
0.394464 0.021435 0.000000
0.440114 -0.016204 0.000000
-0.197348 0.090687 0.000000
0.019600 -0.076423 0.000000
-0.012829 -0.079218 0.000000
0.251841 -0.048055 0.000000
-0.129216 0.089465 0.000000
-0.272003 -0.084985 0.000000
0.177469 0.058341 0.000000
0.094109 0.069734 0.000000
-0.296095 -0.083249 0.000000
0.221298 0.051702 0.000000
0.059788 0.073907 0.000000
0.085129 0.070857 0.000000
-0.483385 0.020453 0.000000
0.248490 0.047372 0.000000
-0.388854 -0.069529 0.000000
0.008571 0.079486 0.000000
-0.115223 0.088862 0.000000
-0.398437 0.067627 0.000000
0.144353 0.063068 0.000000
0.361361 0.027722 0.000000
-0.030305 -0.080581 0.000000
0.204988 -0.054803 0.000000
-0.490659 -0.002549 0.000000
0.112028 0.067430 0.000000
0.419525 0.016509 0.000000
-0.040610 -0.081334 0.000000
-0.068637 0.086125 0.000000
0.219611 -0.052748 0.000000
-0.200369 0.090665 0.000000
-0.409706 -0.064118 0.000000
-0.394903 0.068620 0.000000
0.386561 0.022958 0.000000
-0.050259 0.084766 0.000000
0.132549 0.064691 0.000000
-0.265566 -0.085355 0.000000
0.115045 0.067034 0.000000
-0.261277 -0.085579 0.000000
-0.443408 0.050935 0.000000
-0.090472 0.087542 0.000000
0.291499 0.040204 0.000000
0.220210 -0.052662 0.000000
-0.290784 0.086424 0.000000
0.075057 -0.070900 0.000000
0.238788 0.048935 0.000000
0.183303 0.057481 0.000000
0.037447 -0.074745 0.000000
0.203306 -0.055037 0.000000
0.363095 0.027398 0.000000
0.170673 -0.059443 0.000000
0.403008 0.019772 0.000000
-0.487896 0.012274 0.000000
-0.454278 -0.046636 0.000000
-0.059778 -0.082633 0.000000
0.222480 -0.052339 0.000000
0.046468 -0.073860 0.000000
-0.173976 0.090616 0.000000
-0.169121 -0.087071 0.000000
-0.462864 0.039815 0.000000
-0.441280 -0.052920 0.000000
-0.326531 -0.080151 0.000000
-0.284746 -0.084139 0.000000
0.407885 -0.022215 0.000000
-0.404598 0.065809 0.000000
-0.444033 0.050632 0.000000
0.336950 0.032202 0.000000
-0.402870 -0.066032 0.000000
0.108329 0.067912 0.000000
-0.345669 0.079365 0.000000
-0.084372 0.087171 0.000000
0.080524 -0.070308 0.000000
0.433927 0.013612 0.000000
0.403821 0.019613 0.000000
0.490622 -0.006269 0.000000
0.391085 -0.025252 0.000000
-0.195392 -0.087226 0.000000
-0.399905 0.067207 0.000000
-0.150703 0.090173 0.000000
0.222931 -0.052274 0.000000
0.025948 -0.075837 0.000000
0.124616 0.065762 0.000000
0.150831 -0.062003 0.000000
-0.489415 -0.010605 0.000000
0.129557 -0.064646 0.000000
-0.333393 -0.079293 0.000000
0.384591 0.023336 0.000000
0.198368 -0.055719 0.000000
-0.296532 -0.083212 0.000000
-0.016898 0.081933 0.000000
0.364354 -0.029953 0.000000
0.078465 0.071677 0.000000
0.106185 0.068190 0.000000
0.340250 0.031604 0.000000
-0.479718 -0.027592 0.000000
0.006595 -0.077586 0.000000
-0.488330 -0.013884 0.000000
0.452951 -0.013740 0.000000
0.210264 0.053413 0.000000
-0.348915 -0.077099 0.000000
0.239704 0.048789 0.000000
0.465649 -0.011263 0.000000
-0.104180 0.088312 0.000000
-0.457737 0.043131 0.000000
-0.083782 -0.084061 0.000000
0.277950 0.042504 0.000000
0.120673 -0.065717 0.000000
0.256825 0.046014 0.000000
-0.241566 -0.086415 0.000000
-0.331706 -0.079509 0.000000
-0.479625 0.025289 0.000000
-0.001485 0.080480 0.000000
-0.124259 -0.085923 0.000000
-0.261394 0.088662 0.000000
-0.369019 0.074912 0.000000
0.346895 -0.032939 0.000000
0.439710 0.012434 0.000000
-0.390492 0.069810 0.000000
0.000967 0.080241 0.000000
-0.384388 0.071374 0.000000
0.154068 0.061708 0.000000
0.244560 -0.049134 0.000000
-0.275870 -0.084747 0.000000
0.013106 0.079026 0.000000
0.161108 0.060709 0.000000
-0.142363 -0.086508 0.000000
-0.057679 -0.082497 0.000000
-0.037400 -0.081104 0.000000
-0.016297 -0.079497 0.000000
0.106236 -0.067416 0.000000
0.261285 0.045280 0.000000
-0.064477 0.085831 0.000000
-0.349441 0.078713 0.000000
0.314221 0.036259 0.000000
0.254282 -0.047690 0.000000
-0.456517 -0.045400 0.000000
0.330730 -0.035644 0.000000
-0.109863 0.088603 0.000000
-0.490554 -0.004291 0.000000
-0.248261 -0.086167 0.000000
0.061329 0.073726 0.000000
0.292081 -0.041888 0.000000
0.246734 0.047657 0.000000
0.248689 -0.048524 0.000000
0.497422 0.000216 0.000000
0.213817 0.052865 0.000000
-0.017799 0.082016 0.000000
-0.478325 -0.029106 0.000000
-0.027770 0.082904 0.000000
-0.069458 -0.083237 0.000000
0.153659 0.061766 0.000000
-0.020755 -0.079849 0.000000
-0.234628 0.089941 0.000000
-0.357631 -0.075702 0.000000
-0.408392 0.064632 0.000000
-0.489875 0.006038 0.000000
-0.077513 0.086730 0.000000
-0.359567 0.076842 0.000000
-0.482398 0.021832 0.000000
0.262811 0.045029 0.000000
0.086506 0.070686 0.000000
-0.368666 -0.073744 0.000000
-0.385402 -0.070314 0.000000
-0.128618 0.089443 0.000000
-0.039051 -0.081222 0.000000
-0.467278 -0.038583 0.000000
0.164863 -0.060202 0.000000
-0.446525 -0.050544 0.000000
0.073343 0.072298 0.000000
-0.081860 0.087010 0.000000
-0.354934 -0.076149 0.000000
-0.337847 -0.078700 0.000000
0.264235 -0.046192 0.000000
-0.366266 0.075492 0.000000
-0.320909 -0.080810 0.000000
-0.369215 0.074870 0.000000
-0.077833 0.086751 0.000000
-0.116240 0.088909 0.000000
0.432481 0.013905 0.000000
0.045418 0.075555 0.000000
0.109240 -0.067067 0.000000
-0.490679 -0.001504 0.000000
0.242158 0.048394 0.000000
0.289861 0.040484 0.000000
0.372551 -0.028529 0.000000
0.166481 -0.059991 0.000000
-0.148941 -0.086681 0.000000
-0.125124 -0.085953 0.000000
-0.393067 0.069121 0.000000
0.486809 -0.007042 0.000000
0.196755 -0.055940 0.000000
0.335682 0.032432 0.000000
-0.446270 0.049516 0.000000
0.246460 0.047701 0.000000
-0.384715 -0.070469 0.000000
0.482408 -0.007929 0.000000
0.408871 -0.022035 0.000000
-0.010175 -0.079003 0.000000
-0.384911 0.071243 0.000000
0.373739 -0.028321 0.000000
0.200715 0.054872 0.000000
-0.289193 -0.083808 0.000000
0.392584 0.021799 0.000000
-0.389235 -0.069441 0.000000
0.412241 -0.021417 0.000000
-0.272545 -0.084952 0.000000
-0.429730 0.056991 0.000000
0.197289 -0.055867 0.000000
0.334273 -0.035056 0.000000
0.193239 0.056001 0.000000
-0.037530 -0.081113 0.000000
0.016011 -0.076749 0.000000
-0.218254 0.090405 0.000000
-0.362002 -0.074953 0.000000
-0.208318 -0.087151 0.000000
0.234315 -0.050634 0.000000
-0.490664 -0.000308 0.000000
0.103014 0.068599 0.000000
0.430198 -0.018080 0.000000
0.076090 -0.070789 0.000000
-0.217823 0.090414 0.000000
-0.490005 0.005418 0.000000
-0.190539 -0.087230 0.000000
-0.199947 -0.087215 0.000000
0.235441 0.049470 0.000000
0.095908 0.069507 0.000000
-0.102301 0.088211 0.000000
-0.162338 -0.086964 0.000000
-0.460579 -0.043018 0.000000
0.173559 0.058912 0.000000
-0.269625 0.088131 0.000000
-0.305123 0.084976 0.000000
0.190454 -0.056800 0.000000
0.378675 -0.027455 0.000000
-0.055677 -0.082368 0.000000
-0.241734 -0.086409 0.000000
0.497611 -0.004842 0.000000
-0.407974 -0.064618 0.000000
-0.191922 0.090703 0.000000
-0.302204 -0.082714 0.000000
-0.270052 0.088100 0.000000
-0.489910 0.005875 0.000000
-0.256786 0.088933 0.000000
-0.271886 -0.084992 0.000000
-0.393809 0.068921 0.000000
-0.345503 -0.077612 0.000000
-0.484417 -0.021477 0.000000
-0.078439 0.086790 0.000000
0.369816 -0.029006 0.000000
-0.299711 -0.082940 0.000000
0.266883 -0.045789 0.000000
-0.221077 -0.086961 0.000000
-0.426060 -0.058880 0.000000
-0.175171 -0.087142 0.000000
0.357127 -0.031197 0.000000
-0.062266 -0.082792 0.000000
0.172465 -0.059207 0.000000
-0.183411 -0.087208 0.000000
0.481990 0.003568 0.000000
0.318407 -0.037670 0.000000
-0.352342 0.078196 0.000000
0.150282 -0.062073 0.000000
0.153426 0.061798 0.000000
0.343334 0.031043 0.000000
0.128596 0.065227 0.000000
0.137327 0.064038 0.000000
0.502545 -0.003826 0.000000
0.311343 -0.038816 0.000000
-0.252853 -0.085976 0.000000
0.255421 -0.047520 0.000000
0.344215 -0.033391 0.000000
-0.432700 0.055766 0.000000
0.167605 0.059775 0.000000
0.101814 -0.067926 0.000000
0.377300 -0.027696 0.000000
0.139714 0.063710 0.000000
0.316744 0.035814 0.000000
0.077718 -0.070614 0.000000
-0.033822 -0.080842 0.000000
0.426443 0.015124 0.000000
0.414814 -0.020944 0.000000
0.199512 0.055054 0.000000
0.318805 0.035449 0.000000
-0.490529 0.001856 0.000000
0.095137 -0.068686 0.000000
-0.277186 -0.084661 0.000000
-0.419880 -0.060982 0.000000
0.210377 -0.054051 0.000000
-0.251145 0.089232 0.000000
0.381574 -0.026943 0.000000
0.502028 -0.000797 0.000000
0.307631 0.037414 0.000000
0.459811 0.008276 0.000000
0.057381 -0.072758 0.000000
-0.386667 0.070799 0.000000
0.008408 0.079502 0.000000
-0.131510 -0.086177 0.000000
-0.121373 0.089142 0.000000
0.484881 0.002945 0.000000
0.342861 0.031129 0.000000
-0.301930 0.085320 0.000000
-0.008282 0.081131 0.000000
0.324909 -0.036605 0.000000
0.145065 -0.062730 0.000000
0.314946 0.036131 0.000000
0.047525 0.075317 0.000000
0.372783 0.025580 0.000000
-0.209648 0.090561 0.000000
0.427558 0.014899 0.000000
0.487979 -0.006805 0.000000
-0.205989 -0.087170 0.000000
0.323274 0.034656 0.000000
0.369485 0.026201 0.000000
0.275854 0.042857 0.000000
-0.053521 -0.082224 0.000000
0.191168 0.056311 0.000000
-0.155639 0.090292 0.000000
0.311143 0.036799 0.000000
-0.487325 -0.016252 0.000000
0.405581 -0.022636 0.000000
0.051888 -0.073317 0.000000
-0.285539 -0.084081 0.000000
-0.399612 -0.066892 0.000000
0.036170 -0.074868 0.000000
0.464376 -0.011513 0.000000
-0.364898 -0.074438 0.000000
0.128627 -0.064759 0.000000
0.341363 -0.033871 0.000000
0.433525 -0.017453 0.000000
0.195282 -0.056142 0.000000
0.142948 -0.062995 0.000000
0.437610 -0.016680 0.000000
0.337922 0.032027 0.000000
-0.140200 0.089859 0.000000
0.070833 -0.071352 0.000000
0.073012 -0.071120 0.000000
-0.489632 0.007066 0.000000
-0.079630 -0.083830 0.000000
0.421189 0.016177 0.000000
0.037648 -0.074725 0.000000
-0.250472 -0.086080 0.000000
0.203678 0.054421 0.000000
-0.034295 0.083465 0.000000
-0.245468 0.089502 0.000000
0.353070 -0.031890 0.000000
0.439152 0.012548 0.000000
0.048945 0.075156 0.000000
0.020579 -0.076334 0.000000
0.215950 0.052534 0.000000
-0.267784 0.088254 0.000000
0.492875 -0.005810 0.000000
0.039584 0.076206 0.000000
0.296580 -0.041178 0.000000
-0.478461 -0.028962 0.000000
-0.482250 -0.024533 0.000000
0.346699 0.030428 0.000000
-0.121357 0.089141 0.000000
-0.417143 0.061717 0.000000
-0.095555 -0.084677 0.000000
-0.490054 0.005172 0.000000
0.434430 0.013509 0.000000
-0.134625 0.089670 0.000000
-0.031002 -0.080633 0.000000
0.478453 0.004327 0.000000
-0.110804 -0.085384 0.000000
-0.145761 -0.086603 0.000000
-0.409922 0.064140 0.000000
-0.269116 0.088167 0.000000
0.411886 -0.021482 0.000000
-0.067806 -0.083136 0.000000
0.036020 -0.074883 0.000000
0.238754 0.048940 0.000000
-0.458616 0.042586 0.000000
-0.172702 0.090598 0.000000
0.064874 0.073309 0.000000
-0.437653 -0.054457 0.000000
-0.292964 -0.083510 0.000000
-0.007888 0.081094 0.000000
-0.044239 -0.081590 0.000000
-0.240465 -0.086452 0.000000
-0.451067 0.046993 0.000000
-0.401253 -0.066460 0.000000
-0.340653 -0.078311 0.000000
-0.029510 -0.080522 0.000000
0.004922 0.079851 0.000000
0.300264 0.038695 0.000000
-0.216166 0.090449 0.000000
-0.194642 -0.087227 0.000000
0.030809 -0.075380 0.000000
-0.255807 -0.085844 0.000000
0.090474 -0.069209 0.000000
0.186811 -0.057294 0.000000
-0.449457 0.047861 0.000000
0.263793 0.044867 0.000000
0.046882 0.075390 0.000000
-0.071706 -0.083370 0.000000
0.082029 -0.070144 0.000000
0.320492 -0.037329 0.000000
-0.351979 0.078263 0.000000
-0.301827 -0.082748 0.000000
-0.071917 -0.083383 0.000000
-0.434539 0.054984 0.000000
-0.121949 0.089166 0.000000
0.300215 0.038704 0.000000
-0.269615 -0.085129 0.000000
-0.186339 -0.087219 0.000000
0.060077 -0.072480 0.000000
-0.215935 -0.087053 0.000000
-0.350250 0.078571 0.000000
0.360469 0.027888 0.000000
-0.448823 0.048199 0.000000
-0.411709 0.063558 0.000000
-0.363827 -0.074632 0.000000
0.210277 0.053411 0.000000
0.028910 0.077370 0.000000
-0.146343 0.090048 0.000000
0.420040 0.016407 0.000000
0.188298 -0.057092 0.000000
-0.389250 -0.069437 0.000000
0.370171 -0.028944 0.000000
-0.184625 -0.087214 0.000000
0.445662 0.011213 0.000000
-0.194305 0.090696 0.000000
0.149159 0.062398 0.000000
-0.404280 -0.065647 0.000000
0.116311 -0.066236 0.000000
-0.042611 -0.081477 0.000000
-0.296500 0.085877 0.000000
0.420089 -0.019968 0.000000
0.110220 -0.066952 0.000000
0.451186 -0.014082 0.000000
0.179104 0.058100 0.000000
0.303308 0.038167 0.000000
0.453386 0.009616 0.000000
-0.279379 -0.084514 0.000000
0.094954 0.069628 0.000000
-0.017480 0.081987 0.000000
-0.485823 -0.019165 0.000000
-0.069662 0.086197 0.000000
-0.358006 0.077140 0.000000
-0.372970 0.074052 0.000000
-0.403882 -0.065755 0.000000
-0.304950 -0.082463 0.000000
0.388881 -0.025646 0.000000
0.422012 -0.019611 0.000000
-0.377784 -0.071951 0.000000
0.370454 -0.028894 0.000000
0.421205 0.016174 0.000000
-0.158156 0.090353 0.000000
0.157479 -0.061156 0.000000
0.124383 0.065794 0.000000
0.078649 0.071654 0.000000
0.283624 -0.043212 0.000000
-0.344049 0.079638 0.000000
0.331775 0.033136 0.000000
0.309112 0.037155 0.000000
0.015445 0.078786 0.000000
-0.050504 -0.082021 0.000000
-0.424361 0.059092 0.000000
-0.365658 0.075617 0.000000
-0.390859 -0.069062 0.000000
-0.483136 -0.023345 0.000000
-0.018256 -0.079653 0.000000
-0.470557 -0.036119 0.000000
-0.428600 -0.057969 0.000000
0.113399 -0.066580 0.000000
-0.432678 0.055775 0.000000
-0.428552 0.057463 0.000000
-0.372862 -0.072938 0.000000
0.476337 -0.009145 0.000000
-0.421282 -0.060519 0.000000
-0.302838 -0.082656 0.000000
0.450849 -0.014147 0.000000
0.026660 0.077610 0.000000
0.433422 0.013714 0.000000
-0.072444 -0.083414 0.000000
-0.412234 -0.063373 0.000000
-0.157906 0.090347 0.000000
-0.205551 0.090619 0.000000
0.128034 0.065303 0.000000
0.194064 0.055877 0.000000
-0.090953 0.087572 0.000000
0.462700 0.007670 0.000000
0.014064 -0.076924 0.000000
0.508154 -0.002154 0.000000
-0.133765 -0.086249 0.000000
0.316095 -0.038046 0.000000
0.323851 0.034554 0.000000
-0.090342 -0.084411 0.000000
0.264112 0.044814 0.000000
-0.439714 0.052682 0.000000
0.008640 -0.077405 0.000000
-0.233709 0.089972 0.000000
0.261262 0.045284 0.000000
-0.390421 0.069829 0.000000
0.114690 -0.066427 0.000000
-0.159350 -0.086909 0.000000
0.171760 -0.059300 0.000000
-0.110292 -0.085362 0.000000
-0.436411 -0.054965 0.000000
-0.206825 0.090603 0.000000
0.310326 -0.038980 0.000000
-0.393837 -0.068347 0.000000
-0.409613 -0.064145 0.000000
-0.004181 -0.078506 0.000000
0.386853 0.022902 0.000000
-0.426213 0.058382 0.000000
0.401074 0.020150 0.000000
0.361335 -0.030474 0.000000
0.114205 0.067145 0.000000
0.034755 -0.075005 0.000000
0.504103 -0.001256 0.000000
0.311896 0.036668 0.000000
0.335311 -0.034883 0.000000
-0.293199 0.086201 0.000000
-0.416974 -0.061916 0.000000
-0.412207 -0.063381 0.000000
0.035037 0.076707 0.000000
-0.033636 0.083409 0.000000
0.236896 0.049237 0.000000
0.085575 0.070802 0.000000
0.007009 0.079643 0.000000
-0.489446 0.007774 0.000000
0.207257 0.053874 0.000000
0.384536 0.023346 0.000000
0.042246 -0.074277 0.000000
0.222167 0.051566 0.000000
0.096268 -0.068558 0.000000
-0.219061 -0.086997 0.000000
0.365681 -0.029724 0.000000
-0.260368 0.088722 0.000000
-0.397358 0.067936 0.000000
0.248215 0.047417 0.000000
-0.141007 -0.086470 0.000000
-0.471576 0.033202 0.000000
0.405287 0.019326 0.000000
-0.002339 0.080562 0.000000
-0.023263 -0.080045 0.000000
0.187141 -0.057249 0.000000
0.471089 -0.010189 0.000000
-0.212556 0.090518 0.000000
-0.133034 -0.086226 0.000000
0.477890 -0.008835 0.000000
0.252567 0.046710 0.000000
0.471316 -0.010144 0.000000
0.485124 -0.007382 0.000000
-0.445867 -0.050853 0.000000
0.303731 0.038094 0.000000
-0.143306 0.089961 0.000000
-0.250545 -0.086077 0.000000
0.399204 -0.023793 0.000000
0.086576 -0.069643 0.000000
0.136339 0.064173 0.000000
-0.226082 0.090211 0.000000
-0.439298 -0.053770 0.000000
0.438654 -0.016482 0.000000
0.466045 0.006965 0.000000
0.477887 0.004449 0.000000
0.001178 0.080221 0.000000
0.106562 -0.067378 0.000000
0.416097 0.017192 0.000000
-0.156012 0.090301 0.000000
-0.079382 0.086850 0.000000
-0.427660 0.057817 0.000000
0.365815 -0.029701 0.000000
0.174862 0.058722 0.000000
0.461378 -0.012101 0.000000
0.225194 0.051091 0.000000
-0.126811 -0.086013 0.000000
0.454228 -0.013493 0.000000
-0.116533 0.088922 0.000000
-0.257547 -0.085767 0.000000
0.336164 0.032344 0.000000
0.356351 -0.031330 0.000000
0.301071 0.038555 0.000000
-0.034029 0.083442 0.000000
-0.423344 -0.059824 0.000000
-0.284028 0.087022 0.000000
-0.472410 0.032483 0.000000
0.287755 0.040843 0.000000
0.196560 0.055501 0.000000
0.430155 0.014375 0.000000
-0.453286 0.045759 0.000000
0.267288 -0.045728 0.000000
-0.143408 -0.086537 0.000000
0.495445 -0.005285 0.000000
0.331239 0.033232 0.000000
-0.244931 -0.086297 0.000000
0.420293 -0.019930 0.000000
-0.034460 0.083479 0.000000
0.374007 -0.028274 0.000000
-0.332021 -0.079469 0.000000
-0.231723 0.090039 0.000000
-0.289365 0.086554 0.000000
0.442344 -0.015779 0.000000
-0.062827 0.085712 0.000000
0.217706 0.052262 0.000000
0.440932 -0.016048 0.000000
0.273059 0.043325 0.000000
0.390545 0.022192 0.000000
-0.392747 -0.068609 0.000000
0.507162 -0.002870 0.000000
-0.277870 -0.084615 0.000000
-0.172923 0.090601 0.000000
0.147352 0.062651 0.000000
-0.156561 0.090314 0.000000
-0.201883 0.090652 0.000000
0.281229 -0.043585 0.000000
-0.182539 0.090686 0.000000
-0.033294 -0.080803 0.000000
-0.253330 -0.085955 0.000000
-0.385764 -0.070233 0.000000
-0.299508 -0.082959 0.000000
0.318161 0.035563 0.000000
0.066544 -0.071806 0.000000
0.146872 0.062718 0.000000
-0.340035 -0.078398 0.000000
-0.184848 -0.087215 0.000000
0.187221 0.056900 0.000000
0.254622 -0.047640 0.000000
-0.108064 0.088513 0.000000
0.020957 -0.076299 0.000000
-0.392972 -0.068555 0.000000
0.473466 -0.009717 0.000000
0.394533 0.021422 0.000000
0.470941 -0.010218 0.000000
0.251682 0.046854 0.000000
0.382519 0.023732 0.000000
0.129281 -0.064680 0.000000
0.400299 -0.023594 0.000000
0.441482 0.012071 0.000000
0.011523 -0.077151 0.000000
-0.484041 0.019478 0.000000
0.436481 -0.016894 0.000000
0.373115 -0.028430 0.000000
0.453856 -0.013565 0.000000
-0.288820 0.086604 0.000000
0.211708 -0.053864 0.000000
-0.489712 0.006741 0.000000
-0.045392 0.084380 0.000000
-0.353448 -0.076388 0.000000
0.412655 0.017874 0.000000
-0.424852 0.058907 0.000000
-0.363698 0.076021 0.000000
0.225064 0.051112 0.000000
-0.337200 0.080742 0.000000
-0.018477 0.082078 0.000000
0.374314 0.025291 0.000000
-0.350570 -0.076844 0.000000
-0.247018 0.089431 0.000000
0.193709 -0.056357 0.000000
-0.390018 -0.069258 0.000000
0.154214 0.061687 0.000000
-0.249319 -0.086125 0.000000
-0.251296 -0.086046 0.000000
0.013104 -0.077010 0.000000
0.125057 0.065703 0.000000
-0.075917 0.086623 0.000000
-0.248867 0.089346 0.000000
0.382281 -0.026818 0.000000
0.264822 -0.046103 0.000000
0.138629 0.063860 0.000000
-0.186610 0.090698 0.000000
-0.454259 -0.046646 0.000000
-0.066761 0.085993 0.000000
-0.286455 -0.084014 0.000000
0.319062 0.035404 0.000000
-0.093145 0.087700 0.000000
0.389170 -0.025594 0.000000
0.140712 0.063572 0.000000
0.496144 0.000496 0.000000
0.261565 0.045234 0.000000
0.324423 0.034452 0.000000
0.492235 -0.005940 0.000000
-0.425483 -0.059084 0.000000
-0.130139 -0.086130 0.000000
0.182761 -0.057839 0.000000
-0.182612 0.090686 0.000000
-0.183218 -0.087206 0.000000
0.503931 -0.001218 0.000000
-0.088904 0.087447 0.000000
-0.409582 -0.064154 0.000000
0.502443 -0.000889 0.000000
0.188747 -0.057031 0.000000
-0.465711 -0.039687 0.000000
-0.108803 0.088550 0.000000
-0.279982 -0.084473 0.000000
0.328269 -0.036052 0.000000
0.372053 -0.028616 0.000000
-0.404883 0.065722 0.000000
-0.193237 -0.087231 0.000000
-0.078646 -0.083774 0.000000
-0.487969 0.012099 0.000000
0.481779 0.003614 0.000000
0.442149 0.011935 0.000000
0.398915 -0.023845 0.000000
0.102642 -0.067831 0.000000
0.193245 0.056000 0.000000
-0.454121 -0.046719 0.000000
0.400627 -0.023535 0.000000
-0.011344 0.081420 0.000000
-0.149883 0.090150 0.000000
-0.236102 0.089891 0.000000
-0.029075 0.083018 0.000000
0.214488 0.052761 0.000000
-0.225432 0.090229 0.000000
0.075345 0.072056 0.000000
0.459521 -0.012463 0.000000
-0.326751 0.082283 0.000000
0.148263 -0.062328 0.000000
0.239354 0.048845 0.000000
-0.471817 0.032998 0.000000
0.271969 0.043507 0.000000
-0.475388 -0.032001 0.000000
0.093299 0.069836 0.000000
0.176745 -0.058641 0.000000
-0.155089 0.090279 0.000000
-0.379589 -0.071573 0.000000
0.405487 -0.022653 0.000000
0.435371 0.013318 0.000000
0.234833 0.049566 0.000000
-0.321819 0.082954 0.000000
0.044752 0.075629 0.000000
0.298244 0.039044 0.000000
0.123605 0.065898 0.000000
-0.084407 0.087173 0.000000
-0.246644 -0.086230 0.000000
-0.029760 0.083077 0.000000
0.052985 0.074695 0.000000
0.463461 0.007510 0.000000
-0.486768 -0.017401 0.000000
0.492536 -0.005879 0.000000
-0.488731 -0.012789 0.000000
-0.133402 0.089623 0.000000
-0.449817 -0.048948 0.000000
0.163439 -0.060387 0.000000
-0.227580 -0.086821 0.000000
0.379376 0.024331 0.000000
0.076787 -0.070714 0.000000
0.093047 -0.068922 0.000000
0.111935 -0.066752 0.000000
0.501945 -0.003950 0.000000
-0.040949 0.084019 0.000000
0.448696 -0.014562 0.000000
0.058798 0.074022 0.000000
0.128228 0.065276 0.000000
0.299539 -0.040708 0.000000
0.261888 -0.046547 0.000000
0.023894 0.077905 0.000000
-0.024968 0.082659 0.000000
0.417889 0.016835 0.000000
0.165241 0.060116 0.000000
0.042579 0.075873 0.000000
0.256606 0.046050 0.000000
0.160299 0.060824 0.000000
-0.363338 -0.074720 0.000000
-0.010403 0.081331 0.000000
-0.300188 0.085503 0.000000
0.320115 0.035218 0.000000
0.359098 0.028142 0.000000
-0.338852 -0.078564 0.000000
0.068547 0.072874 0.000000
0.215585 -0.053318 0.000000
0.200978 -0.055359 0.000000
-0.225620 -0.086866 0.000000
0.084875 -0.069831 0.000000
0.102013 -0.067903 0.000000
-0.221177 0.090344 0.000000
-0.255737 0.088991 0.000000
-0.066215 0.085954 0.000000
0.280414 0.042089 0.000000
0.497952 0.000100 0.000000
0.138420 -0.063558 0.000000
-0.368843 -0.073710 0.000000
0.203248 0.054487 0.000000
0.071024 -0.071332 0.000000
-0.113840 0.088798 0.000000
0.131905 0.064778 0.000000
-0.144844 0.090005 0.000000
0.295887 0.039450 0.000000
-0.114209 -0.085527 0.000000
0.164472 0.060226 0.000000
0.438746 0.012631 0.000000
-0.380036 0.072429 0.000000
0.331550 -0.035509 0.000000
-0.035701 0.083584 0.000000
0.340795 -0.033967 0.000000
0.089412 -0.069328 0.000000
0.230060 0.050324 0.000000
0.451481 -0.014025 0.000000
-0.179064 -0.087176 0.000000
-0.374952 0.073609 0.000000
0.444652 0.011421 0.000000
-0.128238 -0.086063 0.000000
0.402143 0.019941 0.000000
0.084426 0.070945 0.000000
0.105857 -0.067460 0.000000
-0.033295 -0.080803 0.000000
0.231762 0.050054 0.000000
0.045791 0.075513 0.000000
-0.465099 -0.040105 0.000000
0.481144 -0.008183 0.000000
-0.439001 0.053011 0.000000
0.385489 -0.026249 0.000000
-0.441919 0.051650 0.000000
0.238783 -0.049983 0.000000
-0.299647 0.085560 0.000000
-0.013699 0.081639 0.000000
-0.181876 0.090684 0.000000
-0.148851 -0.086678 0.000000
0.439969 -0.016232 0.000000
0.179704 -0.058247 0.000000
0.273843 -0.044725 0.000000
-0.436663 -0.054863 0.000000
-0.327350 0.082199 0.000000
-0.432016 0.056052 0.000000
0.168983 0.059576 0.000000
-0.020821 -0.079854 0.000000
-0.249849 0.089300 0.000000
-0.278320 -0.084585 0.000000
-0.123048 0.089212 0.000000
0.246681 0.047665 0.000000
0.140182 0.063645 0.000000
0.122761 -0.065467 0.000000
0.187892 0.056800 0.000000
0.324526 0.034433 0.000000
-0.170012 0.090560 0.000000
0.145087 -0.062728 0.000000
0.326382 0.034102 0.000000
0.168131 -0.059775 0.000000
-0.140641 0.089874 0.000000
0.472552 0.005587 0.000000
-0.155233 0.090282 0.000000
-0.286573 -0.084005 0.000000
-0.011186 -0.079086 0.000000
-0.455028 -0.046226 0.000000
-0.464512 0.038669 0.000000
0.002233 -0.077962 0.000000
-0.449454 -0.049127 0.000000
-0.028945 -0.080479 0.000000
0.116173 0.066885 0.000000
-0.269463 -0.085137 0.000000
0.204800 0.054250 0.000000
-0.345164 -0.077662 0.000000
0.109482 0.067763 0.000000
-0.342010 -0.078120 0.000000
-0.372142 0.074235 0.000000
-0.408091 -0.064585 0.000000
-0.372567 -0.072996 0.000000
-0.421315 -0.060508 0.000000
-0.280474 -0.084440 0.000000
0.145121 0.062961 0.000000
-0.253298 -0.085957 0.000000
0.403408 -0.023031 0.000000
0.115043 -0.066386 0.000000
-0.363040 0.076154 0.000000
0.068507 0.072878 0.000000
-0.166678 0.090513 0.000000
0.225170 0.051095 0.000000
-0.184525 0.090692 0.000000
0.056986 0.074233 0.000000
0.258626 -0.047039 0.000000
0.151456 0.062076 0.000000
0.231952 -0.050977 0.000000
0.398669 0.020619 0.000000
0.046305 0.075455 0.000000
-0.344871 -0.077705 0.000000
0.069637 -0.071479 0.000000
-0.258424 -0.085723 0.000000
0.370177 0.026071 0.000000
0.029129 -0.075540 0.000000
0.065152 -0.071952 0.000000
-0.243946 -0.086334 0.000000
0.408654 0.018664 0.000000
0.152796 0.061887 0.000000
-0.412397 -0.063324 0.000000
0.131117 -0.064457 0.000000
-0.406585 -0.065009 0.000000
0.376037 -0.027918 0.000000
0.195995 -0.056044 0.000000
0.371040 0.025909 0.000000
0.335414 -0.034866 0.000000
0.240533 -0.049726 0.000000
-0.274844 0.087756 0.000000
-0.377351 0.073060 0.000000
0.204878 -0.054818 0.000000
0.246793 0.047647 0.000000
-0.035148 -0.080940 0.000000
0.281260 -0.043580 0.000000
0.135403 -0.063931 0.000000
-0.357367 -0.075746 0.000000
0.086315 0.070710 0.000000
0.139352 -0.063443 0.000000
-0.170459 0.090566 0.000000
0.225886 -0.051851 0.000000
0.014016 0.078933 0.000000
-0.439614 -0.053636 0.000000
-0.477701 -0.029752 0.000000
-0.300924 -0.082830 0.000000
-0.113034 0.088761 0.000000
-0.287192 0.086753 0.000000
0.470909 0.005936 0.000000
0.093240 -0.068900 0.000000
0.448505 0.010627 0.000000
0.349996 0.029824 0.000000
0.358594 0.028236 0.000000
0.192640 0.056091 0.000000
-0.314863 0.083845 0.000000
-0.171358 0.090579 0.000000
0.293667 -0.041638 0.000000
0.412656 0.017874 0.000000
0.401866 0.019995 0.000000
-0.172508 -0.087111 0.000000
0.333005 -0.035267 0.000000
-0.431463 -0.056905 0.000000
0.361210 0.027750 0.000000
-0.063465 -0.082867 0.000000
0.125546 -0.065132 0.000000
0.426732 -0.018730 0.000000
-0.468521 -0.037678 0.000000
-0.161810 0.090423 0.000000
0.395418 -0.024475 0.000000
0.044564 0.075650 0.000000
-0.472815 -0.034278 0.000000
0.366968 0.026674 0.000000
0.028360 -0.075612 0.000000
0.195317 0.055688 0.000000
0.151206 -0.061956 0.000000
0.377400 -0.027679 0.000000
0.469550 0.006224 0.000000
-0.392880 0.069172 0.000000
-0.123411 -0.085891 0.000000
0.448896 0.010546 0.000000
-0.490511 -0.004758 0.000000
-0.241744 -0.086409 0.000000
-0.422020 0.059968 0.000000
-0.178618 0.090656 0.000000
-0.076461 -0.083650 0.000000
0.084228 0.070969 0.000000
-0.062936 -0.082834 0.000000
0.245995 0.047776 0.000000
0.125613 0.065628 0.000000
-0.396441 0.068193 0.000000
-0.180567 0.090672 0.000000
0.166260 0.059969 0.000000
-0.042123 -0.081442 0.000000
-0.129281 -0.086100 0.000000
0.508001 -0.002120 0.000000
-0.046218 -0.081728 0.000000
-0.378226 -0.071860 0.000000
-0.202101 -0.087199 0.000000
0.382547 0.023727 0.000000
-0.339930 0.080311 0.000000
-0.168442 0.090538 0.000000
0.026056 -0.075827 0.000000
0.306514 0.037609 0.000000
0.476927 -0.009028 0.000000
-0.063284 0.085745 0.000000
0.350118 -0.032393 0.000000
-0.094489 -0.084623 0.000000
-0.090551 -0.084421 0.000000
0.132948 -0.064232 0.000000
0.067775 -0.071677 0.000000
-0.152725 -0.086772 0.000000
-0.415754 0.062201 0.000000
-0.221689 -0.086950 0.000000
0.461878 -0.012003 0.000000
0.409669 0.018464 0.000000
0.185584 -0.057459 0.000000
0.166219 -0.060025 0.000000
0.129127 -0.064698 0.000000
-0.367142 -0.074030 0.000000
0.490684 0.001688 0.000000
0.181880 -0.057956 0.000000
-0.139835 -0.086437 0.000000
0.096014 0.069493 0.000000
0.319898 0.035256 0.000000
0.310954 0.036833 0.000000
0.173327 0.058946 0.000000
0.312134 0.036626 0.000000
-0.088370 -0.084308 0.000000
0.438021 0.012779 0.000000
-0.096232 -0.084710 0.000000
0.048114 -0.073696 0.000000
-0.490111 0.004868 0.000000
-0.422761 0.059695 0.000000
-0.388923 -0.069513 0.000000
-0.481988 -0.024872 0.000000
-0.369178 0.074878 0.000000
-0.419922 -0.060968 0.000000
0.239265 0.048859 0.000000
0.088944 0.070383 0.000000
-0.212159 0.090524 0.000000
-0.065555 0.085907 0.000000
0.049538 -0.073553 0.000000
-0.200323 0.090666 0.000000
-0.460477 0.041403 0.000000
0.502362 -0.000871 0.000000
0.376888 0.024804 0.000000
0.159217 0.060978 0.000000
0.333458 0.032833 0.000000
0.474242 -0.009563 0.000000
-0.386107 -0.070156 0.000000
-0.108587 0.088539 0.000000
0.452854 0.009726 0.000000
0.052122 -0.073294 0.000000
-0.407168 -0.064845 0.000000
-0.470541 -0.036133 0.000000
-0.045083 0.084355 0.000000
-0.058971 -0.082580 0.000000
0.126872 -0.064972 0.000000
0.489440 -0.006509 0.000000
-0.300241 -0.082892 0.000000
-0.292261 0.086289 0.000000
-0.365550 -0.074319 0.000000
0.286140 -0.042820 0.000000
-0.443320 -0.052018 0.000000
0.057542 0.074169 0.000000
-0.382724 -0.070903 0.000000
-0.426698 -0.058655 0.000000
-0.203502 -0.087189 0.000000
0.173765 -0.059035 0.000000
-0.193387 0.090699 0.000000
0.309608 0.037069 0.000000
-0.052690 -0.082168 0.000000
-0.035528 0.083569 0.000000
-0.472755 -0.034329 0.000000
0.044580 0.075648 0.000000
0.078083 0.071723 0.000000
-0.001883 -0.078313 0.000000
0.378494 -0.027486 0.000000
-0.220694 0.090354 0.000000
0.378495 0.024499 0.000000
-0.489790 -0.009134 0.000000
0.480382 0.003914 0.000000
-0.459790 -0.043495 0.000000
0.398471 0.020657 0.000000
-0.118548 -0.085703 0.000000
0.501036 -0.000579 0.000000
-0.070837 0.086280 0.000000
-0.107285 -0.085229 0.000000
-0.478818 -0.028583 0.000000
-0.303781 0.085125 0.000000
0.416407 -0.020650 0.000000
0.314649 -0.038281 0.000000
0.333435 -0.035196 0.000000
0.096757 0.069399 0.000000
-0.234047 -0.086651 0.000000
0.113829 0.067194 0.000000
-0.249075 -0.086135 0.000000
0.238680 -0.049998 0.000000
0.081998 0.071243 0.000000
-0.489211 -0.011311 0.000000
-0.038662 -0.081194 0.000000
0.434653 0.013464 0.000000
0.295622 0.039496 0.000000
-0.284042 -0.084190 0.000000
-0.351040 -0.076772 0.000000
0.091613 -0.069082 0.000000
-0.154886 0.090274 0.000000
-0.405338 -0.065358 0.000000
-0.352092 0.078242 0.000000
-0.364903 0.075773 0.000000
0.447769 -0.014740 0.000000
0.443274 -0.015602 0.000000
0.228674 -0.051451 0.000000
-0.132906 0.089605 0.000000
0.390716 -0.025318 0.000000
0.392027 -0.025083 0.000000
-0.051356 -0.082079 0.000000
-0.022285 -0.079968 0.000000
0.075308 0.072060 0.000000
-0.345240 -0.077651 0.000000
0.193430 -0.056395 0.000000
-0.050857 -0.082045 0.000000
-0.088632 -0.084322 0.000000
-0.459263 0.042180 0.000000
-0.240108 0.089732 0.000000
0.409690 -0.021885 0.000000
0.183415 0.057465 0.000000
0.179856 -0.058227 0.000000
-0.344583 -0.077748 0.000000
0.138890 -0.063500 0.000000
-0.325158 -0.080318 0.000000
0.152342 -0.061812 0.000000
0.185116 -0.057522 0.000000
-0.412356 0.063344 0.000000
0.083917 -0.069937 0.000000
-0.300731 -0.082848 0.000000
0.424147 -0.019213 0.000000
0.288172 0.040772 0.000000
0.139034 0.063804 0.000000
0.313060 0.036463 0.000000
0.197742 -0.055805 0.000000
-0.205241 -0.087176 0.000000
-0.440185 0.052464 0.000000
-0.243291 0.089602 0.000000
0.378356 0.024525 0.000000
-0.166782 -0.087036 0.000000
-0.020581 -0.079835 0.000000
0.433960 0.013605 0.000000
-0.134965 -0.086287 0.000000
0.184643 -0.057585 0.000000
0.269967 -0.045319 0.000000
-0.237877 0.089820 0.000000
0.005379 -0.077691 0.000000
0.066917 0.073067 0.000000
0.093734 -0.068844 0.000000
0.361990 0.027605 0.000000
0.122868 0.065996 0.000000
0.348240 0.030146 0.000000
0.100295 0.068949 0.000000
0.271930 0.043514 0.000000
0.103308 0.068562 0.000000
0.434783 0.013438 0.000000
0.280174 0.042129 0.000000
0.288389 0.040735 0.000000
0.372770 -0.028490 0.000000
0.491886 0.001426 0.000000
0.131066 0.064892 0.000000
-0.161306 -0.086948 0.000000
-0.006459 0.080959 0.000000
0.024908 0.077797 0.000000
0.276995 0.042665 0.000000
0.190521 -0.056791 0.000000
0.029754 0.077280 0.000000
0.338076 0.031999 0.000000
0.477088 0.004620 0.000000
0.098032 0.069237 0.000000
-0.007006 -0.078742 0.000000
0.491153 0.001585 0.000000
-0.087657 -0.084270 0.000000
0.331716 -0.035481 0.000000
-0.356146 0.077495 0.000000
-0.445393 -0.051075 0.000000
0.455480 -0.013250 0.000000
0.165945 -0.060061 0.000000
0.147366 -0.062441 0.000000
-0.343897 -0.077849 0.000000
0.095019 -0.068699 0.000000
-0.305447 -0.082415 0.000000
-0.428517 0.057477 0.000000
0.103676 0.068514 0.000000
0.404680 0.019445 0.000000
-0.288077 -0.083895 0.000000
-0.201407 -0.087205 0.000000
-0.307743 0.084683 0.000000
-0.157636 0.090340 0.000000
0.080556 -0.070304 0.000000
0.085081 -0.069808 0.000000
0.143313 0.063213 0.000000
-0.416401 0.061976 0.000000
0.332505 -0.035350 0.000000
0.213502 0.052913 0.000000
-0.256236 -0.085825 0.000000
0.427199 0.014972 0.000000
-0.196253 -0.087224 0.000000
-0.178039 0.090651 0.000000
0.022838 0.078016 0.000000
-0.072834 0.086415 0.000000
-0.321945 -0.080690 0.000000
-0.346027 -0.077535 0.000000
0.485957 -0.007214 0.000000
-0.368596 0.075002 0.000000
0.128762 0.065205 0.000000
0.179080 0.058104 0.000000
-0.452642 -0.047505 0.000000
0.433870 0.013623 0.000000
0.493094 0.001163 0.000000
0.416038 0.017204 0.000000
-0.093974 0.087747 0.000000
0.247595 -0.048686 0.000000
-0.487673 -0.015479 0.000000
0.154886 -0.061487 0.000000
-0.393022 -0.068543 0.000000
-0.481374 0.023172 0.000000
-0.199063 0.090677 0.000000
-0.064200 0.085812 0.000000
0.143534 0.063182 0.000000
0.385341 -0.026276 0.000000
0.305272 0.037825 0.000000
0.102157 0.068709 0.000000
0.225937 -0.051844 0.000000
0.041585 0.075984 0.000000
0.109378 0.067776 0.000000
-0.316525 0.083636 0.000000
0.049093 -0.073598 0.000000
0.509070 -0.002473 0.000000
-0.458518 -0.044251 0.000000
0.331337 0.033214 0.000000
0.181554 -0.058000 0.000000
0.350279 0.029772 0.000000
0.081326 0.071326 0.000000
-0.294273 -0.083404 0.000000
0.320625 0.035127 0.000000
-0.437920 -0.054346 0.000000
0.135162 -0.063961 0.000000
0.500805 -0.000528 0.000000
0.071835 0.072479 0.000000
-0.341010 -0.078260 0.000000
-0.135231 0.089692 0.000000
-0.050321 -0.082009 0.000000
0.225681 0.051014 0.000000
-0.046368 -0.081738 0.000000
0.488887 -0.006621 0.000000
-0.052340 0.084926 0.000000
-0.277655 0.087539 0.000000
0.067404 -0.071716 0.000000
-0.071419 0.086319 0.000000
-0.471513 0.033256 0.000000
0.103209 0.068574 0.000000
-0.053625 -0.082231 0.000000
0.317575 0.035667 0.000000
-0.218260 -0.087011 0.000000
0.386335 -0.026099 0.000000
-0.001298 0.080462 0.000000
0.196608 -0.055960 0.000000
-0.090232 -0.084405 0.000000
-0.369964 -0.073499 0.000000
-0.033253 0.083376 0.000000
-0.115802 -0.085594 0.000000
0.193570 0.055951 0.000000
0.150802 -0.062007 0.000000
0.018572 0.078463 0.000000
-0.449421 0.047881 0.000000
0.192824 -0.056478 0.000000
0.391163 0.022073 0.000000
0.290657 0.040348 0.000000
0.431387 0.014126 0.000000
-0.152090 0.090207 0.000000
-0.184285 -0.087214 0.000000
-0.404684 -0.065536 0.000000
-0.145168 0.090014 0.000000
-0.342367 -0.078069 0.000000
-0.058733 0.085410 0.000000
0.089026 0.070373 0.000000
0.190433 -0.056803 0.000000
0.198276 -0.055731 0.000000
-0.426286 0.058354 0.000000
-0.482740 -0.023885 0.000000
-0.255069 0.089026 0.000000
0.486444 0.002607 0.000000
0.488140 -0.006772 0.000000
0.356423 0.028639 0.000000
0.042114 -0.074290 0.000000
0.499467 -0.000233 0.000000
-0.471629 -0.035262 0.000000
-0.350208 0.078579 0.000000
0.380179 -0.027189 0.000000
0.199513 -0.055561 0.000000
-0.149985 0.090153 0.000000
-0.388567 -0.069596 0.000000
0.149122 -0.062220 0.000000
0.323003 0.034705 0.000000
0.262935 0.045008 0.000000
-0.452607 -0.047522 0.000000
0.121465 0.066183 0.000000
-0.078999 -0.083794 0.000000
0.118858 0.066530 0.000000
0.149099 0.062406 0.000000
0.126913 -0.064967 0.000000
-0.182629 0.090686 0.000000
0.403764 -0.022966 0.000000
-0.218003 0.090410 0.000000
-0.320165 -0.080895 0.000000
0.087842 -0.069503 0.000000
0.430015 -0.018114 0.000000
-0.220613 0.090356 0.000000
-0.184318 -0.087214 0.000000
0.229918 -0.051271 0.000000
-0.270164 -0.085098 0.000000
0.071298 -0.071303 0.000000
0.457594 -0.012839 0.000000
0.238138 -0.050077 0.000000
0.097094 0.069356 0.000000
0.222689 -0.052309 0.000000
0.258967 -0.046988 0.000000
0.024055 0.077889 0.000000
0.166730 0.059901 0.000000
0.002022 -0.077980 0.000000
0.220215 -0.052662 0.000000
-0.154662 0.090269 0.000000
0.245110 0.047919 0.000000
0.062195 -0.072261 0.000000
-0.301273 0.085389 0.000000
0.243110 -0.049348 0.000000
-0.317879 -0.081145 0.000000
-0.233096 0.089993 0.000000
0.089406 -0.069329 0.000000
-0.224479 0.090255 0.000000
-0.284852 -0.084131 0.000000
0.143338 -0.062946 0.000000
-0.488818 -0.012536 0.000000
0.460309 0.008171 0.000000
-0.368103 0.075107 0.000000
0.015925 0.078737 0.000000
-0.384706 0.071295 0.000000
-0.244146 -0.086328 0.000000
-0.000192 0.080355 0.000000
0.279131 0.042305 0.000000
-0.073522 -0.083478 0.000000
0.125228 -0.065170 0.000000
0.231941 0.050026 0.000000
-0.370222 0.074655 0.000000
0.075096 0.072086 0.000000
0.086572 -0.069644 0.000000
-0.270106 -0.085101 0.000000
-0.340201 0.080267 0.000000
-0.167485 0.090525 0.000000
-0.203470 -0.087189 0.000000
0.284427 0.041409 0.000000
0.039061 -0.074588 0.000000
0.115615 0.066959 0.000000
-0.356477 -0.075896 0.000000
0.121722 0.066149 0.000000
-0.131075 -0.086163 0.000000
0.016516 -0.076704 0.000000
-0.283592 0.087059 0.000000
-0.448284 -0.049702 0.000000
-0.397364 0.067934 0.000000
-0.058656 -0.082560 0.000000
-0.411189 0.063730 0.000000
0.218710 0.052105 0.000000
-0.457420 0.043325 0.000000
0.382544 0.023727 0.000000
0.445617 -0.015153 0.000000
-0.076020 -0.083625 0.000000
0.340745 -0.033975 0.000000
-0.147867 0.090092 0.000000
0.473970 0.005285 0.000000
-0.458621 -0.044190 0.000000
-0.024522 0.082620 0.000000
-0.359057 0.076940 0.000000
0.078681 0.071650 0.000000
-0.268952 -0.085166 0.000000
0.201386 -0.055302 0.000000
0.415305 0.017349 0.000000
-0.467054 0.036815 0.000000
0.481684 -0.008075 0.000000
0.214224 -0.053510 0.000000
-0.468149 -0.037951 0.000000
-0.389572 0.070051 0.000000
0.310130 -0.039012 0.000000
0.453068 -0.013718 0.000000
0.177223 0.058377 0.000000
-0.405496 0.065536 0.000000
0.083001 -0.070038 0.000000
0.445926 -0.015094 0.000000
0.189839 0.056510 0.000000
0.286245 0.041101 0.000000
-0.141728 0.089910 0.000000
0.046166 -0.073891 0.000000
-0.022097 0.082403 0.000000
0.407056 -0.022367 0.000000
0.369399 -0.029078 0.000000
-0.180519 0.090672 0.000000
0.194470 -0.056253 0.000000
-0.484580 0.018639 0.000000
-0.336505 -0.078880 0.000000
0.063953 -0.072077 0.000000
-0.140362 -0.086452 0.000000
0.319492 -0.037493 0.000000
-0.052206 0.084915 0.000000
-0.197752 -0.087220 0.000000
0.356006 0.028716 0.000000
-0.237524 0.089834 0.000000
-0.482837 0.021230 0.000000
0.275497 -0.044471 0.000000
-0.456839 -0.045220 0.000000
0.423260 0.015763 0.000000
0.253035 -0.047877 0.000000
0.058756 -0.072616 0.000000
-0.127581 -0.086040 0.000000
-0.429262 0.057180 0.000000
0.159149 -0.060941 0.000000
-0.370578 0.074579 0.000000
-0.404028 0.065982 0.000000
0.480728 0.003840 0.000000
-0.033301 0.083380 0.000000
0.377086 0.024766 0.000000
-0.330306 0.081778 0.000000
0.305925 0.037712 0.000000
-0.049010 0.084667 0.000000
-0.257588 -0.085765 0.000000
0.254718 0.046358 0.000000
-0.122920 0.089207 0.000000
0.170592 0.059343 0.000000
0.126035 0.065572 0.000000
-0.481571 0.022922 0.000000
0.238251 -0.050061 0.000000
-0.467931 -0.038111 0.000000
-0.140881 0.089882 0.000000
0.172293 0.059096 0.000000
0.410618 -0.021715 0.000000
0.096699 -0.068509 0.000000
-0.482170 -0.024637 0.000000
-0.002280 0.080557 0.000000
0.499034 -0.004549 0.000000
-0.362602 0.076241 0.000000
0.302078 0.038381 0.000000
-0.218486 -0.087007 0.000000
0.483804 0.003178 0.000000
0.495911 -0.005190 0.000000
-0.236283 0.089883 0.000000
0.356752 0.028578 0.000000
0.378766 -0.027438 0.000000
0.487255 -0.006952 0.000000
-0.489068 -0.011775 0.000000
0.435563 0.013279 0.000000
0.466748 0.006817 0.000000
-0.280562 -0.084434 0.000000
-0.072673 0.086404 0.000000
-0.156312 -0.086848 0.000000
0.308209 0.037313 0.000000
0.387882 0.022705 0.000000
0.180058 0.057960 0.000000
0.153559 -0.061657 0.000000
-0.301628 -0.082766 0.000000
0.362460 0.027517 0.000000
-0.247566 0.089406 0.000000
-0.292341 -0.083559 0.000000
0.011885 -0.077120 0.000000
0.202240 -0.055185 0.000000
0.151692 0.062043 0.000000
0.082399 0.071194 0.000000
0.489179 -0.006562 0.000000
0.101547 -0.067956 0.000000
0.321218 0.035022 0.000000
-0.224216 0.090262 0.000000
-0.196752 -0.087222 0.000000
0.483175 -0.007775 0.000000
0.350439 -0.032338 0.000000
0.205675 0.054117 0.000000
-0.248608 0.089358 0.000000
0.493706 0.001029 0.000000
0.386928 0.022888 0.000000
-0.149644 -0.086698 0.000000
-0.125373 -0.085962 0.000000
0.017423 -0.076622 0.000000
0.459759 0.008287 0.000000
0.507349 -0.002831 0.000000
-0.443487 -0.051944 0.000000
0.324652 -0.036647 0.000000
0.489033 0.002046 0.000000
0.274510 0.043082 0.000000
-0.194579 0.090695 0.000000
0.139713 -0.063398 0.000000
-0.129148 0.089463 0.000000
-0.444626 -0.051427 0.000000
0.440014 -0.016223 0.000000
-0.006289 0.080943 0.000000
-0.442769 -0.052265 0.000000
0.499277 -0.004499 0.000000
0.077453 0.071800 0.000000
-0.268620 -0.085184 0.000000
0.320409 0.035165 0.000000
0.425702 0.015273 0.000000
-0.480783 -0.026362 0.000000
0.344065 0.030910 0.000000
0.171864 -0.059286 0.000000
0.304114 -0.039978 0.000000
-0.147435 0.090080 0.000000
0.016931 0.078633 0.000000
0.485054 0.002908 0.000000
0.156698 -0.061256 0.000000
0.334144 -0.035078 0.000000
-0.483372 0.020470 0.000000
-0.016671 -0.079527 0.000000
-0.059646 -0.082624 0.000000
0.503045 -0.001022 0.000000
0.082755 -0.070065 0.000000
-0.160844 0.090405 0.000000
0.434627 0.013469 0.000000
0.190435 0.056421 0.000000
-0.280140 0.087345 0.000000
-0.277274 -0.084655 0.000000
0.074666 0.072138 0.000000
0.484642 -0.007479 0.000000
0.357251 -0.031176 0.000000
-0.195336 -0.087226 0.000000
0.185611 0.057140 0.000000
0.205698 -0.054705 0.000000
0.170494 0.059357 0.000000
-0.184543 0.090692 0.000000
-0.424928 -0.059280 0.000000
-0.061649 -0.082753 0.000000
0.244594 0.048002 0.000000
0.182014 0.057672 0.000000
0.167368 0.059809 0.000000
0.232132 0.049996 0.000000
-0.267008 0.088305 0.000000
0.086257 0.070717 0.000000
-0.396602 -0.067661 0.000000
0.154005 -0.061600 0.000000
-0.345191 -0.077658 0.000000
-0.293676 0.086154 0.000000
-0.024426 -0.080135 0.000000
-0.490471 0.002432 0.000000
0.328963 0.033640 0.000000
-0.334608 0.081141 0.000000
-0.005779 -0.078641 0.000000
-0.189291 0.090706 0.000000
-0.179382 0.090662 0.000000
-0.350118 -0.076914 0.000000
0.502229 -0.000842 0.000000
-0.243395 -0.086353 0.000000
0.350864 -0.032266 0.000000
-0.421702 -0.060378 0.000000
-0.088002 0.087392 0.000000
0.369527 0.026194 0.000000
-0.357533 -0.075719 0.000000
0.075719 0.072010 0.000000
0.255741 -0.047472 0.000000
-0.460733 0.041236 0.000000
0.471009 0.005915 0.000000
0.162618 0.060492 0.000000
0.369841 -0.029001 0.000000
0.474320 0.005211 0.000000
0.407520 -0.022282 0.000000
0.166776 -0.059953 0.000000
-0.085424 -0.084149 0.000000
0.364740 -0.029887 0.000000
-0.074354 -0.083528 0.000000
0.489760 0.001888 0.000000
0.323294 -0.036870 0.000000
0.506512 -0.003005 0.000000
0.348848 -0.032608 0.000000
0.481903 -0.008031 0.000000
0.245044 0.047930 0.000000
-0.188276 0.090703 0.000000
-0.326267 0.082350 0.000000
0.180805 -0.058100 0.000000
-0.022913 0.082476 0.000000
0.345575 0.030634 0.000000
0.238360 0.049003 0.000000
-0.490579 0.001278 0.000000
-0.320527 0.083125 0.000000
-0.308278 -0.082141 0.000000
-0.053956 -0.082253 0.000000
0.177016 0.058407 0.000000
0.097575 0.069295 0.000000
-0.099979 0.088087 0.000000
0.260966 0.045333 0.000000
-0.258453 -0.085721 0.000000
-0.253698 0.089098 0.000000
0.118421 -0.065986 0.000000
0.239268 -0.049912 0.000000
-0.285645 0.086885 0.000000
-0.183402 -0.087208 0.000000
-0.477857 -0.029592 0.000000
0.199969 -0.055498 0.000000
0.126337 0.065531 0.000000
-0.153958 -0.086800 0.000000
-0.378958 -0.071706 0.000000
0.131692 0.064807 0.000000
-0.345395 0.079412 0.000000
0.176580 -0.058662 0.000000
0.208749 0.053646 0.000000
0.030856 0.077161 0.000000
-0.076554 0.086665 0.000000
0.304494 0.037961 0.000000
-0.169482 0.090553 0.000000
-0.419431 0.060909 0.000000
-0.480942 -0.026170 0.000000
-0.306904 -0.082274 0.000000
-0.276075 0.087663 0.000000
0.441445 -0.015951 0.000000
-0.174433 -0.087134 0.000000
-0.132229 -0.086200 0.000000
0.221956 0.051599 0.000000
-0.152156 0.090208 0.000000
0.367774 0.026523 0.000000
0.393276 -0.024860 0.000000
0.415738 -0.020773 0.000000
-0.454314 -0.046617 0.000000
0.491373 -0.006116 0.000000
-0.391379 -0.068938 0.000000
-0.081431 0.086982 0.000000
-0.369387 -0.073608 0.000000
0.379149 0.024374 0.000000
-0.391032 0.069669 0.000000
0.045297 0.075568 0.000000
-0.362579 0.076245 0.000000
0.387598 0.022759 0.000000
0.470529 0.006017 0.000000
-0.477912 -0.029535 0.000000
0.268479 -0.045547 0.000000
-0.444508 -0.051481 0.000000
-0.446886 -0.050374 0.000000
-0.040172 -0.081302 0.000000
0.319727 -0.037454 0.000000
-0.326477 -0.080158 0.000000
-0.057035 0.085285 0.000000
0.220618 -0.052604 0.000000
0.196985 0.055437 0.000000
-0.429553 -0.057619 0.000000
0.476956 -0.009022 0.000000
0.154447 -0.061543 0.000000
0.087794 0.070526 0.000000
-0.362813 0.076199 0.000000
0.491272 -0.006136 0.000000
-0.191688 -0.087233 0.000000
-0.369903 0.074723 0.000000
-0.433411 -0.056157 0.000000
0.462604 -0.011861 0.000000
0.050423 -0.073465 0.000000
-0.309236 0.084516 0.000000
-0.306373 0.084836 0.000000
0.289330 0.040575 0.000000
0.193329 -0.056409 0.000000
0.433734 -0.017414 0.000000
0.171011 -0.059398 0.000000
-0.264075 -0.085438 0.000000
-0.477257 -0.030201 0.000000
0.126448 0.065516 0.000000
-0.093128 0.087699 0.000000
0.085230 -0.069792 0.000000
0.205657 -0.054710 0.000000
-0.154544 0.090266 0.000000
0.407296 0.018931 0.000000
-0.366525 -0.074142 0.000000
-0.483112 0.020844 0.000000
-0.308014 0.084652 0.000000
0.083895 -0.069939 0.000000
0.203897 -0.054955 0.000000
0.075651 -0.070836 0.000000
-0.245947 -0.086258 0.000000
0.012060 -0.077104 0.000000
0.247007 -0.048773 0.000000
-0.036121 -0.081012 0.000000
-0.057449 0.085316 0.000000
0.172553 0.059058 0.000000
-0.383975 -0.070631 0.000000
0.356458 -0.031312 0.000000
-0.127663 -0.086043 0.000000
0.129561 -0.064646 0.000000
0.036744 -0.074813 0.000000
-0.008689 0.081170 0.000000
-0.245639 -0.086270 0.000000
-0.468733 -0.037519 0.000000
-0.311465 -0.081823 0.000000
0.051270 -0.073380 0.000000
-0.255142 -0.085874 0.000000
-0.268330 0.088219 0.000000
-0.219064 -0.086997 0.000000
0.168653 -0.059707 0.000000
0.363457 0.027331 0.000000
0.424407 0.015533 0.000000
-0.049129 -0.081929 0.000000
-0.179360 0.090662 0.000000
-0.086056 0.087274 0.000000
0.139794 0.063699 0.000000
0.359043 0.028153 0.000000
-0.451402 0.046810 0.000000
-0.241768 -0.086408 0.000000
0.222409 0.051528 0.000000
-0.145800 -0.086604 0.000000
-0.471866 0.032956 0.000000
0.192111 -0.056575 0.000000
0.031576 0.077082 0.000000
0.204845 0.054243 0.000000
0.372147 -0.028599 0.000000
-0.418420 -0.061456 0.000000
0.082507 -0.070092 0.000000
-0.447956 -0.049860 0.000000
0.088992 0.070377 0.000000
-0.167220 -0.087043 0.000000
0.058866 0.074014 0.000000
0.053228 0.074667 0.000000
-0.316423 0.083648 0.000000
-0.082995 0.087082 0.000000
-0.202832 -0.087194 0.000000
0.181400 -0.058020 0.000000
0.280429 0.042086 0.000000
0.098374 0.069193 0.000000
0.032671 -0.075203 0.000000
0.465587 -0.011275 0.000000
0.343799 -0.033461 0.000000
-0.490472 0.002416 0.000000
0.105432 0.068288 0.000000
0.197758 -0.055802 0.000000
-0.490653 -0.000012 0.000000
0.359404 0.028086 0.000000
0.260592 -0.046743 0.000000
-0.463341 0.039486 0.000000
-0.081007 -0.083908 0.000000
0.499256 -0.004504 0.000000
-0.039129 0.083870 0.000000
-0.302205 -0.082714 0.000000
0.298711 -0.040840 0.000000
-0.489927 -0.008518 0.000000
0.112853 -0.066644 0.000000
0.484728 0.002978 0.000000
0.295733 -0.041312 0.000000
-0.244018 0.089569 0.000000
-0.236335 -0.086586 0.000000
0.361496 0.027697 0.000000
0.293139 -0.041722 0.000000
-0.248947 0.089342 0.000000
0.441408 -0.015958 0.000000
0.005580 -0.077673 0.000000
-0.300810 0.085437 0.000000
-0.464298 0.038820 0.000000
-0.151166 -0.086734 0.000000
-0.173792 -0.087126 0.000000
-0.228963 -0.086789 0.000000
0.344464 0.030837 0.000000
0.357218 -0.031182 0.000000
0.222296 -0.052365 0.000000
0.095642 -0.068628 0.000000
0.160170 0.060842 0.000000
-0.011496 0.081434 0.000000
0.116425 0.066852 0.000000
0.213057 0.052982 0.000000
-0.301602 -0.082769 0.000000
-0.285281 0.086916 0.000000
0.500038 -0.000359 0.000000
0.294561 0.039679 0.000000
-0.443853 0.050720 0.000000
0.301690 0.038448 0.000000
-0.395067 0.068575 0.000000
-0.161034 0.090409 0.000000
-0.307411 -0.082225 0.000000
-0.125786 0.089327 0.000000
0.011110 0.079230 0.000000
-0.430679 -0.057200 0.000000
0.087277 0.070590 0.000000
0.266793 -0.045803 0.000000
-0.173173 0.090604 0.000000
0.063518 -0.072123 0.000000
-0.293464 0.086175 0.000000
0.042448 0.075888 0.000000
-0.474850 -0.032494 0.000000
0.334061 -0.035092 0.000000
-0.361661 -0.075012 0.000000
0.134685 0.064400 0.000000
-0.356821 0.077366 0.000000
0.428985 -0.018308 0.000000
0.471343 -0.010138 0.000000
0.000290 -0.078129 0.000000
0.236422 -0.050328 0.000000
-0.068231 -0.083163 0.000000
-0.443595 -0.051896 0.000000
0.315416 0.036048 0.000000
0.070362 0.072656 0.000000
-0.434040 0.055198 0.000000
-0.098384 0.088000 0.000000
0.341329 -0.033877 0.000000
-0.460898 0.041127 0.000000
0.506671 -0.002972 0.000000
-0.377331 -0.072043 0.000000
-0.278191 0.087497 0.000000
0.055862 0.074363 0.000000
0.143352 0.063207 0.000000
0.408830 0.018629 0.000000
-0.405563 0.065516 0.000000
0.316206 -0.038028 0.000000
0.500240 -0.004301 0.000000
0.063978 -0.072075 0.000000
-0.291881 0.086324 0.000000
-0.467111 0.036773 0.000000
0.252529 -0.047953 0.000000
0.130925 0.064911 0.000000
-0.438227 0.053360 0.000000
0.508532 -0.002238 0.000000
0.361801 -0.030394 0.000000
0.030684 -0.075392 0.000000
-0.222544 0.090307 0.000000
0.243347 0.048203 0.000000
-0.406661 -0.064987 0.000000
0.312616 -0.038610 0.000000
-0.411602 0.063594 0.000000
-0.115858 0.088891 0.000000
0.249325 -0.048429 0.000000
-0.274313 0.087794 0.000000
-0.467301 0.036628 0.000000
-0.227952 0.090160 0.000000
0.176742 -0.058641 0.000000
-0.039663 0.083913 0.000000
0.018119 0.078511 0.000000
-0.224228 -0.086898 0.000000
0.023718 -0.076046 0.000000
-0.420595 0.060491 0.000000
0.247583 0.047519 0.000000
-0.138779 0.089811 0.000000
0.270609 -0.045221 0.000000
-0.270535 -0.085075 0.000000
-0.482020 0.022337 0.000000
0.474541 -0.009503 0.000000
0.461492 -0.012078 0.000000
-0.353137 -0.076438 0.000000
-0.320340 -0.080875 0.000000
-0.368327 0.075059 0.000000
-0.271467 -0.085018 0.000000
0.359164 -0.030848 0.000000
0.251361 -0.048126 0.000000
-0.453081 -0.047275 0.000000
0.488453 -0.006709 0.000000
0.102391 0.068679 0.000000
0.446579 -0.014969 0.000000
-0.034066 0.083445 0.000000
-0.064429 -0.082927 0.000000
0.446247 -0.015032 0.000000
0.176386 0.058499 0.000000
0.121671 -0.065598 0.000000
-0.153619 -0.086793 0.000000
-0.441958 0.051632 0.000000
-0.268841 0.088185 0.000000
-0.223257 0.090288 0.000000
0.145166 -0.062718 0.000000
0.250165 -0.048304 0.000000
-0.413002 -0.063144 0.000000
-0.123898 -0.085910 0.000000
0.453228 -0.013687 0.000000
0.106784 0.068113 0.000000
-0.203352 -0.087190 0.000000
0.088459 -0.069435 0.000000
-0.420744 -0.060698 0.000000
-0.436419 -0.054962 0.000000
0.140738 0.063569 0.000000
-0.004056 -0.078496 0.000000
0.480174 -0.008378 0.000000
0.494781 -0.005421 0.000000
-0.075143 -0.083575 0.000000
0.194672 -0.056226 0.000000
0.080156 0.071470 0.000000
0.101507 0.068793 0.000000
0.427651 0.014881 0.000000
-0.034301 -0.080877 0.000000
0.377847 -0.027600 0.000000
0.153373 0.061806 0.000000
-0.478180 0.026904 0.000000
0.387716 0.022737 0.000000
0.478126 -0.008788 0.000000
-0.102490 0.088222 0.000000
0.506509 -0.003005 0.000000
0.082705 0.071156 0.000000
0.371010 -0.028798 0.000000
0.111130 -0.066846 0.000000
0.427641 0.014882 0.000000
0.071855 -0.071243 0.000000
-0.069795 0.086207 0.000000
-0.214463 -0.087073 0.000000
-0.073232 -0.083461 0.000000
-0.180882 -0.087189 0.000000
-0.333964 0.081240 0.000000
0.231651 0.050072 0.000000
0.271607 -0.045068 0.000000
-0.417644 -0.061704 0.000000
-0.486471 -0.017978 0.000000
-0.337438 -0.078755 0.000000
0.131984 -0.064350 0.000000
-0.105591 -0.085152 0.000000
-0.196895 -0.087222 0.000000
0.406686 -0.022434 0.000000
-0.457746 -0.044700 0.000000
0.308381 -0.039293 0.000000
-0.449564 0.047804 0.000000
-0.391537 -0.068900 0.000000
-0.455414 0.044529 0.000000
0.134407 -0.064053 0.000000
-0.453304 -0.047156 0.000000
0.069790 0.072725 0.000000
0.289851 0.040486 0.000000
0.350031 -0.032408 0.000000
0.068377 0.072894 0.000000
0.489499 -0.006497 0.000000
0.392537 -0.024992 0.000000
0.055205 0.074439 0.000000
0.254791 0.046346 0.000000
-0.482904 -0.023662 0.000000
-0.310298 -0.081943 0.000000
0.404423 0.019495 0.000000
0.118436 -0.065984 0.000000
0.079058 0.071605 0.000000
0.148080 -0.062351 0.000000
0.457328 0.008795 0.000000
-0.228471 -0.086800 0.000000
-0.002520 0.080580 0.000000
0.417581 -0.020433 0.000000
-0.289106 -0.083814 0.000000
0.311536 0.036731 0.000000
0.139725 0.063708 0.000000
0.013651 0.078970 0.000000
0.429298 -0.018249 0.000000
-0.418716 0.061165 0.000000
-0.375835 0.073407 0.000000
-0.268776 0.088190 0.000000
0.184202 0.057348 0.000000
0.507982 -0.002699 0.000000
-0.109850 0.088602 0.000000
0.165573 -0.060109 0.000000
0.126005 0.065576 0.000000
0.141844 -0.063133 0.000000
0.058862 0.074015 0.000000
-0.374909 0.073619 0.000000
0.477547 0.004522 0.000000
-0.146583 0.090055 0.000000
-0.235714 -0.086604 0.000000
0.482739 -0.007863 0.000000
0.017890 -0.076580 0.000000
0.165747 0.060043 0.000000
0.305570 -0.039745 0.000000
-0.118070 -0.085685 0.000000
0.252268 0.046758 0.000000
0.096088 0.069484 0.000000
0.013519 0.078984 0.000000
0.485688 -0.007268 0.000000
-0.337944 -0.078687 0.000000
0.464349 0.007323 0.000000
0.493579 0.001057 0.000000
-0.259139 0.088795 0.000000
0.474087 -0.009594 0.000000
0.102924 -0.067799 0.000000
0.027804 -0.075664 0.000000
0.171089 0.059271 0.000000
-0.306265 -0.082336 0.000000
-0.051849 0.084888 0.000000
-0.240986 0.089697 0.000000
-0.303667 0.085137 0.000000
0.501229 -0.000621 0.000000
0.419851 0.016444 0.000000
-0.310777 -0.081894 0.000000
-0.406803 -0.064947 0.000000
-0.490506 -0.004817 0.000000
-0.244272 0.089557 0.000000
0.200725 -0.055394 0.000000
0.103466 -0.067736 0.000000
-0.206611 0.090606 0.000000
-0.333301 0.081338 0.000000
-0.221860 0.090326 0.000000
0.288152 0.040776 0.000000
-0.354720 -0.076184 0.000000
0.116127 -0.066258 0.000000
0.000457 0.080292 0.000000
-0.218152 0.090407 0.000000
0.260320 -0.046784 0.000000
-0.136295 -0.086329 0.000000
-0.385858 -0.070212 0.000000
-0.482846 0.021217 0.000000
0.375689 -0.027979 0.000000
0.371973 0.025733 0.000000
0.010692 -0.077225 0.000000
0.364461 0.027143 0.000000
0.012640 0.079075 0.000000
-0.110095 -0.085354 0.000000
-0.396676 0.068128 0.000000
0.070469 -0.071391 0.000000
0.035671 -0.074917 0.000000
0.320249 0.035194 0.000000
0.384802 0.023296 0.000000
-0.399232 -0.066990 0.000000
-0.456466 0.043903 0.000000
0.326285 -0.036379 0.000000
0.426039 0.015205 0.000000
-0.000639 -0.078208 0.000000
-0.369193 -0.073644 0.000000
-0.419036 -0.061256 0.000000
0.050443 0.074985 0.000000
-0.400973 0.066893 0.000000
0.379145 0.024375 0.000000
-0.267057 -0.085271 0.000000
-0.132336 0.089583 0.000000
0.419581 -0.020062 0.000000
0.001694 -0.078009 0.000000
0.051026 -0.073404 0.000000
-0.250398 0.089271 0.000000
0.364991 -0.029843 0.000000
-0.183439 -0.087208 0.000000
0.413771 0.017653 0.000000
-0.467434 -0.038471 0.000000
0.396646 -0.024254 0.000000
0.081837 0.071263 0.000000
0.148357 0.062510 0.000000
-0.002543 -0.078368 0.000000
0.237016 0.049218 0.000000
0.410855 0.018230 0.000000
0.143960 -0.062869 0.000000
-0.032430 0.083307 0.000000
0.354864 -0.031584 0.000000
0.500075 -0.004335 0.000000
-0.141638 -0.086487 0.000000
0.261090 -0.046668 0.000000
0.248100 -0.048611 0.000000
-0.444439 0.050431 0.000000
0.408736 0.018648 0.000000
0.424330 -0.019179 0.000000
0.229790 -0.051289 0.000000
0.396378 -0.024302 0.000000
-0.472871 -0.034230 0.000000
0.402814 0.019810 0.000000
-0.175273 0.090627 0.000000
0.254120 -0.047715 0.000000
0.427301 -0.018624 0.000000
0.230708 -0.051157 0.000000
-0.239934 -0.086470 0.000000
-0.353577 -0.076367 0.000000
-0.441584 0.051809 0.000000
0.139320 0.063764 0.000000
0.391610 0.021987 0.000000
0.505103 -0.003297 0.000000
-0.296452 -0.083219 0.000000
0.026209 0.077659 0.000000
-0.297714 -0.083112 0.000000
0.309721 -0.039078 0.000000
-0.027719 0.082899 0.000000
0.277602 0.042563 0.000000
-0.263993 -0.085443 0.000000
-0.472043 0.032802 0.000000
0.078368 -0.070543 0.000000
0.069500 -0.071493 0.000000
0.403761 -0.022967 0.000000
0.443641 -0.015531 0.000000
0.089491 -0.069319 0.000000
-0.338108 0.080602 0.000000
0.254532 0.046389 0.000000
-0.490679 -0.001452 0.000000
0.060804 0.073788 0.000000
-0.340631 0.080198 0.000000
0.102679 0.068642 0.000000
0.047750 -0.073732 0.000000
0.380684 0.024082 0.000000
0.194077 -0.056307 0.000000
0.403763 -0.022966 0.000000
-0.489362 -0.010794 0.000000
0.387367 0.022804 0.000000
-0.341814 0.080007 0.000000
-0.119182 -0.085727 0.000000
0.480574 -0.008298 0.000000
0.189445 0.056569 0.000000
0.129383 -0.064667 0.000000
-0.252226 -0.086004 0.000000
0.359591 0.028051 0.000000
-0.332764 -0.079373 0.000000
0.324695 0.034403 0.000000
-0.312859 -0.081679 0.000000
-0.186328 -0.087219 0.000000
0.282474 -0.043391 0.000000
-0.292882 0.086232 0.000000
0.454251 -0.013489 0.000000
-0.384257 0.071405 0.000000
-0.336255 0.080888 0.000000
0.147837 0.062583 0.000000
0.188428 -0.057075 0.000000
-0.125645 0.089321 0.000000
-0.292831 -0.083521 0.000000
0.152827 0.061883 0.000000
0.085906 0.070761 0.000000
-0.327436 0.082187 0.000000
0.145606 0.062894 0.000000
0.029859 0.077269 0.000000
-0.016015 -0.079474 0.000000
-0.399000 0.067466 0.000000
-0.376398 -0.072232 0.000000
0.052903 0.074704 0.000000
0.145126 0.062961 0.000000
-0.286038 0.086851 0.000000
0.041109 0.076037 0.000000
0.419095 0.016595 0.000000
-0.429396 -0.057678 0.000000
0.262330 0.045108 0.000000
-0.191833 -0.087233 0.000000
-0.446419 -0.050594 0.000000
-0.406359 -0.065072 0.000000
0.249235 -0.048443 0.000000
0.156423 0.061375 0.000000
0.311272 0.036777 0.000000
0.066853 -0.071774 0.000000
-0.283035 0.087107 0.000000
-0.461003 -0.042755 0.000000
0.091076 0.070116 0.000000
-0.236459 0.089876 0.000000
0.104111 -0.067662 0.000000
-0.144504 0.089995 0.000000
0.139950 -0.063369 0.000000
-0.299503 0.085575 0.000000
0.190356 -0.056814 0.000000
-0.233228 -0.086674 0.000000
-0.199041 0.090677 0.000000
0.423380 -0.019356 0.000000
0.457314 0.008798 0.000000
-0.178545 0.090655 0.000000
0.411472 0.018108 0.000000
-0.064494 0.085833 0.000000
-0.089401 -0.084362 0.000000
0.205903 -0.054676 0.000000
0.232439 0.049947 0.000000
-0.016153 0.081865 0.000000
-0.363363 0.076090 0.000000
-0.044322 -0.081596 0.000000
0.259540 0.045568 0.000000
0.472003 0.005704 0.000000
0.264209 0.044798 0.000000
0.166023 -0.060051 0.000000
-0.101652 0.088177 0.000000
-0.050065 -0.081992 0.000000
0.462137 0.007788 0.000000
0.448323 0.010665 0.000000
-0.345287 -0.077644 0.000000
0.149369 0.062369 0.000000
-0.308989 -0.082072 0.000000
-0.270037 0.088101 0.000000
0.075615 -0.070840 0.000000
-0.361540 0.076451 0.000000
-0.416200 -0.062160 0.000000
-0.461412 0.040790 0.000000
-0.236067 0.089892 0.000000
-0.468531 0.035684 0.000000
0.471382 -0.010131 0.000000
0.258662 -0.047034 0.000000
0.205763 -0.054696 0.000000
-0.186342 0.090697 0.000000
0.437418 -0.016717 0.000000
0.057991 0.074117 0.000000
0.173897 -0.059018 0.000000
0.029116 -0.075541 0.000000
-0.223927 0.090270 0.000000
0.424452 0.015524 0.000000
-0.078329 0.086783 0.000000
0.192855 -0.056473 0.000000
-0.039496 0.083900 0.000000
0.152654 -0.061772 0.000000
-0.485199 0.017627 0.000000
-0.203023 -0.087192 0.000000
-0.252551 0.089158 0.000000
0.453796 0.009531 0.000000
-0.219769 -0.086984 0.000000
-0.272226 -0.084971 0.000000
0.486509 -0.007103 0.000000
-0.030827 0.083170 0.000000
0.305047 0.037865 0.000000
-0.300669 -0.082853 0.000000
0.338528 -0.034346 0.000000
-0.044156 0.084281 0.000000
-0.397861 -0.067341 0.000000
-0.185304 -0.087216 0.000000
-0.453888 0.045415 0.000000
0.169844 -0.059551 0.000000
-0.165811 -0.087020 0.000000
-0.375110 0.073573 0.000000
-0.117492 -0.085662 0.000000
-0.403723 -0.065799 0.000000
-0.257772 0.088875 0.000000
-0.023506 -0.080064 0.000000
-0.039011 -0.081219 0.000000
0.355189 0.028867 0.000000
0.227811 -0.051575 0.000000
0.497190 0.000267 0.000000
0.500461 -0.000452 0.000000
0.425533 0.015307 0.000000
0.229858 0.050356 0.000000
-0.414760 0.062538 0.000000
0.162075 0.060570 0.000000
0.324839 0.034377 0.000000
0.237642 0.049118 0.000000
-0.049737 -0.081970 0.000000
0.123426 -0.065387 0.000000
-0.232957 -0.086682 0.000000
-0.178706 0.090656 0.000000
0.174484 -0.058940 0.000000
0.188472 -0.057069 0.000000
-0.371255 -0.073253 0.000000
-0.113121 -0.085481 0.000000
-0.122355 -0.085850 0.000000
0.335235 -0.034896 0.000000
0.089777 -0.069287 0.000000
0.155114 0.061560 0.000000
0.214951 -0.053408 0.000000
0.376586 0.024861 0.000000
0.045815 -0.073925 0.000000
-0.274584 0.087775 0.000000
0.037000 0.076491 0.000000
0.356510 -0.031303 0.000000
-0.246168 0.089470 0.000000
-0.467558 0.036435 0.000000
0.452913 -0.013748 0.000000
-0.375137 -0.072489 0.000000
0.114943 0.067048 0.000000
-0.004692 0.080790 0.000000
0.427625 0.014886 0.000000
-0.182085 -0.087198 0.000000
0.234185 -0.050653 0.000000
-0.481225 0.023362 0.000000
-0.159882 0.090386 0.000000
-0.383595 -0.070714 0.000000
0.113434 -0.066576 0.000000
0.401858 -0.023312 0.000000
0.275785 -0.044426 0.000000
-0.483344 0.020511 0.000000
-0.386538 -0.070059 0.000000
-0.309817 0.084447 0.000000
0.263237 -0.046343 0.000000
0.316437 0.035868 0.000000
0.313695 0.036351 0.000000
0.188150 0.056762 0.000000
0.238275 -0.050057 0.000000
-0.092748 -0.084534 0.000000
0.488240 -0.006752 0.000000
0.016810 -0.076677 0.000000
0.041952 0.075943 0.000000
-0.333844 -0.079235 0.000000
0.102833 0.068623 0.000000
0.126434 0.065518 0.000000
-0.065721 0.085919 0.000000
0.315463 0.036040 0.000000
-0.457444 -0.044873 0.000000
-0.320248 -0.080886 0.000000
0.495673 -0.005239 0.000000
-0.490181 0.004476 0.000000
-0.299822 -0.082930 0.000000
-0.248745 -0.086148 0.000000
-0.464758 0.038496 0.000000
0.343960 -0.033434 0.000000
-0.393561 0.068988 0.000000
-0.129872 0.089490 0.000000
0.442711 -0.015709 0.000000
0.145355 -0.062694 0.000000
-0.187076 0.090700 0.000000
0.267150 -0.045749 0.000000
-0.073472 -0.083475 0.000000
0.154083 0.061706 0.000000
0.386241 0.023020 0.000000
-0.168215 -0.087059 0.000000
0.070389 0.072653 0.000000
0.366203 -0.029633 0.000000
-0.033398 -0.080810 0.000000
-0.317480 -0.081189 0.000000
-0.482959 0.021058 0.000000
0.430206 0.014365 0.000000
0.068913 -0.071556 0.000000
-0.011123 -0.079081 0.000000
0.504930 -0.003333 0.000000
0.419821 0.016450 0.000000
-0.157095 -0.086864 0.000000
0.297478 0.039177 0.000000
0.111937 0.067442 0.000000
-0.438977 -0.053906 0.000000
0.122078 -0.065550 0.000000
-0.152786 0.090223 0.000000
0.368222 0.026439 0.000000
0.038623 0.076312 0.000000
0.419546 0.016505 0.000000
-0.458176 0.042861 0.000000
0.183617 0.057435 0.000000
-0.121483 -0.085816 0.000000
-0.455717 -0.045849 0.000000
0.352200 0.029418 0.000000
0.384945 -0.026346 0.000000
0.392594 -0.024982 0.000000
0.414886 -0.020930 0.000000
-0.013592 -0.079280 0.000000
0.345685 -0.033144 0.000000
0.448158 -0.014665 0.000000
-0.404115 -0.065692 0.000000
-0.143674 -0.086544 0.000000
-0.082578 -0.083996 0.000000
0.025577 -0.075872 0.000000
-0.101442 0.088165 0.000000
-0.477626 -0.029827 0.000000
-0.147233 0.090074 0.000000
-0.483916 -0.022229 0.000000
0.261764 -0.046566 0.000000
-0.077156 0.086706 0.000000
-0.200391 -0.087212 0.000000
0.447627 0.010808 0.000000
-0.067271 -0.083103 0.000000
-0.287646 0.086712 0.000000
0.131609 0.064818 0.000000
0.311968 0.036655 0.000000
0.069935 0.072707 0.000000
-0.396793 -0.067614 0.000000
-0.055140 0.085140 0.000000
-0.190080 0.090708 0.000000
0.012596 -0.077056 0.000000
0.069648 0.072742 0.000000
0.011697 -0.077136 0.000000
0.208751 0.053645 0.000000
0.094873 0.069638 0.000000
0.348669 -0.032638 0.000000
0.442770 0.011807 0.000000
0.327862 -0.036119 0.000000
0.493321 -0.005719 0.000000
0.276224 -0.044359 0.000000
-0.412552 0.063280 0.000000
0.491612 -0.006067 0.000000
0.114206 0.067145 0.000000
-0.459065 0.042304 0.000000
-0.392032 0.069400 0.000000
-0.338930 -0.078553 0.000000
-0.301838 0.085329 0.000000
-0.309864 0.084441 0.000000
0.417790 0.016855 0.000000
0.189696 0.056531 0.000000
0.369246 0.026246 0.000000
0.360527 -0.030613 0.000000
-0.329149 -0.079833 0.000000
0.378305 0.024535 0.000000
-0.312896 0.084081 0.000000
-0.198720 0.090680 0.000000
0.249195 0.047258 0.000000
-0.086545 -0.084210 0.000000
-0.389005 0.070199 0.000000
0.093869 0.069765 0.000000
0.298940 -0.040803 0.000000
-0.078596 -0.083771 0.000000
-0.280508 0.087316 0.000000
0.260167 -0.046807 0.000000
-0.073726 0.086475 0.000000
0.087676 -0.069522 0.000000
0.109425 0.067770 0.000000
-0.208552 0.090577 0.000000
-0.121721 0.089156 0.000000
-0.490438 0.002711 0.000000
0.305188 0.037840 0.000000
-0.468901 0.035393 0.000000
-0.446521 0.049389 0.000000
0.287203 -0.042654 0.000000
0.232752 -0.050861 0.000000
0.050724 0.074953 0.000000
-0.154894 0.090274 0.000000
0.414937 -0.020921 0.000000
0.106701 -0.067362 0.000000
0.504131 -0.003498 0.000000
-0.490456 -0.005280 0.000000
0.316733 0.035816 0.000000
-0.123845 0.089245 0.000000
0.306888 -0.039533 0.000000
-0.150777 -0.086725 0.000000
-0.242781 0.089625 0.000000
0.304639 0.037936 0.000000
-0.375380 0.073511 0.000000
0.313419 0.036400 0.000000
0.176470 0.058487 0.000000
-0.427868 -0.058235 0.000000
0.208508 -0.054312 0.000000
0.144432 0.063057 0.000000
-0.480280 -0.026951 0.000000
-0.015703 -0.079449 0.000000
0.252833 0.046666 0.000000
-0.398207 0.067693 0.000000
0.290376 -0.042156 0.000000
-0.043319 0.084213 0.000000
0.330562 0.033354 0.000000
-0.429266 -0.057726 0.000000
-0.160680 -0.086936 0.000000
-0.451229 -0.048235 0.000000
-0.071244 0.086307 0.000000
-0.409687 0.064215 0.000000
-0.158285 -0.086888 0.000000
-0.107048 0.088462 0.000000
0.036558 0.076540 0.000000
-0.429441 0.057109 0.000000
-0.249065 -0.086135 0.000000
0.472888 0.005516 0.000000
-0.341238 -0.078228 0.000000
-0.001371 -0.078269 0.000000
0.258220 -0.047100 0.000000
-0.191234 0.090705 0.000000
-0.261799 -0.085553 0.000000
0.239531 0.048816 0.000000
0.126579 -0.065008 0.000000
-0.174256 0.090618 0.000000
0.376962 0.024790 0.000000
0.064188 -0.072053 0.000000
0.359819 -0.030735 0.000000
0.153272 -0.061694 0.000000
0.289532 -0.042289 0.000000
0.470377 -0.010330 0.000000
0.152992 0.061860 0.000000
-0.487951 0.012141 0.000000
-0.310331 0.084386 0.000000
0.347406 0.030299 0.000000
0.159616 0.060921 0.000000
0.054599 0.074508 0.000000
0.341179 -0.033902 0.000000
-0.410055 0.064097 0.000000
0.002124 0.080127 0.000000
0.274816 -0.044576 0.000000
-0.113439 -0.085494 0.000000
-0.186510 0.090698 0.000000
0.164052 -0.060307 0.000000
0.366022 0.026851 0.000000
0.181002 -0.058074 0.000000
-0.465391 -0.039905 0.000000
-0.451740 -0.047974 0.000000
-0.181901 0.090684 0.000000
-0.036308 0.083635 0.000000
-0.356613 -0.075873 0.000000
0.272494 0.043420 0.000000
0.135024 0.064353 0.000000
-0.465738 -0.039669 0.000000
-0.268426 -0.085195 0.000000
-0.354162 -0.076273 0.000000
0.238432 -0.050034 0.000000
0.033929 -0.075083 0.000000
0.090452 0.070194 0.000000
-0.435294 0.054661 0.000000
-0.194557 0.090695 0.000000
-0.151258 0.090187 0.000000
0.411001 -0.021645 0.000000
-0.183678 -0.087210 0.000000
-0.001525 0.080484 0.000000
-0.423918 -0.059627 0.000000
-0.400261 -0.066723 0.000000
-0.488442 -0.013589 0.000000
0.137706 -0.063646 0.000000
-0.190839 0.090706 0.000000
-0.179608 0.090664 0.000000
0.337494 -0.034519 0.000000
0.463175 0.007570 0.000000
0.033588 0.076864 0.000000
-0.354098 0.077875 0.000000
-0.373186 -0.072875 0.000000
0.033231 -0.075150 0.000000
-0.115144 0.088858 0.000000
0.373087 -0.028435 0.000000
-0.354800 0.077746 0.000000
0.011863 -0.077121 0.000000
-0.147013 0.090068 0.000000
0.417424 -0.020462 0.000000
0.468934 0.006355 0.000000
0.314665 0.036181 0.000000
0.248990 -0.048479 0.000000
-0.185982 -0.087218 0.000000
0.502933 -0.000997 0.000000
0.014977 0.078834 0.000000
0.046839 -0.073823 0.000000
-0.326373 -0.080170 0.000000
-0.294087 0.086114 0.000000
-0.337892 0.080636 0.000000
-0.317622 -0.081174 0.000000
-0.366416 -0.074162 0.000000
0.133281 -0.064191 0.000000
-0.443709 -0.051844 0.000000
0.392711 0.021774 0.000000
0.155644 -0.061390 0.000000
0.397460 0.020854 0.000000
-0.197643 -0.087220 0.000000
0.328195 -0.036064 0.000000
0.436076 -0.016971 0.000000
-0.236553 0.089873 0.000000
0.466745 -0.011047 0.000000
-0.291219 0.086384 0.000000
0.037569 -0.074733 0.000000
0.147140 -0.062469 0.000000
0.295057 0.039593 0.000000
0.418460 0.016722 0.000000
-0.350539 0.078520 0.000000
-0.356859 -0.075831 0.000000
0.003436 0.079998 0.000000
0.314785 -0.038259 0.000000
-0.485618 0.016905 0.000000
0.224345 0.051224 0.000000
0.281627 0.041884 0.000000
0.074055 -0.071008 0.000000
-0.042788 0.084170 0.000000
0.248832 -0.048502 0.000000
0.457841 -0.012791 0.000000
0.014638 -0.076873 0.000000
-0.050210 0.084762 0.000000
0.318049 0.035583 0.000000
-0.134168 -0.086262 0.000000
0.487791 0.002316 0.000000
-0.033234 -0.080798 0.000000
-0.099119 0.088041 0.000000
0.048977 -0.073609 0.000000
0.241177 0.048552 0.000000
0.128266 0.065271 0.000000
0.168385 0.059663 0.000000
0.363199 0.027379 0.000000
-0.481813 -0.025095 0.000000
-0.082047 0.087021 0.000000
0.389181 0.022455 0.000000
0.288353 0.040742 0.000000
-0.344017 0.079644 0.000000
-0.030226 -0.080576 0.000000
0.102307 -0.067869 0.000000
-0.038772 -0.081202 0.000000
-0.017920 0.082027 0.000000
-0.195976 0.090691 0.000000
0.149656 -0.062152 0.000000
-0.015050 0.081763 0.000000
0.074123 0.072204 0.000000
0.148621 -0.062283 0.000000
-0.201255 -0.087206 0.000000
-0.095431 0.087831 0.000000
0.102654 0.068646 0.000000
-0.083178 -0.084028 0.000000
0.454280 0.009430 0.000000
-0.192712 -0.087232 0.000000
0.480977 -0.008217 0.000000
0.256517 0.046064 0.000000
-0.258511 0.088832 0.000000
0.412412 0.017922 0.000000
0.039609 0.076203 0.000000
0.176074 -0.058730 0.000000
0.483346 0.003276 0.000000
-0.161581 0.090419 0.000000
0.169850 -0.059550 0.000000
0.140447 -0.063307 0.000000
0.354773 -0.031600 0.000000
-0.468842 -0.037437 0.000000
0.010027 -0.077283 0.000000
-0.408626 -0.064431 0.000000
-0.069983 -0.083268 0.000000
-0.490042 -0.007955 0.000000
-0.321670 0.082974 0.000000
0.409733 0.018452 0.000000
0.203633 -0.054991 0.000000
0.398516 -0.023917 0.000000
0.218209 0.052183 0.000000
-0.144933 0.090008 0.000000
0.332120 0.033074 0.000000
0.069187 0.072797 0.000000
0.072843 0.072358 0.000000
0.308346 -0.039299 0.000000
0.355328 -0.031505 0.000000
0.331170 0.033244 0.000000
-0.174042 -0.087129 0.000000
0.047239 0.075350 0.000000
-0.481084 -0.025998 0.000000
0.443768 -0.015507 0.000000
0.372215 -0.028587 0.000000
-0.235014 0.089929 0.000000
0.040398 -0.074459 0.000000
-0.324025 0.082661 0.000000
0.186464 0.057013 0.000000
0.278943 -0.043939 0.000000
0.366075 -0.029655 0.000000
-0.191862 -0.087233 0.000000
-0.239302 -0.086491 0.000000
0.308144 -0.039331 0.000000
0.092569 0.069928 0.000000
-0.125045 0.089296 0.000000
-0.152632 0.090220 0.000000
0.020248 0.078288 0.000000
0.282498 0.041736 0.000000
0.006417 0.079703 0.000000
0.233509 0.049777 0.000000
0.175786 -0.058768 0.000000
-0.181388 0.090679 0.000000
-0.179128 -0.087177 0.000000
-0.404529 -0.065579 0.000000
-0.133816 0.089639 0.000000
-0.226775 -0.086839 0.000000
0.505822 -0.003148 0.000000
0.126377 -0.065032 0.000000
-0.234109 -0.086649 0.000000
0.261596 0.045229 0.000000
0.269986 0.043839 0.000000
-0.403727 0.066073 0.000000
-0.245192 -0.086287 0.000000
-0.229837 -0.086769 0.000000
0.374243 -0.028233 0.000000
-0.481131 -0.025942 0.000000
-0.242776 0.089626 0.000000
-0.346938 0.079152 0.000000
0.185212 0.057199 0.000000
0.069098 -0.071536 0.000000
0.340086 -0.034085 0.000000
0.324947 0.034358 0.000000
0.028573 -0.075592 0.000000
-0.459551 0.041997 0.000000
-0.135306 0.089695 0.000000
-0.041919 0.084098 0.000000
0.101863 0.068747 0.000000
0.063446 -0.072130 0.000000
0.183051 -0.057800 0.000000
-0.288204 0.086661 0.000000
0.497131 0.000280 0.000000
0.417272 -0.020490 0.000000
0.071147 -0.071319 0.000000
0.053719 -0.073131 0.000000
-0.336288 -0.078910 0.000000
0.181647 0.057726 0.000000
0.033290 0.076896 0.000000
0.405630 0.019259 0.000000
-0.323816 0.082689 0.000000
-0.448623 -0.049538 0.000000
-0.345538 0.079388 0.000000
0.403143 0.019746 0.000000
0.178581 0.058177 0.000000
-0.416736 -0.061991 0.000000
-0.414306 0.062692 0.000000
-0.292248 0.086290 0.000000
0.494102 0.000943 0.000000
0.286087 -0.042828 0.000000
-0.070113 -0.083276 0.000000
-0.274089 -0.084857 0.000000
-0.119556 -0.085742 0.000000
0.237484 -0.050173 0.000000
-0.305642 -0.082396 0.000000
-0.466177 0.037467 0.000000
-0.125676 -0.085973 0.000000
0.022858 -0.076125 0.000000
0.192132 0.056167 0.000000
0.434439 -0.017281 0.000000
-0.353858 -0.076322 0.000000
0.120217 0.066350 0.000000
0.335090 0.032539 0.000000
-0.298494 -0.083046 0.000000
0.224976 -0.051982 0.000000
0.254614 -0.047641 0.000000
-0.302983 0.085209 0.000000
0.389259 -0.025578 0.000000
0.501198 -0.000614 0.000000
0.036328 0.076565 0.000000
-0.276027 -0.084738 0.000000
0.472006 0.005703 0.000000
0.037207 0.076468 0.000000
-0.308086 -0.082159 0.000000
0.329280 -0.035884 0.000000
-0.182596 -0.087202 0.000000
-0.152576 -0.086769 0.000000
0.126569 0.065500 0.000000
0.386902 -0.025998 0.000000
0.451580 0.009991 0.000000
-0.246495 -0.086236 0.000000
-0.090126 -0.084399 0.000000
-0.348099 0.078949 0.000000
-0.166771 0.090515 0.000000
0.033288 0.076897 0.000000
-0.381501 -0.071170 0.000000
0.452625 -0.013803 0.000000
-0.478659 -0.028752 0.000000
-0.021847 0.082380 0.000000
-0.439432 -0.053713 0.000000
0.323152 -0.036894 0.000000
0.051399 -0.073367 0.000000
-0.253418 -0.085951 0.000000
-0.026296 -0.080277 0.000000
-0.287582 -0.083932 0.000000
-0.068284 -0.083166 0.000000
0.501957 -0.000782 0.000000
-0.466018 -0.039473 0.000000
-0.077177 0.086707 0.000000
0.214915 -0.053413 0.000000
-0.366140 -0.074212 0.000000
0.055482 -0.072952 0.000000
-0.308071 0.084646 0.000000
0.093052 0.069867 0.000000
-0.490253 0.004040 0.000000
-0.349931 0.078627 0.000000
-0.458036 -0.044533 0.000000
-0.316556 0.083632 0.000000
0.371591 0.025805 0.000000
-0.382140 0.071924 0.000000
-0.379095 0.072652 0.000000
-0.471773 -0.035144 0.000000
0.255334 -0.047533 0.000000
-0.361520 -0.075037 0.000000
-0.115649 -0.085587 0.000000
0.123285 0.065940 0.000000
-0.410973 0.063801 0.000000
0.486003 0.002703 0.000000
-0.222097 0.090320 0.000000
0.250469 0.047051 0.000000
0.142510 0.063324 0.000000
0.398254 -0.023964 0.000000
0.080541 0.071423 0.000000
0.240793 -0.049688 0.000000
0.301134 0.038544 0.000000
0.427754 -0.018539 0.000000
0.089539 0.070309 0.000000
0.221440 0.051680 0.000000
0.150045 0.062274 0.000000
-0.199788 0.090670 0.000000
0.125318 -0.065160 0.000000
-0.415946 -0.062241 0.000000
0.490770 0.001669 0.000000
-0.417425 0.061619 0.000000
-0.211919 0.090527 0.000000
-0.403483 0.066147 0.000000
0.072915 0.072349 0.000000
-0.263586 0.088528 0.000000
0.474678 0.005134 0.000000
-0.262576 -0.085514 0.000000
0.409522 -0.021916 0.000000
0.386304 0.023008 0.000000
-0.015035 0.081762 0.000000
-0.196473 -0.087223 0.000000
0.442762 -0.015699 0.000000
0.024420 -0.075980 0.000000
-0.026299 -0.080277 0.000000
0.437607 -0.016681 0.000000
-0.144035 -0.086554 0.000000
-0.294498 -0.083385 0.000000
0.072469 0.072403 0.000000
-0.446100 0.049603 0.000000
0.068267 -0.071624 0.000000
0.266646 -0.045826 0.000000
0.212895 -0.053697 0.000000
0.254765 -0.047618 0.000000
-0.193686 -0.087230 0.000000
0.435658 0.013260 0.000000
0.363562 -0.030090 0.000000
-0.378895 0.072699 0.000000
-0.142545 0.089937 0.000000
-0.101407 -0.084960 0.000000
0.428415 0.014726 0.000000
0.186984 0.056935 0.000000
0.066206 -0.071841 0.000000
-0.030875 -0.080624 0.000000
0.304757 0.037915 0.000000
0.009028 -0.077371 0.000000
0.048870 -0.073620 0.000000
0.156087 -0.061334 0.000000
0.075740 -0.070826 0.000000
0.278198 0.042462 0.000000
0.130666 0.064946 0.000000
0.155258 -0.061440 0.000000
0.408513 0.018692 0.000000
0.466602 -0.011075 0.000000
0.177038 0.058404 0.000000
-0.091016 0.087575 0.000000
-0.079925 0.086885 0.000000
0.478590 -0.008695 0.000000
-0.066387 -0.083048 0.000000
0.074831 0.072118 0.000000
0.160227 -0.060802 0.000000
-0.042714 -0.081484 0.000000
-0.243096 -0.086363 0.000000
0.237962 0.049067 0.000000
-0.158063 0.090351 0.000000
-0.024714 -0.080156 0.000000
-0.076679 -0.083662 0.000000
-0.280078 0.087349 0.000000
-0.478253 0.026825 0.000000
0.431187 0.014167 0.000000
-0.328986 0.081971 0.000000
0.201029 0.054824 0.000000
-0.487308 0.013618 0.000000
0.189796 0.056517 0.000000
-0.006947 -0.078737 0.000000
-0.489480 -0.010367 0.000000
-0.469879 -0.036648 0.000000
0.456790 0.008907 0.000000
0.482125 -0.007986 0.000000
0.015270 0.078804 0.000000
0.245221 0.047901 0.000000
-0.068347 -0.083170 0.000000
0.240967 0.048586 0.000000
-0.084029 -0.084074 0.000000
-0.411981 -0.063448 0.000000
-0.229434 -0.086778 0.000000
0.129788 -0.064618 0.000000
-0.315292 -0.081427 0.000000
0.002636 0.080077 0.000000
-0.270058 0.088100 0.000000
-0.072681 -0.083428 0.000000
0.338913 0.031847 0.000000
0.275193 0.042968 0.000000
0.015588 0.078771 0.000000
-0.226432 -0.086847 0.000000
0.177954 -0.058480 0.000000
0.462349 -0.011910 0.000000
0.206751 -0.054558 0.000000
0.179298 -0.058301 0.000000
-0.147785 -0.086653 0.000000
0.000578 -0.078105 0.000000
0.195815 0.055613 0.000000
0.176568 -0.058664 0.000000
0.027506 -0.075692 0.000000
0.179526 0.058038 0.000000
0.170521 0.059353 0.000000
-0.226387 0.090203 0.000000
-0.094578 -0.084627 0.000000
0.401610 -0.023357 0.000000
0.159495 -0.060896 0.000000
0.194014 0.055885 0.000000
0.382715 0.023695 0.000000
-0.463632 0.039286 0.000000
-0.490679 -0.001148 0.000000
-0.348058 0.078957 0.000000
0.268971 0.044007 0.000000
0.197291 0.055391 0.000000
0.447043 0.010929 0.000000
-0.464096 -0.040777 0.000000
0.031338 0.077108 0.000000
0.269024 0.043999 0.000000
0.283936 -0.043164 0.000000
0.197284 0.055392 0.000000
0.176931 -0.058616 0.000000
0.043606 0.075758 0.000000
-0.398747 0.067538 0.000000
-0.325558 0.082449 0.000000
0.094714 -0.068733 0.000000
-0.262796 -0.085503 0.000000
-0.019018 -0.079713 0.000000
-0.083715 -0.084057 0.000000
-0.038309 -0.081169 0.000000
0.255676 -0.047482 0.000000
0.207840 0.053785 0.000000
-0.458439 -0.044297 0.000000
0.495906 0.000548 0.000000
0.457530 -0.012852 0.000000
0.066859 -0.071773 0.000000
-0.248610 0.089358 0.000000
0.434235 0.013549 0.000000
0.436216 -0.016944 0.000000
0.074924 -0.070914 0.000000
0.144848 -0.062758 0.000000
0.368284 -0.029272 0.000000
0.204784 -0.054831 0.000000
-0.227984 -0.086811 0.000000
0.326889 0.034012 0.000000
0.296334 -0.041217 0.000000
-0.473892 0.031159 0.000000
-0.093278 0.087707 0.000000
0.085681 0.070789 0.000000
0.055508 0.074404 0.000000
-0.477392 0.027741 0.000000
0.372013 0.025726 0.000000
-0.471802 -0.035122 0.000000
0.183945 -0.057679 0.000000
0.429325 -0.018244 0.000000
0.394064 -0.024718 0.000000
-0.197824 0.090686 0.000000
0.403315 -0.023048 0.000000
0.386266 0.023015 0.000000
0.444948 -0.015281 0.000000
-0.377702 0.072980 0.000000
0.338567 0.031910 0.000000
0.465204 0.007143 0.000000
-0.007286 0.081037 0.000000
-0.351939 -0.076631 0.000000
0.484510 0.003025 0.000000
-0.217076 0.090430 0.000000
0.246820 0.047643 0.000000
0.262920 0.045011 0.000000
0.147578 -0.062414 0.000000
-0.483701 -0.022542 0.000000
0.352084 0.029440 0.000000
-0.187505 -0.087222 0.000000
-0.248596 0.089358 0.000000
0.200434 0.054915 0.000000
-0.451368 -0.048165 0.000000
-0.091658 0.087614 0.000000
0.288744 0.040675 0.000000
-0.430563 0.056651 0.000000
-0.244254 -0.086324 0.000000
-0.011280 -0.079094 0.000000
0.429553 -0.018201 0.000000
0.311348 0.036764 0.000000
0.481194 -0.008173 0.000000
-0.184314 -0.087214 0.000000
-0.403405 0.066171 0.000000
0.124695 -0.065235 0.000000
0.068062 -0.071646 0.000000
-0.167622 -0.087049 0.000000
0.165569 -0.060110 0.000000
-0.315813 0.083725 0.000000
0.288139 0.040778 0.000000
0.041075 -0.074392 0.000000
-0.404882 0.065722 0.000000
-0.013691 0.081638 0.000000
-0.057118 -0.082461 0.000000
0.508138 -0.002150 0.000000
-0.266317 0.088350 0.000000
0.306628 0.037589 0.000000
-0.085543 0.087243 0.000000
0.394915 0.021348 0.000000
-0.292854 0.086235 0.000000
0.424266 -0.019191 0.000000
0.116151 0.066888 0.000000
-0.458601 -0.044202 0.000000
0.262175 0.045134 0.000000
-0.346993 -0.077392 0.000000
0.107195 0.068060 0.000000
0.204353 0.054318 0.000000
-0.202646 -0.087195 0.000000
0.156581 0.061353 0.000000
0.117279 -0.066122 0.000000
-0.231765 -0.086716 0.000000
-0.170992 -0.087093 0.000000
-0.301751 -0.082755 0.000000
0.083845 0.071016 0.000000
-0.303389 -0.082606 0.000000
0.120778 -0.065705 0.000000
-0.365502 0.075649 0.000000
-0.392142 0.069371 0.000000
-0.362348 -0.074892 0.000000
-0.303707 0.085133 0.000000
0.034676 -0.075012 0.000000
0.020161 -0.076372 0.000000
0.205982 0.054070 0.000000
-0.490664 -0.002377 0.000000
-0.058198 -0.082530 0.000000
-0.044779 0.084331 0.000000
-0.462533 0.040040 0.000000
-0.157387 -0.086869 0.000000
-0.372225 -0.073063 0.000000
0.042329 0.075901 0.000000
-0.211180 -0.087115 0.000000
0.406010 0.019184 0.000000
0.377360 -0.027686 0.000000
0.077609 -0.070625 0.000000
0.225281 -0.051938 0.000000
-0.146773 0.090061 0.000000
-0.406683 0.065166 0.000000
0.269915 0.043850 0.000000
0.109975 0.067699 0.000000
-0.275365 -0.084778 0.000000
0.503898 -0.003546 0.000000
-0.099175 0.088044 0.000000
-0.180743 -0.087188 0.000000
-0.345927 0.079322 0.000000
-0.447465 0.048906 0.000000
0.432444 0.013912 0.000000
-0.091032 -0.084446 0.000000
0.324607 -0.036655 0.000000
0.005607 0.079783 0.000000
-0.157980 0.090349 0.000000
0.380490 0.024119 0.000000
-0.416994 0.061769 0.000000
0.251253 -0.048142 0.000000
0.017632 -0.076603 0.000000
0.287521 -0.042604 0.000000
0.321789 0.034920 0.000000
-0.028171 -0.080420 0.000000
0.317623 0.035659 0.000000
0.174699 0.058746 0.000000
-0.265374 0.088412 0.000000
-0.490558 -0.004248 0.000000
-0.403545 0.066128 0.000000
0.303819 -0.040025 0.000000
0.325094 0.034332 0.000000
-0.323012 -0.080567 0.000000
-0.248884 -0.086142 0.000000
0.224212 -0.052091 0.000000
-0.344944 0.079487 0.000000
0.055295 0.074428 0.000000
0.358677 -0.030931 0.000000
-0.343461 -0.077913 0.000000
0.410694 0.018262 0.000000
-0.039917 0.083934 0.000000
-0.424097 -0.059565 0.000000
0.204792 0.054251 0.000000
0.023501 0.077947 0.000000
0.464099 -0.011567 0.000000
-0.238670 0.089789 0.000000
0.081117 -0.070243 0.000000
-0.001438 0.080475 0.000000
-0.119806 -0.085752 0.000000
0.160393 0.060810 0.000000
0.139673 0.063716 0.000000
-0.419916 0.060735 0.000000
0.463549 -0.011675 0.000000
-0.236322 -0.086587 0.000000
0.433808 0.013636 0.000000
0.326147 0.034144 0.000000
0.072091 -0.071218 0.000000
-0.134830 0.089677 0.000000
0.491775 -0.006034 0.000000
0.309932 -0.039044 0.000000
-0.372353 -0.073038 0.000000
-0.339857 0.080323 0.000000
0.170331 -0.059488 0.000000
0.382684 0.023700 0.000000
0.301329 0.038510 0.000000
-0.382569 0.071819 0.000000
-0.304415 -0.082513 0.000000
0.419428 -0.020091 0.000000
-0.416780 -0.061977 0.000000
-0.089821 0.087503 0.000000
-0.489696 0.006809 0.000000
0.165894 -0.060068 0.000000
0.116182 -0.066251 0.000000
-0.080297 -0.083868 0.000000
-0.465192 0.038184 0.000000
0.509139 -0.002373 0.000000
0.019485 -0.076434 0.000000
0.168762 0.059608 0.000000
-0.477632 0.027488 0.000000
0.279958 0.042166 0.000000
0.149281 0.062381 0.000000
0.197080 0.055422 0.000000
0.227229 0.050771 0.000000
-0.047814 -0.081838 0.000000
-0.312531 -0.081713 0.000000
-0.486973 -0.016989 0.000000
0.110561 0.067622 0.000000
-0.321519 -0.080739 0.000000
0.398772 -0.023870 0.000000
0.226187 0.050935 0.000000
0.307463 0.037443 0.000000
-0.380031 0.072430 0.000000
-0.046739 -0.081764 0.000000
-0.326086 0.082376 0.000000
0.013898 0.078945 0.000000
-0.474644 -0.032681 0.000000
-0.215096 -0.087065 0.000000
-0.016954 -0.079550 0.000000
-0.273435 0.087857 0.000000
0.178353 0.058211 0.000000
0.402171 0.019936 0.000000
0.074460 0.072163 0.000000
0.336116 0.032353 0.000000
0.346565 0.030453 0.000000
0.217131 0.052351 0.000000
0.327557 -0.036169 0.000000
-0.115095 0.088856 0.000000
0.158912 -0.060971 0.000000
0.013488 -0.076976 0.000000
-0.386160 -0.070144 0.000000
-0.472145 0.032714 0.000000
-0.488597 -0.013166 0.000000
-0.311128 -0.081858 0.000000
0.023856 -0.076033 0.000000
0.427090 0.014993 0.000000
-0.429096 0.057246 0.000000
-0.196855 0.090689 0.000000
0.015788 -0.076769 0.000000
-0.132196 0.089578 0.000000
-0.077620 -0.083716 0.000000
0.075964 0.071981 0.000000
0.373073 0.025526 0.000000
0.323304 0.034651 0.000000
0.411213 0.018159 0.000000
0.066598 0.073105 0.000000
-0.292942 -0.083512 0.000000
-0.373450 0.073946 0.000000
-0.419943 0.060725 0.000000
0.441195 0.012130 0.000000
-0.390883 0.069708 0.000000
-0.167008 -0.087039 0.000000
-0.330023 -0.079724 0.000000
-0.055407 -0.082350 0.000000
-0.378601 0.072769 0.000000
0.014983 0.078833 0.000000
-0.181380 -0.087193 0.000000
0.282959 -0.043316 0.000000
-0.168862 -0.087068 0.000000
-0.367623 0.075210 0.000000
0.097639 -0.068403 0.000000
0.374146 0.025323 0.000000
-0.477081 -0.030375 0.000000
-0.485448 -0.019814 0.000000
-0.052088 0.084906 0.000000
0.286922 0.040985 0.000000
-0.226583 -0.086844 0.000000
0.156723 0.061333 0.000000
0.295459 -0.041355 0.000000
0.143665 -0.062906 0.000000
-0.381090 0.072179 0.000000
0.133303 0.064589 0.000000
0.241856 -0.049532 0.000000
0.317215 -0.037864 0.000000
-0.059977 0.085502 0.000000
0.071019 -0.071332 0.000000
0.465102 0.007164 0.000000
0.349510 -0.032496 0.000000
-0.267550 -0.085244 0.000000
0.094645 0.069667 0.000000
0.495526 -0.005269 0.000000
-0.067601 0.086052 0.000000
0.324401 0.034456 0.000000
-0.234100 -0.086650 0.000000
0.319022 -0.037569 0.000000
0.287703 -0.042576 0.000000
-0.274284 -0.084845 0.000000
0.406030 -0.022554 0.000000
-0.274950 -0.084804 0.000000
0.292119 0.040098 0.000000
0.102669 -0.067828 0.000000
0.362903 -0.030204 0.000000
0.207921 0.053773 0.000000
0.006051 0.079739 0.000000
0.152554 0.061922 0.000000
-0.129770 -0.086117 0.000000
0.434972 0.013399 0.000000
-0.490018 -0.008075 0.000000
0.107470 -0.067273 0.000000
-0.481489 0.023026 0.000000
-0.086526 0.087302 0.000000
0.455058 0.009268 0.000000
0.304740 -0.039878 0.000000
-0.087057 0.087335 0.000000
0.463852 -0.011616 0.000000
-0.430975 0.056483 0.000000
0.170198 -0.059505 0.000000
0.324564 0.034426 0.000000
-0.398096 -0.067281 0.000000
-0.482174 -0.024632 0.000000
-0.388149 0.070422 0.000000
-0.298697 -0.083029 0.000000
0.459716 0.008296 0.000000
-0.398828 0.067515 0.000000
-0.135578 -0.086306 0.000000
-0.469334 0.035050 0.000000
0.188235 0.056749 0.000000
-0.145998 0.090038 0.000000
0.414885 -0.020931 0.000000
-0.180302 -0.087185 0.000000
0.099208 0.069087 0.000000
-0.012352 -0.079180 0.000000
0.108795 0.067852 0.000000
-0.141377 0.089898 0.000000
-0.028658 -0.080457 0.000000
0.226673 0.050858 0.000000
-0.344654 0.079536 0.000000
0.169063 -0.059654 0.000000
-0.184002 -0.087212 0.000000
-0.471378 -0.035465 0.000000
-0.258305 -0.085729 0.000000
-0.017232 0.081964 0.000000
0.381475 0.023931 0.000000
0.447507 -0.014790 0.000000
-0.203122 -0.087192 0.000000
-0.487192 0.013867 0.000000
0.217647 0.052271 0.000000
0.382494 -0.026780 0.000000
-0.211886 0.090528 0.000000
0.139680 -0.063402 0.000000
-0.438070 0.053431 0.000000
0.423378 -0.019357 0.000000
-0.488612 0.010423 0.000000
0.209449 -0.054181 0.000000
-0.185385 -0.087216 0.000000
0.323063 -0.036908 0.000000
-0.418886 -0.061305 0.000000
-0.340587 0.080205 0.000000
0.463175 0.007570 0.000000
-0.108915 -0.085302 0.000000
0.096763 0.069398 0.000000
0.245649 0.047832 0.000000
0.385628 -0.026225 0.000000
-0.337874 -0.078696 0.000000
0.295443 0.039527 0.000000
-0.429921 -0.057482 0.000000
-0.314302 -0.081531 0.000000
-0.384771 -0.070457 0.000000
0.305354 0.037811 0.000000
-0.201179 -0.087206 0.000000
0.061187 -0.072365 0.000000
0.307232 0.037484 0.000000
-0.365404 0.075670 0.000000
0.040628 0.076090 0.000000
0.000706 -0.078094 0.000000
-0.125170 0.089301 0.000000
-0.011613 0.081445 0.000000
0.245479 -0.048999 0.000000
-0.304845 0.085007 0.000000
0.162859 0.060458 0.000000
-0.027019 0.082838 0.000000
0.396488 0.021043 0.000000
0.110014 0.067693 0.000000
-0.329752 0.081859 0.000000
-0.167928 -0.087054 0.000000
-0.095411 -0.084670 0.000000
-0.289787 -0.083761 0.000000
-0.011798 0.081463 0.000000
-0.297008 -0.083172 0.000000
0.472385 -0.009932 0.000000
-0.063983 0.085797 0.000000
0.086225 0.070721 0.000000
0.076910 0.071866 0.000000
0.156508 -0.061280 0.000000
-0.311759 -0.081793 0.000000
0.332804 0.032951 0.000000
-0.482304 0.021959 0.000000
-0.131622 -0.086181 0.000000
-0.473034 0.031933 0.000000
-0.176239 0.090635 0.000000
0.134317 0.064450 0.000000
0.220609 0.051809 0.000000
0.432055 -0.017731 0.000000
-0.449741 0.047710 0.000000
-0.109634 0.088591 0.000000
-0.246086 -0.086252 0.000000
-0.217988 0.090411 0.000000
-0.286100 -0.084040 0.000000
-0.336475 0.080854 0.000000
-0.285997 0.086855 0.000000
-0.009661 0.081261 0.000000
0.256668 0.046039 0.000000
-0.256018 -0.085835 0.000000
-0.043258 0.084208 0.000000
0.498165 -0.004728 0.000000
-0.002876 0.080614 0.000000
-0.402815 -0.066047 0.000000
0.147872 0.062578 0.000000
-0.299524 0.085572 0.000000
0.296574 -0.041179 0.000000
-0.225815 0.090218 0.000000
-0.093392 0.087714 0.000000
0.468561 0.006434 0.000000
-0.349828 -0.076958 0.000000
0.236813 0.049251 0.000000
-0.357582 -0.075710 0.000000
0.354721 -0.031609 0.000000
0.149241 0.062386 0.000000
-0.490509 0.002065 0.000000
-0.374016 0.073821 0.000000
0.168562 -0.059719 0.000000
-0.483438 -0.022920 0.000000
-0.383457 0.071602 0.000000
0.133190 0.064604 0.000000
-0.119846 0.089075 0.000000
0.252891 0.046657 0.000000
0.428107 -0.018473 0.000000
0.198433 -0.055710 0.000000
0.196785 -0.055936 0.000000
0.193918 0.055899 0.000000
0.054617 -0.073040 0.000000
-0.290230 0.086475 0.000000
0.381068 -0.027032 0.000000
-0.406529 0.065214 0.000000
-0.423282 0.059500 0.000000
-0.077102 0.086702 0.000000
-0.280726 0.087299 0.000000
0.011525 0.079188 0.000000
-0.410607 0.063920 0.000000
0.381551 -0.026947 0.000000
0.354040 -0.031725 0.000000
0.392967 0.021725 0.000000
-0.161318 0.090414 0.000000
0.152734 0.061896 0.000000
0.440703 0.012231 0.000000
0.479733 0.004053 0.000000
-0.451308 0.046861 0.000000
-0.193766 0.090698 0.000000
0.127619 -0.064881 0.000000
0.103830 -0.067694 0.000000
0.155881 -0.061360 0.000000
-0.485342 -0.019993 0.000000
-0.399334 -0.066964 0.000000
-0.444033 -0.051699 0.000000
-0.172240 0.090591 0.000000
0.023091 -0.076103 0.000000
-0.390431 0.069826 0.000000
-0.041877 -0.081425 0.000000
-0.323488 -0.080512 0.000000
-0.402598 -0.066104 0.000000
-0.047081 0.084514 0.000000
0.295882 0.039451 0.000000
-0.297081 -0.083166 0.000000
-0.373317 -0.072849 0.000000
0.182109 0.057658 0.000000
0.361204 -0.030497 0.000000
-0.213470 0.090504 0.000000
0.179717 0.058010 0.000000
0.060715 -0.072414 0.000000
0.268348 0.044111 0.000000
0.462799 -0.011822 0.000000
-0.082566 0.087055 0.000000
0.407651 0.018861 0.000000
0.086661 -0.069634 0.000000
0.294173 0.039745 0.000000
-0.411153 -0.063695 0.000000
0.345188 -0.033227 0.000000
0.463440 -0.011697 0.000000
0.041557 -0.074345 0.000000
0.347462 0.030289 0.000000
-0.120310 0.089096 0.000000
-0.009127 0.081211 0.000000
-0.387599 0.070563 0.000000
-0.166142 -0.087025 0.000000
-0.464386 -0.040584 0.000000
0.368796 -0.029183 0.000000
0.460440 0.008144 0.000000
0.076562 0.071908 0.000000
-0.220974 -0.086963 0.000000
-0.102206 -0.084998 0.000000
-0.222345 -0.086938 0.000000
0.004997 -0.077724 0.000000
-0.228613 -0.086797 0.000000
0.015275 -0.076815 0.000000
0.180385 0.057912 0.000000
-0.467806 0.036246 0.000000
-0.046519 0.084469 0.000000
-0.265759 0.088386 0.000000
-0.026626 0.082804 0.000000
-0.063062 -0.082842 0.000000
-0.221751 -0.086949 0.000000
0.050158 -0.073491 0.000000
0.189318 -0.056954 0.000000
-0.248911 -0.086141 0.000000
-0.292661 -0.083534 0.000000
-0.440813 0.052174 0.000000
-0.405775 -0.065237 0.000000
-0.077487 -0.083708 0.000000
0.408762 0.018643 0.000000
-0.030974 -0.080631 0.000000
-0.077793 0.086748 0.000000
-0.289142 0.086575 0.000000
0.087284 0.070589 0.000000
-0.322665 0.082842 0.000000
0.017549 -0.076611 0.000000
-0.131328 0.089545 0.000000
-0.315743 -0.081378 0.000000
0.379985 -0.027224 0.000000
-0.181129 -0.087191 0.000000
-0.041069 -0.081367 0.000000
0.190186 -0.056837 0.000000
0.045947 -0.073913 0.000000
0.367106 0.026648 0.000000
-0.360764 0.076605 0.000000
0.339256 0.031785 0.000000
0.149106 -0.062222 0.000000
-0.480683 -0.026479 0.000000
-0.134055 -0.086258 0.000000
-0.305472 -0.082412 0.000000
0.276510 0.042747 0.000000
-0.239128 0.089770 0.000000
0.047841 0.075281 0.000000
-0.414898 0.062491 0.000000
0.308494 -0.039275 0.000000
-0.095249 -0.084661 0.000000
-0.353731 0.077942 0.000000
0.112070 -0.066736 0.000000
0.249386 0.047227 0.000000
-0.257158 -0.085784 0.000000
0.255987 0.046151 0.000000
-0.425162 0.058789 0.000000
-0.142525 0.089937 0.000000
0.178698 0.058160 0.000000
-0.201840 0.090652 0.000000
-0.338407 -0.078625 0.000000
0.019018 -0.076477 0.000000
-0.300049 0.085517 0.000000
0.262674 -0.046428 0.000000
-0.415999 0.062116 0.000000
0.226751 -0.051727 0.000000
-0.002385 0.080567 0.000000
0.386007 -0.026157 0.000000
-0.478825 0.026197 0.000000
0.390769 0.022149 0.000000
0.212103 -0.053809 0.000000
-0.209983 -0.087130 0.000000
0.008606 -0.077408 0.000000
0.429736 -0.018167 0.000000
0.004815 0.079861 0.000000
0.494766 0.000797 0.000000
-0.174669 0.090622 0.000000
0.099078 -0.068239 0.000000
0.208348 -0.054335 0.000000
0.187716 0.056826 0.000000
-0.016045 0.081855 0.000000
-0.416903 0.061801 0.000000
-0.039880 0.083931 0.000000
-0.256764 -0.085802 0.000000
-0.278652 0.087461 0.000000
0.488868 0.002082 0.000000
0.364214 -0.029978 0.000000
-0.149486 -0.086694 0.000000
0.393798 -0.024766 0.000000
-0.001963 -0.078319 0.000000
-0.424886 0.058894 0.000000
0.375960 0.024979 0.000000
-0.471678 0.033116 0.000000
-0.387356 -0.069874 0.000000
0.266599 0.044402 0.000000
0.037012 -0.074787 0.000000
-0.309219 -0.082050 0.000000
-0.302966 0.085211 0.000000
-0.320804 0.083088 0.000000
-0.251123 0.089233 0.000000
0.482911 0.003370 0.000000
-0.399588 -0.066898 0.000000
0.379183 -0.027365 0.000000
-0.000181 -0.078169 0.000000
-0.087748 -0.084275 0.000000
-0.229494 0.090113 0.000000
-0.105911 0.088405 0.000000
0.219157 0.052035 0.000000
-0.383701 0.071542 0.000000
-0.488974 0.009358 0.000000
-0.312939 -0.081671 0.000000
0.182103 0.057659 0.000000
0.376712 0.024837 0.000000
-0.305135 -0.082445 0.000000
-0.483955 0.019609 0.000000
-0.490501 0.002148 0.000000
-0.290323 -0.083718 0.000000
0.399346 -0.023767 0.000000
-0.277981 -0.084608 0.000000
-0.370885 0.074513 0.000000
0.335505 0.032464 0.000000
0.498507 -0.000022 0.000000
0.260066 0.045482 0.000000
0.215907 0.052541 0.000000
0.438426 -0.016525 0.000000
0.320966 0.035066 0.000000
-0.430929 -0.057107 0.000000
-0.377261 -0.072057 0.000000
0.234044 0.049692 0.000000
-0.336102 -0.078935 0.000000
0.342145 -0.033740 0.000000
0.290284 0.040412 0.000000
-0.245336 0.089508 0.000000
-0.440327 -0.053333 0.000000
0.318472 -0.037659 0.000000
-0.011354 -0.079100 0.000000
-0.477054 0.028091 0.000000
-0.477875 -0.029574 0.000000
-0.479128 -0.028245 0.000000
-0.178542 0.090655 0.000000
0.485260 -0.007355 0.000000
0.241803 -0.049540 0.000000
0.073086 0.072329 0.000000
-0.305986 0.084880 0.000000
-0.333174 0.081357 0.000000
-0.019212 -0.079728 0.000000
-0.213020 -0.087091 0.000000
-0.074941 -0.083563 0.000000
-0.326018 -0.080213 0.000000
-0.174659 0.090621 0.000000
-0.435419 0.054606 0.000000
-0.011108 0.081398 0.000000
0.163747 -0.060347 0.000000
-0.227727 -0.086817 0.000000
-0.090363 0.087536 0.000000
-0.193001 -0.087231 0.000000
0.430237 -0.018073 0.000000
0.090352 0.070207 0.000000
0.062294 0.073613 0.000000
-0.150048 -0.086707 0.000000
-0.051299 0.084846 0.000000
-0.017664 0.082004 0.000000
0.393911 -0.024746 0.000000
0.127626 0.065357 0.000000
0.179807 -0.058233 0.000000
0.104599 0.068396 0.000000
-0.111773 0.088698 0.000000
0.446244 0.011093 0.000000
0.299584 0.038813 0.000000
0.319156 -0.037547 0.000000
0.370541 -0.028879 0.000000
-0.023154 0.082498 0.000000
-0.341432 -0.078201 0.000000
-0.209410 -0.087137 0.000000
-0.124940 0.089291 0.000000
0.030919 0.077154 0.000000
0.221614 0.051652 0.000000
0.053811 -0.073122 0.000000
-0.382606 0.071810 0.000000
-0.442884 0.051189 0.000000
-0.311339 -0.081836 0.000000
0.216697 -0.053161 0.000000
0.259326 0.045603 0.000000
0.067059 0.073050 0.000000
0.483305 -0.007749 0.000000
-0.079777 -0.083838 0.000000
-0.071106 0.086298 0.000000
0.102041 0.068724 0.000000
-0.157687 -0.086876 0.000000
-0.468585 0.035642 0.000000
-0.249143 0.089333 0.000000
0.355060 -0.031551 0.000000
-0.319695 -0.080947 0.000000
-0.451664 0.046667 0.000000
0.304326 -0.039944 0.000000
-0.359160 0.076920 0.000000
-0.087202 -0.084245 0.000000
-0.250621 -0.086074 0.000000
0.418842 0.016646 0.000000
-0.285077 0.086933 0.000000
-0.399359 -0.066957 0.000000
0.418887 -0.020191 0.000000
0.368065 -0.029310 0.000000
-0.333468 -0.079283 0.000000
-0.225499 -0.086869 0.000000
0.229453 -0.051338 0.000000
-0.032883 -0.080772 0.000000
-0.319474 0.083265 0.000000
0.485084 -0.007390 0.000000
-0.038464 -0.081180 0.000000
0.163979 -0.060316 0.000000
-0.390177 -0.069221 0.000000
-0.415744 0.062204 0.000000
-0.370633 -0.073373 0.000000
-0.269793 -0.085119 0.000000
-0.059269 0.085450 0.000000
0.112035 -0.066740 0.000000
-0.012492 0.081527 0.000000
0.504250 -0.001288 0.000000
-0.095200 0.087817 0.000000
-0.273858 0.087827 0.000000
0.318652 0.035477 0.000000
-0.472945 0.032012 0.000000
-0.071230 0.086306 0.000000
-0.214671 -0.087071 0.000000
0.001865 -0.077994 0.000000
-0.157974 0.090348 0.000000
0.400773 0.020209 0.000000
0.059754 0.073911 0.000000
0.286621 0.041036 0.000000
0.380540 0.024109 0.000000
-0.465875 0.037691 0.000000
-0.434242 0.055112 0.000000
0.257371 -0.047228 0.000000
-0.456061 -0.045656 0.000000
0.347351 -0.032862 0.000000
0.365776 -0.029707 0.000000
0.368757 0.026338 0.000000
-0.257800 0.088873 0.000000
-0.368249 -0.073822 0.000000
0.060518 -0.072434 0.000000
-0.015905 -0.079466 0.000000
-0.065487 0.085903 0.000000
-0.388990 0.070203 0.000000
0.409841 -0.021857 0.000000
-0.490218 0.004254 0.000000
0.363703 -0.030066 0.000000
-0.225866 -0.086860 0.000000
0.204597 -0.054858 0.000000
0.380206 0.024173 0.000000
-0.077418 0.086724 0.000000
-0.054199 0.085068 0.000000
0.329536 0.033538 0.000000
-0.087834 -0.084279 0.000000
-0.167991 0.090532 0.000000
-0.201673 -0.087203 0.000000
0.175829 0.058580 0.000000
-0.472320 -0.034692 0.000000
-0.410536 -0.063877 0.000000
0.474790 -0.009454 0.000000
0.386050 0.023056 0.000000
0.495363 0.000667 0.000000
0.220303 0.051857 0.000000
-0.009565 0.081252 0.000000
-0.435074 0.054755 0.000000
0.277941 -0.044094 0.000000
-0.378517 -0.071798 0.000000
-0.460520 0.041375 0.000000
-0.067671 -0.083128 0.000000
-0.228399 -0.086802 0.000000
-0.117562 -0.085665 0.000000
0.413022 0.017802 0.000000
0.505017 -0.003315 0.000000
-0.020122 -0.079799 0.000000
-0.136664 -0.086341 0.000000
0.200371 0.054924 0.000000
0.376751 0.024830 0.000000
-0.126957 -0.086018 0.000000
-0.450247 0.047440 0.000000
-0.180373 -0.087186 0.000000
-0.206441 0.090609 0.000000
0.481931 -0.008025 0.000000
0.055223 -0.072978 0.000000
-0.340591 -0.078319 0.000000
0.129147 0.065153 0.000000
-0.447466 0.048906 0.000000
0.170691 0.059329 0.000000
-0.479926 -0.027358 0.000000
-0.015958 -0.079470 0.000000
-0.437401 0.053732 0.000000
-0.398685 -0.067130 0.000000
-0.295065 0.086018 0.000000
0.310994 -0.038872 0.000000
0.401402 0.020086 0.000000
0.505789 -0.003155 0.000000
-0.204828 0.090626 0.000000
-0.027801 -0.080392 0.000000
0.099844 -0.068151 0.000000
-0.045630 -0.081687 0.000000
-0.226419 0.090202 0.000000
-0.416668 0.061883 0.000000
0.436277 0.013134 0.000000
0.067358 0.073015 0.000000
0.084747 0.070905 0.000000
0.233806 0.049730 0.000000
0.045976 0.075492 0.000000
-0.130511 0.089514 0.000000
0.184854 -0.057557 0.000000
-0.145281 0.090018 0.000000
-0.023044 0.082488 0.000000
0.166674 -0.059966 0.000000
-0.457553 0.043244 0.000000
-0.233539 -0.086666 0.000000
-0.428950 -0.057842 0.000000
0.496347 0.000452 0.000000
-0.362276 -0.074905 0.000000
-0.100252 -0.084904 0.000000
-0.394733 -0.068126 0.000000
-0.433603 0.055386 0.000000
-0.188006 -0.087223 0.000000
-0.304602 -0.082496 0.000000
-0.221969 0.090323 0.000000
-0.057473 0.085318 0.000000
-0.485661 0.016829 0.000000
-0.140485 -0.086455 0.000000
0.271402 -0.045100 0.000000
-0.336239 0.080890 0.000000
-0.332274 0.081489 0.000000
-0.189796 -0.087228 0.000000
0.413083 0.017790 0.000000
-0.158484 -0.086892 0.000000
-0.489273 0.008386 0.000000
-0.155020 -0.086822 0.000000
-0.297083 0.085819 0.000000
-0.341077 -0.078251 0.000000
0.389425 0.022408 0.000000
-0.028788 0.082993 0.000000
-0.363789 -0.074639 0.000000
0.247689 0.047502 0.000000
-0.062169 -0.082786 0.000000
-0.286678 -0.083998 0.000000
0.493061 0.001170 0.000000
0.473157 0.005458 0.000000
0.263131 -0.046359 0.000000
0.074075 -0.071006 0.000000
-0.160089 0.090390 0.000000
-0.311440 -0.081826 0.000000
0.134657 -0.064022 0.000000
-0.171048 -0.087094 0.000000
0.225797 -0.051864 0.000000
-0.462512 0.040054 0.000000
0.390490 0.022203 0.000000
0.350804 -0.032276 0.000000
-0.333616 -0.079264 0.000000
-0.051623 -0.082096 0.000000
0.370219 -0.028935 0.000000
-0.119626 -0.085745 0.000000
-0.433060 0.055616 0.000000
0.481672 0.003637 0.000000
0.453313 0.009631 0.000000
0.395482 0.021238 0.000000
0.030126 0.077240 0.000000
-0.145271 0.090017 0.000000
0.372480 -0.028541 0.000000
0.008516 -0.077416 0.000000
0.207136 -0.054504 0.000000
-0.440190 -0.053391 0.000000
0.092381 0.069952 0.000000
-0.315829 -0.081369 0.000000
0.338810 -0.034299 0.000000
0.184152 0.057356 0.000000
-0.138709 -0.086405 0.000000
-0.169450 -0.087075 0.000000
0.158362 0.061099 0.000000
-0.238677 0.089788 0.000000
-0.288669 0.086618 0.000000
0.376555 0.024867 0.000000
-0.183221 -0.087206 0.000000
-0.474056 0.031009 0.000000
-0.247085 -0.086213 0.000000
0.063722 -0.072101 0.000000
-0.037924 0.083771 0.000000
0.437694 -0.016664 0.000000
0.182386 0.057617 0.000000
-0.202620 -0.087196 0.000000
0.261252 -0.046643 0.000000
0.330198 -0.035732 0.000000
0.053907 -0.073112 0.000000
0.331130 0.033251 0.000000
0.139540 -0.063420 0.000000
-0.109779 0.088598 0.000000
0.289927 0.040473 0.000000
0.328438 0.033734 0.000000
0.071717 -0.071258 0.000000
0.127636 0.065356 0.000000
-0.059526 -0.082616 0.000000
-0.065229 0.085884 0.000000
0.408942 -0.022022 0.000000
-0.442103 -0.052561 0.000000
0.177765 0.058297 0.000000
0.475307 -0.009351 0.000000
0.030214 -0.075437 0.000000
-0.490591 -0.003819 0.000000
-0.090624 -0.084425 0.000000
-0.194045 0.090697 0.000000
-0.258340 -0.085727 0.000000
0.201653 0.054730 0.000000
-0.301390 -0.082788 0.000000
0.069314 -0.071513 0.000000
-0.386454 0.070853 0.000000
0.299969 0.038746 0.000000
-0.107384 0.088479 0.000000
0.372905 -0.028467 0.000000
-0.049247 0.084685 0.000000
0.068917 0.072829 0.000000
-0.359562 -0.075378 0.000000
-0.268965 -0.085165 0.000000
0.101433 -0.067969 0.000000
-0.476679 0.028475 0.000000
0.224858 0.051144 0.000000
-0.088071 0.087396 0.000000
0.378214 -0.027536 0.000000
0.153881 -0.061616 0.000000
-0.458881 0.042420 0.000000
-0.268094 0.088234 0.000000
-0.432508 -0.056505 0.000000
-0.416889 0.061806 0.000000
-0.074814 0.086548 0.000000
0.009524 0.079390 0.000000
-0.266221 0.088356 0.000000
0.289857 -0.042238 0.000000
0.208915 0.053620 0.000000
-0.235889 0.089899 0.000000
-0.262242 -0.085531 0.000000
0.311709 -0.038757 0.000000
-0.284487 0.086983 0.000000
-0.227013 -0.086834 0.000000
-0.239182 0.089768 0.000000
0.181599 -0.057994 0.000000
0.273607 -0.044761 0.000000
-0.339443 -0.078481 0.000000
-0.241263 -0.086425 0.000000
-0.458633 -0.044183 0.000000
0.204988 -0.054803 0.000000
-0.433780 -0.056013 0.000000
0.273687 0.043220 0.000000
0.039668 0.076196 0.000000
-0.251633 -0.086031 0.000000
0.466444 -0.011106 0.000000
-0.292386 0.086278 0.000000
0.043667 0.075751 0.000000
0.063540 -0.072120 0.000000
0.333404 -0.035201 0.000000
-0.129567 -0.086110 0.000000
-0.157460 0.090336 0.000000
-0.473863 0.031185 0.000000
-0.438243 0.053353 0.000000
-0.108165 0.088518 0.000000
0.123380 0.065928 0.000000
0.210077 0.053442 0.000000
0.495964 0.000535 0.000000
0.106468 -0.067389 0.000000
0.260237 0.045453 0.000000
0.354549 0.028985 0.000000
0.129703 0.065077 0.000000
-0.068159 0.086091 0.000000
-0.328155 0.082087 0.000000
-0.035920 0.083602 0.000000
-0.143028 0.089953 0.000000
0.407175 -0.022345 0.000000
0.334131 -0.035080 0.000000
-0.288614 -0.083853 0.000000
0.120453 -0.065744 0.000000
-0.267140 0.088296 0.000000
-0.208060 -0.087154 0.000000
-0.074254 0.086510 0.000000
0.173466 0.058926 0.000000
0.376266 0.024922 0.000000
-0.022130 0.082406 0.000000
-0.426108 0.058423 0.000000
-0.061099 0.085584 0.000000
-0.050895 0.084815 0.000000
-0.189349 -0.087227 0.000000
0.406393 0.019109 0.000000
0.150926 0.062150 0.000000
-0.080457 0.086919 0.000000
-0.305658 -0.082394 0.000000
0.114789 -0.066416 0.000000
0.093805 -0.068836 0.000000
0.473135 0.005463 0.000000
-0.251130 0.089232 0.000000
-0.407586 -0.064727 0.000000
0.413605 -0.021166 0.000000
-0.051793 -0.082108 0.000000
0.130737 -0.064503 0.000000
0.136194 0.064193 0.000000
-0.329629 -0.079775 0.000000
-0.220666 -0.086968 0.000000
0.268701 0.044052 0.000000
-0.483033 -0.023485 0.000000
-0.306385 0.084835 0.000000
-0.469036 0.035286 0.000000
0.214502 0.052759 0.000000
0.214746 -0.053437 0.000000
0.326239 0.034128 0.000000
0.413532 0.017701 0.000000
-0.024884 0.082652 0.000000
-0.486316 -0.018270 0.000000
0.251469 -0.048110 0.000000
-0.083666 0.087125 0.000000
-0.020816 0.082288 0.000000
0.364778 -0.029880 0.000000
0.068206 0.072914 0.000000
0.064991 -0.071969 0.000000
-0.084551 -0.084102 0.000000
0.470818 -0.010242 0.000000
-0.022522 -0.079987 0.000000
0.232831 0.049885 0.000000
-0.484358 -0.021567 0.000000
0.189878 -0.056878 0.000000
0.076810 0.071878 0.000000
-0.490053 0.005172 0.000000
0.244410 -0.049156 0.000000
-0.301231 0.085393 0.000000
-0.382839 -0.070878 0.000000
-0.163471 0.090455 0.000000
0.145910 -0.062624 0.000000
-0.139961 0.089851 0.000000
0.297089 0.039243 0.000000
0.161596 -0.060625 0.000000
0.144269 -0.062830 0.000000
0.438111 0.012760 0.000000
-0.161315 0.090414 0.000000
-0.058244 0.085374 0.000000
0.324109 -0.036737 0.000000
-0.338995 -0.078544 0.000000
-0.469031 -0.037294 0.000000
-0.109270 -0.085318 0.000000
0.177847 0.058285 0.000000
0.160663 -0.060746 0.000000
0.143861 0.063137 0.000000
-0.213818 -0.087081 0.000000
-0.404030 -0.065715 0.000000
0.278737 0.042372 0.000000
0.134179 0.064469 0.000000
0.414644 -0.020975 0.000000
0.244287 -0.049175 0.000000
-0.286318 -0.084024 0.000000
0.207915 0.053773 0.000000
-0.355769 0.077566 0.000000
-0.106352 -0.085187 0.000000
0.062174 -0.072264 0.000000
-0.415303 -0.062440 0.000000
0.033135 0.076913 0.000000
-0.151559 0.090194 0.000000
0.086005 0.070749 0.000000
-0.042647 -0.081480 0.000000
-0.263367 -0.085474 0.000000
-0.044275 0.084291 0.000000
-0.244000 -0.086333 0.000000
-0.055054 0.085133 0.000000
0.001141 -0.078056 0.000000
0.443218 -0.015612 0.000000
-0.106759 0.088448 0.000000
-0.250274 0.089277 0.000000
0.378595 -0.027469 0.000000
0.407352 -0.022312 0.000000
0.079789 0.071515 0.000000
-0.142090 -0.086500 0.000000
-0.148098 0.090099 0.000000
-0.178752 0.090657 0.000000
0.455031 0.009274 0.000000
-0.127725 -0.086045 0.000000
-0.294380 -0.083395 0.000000
-0.121899 -0.085833 0.000000
0.285295 0.041262 0.000000
0.181607 -0.057993 0.000000
-0.261175 -0.085584 0.000000
-0.489775 -0.009200 0.000000
0.223981 -0.052124 0.000000
-0.004461 -0.078530 0.000000
0.060996 -0.072385 0.000000
0.173918 0.058860 0.000000
0.059230 0.073972 0.000000
0.332098 -0.035418 0.000000
-0.172418 -0.087110 0.000000
-0.387340 0.070629 0.000000
0.479189 -0.008575 0.000000
0.046091 0.075479 0.000000
-0.405758 -0.065241 0.000000
0.200983 0.054831 0.000000
0.045975 -0.073910 0.000000
-0.456648 0.043794 0.000000
0.122570 0.066036 0.000000
0.311004 -0.038871 0.000000
0.271601 -0.045069 0.000000
0.196033 0.055580 0.000000
-0.003761 0.080700 0.000000
0.335506 0.032464 0.000000
0.398955 0.020563 0.000000
-0.029670 -0.080534 0.000000
-0.305081 -0.082450 0.000000
0.259054 0.045648 0.000000
0.253408 -0.047821 0.000000
0.320270 0.035190 0.000000
-0.464212 -0.040701 0.000000
-0.083990 -0.084072 0.000000
-0.340213 0.080265 0.000000
-0.454082 0.045304 0.000000
-0.371476 -0.073210 0.000000
-0.256705 0.088938 0.000000
0.411058 0.018190 0.000000
0.268939 -0.045476 0.000000
-0.318112 -0.081120 0.000000
0.265820 -0.045951 0.000000
0.322131 0.034860 0.000000
0.444779 -0.015314 0.000000
0.251221 0.046929 0.000000
0.177549 -0.058534 0.000000
0.248553 0.047362 0.000000
0.366976 0.026673 0.000000
0.051916 0.074817 0.000000
-0.002544 -0.078368 0.000000
0.303506 0.038133 0.000000
-0.446235 -0.050680 0.000000
0.208109 -0.054368 0.000000
-0.113073 -0.085479 0.000000
-0.488546 0.010605 0.000000
0.089755 0.070282 0.000000
0.267627 0.044231 0.000000
0.281773 -0.043500 0.000000
-0.009585 -0.078954 0.000000
-0.315373 0.083780 0.000000
-0.467953 0.036132 0.000000
0.424656 -0.019118 0.000000
-0.484572 -0.021236 0.000000
0.230126 -0.051241 0.000000
-0.463568 0.039330 0.000000
-0.435385 -0.055379 0.000000
0.067954 0.072944 0.000000
-0.182239 0.090685 0.000000
-0.440401 0.052365 0.000000
-0.116338 0.088913 0.000000
0.153765 -0.061631 0.000000
-0.010550 -0.079033 0.000000
0.272651 0.043393 0.000000
-0.389812 -0.069306 0.000000
-0.125838 0.089329 0.000000
-0.301031 -0.082820 0.000000
-0.217892 -0.087018 0.000000
-0.243826 0.089578 0.000000
0.301647 0.038455 0.000000
0.451343 -0.014051 0.000000
0.219208 -0.052805 0.000000
0.245510 0.047854 0.000000
0.297145 0.039234 0.000000
-0.479829 -0.027469 0.000000
-0.303928 0.085110 0.000000
0.026581 -0.075778 0.000000
0.357360 -0.031157 0.000000
-0.224323 0.090259 0.000000
0.181411 0.057761 0.000000
0.122761 0.066010 0.000000
-0.407203 0.065004 0.000000
0.467392 0.006681 0.000000
-0.249667 -0.086112 0.000000
0.134258 -0.064071 0.000000
-0.271696 -0.085004 0.000000
-0.144577 0.089997 0.000000
-0.378415 -0.071820 0.000000
-0.149943 -0.086705 0.000000
0.004198 -0.077793 0.000000
-0.188519 0.090704 0.000000
0.159382 0.060954 0.000000
-0.367736 -0.073919 0.000000
-0.429669 0.057016 0.000000
-0.203755 0.090635 0.000000
0.111996 -0.066745 0.000000
-0.344089 0.079631 0.000000
-0.436568 -0.054902 0.000000
0.205465 0.054149 0.000000
-0.401121 0.066849 0.000000
0.394856 -0.024576 0.000000
-0.318356 -0.081093 0.000000
0.339543 0.031733 0.000000
0.045367 0.075560 0.000000
0.008942 0.079448 0.000000
-0.247452 0.089411 0.000000
-0.443966 0.050665 0.000000
0.136967 -0.063738 0.000000
0.113016 -0.066625 0.000000
0.491070 -0.006178 0.000000
0.098528 0.069174 0.000000
0.216474 -0.053193 0.000000
0.504372 -0.003448 0.000000
0.065207 0.073270 0.000000
-0.490209 -0.007036 0.000000
-0.087680 0.087373 0.000000
0.200470 0.054909 0.000000
-0.370566 0.074581 0.000000
-0.079564 -0.083826 0.000000
0.215337 0.052629 0.000000
0.352543 0.029355 0.000000
0.071503 0.072519 0.000000
-0.235260 -0.086617 0.000000
0.433305 0.013738 0.000000
-0.455146 -0.046162 0.000000
-0.284893 -0.084128 0.000000
-0.352108 -0.076604 0.000000
0.436463 0.013096 0.000000
0.247881 -0.048643 0.000000
-0.032828 0.083340 0.000000
-0.126511 0.089357 0.000000
0.137917 -0.063620 0.000000
0.409144 -0.021985 0.000000
-0.231752 -0.086716 0.000000
0.374624 0.025232 0.000000
-0.051515 0.084863 0.000000
0.005556 0.079788 0.000000
0.038128 0.076366 0.000000
-0.197514 -0.087221 0.000000
0.090844 -0.069168 0.000000
-0.307720 -0.082195 0.000000
-0.066488 0.085973 0.000000
-0.472874 0.032075 0.000000
0.478540 0.004309 0.000000
0.193854 -0.056337 0.000000
0.030307 0.077220 0.000000
-0.221887 0.090325 0.000000
-0.467295 0.036633 0.000000
-0.012491 0.081527 0.000000
0.023658 -0.076051 0.000000
0.313130 0.036451 0.000000
0.167749 0.059754 0.000000
-0.442078 -0.052572 0.000000
0.337078 0.032179 0.000000
-0.227159 -0.086830 0.000000
-0.287578 0.086718 0.000000
0.061126 0.073750 0.000000
-0.026263 -0.080274 0.000000
-0.108307 0.088525 0.000000
-0.166839 -0.087037 0.000000
0.417624 -0.020425 0.000000
-0.368843 -0.073710 0.000000
0.046794 -0.073828 0.000000
-0.097762 0.087964 0.000000
-0.165191 0.090488 0.000000
-0.457004 0.043580 0.000000
-0.272375 0.087934 0.000000
0.316812 0.035802 0.000000
-0.455205 -0.046130 0.000000
-0.185086 -0.087216 0.000000
-0.260624 -0.085612 0.000000
-0.170994 0.090574 0.000000
0.007910 -0.077470 0.000000
0.471875 0.005731 0.000000
0.332435 0.033017 0.000000
-0.191149 0.090705 0.000000
-0.404780 -0.065510 0.000000
0.262941 -0.046388 0.000000
0.347000 0.030373 0.000000
-0.385529 0.071087 0.000000
-0.183438 -0.087208 0.000000
-0.332515 0.081454 0.000000
-0.271517 0.087995 0.000000
0.095655 -0.068627 0.000000
0.476843 0.004672 0.000000
0.382003 0.023830 0.000000
0.233844 -0.050703 0.000000
-0.249665 -0.086112 0.000000
-0.076836 0.086684 0.000000
0.126513 0.065507 0.000000
0.444663 -0.015336 0.000000
-0.162070 -0.086960 0.000000
0.163947 0.060302 0.000000
0.505486 -0.003217 0.000000
0.438929 -0.016430 0.000000
-0.201619 -0.087203 0.000000
0.488392 0.002185 0.000000
0.071387 -0.071293 0.000000
-0.467871 0.036195 0.000000
-0.169582 0.090554 0.000000
0.133557 0.064554 0.000000
-0.270759 0.088050 0.000000
0.314456 0.036217 0.000000
0.454328 0.009420 0.000000
-0.199132 -0.087217 0.000000
-0.214932 0.090475 0.000000
0.023556 0.077941 0.000000
-0.484214 0.019213 0.000000
0.187851 0.056806 0.000000
-0.144212 0.089987 0.000000
0.383931 -0.026526 0.000000
0.014502 0.078883 0.000000
0.190971 0.056341 0.000000
0.113468 0.067241 0.000000
0.353775 0.029128 0.000000
0.235152 -0.050513 0.000000
0.045909 -0.073916 0.000000
-0.147180 -0.086638 0.000000
-0.208451 -0.087149 0.000000
-0.235078 0.089926 0.000000
-0.104549 0.088332 0.000000
0.126269 -0.065045 0.000000
0.143127 0.063239 0.000000
-0.324369 0.082615 0.000000
-0.204850 -0.087179 0.000000
0.480298 -0.008353 0.000000
0.109679 -0.067016 0.000000
-0.095186 -0.084658 0.000000
0.102784 0.068629 0.000000
0.210591 -0.054021 0.000000
-0.474293 0.030789 0.000000
-0.267020 0.088304 0.000000
-0.073981 0.086492 0.000000
0.462521 -0.011877 0.000000
-0.223347 0.090286 0.000000
0.014421 0.078891 0.000000
0.025028 -0.075923 0.000000
0.043593 0.075759 0.000000
0.373405 0.025463 0.000000
-0.435057 0.054763 0.000000
-0.403466 0.066152 0.000000
0.462671 -0.011847 0.000000
-0.031658 -0.080682 0.000000
0.207342 0.053861 0.000000
0.349708 -0.032462 0.000000
0.000481 0.080289 0.000000
-0.422063 0.059952 0.000000
0.374058 -0.028265 0.000000
0.403327 0.019710 0.000000
0.440342 0.012305 0.000000
-0.489601 0.007190 0.000000
-0.184009 0.090690 0.000000
-0.225446 -0.086870 0.000000
-0.184635 0.090692 0.000000
-0.244517 0.089546 0.000000
-0.421856 0.060028 0.000000
-0.236085 -0.086593 0.000000
-0.439315 0.052866 0.000000
-0.411718 -0.063527 0.000000
0.227474 0.050732 0.000000
0.319367 0.035350 0.000000
-0.490139 -0.007437 0.000000
0.343254 0.031058 0.000000
0.138700 -0.063524 0.000000
0.501699 -0.004001 0.000000
-0.047384 0.084538 0.000000
0.161023 0.060721 0.000000
0.162795 -0.060470 0.000000
-0.072256 0.086376 0.000000
0.247227 -0.048740 0.000000
0.100335 0.068943 0.000000
-0.332848 0.081405 0.000000
-0.429495 -0.057641 0.000000
0.096783 0.069395 0.000000
-0.346242 -0.077503 0.000000
-0.128604 -0.086076 0.000000
-0.237859 -0.086540 0.000000
0.380984 0.024025 0.000000
0.303528 0.038129 0.000000
0.482901 -0.007830 0.000000
0.361226 -0.030493 0.000000
0.414925 0.017425 0.000000
0.261818 -0.046558 0.000000
-0.367128 0.075315 0.000000
-0.217308 0.090425 0.000000
-0.216204 0.090448 0.000000
0.136665 -0.063775 0.000000
0.092665 -0.068965 0.000000
0.098802 -0.068270 0.000000
-0.353201 -0.076428 0.000000
-0.006417 0.080955 0.000000
-0.095740 0.087848 0.000000
-0.110425 0.088631 0.000000
-0.465599 -0.039764 0.000000
0.231796 -0.051000 0.000000
-0.251209 0.089228 0.000000
0.068059 0.072932 0.000000
-0.406992 -0.064894 0.000000
-0.363767 0.076006 0.000000
-0.025137 -0.080189 0.000000
0.073005 0.072339 0.000000
0.153833 0.061741 0.000000
0.449217 -0.014461 0.000000
0.458617 -0.012640 0.000000
0.382907 0.023658 0.000000
0.179216 0.058084 0.000000
0.255124 0.046292 0.000000
-0.375003 0.073598 0.000000
0.360458 -0.030625 0.000000
0.251641 -0.048085 0.000000
0.296488 0.039347 0.000000
0.012489 0.079090 0.000000
0.116144 -0.066256 0.000000
-0.219159 -0.086995 0.000000
-0.297909 0.085738 0.000000
-0.400153 -0.066752 0.000000
-0.451335 -0.048181 0.000000
0.425342 -0.018990 0.000000
-0.356559 0.077416 0.000000
-0.488903 -0.012284 0.000000
0.188106 -0.057118 0.000000
-0.182002 -0.087198 0.000000
0.194799 0.055766 0.000000
-0.395452 -0.067947 0.000000
-0.100425 0.088111 0.000000
-0.009785 -0.078970 0.000000
-0.453372 0.045710 0.000000
0.299808 -0.040665 0.000000
0.128457 0.065246 0.000000
0.055779 0.074372 0.000000
0.454227 0.009441 0.000000
0.198239 0.055248 0.000000
0.218759 -0.052869 0.000000
-0.149339 0.090135 0.000000
-0.377188 -0.072072 0.000000
-0.301706 0.085343 0.000000
0.164174 -0.060291 0.000000
0.244790 0.047971 0.000000
0.479617 -0.008490 0.000000
-0.184504 -0.087214 0.000000
0.174689 0.058747 0.000000
0.186421 -0.057346 0.000000
0.038735 0.076299 0.000000
0.113783 0.067200 0.000000
-0.140052 0.089854 0.000000
-0.188191 -0.087224 0.000000
-0.021061 0.082310 0.000000
-0.139988 -0.086441 0.000000
-0.011173 0.081404 0.000000
-0.345236 -0.077651 0.000000
-0.328025 -0.079970 0.000000
-0.142050 0.089921 0.000000
-0.213686 -0.087083 0.000000
-0.436661 -0.054864 0.000000
0.050405 0.074989 0.000000
-0.171096 -0.087095 0.000000
0.119821 0.066403 0.000000
0.294412 0.039704 0.000000
-0.298189 0.085710 0.000000
0.327087 0.033976 0.000000
-0.281210 0.087261 0.000000
-0.424052 -0.059581 0.000000
-0.474181 0.030892 0.000000
0.382362 0.023762 0.000000
-0.310553 0.084359 0.000000
0.401863 0.019996 0.000000
-0.403147 0.066249 0.000000
-0.062625 0.085697 0.000000
0.364913 0.027059 0.000000
-0.449822 0.047667 0.000000
-0.402184 -0.066214 0.000000
-0.244002 -0.086332 0.000000
0.252896 -0.047898 0.000000
0.372982 -0.028453 0.000000
0.043911 -0.074113 0.000000
0.023459 0.077951 0.000000
0.099245 -0.068219 0.000000
0.403685 0.019640 0.000000
-0.417730 -0.061677 0.000000
0.442889 -0.015675 0.000000
-0.207488 0.090593 0.000000
-0.017995 -0.079633 0.000000
0.471335 0.005846 0.000000
0.008088 0.079534 0.000000
-0.208607 0.090577 0.000000
-0.095812 -0.084690 0.000000
0.057432 -0.072753 0.000000
0.160012 0.060865 0.000000
0.435111 0.013371 0.000000
0.354274 -0.031685 0.000000
-0.318001 -0.081132 0.000000
-0.345097 0.079462 0.000000
-0.297446 -0.083135 0.000000
-0.160221 0.090393 0.000000
-0.299693 -0.082942 0.000000
0.156510 -0.061280 0.000000
0.261776 0.045199 0.000000
0.315161 0.036093 0.000000
-0.248955 -0.086140 0.000000
0.186577 -0.057325 0.000000
-0.392744 -0.068610 0.000000
0.310932 -0.038882 0.000000
-0.016791 0.081923 0.000000
-0.352089 0.078243 0.000000
0.407310 -0.022320 0.000000
-0.105024 0.088358 0.000000
-0.489961 0.005633 0.000000
0.425224 0.015369 0.000000
0.272222 -0.044974 0.000000
0.253013 -0.047880 0.000000
-0.016219 0.081871 0.000000
-0.262972 0.088568 0.000000
-0.321526 0.082993 0.000000
-0.047156 -0.081793 0.000000
0.332813 -0.035299 0.000000
0.194323 0.055838 0.000000
0.375372 0.025091 0.000000
-0.066507 0.085975 0.000000
0.211509 -0.053892 0.000000
0.050934 0.074929 0.000000
0.490842 -0.006224 0.000000
0.331245 -0.035559 0.000000
0.473402 0.005406 0.000000
-0.218695 -0.087003 0.000000
-0.056288 -0.082407 0.000000
-0.455456 -0.045992 0.000000
-0.490663 -0.000270 0.000000
0.475358 -0.009340 0.000000
-0.014510 -0.079354 0.000000
-0.080716 0.086936 0.000000
-0.428851 0.057344 0.000000
0.305166 -0.039810 0.500000
0.136494 0.064152 0.500000
-0.185213 0.090694 0.500000
0.274208 0.043133 0.500000
-0.292316 0.086284 0.500000
0.397663 0.020814 0.500000
0.024089 0.077885 0.500000
-0.143664 0.089971 0.500000
-0.271263 -0.085031 0.500000
0.141403 -0.063188 0.500000
0.373536 0.025438 0.500000
0.306404 0.037628 0.500000
0.363075 0.027402 0.500000
-0.465860 -0.039585 0.500000
-0.402520 -0.066125 0.500000
-0.173699 0.090612 0.500000
0.372223 0.025686 0.500000
-0.048358 0.084615 0.500000
0.506863 -0.001867 0.500000
-0.424941 -0.059275 0.500000
0.426905 0.015031 0.500000
0.316428 -0.037992 0.500000
-0.055485 -0.082355 0.500000
-0.074746 0.086544 0.500000
-0.075388 -0.083589 0.500000
0.201395 -0.055301 0.500000
-0.049522 -0.081956 0.500000
0.123722 -0.065352 0.500000
0.260183 -0.046805 0.500000
-0.357963 0.077148 0.500000
-0.439652 0.052710 0.500000
0.463293 0.007545 0.500000
-0.423515 0.059412 0.500000
0.009064 0.079436 0.500000
-0.263632 -0.085461 0.500000
0.244114 -0.049200 0.500000
0.233228 0.049822 0.500000
-0.181983 -0.087197 0.500000
-0.080688 0.086934 0.500000
-0.006409 -0.078692 0.500000
-0.217498 -0.087025 0.500000
0.040470 -0.074452 0.500000
0.460429 0.008146 0.500000
0.135320 0.064313 0.500000
0.145178 0.062954 0.500000
-0.036439 0.083646 0.500000
-0.148498 0.090110 0.500000
0.490053 -0.006384 0.500000
-0.456408 0.043937 0.500000
-0.102872 -0.085030 0.500000
-0.061950 0.085647 0.500000
0.335400 0.032483 0.500000
0.012765 0.079062 0.500000
0.250811 0.046995 0.500000
-0.374605 0.073689 0.500000
0.339547 0.031732 0.500000
0.011372 0.079203 0.500000
-0.309100 0.084531 0.500000
0.258710 0.045704 0.500000
0.010954 -0.077202 0.500000
0.365360 0.026975 0.500000
-0.463945 -0.040878 0.500000
0.249553 -0.048396 0.500000
0.271362 -0.045106 0.500000
0.390119 -0.025425 0.500000
0.238199 0.049029 0.500000
0.229462 -0.051337 0.500000
0.230008 0.050332 0.500000
0.295674 -0.041321 0.500000
0.318883 -0.037592 0.500000
0.445623 0.011221 0.500000
0.031503 -0.075314 0.500000
-0.488527 0.010658 0.500000
0.072604 0.072387 0.500000
0.244610 0.048000 0.500000
0.378209 -0.027537 0.500000
0.290913 -0.042072 0.500000
0.161352 -0.060657 0.500000
-0.367893 -0.073889 0.500000
0.135390 0.064303 0.500000
-0.374119 -0.072692 0.500000
0.284596 -0.043061 0.500000
0.047607 0.075308 0.500000
-0.009380 0.081235 0.500000
-0.201031 0.090659 0.500000
-0.290936 0.086410 0.500000
-0.142046 0.089921 0.500000
-0.127436 0.089396 0.500000
-0.187154 -0.087221 0.500000
-0.092989 -0.084546 0.500000
0.382868 0.023665 0.500000
-0.268144 -0.085211 0.500000
0.293629 0.039839 0.500000
0.129311 0.065130 0.500000
-0.099040 -0.084846 0.500000
-0.142488 -0.086511 0.500000
-0.414272 0.062704 0.500000
-0.486574 0.015132 0.500000
-0.057770 -0.082503 0.500000
-0.056491 -0.082420 0.500000
0.118047 -0.066030 0.500000
0.459304 0.008382 0.500000
-0.407094 -0.064865 0.500000
0.441496 -0.015941 0.500000
0.213393 0.052930 0.500000
-0.212420 0.090520 0.500000
-0.090319 0.087533 0.500000
-0.168399 0.090538 0.500000
0.235094 0.049525 0.500000
0.182616 -0.057858 0.500000
0.318883 -0.037592 0.500000
-0.265327 0.088415 0.500000
-0.291324 -0.083639 0.500000
0.157028 0.061289 0.500000
0.327077 0.033978 0.500000
0.202231 0.054642 0.500000
-0.447609 0.048831 0.500000
-0.087408 -0.084256 0.500000
0.124584 0.065767 0.500000
0.485206 0.002875 0.500000
-0.056205 0.085221 0.500000
-0.177108 0.090643 0.500000
0.238150 -0.050075 0.500000
0.223297 -0.052222 0.500000
0.065081 -0.071959 0.500000
-0.479566 -0.027762 0.500000
0.399917 -0.023664 0.500000
-0.024243 -0.080121 0.500000
-0.182838 -0.087204 0.500000
-0.345691 0.079362 0.500000
0.221115 -0.052534 0.500000
-0.202318 0.090648 0.500000
0.337692 0.032068 0.500000
0.170667 -0.059444 0.500000
-0.047598 -0.081823 0.500000
0.070611 0.072626 0.500000
0.345884 -0.033110 0.500000
-0.119325 -0.085733 0.500000
-0.227041 0.090185 0.500000
0.332621 -0.035331 0.500000
-0.407979 -0.064617 0.500000
0.353837 0.029116 0.500000
0.434903 0.013413 0.500000
-0.417636 -0.061706 0.500000
-0.168592 0.090540 0.500000
-0.393360 0.069042 0.500000
-0.060039 -0.082649 0.500000
0.085698 -0.069740 0.500000
-0.455060 0.044736 0.500000
0.003858 0.079956 0.500000
-0.110640 0.088641 0.500000
0.472189 0.005664 0.500000
0.017927 0.078531 0.500000
-0.407543 0.064898 0.500000
0.116078 -0.066264 0.500000
0.267769 0.044207 0.500000
0.352686 -0.031956 0.500000
-0.270665 -0.085067 0.500000
-0.485888 -0.019051 0.500000
0.185385 0.057173 0.500000
0.031885 0.077049 0.500000
0.371758 0.025774 0.500000
0.481139 0.003751 0.500000
-0.031831 0.083256 0.500000
-0.396362 -0.067721 0.500000
-0.446166 -0.050712 0.500000
0.316572 -0.037968 0.500000
0.012113 0.079128 0.500000
0.058661 -0.072626 0.500000
0.049905 0.075046 0.500000
-0.197671 0.090686 0.500000
-0.490602 0.000957 0.500000
0.428996 0.014609 0.500000
-0.297845 -0.083101 0.500000
-0.330914 0.081689 0.500000
0.341597 0.031359 0.500000
0.062330 -0.072247 0.500000
-0.098321 -0.084811 0.500000
-0.215859 -0.087054 0.500000
-0.460560 -0.043029 0.500000
-0.322365 0.082881 0.500000
-0.488390 0.011030 0.500000
0.468530 0.006440 0.500000
-0.246417 -0.086239 0.500000
0.034984 0.076712 0.500000
-0.439348 -0.053749 0.500000
-0.339671 0.080353 0.500000
0.052281 0.074776 0.500000
0.072099 -0.071218 0.500000
0.005900 -0.077646 0.500000
0.471808 0.005745 0.500000
-0.413960 0.062810 0.500000
0.290007 -0.042214 0.500000
0.457921 -0.012775 0.500000
0.374742 0.025210 0.500000
-0.250043 -0.086097 0.500000
-0.387870 0.070495 0.500000
-0.326647 -0.080137 0.500000
0.050660 -0.073441 0.500000
-0.480449 0.024317 0.500000
0.080562 0.071420 0.500000
0.372248 0.025681 0.500000
-0.408167 -0.064564 0.500000
0.097675 0.069282 0.500000
0.277860 -0.044107 0.500000
-0.153330 -0.086787 0.500000
-0.389772 0.069998 0.500000
-0.167192 -0.087042 0.500000
-0.457170 0.043478 0.500000
-0.216405 -0.087044 0.500000
-0.274881 0.087754 0.500000
0.085605 -0.069750 0.500000
0.508265 -0.002640 0.500000
0.077245 -0.070665 0.500000
-0.441975 -0.052617 0.500000
0.296620 0.039324 0.500000
0.091056 -0.069144 0.500000
-0.486128 0.015985 0.500000
0.298682 0.038968 0.500000
0.124660 0.065757 0.500000
-0.206583 -0.087166 0.500000
-0.025614 -0.080225 0.500000
-0.430789 0.056559 0.500000
0.031152 -0.075348 0.500000
0.154848 0.061598 0.500000
0.309563 -0.039103 0.500000
0.130534 0.064964 0.500000
0.356282 -0.031342 0.500000
-0.421347 -0.060497 0.500000
-0.485450 -0.019811 0.500000
0.168891 -0.059676 0.500000
-0.324628 -0.080381 0.500000
-0.295162 -0.083328 0.500000
0.126335 0.065531 0.500000
0.139612 -0.063411 0.500000
-0.048678 0.084640 0.500000
0.290150 0.040435 0.500000
-0.249424 -0.086121 0.500000
-0.399947 -0.066806 0.500000
-0.482740 0.021365 0.500000
-0.330327 -0.079685 0.500000
-0.122476 0.089188 0.500000
0.482497 -0.007911 0.500000
0.156470 0.061369 0.500000
0.043369 0.075784 0.500000
0.390638 -0.025332 0.500000
-0.032895 -0.080773 0.500000
0.176890 -0.058621 0.500000
0.502305 -0.003876 0.500000
0.273092 0.043320 0.500000
-0.097028 -0.084749 0.500000
0.204568 0.054286 0.500000
-0.407490 0.064914 0.500000
0.473605 0.005363 0.500000
0.341852 0.031313 0.500000
0.057500 0.074174 0.500000
-0.399093 -0.067025 0.500000
0.181098 -0.058061 0.500000
-0.412874 -0.063182 0.500000
0.503796 -0.003567 0.500000
-0.090302 -0.084408 0.500000
-0.224576 0.090252 0.500000
-0.417254 0.061679 0.500000
0.299038 0.038907 0.500000
-0.452329 0.046296 0.500000
0.104772 0.068374 0.500000
-0.151897 -0.086752 0.500000
-0.295066 0.086018 0.500000
-0.208628 0.090576 0.500000
0.054492 0.074521 0.500000
-0.361167 -0.075099 0.500000
-0.342030 -0.078117 0.500000
0.270632 0.043731 0.500000
0.109912 0.067707 0.500000
0.192586 -0.056510 0.500000
0.234411 0.049633 0.500000
-0.443339 0.050969 0.500000
-0.426538 0.058256 0.500000
-0.377458 0.073036 0.500000
-0.065896 0.085932 0.500000
0.175166 0.058677 0.500000
0.336570 0.032271 0.500000
0.360255 -0.030660 0.500000
-0.124847 0.089287 0.500000
0.364297 -0.029963 0.500000
-0.151306 0.090188 0.500000
0.343455 -0.033519 0.500000
-0.169349 -0.087074 0.500000
0.115691 0.066949 0.500000
0.438647 -0.016483 0.500000
-0.077437 -0.083705 0.500000
-0.148582 -0.086672 0.500000
-0.393381 0.069037 0.500000
0.266893 0.044353 0.500000
-0.490554 -0.004296 0.500000
0.363049 0.027407 0.500000
-0.336813 0.080802 0.500000
-0.120635 -0.085784 0.500000
-0.101165 0.088150 0.500000
0.292649 0.040007 0.500000
-0.363590 0.076043 0.500000
0.445115 -0.015249 0.500000
0.168346 0.059668 0.500000
-0.363361 0.076090 0.500000
-0.038406 0.083810 0.500000
0.073817 -0.071033 0.500000
-0.490663 -0.002425 0.500000
-0.295654 -0.083287 0.500000
0.283027 0.041647 0.500000
0.131476 0.064836 0.500000
0.489705 0.001900 0.500000
-0.110109 -0.085355 0.500000
0.196484 0.055512 0.500000
0.061728 -0.072310 0.500000
-0.286876 0.086780 0.500000
-0.146544 -0.086623 0.500000
0.085853 -0.069723 0.500000
0.503972 -0.001227 0.500000
0.221943 -0.052415 0.500000
0.473086 -0.009793 0.500000
-0.178838 -0.087175 0.500000
-0.413414 0.062995 0.500000
-0.109770 0.088598 0.500000
-0.181186 -0.087192 0.500000
0.197175 0.055408 0.500000
0.352703 0.029326 0.500000
0.241629 -0.049566 0.500000
-0.406635 0.065181 0.500000
-0.122665 -0.085862 0.500000
-0.171127 0.090576 0.500000
0.300727 -0.040519 0.500000
0.234390 0.049637 0.500000
0.076474 0.071919 0.500000
0.194690 -0.056223 0.500000
-0.199101 -0.087217 0.500000
0.445922 0.011160 0.500000
0.050892 0.074934 0.500000
-0.212903 0.090512 0.500000
-0.099536 -0.084869 0.500000
-0.361283 -0.075078 0.500000
-0.016383 0.081886 0.500000
-0.219225 0.090385 0.500000
-0.228208 0.090153 0.500000
0.235848 0.049405 0.500000
-0.318143 0.083432 0.500000
-0.019900 0.082206 0.500000
0.235139 0.049518 0.500000
0.420237 0.016367 0.500000
0.311168 -0.038844 0.500000
-0.482148 0.022167 0.500000
-0.381640 0.072046 0.500000
-0.129959 0.089493 0.500000
0.380727 0.024074 0.500000
0.297209 0.039223 0.500000
-0.109314 0.088575 0.500000
-0.211805 0.090529 0.500000
-0.133617 -0.086244 0.500000
0.174776 0.058734 0.500000
0.303771 -0.040033 0.500000
0.054724 0.074494 0.500000
0.379355 -0.027335 0.500000
-0.031398 -0.080662 0.500000
-0.226513 -0.086845 0.500000
0.103417 -0.067742 0.500000
-0.370220 0.074655 0.500000
-0.066944 0.086005 0.500000
-0.290113 0.086486 0.500000
-0.179154 0.090660 0.500000
0.244827 -0.049095 0.500000
-0.423693 0.059345 0.500000
-0.303684 -0.082580 0.500000
0.092812 -0.068948 0.500000
-0.349295 0.078739 0.500000
0.288060 -0.042520 0.500000
-0.222641 0.090305 0.500000
-0.004897 0.080810 0.500000
-0.012110 -0.079161 0.500000
0.383412 0.023561 0.500000
-0.421939 -0.060299 0.500000
-0.440504 -0.053258 0.500000
-0.353689 0.077950 0.500000
0.119137 -0.065900 0.500000
0.336389 0.032304 0.500000
0.170312 0.059384 0.500000
-0.467004 0.036853 0.500000
-0.226747 0.090193 0.500000
-0.111388 -0.085408 0.500000
0.162666 -0.060487 0.500000
0.405059 0.019371 0.500000
0.119597 0.066432 0.500000
0.091452 0.070069 0.500000
0.368728 -0.029195 0.500000
0.014409 0.078892 0.500000
-0.087764 0.087378 0.500000
-0.323458 -0.080516 0.500000
-0.449470 -0.049120 0.500000
-0.224736 -0.086886 0.500000
0.241265 -0.049619 0.500000
0.010413 -0.077249 0.500000
0.394424 0.021443 0.500000
0.026934 -0.075745 0.500000
-0.404513 -0.065583 0.500000
0.106353 0.068169 0.500000
0.064008 -0.072072 0.500000
0.083768 0.071026 0.500000
-0.474378 -0.032919 0.500000
-0.083467 0.087113 0.500000
0.248286 -0.048583 0.500000
0.447309 0.010874 0.500000
-0.438675 0.053158 0.500000
-0.326772 -0.080122 0.500000
-0.084505 -0.084100 0.500000
0.056216 0.074322 0.500000
0.301948 0.038403 0.500000
-0.237212 0.089847 0.500000
-0.428326 0.057553 0.500000
-0.355276 -0.076094 0.500000
-0.341600 -0.078177 0.500000
0.174903 -0.058885 0.500000
0.490820 0.001658 0.500000
0.026106 -0.075822 0.500000
-0.154240 -0.086806 0.500000
-0.166676 0.090513 0.500000
0.125457 -0.065143 0.500000
-0.276855 -0.084684 0.500000
0.271155 -0.045138 0.500000
-0.400988 0.066888 0.500000
-0.117435 0.088964 0.500000
0.278032 0.042490 0.500000
0.302380 0.038328 0.500000
-0.230264 -0.086759 0.500000
-0.357581 -0.075710 0.500000
0.224666 -0.052026 0.500000
0.098777 -0.068273 0.500000
0.093210 0.069848 0.500000
-0.221006 -0.086962 0.500000
0.271573 0.043573 0.500000
-0.364371 -0.074533 0.500000
-0.148646 -0.086673 0.500000
0.104619 -0.067603 0.500000
-0.133713 0.089635 0.500000
-0.325109 -0.080324 0.500000
-0.336631 -0.078863 0.500000
-0.425002 -0.059254 0.500000
0.184835 -0.057559 0.500000
-0.049642 0.084717 0.500000
-0.453286 -0.047165 0.500000
0.032248 -0.075243 0.500000
0.071870 0.072475 0.500000
0.115128 0.067023 0.500000
-0.129202 0.089465 0.500000
-0.034875 -0.080919 0.500000
0.055680 -0.072932 0.500000
0.130819 0.064926 0.500000
-0.398685 0.067556 0.500000
-0.284677 0.086967 0.500000
-0.388149 0.070422 0.500000
-0.084539 -0.084101 0.500000
0.048943 0.075156 0.500000
0.395100 -0.024532 0.500000
-0.461073 -0.042712 0.500000
-0.166764 -0.087035 0.500000
0.107428 -0.067278 0.500000
0.145668 0.062885 0.500000
0.322272 -0.037038 0.500000
-0.342804 -0.078008 0.500000
0.085039 0.070869 0.500000
-0.258709 0.088820 0.500000
-0.484841 -0.020811 0.500000
-0.109141 0.088567 0.500000
0.470300 -0.010345 0.500000
0.463411 0.007520 0.500000
0.271631 -0.045065 0.500000
0.284265 0.041437 0.500000
0.488368 -0.006726 0.500000
-0.329020 0.081966 0.500000
-0.343349 0.079756 0.500000
-0.263859 -0.085449 0.500000
-0.381167 -0.071241 0.500000
-0.432891 0.055686 0.500000
-0.385923 -0.070197 0.500000
-0.191242 0.090705 0.500000
0.303865 0.038070 0.500000
0.335750 0.032419 0.500000
0.300906 -0.040490 0.500000
-0.293129 -0.083497 0.500000
0.120546 0.066306 0.500000
-0.175106 -0.087142 0.500000
-0.229996 -0.086765 0.500000
0.469560 0.006222 0.500000
-0.131384 -0.086173 0.500000
-0.486287 -0.018325 0.500000
-0.474667 0.030440 0.500000
-0.120445 -0.085776 0.500000
0.442207 0.011923 0.500000
0.083875 -0.069941 0.500000
-0.333699 -0.079254 0.500000
0.098509 -0.068304 0.500000
-0.132060 -0.086195 0.500000
0.423554 0.015704 0.500000
0.476396 -0.009134 0.500000
0.298167 0.039057 0.500000
0.125342 -0.065157 0.500000
-0.104768 0.088344 0.500000
-0.055278 0.085150 0.500000
0.331474 -0.035521 0.500000
-0.157250 0.090331 0.500000
0.391319 0.022043 0.500000
-0.342267 -0.078083 0.500000
-0.096579 0.087896 0.500000
0.090604 0.070175 0.500000
0.472931 -0.009823 0.500000
-0.090676 -0.084428 0.500000
-0.199311 0.090675 0.500000
0.310520 0.036909 0.500000
-0.245624 0.089495 0.500000
0.083034 0.071116 0.500000
-0.432854 0.055702 0.500000
0.174234 -0.058973 0.500000
-0.470785 0.033868 0.500000
-0.237741 0.089826 0.500000
0.298412 0.039015 0.500000
-0.051392 -0.082081 0.500000
-0.404888 0.065721 0.500000
-0.261319 0.088667 0.500000
-0.323320 0.082755 0.500000
-0.100708 0.088126 0.500000
-0.038591 0.083825 0.500000
0.327589 -0.036164 0.500000
0.228254 -0.051511 0.500000
0.088102 0.070488 0.500000
-0.440806 0.052177 0.500000
-0.164294 0.090471 0.500000
-0.389865 -0.069294 0.500000
-0.327619 -0.080019 0.500000
0.362420 0.027524 0.500000
-0.231138 -0.086734 0.500000
-0.359430 -0.075400 0.500000
-0.334971 0.081085 0.500000
0.412353 -0.021397 0.500000
0.114776 -0.066417 0.500000
0.059023 -0.072589 0.500000
-0.170309 0.090564 0.500000
-0.044548 -0.081612 0.500000
0.363917 -0.030029 0.500000
-0.248340 0.089370 0.500000
-0.414892 -0.062566 0.500000
0.126149 0.065556 0.500000
0.121751 0.066145 0.500000
0.202528 0.054597 0.500000
0.451512 0.010005 0.500000
0.505183 -0.003280 0.500000
-0.053398 0.085007 0.500000
0.332154 0.033067 0.500000
-0.310998 -0.081871 0.500000
-0.482061 0.022283 0.500000
-0.039184 -0.081232 0.500000
0.431656 0.014072 0.500000
0.492325 0.001330 0.500000
-0.021746 0.082371 0.500000
0.054377 -0.073064 0.500000
0.285759 0.041183 0.500000
-0.097225 -0.084758 0.500000
0.077570 -0.070630 0.500000
0.212533 0.053063 0.500000
0.191526 -0.056654 0.500000
0.000095 -0.078146 0.500000
0.146136 0.062820 0.500000
0.254579 0.046381 0.500000
0.306380 0.037633 0.500000
-0.234070 -0.086651 0.500000
0.116691 0.066817 0.500000
-0.458782 0.042482 0.500000
0.328570 0.033711 0.500000
-0.085431 0.087236 0.500000
0.066807 -0.071778 0.500000
0.474858 -0.009440 0.500000
-0.039949 -0.081286 0.500000
0.218737 -0.052872 0.500000
-0.230782 0.090070 0.500000
0.171180 0.059258 0.500000
-0.274527 0.087779 0.500000
-0.415821 -0.062280 0.500000
-0.006561 -0.078705 0.500000
-0.213150 -0.087090 0.500000
0.169807 0.059457 0.500000
0.342966 0.031110 0.500000
0.179966 -0.058212 0.500000
-0.312754 -0.081690 0.500000
0.402030 0.019963 0.500000
-0.323555 -0.080505 0.500000
-0.287371 0.086737 0.500000
0.051400 -0.073367 0.500000
-0.082486 0.087050 0.500000
-0.189958 -0.087228 0.500000
-0.447652 0.048809 0.500000
0.136065 0.064211 0.500000
0.072644 -0.071160 0.500000
0.281767 0.041860 0.500000
-0.480308 0.024487 0.500000
-0.080328 0.086911 0.500000
0.163215 0.060407 0.500000
0.482227 -0.007966 0.500000
0.067992 0.072939 0.500000
0.501025 -0.004139 0.500000
0.329919 -0.035779 0.500000
-0.242617 0.089632 0.500000
0.039649 0.076199 0.500000
-0.197828 0.090686 0.500000
-0.311996 0.084188 0.500000
0.379479 0.024311 0.500000
-0.298344 0.085695 0.500000
-0.477791 0.027322 0.500000
0.454836 -0.013375 0.500000
0.482321 -0.007947 0.500000
-0.444123 0.050588 0.500000
-0.293838 -0.083441 0.500000
0.289729 0.040506 0.500000
-0.401613 0.066704 0.500000
0.191348 -0.056679 0.500000
0.283082 -0.043297 0.500000
0.502602 -0.000924 0.500000
0.234738 0.049581 0.500000
0.406152 0.019156 0.500000
-0.102519 -0.085013 0.500000
0.430792 -0.017968 0.500000
0.219262 0.052019 0.500000
0.239850 0.048765 0.500000
-0.072866 0.086417 0.500000
-0.243624 0.089587 0.500000
0.390520 -0.025353 0.500000
-0.196179 0.090691 0.500000
-0.176514 0.090637 0.500000
0.006121 -0.077627 0.500000
0.158205 0.061122 0.500000
-0.135191 -0.086294 0.500000
0.449544 0.010412 0.500000
-0.187631 -0.087222 0.500000
0.090545 -0.069202 0.500000
0.236708 0.049268 0.500000
0.232986 -0.050827 0.500000
0.155868 -0.061362 0.500000
-0.414159 0.062742 0.500000
0.220230 -0.052660 0.500000
0.282192 0.041788 0.500000
-0.462348 -0.041913 0.500000
0.195206 -0.056152 0.500000
-0.320171 0.083172 0.500000
0.090430 -0.069214 0.500000
0.390703 -0.025321 0.500000
0.062666 0.073570 0.500000
-0.315456 -0.081410 0.500000
0.299104 -0.040777 0.500000
-0.002707 -0.078382 0.500000
0.492773 0.001233 0.500000
-0.045766 -0.081696 0.500000
-0.216019 0.090452 0.500000
-0.228459 -0.086800 0.500000
0.364272 0.027179 0.500000
0.480269 0.003938 0.500000
0.403587 -0.022998 0.500000
0.241305 0.048531 0.500000
0.440799 0.012211 0.500000
-0.116381 0.088915 0.500000
-0.308721 -0.082098 0.500000
-0.224338 0.090259 0.500000
0.087944 -0.069492 0.500000
0.231838 -0.050994 0.500000
-0.490581 0.001247 0.500000
0.055876 -0.072912 0.500000
0.044984 0.075603 0.500000
0.322868 -0.036940 0.500000
0.349607 -0.032479 0.500000
-0.342189 -0.078094 0.500000
-0.166380 0.090509 0.500000
-0.475412 0.029730 0.500000
0.215007 -0.053400 0.500000
-0.413156 0.063080 0.500000
0.181295 0.057778 0.500000
0.063174 -0.072159 0.500000
0.031989 -0.075268 0.500000
0.192492 -0.056523 0.500000
-0.066622 0.085983 0.500000
-0.252897 0.089140 0.500000
0.045152 -0.073991 0.500000
-0.005808 0.080898 0.500000
0.313494 0.036386 0.500000
-0.097747 -0.084783 0.500000
-0.085083 -0.084131 0.500000
0.122824 -0.065460 0.500000
-0.463777 -0.040990 0.500000
-0.123467 -0.085893 0.500000
0.490504 0.001727 0.500000
-0.479708 -0.027604 0.500000
0.344823 -0.033289 0.500000
0.031985 -0.075269 0.500000
-0.114847 0.088845 0.500000
0.363045 -0.030179 0.500000
0.175638 -0.058787 0.500000
-0.295525 -0.083298 0.500000
0.428625 0.014684 0.500000
0.241360 0.048523 0.500000
-0.127603 -0.086041 0.500000
0.165738 0.060045 0.500000
-0.385195 0.071172 0.500000
-0.393784 0.068928 0.500000
-0.151595 0.090195 0.500000
-0.295028 0.086021 0.500000
0.277641 -0.044140 0.500000
0.391233 0.022060 0.500000
-0.116010 -0.085602 0.500000
-0.257758 0.088876 0.500000
-0.143154 -0.086530 0.500000
-0.123147 0.089216 0.500000
-0.389136 0.070165 0.500000
-0.324503 0.082597 0.500000
-0.296582 -0.083208 0.500000
-0.388202 -0.069681 0.500000
-0.480372 -0.026846 0.500000
0.411923 0.018019 0.500000
-0.355770 -0.076014 0.500000
0.332356 -0.035375 0.500000
0.117463 -0.066100 0.500000
-0.473948 -0.033300 0.500000
0.271883 -0.045026 0.500000
0.203104 0.054509 0.500000
0.371063 -0.028788 0.500000
0.405155 0.019352 0.500000
0.282989 -0.043311 0.500000
0.335110 0.032535 0.500000
-0.292978 -0.083509 0.500000
0.050025 0.075033 0.500000
0.410204 -0.021791 0.500000
-0.096292 -0.084713 0.500000
-0.479273 0.025694 0.500000
0.479566 -0.008500 0.500000
-0.271678 -0.085005 0.500000
0.322684 -0.036970 0.500000
-0.271189 -0.085035 0.500000
-0.340130 -0.078384 0.500000
-0.454072 -0.046746 0.500000
0.371038 -0.028793 0.500000
-0.374815 0.073641 0.500000
0.163906 -0.060326 0.500000
-0.345696 -0.077584 0.500000
-0.398375 0.067645 0.500000
0.200942 0.054838 0.500000
0.076569 -0.070737 0.500000
-0.478940 0.026069 0.500000
-0.379627 0.072526 0.500000
0.346329 0.030496 0.500000
-0.079925 -0.083846 0.500000
0.107717 0.067992 0.500000
-0.195177 0.090694 0.500000
0.354449 -0.031655 0.500000
-0.334777 -0.079113 0.500000
0.288605 -0.042434 0.500000
-0.020547 0.082264 0.500000
-0.451789 0.046598 0.500000
-0.110538 -0.085373 0.500000
0.127291 -0.064921 0.500000
-0.148705 0.090116 0.500000
0.095174 0.069600 0.500000
0.111793 0.067461 0.500000
-0.124071 0.089255 0.500000
0.069054 -0.071541 0.500000
0.293235 0.039906 0.500000
0.117282 -0.066121 0.500000
-0.416278 0.062019 0.500000
-0.429246 -0.057734 0.500000
-0.166172 -0.087026 0.500000
0.207001 -0.054523 0.500000
0.289664 0.040518 0.500000
-0.214508 0.090484 0.500000
0.459824 0.008273 0.500000
-0.481480 -0.025513 0.500000
0.149438 0.062359 0.500000
0.128391 0.065255 0.500000
0.278972 0.042332 0.500000
-0.065189 -0.082974 0.500000
-0.166359 0.090509 0.500000
0.026297 -0.075805 0.500000
0.467766 0.006602 0.500000
-0.290827 0.086420 0.500000
-0.107456 -0.085236 0.500000
-0.490667 -0.000430 0.500000
-0.371728 0.074326 0.500000
0.338649 0.031895 0.500000
0.246137 0.047753 0.500000
0.211719 -0.053863 0.500000
0.393275 -0.024860 0.500000
0.406720 -0.022428 0.500000
-0.154408 0.090263 0.500000
-0.336486 -0.078883 0.500000
0.295081 0.039589 0.500000
0.149491 -0.062173 0.500000
0.081851 -0.070163 0.500000
0.080016 -0.070363 0.500000
0.300327 0.038684 0.500000
-0.204030 -0.087185 0.500000
-0.155874 -0.086839 0.500000
0.273505 -0.044777 0.500000
-0.413340 -0.063042 0.500000
-0.480580 0.024158 0.500000
0.051476 0.074867 0.500000
0.126987 -0.064958 0.500000
-0.308948 0.084548 0.500000
-0.208987 -0.087142 0.500000
-0.293147 0.086206 0.500000
0.056905 0.074242 0.500000
0.213733 0.052878 0.500000
0.451898 -0.013944 0.500000
-0.443173 0.051049 0.500000
-0.257694 0.088880 0.500000
-0.385125 -0.070377 0.500000
0.327897 0.033831 0.500000
-0.102466 0.088220 0.500000
0.109497 0.067761 0.500000
-0.051884 0.084891 0.500000
0.326448 -0.036352 0.500000
-0.017431 0.081982 0.500000
-0.139951 -0.086440 0.500000
0.301190 0.038535 0.500000
-0.091834 0.087624 0.500000
0.388222 -0.025763 0.500000
-0.293956 0.086127 0.500000
0.385605 0.023142 0.500000
-0.296517 0.085875 0.500000
0.362501 0.027509 0.500000
-0.057299 -0.082472 0.500000
-0.086308 -0.084197 0.500000
0.484265 -0.007556 0.500000
0.487828 0.002308 0.500000
0.044165 0.075695 0.500000
0.102611 -0.067835 0.500000
-0.006673 0.080979 0.500000
-0.402482 -0.066135 0.500000
0.363954 0.027238 0.500000
0.059634 -0.072526 0.500000
-0.222642 -0.086933 0.500000
0.190200 -0.056835 0.500000
0.413982 -0.021097 0.500000
0.066952 0.073063 0.500000
-0.468165 0.035967 0.500000
-0.254787 -0.085890 0.500000
-0.058867 0.085420 0.500000
0.359985 0.027978 0.500000
-0.171058 -0.087094 0.500000
0.313527 -0.038462 0.500000
-0.475373 -0.032015 0.500000
-0.123340 -0.085888 0.500000
0.482940 -0.007822 0.500000
-0.086937 -0.084231 0.500000
0.324095 0.034510 0.500000
0.374287 -0.028225 0.500000
-0.386191 -0.070137 0.500000
0.466464 -0.011102 0.500000
0.136707 -0.063770 0.500000
-0.301222 0.085394 0.500000
0.484549 -0.007498 0.500000
-0.200130 -0.087214 0.500000
0.096995 -0.068476 0.500000
-0.254936 0.089033 0.500000
-0.238486 -0.086519 0.500000
0.250343 0.047072 0.500000
-0.319870 -0.080928 0.500000
-0.443723 0.050782 0.500000
-0.425558 0.058636 0.500000
0.071356 -0.071296 0.500000
-0.412629 -0.063255 0.500000
0.435326 -0.017113 0.500000
0.391523 0.022004 0.500000
0.217841 -0.052999 0.500000
-0.329608 0.081881 0.500000
-0.409731 0.064201 0.500000
-0.305160 0.084972 0.500000
-0.319914 0.083207 0.500000
0.433861 -0.017390 0.500000
0.417326 -0.020480 0.500000
0.220028 0.051900 0.500000
0.210127 0.053434 0.500000
0.118581 0.066567 0.500000
-0.305361 0.084949 0.500000
0.479007 0.004209 0.500000
0.497259 -0.004914 0.500000
-0.153554 0.090242 0.500000
-0.369207 0.074871 0.500000
-0.086382 0.087294 0.500000
0.022825 0.078017 0.500000
-0.319997 -0.080914 0.500000
-0.414720 -0.062619 0.500000
0.301723 -0.040360 0.500000
0.313229 -0.038511 0.500000
-0.308253 -0.082143 0.500000
-0.014708 -0.079369 0.500000
-0.103707 -0.085067 0.500000
-0.475771 -0.031641 0.500000
-0.308631 -0.082107 0.500000
0.085294 0.070837 0.500000
-0.148015 0.090097 0.500000
0.275588 -0.044457 0.500000
0.465624 -0.011268 0.500000
-0.267783 0.088254 0.500000
-0.481747 0.022693 0.500000
-0.370739 -0.073353 0.500000
0.352172 -0.032043 0.500000
-0.227922 -0.086813 0.500000
0.196498 -0.055975 0.500000
0.014723 0.078860 0.500000
0.336721 -0.034648 0.500000
0.506424 -0.003023 0.500000
0.489985 -0.006398 0.500000
-0.477179 0.027963 0.500000
-0.081544 0.086989 0.500000
-0.348633 -0.077143 0.500000
-0.077150 -0.083689 0.500000
-0.448940 -0.049382 0.500000
-0.028988 0.083010 0.500000
0.018181 0.078504 0.500000
-0.424070 0.059202 0.500000
0.159691 0.060910 0.500000
0.049109 0.075137 0.500000
0.400195 0.020322 0.500000
0.241053 0.048572 0.500000
-0.173446 0.090608 0.500000
0.035374 -0.074945 0.500000
-0.107327 -0.085231 0.500000
0.340715 -0.033980 0.500000
-0.274789 -0.084814 0.500000
0.459321 0.008378 0.500000
0.447574 -0.014777 0.500000
0.020669 -0.076325 0.500000
-0.051335 -0.082077 0.500000
0.343590 -0.033497 0.500000
-0.316009 -0.081349 0.500000
-0.474358 -0.032936 0.500000
0.056146 -0.072885 0.500000
-0.462113 -0.042061 0.500000
-0.473109 -0.034027 0.500000
0.159201 0.060980 0.500000
0.488868 -0.006625 0.500000
0.405651 -0.022623 0.500000
0.089031 0.070372 0.500000
0.346674 0.030433 0.500000
0.389485 0.022396 0.500000
-0.003684 0.080692 0.500000
-0.274039 -0.084860 0.500000
-0.066536 -0.083057 0.500000
0.282679 -0.043359 0.500000
0.501724 -0.003995 0.500000
0.466487 0.006872 0.500000
-0.243341 -0.086355 0.500000
-0.343797 0.079681 0.500000
0.079614 -0.070407 0.500000
-0.083558 -0.084048 0.500000
0.147306 0.062658 0.500000
0.239377 0.048841 0.500000
0.304923 0.037886 0.500000
0.414277 0.017553 0.500000
0.336531 0.032278 0.500000
-0.002437 0.080572 0.500000
-0.449641 -0.049035 0.500000
0.102385 -0.067861 0.500000
-0.010264 -0.079010 0.500000
-0.457617 -0.044774 0.500000
-0.182540 0.090686 0.500000
-0.103460 0.088274 0.500000
0.370248 0.026058 0.500000
-0.070824 -0.083318 0.500000
0.200904 -0.055369 0.500000
-0.122408 0.089185 0.500000
-0.247180 -0.086209 0.500000
-0.199752 -0.087215 0.500000
0.354893 -0.031580 0.500000
-0.475958 0.029197 0.500000
-0.367074 0.075326 0.500000
-0.477506 -0.029948 0.500000
-0.277584 -0.084635 0.500000
0.221742 -0.052444 0.500000
0.081769 0.071272 0.500000
0.503651 -0.003597 0.500000
-0.367952 -0.073878 0.500000
-0.021089 -0.079875 0.500000
-0.049623 -0.081962 0.500000
-0.435059 0.054762 0.500000
0.195771 -0.056075 0.500000
0.322323 0.034826 0.500000
-0.400138 0.067139 0.500000
-0.159874 -0.086920 0.500000
-0.271566 0.087992 0.500000
0.197902 -0.055783 0.500000
0.284361 0.041421 0.500000
0.205747 0.054106 0.500000
-0.250353 -0.086085 0.500000
0.479717 0.004057 0.500000
-0.395856 -0.067847 0.500000
0.232887 0.049876 0.500000
0.182101 0.057659 0.500000
0.158740 0.061046 0.500000
-0.171999 0.090588 0.500000
-0.026931 -0.080325 0.500000
0.356826 -0.031249 0.500000
-0.009091 0.081208 0.500000
0.383521 -0.026599 0.500000
0.444596 0.011432 0.500000
0.281040 -0.043614 0.500000
0.249243 -0.048442 0.500000
0.216732 0.052413 0.500000
0.188982 -0.057000 0.500000
0.025322 -0.075896 0.500000
0.357154 0.028503 0.500000
0.355219 0.028861 0.500000
0.333130 -0.035246 0.500000
-0.095026 0.087807 0.500000
0.297563 0.039162 0.500000
-0.399299 0.067380 0.500000
0.305781 -0.039711 0.500000
0.067253 0.073027 0.500000
-0.193245 0.090699 0.500000
0.454087 -0.013520 0.500000
0.115479 -0.066334 0.500000
-0.325987 0.082390 0.500000
0.000658 -0.078098 0.500000
-0.381726 0.072025 0.500000
-0.080920 0.086949 0.500000
0.114163 -0.066490 0.500000
0.326564 0.034070 0.500000
0.263389 0.044933 0.500000
-0.352582 -0.076527 0.500000
-0.098128 0.087985 0.500000
-0.429430 0.057113 0.500000
0.194473 0.055816 0.500000
0.268545 0.044078 0.500000
-0.450207 -0.048754 0.500000
0.251088 -0.048167 0.500000
0.351727 0.029505 0.500000
0.356446 0.028634 0.500000
-0.311355 -0.081834 0.500000
0.201292 0.054785 0.500000
-0.485421 -0.019859 0.500000
-0.045825 -0.081700 0.500000
-0.126574 0.089360 0.500000
0.401786 -0.023325 0.500000
0.251010 0.046963 0.500000
-0.386853 0.070752 0.500000
-0.286423 0.086819 0.500000
0.376439 -0.027848 0.500000
-0.343873 -0.077852 0.500000
0.257592 -0.047194 0.500000
-0.346409 -0.077479 0.500000
0.049485 0.075094 0.500000
0.187118 -0.057252 0.500000
-0.380993 0.072202 0.500000
0.386495 -0.026071 0.500000
0.341628 0.031354 0.500000
-0.211119 0.090539 0.500000
0.333274 -0.035222 0.500000
0.497080 0.000291 0.500000
0.210565 -0.054025 0.500000
-0.356334 0.077459 0.500000
-0.401729 -0.066334 0.500000
0.377583 0.024672 0.500000
0.175272 -0.058836 0.500000
-0.068061 0.086084 0.500000
0.433984 0.013600 0.500000
0.067018 0.073055 0.500000
-0.134873 -0.086284 0.500000
0.506262 -0.001734 0.500000
-0.151420 -0.086741 0.500000
-0.091001 0.087575 0.500000
0.074256 -0.070986 0.500000
-0.163111 -0.086977 0.500000
0.238937 0.048911 0.500000
-0.368596 -0.073757 0.500000
-0.443990 -0.051718 0.500000
0.123488 0.065913 0.500000
0.450184 -0.014275 0.500000
0.163329 -0.060401 0.500000
0.125452 -0.065144 0.500000
0.488421 -0.006715 0.500000
0.498074 -0.004746 0.500000
-0.124330 -0.085925 0.500000
0.080455 -0.070315 0.500000
-0.406258 -0.065101 0.500000
0.272603 -0.044916 0.500000
0.123779 0.065875 0.500000
-0.290849 -0.083677 0.500000
-0.146788 0.090061 0.500000
-0.106863 0.088453 0.500000
0.391812 0.021948 0.500000
0.133139 0.064611 0.500000
0.069709 0.072734 0.500000
-0.094093 -0.084602 0.500000
0.234996 0.049540 0.500000
0.357167 0.028501 0.500000
0.061567 -0.072326 0.500000
-0.472091 -0.034883 0.500000
-0.025763 -0.080236 0.500000
-0.304691 -0.082488 0.500000
-0.409135 0.064393 0.500000
0.171612 -0.059319 0.500000
-0.431948 -0.056720 0.500000
-0.231179 -0.086733 0.500000
-0.353636 0.077959 0.500000
0.329866 -0.035787 0.500000
0.000667 0.080271 0.500000
0.048625 0.075192 0.500000
-0.213050 0.090510 0.500000
-0.093705 0.087732 0.500000
0.267193 -0.045742 0.500000
-0.176620 -0.087158 0.500000
-0.339682 0.080351 0.500000
-0.133289 -0.086234 0.500000
-0.192562 -0.087232 0.500000
-0.130218 -0.086133 0.500000
-0.490209 -0.007034 0.500000
-0.153104 -0.086781 0.500000
0.045725 0.075520 0.500000
-0.034543 -0.080895 0.500000
-0.433059 -0.056294 0.500000
-0.091817 0.087623 0.500000
0.491330 0.001547 0.500000
-0.060597 0.085547 0.500000
-0.213532 -0.087085 0.500000
0.142914 0.063268 0.500000
0.062804 -0.072197 0.500000
-0.372737 -0.072963 0.500000
-0.224539 -0.086891 0.500000
-0.013388 -0.079263 0.500000
0.222088 -0.052395 0.500000
0.307743 0.037394 0.500000
-0.177309 -0.087163 0.500000
0.189480 0.056564 0.500000
-0.001103 0.080443 0.500000
0.415965 0.017218 0.500000
-0.490201 -0.007084 0.500000
0.418358 0.016742 0.500000
0.351579 0.029533 0.500000
-0.177144 -0.087162 0.500000
-0.337311 -0.078772 0.500000
0.222198 -0.052379 0.500000
-0.099264 -0.084856 0.500000
0.337352 -0.034543 0.500000
0.291110 0.040270 0.500000
0.165444 -0.060126 0.500000
-0.220479 0.090358 0.500000
0.081113 0.071352 0.500000
-0.437680 -0.054446 0.500000
-0.002667 0.080594 0.500000
-0.360157 -0.075275 0.500000
-0.321534 -0.080738 0.500000
-0.035712 -0.080981 0.500000
-0.486126 0.015988 0.500000
0.384534 0.023347 0.500000
0.387362 0.022805 0.500000
-0.339449 0.080388 0.500000
0.229670 0.050385 0.500000
-0.402026 -0.066256 0.500000
0.098053 -0.068356 0.500000
0.324843 0.034377 0.500000
0.060593 0.073812 0.500000
0.109983 -0.066980 0.500000
-0.473433 0.031576 0.500000
0.239313 -0.049905 0.500000
-0.246156 0.089471 0.500000
0.231529 -0.051038 0.500000
0.266423 -0.045860 0.500000
-0.054985 0.085128 0.500000
-0.105688 0.088393 0.500000
0.464905 0.007206 0.500000
-0.466778 0.037024 0.500000
0.091490 -0.069096 0.500000
0.155047 0.061569 0.500000
-0.265468 0.088405 0.500000
-0.190041 -0.087228 0.500000
0.316655 0.035830 0.500000
-0.314988 0.083829 0.500000
0.174095 0.058834 0.500000
0.401478 -0.023381 0.500000
0.068444 0.072886 0.500000
0.135758 -0.063887 0.500000
0.141490 0.063465 0.500000
0.267386 0.044271 0.500000
0.440502 0.012272 0.500000
-0.488299 -0.013964 0.500000
-0.140565 0.089871 0.500000
-0.152799 -0.086774 0.500000
-0.163055 -0.086976 0.500000
-0.370913 0.074507 0.500000
-0.470427 0.034165 0.500000
0.255330 -0.047534 0.500000
0.340069 -0.034088 0.500000
-0.318046 -0.081127 0.500000
-0.234441 0.089948 0.500000
-0.305397 -0.082420 0.500000
-0.392878 -0.068578 0.500000
-0.380300 0.072366 0.500000
-0.106290 0.088424 0.500000
0.411213 0.018159 0.500000
-0.084284 -0.084088 0.500000
-0.389876 -0.069291 0.500000
-0.449105 -0.049300 0.500000
0.234488 -0.050609 0.500000
-0.252231 0.089175 0.500000
-0.102650 0.088230 0.500000
0.318718 -0.037619 0.500000
0.099659 -0.068172 0.500000
-0.055600 0.085175 0.500000
0.324156 -0.036729 0.500000
0.315007 0.036120 0.500000
0.294046 0.039767 0.500000
-0.154563 0.090266 0.500000
-0.160168 -0.086926 0.500000
0.429075 0.014593 0.500000
-0.413241 0.063052 0.500000
0.042282 0.075906 0.500000
0.070522 0.072637 0.500000
0.334079 -0.035089 0.500000
-0.269504 0.088140 0.500000
0.098670 0.069156 0.500000
0.314099 0.036280 0.500000
0.370739 -0.028845 0.500000
0.387900 0.022701 0.500000
0.223757 -0.052156 0.500000
0.150814 -0.062005 0.500000
-0.335164 0.081056 0.500000
-0.240632 -0.086446 0.500000
-0.262892 -0.085498 0.500000
-0.206742 0.090604 0.500000
-0.079486 -0.083822 0.500000
0.340372 -0.034037 0.500000
0.435868 -0.017010 0.500000
-0.195951 0.090691 0.500000
-0.321356 0.083015 0.500000
0.265685 0.044553 0.500000
-0.374752 -0.072567 0.500000
-0.315112 -0.081447 0.500000
-0.392118 -0.068760 0.500000
-0.153233 -0.086784 0.500000
-0.032485 -0.080743 0.500000
-0.441648 0.051778 0.500000
0.138977 0.063812 0.500000
-0.131396 0.089548 0.500000
-0.275386 0.087717 0.500000
0.210974 -0.053967 0.500000
-0.158464 0.090359 0.500000
0.112571 0.067359 0.500000
-0.197133 -0.087222 0.500000
-0.270264 -0.085092 0.500000
0.112828 -0.066647 0.500000
-0.273753 -0.084877 0.500000
-0.253875 -0.085931 0.500000
0.251890 -0.048048 0.500000
0.468916 -0.010619 0.500000
-0.082775 0.087068 0.500000
0.061991 -0.072282 0.500000
0.252180 0.046772 0.500000
-0.356457 0.077435 0.500000
-0.088581 -0.084320 0.500000
-0.127435 0.089396 0.500000
-0.452501 0.046200 0.500000
-0.478206 -0.029230 0.500000
0.436274 0.013135 0.500000
-0.480274 0.024528 0.500000
0.277503 0.042579 0.500000
0.175689 -0.058781 0.500000
-0.379606 -0.071569 0.500000
0.156855 -0.061236 0.500000
-0.447189 -0.050231 0.500000
0.315630 -0.038122 0.500000
0.253016 -0.047880 0.500000
0.050609 -0.073446 0.500000
0.036960 -0.074792 0.500000
-0.457579 0.043228 0.500000
0.167757 -0.059824 0.500000
-0.485498 0.017114 0.500000
-0.022049 -0.079950 0.500000
0.217096 -0.053104 0.500000
-0.488787 0.009920 0.500000
0.075683 -0.070833 0.500000
0.296239 -0.041232 0.500000
0.506753 -0.001843 0.500000
-0.031343 -0.080658 0.500000
0.010991 -0.077198 0.500000
0.179649 0.058020 0.500000
-0.405878 -0.065207 0.500000
-0.156189 -0.086845 0.500000
-0.470609 0.034013 0.500000
-0.359232 -0.075434 0.500000
0.028854 0.077376 0.500000
-0.222583 -0.086934 0.500000
-0.467160 -0.038668 0.500000
0.053164 -0.073188 0.500000
-0.083070 -0.084022 0.500000
-0.477075 0.028070 0.500000
-0.359044 -0.075465 0.500000
-0.278143 0.087501 0.500000
-0.480426 0.024344 0.500000
-0.169944 0.090559 0.500000
-0.003407 -0.078441 0.500000
0.380350 0.024146 0.500000
-0.187313 0.090700 0.500000
-0.415625 0.062244 0.500000
0.100208 -0.068109 0.500000
0.081594 0.071293 0.500000
0.127658 0.065353 0.500000
-0.461540 -0.042424 0.500000
0.262781 0.045034 0.500000
0.281811 -0.043494 0.500000
-0.268408 -0.085196 0.500000
-0.297731 -0.083111 0.500000
-0.355719 0.077576 0.500000
-0.003664 -0.078463 0.500000
0.134790 -0.064006 0.500000
-0.085874 0.087263 0.500000
0.303914 0.038062 0.500000
-0.489200 -0.011346 0.500000
-0.138708 0.089809 0.500000
0.492931 0.001198 0.500000
-0.471033 0.033662 0.500000
-0.061804 0.085636 0.500000
0.466609 0.006846 0.500000
-0.490662 -0.000266 0.500000
-0.067433 -0.083113 0.500000
0.306777 -0.039551 0.500000
-0.490250 -0.006779 0.500000
0.066880 0.073071 0.500000
0.110998 0.067565 0.500000
-0.106421 0.088431 0.500000
0.383614 -0.026582 0.500000
0.431430 -0.017848 0.500000
-0.193739 -0.087230 0.500000
-0.411322 -0.063645 0.500000
-0.134632 -0.086276 0.500000
0.285291 -0.042953 0.500000
0.176911 0.058422 0.500000
0.372663 -0.028509 0.500000
-0.317612 -0.081175 0.500000
-0.086872 0.087323 0.500000
-0.006049 0.080920 0.500000
0.158985 -0.060962 0.500000
-0.028484 0.082966 0.500000
-0.227643 -0.086819 0.500000
-0.425003 -0.059254 0.500000
-0.379865 -0.071515 0.500000
0.495796 0.000572 0.500000
-0.170562 0.090568 0.500000
-0.404999 -0.065451 0.500000
0.334116 0.032714 0.500000
-0.181886 0.090684 0.500000
-0.236236 -0.086589 0.500000
-0.490377 0.003193 0.500000
0.424995 -0.019055 0.500000
-0.359536 -0.075383 0.500000
0.368751 -0.029191 0.500000
-0.030883 -0.080624 0.500000
0.445964 -0.015087 0.500000
0.378952 0.024412 0.500000
-0.484521 -0.021316 0.500000
-0.422866 -0.059988 0.500000
-0.224870 0.090244 0.500000
-0.288427 0.086640 0.500000
-0.130475 -0.086142 0.500000
-0.217575 0.090420 0.500000
0.304703 -0.039884 0.500000
0.301430 0.038493 0.500000
0.043332 -0.074170 0.500000
-0.366633 -0.074123 0.500000
-0.486225 0.015802 0.500000
0.216434 -0.053198 0.500000
-0.323275 0.082761 0.500000
-0.039195 -0.081232 0.500000
0.050485 -0.073458 0.500000
0.474892 0.005089 0.500000
0.126456 -0.065023 0.500000
-0.252113 -0.086009 0.500000
-0.099997 0.088088 0.500000
-0.489718 -0.009440 0.500000
0.380659 -0.027105 0.500000
-0.489751 -0.009302 0.500000
-0.073325 -0.083467 0.500000
-0.067502 0.086045 0.500000
-0.352094 -0.076606 0.500000
-0.348578 0.078865 0.500000
0.476437 -0.009125 0.500000
0.394174 0.021491 0.500000
0.454337 0.009418 0.500000
0.055479 -0.072952 0.500000
0.026173 0.077662 0.500000
0.409256 -0.021964 0.500000
0.268364 -0.045564 0.500000
0.392249 -0.025044 0.500000
0.491745 -0.006040 0.500000
-0.073429 0.086455 0.500000
-0.016730 0.081918 0.500000
0.136824 -0.063755 0.500000
0.471265 0.005861 0.500000
0.232225 0.049981 0.500000
0.322476 -0.037004 0.500000
-0.490678 -0.001634 0.500000
0.213151 0.052967 0.500000
-0.308234 0.084628 0.500000
0.042191 -0.074282 0.500000
-0.153015 -0.086779 0.500000
-0.007721 0.081078 0.500000
0.371705 -0.028676 0.500000
-0.084926 0.087205 0.500000
-0.056778 0.085265 0.500000
-0.184072 0.090691 0.500000
-0.394763 0.068659 0.500000
-0.480893 0.023774 0.500000
-0.084682 0.087190 0.500000
0.241811 -0.049539 0.500000
0.144666 0.063025 0.500000
-0.483474 0.020323 0.500000
0.106334 -0.067405 0.500000
0.177259 -0.058572 0.500000
-0.019035 -0.079714 0.500000
-0.172477 -0.087111 0.500000
0.447661 0.010801 0.500000
-0.181240 -0.087192 0.500000
0.370339 -0.028915 0.500000
-0.345936 -0.077548 0.500000
-0.243937 0.089573 0.500000
-0.318003 0.083450 0.500000
0.391552 -0.025169 0.500000
-0.156544 0.090314 0.500000
0.288039 0.040795 0.500000
0.432641 -0.017620 0.500000
-0.458253 -0.044407 0.500000
0.355932 0.028729 0.500000
0.352647 0.029336 0.500000
-0.316405 -0.081306 0.500000
-0.183007 -0.087205 0.500000
0.446868 -0.014913 0.500000
-0.241334 -0.086423 0.500000
0.391212 -0.025229 0.500000
0.301608 -0.040378 0.500000
-0.308349 -0.082134 0.500000
0.315172 0.036091 0.500000
-0.416894 -0.061941 0.500000
0.369589 0.026182 0.500000
0.467124 -0.010972 0.500000
0.182402 0.057615 0.500000
-0.207914 -0.087156 0.500000
-0.456483 -0.045419 0.500000
0.279549 -0.043845 0.500000
-0.296675 0.085859 0.500000
-0.185522 -0.087217 0.500000
-0.322083 -0.080674 0.500000
-0.296724 0.085855 0.500000
-0.484053 -0.022026 0.500000
0.404167 0.019545 0.500000
0.087746 -0.069514 0.500000
-0.468643 0.035597 0.500000
-0.116942 0.088941 0.500000
-0.481030 -0.026063 0.500000
-0.410599 -0.063859 0.500000
0.217046 -0.053112 0.500000
-0.224946 -0.086882 0.500000
0.102800 -0.067813 0.500000
-0.175156 -0.087142 0.500000
-0.142784 -0.086519 0.500000
-0.148278 0.090104 0.500000
0.170560 0.059348 0.500000
-0.476622 0.028533 0.500000
0.072630 -0.071161 0.500000
-0.119541 0.089061 0.500000
0.037558 -0.074734 0.500000
0.317664 -0.037791 0.500000
0.442913 0.011778 0.500000
-0.132877 0.089604 0.500000
-0.009729 -0.078966 0.500000
-0.188923 -0.087226 0.500000
0.029883 0.077266 0.500000
-0.482143 0.022173 0.500000
0.477103 0.004617 0.500000
-0.376349 -0.072242 0.500000
-0.081762 -0.083951 0.500000
-0.359641 -0.075365 0.500000
0.366693 -0.029548 0.500000
-0.432001 -0.056699 0.500000
-0.420451 0.060543 0.500000
-0.220975 -0.086963 0.500000
-0.450408 0.047352 0.500000
0.463912 -0.011604 0.500000
0.313659 0.036358 0.500000
-0.245515 0.089500 0.500000
0.242159 -0.049488 0.500000
0.488875 -0.006623 0.500000
0.051012 0.074920 0.500000
0.432966 -0.017559 0.500000
-0.351480 0.078354 0.500000
0.434379 -0.017292 0.500000
0.027071 0.077567 0.500000
-0.228640 0.090141 0.500000
0.110707 0.067603 0.500000
0.278563 -0.043998 0.500000
-0.414667 -0.062635 0.500000
0.073277 -0.071091 0.500000
0.432282 0.013945 0.500000
0.450621 0.010189 0.500000
-0.172543 0.090596 0.500000
-0.066891 0.086002 0.500000
0.485772 -0.007251 0.500000
-0.036770 0.083674 0.500000
0.423024 0.015810 0.500000
0.108091 0.067943 0.500000
0.288776 0.040669 0.500000
-0.025545 0.082710 0.500000
0.397527 -0.024095 0.500000
0.152512 -0.061790 0.500000
-0.443461 0.050909 0.500000
-0.209346 0.090566 0.500000
-0.024583 -0.080147 0.500000
0.047900 0.075274 0.500000
-0.286317 -0.084024 0.500000
0.143122 -0.062973 0.500000
0.136596 0.064138 0.500000
0.127811 0.065333 0.500000
-0.211014 -0.087117 0.500000
0.196605 0.055494 0.500000
-0.158707 0.090364 0.500000
-0.105444 0.088380 0.500000
-0.470659 0.033972 0.500000
0.267197 -0.045742 0.500000
-0.183612 -0.087209 0.500000
-0.300157 -0.082900 0.500000
-0.157764 0.090343 0.500000
0.308178 0.037319 0.500000
0.246539 0.047688 0.500000
-0.380874 0.072230 0.500000
-0.110263 -0.085361 0.500000
0.164263 -0.060280 0.500000
0.135791 0.064248 0.500000
-0.267641 0.088264 0.500000
0.029209 -0.075532 0.500000
0.230456 0.050261 0.500000
-0.189897 0.090708 0.500000
0.452011 -0.013922 0.500000
-0.433079 -0.056287 0.500000
0.098153 0.069221 0.500000
-0.347480 -0.077320 0.500000
0.393833 -0.024760 0.500000
-0.338599 0.080525 0.500000
0.093542 0.069806 0.500000
0.429386 0.014531 0.500000
-0.322855 0.082816 0.500000
-0.071241 -0.083343 0.500000
0.097709 0.069278 0.500000
-0.424082 -0.059570 0.500000
-0.072537 -0.083420 0.500000
0.181046 -0.058068 0.500000
-0.076327 -0.083642 0.500000
-0.441299 -0.052912 0.500000
-0.398376 -0.067209 0.500000
-0.444736 -0.051376 0.500000
0.389785 -0.025484 0.500000
-0.482526 -0.024171 0.500000
0.451165 0.010077 0.500000
0.426940 0.015024 0.500000
0.271236 0.043630 0.500000
-0.183919 0.090690 0.500000
-0.487934 0.012182 0.500000
-0.375712 0.073435 0.500000
-0.115474 0.088874 0.500000
-0.001972 -0.078320 0.500000
0.004899 -0.077732 0.500000
-0.195169 0.090694 0.500000
-0.432695 0.055768 0.500000
-0.013828 0.081650 0.500000
0.123953 0.065851 0.500000
0.377304 0.024725 0.500000
0.276001 -0.044393 0.500000
-0.171223 0.090577 0.500000
-0.192971 0.090700 0.500000
0.352090 -0.032057 0.500000
0.181326 -0.058030 0.500000
-0.209537 -0.087135 0.500000
0.138811 -0.063510 0.500000
0.094591 0.069674 0.500000
-0.350255 0.078570 0.500000
0.275293 0.042951 0.500000
0.193967 -0.056322 0.500000
0.395530 -0.024455 0.500000
-0.422211 -0.060208 0.500000
0.505167 -0.003284 0.500000
0.081228 -0.070231 0.500000
0.138298 0.063905 0.500000
-0.110066 -0.085353 0.500000
0.387234 -0.025939 0.500000
0.292902 -0.041759 0.500000
0.112462 -0.066690 0.500000
-0.034674 0.083497 0.500000
0.299341 0.038855 0.500000
-0.290694 0.086433 0.500000
-0.308314 -0.082137 0.500000
-0.347235 -0.077357 0.500000
-0.190048 -0.087228 0.500000
0.413391 0.017729 0.500000
-0.199211 0.090675 0.500000
-0.072721 -0.083431 0.500000
-0.451684 -0.048003 0.500000
-0.412684 -0.063238 0.500000
-0.471496 -0.035369 0.500000
-0.434436 -0.055754 0.500000
-0.180487 -0.087187 0.500000
-0.099867 0.088081 0.500000
0.250605 0.047029 0.500000
-0.355053 -0.076130 0.500000
-0.434116 -0.055881 0.500000
-0.322472 0.082867 0.500000
-0.078263 -0.083752 0.500000
-0.260263 -0.085630 0.500000
-0.254397 -0.085907 0.500000
0.031846 -0.075282 0.500000
-0.184238 0.090691 0.500000
0.301707 0.038445 0.500000
-0.254517 -0.085902 0.500000
0.374384 0.025278 0.500000
0.130045 0.065031 0.500000
0.406639 -0.022443 0.500000
-0.294212 0.086102 0.500000
0.389440 0.022405 0.500000
0.296335 0.039373 0.500000
-0.170611 0.090568 0.500000
0.485830 0.002740 0.500000
-0.452441 -0.047609 0.500000
0.416797 0.017053 0.500000
0.196901 0.055449 0.500000
0.372810 0.025575 0.500000
0.115727 -0.066305 0.500000
0.369512 0.026196 0.500000
0.314664 0.036181 0.500000
0.222458 -0.052342 0.500000
0.177702 -0.058514 0.500000
-0.063774 -0.082886 0.500000
-0.182511 -0.087201 0.500000
-0.101223 0.088154 0.500000
0.423101 -0.019408 0.500000
-0.486560 -0.017807 0.500000
0.378401 -0.027503 0.500000
0.050260 0.075006 0.500000
0.339695 -0.034151 0.500000
0.440566 0.012259 0.500000
-0.186984 0.090699 0.500000
0.056072 0.074339 0.500000
-0.347494 0.079056 0.500000
-0.443218 -0.052064 0.500000
-0.135042 0.089685 0.500000
0.100673 -0.068056 0.500000
0.340938 0.031479 0.500000
-0.275112 -0.084794 0.500000
0.376225 0.024929 0.500000
-0.018024 -0.079635 0.500000
-0.193855 -0.087229 0.500000
0.060394 -0.072447 0.500000
-0.098836 -0.084836 0.500000
-0.028554 0.082972 0.500000
-0.242313 -0.086390 0.500000
0.126174 0.065553 0.500000
-0.090135 0.087522 0.500000
-0.127604 -0.086041 0.500000
-0.490678 -0.001060 0.500000
-0.490453 -0.005308 0.500000
-0.092654 0.087671 0.500000
-0.051781 0.084883 0.500000
-0.192228 -0.087233 0.500000
-0.204246 -0.087183 0.500000
-0.472404 0.032489 0.500000
-0.337680 0.080668 0.500000
0.144896 -0.062752 0.500000
-0.357412 -0.075739 0.500000
0.331225 0.033235 0.500000
-0.330646 0.081728 0.500000
0.459230 0.008397 0.500000
0.049799 -0.073527 0.500000
0.302096 -0.040301 0.500000
0.305794 -0.039709 0.500000
0.335228 0.032514 0.500000
-0.166050 0.090505 0.500000
-0.354440 0.077812 0.500000
-0.035503 -0.080966 0.500000
0.087740 0.070533 0.500000
-0.328846 0.081990 0.500000
0.487358 -0.006931 0.500000
0.350416 0.029747 0.500000
-0.470248 0.034312 0.500000
-0.006867 -0.078730 0.500000
0.475734 -0.009265 0.500000
0.006722 0.079672 0.500000
0.387481 0.022782 0.500000
-0.337546 -0.078741 0.500000
0.170644 0.059336 0.500000
-0.490263 -0.006702 0.500000
-0.447112 0.049088 0.500000
0.274427 0.043096 0.500000
0.157777 -0.061118 0.500000
0.429311 -0.018247 0.500000
0.469739 0.006184 0.500000
0.104389 0.068423 0.500000
-0.149839 0.090149 0.500000
0.388130 -0.025780 0.500000
-0.263278 0.088548 0.500000
-0.244241 0.089559 0.500000
0.097247 -0.068447 0.500000
-0.299377 0.085588 0.500000
-0.075279 0.086579 0.500000
0.345805 0.030592 0.500000
0.402282 0.019914 0.500000
-0.122448 0.089187 0.500000
0.244930 0.047948 0.500000
-0.153159 0.090232 0.500000
0.124430 -0.065266 0.500000
-0.486930 -0.017076 0.500000
0.465425 0.007096 0.500000
-0.284708 0.086964 0.500000
-0.441823 0.051696 0.500000
-0.480987 -0.026116 0.500000
0.257815 0.045851 0.500000
0.151965 0.062005 0.500000
-0.206872 0.090603 0.500000
-0.267185 -0.085264 0.500000
0.249662 -0.048379 0.500000
0.073318 -0.071087 0.500000
-0.261309 0.088667 0.500000
0.396353 0.021069 0.500000
-0.184459 0.090692 0.500000
0.145353 0.062929 0.500000
-0.314875 0.083843 0.500000
-0.311734 -0.081795 0.500000
0.182494 0.057601 0.500000
0.086189 -0.069686 0.500000
-0.426990 -0.058552 0.500000
0.323763 0.034569 0.500000
-0.010438 -0.079024 0.500000
-0.225482 0.090227 0.500000
0.170533 0.059352 0.500000
0.470217 0.006083 0.500000
-0.211049 -0.087116 0.500000
-0.130965 -0.086159 0.500000
0.085045 -0.069812 0.500000
-0.096176 0.087873 0.500000
-0.132824 0.089602 0.500000
0.489707 -0.006455 0.500000
0.286358 0.041081 0.500000
0.021047 -0.076291 0.500000
-0.011937 0.081476 0.500000
-0.050209 0.084762 0.500000
0.200946 -0.055363 0.500000
0.182863 0.057546 0.500000
0.224726 0.051165 0.500000
-0.333036 -0.079339 0.500000
0.016848 -0.076674 0.500000
-0.320778 0.083092 0.500000
0.493045 -0.005775 0.500000
-0.164551 0.090476 0.500000
0.177549 0.058329 0.500000
-0.221001 -0.086962 0.500000
-0.443417 0.050930 0.500000
0.388889 -0.025644 0.500000
0.200034 0.054975 0.500000
0.349121 -0.032562 0.500000
0.249885 0.047146 0.500000
0.278756 -0.043968 0.500000
0.037399 -0.074749 0.500000
-0.026912 -0.080324 0.500000
-0.409671 0.064220 0.500000
0.475185 0.005026 0.500000
0.239434 -0.049888 0.500000
-0.180177 0.090669 0.500000
-0.412076 0.063437 0.500000
-0.452095 0.046427 0.500000
0.338835 -0.034295 0.500000
-0.024659 0.082632 0.500000
-0.117290 -0.085654 0.500000
-0.062742 -0.082822 0.500000
0.419270 0.016560 0.500000
-0.056240 0.085224 0.500000
-0.214683 0.090480 0.500000
0.349425 0.029929 0.500000
0.377126 0.024759 0.500000
0.261395 -0.046622 0.500000
-0.069442 0.086182 0.500000
-0.343538 -0.077902 0.500000
-0.286070 0.086849 0.500000
0.471117 0.005892 0.500000
0.377407 -0.027677 0.500000
-0.460553 -0.043034 0.500000
-0.010796 0.081368 0.500000
0.230797 0.050207 0.500000
0.145713 0.062879 0.500000
0.013111 0.079026 0.500000
-0.133496 -0.086240 0.500000
0.266162 0.044474 0.500000
0.505293 -0.003258 0.500000
0.488991 0.002055 0.500000
-0.391550 0.069530 0.500000
-0.391544 -0.068899 0.500000
0.359997 0.027976 0.500000
0.262864 -0.046400 0.500000
-0.017894 0.082025 0.500000
0.266263 -0.045884 0.500000
0.048607 -0.073646 0.500000
0.467569 -0.010885 0.500000
-0.091365 -0.084463 0.500000
-0.308919 0.084551 0.500000
0.032670 -0.075203 0.500000
-0.189042 -0.087226 0.500000
0.430145 0.014377 0.500000
0.008172 0.079526 0.500000
-0.437944 -0.054336 0.500000
-0.107343 -0.085231 0.500000
-0.382394 -0.070975 0.500000
-0.390112 -0.069236 0.500000
-0.138031 -0.086384 0.500000
-0.074563 -0.083540 0.500000
-0.071799 0.086345 0.500000
0.100358 0.068940 0.500000
0.084126 0.070982 0.500000
0.508962 -0.002333 0.500000
-0.058593 0.085400 0.500000
0.373254 0.025491 0.500000
-0.058918 0.085424 0.500000
-0.075801 -0.083612 0.500000
0.461612 0.007898 0.500000
-0.077401 -0.083703 0.500000
0.288707 0.040681 0.500000
0.279149 -0.043907 0.500000
0.192877 0.056055 0.500000
-0.471538 -0.035336 0.500000
0.355649 -0.031450 0.500000
0.081213 0.071340 0.500000
-0.348702 -0.077132 0.500000
0.168775 0.059606 0.500000
-0.075951 -0.083621 0.500000
-0.251648 0.089205 0.500000
0.122143 0.066093 0.500000
-0.196286 0.090690 0.500000
-0.214126 0.090492 0.500000
0.157777 0.061183 0.500000
0.007694 -0.077489 0.500000
0.255543 -0.047502 0.500000
0.033655 0.076857 0.500000
-0.298473 -0.083048 0.500000
0.408392 -0.022123 0.500000
-0.248371 -0.086162 0.500000
0.262086 0.045148 0.500000
-0.194661 0.090695 0.500000
0.351539 0.029540 0.500000
-0.283274 0.087086 0.500000
0.155182 0.061550 0.500000
-0.459845 0.041809 0.500000
-0.462859 0.039819 0.500000
-0.319180 0.083302 0.500000
0.504602 -0.003401 0.500000
0.051876 -0.073319 0.500000
-0.433619 -0.056076 0.500000
-0.376082 0.073351 0.500000
0.338917 0.031846 0.500000
-0.133226 -0.086232 0.500000
0.089211 0.070350 0.500000
-0.230836 0.090068 0.500000
0.484046 -0.007600 0.500000
0.094975 0.069625 0.500000
-0.077412 0.086723 0.500000
0.459073 -0.012551 0.500000
-0.186420 0.090698 0.500000
0.277073 0.042652 0.500000
-0.014723 -0.079371 0.500000
-0.476603 -0.030847 0.500000
-0.437422 -0.054552 0.500000
-0.435839 0.054421 0.500000
0.484744 -0.007459 0.500000
0.498740 -0.000073 0.500000
-0.086158 0.087280 0.500000
-0.161931 0.090426 0.500000
0.446700 -0.014945 0.500000
0.332724 -0.035314 0.500000
0.021114 0.078197 0.500000
0.495418 0.000655 0.500000
-0.014099 -0.079321 0.500000
-0.318731 0.083358 0.500000
-0.264145 0.088492 0.500000
-0.413245 -0.063071 0.500000
0.420649 0.016285 0.500000
-0.320877 -0.080813 0.500000
0.140851 -0.063257 0.500000
-0.486999 0.014275 0.500000
-0.458952 -0.043995 0.500000
-0.202371 -0.087197 0.500000
0.366141 -0.029644 0.500000
0.278102 -0.044069 0.500000
-0.432659 0.055783 0.500000
0.399080 -0.023815 0.500000
-0.345433 0.079405 0.500000
-0.287184 0.086754 0.500000
0.190734 -0.056762 0.500000
0.177154 0.058387 0.500000
-0.093972 0.087747 0.500000
-0.107648 -0.085245 0.500000
0.019712 0.078344 0.500000
-0.324229 0.082634 0.500000
0.471101 -0.010186 0.500000
0.360894 -0.030550 0.500000
-0.333400 -0.079292 0.500000
0.276298 -0.044347 0.500000
0.209937 0.053463 0.500000
-0.467539 0.036449 0.500000
0.140074 -0.063354 0.500000
0.059413 0.073950 0.500000
-0.437039 0.053894 0.500000
0.211732 -0.053861 0.500000
0.151638 0.062051 0.500000
-0.251880 0.089193 0.500000
-0.434226 -0.055837 0.500000
0.104727 -0.067590 0.500000
-0.245405 -0.086279 0.500000
0.400106 0.020339 0.500000
-0.461931 0.040445 0.500000
0.442693 0.011823 0.500000
-0.185019 0.090693 0.500000
0.250661 -0.048231 0.500000
0.117079 0.066765 0.500000
-0.193779 0.090698 0.500000
0.155050 -0.061466 0.500000
-0.233671 -0.086662 0.500000
-0.403486 0.066146 0.500000
0.132493 0.064698 0.500000
0.132745 -0.064257 0.500000
-0.089332 0.087473 0.500000
0.266859 0.044359 0.500000
-0.070090 -0.083274 0.500000
0.412345 -0.021398 0.500000
0.002182 -0.077967 0.500000
-0.042476 -0.081468 0.500000
-0.034829 0.083510 0.500000
-0.383649 -0.070702 0.500000
-0.266511 0.088337 0.500000
0.411842 -0.021490 0.500000
-0.076301 0.086648 0.500000
0.435897 -0.017005 0.500000
0.399591 -0.023723 0.500000
-0.103940 0.088300 0.500000
0.488227 0.002221 0.500000
-0.482839 -0.023751 0.500000
-0.125706 0.089324 0.500000
-0.219660 -0.086986 0.500000
0.280587 0.042060 0.500000
0.213642 -0.053593 0.500000
-0.474807 -0.032533 0.500000
-0.328404 0.082052 0.500000
-0.033939 0.083434 0.500000
0.235337 0.049486 0.500000
-0.321188 0.083038 0.500000
0.058978 0.074001 0.500000
0.353564 0.029167 0.500000
-0.208352 -0.087150 0.500000
-0.479476 -0.027863 0.500000
-0.424354 0.059095 0.500000
-0.153592 -0.086793 0.500000
-0.202005 -0.087200 0.500000
0.282802 0.041685 0.500000
-0.478728 -0.028678 0.500000
0.488288 0.002208 0.500000
-0.329305 0.081925 0.500000
-0.169154 0.090548 0.500000
0.006448 0.079700 0.500000
-0.059298 -0.082602 0.500000
0.417588 0.016895 0.500000
0.486153 -0.007174 0.500000
0.215679 -0.053305 0.500000
0.356507 -0.031303 0.500000
0.003839 0.079958 0.500000
0.371007 -0.028798 0.500000
-0.056447 0.085240 0.500000
-0.271063 -0.085043 0.500000
0.284060 -0.043145 0.500000
-0.250927 0.089243 0.500000
-0.251104 -0.086055 0.500000
0.054108 0.074565 0.500000
-0.218485 -0.087007 0.500000
-0.376404 0.073277 0.500000
0.382869 0.023665 0.500000
-0.062308 0.085673 0.500000
0.153341 -0.061685 0.500000
-0.208395 0.090580 0.500000
0.419955 0.016424 0.500000
-0.460945 0.041096 0.500000
0.259177 0.045627 0.500000
-0.185784 0.090696 0.500000
-0.113955 0.088804 0.500000
-0.052015 0.084901 0.500000
-0.366691 -0.074112 0.500000
-0.150911 -0.086728 0.500000
0.169512 -0.059595 0.500000
-0.434546 -0.055711 0.500000
0.352973 0.029276 0.500000
-0.069666 0.086198 0.500000
0.461473 -0.012082 0.500000
0.452405 0.009819 0.500000
0.208187 -0.054357 0.500000
-0.046691 -0.081760 0.500000
0.472182 0.005666 0.500000
-0.376564 -0.072199 0.500000
-0.443096 0.051086 0.500000
0.480488 0.003891 0.500000
0.397353 0.020875 0.500000
-0.224373 -0.086895 0.500000
0.091939 0.070007 0.500000
-0.441778 -0.052703 0.500000
-0.001319 -0.078265 0.500000
0.440249 -0.016179 0.500000
0.425859 0.015241 0.500000
-0.052305 0.084923 0.500000
-0.451888 0.046543 0.500000
-0.164002 0.090465 0.500000
-0.079489 -0.083822 0.500000
0.310458 0.036920 0.500000
-0.484579 0.018641 0.500000
-0.108968 -0.085305 0.500000
0.022539 0.078047 0.500000
0.492581 -0.005870 0.500000
-0.083395 0.087108 0.500000
-0.328179 0.082083 0.500000
-0.063374 -0.082861 0.500000
-0.237858 0.089821 0.500000
-0.408293 0.064663 0.500000
-0.371135 -0.073276 0.500000
-0.361883 -0.074974 0.500000
0.198716 -0.055671 0.500000
0.170452 -0.059472 0.500000
0.435759 0.013239 0.500000
-0.327788 0.082138 0.500000
-0.421508 -0.060443 0.500000
-0.316489 0.083640 0.500000
-0.101469 0.088167 0.500000
-0.102546 -0.085014 0.500000
0.266733 -0.045812 0.500000
0.393119 -0.024888 0.500000
-0.335583 0.080991 0.500000
-0.070390 0.086249 0.500000
-0.229196 0.090123 0.500000
-0.006350 -0.078688 0.500000
-0.078694 -0.083777 0.500000
-0.472556 -0.034496 0.500000
-0.383934 -0.070640 0.500000
0.083719 0.071032 0.500000
-0.427590 -0.058335 0.500000
0.447174 -0.014854 0.500000
0.466913 -0.011014 0.500000
0.481802 0.003609 0.500000
-0.366395 0.075466 0.500000
0.068842 0.072839 0.500000
-0.144250 0.089988 0.500000
0.047836 -0.073724 0.500000
-0.174148 -0.087130 0.500000
0.090174 0.070229 0.500000
-0.278265 -0.084589 0.500000
0.083068 0.071112 0.500000
0.058860 -0.072606 0.500000
-0.004744 -0.078554 0.500000
0.112202 0.067407 0.500000
0.239429 -0.049888 0.500000
-0.313556 0.084003 0.500000
0.060028 0.073879 0.500000
-0.433105 0.055597 0.500000
-0.213349 -0.087087 0.500000
0.002083 -0.077975 0.500000
-0.266279 -0.085315 0.500000
0.117545 0.066704 0.500000
0.222555 0.051505 0.500000
-0.074702 -0.083548 0.500000
0.391056 -0.025257 0.500000
0.235805 0.049412 0.500000
-0.058619 0.085402 0.500000
0.281112 -0.043603 0.500000
-0.434511 0.054996 0.500000
0.415989 0.017213 0.500000
0.298707 -0.040840 0.500000
-0.103943 0.088300 0.500000
-0.479805 -0.027495 0.500000
0.375972 -0.027930 0.500000
-0.356329 -0.075920 0.500000
0.409714 0.018455 0.500000
0.442525 0.011858 0.500000
-0.289235 -0.083804 0.500000
0.169402 0.059516 0.500000
0.024588 -0.075964 0.500000
-0.329503 0.081896 0.500000
-0.032525 0.083315 0.500000
0.037000 -0.074788 0.500000
-0.356425 0.077441 0.500000
-0.227716 0.090167 0.500000
-0.074330 0.086515 0.500000
0.184373 -0.057622 0.500000
0.134877 -0.063995 0.500000
-0.079610 0.086865 0.500000
-0.339849 -0.078424 0.500000
0.076185 -0.070779 0.500000
0.339559 -0.034174 0.500000
0.318587 0.035488 0.500000
-0.460175 0.041596 0.500000
-0.154647 -0.086814 0.500000
0.470637 -0.010278 0.500000
-0.238176 -0.086529 0.500000
-0.307845 -0.082183 0.500000
0.044380 0.075671 0.500000
0.281950 -0.043473 0.500000
0.001779 0.080161 0.500000
0.271897 -0.045024 0.500000
-0.419921 0.060733 0.500000
-0.449227 -0.049240 0.500000
-0.190385 0.090707 0.500000
-0.121249 0.089136 0.500000
-0.406912 0.065095 0.500000
0.339167 -0.034239 0.500000
0.496846 0.000342 0.500000
0.479355 -0.008542 0.500000
-0.060281 0.085524 0.500000
-0.004754 -0.078555 0.500000
-0.488959 0.009404 0.500000
0.181154 0.057799 0.500000
-0.362202 -0.074918 0.500000
0.090417 -0.069216 0.500000
-0.223559 -0.086914 0.500000
0.151319 0.062095 0.500000
-0.187019 -0.087221 0.500000
-0.428497 0.057485 0.500000
-0.344890 0.079497 0.500000
0.269059 0.043993 0.500000
0.162903 -0.060456 0.500000
0.200267 -0.055457 0.500000
-0.383502 -0.070734 0.500000
0.093234 -0.068901 0.500000
0.018412 0.078480 0.500000
-0.250150 -0.086093 0.500000
0.322957 0.034713 0.500000
-0.375959 -0.072322 0.500000
0.311584 0.036722 0.500000
0.284839 0.041339 0.500000
-0.394671 0.068685 0.500000
0.188943 -0.057005 0.500000
-0.456712 0.043755 0.500000
-0.419959 0.060719 0.500000
-0.424782 -0.059330 0.500000
-0.305535 -0.082406 0.500000
0.214862 0.052703 0.500000
0.508248 -0.002175 0.500000
-0.041334 -0.081386 0.500000
-0.163421 -0.086982 0.500000
-0.038983 -0.081217 0.500000
-0.452236 0.046348 0.500000
0.005840 0.079760 0.500000
0.177886 -0.058489 0.500000
0.075649 0.072019 0.500000
-0.384452 0.071358 0.500000
-0.259120 -0.085688 0.500000
0.085303 0.070836 0.500000
-0.274795 -0.084813 0.500000
-0.416636 -0.062022 0.500000
-0.453794 0.045469 0.500000
0.138701 -0.063523 0.500000
-0.275293 -0.084783 0.500000
0.287432 -0.042618 0.500000
0.154936 -0.061481 0.500000
-0.307938 -0.082174 0.500000
0.021493 -0.076250 0.500000
-0.476966 0.028181 0.500000
0.032642 -0.075206 0.500000
0.358237 -0.031007 0.500000
-0.306883 0.084779 0.500000
0.383940 -0.026524 0.500000
-0.245978 -0.086256 0.500000
-0.196160 0.090691 0.500000
0.073650 -0.071051 0.500000
0.412680 0.017869 0.500000
0.132542 -0.064282 0.500000
0.091056 -0.069144 0.500000
0.197874 -0.055786 0.500000
-0.396480 -0.067691 0.500000
-0.245279 -0.086284 0.500000
-0.161137 0.090411 0.500000
0.102984 -0.067792 0.500000
0.098070 0.069232 0.500000
-0.282705 -0.084288 0.500000
0.445970 0.011150 0.500000
0.259123 0.045636 0.500000
0.148379 -0.062313 0.500000
-0.239246 -0.086493 0.500000
-0.274182 -0.084851 0.500000
-0.490644 -0.002915 0.500000
-0.372031 -0.073101 0.500000
0.318298 0.035539 0.500000
0.015238 -0.076819 0.500000
0.043160 0.075808 0.500000
0.329242 -0.035891 0.500000
0.060264 0.073851 0.500000
-0.252820 0.089144 0.500000
0.458492 -0.012664 0.500000
0.076530 0.071912 0.500000
-0.128978 0.089456 0.500000
-0.075875 0.086620 0.500000
-0.447013 0.049139 0.500000
-0.239617 -0.086481 0.500000
0.152895 -0.061741 0.500000
-0.432338 -0.056570 0.500000
-0.248085 -0.086174 0.500000
0.097763 -0.068389 0.500000
-0.147808 0.090091 0.500000
-0.174768 0.090622 0.500000
-0.249683 0.089308 0.500000
0.495261 0.000689 0.500000
0.170217 0.059398 0.500000
-0.213692 -0.087083 0.500000
0.163723 0.060334 0.500000
0.064117 0.073399 0.500000
0.336783 0.032233 0.500000
0.158805 0.061036 0.500000
0.364657 -0.029901 0.500000
0.235485 0.049463 0.500000
0.349657 0.029886 0.500000
0.202634 0.054581 0.500000
0.019158 0.078402 0.500000
-0.299095 0.085618 0.500000
-0.184893 0.090693 0.500000
-0.296383 -0.083225 0.500000
-0.376628 0.073226 0.500000
-0.354577 0.077787 0.500000
0.309816 0.037032 0.500000
-0.053510 -0.082223 0.500000
0.153200 -0.061703 0.500000
-0.217005 0.090432 0.500000
-0.313583 0.084000 0.500000
0.061211 -0.072363 0.500000
-0.487931 -0.014879 0.500000
-0.032100 -0.080714 0.500000
-0.223135 -0.086923 0.500000
0.018796 -0.076497 0.500000
0.485230 -0.007361 0.500000
-0.486672 0.014939 0.500000
-0.020404 0.082251 0.500000
-0.155792 -0.086837 0.500000
0.332059 -0.035424 0.500000
-0.211476 0.090534 0.500000
0.416610 0.017090 0.500000
0.404437 0.019492 0.500000
0.328826 -0.035959 0.500000
0.430093 0.014388 0.500000
0.395260 -0.024503 0.500000
0.110180 0.067672 0.500000
-0.087761 -0.084275 0.500000
-0.281175 -0.084393 0.500000
0.142557 -0.063044 0.500000
0.497970 -0.004768 0.500000
-0.397854 0.067794 0.500000
-0.007393 0.081047 0.500000
0.471882 -0.010031 0.500000
0.165588 0.060066 0.500000
-0.409511 -0.064174 0.500000
-0.011693 -0.079127 0.500000
-0.490131 0.004760 0.500000
-0.156560 -0.086853 0.500000
-0.266812 0.088318 0.500000
0.419453 -0.020086 0.500000
0.148186 0.062534 0.500000
-0.193290 -0.087231 0.500000
-0.213264 -0.087088 0.500000
-0.254983 -0.085881 0.500000
0.167494 0.059791 0.500000
-0.040743 -0.081343 0.500000
0.026196 0.077660 0.500000
-0.468289 0.035872 0.500000
0.502187 -0.000832 0.500000
-0.283934 0.087030 0.500000
-0.132582 0.089592 0.500000
0.495778 -0.005217 0.500000
-0.125993 -0.085984 0.500000
-0.012566 0.081534 0.500000
-0.244122 0.089564 0.500000
-0.245878 0.089483 0.500000
-0.407299 0.064974 0.500000
-0.286988 -0.083975 0.500000
-0.405328 0.065587 0.500000
0.193093 -0.056441 0.500000
-0.126457 0.089355 0.500000
-0.463283 0.039527 0.500000
-0.344247 0.079605 0.500000
-0.268238 -0.085205 0.500000
0.269006 0.044002 0.500000
-0.129655 -0.086113 0.500000
-0.479862 0.025014 0.500000
-0.076668 0.086673 0.500000
-0.390332 -0.069185 0.500000
-0.415184 -0.062476 0.500000
0.176941 0.058418 0.500000
0.424143 0.015586 0.500000
-0.471919 0.032910 0.500000
0.134924 -0.063990 0.500000
-0.070783 -0.083315 0.500000
0.460074 -0.012356 0.500000
-0.481083 0.023539 0.500000
0.189685 -0.056904 0.500000
-0.390217 0.069882 0.500000
-0.119763 0.089071 0.500000
-0.434745 -0.055633 0.500000
0.276945 -0.044248 0.500000
-0.478664 0.026375 0.500000
0.289602 0.040528 0.500000
0.183645 0.057431 0.500000
-0.268898 -0.085169 0.500000
-0.169183 0.090549 0.500000
-0.329752 -0.079759 0.500000
0.454277 0.009431 0.500000
0.362025 -0.030355 0.500000
-0.166148 -0.087025 0.500000
-0.379744 -0.071540 0.500000
0.307204 0.037489 0.500000
-0.152262 -0.086761 0.500000
0.140145 -0.063345 0.500000
-0.184439 0.090692 0.500000
0.319180 -0.037543 0.500000
0.333547 -0.035177 0.500000
-0.263334 0.088545 0.500000
-0.367718 0.075189 0.500000
0.170217 -0.059503 0.500000
-0.106972 -0.085215 0.500000
0.178490 -0.058409 0.500000
0.440328 0.012308 0.500000
0.136531 0.064147 0.500000
0.392483 -0.025002 0.500000
-0.093013 -0.084547 0.500000
-0.083584 0.087120 0.500000
0.428257 0.014758 0.500000
-0.091689 0.087616 0.500000
0.010850 -0.077211 0.500000
-0.256822 0.088931 0.500000
-0.208691 -0.087146 0.500000
-0.198821 -0.087218 0.500000
0.350905 -0.032259 0.500000
-0.016090 -0.079481 0.500000
-0.076268 0.086646 0.500000
0.008919 -0.077381 0.500000
-0.236873 0.089860 0.500000
0.505721 -0.001614 0.500000
-0.484520 -0.021316 0.500000
-0.227533 -0.086822 0.500000
0.185679 -0.057446 0.500000
0.110695 0.067604 0.500000
0.388434 -0.025726 0.500000
-0.418243 -0.061514 0.500000
-0.013780 -0.079295 0.500000
0.382231 0.023787 0.500000
-0.217935 0.090412 0.500000
0.139321 -0.063447 0.500000
0.027961 -0.075649 0.500000
-0.130718 -0.086150 0.500000
0.372091 0.025711 0.500000
-0.490208 -0.007041 0.500000
0.376936 -0.027760 0.500000
-0.311790 0.084213 0.500000
-0.309939 -0.081980 0.500000
0.375356 0.025094 0.500000
0.222846 -0.052286 0.500000
0.073989 0.072220 0.500000
0.342353 0.031222 0.500000
0.492683 -0.005849 0.500000
-0.271449 0.088000 0.500000
0.294976 -0.041431 0.500000
-0.135500 0.089702 0.500000
0.293400 -0.041680 0.500000
0.139020 0.063806 0.500000
-0.305356 0.084950 0.500000
-0.202750 -0.087195 0.500000
0.147766 -0.062391 0.500000
0.029041 -0.075548 0.500000
0.219367 0.052003 0.500000
-0.184261 -0.087214 0.500000
-0.255931 0.088981 0.500000
-0.244918 0.089528 0.500000
-0.482320 0.021938 0.500000
-0.164057 0.090466 0.500000
-0.220480 -0.086972 0.500000
-0.407245 0.064991 0.500000
-0.017009 -0.079554 0.500000
0.371601 0.025803 0.500000
-0.139165 -0.086418 0.500000
-0.217951 -0.087017 0.500000
0.299296 0.038862 0.500000
-0.422803 0.059680 0.500000
-0.148368 -0.086667 0.500000
-0.121083 -0.085801 0.500000
0.390377 0.022225 0.500000
0.251794 0.046835 0.500000
-0.358261 -0.075596 0.500000
-0.093865 0.087741 0.500000
0.438185 0.012745 0.500000
0.308087 0.037334 0.500000
-0.470354 0.034225 0.500000
0.035881 0.076614 0.500000
0.496369 0.000447 0.500000
-0.159340 -0.086909 0.500000
0.310788 -0.038905 0.500000
0.153180 0.061833 0.500000
-0.264477 -0.085416 0.500000
-0.487855 -0.015057 0.500000
0.001062 0.080232 0.500000
-0.265467 -0.085360 0.500000
0.311466 -0.038796 0.500000
-0.474635 0.030470 0.500000
0.494290 0.000901 0.500000
-0.282787 0.087128 0.500000
-0.486582 0.015116 0.500000
-0.021447 -0.079903 0.500000
-0.067842 -0.083139 0.500000
0.433181 -0.017518 0.500000
-0.267246 -0.085261 0.500000
0.244370 0.048038 0.500000
0.374580 -0.028174 0.500000
0.199038 0.055126 0.500000
0.296727 0.039306 0.500000
-0.189518 -0.087227 0.500000
-0.467185 0.036716 0.500000
0.078885 -0.070487 0.500000
0.143564 0.063178 0.500000
0.196041 0.055579 0.500000
-0.013767 0.081645 0.500000
0.019937 -0.076392 0.500000
-0.160908 0.090406 0.500000
-0.282338 0.087166 0.500000
-0.439194 -0.053814 0.500000
0.009941 0.079347 0.500000
0.330465 -0.035688 0.500000
0.004509 -0.077766 0.500000
0.507652 -0.002042 0.500000
-0.058071 -0.082522 0.500000
-0.050357 0.084773 0.500000
-0.489587 0.007243 0.500000
0.475218 -0.009368 0.500000
-0.312218 -0.081745 0.500000
0.492891 0.001207 0.500000
-0.003935 -0.078486 0.500000
-0.008969 -0.078903 0.500000
0.395144 -0.024524 0.500000
-0.027875 0.082913 0.500000
0.467976 -0.010804 0.500000
0.311608 -0.038773 0.500000
0.042452 0.075887 0.500000
0.228017 -0.051545 0.500000
0.290626 -0.042117 0.500000
-0.074925 -0.083562 0.500000
-0.432132 0.056004 0.500000
0.197683 0.055331 0.500000
0.183227 -0.057776 0.500000
-0.028115 0.082934 0.500000
0.260296 0.045444 0.500000
0.419662 -0.020047 0.500000
-0.459319 0.042145 0.500000
-0.218977 -0.086998 0.500000
0.213872 -0.053560 0.500000
0.026397 0.077639 0.500000
0.393183 0.021683 0.500000
0.484933 0.002934 0.500000
-0.071858 0.086349 0.500000
0.371074 0.025903 0.500000
0.493144 -0.005755 0.500000
0.422418 0.015931 0.500000
-0.430398 -0.057304 0.500000
-0.026916 0.082829 0.500000
-0.189788 -0.087228 0.500000
0.052279 0.074776 0.500000
-0.344420 -0.077772 0.500000
0.013115 -0.077009 0.500000
0.067190 -0.071738 0.500000
-0.245762 0.089489 0.500000
0.418055 0.016802 0.500000
0.015671 0.078763 0.500000
0.123103 0.065965 0.500000
0.278895 0.042345 0.500000
-0.012852 0.081561 0.500000
-0.354795 -0.076172 0.500000
0.474387 -0.009534 0.500000
-0.049906 -0.081981 0.500000
0.036160 0.076584 0.500000
0.313147 0.036448 0.500000
-0.101105 0.088147 0.500000
0.352689 0.029328 0.500000
-0.266875 0.088314 0.500000
-0.188019 0.090702 0.500000
-0.476703 -0.030748 0.500000
0.066656 -0.071794 0.500000
0.185475 0.057160 0.500000
-0.446854 0.049219 0.500000
-0.305859 -0.082375 0.500000
-0.250137 -0.086093 0.500000
0.142532 -0.063047 0.500000
-0.351152 0.078413 0.500000
0.158992 -0.060961 0.500000
0.392797 -0.024946 0.500000
-0.053736 -0.082238 0.500000
0.448361 -0.014626 0.500000
-0.218007 -0.087016 0.500000
-0.319759 0.083227 0.500000
0.296436 -0.041200 0.500000
0.315626 0.036011 0.500000
-0.279246 -0.084523 0.500000
-0.270299 0.088083 0.500000
0.225981 0.050967 0.500000
-0.277830 0.087525 0.500000
0.253387 0.046576 0.500000
0.282622 0.041716 0.500000
0.472157 -0.009977 0.500000
-0.485521 -0.019691 0.500000
-0.376367 -0.072239 0.500000
-0.057219 0.085299 0.500000
0.493314 0.001114 0.500000
0.276977 -0.044243 0.500000
-0.276797 0.087606 0.500000
0.239959 0.048748 0.500000
-0.487550 0.013082 0.500000
0.493782 -0.005625 0.500000
0.507527 -0.002015 0.500000
0.015495 0.078781 0.500000
-0.490164 0.004572 0.500000
-0.117469 0.088966 0.500000
-0.410027 -0.064025 0.500000
-0.095420 -0.084670 0.500000
-0.210291 0.090551 0.500000
0.453960 -0.013545 0.500000
0.401053 0.020154 0.500000
0.427498 -0.018587 0.500000
-0.490676 -0.001870 0.500000
-0.089235 0.087467 0.500000
0.238399 0.048997 0.500000
0.197407 -0.055851 0.500000
-0.251608 0.089207 0.500000
-0.240809 -0.086440 0.500000
0.180779 -0.058103 0.500000
0.306045 -0.039669 0.500000
-0.201761 0.090653 0.500000
0.157438 -0.061161 0.500000
0.027694 -0.075674 0.500000
-0.169981 0.090560 0.500000
-0.186820 -0.087220 0.500000
-0.281347 0.087250 0.500000
-0.212227 0.090523 0.500000
-0.233598 0.089976 0.500000
0.119251 0.066478 0.500000
0.270032 -0.045309 0.500000
0.441450 -0.015950 0.500000
-0.237468 -0.086553 0.500000
-0.353313 -0.076410 0.500000
-0.086433 -0.084204 0.500000
-0.311553 -0.081814 0.500000
-0.373303 0.073978 0.500000
0.196384 -0.055991 0.500000
-0.195081 -0.087226 0.500000
-0.069726 0.086202 0.500000
0.094855 0.069641 0.500000
-0.013921 0.081659 0.500000
0.340955 -0.033940 0.500000
-0.480367 -0.026851 0.500000
-0.200480 0.090664 0.500000
-0.203965 -0.087185 0.500000
-0.246851 -0.086222 0.500000
0.171265 0.059245 0.500000
0.400185 -0.023615 0.500000
0.085683 -0.069742 0.500000
0.261565 0.045234 0.500000
-0.392559 0.069258 0.500000
-0.490609 0.000857 0.500000
-0.109662 0.088593 0.500000
0.388635 -0.025690 0.500000
0.321806 -0.037114 0.500000
-0.228556 0.090144 0.500000
0.129532 0.065100 0.500000
-0.310610 -0.081911 0.500000
-0.151239 0.090186 0.500000
-0.043626 -0.081548 0.500000
0.119978 -0.065800 0.500000
0.285711 -0.042887 0.500000
-0.187286 0.090700 0.500000
-0.037354 0.083724 0.500000
-0.161067 -0.086944 0.500000
0.482956 0.003360 0.500000
0.162283 -0.060537 0.500000
0.354049 -0.031723 0.500000
0.434596 -0.017251 0.500000
0.061424 -0.072341 0.500000
-0.412331 0.063353 0.500000
0.344081 0.030907 0.500000
0.221103 -0.052536 0.500000
-0.280333 -0.084450 0.500000
0.038328 -0.074659 0.500000
0.503985 -0.003528 0.500000
0.340111 0.031629 0.500000
-0.352592 -0.076526 0.500000
0.147801 -0.062386 0.500000
0.070970 -0.071337 0.500000
0.346968 0.030379 0.500000
0.493594 0.001054 0.500000
-0.490114 0.004850 0.500000
0.465311 0.007120 0.500000
0.233414 0.049792 0.500000
-0.331723 -0.079507 0.500000
0.467472 0.006664 0.500000
0.450142 -0.014283 0.500000
-0.488826 -0.012513 0.500000
0.503088 -0.003714 0.500000
-0.395320 -0.067980 0.500000
0.434184 0.013559 0.500000
0.111449 -0.066809 0.500000
-0.159142 0.090372 0.500000
0.131418 -0.064420 0.500000
-0.185323 -0.087216 0.500000
-0.490287 0.003824 0.500000
0.506182 -0.003073 0.500000
-0.155109 0.090279 0.500000
-0.490657 -0.002588 0.500000
0.041423 -0.074358 0.500000
-0.099675 0.088070 0.500000
-0.079190 -0.083805 0.500000
-0.088359 0.087414 0.500000
0.376287 -0.027874 0.500000
0.278937 -0.043940 0.500000
-0.269256 0.088158 0.500000
0.139886 -0.063377 0.500000
0.058299 0.074081 0.500000
0.034659 0.076748 0.500000
0.073648 0.072261 0.500000
-0.436178 -0.055059 0.500000
-0.237463 0.089837 0.500000
0.362422 0.027524 0.500000
-0.101474 0.088167 0.500000
0.195741 0.055624 0.500000
0.115824 -0.066294 0.500000
-0.006953 0.081006 0.500000
0.166207 0.059977 0.500000
0.160636 -0.060749 0.500000
0.371210 -0.028763 0.500000
-0.031134 -0.080643 0.500000
0.298683 -0.040844 0.500000
-0.174763 -0.087138 0.500000
-0.452840 -0.047401 0.500000
-0.264432 -0.085418 0.500000
0.034310 -0.075047 0.500000
-0.359763 0.076803 0.500000
0.053903 -0.073113 0.500000
0.328307 0.033758 0.500000
0.138032 -0.063606 0.500000
-0.061207 -0.082725 0.500000
-0.350494 0.078528 0.500000
-0.484945 0.018050 0.500000
-0.367177 0.075305 0.500000
-0.023163 -0.080037 0.500000
-0.341515 -0.078189 0.500000
-0.354268 -0.076256 0.500000
-0.281494 -0.084372 0.500000
0.499450 -0.004464 0.500000
0.234515 -0.050605 0.500000
-0.172731 0.090598 0.500000
-0.218845 0.090393 0.500000
0.407698 -0.022249 0.500000
0.270542 0.043746 0.500000
-0.200935 -0.087208 0.500000
0.240430 -0.049742 0.500000
-0.220527 -0.086971 0.500000
0.060838 -0.072401 0.500000
-0.438526 -0.054095 0.500000
-0.207484 -0.087159 0.500000
-0.425086 0.058819 0.500000
0.280402 -0.043713 0.500000
-0.487833 0.012425 0.500000
-0.328983 -0.079853 0.500000
-0.228890 0.090133 0.500000
0.250722 -0.048222 0.500000
-0.185221 -0.087216 0.500000
0.256043 0.046142 0.500000
-0.364700 0.075815 0.500000
0.141860 0.063414 0.500000
-0.192755 -0.087232 0.500000
0.185486 0.057158 0.500000
0.273866 0.043190 0.500000
0.140218 0.063640 0.500000
0.312957 -0.038555 0.500000
0.423836 -0.019271 0.500000
0.284053 -0.043146 0.500000
0.153348 -0.061684 0.500000
-0.418040 -0.061579 0.500000
0.372307 -0.028571 0.500000
-0.263082 -0.085488 0.500000
0.214627 0.052739 0.500000
-0.136345 -0.086331 0.500000
-0.454605 -0.046458 0.500000
0.361683 0.027662 0.500000
0.054196 0.074555 0.500000
-0.230882 0.090067 0.500000
0.046798 -0.073827 0.500000
-0.197038 -0.087222 0.500000
0.028660 0.077397 0.500000
0.049347 -0.073572 0.500000
-0.128412 0.089435 0.500000
0.343724 0.030972 0.500000
-0.158531 0.090361 0.500000
-0.107996 0.088509 0.500000
0.486581 0.002578 0.500000
-0.028976 0.083009 0.500000
0.184912 -0.057549 0.500000
0.297622 -0.041012 0.500000
-0.271018 0.088031 0.500000
-0.379873 0.072467 0.500000
-0.045379 0.084379 0.500000
0.363740 0.027278 0.500000
0.136711 0.064123 0.500000
0.128813 0.065198 0.500000
-0.173445 -0.087122 0.500000
0.124484 0.065780 0.500000
-0.442770 -0.052265 0.500000
-0.395934 0.068334 0.500000
0.379123 0.024379 0.500000
0.339032 -0.034262 0.500000
-0.476102 0.029054 0.500000
0.465484 0.007084 0.500000
0.336485 -0.034688 0.500000
-0.226728 -0.086840 0.500000
-0.161041 0.090409 0.500000
-0.221325 -0.086956 0.500000
-0.203766 0.090635 0.500000
0.087487 0.070564 0.500000
-0.026201 0.082767 0.500000
0.146581 -0.062540 0.500000
0.343587 0.030997 0.500000
0.147049 0.062693 0.500000
-0.318792 -0.081046 0.500000
0.101406 0.068806 0.500000
-0.479497 -0.027840 0.500000
0.018960 -0.076482 0.500000
-0.385281 -0.070342 0.500000
-0.280064 0.087350 0.500000
-0.152624 0.090220 0.500000
0.145553 -0.062669 0.500000
-0.255847 -0.085843 0.500000
-0.133449 0.089625 0.500000
0.274542 -0.044618 0.500000
-0.262900 -0.085498 0.500000
-0.049803 -0.081974 0.500000
-0.418156 -0.061542 0.500000
0.343984 0.030924 0.500000
0.498406 -0.004678 0.500000
-0.060755 0.085559 0.500000
-0.303872 0.085115 0.500000
-0.065024 0.085870 0.500000
-0.421819 0.060042 0.500000
0.128154 0.065286 0.500000
0.043504 0.075769 0.500000
0.380055 0.024202 0.500000
0.154369 0.061665 0.500000
-0.286300 0.086829 0.500000
0.111211 -0.066837 0.500000
0.364879 0.027065 0.500000
-0.289326 -0.083797 0.500000
0.228167 0.050623 0.500000
0.401513 -0.023375 0.500000
-0.461634 0.040643 0.500000
0.073106 -0.071110 0.500000
-0.346062 0.079299 0.500000
0.427435 -0.018598 0.500000
-0.372158 0.074232 0.500000
0.313633 0.036362 0.500000
0.423521 0.015710 0.500000
-0.183730 -0.087210 0.500000
0.480617 -0.008289 0.500000
0.253177 0.046610 0.500000
-0.079571 0.086863 0.500000
-0.422164 0.059915 0.500000
0.265357 -0.046022 0.500000
0.003057 -0.077891 0.500000
0.338690 -0.034319 0.500000
-0.204715 -0.087180 0.500000
0.238393 -0.050040 0.500000
0.003370 -0.077864 0.500000
-0.454596 -0.046463 0.500000
-0.139264 -0.086421 0.500000
-0.490523 0.001926 0.500000
-0.196626 0.090689 0.500000
0.383014 -0.026688 0.500000
0.254517 0.046391 0.500000
0.365609 0.026929 0.500000
0.400790 0.020206 0.500000
-0.420908 0.060377 0.500000
0.122654 0.066025 0.500000
-0.239075 0.089773 0.500000
0.291426 -0.041991 0.500000
-0.383457 0.071601 0.500000
-0.122365 0.089183 0.500000
0.302623 0.038286 0.500000
-0.233205 0.089989 0.500000
0.502114 -0.000816 0.500000
0.316549 0.035848 0.500000
0.286558 -0.042755 0.500000
0.299939 -0.040644 0.500000
0.215140 -0.053381 0.500000
-0.469204 0.035153 0.500000
0.206524 0.053987 0.500000
0.257484 0.045906 0.500000
0.426555 0.015101 0.500000
-0.368330 0.075059 0.500000
0.445457 0.011255 0.500000
0.226536 -0.051758 0.500000
0.477296 -0.008954 0.500000
-0.019381 0.082159 0.500000
-0.490673 -0.002004 0.500000
0.371573 -0.028699 0.500000
-0.045981 0.084426 0.500000
-0.142689 0.089942 0.500000
0.445235 0.011301 0.500000
0.438740 0.012632 0.500000
-0.058784 -0.082568 0.500000
-0.347728 0.079014 0.500000
0.364460 0.027144 0.500000
-0.488962 -0.012105 0.500000
-0.258444 -0.085722 0.500000
0.468434 -0.010714 0.500000
-0.341326 0.080086 0.500000
0.469580 -0.010487 0.500000
0.210755 -0.053998 0.500000
-0.266150 0.088361 0.500000
0.185425 0.057167 0.500000
0.357115 -0.031199 0.500000
-0.056053 -0.082392 0.500000
0.074469 0.072162 0.500000
-0.046061 0.084433 0.500000
-0.061606 -0.082751 0.500000
-0.430982 -0.057087 0.500000
0.357083 0.028516 0.500000
0.161728 0.060620 0.500000
0.452222 0.009857 0.500000
0.301583 0.038466 0.500000
0.355662 0.028779 0.500000
-0.341986 -0.078123 0.500000
0.236969 0.049226 0.500000
-0.490678 -0.001651 0.500000
0.074243 -0.070988 0.500000
-0.023478 -0.080062 0.500000
-0.088633 -0.084323 0.500000
-0.314521 -0.081508 0.500000
-0.284162 0.087011 0.500000
-0.134471 -0.086271 0.500000
0.376410 -0.027853 0.500000
-0.215466 -0.087061 0.500000
-0.326376 0.082335 0.500000
-0.298072 -0.083082 0.500000
-0.489788 -0.009143 0.500000
-0.356392 0.077448 0.500000
-0.211199 0.090538 0.500000
0.451986 0.009906 0.500000
0.403863 -0.022948 0.500000
-0.012720 0.081548 0.500000
0.074755 0.072128 0.500000
0.132852 -0.064244 0.500000
-0.127372 -0.086033 0.500000
-0.262784 0.088580 0.500000
0.390661 -0.025328 0.500000
-0.173045 0.090603 0.500000
0.339515 -0.034181 0.500000
-0.351843 -0.076646 0.500000
-0.405439 0.065553 0.500000
0.476283 0.004792 0.500000
-0.248461 0.089364 0.500000
0.246293 0.047728 0.500000
0.446069 0.011129 0.500000
0.426569 0.015098 0.500000
-0.165142 0.090487 0.500000
-0.039971 0.083939 0.500000
-0.444966 0.050170 0.500000
-0.438127 0.053405 0.500000
-0.284397 -0.084164 0.500000
-0.464548 -0.040477 0.500000
-0.250509 -0.086079 0.500000
-0.358243 -0.075599 0.500000
-0.454444 0.045097 0.500000
0.167814 -0.059817 0.500000
0.248395 0.047388 0.500000
0.324391 0.034457 0.500000
-0.301891 0.085324 0.500000
0.452852 -0.013759 0.500000
0.148224 -0.062333 0.500000
0.204183 -0.054915 0.500000
0.186640 0.056987 0.500000
-0.403636 -0.065823 0.500000
-0.459384 0.042104 0.500000
0.307526 0.037432 0.500000
0.492369 0.001321 0.500000
-0.438334 -0.054175 0.500000
0.353911 -0.031747 0.500000
-0.258917 0.088808 0.500000
0.392636 -0.024974 0.500000
0.049111 0.075137 0.500000
0.134317 -0.064064 0.500000
0.001800 0.080159 0.500000
0.275736 0.042877 0.500000
0.088635 0.070421 0.500000
-0.421406 -0.060477 0.500000
-0.444635 0.050334 0.500000
0.206133 0.054047 0.500000
-0.016179 0.081867 0.500000
-0.291710 0.086339 0.500000
0.159043 -0.060954 0.500000
-0.353475 -0.076384 0.500000
-0.275299 -0.084782 0.500000
-0.225462 -0.086870 0.500000
-0.447589 0.048842 0.500000
0.292230 0.040079 0.500000
-0.219682 0.090375 0.500000
-0.424571 -0.059402 0.500000
-0.277503 0.087551 0.500000
-0.461393 -0.042515 0.500000
0.111471 0.067503 0.500000
-0.124148 0.089258 0.500000
0.031986 0.077038 0.500000
0.249982 -0.048332 0.500000
0.336217 0.032335 0.500000
-0.213234 -0.087089 0.500000
-0.411128 -0.063703 0.500000
0.096476 -0.068534 0.500000
-0.393861 0.068907 0.500000
-0.442585 0.051334 0.500000
-0.490653 0.000012 0.500000
0.032359 0.076998 0.500000
-0.469673 0.034778 0.500000
-0.390691 0.069758 0.500000
0.331370 0.033208 0.500000
0.272127 -0.044989 0.500000
-0.020830 -0.079855 0.500000
0.413887 0.017630 0.500000
0.184625 -0.057588 0.500000
-0.263910 0.088507 0.500000
0.396877 -0.024212 0.500000
0.496136 -0.005144 0.500000
-0.166883 0.090516 0.500000
0.327765 0.033855 0.500000
0.450974 -0.014122 0.500000
0.183029 -0.057802 0.500000
-0.486682 -0.017570 0.500000
0.230642 0.050232 0.500000
0.116716 0.066813 0.500000
-0.280500 -0.084438 0.500000
0.463832 -0.011620 0.500000
0.377818 0.024627 0.500000
0.332462 0.033012 0.500000
-0.477107 0.028037 0.500000
-0.474741 0.030371 0.500000
0.495283 -0.005318 0.500000
-0.023222 0.082504 0.500000
0.066411 -0.071820 0.500000
0.006926 -0.077556 0.500000
-0.085727 -0.084166 0.500000
0.060985 0.073767 0.500000
0.206492 -0.054594 0.500000
-0.342275 0.079933 0.500000
-0.306638 -0.082300 0.500000
-0.059453 -0.082612 0.500000
0.419495 0.016515 0.500000
0.262521 0.045077 0.500000
0.299292 0.038863 0.500000
-0.436285 0.054225 0.500000
0.103863 -0.067690 0.500000
-0.289381 -0.083793 0.500000
-0.382401 -0.070974 0.500000
0.203005 0.054524 0.500000
-0.369382 -0.073609 0.500000
-0.432093 -0.056664 0.500000
-0.239724 -0.086477 0.500000
-0.127699 0.089407 0.500000
0.428114 0.014787 0.500000
0.038312 0.076346 0.500000
0.076573 0.071907 0.500000
0.121259 -0.065647 0.500000
0.061272 0.073733 0.500000
0.254316 0.046424 0.500000
0.258970 -0.046987 0.500000
-0.417675 0.061532 0.500000
0.327063 -0.036250 0.500000
0.164513 0.060221 0.500000
-0.409562 0.064256 0.500000
0.130951 0.064908 0.500000
-0.366525 0.075439 0.500000
0.343245 -0.033555 0.500000
-0.449627 -0.049042 0.500000
0.176920 -0.058617 0.500000
0.318000 0.035592 0.500000
-0.347024 0.079137 0.500000
-0.102396 -0.085007 0.500000
-0.102798 -0.085026 0.500000
-0.053884 -0.082248 0.500000
-0.422260 0.059879 0.500000
0.505956 -0.003120 0.500000
0.122657 0.066024 0.500000
0.173044 0.058987 0.500000
-0.310076 0.084416 0.500000
-0.066062 -0.083028 0.500000
0.085576 0.070802 0.500000
0.003746 -0.077832 0.500000
0.177290 0.058367 0.500000
0.365888 -0.029688 0.500000
-0.087747 0.087377 0.500000
0.249654 0.047183 0.500000
0.311878 -0.038729 0.500000
0.120651 0.066292 0.500000
0.253922 0.046488 0.500000
-0.249520 0.089316 0.500000
0.354548 0.028985 0.500000
-0.117957 -0.085680 0.500000
0.011710 0.079169 0.500000
-0.146678 0.090058 0.500000
0.036584 -0.074828 0.500000
-0.031907 -0.080700 0.500000
0.432551 -0.017637 0.500000
0.195983 -0.056046 0.500000
0.305941 0.037709 0.500000
0.207810 0.053790 0.500000
-0.296794 0.085848 0.500000
-0.204695 -0.087180 0.500000
-0.446880 0.049206 0.500000
0.150683 0.062184 0.500000
-0.235383 -0.086613 0.500000
-0.141772 -0.086491 0.500000
-0.414908 0.062488 0.500000
-0.280527 0.087314 0.500000
0.383224 0.023597 0.500000
-0.330118 -0.079712 0.500000
-0.453801 0.045464 0.500000
-0.457656 0.043181 0.500000
-0.219015 -0.086998 0.500000
0.192561 -0.056513 0.500000
0.358024 -0.031043 0.500000
-0.436017 0.054343 0.500000
-0.420153 0.060650 0.500000
-0.476169 0.028986 0.500000
-0.238918 0.089779 0.500000
-0.488089 -0.014494 0.500000
-0.041739 0.084084 0.500000
0.364937 -0.029852 0.500000
0.259792 -0.046863 0.500000
-0.020176 0.082230 0.500000
-0.392337 -0.068708 0.500000
0.332458 0.033013 0.500000
0.015408 0.078790 0.500000
0.139536 -0.063420 0.500000
0.357889 0.028367 0.500000
0.216353 0.052472 0.500000
-0.264036 0.088499 0.500000
-0.465860 0.037702 0.500000
-0.094441 0.087774 0.500000
0.454104 -0.013517 0.500000
-0.319030 -0.081020 0.500000
0.488972 -0.006604 0.500000
-0.230395 -0.086755 0.500000
-0.069622 -0.083246 0.500000
-0.427573 -0.058341 0.500000
-0.484787 0.018306 0.500000
0.354258 -0.031688 0.500000
-0.270896 0.088040 0.500000
-0.385585 0.071073 0.500000
-0.313269 -0.081637 0.500000
0.096297 -0.068554 0.500000
-0.293344 -0.083480 0.500000
-0.080439 0.086918 0.500000
-0.183592 0.090689 0.500000
0.300391 -0.040572 0.500000
0.289305 -0.042324 0.500000
-0.032623 0.083323 0.500000
0.085288 0.070838 0.500000
-0.094024 -0.084599 0.500000
-0.321816 0.082954 0.500000
-0.475642 0.029505 0.500000
0.269649 -0.045368 0.500000
-0.008827 -0.078892 0.500000
0.288250 -0.042490 0.500000
0.417495 0.016914 0.500000
0.422762 0.015863 0.500000
-0.304556 -0.082500 0.500000
-0.142600 0.089939 0.500000
0.227370 -0.051638 0.500000
0.170789 -0.059427 0.500000
-0.427540 -0.058353 0.500000
-0.277398 -0.084647 0.500000
0.395305 -0.024495 0.500000
-0.439329 -0.053757 0.500000
-0.212724 -0.087095 0.500000
-0.386872 0.070747 0.500000
-0.028823 0.082996 0.500000
0.019318 0.078385 0.500000
0.422228 0.015969 0.500000
-0.487359 0.013506 0.500000
0.447144 -0.014860 0.500000
-0.389919 -0.069281 0.500000
0.331385 0.033206 0.500000
-0.413276 0.063041 0.500000
-0.147283 0.090075 0.500000
-0.382740 0.071777 0.500000
0.112887 0.067317 0.500000
0.139307 -0.063448 0.500000
0.375828 0.025004 0.500000
-0.353202 -0.076428 0.500000
0.007147 -0.077537 0.500000
-0.331783 0.081561 0.500000
-0.000444 -0.078191 0.500000
-0.056472 0.085242 0.500000
0.198507 0.055207 0.500000
0.274657 -0.044600 0.500000
-0.484646 -0.021120 0.500000
-0.046129 -0.081721 0.500000
0.041970 -0.074304 0.500000
0.123249 -0.065409 0.500000
-0.230265 0.090087 0.500000
-0.348611 0.078859 0.500000
-0.243640 0.089586 0.500000
0.109222 -0.067069 0.500000
-0.089022 0.087454 0.500000
-0.461753 0.040564 0.500000
0.481967 -0.008018 0.500000
0.018828 0.078437 0.500000
0.386657 0.022940 0.500000
0.302984 -0.040159 0.500000
0.012238 -0.077088 0.500000
0.280519 -0.043695 0.500000
0.287704 -0.042575 0.500000
-0.412739 0.063218 0.500000
-0.114223 -0.085527 0.500000
0.142214 0.063365 0.500000
-0.245295 -0.086283 0.500000
0.216756 0.052409 0.500000
0.049150 0.075132 0.500000
-0.485263 -0.020124 0.500000
-0.124513 -0.085932 0.500000
-0.289888 0.086506 0.500000
0.421363 0.016142 0.500000
0.099138 -0.068232 0.500000
0.040918 0.076058 0.500000
0.139555 0.063732 0.500000
0.106286 0.068177 0.500000
0.062987 0.073532 0.500000
-0.298754 -0.083024 0.500000
0.373506 0.025444 0.500000
-0.021263 0.082328 0.500000
-0.428844 0.057347 0.500000
-0.308490 -0.082120 0.500000
-0.415874 -0.062263 0.500000
-0.405141 0.065644 0.500000
-0.131523 -0.086178 0.500000
0.131699 -0.064385 0.500000
-0.395139 0.068555 0.500000
-0.270898 0.088040 0.500000
0.209691 -0.054147 0.500000
-0.489985 -0.008242 0.500000
0.315457 -0.038150 0.500000
-0.228121 0.090156 0.500000
0.225663 -0.051883 0.500000
-0.147957 -0.086657 0.500000
0.267910 0.044184 0.500000
0.206024 -0.054659 0.500000
-0.419955 0.060721 0.500000
-0.353859 -0.076322 0.500000
-0.392744 -0.068610 0.500000
0.499913 -0.000331 0.500000
-0.150472 -0.086718 0.500000
0.478964 -0.008620 0.500000
0.183063 0.057517 0.500000
0.332786 -0.035303 0.500000
-0.388816 -0.069538 0.500000
-0.157269 0.090331 0.500000
0.342678 -0.033650 0.500000
-0.233330 0.089985 0.500000
-0.473866 0.031182 0.500000
0.349916 0.029839 0.500000
-0.322587 -0.080616 0.500000
-0.201007 -0.087208 0.500000
-0.032954 -0.080777 0.500000
0.381868 -0.026891 0.500000
0.445765 0.011192 0.500000
-0.489957 -0.008374 0.500000
0.225317 -0.051933 0.500000
-0.082283 0.087037 0.500000
0.427134 0.014985 0.500000
-0.388384 -0.069639 0.500000
0.431517 -0.017832 0.500000
0.023422 -0.076073 0.500000
-0.213434 -0.087086 0.500000
-0.130890 -0.086157 0.500000
0.437262 -0.016746 0.500000
-0.180993 -0.087190 0.500000
0.330751 0.033320 0.500000
-0.061337 -0.082733 0.500000
0.502888 -0.003755 0.500000
0.380781 0.024063 0.500000
-0.143589 -0.086542 0.500000
0.014256 -0.076907 0.500000
0.482217 -0.007968 0.500000
0.174829 -0.058895 0.500000
-0.438364 -0.054162 0.500000
-0.008119 -0.078833 0.500000
-0.484781 0.018315 0.500000
0.021775 -0.076224 0.500000
-0.252101 0.089182 0.500000
0.463890 0.007420 0.500000
-0.197841 -0.087220 0.500000
0.268735 -0.045508 0.500000
-0.014772 -0.079375 0.500000
-0.299891 -0.082924 0.500000
0.028218 -0.075625 0.500000
-0.362721 0.076217 0.500000
-0.433547 -0.056104 0.500000
-0.153940 -0.086800 0.500000
0.276559 0.042738 0.500000
0.452512 0.009797 0.500000
0.310104 0.036982 0.500000
0.170757 -0.059432 0.500000
0.271955 0.043510 0.500000
-0.193294 0.090699 0.500000
-0.065317 -0.082982 0.500000
-0.383938 -0.070639 0.500000
-0.262473 0.088599 0.500000
0.402581 -0.023181 0.500000
-0.482588 -0.024087 0.500000
0.474911 0.005085 0.500000
-0.139938 -0.086440 0.500000
0.085880 -0.069720 0.500000
0.326423 -0.036356 0.500000
0.422723 0.015870 0.500000
0.263312 -0.046332 0.500000
0.177183 0.058382 0.500000
-0.212905 -0.087093 0.500000
0.426559 -0.018762 0.500000
0.115526 0.066971 0.500000
-0.385344 0.071134 0.500000
-0.103399 -0.085053 0.500000
0.263250 -0.046341 0.500000
0.165638 0.060059 0.500000
0.317588 -0.037803 0.500000
-0.440372 0.052378 0.500000
0.395972 0.021143 0.500000
0.318607 -0.037637 0.500000
0.193312 -0.056411 0.500000
0.026733 0.077603 0.500000
0.442036 0.011958 0.500000
0.255621 0.046211 0.500000
0.211848 0.053169 0.500000
0.177517 -0.058538 0.500000
0.454515 0.009381 0.500000
-0.119918 -0.085756 0.500000
0.506107 -0.003089 0.500000
0.415411 0.017328 0.500000
0.006857 -0.077563 0.500000
-0.151665 -0.086747 0.500000
0.068525 0.072876 0.500000
-0.374377 -0.072642 0.500000
0.295882 0.039451 0.500000
-0.473134 -0.034006 0.500000
0.342381 -0.033700 0.500000
0.005117 0.079832 0.500000
-0.123861 0.089246 0.500000
-0.442753 0.051252 0.500000
0.130432 -0.064540 0.500000
0.408184 0.018757 0.500000
0.226538 -0.051758 0.500000
-0.333071 0.081372 0.500000
-0.490524 0.001917 0.500000
0.060970 0.073768 0.500000
-0.433051 -0.056297 0.500000
0.243811 0.048128 0.500000
-0.059424 -0.082610 0.500000
0.161518 -0.060635 0.500000
0.099650 -0.068173 0.500000
-0.195900 0.090691 0.500000
0.066919 -0.071767 0.500000
0.007959 0.079547 0.500000
-0.344060 -0.077825 0.500000
-0.022380 -0.079976 0.500000
0.047746 -0.073733 0.500000
-0.058512 -0.082551 0.500000
0.411535 -0.021547 0.500000
0.369688 0.026163 0.500000
0.137520 0.064012 0.500000
0.297626 -0.041012 0.500000
0.438903 -0.016435 0.500000
0.388109 -0.025783 0.500000
0.463465 -0.011692 0.500000
0.353636 -0.031794 0.500000
0.432965 0.013807 0.500000
0.136226 -0.063829 0.500000
-0.066060 0.085943 0.500000
0.440189 0.012336 0.500000
0.448907 -0.014521 0.500000
0.131298 -0.064434 0.500000
-0.314082 -0.081554 0.500000
0.311961 0.036656 0.500000
0.079776 -0.070389 0.500000
0.205211 0.054187 0.500000
-0.465956 -0.039517 0.500000
0.425059 -0.019043 0.500000
-0.265399 0.088410 0.500000
-0.257692 0.088880 0.500000
-0.104514 0.088330 0.500000
0.157215 0.061263 0.500000
-0.008687 -0.078880 0.500000
-0.331205 -0.079573 0.500000
0.302610 0.038288 0.500000
0.343719 -0.033475 0.500000
-0.377459 -0.072017 0.500000
0.246409 -0.048861 0.500000
-0.284653 0.086969 0.500000
-0.235099 0.089926 0.500000
0.379495 0.024308 0.500000
0.292878 -0.041763 0.500000
0.006998 -0.077550 0.500000
0.084864 -0.069832 0.500000
0.507668 -0.002764 0.500000
0.075804 0.072000 0.500000
0.367214 0.026628 0.500000
-0.448921 0.048147 0.500000
-0.412811 0.063194 0.500000
-0.046563 -0.081752 0.500000
-0.008611 0.081162 0.500000
0.183330 -0.057762 0.500000
-0.324068 0.082655 0.500000
0.374790 -0.028137 0.500000
-0.448679 0.048275 0.500000
0.243458 0.048185 0.500000
-0.259845 0.088753 0.500000
-0.407510 0.064908 0.500000
0.279709 -0.043820 0.500000
-0.361856 0.076388 0.500000
0.131415 0.064845 0.500000
0.136979 0.064086 0.500000
-0.097042 -0.084749 0.500000
-0.137311 -0.086361 0.500000
-0.031528 0.083230 0.500000
0.140633 -0.063284 0.500000
-0.233318 0.089985 0.500000
0.262943 0.045007 0.500000
0.098224 -0.068336 0.500000
0.024695 -0.075954 0.500000
-0.484952 0.018038 0.500000
0.492330 -0.005921 0.500000
-0.254050 0.089079 0.500000
0.347740 0.030238 0.500000
0.509210 -0.002444 0.500000
0.422116 0.015992 0.500000
0.029418 -0.075513 0.500000
-0.220152 -0.086977 0.500000
0.028535 -0.075595 0.500000
-0.452192 -0.047739 0.500000
-0.408193 0.064695 0.500000
-0.372246 -0.073059 0.500000
-0.475102 0.030026 0.500000
0.086977 0.070628 0.500000
-0.198231 -0.087219 0.500000
-0.395444 -0.067949 0.500000
0.391218 -0.025228 0.500000
-0.348621 0.078858 0.500000
0.358928 0.028174 0.500000
-0.026663 -0.080305 0.500000
-0.013344 0.081606 0.500000
-0.235652 0.089907 0.500000
0.036441 -0.074842 0.500000
0.074417 -0.070969 0.500000
-0.198967 0.090678 0.500000
0.194408 -0.056262 0.500000
-0.125560 0.089317 0.500000
0.131891 -0.064362 0.500000
-0.407702 0.064848 0.500000
0.004879 -0.077734 0.500000
0.342647 -0.033655 0.500000
0.385788 0.023107 0.500000
-0.331121 -0.079584 0.500000
-0.454435 -0.046551 0.500000
0.354787 0.028941 0.500000
0.437580 -0.016686 0.500000
-0.246873 -0.086221 0.500000
0.347381 0.030304 0.500000
0.193303 0.055991 0.500000
-0.206381 0.090610 0.500000
0.039638 0.076200 0.500000
-0.397040 -0.067552 0.500000
-0.212360 -0.087100 0.500000
0.289469 -0.042299 0.500000
-0.416007 -0.062221 0.500000
-0.140088 0.089855 0.500000
-0.229173 -0.086784 0.500000
-0.338025 -0.078676 0.500000
-0.109010 -0.085306 0.500000
0.295228 0.039564 0.500000
0.210600 0.053361 0.500000
-0.163993 0.090465 0.500000
0.320597 -0.037312 0.500000
0.238799 -0.049981 0.500000
0.365593 -0.029739 0.500000
0.049735 0.075066 0.500000
0.219470 -0.052768 0.500000
-0.186047 -0.087218 0.500000
0.197231 0.055400 0.500000
-0.396121 0.068282 0.500000
0.020568 -0.076335 0.500000
-0.254409 0.089061 0.500000
0.293137 -0.041722 0.500000
0.364152 0.027201 0.500000
0.464075 0.007381 0.500000
-0.424670 0.058976 0.500000
-0.273130 0.087879 0.500000
-0.059554 0.085471 0.500000
0.139798 0.063698 0.500000
0.340275 0.031600 0.500000
0.140722 0.063571 0.500000
-0.346364 0.079248 0.500000
0.191810 -0.056616 0.500000
0.218039 -0.052971 0.500000
-0.179993 -0.087183 0.500000
-0.315047 -0.081454 0.500000
0.024109 -0.076009 0.500000
0.025397 -0.075889 0.500000
-0.390263 -0.069201 0.500000
-0.041153 -0.081373 0.500000
0.289165 -0.042346 0.500000
-0.364570 0.075841 0.500000
0.079646 -0.070404 0.500000
0.154998 0.061576 0.500000
0.019133 -0.076466 0.500000
0.445727 0.011200 0.500000
-0.150538 0.090169 0.500000
-0.116434 -0.085620 0.500000
-0.359158 -0.075446 0.500000
-0.078888 0.086819 0.500000
0.495094 0.000726 0.500000
0.407137 -0.022352 0.500000
-0.447273 0.049006 0.500000
-0.045798 -0.081698 0.500000
0.213724 -0.053581 0.500000
-0.070044 -0.083271 0.500000
0.302170 -0.040289 0.500000
-0.228724 -0.086794 0.500000
0.346537 0.030458 0.500000
-0.014069 0.081673 0.500000
0.414027 -0.021089 0.500000
-0.429337 -0.057700 0.500000
-0.170885 -0.087092 0.500000
-0.483779 -0.022430 0.500000
0.084171 0.070976 0.500000
0.467422 0.006675 0.500000
0.225382 0.051062 0.500000
0.030410 -0.075418 0.500000
-0.471864 -0.035071 0.500000
0.274697 -0.044594 0.500000
0.157218 0.061262 0.500000
-0.174995 -0.087140 0.500000
0.362481 -0.030277 0.500000
0.262354 0.045104 0.500000
-0.265985 -0.085331 0.500000
-0.233855 0.089967 0.500000
-0.374189 -0.072679 0.500000
0.359129 0.028137 0.500000
-0.001389 -0.078271 0.500000
0.022676 -0.076141 0.500000
-0.367660 -0.073933 0.500000
0.421077 -0.019785 0.500000
0.058775 0.074025 0.500000
-0.002359 -0.078353 0.500000
-0.278635 -0.084564 0.500000
-0.307237 -0.082242 0.500000
-0.079021 0.086827 0.500000
-0.470623 0.034002 0.500000
-0.321545 -0.080736 0.500000
0.088461 -0.069434 0.500000
-0.354374 -0.076239 0.500000
0.417078 -0.020526 0.500000
-0.020640 -0.079840 0.500000
-0.020084 0.082222 0.500000
0.104469 -0.067620 0.500000
-0.476264 0.028891 0.500000
0.079788 -0.070388 0.500000
-0.123355 0.089225 0.500000
0.024903 -0.075935 0.500000
0.266556 0.044409 0.500000
0.007036 0.079640 0.500000
-0.256385 0.088957 0.500000
-0.070815 0.086278 0.500000
0.184983 0.057233 0.500000
0.216187 -0.053233 0.500000
-0.040287 0.083965 0.500000
-0.034955 0.083520 0.500000
0.479627 -0.008488 0.500000
-0.366513 -0.074144 0.500000
0.029938 0.077260 0.500000
0.224713 0.051167 0.500000
-0.331869 -0.079488 0.500000
0.379055 0.024392 0.500000
-0.037819 0.083762 0.500000
0.269894 0.043854 0.500000
0.337014 0.032191 0.500000
-0.027232 -0.080348 0.500000
0.047847 0.075280 0.500000
-0.147653 0.090086 0.500000
0.157033 -0.061213 0.500000
-0.208854 -0.087144 0.500000
0.490577 0.001711 0.500000
-0.150909 0.090178 0.500000
0.038797 -0.074614 0.500000
-0.189145 -0.087226 0.500000
0.345770 0.030599 0.500000
-0.025209 0.082680 0.500000
-0.005853 0.080902 0.500000
-0.462920 0.039777 0.500000
0.466005 -0.011193 0.500000
0.259347 -0.046931 0.500000
0.143947 -0.062870 0.500000
0.136401 -0.063808 0.500000
0.132694 -0.064263 0.500000
-0.062379 0.085679 0.500000
0.293587 -0.041651 0.500000
-0.425464 -0.059091 0.500000
0.244618 -0.049126 0.500000
-0.082944 -0.084015 0.500000
0.041367 0.076009 0.500000
-0.225998 -0.086857 0.500000
-0.093717 -0.084583 0.500000
0.139820 0.063695 0.500000
0.059570 -0.072532 0.500000
0.243834 0.048125 0.500000
-0.383669 -0.070697 0.500000
-0.281027 0.087275 0.500000
0.186273 0.057041 0.500000
0.157115 -0.061202 0.500000
0.369737 0.026154 0.500000
-0.244056 0.089567 0.500000
-0.426158 -0.058846 0.500000
0.278997 -0.043931 0.500000
-0.007110 -0.078750 0.500000
0.316808 -0.037930 0.500000
0.242612 0.048322 0.500000
-0.088188 0.087404 0.500000
-0.042413 -0.081463 0.500000
-0.133710 -0.086247 0.500000
0.029728 -0.075483 0.500000
0.298718 -0.040839 0.500000
0.334074 0.032722 0.500000
0.438869 0.012606 0.500000
-0.287920 -0.083907 0.500000
0.092202 0.069974 0.500000
0.425791 0.015255 0.500000
0.394226 0.021481 0.500000
-0.012659 0.081543 0.500000
-0.048557 0.084631 0.500000
-0.490133 0.004745 0.500000
0.190893 0.056352 0.500000
-0.276991 0.087591 0.500000
-0.419721 -0.061033 0.500000
-0.385884 -0.070206 0.500000
0.076271 -0.070769 0.500000
0.040670 0.076086 0.500000
-0.267782 0.088254 0.500000
-0.236236 0.089885 0.500000
0.382230 -0.026827 0.500000
0.191170 0.056311 0.500000
-0.316468 -0.081299 0.500000
0.231290 -0.051073 0.500000
-0.260707 -0.085608 0.500000
-0.201715 0.090653 0.500000
0.079466 -0.070423 0.500000
0.457573 0.008744 0.500000
0.350682 -0.032297 0.500000
0.228967 -0.051408 0.500000
-0.156549 0.090314 0.500000
0.028971 0.077364 0.500000
0.175884 -0.058755 0.500000
-0.167076 -0.087040 0.500000
-0.153170 0.090233 0.500000
-0.378117 0.072883 0.500000
0.380151 0.024184 0.500000
-0.425742 -0.058993 0.500000
-0.284431 -0.084162 0.500000
0.321491 0.034973 0.500000
0.383827 -0.026544 0.500000
0.249637 0.047186 0.500000
-0.412415 -0.063319 0.500000
0.232078 0.050004 0.500000
0.376906 -0.027766 0.500000
-0.001913 -0.078315 0.500000
0.121372 -0.065634 0.500000
-0.434295 0.055089 0.500000
-0.104883 0.088350 0.500000
-0.035743 -0.080984 0.500000
0.431112 0.014182 0.500000
-0.403705 0.066080 0.500000
0.007440 0.079600 0.500000
-0.079865 -0.083843 0.500000
-0.288657 0.086619 0.500000
0.246903 -0.048788 0.500000
0.452374 0.009826 0.500000
0.273052 -0.044847 0.500000
0.199383 -0.055579 0.500000
-0.191656 0.090704 0.500000
-0.132195 0.089578 0.500000
0.415837 0.017244 0.500000
0.206788 -0.054553 0.500000
-0.160689 0.090402 0.500000
0.389511 0.022391 0.500000
-0.130726 -0.086151 0.500000
-0.481749 -0.025176 0.500000
0.416957 -0.020548 0.500000
0.073201 0.072315 0.500000
-0.182675 -0.087202 0.500000
0.023972 0.077897 0.500000
-0.459590 0.041973 0.500000
-0.483901 -0.022250 0.500000
0.045865 0.075504 0.500000
-0.232232 0.090022 0.500000
-0.481827 -0.025078 0.500000
0.184582 -0.057594 0.500000
0.429438 0.014520 0.500000
0.134608 0.064410 0.500000
-0.239100 -0.086498 0.500000
-0.460556 -0.043032 0.500000
-0.102068 -0.084991 0.500000
0.264027 -0.046223 0.500000
-0.447533 0.048871 0.500000
0.483094 0.003331 0.500000
0.445063 -0.015259 0.500000
-0.118786 -0.085712 0.500000
0.487613 0.002354 0.500000
0.223406 0.051371 0.500000
-0.184869 0.090693 0.500000
-0.401931 0.066610 0.500000
0.173013 0.058992 0.500000
-0.245650 -0.086269 0.500000
0.325886 -0.036444 0.500000
-0.098635 -0.084826 0.500000
-0.076204 -0.083635 0.500000
-0.282012 0.087193 0.500000
-0.167362 0.090523 0.500000
-0.042019 0.084107 0.500000
-0.141211 0.089893 0.500000
0.445170 0.011314 0.500000
0.357236 -0.031179 0.500000
0.313067 0.036462 0.500000
-0.299658 0.085558 0.500000
0.282968 -0.043314 0.500000
0.271090 -0.045148 0.500000
-0.111442 0.088681 0.500000
0.254182 -0.047705 0.500000
-0.319115 0.083310 0.500000
-0.051270 0.084844 0.500000
-0.032523 -0.080746 0.500000
0.119438 0.066454 0.500000
0.197655 0.055336 0.500000
0.471618 -0.010084 0.500000
-0.245080 0.089520 0.500000
-0.467547 0.036442 0.500000
-0.168460 0.090538 0.500000
0.205986 0.054069 0.500000
-0.412854 0.063180 0.500000
0.127057 0.065434 0.500000
-0.228928 -0.086790 0.500000
-0.225986 -0.086858 0.500000
-0.437817 0.053545 0.500000
-0.226003 0.090213 0.500000
-0.423323 -0.059831 0.500000
-0.059077 -0.082587 0.500000
0.495151 -0.005345 0.500000
0.480842 0.003815 0.500000
-0.388502 0.070330 0.500000
0.180715 -0.058112 0.500000
-0.467643 -0.038322 0.500000
-0.468968 0.035340 0.500000
0.037557 0.076429 0.500000
0.122803 -0.065462 0.500000
0.432577 -0.017632 0.500000
-0.424386 -0.059466 0.500000
-0.377264 0.073080 0.500000
0.010515 -0.077240 0.500000
-0.146101 0.090041 0.500000
0.239411 -0.049891 0.500000
-0.058464 -0.082548 0.500000
0.157567 0.061212 0.500000
-0.265826 0.088382 0.500000
-0.446201 0.049551 0.500000
-0.282533 -0.084300 0.500000
0.319211 0.035378 0.500000
0.507865 -0.002090 0.500000
-0.456286 -0.045530 0.500000
-0.473897 -0.033345 0.500000
0.509114 -0.002463 0.500000
-0.479392 -0.027957 0.500000
-0.418154 0.061365 0.500000
-0.396962 0.068048 0.500000
0.359446 0.028078 0.500000
0.275261 0.042956 0.500000
-0.063662 0.085773 0.500000
-0.017848 -0.079621 0.500000
-0.285387 -0.084092 0.500000
-0.307284 0.084734 0.500000
-0.215274 0.090468 0.500000
-0.406178 0.065324 0.500000
-0.029346 -0.080509 0.500000
0.270027 -0.045310 0.500000
-0.384964 0.071230 0.500000
-0.352532 -0.076535 0.500000
-0.004692 0.080790 0.500000
-0.094781 0.087793 0.500000
-0.199298 0.090675 0.500000
0.248967 0.047295 0.500000
-0.373412 -0.072831 0.500000
0.054095 -0.073093 0.500000
-0.069878 0.086213 0.500000
-0.294122 -0.083417 0.500000
0.351262 0.029591 0.500000
-0.406179 0.065324 0.500000
-0.221445 -0.086954 0.500000
-0.037717 0.083754 0.500000
-0.224729 0.090248 0.500000
0.219036 -0.052829 0.500000
0.443765 0.011603 0.500000
0.110527 -0.066916 0.500000
-0.393092 0.069115 0.500000
0.057391 -0.072757 0.500000
-0.361525 0.076454 0.500000
-0.018120 -0.079642 0.500000
0.198339 0.055232 0.500000
-0.124133 -0.085918 0.500000
-0.129460 0.089474 0.500000
-0.077764 -0.083724 0.500000
0.322485 0.034797 0.500000
-0.423556 0.059396 0.500000
0.086877 -0.069610 0.500000
0.006243 -0.077616 0.500000
-0.253633 0.089101 0.500000
-0.199015 -0.087217 0.500000
-0.395966 0.068325 0.500000
-0.451231 -0.048234 0.500000
-0.330511 0.081748 0.500000
0.389407 -0.025552 0.500000
0.157088 -0.061206 0.500000
-0.287803 -0.083915 0.500000
-0.460558 -0.043031 0.500000
-0.435460 0.054588 0.500000
-0.000459 0.080381 0.500000
-0.093941 -0.084595 0.500000
0.144771 0.063010 0.500000
0.489405 0.001965 0.500000
0.352031 -0.032067 0.500000
0.430250 -0.018070 0.500000
0.471669 -0.010074 0.500000
-0.476224 0.028931 0.500000
0.442244 0.011915 0.500000
-0.316624 -0.081282 0.500000
0.424612 0.015492 0.500000
0.249553 -0.048395 0.500000
0.357646 -0.031108 0.500000
0.221578 0.051658 0.500000
0.036683 -0.074819 0.500000
0.099339 -0.068209 0.500000
0.319085 -0.037559 0.500000
0.382403 0.023754 0.500000
-0.138558 -0.086401 0.500000
0.115929 -0.066281 0.500000
0.065834 -0.071880 0.500000
-0.368718 -0.073734 0.500000
-0.241462 -0.086418 0.500000
0.460871 -0.012200 0.500000
-0.370796 0.074532 0.500000
0.413810 0.017646 0.500000
0.323348 0.034643 0.500000
-0.450655 0.047218 0.500000
-0.386284 -0.070116 0.500000
-0.084262 -0.084086 0.500000
-0.204041 -0.087185 0.500000
-0.094444 -0.084620 0.500000
0.430005 -0.018116 0.500000
0.401088 0.020147 0.500000
-0.040601 0.083990 0.500000
0.287453 0.040895 0.500000
-0.115396 0.088870 0.500000
-0.203227 0.090640 0.500000
0.420076 0.016400 0.500000
0.328996 -0.035931 0.500000
-0.268764 -0.085176 0.500000
0.334530 0.032640 0.500000
0.109710 -0.067012 0.500000
0.412975 -0.021282 0.500000
-0.173284 0.090606 0.500000
-0.435628 0.054514 0.500000
-0.475457 -0.031937 0.500000
-0.011221 0.081408 0.500000
-0.312159 -0.081751 0.500000
0.005039 0.079839 0.500000
-0.327627 -0.080018 0.500000
-0.490623 0.000623 0.500000
0.148363 -0.062316 0.500000
0.305339 0.037814 0.500000
-0.451867 -0.047908 0.500000
-0.247447 0.089411 0.500000
-0.188079 -0.087223 0.500000
0.091157 0.070106 0.500000
-0.419870 -0.060985 0.500000
-0.323143 0.082778 0.500000
0.336885 0.032214 0.500000
-0.016582 0.081904 0.500000
-0.010336 0.081325 0.500000
0.263878 -0.046246 0.500000
-0.438759 -0.053999 0.500000
0.299635 0.038804 0.500000
-0.277989 -0.084607 0.500000
0.193460 -0.056391 0.500000
0.125051 0.065704 0.500000
0.420858 -0.019825 0.500000
0.017358 -0.076628 0.500000
-0.250326 -0.086086 0.500000
-0.267828 -0.085228 0.500000
-0.174520 -0.087135 0.500000
0.042711 -0.074231 0.500000
-0.342135 -0.078102 0.500000
0.362161 -0.030332 0.500000
-0.011547 -0.079115 0.500000
0.164935 0.060160 0.500000
0.186100 0.057067 0.500000
0.044098 0.075703 0.500000
0.331752 -0.035475 0.500000
0.115687 0.066949 0.500000
-0.162060 -0.086960 0.500000
0.050444 0.074985 0.500000
0.407410 -0.022302 0.500000
-0.434902 0.054829 0.500000
-0.194444 -0.087228 0.500000
0.072924 0.072348 0.500000
0.030144 -0.075444 0.500000
0.221904 -0.052421 0.500000
-0.338551 -0.078606 0.500000
0.382109 -0.026849 0.500000
-0.403210 0.066230 0.500000
-0.210497 0.090548 0.500000
0.334186 0.032702 0.500000
0.047107 -0.073797 0.500000
-0.171423 -0.087098 0.500000
0.049607 0.075080 0.500000
-0.301467 0.085368 0.500000
0.399791 -0.023686 0.500000
0.184804 0.057259 0.500000
-0.426870 -0.058594 0.500000
0.325468 0.034265 0.500000
-0.038719 -0.081198 0.500000
-0.375739 -0.072366 0.500000
-0.099128 -0.084850 0.500000
0.056524 -0.072846 0.500000
0.020418 0.078270 0.500000
0.121231 0.066214 0.500000
-0.445116 0.050095 0.500000
0.094992 0.069623 0.500000
-0.128779 0.089449 0.500000
-0.323202 -0.080545 0.500000
0.119361 -0.065874 0.500000
0.299196 -0.040762 0.500000
-0.224675 0.090249 0.500000
0.448450 -0.014609 0.500000
-0.082068 -0.083968 0.500000
-0.148641 0.090115 0.500000
-0.442978 -0.052172 0.500000
0.314098 -0.038370 0.500000
-0.356221 0.077480 0.500000
-0.137339 -0.086362 0.500000
0.353544 -0.031810 0.500000
-0.362480 -0.074869 0.500000
0.173554 -0.059063 0.500000
-0.215438 0.090464 0.500000
0.508827 -0.002303 0.500000
-0.327478 -0.080036 0.500000
-0.445870 -0.050852 0.500000
0.138371 -0.063564 0.500000
0.358281 0.028294 0.500000
-0.281358 0.087249 0.500000
0.084760 -0.069844 0.500000
-0.382179 0.071914 0.500000
-0.464519 0.038664 0.500000
-0.098540 0.088009 0.500000
0.157702 -0.061127 0.500000
0.374967 0.025167 0.500000
-0.169100 0.090547 0.500000
0.099915 -0.068143 0.500000
0.052435 -0.073262 0.500000
-0.421383 0.060202 0.500000
-0.003490 -0.078448 0.500000
-0.331718 0.081571 0.500000
0.063015 0.073529 0.500000
-0.074521 -0.083538 0.500000
-0.171320 0.090578 0.500000
-0.209503 0.090563 0.500000
0.005559 -0.077675 0.500000
-0.120075 -0.085762 0.500000
0.387721 -0.025852 0.500000
-0.375369 -0.072441 0.500000
-0.421895 -0.060314 0.500000
-0.374785 -0.072560 0.500000
-0.055412 0.085161 0.500000
0.281035 -0.043615 0.500000
0.388488 -0.025716 0.500000
0.061228 0.073738 0.500000
-0.231871 -0.086713 0.500000
0.105737 0.068249 0.500000
0.425860 -0.018893 0.500000
0.495937 -0.005185 0.500000
-0.023723 -0.080081 0.500000
0.494034 0.000957 0.500000
-0.349153 -0.077062 0.500000
0.068683 0.072858 0.500000
-0.308134 0.084639 0.500000
0.416893 0.017034 0.500000
0.505516 -0.001568 0.500000
-0.132774 0.089600 0.500000
0.311872 -0.038730 0.500000
0.242048 0.048412 0.500000
0.084667 0.070915 0.500000
-0.150404 -0.086716 0.500000
0.268338 -0.045568 0.500000
0.153790 -0.061627 0.500000
-0.453266 -0.047176 0.500000
-0.272998 -0.084924 0.500000
0.227870 0.050670 0.500000
-0.073829 -0.083497 0.500000
0.149394 0.062365 0.500000
-0.173537 0.090609 0.500000
-0.135754 -0.086312 0.500000
0.417925 -0.020369 0.500000
-0.463969 -0.040862 0.500000
0.472594 0.005578 0.500000
0.182903 -0.057819 0.500000
-0.376613 0.073229 0.500000
0.219675 -0.052738 0.500000
0.491597 -0.006070 0.500000
-0.251133 0.089232 0.500000
0.408267 0.018740 0.500000
0.475279 0.005006 0.500000
-0.241518 0.089676 0.500000
0.140484 0.063604 0.500000
-0.367785 0.075175 0.500000
-0.383161 -0.070808 0.500000
-0.044198 -0.081587 0.500000
-0.089253 -0.084355 0.500000
0.037351 0.076452 0.500000
-0.098055 0.087981 0.500000
-0.261511 0.088655 0.500000
0.235593 0.049445 0.500000
-0.214007 0.090495 0.500000
0.027865 0.077482 0.500000
-0.159134 -0.086905 0.500000
0.080354 -0.070326 0.500000
-0.436044 0.054331 0.500000
0.481585 -0.008095 0.500000
0.232045 0.050010 0.500000
-0.082581 0.087056 0.500000
0.438231 -0.016562 0.500000
0.225743 0.051005 0.500000
0.356824 0.028564 0.500000
-0.467922 -0.038117 0.500000
-0.314851 0.083846 0.500000
0.152904 0.061872 0.500000
0.199788 0.055013 0.500000
0.197272 0.055393 0.500000
0.094132 -0.068799 0.500000
-0.445369 -0.051086 0.500000
0.157718 -0.061125 0.500000
-0.292769 0.086242 0.500000
0.435090 -0.017158 0.500000
-0.097744 -0.084783 0.500000
-0.162688 0.090440 0.500000
-0.447854 0.048704 0.500000
-0.236963 0.089856 0.500000
-0.433278 0.055524 0.500000
0.491322 0.001549 0.500000
-0.414254 0.062710 0.500000
0.230356 0.050277 0.500000
0.065442 0.073242 0.500000
0.374329 -0.028218 0.500000
-0.454837 -0.046331 0.500000
-0.073926 -0.083502 0.500000
-0.490640 -0.002998 0.500000
0.375378 -0.028034 0.500000
0.061494 -0.072334 0.500000
-0.469663 0.034786 0.500000
0.251235 -0.048145 0.500000
-0.209834 -0.087132 0.500000
-0.053655 -0.082233 0.500000
0.247273 -0.048733 0.500000
0.121557 -0.065612 0.500000
0.483080 -0.007794 0.500000
0.074786 0.072124 0.500000
0.393095 0.021700 0.500000
0.336191 -0.034737 0.500000
-0.303021 0.085205 0.500000
-0.393791 0.068926 0.500000
-0.276335 0.087643 0.500000
0.266992 0.044337 0.500000
-0.057482 -0.082484 0.500000
-0.351648 0.078323 0.500000
0.335556 0.032454 0.500000
0.395339 -0.024489 0.500000
0.016257 0.078702 0.500000
0.428702 -0.018361 0.500000
-0.092518 0.087664 0.500000
-0.275027 -0.084799 0.500000
0.250613 0.047028 0.500000
0.498891 -0.004579 0.500000
-0.268495 0.088208 0.500000
-0.489483 0.007640 0.500000
-0.166109 0.090506 0.500000
0.496857 0.000340 0.500000
-0.441773 0.051719 0.500000
-0.035457 0.083563 0.500000
0.147522 0.062627 0.500000
0.459494 0.008342 0.500000
0.355366 -0.031499 0.500000
0.465465 -0.011299 0.500000
-0.475327 -0.032057 0.500000
0.153474 0.061792 0.500000
0.010957 0.079245 0.500000
0.450055 0.010306 0.500000
0.369755 0.026151 0.500000
-0.076160 0.086639 0.500000
-0.004268 0.080749 0.500000
0.503010 -0.001014 0.500000
-0.192293 0.090702 0.500000
0.432910 0.013818 0.500000
-0.150387 0.090165 0.500000
-0.228100 0.090156 0.500000
0.428665 -0.018368 0.500000
0.149639 0.062331 0.500000
-0.105554 -0.085151 0.500000
0.405120 -0.022719 0.500000
0.163664 0.060342 0.500000
0.394844 0.021362 0.500000
-0.393112 -0.068521 0.500000
-0.359987 -0.075305 0.500000
-0.022710 0.082458 0.500000
-0.273910 -0.084868 0.500000
0.325651 0.034233 0.500000
0.450070 -0.014297 0.500000
-0.148075 0.090098 0.500000
0.444552 0.011441 0.500000
-0.442269 0.051485 0.500000
0.381111 0.024001 0.500000
-0.397685 -0.067387 0.500000
-0.039254 0.083880 0.500000
-0.471015 -0.035758 0.500000
0.097694 -0.068397 0.500000
-0.202678 0.090645 0.500000
0.490696 -0.006254 0.500000
0.474403 0.005193 0.500000
-0.490654 -0.000025 0.500000
-0.434345 0.055068 0.500000
-0.107620 -0.085244 0.500000
0.125796 -0.065102 0.500000
-0.279147 -0.084529 0.500000
-0.063464 -0.082867 0.500000
0.319594 0.035310 0.500000
0.122127 0.066095 0.500000
-0.373310 -0.072851 0.500000
0.166977 -0.059926 0.500000
-0.490272 0.003922 0.500000
-0.300528 -0.082866 0.500000
0.243462 -0.049296 0.500000
-0.110516 0.088635 0.500000
0.457569 -0.012844 0.500000
0.506138 -0.001706 0.500000
0.237310 0.049171 0.500000
-0.120657 0.089111 0.500000
0.207534 0.053832 0.500000
0.317941 0.035602 0.500000
0.321204 -0.037213 0.500000
-0.403305 -0.065913 0.500000
-0.186962 0.090699 0.500000
0.023274 0.077971 0.500000
-0.018299 -0.079656 0.500000
0.356772 -0.031258 0.500000
-0.089188 0.087464 0.500000
0.148218 0.062530 0.500000
0.228772 -0.051436 0.500000
-0.050098 -0.081994 0.500000
0.017281 0.078597 0.500000
-0.213059 0.090510 0.500000
0.334758 -0.034975 0.500000
0.257177 -0.047257 0.500000
-0.023152 -0.080036 0.500000
0.072194 -0.071207 0.500000
0.341974 -0.033768 0.500000
0.118256 0.066610 0.500000
0.088936 0.070384 0.500000
0.319673 0.035296 0.500000
0.113790 0.067199 0.500000
0.295277 0.039555 0.500000
-0.221409 -0.086955 0.500000
-0.475490 0.029654 0.500000
-0.313200 -0.081644 0.500000
0.236007 -0.050388 0.500000
-0.203658 -0.087188 0.500000
0.204670 0.054270 0.500000
-0.140100 0.089856 0.500000
0.464176 0.007359 0.500000
0.168655 0.059624 0.500000
0.171559 -0.059326 0.500000
-0.478171 -0.029266 0.500000
-0.138661 -0.086404 0.500000
-0.310338 0.084385 0.500000
0.252573 -0.047946 0.500000
0.442597 0.011843 0.500000
-0.143577 0.089969 0.500000
-0.309526 -0.082020 0.500000
0.151760 0.062033 0.500000
0.019308 0.078386 0.500000
-0.317585 0.083502 0.500000
0.005442 -0.077685 0.500000
-0.482823 0.021250 0.500000
-0.055237 0.085147 0.500000
0.409482 0.018501 0.500000
-0.260668 -0.085610 0.500000
-0.282696 -0.084288 0.500000
-0.478625 -0.028787 0.500000
0.376491 -0.027839 0.500000
0.477866 0.004453 0.500000
0.295257 -0.041387 0.500000
0.114021 -0.066506 0.500000
-0.247031 -0.086215 0.500000
-0.291158 -0.083653 0.500000
0.354858 0.028928 0.500000
-0.251587 0.089208 0.500000
-0.238346 -0.086524 0.500000
-0.100614 -0.084921 0.500000
-0.008989 -0.078905 0.500000
-0.323206 0.082770 0.500000
0.489277 -0.006542 0.500000
0.301543 0.038473 0.500000
0.465377 -0.011316 0.500000
-0.118806 -0.085713 0.500000
-0.027689 -0.080383 0.500000
-0.021005 -0.079868 0.500000
0.236515 -0.050314 0.500000
0.012854 -0.077033 0.500000
-0.094251 -0.084610 0.500000
-0.375990 -0.072315 0.500000
0.375927 -0.027937 0.500000
0.131668 0.064810 0.500000
-0.064802 0.085854 0.500000
0.456533 -0.013045 0.500000
0.239748 0.048782 0.500000
0.294491 0.039691 0.500000
0.444008 0.011553 0.500000
-0.259014 0.088802 0.500000
0.315979 -0.038065 0.500000
0.054684 -0.073033 0.500000
-0.284397 -0.084164 0.500000
0.235152 -0.050513 0.500000
-0.324102 0.082651 0.500000
-0.093821 0.087738 0.500000
-0.168781 0.090543 0.500000
0.442525 0.011858 0.500000
0.320807 0.035095 0.500000
-0.060960 0.085574 0.500000
0.292519 0.040029 0.500000
-0.210615 -0.087122 0.500000
-0.170438 0.090566 0.500000
0.113501 0.067237 0.500000
-0.063355 0.085750 0.500000
-0.463086 -0.041439 0.500000
-0.437844 0.053532 0.500000
0.503484 -0.001119 0.500000
-0.398907 -0.067073 0.500000
-0.235781 -0.086602 0.500000
-0.222526 -0.086935 0.500000
0.286103 0.041125 0.500000
-0.005234 0.080842 0.500000
0.095831 0.069516 0.500000
-0.341267 -0.078224 0.500000
0.291669 0.040175 0.500000
0.424199 -0.019203 0.500000
0.279375 -0.043872 0.500000
0.412234 0.017958 0.500000
-0.170779 0.090571 0.500000
-0.046997 0.084507 0.500000
0.259916 0.045506 0.500000
-0.326461 -0.080160 0.500000
-0.414186 0.062733 0.500000
-0.488010 0.011999 0.500000
-0.162959 0.090445 0.500000
0.326791 -0.036295 0.500000
0.365521 -0.029751 0.500000
-0.408477 0.064604 0.500000
0.302064 -0.040306 0.500000
-0.153735 -0.086796 0.500000
-0.330104 0.081808 0.500000
-0.426721 0.058185 0.500000
0.443078 0.011744 0.500000
0.461887 0.007841 0.500000
0.484375 -0.007533 0.500000
-0.048260 -0.081869 0.500000
-0.169689 0.090556 0.500000
-0.422459 -0.060125 0.500000
0.314877 0.036143 0.500000
-0.252705 0.089150 0.500000
-0.286973 0.086772 0.500000
-0.181794 0.090683 0.500000
0.138770 -0.063515 0.500000
-0.231335 0.090052 0.500000
0.439238 -0.016371 0.500000
-0.391642 -0.068875 0.500000
-0.108257 0.088522 0.500000
-0.234014 -0.086652 0.500000
-0.031546 -0.080673 0.500000
0.262648 -0.046432 0.500000
0.369283 -0.029098 0.500000
0.412288 0.017947 0.500000
0.077975 -0.070586 0.500000
0.067165 0.073037 0.500000
0.188457 0.056716 0.500000
-0.135943 0.089717 0.500000
-0.171834 -0.087103 0.500000
-0.297582 0.085770 0.500000
0.052144 0.074792 0.500000
0.106708 0.068123 0.500000
0.009411 -0.077337 0.500000
0.483419 -0.007726 0.500000
0.132422 0.064708 0.500000
0.219340 -0.052786 0.500000
0.395334 -0.024490 0.500000
0.043122 -0.074191 0.500000
-0.303666 -0.082581 0.500000
-0.131039 0.089534 0.500000
0.509312 -0.002422 0.500000
0.194999 -0.056181 0.500000
-0.424867 0.058901 0.500000
0.300241 0.038699 0.500000
0.414425 -0.021015 0.500000
0.097814 -0.068383 0.500000
0.070605 0.072627 0.500000
-0.259694 0.088762 0.500000
-0.099619 0.088067 0.500000
0.086126 0.070733 0.500000
0.060060 -0.072482 0.500000
-0.153817 0.090248 0.500000
0.377477 -0.027665 0.500000
0.306428 -0.039607 0.500000
-0.234350 -0.086643 0.500000
-0.074355 0.086517 0.500000
-0.306049 -0.082357 0.500000
-0.325330 0.082481 0.500000
0.334015 -0.035099 0.500000
-0.230897 0.090066 0.500000
0.495139 0.000716 0.500000
-0.477982 -0.029462 0.500000
0.373909 -0.028291 0.500000
-0.214086 -0.087078 0.500000
0.359191 -0.030843 0.500000
0.073526 0.072276 0.500000
0.010721 -0.077222 0.500000
-0.470353 0.034225 0.500000
0.296997 0.039259 0.500000
0.356913 0.028548 0.500000
0.199218 -0.055602 0.500000
-0.113812 -0.085510 0.500000
0.115478 -0.066335 0.500000
0.097149 -0.068458 0.500000
-0.481721 -0.025212 0.500000
0.168762 -0.059693 0.500000
0.054874 -0.073014 0.500000
-0.269622 -0.085128 0.500000
0.024758 -0.075948 0.500000
-0.231709 0.090039 0.500000
0.432795 0.013841 0.500000
0.507564 -0.002023 0.500000
-0.191237 -0.087231 0.500000
0.300038 -0.040628 0.500000
-0.132940 -0.086223 0.500000
-0.453000 0.045921 0.500000
0.237764 -0.050132 0.500000
-0.390505 0.069807 0.500000
0.039328 0.076234 0.500000
0.312899 0.036491 0.500000
0.149845 -0.062128 0.500000
-0.489606 -0.009891 0.500000
-0.162603 0.090439 0.500000
-0.412891 0.063168 0.500000
0.021595 -0.076240 0.500000
-0.047817 0.084572 0.500000
-0.469832 -0.036684 0.500000
0.190120 0.056468 0.500000
0.346062 -0.033080 0.500000
0.104845 0.068364 0.500000
0.099668 -0.068171 0.500000
-0.364106 -0.074581 0.500000
-0.453612 0.045573 0.500000
-0.097239 -0.084759 0.500000
0.331469 -0.035522 0.500000
0.126912 0.065454 0.500000
0.341908 0.031303 0.500000
-0.192175 0.090702 0.500000
0.222301 -0.052364 0.500000
-0.158070 0.090351 0.500000
-0.049717 -0.081969 0.500000
-0.099646 0.088069 0.500000
-0.173165 -0.087119 0.500000
-0.270316 -0.085089 0.500000
-0.045746 0.084408 0.500000
0.331101 -0.035583 0.500000
0.374947 0.025171 0.500000
0.245576 0.047844 0.500000
-0.322269 -0.080653 0.500000
-0.180909 -0.087190 0.500000
0.152098 0.061986 0.500000
0.425296 0.015354 0.500000
-0.437491 0.053691 0.500000
-0.207310 -0.087160 0.500000
-0.028842 -0.080471 0.500000
-0.420569 0.060501 0.500000
0.247946 0.047460 0.500000
0.438446 -0.016522 0.500000
0.427441 0.014923 0.500000
0.124060 -0.065311 0.500000
-0.078659 0.086804 0.500000
0.253251 0.046598 0.500000
0.153899 0.061732 0.500000
-0.070430 -0.083294 0.500000
-0.034373 -0.080882 0.500000
-0.392771 0.069201 0.500000
-0.291531 -0.083623 0.500000
0.412653 -0.021341 0.500000
0.502793 -0.000966 0.500000
0.382970 -0.026696 0.500000
0.492109 -0.005966 0.500000
0.304985 -0.039839 0.500000
0.320674 -0.037300 0.500000
-0.299233 -0.082983 0.500000
-0.091400 -0.084465 0.500000
-0.000719 -0.078214 0.500000
0.361461 -0.030453 0.500000
-0.226487 0.090200 0.500000
-0.224013 0.090267 0.500000
-0.000168 -0.078168 0.500000
0.113518 0.067235 0.500000
0.331883 -0.035453 0.500000
-0.249148 0.089333 0.500000
0.326605 0.034062 0.500000
0.116554 0.066835 0.500000
-0.347610 0.079035 0.500000
-0.282392 -0.084311 0.500000
-0.372109 0.074242 0.500000
-0.222337 0.090313 0.500000
-0.150533 -0.086719 0.500000
0.224257 0.051238 0.500000
0.119637 -0.065841 0.500000
-0.454102 0.045292 0.500000
0.425065 0.015401 0.500000
-0.227557 -0.086821 0.500000
0.439616 -0.016299 0.500000
-0.397787 0.067813 0.500000
0.226977 0.050810 0.500000
0.222461 0.051520 0.500000
-0.471463 0.033298 0.500000
-0.450918 -0.048393 0.500000
0.288114 -0.042511 0.500000
0.191310 -0.056684 0.500000
-0.407853 0.064801 0.500000
-0.489882 0.006002 0.500000
0.503997 -0.003526 0.500000
0.415244 -0.020864 0.500000
-0.190087 -0.087229 0.500000
-0.479421 0.025525 0.500000
0.143381 0.063203 0.500000
0.217675 -0.053023 0.500000
-0.238732 -0.086511 0.500000
-0.100029 -0.084893 0.500000
-0.174233 0.090618 0.500000
0.332302 -0.035384 0.500000
-0.067664 0.086056 0.500000
-0.116674 0.088929 0.500000
-0.268089 -0.085214 0.500000
-0.270816 -0.085058 0.500000
-0.216768 0.090436 0.500000
0.255792 -0.047465 0.500000
-0.211374 0.090535 0.500000
-0.089262 0.087469 0.500000
0.477841 -0.008845 0.500000
-0.149429 -0.086692 0.500000
0.036025 -0.074882 0.500000
0.189231 0.056601 0.500000
-0.087600 -0.084267 0.500000
0.237969 0.049066 0.500000
0.052304 -0.073275 0.500000
0.509131 -0.002460 0.500000
0.370746 -0.028844 0.500000
-0.170557 -0.087088 0.500000
0.174303 0.058804 0.500000
0.063419 0.073482 0.500000
0.202151 0.054654 0.500000
0.447073 -0.014874 0.500000
0.076220 -0.070775 0.500000
0.023234 -0.076090 0.500000
0.078740 0.071643 0.500000
-0.015112 0.081769 0.500000
0.123753 0.065878 0.500000
0.217306 -0.053075 0.500000
-0.190414 -0.087229 0.500000
0.053058 0.074686 0.500000
0.509009 -0.002344 0.500000
-0.408220 0.064686 0.500000
0.346526 0.030460 0.500000
0.236292 -0.050346 0.500000
0.218963 -0.052840 0.500000
0.100861 -0.068035 0.500000
-0.367465 0.075243 0.500000
-0.484449 0.018847 0.500000
-0.476280 -0.031157 0.500000
0.398126 -0.023987 0.500000
0.146328 -0.062572 0.500000
0.471734 -0.010061 0.500000
-0.125470 -0.085966 0.500000
-0.071390 -0.083351 0.500000
-0.025528 0.082708 0.500000
-0.245595 0.089496 0.500000
-0.245665 0.089493 0.500000
-0.192578 -0.087232 0.500000
-0.453783 0.045474 0.500000
0.128488 -0.064776 0.500000
-0.195329 0.090693 0.500000
-0.345733 -0.077578 0.500000
0.218770 -0.052867 0.500000
-0.215966 -0.087052 0.500000
0.112715 -0.066661 0.500000
0.403824 -0.022955 0.500000
0.407704 0.018851 0.500000
0.298894 0.038932 0.500000
0.310900 -0.038887 0.500000
0.455710 -0.013206 0.500000
0.200204 0.054950 0.500000
0.415884 -0.020746 0.500000
-0.174874 0.090623 0.500000
0.104174 -0.067654 0.500000
0.038370 0.076340 0.500000
-0.277228 -0.084659 0.500000
0.347211 0.030335 0.500000
-0.467387 -0.038505 0.500000
-0.061683 0.085627 0.500000
0.201236 0.054793 0.500000
-0.359258 0.076902 0.500000
-0.112700 -0.085463 0.500000
0.376239 -0.027883 0.500000
0.077031 -0.070688 0.500000
0.096480 0.069434 0.500000
-0.040984 0.084022 0.500000
0.188900 -0.057011 0.500000
0.017514 0.078573 0.500000
0.142291 -0.063077 0.500000
0.255976 -0.047437 0.500000
0.506423 -0.003023 0.500000
-0.461166 0.040951 0.500000
0.045476 -0.073959 0.500000
-0.459680 0.041915 0.500000
0.204528 0.054292 0.500000
-0.212014 0.090526 0.500000
-0.347709 -0.077285 0.500000
-0.393483 -0.068432 0.500000
-0.125798 -0.085977 0.500000
0.304855 -0.039859 0.500000
-0.460862 0.041151 0.500000
0.352954 0.029279 0.500000
0.361993 0.027604 0.500000
0.408184 0.018757 0.500000
-0.167785 -0.087052 0.500000
0.186069 -0.057394 0.500000
0.127151 -0.064938 0.500000
0.091868 0.070016 0.500000
-0.007555 -0.078787 0.500000
-0.398769 0.067532 0.500000
-0.148212 -0.086663 0.500000
0.050898 0.074933 0.500000
-0.483353 -0.023040 0.500000
-0.236889 0.089859 0.500000
0.139066 0.063799 0.500000
-0.454014 0.045342 0.500000
-0.079024 -0.083795 0.500000
-0.454192 -0.046682 0.500000
-0.257655 0.088882 0.500000
-0.302350 0.085275 0.500000
0.137077 -0.063724 0.500000
0.351117 0.029618 0.500000
-0.278229 0.087494 0.500000
0.140641 -0.063283 0.500000
0.386207 0.023026 0.500000
0.069438 -0.071500 0.500000
-0.434709 0.054911 0.500000
-0.470022 0.034495 0.500000
-0.363281 -0.074730 0.500000
-0.033908 -0.080848 0.500000
0.243790 -0.049248 0.500000
-0.353931 -0.076310 0.500000
-0.398142 -0.067269 0.500000
-0.446646 -0.050487 0.500000
-0.242227 0.089647 0.500000
-0.330509 0.081748 0.500000
0.415436 0.017323 0.500000
-0.477195 -0.030263 0.500000
0.421435 0.016128 0.500000
0.100809 -0.068041 0.500000
0.271335 0.043613 0.500000
-0.286955 -0.083977 0.500000
0.062643 -0.072214 0.500000
-0.125116 0.089299 0.500000
-0.001416 0.080473 0.500000
-0.380272 0.072373 0.500000
-0.481213 0.023377 0.500000
0.448875 -0.014527 0.500000
0.458454 -0.012672 0.500000
0.485380 -0.007331 0.500000
-0.124309 0.089265 0.500000
-0.020097 0.082223 0.500000
-0.120770 0.089116 0.500000
-0.399594 0.067296 0.500000
-0.085247 0.087225 0.500000
-0.075256 -0.083581 0.500000
0.451990 0.009906 0.500000
-0.400571 -0.066641 0.500000
0.466676 0.006832 0.500000
-0.279639 -0.084496 0.500000
0.136977 -0.063737 0.500000
-0.240488 0.089717 0.500000
-0.017146 -0.079565 0.500000
-0.016802 0.081924 0.500000
-0.273223 0.087873 0.500000
-0.124746 -0.085940 0.500000
-0.394782 -0.068114 0.500000
0.264404 0.044765 0.500000
-0.081847 -0.083956 0.500000
0.204760 0.054256 0.500000
0.197421 -0.055849 0.500000
0.049717 -0.073535 0.500000
-0.251553 -0.086035 0.500000
0.079698 -0.070398 0.500000
0.242655 -0.049415 0.500000
-0.467138 -0.038684 0.500000
0.022413 0.078061 0.500000
-0.336369 0.080870 0.500000
0.399877 0.020384 0.500000
-0.164124 0.090468 0.500000
-0.123086 0.089214 0.500000
0.415313 -0.020852 0.500000
0.390622 -0.025335 0.500000
-0.319271 -0.080994 0.500000
0.432830 -0.017584 0.500000
-0.370780 -0.073345 0.500000
-0.488988 0.009314 0.500000
-0.377860 0.072944 0.500000
-0.326199 -0.080191 0.500000
-0.441195 0.051993 0.500000
-0.107446 -0.085236 0.500000
0.300060 0.038730 0.500000
-0.456542 0.043857 0.500000
0.184559 0.057295 0.500000
0.327149 0.033965 0.500000
0.082418 -0.070101 0.500000
-0.258082 0.088857 0.500000
-0.077244 0.086712 0.500000
-0.289213 0.086568 0.500000
-0.235426 -0.086612 0.500000
-0.442918 0.051173 0.500000
0.359643 -0.030765 0.500000
-0.155536 -0.086832 0.500000
0.260160 -0.046808 0.500000
0.333658 0.032797 0.500000
0.111764 -0.066772 0.500000
-0.127483 -0.086036 0.500000
-0.008717 0.081172 0.500000
0.380611 0.024096 0.500000
0.432400 -0.017666 0.500000
-0.482622 -0.024043 0.500000
0.426155 0.015182 0.500000
-0.318037 -0.081128 0.500000
0.238031 -0.050093 0.500000
-0.014425 -0.079347 0.500000
0.304669 -0.039889 0.500000
0.099071 -0.068239 0.500000
-0.176670 -0.087159 0.500000
0.395097 0.021313 0.500000
0.374179 0.025317 0.500000
0.049571 0.075084 0.500000
0.318081 0.035578 0.500000
-0.297907 0.085738 0.500000
-0.016665 -0.079527 0.500000
-0.426467 0.058284 0.500000
-0.164000 0.090465 0.500000
0.050473 0.074982 0.500000
-0.417933 0.061442 0.500000
-0.296883 0.085839 0.500000
-0.317869 0.083467 0.500000
0.408759 0.018643 0.500000
0.250137 0.047105 0.500000
0.083115 -0.070025 0.500000
-0.459621 -0.043597 0.500000
-0.157244 -0.086867 0.500000
0.341155 0.031440 0.500000
-0.111810 -0.085426 0.500000
-0.329346 -0.079809 0.500000
0.349765 -0.032453 0.500000
0.289448 -0.042302 0.500000
-0.020268 0.082239 0.500000
-0.312712 0.084103 0.500000
0.297903 0.039103 0.500000
0.199652 0.055033 0.500000
0.299831 0.038770 0.500000
0.128672 -0.064754 0.500000
-0.245267 -0.086284 0.500000
-0.309671 0.084464 0.500000
0.378545 0.024489 0.500000
0.422801 -0.019464 0.500000
-0.483208 0.020707 0.500000
-0.208172 0.090583 0.500000
-0.014552 -0.079357 0.500000
-0.225995 -0.086857 0.500000
0.272045 0.043495 0.500000
-0.287267 0.086747 0.500000
-0.096199 -0.084709 0.500000
-0.304203 -0.082532 0.500000
-0.097537 -0.084773 0.500000
-0.156037 0.090302 0.500000
-0.017887 0.082024 0.500000
0.201483 0.054756 0.500000
0.482334 0.003494 0.500000
0.264908 -0.046090 0.500000
0.314877 0.036143 0.500000
0.182435 0.057610 0.500000
-0.034534 0.083485 0.500000
0.280530 0.042069 0.500000
0.277022 0.042660 0.500000
-0.123675 -0.085901 0.500000
-0.062419 0.085682 0.500000
-0.153953 0.090252 0.500000
0.472787 0.005537 0.500000
-0.301693 0.085345 0.500000
0.120423 -0.065747 0.500000
0.403535 -0.023008 0.500000
0.323037 -0.036913 0.500000
0.181434 -0.058016 0.500000
-0.365528 -0.074323 0.500000
0.446520 0.011036 0.500000
0.441063 -0.016024 0.500000
-0.234242 0.089954 0.500000
-0.397121 0.068004 0.500000
0.186682 0.056981 0.500000
0.486028 -0.007200 0.500000
-0.262791 0.088580 0.500000
-0.151952 0.090203 0.500000
0.246114 -0.048905 0.500000
-0.067123 0.086018 0.500000
0.352074 0.029442 0.500000
-0.152622 -0.086770 0.500000
-0.479495 -0.027842 0.500000
0.368365 -0.029258 0.500000
0.107708 0.067993 0.500000
0.336426 -0.034697 0.500000
0.154274 -0.061566 0.500000
0.089619 -0.069305 0.500000
0.008525 0.079490 0.500000
0.454834 0.009315 0.500000
-0.441900 -0.052649 0.500000
-0.488922 -0.012226 0.500000
0.304716 0.037922 0.500000
-0.408584 0.064570 0.500000
0.416789 -0.020579 0.500000
-0.062457 -0.082804 0.500000
0.450464 0.010222 0.500000
0.380269 -0.027174 0.500000
-0.129964 -0.086124 0.500000
0.129261 0.065137 0.500000
0.284035 0.041476 0.500000
0.493537 0.001066 0.500000
0.295626 -0.041329 0.500000
0.337007 0.032192 0.500000
-0.452640 0.046123 0.500000
0.412205 -0.021424 0.500000
0.185979 -0.057406 0.500000
-0.429465 0.057099 0.500000
0.498948 -0.004567 0.500000
-0.175131 0.090626 0.500000
-0.258279 -0.085730 0.500000
0.084579 0.070926 0.500000
0.322185 0.034850 0.500000
-0.061983 0.085650 0.500000
0.504736 -0.001396 0.500000
0.411516 -0.021550 0.500000
-0.115565 -0.085584 0.500000
0.112222 0.067404 0.500000
-0.070699 -0.083310 0.500000
-0.129769 0.089486 0.500000
0.264270 -0.046186 0.500000
0.021815 0.078123 0.500000
-0.273202 -0.084911 0.500000
-0.224655 0.090250 0.500000
-0.076493 -0.083652 0.500000
0.381565 0.023914 0.500000
-0.207117 -0.087162 0.500000
-0.323364 -0.080527 0.500000
0.381668 -0.026926 0.500000
-0.447972 -0.049852 0.500000
0.222937 -0.052274 0.500000
0.348943 -0.032592 0.500000
-0.109078 -0.085310 0.500000
-0.282185 -0.084325 0.500000
-0.147118 -0.086637 0.500000
0.363932 -0.030026 0.500000
-0.088897 0.087447 0.500000
-0.190991 0.090706 0.500000
0.220617 -0.052605 0.500000
-0.479077 -0.028301 0.500000
0.025314 -0.075896 0.500000
-0.223324 -0.086919 0.500000
-0.103961 0.088301 0.500000
-0.196277 0.090690 0.500000
0.364460 -0.029935 0.500000
0.325166 -0.036563 0.500000
0.173996 -0.059005 0.500000
0.090289 0.070215 0.500000
-0.051239 -0.082071 0.500000
0.325224 -0.036553 0.500000
-0.076453 -0.083649 0.500000
0.379850 0.024241 0.500000
-0.112768 0.088748 0.500000
-0.211061 -0.087116 0.500000
-0.217516 -0.087024 0.500000
-0.160652 0.090401 0.500000
-0.326354 -0.080173 0.500000
0.435521 0.013288 0.500000
-0.476191 0.028965 0.500000
0.251175 0.046936 0.500000
-0.249238 0.089329 0.500000
0.207476 0.053841 0.500000
-0.376637 -0.072184 0.500000
0.265421 -0.046012 0.500000
-0.132044 0.089572 0.500000
0.061506 0.073706 0.500000
-0.257580 -0.085765 0.500000
-0.081203 -0.083919 0.500000
-0.488356 0.011116 0.500000
0.001512 -0.078024 0.500000
0.102151 -0.067887 0.500000
0.259681 0.045545 0.500000
-0.371289 -0.073246 0.500000
-0.305709 -0.082389 0.500000
-0.135176 0.089690 0.500000
-0.358118 0.077119 0.500000
-0.028575 -0.080451 0.500000
-0.260017 0.088743 0.500000
-0.295102 0.086014 0.500000
0.016311 -0.076722 0.500000
0.354951 -0.031570 0.500000
-0.127357 -0.086032 0.500000
-0.309957 0.084430 0.500000
-0.470655 0.033976 0.500000
-0.085936 -0.084177 0.500000
0.264138 -0.046206 0.500000
0.116788 0.066804 0.500000
0.490123 0.001809 0.500000
-0.321635 0.082978 0.500000
0.483109 0.003327 0.500000
0.345516 0.030645 0.500000
0.383978 -0.026518 0.500000
0.236158 0.049355 0.500000
0.258495 0.045739 0.500000
0.462128 0.007790 0.500000
0.195696 0.055631 0.500000
-0.100178 0.088097 0.500000
0.286175 -0.042815 0.500000
-0.058226 -0.082532 0.500000
-0.057026 -0.082455 0.500000
-0.029054 -0.080487 0.500000
0.500957 -0.004153 0.500000
0.202500 0.054601 0.500000
0.005018 0.079841 0.500000
0.444555 0.011441 0.500000
0.172046 -0.059262 0.500000
-0.182718 0.090687 0.500000
0.262667 -0.046429 0.500000
0.002789 -0.077914 0.500000
-0.486014 0.016194 0.500000
-0.363687 0.076023 0.500000
0.317970 -0.037741 0.500000
-0.479186 -0.028182 0.500000
-0.368598 -0.073756 0.500000
0.343484 0.031016 0.500000
-0.391056 0.069663 0.500000
0.496611 0.000394 0.500000
0.386579 -0.026056 0.500000
0.466573 -0.011081 0.500000
0.207853 -0.054404 0.500000
-0.431543 -0.056875 0.500000
-0.053163 -0.082200 0.500000
-0.047492 -0.081816 0.500000
-0.448323 0.048460 0.500000
-0.194381 -0.087228 0.500000
0.263203 0.044964 0.500000
0.433556 -0.017447 0.500000
0.403232 -0.023063 0.500000
0.380729 -0.027092 0.500000
-0.099247 0.088047 0.500000
0.319285 0.035364 0.500000
-0.358470 0.077052 0.500000
-0.449255 -0.049226 0.500000
-0.343107 -0.077965 0.500000
-0.017383 0.081978 0.500000
0.509030 -0.002349 0.500000
-0.271575 -0.085011 0.500000
-0.224068 0.090266 0.500000
-0.110117 0.088615 0.500000
-0.387076 -0.069937 0.500000
0.502872 -0.003758 0.500000
0.214428 -0.053482 0.500000
-0.487402 -0.016083 0.500000
-0.456036 -0.045670 0.500000
0.482599 0.003437 0.500000
0.194930 -0.056190 0.500000
-0.156945 -0.086861 0.500000
-0.482794 -0.023813 0.500000
0.151782 -0.061883 0.500000
-0.256807 0.088932 0.500000
-0.009103 -0.078914 0.500000
0.366286 -0.029619 0.500000
0.141858 -0.063131 0.500000
-0.457043 0.043557 0.500000
0.126622 0.065493 0.500000
0.074061 0.072212 0.500000
0.361923 -0.030373 0.500000
0.021374 0.078170 0.500000
0.134647 0.064405 0.500000
-0.282395 -0.084310 0.500000
0.232923 -0.050836 0.500000
-0.315660 0.083744 0.500000
-0.026055 0.082754 0.500000
-0.457244 -0.044988 0.500000
0.301134 -0.040454 0.500000
0.036602 -0.074826 0.500000
-0.006416 0.080955 0.500000
-0.286635 -0.084001 0.500000
0.491460 -0.006098 0.500000
-0.276793 -0.084688 0.500000
0.142449 -0.063057 0.500000
-0.285959 0.086858 0.500000
0.015392 -0.076805 0.500000
-0.059350 -0.082605 0.500000
0.461115 -0.012152 0.500000
-0.310331 -0.081940 0.500000
-0.339595 -0.078460 0.500000
-0.264806 0.088449 0.500000
-0.083168 -0.084027 0.500000
-0.359036 -0.075466 0.500000
-0.167124 -0.087041 0.500000
0.261890 0.045181 0.500000
-0.018370 -0.079662 0.500000
0.256555 -0.047350 0.500000
-0.405139 0.065644 0.500000
0.244009 0.048097 0.500000
-0.334654 0.081134 0.500000
0.336933 -0.034613 0.500000
-0.490391 0.003092 0.500000
0.109852 0.067715 0.500000
0.366335 0.026793 0.500000
-0.127580 0.089402 0.500000
-0.135432 -0.086302 0.500000
0.055196 0.074440 0.500000
0.420476 0.016320 0.500000
0.415951 0.017221 0.500000
-0.235448 0.089914 0.500000
-0.457822 -0.044656 0.500000
-0.205515 -0.087174 0.500000
-0.023668 0.082544 0.500000
0.274127 0.043146 0.500000
-0.234207 -0.086647 0.500000
0.183595 0.057438 0.500000
0.428534 0.014702 0.500000
-0.367556 -0.073953 0.500000
-0.233907 -0.086655 0.500000
0.456994 0.008865 0.500000
-0.158139 -0.086885 0.500000
0.088123 -0.069472 0.500000
-0.137510 -0.086368 0.500000
-0.232241 -0.086702 0.500000
0.297737 0.039132 0.500000
0.072475 -0.071178 0.500000
-0.069806 -0.083257 0.500000
-0.445550 0.049880 0.500000
-0.198896 0.090678 0.500000
-0.387480 0.070594 0.500000
0.387144 -0.025955 0.500000
-0.429348 -0.057696 0.500000
0.293213 0.039910 0.500000
-0.248111 0.089381 0.500000
0.112817 -0.066649 0.500000
-0.454945 -0.046272 0.500000
-0.211572 0.090532 0.500000
-0.308708 0.084575 0.500000
0.378223 -0.027534 0.500000
0.253001 -0.047882 0.500000
-0.237896 0.089819 0.500000
-0.050092 -0.081994 0.500000
0.093740 -0.068844 0.500000
-0.047137 -0.081791 0.500000
0.434606 -0.017249 0.500000
0.372508 -0.028536 0.500000
-0.075554 -0.083598 0.500000
-0.176682 0.090639 0.500000
-0.302132 0.085298 0.500000
-0.212059 -0.087104 0.500000
-0.195364 -0.087226 0.500000
0.080912 0.071377 0.500000
-0.349235 0.078750 0.500000
-0.068849 -0.083200 0.500000
0.253726 0.046521 0.500000
-0.054174 0.085066 0.500000
0.376784 -0.027787 0.500000
0.203581 -0.054998 0.500000
-0.352169 0.078228 0.500000
-0.367278 0.075283 0.500000
-0.454630 -0.046444 0.500000
0.265910 0.044516 0.500000
0.103879 0.068488 0.500000
0.452665 0.009766 0.500000
-0.020036 0.082218 0.500000
-0.106739 0.088446 0.500000
0.052554 0.074745 0.500000
-0.290095 0.086487 0.500000
-0.285262 -0.084101 0.500000
0.028668 0.077396 0.500000
-0.269187 -0.085152 0.500000
-0.265114 0.088429 0.500000
-0.131239 0.089542 0.500000
-0.268622 -0.085184 0.500000
-0.206186 0.090613 0.500000
-0.406407 -0.065059 0.500000
0.416490 0.017114 0.500000
0.235386 0.049478 0.500000
-0.372646 0.074123 0.500000
-0.344773 -0.077720 0.500000
0.137357 -0.063690 0.500000
0.038611 -0.074632 0.500000
0.168065 -0.059784 0.500000
0.414357 -0.021028 0.500000
-0.295564 -0.083294 0.500000
0.394621 0.021405 0.500000
-0.397048 -0.067550 0.500000
0.182271 -0.057904 0.500000
0.085042 -0.069812 0.500000
0.366128 -0.029646 0.500000
0.145975 -0.062616 0.500000
-0.009577 0.081253 0.500000
0.029588 -0.075497 0.500000
0.167095 -0.059911 0.500000
0.254602 -0.047643 0.500000
0.278826 -0.043957 0.500000
-0.112412 -0.085451 0.500000
0.466290 -0.011137 0.500000
0.452761 -0.013777 0.500000
0.283299 -0.043263 0.500000
0.482511 0.003456 0.500000
-0.203940 -0.087186 0.500000
0.344692 0.030795 0.500000
0.059767 -0.072512 0.500000
0.424441 -0.019158 0.500000
-0.289624 0.086531 0.500000
0.031858 -0.075281 0.500000
-0.437002 -0.054726 0.500000
0.486106 -0.007184 0.500000
0.054062 0.074571 0.500000
0.259186 -0.046955 0.500000
0.335652 -0.034827 0.500000
-0.395934 -0.067827 0.500000
-0.486262 -0.018371 0.500000
0.078004 -0.070582 0.500000
-0.134339 -0.086267 0.500000
-0.146136 -0.086613 0.500000
0.460226 0.008189 0.500000
0.079872 0.071505 0.500000
0.060913 0.073775 0.500000
0.502263 -0.003884 0.500000
-0.224703 -0.086887 0.500000
-0.190365 -0.087229 0.500000
-0.237369 -0.086557 0.500000
-0.303347 -0.082610 0.500000
0.508316 -0.002630 0.500000
0.397312 0.020883 0.500000
0.088263 -0.069456 0.500000
0.316077 0.035932 0.500000
0.343310 0.031048 0.500000
0.313179 0.036442 0.500000
0.303906 -0.040011 0.500000
0.168047 0.059711 0.500000
-0.178067 0.090651 0.500000
-0.223445 -0.086916 0.500000
0.175420 -0.058816 0.500000
-0.488133 0.011692 0.500000
-0.298937 0.085634 0.500000
0.389039 -0.025618 0.500000
-0.148202 -0.086663 0.500000
0.449870 0.010345 0.500000
-0.058065 0.085361 0.500000
-0.489277 -0.011088 0.500000
0.405178 -0.022709 0.500000
0.300723 0.038616 0.500000
-0.011030 -0.079073 0.500000
0.492860 -0.005813 0.500000
-0.038003 -0.081147 0.500000
-0.134245 -0.086264 0.500000
0.494593 0.000835 0.500000
-0.228091 0.090156 0.500000
0.416757 -0.020585 0.500000
-0.010622 0.081352 0.500000
-0.114475 -0.085538 0.500000
-0.272516 0.087923 0.500000
0.471418 -0.010123 0.500000
0.495956 -0.005181 0.500000
-0.028762 -0.080465 0.500000
0.289764 -0.042252 0.500000
-0.486350 -0.018207 0.500000
0.201324 0.054780 0.500000
-0.221238 -0.086958 0.500000
0.503286 -0.001075 0.500000
-0.121698 -0.085825 0.500000
0.431729 0.014057 0.500000
-0.365097 -0.074401 0.500000
-0.385643 -0.070260 0.500000
-0.486428 0.015416 0.500000
-0.181659 0.090682 0.500000
-0.260478 0.088716 0.500000
0.101726 0.068765 0.500000
0.284417 0.041411 0.500000
0.005022 0.079841 0.500000
0.206972 -0.054527 0.500000
-0.400078 0.067157 0.500000
-0.271370 0.088006 0.500000
-0.218113 -0.087014 0.500000
-0.465579 -0.039777 0.500000
0.018881 0.078431 0.500000
0.504141 -0.001264 0.500000
0.464386 0.007315 0.500000
0.039936 -0.074504 0.500000
-0.419527 -0.061096 0.500000
-0.326186 -0.080193 0.500000
0.007444 -0.077511 0.500000
0.304479 -0.039920 0.500000
0.319398 0.035345 0.500000
0.402285 0.019914 0.500000
-0.104793 -0.085116 0.500000
0.129318 0.065129 0.500000
0.137187 0.064057 0.500000
-0.109927 0.088606 0.500000
0.291093 -0.042044 0.500000
0.364760 0.027087 0.500000
-0.426600 0.058232 0.500000
-0.132305 0.089582 0.500000
0.350301 -0.032362 0.500000
-0.431416 0.056303 0.500000
0.095884 0.069510 0.500000
0.080753 0.071396 0.500000
0.251830 -0.048057 0.500000
0.425639 0.015285 0.500000
-0.343748 0.079689 0.500000
0.109889 -0.066991 0.500000
0.163200 0.060409 0.500000
0.260596 -0.046742 0.500000
-0.409455 0.064290 0.500000
-0.060457 -0.082676 0.500000
0.390040 -0.025439 0.500000
-0.340794 0.080172 0.500000
0.357414 0.028455 0.500000
-0.454083 0.045303 0.500000
0.112733 -0.066658 0.500000
-0.173765 0.090613 0.500000
-0.098154 0.087987 0.500000
0.371005 0.025915 0.500000
-0.482887 -0.023685 0.500000
0.476411 -0.009131 0.500000
0.260549 -0.046749 0.500000
0.358082 -0.031033 0.500000
-0.048457 -0.081883 0.500000
-0.127230 -0.086028 0.500000
-0.459125 0.042267 0.500000
0.136219 0.064190 0.500000
0.048904 0.075160 0.500000
0.217157 -0.053096 0.500000
0.449655 0.010389 0.500000
0.043975 -0.074107 0.500000
0.213222 -0.053651 0.500000
-0.259459 0.088776 0.500000
-0.477468 -0.029988 0.500000
0.242986 -0.049366 0.500000
-0.056728 -0.082435 0.500000
0.375317 -0.028045 0.500000
-0.070355 0.086246 0.500000
0.072827 -0.071140 0.500000
-0.446983 -0.050328 0.500000
-0.080823 0.086943 0.500000
-0.459074 -0.043923 0.500000
0.146317 0.062795 0.500000
-0.237137 -0.086563 0.500000
-0.473226 -0.033928 0.500000
0.500592 -0.000481 0.500000
0.245051 -0.049062 0.500000
-0.072715 -0.083430 0.500000
0.294381 0.039710 0.500000
0.273287 -0.044811 0.500000
-0.240223 0.089727 0.500000
-0.445022 0.050142 0.500000
-0.056645 -0.082430 0.500000
-0.444161 -0.051640 0.500000
-0.045012 -0.081644 0.500000
-0.416539 -0.062053 0.500000
0.095504 -0.068644 0.500000
0.073803 -0.071035 0.500000
0.256893 0.046003 0.500000
-0.044722 -0.081624 0.500000
0.508798 -0.002297 0.500000
-0.122136 -0.085842 0.500000
0.424160 0.015582 0.500000
0.095512 -0.068643 0.500000
-0.146574 -0.086623 0.500000
-0.180059 -0.087183 0.500000
0.447295 -0.014831 0.500000
0.206603 0.053975 0.500000
0.180043 0.057962 0.500000
-0.005490 -0.078617 0.500000
0.251419 -0.048118 0.500000
-0.184009 0.090690 0.500000
0.044011 -0.074103 0.500000
-0.284374 -0.084166 0.500000
0.019293 -0.076452 0.500000
-0.489399 0.007944 0.500000
-0.461738 0.040575 0.500000
0.409915 0.018416 0.500000
-0.490322 0.003591 0.500000
0.429048 0.014599 0.500000
-0.294460 -0.083388 0.500000
-0.087115 -0.084241 0.500000
0.244179 0.048069 0.500000
-0.470071 0.034456 0.500000
0.231266 0.050133 0.500000
-0.210312 0.090551 0.500000
0.357425 0.028453 0.500000
0.355421 -0.031489 0.500000
-0.265444 0.088407 0.500000
-0.101099 -0.084945 0.500000
0.028938 0.077367 0.500000
-0.340067 -0.078393 0.500000
-0.418937 -0.061288 0.500000
0.338285 -0.034387 0.500000
0.156740 0.061330 0.500000
-0.222009 0.090322 0.500000
-0.093043 -0.084549 0.500000
-0.074350 0.086517 0.500000
0.089763 -0.069289 0.500000
-0.459178 -0.043862 0.500000
-0.122324 0.089182 0.500000
-0.383769 0.071525 0.500000
0.365791 -0.029705 0.500000
0.290038 -0.042210 0.500000
0.155510 -0.061408 0.500000
-0.307104 -0.082254 0.500000
-0.294776 -0.083361 0.500000
-0.069390 0.086178 0.500000
0.055596 0.074393 0.500000
0.383244 -0.026648 0.500000
-0.343133 -0.077961 0.500000
-0.219389 -0.086991 0.500000
0.201026 0.054825 0.500000
-0.252210 -0.086005 0.500000
0.191277 0.056295 0.500000
0.398956 -0.023837 0.500000
-0.315469 -0.081408 0.500000
-0.133088 0.089611 0.500000
0.112788 0.067330 0.500000
-0.436848 0.053978 0.500000
0.318962 -0.037579 0.500000
0.479386 0.004128 0.500000
0.392363 -0.025023 0.500000
-0.117222 -0.085652 0.500000
-0.125942 -0.085982 0.500000
-0.468272 0.035885 0.500000
0.044756 0.075629 0.500000
0.392633 -0.024975 0.500000
0.327322 -0.036208 0.500000
-0.447784 0.048740 0.500000
0.243234 0.048222 0.500000
-0.094558 -0.084626 0.500000
0.453407 -0.013652 0.500000
0.199200 -0.055604 0.500000
0.152263 0.061963 0.500000
-0.408333 0.064650 0.500000
-0.221324 -0.086956 0.500000
-0.467579 0.036419 0.500000
-0.342701 -0.078022 0.500000
0.210766 -0.053997 0.500000
0.405127 -0.022718 0.500000
-0.154397 -0.086809 0.500000
0.251148 -0.048158 0.500000
-0.281777 0.087213 0.500000
-0.469481 -0.036955 0.500000
-0.236062 0.089892 0.500000
0.497155 -0.004935 0.500000
0.101332 0.068815 0.500000
-0.373354 -0.072842 0.500000
-0.033692 -0.080832 0.500000
0.048127 0.075249 0.500000
-0.303013 0.085206 0.500000
-0.395823 -0.067855 0.500000
0.004930 0.079850 0.500000
-0.008356 0.081138 0.500000
0.060343 0.073842 0.500000
0.136407 0.064164 0.500000
0.117961 -0.066040 0.500000
-0.462513 0.040053 0.500000
0.161797 0.060610 0.500000
-0.433676 -0.056053 0.500000
-0.376552 0.073243 0.500000
-0.317954 -0.081137 0.500000
0.194323 -0.056273 0.500000
-0.148860 0.090121 0.500000
0.372897 0.025559 0.500000
-0.204210 0.090631 0.500000
-0.319957 0.083201 0.500000
-0.480719 -0.026437 0.500000
-0.483732 -0.022497 0.500000
0.123697 0.065885 0.500000
-0.127367 -0.086032 0.500000
-0.005037 -0.078579 0.500000
0.465920 -0.011209 0.500000
0.007016 -0.077549 0.500000
-0.155929 0.090299 0.500000
0.089078 0.070366 0.500000
-0.261991 0.088627 0.500000
0.088482 -0.069432 0.500000
-0.285686 0.086881 0.500000
0.142206 0.063366 0.500000
0.339522 -0.034180 0.500000
0.086612 -0.069639 0.500000
0.417909 0.016832 0.500000
-0.202829 -0.087194 0.500000
0.132527 0.064694 0.500000
-0.361632 0.076433 0.500000
-0.486395 -0.018123 0.500000
0.095526 -0.068642 0.500000
-0.301830 0.085330 0.500000
-0.413564 -0.062974 0.500000
-0.310182 -0.081955 0.500000
-0.097052 0.087924 0.500000
-0.182565 -0.087202 0.500000
-0.083728 -0.084058 0.500000
0.185519 0.057153 0.500000
-0.001893 -0.078313 0.500000
-0.261928 0.088631 0.500000
0.501348 -0.000647 0.500000
0.202028 -0.055214 0.500000
0.505927 -0.001659 0.500000
-0.024255 0.082596 0.500000
-0.246312 -0.086243 0.500000
-0.141288 -0.086477 0.500000
0.210135 -0.054085 0.500000
0.022913 -0.076119 0.500000
-0.421578 0.060130 0.500000
0.313007 -0.038547 0.500000
-0.260017 -0.085642 0.500000
-0.265558 -0.085355 0.500000
0.003847 0.079957 0.500000
0.466525 -0.011090 0.500000
-0.427493 0.057884 0.500000
0.227181 -0.051665 0.500000
-0.056431 -0.082416 0.500000
-0.030786 0.083167 0.500000
0.109256 0.067792 0.500000
-0.120951 -0.085796 0.500000
0.080008 -0.070364 0.500000
-0.106586 0.088439 0.500000
0.422191 -0.019577 0.500000
0.137862 0.063965 0.500000
0.401990 -0.023288 0.500000
0.348784 -0.032619 0.500000
0.359115 -0.030856 0.500000
-0.370836 0.074524 0.500000
-0.085880 0.087263 0.500000
0.038730 0.076300 0.500000
-0.073497 0.086459 0.500000
0.106905 0.068097 0.500000
-0.403656 0.066095 0.500000
-0.445415 -0.051064 0.500000
0.220991 -0.052551 0.500000
0.033149 -0.075158 0.500000
-0.055950 0.085202 0.500000
0.323433 -0.036848 0.500000
-0.051508 -0.082089 0.500000
-0.061917 -0.082771 0.500000
0.055518 0.074402 0.500000
-0.163348 -0.086980 0.500000
-0.403965 -0.065733 0.500000
0.068089 0.072928 0.500000
-0.390405 -0.069168 0.500000
0.399622 0.020433 0.500000
-0.392688 0.069223 0.500000
-0.214368 -0.087074 0.500000
0.093043 0.069869 0.500000
-0.162824 -0.086972 0.500000
-0.410700 -0.063830 0.500000
0.418142 -0.020329 0.500000
-0.044800 0.084333 0.500000
0.481441 0.003686 0.500000
0.441991 -0.015847 0.500000
-0.392743 -0.068610 0.500000
-0.256508 0.088949 0.500000
-0.400517 -0.066655 0.500000
0.404068 0.019565 0.500000
0.111271 0.067529 0.500000
0.146239 0.062806 0.500000
0.321994 -0.037083 0.500000
-0.437942 -0.054337 0.500000
-0.292935 0.086227 0.500000
-0.196614 -0.087223 0.500000
0.338741 -0.034311 0.500000
-0.095024 -0.084650 0.500000
-0.482546 0.021630 0.500000
-0.490063 0.005121 0.500000
0.488888 0.002078 0.500000
-0.323224 -0.080543 0.500000
0.051380 -0.073369 0.500000
-0.489513 -0.010245 0.500000
0.355759 -0.031431 0.500000
0.221629 0.051650 0.500000
-0.053490 -0.082222 0.500000
-0.237986 -0.086536 0.500000
-0.342550 -0.078044 0.500000
0.266039 0.044495 0.500000
0.117771 0.066674 0.500000
0.423747 0.015665 0.500000
-0.265776 0.088385 0.500000
0.241637 -0.049565 0.500000
-0.283165 -0.084254 0.500000
0.243276 -0.049323 0.500000
0.142081 -0.063103 0.500000
-0.228491 -0.086800 0.500000
-0.382646 -0.070920 0.500000
-0.234246 0.089954 0.500000
-0.295273 0.085997 0.500000
-0.156733 -0.086856 0.500000
0.456716 -0.013010 0.500000
0.178081 0.058251 0.500000
0.382442 -0.026790 0.500000
0.484696 0.002985 0.500000
-0.131403 0.089548 0.500000
-0.364420 0.075872 0.500000
0.168170 0.059694 0.500000
-0.402599 0.066413 0.500000
-0.082490 0.087050 0.500000
-0.234473 0.089947 0.500000
-0.412206 0.063394 0.500000
0.229743 -0.051296 0.500000
-0.399734 -0.066861 0.500000
0.081467 0.071309 0.500000
-0.216102 0.090451 0.500000
0.258342 0.045765 0.500000
-0.142469 0.089935 0.500000
0.040760 -0.074423 0.500000
-0.258240 0.088848 0.500000
-0.431136 -0.057029 0.500000
0.494721 -0.005433 0.500000
0.048041 -0.073703 0.500000
0.284990 -0.043000 0.500000
-0.273524 0.087851 0.500000
0.384463 -0.026432 0.500000
-0.127033 0.089379 0.500000
-0.236569 0.089872 0.500000
-0.162774 -0.086971 0.500000
0.045607 -0.073946 0.500000
0.233216 -0.050794 0.500000
-0.044044 -0.081577 0.500000
-0.417095 0.061734 0.500000
-0.217331 -0.087028 0.500000
-0.155365 0.090286 0.500000
-0.054510 0.085092 0.500000
0.164923 0.060162 0.500000
-0.152970 -0.086778 0.500000
-0.313128 -0.081652 0.500000
-0.371170 0.074450 0.500000
-0.281183 0.087263 0.500000
0.306721 0.037573 0.500000
-0.482529 -0.024167 0.500000
-0.212003 0.090526 0.500000
-0.264189 0.088489 0.500000
0.057035 0.074227 0.500000
-0.073055 0.086429 0.500000
0.487919 0.002288 0.500000
-0.488277 0.011326 0.500000
0.346700 0.030428 0.500000
0.184388 -0.057620 0.500000
0.002998 -0.077896 0.500000
0.287450 0.040895 0.500000
0.011939 -0.077115 0.500000
-0.460237 -0.043226 0.500000
0.008513 0.079492 0.500000
0.374962 -0.028107 0.500000
-0.188364 0.090703 0.500000
0.377417 -0.027676 0.500000
-0.247632 -0.086191 0.500000
-0.078500 0.086794 0.500000
0.046562 0.075426 0.500000
-0.077647 -0.083717 0.500000
-0.464286 0.038828 0.500000
-0.420955 0.060359 0.500000
-0.433840 -0.055989 0.500000
-0.220279 0.090363 0.500000
-0.283281 0.087086 0.500000
0.398287 -0.023958 0.500000
0.262623 0.045060 0.500000
-0.071551 -0.083361 0.500000
-0.203152 -0.087192 0.500000
-0.436290 -0.055014 0.500000
-0.181702 -0.087195 0.500000
0.456555 -0.013041 0.500000
0.175430 -0.058815 0.500000
0.079687 0.071528 0.500000
-0.237890 0.089820 0.500000
0.305509 0.037784 0.500000
-0.250136 -0.086093 0.500000
0.138587 -0.063537 0.500000
0.383384 0.023567 0.500000
0.159329 -0.060918 0.500000
-0.171881 0.090586 0.500000
-0.353776 -0.076335 0.500000
-0.474471 0.030622 0.500000
-0.356138 0.077496 0.500000
0.084076 0.070988 0.500000
0.481907 0.003586 0.500000
0.273699 0.043218 0.500000
-0.331021 0.081673 0.500000
-0.230010 0.090096 0.500000
-0.314337 0.083910 0.500000
-0.340028 0.080295 0.500000
-0.117957 0.088988 0.500000
-0.271017 -0.085046 0.500000
-0.300592 0.085460 0.500000
-0.371298 -0.073245 0.500000
0.134301 -0.064066 0.500000
0.326224 -0.036389 0.500000
-0.358191 0.077105 0.500000
-0.149307 0.090134 0.500000
-0.112059 0.088712 0.500000
-0.251022 -0.086058 0.500000
-0.410221 0.064044 0.500000
-0.085535 -0.084155 0.500000
-0.068455 0.086112 0.500000
0.145733 -0.062647 0.500000
0.125625 -0.065123 0.500000
0.070715 -0.071364 0.500000
0.413282 -0.021226 0.500000
-0.071158 -0.083338 0.500000
-0.187324 0.090700 0.500000
-0.081493 -0.083936 0.500000
0.286459 0.041064 0.500000
-0.443854 -0.051780 0.500000
-0.234823 0.089935 0.500000
0.077736 0.071765 0.500000
0.252752 -0.047919 0.500000
0.491280 0.001558 0.500000
-0.239729 0.089747 0.500000
0.068119 0.072924 0.500000
-0.013986 -0.079311 0.500000
-0.334798 -0.079110 0.500000
0.161120 -0.060687 0.500000
0.358230 0.028304 0.500000
-0.006471 0.080960 0.500000
0.434106 -0.017344 0.500000
0.417320 0.016949 0.500000
-0.130766 -0.086152 0.500000
-0.433286 -0.056207 0.500000
0.145117 -0.062724 0.500000
0.305359 0.037810 0.500000
0.369166 0.026262 0.500000
0.449427 0.010436 0.500000
-0.453159 -0.047233 0.500000
-0.118563 0.089016 0.500000
-0.036220 0.083628 0.500000
0.122623 -0.065484 0.500000
-0.111961 -0.085432 0.500000
-0.490434 0.002745 0.500000
-0.340032 -0.078398 0.500000
-0.248881 0.089345 0.500000
0.120352 0.066332 0.500000
0.002876 -0.077907 0.500000
-0.327533 0.082174 0.500000
0.225997 -0.051835 0.500000
-0.454012 -0.046778 0.500000
-0.352178 -0.076592 0.500000
-0.361908 0.076378 0.500000
0.396816 -0.024223 0.500000
0.190746 -0.056761 0.500000
-0.402016 -0.066259 0.500000
-0.145950 0.090037 0.500000
-0.262113 0.088620 0.500000
-0.366241 -0.074194 0.500000
-0.210069 -0.087129 0.500000
0.321702 -0.037131 0.500000
-0.122621 0.089194 0.500000
0.396092 0.021120 0.500000
-0.465938 0.037644 0.500000
0.381850 0.023860 0.500000
0.177071 -0.058597 0.500000
0.154527 -0.061533 0.500000
0.074563 0.072151 0.500000
0.271850 -0.045031 0.500000
0.201453 -0.055293 0.500000
-0.389730 -0.069325 0.500000
0.399973 0.020365 0.500000
0.161619 0.060635 0.500000
0.158803 -0.060985 0.500000
0.299828 0.038770 0.500000
0.399766 0.020405 0.500000
0.478904 0.004231 0.500000
-0.166118 -0.087025 0.500000
0.030284 -0.075430 0.500000
-0.204959 0.090624 0.500000
-0.277049 -0.084671 0.500000
-0.332970 0.081387 0.500000
-0.170865 -0.087092 0.500000
0.298022 -0.040949 0.500000
0.184043 -0.057666 0.500000
-0.241843 -0.086405 0.500000
0.066277 -0.071834 0.500000
-0.259320 -0.085677 0.500000
-0.102121 -0.084994 0.500000
0.328175 -0.036067 0.500000
0.123273 -0.065406 0.500000
-0.379427 -0.071607 0.500000
-0.151867 -0.086751 0.500000
-0.088545 -0.084318 0.500000
-0.292517 0.086266 0.500000
-0.074702 -0.083548 0.500000
-0.405382 -0.065346 0.500000
0.423736 -0.019290 0.500000
-0.460500 0.041388 0.500000
-0.475052 -0.032309 0.500000
0.242175 -0.049486 0.500000
0.388890 0.022511 0.500000
0.455617 -0.013224 0.500000
0.357724 0.028398 0.500000
-0.286346 0.086825 0.500000
0.239397 -0.049893 0.500000
-0.282831 -0.084279 0.500000
0.381699 0.023889 0.500000
-0.474370 -0.032926 0.500000
-0.065575 -0.082998 0.500000
-0.095607 -0.084680 0.500000
0.000882 -0.078079 0.500000
-0.302316 -0.082704 0.500000
0.324600 0.034420 0.500000
0.229834 0.050359 0.500000
0.462131 -0.011953 0.500000
0.456342 0.009000 0.500000
0.457549 -0.012848 0.500000
0.506258 -0.001733 0.500000
-0.421107 -0.060577 0.500000
0.261753 -0.046568 0.500000
-0.025804 -0.080240 0.500000
-0.441620 -0.052772 0.500000
0.273106 0.043317 0.500000
-0.270581 -0.085073 0.500000
-0.273179 -0.084913 0.500000
0.402574 -0.023182 0.500000
0.006634 0.079681 0.500000
0.258323 0.045768 0.500000
0.175503 0.058628 0.500000
-0.088575 0.087427 0.500000
0.252716 -0.047925 0.500000
-0.085059 -0.084130 0.500000
0.474605 0.005150 0.500000
0.039098 -0.074585 0.500000
-0.138952 -0.086412 0.500000
-0.021561 -0.079912 0.500000
0.333217 0.032876 0.500000
-0.330351 -0.079682 0.500000
-0.345912 -0.077552 0.500000
-0.173233 0.090605 0.500000
-0.370079 0.074685 0.500000
-0.181626 -0.087195 0.500000
-0.370254 0.074648 0.500000
0.285641 -0.042898 0.500000
-0.082014 0.087019 0.500000
-0.355785 0.077563 0.500000
-0.083308 0.087102 0.500000
-0.050811 0.084809 0.500000
-0.454915 -0.046288 0.500000
-0.432308 0.055930 0.500000
0.332640 -0.035328 0.500000
-0.245565 -0.086272 0.500000
-0.393327 -0.068469 0.500000
-0.458113 0.042900 0.500000
0.247054 -0.048766 0.500000
0.451854 0.009934 0.500000
0.508975 -0.002336 0.500000
-0.390991 0.069680 0.500000
-0.058108 0.085364 0.500000
-0.147687 0.090087 0.500000
-0.202496 -0.087196 0.500000
-0.403092 -0.065971 0.500000
-0.006594 0.080972 0.500000
0.047423 -0.073765 0.500000
0.309095 -0.039178 0.500000
0.394050 0.021515 0.500000
-0.165901 -0.087021 0.500000
0.443510 -0.015556 0.500000
0.406544 -0.022460 0.500000
-0.064532 0.085835 0.500000
-0.258846 -0.085701 0.500000
-0.352773 0.078117 0.500000
-0.490597 -0.003736 0.500000
0.328276 0.033763 0.500000
-0.062152 -0.082785 0.500000
0.126098 0.065563 0.500000
0.136112 -0.063844 0.500000
-0.318497 -0.081078 0.500000
0.452714 -0.013786 0.500000
0.444891 -0.015292 0.500000
-0.277799 -0.084620 0.500000
0.029092 0.077351 0.500000
-0.071853 -0.083379 0.500000
0.469176 -0.010567 0.500000
0.238619 -0.050007 0.500000
0.188300 -0.057092 0.500000
-0.143435 -0.086538 0.500000
0.472369 0.005626 0.500000
0.365063 0.027031 0.500000
-0.046467 0.084465 0.500000
0.476277 0.004793 0.500000
-0.343168 0.079787 0.500000
0.345860 -0.033114 0.500000
0.056194 0.074324 0.500000
0.058648 -0.072627 0.500000
0.469467 -0.010510 0.500000
-0.185790 -0.087217 0.500000
0.176975 -0.058610 0.500000
0.150258 0.062244 0.500000
-0.136589 -0.086338 0.500000
-0.379136 0.072642 0.500000
0.365750 -0.029712 0.500000
-0.244873 0.089530 0.500000
-0.154205 -0.086805 0.500000
0.143940 -0.062871 0.500000
0.412610 -0.021349 0.500000
-0.100872 -0.084934 0.500000
-0.026488 -0.080292 0.500000
-0.072528 0.086394 0.500000
-0.451328 -0.048185 0.500000
-0.414943 -0.062550 0.500000
0.174169 0.058823 0.500000
0.318847 -0.037598 0.500000
-0.085706 0.087253 0.500000
0.043375 0.075784 0.500000
0.123301 -0.065402 0.500000
0.023175 -0.076095 0.500000
0.317034 -0.037893 0.500000
-0.328130 0.082090 0.500000
-0.259067 0.088799 0.500000
0.452332 -0.013860 0.500000
0.390405 -0.025374 0.500000
-0.270995 0.088033 0.500000
0.474431 0.005187 0.500000
0.250008 -0.048328 0.500000
-0.373566 0.073920 0.500000
0.245084 -0.049057 0.500000
-0.377713 -0.071966 0.500000
-0.064309 0.085820 0.500000
0.085481 0.070814 0.500000
0.005986 -0.077639 0.500000
-0.365525 -0.074324 0.500000
0.350844 -0.032269 0.500000
-0.184260 -0.087214 0.500000
0.467385 0.006682 0.500000
0.098779 -0.068273 0.500000
-0.406801 -0.064948 0.500000
-0.357230 -0.075769 0.500000
-0.341214 -0.078232 0.500000
-0.045655 -0.081688 0.500000
0.269860 0.043859 0.500000
0.127113 0.065426 0.500000
0.225680 -0.051881 0.500000
-0.487439 0.013331 0.500000
0.129432 -0.064661 0.500000
0.506899 -0.002924 0.500000
-0.465807 0.037740 0.500000
-0.456571 -0.045370 0.500000
-0.325669 0.082434 0.500000
0.287476 -0.042611 0.500000
-0.176356 0.090636 0.500000
-0.025946 0.082745 0.500000
0.215180 0.052653 0.500000
-0.292695 -0.083531 0.500000
0.265435 -0.046010 0.500000
-0.445529 0.049891 0.500000
-0.322263 -0.080653 0.500000
0.280372 -0.043718 0.500000
-0.203935 -0.087186 0.500000
0.116765 0.066807 0.500000
0.392277 -0.025039 0.500000
0.346030 0.030551 0.500000
0.484184 -0.007572 0.500000
0.034722 0.076741 0.500000
-0.283937 0.087030 0.500000
0.360062 -0.030693 0.500000
0.213612 0.052896 0.500000
-0.418469 -0.061440 0.500000
-0.304469 0.085049 0.500000
-0.313796 -0.081583 0.500000
-0.384276 0.071401 0.500000
-0.486993 0.014287 0.500000
-0.387391 0.070616 0.500000
0.436544 -0.016882 0.500000
-0.071564 0.086329 0.500000
-0.383589 0.071569 0.500000
-0.404019 0.065984 0.500000
0.237841 -0.050120 0.500000
0.198644 -0.055681 0.500000
0.185177 -0.057513 0.500000
0.395869 -0.024394 0.500000
0.105058 -0.067552 0.500000
0.248936 0.047300 0.500000
0.394464 0.021435 0.500000
0.440114 -0.016204 0.500000
-0.197348 0.090687 0.500000
0.019600 -0.076423 0.500000
-0.012829 -0.079218 0.500000
0.251841 -0.048055 0.500000
-0.129216 0.089465 0.500000
-0.272003 -0.084985 0.500000
0.177469 0.058341 0.500000
0.094109 0.069734 0.500000
-0.296095 -0.083249 0.500000
0.221298 0.051702 0.500000
0.059788 0.073907 0.500000
0.085129 0.070857 0.500000
-0.483385 0.020453 0.500000
0.248490 0.047372 0.500000
-0.388854 -0.069529 0.500000
0.008571 0.079486 0.500000
-0.115223 0.088862 0.500000
-0.398437 0.067627 0.500000
0.144353 0.063068 0.500000
0.361361 0.027722 0.500000
-0.030305 -0.080581 0.500000
0.204988 -0.054803 0.500000
-0.490659 -0.002549 0.500000
0.112028 0.067430 0.500000
0.419525 0.016509 0.500000
-0.040610 -0.081334 0.500000
-0.068637 0.086125 0.500000
0.219611 -0.052748 0.500000
-0.200369 0.090665 0.500000
-0.409706 -0.064118 0.500000
-0.394903 0.068620 0.500000
0.386561 0.022958 0.500000
-0.050259 0.084766 0.500000
0.132549 0.064691 0.500000
-0.265566 -0.085355 0.500000
0.115045 0.067034 0.500000
-0.261277 -0.085579 0.500000
-0.443408 0.050935 0.500000
-0.090472 0.087542 0.500000
0.291499 0.040204 0.500000
0.220210 -0.052662 0.500000
-0.290784 0.086424 0.500000
0.075057 -0.070900 0.500000
0.238788 0.048935 0.500000
0.183303 0.057481 0.500000
0.037447 -0.074745 0.500000
0.203306 -0.055037 0.500000
0.363095 0.027398 0.500000
0.170673 -0.059443 0.500000
0.403008 0.019772 0.500000
-0.487896 0.012274 0.500000
-0.454278 -0.046636 0.500000
-0.059778 -0.082633 0.500000
0.222480 -0.052339 0.500000
0.046468 -0.073860 0.500000
-0.173976 0.090616 0.500000
-0.169121 -0.087071 0.500000
-0.462864 0.039815 0.500000
-0.441280 -0.052920 0.500000
-0.326531 -0.080151 0.500000
-0.284746 -0.084139 0.500000
0.407885 -0.022215 0.500000
-0.404598 0.065809 0.500000
-0.444033 0.050632 0.500000
0.336950 0.032202 0.500000
-0.402870 -0.066032 0.500000
0.108329 0.067912 0.500000
-0.345669 0.079365 0.500000
-0.084372 0.087171 0.500000
0.080524 -0.070308 0.500000
0.433927 0.013612 0.500000
0.403821 0.019613 0.500000
0.490622 -0.006269 0.500000
0.391085 -0.025252 0.500000
-0.195392 -0.087226 0.500000
-0.399905 0.067207 0.500000
-0.150703 0.090173 0.500000
0.222931 -0.052274 0.500000
0.025948 -0.075837 0.500000
0.124616 0.065762 0.500000
0.150831 -0.062003 0.500000
-0.489415 -0.010605 0.500000
0.129557 -0.064646 0.500000
-0.333393 -0.079293 0.500000
0.384591 0.023336 0.500000
0.198368 -0.055719 0.500000
-0.296532 -0.083212 0.500000
-0.016898 0.081933 0.500000
0.364354 -0.029953 0.500000
0.078465 0.071677 0.500000
0.106185 0.068190 0.500000
0.340250 0.031604 0.500000
-0.479718 -0.027592 0.500000
0.006595 -0.077586 0.500000
-0.488330 -0.013884 0.500000
0.452951 -0.013740 0.500000
0.210264 0.053413 0.500000
-0.348915 -0.077099 0.500000
0.239704 0.048789 0.500000
0.465649 -0.011263 0.500000
-0.104180 0.088312 0.500000
-0.457737 0.043131 0.500000
-0.083782 -0.084061 0.500000
0.277950 0.042504 0.500000
0.120673 -0.065717 0.500000
0.256825 0.046014 0.500000
-0.241566 -0.086415 0.500000
-0.331706 -0.079509 0.500000
-0.479625 0.025289 0.500000
-0.001485 0.080480 0.500000
-0.124259 -0.085923 0.500000
-0.261394 0.088662 0.500000
-0.369019 0.074912 0.500000
0.346895 -0.032939 0.500000
0.439710 0.012434 0.500000
-0.390492 0.069810 0.500000
0.000967 0.080241 0.500000
-0.384388 0.071374 0.500000
0.154068 0.061708 0.500000
0.244560 -0.049134 0.500000
-0.275870 -0.084747 0.500000
0.013106 0.079026 0.500000
0.161108 0.060709 0.500000
-0.142363 -0.086508 0.500000
-0.057679 -0.082497 0.500000
-0.037400 -0.081104 0.500000
-0.016297 -0.079497 0.500000
0.106236 -0.067416 0.500000
0.261285 0.045280 0.500000
-0.064477 0.085831 0.500000
-0.349441 0.078713 0.500000
0.314221 0.036259 0.500000
0.254282 -0.047690 0.500000
-0.456517 -0.045400 0.500000
0.330730 -0.035644 0.500000
-0.109863 0.088603 0.500000
-0.490554 -0.004291 0.500000
-0.248261 -0.086167 0.500000
0.061329 0.073726 0.500000
0.292081 -0.041888 0.500000
0.246734 0.047657 0.500000
0.248689 -0.048524 0.500000
0.497422 0.000216 0.500000
0.213817 0.052865 0.500000
-0.017799 0.082016 0.500000
-0.478325 -0.029106 0.500000
-0.027770 0.082904 0.500000
-0.069458 -0.083237 0.500000
0.153659 0.061766 0.500000
-0.020755 -0.079849 0.500000
-0.234628 0.089941 0.500000
-0.357631 -0.075702 0.500000
-0.408392 0.064632 0.500000
-0.489875 0.006038 0.500000
-0.077513 0.086730 0.500000
-0.359567 0.076842 0.500000
-0.482398 0.021832 0.500000
0.262811 0.045029 0.500000
0.086506 0.070686 0.500000
-0.368666 -0.073744 0.500000
-0.385402 -0.070314 0.500000
-0.128618 0.089443 0.500000
-0.039051 -0.081222 0.500000
-0.467278 -0.038583 0.500000
0.164863 -0.060202 0.500000
-0.446525 -0.050544 0.500000
0.073343 0.072298 0.500000
-0.081860 0.087010 0.500000
-0.354934 -0.076149 0.500000
-0.337847 -0.078700 0.500000
0.264235 -0.046192 0.500000
-0.366266 0.075492 0.500000
-0.320909 -0.080810 0.500000
-0.369215 0.074870 0.500000
-0.077833 0.086751 0.500000
-0.116240 0.088909 0.500000
0.432481 0.013905 0.500000
0.045418 0.075555 0.500000
0.109240 -0.067067 0.500000
-0.490679 -0.001504 0.500000
0.242158 0.048394 0.500000
0.289861 0.040484 0.500000
0.372551 -0.028529 0.500000
0.166481 -0.059991 0.500000
-0.148941 -0.086681 0.500000
-0.125124 -0.085953 0.500000
-0.393067 0.069121 0.500000
0.486809 -0.007042 0.500000
0.196755 -0.055940 0.500000
0.335682 0.032432 0.500000
-0.446270 0.049516 0.500000
0.246460 0.047701 0.500000
-0.384715 -0.070469 0.500000
0.482408 -0.007929 0.500000
0.408871 -0.022035 0.500000
-0.010175 -0.079003 0.500000
-0.384911 0.071243 0.500000
0.373739 -0.028321 0.500000
0.200715 0.054872 0.500000
-0.289193 -0.083808 0.500000
0.392584 0.021799 0.500000
-0.389235 -0.069441 0.500000
0.412241 -0.021417 0.500000
-0.272545 -0.084952 0.500000
-0.429730 0.056991 0.500000
0.197289 -0.055867 0.500000
0.334273 -0.035056 0.500000
0.193239 0.056001 0.500000
-0.037530 -0.081113 0.500000
0.016011 -0.076749 0.500000
-0.218254 0.090405 0.500000
-0.362002 -0.074953 0.500000
-0.208318 -0.087151 0.500000
0.234315 -0.050634 0.500000
-0.490664 -0.000308 0.500000
0.103014 0.068599 0.500000
0.430198 -0.018080 0.500000
0.076090 -0.070789 0.500000
-0.217823 0.090414 0.500000
-0.490005 0.005418 0.500000
-0.190539 -0.087230 0.500000
-0.199947 -0.087215 0.500000
0.235441 0.049470 0.500000
0.095908 0.069507 0.500000
-0.102301 0.088211 0.500000
-0.162338 -0.086964 0.500000
-0.460579 -0.043018 0.500000
0.173559 0.058912 0.500000
-0.269625 0.088131 0.500000
-0.305123 0.084976 0.500000
0.190454 -0.056800 0.500000
0.378675 -0.027455 0.500000
-0.055677 -0.082368 0.500000
-0.241734 -0.086409 0.500000
0.497611 -0.004842 0.500000
-0.407974 -0.064618 0.500000
-0.191922 0.090703 0.500000
-0.302204 -0.082714 0.500000
-0.270052 0.088100 0.500000
-0.489910 0.005875 0.500000
-0.256786 0.088933 0.500000
-0.271886 -0.084992 0.500000
-0.393809 0.068921 0.500000
-0.345503 -0.077612 0.500000
-0.484417 -0.021477 0.500000
-0.078439 0.086790 0.500000
0.369816 -0.029006 0.500000
-0.299711 -0.082940 0.500000
0.266883 -0.045789 0.500000
-0.221077 -0.086961 0.500000
-0.426060 -0.058880 0.500000
-0.175171 -0.087142 0.500000
0.357127 -0.031197 0.500000
-0.062266 -0.082792 0.500000
0.172465 -0.059207 0.500000
-0.183411 -0.087208 0.500000
0.481990 0.003568 0.500000
0.318407 -0.037670 0.500000
-0.352342 0.078196 0.500000
0.150282 -0.062073 0.500000
0.153426 0.061798 0.500000
0.343334 0.031043 0.500000
0.128596 0.065227 0.500000
0.137327 0.064038 0.500000
0.502545 -0.003826 0.500000
0.311343 -0.038816 0.500000
-0.252853 -0.085976 0.500000
0.255421 -0.047520 0.500000
0.344215 -0.033391 0.500000
-0.432700 0.055766 0.500000
0.167605 0.059775 0.500000
0.101814 -0.067926 0.500000
0.377300 -0.027696 0.500000
0.139714 0.063710 0.500000
0.316744 0.035814 0.500000
0.077718 -0.070614 0.500000
-0.033822 -0.080842 0.500000
0.426443 0.015124 0.500000
0.414814 -0.020944 0.500000
0.199512 0.055054 0.500000
0.318805 0.035449 0.500000
-0.490529 0.001856 0.500000
0.095137 -0.068686 0.500000
-0.277186 -0.084661 0.500000
-0.419880 -0.060982 0.500000
0.210377 -0.054051 0.500000
-0.251145 0.089232 0.500000
0.381574 -0.026943 0.500000
0.502028 -0.000797 0.500000
0.307631 0.037414 0.500000
0.459811 0.008276 0.500000
0.057381 -0.072758 0.500000
-0.386667 0.070799 0.500000
0.008408 0.079502 0.500000
-0.131510 -0.086177 0.500000
-0.121373 0.089142 0.500000
0.484881 0.002945 0.500000
0.342861 0.031129 0.500000
-0.301930 0.085320 0.500000
-0.008282 0.081131 0.500000
0.324909 -0.036605 0.500000
0.145065 -0.062730 0.500000
0.314946 0.036131 0.500000
0.047525 0.075317 0.500000
0.372783 0.025580 0.500000
-0.209648 0.090561 0.500000
0.427558 0.014899 0.500000
0.487979 -0.006805 0.500000
-0.205989 -0.087170 0.500000
0.323274 0.034656 0.500000
0.369485 0.026201 0.500000
0.275854 0.042857 0.500000
-0.053521 -0.082224 0.500000
0.191168 0.056311 0.500000
-0.155639 0.090292 0.500000
0.311143 0.036799 0.500000
-0.487325 -0.016252 0.500000
0.405581 -0.022636 0.500000
0.051888 -0.073317 0.500000
-0.285539 -0.084081 0.500000
-0.399612 -0.066892 0.500000
0.036170 -0.074868 0.500000
0.464376 -0.011513 0.500000
-0.364898 -0.074438 0.500000
0.128627 -0.064759 0.500000
0.341363 -0.033871 0.500000
0.433525 -0.017453 0.500000
0.195282 -0.056142 0.500000
0.142948 -0.062995 0.500000
0.437610 -0.016680 0.500000
0.337922 0.032027 0.500000
-0.140200 0.089859 0.500000
0.070833 -0.071352 0.500000
0.073012 -0.071120 0.500000
-0.489632 0.007066 0.500000
-0.079630 -0.083830 0.500000
0.421189 0.016177 0.500000
0.037648 -0.074725 0.500000
-0.250472 -0.086080 0.500000
0.203678 0.054421 0.500000
-0.034295 0.083465 0.500000
-0.245468 0.089502 0.500000
0.353070 -0.031890 0.500000
0.439152 0.012548 0.500000
0.048945 0.075156 0.500000
0.020579 -0.076334 0.500000
0.215950 0.052534 0.500000
-0.267784 0.088254 0.500000
0.492875 -0.005810 0.500000
0.039584 0.076206 0.500000
0.296580 -0.041178 0.500000
-0.478461 -0.028962 0.500000
-0.482250 -0.024533 0.500000
0.346699 0.030428 0.500000
-0.121357 0.089141 0.500000
-0.417143 0.061717 0.500000
-0.095555 -0.084677 0.500000
-0.490054 0.005172 0.500000
0.434430 0.013509 0.500000
-0.134625 0.089670 0.500000
-0.031002 -0.080633 0.500000
0.478453 0.004327 0.500000
-0.110804 -0.085384 0.500000
-0.145761 -0.086603 0.500000
-0.409922 0.064140 0.500000
-0.269116 0.088167 0.500000
0.411886 -0.021482 0.500000
-0.067806 -0.083136 0.500000
0.036020 -0.074883 0.500000
0.238754 0.048940 0.500000
-0.458616 0.042586 0.500000
-0.172702 0.090598 0.500000
0.064874 0.073309 0.500000
-0.437653 -0.054457 0.500000
-0.292964 -0.083510 0.500000
-0.007888 0.081094 0.500000
-0.044239 -0.081590 0.500000
-0.240465 -0.086452 0.500000
-0.451067 0.046993 0.500000
-0.401253 -0.066460 0.500000
-0.340653 -0.078311 0.500000
-0.029510 -0.080522 0.500000
0.004922 0.079851 0.500000
0.300264 0.038695 0.500000
-0.216166 0.090449 0.500000
-0.194642 -0.087227 0.500000
0.030809 -0.075380 0.500000
-0.255807 -0.085844 0.500000
0.090474 -0.069209 0.500000
0.186811 -0.057294 0.500000
-0.449457 0.047861 0.500000
0.263793 0.044867 0.500000
0.046882 0.075390 0.500000
-0.071706 -0.083370 0.500000
0.082029 -0.070144 0.500000
0.320492 -0.037329 0.500000
-0.351979 0.078263 0.500000
-0.301827 -0.082748 0.500000
-0.071917 -0.083383 0.500000
-0.434539 0.054984 0.500000
-0.121949 0.089166 0.500000
0.300215 0.038704 0.500000
-0.269615 -0.085129 0.500000
-0.186339 -0.087219 0.500000
0.060077 -0.072480 0.500000
-0.215935 -0.087053 0.500000
-0.350250 0.078571 0.500000
0.360469 0.027888 0.500000
-0.448823 0.048199 0.500000
-0.411709 0.063558 0.500000
-0.363827 -0.074632 0.500000
0.210277 0.053411 0.500000
0.028910 0.077370 0.500000
-0.146343 0.090048 0.500000
0.420040 0.016407 0.500000
0.188298 -0.057092 0.500000
-0.389250 -0.069437 0.500000
0.370171 -0.028944 0.500000
-0.184625 -0.087214 0.500000
0.445662 0.011213 0.500000
-0.194305 0.090696 0.500000
0.149159 0.062398 0.500000
-0.404280 -0.065647 0.500000
0.116311 -0.066236 0.500000
-0.042611 -0.081477 0.500000
-0.296500 0.085877 0.500000
0.420089 -0.019968 0.500000
0.110220 -0.066952 0.500000
0.451186 -0.014082 0.500000
0.179104 0.058100 0.500000
0.303308 0.038167 0.500000
0.453386 0.009616 0.500000
-0.279379 -0.084514 0.500000
0.094954 0.069628 0.500000
-0.017480 0.081987 0.500000
-0.485823 -0.019165 0.500000
-0.069662 0.086197 0.500000
-0.358006 0.077140 0.500000
-0.372970 0.074052 0.500000
-0.403882 -0.065755 0.500000
-0.304950 -0.082463 0.500000
0.388881 -0.025646 0.500000
0.422012 -0.019611 0.500000
-0.377784 -0.071951 0.500000
0.370454 -0.028894 0.500000
0.421205 0.016174 0.500000
-0.158156 0.090353 0.500000
0.157479 -0.061156 0.500000
0.124383 0.065794 0.500000
0.078649 0.071654 0.500000
0.283624 -0.043212 0.500000
-0.344049 0.079638 0.500000
0.331775 0.033136 0.500000
0.309112 0.037155 0.500000
0.015445 0.078786 0.500000
-0.050504 -0.082021 0.500000
-0.424361 0.059092 0.500000
-0.365658 0.075617 0.500000
-0.390859 -0.069062 0.500000
-0.483136 -0.023345 0.500000
-0.018256 -0.079653 0.500000
-0.470557 -0.036119 0.500000
-0.428600 -0.057969 0.500000
0.113399 -0.066580 0.500000
-0.432678 0.055775 0.500000
-0.428552 0.057463 0.500000
-0.372862 -0.072938 0.500000
0.476337 -0.009145 0.500000
-0.421282 -0.060519 0.500000
-0.302838 -0.082656 0.500000
0.450849 -0.014147 0.500000
0.026660 0.077610 0.500000
0.433422 0.013714 0.500000
-0.072444 -0.083414 0.500000
-0.412234 -0.063373 0.500000
-0.157906 0.090347 0.500000
-0.205551 0.090619 0.500000
0.128034 0.065303 0.500000
0.194064 0.055877 0.500000
-0.090953 0.087572 0.500000
0.462700 0.007670 0.500000
0.014064 -0.076924 0.500000
0.508154 -0.002154 0.500000
-0.133765 -0.086249 0.500000
0.316095 -0.038046 0.500000
0.323851 0.034554 0.500000
-0.090342 -0.084411 0.500000
0.264112 0.044814 0.500000
-0.439714 0.052682 0.500000
0.008640 -0.077405 0.500000
-0.233709 0.089972 0.500000
0.261262 0.045284 0.500000
-0.390421 0.069829 0.500000
0.114690 -0.066427 0.500000
-0.159350 -0.086909 0.500000
0.171760 -0.059300 0.500000
-0.110292 -0.085362 0.500000
-0.436411 -0.054965 0.500000
-0.206825 0.090603 0.500000
0.310326 -0.038980 0.500000
-0.393837 -0.068347 0.500000
-0.409613 -0.064145 0.500000
-0.004181 -0.078506 0.500000
0.386853 0.022902 0.500000
-0.426213 0.058382 0.500000
0.401074 0.020150 0.500000
0.361335 -0.030474 0.500000
0.114205 0.067145 0.500000
0.034755 -0.075005 0.500000
0.504103 -0.001256 0.500000
0.311896 0.036668 0.500000
0.335311 -0.034883 0.500000
-0.293199 0.086201 0.500000
-0.416974 -0.061916 0.500000
-0.412207 -0.063381 0.500000
0.035037 0.076707 0.500000
-0.033636 0.083409 0.500000
0.236896 0.049237 0.500000
0.085575 0.070802 0.500000
0.007009 0.079643 0.500000
-0.489446 0.007774 0.500000
0.207257 0.053874 0.500000
0.384536 0.023346 0.500000
0.042246 -0.074277 0.500000
0.222167 0.051566 0.500000
0.096268 -0.068558 0.500000
-0.219061 -0.086997 0.500000
0.365681 -0.029724 0.500000
-0.260368 0.088722 0.500000
-0.397358 0.067936 0.500000
0.248215 0.047417 0.500000
-0.141007 -0.086470 0.500000
-0.471576 0.033202 0.500000
0.405287 0.019326 0.500000
-0.002339 0.080562 0.500000
-0.023263 -0.080045 0.500000
0.187141 -0.057249 0.500000
0.471089 -0.010189 0.500000
-0.212556 0.090518 0.500000
-0.133034 -0.086226 0.500000
0.477890 -0.008835 0.500000
0.252567 0.046710 0.500000
0.471316 -0.010144 0.500000
0.485124 -0.007382 0.500000
-0.445867 -0.050853 0.500000
0.303731 0.038094 0.500000
-0.143306 0.089961 0.500000
-0.250545 -0.086077 0.500000
0.399204 -0.023793 0.500000
0.086576 -0.069643 0.500000
0.136339 0.064173 0.500000
-0.226082 0.090211 0.500000
-0.439298 -0.053770 0.500000
0.438654 -0.016482 0.500000
0.466045 0.006965 0.500000
0.477887 0.004449 0.500000
0.001178 0.080221 0.500000
0.106562 -0.067378 0.500000
0.416097 0.017192 0.500000
-0.156012 0.090301 0.500000
-0.079382 0.086850 0.500000
-0.427660 0.057817 0.500000
0.365815 -0.029701 0.500000
0.174862 0.058722 0.500000
0.461378 -0.012101 0.500000
0.225194 0.051091 0.500000
-0.126811 -0.086013 0.500000
0.454228 -0.013493 0.500000
-0.116533 0.088922 0.500000
-0.257547 -0.085767 0.500000
0.336164 0.032344 0.500000
0.356351 -0.031330 0.500000
0.301071 0.038555 0.500000
-0.034029 0.083442 0.500000
-0.423344 -0.059824 0.500000
-0.284028 0.087022 0.500000
-0.472410 0.032483 0.500000
0.287755 0.040843 0.500000
0.196560 0.055501 0.500000
0.430155 0.014375 0.500000
-0.453286 0.045759 0.500000
0.267288 -0.045728 0.500000
-0.143408 -0.086537 0.500000
0.495445 -0.005285 0.500000
0.331239 0.033232 0.500000
-0.244931 -0.086297 0.500000
0.420293 -0.019930 0.500000
-0.034460 0.083479 0.500000
0.374007 -0.028274 0.500000
-0.332021 -0.079469 0.500000
-0.231723 0.090039 0.500000
-0.289365 0.086554 0.500000
0.442344 -0.015779 0.500000
-0.062827 0.085712 0.500000
0.217706 0.052262 0.500000
0.440932 -0.016048 0.500000
0.273059 0.043325 0.500000
0.390545 0.022192 0.500000
-0.392747 -0.068609 0.500000
0.507162 -0.002870 0.500000
-0.277870 -0.084615 0.500000
-0.172923 0.090601 0.500000
0.147352 0.062651 0.500000
-0.156561 0.090314 0.500000
-0.201883 0.090652 0.500000
0.281229 -0.043585 0.500000
-0.182539 0.090686 0.500000
-0.033294 -0.080803 0.500000
-0.253330 -0.085955 0.500000
-0.385764 -0.070233 0.500000
-0.299508 -0.082959 0.500000
0.318161 0.035563 0.500000
0.066544 -0.071806 0.500000
0.146872 0.062718 0.500000
-0.340035 -0.078398 0.500000
-0.184848 -0.087215 0.500000
0.187221 0.056900 0.500000
0.254622 -0.047640 0.500000
-0.108064 0.088513 0.500000
0.020957 -0.076299 0.500000
-0.392972 -0.068555 0.500000
0.473466 -0.009717 0.500000
0.394533 0.021422 0.500000
0.470941 -0.010218 0.500000
0.251682 0.046854 0.500000
0.382519 0.023732 0.500000
0.129281 -0.064680 0.500000
0.400299 -0.023594 0.500000
0.441482 0.012071 0.500000
0.011523 -0.077151 0.500000
-0.484041 0.019478 0.500000
0.436481 -0.016894 0.500000
0.373115 -0.028430 0.500000
0.453856 -0.013565 0.500000
-0.288820 0.086604 0.500000
0.211708 -0.053864 0.500000
-0.489712 0.006741 0.500000
-0.045392 0.084380 0.500000
-0.353448 -0.076388 0.500000
0.412655 0.017874 0.500000
-0.424852 0.058907 0.500000
-0.363698 0.076021 0.500000
0.225064 0.051112 0.500000
-0.337200 0.080742 0.500000
-0.018477 0.082078 0.500000
0.374314 0.025291 0.500000
-0.350570 -0.076844 0.500000
-0.247018 0.089431 0.500000
0.193709 -0.056357 0.500000
-0.390018 -0.069258 0.500000
0.154214 0.061687 0.500000
-0.249319 -0.086125 0.500000
-0.251296 -0.086046 0.500000
0.013104 -0.077010 0.500000
0.125057 0.065703 0.500000
-0.075917 0.086623 0.500000
-0.248867 0.089346 0.500000
0.382281 -0.026818 0.500000
0.264822 -0.046103 0.500000
0.138629 0.063860 0.500000
-0.186610 0.090698 0.500000
-0.454259 -0.046646 0.500000
-0.066761 0.085993 0.500000
-0.286455 -0.084014 0.500000
0.319062 0.035404 0.500000
-0.093145 0.087700 0.500000
0.389170 -0.025594 0.500000
0.140712 0.063572 0.500000
0.496144 0.000496 0.500000
0.261565 0.045234 0.500000
0.324423 0.034452 0.500000
0.492235 -0.005940 0.500000
-0.425483 -0.059084 0.500000
-0.130139 -0.086130 0.500000
0.182761 -0.057839 0.500000
-0.182612 0.090686 0.500000
-0.183218 -0.087206 0.500000
0.503931 -0.001218 0.500000
-0.088904 0.087447 0.500000
-0.409582 -0.064154 0.500000
0.502443 -0.000889 0.500000
0.188747 -0.057031 0.500000
-0.465711 -0.039687 0.500000
-0.108803 0.088550 0.500000
-0.279982 -0.084473 0.500000
0.328269 -0.036052 0.500000
0.372053 -0.028616 0.500000
-0.404883 0.065722 0.500000
-0.193237 -0.087231 0.500000
-0.078646 -0.083774 0.500000
-0.487969 0.012099 0.500000
0.481779 0.003614 0.500000
0.442149 0.011935 0.500000
0.398915 -0.023845 0.500000
0.102642 -0.067831 0.500000
0.193245 0.056000 0.500000
-0.454121 -0.046719 0.500000
0.400627 -0.023535 0.500000
-0.011344 0.081420 0.500000
-0.149883 0.090150 0.500000
-0.236102 0.089891 0.500000
-0.029075 0.083018 0.500000
0.214488 0.052761 0.500000
-0.225432 0.090229 0.500000
0.075345 0.072056 0.500000
0.459521 -0.012463 0.500000
-0.326751 0.082283 0.500000
0.148263 -0.062328 0.500000
0.239354 0.048845 0.500000
-0.471817 0.032998 0.500000
0.271969 0.043507 0.500000
-0.475388 -0.032001 0.500000
0.093299 0.069836 0.500000
0.176745 -0.058641 0.500000
-0.155089 0.090279 0.500000
-0.379589 -0.071573 0.500000
0.405487 -0.022653 0.500000
0.435371 0.013318 0.500000
0.234833 0.049566 0.500000
-0.321819 0.082954 0.500000
0.044752 0.075629 0.500000
0.298244 0.039044 0.500000
0.123605 0.065898 0.500000
-0.084407 0.087173 0.500000
-0.246644 -0.086230 0.500000
-0.029760 0.083077 0.500000
0.052985 0.074695 0.500000
0.463461 0.007510 0.500000
-0.486768 -0.017401 0.500000
0.492536 -0.005879 0.500000
-0.488731 -0.012789 0.500000
-0.133402 0.089623 0.500000
-0.449817 -0.048948 0.500000
0.163439 -0.060387 0.500000
-0.227580 -0.086821 0.500000
0.379376 0.024331 0.500000
0.076787 -0.070714 0.500000
0.093047 -0.068922 0.500000
0.111935 -0.066752 0.500000
0.501945 -0.003950 0.500000
-0.040949 0.084019 0.500000
0.448696 -0.014562 0.500000
0.058798 0.074022 0.500000
0.128228 0.065276 0.500000
0.299539 -0.040708 0.500000
0.261888 -0.046547 0.500000
0.023894 0.077905 0.500000
-0.024968 0.082659 0.500000
0.417889 0.016835 0.500000
0.165241 0.060116 0.500000
0.042579 0.075873 0.500000
0.256606 0.046050 0.500000
0.160299 0.060824 0.500000
-0.363338 -0.074720 0.500000
-0.010403 0.081331 0.500000
-0.300188 0.085503 0.500000
0.320115 0.035218 0.500000
0.359098 0.028142 0.500000
-0.338852 -0.078564 0.500000
0.068547 0.072874 0.500000
0.215585 -0.053318 0.500000
0.200978 -0.055359 0.500000
-0.225620 -0.086866 0.500000
0.084875 -0.069831 0.500000
0.102013 -0.067903 0.500000
-0.221177 0.090344 0.500000
-0.255737 0.088991 0.500000
-0.066215 0.085954 0.500000
0.280414 0.042089 0.500000
0.497952 0.000100 0.500000
0.138420 -0.063558 0.500000
-0.368843 -0.073710 0.500000
0.203248 0.054487 0.500000
0.071024 -0.071332 0.500000
-0.113840 0.088798 0.500000
0.131905 0.064778 0.500000
-0.144844 0.090005 0.500000
0.295887 0.039450 0.500000
-0.114209 -0.085527 0.500000
0.164472 0.060226 0.500000
0.438746 0.012631 0.500000
-0.380036 0.072429 0.500000
0.331550 -0.035509 0.500000
-0.035701 0.083584 0.500000
0.340795 -0.033967 0.500000
0.089412 -0.069328 0.500000
0.230060 0.050324 0.500000
0.451481 -0.014025 0.500000
-0.179064 -0.087176 0.500000
-0.374952 0.073609 0.500000
0.444652 0.011421 0.500000
-0.128238 -0.086063 0.500000
0.402143 0.019941 0.500000
0.084426 0.070945 0.500000
0.105857 -0.067460 0.500000
-0.033295 -0.080803 0.500000
0.231762 0.050054 0.500000
0.045791 0.075513 0.500000
-0.465099 -0.040105 0.500000
0.481144 -0.008183 0.500000
-0.439001 0.053011 0.500000
0.385489 -0.026249 0.500000
-0.441919 0.051650 0.500000
0.238783 -0.049983 0.500000
-0.299647 0.085560 0.500000
-0.013699 0.081639 0.500000
-0.181876 0.090684 0.500000
-0.148851 -0.086678 0.500000
0.439969 -0.016232 0.500000
0.179704 -0.058247 0.500000
0.273843 -0.044725 0.500000
-0.436663 -0.054863 0.500000
-0.327350 0.082199 0.500000
-0.432016 0.056052 0.500000
0.168983 0.059576 0.500000
-0.020821 -0.079854 0.500000
-0.249849 0.089300 0.500000
-0.278320 -0.084585 0.500000
-0.123048 0.089212 0.500000
0.246681 0.047665 0.500000
0.140182 0.063645 0.500000
0.122761 -0.065467 0.500000
0.187892 0.056800 0.500000
0.324526 0.034433 0.500000
-0.170012 0.090560 0.500000
0.145087 -0.062728 0.500000
0.326382 0.034102 0.500000
0.168131 -0.059775 0.500000
-0.140641 0.089874 0.500000
0.472552 0.005587 0.500000
-0.155233 0.090282 0.500000
-0.286573 -0.084005 0.500000
-0.011186 -0.079086 0.500000
-0.455028 -0.046226 0.500000
-0.464512 0.038669 0.500000
0.002233 -0.077962 0.500000
-0.449454 -0.049127 0.500000
-0.028945 -0.080479 0.500000
0.116173 0.066885 0.500000
-0.269463 -0.085137 0.500000
0.204800 0.054250 0.500000
-0.345164 -0.077662 0.500000
0.109482 0.067763 0.500000
-0.342010 -0.078120 0.500000
-0.372142 0.074235 0.500000
-0.408091 -0.064585 0.500000
-0.372567 -0.072996 0.500000
-0.421315 -0.060508 0.500000
-0.280474 -0.084440 0.500000
0.145121 0.062961 0.500000
-0.253298 -0.085957 0.500000
0.403408 -0.023031 0.500000
0.115043 -0.066386 0.500000
-0.363040 0.076154 0.500000
0.068507 0.072878 0.500000
-0.166678 0.090513 0.500000
0.225170 0.051095 0.500000
-0.184525 0.090692 0.500000
0.056986 0.074233 0.500000
0.258626 -0.047039 0.500000
0.151456 0.062076 0.500000
0.231952 -0.050977 0.500000
0.398669 0.020619 0.500000
0.046305 0.075455 0.500000
-0.344871 -0.077705 0.500000
0.069637 -0.071479 0.500000
-0.258424 -0.085723 0.500000
0.370177 0.026071 0.500000
0.029129 -0.075540 0.500000
0.065152 -0.071952 0.500000
-0.243946 -0.086334 0.500000
0.408654 0.018664 0.500000
0.152796 0.061887 0.500000
-0.412397 -0.063324 0.500000
0.131117 -0.064457 0.500000
-0.406585 -0.065009 0.500000
0.376037 -0.027918 0.500000
0.195995 -0.056044 0.500000
0.371040 0.025909 0.500000
0.335414 -0.034866 0.500000
0.240533 -0.049726 0.500000
-0.274844 0.087756 0.500000
-0.377351 0.073060 0.500000
0.204878 -0.054818 0.500000
0.246793 0.047647 0.500000
-0.035148 -0.080940 0.500000
0.281260 -0.043580 0.500000
0.135403 -0.063931 0.500000
-0.357367 -0.075746 0.500000
0.086315 0.070710 0.500000
0.139352 -0.063443 0.500000
-0.170459 0.090566 0.500000
0.225886 -0.051851 0.500000
0.014016 0.078933 0.500000
-0.439614 -0.053636 0.500000
-0.477701 -0.029752 0.500000
-0.300924 -0.082830 0.500000
-0.113034 0.088761 0.500000
-0.287192 0.086753 0.500000
0.470909 0.005936 0.500000
0.093240 -0.068900 0.500000
0.448505 0.010627 0.500000
0.349996 0.029824 0.500000
0.358594 0.028236 0.500000
0.192640 0.056091 0.500000
-0.314863 0.083845 0.500000
-0.171358 0.090579 0.500000
0.293667 -0.041638 0.500000
0.412656 0.017874 0.500000
0.401866 0.019995 0.500000
-0.172508 -0.087111 0.500000
0.333005 -0.035267 0.500000
-0.431463 -0.056905 0.500000
0.361210 0.027750 0.500000
-0.063465 -0.082867 0.500000
0.125546 -0.065132 0.500000
0.426732 -0.018730 0.500000
-0.468521 -0.037678 0.500000
-0.161810 0.090423 0.500000
0.395418 -0.024475 0.500000
0.044564 0.075650 0.500000
-0.472815 -0.034278 0.500000
0.366968 0.026674 0.500000
0.028360 -0.075612 0.500000
0.195317 0.055688 0.500000
0.151206 -0.061956 0.500000
0.377400 -0.027679 0.500000
0.469550 0.006224 0.500000
-0.392880 0.069172 0.500000
-0.123411 -0.085891 0.500000
0.448896 0.010546 0.500000
-0.490511 -0.004758 0.500000
-0.241744 -0.086409 0.500000
-0.422020 0.059968 0.500000
-0.178618 0.090656 0.500000
-0.076461 -0.083650 0.500000
0.084228 0.070969 0.500000
-0.062936 -0.082834 0.500000
0.245995 0.047776 0.500000
0.125613 0.065628 0.500000
-0.396441 0.068193 0.500000
-0.180567 0.090672 0.500000
0.166260 0.059969 0.500000
-0.042123 -0.081442 0.500000
-0.129281 -0.086100 0.500000
0.508001 -0.002120 0.500000
-0.046218 -0.081728 0.500000
-0.378226 -0.071860 0.500000
-0.202101 -0.087199 0.500000
0.382547 0.023727 0.500000
-0.339930 0.080311 0.500000
-0.168442 0.090538 0.500000
0.026056 -0.075827 0.500000
0.306514 0.037609 0.500000
0.476927 -0.009028 0.500000
-0.063284 0.085745 0.500000
0.350118 -0.032393 0.500000
-0.094489 -0.084623 0.500000
-0.090551 -0.084421 0.500000
0.132948 -0.064232 0.500000
0.067775 -0.071677 0.500000
-0.152725 -0.086772 0.500000
-0.415754 0.062201 0.500000
-0.221689 -0.086950 0.500000
0.461878 -0.012003 0.500000
0.409669 0.018464 0.500000
0.185584 -0.057459 0.500000
0.166219 -0.060025 0.500000
0.129127 -0.064698 0.500000
-0.367142 -0.074030 0.500000
0.490684 0.001688 0.500000
0.181880 -0.057956 0.500000
-0.139835 -0.086437 0.500000
0.096014 0.069493 0.500000
0.319898 0.035256 0.500000
0.310954 0.036833 0.500000
0.173327 0.058946 0.500000
0.312134 0.036626 0.500000
-0.088370 -0.084308 0.500000
0.438021 0.012779 0.500000
-0.096232 -0.084710 0.500000
0.048114 -0.073696 0.500000
-0.490111 0.004868 0.500000
-0.422761 0.059695 0.500000
-0.388923 -0.069513 0.500000
-0.481988 -0.024872 0.500000
-0.369178 0.074878 0.500000
-0.419922 -0.060968 0.500000
0.239265 0.048859 0.500000
0.088944 0.070383 0.500000
-0.212159 0.090524 0.500000
-0.065555 0.085907 0.500000
0.049538 -0.073553 0.500000
-0.200323 0.090666 0.500000
-0.460477 0.041403 0.500000
0.502362 -0.000871 0.500000
0.376888 0.024804 0.500000
0.159217 0.060978 0.500000
0.333458 0.032833 0.500000
0.474242 -0.009563 0.500000
-0.386107 -0.070156 0.500000
-0.108587 0.088539 0.500000
0.452854 0.009726 0.500000
0.052122 -0.073294 0.500000
-0.407168 -0.064845 0.500000
-0.470541 -0.036133 0.500000
-0.045083 0.084355 0.500000
-0.058971 -0.082580 0.500000
0.126872 -0.064972 0.500000
0.489440 -0.006509 0.500000
-0.300241 -0.082892 0.500000
-0.292261 0.086289 0.500000
-0.365550 -0.074319 0.500000
0.286140 -0.042820 0.500000
-0.443320 -0.052018 0.500000
0.057542 0.074169 0.500000
-0.382724 -0.070903 0.500000
-0.426698 -0.058655 0.500000
-0.203502 -0.087189 0.500000
0.173765 -0.059035 0.500000
-0.193387 0.090699 0.500000
0.309608 0.037069 0.500000
-0.052690 -0.082168 0.500000
-0.035528 0.083569 0.500000
-0.472755 -0.034329 0.500000
0.044580 0.075648 0.500000
0.078083 0.071723 0.500000
-0.001883 -0.078313 0.500000
0.378494 -0.027486 0.500000
-0.220694 0.090354 0.500000
0.378495 0.024499 0.500000
-0.489790 -0.009134 0.500000
0.480382 0.003914 0.500000
-0.459790 -0.043495 0.500000
0.398471 0.020657 0.500000
-0.118548 -0.085703 0.500000
0.501036 -0.000579 0.500000
-0.070837 0.086280 0.500000
-0.107285 -0.085229 0.500000
-0.478818 -0.028583 0.500000
-0.303781 0.085125 0.500000
0.416407 -0.020650 0.500000
0.314649 -0.038281 0.500000
0.333435 -0.035196 0.500000
0.096757 0.069399 0.500000
-0.234047 -0.086651 0.500000
0.113829 0.067194 0.500000
-0.249075 -0.086135 0.500000
0.238680 -0.049998 0.500000
0.081998 0.071243 0.500000
-0.489211 -0.011311 0.500000
-0.038662 -0.081194 0.500000
0.434653 0.013464 0.500000
0.295622 0.039496 0.500000
-0.284042 -0.084190 0.500000
-0.351040 -0.076772 0.500000
0.091613 -0.069082 0.500000
-0.154886 0.090274 0.500000
-0.405338 -0.065358 0.500000
-0.352092 0.078242 0.500000
-0.364903 0.075773 0.500000
0.447769 -0.014740 0.500000
0.443274 -0.015602 0.500000
0.228674 -0.051451 0.500000
-0.132906 0.089605 0.500000
0.390716 -0.025318 0.500000
0.392027 -0.025083 0.500000
-0.051356 -0.082079 0.500000
-0.022285 -0.079968 0.500000
0.075308 0.072060 0.500000
-0.345240 -0.077651 0.500000
0.193430 -0.056395 0.500000
-0.050857 -0.082045 0.500000
-0.088632 -0.084322 0.500000
-0.459263 0.042180 0.500000
-0.240108 0.089732 0.500000
0.409690 -0.021885 0.500000
0.183415 0.057465 0.500000
0.179856 -0.058227 0.500000
-0.344583 -0.077748 0.500000
0.138890 -0.063500 0.500000
-0.325158 -0.080318 0.500000
0.152342 -0.061812 0.500000
0.185116 -0.057522 0.500000
-0.412356 0.063344 0.500000
0.083917 -0.069937 0.500000
-0.300731 -0.082848 0.500000
0.424147 -0.019213 0.500000
0.288172 0.040772 0.500000
0.139034 0.063804 0.500000
0.313060 0.036463 0.500000
0.197742 -0.055805 0.500000
-0.205241 -0.087176 0.500000
-0.440185 0.052464 0.500000
-0.243291 0.089602 0.500000
0.378356 0.024525 0.500000
-0.166782 -0.087036 0.500000
-0.020581 -0.079835 0.500000
0.433960 0.013605 0.500000
-0.134965 -0.086287 0.500000
0.184643 -0.057585 0.500000
0.269967 -0.045319 0.500000
-0.237877 0.089820 0.500000
0.005379 -0.077691 0.500000
0.066917 0.073067 0.500000
0.093734 -0.068844 0.500000
0.361990 0.027605 0.500000
0.122868 0.065996 0.500000
0.348240 0.030146 0.500000
0.100295 0.068949 0.500000
0.271930 0.043514 0.500000
0.103308 0.068562 0.500000
0.434783 0.013438 0.500000
0.280174 0.042129 0.500000
0.288389 0.040735 0.500000
0.372770 -0.028490 0.500000
0.491886 0.001426 0.500000
0.131066 0.064892 0.500000
-0.161306 -0.086948 0.500000
-0.006459 0.080959 0.500000
0.024908 0.077797 0.500000
0.276995 0.042665 0.500000
0.190521 -0.056791 0.500000
0.029754 0.077280 0.500000
0.338076 0.031999 0.500000
0.477088 0.004620 0.500000
0.098032 0.069237 0.500000
-0.007006 -0.078742 0.500000
0.491153 0.001585 0.500000
-0.087657 -0.084270 0.500000
0.331716 -0.035481 0.500000
-0.356146 0.077495 0.500000
-0.445393 -0.051075 0.500000
0.455480 -0.013250 0.500000
0.165945 -0.060061 0.500000
0.147366 -0.062441 0.500000
-0.343897 -0.077849 0.500000
0.095019 -0.068699 0.500000
-0.305447 -0.082415 0.500000
-0.428517 0.057477 0.500000
0.103676 0.068514 0.500000
0.404680 0.019445 0.500000
-0.288077 -0.083895 0.500000
-0.201407 -0.087205 0.500000
-0.307743 0.084683 0.500000
-0.157636 0.090340 0.500000
0.080556 -0.070304 0.500000
0.085081 -0.069808 0.500000
0.143313 0.063213 0.500000
-0.416401 0.061976 0.500000
0.332505 -0.035350 0.500000
0.213502 0.052913 0.500000
-0.256236 -0.085825 0.500000
0.427199 0.014972 0.500000
-0.196253 -0.087224 0.500000
-0.178039 0.090651 0.500000
0.022838 0.078016 0.500000
-0.072834 0.086415 0.500000
-0.321945 -0.080690 0.500000
-0.346027 -0.077535 0.500000
0.485957 -0.007214 0.500000
-0.368596 0.075002 0.500000
0.128762 0.065205 0.500000
0.179080 0.058104 0.500000
-0.452642 -0.047505 0.500000
0.433870 0.013623 0.500000
0.493094 0.001163 0.500000
0.416038 0.017204 0.500000
-0.093974 0.087747 0.500000
0.247595 -0.048686 0.500000
-0.487673 -0.015479 0.500000
0.154886 -0.061487 0.500000
-0.393022 -0.068543 0.500000
-0.481374 0.023172 0.500000
-0.199063 0.090677 0.500000
-0.064200 0.085812 0.500000
0.143534 0.063182 0.500000
0.385341 -0.026276 0.500000
0.305272 0.037825 0.500000
0.102157 0.068709 0.500000
0.225937 -0.051844 0.500000
0.041585 0.075984 0.500000
0.109378 0.067776 0.500000
-0.316525 0.083636 0.500000
0.049093 -0.073598 0.500000
0.509070 -0.002473 0.500000
-0.458518 -0.044251 0.500000
0.331337 0.033214 0.500000
0.181554 -0.058000 0.500000
0.350279 0.029772 0.500000
0.081326 0.071326 0.500000
-0.294273 -0.083404 0.500000
0.320625 0.035127 0.500000
-0.437920 -0.054346 0.500000
0.135162 -0.063961 0.500000
0.500805 -0.000528 0.500000
0.071835 0.072479 0.500000
-0.341010 -0.078260 0.500000
-0.135231 0.089692 0.500000
-0.050321 -0.082009 0.500000
0.225681 0.051014 0.500000
-0.046368 -0.081738 0.500000
0.488887 -0.006621 0.500000
-0.052340 0.084926 0.500000
-0.277655 0.087539 0.500000
0.067404 -0.071716 0.500000
-0.071419 0.086319 0.500000
-0.471513 0.033256 0.500000
0.103209 0.068574 0.500000
-0.053625 -0.082231 0.500000
0.317575 0.035667 0.500000
-0.218260 -0.087011 0.500000
0.386335 -0.026099 0.500000
-0.001298 0.080462 0.500000
0.196608 -0.055960 0.500000
-0.090232 -0.084405 0.500000
-0.369964 -0.073499 0.500000
-0.033253 0.083376 0.500000
-0.115802 -0.085594 0.500000
0.193570 0.055951 0.500000
0.150802 -0.062007 0.500000
0.018572 0.078463 0.500000
-0.449421 0.047881 0.500000
0.192824 -0.056478 0.500000
0.391163 0.022073 0.500000
0.290657 0.040348 0.500000
0.431387 0.014126 0.500000
-0.152090 0.090207 0.500000
-0.184285 -0.087214 0.500000
-0.404684 -0.065536 0.500000
-0.145168 0.090014 0.500000
-0.342367 -0.078069 0.500000
-0.058733 0.085410 0.500000
0.089026 0.070373 0.500000
0.190433 -0.056803 0.500000
0.198276 -0.055731 0.500000
-0.426286 0.058354 0.500000
-0.482740 -0.023885 0.500000
-0.255069 0.089026 0.500000
0.486444 0.002607 0.500000
0.488140 -0.006772 0.500000
0.356423 0.028639 0.500000
0.042114 -0.074290 0.500000
0.499467 -0.000233 0.500000
-0.471629 -0.035262 0.500000
-0.350208 0.078579 0.500000
0.380179 -0.027189 0.500000
0.199513 -0.055561 0.500000
-0.149985 0.090153 0.500000
-0.388567 -0.069596 0.500000
0.149122 -0.062220 0.500000
0.323003 0.034705 0.500000
0.262935 0.045008 0.500000
-0.452607 -0.047522 0.500000
0.121465 0.066183 0.500000
-0.078999 -0.083794 0.500000
0.118858 0.066530 0.500000
0.149099 0.062406 0.500000
0.126913 -0.064967 0.500000
-0.182629 0.090686 0.500000
0.403764 -0.022966 0.500000
-0.218003 0.090410 0.500000
-0.320165 -0.080895 0.500000
0.087842 -0.069503 0.500000
0.430015 -0.018114 0.500000
-0.220613 0.090356 0.500000
-0.184318 -0.087214 0.500000
0.229918 -0.051271 0.500000
-0.270164 -0.085098 0.500000
0.071298 -0.071303 0.500000
0.457594 -0.012839 0.500000
0.238138 -0.050077 0.500000
0.097094 0.069356 0.500000
0.222689 -0.052309 0.500000
0.258967 -0.046988 0.500000
0.024055 0.077889 0.500000
0.166730 0.059901 0.500000
0.002022 -0.077980 0.500000
0.220215 -0.052662 0.500000
-0.154662 0.090269 0.500000
0.245110 0.047919 0.500000
0.062195 -0.072261 0.500000
-0.301273 0.085389 0.500000
0.243110 -0.049348 0.500000
-0.317879 -0.081145 0.500000
-0.233096 0.089993 0.500000
0.089406 -0.069329 0.500000
-0.224479 0.090255 0.500000
-0.284852 -0.084131 0.500000
0.143338 -0.062946 0.500000
-0.488818 -0.012536 0.500000
0.460309 0.008171 0.500000
-0.368103 0.075107 0.500000
0.015925 0.078737 0.500000
-0.384706 0.071295 0.500000
-0.244146 -0.086328 0.500000
-0.000192 0.080355 0.500000
0.279131 0.042305 0.500000
-0.073522 -0.083478 0.500000
0.125228 -0.065170 0.500000
0.231941 0.050026 0.500000
-0.370222 0.074655 0.500000
0.075096 0.072086 0.500000
0.086572 -0.069644 0.500000
-0.270106 -0.085101 0.500000
-0.340201 0.080267 0.500000
-0.167485 0.090525 0.500000
-0.203470 -0.087189 0.500000
0.284427 0.041409 0.500000
0.039061 -0.074588 0.500000
0.115615 0.066959 0.500000
-0.356477 -0.075896 0.500000
0.121722 0.066149 0.500000
-0.131075 -0.086163 0.500000
0.016516 -0.076704 0.500000
-0.283592 0.087059 0.500000
-0.448284 -0.049702 0.500000
-0.397364 0.067934 0.500000
-0.058656 -0.082560 0.500000
-0.411189 0.063730 0.500000
0.218710 0.052105 0.500000
-0.457420 0.043325 0.500000
0.382544 0.023727 0.500000
0.445617 -0.015153 0.500000
-0.076020 -0.083625 0.500000
0.340745 -0.033975 0.500000
-0.147867 0.090092 0.500000
0.473970 0.005285 0.500000
-0.458621 -0.044190 0.500000
-0.024522 0.082620 0.500000
-0.359057 0.076940 0.500000
0.078681 0.071650 0.500000
-0.268952 -0.085166 0.500000
0.201386 -0.055302 0.500000
0.415305 0.017349 0.500000
-0.467054 0.036815 0.500000
0.481684 -0.008075 0.500000
0.214224 -0.053510 0.500000
-0.468149 -0.037951 0.500000
-0.389572 0.070051 0.500000
0.310130 -0.039012 0.500000
0.453068 -0.013718 0.500000
0.177223 0.058377 0.500000
-0.405496 0.065536 0.500000
0.083001 -0.070038 0.500000
0.445926 -0.015094 0.500000
0.189839 0.056510 0.500000
0.286245 0.041101 0.500000
-0.141728 0.089910 0.500000
0.046166 -0.073891 0.500000
-0.022097 0.082403 0.500000
0.407056 -0.022367 0.500000
0.369399 -0.029078 0.500000
-0.180519 0.090672 0.500000
0.194470 -0.056253 0.500000
-0.484580 0.018639 0.500000
-0.336505 -0.078880 0.500000
0.063953 -0.072077 0.500000
-0.140362 -0.086452 0.500000
0.319492 -0.037493 0.500000
-0.052206 0.084915 0.500000
-0.197752 -0.087220 0.500000
0.356006 0.028716 0.500000
-0.237524 0.089834 0.500000
-0.482837 0.021230 0.500000
0.275497 -0.044471 0.500000
-0.456839 -0.045220 0.500000
0.423260 0.015763 0.500000
0.253035 -0.047877 0.500000
0.058756 -0.072616 0.500000
-0.127581 -0.086040 0.500000
-0.429262 0.057180 0.500000
0.159149 -0.060941 0.500000
-0.370578 0.074579 0.500000
-0.404028 0.065982 0.500000
0.480728 0.003840 0.500000
-0.033301 0.083380 0.500000
0.377086 0.024766 0.500000
-0.330306 0.081778 0.500000
0.305925 0.037712 0.500000
-0.049010 0.084667 0.500000
-0.257588 -0.085765 0.500000
0.254718 0.046358 0.500000
-0.122920 0.089207 0.500000
0.170592 0.059343 0.500000
0.126035 0.065572 0.500000
-0.481571 0.022922 0.500000
0.238251 -0.050061 0.500000
-0.467931 -0.038111 0.500000
-0.140881 0.089882 0.500000
0.172293 0.059096 0.500000
0.410618 -0.021715 0.500000
0.096699 -0.068509 0.500000
-0.482170 -0.024637 0.500000
-0.002280 0.080557 0.500000
0.499034 -0.004549 0.500000
-0.362602 0.076241 0.500000
0.302078 0.038381 0.500000
-0.218486 -0.087007 0.500000
0.483804 0.003178 0.500000
0.495911 -0.005190 0.500000
-0.236283 0.089883 0.500000
0.356752 0.028578 0.500000
0.378766 -0.027438 0.500000
0.487255 -0.006952 0.500000
-0.489068 -0.011775 0.500000
0.435563 0.013279 0.500000
0.466748 0.006817 0.500000
-0.280562 -0.084434 0.500000
-0.072673 0.086404 0.500000
-0.156312 -0.086848 0.500000
0.308209 0.037313 0.500000
0.387882 0.022705 0.500000
0.180058 0.057960 0.500000
0.153559 -0.061657 0.500000
-0.301628 -0.082766 0.500000
0.362460 0.027517 0.500000
-0.247566 0.089406 0.500000
-0.292341 -0.083559 0.500000
0.011885 -0.077120 0.500000
0.202240 -0.055185 0.500000
0.151692 0.062043 0.500000
0.082399 0.071194 0.500000
0.489179 -0.006562 0.500000
0.101547 -0.067956 0.500000
0.321218 0.035022 0.500000
-0.224216 0.090262 0.500000
-0.196752 -0.087222 0.500000
0.483175 -0.007775 0.500000
0.350439 -0.032338 0.500000
0.205675 0.054117 0.500000
-0.248608 0.089358 0.500000
0.493706 0.001029 0.500000
0.386928 0.022888 0.500000
-0.149644 -0.086698 0.500000
-0.125373 -0.085962 0.500000
0.017423 -0.076622 0.500000
0.459759 0.008287 0.500000
0.507349 -0.002831 0.500000
-0.443487 -0.051944 0.500000
0.324652 -0.036647 0.500000
0.489033 0.002046 0.500000
0.274510 0.043082 0.500000
-0.194579 0.090695 0.500000
0.139713 -0.063398 0.500000
-0.129148 0.089463 0.500000
-0.444626 -0.051427 0.500000
0.440014 -0.016223 0.500000
-0.006289 0.080943 0.500000
-0.442769 -0.052265 0.500000
0.499277 -0.004499 0.500000
0.077453 0.071800 0.500000
-0.268620 -0.085184 0.500000
0.320409 0.035165 0.500000
0.425702 0.015273 0.500000
-0.480783 -0.026362 0.500000
0.344065 0.030910 0.500000
0.171864 -0.059286 0.500000
0.304114 -0.039978 0.500000
-0.147435 0.090080 0.500000
0.016931 0.078633 0.500000
0.485054 0.002908 0.500000
0.156698 -0.061256 0.500000
0.334144 -0.035078 0.500000
-0.483372 0.020470 0.500000
-0.016671 -0.079527 0.500000
-0.059646 -0.082624 0.500000
0.503045 -0.001022 0.500000
0.082755 -0.070065 0.500000
-0.160844 0.090405 0.500000
0.434627 0.013469 0.500000
0.190435 0.056421 0.500000
-0.280140 0.087345 0.500000
-0.277274 -0.084655 0.500000
0.074666 0.072138 0.500000
0.484642 -0.007479 0.500000
0.357251 -0.031176 0.500000
-0.195336 -0.087226 0.500000
0.185611 0.057140 0.500000
0.205698 -0.054705 0.500000
0.170494 0.059357 0.500000
-0.184543 0.090692 0.500000
-0.424928 -0.059280 0.500000
-0.061649 -0.082753 0.500000
0.244594 0.048002 0.500000
0.182014 0.057672 0.500000
0.167368 0.059809 0.500000
0.232132 0.049996 0.500000
-0.267008 0.088305 0.500000
0.086257 0.070717 0.500000
-0.396602 -0.067661 0.500000
0.154005 -0.061600 0.500000
-0.345191 -0.077658 0.500000
-0.293676 0.086154 0.500000
-0.024426 -0.080135 0.500000
-0.490471 0.002432 0.500000
0.328963 0.033640 0.500000
-0.334608 0.081141 0.500000
-0.005779 -0.078641 0.500000
-0.189291 0.090706 0.500000
-0.179382 0.090662 0.500000
-0.350118 -0.076914 0.500000
0.502229 -0.000842 0.500000
-0.243395 -0.086353 0.500000
0.350864 -0.032266 0.500000
-0.421702 -0.060378 0.500000
-0.088002 0.087392 0.500000
0.369527 0.026194 0.500000
-0.357533 -0.075719 0.500000
0.075719 0.072010 0.500000
0.255741 -0.047472 0.500000
-0.460733 0.041236 0.500000
0.471009 0.005915 0.500000
0.162618 0.060492 0.500000
0.369841 -0.029001 0.500000
0.474320 0.005211 0.500000
0.407520 -0.022282 0.500000
0.166776 -0.059953 0.500000
-0.085424 -0.084149 0.500000
0.364740 -0.029887 0.500000
-0.074354 -0.083528 0.500000
0.489760 0.001888 0.500000
0.323294 -0.036870 0.500000
0.506512 -0.003005 0.500000
0.348848 -0.032608 0.500000
0.481903 -0.008031 0.500000
0.245044 0.047930 0.500000
-0.188276 0.090703 0.500000
-0.326267 0.082350 0.500000
0.180805 -0.058100 0.500000
-0.022913 0.082476 0.500000
0.345575 0.030634 0.500000
0.238360 0.049003 0.500000
-0.490579 0.001278 0.500000
-0.320527 0.083125 0.500000
-0.308278 -0.082141 0.500000
-0.053956 -0.082253 0.500000
0.177016 0.058407 0.500000
0.097575 0.069295 0.500000
-0.099979 0.088087 0.500000
0.260966 0.045333 0.500000
-0.258453 -0.085721 0.500000
-0.253698 0.089098 0.500000
0.118421 -0.065986 0.500000
0.239268 -0.049912 0.500000
-0.285645 0.086885 0.500000
-0.183402 -0.087208 0.500000
-0.477857 -0.029592 0.500000
0.199969 -0.055498 0.500000
0.126337 0.065531 0.500000
-0.153958 -0.086800 0.500000
-0.378958 -0.071706 0.500000
0.131692 0.064807 0.500000
-0.345395 0.079412 0.500000
0.176580 -0.058662 0.500000
0.208749 0.053646 0.500000
0.030856 0.077161 0.500000
-0.076554 0.086665 0.500000
0.304494 0.037961 0.500000
-0.169482 0.090553 0.500000
-0.419431 0.060909 0.500000
-0.480942 -0.026170 0.500000
-0.306904 -0.082274 0.500000
-0.276075 0.087663 0.500000
0.441445 -0.015951 0.500000
-0.174433 -0.087134 0.500000
-0.132229 -0.086200 0.500000
0.221956 0.051599 0.500000
-0.152156 0.090208 0.500000
0.367774 0.026523 0.500000
0.393276 -0.024860 0.500000
0.415738 -0.020773 0.500000
-0.454314 -0.046617 0.500000
0.491373 -0.006116 0.500000
-0.391379 -0.068938 0.500000
-0.081431 0.086982 0.500000
-0.369387 -0.073608 0.500000
0.379149 0.024374 0.500000
-0.391032 0.069669 0.500000
0.045297 0.075568 0.500000
-0.362579 0.076245 0.500000
0.387598 0.022759 0.500000
0.470529 0.006017 0.500000
-0.477912 -0.029535 0.500000
0.268479 -0.045547 0.500000
-0.444508 -0.051481 0.500000
-0.446886 -0.050374 0.500000
-0.040172 -0.081302 0.500000
0.319727 -0.037454 0.500000
-0.326477 -0.080158 0.500000
-0.057035 0.085285 0.500000
0.220618 -0.052604 0.500000
0.196985 0.055437 0.500000
-0.429553 -0.057619 0.500000
0.476956 -0.009022 0.500000
0.154447 -0.061543 0.500000
0.087794 0.070526 0.500000
-0.362813 0.076199 0.500000
0.491272 -0.006136 0.500000
-0.191688 -0.087233 0.500000
-0.369903 0.074723 0.500000
-0.433411 -0.056157 0.500000
0.462604 -0.011861 0.500000
0.050423 -0.073465 0.500000
-0.309236 0.084516 0.500000
-0.306373 0.084836 0.500000
0.289330 0.040575 0.500000
0.193329 -0.056409 0.500000
0.433734 -0.017414 0.500000
0.171011 -0.059398 0.500000
-0.264075 -0.085438 0.500000
-0.477257 -0.030201 0.500000
0.126448 0.065516 0.500000
-0.093128 0.087699 0.500000
0.085230 -0.069792 0.500000
0.205657 -0.054710 0.500000
-0.154544 0.090266 0.500000
0.407296 0.018931 0.500000
-0.366525 -0.074142 0.500000
-0.483112 0.020844 0.500000
-0.308014 0.084652 0.500000
0.083895 -0.069939 0.500000
0.203897 -0.054955 0.500000
0.075651 -0.070836 0.500000
-0.245947 -0.086258 0.500000
0.012060 -0.077104 0.500000
0.247007 -0.048773 0.500000
-0.036121 -0.081012 0.500000
-0.057449 0.085316 0.500000
0.172553 0.059058 0.500000
-0.383975 -0.070631 0.500000
0.356458 -0.031312 0.500000
-0.127663 -0.086043 0.500000
0.129561 -0.064646 0.500000
0.036744 -0.074813 0.500000
-0.008689 0.081170 0.500000
-0.245639 -0.086270 0.500000
-0.468733 -0.037519 0.500000
-0.311465 -0.081823 0.500000
0.051270 -0.073380 0.500000
-0.255142 -0.085874 0.500000
-0.268330 0.088219 0.500000
-0.219064 -0.086997 0.500000
0.168653 -0.059707 0.500000
0.363457 0.027331 0.500000
0.424407 0.015533 0.500000
-0.049129 -0.081929 0.500000
-0.179360 0.090662 0.500000
-0.086056 0.087274 0.500000
0.139794 0.063699 0.500000
0.359043 0.028153 0.500000
-0.451402 0.046810 0.500000
-0.241768 -0.086408 0.500000
0.222409 0.051528 0.500000
-0.145800 -0.086604 0.500000
-0.471866 0.032956 0.500000
0.192111 -0.056575 0.500000
0.031576 0.077082 0.500000
0.204845 0.054243 0.500000
0.372147 -0.028599 0.500000
-0.418420 -0.061456 0.500000
0.082507 -0.070092 0.500000
-0.447956 -0.049860 0.500000
0.088992 0.070377 0.500000
-0.167220 -0.087043 0.500000
0.058866 0.074014 0.500000
0.053228 0.074667 0.500000
-0.316423 0.083648 0.500000
-0.082995 0.087082 0.500000
-0.202832 -0.087194 0.500000
0.181400 -0.058020 0.500000
0.280429 0.042086 0.500000
0.098374 0.069193 0.500000
0.032671 -0.075203 0.500000
0.465587 -0.011275 0.500000
0.343799 -0.033461 0.500000
-0.490472 0.002416 0.500000
0.105432 0.068288 0.500000
0.197758 -0.055802 0.500000
-0.490653 -0.000012 0.500000
0.359404 0.028086 0.500000
0.260592 -0.046743 0.500000
-0.463341 0.039486 0.500000
-0.081007 -0.083908 0.500000
0.499256 -0.004504 0.500000
-0.039129 0.083870 0.500000
-0.302205 -0.082714 0.500000
0.298711 -0.040840 0.500000
-0.489927 -0.008518 0.500000
0.112853 -0.066644 0.500000
0.484728 0.002978 0.500000
0.295733 -0.041312 0.500000
-0.244018 0.089569 0.500000
-0.236335 -0.086586 0.500000
0.361496 0.027697 0.500000
0.293139 -0.041722 0.500000
-0.248947 0.089342 0.500000
0.441408 -0.015958 0.500000
0.005580 -0.077673 0.500000
-0.300810 0.085437 0.500000
-0.464298 0.038820 0.500000
-0.151166 -0.086734 0.500000
-0.173792 -0.087126 0.500000
-0.228963 -0.086789 0.500000
0.344464 0.030837 0.500000
0.357218 -0.031182 0.500000
0.222296 -0.052365 0.500000
0.095642 -0.068628 0.500000
0.160170 0.060842 0.500000
-0.011496 0.081434 0.500000
0.116425 0.066852 0.500000
0.213057 0.052982 0.500000
-0.301602 -0.082769 0.500000
-0.285281 0.086916 0.500000
0.500038 -0.000359 0.500000
0.294561 0.039679 0.500000
-0.443853 0.050720 0.500000
0.301690 0.038448 0.500000
-0.395067 0.068575 0.500000
-0.161034 0.090409 0.500000
-0.307411 -0.082225 0.500000
-0.125786 0.089327 0.500000
0.011110 0.079230 0.500000
-0.430679 -0.057200 0.500000
0.087277 0.070590 0.500000
0.266793 -0.045803 0.500000
-0.173173 0.090604 0.500000
0.063518 -0.072123 0.500000
-0.293464 0.086175 0.500000
0.042448 0.075888 0.500000
-0.474850 -0.032494 0.500000
0.334061 -0.035092 0.500000
-0.361661 -0.075012 0.500000
0.134685 0.064400 0.500000
-0.356821 0.077366 0.500000
0.428985 -0.018308 0.500000
0.471343 -0.010138 0.500000
0.000290 -0.078129 0.500000
0.236422 -0.050328 0.500000
-0.068231 -0.083163 0.500000
-0.443595 -0.051896 0.500000
0.315416 0.036048 0.500000
0.070362 0.072656 0.500000
-0.434040 0.055198 0.500000
-0.098384 0.088000 0.500000
0.341329 -0.033877 0.500000
-0.460898 0.041127 0.500000
0.506671 -0.002972 0.500000
-0.377331 -0.072043 0.500000
-0.278191 0.087497 0.500000
0.055862 0.074363 0.500000
0.143352 0.063207 0.500000
0.408830 0.018629 0.500000
-0.405563 0.065516 0.500000
0.316206 -0.038028 0.500000
0.500240 -0.004301 0.500000
0.063978 -0.072075 0.500000
-0.291881 0.086324 0.500000
-0.467111 0.036773 0.500000
0.252529 -0.047953 0.500000
0.130925 0.064911 0.500000
-0.438227 0.053360 0.500000
0.508532 -0.002238 0.500000
0.361801 -0.030394 0.500000
0.030684 -0.075392 0.500000
-0.222544 0.090307 0.500000
0.243347 0.048203 0.500000
-0.406661 -0.064987 0.500000
0.312616 -0.038610 0.500000
-0.411602 0.063594 0.500000
-0.115858 0.088891 0.500000
0.249325 -0.048429 0.500000
-0.274313 0.087794 0.500000
-0.467301 0.036628 0.500000
-0.227952 0.090160 0.500000
0.176742 -0.058641 0.500000
-0.039663 0.083913 0.500000
0.018119 0.078511 0.500000
-0.224228 -0.086898 0.500000
0.023718 -0.076046 0.500000
-0.420595 0.060491 0.500000
0.247583 0.047519 0.500000
-0.138779 0.089811 0.500000
0.270609 -0.045221 0.500000
-0.270535 -0.085075 0.500000
-0.482020 0.022337 0.500000
0.474541 -0.009503 0.500000
0.461492 -0.012078 0.500000
-0.353137 -0.076438 0.500000
-0.320340 -0.080875 0.500000
-0.368327 0.075059 0.500000
-0.271467 -0.085018 0.500000
0.359164 -0.030848 0.500000
0.251361 -0.048126 0.500000
-0.453081 -0.047275 0.500000
0.488453 -0.006709 0.500000
0.102391 0.068679 0.500000
0.446579 -0.014969 0.500000
-0.034066 0.083445 0.500000
-0.064429 -0.082927 0.500000
0.446247 -0.015032 0.500000
0.176386 0.058499 0.500000
0.121671 -0.065598 0.500000
-0.153619 -0.086793 0.500000
-0.441958 0.051632 0.500000
-0.268841 0.088185 0.500000
-0.223257 0.090288 0.500000
0.145166 -0.062718 0.500000
0.250165 -0.048304 0.500000
-0.413002 -0.063144 0.500000
-0.123898 -0.085910 0.500000
0.453228 -0.013687 0.500000
0.106784 0.068113 0.500000
-0.203352 -0.087190 0.500000
0.088459 -0.069435 0.500000
-0.420744 -0.060698 0.500000
-0.436419 -0.054962 0.500000
0.140738 0.063569 0.500000
-0.004056 -0.078496 0.500000
0.480174 -0.008378 0.500000
0.494781 -0.005421 0.500000
-0.075143 -0.083575 0.500000
0.194672 -0.056226 0.500000
0.080156 0.071470 0.500000
0.101507 0.068793 0.500000
0.427651 0.014881 0.500000
-0.034301 -0.080877 0.500000
0.377847 -0.027600 0.500000
0.153373 0.061806 0.500000
-0.478180 0.026904 0.500000
0.387716 0.022737 0.500000
0.478126 -0.008788 0.500000
-0.102490 0.088222 0.500000
0.506509 -0.003005 0.500000
0.082705 0.071156 0.500000
0.371010 -0.028798 0.500000
0.111130 -0.066846 0.500000
0.427641 0.014882 0.500000
0.071855 -0.071243 0.500000
-0.069795 0.086207 0.500000
-0.214463 -0.087073 0.500000
-0.073232 -0.083461 0.500000
-0.180882 -0.087189 0.500000
-0.333964 0.081240 0.500000
0.231651 0.050072 0.500000
0.271607 -0.045068 0.500000
-0.417644 -0.061704 0.500000
-0.486471 -0.017978 0.500000
-0.337438 -0.078755 0.500000
0.131984 -0.064350 0.500000
-0.105591 -0.085152 0.500000
-0.196895 -0.087222 0.500000
0.406686 -0.022434 0.500000
-0.457746 -0.044700 0.500000
0.308381 -0.039293 0.500000
-0.449564 0.047804 0.500000
-0.391537 -0.068900 0.500000
-0.455414 0.044529 0.500000
0.134407 -0.064053 0.500000
-0.453304 -0.047156 0.500000
0.069790 0.072725 0.500000
0.289851 0.040486 0.500000
0.350031 -0.032408 0.500000
0.068377 0.072894 0.500000
0.489499 -0.006497 0.500000
0.392537 -0.024992 0.500000
0.055205 0.074439 0.500000
0.254791 0.046346 0.500000
-0.482904 -0.023662 0.500000
-0.310298 -0.081943 0.500000
0.404423 0.019495 0.500000
0.118436 -0.065984 0.500000
0.079058 0.071605 0.500000
0.148080 -0.062351 0.500000
0.457328 0.008795 0.500000
-0.228471 -0.086800 0.500000
-0.002520 0.080580 0.500000
0.417581 -0.020433 0.500000
-0.289106 -0.083814 0.500000
0.311536 0.036731 0.500000
0.139725 0.063708 0.500000
0.013651 0.078970 0.500000
0.429298 -0.018249 0.500000
-0.418716 0.061165 0.500000
-0.375835 0.073407 0.500000
-0.268776 0.088190 0.500000
0.184202 0.057348 0.500000
0.507982 -0.002699 0.500000
-0.109850 0.088602 0.500000
0.165573 -0.060109 0.500000
0.126005 0.065576 0.500000
0.141844 -0.063133 0.500000
0.058862 0.074015 0.500000
-0.374909 0.073619 0.500000
0.477547 0.004522 0.500000
-0.146583 0.090055 0.500000
-0.235714 -0.086604 0.500000
0.482739 -0.007863 0.500000
0.017890 -0.076580 0.500000
0.165747 0.060043 0.500000
0.305570 -0.039745 0.500000
-0.118070 -0.085685 0.500000
0.252268 0.046758 0.500000
0.096088 0.069484 0.500000
0.013519 0.078984 0.500000
0.485688 -0.007268 0.500000
-0.337944 -0.078687 0.500000
0.464349 0.007323 0.500000
0.493579 0.001057 0.500000
-0.259139 0.088795 0.500000
0.474087 -0.009594 0.500000
0.102924 -0.067799 0.500000
0.027804 -0.075664 0.500000
0.171089 0.059271 0.500000
-0.306265 -0.082336 0.500000
-0.051849 0.084888 0.500000
-0.240986 0.089697 0.500000
-0.303667 0.085137 0.500000
0.501229 -0.000621 0.500000
0.419851 0.016444 0.500000
-0.310777 -0.081894 0.500000
-0.406803 -0.064947 0.500000
-0.490506 -0.004817 0.500000
-0.244272 0.089557 0.500000
0.200725 -0.055394 0.500000
0.103466 -0.067736 0.500000
-0.206611 0.090606 0.500000
-0.333301 0.081338 0.500000
-0.221860 0.090326 0.500000
0.288152 0.040776 0.500000
-0.354720 -0.076184 0.500000
0.116127 -0.066258 0.500000
0.000457 0.080292 0.500000
-0.218152 0.090407 0.500000
0.260320 -0.046784 0.500000
-0.136295 -0.086329 0.500000
-0.385858 -0.070212 0.500000
-0.482846 0.021217 0.500000
0.375689 -0.027979 0.500000
0.371973 0.025733 0.500000
0.010692 -0.077225 0.500000
0.364461 0.027143 0.500000
0.012640 0.079075 0.500000
-0.110095 -0.085354 0.500000
-0.396676 0.068128 0.500000
0.070469 -0.071391 0.500000
0.035671 -0.074917 0.500000
0.320249 0.035194 0.500000
0.384802 0.023296 0.500000
-0.399232 -0.066990 0.500000
-0.456466 0.043903 0.500000
0.326285 -0.036379 0.500000
0.426039 0.015205 0.500000
-0.000639 -0.078208 0.500000
-0.369193 -0.073644 0.500000
-0.419036 -0.061256 0.500000
0.050443 0.074985 0.500000
-0.400973 0.066893 0.500000
0.379145 0.024375 0.500000
-0.267057 -0.085271 0.500000
-0.132336 0.089583 0.500000
0.419581 -0.020062 0.500000
0.001694 -0.078009 0.500000
0.051026 -0.073404 0.500000
-0.250398 0.089271 0.500000
0.364991 -0.029843 0.500000
-0.183439 -0.087208 0.500000
0.413771 0.017653 0.500000
-0.467434 -0.038471 0.500000
0.396646 -0.024254 0.500000
0.081837 0.071263 0.500000
0.148357 0.062510 0.500000
-0.002543 -0.078368 0.500000
0.237016 0.049218 0.500000
0.410855 0.018230 0.500000
0.143960 -0.062869 0.500000
-0.032430 0.083307 0.500000
0.354864 -0.031584 0.500000
0.500075 -0.004335 0.500000
-0.141638 -0.086487 0.500000
0.261090 -0.046668 0.500000
0.248100 -0.048611 0.500000
-0.444439 0.050431 0.500000
0.408736 0.018648 0.500000
0.424330 -0.019179 0.500000
0.229790 -0.051289 0.500000
0.396378 -0.024302 0.500000
-0.472871 -0.034230 0.500000
0.402814 0.019810 0.500000
-0.175273 0.090627 0.500000
0.254120 -0.047715 0.500000
0.427301 -0.018624 0.500000
0.230708 -0.051157 0.500000
-0.239934 -0.086470 0.500000
-0.353577 -0.076367 0.500000
-0.441584 0.051809 0.500000
0.139320 0.063764 0.500000
0.391610 0.021987 0.500000
0.505103 -0.003297 0.500000
-0.296452 -0.083219 0.500000
0.026209 0.077659 0.500000
-0.297714 -0.083112 0.500000
0.309721 -0.039078 0.500000
-0.027719 0.082899 0.500000
0.277602 0.042563 0.500000
-0.263993 -0.085443 0.500000
-0.472043 0.032802 0.500000
0.078368 -0.070543 0.500000
0.069500 -0.071493 0.500000
0.403761 -0.022967 0.500000
0.443641 -0.015531 0.500000
0.089491 -0.069319 0.500000
-0.338108 0.080602 0.500000
0.254532 0.046389 0.500000
-0.490679 -0.001452 0.500000
0.060804 0.073788 0.500000
-0.340631 0.080198 0.500000
0.102679 0.068642 0.500000
0.047750 -0.073732 0.500000
0.380684 0.024082 0.500000
0.194077 -0.056307 0.500000
0.403763 -0.022966 0.500000
-0.489362 -0.010794 0.500000
0.387367 0.022804 0.500000
-0.341814 0.080007 0.500000
-0.119182 -0.085727 0.500000
0.480574 -0.008298 0.500000
0.189445 0.056569 0.500000
0.129383 -0.064667 0.500000
-0.252226 -0.086004 0.500000
0.359591 0.028051 0.500000
-0.332764 -0.079373 0.500000
0.324695 0.034403 0.500000
-0.312859 -0.081679 0.500000
-0.186328 -0.087219 0.500000
0.282474 -0.043391 0.500000
-0.292882 0.086232 0.500000
0.454251 -0.013489 0.500000
-0.384257 0.071405 0.500000
-0.336255 0.080888 0.500000
0.147837 0.062583 0.500000
0.188428 -0.057075 0.500000
-0.125645 0.089321 0.500000
-0.292831 -0.083521 0.500000
0.152827 0.061883 0.500000
0.085906 0.070761 0.500000
-0.327436 0.082187 0.500000
0.145606 0.062894 0.500000
0.029859 0.077269 0.500000
-0.016015 -0.079474 0.500000
-0.399000 0.067466 0.500000
-0.376398 -0.072232 0.500000
0.052903 0.074704 0.500000
0.145126 0.062961 0.500000
-0.286038 0.086851 0.500000
0.041109 0.076037 0.500000
0.419095 0.016595 0.500000
-0.429396 -0.057678 0.500000
0.262330 0.045108 0.500000
-0.191833 -0.087233 0.500000
-0.446419 -0.050594 0.500000
-0.406359 -0.065072 0.500000
0.249235 -0.048443 0.500000
0.156423 0.061375 0.500000
0.311272 0.036777 0.500000
0.066853 -0.071774 0.500000
-0.283035 0.087107 0.500000
-0.461003 -0.042755 0.500000
0.091076 0.070116 0.500000
-0.236459 0.089876 0.500000
0.104111 -0.067662 0.500000
-0.144504 0.089995 0.500000
0.139950 -0.063369 0.500000
-0.299503 0.085575 0.500000
0.190356 -0.056814 0.500000
-0.233228 -0.086674 0.500000
-0.199041 0.090677 0.500000
0.423380 -0.019356 0.500000
0.457314 0.008798 0.500000
-0.178545 0.090655 0.500000
0.411472 0.018108 0.500000
-0.064494 0.085833 0.500000
-0.089401 -0.084362 0.500000
0.205903 -0.054676 0.500000
0.232439 0.049947 0.500000
-0.016153 0.081865 0.500000
-0.363363 0.076090 0.500000
-0.044322 -0.081596 0.500000
0.259540 0.045568 0.500000
0.472003 0.005704 0.500000
0.264209 0.044798 0.500000
0.166023 -0.060051 0.500000
-0.101652 0.088177 0.500000
-0.050065 -0.081992 0.500000
0.462137 0.007788 0.500000
0.448323 0.010665 0.500000
-0.345287 -0.077644 0.500000
0.149369 0.062369 0.500000
-0.308989 -0.082072 0.500000
-0.270037 0.088101 0.500000
0.075615 -0.070840 0.500000
-0.361540 0.076451 0.500000
-0.416200 -0.062160 0.500000
-0.461412 0.040790 0.500000
-0.236067 0.089892 0.500000
-0.468531 0.035684 0.500000
0.471382 -0.010131 0.500000
0.258662 -0.047034 0.500000
0.205763 -0.054696 0.500000
-0.186342 0.090697 0.500000
0.437418 -0.016717 0.500000
0.057991 0.074117 0.500000
0.173897 -0.059018 0.500000
0.029116 -0.075541 0.500000
-0.223927 0.090270 0.500000
0.424452 0.015524 0.500000
-0.078329 0.086783 0.500000
0.192855 -0.056473 0.500000
-0.039496 0.083900 0.500000
0.152654 -0.061772 0.500000
-0.485199 0.017627 0.500000
-0.203023 -0.087192 0.500000
-0.252551 0.089158 0.500000
0.453796 0.009531 0.500000
-0.219769 -0.086984 0.500000
-0.272226 -0.084971 0.500000
0.486509 -0.007103 0.500000
-0.030827 0.083170 0.500000
0.305047 0.037865 0.500000
-0.300669 -0.082853 0.500000
0.338528 -0.034346 0.500000
-0.044156 0.084281 0.500000
-0.397861 -0.067341 0.500000
-0.185304 -0.087216 0.500000
-0.453888 0.045415 0.500000
0.169844 -0.059551 0.500000
-0.165811 -0.087020 0.500000
-0.375110 0.073573 0.500000
-0.117492 -0.085662 0.500000
-0.403723 -0.065799 0.500000
-0.257772 0.088875 0.500000
-0.023506 -0.080064 0.500000
-0.039011 -0.081219 0.500000
0.355189 0.028867 0.500000
0.227811 -0.051575 0.500000
0.497190 0.000267 0.500000
0.500461 -0.000452 0.500000
0.425533 0.015307 0.500000
0.229858 0.050356 0.500000
-0.414760 0.062538 0.500000
0.162075 0.060570 0.500000
0.324839 0.034377 0.500000
0.237642 0.049118 0.500000
-0.049737 -0.081970 0.500000
0.123426 -0.065387 0.500000
-0.232957 -0.086682 0.500000
-0.178706 0.090656 0.500000
0.174484 -0.058940 0.500000
0.188472 -0.057069 0.500000
-0.371255 -0.073253 0.500000
-0.113121 -0.085481 0.500000
-0.122355 -0.085850 0.500000
0.335235 -0.034896 0.500000
0.089777 -0.069287 0.500000
0.155114 0.061560 0.500000
0.214951 -0.053408 0.500000
0.376586 0.024861 0.500000
0.045815 -0.073925 0.500000
-0.274584 0.087775 0.500000
0.037000 0.076491 0.500000
0.356510 -0.031303 0.500000
-0.246168 0.089470 0.500000
-0.467558 0.036435 0.500000
0.452913 -0.013748 0.500000
-0.375137 -0.072489 0.500000
0.114943 0.067048 0.500000
-0.004692 0.080790 0.500000
0.427625 0.014886 0.500000
-0.182085 -0.087198 0.500000
0.234185 -0.050653 0.500000
-0.481225 0.023362 0.500000
-0.159882 0.090386 0.500000
-0.383595 -0.070714 0.500000
0.113434 -0.066576 0.500000
0.401858 -0.023312 0.500000
0.275785 -0.044426 0.500000
-0.483344 0.020511 0.500000
-0.386538 -0.070059 0.500000
-0.309817 0.084447 0.500000
0.263237 -0.046343 0.500000
0.316437 0.035868 0.500000
0.313695 0.036351 0.500000
0.188150 0.056762 0.500000
0.238275 -0.050057 0.500000
-0.092748 -0.084534 0.500000
0.488240 -0.006752 0.500000
0.016810 -0.076677 0.500000
0.041952 0.075943 0.500000
-0.333844 -0.079235 0.500000
0.102833 0.068623 0.500000
0.126434 0.065518 0.500000
-0.065721 0.085919 0.500000
0.315463 0.036040 0.500000
-0.457444 -0.044873 0.500000
-0.320248 -0.080886 0.500000
0.495673 -0.005239 0.500000
-0.490181 0.004476 0.500000
-0.299822 -0.082930 0.500000
-0.248745 -0.086148 0.500000
-0.464758 0.038496 0.500000
0.343960 -0.033434 0.500000
-0.393561 0.068988 0.500000
-0.129872 0.089490 0.500000
0.442711 -0.015709 0.500000
0.145355 -0.062694 0.500000
-0.187076 0.090700 0.500000
0.267150 -0.045749 0.500000
-0.073472 -0.083475 0.500000
0.154083 0.061706 0.500000
0.386241 0.023020 0.500000
-0.168215 -0.087059 0.500000
0.070389 0.072653 0.500000
0.366203 -0.029633 0.500000
-0.033398 -0.080810 0.500000
-0.317480 -0.081189 0.500000
-0.482959 0.021058 0.500000
0.430206 0.014365 0.500000
0.068913 -0.071556 0.500000
-0.011123 -0.079081 0.500000
0.504930 -0.003333 0.500000
0.419821 0.016450 0.500000
-0.157095 -0.086864 0.500000
0.297478 0.039177 0.500000
0.111937 0.067442 0.500000
-0.438977 -0.053906 0.500000
0.122078 -0.065550 0.500000
-0.152786 0.090223 0.500000
0.368222 0.026439 0.500000
0.038623 0.076312 0.500000
0.419546 0.016505 0.500000
-0.458176 0.042861 0.500000
0.183617 0.057435 0.500000
-0.121483 -0.085816 0.500000
-0.455717 -0.045849 0.500000
0.352200 0.029418 0.500000
0.384945 -0.026346 0.500000
0.392594 -0.024982 0.500000
0.414886 -0.020930 0.500000
-0.013592 -0.079280 0.500000
0.345685 -0.033144 0.500000
0.448158 -0.014665 0.500000
-0.404115 -0.065692 0.500000
-0.143674 -0.086544 0.500000
-0.082578 -0.083996 0.500000
0.025577 -0.075872 0.500000
-0.101442 0.088165 0.500000
-0.477626 -0.029827 0.500000
-0.147233 0.090074 0.500000
-0.483916 -0.022229 0.500000
0.261764 -0.046566 0.500000
-0.077156 0.086706 0.500000
-0.200391 -0.087212 0.500000
0.447627 0.010808 0.500000
-0.067271 -0.083103 0.500000
-0.287646 0.086712 0.500000
0.131609 0.064818 0.500000
0.311968 0.036655 0.500000
0.069935 0.072707 0.500000
-0.396793 -0.067614 0.500000
-0.055140 0.085140 0.500000
-0.190080 0.090708 0.500000
0.012596 -0.077056 0.500000
0.069648 0.072742 0.500000
0.011697 -0.077136 0.500000
0.208751 0.053645 0.500000
0.094873 0.069638 0.500000
0.348669 -0.032638 0.500000
0.442770 0.011807 0.500000
0.327862 -0.036119 0.500000
0.493321 -0.005719 0.500000
0.276224 -0.044359 0.500000
-0.412552 0.063280 0.500000
0.491612 -0.006067 0.500000
0.114206 0.067145 0.500000
-0.459065 0.042304 0.500000
-0.392032 0.069400 0.500000
-0.338930 -0.078553 0.500000
-0.301838 0.085329 0.500000
-0.309864 0.084441 0.500000
0.417790 0.016855 0.500000
0.189696 0.056531 0.500000
0.369246 0.026246 0.500000
0.360527 -0.030613 0.500000
-0.329149 -0.079833 0.500000
0.378305 0.024535 0.500000
-0.312896 0.084081 0.500000
-0.198720 0.090680 0.500000
0.249195 0.047258 0.500000
-0.086545 -0.084210 0.500000
-0.389005 0.070199 0.500000
0.093869 0.069765 0.500000
0.298940 -0.040803 0.500000
-0.078596 -0.083771 0.500000
-0.280508 0.087316 0.500000
0.260167 -0.046807 0.500000
-0.073726 0.086475 0.500000
0.087676 -0.069522 0.500000
0.109425 0.067770 0.500000
-0.208552 0.090577 0.500000
-0.121721 0.089156 0.500000
-0.490438 0.002711 0.500000
0.305188 0.037840 0.500000
-0.468901 0.035393 0.500000
-0.446521 0.049389 0.500000
0.287203 -0.042654 0.500000
0.232752 -0.050861 0.500000
0.050724 0.074953 0.500000
-0.154894 0.090274 0.500000
0.414937 -0.020921 0.500000
0.106701 -0.067362 0.500000
0.504131 -0.003498 0.500000
-0.490456 -0.005280 0.500000
0.316733 0.035816 0.500000
-0.123845 0.089245 0.500000
0.306888 -0.039533 0.500000
-0.150777 -0.086725 0.500000
-0.242781 0.089625 0.500000
0.304639 0.037936 0.500000
-0.375380 0.073511 0.500000
0.313419 0.036400 0.500000
0.176470 0.058487 0.500000
-0.427868 -0.058235 0.500000
0.208508 -0.054312 0.500000
0.144432 0.063057 0.500000
-0.480280 -0.026951 0.500000
-0.015703 -0.079449 0.500000
0.252833 0.046666 0.500000
-0.398207 0.067693 0.500000
0.290376 -0.042156 0.500000
-0.043319 0.084213 0.500000
0.330562 0.033354 0.500000
-0.429266 -0.057726 0.500000
-0.160680 -0.086936 0.500000
-0.451229 -0.048235 0.500000
-0.071244 0.086307 0.500000
-0.409687 0.064215 0.500000
-0.158285 -0.086888 0.500000
-0.107048 0.088462 0.500000
0.036558 0.076540 0.500000
-0.429441 0.057109 0.500000
-0.249065 -0.086135 0.500000
0.472888 0.005516 0.500000
-0.341238 -0.078228 0.500000
-0.001371 -0.078269 0.500000
0.258220 -0.047100 0.500000
-0.191234 0.090705 0.500000
-0.261799 -0.085553 0.500000
0.239531 0.048816 0.500000
0.126579 -0.065008 0.500000
-0.174256 0.090618 0.500000
0.376962 0.024790 0.500000
0.064188 -0.072053 0.500000
0.359819 -0.030735 0.500000
0.153272 -0.061694 0.500000
0.289532 -0.042289 0.500000
0.470377 -0.010330 0.500000
0.152992 0.061860 0.500000
-0.487951 0.012141 0.500000
-0.310331 0.084386 0.500000
0.347406 0.030299 0.500000
0.159616 0.060921 0.500000
0.054599 0.074508 0.500000
0.341179 -0.033902 0.500000
-0.410055 0.064097 0.500000
0.002124 0.080127 0.500000
0.274816 -0.044576 0.500000
-0.113439 -0.085494 0.500000
-0.186510 0.090698 0.500000
0.164052 -0.060307 0.500000
0.366022 0.026851 0.500000
0.181002 -0.058074 0.500000
-0.465391 -0.039905 0.500000
-0.451740 -0.047974 0.500000
-0.181901 0.090684 0.500000
-0.036308 0.083635 0.500000
-0.356613 -0.075873 0.500000
0.272494 0.043420 0.500000
0.135024 0.064353 0.500000
-0.465738 -0.039669 0.500000
-0.268426 -0.085195 0.500000
-0.354162 -0.076273 0.500000
0.238432 -0.050034 0.500000
0.033929 -0.075083 0.500000
0.090452 0.070194 0.500000
-0.435294 0.054661 0.500000
-0.194557 0.090695 0.500000
-0.151258 0.090187 0.500000
0.411001 -0.021645 0.500000
-0.183678 -0.087210 0.500000
-0.001525 0.080484 0.500000
-0.423918 -0.059627 0.500000
-0.400261 -0.066723 0.500000
-0.488442 -0.013589 0.500000
0.137706 -0.063646 0.500000
-0.190839 0.090706 0.500000
-0.179608 0.090664 0.500000
0.337494 -0.034519 0.500000
0.463175 0.007570 0.500000
0.033588 0.076864 0.500000
-0.354098 0.077875 0.500000
-0.373186 -0.072875 0.500000
0.033231 -0.075150 0.500000
-0.115144 0.088858 0.500000
0.373087 -0.028435 0.500000
-0.354800 0.077746 0.500000
0.011863 -0.077121 0.500000
-0.147013 0.090068 0.500000
0.417424 -0.020462 0.500000
0.468934 0.006355 0.500000
0.314665 0.036181 0.500000
0.248990 -0.048479 0.500000
-0.185982 -0.087218 0.500000
0.502933 -0.000997 0.500000
0.014977 0.078834 0.500000
0.046839 -0.073823 0.500000
-0.326373 -0.080170 0.500000
-0.294087 0.086114 0.500000
-0.337892 0.080636 0.500000
-0.317622 -0.081174 0.500000
-0.366416 -0.074162 0.500000
0.133281 -0.064191 0.500000
-0.443709 -0.051844 0.500000
0.392711 0.021774 0.500000
0.155644 -0.061390 0.500000
0.397460 0.020854 0.500000
-0.197643 -0.087220 0.500000
0.328195 -0.036064 0.500000
0.436076 -0.016971 0.500000
-0.236553 0.089873 0.500000
0.466745 -0.011047 0.500000
-0.291219 0.086384 0.500000
0.037569 -0.074733 0.500000
0.147140 -0.062469 0.500000
0.295057 0.039593 0.500000
0.418460 0.016722 0.500000
-0.350539 0.078520 0.500000
-0.356859 -0.075831 0.500000
0.003436 0.079998 0.500000
0.314785 -0.038259 0.500000
-0.485618 0.016905 0.500000
0.224345 0.051224 0.500000
0.281627 0.041884 0.500000
0.074055 -0.071008 0.500000
-0.042788 0.084170 0.500000
0.248832 -0.048502 0.500000
0.457841 -0.012791 0.500000
0.014638 -0.076873 0.500000
-0.050210 0.084762 0.500000
0.318049 0.035583 0.500000
-0.134168 -0.086262 0.500000
0.487791 0.002316 0.500000
-0.033234 -0.080798 0.500000
-0.099119 0.088041 0.500000
0.048977 -0.073609 0.500000
0.241177 0.048552 0.500000
0.128266 0.065271 0.500000
0.168385 0.059663 0.500000
0.363199 0.027379 0.500000
-0.481813 -0.025095 0.500000
-0.082047 0.087021 0.500000
0.389181 0.022455 0.500000
0.288353 0.040742 0.500000
-0.344017 0.079644 0.500000
-0.030226 -0.080576 0.500000
0.102307 -0.067869 0.500000
-0.038772 -0.081202 0.500000
-0.017920 0.082027 0.500000
-0.195976 0.090691 0.500000
0.149656 -0.062152 0.500000
-0.015050 0.081763 0.500000
0.074123 0.072204 0.500000
0.148621 -0.062283 0.500000
-0.201255 -0.087206 0.500000
-0.095431 0.087831 0.500000
0.102654 0.068646 0.500000
-0.083178 -0.084028 0.500000
0.454280 0.009430 0.500000
-0.192712 -0.087232 0.500000
0.480977 -0.008217 0.500000
0.256517 0.046064 0.500000
-0.258511 0.088832 0.500000
0.412412 0.017922 0.500000
0.039609 0.076203 0.500000
0.176074 -0.058730 0.500000
0.483346 0.003276 0.500000
-0.161581 0.090419 0.500000
0.169850 -0.059550 0.500000
0.140447 -0.063307 0.500000
0.354773 -0.031600 0.500000
-0.468842 -0.037437 0.500000
0.010027 -0.077283 0.500000
-0.408626 -0.064431 0.500000
-0.069983 -0.083268 0.500000
-0.490042 -0.007955 0.500000
-0.321670 0.082974 0.500000
0.409733 0.018452 0.500000
0.203633 -0.054991 0.500000
0.398516 -0.023917 0.500000
0.218209 0.052183 0.500000
-0.144933 0.090008 0.500000
0.332120 0.033074 0.500000
0.069187 0.072797 0.500000
0.072843 0.072358 0.500000
0.308346 -0.039299 0.500000
0.355328 -0.031505 0.500000
0.331170 0.033244 0.500000
-0.174042 -0.087129 0.500000
0.047239 0.075350 0.500000
-0.481084 -0.025998 0.500000
0.443768 -0.015507 0.500000
0.372215 -0.028587 0.500000
-0.235014 0.089929 0.500000
0.040398 -0.074459 0.500000
-0.324025 0.082661 0.500000
0.186464 0.057013 0.500000
0.278943 -0.043939 0.500000
0.366075 -0.029655 0.500000
-0.191862 -0.087233 0.500000
-0.239302 -0.086491 0.500000
0.308144 -0.039331 0.500000
0.092569 0.069928 0.500000
-0.125045 0.089296 0.500000
-0.152632 0.090220 0.500000
0.020248 0.078288 0.500000
0.282498 0.041736 0.500000
0.006417 0.079703 0.500000
0.233509 0.049777 0.500000
0.175786 -0.058768 0.500000
-0.181388 0.090679 0.500000
-0.179128 -0.087177 0.500000
-0.404529 -0.065579 0.500000
-0.133816 0.089639 0.500000
-0.226775 -0.086839 0.500000
0.505822 -0.003148 0.500000
0.126377 -0.065032 0.500000
-0.234109 -0.086649 0.500000
0.261596 0.045229 0.500000
0.269986 0.043839 0.500000
-0.403727 0.066073 0.500000
-0.245192 -0.086287 0.500000
-0.229837 -0.086769 0.500000
0.374243 -0.028233 0.500000
-0.481131 -0.025942 0.500000
-0.242776 0.089626 0.500000
-0.346938 0.079152 0.500000
0.185212 0.057199 0.500000
0.069098 -0.071536 0.500000
0.340086 -0.034085 0.500000
0.324947 0.034358 0.500000
0.028573 -0.075592 0.500000
-0.459551 0.041997 0.500000
-0.135306 0.089695 0.500000
-0.041919 0.084098 0.500000
0.101863 0.068747 0.500000
0.063446 -0.072130 0.500000
0.183051 -0.057800 0.500000
-0.288204 0.086661 0.500000
0.497131 0.000280 0.500000
0.417272 -0.020490 0.500000
0.071147 -0.071319 0.500000
0.053719 -0.073131 0.500000
-0.336288 -0.078910 0.500000
0.181647 0.057726 0.500000
0.033290 0.076896 0.500000
0.405630 0.019259 0.500000
-0.323816 0.082689 0.500000
-0.448623 -0.049538 0.500000
-0.345538 0.079388 0.500000
0.403143 0.019746 0.500000
0.178581 0.058177 0.500000
-0.416736 -0.061991 0.500000
-0.414306 0.062692 0.500000
-0.292248 0.086290 0.500000
0.494102 0.000943 0.500000
0.286087 -0.042828 0.500000
-0.070113 -0.083276 0.500000
-0.274089 -0.084857 0.500000
-0.119556 -0.085742 0.500000
0.237484 -0.050173 0.500000
-0.305642 -0.082396 0.500000
-0.466177 0.037467 0.500000
-0.125676 -0.085973 0.500000
0.022858 -0.076125 0.500000
0.192132 0.056167 0.500000
0.434439 -0.017281 0.500000
-0.353858 -0.076322 0.500000
0.120217 0.066350 0.500000
0.335090 0.032539 0.500000
-0.298494 -0.083046 0.500000
0.224976 -0.051982 0.500000
0.254614 -0.047641 0.500000
-0.302983 0.085209 0.500000
0.389259 -0.025578 0.500000
0.501198 -0.000614 0.500000
0.036328 0.076565 0.500000
-0.276027 -0.084738 0.500000
0.472006 0.005703 0.500000
0.037207 0.076468 0.500000
-0.308086 -0.082159 0.500000
0.329280 -0.035884 0.500000
-0.182596 -0.087202 0.500000
-0.152576 -0.086769 0.500000
0.126569 0.065500 0.500000
0.386902 -0.025998 0.500000
0.451580 0.009991 0.500000
-0.246495 -0.086236 0.500000
-0.090126 -0.084399 0.500000
-0.348099 0.078949 0.500000
-0.166771 0.090515 0.500000
0.033288 0.076897 0.500000
-0.381501 -0.071170 0.500000
0.452625 -0.013803 0.500000
-0.478659 -0.028752 0.500000
-0.021847 0.082380 0.500000
-0.439432 -0.053713 0.500000
0.323152 -0.036894 0.500000
0.051399 -0.073367 0.500000
-0.253418 -0.085951 0.500000
-0.026296 -0.080277 0.500000
-0.287582 -0.083932 0.500000
-0.068284 -0.083166 0.500000
0.501957 -0.000782 0.500000
-0.466018 -0.039473 0.500000
-0.077177 0.086707 0.500000
0.214915 -0.053413 0.500000
-0.366140 -0.074212 0.500000
0.055482 -0.072952 0.500000
-0.308071 0.084646 0.500000
0.093052 0.069867 0.500000
-0.490253 0.004040 0.500000
-0.349931 0.078627 0.500000
-0.458036 -0.044533 0.500000
-0.316556 0.083632 0.500000
0.371591 0.025805 0.500000
-0.382140 0.071924 0.500000
-0.379095 0.072652 0.500000
-0.471773 -0.035144 0.500000
0.255334 -0.047533 0.500000
-0.361520 -0.075037 0.500000
-0.115649 -0.085587 0.500000
0.123285 0.065940 0.500000
-0.410973 0.063801 0.500000
0.486003 0.002703 0.500000
-0.222097 0.090320 0.500000
0.250469 0.047051 0.500000
0.142510 0.063324 0.500000
0.398254 -0.023964 0.500000
0.080541 0.071423 0.500000
0.240793 -0.049688 0.500000
0.301134 0.038544 0.500000
0.427754 -0.018539 0.500000
0.089539 0.070309 0.500000
0.221440 0.051680 0.500000
0.150045 0.062274 0.500000
-0.199788 0.090670 0.500000
0.125318 -0.065160 0.500000
-0.415946 -0.062241 0.500000
0.490770 0.001669 0.500000
-0.417425 0.061619 0.500000
-0.211919 0.090527 0.500000
-0.403483 0.066147 0.500000
0.072915 0.072349 0.500000
-0.263586 0.088528 0.500000
0.474678 0.005134 0.500000
-0.262576 -0.085514 0.500000
0.409522 -0.021916 0.500000
0.386304 0.023008 0.500000
-0.015035 0.081762 0.500000
-0.196473 -0.087223 0.500000
0.442762 -0.015699 0.500000
0.024420 -0.075980 0.500000
-0.026299 -0.080277 0.500000
0.437607 -0.016681 0.500000
-0.144035 -0.086554 0.500000
-0.294498 -0.083385 0.500000
0.072469 0.072403 0.500000
-0.446100 0.049603 0.500000
0.068267 -0.071624 0.500000
0.266646 -0.045826 0.500000
0.212895 -0.053697 0.500000
0.254765 -0.047618 0.500000
-0.193686 -0.087230 0.500000
0.435658 0.013260 0.500000
0.363562 -0.030090 0.500000
-0.378895 0.072699 0.500000
-0.142545 0.089937 0.500000
-0.101407 -0.084960 0.500000
0.428415 0.014726 0.500000
0.186984 0.056935 0.500000
0.066206 -0.071841 0.500000
-0.030875 -0.080624 0.500000
0.304757 0.037915 0.500000
0.009028 -0.077371 0.500000
0.048870 -0.073620 0.500000
0.156087 -0.061334 0.500000
0.075740 -0.070826 0.500000
0.278198 0.042462 0.500000
0.130666 0.064946 0.500000
0.155258 -0.061440 0.500000
0.408513 0.018692 0.500000
0.466602 -0.011075 0.500000
0.177038 0.058404 0.500000
-0.091016 0.087575 0.500000
-0.079925 0.086885 0.500000
0.478590 -0.008695 0.500000
-0.066387 -0.083048 0.500000
0.074831 0.072118 0.500000
0.160227 -0.060802 0.500000
-0.042714 -0.081484 0.500000
-0.243096 -0.086363 0.500000
0.237962 0.049067 0.500000
-0.158063 0.090351 0.500000
-0.024714 -0.080156 0.500000
-0.076679 -0.083662 0.500000
-0.280078 0.087349 0.500000
-0.478253 0.026825 0.500000
0.431187 0.014167 0.500000
-0.328986 0.081971 0.500000
0.201029 0.054824 0.500000
-0.487308 0.013618 0.500000
0.189796 0.056517 0.500000
-0.006947 -0.078737 0.500000
-0.489480 -0.010367 0.500000
-0.469879 -0.036648 0.500000
0.456790 0.008907 0.500000
0.482125 -0.007986 0.500000
0.015270 0.078804 0.500000
0.245221 0.047901 0.500000
-0.068347 -0.083170 0.500000
0.240967 0.048586 0.500000
-0.084029 -0.084074 0.500000
-0.411981 -0.063448 0.500000
-0.229434 -0.086778 0.500000
0.129788 -0.064618 0.500000
-0.315292 -0.081427 0.500000
0.002636 0.080077 0.500000
-0.270058 0.088100 0.500000
-0.072681 -0.083428 0.500000
0.338913 0.031847 0.500000
0.275193 0.042968 0.500000
0.015588 0.078771 0.500000
-0.226432 -0.086847 0.500000
0.177954 -0.058480 0.500000
0.462349 -0.011910 0.500000
0.206751 -0.054558 0.500000
0.179298 -0.058301 0.500000
-0.147785 -0.086653 0.500000
0.000578 -0.078105 0.500000
0.195815 0.055613 0.500000
0.176568 -0.058664 0.500000
0.027506 -0.075692 0.500000
0.179526 0.058038 0.500000
0.170521 0.059353 0.500000
-0.226387 0.090203 0.500000
-0.094578 -0.084627 0.500000
0.401610 -0.023357 0.500000
0.159495 -0.060896 0.500000
0.194014 0.055885 0.500000
0.382715 0.023695 0.500000
-0.463632 0.039286 0.500000
-0.490679 -0.001148 0.500000
-0.348058 0.078957 0.500000
0.268971 0.044007 0.500000
0.197291 0.055391 0.500000
0.447043 0.010929 0.500000
-0.464096 -0.040777 0.500000
0.031338 0.077108 0.500000
0.269024 0.043999 0.500000
0.283936 -0.043164 0.500000
0.197284 0.055392 0.500000
0.176931 -0.058616 0.500000
0.043606 0.075758 0.500000
-0.398747 0.067538 0.500000
-0.325558 0.082449 0.500000
0.094714 -0.068733 0.500000
-0.262796 -0.085503 0.500000
-0.019018 -0.079713 0.500000
-0.083715 -0.084057 0.500000
-0.038309 -0.081169 0.500000
0.255676 -0.047482 0.500000
0.207840 0.053785 0.500000
-0.458439 -0.044297 0.500000
0.495906 0.000548 0.500000
0.457530 -0.012852 0.500000
0.066859 -0.071773 0.500000
-0.248610 0.089358 0.500000
0.434235 0.013549 0.500000
0.436216 -0.016944 0.500000
0.074924 -0.070914 0.500000
0.144848 -0.062758 0.500000
0.368284 -0.029272 0.500000
0.204784 -0.054831 0.500000
-0.227984 -0.086811 0.500000
0.326889 0.034012 0.500000
0.296334 -0.041217 0.500000
-0.473892 0.031159 0.500000
-0.093278 0.087707 0.500000
0.085681 0.070789 0.500000
0.055508 0.074404 0.500000
-0.477392 0.027741 0.500000
0.372013 0.025726 0.500000
-0.471802 -0.035122 0.500000
0.183945 -0.057679 0.500000
0.429325 -0.018244 0.500000
0.394064 -0.024718 0.500000
-0.197824 0.090686 0.500000
0.403315 -0.023048 0.500000
0.386266 0.023015 0.500000
0.444948 -0.015281 0.500000
-0.377702 0.072980 0.500000
0.338567 0.031910 0.500000
0.465204 0.007143 0.500000
-0.007286 0.081037 0.500000
-0.351939 -0.076631 0.500000
0.484510 0.003025 0.500000
-0.217076 0.090430 0.500000
0.246820 0.047643 0.500000
0.262920 0.045011 0.500000
0.147578 -0.062414 0.500000
-0.483701 -0.022542 0.500000
0.352084 0.029440 0.500000
-0.187505 -0.087222 0.500000
-0.248596 0.089358 0.500000
0.200434 0.054915 0.500000
-0.451368 -0.048165 0.500000
-0.091658 0.087614 0.500000
0.288744 0.040675 0.500000
-0.430563 0.056651 0.500000
-0.244254 -0.086324 0.500000
-0.011280 -0.079094 0.500000
0.429553 -0.018201 0.500000
0.311348 0.036764 0.500000
0.481194 -0.008173 0.500000
-0.184314 -0.087214 0.500000
-0.403405 0.066171 0.500000
0.124695 -0.065235 0.500000
0.068062 -0.071646 0.500000
-0.167622 -0.087049 0.500000
0.165569 -0.060110 0.500000
-0.315813 0.083725 0.500000
0.288139 0.040778 0.500000
0.041075 -0.074392 0.500000
-0.404882 0.065722 0.500000
-0.013691 0.081638 0.500000
-0.057118 -0.082461 0.500000
0.508138 -0.002150 0.500000
-0.266317 0.088350 0.500000
0.306628 0.037589 0.500000
-0.085543 0.087243 0.500000
0.394915 0.021348 0.500000
-0.292854 0.086235 0.500000
0.424266 -0.019191 0.500000
0.116151 0.066888 0.500000
-0.458601 -0.044202 0.500000
0.262175 0.045134 0.500000
-0.346993 -0.077392 0.500000
0.107195 0.068060 0.500000
0.204353 0.054318 0.500000
-0.202646 -0.087195 0.500000
0.156581 0.061353 0.500000
0.117279 -0.066122 0.500000
-0.231765 -0.086716 0.500000
-0.170992 -0.087093 0.500000
-0.301751 -0.082755 0.500000
0.083845 0.071016 0.500000
-0.303389 -0.082606 0.500000
0.120778 -0.065705 0.500000
-0.365502 0.075649 0.500000
-0.392142 0.069371 0.500000
-0.362348 -0.074892 0.500000
-0.303707 0.085133 0.500000
0.034676 -0.075012 0.500000
0.020161 -0.076372 0.500000
0.205982 0.054070 0.500000
-0.490664 -0.002377 0.500000
-0.058198 -0.082530 0.500000
-0.044779 0.084331 0.500000
-0.462533 0.040040 0.500000
-0.157387 -0.086869 0.500000
-0.372225 -0.073063 0.500000
0.042329 0.075901 0.500000
-0.211180 -0.087115 0.500000
0.406010 0.019184 0.500000
0.377360 -0.027686 0.500000
0.077609 -0.070625 0.500000
0.225281 -0.051938 0.500000
-0.146773 0.090061 0.500000
-0.406683 0.065166 0.500000
0.269915 0.043850 0.500000
0.109975 0.067699 0.500000
-0.275365 -0.084778 0.500000
0.503898 -0.003546 0.500000
-0.099175 0.088044 0.500000
-0.180743 -0.087188 0.500000
-0.345927 0.079322 0.500000
-0.447465 0.048906 0.500000
0.432444 0.013912 0.500000
-0.091032 -0.084446 0.500000
0.324607 -0.036655 0.500000
0.005607 0.079783 0.500000
-0.157980 0.090349 0.500000
0.380490 0.024119 0.500000
-0.416994 0.061769 0.500000
0.251253 -0.048142 0.500000
0.017632 -0.076603 0.500000
0.287521 -0.042604 0.500000
0.321789 0.034920 0.500000
-0.028171 -0.080420 0.500000
0.317623 0.035659 0.500000
0.174699 0.058746 0.500000
-0.265374 0.088412 0.500000
-0.490558 -0.004248 0.500000
-0.403545 0.066128 0.500000
0.303819 -0.040025 0.500000
0.325094 0.034332 0.500000
-0.323012 -0.080567 0.500000
-0.248884 -0.086142 0.500000
0.224212 -0.052091 0.500000
-0.344944 0.079487 0.500000
0.055295 0.074428 0.500000
0.358677 -0.030931 0.500000
-0.343461 -0.077913 0.500000
0.410694 0.018262 0.500000
-0.039917 0.083934 0.500000
-0.424097 -0.059565 0.500000
0.204792 0.054251 0.500000
0.023501 0.077947 0.500000
0.464099 -0.011567 0.500000
-0.238670 0.089789 0.500000
0.081117 -0.070243 0.500000
-0.001438 0.080475 0.500000
-0.119806 -0.085752 0.500000
0.160393 0.060810 0.500000
0.139673 0.063716 0.500000
-0.419916 0.060735 0.500000
0.463549 -0.011675 0.500000
-0.236322 -0.086587 0.500000
0.433808 0.013636 0.500000
0.326147 0.034144 0.500000
0.072091 -0.071218 0.500000
-0.134830 0.089677 0.500000
0.491775 -0.006034 0.500000
0.309932 -0.039044 0.500000
-0.372353 -0.073038 0.500000
-0.339857 0.080323 0.500000
0.170331 -0.059488 0.500000
0.382684 0.023700 0.500000
0.301329 0.038510 0.500000
-0.382569 0.071819 0.500000
-0.304415 -0.082513 0.500000
0.419428 -0.020091 0.500000
-0.416780 -0.061977 0.500000
-0.089821 0.087503 0.500000
-0.489696 0.006809 0.500000
0.165894 -0.060068 0.500000
0.116182 -0.066251 0.500000
-0.080297 -0.083868 0.500000
-0.465192 0.038184 0.500000
0.509139 -0.002373 0.500000
0.019485 -0.076434 0.500000
0.168762 0.059608 0.500000
-0.477632 0.027488 0.500000
0.279958 0.042166 0.500000
0.149281 0.062381 0.500000
0.197080 0.055422 0.500000
0.227229 0.050771 0.500000
-0.047814 -0.081838 0.500000
-0.312531 -0.081713 0.500000
-0.486973 -0.016989 0.500000
0.110561 0.067622 0.500000
-0.321519 -0.080739 0.500000
0.398772 -0.023870 0.500000
0.226187 0.050935 0.500000
0.307463 0.037443 0.500000
-0.380031 0.072430 0.500000
-0.046739 -0.081764 0.500000
-0.326086 0.082376 0.500000
0.013898 0.078945 0.500000
-0.474644 -0.032681 0.500000
-0.215096 -0.087065 0.500000
-0.016954 -0.079550 0.500000
-0.273435 0.087857 0.500000
0.178353 0.058211 0.500000
0.402171 0.019936 0.500000
0.074460 0.072163 0.500000
0.336116 0.032353 0.500000
0.346565 0.030453 0.500000
0.217131 0.052351 0.500000
0.327557 -0.036169 0.500000
-0.115095 0.088856 0.500000
0.158912 -0.060971 0.500000
0.013488 -0.076976 0.500000
-0.386160 -0.070144 0.500000
-0.472145 0.032714 0.500000
-0.488597 -0.013166 0.500000
-0.311128 -0.081858 0.500000
0.023856 -0.076033 0.500000
0.427090 0.014993 0.500000
-0.429096 0.057246 0.500000
-0.196855 0.090689 0.500000
0.015788 -0.076769 0.500000
-0.132196 0.089578 0.500000
-0.077620 -0.083716 0.500000
0.075964 0.071981 0.500000
0.373073 0.025526 0.500000
0.323304 0.034651 0.500000
0.411213 0.018159 0.500000
0.066598 0.073105 0.500000
-0.292942 -0.083512 0.500000
-0.373450 0.073946 0.500000
-0.419943 0.060725 0.500000
0.441195 0.012130 0.500000
-0.390883 0.069708 0.500000
-0.167008 -0.087039 0.500000
-0.330023 -0.079724 0.500000
-0.055407 -0.082350 0.500000
-0.378601 0.072769 0.500000
0.014983 0.078833 0.500000
-0.181380 -0.087193 0.500000
0.282959 -0.043316 0.500000
-0.168862 -0.087068 0.500000
-0.367623 0.075210 0.500000
0.097639 -0.068403 0.500000
0.374146 0.025323 0.500000
-0.477081 -0.030375 0.500000
-0.485448 -0.019814 0.500000
-0.052088 0.084906 0.500000
0.286922 0.040985 0.500000
-0.226583 -0.086844 0.500000
0.156723 0.061333 0.500000
0.295459 -0.041355 0.500000
0.143665 -0.062906 0.500000
-0.381090 0.072179 0.500000
0.133303 0.064589 0.500000
0.241856 -0.049532 0.500000
0.317215 -0.037864 0.500000
-0.059977 0.085502 0.500000
0.071019 -0.071332 0.500000
0.465102 0.007164 0.500000
0.349510 -0.032496 0.500000
-0.267550 -0.085244 0.500000
0.094645 0.069667 0.500000
0.495526 -0.005269 0.500000
-0.067601 0.086052 0.500000
0.324401 0.034456 0.500000
-0.234100 -0.086650 0.500000
0.319022 -0.037569 0.500000
0.287703 -0.042576 0.500000
-0.274284 -0.084845 0.500000
0.406030 -0.022554 0.500000
-0.274950 -0.084804 0.500000
0.292119 0.040098 0.500000
0.102669 -0.067828 0.500000
0.362903 -0.030204 0.500000
0.207921 0.053773 0.500000
0.006051 0.079739 0.500000
0.152554 0.061922 0.500000
-0.129770 -0.086117 0.500000
0.434972 0.013399 0.500000
-0.490018 -0.008075 0.500000
0.107470 -0.067273 0.500000
-0.481489 0.023026 0.500000
-0.086526 0.087302 0.500000
0.455058 0.009268 0.500000
0.304740 -0.039878 0.500000
-0.087057 0.087335 0.500000
0.463852 -0.011616 0.500000
-0.430975 0.056483 0.500000
0.170198 -0.059505 0.500000
0.324564 0.034426 0.500000
-0.398096 -0.067281 0.500000
-0.482174 -0.024632 0.500000
-0.388149 0.070422 0.500000
-0.298697 -0.083029 0.500000
0.459716 0.008296 0.500000
-0.398828 0.067515 0.500000
-0.135578 -0.086306 0.500000
-0.469334 0.035050 0.500000
0.188235 0.056749 0.500000
-0.145998 0.090038 0.500000
0.414885 -0.020931 0.500000
-0.180302 -0.087185 0.500000
0.099208 0.069087 0.500000
-0.012352 -0.079180 0.500000
0.108795 0.067852 0.500000
-0.141377 0.089898 0.500000
-0.028658 -0.080457 0.500000
0.226673 0.050858 0.500000
-0.344654 0.079536 0.500000
0.169063 -0.059654 0.500000
-0.184002 -0.087212 0.500000
-0.471378 -0.035465 0.500000
-0.258305 -0.085729 0.500000
-0.017232 0.081964 0.500000
0.381475 0.023931 0.500000
0.447507 -0.014790 0.500000
-0.203122 -0.087192 0.500000
-0.487192 0.013867 0.500000
0.217647 0.052271 0.500000
0.382494 -0.026780 0.500000
-0.211886 0.090528 0.500000
0.139680 -0.063402 0.500000
-0.438070 0.053431 0.500000
0.423378 -0.019357 0.500000
-0.488612 0.010423 0.500000
0.209449 -0.054181 0.500000
-0.185385 -0.087216 0.500000
0.323063 -0.036908 0.500000
-0.418886 -0.061305 0.500000
-0.340587 0.080205 0.500000
0.463175 0.007570 0.500000
-0.108915 -0.085302 0.500000
0.096763 0.069398 0.500000
0.245649 0.047832 0.500000
0.385628 -0.026225 0.500000
-0.337874 -0.078696 0.500000
0.295443 0.039527 0.500000
-0.429921 -0.057482 0.500000
-0.314302 -0.081531 0.500000
-0.384771 -0.070457 0.500000
0.305354 0.037811 0.500000
-0.201179 -0.087206 0.500000
0.061187 -0.072365 0.500000
0.307232 0.037484 0.500000
-0.365404 0.075670 0.500000
0.040628 0.076090 0.500000
0.000706 -0.078094 0.500000
-0.125170 0.089301 0.500000
-0.011613 0.081445 0.500000
0.245479 -0.048999 0.500000
-0.304845 0.085007 0.500000
0.162859 0.060458 0.500000
-0.027019 0.082838 0.500000
0.396488 0.021043 0.500000
0.110014 0.067693 0.500000
-0.329752 0.081859 0.500000
-0.167928 -0.087054 0.500000
-0.095411 -0.084670 0.500000
-0.289787 -0.083761 0.500000
-0.011798 0.081463 0.500000
-0.297008 -0.083172 0.500000
0.472385 -0.009932 0.500000
-0.063983 0.085797 0.500000
0.086225 0.070721 0.500000
0.076910 0.071866 0.500000
0.156508 -0.061280 0.500000
-0.311759 -0.081793 0.500000
0.332804 0.032951 0.500000
-0.482304 0.021959 0.500000
-0.131622 -0.086181 0.500000
-0.473034 0.031933 0.500000
-0.176239 0.090635 0.500000
0.134317 0.064450 0.500000
0.220609 0.051809 0.500000
0.432055 -0.017731 0.500000
-0.449741 0.047710 0.500000
-0.109634 0.088591 0.500000
-0.246086 -0.086252 0.500000
-0.217988 0.090411 0.500000
-0.286100 -0.084040 0.500000
-0.336475 0.080854 0.500000
-0.285997 0.086855 0.500000
-0.009661 0.081261 0.500000
0.256668 0.046039 0.500000
-0.256018 -0.085835 0.500000
-0.043258 0.084208 0.500000
0.498165 -0.004728 0.500000
-0.002876 0.080614 0.500000
-0.402815 -0.066047 0.500000
0.147872 0.062578 0.500000
-0.299524 0.085572 0.500000
0.296574 -0.041179 0.500000
-0.225815 0.090218 0.500000
-0.093392 0.087714 0.500000
0.468561 0.006434 0.500000
-0.349828 -0.076958 0.500000
0.236813 0.049251 0.500000
-0.357582 -0.075710 0.500000
0.354721 -0.031609 0.500000
0.149241 0.062386 0.500000
-0.490509 0.002065 0.500000
-0.374016 0.073821 0.500000
0.168562 -0.059719 0.500000
-0.483438 -0.022920 0.500000
-0.383457 0.071602 0.500000
0.133190 0.064604 0.500000
-0.119846 0.089075 0.500000
0.252891 0.046657 0.500000
0.428107 -0.018473 0.500000
0.198433 -0.055710 0.500000
0.196785 -0.055936 0.500000
0.193918 0.055899 0.500000
0.054617 -0.073040 0.500000
-0.290230 0.086475 0.500000
0.381068 -0.027032 0.500000
-0.406529 0.065214 0.500000
-0.423282 0.059500 0.500000
-0.077102 0.086702 0.500000
-0.280726 0.087299 0.500000
0.011525 0.079188 0.500000
-0.410607 0.063920 0.500000
0.381551 -0.026947 0.500000
0.354040 -0.031725 0.500000
0.392967 0.021725 0.500000
-0.161318 0.090414 0.500000
0.152734 0.061896 0.500000
0.440703 0.012231 0.500000
0.479733 0.004053 0.500000
-0.451308 0.046861 0.500000
-0.193766 0.090698 0.500000
0.127619 -0.064881 0.500000
0.103830 -0.067694 0.500000
0.155881 -0.061360 0.500000
-0.485342 -0.019993 0.500000
-0.399334 -0.066964 0.500000
-0.444033 -0.051699 0.500000
-0.172240 0.090591 0.500000
0.023091 -0.076103 0.500000
-0.390431 0.069826 0.500000
-0.041877 -0.081425 0.500000
-0.323488 -0.080512 0.500000
-0.402598 -0.066104 0.500000
-0.047081 0.084514 0.500000
0.295882 0.039451 0.500000
-0.297081 -0.083166 0.500000
-0.373317 -0.072849 0.500000
0.182109 0.057658 0.500000
0.361204 -0.030497 0.500000
-0.213470 0.090504 0.500000
0.179717 0.058010 0.500000
0.060715 -0.072414 0.500000
0.268348 0.044111 0.500000
0.462799 -0.011822 0.500000
-0.082566 0.087055 0.500000
0.407651 0.018861 0.500000
0.086661 -0.069634 0.500000
0.294173 0.039745 0.500000
-0.411153 -0.063695 0.500000
0.345188 -0.033227 0.500000
0.463440 -0.011697 0.500000
0.041557 -0.074345 0.500000
0.347462 0.030289 0.500000
-0.120310 0.089096 0.500000
-0.009127 0.081211 0.500000
-0.387599 0.070563 0.500000
-0.166142 -0.087025 0.500000
-0.464386 -0.040584 0.500000
0.368796 -0.029183 0.500000
0.460440 0.008144 0.500000
0.076562 0.071908 0.500000
-0.220974 -0.086963 0.500000
-0.102206 -0.084998 0.500000
-0.222345 -0.086938 0.500000
0.004997 -0.077724 0.500000
-0.228613 -0.086797 0.500000
0.015275 -0.076815 0.500000
0.180385 0.057912 0.500000
-0.467806 0.036246 0.500000
-0.046519 0.084469 0.500000
-0.265759 0.088386 0.500000
-0.026626 0.082804 0.500000
-0.063062 -0.082842 0.500000
-0.221751 -0.086949 0.500000
0.050158 -0.073491 0.500000
0.189318 -0.056954 0.500000
-0.248911 -0.086141 0.500000
-0.292661 -0.083534 0.500000
-0.440813 0.052174 0.500000
-0.405775 -0.065237 0.500000
-0.077487 -0.083708 0.500000
0.408762 0.018643 0.500000
-0.030974 -0.080631 0.500000
-0.077793 0.086748 0.500000
-0.289142 0.086575 0.500000
0.087284 0.070589 0.500000
-0.322665 0.082842 0.500000
0.017549 -0.076611 0.500000
-0.131328 0.089545 0.500000
-0.315743 -0.081378 0.500000
0.379985 -0.027224 0.500000
-0.181129 -0.087191 0.500000
-0.041069 -0.081367 0.500000
0.190186 -0.056837 0.500000
0.045947 -0.073913 0.500000
0.367106 0.026648 0.500000
-0.360764 0.076605 0.500000
0.339256 0.031785 0.500000
0.149106 -0.062222 0.500000
-0.480683 -0.026479 0.500000
-0.134055 -0.086258 0.500000
-0.305472 -0.082412 0.500000
0.276510 0.042747 0.500000
-0.239128 0.089770 0.500000
0.047841 0.075281 0.500000
-0.414898 0.062491 0.500000
0.308494 -0.039275 0.500000
-0.095249 -0.084661 0.500000
-0.353731 0.077942 0.500000
0.112070 -0.066736 0.500000
0.249386 0.047227 0.500000
-0.257158 -0.085784 0.500000
0.255987 0.046151 0.500000
-0.425162 0.058789 0.500000
-0.142525 0.089937 0.500000
0.178698 0.058160 0.500000
-0.201840 0.090652 0.500000
-0.338407 -0.078625 0.500000
0.019018 -0.076477 0.500000
-0.300049 0.085517 0.500000
0.262674 -0.046428 0.500000
-0.415999 0.062116 0.500000
0.226751 -0.051727 0.500000
-0.002385 0.080567 0.500000
0.386007 -0.026157 0.500000
-0.478825 0.026197 0.500000
0.390769 0.022149 0.500000
0.212103 -0.053809 0.500000
-0.209983 -0.087130 0.500000
0.008606 -0.077408 0.500000
0.429736 -0.018167 0.500000
0.004815 0.079861 0.500000
0.494766 0.000797 0.500000
-0.174669 0.090622 0.500000
0.099078 -0.068239 0.500000
0.208348 -0.054335 0.500000
0.187716 0.056826 0.500000
-0.016045 0.081855 0.500000
-0.416903 0.061801 0.500000
-0.039880 0.083931 0.500000
-0.256764 -0.085802 0.500000
-0.278652 0.087461 0.500000
0.488868 0.002082 0.500000
0.364214 -0.029978 0.500000
-0.149486 -0.086694 0.500000
0.393798 -0.024766 0.500000
-0.001963 -0.078319 0.500000
-0.424886 0.058894 0.500000
0.375960 0.024979 0.500000
-0.471678 0.033116 0.500000
-0.387356 -0.069874 0.500000
0.266599 0.044402 0.500000
0.037012 -0.074787 0.500000
-0.309219 -0.082050 0.500000
-0.302966 0.085211 0.500000
-0.320804 0.083088 0.500000
-0.251123 0.089233 0.500000
0.482911 0.003370 0.500000
-0.399588 -0.066898 0.500000
0.379183 -0.027365 0.500000
-0.000181 -0.078169 0.500000
-0.087748 -0.084275 0.500000
-0.229494 0.090113 0.500000
-0.105911 0.088405 0.500000
0.219157 0.052035 0.500000
-0.383701 0.071542 0.500000
-0.488974 0.009358 0.500000
-0.312939 -0.081671 0.500000
0.182103 0.057659 0.500000
0.376712 0.024837 0.500000
-0.305135 -0.082445 0.500000
-0.483955 0.019609 0.500000
-0.490501 0.002148 0.500000
-0.290323 -0.083718 0.500000
0.399346 -0.023767 0.500000
-0.277981 -0.084608 0.500000
-0.370885 0.074513 0.500000
0.335505 0.032464 0.500000
0.498507 -0.000022 0.500000
0.260066 0.045482 0.500000
0.215907 0.052541 0.500000
0.438426 -0.016525 0.500000
0.320966 0.035066 0.500000
-0.430929 -0.057107 0.500000
-0.377261 -0.072057 0.500000
0.234044 0.049692 0.500000
-0.336102 -0.078935 0.500000
0.342145 -0.033740 0.500000
0.290284 0.040412 0.500000
-0.245336 0.089508 0.500000
-0.440327 -0.053333 0.500000
0.318472 -0.037659 0.500000
-0.011354 -0.079100 0.500000
-0.477054 0.028091 0.500000
-0.477875 -0.029574 0.500000
-0.479128 -0.028245 0.500000
-0.178542 0.090655 0.500000
0.485260 -0.007355 0.500000
0.241803 -0.049540 0.500000
0.073086 0.072329 0.500000
-0.305986 0.084880 0.500000
-0.333174 0.081357 0.500000
-0.019212 -0.079728 0.500000
-0.213020 -0.087091 0.500000
-0.074941 -0.083563 0.500000
-0.326018 -0.080213 0.500000
-0.174659 0.090621 0.500000
-0.435419 0.054606 0.500000
-0.011108 0.081398 0.500000
0.163747 -0.060347 0.500000
-0.227727 -0.086817 0.500000
-0.090363 0.087536 0.500000
-0.193001 -0.087231 0.500000
0.430237 -0.018073 0.500000
0.090352 0.070207 0.500000
0.062294 0.073613 0.500000
-0.150048 -0.086707 0.500000
-0.051299 0.084846 0.500000
-0.017664 0.082004 0.500000
0.393911 -0.024746 0.500000
0.127626 0.065357 0.500000
0.179807 -0.058233 0.500000
0.104599 0.068396 0.500000
-0.111773 0.088698 0.500000
0.446244 0.011093 0.500000
0.299584 0.038813 0.500000
0.319156 -0.037547 0.500000
0.370541 -0.028879 0.500000
-0.023154 0.082498 0.500000
-0.341432 -0.078201 0.500000
-0.209410 -0.087137 0.500000
-0.124940 0.089291 0.500000
0.030919 0.077154 0.500000
0.221614 0.051652 0.500000
0.053811 -0.073122 0.500000
-0.382606 0.071810 0.500000
-0.442884 0.051189 0.500000
-0.311339 -0.081836 0.500000
0.216697 -0.053161 0.500000
0.259326 0.045603 0.500000
0.067059 0.073050 0.500000
0.483305 -0.007749 0.500000
-0.079777 -0.083838 0.500000
-0.071106 0.086298 0.500000
0.102041 0.068724 0.500000
-0.157687 -0.086876 0.500000
-0.468585 0.035642 0.500000
-0.249143 0.089333 0.500000
0.355060 -0.031551 0.500000
-0.319695 -0.080947 0.500000
-0.451664 0.046667 0.500000
0.304326 -0.039944 0.500000
-0.359160 0.076920 0.500000
-0.087202 -0.084245 0.500000
-0.250621 -0.086074 0.500000
0.418842 0.016646 0.500000
-0.285077 0.086933 0.500000
-0.399359 -0.066957 0.500000
0.418887 -0.020191 0.500000
0.368065 -0.029310 0.500000
-0.333468 -0.079283 0.500000
-0.225499 -0.086869 0.500000
0.229453 -0.051338 0.500000
-0.032883 -0.080772 0.500000
-0.319474 0.083265 0.500000
0.485084 -0.007390 0.500000
-0.038464 -0.081180 0.500000
0.163979 -0.060316 0.500000
-0.390177 -0.069221 0.500000
-0.415744 0.062204 0.500000
-0.370633 -0.073373 0.500000
-0.269793 -0.085119 0.500000
-0.059269 0.085450 0.500000
0.112035 -0.066740 0.500000
-0.012492 0.081527 0.500000
0.504250 -0.001288 0.500000
-0.095200 0.087817 0.500000
-0.273858 0.087827 0.500000
0.318652 0.035477 0.500000
-0.472945 0.032012 0.500000
-0.071230 0.086306 0.500000
-0.214671 -0.087071 0.500000
0.001865 -0.077994 0.500000
-0.157974 0.090348 0.500000
0.400773 0.020209 0.500000
0.059754 0.073911 0.500000
0.286621 0.041036 0.500000
0.380540 0.024109 0.500000
-0.465875 0.037691 0.500000
-0.434242 0.055112 0.500000
0.257371 -0.047228 0.500000
-0.456061 -0.045656 0.500000
0.347351 -0.032862 0.500000
0.365776 -0.029707 0.500000
0.368757 0.026338 0.500000
-0.257800 0.088873 0.500000
-0.368249 -0.073822 0.500000
0.060518 -0.072434 0.500000
-0.015905 -0.079466 0.500000
-0.065487 0.085903 0.500000
-0.388990 0.070203 0.500000
0.409841 -0.021857 0.500000
-0.490218 0.004254 0.500000
0.363703 -0.030066 0.500000
-0.225866 -0.086860 0.500000
0.204597 -0.054858 0.500000
0.380206 0.024173 0.500000
-0.077418 0.086724 0.500000
-0.054199 0.085068 0.500000
0.329536 0.033538 0.500000
-0.087834 -0.084279 0.500000
-0.167991 0.090532 0.500000
-0.201673 -0.087203 0.500000
0.175829 0.058580 0.500000
-0.472320 -0.034692 0.500000
-0.410536 -0.063877 0.500000
0.474790 -0.009454 0.500000
0.386050 0.023056 0.500000
0.495363 0.000667 0.500000
0.220303 0.051857 0.500000
-0.009565 0.081252 0.500000
-0.435074 0.054755 0.500000
0.277941 -0.044094 0.500000
-0.378517 -0.071798 0.500000
-0.460520 0.041375 0.500000
-0.067671 -0.083128 0.500000
-0.228399 -0.086802 0.500000
-0.117562 -0.085665 0.500000
0.413022 0.017802 0.500000
0.505017 -0.003315 0.500000
-0.020122 -0.079799 0.500000
-0.136664 -0.086341 0.500000
0.200371 0.054924 0.500000
0.376751 0.024830 0.500000
-0.126957 -0.086018 0.500000
-0.450247 0.047440 0.500000
-0.180373 -0.087186 0.500000
-0.206441 0.090609 0.500000
0.481931 -0.008025 0.500000
0.055223 -0.072978 0.500000
-0.340591 -0.078319 0.500000
0.129147 0.065153 0.500000
-0.447466 0.048906 0.500000
0.170691 0.059329 0.500000
-0.479926 -0.027358 0.500000
-0.015958 -0.079470 0.500000
-0.437401 0.053732 0.500000
-0.398685 -0.067130 0.500000
-0.295065 0.086018 0.500000
0.310994 -0.038872 0.500000
0.401402 0.020086 0.500000
0.505789 -0.003155 0.500000
-0.204828 0.090626 0.500000
-0.027801 -0.080392 0.500000
0.099844 -0.068151 0.500000
-0.045630 -0.081687 0.500000
-0.226419 0.090202 0.500000
-0.416668 0.061883 0.500000
0.436277 0.013134 0.500000
0.067358 0.073015 0.500000
0.084747 0.070905 0.500000
0.233806 0.049730 0.500000
0.045976 0.075492 0.500000
-0.130511 0.089514 0.500000
0.184854 -0.057557 0.500000
-0.145281 0.090018 0.500000
-0.023044 0.082488 0.500000
0.166674 -0.059966 0.500000
-0.457553 0.043244 0.500000
-0.233539 -0.086666 0.500000
-0.428950 -0.057842 0.500000
0.496347 0.000452 0.500000
-0.362276 -0.074905 0.500000
-0.100252 -0.084904 0.500000
-0.394733 -0.068126 0.500000
-0.433603 0.055386 0.500000
-0.188006 -0.087223 0.500000
-0.304602 -0.082496 0.500000
-0.221969 0.090323 0.500000
-0.057473 0.085318 0.500000
-0.485661 0.016829 0.500000
-0.140485 -0.086455 0.500000
0.271402 -0.045100 0.500000
-0.336239 0.080890 0.500000
-0.332274 0.081489 0.500000
-0.189796 -0.087228 0.500000
0.413083 0.017790 0.500000
-0.158484 -0.086892 0.500000
-0.489273 0.008386 0.500000
-0.155020 -0.086822 0.500000
-0.297083 0.085819 0.500000
-0.341077 -0.078251 0.500000
0.389425 0.022408 0.500000
-0.028788 0.082993 0.500000
-0.363789 -0.074639 0.500000
0.247689 0.047502 0.500000
-0.062169 -0.082786 0.500000
-0.286678 -0.083998 0.500000
0.493061 0.001170 0.500000
0.473157 0.005458 0.500000
0.263131 -0.046359 0.500000
0.074075 -0.071006 0.500000
-0.160089 0.090390 0.500000
-0.311440 -0.081826 0.500000
0.134657 -0.064022 0.500000
-0.171048 -0.087094 0.500000
0.225797 -0.051864 0.500000
-0.462512 0.040054 0.500000
0.390490 0.022203 0.500000
0.350804 -0.032276 0.500000
-0.333616 -0.079264 0.500000
-0.051623 -0.082096 0.500000
0.370219 -0.028935 0.500000
-0.119626 -0.085745 0.500000
-0.433060 0.055616 0.500000
0.481672 0.003637 0.500000
0.453313 0.009631 0.500000
0.395482 0.021238 0.500000
0.030126 0.077240 0.500000
-0.145271 0.090017 0.500000
0.372480 -0.028541 0.500000
0.008516 -0.077416 0.500000
0.207136 -0.054504 0.500000
-0.440190 -0.053391 0.500000
0.092381 0.069952 0.500000
-0.315829 -0.081369 0.500000
0.338810 -0.034299 0.500000
0.184152 0.057356 0.500000
-0.138709 -0.086405 0.500000
-0.169450 -0.087075 0.500000
0.158362 0.061099 0.500000
-0.238677 0.089788 0.500000
-0.288669 0.086618 0.500000
0.376555 0.024867 0.500000
-0.183221 -0.087206 0.500000
-0.474056 0.031009 0.500000
-0.247085 -0.086213 0.500000
0.063722 -0.072101 0.500000
-0.037924 0.083771 0.500000
0.437694 -0.016664 0.500000
0.182386 0.057617 0.500000
-0.202620 -0.087196 0.500000
0.261252 -0.046643 0.500000
0.330198 -0.035732 0.500000
0.053907 -0.073112 0.500000
0.331130 0.033251 0.500000
0.139540 -0.063420 0.500000
-0.109779 0.088598 0.500000
0.289927 0.040473 0.500000
0.328438 0.033734 0.500000
0.071717 -0.071258 0.500000
0.127636 0.065356 0.500000
-0.059526 -0.082616 0.500000
-0.065229 0.085884 0.500000
0.408942 -0.022022 0.500000
-0.442103 -0.052561 0.500000
0.177765 0.058297 0.500000
0.475307 -0.009351 0.500000
0.030214 -0.075437 0.500000
-0.490591 -0.003819 0.500000
-0.090624 -0.084425 0.500000
-0.194045 0.090697 0.500000
-0.258340 -0.085727 0.500000
0.201653 0.054730 0.500000
-0.301390 -0.082788 0.500000
0.069314 -0.071513 0.500000
-0.386454 0.070853 0.500000
0.299969 0.038746 0.500000
-0.107384 0.088479 0.500000
0.372905 -0.028467 0.500000
-0.049247 0.084685 0.500000
0.068917 0.072829 0.500000
-0.359562 -0.075378 0.500000
-0.268965 -0.085165 0.500000
0.101433 -0.067969 0.500000
-0.476679 0.028475 0.500000
0.224858 0.051144 0.500000
-0.088071 0.087396 0.500000
0.378214 -0.027536 0.500000
0.153881 -0.061616 0.500000
-0.458881 0.042420 0.500000
-0.268094 0.088234 0.500000
-0.432508 -0.056505 0.500000
-0.416889 0.061806 0.500000
-0.074814 0.086548 0.500000
0.009524 0.079390 0.500000
-0.266221 0.088356 0.500000
0.289857 -0.042238 0.500000
0.208915 0.053620 0.500000
-0.235889 0.089899 0.500000
-0.262242 -0.085531 0.500000
0.311709 -0.038757 0.500000
-0.284487 0.086983 0.500000
-0.227013 -0.086834 0.500000
-0.239182 0.089768 0.500000
0.181599 -0.057994 0.500000
0.273607 -0.044761 0.500000
-0.339443 -0.078481 0.500000
-0.241263 -0.086425 0.500000
-0.458633 -0.044183 0.500000
0.204988 -0.054803 0.500000
-0.433780 -0.056013 0.500000
0.273687 0.043220 0.500000
0.039668 0.076196 0.500000
-0.251633 -0.086031 0.500000
0.466444 -0.011106 0.500000
-0.292386 0.086278 0.500000
0.043667 0.075751 0.500000
0.063540 -0.072120 0.500000
0.333404 -0.035201 0.500000
-0.129567 -0.086110 0.500000
-0.157460 0.090336 0.500000
-0.473863 0.031185 0.500000
-0.438243 0.053353 0.500000
-0.108165 0.088518 0.500000
0.123380 0.065928 0.500000
0.210077 0.053442 0.500000
0.495964 0.000535 0.500000
0.106468 -0.067389 0.500000
0.260237 0.045453 0.500000
0.354549 0.028985 0.500000
0.129703 0.065077 0.500000
-0.068159 0.086091 0.500000
-0.328155 0.082087 0.500000
-0.035920 0.083602 0.500000
-0.143028 0.089953 0.500000
0.407175 -0.022345 0.500000
0.334131 -0.035080 0.500000
-0.288614 -0.083853 0.500000
0.120453 -0.065744 0.500000
-0.267140 0.088296 0.500000
-0.208060 -0.087154 0.500000
-0.074254 0.086510 0.500000
0.173466 0.058926 0.500000
0.376266 0.024922 0.500000
-0.022130 0.082406 0.500000
-0.426108 0.058423 0.500000
-0.061099 0.085584 0.500000
-0.050895 0.084815 0.500000
-0.189349 -0.087227 0.500000
0.406393 0.019109 0.500000
0.150926 0.062150 0.500000
-0.080457 0.086919 0.500000
-0.305658 -0.082394 0.500000
0.114789 -0.066416 0.500000
0.093805 -0.068836 0.500000
0.473135 0.005463 0.500000
-0.251130 0.089232 0.500000
-0.407586 -0.064727 0.500000
0.413605 -0.021166 0.500000
-0.051793 -0.082108 0.500000
0.130737 -0.064503 0.500000
0.136194 0.064193 0.500000
-0.329629 -0.079775 0.500000
-0.220666 -0.086968 0.500000
0.268701 0.044052 0.500000
-0.483033 -0.023485 0.500000
-0.306385 0.084835 0.500000
-0.469036 0.035286 0.500000
0.214502 0.052759 0.500000
0.214746 -0.053437 0.500000
0.326239 0.034128 0.500000
0.413532 0.017701 0.500000
-0.024884 0.082652 0.500000
-0.486316 -0.018270 0.500000
0.251469 -0.048110 0.500000
-0.083666 0.087125 0.500000
-0.020816 0.082288 0.500000
0.364778 -0.029880 0.500000
0.068206 0.072914 0.500000
0.064991 -0.071969 0.500000
-0.084551 -0.084102 0.500000
0.470818 -0.010242 0.500000
-0.022522 -0.079987 0.500000
0.232831 0.049885 0.500000
-0.484358 -0.021567 0.500000
0.189878 -0.056878 0.500000
0.076810 0.071878 0.500000
-0.490053 0.005172 0.500000
0.244410 -0.049156 0.500000
-0.301231 0.085393 0.500000
-0.382839 -0.070878 0.500000
-0.163471 0.090455 0.500000
0.145910 -0.062624 0.500000
-0.139961 0.089851 0.500000
0.297089 0.039243 0.500000
0.161596 -0.060625 0.500000
0.144269 -0.062830 0.500000
0.438111 0.012760 0.500000
-0.161315 0.090414 0.500000
-0.058244 0.085374 0.500000
0.324109 -0.036737 0.500000
-0.338995 -0.078544 0.500000
-0.469031 -0.037294 0.500000
-0.109270 -0.085318 0.500000
0.177847 0.058285 0.500000
0.160663 -0.060746 0.500000
0.143861 0.063137 0.500000
-0.213818 -0.087081 0.500000
-0.404030 -0.065715 0.500000
0.278737 0.042372 0.500000
0.134179 0.064469 0.500000
0.414644 -0.020975 0.500000
0.244287 -0.049175 0.500000
-0.286318 -0.084024 0.500000
0.207915 0.053773 0.500000
-0.355769 0.077566 0.500000
-0.106352 -0.085187 0.500000
0.062174 -0.072264 0.500000
-0.415303 -0.062440 0.500000
0.033135 0.076913 0.500000
-0.151559 0.090194 0.500000
0.086005 0.070749 0.500000
-0.042647 -0.081480 0.500000
-0.263367 -0.085474 0.500000
-0.044275 0.084291 0.500000
-0.244000 -0.086333 0.500000
-0.055054 0.085133 0.500000
0.001141 -0.078056 0.500000
0.443218 -0.015612 0.500000
-0.106759 0.088448 0.500000
-0.250274 0.089277 0.500000
0.378595 -0.027469 0.500000
0.407352 -0.022312 0.500000
0.079789 0.071515 0.500000
-0.142090 -0.086500 0.500000
-0.148098 0.090099 0.500000
-0.178752 0.090657 0.500000
0.455031 0.009274 0.500000
-0.127725 -0.086045 0.500000
-0.294380 -0.083395 0.500000
-0.121899 -0.085833 0.500000
0.285295 0.041262 0.500000
0.181607 -0.057993 0.500000
-0.261175 -0.085584 0.500000
-0.489775 -0.009200 0.500000
0.223981 -0.052124 0.500000
-0.004461 -0.078530 0.500000
0.060996 -0.072385 0.500000
0.173918 0.058860 0.500000
0.059230 0.073972 0.500000
0.332098 -0.035418 0.500000
-0.172418 -0.087110 0.500000
-0.387340 0.070629 0.500000
0.479189 -0.008575 0.500000
0.046091 0.075479 0.500000
-0.405758 -0.065241 0.500000
0.200983 0.054831 0.500000
0.045975 -0.073910 0.500000
-0.456648 0.043794 0.500000
0.122570 0.066036 0.500000
0.311004 -0.038871 0.500000
0.271601 -0.045069 0.500000
0.196033 0.055580 0.500000
-0.003761 0.080700 0.500000
0.335506 0.032464 0.500000
0.398955 0.020563 0.500000
-0.029670 -0.080534 0.500000
-0.305081 -0.082450 0.500000
0.259054 0.045648 0.500000
0.253408 -0.047821 0.500000
0.320270 0.035190 0.500000
-0.464212 -0.040701 0.500000
-0.083990 -0.084072 0.500000
-0.340213 0.080265 0.500000
-0.454082 0.045304 0.500000
-0.371476 -0.073210 0.500000
-0.256705 0.088938 0.500000
0.411058 0.018190 0.500000
0.268939 -0.045476 0.500000
-0.318112 -0.081120 0.500000
0.265820 -0.045951 0.500000
0.322131 0.034860 0.500000
0.444779 -0.015314 0.500000
0.251221 0.046929 0.500000
0.177549 -0.058534 0.500000
0.248553 0.047362 0.500000
0.366976 0.026673 0.500000
0.051916 0.074817 0.500000
-0.002544 -0.078368 0.500000
0.303506 0.038133 0.500000
-0.446235 -0.050680 0.500000
0.208109 -0.054368 0.500000
-0.113073 -0.085479 0.500000
-0.488546 0.010605 0.500000
0.089755 0.070282 0.500000
0.267627 0.044231 0.500000
0.281773 -0.043500 0.500000
-0.009585 -0.078954 0.500000
-0.315373 0.083780 0.500000
-0.467953 0.036132 0.500000
0.424656 -0.019118 0.500000
-0.484572 -0.021236 0.500000
0.230126 -0.051241 0.500000
-0.463568 0.039330 0.500000
-0.435385 -0.055379 0.500000
0.067954 0.072944 0.500000
-0.182239 0.090685 0.500000
-0.440401 0.052365 0.500000
-0.116338 0.088913 0.500000
0.153765 -0.061631 0.500000
-0.010550 -0.079033 0.500000
0.272651 0.043393 0.500000
-0.389812 -0.069306 0.500000
-0.125838 0.089329 0.500000
-0.301031 -0.082820 0.500000
-0.217892 -0.087018 0.500000
-0.243826 0.089578 0.500000
0.301647 0.038455 0.500000
0.451343 -0.014051 0.500000
0.219208 -0.052805 0.500000
0.245510 0.047854 0.500000
0.297145 0.039234 0.500000
-0.479829 -0.027469 0.500000
-0.303928 0.085110 0.500000
0.026581 -0.075778 0.500000
0.357360 -0.031157 0.500000
-0.224323 0.090259 0.500000
0.181411 0.057761 0.500000
0.122761 0.066010 0.500000
-0.407203 0.065004 0.500000
0.467392 0.006681 0.500000
-0.249667 -0.086112 0.500000
0.134258 -0.064071 0.500000
-0.271696 -0.085004 0.500000
-0.144577 0.089997 0.500000
-0.378415 -0.071820 0.500000
-0.149943 -0.086705 0.500000
0.004198 -0.077793 0.500000
-0.188519 0.090704 0.500000
0.159382 0.060954 0.500000
-0.367736 -0.073919 0.500000
-0.429669 0.057016 0.500000
-0.203755 0.090635 0.500000
0.111996 -0.066745 0.500000
-0.344089 0.079631 0.500000
-0.436568 -0.054902 0.500000
0.205465 0.054149 0.500000
-0.401121 0.066849 0.500000
0.394856 -0.024576 0.500000
-0.318356 -0.081093 0.500000
0.339543 0.031733 0.500000
0.045367 0.075560 0.500000
0.008942 0.079448 0.500000
-0.247452 0.089411 0.500000
-0.443966 0.050665 0.500000
0.136967 -0.063738 0.500000
0.113016 -0.066625 0.500000
0.491070 -0.006178 0.500000
0.098528 0.069174 0.500000
0.216474 -0.053193 0.500000
0.504372 -0.003448 0.500000
0.065207 0.073270 0.500000
-0.490209 -0.007036 0.500000
-0.087680 0.087373 0.500000
0.200470 0.054909 0.500000
-0.370566 0.074581 0.500000
-0.079564 -0.083826 0.500000
0.215337 0.052629 0.500000
0.352543 0.029355 0.500000
0.071503 0.072519 0.500000
-0.235260 -0.086617 0.500000
0.433305 0.013738 0.500000
-0.455146 -0.046162 0.500000
-0.284893 -0.084128 0.500000
-0.352108 -0.076604 0.500000
0.436463 0.013096 0.500000
0.247881 -0.048643 0.500000
-0.032828 0.083340 0.500000
-0.126511 0.089357 0.500000
0.137917 -0.063620 0.500000
0.409144 -0.021985 0.500000
-0.231752 -0.086716 0.500000
0.374624 0.025232 0.500000
-0.051515 0.084863 0.500000
0.005556 0.079788 0.500000
0.038128 0.076366 0.500000
-0.197514 -0.087221 0.500000
0.090844 -0.069168 0.500000
-0.307720 -0.082195 0.500000
-0.066488 0.085973 0.500000
-0.472874 0.032075 0.500000
0.478540 0.004309 0.500000
0.193854 -0.056337 0.500000
0.030307 0.077220 0.500000
-0.221887 0.090325 0.500000
-0.467295 0.036633 0.500000
-0.012491 0.081527 0.500000
0.023658 -0.076051 0.500000
0.313130 0.036451 0.500000
0.167749 0.059754 0.500000
-0.442078 -0.052572 0.500000
0.337078 0.032179 0.500000
-0.227159 -0.086830 0.500000
-0.287578 0.086718 0.500000
0.061126 0.073750 0.500000
-0.026263 -0.080274 0.500000
-0.108307 0.088525 0.500000
-0.166839 -0.087037 0.500000
0.417624 -0.020425 0.500000
-0.368843 -0.073710 0.500000
0.046794 -0.073828 0.500000
-0.097762 0.087964 0.500000
-0.165191 0.090488 0.500000
-0.457004 0.043580 0.500000
-0.272375 0.087934 0.500000
0.316812 0.035802 0.500000
-0.455205 -0.046130 0.500000
-0.185086 -0.087216 0.500000
-0.260624 -0.085612 0.500000
-0.170994 0.090574 0.500000
0.007910 -0.077470 0.500000
0.471875 0.005731 0.500000
0.332435 0.033017 0.500000
-0.191149 0.090705 0.500000
-0.404780 -0.065510 0.500000
0.262941 -0.046388 0.500000
0.347000 0.030373 0.500000
-0.385529 0.071087 0.500000
-0.183438 -0.087208 0.500000
-0.332515 0.081454 0.500000
-0.271517 0.087995 0.500000
0.095655 -0.068627 0.500000
0.476843 0.004672 0.500000
0.382003 0.023830 0.500000
0.233844 -0.050703 0.500000
-0.249665 -0.086112 0.500000
-0.076836 0.086684 0.500000
0.126513 0.065507 0.500000
0.444663 -0.015336 0.500000
-0.162070 -0.086960 0.500000
0.163947 0.060302 0.500000
0.505486 -0.003217 0.500000
0.438929 -0.016430 0.500000
-0.201619 -0.087203 0.500000
0.488392 0.002185 0.500000
0.071387 -0.071293 0.500000
-0.467871 0.036195 0.500000
-0.169582 0.090554 0.500000
0.133557 0.064554 0.500000
-0.270759 0.088050 0.500000
0.314456 0.036217 0.500000
0.454328 0.009420 0.500000
-0.199132 -0.087217 0.500000
-0.214932 0.090475 0.500000
0.023556 0.077941 0.500000
-0.484214 0.019213 0.500000
0.187851 0.056806 0.500000
-0.144212 0.089987 0.500000
0.383931 -0.026526 0.500000
0.014502 0.078883 0.500000
0.190971 0.056341 0.500000
0.113468 0.067241 0.500000
0.353775 0.029128 0.500000
0.235152 -0.050513 0.500000
0.045909 -0.073916 0.500000
-0.147180 -0.086638 0.500000
-0.208451 -0.087149 0.500000
-0.235078 0.089926 0.500000
-0.104549 0.088332 0.500000
0.126269 -0.065045 0.500000
0.143127 0.063239 0.500000
-0.324369 0.082615 0.500000
-0.204850 -0.087179 0.500000
0.480298 -0.008353 0.500000
0.109679 -0.067016 0.500000
-0.095186 -0.084658 0.500000
0.102784 0.068629 0.500000
0.210591 -0.054021 0.500000
-0.474293 0.030789 0.500000
-0.267020 0.088304 0.500000
-0.073981 0.086492 0.500000
0.462521 -0.011877 0.500000
-0.223347 0.090286 0.500000
0.014421 0.078891 0.500000
0.025028 -0.075923 0.500000
0.043593 0.075759 0.500000
0.373405 0.025463 0.500000
-0.435057 0.054763 0.500000
-0.403466 0.066152 0.500000
0.462671 -0.011847 0.500000
-0.031658 -0.080682 0.500000
0.207342 0.053861 0.500000
0.349708 -0.032462 0.500000
0.000481 0.080289 0.500000
-0.422063 0.059952 0.500000
0.374058 -0.028265 0.500000
0.403327 0.019710 0.500000
0.440342 0.012305 0.500000
-0.489601 0.007190 0.500000
-0.184009 0.090690 0.500000
-0.225446 -0.086870 0.500000
-0.184635 0.090692 0.500000
-0.244517 0.089546 0.500000
-0.421856 0.060028 0.500000
-0.236085 -0.086593 0.500000
-0.439315 0.052866 0.500000
-0.411718 -0.063527 0.500000
0.227474 0.050732 0.500000
0.319367 0.035350 0.500000
-0.490139 -0.007437 0.500000
0.343254 0.031058 0.500000
0.138700 -0.063524 0.500000
0.501699 -0.004001 0.500000
-0.047384 0.084538 0.500000
0.161023 0.060721 0.500000
0.162795 -0.060470 0.500000
-0.072256 0.086376 0.500000
0.247227 -0.048740 0.500000
0.100335 0.068943 0.500000
-0.332848 0.081405 0.500000
-0.429495 -0.057641 0.500000
0.096783 0.069395 0.500000
-0.346242 -0.077503 0.500000
-0.128604 -0.086076 0.500000
-0.237859 -0.086540 0.500000
0.380984 0.024025 0.500000
0.303528 0.038129 0.500000
0.482901 -0.007830 0.500000
0.361226 -0.030493 0.500000
0.414925 0.017425 0.500000
0.261818 -0.046558 0.500000
-0.367128 0.075315 0.500000
-0.217308 0.090425 0.500000
-0.216204 0.090448 0.500000
0.136665 -0.063775 0.500000
0.092665 -0.068965 0.500000
0.098802 -0.068270 0.500000
-0.353201 -0.076428 0.500000
-0.006417 0.080955 0.500000
-0.095740 0.087848 0.500000
-0.110425 0.088631 0.500000
-0.465599 -0.039764 0.500000
0.231796 -0.051000 0.500000
-0.251209 0.089228 0.500000
0.068059 0.072932 0.500000
-0.406992 -0.064894 0.500000
-0.363767 0.076006 0.500000
-0.025137 -0.080189 0.500000
0.073005 0.072339 0.500000
0.153833 0.061741 0.500000
0.449217 -0.014461 0.500000
0.458617 -0.012640 0.500000
0.382907 0.023658 0.500000
0.179216 0.058084 0.500000
0.255124 0.046292 0.500000
-0.375003 0.073598 0.500000
0.360458 -0.030625 0.500000
0.251641 -0.048085 0.500000
0.296488 0.039347 0.500000
0.012489 0.079090 0.500000
0.116144 -0.066256 0.500000
-0.219159 -0.086995 0.500000
-0.297909 0.085738 0.500000
-0.400153 -0.066752 0.500000
-0.451335 -0.048181 0.500000
0.425342 -0.018990 0.500000
-0.356559 0.077416 0.500000
-0.488903 -0.012284 0.500000
0.188106 -0.057118 0.500000
-0.182002 -0.087198 0.500000
0.194799 0.055766 0.500000
-0.395452 -0.067947 0.500000
-0.100425 0.088111 0.500000
-0.009785 -0.078970 0.500000
-0.453372 0.045710 0.500000
0.299808 -0.040665 0.500000
0.128457 0.065246 0.500000
0.055779 0.074372 0.500000
0.454227 0.009441 0.500000
0.198239 0.055248 0.500000
0.218759 -0.052869 0.500000
-0.149339 0.090135 0.500000
-0.377188 -0.072072 0.500000
-0.301706 0.085343 0.500000
0.164174 -0.060291 0.500000
0.244790 0.047971 0.500000
0.479617 -0.008490 0.500000
-0.184504 -0.087214 0.500000
0.174689 0.058747 0.500000
0.186421 -0.057346 0.500000
0.038735 0.076299 0.500000
0.113783 0.067200 0.500000
-0.140052 0.089854 0.500000
-0.188191 -0.087224 0.500000
-0.021061 0.082310 0.500000
-0.139988 -0.086441 0.500000
-0.011173 0.081404 0.500000
-0.345236 -0.077651 0.500000
-0.328025 -0.079970 0.500000
-0.142050 0.089921 0.500000
-0.213686 -0.087083 0.500000
-0.436661 -0.054864 0.500000
0.050405 0.074989 0.500000
-0.171096 -0.087095 0.500000
0.119821 0.066403 0.500000
0.294412 0.039704 0.500000
-0.298189 0.085710 0.500000
0.327087 0.033976 0.500000
-0.281210 0.087261 0.500000
-0.424052 -0.059581 0.500000
-0.474181 0.030892 0.500000
0.382362 0.023762 0.500000
-0.310553 0.084359 0.500000
0.401863 0.019996 0.500000
-0.403147 0.066249 0.500000
-0.062625 0.085697 0.500000
0.364913 0.027059 0.500000
-0.449822 0.047667 0.500000
-0.402184 -0.066214 0.500000
-0.244002 -0.086332 0.500000
0.252896 -0.047898 0.500000
0.372982 -0.028453 0.500000
0.043911 -0.074113 0.500000
0.023459 0.077951 0.500000
0.099245 -0.068219 0.500000
0.403685 0.019640 0.500000
-0.417730 -0.061677 0.500000
0.442889 -0.015675 0.500000
-0.207488 0.090593 0.500000
-0.017995 -0.079633 0.500000
0.471335 0.005846 0.500000
0.008088 0.079534 0.500000
-0.208607 0.090577 0.500000
-0.095812 -0.084690 0.500000
0.057432 -0.072753 0.500000
0.160012 0.060865 0.500000
0.435111 0.013371 0.500000
0.354274 -0.031685 0.500000
-0.318001 -0.081132 0.500000
-0.345097 0.079462 0.500000
-0.297446 -0.083135 0.500000
-0.160221 0.090393 0.500000
-0.299693 -0.082942 0.500000
0.156510 -0.061280 0.500000
0.261776 0.045199 0.500000
0.315161 0.036093 0.500000
-0.248955 -0.086140 0.500000
0.186577 -0.057325 0.500000
-0.392744 -0.068610 0.500000
0.310932 -0.038882 0.500000
-0.016791 0.081923 0.500000
-0.352089 0.078243 0.500000
0.407310 -0.022320 0.500000
-0.105024 0.088358 0.500000
-0.489961 0.005633 0.500000
0.425224 0.015369 0.500000
0.272222 -0.044974 0.500000
0.253013 -0.047880 0.500000
-0.016219 0.081871 0.500000
-0.262972 0.088568 0.500000
-0.321526 0.082993 0.500000
-0.047156 -0.081793 0.500000
0.332813 -0.035299 0.500000
0.194323 0.055838 0.500000
0.375372 0.025091 0.500000
-0.066507 0.085975 0.500000
0.211509 -0.053892 0.500000
0.050934 0.074929 0.500000
0.490842 -0.006224 0.500000
0.331245 -0.035559 0.500000
0.473402 0.005406 0.500000
-0.218695 -0.087003 0.500000
-0.056288 -0.082407 0.500000
-0.455456 -0.045992 0.500000
-0.490663 -0.000270 0.500000
0.475358 -0.009340 0.500000
-0.014510 -0.079354 0.500000
-0.080716 0.086936 0.500000
-0.428851 0.057344 0.500000
