0.171288 0.028156 0.000000
-0.171061 0.042501 0.000000
-0.352382 0.037608 0.000000
0.278951 0.020408 0.000000
0.254453 -0.021211 0.000000
-0.285431 0.041184 0.000000
-0.322098 0.039563 0.000000
-0.472373 0.018827 0.000000
-0.063412 0.040210 0.000000
-0.315515 -0.039180 0.000000
0.494189 -0.000429 0.000000
0.063208 -0.033629 0.000000
0.472036 -0.002606 0.000000
-0.384820 -0.033999 0.000000
-0.165031 0.042449 0.000000
0.466144 -0.003176 0.000000
0.019342 0.036862 0.000000
-0.183225 -0.041757 0.000000
-0.156339 -0.041514 0.000000
-0.183061 -0.041756 0.000000
0.473483 -0.002466 0.000000
-0.131538 -0.041114 0.000000
0.194031 0.026620 0.000000
-0.147591 -0.041391 0.000000
0.303764 -0.017406 0.000000
-0.396242 -0.032735 0.000000
0.181458 0.027476 0.000000
-0.424383 0.029623 0.000000
-0.325189 -0.038665 0.000000
-0.125254 -0.040989 0.000000
-0.030546 -0.038064 0.000000
0.270109 -0.020028 0.000000
-0.369686 0.036185 0.000000
0.133401 0.030590 0.000000
-0.059496 0.040079 0.000000
0.295493 -0.018061 0.000000
0.320051 0.017138 0.000000
0.185503 -0.026135 0.000000
-0.130288 -0.041090 0.000000
-0.237339 -0.041557 0.000000
0.451846 -0.004541 0.000000
-0.119246 -0.040860 0.000000
0.451720 -0.004553 0.000000
-0.266701 -0.040997 0.000000
-0.304888 0.040414 0.000000
0.059113 0.034870 0.000000
0.094269 0.032930 0.000000
0.261759 -0.020662 0.000000
-0.207822 0.042586 0.000000
-0.311083 0.040127 0.000000
-0.228086 -0.041665 0.000000
0.105699 0.032266 0.000000
0.024010 0.036640 0.000000
-0.094025 0.041130 0.000000
-0.494148 0.007476 0.000000
0.486075 -0.001234 0.000000
-0.121573 0.041786 0.000000
-0.301950 0.040543 0.000000
-0.386272 0.034568 0.000000
-0.186298 -0.041771 0.000000
0.014333 -0.036105 0.000000
-0.351655 -0.036942 0.000000
-0.239136 0.042308 0.000000
-0.239787 0.042298 0.000000
0.360166 -0.012767 0.000000
-0.121573 -0.040912 0.000000
0.288575 -0.018603 0.000000
-0.296428 0.040773 0.000000
0.004754 -0.036550 0.000000
0.261062 -0.020714 0.000000
-0.208672 -0.041786 0.000000
-0.497489 0.000781 0.000000
-0.264483 -0.041051 0.000000
0.219513 0.024834 0.000000
0.384874 -0.010636 0.000000
-0.307611 0.040291 0.000000
0.178226 -0.026627 0.000000
0.040967 0.035807 0.000000
-0.411446 -0.030802 0.000000
-0.056824 -0.039054 0.000000
-0.433127 0.028164 0.000000
0.255364 -0.021143 0.000000
0.031011 -0.035298 0.000000
0.302874 -0.017477 0.000000
-0.103622 0.041378 0.000000
0.475671 -0.002253 0.000000
0.002862 -0.036637 0.000000
0.111520 -0.030874 0.000000
-0.160835 -0.041568 0.000000
-0.400817 0.032910 0.000000
-0.198753 0.042605 0.000000
-0.143062 -0.041320 0.000000
0.434265 -0.006188 0.000000
-0.476435 -0.016618 0.000000
0.331831 -0.015137 0.000000
0.093563 0.032971 0.000000
-0.379643 0.035247 0.000000
-0.453275 -0.023350 0.000000
-0.210029 0.042578 0.000000
0.335447 -0.014839 0.000000
0.441362 0.006445 0.000000
-0.414346 0.031127 0.000000
-0.101792 -0.040439 0.000000
-0.190248 0.042599 0.000000
0.301620 0.018626 0.000000
0.191114 -0.025752 0.000000
0.426363 -0.006917 0.000000
0.336257 0.015801 0.000000
0.301692 0.018620 0.000000
-0.444613 -0.025242 0.000000
-0.272973 0.041578 0.000000
-0.099938 0.041285 0.000000
-0.237574 -0.041554 0.000000
-0.483092 -0.013855 0.000000
0.438794 0.006689 0.000000
0.041417 -0.034774 0.000000
0.115772 0.031667 0.000000
-0.020793 -0.037667 0.000000
0.121423 0.031326 0.000000
-0.402007 -0.032038 0.000000
-0.139226 -0.041255 0.000000
0.323348 0.016868 0.000000
-0.446504 -0.024848 0.000000
0.322686 -0.015885 0.000000
0.368192 -0.012082 0.000000
-0.002994 0.037878 0.000000
-0.387037 0.034486 0.000000
-0.034285 -0.038213 0.000000
0.114591 -0.030689 0.000000
0.181106 -0.026433 0.000000
-0.406824 0.032150 0.000000
0.052946 0.035194 0.000000
0.175037 -0.026841 0.000000
-0.031458 0.039057 0.000000
-0.351145 0.037701 0.000000
-0.429095 0.028856 0.000000
-0.306319 0.040350 0.000000
-0.094950 0.041155 0.000000
-0.379222 0.035288 0.000000
-0.309955 -0.039451 0.000000
-0.371669 -0.035286 0.000000
-0.201168 0.042602 0.000000
-0.249694 0.042130 0.000000
0.416622 -0.007807 0.000000
-0.043210 0.039503 0.000000
0.059675 -0.033819 0.000000
0.286678 0.019806 0.000000
-0.056139 0.039964 0.000000
0.008101 0.037383 0.000000
0.253521 0.022345 0.000000
-0.111409 0.041565 0.000000
0.467040 -0.003089 0.000000
-0.084525 0.040865 0.000000
0.092621 0.033025 0.000000
-0.416732 -0.030054 0.000000
0.423522 -0.007177 0.000000
-0.495781 0.005504 0.000000
-0.103969 0.041387 0.000000
-0.351752 0.037656 0.000000
0.070547 0.034257 0.000000
-0.336667 -0.037978 0.000000
0.106359 -0.031182 0.000000
0.494203 -0.000428 0.000000
0.164963 -0.027510 0.000000
0.254445 0.022276 0.000000
0.256815 -0.021034 0.000000
-0.480637 -0.014947 0.000000
-0.038730 -0.038386 0.000000
0.094310 0.032928 0.000000
0.329460 0.016365 0.000000
-0.266650 0.041751 0.000000
-0.363938 0.036685 0.000000
-0.284264 -0.040481 0.000000
-0.216717 0.042542 0.000000
0.237676 -0.022452 0.000000
0.072993 0.034123 0.000000
-0.356339 0.037304 0.000000
-0.409884 0.031744 0.000000
0.473436 0.003335 0.000000
-0.135239 -0.041185 0.000000
-0.456051 -0.022689 0.000000
-0.483001 -0.013897 0.000000
-0.149084 -0.041414 0.000000
0.462141 0.004445 0.000000
-0.352257 0.037617 0.000000
0.252016 0.022458 0.000000
-0.427389 -0.028403 0.000000
0.440472 0.006529 0.000000
-0.464175 -0.020567 0.000000
-0.103044 -0.040471 0.000000
-0.323030 0.039512 0.000000
0.155284 -0.028142 0.000000
0.502180 0.000436 0.000000
0.493019 -0.000546 0.000000
-0.361895 0.036856 0.000000
-0.428302 -0.028251 0.000000
-0.458945 -0.021968 0.000000
-0.130320 0.041958 0.000000
0.204301 -0.024839 0.000000
0.109784 0.032025 0.000000
0.019382 0.036860 0.000000
-0.150241 0.042278 0.000000
-0.241069 0.042278 0.000000
0.241790 -0.022150 0.000000
-0.334092 0.038862 0.000000
-0.378848 0.035325 0.000000
-0.121857 -0.040918 0.000000
-0.378553 -0.034633 0.000000
-0.280361 0.041353 0.000000
0.488830 -0.000961 0.000000
-0.319753 0.039688 0.000000
-0.365896 0.036518 0.000000
0.117920 0.031538 0.000000
0.392205 0.010973 0.000000
-0.143406 -0.041325 0.000000
0.287686 0.019727 0.000000
-0.302896 0.040503 0.000000
0.059202 0.034865 0.000000
0.327084 -0.015526 0.000000
-0.344394 -0.037464 0.000000
-0.433943 0.028020 0.000000
-0.422469 0.029923 0.000000
-0.030242 -0.038052 0.000000
-0.451726 -0.023707 0.000000
-0.094246 0.041136 0.000000
-0.364335 0.036651 0.000000
-0.379173 -0.034572 0.000000
0.379850 -0.011075 0.000000
0.271775 -0.019901 0.000000
0.056800 0.034992 0.000000
0.017046 -0.035977 0.000000
0.317566 -0.016300 0.000000
0.191434 -0.025730 0.000000
0.367096 -0.012176 0.000000
0.068451 -0.033344 0.000000
-0.205535 0.042594 0.000000
0.280071 0.020321 0.000000
0.236316 -0.022551 0.000000
-0.222009 0.042502 0.000000
0.415818 0.008833 0.000000
-0.193875 0.042603 0.000000
-0.401111 -0.032149 0.000000
0.161531 0.028798 0.000000
0.395944 -0.009662 0.000000
-0.354785 -0.036704 0.000000
0.460159 0.004638 0.000000
-0.496639 0.004030 0.000000
-0.307455 -0.039565 0.000000
-0.327026 0.039287 0.000000
0.435077 -0.006112 0.000000
-0.194620 -0.041795 0.000000
-0.022913 -0.037754 0.000000
0.472703 -0.002542 0.000000
0.263276 -0.020547 0.000000
0.018881 0.036884 0.000000
-0.273282 -0.040820 0.000000
-0.031292 -0.038094 0.000000
0.160330 0.028877 0.000000
-0.267545 0.041728 0.000000
-0.043980 -0.038586 0.000000
-0.160456 -0.041563 0.000000
0.330210 0.016303 0.000000
0.489521 -0.000893 0.000000
0.139203 -0.029170 0.000000
0.292620 0.019340 0.000000
-0.013371 -0.037353 0.000000
0.041166 -0.034787 0.000000
0.412804 0.009110 0.000000
0.050004 -0.034331 0.000000
-0.306761 0.040330 0.000000
-0.045372 -0.038638 0.000000
0.166598 0.028466 0.000000
0.470651 -0.002741 0.000000
-0.360838 -0.036224 0.000000
-0.050697 -0.038835 0.000000
0.307859 -0.017080 0.000000
0.254079 -0.021239 0.000000
-0.180318 0.042562 0.000000
-0.480885 -0.014841 0.000000
-0.471118 -0.018468 0.000000
-0.001702 -0.036842 0.000000
-0.212792 -0.041771 0.000000
0.047712 -0.034450 0.000000
-0.154469 0.042334 0.000000
-0.054424 0.039905 0.000000
-0.149606 -0.041421 0.000000
-0.282273 -0.040546 0.000000
0.369407 -0.011978 0.000000
0.294686 -0.018124 0.000000
0.447645 0.005846 0.000000
0.325361 -0.015667 0.000000
0.273857 -0.019742 0.000000
-0.232561 0.042396 0.000000
-0.032020 -0.038124 0.000000
-0.176832 -0.041718 0.000000
-0.400212 -0.032260 0.000000
-0.111254 -0.040676 0.000000
0.076022 -0.032927 0.000000
-0.076786 0.040635 0.000000
-0.088215 0.040970 0.000000
-0.087257 -0.040037 0.000000
-0.184614 0.042581 0.000000
0.313647 0.017659 0.000000
0.387808 -0.010379 0.000000
0.129421 -0.029782 0.000000
-0.003783 0.037913 0.000000
-0.299022 0.040668 0.000000
-0.496879 0.003487 0.000000
-0.080816 -0.039844 0.000000
-0.147209 0.042237 0.000000
-0.187415 -0.041775 0.000000
-0.245267 -0.041440 0.000000
0.327578 -0.015485 0.000000
-0.212040 0.042570 0.000000
-0.334860 -0.038091 0.000000
0.078525 0.033819 0.000000
0.375461 0.012453 0.000000
-0.288275 -0.040342 0.000000
0.364530 -0.012395 0.000000
-0.118128 -0.040835 0.000000
-0.099427 -0.040376 0.000000
-0.379819 -0.034509 0.000000
-0.164936 0.042448 0.000000
0.213370 -0.024201 0.000000
-0.186950 0.042589 0.000000
0.068558 0.034365 0.000000
-0.318248 0.039769 0.000000
-0.251889 0.042089 0.000000
0.146575 0.029762 0.000000
0.107000 0.032189 0.000000
-0.496166 0.004906 0.000000
0.395215 -0.009726 0.000000
0.369174 -0.011998 0.000000
-0.444355 -0.025294 0.000000
0.152601 -0.028315 0.000000
0.116178 -0.030594 0.000000
0.248838 0.022695 0.000000
0.165106 -0.027500 0.000000
-0.148335 -0.041403 0.000000
-0.321140 -0.038887 0.000000
0.310026 0.017952 0.000000
0.298152 -0.017851 0.000000
0.063426 -0.033617 0.000000
0.500835 0.000235 0.000000
0.176497 0.027809 0.000000
0.154412 -0.028199 0.000000
-0.314949 -0.039209 0.000000
-0.440478 -0.026065 0.000000
0.384967 -0.010628 0.000000
-0.092701 0.041095 0.000000
0.390426 -0.010149 0.000000
-0.026811 0.038873 0.000000
-0.020499 0.038619 0.000000
0.266648 0.021354 0.000000
-0.114185 -0.040746 0.000000
-0.359908 -0.036300 0.000000
0.173846 0.027986 0.000000
0.294571 0.019186 0.000000
0.392822 -0.009938 0.000000
0.304334 -0.017361 0.000000
0.428254 0.007680 0.000000
0.437339 0.006826 0.000000
-0.121544 0.041786 0.000000
0.099661 0.032619 0.000000
-0.470477 -0.018676 0.000000
0.176819 0.027788 0.000000
0.224276 -0.023424 0.000000
0.460618 0.004593 0.000000
0.003501 0.037591 0.000000
-0.100521 0.041300 0.000000
0.011414 0.037232 0.000000
-0.333288 0.038912 0.000000
-0.186917 0.042589 0.000000
-0.286838 -0.040392 0.000000
0.493986 -0.000449 0.000000
-0.013537 -0.037360 0.000000
-0.412566 -0.030648 0.000000
-0.496132 -0.004158 0.000000
-0.132467 0.041999 0.000000
0.425824 -0.006966 0.000000
0.241467 0.023241 0.000000
0.054569 0.035109 0.000000
0.188003 -0.025965 0.000000
-0.060054 -0.039166 0.000000
0.087852 -0.032260 0.000000
-0.213185 -0.041770 0.000000
0.233012 -0.022792 0.000000
0.289443 0.019590 0.000000
-0.394400 -0.032949 0.000000
0.462247 0.004434 0.000000
0.014027 -0.036120 0.000000
0.237915 0.023502 0.000000
-0.354779 0.037425 0.000000
0.196580 -0.025376 0.000000
-0.105146 0.041417 0.000000
-0.389256 -0.033526 0.000000
-0.334646 -0.038104 0.000000
-0.431415 -0.027724 0.000000
0.339055 0.015568 0.000000
0.472213 0.003456 0.000000
0.333172 0.016058 0.000000
0.083246 -0.032521 0.000000
0.363867 -0.012452 0.000000
0.156456 -0.028066 0.000000
0.255467 -0.021135 0.000000
-0.194253 -0.041794 0.000000
-0.382454 -0.034243 0.000000
-0.055654 -0.039013 0.000000
-0.244068 0.042229 0.000000
0.370626 0.012875 0.000000
-0.332643 -0.038229 0.000000
0.315771 -0.016445 0.000000
0.115039 0.031711 0.000000
0.468601 -0.002939 0.000000
0.477764 0.002905 0.000000
0.158802 -0.027913 0.000000
0.452387 0.005390 0.000000
-0.246789 -0.041415 0.000000
-0.491629 -0.008887 0.000000
-0.157716 0.042372 0.000000
0.424833 0.007999 0.000000
0.272664 0.020893 0.000000
-0.124187 -0.040967 0.000000
-0.069939 -0.039500 0.000000
-0.130570 -0.041096 0.000000
-0.371831 -0.035271 0.000000
0.481707 -0.001663 0.000000
-0.196644 0.042607 0.000000
-0.497437 -0.000574 0.000000
0.126200 0.031034 0.000000
0.224677 0.024463 0.000000
-0.076333 -0.039705 0.000000
-0.023753 -0.037789 0.000000
-0.317954 0.039784 0.000000
-0.247932 0.042162 0.000000
-0.189498 0.042598 0.000000
-0.469131 -0.019101 0.000000
-0.389299 -0.033522 0.000000
-0.316961 0.039835 0.000000
-0.454191 -0.023135 0.000000
-0.352688 -0.036865 0.000000
-0.108949 0.041507 0.000000
0.425124 -0.007031 0.000000
-0.409441 -0.031075 0.000000
0.193296 0.026670 0.000000
-0.384990 0.034703 0.000000
-0.019194 0.038566 0.000000
0.160914 0.028839 0.000000
0.048317 -0.034419 0.000000
-0.460630 0.022292 0.000000
-0.287925 0.041097 0.000000
-0.375114 0.035684 0.000000
0.100986 -0.031499 0.000000
-0.159735 -0.041555 0.000000
0.048378 0.035430 0.000000
0.034879 0.036111 0.000000
0.324537 -0.015734 0.000000
-0.326584 -0.038585 0.000000
0.479934 -0.001837 0.000000
-0.429547 -0.028043 0.000000
0.290121 -0.018482 0.000000
-0.496880 0.003486 0.000000
0.371010 0.012842 0.000000
0.239764 -0.022299 0.000000
0.033320 0.036188 0.000000
-0.019515 0.038579 0.000000
0.040971 0.035807 0.000000
-0.240627 -0.041512 0.000000
0.298588 0.018867 0.000000
-0.150757 -0.041437 0.000000
0.346444 0.014947 0.000000
-0.156016 0.042352 0.000000
-0.491525 -0.008966 0.000000
-0.285374 0.041186 0.000000
0.308658 0.018062 0.000000
0.304920 0.018362 0.000000
0.331834 0.016169 0.000000
0.332063 0.016150 0.000000
-0.264884 0.041798 0.000000
0.306728 -0.017170 0.000000
-0.226797 -0.041676 0.000000
0.351607 0.014510 0.000000
0.339112 -0.014535 0.000000
0.257610 -0.020974 0.000000
0.114776 0.031727 0.000000
-0.196320 -0.041797 0.000000
0.197096 -0.025340 0.000000
-0.387334 -0.033734 0.000000
0.010052 0.037295 0.000000
-0.448729 0.025123 0.000000
-0.076859 -0.039721 0.000000
0.139963 -0.029122 0.000000
0.434968 -0.006123 0.000000
0.033423 -0.035178 0.000000
-0.313817 -0.039264 0.000000
0.173160 0.028032 0.000000
-0.380336 -0.034458 0.000000
-0.428739 -0.028178 0.000000
0.158705 0.028982 0.000000
-0.006979 0.038052 0.000000
0.354545 0.014260 0.000000
-0.321321 -0.038877 0.000000
0.205068 0.025854 0.000000
-0.365404 0.036560 0.000000
-0.431227 0.028494 0.000000
-0.171979 0.042509 0.000000
-0.013978 0.038349 0.000000
-0.117416 -0.040819 0.000000
-0.399893 -0.032299 0.000000
-0.354924 -0.036694 0.000000
-0.207502 -0.041791 0.000000
-0.494935 -0.005808 0.000000
-0.340318 -0.037740 0.000000
0.387118 -0.010440 0.000000
-0.486489 0.012943 0.000000
-0.087097 -0.040032 0.000000
0.451574 0.005469 0.000000
0.390829 0.011096 0.000000
0.486490 0.002032 0.000000
0.258625 0.021962 0.000000
0.383166 -0.010786 0.000000
-0.181051 -0.041744 0.000000
0.233053 0.023857 0.000000
0.410471 -0.008363 0.000000
0.262615 -0.020597 0.000000
-0.239658 0.042300 0.000000
0.110093 -0.030959 0.000000
-0.100519 0.041300 0.000000
0.022607 0.036707 0.000000
0.338976 -0.014547 0.000000
0.497140 -0.000135 0.000000
0.063566 0.034633 0.000000
-0.442237 -0.025720 0.000000
-0.288952 0.041059 0.000000
-0.297566 -0.039990 0.000000
-0.043793 -0.038579 0.000000
-0.455178 -0.022900 0.000000
-0.157088 0.042365 0.000000
-0.300777 -0.039859 0.000000
-0.308136 -0.039534 0.000000
0.226638 0.024322 0.000000
0.067419 0.034427 0.000000
-0.113610 0.041615 0.000000
0.172054 -0.027040 0.000000
0.442822 -0.005390 0.000000
0.113731 0.031789 0.000000
0.350915 -0.013550 0.000000
-0.180779 0.042565 0.000000
-0.464761 0.021166 0.000000
0.065596 0.034524 0.000000
-0.417558 -0.029933 0.000000
0.127432 -0.029905 0.000000
-0.073660 -0.039620 0.000000
0.019837 0.036839 0.000000
0.475209 0.003159 0.000000
0.078472 0.033822 0.000000
-0.327798 0.039241 0.000000
0.008739 0.037354 0.000000
0.474735 0.003206 0.000000
0.238249 -0.022410 0.000000
0.080460 0.033711 0.000000
-0.385568 0.034643 0.000000
0.352436 -0.013422 0.000000
0.308016 0.018113 0.000000
-0.106707 0.041454 0.000000
-0.372920 0.035890 0.000000
0.323098 -0.015851 0.000000
0.038043 0.035954 0.000000
-0.253339 0.042059 0.000000
-0.058998 0.040062 0.000000
-0.154216 0.042331 0.000000
-0.311521 -0.039375 0.000000
0.167756 -0.027325 0.000000
-0.440263 0.026851 0.000000
0.245888 -0.021848 0.000000
0.088710 0.033247 0.000000
-0.086463 -0.040013 0.000000
0.495485 -0.000300 0.000000
-0.339023 0.038547 0.000000
-0.163794 0.042437 0.000000
0.308194 0.018099 0.000000
0.473055 0.003373 0.000000
0.314726 0.017571 0.000000
-0.038981 -0.038396 0.000000
-0.427638 -0.028362 0.000000
0.483741 -0.001463 0.000000
0.070692 -0.033221 0.000000
-0.207382 -0.041791 0.000000
-0.328803 0.039182 0.000000
-0.264727 0.041802 0.000000
-0.037859 -0.038352 0.000000
-0.145693 0.042215 0.000000
0.385276 -0.010601 0.000000
-0.205814 -0.041794 0.000000
0.301172 -0.017612 0.000000
-0.475051 -0.017125 0.000000
0.084125 -0.032472 0.000000
-0.097226 0.041215 0.000000
-0.033008 0.039117 0.000000
-0.352288 0.037615 0.000000
0.160353 0.028875 0.000000
-0.489549 -0.010346 0.000000
0.296371 0.019043 0.000000
0.185117 -0.026161 0.000000
0.321493 0.017020 0.000000
0.489911 0.001687 0.000000
-0.086741 0.040929 0.000000
0.393711 -0.009859 0.000000
-0.165263 0.042452 0.000000
-0.225926 0.042469 0.000000
-0.019074 0.038561 0.000000
0.199937 0.026212 0.000000
0.039484 0.035881 0.000000
0.078775 0.033805 0.000000
-0.094320 -0.040238 0.000000
0.195091 0.026547 0.000000
-0.431590 -0.027693 0.000000
0.090136 0.033166 0.000000
0.435748 0.006976 0.000000
-0.290765 0.040992 0.000000
0.013120 0.037153 0.000000
0.301102 0.018667 0.000000
-0.410559 0.031651 0.000000
0.200606 0.026165 0.000000
-0.397256 -0.032616 0.000000
0.433705 -0.006240 0.000000
-0.079438 0.040716 0.000000
0.113067 -0.030781 0.000000
0.498780 0.000029 0.000000
0.266551 0.021361 0.000000
0.158561 -0.027929 0.000000
-0.069455 -0.039484 0.000000
-0.331999 -0.038267 0.000000
-0.095060 -0.040259 0.000000
-0.029167 -0.038009 0.000000
0.134352 0.030531 0.000000
0.386787 -0.010469 0.000000
0.331501 0.016196 0.000000
0.484279 -0.001410 0.000000
0.257034 -0.021018 0.000000
0.256527 0.022120 0.000000
-0.270655 0.041645 0.000000
0.103199 0.032412 0.000000
0.042853 0.035712 0.000000
-0.379369 0.035274 0.000000
-0.178796 0.042553 0.000000
-0.182284 0.042573 0.000000
-0.201212 0.042602 0.000000
0.084265 -0.032464 0.000000
0.008466 0.037367 0.000000
-0.163322 -0.041597 0.000000
-0.001914 -0.036852 0.000000
0.226754 0.024314 0.000000
0.407274 0.009615 0.000000
-0.298464 0.040691 0.000000
0.205096 0.025852 0.000000
0.059688 0.034840 0.000000
0.037152 -0.034991 0.000000
-0.231413 -0.041629 0.000000
0.296523 0.019031 0.000000
-0.296502 0.040770 0.000000
-0.470323 -0.018725 0.000000
0.085356 0.033437 0.000000
-0.066694 0.040318 0.000000
0.229543 -0.023044 0.000000
0.022089 0.036732 0.000000
0.232433 0.023902 0.000000
-0.108263 -0.040604 0.000000
-0.485781 0.013320 0.000000
0.207714 0.025669 0.000000
-0.193387 0.042603 0.000000
0.048680 -0.034400 0.000000
-0.287905 0.041098 0.000000
0.017084 0.036968 0.000000
0.149953 0.029547 0.000000
0.392150 -0.009997 0.000000
0.312966 0.017714 0.000000
-0.165616 -0.041620 0.000000
0.051970 0.035245 0.000000
-0.238643 0.042314 0.000000
-0.423846 -0.028974 0.000000
-0.394882 0.033616 0.000000
-0.478466 -0.015838 0.000000
0.501934 0.000461 0.000000
-0.264594 -0.041048 0.000000
0.074176 0.034058 0.000000
-0.149911 -0.041425 0.000000
0.411953 0.009187 0.000000
-0.029854 -0.038037 0.000000
0.453857 0.005249 0.000000
0.245316 -0.021890 0.000000
0.287806 -0.018663 0.000000
-0.273488 -0.040814 0.000000
0.139227 -0.029169 0.000000
0.417197 -0.007754 0.000000
0.458026 0.004845 0.000000
-0.370871 -0.035359 0.000000
0.175750 0.027859 0.000000
0.021341 -0.035771 0.000000
0.335498 0.015864 0.000000
-0.295140 -0.040087 0.000000
-0.118034 0.041713 0.000000
0.155098 0.029216 0.000000
0.042548 -0.034716 0.000000
-0.345750 0.038090 0.000000
-0.204031 -0.041796 0.000000
-0.187044 0.042589 0.000000
0.117872 -0.030491 0.000000
0.278207 -0.019407 0.000000
0.105343 0.032287 0.000000
0.332072 0.016149 0.000000
-0.369255 -0.035503 0.000000
0.032593 -0.035220 0.000000
0.094619 -0.031870 0.000000
-0.429636 0.028764 0.000000
0.490650 -0.000781 0.000000
-0.314180 -0.039246 0.000000
0.125608 0.031071 0.000000
0.422547 0.008211 0.000000
-0.015352 0.038406 0.000000
0.419128 0.008528 0.000000
-0.127309 0.041901 0.000000
0.356754 -0.013057 0.000000
-0.245615 0.042204 0.000000
-0.147008 0.042234 0.000000
0.015374 0.037049 0.000000
0.375708 -0.011434 0.000000
-0.300717 -0.039861 0.000000
-0.243643 -0.041467 0.000000
0.029060 -0.035395 0.000000
-0.273324 0.041568 0.000000
0.237109 0.023561 0.000000
-0.007777 -0.037111 0.000000
0.340114 0.015479 0.000000
-0.055573 -0.039010 0.000000
0.007373 0.037416 0.000000
-0.488988 -0.010703 0.000000
-0.164546 -0.041609 0.000000
0.231559 0.023966 0.000000
-0.182558 -0.041753 0.000000
0.436898 -0.005943 0.000000
-0.285928 -0.040424 0.000000
-0.379919 0.035219 0.000000
0.157589 -0.027992 0.000000
0.486974 -0.001145 0.000000
-0.024025 0.038763 0.000000
0.187295 -0.026013 0.000000
-0.302451 0.040522 0.000000
-0.099213 -0.040371 0.000000
0.454001 0.005235 0.000000
0.259875 -0.020804 0.000000
0.467438 0.003926 0.000000
0.434139 -0.006199 0.000000
-0.465687 -0.020135 0.000000
-0.202242 0.042601 0.000000
0.495149 0.001155 0.000000
-0.198309 -0.041799 0.000000
-0.189023 0.042596 0.000000
0.135906 -0.029378 0.000000
-0.213604 -0.041768 0.000000
-0.468136 0.020176 0.000000
-0.246672 -0.041417 0.000000
0.409672 0.009396 0.000000
0.048519 -0.034408 0.000000
0.478487 0.002834 0.000000
-0.453029 -0.023407 0.000000
-0.317541 0.039805 0.000000
0.013552 0.037133 0.000000
-0.105754 -0.040540 0.000000
0.493998 -0.000448 0.000000
-0.022556 0.038703 0.000000
-0.393735 0.033748 0.000000
-0.036642 0.039257 0.000000
0.073450 0.034098 0.000000
-0.144679 -0.041345 0.000000
0.028226 -0.035436 0.000000
0.102567 -0.031406 0.000000
-0.209691 -0.041783 0.000000
0.032123 -0.035243 0.000000
-0.251447 0.042097 0.000000
0.179262 -0.026557 0.000000
-0.099804 0.041282 0.000000
0.302545 -0.017503 0.000000
-0.224646 0.042480 0.000000
0.181533 0.027471 0.000000
0.476545 -0.002168 0.000000
-0.036650 -0.038305 0.000000
0.338282 0.015632 0.000000
-0.489204 0.011361 0.000000
0.288158 0.019690 0.000000
0.000167 -0.036758 0.000000
-0.149956 -0.041426 0.000000
0.298614 -0.017815 0.000000
-0.127516 0.041905 0.000000
-0.087267 -0.040037 0.000000
-0.216027 0.042546 0.000000
0.279727 0.020348 0.000000
0.349826 -0.013641 0.000000
-0.121074 0.041776 0.000000
0.375913 -0.011416 0.000000
-0.443626 0.026188 0.000000
-0.439062 -0.026337 0.000000
0.372077 0.012749 0.000000
-0.142448 0.042165 0.000000
-0.252340 -0.041315 0.000000
-0.052898 0.039852 0.000000
0.382910 -0.010808 0.000000
-0.456557 0.023323 0.000000
-0.194610 -0.041795 0.000000
-0.136845 -0.041213 0.000000
0.035264 -0.035086 0.000000
0.203315 -0.024908 0.000000
-0.470792 -0.018574 0.000000
0.285728 0.019881 0.000000
0.403298 -0.009007 0.000000
-0.368066 0.036328 0.000000
0.368415 -0.012063 0.000000
-0.253380 0.042059 0.000000
0.154510 0.029254 0.000000
-0.300017 -0.039891 0.000000
-0.347071 0.037997 0.000000
0.304162 0.018423 0.000000
0.208431 0.025619 0.000000
-0.046589 -0.038683 0.000000
-0.264540 0.041806 0.000000
0.286666 0.019807 0.000000
0.073790 0.034080 0.000000
0.144493 0.029894 0.000000
-0.095838 -0.040280 0.000000
-0.140458 -0.041276 0.000000
0.350933 -0.013548 0.000000
-0.246561 -0.041419 0.000000
-0.414080 0.031164 0.000000
-0.266513 -0.041002 0.000000
0.147557 0.029700 0.000000
0.120222 0.031399 0.000000
0.426208 0.007871 0.000000
0.393895 -0.009843 0.000000
-0.361116 0.036920 0.000000
0.183575 -0.026266 0.000000
-0.431222 0.028495 0.000000
0.129955 -0.029749 0.000000
-0.260184 -0.041152 0.000000
-0.122690 0.041809 0.000000
-0.402553 0.032695 0.000000
0.243233 0.023111 0.000000
0.253782 0.022326 0.000000
-0.179274 -0.041734 0.000000
-0.495621 0.005732 0.000000
-0.242371 0.042257 0.000000
-0.411870 0.031473 0.000000
0.018902 -0.035888 0.000000
-0.417294 0.030702 0.000000
0.104519 -0.031291 0.000000
-0.297322 0.040737 0.000000
0.388630 -0.010307 0.000000
-0.473084 -0.017813 0.000000
-0.401484 -0.032103 0.000000
-0.078881 -0.039784 0.000000
-0.287996 -0.040352 0.000000
0.247453 -0.021732 0.000000
0.102153 -0.031430 0.000000
-0.268736 0.041696 0.000000
-0.345746 -0.037370 0.000000
0.137226 0.030352 0.000000
-0.286147 -0.040416 0.000000
-0.348643 0.037884 0.000000
-0.484116 -0.013369 0.000000
0.414052 -0.008039 0.000000
0.355203 0.014204 0.000000
-0.217794 -0.041745 0.000000
-0.108914 0.041506 0.000000
0.357904 -0.012959 0.000000
0.274616 -0.019683 0.000000
-0.463933 -0.020634 0.000000
0.293620 -0.018208 0.000000
0.008130 0.037382 0.000000
-0.232029 0.042402 0.000000
-0.379001 0.035310 0.000000
-0.055618 0.039946 0.000000
0.233878 0.023797 0.000000
-0.103337 0.041371 0.000000
0.440455 0.006531 0.000000
0.358008 -0.012951 0.000000
0.180073 0.027569 0.000000
0.259143 -0.020859 0.000000
0.258132 0.021999 0.000000
-0.433710 0.028061 0.000000
0.153685 0.029307 0.000000
-0.289629 0.041034 0.000000
0.284182 -0.018945 0.000000
-0.496915 0.003398 0.000000
-0.432011 -0.027620 0.000000
0.296818 -0.017956 0.000000
-0.066209 0.040303 0.000000
0.263781 0.021572 0.000000
0.042615 -0.034713 0.000000
0.135792 -0.029385 0.000000
-0.072504 0.040504 0.000000
0.497875 -0.000061 0.000000
0.032443 -0.035227 0.000000
-0.480062 -0.015189 0.000000
0.464715 0.004193 0.000000
-0.180785 0.042565 0.000000
0.101085 0.032536 0.000000
0.155236 -0.028145 0.000000
0.355862 0.014147 0.000000
0.346591 -0.013912 0.000000
0.112544 0.031860 0.000000
0.183082 -0.026299 0.000000
-0.336478 -0.037989 0.000000
0.423178 0.008153 0.000000
-0.274847 0.041524 0.000000
0.322962 -0.015862 0.000000
0.073250 0.034109 0.000000
-0.009620 0.038164 0.000000
-0.299990 0.040627 0.000000
0.278260 -0.019403 0.000000
-0.145303 0.042209 0.000000
-0.462760 -0.020959 0.000000
-0.412847 -0.030609 0.000000
-0.044359 0.039545 0.000000
-0.250463 -0.041350 0.000000
0.319814 -0.016118 0.000000
0.190901 -0.025767 0.000000
-0.156359 0.042356 0.000000
0.252479 0.022423 0.000000
0.189152 -0.025886 0.000000
0.020473 -0.035813 0.000000
0.057966 0.034931 0.000000
-0.304599 0.040427 0.000000
-0.195309 0.042605 0.000000
-0.492915 0.008638 0.000000
-0.438389 0.027207 0.000000
-0.119377 -0.040863 0.000000
-0.140559 0.042136 0.000000
0.361953 0.013625 0.000000
-0.159200 -0.041548 0.000000
0.032486 0.036229 0.000000
-0.280312 -0.040609 0.000000
0.407520 -0.008629 0.000000
-0.388193 0.034363 0.000000
-0.124879 0.041855 0.000000
0.102058 -0.031436 0.000000
-0.186950 -0.041773 0.000000
-0.438874 -0.026373 0.000000
0.123424 -0.030152 0.000000
-0.158804 -0.041543 0.000000
-0.461314 0.022111 0.000000
0.246746 0.022851 0.000000
0.372613 -0.011702 0.000000
-0.217829 -0.041744 0.000000
-0.165191 -0.041615 0.000000
0.115102 -0.030658 0.000000
0.074274 0.034053 0.000000
-0.041531 -0.038493 0.000000
0.054134 0.035132 0.000000
-0.231942 -0.041623 0.000000
0.454569 0.005180 0.000000
-0.239290 0.042305 0.000000
0.110043 0.032009 0.000000
0.039252 0.035893 0.000000
-0.347266 0.037983 0.000000
0.058857 -0.033863 0.000000
0.145438 0.029834 0.000000
0.355037 -0.013202 0.000000
0.385639 0.011557 0.000000
-0.363539 -0.036000 0.000000
0.343685 0.015179 0.000000
0.280130 0.020317 0.000000
-0.099153 -0.040369 0.000000
-0.484784 0.013828 0.000000
0.407003 0.009639 0.000000
0.375267 -0.011472 0.000000
0.379974 0.012057 0.000000
-0.208623 -0.041786 0.000000
-0.264478 0.041808 0.000000
0.086016 0.033400 0.000000
-0.340846 -0.037705 0.000000
-0.162299 -0.041585 0.000000
0.133003 0.030615 0.000000
0.124305 0.031150 0.000000
-0.167844 -0.041642 0.000000
0.338653 -0.014573 0.000000
0.056157 0.035026 0.000000
0.391842 -0.010024 0.000000
0.426683 0.007827 0.000000
-0.102211 -0.040450 0.000000
-0.406063 0.032248 0.000000
0.163064 -0.027635 0.000000
0.400167 0.010258 0.000000
0.320162 0.017129 0.000000
0.325796 0.016667 0.000000
-0.451135 0.024593 0.000000
0.226848 0.024307 0.000000
0.136450 0.030400 0.000000
0.091733 0.033076 0.000000
0.281732 -0.019135 0.000000
-0.106675 0.041453 0.000000
0.304687 0.018381 0.000000
-0.128839 -0.041062 0.000000
0.336656 -0.014739 0.000000
-0.284635 0.041211 0.000000
-0.094661 0.041147 0.000000
-0.493768 -0.007055 0.000000
-0.365369 0.036563 0.000000
0.443649 -0.005313 0.000000
0.297546 0.018950 0.000000
-0.139306 0.042116 0.000000
-0.054532 -0.038972 0.000000
0.452744 -0.004456 0.000000
-0.179954 0.042560 0.000000
0.493401 0.001333 0.000000
0.090116 -0.032130 0.000000
-0.152734 -0.041465 0.000000
0.317976 0.017307 0.000000
0.247159 -0.021754 0.000000
-0.179529 -0.041735 0.000000
-0.231489 0.042408 0.000000
-0.168686 -0.041651 0.000000
0.183672 -0.026259 0.000000
-0.110952 -0.040668 0.000000
-0.296070 0.040787 0.000000
0.056852 0.034990 0.000000
0.199693 0.026229 0.000000
0.373173 -0.011653 0.000000
-0.476629 0.017323 0.000000
0.028371 -0.035429 0.000000
-0.421694 0.030042 0.000000
-0.162184 -0.041584 0.000000
0.497268 -0.000122 0.000000
-0.186179 -0.041770 0.000000
-0.241096 0.042277 0.000000
0.201577 -0.025029 0.000000
-0.107607 0.041475 0.000000
0.167560 -0.027338 0.000000
-0.438552 -0.026434 0.000000
-0.480017 0.015990 0.000000
0.481188 -0.001714 0.000000
0.411334 -0.008285 0.000000
-0.313031 -0.039302 0.000000
-0.316523 0.039857 0.000000
-0.176216 -0.041713 0.000000
-0.050627 -0.038832 0.000000
0.260906 -0.020726 0.000000
0.381173 0.011952 0.000000
0.413417 0.009053 0.000000
0.053812 0.035148 0.000000
0.336064 0.015817 0.000000
-0.475436 -0.016985 0.000000
0.139353 0.030219 0.000000
0.305746 -0.017249 0.000000
0.500096 0.000161 0.000000
-0.054383 -0.038967 0.000000
-0.350633 -0.037018 0.000000
-0.274809 -0.040775 0.000000
0.389548 0.011210 0.000000
-0.180200 -0.041739 0.000000
-0.025150 0.038807 0.000000
0.069128 0.034334 0.000000
-0.217494 0.042537 0.000000
-0.460325 0.022371 0.000000
0.040972 -0.034797 0.000000
-0.028676 0.038948 0.000000
-0.025091 -0.037844 0.000000
-0.023334 0.038734 0.000000
0.340071 -0.014456 0.000000
-0.445392 -0.025080 0.000000
-0.455154 -0.022906 0.000000
0.126058 -0.029990 0.000000
0.357765 -0.012971 0.000000
0.107605 -0.031108 0.000000
0.440691 -0.005590 0.000000
0.198527 -0.025241 0.000000
0.310635 0.017902 0.000000
-0.450018 -0.024089 0.000000
0.424625 -0.007076 0.000000
0.463741 0.004289 0.000000
0.480737 -0.001758 0.000000
0.209792 0.025523 0.000000
-0.475500 0.017739 0.000000
0.105799 -0.031215 0.000000
-0.072590 -0.039585 0.000000
0.299024 0.018832 0.000000
0.492927 0.001381 0.000000
-0.282743 0.041276 0.000000
0.201784 0.026084 0.000000
-0.148372 -0.041403 0.000000
-0.027530 -0.037943 0.000000
0.430276 -0.006557 0.000000
-0.445917 -0.024971 0.000000
0.197218 -0.025332 0.000000
-0.171953 0.042508 0.000000
-0.043689 -0.038575 0.000000
0.221468 -0.023625 0.000000
0.095009 0.032888 0.000000
-0.318828 0.039738 0.000000
0.455828 0.005058 0.000000
0.458308 0.004818 0.000000
-0.345562 0.038103 0.000000
-0.112031 -0.040694 0.000000
-0.315308 0.039919 0.000000
-0.453334 -0.023336 0.000000
0.155435 -0.028132 0.000000
0.126872 -0.029940 0.000000
-0.172278 -0.041682 0.000000
-0.303327 0.040485 0.000000
0.215111 -0.024078 0.000000
0.083709 0.033530 0.000000
0.151981 -0.028356 0.000000
-0.163556 -0.041599 0.000000
-0.279367 -0.040639 0.000000
0.322398 -0.015908 0.000000
-0.412735 -0.030624 0.000000
0.439311 0.006640 0.000000
-0.411729 0.031492 0.000000
0.317196 0.017371 0.000000
0.440044 0.006570 0.000000
-0.473100 0.018582 0.000000
-0.481089 0.015536 0.000000
-0.338442 0.038585 0.000000
0.500699 0.000222 0.000000
-0.082598 0.040809 0.000000
-0.391267 0.034026 0.000000
0.062813 -0.033650 0.000000
-0.097373 -0.040321 0.000000
0.380023 0.012053 0.000000
0.346634 -0.013909 0.000000
0.463253 -0.003454 0.000000
0.113945 -0.030728 0.000000
-0.230035 -0.041644 0.000000
0.411056 0.009269 0.000000
0.242157 -0.022123 0.000000
0.253384 -0.021291 0.000000
-0.233885 -0.041601 0.000000
-0.228246 0.042444 0.000000
-0.116540 -0.040799 0.000000
-0.324129 0.039450 0.000000
-0.096180 -0.040289 0.000000
0.362315 -0.012585 0.000000
0.019319 0.036863 0.000000
-0.431023 -0.027791 0.000000
-0.485514 0.013458 0.000000
0.151500 -0.028387 0.000000
0.141420 0.030089 0.000000
0.257345 0.022058 0.000000
-0.013819 0.038342 0.000000
0.298167 0.018901 0.000000
0.336773 0.015758 0.000000
-0.328350 0.039209 0.000000
-0.474989 -0.017147 0.000000
0.258717 -0.020891 0.000000
-0.298602 -0.039948 0.000000
0.316505 -0.016385 0.000000
-0.173663 -0.041693 0.000000
-0.068918 0.040389 0.000000
-0.121666 -0.040914 0.000000
-0.079277 -0.039796 0.000000
0.132492 -0.029591 0.000000
-0.178979 0.042554 0.000000
0.363930 -0.012447 0.000000
-0.417430 -0.029952 0.000000
0.493600 0.001313 0.000000
0.209574 0.025538 0.000000
0.195320 0.026531 0.000000
0.120338 -0.030341 0.000000
-0.046900 -0.038695 0.000000
-0.443013 0.026312 0.000000
-0.062235 0.040171 0.000000
-0.474485 -0.017327 0.000000
-0.306881 -0.039591 0.000000
0.427253 -0.006835 0.000000
0.071530 -0.033175 0.000000
0.233839 0.023800 0.000000
-0.224194 -0.041699 0.000000
-0.401065 0.032879 0.000000
-0.082054 -0.039882 0.000000
0.077363 0.033883 0.000000
-0.420374 0.030244 0.000000
-0.302875 0.040504 0.000000
-0.370063 -0.035431 0.000000
0.460761 0.004579 0.000000
-0.246797 -0.041415 0.000000
0.425459 0.007941 0.000000
0.057860 -0.033916 0.000000
-0.322726 -0.038801 0.000000
0.091246 -0.032065 0.000000
0.241834 -0.022147 0.000000
-0.416692 0.030790 0.000000
-0.130014 0.041953 0.000000
-0.385319 0.034669 0.000000
0.415345 -0.007922 0.000000
-0.278484 0.041413 0.000000
0.427444 0.007755 0.000000
0.009226 -0.036344 0.000000
0.210042 -0.024436 0.000000
0.467041 -0.003089 0.000000
-0.222395 -0.041714 0.000000
0.240663 0.023300 0.000000
-0.435686 -0.026965 0.000000
-0.309358 0.040210 0.000000
-0.251623 -0.041328 0.000000
-0.373700 -0.035098 0.000000
0.077102 0.033898 0.000000
0.037849 -0.034956 0.000000
0.119967 0.031414 0.000000
0.157548 -0.027995 0.000000
-0.342160 0.038338 0.000000
-0.421648 -0.029317 0.000000
-0.496582 0.004148 0.000000
-0.074192 0.040556 0.000000
-0.485573 -0.012638 0.000000
0.225447 -0.023339 0.000000
-0.040474 -0.038453 0.000000
-0.405248 0.032354 0.000000
0.475541 0.003126 0.000000
0.392694 -0.009949 0.000000
-0.428450 -0.028226 0.000000
0.446304 0.005974 0.000000
-0.228476 -0.041662 0.000000
-0.397628 0.033295 0.000000
0.375424 -0.011459 0.000000
0.124511 0.031138 0.000000
-0.380262 -0.034465 0.000000
0.308560 -0.017024 0.000000
0.492990 -0.000549 0.000000
-0.408493 -0.031203 0.000000
0.421465 0.008311 0.000000
-0.471612 0.019079 0.000000
-0.477882 0.016846 0.000000
0.208332 -0.024557 0.000000
0.384919 0.011621 0.000000
0.351220 -0.013524 0.000000
0.019731 -0.035849 0.000000
-0.296469 0.040771 0.000000
0.172624 -0.027002 0.000000
0.007524 0.037409 0.000000
-0.164569 0.042445 0.000000
0.143302 0.029970 0.000000
-0.194368 -0.041794 0.000000
0.050449 -0.034308 0.000000
0.441462 -0.005518 0.000000
-0.371566 -0.035295 0.000000
-0.030578 0.039023 0.000000
0.316853 -0.016357 0.000000
0.167954 0.028377 0.000000
-0.019261 0.038568 0.000000
-0.388323 -0.033627 0.000000
0.231080 -0.022932 0.000000
-0.351964 -0.036919 0.000000
-0.472605 -0.017976 0.000000
0.188529 0.026997 0.000000
-0.363204 0.036747 0.000000
-0.448830 -0.024351 0.000000
0.076901 0.033909 0.000000
0.083700 0.033530 0.000000
0.247601 -0.021721 0.000000
0.423656 0.008108 0.000000
-0.234496 -0.041594 0.000000
-0.278236 0.041421 0.000000
-0.188664 -0.041779 0.000000
-0.496081 0.005044 0.000000
0.479341 -0.001895 0.000000
-0.177338 -0.041722 0.000000
0.387348 -0.010420 0.000000
0.271624 0.020973 0.000000
0.304962 -0.017311 0.000000
0.011107 0.037246 0.000000
-0.459275 -0.021883 0.000000
0.176325 0.027821 0.000000
0.307694 -0.017093 0.000000
-0.161508 0.042415 0.000000
0.490349 0.001643 0.000000
0.351799 0.014493 0.000000
-0.453556 0.024039 0.000000
0.256507 -0.021057 0.000000
0.014476 -0.036099 0.000000
-0.307218 0.040309 0.000000
-0.418527 0.030521 0.000000
-0.404129 0.032496 0.000000
0.102804 0.032435 0.000000
0.223447 -0.023483 0.000000
0.484492 -0.001390 0.000000
0.205393 -0.024763 0.000000
0.137592 0.030329 0.000000
0.482204 -0.001614 0.000000
-0.463806 -0.020670 0.000000
0.303404 0.018483 0.000000
-0.352283 0.037616 0.000000
-0.042797 0.039488 0.000000
-0.433625 -0.027336 0.000000
-0.241128 -0.041505 0.000000
-0.236757 0.042340 0.000000
-0.182235 0.042572 0.000000
-0.464550 0.021225 0.000000
-0.346342 0.038048 0.000000
-0.206785 0.042590 0.000000
-0.341686 -0.037649 0.000000
-0.383118 0.034896 0.000000
-0.309187 0.040218 0.000000
0.225330 -0.023348 0.000000
-0.146570 0.042228 0.000000
0.241426 0.023244 0.000000
0.158251 -0.027949 0.000000
0.152368 -0.028331 0.000000
0.219947 0.024803 0.000000
0.140695 -0.029076 0.000000
-0.494066 -0.006759 0.000000
-0.044988 -0.038624 0.000000
-0.192343 -0.041792 0.000000
0.087690 0.033305 0.000000
-0.023476 0.038740 0.000000
-0.473254 -0.017755 0.000000
0.295986 -0.018022 0.000000
0.475029 0.003177 0.000000
0.088843 0.033240 0.000000
-0.299557 0.040645 0.000000
-0.186032 0.042586 0.000000
0.174260 -0.026893 0.000000
0.031110 -0.035293 0.000000
0.034722 0.036119 0.000000
0.024955 -0.035596 0.000000
0.211645 -0.024323 0.000000
0.426653 0.007829 0.000000
0.313510 -0.016627 0.000000
0.054714 0.035101 0.000000
0.115895 -0.030611 0.000000
0.123849 -0.030126 0.000000
-0.108196 0.041489 0.000000
-0.422910 -0.029121 0.000000
0.080693 0.033698 0.000000
-0.359694 -0.036317 0.000000
0.408482 0.009505 0.000000
-0.497063 0.002992 0.000000
0.005280 0.037511 0.000000
0.213385 -0.024200 0.000000
-0.061731 -0.039225 0.000000
0.396830 0.010559 0.000000
-0.447452 -0.024648 0.000000
0.284338 0.019989 0.000000
0.479143 0.002768 0.000000
-0.377388 0.035467 0.000000
-0.183963 0.042578 0.000000
0.320378 -0.016072 0.000000
-0.189857 0.042598 0.000000
0.145515 -0.028770 0.000000
0.002101 -0.036671 0.000000
-0.229780 -0.041647 0.000000
-0.105994 -0.040546 0.000000
0.146046 -0.028736 0.000000
-0.456964 0.023223 0.000000
0.147245 0.029719 0.000000
-0.164425 -0.041608 0.000000
-0.387609 0.034425 0.000000
0.108833 0.032081 0.000000
0.437605 -0.005877 0.000000
0.162484 0.028736 0.000000
-0.351587 0.037668 0.000000
0.030139 0.036344 0.000000
0.187939 -0.025969 0.000000
0.365979 0.013278 0.000000
0.345214 -0.014027 0.000000
0.026806 -0.035505 0.000000
0.051039 -0.034277 0.000000
-0.059843 0.040091 0.000000
-0.172464 0.042512 0.000000
0.252002 0.022459 0.000000
-0.346804 -0.037295 0.000000
0.330287 -0.015263 0.000000
0.443387 -0.005338 0.000000
-0.161388 -0.041574 0.000000
0.140342 -0.029099 0.000000
-0.395019 -0.032878 0.000000
0.230819 0.024020 0.000000
0.132149 -0.029613 0.000000
-0.429688 -0.028019 0.000000
-0.358080 -0.036446 0.000000
-0.236373 -0.041571 0.000000
0.000480 0.037725 0.000000
0.368551 0.013055 0.000000
-0.220329 0.042517 0.000000
0.046561 0.035523 0.000000
0.316099 -0.016418 0.000000
-0.274385 0.041537 0.000000
-0.369298 0.036219 0.000000
0.243692 -0.022010 0.000000
-0.248255 -0.041391 0.000000
-0.145764 -0.041362 0.000000
0.360752 -0.012718 0.000000
-0.226734 -0.041677 0.000000
-0.277264 0.041451 0.000000
-0.239792 0.042298 0.000000
0.273968 0.020793 0.000000
0.199554 -0.025170 0.000000
0.101059 -0.031494 0.000000
0.411771 -0.008246 0.000000
-0.199171 -0.041800 0.000000
-0.438237 -0.026493 0.000000
-0.370269 0.036132 0.000000
-0.067245 0.040336 0.000000
-0.032420 -0.038140 0.000000
0.285424 -0.018849 0.000000
-0.377657 -0.034722 0.000000
0.125788 -0.030007 0.000000
0.214988 -0.024087 0.000000
0.357634 0.013996 0.000000
-0.493461 0.008147 0.000000
-0.022713 -0.037746 0.000000
0.455356 -0.004208 0.000000
-0.323448 -0.038762 0.000000
-0.086666 0.040927 0.000000
0.041229 0.035794 0.000000
-0.492150 0.009277 0.000000
-0.332664 -0.038228 0.000000
0.010250 -0.036297 0.000000
0.222241 -0.023570 0.000000
0.121046 -0.030298 0.000000
-0.296292 0.040778 0.000000
0.495869 -0.000262 0.000000
-0.222723 -0.041711 0.000000
0.384069 0.011696 0.000000
-0.244832 0.042217 0.000000
-0.187125 0.042590 0.000000
-0.057580 0.040014 0.000000
0.372227 -0.011735 0.000000
0.412918 0.009099 0.000000
-0.327063 0.039285 0.000000
-0.114503 0.041634 0.000000
0.052954 0.035193 0.000000
-0.054102 0.039894 0.000000
0.001561 0.037677 0.000000
0.407612 0.009584 0.000000
0.173270 0.028025 0.000000
0.174730 -0.026862 0.000000
-0.083477 -0.039924 0.000000
-0.192416 0.042601 0.000000
-0.193260 -0.041793 0.000000
-0.050748 -0.038837 0.000000
0.252907 0.022391 0.000000
-0.085119 0.040883 0.000000
0.210344 0.025484 0.000000
0.242606 -0.022090 0.000000
0.008761 0.037353 0.000000
-0.069417 0.040405 0.000000
0.057937 -0.033912 0.000000
-0.052169 0.039826 0.000000
-0.402105 -0.032026 0.000000
-0.128681 0.041927 0.000000
-0.497306 0.002131 0.000000
-0.099424 -0.040376 0.000000
-0.162553 -0.041588 0.000000
0.276362 -0.019549 0.000000
0.408925 0.009464 0.000000
-0.033724 0.039144 0.000000
-0.475230 -0.017060 0.000000
0.186984 -0.026034 0.000000
-0.270744 -0.040890 0.000000
0.023332 0.036673 0.000000
0.176096 0.027836 0.000000
0.285306 -0.018858 0.000000
0.274858 0.020724 0.000000
-0.242280 -0.041489 0.000000
0.012556 0.037179 0.000000
0.198311 0.026325 0.000000
0.266130 -0.020331 0.000000
-0.210298 0.042577 0.000000
0.489736 0.001705 0.000000
-0.059544 0.040081 0.000000
0.315779 0.017486 0.000000
-0.284777 -0.040464 0.000000
-0.153175 0.042318 0.000000
0.330103 -0.015278 0.000000
-0.119318 -0.040862 0.000000
-0.496437 -0.003625 0.000000
-0.266457 0.041756 0.000000
0.251751 -0.021413 0.000000
0.346019 -0.013960 0.000000
-0.403220 -0.031887 0.000000
-0.190202 -0.041785 0.000000
0.401331 0.010153 0.000000
-0.231014 -0.041633 0.000000
0.391693 -0.010037 0.000000
0.256955 -0.021023 0.000000
0.275028 -0.019652 0.000000
0.012950 0.037161 0.000000
0.183891 -0.026244 0.000000
0.228796 0.024166 0.000000
0.069051 -0.033312 0.000000
-0.141443 -0.041294 0.000000
-0.221211 0.042509 0.000000
0.205480 0.025826 0.000000
0.094123 0.032939 0.000000
-0.410844 0.031613 0.000000
-0.045783 0.039597 0.000000
0.220688 0.024750 0.000000
0.033800 0.036164 0.000000
-0.371057 0.036060 0.000000
0.177519 0.027741 0.000000
-0.247911 -0.041397 0.000000
-0.205166 -0.041794 0.000000
-0.273663 -0.040809 0.000000
-0.389403 -0.033510 0.000000
-0.005076 0.037969 0.000000
-0.255282 0.042018 0.000000
-0.071119 -0.039538 0.000000
-0.457474 0.023097 0.000000
-0.490164 0.010734 0.000000
-0.031078 0.039042 0.000000
0.452380 0.005391 0.000000
-0.169802 0.042491 0.000000
-0.308193 0.040265 0.000000
-0.206065 -0.041793 0.000000
0.190887 -0.025767 0.000000
-0.270452 0.041651 0.000000
0.292708 0.019333 0.000000
-0.492077 0.009335 0.000000
-0.304854 -0.039684 0.000000
0.408997 0.009458 0.000000
-0.221728 0.042505 0.000000
0.477777 -0.002048 0.000000
-0.349365 -0.037112 0.000000
0.061544 0.034741 0.000000
-0.224783 0.042479 0.000000
0.053613 0.035159 0.000000
0.388811 -0.010291 0.000000
0.363204 -0.012509 0.000000
0.378749 0.012165 0.000000
0.219168 -0.023789 0.000000
0.219546 0.024831 0.000000
0.012772 -0.036179 0.000000
0.058727 -0.033870 0.000000
0.059963 0.034825 0.000000
0.387284 -0.010425 0.000000
0.121553 -0.030267 0.000000
0.124272 0.031152 0.000000
-0.408680 0.031904 0.000000
-0.054379 -0.038967 0.000000
-0.337586 -0.037919 0.000000
0.420057 0.008442 0.000000
0.471971 0.003480 0.000000
0.238267 -0.022409 0.000000
-0.138207 -0.041237 0.000000
0.164473 -0.027542 0.000000
0.452266 0.005402 0.000000
0.120966 -0.030303 0.000000
-0.310544 0.040153 0.000000
0.195506 -0.025450 0.000000
-0.110182 0.041536 0.000000
-0.065579 -0.039355 0.000000
-0.028026 -0.037963 0.000000
-0.212392 0.042568 0.000000
0.269936 0.021102 0.000000
-0.119836 0.041751 0.000000
0.088920 -0.032199 0.000000
-0.289229 0.041049 0.000000
-0.043791 -0.038579 0.000000
0.409741 -0.008429 0.000000
-0.497383 0.001741 0.000000
0.335713 0.015847 0.000000
-0.496692 0.003918 0.000000
0.391187 -0.010082 0.000000
0.186527 0.027133 0.000000
-0.234828 -0.041591 0.000000
-0.275700 0.041499 0.000000
0.150339 0.029522 0.000000
0.174933 -0.026848 0.000000
-0.429798 0.028737 0.000000
-0.208891 -0.041786 0.000000
-0.258917 0.041940 0.000000
0.383897 -0.010722 0.000000
0.209753 -0.024457 0.000000
-0.270062 0.041661 0.000000
0.309158 -0.016976 0.000000
-0.308878 0.040233 0.000000
-0.077928 -0.039755 0.000000
-0.379921 0.035219 0.000000
-0.015094 0.038396 0.000000
0.437040 0.006854 0.000000
0.266789 0.021343 0.000000
0.393741 -0.009857 0.000000
-0.023455 0.038739 0.000000
0.370219 0.012911 0.000000
0.461344 0.004522 0.000000
0.248496 0.022720 0.000000
-0.122677 -0.040935 0.000000
0.195742 0.026502 0.000000
0.031173 -0.035290 0.000000
0.183454 -0.026274 0.000000
0.113427 -0.030759 0.000000
0.011414 -0.036242 0.000000
-0.144752 0.042201 0.000000
-0.439133 0.027067 0.000000
0.195436 0.026523 0.000000
0.135139 0.030482 0.000000
0.489735 -0.000872 0.000000
0.481019 0.002581 0.000000
0.419776 -0.007520 0.000000
-0.090056 0.041022 0.000000
-0.354956 -0.036691 0.000000
0.262304 0.021684 0.000000
-0.462342 -0.021073 0.000000
-0.237762 -0.041552 0.000000
-0.319088 0.039724 0.000000
-0.430295 -0.027915 0.000000
-0.345237 -0.037406 0.000000
-0.359967 -0.036295 0.000000
-0.003867 0.037916 0.000000
-0.036389 0.039247 0.000000
-0.490065 0.010801 0.000000
-0.256980 -0.041221 0.000000
-0.040000 -0.038435 0.000000
0.326829 -0.015547 0.000000
0.456707 0.004973 0.000000
-0.164146 -0.041605 0.000000
-0.340161 0.038473 0.000000
0.153805 -0.028238 0.000000
0.450229 -0.004694 0.000000
-0.076833 0.040637 0.000000
-0.436196 -0.026872 0.000000
0.424618 -0.007077 0.000000
0.099793 -0.031569 0.000000
-0.478112 -0.015977 0.000000
-0.193730 0.042603 0.000000
0.144555 -0.028831 0.000000
0.087585 -0.032275 0.000000
0.335856 0.015835 0.000000
-0.228938 -0.041657 0.000000
0.134765 -0.029449 0.000000
0.051263 -0.034265 0.000000
-0.101978 0.041337 0.000000
-0.093865 -0.040225 0.000000
-0.205117 -0.041794 0.000000
0.204885 -0.024798 0.000000
0.149336 0.029586 0.000000
-0.078064 -0.039759 0.000000
0.223122 0.024575 0.000000
0.071073 -0.033200 0.000000
0.304810 0.018371 0.000000
-0.007682 -0.037107 0.000000
-0.065527 0.040280 0.000000
-0.416271 -0.030120 0.000000
0.441711 -0.005494 0.000000
0.487673 0.001913 0.000000
-0.286370 0.041151 0.000000
0.028115 -0.035441 0.000000
-0.314892 0.039940 0.000000
-0.272648 -0.040839 0.000000
-0.314285 -0.039241 0.000000
-0.163806 -0.041602 0.000000
0.304771 0.018374 0.000000
0.068425 -0.033346 0.000000
-0.097768 0.041230 0.000000
-0.274808 -0.040775 0.000000
0.456191 0.005023 0.000000
0.194159 0.026611 0.000000
-0.118884 -0.040852 0.000000
-0.473538 -0.017657 0.000000
0.198373 0.026320 0.000000
-0.013932 -0.037377 0.000000
-0.106377 0.041446 0.000000
-0.312920 -0.039307 0.000000
0.242126 -0.022125 0.000000
-0.012574 0.038290 0.000000
0.382748 -0.010822 0.000000
-0.224816 0.042478 0.000000
-0.077254 -0.039734 0.000000
0.118221 0.031520 0.000000
-0.107504 0.041473 0.000000
-0.450652 -0.023948 0.000000
-0.071926 -0.039564 0.000000
0.048513 0.035423 0.000000
-0.183103 -0.041756 0.000000
-0.191314 -0.041789 0.000000
0.074880 0.034020 0.000000
-0.469923 0.019623 0.000000
0.131264 0.030723 0.000000
-0.212452 -0.041773 0.000000
0.282910 -0.019044 0.000000
0.407959 -0.008589 0.000000
0.283612 -0.018989 0.000000
-0.454776 0.023752 0.000000
0.245129 0.022970 0.000000
0.274388 -0.019701 0.000000
0.309293 0.018011 0.000000
0.064912 -0.033537 0.000000
0.142101 0.030046 0.000000
-0.290053 0.041018 0.000000
-0.351523 -0.036952 0.000000
0.362851 -0.012539 0.000000
-0.331483 -0.038298 0.000000
0.203130 -0.024921 0.000000
-0.227994 -0.041666 0.000000
-0.197393 -0.041798 0.000000
-0.243549 0.042238 0.000000
0.096365 0.032810 0.000000
-0.028352 -0.037976 0.000000
-0.022443 0.038698 0.000000
0.288285 0.019680 0.000000
-0.200572 0.042603 0.000000
0.484732 -0.001366 0.000000
0.066177 -0.033468 0.000000
-0.076985 -0.039725 0.000000
0.011770 0.037215 0.000000
0.465027 0.004163 0.000000
-0.046320 -0.038673 0.000000
-0.057754 -0.039087 0.000000
0.443306 0.006260 0.000000
-0.487784 -0.011428 0.000000
-0.350323 0.037761 0.000000
-0.192110 -0.041792 0.000000
-0.409373 -0.031084 0.000000
-0.041254 -0.038482 0.000000
0.476410 -0.002181 0.000000
-0.257394 0.041973 0.000000
-0.286301 0.041154 0.000000
0.390333 0.011140 0.000000
-0.366148 -0.035776 0.000000
0.309554 -0.016944 0.000000
-0.100361 0.041296 0.000000
0.171087 0.028170 0.000000
-0.048134 0.039683 0.000000
0.258423 -0.020913 0.000000
0.427926 -0.006773 0.000000
0.314341 -0.016560 0.000000
0.201697 -0.025021 0.000000
-0.467064 0.020498 0.000000
-0.034750 0.039184 0.000000
0.299346 -0.017757 0.000000
0.342833 -0.014226 0.000000
-0.245159 0.042212 0.000000
-0.009309 -0.037178 0.000000
-0.103604 -0.040485 0.000000
-0.062791 -0.039261 0.000000
-0.262457 0.041856 0.000000
0.236992 -0.022502 0.000000
-0.060344 -0.039176 0.000000
0.034510 -0.035124 0.000000
0.083898 0.033519 0.000000
-0.395154 0.033585 0.000000
0.472637 0.003414 0.000000
0.419319 -0.007561 0.000000
0.020423 -0.035815 0.000000
0.370785 -0.011859 0.000000
0.330746 0.016259 0.000000
0.231153 0.023995 0.000000
-0.496933 -0.002546 0.000000
-0.237818 -0.041551 0.000000
0.195483 -0.025452 0.000000
0.174528 -0.026875 0.000000
-0.072792 -0.039592 0.000000
0.122241 0.031276 0.000000
0.443043 -0.005370 0.000000
0.369845 0.012943 0.000000
0.213263 -0.024209 0.000000
-0.479053 0.016383 0.000000
-0.172612 0.042514 0.000000
0.325413 -0.015662 0.000000
0.133233 0.030601 0.000000
0.208785 0.025594 0.000000
0.018034 0.036924 0.000000
-0.010969 0.038222 0.000000
-0.000378 0.037763 0.000000
0.166565 0.028468 0.000000
0.039911 0.035860 0.000000
0.386543 -0.010490 0.000000
0.123516 0.031199 0.000000
0.317734 0.017327 0.000000
-0.232310 -0.041619 0.000000
0.324077 -0.015771 0.000000
0.195332 -0.025462 0.000000
0.209772 -0.024455 0.000000
-0.063333 0.040207 0.000000
-0.442286 0.026456 0.000000
-0.313813 -0.039264 0.000000
0.138580 -0.029210 0.000000
-0.262604 0.041853 0.000000
-0.334248 0.038852 0.000000
-0.081947 0.040790 0.000000
0.103144 -0.031372 0.000000
0.472715 0.003406 0.000000
0.179196 0.027628 0.000000
0.162570 0.028730 0.000000
-0.016561 0.038457 0.000000
0.204110 0.025921 0.000000
0.059507 -0.033828 0.000000
0.447388 -0.004962 0.000000
0.363288 0.013510 0.000000
-0.150316 -0.041431 0.000000
0.193020 -0.025621 0.000000
0.205631 0.025815 0.000000
-0.230545 0.042418 0.000000
0.240010 -0.022281 0.000000
0.247474 0.022796 0.000000
0.451650 0.005461 0.000000
-0.137027 0.042077 0.000000
-0.308509 0.040250 0.000000
0.059324 -0.033838 0.000000
-0.244801 -0.041448 0.000000
0.036327 0.036039 0.000000
0.036879 -0.035005 0.000000
0.072311 0.034161 0.000000
-0.166470 0.042463 0.000000
-0.140836 -0.041283 0.000000
-0.368678 0.036274 0.000000
-0.004243 -0.036956 0.000000
-0.492628 -0.008086 0.000000
0.341383 -0.014347 0.000000
0.079269 0.033777 0.000000
0.255601 0.022189 0.000000
-0.109503 -0.040633 0.000000
0.178012 0.027708 0.000000
-0.202324 0.042601 0.000000
-0.405339 -0.031616 0.000000
-0.266637 0.041752 0.000000
0.148900 0.029614 0.000000
-0.077549 -0.039743 0.000000
-0.297523 -0.039991 0.000000
0.073259 -0.033080 0.000000
0.446299 0.005975 0.000000
0.106624 0.032211 0.000000
0.125983 0.031048 0.000000
0.142972 0.029991 0.000000
0.288538 -0.018606 0.000000
-0.339920 -0.037766 0.000000
0.079802 0.033748 0.000000
-0.006868 0.038047 0.000000
-0.460027 -0.021688 0.000000
0.075003 0.034013 0.000000
-0.098617 0.041252 0.000000
0.242902 0.023135 0.000000
0.248466 -0.021657 0.000000
-0.414719 -0.030344 0.000000
0.374703 -0.011521 0.000000
0.043226 -0.034682 0.000000
0.440276 0.006548 0.000000
0.446627 0.005943 0.000000
0.439518 0.006620 0.000000
0.385089 0.011606 0.000000
-0.052888 -0.038913 0.000000
0.308648 -0.017017 0.000000
0.342363 0.015290 0.000000
-0.490728 -0.009549 0.000000
-0.480127 -0.015161 0.000000
-0.020949 0.038637 0.000000
-0.208836 0.042582 0.000000
-0.357884 -0.036462 0.000000
-0.486080 -0.012372 0.000000
-0.474642 0.018046 0.000000
0.008165 -0.036394 0.000000
0.116602 -0.030568 0.000000
0.375694 -0.011435 0.000000
0.130412 -0.029721 0.000000
0.120303 -0.030343 0.000000
0.012489 0.037182 0.000000
-0.343030 0.038279 0.000000
-0.359751 0.037032 0.000000
-0.015825 0.038426 0.000000
-0.023646 -0.037785 0.000000
-0.422368 -0.029205 0.000000
0.077004 0.033903 0.000000
-0.302594 -0.039781 0.000000
0.389131 -0.010263 0.000000
0.444156 0.006179 0.000000
-0.120051 -0.040878 0.000000
0.491745 -0.000672 0.000000
-0.184915 -0.041766 0.000000
0.378028 -0.011233 0.000000
0.276936 -0.019505 0.000000
-0.141062 -0.041287 0.000000
-0.447899 -0.024552 0.000000
0.190027 -0.025826 0.000000
-0.379898 -0.034501 0.000000
-0.460917 -0.021455 0.000000
-0.348233 -0.037193 0.000000
-0.325340 0.039382 0.000000
-0.276655 -0.040721 0.000000
-0.467480 -0.019606 0.000000
-0.343712 -0.037511 0.000000
0.150678 0.029500 0.000000
-0.287325 0.041119 0.000000
-0.162536 0.042425 0.000000
0.199824 0.026220 0.000000
-0.443068 0.026300 0.000000
0.107598 -0.031108 0.000000
-0.030486 0.039019 0.000000
-0.299572 -0.039909 0.000000
-0.296961 0.040752 0.000000
-0.331624 0.039015 0.000000
0.400768 -0.009233 0.000000
-0.288922 0.041060 0.000000
0.160381 0.028873 0.000000
-0.026616 0.038866 0.000000
0.165250 -0.027491 0.000000
0.349125 0.014720 0.000000
-0.255753 -0.041248 0.000000
0.429102 -0.006665 0.000000
0.351978 0.014478 0.000000
-0.398340 0.033210 0.000000
-0.440858 -0.025991 0.000000
-0.482986 0.014690 0.000000
-0.450417 0.024753 0.000000
-0.248071 -0.041394 0.000000
0.453081 0.005323 0.000000
-0.158599 0.042383 0.000000
-0.209102 -0.041785 0.000000
0.024376 -0.035624 0.000000
-0.464935 0.021117 0.000000
-0.075501 -0.039679 0.000000
-0.180063 0.042560 0.000000
-0.093321 -0.040210 0.000000
-0.327380 0.039266 0.000000
-0.216775 0.042542 0.000000
-0.464356 -0.020516 0.000000
0.392033 0.010989 0.000000
-0.252809 0.042071 0.000000
0.438161 0.006748 0.000000
0.081475 -0.032621 0.000000
0.233904 -0.022727 0.000000
-0.334958 0.038808 0.000000
0.339191 -0.014529 0.000000
-0.112897 0.041599 0.000000
-0.098323 -0.040347 0.000000
0.356870 0.014061 0.000000
0.404343 0.009881 0.000000
-0.324788 -0.038687 0.000000
-0.450412 0.024754 0.000000
0.414048 0.008995 0.000000
0.077780 -0.032829 0.000000
0.276627 0.020588 0.000000
-0.317480 -0.039079 0.000000
-0.338658 0.038571 0.000000
-0.023452 0.038739 0.000000
-0.309089 -0.039491 0.000000
-0.416530 -0.030083 0.000000
0.482892 -0.001547 0.000000
-0.191966 -0.041791 0.000000
-0.256150 0.042000 0.000000
-0.424505 -0.028869 0.000000
0.049139 -0.034376 0.000000
0.145763 -0.028754 0.000000
0.020082 -0.035832 0.000000
-0.190005 -0.041784 0.000000
0.324531 -0.015734 0.000000
-0.030473 -0.038062 0.000000
0.086490 -0.032337 0.000000
0.475451 0.003135 0.000000
0.273233 -0.019789 0.000000
-0.216780 0.042542 0.000000
0.001283 -0.036708 0.000000
0.424822 -0.007058 0.000000
-0.036199 0.039240 0.000000
0.233373 0.023834 0.000000
0.189634 0.026921 0.000000
0.021508 0.036760 0.000000
-0.014195 -0.037389 0.000000
0.088627 0.033252 0.000000
-0.066144 0.040300 0.000000
0.325921 -0.015621 0.000000
0.380378 0.012022 0.000000
0.007091 -0.036443 0.000000
0.095215 0.032876 0.000000
0.276973 -0.019502 0.000000
-0.435458 -0.027007 0.000000
0.489058 -0.000939 0.000000
0.144555 0.029891 0.000000
0.023468 0.036666 0.000000
0.034353 -0.035132 0.000000
-0.318247 0.039769 0.000000
0.010574 0.037270 0.000000
-0.312735 -0.039316 0.000000
0.387851 -0.010376 0.000000
0.007643 -0.036418 0.000000
0.058628 0.034896 0.000000
0.182770 -0.026320 0.000000
-0.171963 0.042508 0.000000
-0.257443 0.041972 0.000000
0.264877 -0.020426 0.000000
-0.337899 0.038620 0.000000
0.037267 0.035992 0.000000
-0.316640 0.039851 0.000000
0.035904 0.036060 0.000000
-0.100326 -0.040401 0.000000
-0.202935 -0.041797 0.000000
0.376326 0.012378 0.000000
0.092427 -0.031997 0.000000
0.362215 0.013603 0.000000
0.006687 0.037447 0.000000
-0.379266 -0.034563 0.000000
0.075095 -0.032978 0.000000
0.238120 0.023487 0.000000
0.305183 -0.017293 0.000000
0.338345 0.015627 0.000000
0.296406 0.019040 0.000000
-0.321000 -0.038894 0.000000
0.499038 0.000758 0.000000
0.435614 -0.006063 0.000000
0.412738 0.009116 0.000000
0.080872 -0.032655 0.000000
0.331836 -0.015136 0.000000
0.451051 -0.004616 0.000000
-0.169331 0.042488 0.000000
-0.251168 0.042102 0.000000
-0.315056 -0.039203 0.000000
-0.398727 0.033163 0.000000
-0.318621 -0.039020 0.000000
-0.375559 -0.034922 0.000000
-0.412655 0.031364 0.000000
0.373971 -0.011584 0.000000
-0.242845 -0.041480 0.000000
0.362848 -0.012539 0.000000
-0.047744 -0.038726 0.000000
0.142222 0.030038 0.000000
-0.491063 0.010105 0.000000
-0.408854 -0.031154 0.000000
0.103635 0.032387 0.000000
0.014204 -0.036111 0.000000
0.473476 0.003331 0.000000
-0.197238 -0.041798 0.000000
0.459111 -0.003850 0.000000
0.016723 -0.035992 0.000000
-0.359218 -0.036355 0.000000
-0.062021 -0.039235 0.000000
-0.421777 -0.029297 0.000000
-0.123781 0.041832 0.000000
0.425413 0.007945 0.000000
-0.142159 0.042161 0.000000
-0.259116 -0.041175 0.000000
0.175727 0.027861 0.000000
0.482287 -0.001606 0.000000
0.020099 -0.035831 0.000000
-0.112202 -0.040698 0.000000
0.316731 0.017409 0.000000
0.281036 0.020246 0.000000
0.278449 -0.019389 0.000000
0.280663 -0.019218 0.000000
-0.029352 -0.038017 0.000000
0.124537 -0.030084 0.000000
0.009602 -0.036327 0.000000
-0.247797 0.042165 0.000000
0.413511 -0.008088 0.000000
-0.301972 -0.039807 0.000000
0.279389 -0.019316 0.000000
-0.221359 0.042508 0.000000
-0.287043 -0.040385 0.000000
0.044755 -0.034603 0.000000
0.278296 -0.019400 0.000000
0.070591 0.034254 0.000000
0.496332 0.001035 0.000000
0.214444 0.025194 0.000000
-0.057694 -0.039085 0.000000
0.460097 0.004644 0.000000
-0.445297 -0.025100 0.000000
0.240700 0.023297 0.000000
0.324289 0.016791 0.000000
-0.462000 0.021928 0.000000
-0.198431 -0.041799 0.000000
-0.123805 0.041832 0.000000
-0.445014 0.025906 0.000000
-0.477858 -0.016076 0.000000
-0.122138 0.041798 0.000000
0.439991 -0.005655 0.000000
0.323775 0.016833 0.000000
0.223470 0.024550 0.000000
-0.395599 -0.032811 0.000000
0.075172 0.034004 0.000000
-0.244348 -0.041455 0.000000
0.230013 0.024078 0.000000
-0.050565 0.039769 0.000000
0.038675 -0.034914 0.000000
0.092479 0.033033 0.000000
0.456295 -0.004119 0.000000
0.283341 -0.019010 0.000000
-0.011738 -0.037283 0.000000
0.140336 -0.029099 0.000000
-0.094113 0.041132 0.000000
0.388250 0.011326 0.000000
0.182103 -0.026366 0.000000
0.317151 -0.016333 0.000000
0.369838 0.012944 0.000000
0.406546 -0.008716 0.000000
0.000225 -0.036756 0.000000
0.114788 0.031726 0.000000
0.499586 0.000110 0.000000
-0.306312 0.040350 0.000000
0.140810 0.030127 0.000000
-0.326616 -0.038583 0.000000
-0.096766 0.041203 0.000000
-0.352947 -0.036846 0.000000
0.455095 0.005129 0.000000
-0.002151 -0.036862 0.000000
-0.297509 0.040730 0.000000
-0.134578 0.042035 0.000000
0.019596 0.036850 0.000000
-0.055888 0.039956 0.000000
-0.415838 0.030913 0.000000
-0.041735 -0.038501 0.000000
0.490035 0.001674 0.000000
-0.015729 0.038422 0.000000
-0.323425 -0.038763 0.000000
0.286838 0.019794 0.000000
0.105299 0.032289 0.000000
0.313142 0.017700 0.000000
0.360592 -0.012731 0.000000
-0.091019 0.041049 0.000000
0.486914 -0.001151 0.000000
0.218553 0.024902 0.000000
0.363124 -0.012516 0.000000
-0.173376 -0.041691 0.000000
-0.480885 0.015624 0.000000
-0.425091 -0.028776 0.000000
0.499125 0.000749 0.000000
-0.209337 -0.041784 0.000000
-0.450497 0.024735 0.000000
-0.340137 0.038475 0.000000
0.121869 0.031299 0.000000
0.396986 0.010545 0.000000
-0.118619 0.041725 0.000000
-0.052847 0.039850 0.000000
-0.044126 -0.038592 0.000000
-0.244878 -0.041446 0.000000
0.317396 0.017355 0.000000
-0.486989 -0.011879 0.000000
0.015103 -0.036069 0.000000
0.323568 -0.015813 0.000000
-0.108427 0.041494 0.000000
-0.133867 0.042023 0.000000
0.418090 -0.007673 0.000000
-0.121831 0.041792 0.000000
-0.178137 -0.041727 0.000000
0.282752 0.020113 0.000000
0.454769 0.005160 0.000000
0.386395 -0.010503 0.000000
0.288251 0.019683 0.000000
0.204528 0.025892 0.000000
-0.282612 0.041281 0.000000
0.360544 -0.012735 0.000000
-0.090080 -0.040118 0.000000
-0.321991 -0.038841 0.000000
-0.084269 -0.039948 0.000000
-0.269497 0.041676 0.000000
-0.301696 0.040554 0.000000
0.096664 -0.031751 0.000000
0.470467 0.003628 0.000000
0.203351 0.025974 0.000000
-0.394812 0.033624 0.000000
-0.415453 0.030968 0.000000
-0.386719 0.034520 0.000000
-0.110794 0.041551 0.000000
-0.466736 0.020595 0.000000
0.473336 -0.002480 0.000000
0.350017 -0.013625 0.000000
0.100925 -0.031502 0.000000
-0.096807 0.041204 0.000000
-0.072085 0.040490 0.000000
-0.279066 -0.040649 0.000000
-0.401447 -0.032108 0.000000
0.322748 0.016918 0.000000
-0.197609 -0.041798 0.000000
-0.052348 0.039832 0.000000
-0.126653 0.041889 0.000000
-0.198215 0.042605 0.000000
0.440490 -0.005609 0.000000
0.083865 0.033521 0.000000
0.193525 -0.025587 0.000000
-0.271144 0.041631 0.000000
0.361977 -0.012613 0.000000
0.500598 0.000212 0.000000
0.425584 0.007929 0.000000
-0.493642 -0.007176 0.000000
-0.272658 0.041587 0.000000
-0.108285 -0.040604 0.000000
-0.138964 -0.041250 0.000000
0.267381 -0.020236 0.000000
0.175999 0.027843 0.000000
-0.368232 0.036313 0.000000
-0.327777 -0.038517 0.000000
-0.415792 0.030920 0.000000
0.082945 -0.032538 0.000000
-0.450282 0.024783 0.000000
-0.060635 0.040118 0.000000
-0.463579 -0.020733 0.000000
0.230313 -0.022988 0.000000
-0.003530 0.037902 0.000000
-0.066507 -0.039386 0.000000
0.224038 -0.023441 0.000000
0.263799 0.021570 0.000000
0.336540 0.015778 0.000000
-0.103082 0.041365 0.000000
-0.057471 0.040010 0.000000
0.065576 0.034526 0.000000
-0.264199 -0.041057 0.000000
-0.058851 0.040057 0.000000
-0.376142 0.035587 0.000000
0.343751 0.015174 0.000000
-0.106554 0.041450 0.000000
-0.056603 0.039980 0.000000
-0.356571 -0.036566 0.000000
-0.310553 -0.039422 0.000000
-0.321074 -0.038890 0.000000
0.119368 0.031450 0.000000
-0.136603 -0.041209 0.000000
0.471517 0.003525 0.000000
-0.150103 -0.041428 0.000000
-0.309965 -0.039451 0.000000
0.214526 0.025188 0.000000
0.448636 0.005751 0.000000
-0.008339 0.038110 0.000000
0.410120 0.009355 0.000000
0.394261 0.010789 0.000000
0.297603 -0.017894 0.000000
-0.313993 -0.039255 0.000000
-0.272756 -0.040836 0.000000
-0.029467 0.038979 0.000000
0.396314 -0.009629 0.000000
-0.276644 -0.040721 0.000000
0.366638 -0.012215 0.000000
-0.420106 -0.029552 0.000000
0.460233 0.004631 0.000000
-0.188921 -0.041780 0.000000
0.204094 0.025923 0.000000
-0.497136 0.002768 0.000000
-0.359652 0.037040 0.000000
-0.126328 -0.041011 0.000000
0.095713 0.032847 0.000000
-0.043034 0.039496 0.000000
-0.169436 -0.041658 0.000000
0.077785 -0.032828 0.000000
-0.033881 -0.038197 0.000000
0.493645 -0.000483 0.000000
-0.281879 -0.040558 0.000000
-0.185381 -0.041768 0.000000
-0.454303 -0.023109 0.000000
0.487105 0.001970 0.000000
-0.006382 -0.037050 0.000000
0.049426 -0.034361 0.000000
-0.205508 -0.041794 0.000000
-0.096731 0.041202 0.000000
0.243003 0.023128 0.000000
0.487836 -0.001060 0.000000
0.134047 -0.029494 0.000000
-0.398573 0.033182 0.000000
0.142326 0.030031 0.000000
0.051267 -0.034265 0.000000
-0.157784 0.042373 0.000000
-0.463954 -0.020628 0.000000
-0.275673 -0.040750 0.000000
-0.149718 -0.041423 0.000000
-0.164522 -0.041609 0.000000
0.087735 0.033303 0.000000
-0.027454 0.038899 0.000000
0.309155 -0.016976 0.000000
0.006685 -0.036462 0.000000
0.473278 -0.002486 0.000000
-0.418584 -0.029780 0.000000
0.351890 -0.013468 0.000000
0.015028 0.037065 0.000000
0.128794 -0.029821 0.000000
0.246766 0.022849 0.000000
0.327667 0.016513 0.000000
-0.367887 0.036344 0.000000
0.177936 0.027713 0.000000
0.340795 -0.014396 0.000000
-0.389225 -0.033530 0.000000
-0.323184 0.039503 0.000000
0.443252 0.006265 0.000000
-0.153242 0.042319 0.000000
0.025965 -0.035547 0.000000
0.241440 0.023243 0.000000
-0.204985 0.042596 0.000000
-0.200696 -0.041800 0.000000
0.018428 -0.035911 0.000000
0.500569 0.000209 0.000000
0.316998 0.017387 0.000000
-0.366768 -0.035723 0.000000
0.104872 0.032315 0.000000
0.375660 -0.011438 0.000000
0.064604 -0.033554 0.000000
-0.250387 -0.041352 0.000000
0.314803 0.017565 0.000000
-0.191415 -0.041789 0.000000
-0.143542 -0.041327 0.000000
0.111125 -0.030898 0.000000
0.252609 -0.021349 0.000000
0.347863 -0.013806 0.000000
-0.293719 -0.040141 0.000000
0.123399 0.031206 0.000000
-0.043696 0.039520 0.000000
0.392196 0.010974 0.000000
-0.257373 -0.041213 0.000000
-0.028908 -0.037999 0.000000
0.470902 -0.002716 0.000000
-0.426493 0.029285 0.000000
-0.392223 -0.033197 0.000000
0.080907 -0.032653 0.000000
-0.471127 0.019238 0.000000
-0.206567 0.042591 0.000000
0.100490 -0.031528 0.000000
0.473355 0.003343 0.000000
0.404024 -0.008942 0.000000
-0.017667 -0.037536 0.000000
-0.464779 0.021161 0.000000
0.496525 0.001015 0.000000
-0.291427 0.040967 0.000000
-0.277342 -0.040701 0.000000
0.141319 0.030095 0.000000
0.329235 -0.015350 0.000000
0.398889 0.010374 0.000000
0.422153 0.008248 0.000000
0.272484 -0.019847 0.000000
-0.090586 -0.040132 0.000000
-0.044776 0.039560 0.000000
0.044352 -0.034624 0.000000
0.436198 -0.006008 0.000000
-0.234409 -0.041595 0.000000
0.234053 0.023784 0.000000
0.447189 0.005889 0.000000
0.180267 -0.026490 0.000000
-0.055629 0.039947 0.000000
0.419558 -0.007539 0.000000
0.161199 -0.027757 0.000000
-0.085280 -0.039978 0.000000
-0.203256 0.042600 0.000000
0.068084 -0.033364 0.000000
-0.474358 0.018147 0.000000
-0.396431 0.033436 0.000000
0.251759 0.022477 0.000000
-0.343961 0.038216 0.000000
0.221977 -0.023589 0.000000
-0.412079 -0.030715 0.000000
-0.051459 -0.038862 0.000000
-0.334865 0.038814 0.000000
0.084724 0.033473 0.000000
0.394423 -0.009796 0.000000
0.353591 -0.013324 0.000000
0.252277 0.022438 0.000000
-0.170360 -0.041667 0.000000
-0.348411 -0.037180 0.000000
-0.153799 0.042326 0.000000
0.121855 0.031300 0.000000
-0.199166 0.042604 0.000000
0.447134 0.005895 0.000000
-0.337131 -0.037949 0.000000
0.150079 -0.028478 0.000000
-0.448432 0.025188 0.000000
-0.117103 -0.040812 0.000000
-0.310668 0.040147 0.000000
-0.298812 0.040677 0.000000
0.375469 -0.011455 0.000000
0.291108 0.019459 0.000000
0.125953 -0.029997 0.000000
0.049452 0.035374 0.000000
-0.329623 0.039134 0.000000
-0.206366 0.042591 0.000000
-0.230057 0.042424 0.000000
0.475555 0.003125 0.000000
0.157367 0.029069 0.000000
0.456485 -0.004100 0.000000
0.215107 0.025147 0.000000
-0.290932 -0.040246 0.000000
-0.491905 0.009471 0.000000
0.048385 -0.034415 0.000000
-0.463979 -0.020621 0.000000
0.378631 0.012176 0.000000
-0.218654 -0.041739 0.000000
-0.372667 -0.035193 0.000000
0.013668 -0.036137 0.000000
0.156748 0.029109 0.000000
0.056627 -0.033982 0.000000
-0.029343 0.038974 0.000000
0.089384 -0.032172 0.000000
-0.077046 -0.039727 0.000000
0.207566 -0.024611 0.000000
0.312466 -0.016711 0.000000
-0.077098 -0.039729 0.000000
0.362394 0.013587 0.000000
-0.457893 -0.022234 0.000000
-0.000143 0.037753 0.000000
0.408302 0.009521 0.000000
-0.005421 -0.037007 0.000000
-0.102217 -0.040450 0.000000
0.349296 -0.013686 0.000000
-0.041275 -0.038483 0.000000
0.117508 -0.030513 0.000000
0.415518 -0.007907 0.000000
0.129929 -0.029751 0.000000
-0.265036 -0.041037 0.000000
0.394500 0.010768 0.000000
0.290677 -0.018439 0.000000
-0.462191 -0.021114 0.000000
-0.265786 -0.041019 0.000000
0.105457 -0.031235 0.000000
0.028195 0.036438 0.000000
0.128080 -0.029865 0.000000
-0.256035 0.042002 0.000000
-0.276006 -0.040740 0.000000
-0.221705 -0.041720 0.000000
-0.231291 -0.041630 0.000000
0.146582 -0.028702 0.000000
-0.236335 0.042346 0.000000
-0.353934 0.037490 0.000000
0.480942 -0.001738 0.000000
-0.119673 -0.040870 0.000000
-0.206549 0.042591 0.000000
0.137856 -0.029256 0.000000
0.292658 -0.018284 0.000000
-0.182167 0.042572 0.000000
-0.262445 0.041856 0.000000
-0.070632 -0.039522 0.000000
-0.324473 0.039430 0.000000
0.455071 0.005131 0.000000
0.313414 0.017678 0.000000
-0.462772 0.021719 0.000000
0.372329 -0.011726 0.000000
-0.405037 0.032381 0.000000
0.295528 0.019110 0.000000
-0.377036 -0.034782 0.000000
0.118873 0.031480 0.000000
0.476946 0.002987 0.000000
0.472461 -0.002565 0.000000
0.226310 0.024346 0.000000
0.454385 0.005198 0.000000
-0.069959 -0.039501 0.000000
-0.167760 -0.041641 0.000000
0.425662 -0.006981 0.000000
0.013134 0.037152 0.000000
-0.378479 0.035361 0.000000
0.279852 0.020338 0.000000
0.456241 0.005018 0.000000
-0.050136 -0.038814 0.000000
0.040704 0.035820 0.000000
0.231217 -0.022922 0.000000
-0.021438 -0.037694 0.000000
-0.495704 -0.004811 0.000000
0.325210 -0.015679 0.000000
0.221779 -0.023603 0.000000
0.322660 0.016925 0.000000
-0.341999 0.038349 0.000000
-0.289735 -0.040291 0.000000
0.064921 -0.033537 0.000000
-0.234941 -0.041589 0.000000
0.423107 0.008159 0.000000
0.143894 -0.028873 0.000000
0.227267 0.024277 0.000000
-0.098281 0.041243 0.000000
0.232056 0.023930 0.000000
-0.182224 -0.041751 0.000000
0.102654 -0.031401 0.000000
-0.404925 0.032396 0.000000
0.429075 0.007603 0.000000
0.171921 0.028114 0.000000
-0.279608 0.041377 0.000000
0.201911 0.026075 0.000000
0.209349 0.025554 0.000000
-0.406255 -0.031497 0.000000
-0.293744 -0.040140 0.000000
-0.453904 -0.023203 0.000000
0.471799 -0.002630 0.000000
-0.483431 -0.013696 0.000000
0.088832 0.033241 0.000000
-0.001039 -0.036812 0.000000
0.112758 -0.030800 0.000000
0.079959 -0.032707 0.000000
0.407479 0.009596 0.000000
-0.439398 0.027017 0.000000
-0.038519 0.039327 0.000000
-0.040649 -0.038459 0.000000
0.469176 -0.002883 0.000000
0.490953 -0.000751 0.000000
-0.483610 -0.013611 0.000000
0.348128 -0.013784 0.000000
0.151469 0.029449 0.000000
-0.377120 -0.034773 0.000000
0.277078 0.020553 0.000000
0.407938 0.009554 0.000000
0.134461 -0.029468 0.000000
0.466366 -0.003154 0.000000
-0.473587 0.018415 0.000000
-0.111157 -0.040673 0.000000
-0.295965 -0.040054 0.000000
-0.235660 0.042355 0.000000
0.029659 0.036367 0.000000
-0.059851 0.040092 0.000000
0.026189 -0.035536 0.000000
-0.454175 -0.023139 0.000000
0.167555 0.028403 0.000000
0.164561 0.028600 0.000000
0.281690 0.020195 0.000000
-0.422116 0.029977 0.000000
0.298055 -0.017859 0.000000
0.484654 0.002217 0.000000
-0.441984 -0.025770 0.000000
0.133136 -0.029551 0.000000
0.262242 -0.020625 0.000000
0.469298 0.003743 0.000000
0.382245 -0.010866 0.000000
0.317869 -0.016275 0.000000
-0.340796 0.038430 0.000000
-0.197299 -0.041798 0.000000
-0.216883 0.042541 0.000000
0.095330 -0.031829 0.000000
0.036838 -0.035007 0.000000
-0.250834 -0.041343 0.000000
-0.093133 -0.040205 0.000000
-0.212963 -0.041771 0.000000
0.477387 -0.002086 0.000000
0.246374 0.022878 0.000000
0.206645 0.025744 0.000000
0.008488 0.037366 0.000000
0.447576 0.005852 0.000000
-0.087493 -0.040044 0.000000
0.075147 -0.032975 0.000000
0.188065 -0.025960 0.000000
0.398151 -0.009466 0.000000
0.262272 0.021686 0.000000
0.324892 -0.015705 0.000000
-0.370411 -0.035400 0.000000
0.003542 -0.036606 0.000000
0.322689 -0.015884 0.000000
-0.452269 -0.023582 0.000000
0.014609 -0.036092 0.000000
0.139055 -0.029180 0.000000
-0.372307 0.035946 0.000000
-0.296241 0.040780 0.000000
-0.308284 0.040261 0.000000
0.316349 0.017440 0.000000
0.399914 0.010281 0.000000
-0.091035 0.041049 0.000000
0.271371 0.020992 0.000000
-0.494786 -0.005981 0.000000
-0.228599 0.042440 0.000000
0.015287 -0.036060 0.000000
-0.417257 0.030707 0.000000
-0.168769 -0.041651 0.000000
0.167425 -0.027347 0.000000
0.136519 -0.029339 0.000000
-0.150087 0.042276 0.000000
-0.103737 -0.040489 0.000000
0.298353 0.018886 0.000000
0.457403 -0.004013 0.000000
0.248482 0.022721 0.000000
-0.067066 -0.039405 0.000000
0.425992 -0.006951 0.000000
-0.104989 0.041413 0.000000
0.420883 0.008365 0.000000
-0.147274 0.042238 0.000000
0.480663 -0.001766 0.000000
0.398955 -0.009394 0.000000
0.180713 -0.026459 0.000000
-0.264226 0.041814 0.000000
0.044697 0.035618 0.000000
-0.484759 -0.013052 0.000000
-0.256480 -0.041232 0.000000
0.449034 -0.004807 0.000000
-0.071847 -0.039561 0.000000
-0.033974 0.039154 0.000000
0.484575 -0.001381 0.000000
-0.493076 0.008496 0.000000
-0.398025 -0.032525 0.000000
0.371865 -0.011766 0.000000
-0.479007 0.016402 0.000000
0.394826 -0.009761 0.000000
-0.426767 -0.028504 0.000000
0.216305 0.025062 0.000000
-0.247954 -0.041396 0.000000
0.303358 0.018487 0.000000
-0.346257 0.038054 0.000000
-0.300323 0.040612 0.000000
-0.181804 0.042570 0.000000
-0.271320 0.041626 0.000000
-0.357220 0.037234 0.000000
0.400884 0.010194 0.000000
0.165029 -0.027505 0.000000
0.056576 -0.033984 0.000000
-0.404538 -0.031719 0.000000
0.162882 -0.027647 0.000000
0.127236 -0.029917 0.000000
-0.345366 0.038117 0.000000
-0.429217 -0.028098 0.000000
0.244505 -0.021950 0.000000
-0.394507 -0.032937 0.000000
-0.172343 0.042511 0.000000
0.178529 0.027673 0.000000
-0.034728 0.039183 0.000000
-0.222438 0.042499 0.000000
0.411822 0.009199 0.000000
-0.163969 -0.041603 0.000000
-0.156483 -0.041515 0.000000
0.138540 -0.029212 0.000000
0.435364 0.007013 0.000000
0.233178 0.023848 0.000000
-0.250655 -0.041346 0.000000
0.149529 0.029574 0.000000
0.388561 -0.010313 0.000000
-0.141132 -0.041288 0.000000
0.149533 0.029574 0.000000
-0.253873 0.042048 0.000000
0.203794 0.025943 0.000000
-0.457714 -0.022279 0.000000
-0.185766 -0.041769 0.000000
-0.360491 0.036971 0.000000
-0.370519 0.036109 0.000000
-0.421573 0.030061 0.000000
0.408531 -0.008538 0.000000
0.432191 -0.006380 0.000000
0.206764 -0.024667 0.000000
0.050907 -0.034283 0.000000
-0.293743 0.040880 0.000000
0.433982 -0.006214 0.000000
-0.475058 0.017898 0.000000
0.426579 0.007836 0.000000
-0.282411 0.041287 0.000000
0.304890 -0.017317 0.000000
-0.482471 0.014925 0.000000
-0.036697 0.039259 0.000000
-0.160462 0.042404 0.000000
-0.060383 -0.039178 0.000000
0.047653 -0.034453 0.000000
-0.243340 -0.041472 0.000000
-0.043626 -0.038573 0.000000
-0.178712 -0.041730 0.000000
0.113597 -0.030749 0.000000
0.210903 0.025445 0.000000
0.109942 -0.030968 0.000000
-0.121551 0.041786 0.000000
0.366964 0.013193 0.000000
-0.388674 -0.033589 0.000000
-0.186072 -0.041770 0.000000
-0.231211 -0.041631 0.000000
-0.122702 0.041810 0.000000
0.364541 -0.012394 0.000000
-0.152609 -0.041463 0.000000
-0.456562 -0.022564 0.000000
0.398355 0.010422 0.000000
0.479447 0.002738 0.000000
0.075649 -0.032947 0.000000
-0.214166 0.042557 0.000000
-0.369079 0.036239 0.000000
-0.497466 -0.000310 0.000000
-0.446382 -0.024874 0.000000
0.405533 -0.008807 0.000000
-0.134471 -0.041171 0.000000
0.065563 -0.033502 0.000000
-0.473613 -0.017631 0.000000
0.482120 -0.001623 0.000000
-0.279557 -0.040633 0.000000
-0.170059 0.042494 0.000000
0.194608 0.026580 0.000000
0.317527 0.017344 0.000000
0.397308 0.010516 0.000000
0.428437 -0.006726 0.000000
-0.460921 -0.021453 0.000000
0.342305 0.015295 0.000000
0.007316 -0.036433 0.000000
0.356856 0.014063 0.000000
0.434626 0.007082 0.000000
0.294215 0.019214 0.000000
-0.095054 0.041157 0.000000
-0.038939 -0.038394 0.000000
0.414346 0.008968 0.000000
-0.160578 -0.041565 0.000000
-0.136452 0.042067 0.000000
-0.122238 0.041800 0.000000
-0.349885 -0.037073 0.000000
-0.483456 0.014471 0.000000
0.452862 -0.004445 0.000000
-0.005305 0.037979 0.000000
0.286976 -0.018728 0.000000
0.072514 -0.033121 0.000000
0.196187 0.026471 0.000000
-0.004071 -0.036948 0.000000
-0.193889 0.042603 0.000000
0.461932 -0.003580 0.000000
0.126366 0.031024 0.000000
-0.338037 -0.037889 0.000000
-0.026047 0.038843 0.000000
-0.419543 -0.029638 0.000000
-0.143371 -0.041324 0.000000
0.467820 0.003889 0.000000
-0.319388 0.039708 0.000000
-0.089879 0.041017 0.000000
0.496743 -0.000175 0.000000
-0.473453 0.018461 0.000000
-0.026591 -0.037906 0.000000
0.206481 -0.024687 0.000000
-0.394891 -0.032893 0.000000
-0.290321 -0.040269 0.000000
0.091912 0.033065 0.000000
-0.248062 0.042160 0.000000
0.372375 0.012723 0.000000
-0.005917 -0.037029 0.000000
0.439853 0.006588 0.000000
-0.249098 -0.041376 0.000000
0.103541 -0.031348 0.000000
-0.173776 -0.041694 0.000000
0.327147 -0.015521 0.000000
0.342783 -0.014230 0.000000
-0.368446 -0.035575 0.000000
-0.166326 -0.041627 0.000000
0.434936 -0.006125 0.000000
-0.489970 0.010865 0.000000
0.435923 -0.006034 0.000000
-0.047594 0.039663 0.000000
0.333630 -0.014988 0.000000
0.275503 -0.019615 0.000000
0.279520 0.020364 0.000000
-0.404506 -0.031723 0.000000
0.479149 -0.001914 0.000000
0.118711 0.031490 0.000000
0.407172 -0.008660 0.000000
-0.388022 0.034381 0.000000
0.225666 -0.023324 0.000000
0.057697 -0.033925 0.000000
0.072758 0.034136 0.000000
0.427997 0.007704 0.000000
-0.304302 0.040441 0.000000
0.355001 -0.013205 0.000000
0.177385 0.027750 0.000000
0.026667 0.036513 0.000000
-0.368716 -0.035551 0.000000
0.300235 -0.017686 0.000000
0.399697 0.010301 0.000000
-0.391622 -0.033264 0.000000
0.137945 -0.029250 0.000000
0.049465 -0.034359 0.000000
0.290171 0.019532 0.000000
-0.147244 -0.041386 0.000000
-0.376963 -0.034789 0.000000
0.391442 0.011041 0.000000
-0.452034 -0.023636 0.000000
0.429567 0.007557 0.000000
0.423268 0.008144 0.000000
-0.089267 0.041000 0.000000
-0.278928 0.041399 0.000000
0.307107 0.018186 0.000000
-0.494029 0.007597 0.000000
-0.014061 -0.037383 0.000000
-0.497482 0.000900 0.000000
-0.204093 0.042599 0.000000
-0.083045 0.040822 0.000000
-0.013282 -0.037349 0.000000
-0.324876 0.039408 0.000000
0.371879 0.012766 0.000000
0.211005 -0.024369 0.000000
-0.476273 -0.016678 0.000000
0.001778 0.037668 0.000000
0.368690 0.013043 0.000000
-0.481132 0.015518 0.000000
0.229844 0.024090 0.000000
0.206736 -0.024669 0.000000
-0.374903 -0.034985 0.000000
0.457902 0.004857 0.000000
-0.033857 0.039150 0.000000
-0.343643 -0.037515 0.000000
0.217639 -0.023898 0.000000
0.245963 0.022909 0.000000
-0.441128 0.026684 0.000000
-0.260969 0.041892 0.000000
0.365395 -0.012322 0.000000
0.404456 -0.008903 0.000000
-0.357180 -0.036518 0.000000
0.490903 -0.000756 0.000000
0.106931 0.032193 0.000000
0.264774 -0.020434 0.000000
0.388052 -0.010358 0.000000
0.009567 0.037317 0.000000
-0.054165 0.039896 0.000000
-0.360332 -0.036266 0.000000
-0.300987 0.040584 0.000000
-0.281961 0.041302 0.000000
0.488612 0.001818 0.000000
-0.439680 0.026963 0.000000
-0.412903 -0.030601 0.000000
-0.449898 -0.024116 0.000000
0.369480 -0.011971 0.000000
-0.403202 -0.031889 0.000000
0.256323 0.022135 0.000000
-0.253261 -0.041297 0.000000
0.373733 0.012604 0.000000
0.233200 0.023846 0.000000
-0.212005 0.042571 0.000000
-0.253813 0.042049 0.000000
-0.040589 0.039405 0.000000
0.163672 0.028658 0.000000
0.408890 0.009467 0.000000
0.491458 -0.000701 0.000000
-0.276630 0.041472 0.000000
-0.367079 0.036415 0.000000
-0.457460 0.023101 0.000000
-0.355471 -0.036651 0.000000
0.218965 -0.023804 0.000000
0.081414 0.033658 0.000000
-0.463907 -0.020641 0.000000
0.376749 0.012341 0.000000
0.120453 -0.030334 0.000000
-0.496888 -0.002660 0.000000
0.266847 -0.020277 0.000000
0.137619 -0.029270 0.000000
0.145722 0.029816 0.000000
0.149652 -0.028505 0.000000
0.213077 -0.024222 0.000000
-0.020564 0.038622 0.000000
-0.142842 -0.041316 0.000000
0.272243 -0.019865 0.000000
0.484216 0.002261 0.000000
-0.168331 -0.041647 0.000000
0.339486 -0.014504 0.000000
-0.077005 -0.039726 0.000000
-0.227010 -0.041674 0.000000
0.502355 0.000418 0.000000
-0.092413 0.041087 0.000000
-0.492258 -0.008392 0.000000
0.142303 0.030033 0.000000
-0.150376 0.042280 0.000000
0.139155 0.030231 0.000000
-0.238972 0.042310 0.000000
-0.407760 -0.031300 0.000000
-0.158507 0.042382 0.000000
-0.055471 -0.039006 0.000000
-0.423158 0.029816 0.000000
-0.481012 0.015569 0.000000
-0.494668 0.006917 0.000000
0.145397 0.029837 0.000000
-0.240231 0.042291 0.000000
-0.353574 -0.036798 0.000000
0.240614 -0.022237 0.000000
-0.190373 0.042599 0.000000
0.122711 -0.030196 0.000000
-0.253937 0.042047 0.000000
-0.043965 -0.038586 0.000000
-0.193616 -0.041793 0.000000
-0.323975 -0.038733 0.000000
0.498334 0.000830 0.000000
0.408116 0.009538 0.000000
-0.422225 -0.029228 0.000000
-0.184271 0.042580 0.000000
0.107202 -0.031132 0.000000
-0.283844 0.041238 0.000000
-0.085864 -0.039995 0.000000
-0.496291 -0.003889 0.000000
0.103718 0.032382 0.000000
-0.419639 0.030354 0.000000
-0.010021 0.038182 0.000000
-0.268524 -0.040949 0.000000
0.082436 0.033601 0.000000
0.410804 0.009293 0.000000
-0.081863 0.040787 0.000000
0.370296 0.012904 0.000000
0.279688 0.020351 0.000000
0.042395 -0.034724 0.000000
-0.062224 -0.039242 0.000000
0.003287 -0.036617 0.000000
-0.306203 -0.039622 0.000000
0.198843 0.026288 0.000000
-0.445866 0.025730 0.000000
0.362471 -0.012571 0.000000
-0.488841 -0.010795 0.000000
-0.086145 -0.040004 0.000000
0.014681 0.037081 0.000000
-0.416375 -0.030105 0.000000
-0.439178 0.027059 0.000000
0.160388 -0.027810 0.000000
-0.387703 -0.033694 0.000000
0.355010 -0.013204 0.000000
0.417486 -0.007728 0.000000
0.141201 -0.029044 0.000000
-0.172934 0.042516 0.000000
0.025928 -0.035548 0.000000
0.087235 0.033331 0.000000
0.387678 0.011376 0.000000
0.309613 -0.016940 0.000000
-0.174563 0.042529 0.000000
0.185297 -0.026149 0.000000
0.358118 -0.012941 0.000000
-0.163174 0.042431 0.000000
-0.324267 -0.038717 0.000000
-0.060954 -0.039198 0.000000
0.382580 0.011828 0.000000
-0.437128 -0.026700 0.000000
-0.150628 -0.041435 0.000000
0.320085 -0.016096 0.000000
-0.024407 0.038778 0.000000
-0.057848 0.040023 0.000000
-0.059633 -0.039152 0.000000
0.277340 0.020533 0.000000
-0.200256 -0.041800 0.000000
-0.090569 -0.040132 0.000000
0.312854 -0.016680 0.000000
-0.004405 0.037940 0.000000
-0.489614 0.011098 0.000000
-0.007413 0.038070 0.000000
-0.218141 0.042533 0.000000
-0.400850 0.032906 0.000000
0.106445 0.032222 0.000000
-0.161021 0.042410 0.000000
0.314553 0.017585 0.000000
0.424955 -0.007046 0.000000
-0.039580 0.039367 0.000000
0.043743 0.035666 0.000000
-0.341606 0.038375 0.000000
-0.325859 0.039353 0.000000
0.261726 0.021727 0.000000
-0.261311 0.041883 0.000000
-0.155882 -0.041508 0.000000
0.126621 -0.029955 0.000000
-0.333134 -0.038199 0.000000
-0.050212 0.039756 0.000000
0.483835 0.002299 0.000000
-0.238960 0.042310 0.000000
-0.326185 0.039334 0.000000
0.327951 0.016490 0.000000
0.106842 0.032198 0.000000
-0.377726 -0.034715 0.000000
-0.204242 -0.041795 0.000000
-0.069355 0.040403 0.000000
-0.330485 0.039083 0.000000
-0.189680 0.042598 0.000000
0.114639 0.031735 0.000000
0.326615 0.016600 0.000000
-0.405158 0.032365 0.000000
0.473206 -0.002493 0.000000
-0.409165 -0.031112 0.000000
-0.270476 -0.040897 0.000000
-0.401384 -0.032116 0.000000
0.020389 0.036813 0.000000
0.029788 0.036361 0.000000
-0.448958 -0.024323 0.000000
0.283003 -0.019036 0.000000
-0.324323 0.039439 0.000000
0.283523 0.020053 0.000000
-0.447333 0.025422 0.000000
-0.258548 0.041949 0.000000
-0.190130 0.042599 0.000000
0.376495 -0.011366 0.000000
-0.190144 0.042599 0.000000
-0.297874 -0.039977 0.000000
0.484231 -0.001415 0.000000
0.448995 0.005716 0.000000
-0.028167 -0.037969 0.000000
-0.497367 0.001831 0.000000
-0.473153 0.018563 0.000000
0.021361 0.036767 0.000000
0.475380 0.003142 0.000000
-0.409033 -0.031130 0.000000
0.212814 0.025310 0.000000
0.446396 -0.005055 0.000000
0.349431 0.014694 0.000000
0.072146 0.034170 0.000000
0.137589 0.030329 0.000000
-0.166755 -0.041631 0.000000
0.412879 -0.008146 0.000000
-0.264877 -0.041041 0.000000
-0.271771 -0.040862 0.000000
-0.279688 -0.040629 0.000000
-0.223266 0.042492 0.000000
0.493515 0.001321 0.000000
-0.316741 -0.039117 0.000000
0.148387 -0.028587 0.000000
-0.241262 0.042275 0.000000
0.046671 -0.034504 0.000000
-0.192835 0.042602 0.000000
0.080614 0.033703 0.000000
0.138797 -0.029196 0.000000
0.317496 0.017346 0.000000
-0.042753 -0.038539 0.000000
0.040019 0.035854 0.000000
0.106926 0.032193 0.000000
0.256834 -0.021032 0.000000
0.189234 -0.025881 0.000000
-0.044795 -0.038617 0.000000
0.286968 -0.018728 0.000000
-0.078746 -0.039780 0.000000
0.419856 -0.007512 0.000000
-0.033858 0.039150 0.000000
0.105720 -0.031220 0.000000
0.462269 -0.003548 0.000000
0.141165 0.030105 0.000000
-0.196661 0.042607 0.000000
0.252606 0.022414 0.000000
0.310139 0.017942 0.000000
-0.495486 -0.005113 0.000000
-0.367048 0.036418 0.000000
0.249563 -0.021575 0.000000
0.172515 0.028075 0.000000
0.293168 -0.018243 0.000000
0.233067 0.023856 0.000000
0.080450 -0.032679 0.000000
-0.043487 0.039513 0.000000
0.369839 0.012944 0.000000
-0.130782 -0.041100 0.000000
0.174983 0.027910 0.000000
0.082951 -0.032538 0.000000
-0.297575 0.040727 0.000000
-0.039669 0.039371 0.000000
0.051082 -0.034274 0.000000
-0.464001 0.021380 0.000000
-0.300589 -0.039867 0.000000
-0.301780 0.040551 0.000000
-0.158450 -0.041539 0.000000
0.464088 0.004255 0.000000
-0.024511 0.038782 0.000000
0.245057 -0.021909 0.000000
-0.485624 0.013401 0.000000
-0.093223 0.041109 0.000000
0.404697 0.009849 0.000000
0.424643 -0.007075 0.000000
0.112093 -0.030840 0.000000
0.197087 -0.025341 0.000000
0.272005 -0.019883 0.000000
-0.379677 -0.034523 0.000000
-0.361659 -0.036156 0.000000
-0.201939 -0.041798 0.000000
-0.464945 0.021114 0.000000
0.479233 -0.001906 0.000000
-0.138628 -0.041244 0.000000
0.221722 0.024676 0.000000
-0.005485 0.037987 0.000000
-0.112273 0.041585 0.000000
0.095115 -0.031841 0.000000
-0.400618 0.032934 0.000000
-0.033384 -0.038178 0.000000
-0.243895 -0.041462 0.000000
0.300486 0.018716 0.000000
-0.092115 0.041079 0.000000
0.331344 0.016209 0.000000
0.084705 -0.032439 0.000000
0.342965 0.015240 0.000000
-0.207267 -0.041791 0.000000
0.409909 0.009374 0.000000
-0.093817 0.041125 0.000000
0.119914 0.031417 0.000000
0.347121 0.014890 0.000000
0.272044 -0.019880 0.000000
-0.425048 -0.028783 0.000000
0.398858 0.010377 0.000000
-0.035652 -0.038266 0.000000
0.466358 0.004032 0.000000
-0.471816 0.019012 0.000000
0.413579 0.009038 0.000000
-0.184242 0.042579 0.000000
0.423802 0.008095 0.000000
-0.330694 -0.038345 0.000000
0.465820 -0.003207 0.000000
-0.219662 -0.041733 0.000000
-0.331884 -0.038274 0.000000
0.320747 -0.016042 0.000000
-0.395121 0.033588 0.000000
-0.497497 0.000517 0.000000
0.120139 0.031404 0.000000
0.327112 0.016559 0.000000
0.299297 0.018811 0.000000
-0.189183 0.042597 0.000000
0.441309 -0.005532 0.000000
0.019005 -0.035884 0.000000
0.268141 0.021240 0.000000
0.303873 0.018446 0.000000
0.300313 -0.017680 0.000000
0.316445 0.017432 0.000000
-0.146284 0.042224 0.000000
-0.102394 -0.040455 0.000000
0.460797 0.004576 0.000000
0.156526 0.029124 0.000000
0.326945 -0.015537 0.000000
-0.355653 -0.036637 0.000000
0.155101 -0.028154 0.000000
0.297420 0.018960 0.000000
-0.002834 -0.036893 0.000000
-0.149017 0.042262 0.000000
-0.055916 -0.039022 0.000000
-0.304022 -0.039719 0.000000
-0.074517 0.040566 0.000000
-0.425320 0.029474 0.000000
0.378369 0.012198 0.000000
-0.462373 0.021827 0.000000
0.204793 0.025874 0.000000
-0.100483 0.041299 0.000000
0.062532 -0.033666 0.000000
0.490335 -0.000812 0.000000
-0.287823 -0.040358 0.000000
-0.088731 0.040985 0.000000
-0.179765 -0.041736 0.000000
0.263324 0.021606 0.000000
-0.370522 0.036109 0.000000
0.493719 0.001301 0.000000
-0.392063 0.033937 0.000000
-0.117771 0.041707 0.000000
0.099067 0.032653 0.000000
-0.185006 -0.041766 0.000000
0.332966 0.016075 0.000000
0.491624 0.001513 0.000000
0.100332 0.032580 0.000000
0.083136 0.033562 0.000000
-0.213628 0.042561 0.000000
-0.342860 -0.037569 0.000000
0.183708 0.027324 0.000000
-0.027258 -0.037933 0.000000
0.214321 -0.024134 0.000000
-0.353636 -0.036793 0.000000
-0.325941 -0.038622 0.000000
-0.216022 0.042546 0.000000
0.092631 -0.031985 0.000000
-0.060635 -0.039187 0.000000
-0.431193 0.028500 0.000000
-0.142613 -0.041312 0.000000
-0.062923 0.040194 0.000000
0.374276 -0.011558 0.000000
-0.266328 -0.041006 0.000000
0.302709 -0.017490 0.000000
0.427248 0.007774 0.000000
0.097851 -0.031682 0.000000
-0.152634 -0.041463 0.000000
0.296580 -0.017975 0.000000
-0.165986 -0.041623 0.000000
-0.487213 0.012545 0.000000
0.161110 0.028826 0.000000
-0.056106 0.039963 0.000000
0.237059 -0.022497 0.000000
0.146300 0.029780 0.000000
-0.497498 0.000436 0.000000
-0.258783 0.041944 0.000000
-0.344454 -0.037460 0.000000
0.291413 -0.018381 0.000000
-0.356637 -0.036561 0.000000
-0.344450 0.038182 0.000000
0.356690 0.014077 0.000000
0.133809 0.030565 0.000000
0.432919 -0.006312 0.000000
0.115744 -0.030620 0.000000
0.112746 0.031848 0.000000
-0.374055 -0.035065 0.000000
0.171524 0.028141 0.000000
-0.387549 0.034432 0.000000
-0.398492 0.033191 0.000000
0.494374 0.001234 0.000000
0.045329 0.035586 0.000000
0.300083 0.018748 0.000000
0.202855 -0.024940 0.000000
-0.094911 0.041154 0.000000
0.416398 -0.007827 0.000000
-0.025539 -0.037862 0.000000
0.370873 0.012854 0.000000
0.122156 -0.030230 0.000000
0.450309 0.005590 0.000000
0.319980 -0.016104 0.000000
-0.002006 0.037835 0.000000
-0.020632 0.038624 0.000000
-0.374638 -0.035010 0.000000
-0.232701 0.042394 0.000000
-0.182800 0.042574 0.000000
0.122658 0.031251 0.000000
0.330494 0.016280 0.000000
0.149799 -0.028496 0.000000
0.016804 0.036981 0.000000
0.384784 0.011633 0.000000
-0.404730 -0.031694 0.000000
0.197331 0.026392 0.000000
-0.007120 0.038058 0.000000
0.471291 0.003547 0.000000
0.146295 0.029780 0.000000
0.354907 -0.013213 0.000000
-0.143859 0.042187 0.000000
-0.425441 0.029454 0.000000
-0.165080 0.042450 0.000000
0.184801 -0.026183 0.000000
-0.081805 -0.039875 0.000000
0.161462 -0.027740 0.000000
0.299548 0.018791 0.000000
0.026919 -0.035500 0.000000
-0.062154 0.040168 0.000000
-0.453046 -0.023403 0.000000
-0.425666 -0.028684 0.000000
-0.126183 0.041880 0.000000
-0.370124 0.036145 0.000000
-0.139447 0.042118 0.000000
-0.131293 -0.041110 0.000000
0.084902 0.033463 0.000000
0.339364 -0.014514 0.000000
-0.160869 0.042408 0.000000
0.430062 0.007511 0.000000
0.271559 0.020978 0.000000
0.424460 0.008034 0.000000
0.348745 0.014752 0.000000
-0.407393 0.032075 0.000000
-0.430234 -0.027926 0.000000
-0.066233 -0.039377 0.000000
0.122563 0.031257 0.000000
0.384498 0.011658 0.000000
-0.478219 -0.015935 0.000000
-0.393891 0.033730 0.000000
-0.232523 -0.041616 0.000000
0.208379 -0.024553 0.000000
-0.218492 -0.041740 0.000000
0.039810 -0.034856 0.000000
0.122454 -0.030211 0.000000
-0.342450 0.038318 0.000000
-0.174984 0.042531 0.000000
0.255130 -0.021160 0.000000
-0.139143 -0.041253 0.000000
-0.468481 0.020071 0.000000
-0.141246 -0.041290 0.000000
-0.455357 0.023613 0.000000
0.411906 -0.008234 0.000000
0.288523 0.019662 0.000000
0.404254 0.009889 0.000000
-0.222152 -0.041716 0.000000
0.057850 0.034937 0.000000
-0.092966 -0.040200 0.000000
-0.268726 0.041696 0.000000
-0.365139 0.036582 0.000000
-0.283588 -0.040504 0.000000
0.116230 -0.030590 0.000000
-0.000668 -0.036796 0.000000
0.185136 -0.026160 0.000000
-0.368310 -0.035588 0.000000
-0.485714 0.013354 0.000000
-0.104979 -0.040521 0.000000
0.170143 -0.027167 0.000000
-0.094281 -0.040237 0.000000
0.441241 0.006456 0.000000
-0.259812 -0.041160 0.000000
0.460027 0.004651 0.000000
-0.062361 0.040175 0.000000
-0.344621 0.038170 0.000000
0.232035 0.023931 0.000000
0.352937 0.014397 0.000000
0.398055 -0.009474 0.000000
0.485238 0.002158 0.000000
0.017713 -0.035945 0.000000
-0.431883 0.028381 0.000000
-0.497056 -0.002209 0.000000
-0.227715 0.042450 0.000000
0.046029 -0.034537 0.000000
-0.031187 0.039046 0.000000
-0.161692 0.042416 0.000000
0.449738 -0.004740 0.000000
0.026091 -0.035540 0.000000
0.138162 -0.029236 0.000000
-0.084627 -0.039959 0.000000
-0.001028 -0.036812 0.000000
-0.245098 -0.041443 0.000000
-0.088150 -0.040063 0.000000
-0.378510 -0.034638 0.000000
-0.273834 0.041553 0.000000
0.071067 0.034229 0.000000
0.108741 0.032086 0.000000
-0.015211 -0.037432 0.000000
0.262812 -0.020582 0.000000
-0.183921 -0.041761 0.000000
0.141745 0.030068 0.000000
-0.359098 0.037085 0.000000
0.021013 0.036783 0.000000
-0.199833 -0.041801 0.000000
0.170185 0.028229 0.000000
0.054868 -0.034075 0.000000
0.208634 0.025604 0.000000
0.184774 -0.026185 0.000000
0.052548 0.035214 0.000000
0.184707 -0.026189 0.000000
-0.299486 0.040648 0.000000
-0.390353 0.034127 0.000000
-0.367127 0.036411 0.000000
0.348410 0.014781 0.000000
0.117283 0.031576 0.000000
0.059282 0.034861 0.000000
-0.151096 -0.041442 0.000000
-0.256678 0.041988 0.000000
0.245504 -0.021876 0.000000
0.223194 0.024570 0.000000
0.102222 0.032470 0.000000
-0.347148 -0.037270 0.000000
-0.496838 0.003587 0.000000
0.417282 -0.007747 0.000000
-0.194180 -0.041794 0.000000
0.033066 -0.035196 0.000000
-0.332124 -0.038260 0.000000
-0.423993 0.029684 0.000000
-0.202718 0.042600 0.000000
-0.464593 0.021213 0.000000
-0.132249 0.041995 0.000000
-0.193914 -0.041794 0.000000
-0.465419 -0.020213 0.000000
-0.367450 -0.035664 0.000000
0.263625 0.021583 0.000000
-0.126745 0.041891 0.000000
-0.187524 -0.041775 0.000000
-0.471128 -0.018465 0.000000
0.346524 -0.013918 0.000000
0.416543 -0.007814 0.000000
0.268453 -0.020154 0.000000
0.011620 -0.036233 0.000000
0.051266 0.035281 0.000000
-0.328614 -0.038470 0.000000
0.308831 -0.017002 0.000000
0.244163 0.023042 0.000000
0.358013 -0.012950 0.000000
0.007148 -0.036441 0.000000
0.381750 -0.010909 0.000000
0.451044 -0.004617 0.000000
0.069832 0.034296 0.000000
-0.155217 -0.041499 0.000000
0.425553 0.007932 0.000000
0.488119 0.001868 0.000000
-0.043255 0.039504 0.000000
0.103340 0.032404 0.000000
-0.492922 0.008632 0.000000
0.168435 -0.027280 0.000000
-0.138691 0.042106 0.000000
-0.391584 0.033991 0.000000
-0.370840 -0.035362 0.000000
-0.379935 0.035218 0.000000
-0.030560 0.039022 0.000000
-0.318778 -0.039012 0.000000
0.221146 0.024717 0.000000
-0.355275 -0.036667 0.000000
-0.085398 0.040891 0.000000
-0.024541 0.038783 0.000000
-0.148171 0.042250 0.000000
0.095729 0.032846 0.000000
0.466156 -0.003175 0.000000
0.141382 0.030091 0.000000
0.428670 -0.006705 0.000000
-0.399011 -0.032405 0.000000
0.423556 -0.007174 0.000000
-0.310681 0.040146 0.000000
-0.240801 -0.041510 0.000000
-0.386780 0.034514 0.000000
0.032359 0.036235 0.000000
0.479119 0.002770 0.000000
0.473347 -0.002479 0.000000
0.290463 0.019509 0.000000
-0.471323 0.019174 0.000000
-0.462790 -0.020950 0.000000
0.447474 0.005862 0.000000
-0.189196 -0.041781 0.000000
-0.375953 -0.034885 0.000000
-0.221253 -0.041723 0.000000
0.335764 0.015842 0.000000
-0.226874 -0.041675 0.000000
0.221895 -0.023595 0.000000
0.335379 0.015874 0.000000
0.032396 -0.035229 0.000000
0.019154 0.036871 0.000000
0.327712 -0.015474 0.000000
-0.430794 0.028569 0.000000
-0.422252 0.029956 0.000000
0.425730 -0.006975 0.000000
0.418011 -0.007680 0.000000
-0.179234 0.042556 0.000000
-0.004141 -0.036951 0.000000
-0.160772 0.042407 0.000000
0.069966 -0.033261 0.000000
-0.417609 0.030656 0.000000
-0.409899 0.031742 0.000000
-0.311059 0.040128 0.000000
-0.256646 0.041989 0.000000
0.252614 -0.021348 0.000000
-0.433868 0.028033 0.000000
0.357870 -0.012962 0.000000
-0.005440 -0.037008 0.000000
0.272354 -0.019857 0.000000
0.063996 -0.033587 0.000000
-0.188440 0.042594 0.000000
0.374441 -0.011544 0.000000
0.123292 -0.030160 0.000000
0.050100 0.035341 0.000000
-0.317770 0.039794 0.000000
0.146067 -0.028735 0.000000
0.266229 0.021385 0.000000
0.153361 0.029328 0.000000
-0.159746 -0.041555 0.000000
-0.383907 -0.034095 0.000000
-0.165572 0.042455 0.000000
-0.238748 -0.041538 0.000000
0.209078 -0.024504 0.000000
-0.036881 0.039266 0.000000
0.218994 -0.023802 0.000000
-0.072028 0.040489 0.000000
-0.018671 -0.037578 0.000000
0.439663 0.006606 0.000000
0.290631 -0.018442 0.000000
0.130494 0.030770 0.000000
0.226384 0.024340 0.000000
-0.253216 0.042062 0.000000
0.274288 0.020768 0.000000
0.291881 0.019398 0.000000
0.485714 0.002110 0.000000
-0.460972 -0.021440 0.000000
-0.227125 -0.041673 0.000000
0.129429 0.030836 0.000000
-0.072449 0.040502 0.000000
-0.183837 -0.041760 0.000000
0.028357 -0.035430 0.000000
0.408803 -0.008513 0.000000
-0.229477 -0.041651 0.000000
-0.477483 -0.016221 0.000000
0.127162 0.030976 0.000000
-0.208043 0.042585 0.000000
0.438326 0.006733 0.000000
-0.195887 -0.041796 0.000000
-0.380781 -0.034413 0.000000
-0.272561 -0.040841 0.000000
0.168082 0.028368 0.000000
-0.346134 -0.037343 0.000000
0.051156 -0.034270 0.000000
-0.102074 -0.040446 0.000000
-0.249321 0.042137 0.000000
0.019528 -0.035858 0.000000
-0.204204 0.042598 0.000000
0.418963 0.008543 0.000000
-0.431281 -0.027747 0.000000
-0.084162 -0.039945 0.000000
0.182429 -0.026344 0.000000
-0.143989 -0.041334 0.000000
-0.205365 -0.041794 0.000000
0.084836 -0.032431 0.000000
0.332346 0.016126 0.000000
-0.189312 -0.041782 0.000000
-0.419839 -0.029593 0.000000
-0.463419 0.021541 0.000000
-0.032683 -0.038150 0.000000
-0.268617 -0.040946 0.000000
-0.102433 0.041348 0.000000
0.279514 0.020364 0.000000
0.170132 0.028233 0.000000
0.055736 -0.034029 0.000000
0.460853 -0.003684 0.000000
0.113259 -0.030769 0.000000
-0.296612 0.040766 0.000000
0.478950 -0.001933 0.000000
0.226048 -0.023296 0.000000
0.430611 -0.006526 0.000000
-0.062017 -0.039234 0.000000
0.356269 0.014113 0.000000
0.495858 0.001083 0.000000
0.130515 0.030769 0.000000
0.155967 -0.028098 0.000000
0.351985 0.014478 0.000000
-0.261357 0.041882 0.000000
0.256540 -0.021055 0.000000
0.400940 -0.009217 0.000000
-0.049764 0.039740 0.000000
0.477009 -0.002123 0.000000
0.269256 -0.020093 0.000000
0.212676 -0.024250 0.000000
0.382944 0.011796 0.000000
-0.097217 0.041215 0.000000
0.382595 -0.010836 0.000000
0.288781 0.019642 0.000000
-0.324642 0.039421 0.000000
-0.231659 -0.041626 0.000000
0.271522 -0.019920 0.000000
0.492323 0.001443 0.000000
0.470154 0.003659 0.000000
0.165151 -0.027497 0.000000
0.281223 -0.019174 0.000000
0.390223 -0.010167 0.000000
0.168197 0.028361 0.000000
-0.255241 -0.041259 0.000000
0.399501 -0.009346 0.000000
-0.331931 -0.038271 0.000000
0.197772 0.026362 0.000000
-0.483328 -0.013745 0.000000
-0.484043 -0.013404 0.000000
0.421668 -0.007347 0.000000
0.339379 0.015541 0.000000
0.300238 0.018736 0.000000
-0.107648 0.041476 0.000000
0.328607 0.016436 0.000000
-0.339453 0.038520 0.000000
-0.473008 0.018613 0.000000
0.068373 -0.033349 0.000000
-0.309263 0.040214 0.000000
0.137441 -0.029282 0.000000
0.291395 -0.018382 0.000000
-0.432063 -0.027611 0.000000
0.126199 -0.029981 0.000000
0.256691 -0.021043 0.000000
0.256644 -0.021047 0.000000
-0.219445 0.042524 0.000000
0.068630 -0.033335 0.000000
-0.295940 -0.040055 0.000000
0.060692 -0.033765 0.000000
-0.145402 -0.041356 0.000000
0.346087 -0.013954 0.000000
0.101936 0.032486 0.000000
0.418493 -0.007636 0.000000
-0.351796 0.037653 0.000000
0.057644 -0.033928 0.000000
-0.128673 0.041927 0.000000
0.028235 0.036436 0.000000
0.163126 0.028694 0.000000
0.488835 0.001796 0.000000
0.227436 0.024265 0.000000
0.050296 -0.034316 0.000000
-0.082883 -0.039907 0.000000
0.078705 -0.032777 0.000000
0.151585 -0.028381 0.000000
0.249007 0.022682 0.000000
0.070185 -0.033249 0.000000
-0.497263 -0.001505 0.000000
-0.370548 0.036107 0.000000
-0.237316 -0.041558 0.000000
-0.387080 -0.033761 0.000000
-0.239453 -0.041528 0.000000
-0.497075 0.002959 0.000000
0.495707 -0.000278 0.000000
-0.433658 0.028070 0.000000
-0.309293 0.040213 0.000000
-0.255834 -0.041246 0.000000
0.306569 -0.017183 0.000000
-0.082488 -0.039895 0.000000
0.356555 -0.013074 0.000000
-0.306789 -0.039596 0.000000
-0.470665 -0.018616 0.000000
-0.044522 0.039551 0.000000
0.262375 0.021678 0.000000
0.245291 0.022958 0.000000
-0.340193 0.038471 0.000000
0.274487 -0.019693 0.000000
-0.190180 0.042599 0.000000
-0.034305 0.039167 0.000000
-0.117502 0.041701 0.000000
0.221660 0.024680 0.000000
-0.283492 0.041250 0.000000
-0.093938 -0.040227 0.000000
0.034967 0.036106 0.000000
0.114287 0.031756 0.000000
0.291795 -0.018351 0.000000
0.093475 -0.031937 0.000000
-0.280360 0.041353 0.000000
0.083225 -0.032523 0.000000
-0.242454 -0.041486 0.000000
0.082888 0.033576 0.000000
0.147939 0.029675 0.000000
-0.413049 -0.030580 0.000000
-0.249122 -0.041375 0.000000
0.489769 0.001701 0.000000
0.127139 -0.029923 0.000000
0.022858 -0.035698 0.000000
-0.146032 0.042221 0.000000
0.070641 -0.033224 0.000000
-0.276009 -0.040740 0.000000
0.441276 0.006453 0.000000
0.013772 0.037123 0.000000
-0.081726 0.040783 0.000000
0.500137 0.000165 0.000000
-0.216500 0.042543 0.000000
0.289388 0.019594 0.000000
-0.098684 -0.040356 0.000000
0.088214 0.033276 0.000000
-0.470816 -0.018567 0.000000
0.291250 0.019448 0.000000
-0.046923 -0.038695 0.000000
0.158982 -0.027902 0.000000
0.255155 0.022223 0.000000
-0.283522 -0.040506 0.000000
-0.465725 -0.020124 0.000000
-0.196705 -0.041797 0.000000
-0.374397 -0.035033 0.000000
-0.340723 -0.037713 0.000000
0.256915 0.022091 0.000000
0.248567 0.022715 0.000000
-0.463965 -0.020625 0.000000
-0.029882 0.038995 0.000000
-0.346644 -0.037306 0.000000
0.032619 0.036222 0.000000
-0.120984 0.041774 0.000000
0.451833 -0.004542 0.000000
-0.062978 -0.039268 0.000000
-0.064707 -0.039326 0.000000
0.057498 0.034956 0.000000
0.480636 -0.001768 0.000000
0.449585 -0.004755 0.000000
0.214430 -0.024126 0.000000
-0.209799 -0.041782 0.000000
0.258450 -0.020911 0.000000
0.420861 -0.007421 0.000000
0.282452 -0.019079 0.000000
0.203514 -0.024894 0.000000
0.498243 -0.000024 0.000000
-0.477239 0.017093 0.000000
-0.088767 0.040986 0.000000
0.346128 -0.013951 0.000000
0.030939 0.036305 0.000000
0.170862 -0.027119 0.000000
-0.343100 -0.037552 0.000000
0.069115 0.034335 0.000000
0.300455 -0.017669 0.000000
-0.075123 0.040584 0.000000
-0.497497 0.000506 0.000000
-0.424210 0.029650 0.000000
0.030073 -0.035345 0.000000
0.424519 -0.007086 0.000000
0.144425 0.029899 0.000000
-0.325295 0.039384 0.000000
-0.014474 0.038370 0.000000
-0.100354 -0.040401 0.000000
-0.431432 0.028459 0.000000
0.482415 -0.001594 0.000000
-0.245562 0.042205 0.000000
0.354831 0.014235 0.000000
-0.336313 0.038723 0.000000
0.405308 -0.008827 0.000000
-0.151629 0.042297 0.000000
0.351850 -0.013471 0.000000
-0.436505 -0.026816 0.000000
-0.308244 -0.039529 0.000000
-0.445579 -0.025041 0.000000
0.177278 0.027757 0.000000
-0.476158 -0.016721 0.000000
-0.026247 0.038851 0.000000
-0.302057 -0.039804 0.000000
-0.366227 0.036490 0.000000
0.239468 -0.022321 0.000000
0.436551 -0.005975 0.000000
-0.086951 -0.040028 0.000000
0.234438 0.023756 0.000000
-0.083284 -0.039919 0.000000
0.040425 0.035834 0.000000
0.081405 -0.032625 0.000000
0.247829 -0.021704 0.000000
-0.058101 -0.039099 0.000000
0.155448 0.029193 0.000000
-0.391378 0.034014 0.000000
0.424572 0.008023 0.000000
0.189485 0.026931 0.000000
0.240198 -0.022267 0.000000
-0.470960 -0.018520 0.000000
-0.316099 0.039879 0.000000
0.387669 0.011377 0.000000
0.138516 0.030271 0.000000
-0.170239 -0.041666 0.000000
0.220831 0.024739 0.000000
-0.277892 0.041432 0.000000
-0.156351 0.042356 0.000000
0.437161 0.006843 0.000000
0.161839 0.028778 0.000000
0.007695 -0.036415 0.000000
0.097459 0.032746 0.000000
0.387683 -0.010390 0.000000
-0.124848 0.041854 0.000000
-0.371621 0.036009 0.000000
-0.399452 -0.032352 0.000000
-0.165824 -0.041622 0.000000
-0.269460 0.041677 0.000000
0.159455 -0.027871 0.000000
-0.064139 0.040234 0.000000
0.298107 -0.017855 0.000000
-0.393697 -0.033029 0.000000
-0.025051 0.038804 0.000000
-0.285323 0.041187 0.000000
-0.311704 0.040097 0.000000
-0.389701 0.034198 0.000000
0.352414 -0.013423 0.000000
0.443533 0.006238 0.000000
-0.490328 -0.009827 0.000000
0.294003 -0.018178 0.000000
-0.032993 -0.038162 0.000000
-0.482517 0.014905 0.000000
-0.235864 -0.041578 0.000000
0.404344 0.009881 0.000000
0.248184 -0.021678 0.000000
0.461875 0.004471 0.000000
-0.085859 0.040904 0.000000
-0.235330 0.042359 0.000000
0.312902 -0.016676 0.000000
0.216636 -0.023970 0.000000
-0.084663 0.040870 0.000000
0.129910 -0.029752 0.000000
-0.383251 -0.034162 0.000000
0.268107 0.021242 0.000000
-0.465834 -0.020092 0.000000
-0.145305 -0.041355 0.000000
0.182668 -0.026327 0.000000
-0.488673 -0.010898 0.000000
0.031223 -0.035288 0.000000
-0.377740 0.035432 0.000000
-0.128811 0.041930 0.000000
-0.262541 0.041854 0.000000
0.430821 0.007440 0.000000
-0.137840 -0.041230 0.000000
0.026665 -0.035512 0.000000
0.418757 0.008562 0.000000
0.121558 -0.030266 0.000000
0.064716 0.034572 0.000000
-0.476823 0.017250 0.000000
-0.008083 0.038099 0.000000
-0.258271 0.041955 0.000000
0.276963 -0.019503 0.000000
0.077736 0.033862 0.000000
0.004475 0.037548 0.000000
-0.383149 0.034893 0.000000
-0.269102 0.041686 0.000000
-0.219094 0.042527 0.000000
0.258329 0.021984 0.000000
0.409788 -0.008425 0.000000
0.262550 0.021665 0.000000
0.301205 -0.017609 0.000000
0.303484 0.018477 0.000000
0.175424 0.027881 0.000000
0.426168 0.007874 0.000000
-0.121318 -0.040907 0.000000
-0.208153 -0.041788 0.000000
-0.130693 -0.041098 0.000000
0.065157 -0.033524 0.000000
-0.017330 0.038489 0.000000
-0.448916 -0.024332 0.000000
-0.154657 0.042336 0.000000
0.302276 0.018573 0.000000
-0.261489 -0.041123 0.000000
-0.158932 0.042387 0.000000
-0.367146 0.036409 0.000000
0.313416 0.017678 0.000000
0.016574 -0.035999 0.000000
-0.401702 0.032801 0.000000
-0.109292 -0.040628 0.000000
0.348830 -0.013725 0.000000
0.489718 -0.000873 0.000000
0.423543 0.008119 0.000000
0.109485 -0.030995 0.000000
-0.203718 -0.041796 0.000000
-0.060811 0.040124 0.000000
0.404436 0.009872 0.000000
-0.318130 0.039775 0.000000
-0.118147 -0.040835 0.000000
-0.228724 0.042438 0.000000
0.411570 -0.008264 0.000000
-0.192719 -0.041792 0.000000
-0.348561 0.037890 0.000000
-0.493245 -0.007546 0.000000
0.448775 0.005737 0.000000
0.071461 -0.033179 0.000000
0.003367 0.037597 0.000000
0.461315 0.004525 0.000000
0.238343 -0.022403 0.000000
0.222342 0.024631 0.000000
-0.144633 0.042199 0.000000
0.130044 0.030798 0.000000
-0.175585 -0.041708 0.000000
-0.463455 -0.020767 0.000000
0.022507 0.036712 0.000000
-0.330053 -0.038384 0.000000
0.149772 0.029558 0.000000
-0.127797 -0.041042 0.000000
-0.124385 0.041844 0.000000
-0.070686 0.040446 0.000000
-0.016524 0.038455 0.000000
-0.198958 -0.041800 0.000000
-0.213024 0.042564 0.000000
0.129184 -0.029797 0.000000
-0.104315 -0.040504 0.000000
-0.126475 -0.041014 0.000000
0.409348 0.009425 0.000000
-0.048747 0.039704 0.000000
-0.178452 0.042551 0.000000
0.459108 -0.003850 0.000000
-0.302803 -0.039772 0.000000
-0.448391 -0.024445 0.000000
0.438392 -0.005804 0.000000
0.078016 -0.032815 0.000000
-0.215647 -0.041758 0.000000
-0.167589 -0.041640 0.000000
-0.342227 0.038333 0.000000
0.293930 0.019236 0.000000
-0.488868 -0.010778 0.000000
-0.071029 -0.039535 0.000000
-0.133520 -0.041152 0.000000
-0.134323 -0.041168 0.000000
-0.424899 -0.028806 0.000000
-0.009187 0.038146 0.000000
-0.099776 -0.040386 0.000000
-0.127211 0.041899 0.000000
-0.001147 0.037798 0.000000
-0.495269 -0.005397 0.000000
0.458238 -0.003933 0.000000
0.148306 0.029652 0.000000
0.276316 -0.019553 0.000000
0.238293 0.023474 0.000000
-0.216815 -0.041751 0.000000
-0.241535 0.042270 0.000000
0.387535 -0.010403 0.000000
-0.421545 -0.029333 0.000000
0.052617 -0.034194 0.000000
-0.481350 -0.014640 0.000000
0.318946 0.017228 0.000000
0.321491 0.017020 0.000000
0.227291 -0.023206 0.000000
0.208581 0.025608 0.000000
-0.326680 -0.038580 0.000000
0.468776 0.003795 0.000000
0.258224 -0.020928 0.000000
0.456751 0.004969 0.000000
0.422236 -0.007295 0.000000
-0.398720 -0.032441 0.000000
-0.187605 0.042591 0.000000
-0.020024 -0.037635 0.000000
-0.107861 -0.040594 0.000000
0.493064 0.001367 0.000000
0.039462 -0.034874 0.000000
-0.256330 -0.041235 0.000000
-0.480685 0.015709 0.000000
-0.103175 -0.040474 0.000000
-0.373802 -0.035089 0.000000
0.396603 0.010579 0.000000
0.393413 0.010865 0.000000
-0.424365 0.029626 0.000000
-0.151994 -0.041454 0.000000
-0.112968 0.041600 0.000000
-0.117507 0.041701 0.000000
0.490194 -0.000826 0.000000
-0.211739 -0.041775 0.000000
-0.064600 -0.039322 0.000000
-0.009912 0.038177 0.000000
0.300029 0.018753 0.000000
-0.387260 -0.033742 0.000000
-0.066157 -0.039374 0.000000
-0.260081 0.041913 0.000000
-0.120782 -0.040895 0.000000
-0.396173 -0.032743 0.000000
-0.493579 -0.007236 0.000000
-0.333557 0.038895 0.000000
-0.204503 -0.041795 0.000000
-0.053287 -0.038928 0.000000
-0.484399 -0.013230 0.000000
0.372480 0.012714 0.000000
-0.336390 -0.037995 0.000000
-0.137936 -0.041232 0.000000
-0.473412 -0.017700 0.000000
0.285470 0.019901 0.000000
-0.328410 -0.038481 0.000000
0.351515 -0.013499 0.000000
0.108236 -0.031070 0.000000
0.277778 -0.019440 0.000000
-0.076891 -0.039722 0.000000
-0.159347 -0.041550 0.000000
0.431339 0.007391 0.000000
-0.385096 -0.033970 0.000000
-0.055473 -0.039006 0.000000
0.174601 -0.026870 0.000000
0.041519 -0.034769 0.000000
-0.204806 0.042597 0.000000
-0.227732 -0.041668 0.000000
-0.106760 -0.040566 0.000000
0.305533 0.018313 0.000000
0.498227 0.000841 0.000000
-0.037072 0.039273 0.000000
-0.133106 0.042010 0.000000
0.342313 -0.014269 0.000000
-0.365124 0.036584 0.000000
0.319520 0.017181 0.000000
0.235861 -0.022585 0.000000
0.065287 0.034541 0.000000
-0.467950 -0.019464 0.000000
0.163754 -0.027589 0.000000
-0.267046 -0.040988 0.000000
-0.337358 -0.037934 0.000000
0.154310 -0.028205 0.000000
0.361082 -0.012690 0.000000
-0.385499 0.034650 0.000000
0.461901 0.004468 0.000000
0.225993 -0.023300 0.000000
-0.489361 -0.010467 0.000000
-0.170769 -0.041670 0.000000
0.372763 -0.011689 0.000000
-0.300844 -0.039856 0.000000
0.100316 -0.031538 0.000000
-0.419237 0.030415 0.000000
-0.030620 0.039024 0.000000
-0.121763 0.041790 0.000000
0.452496 -0.004479 0.000000
-0.002221 0.037845 0.000000
0.107922 -0.031089 0.000000
0.242337 -0.022110 0.000000
-0.058072 -0.039098 0.000000
-0.480909 0.015613 0.000000
0.442197 0.006366 0.000000
0.108399 -0.031060 0.000000
0.414487 -0.008000 0.000000
0.262391 0.021677 0.000000
-0.078652 0.040693 0.000000
-0.485507 0.013462 0.000000
-0.175900 -0.041711 0.000000
-0.020565 0.038622 0.000000
0.379653 -0.011092 0.000000
0.037297 -0.034983 0.000000
-0.075506 0.040596 0.000000
-0.072758 0.040512 0.000000
0.315851 0.017480 0.000000
0.293050 -0.018253 0.000000
-0.341583 0.038377 0.000000
-0.274442 0.041535 0.000000
-0.222604 -0.041712 0.000000
0.178751 -0.026592 0.000000
-0.375887 0.035611 0.000000
0.317640 -0.016294 0.000000
0.040861 -0.034803 0.000000
-0.357673 0.037198 0.000000
0.047088 -0.034482 0.000000
0.467861 0.003885 0.000000
-0.165473 -0.041618 0.000000
0.362598 0.013570 0.000000
-0.127950 -0.041045 0.000000
0.122820 -0.030189 0.000000
0.166859 -0.027385 0.000000
0.462542 0.004406 0.000000
0.378823 -0.011164 0.000000
0.126341 0.031026 0.000000
-0.266130 -0.041011 0.000000
0.071185 -0.033194 0.000000
0.167945 0.028377 0.000000
0.147988 -0.028612 0.000000
0.157481 0.029062 0.000000
-0.062227 -0.039242 0.000000
-0.289223 -0.040309 0.000000
-0.171060 -0.041672 0.000000
0.254462 0.022275 0.000000
0.482620 0.002421 0.000000
-0.489697 -0.010250 0.000000
0.097677 0.032734 0.000000
0.488262 -0.001018 0.000000
-0.236360 -0.041571 0.000000
-0.420806 -0.029446 0.000000
-0.492184 0.009250 0.000000
-0.071178 -0.039540 0.000000
0.170638 -0.027134 0.000000
0.388528 -0.010316 0.000000
-0.090567 -0.040132 0.000000
0.147375 -0.028651 0.000000
-0.237209 -0.041559 0.000000
0.228562 -0.023115 0.000000
0.159411 0.028936 0.000000
0.411305 -0.008288 0.000000
0.418543 0.008582 0.000000
0.308339 -0.017042 0.000000
-0.210032 0.042578 0.000000
0.034324 0.036138 0.000000
-0.214575 -0.041764 0.000000
0.240874 -0.022217 0.000000
-0.375560 -0.034922 0.000000
-0.387222 0.034466 0.000000
0.236374 -0.022547 0.000000
0.102770 -0.031394 0.000000
0.372402 0.012721 0.000000
-0.077615 0.040661 0.000000
0.361805 0.013638 0.000000
-0.407570 -0.031325 0.000000
-0.397047 0.033364 0.000000
0.497660 0.000899 0.000000
0.114942 -0.030668 0.000000
0.456447 0.004998 0.000000
0.215826 0.025096 0.000000
0.254179 -0.021231 0.000000
0.499815 0.000133 0.000000
-0.368464 -0.035574 0.000000
0.435933 -0.006033 0.000000
-0.202770 0.042600 0.000000
-0.206144 0.042592 0.000000
-0.100237 0.041293 0.000000
-0.468698 0.020005 0.000000
0.200159 0.026197 0.000000
0.130591 0.030764 0.000000
0.219743 0.024817 0.000000
0.307807 -0.017084 0.000000
0.221062 -0.023654 0.000000
-0.132613 -0.041135 0.000000
-0.448870 -0.024342 0.000000
0.262631 -0.020596 0.000000
0.048741 0.035411 0.000000
0.493667 -0.000481 0.000000
0.488414 -0.001002 0.000000
-0.213371 0.042562 0.000000
0.203084 0.025993 0.000000
0.177260 0.027758 0.000000
-0.345884 0.038081 0.000000
-0.222177 -0.041716 0.000000
-0.474489 0.018100 0.000000
-0.463297 -0.020812 0.000000
0.160219 0.028884 0.000000
0.054342 0.035121 0.000000
0.347146 0.014888 0.000000
0.438110 -0.005830 0.000000
-0.072224 0.040495 0.000000
-0.474640 -0.017271 0.000000
-0.051001 0.039784 0.000000
0.038887 0.035911 0.000000
0.106163 0.032238 0.000000
0.391454 -0.010058 0.000000
0.304571 0.018390 0.000000
0.232148 0.023923 0.000000
0.466834 -0.003109 0.000000
0.307364 -0.017119 0.000000
-0.334150 -0.038135 0.000000
-0.323141 0.039505 0.000000
-0.121069 0.041776 0.000000
0.116594 -0.030568 0.000000
-0.073620 -0.039619 0.000000
0.105201 0.032295 0.000000
0.136557 -0.029337 0.000000
0.275421 -0.019622 0.000000
-0.247472 -0.041404 0.000000
-0.020966 0.038638 0.000000
0.070975 -0.033206 0.000000
0.155301 0.029203 0.000000
-0.163302 -0.041597 0.000000
0.426092 -0.006942 0.000000
-0.471440 -0.018364 0.000000
0.348012 -0.013793 0.000000
0.070844 -0.033213 0.000000
0.092424 -0.031997 0.000000
-0.247819 0.042165 0.000000
0.412208 -0.008206 0.000000
-0.326683 0.039306 0.000000
-0.219843 -0.041732 0.000000
0.051814 0.035253 0.000000
0.110884 0.031959 0.000000
0.066328 0.034485 0.000000
-0.495852 0.005399 0.000000
0.455385 0.005101 0.000000
0.195635 -0.025441 0.000000
-0.204074 0.042599 0.000000
-0.089357 0.041002 0.000000
0.191104 -0.025753 0.000000
0.368112 0.013093 0.000000
0.319367 -0.016154 0.000000
0.239913 0.023355 0.000000
-0.206791 -0.041792 0.000000
0.050475 -0.034306 0.000000
-0.421167 -0.029391 0.000000
0.013939 -0.036124 0.000000
0.115963 -0.030606 0.000000
-0.291191 -0.040236 0.000000
0.463904 -0.003391 0.000000
-0.177602 -0.041724 0.000000
0.017272 -0.035966 0.000000
-0.406898 0.032140 0.000000
0.116503 0.031623 0.000000
0.109279 -0.031008 0.000000
-0.216376 -0.041753 0.000000
-0.301157 -0.039842 0.000000
0.263067 -0.020563 0.000000
-0.213237 0.042563 0.000000
0.164384 -0.027548 0.000000
-0.318293 -0.039037 0.000000
0.265897 -0.020349 0.000000
-0.495812 -0.004655 0.000000
0.366712 -0.012209 0.000000
-0.167864 -0.041642 0.000000
-0.155270 -0.041500 0.000000
-0.377075 -0.034778 0.000000
-0.382906 0.034918 0.000000
-0.247753 0.042166 0.000000
-0.323255 -0.038772 0.000000
-0.211100 0.042574 0.000000
-0.054446 0.039906 0.000000
-0.228809 0.042437 0.000000
-0.486618 -0.012083 0.000000
-0.145032 0.042205 0.000000
-0.132004 -0.041123 0.000000
0.491822 0.001493 0.000000
-0.052919 0.039852 0.000000
0.025003 0.036593 0.000000
-0.214386 0.042556 0.000000
-0.472719 0.018711 0.000000
0.325877 0.016661 0.000000
0.392577 -0.009959 0.000000
0.112887 0.031840 0.000000
-0.496677 -0.003145 0.000000
-0.019998 -0.037634 0.000000
0.296906 -0.017949 0.000000
-0.305624 0.040381 0.000000
0.328349 -0.015422 0.000000
0.411389 0.009239 0.000000
0.247309 -0.021743 0.000000
-0.326717 0.039304 0.000000
-0.409119 0.031846 0.000000
0.444884 0.006110 0.000000
-0.088771 0.040986 0.000000
-0.399235 0.033103 0.000000
0.312670 0.017738 0.000000
-0.497329 -0.001219 0.000000
0.469174 0.003756 0.000000
0.228028 0.024222 0.000000
-0.340415 -0.037733 0.000000
0.337123 -0.014700 0.000000
0.492972 -0.000550 0.000000
0.334157 0.015976 0.000000
-0.253071 -0.041301 0.000000
0.159271 0.028946 0.000000
-0.103134 0.041366 0.000000
-0.424827 -0.028818 0.000000
-0.151427 -0.041446 0.000000
-0.398846 -0.032425 0.000000
-0.473879 -0.017539 0.000000
-0.443380 -0.025492 0.000000
-0.172762 0.042515 0.000000
0.180334 -0.026485 0.000000
-0.335330 -0.038061 0.000000
-0.137372 -0.041222 0.000000
0.306860 -0.017160 0.000000
-0.461742 0.021997 0.000000
0.182085 -0.026367 0.000000
-0.120042 0.041755 0.000000
0.497242 -0.000125 0.000000
0.008428 -0.036381 0.000000
-0.147897 0.042246 0.000000
-0.286213 0.041157 0.000000
-0.495399 -0.005229 0.000000
-0.217357 0.042538 0.000000
-0.374426 0.035749 0.000000
-0.260039 -0.041155 0.000000
0.422181 -0.007300 0.000000
-0.183635 -0.041759 0.000000
-0.089053 -0.040089 0.000000
0.061796 -0.033705 0.000000
0.052882 0.035197 0.000000
0.075712 -0.032944 0.000000
-0.208479 0.042584 0.000000
0.309474 0.017996 0.000000
0.262811 0.021645 0.000000
0.047368 -0.034468 0.000000
0.266457 -0.020306 0.000000
-0.239139 -0.041533 0.000000
-0.183637 -0.041759 0.000000
0.024447 -0.035621 0.000000
0.165678 0.028527 0.000000
0.002317 -0.036661 0.000000
-0.000622 -0.036794 0.000000
0.338649 0.015602 0.000000
-0.277317 -0.040702 0.000000
-0.418927 -0.029730 0.000000
-0.412880 0.031332 0.000000
-0.126881 0.041893 0.000000
-0.386179 0.034578 0.000000
0.107846 -0.031093 0.000000
0.095278 -0.031832 0.000000
0.439411 -0.005709 0.000000
-0.376864 0.035518 0.000000
0.496572 -0.000192 0.000000
-0.066054 -0.039371 0.000000
-0.195938 -0.041796 0.000000
0.271474 0.020984 0.000000
0.374845 0.012507 0.000000
-0.329214 -0.038434 0.000000
-0.394396 -0.032949 0.000000
0.398413 -0.009442 0.000000
0.355800 0.014153 0.000000
0.328089 -0.015444 0.000000
-0.104021 0.041388 0.000000
-0.237140 0.042335 0.000000
0.337497 0.015698 0.000000
0.457644 0.004882 0.000000
0.240610 0.023304 0.000000
-0.055008 -0.038989 0.000000
-0.206929 0.042589 0.000000
-0.187701 -0.041776 0.000000
-0.075990 -0.039694 0.000000
-0.472962 0.018629 0.000000
-0.163250 -0.041596 0.000000
-0.199823 0.042604 0.000000
-0.495844 -0.004608 0.000000
0.008484 0.037366 0.000000
-0.106215 -0.040552 0.000000
-0.340815 -0.037707 0.000000
0.454912 0.005147 0.000000
-0.360313 0.036986 0.000000
-0.433405 0.028115 0.000000
0.066583 -0.033446 0.000000
-0.093931 0.041128 0.000000
-0.173831 0.042523 0.000000
-0.196795 0.042607 0.000000
0.453032 0.005328 0.000000
0.451228 0.005502 0.000000
0.389040 -0.010271 0.000000
0.158211 -0.027952 0.000000
0.445938 0.006009 0.000000
0.072295 0.034162 0.000000
-0.195248 -0.041795 0.000000
-0.019914 -0.037630 0.000000
-0.000482 -0.036787 0.000000
0.111002 -0.030905 0.000000
0.421270 0.008330 0.000000
0.487688 0.001911 0.000000
0.489179 0.001761 0.000000
0.377299 -0.011296 0.000000
-0.127352 -0.041033 0.000000
-0.038152 -0.038364 0.000000
0.087355 -0.032288 0.000000
-0.090897 0.041045 0.000000
0.221369 -0.023632 0.000000
-0.256673 0.041989 0.000000
-0.190795 -0.041787 0.000000
0.056848 -0.033970 0.000000
0.175555 0.027872 0.000000
0.204981 -0.024792 0.000000
-0.478763 -0.015719 0.000000
0.361807 -0.012628 0.000000
0.132078 0.030672 0.000000
-0.018458 0.038536 0.000000
-0.112626 0.041593 0.000000
0.258298 -0.020923 0.000000
0.470295 0.003645 0.000000
-0.295660 0.040803 0.000000
-0.153499 -0.041475 0.000000
0.205398 -0.024763 0.000000
-0.253730 -0.041288 0.000000
0.274913 0.020720 0.000000
0.388127 0.011337 0.000000
0.349801 -0.013643 0.000000
0.031804 0.036263 0.000000
-0.112943 0.041600 0.000000
-0.259740 -0.041162 0.000000
-0.283381 -0.040510 0.000000
0.331387 0.016206 0.000000
-0.414226 -0.030414 0.000000
-0.391449 0.034006 0.000000
0.231744 -0.022884 0.000000
-0.141830 0.042155 0.000000
-0.239510 -0.041528 0.000000
0.095695 0.032848 0.000000
0.028738 0.036412 0.000000
-0.283116 0.041263 0.000000
-0.341891 0.038356 0.000000
-0.317653 0.039800 0.000000
-0.417507 0.030671 0.000000
0.480980 -0.001735 0.000000
0.453840 0.005250 0.000000
0.031112 -0.035293 0.000000
-0.327446 -0.038536 0.000000
-0.070818 -0.039528 0.000000
-0.376180 0.035584 0.000000
-0.128188 -0.041050 0.000000
-0.186891 0.042589 0.000000
-0.453871 0.023966 0.000000
-0.461744 -0.021234 0.000000
-0.409877 0.031744 0.000000
0.101376 -0.031476 0.000000
-0.472677 0.018725 0.000000
0.495427 -0.000306 0.000000
0.126846 0.030995 0.000000
0.046484 -0.034514 0.000000
-0.410224 -0.030970 0.000000
-0.399919 0.033020 0.000000
-0.292214 -0.040198 0.000000
0.318662 0.017251 0.000000
-0.162446 0.042424 0.000000
-0.166552 -0.041629 0.000000
0.131105 -0.029678 0.000000
-0.149227 -0.041416 0.000000
-0.305084 -0.039674 0.000000
0.286449 0.019824 0.000000
-0.436566 -0.026805 0.000000
0.071435 0.034209 0.000000
-0.007576 0.038077 0.000000
0.083831 0.033523 0.000000
-0.339139 0.038540 0.000000
-0.494821 0.006743 0.000000
0.201864 -0.025009 0.000000
0.312415 -0.016715 0.000000
-0.058999 -0.039130 0.000000
-0.213421 0.042562 0.000000
0.345201 -0.014028 0.000000
-0.153213 -0.041471 0.000000
-0.103102 0.041365 0.000000
-0.417682 0.030645 0.000000
0.107360 -0.031122 0.000000
-0.295076 -0.040090 0.000000
0.443952 0.006198 0.000000
0.177508 0.027742 0.000000
0.284970 -0.018884 0.000000
-0.028027 0.038922 0.000000
0.192569 0.026720 0.000000
-0.456175 0.023416 0.000000
-0.458294 0.022892 0.000000
-0.362880 -0.036054 0.000000
-0.389017 0.034274 0.000000
0.145966 -0.028741 0.000000
-0.327689 -0.038522 0.000000
0.468710 0.003801 0.000000
0.359900 -0.012790 0.000000
-0.075729 0.040603 0.000000
-0.384551 -0.034028 0.000000
0.398512 0.010408 0.000000
-0.491487 -0.008994 0.000000
0.222483 -0.023552 0.000000
-0.254681 -0.041270 0.000000
-0.326835 0.039298 0.000000
-0.488559 -0.010968 0.000000
0.446789 -0.005018 0.000000
-0.039550 -0.038418 0.000000
-0.314201 0.039975 0.000000
-0.463164 -0.020848 0.000000
0.087695 0.033305 0.000000
-0.088367 0.040974 0.000000
0.088772 -0.032207 0.000000
0.198900 0.026284 0.000000
0.090657 -0.032099 0.000000
-0.000493 -0.036788 0.000000
0.133209 0.030602 0.000000
0.473545 -0.002460 0.000000
-0.454270 0.023872 0.000000
0.176628 0.027801 0.000000
-0.444691 0.025972 0.000000
-0.386442 0.034550 0.000000
0.020372 0.036814 0.000000
-0.027476 0.038900 0.000000
-0.474416 0.018126 0.000000
-0.148835 0.042259 0.000000
0.296166 0.019059 0.000000
-0.085585 -0.039987 0.000000
-0.252082 0.042085 0.000000
0.182267 0.027421 0.000000
-0.434938 0.027841 0.000000
-0.315319 0.039918 0.000000
0.180279 -0.026489 0.000000
-0.105833 -0.040542 0.000000
0.177514 0.027741 0.000000
-0.464158 -0.020571 0.000000
-0.401938 -0.032047 0.000000
-0.349425 -0.037107 0.000000
0.034618 0.036124 0.000000
-0.284632 0.041211 0.000000
-0.165257 -0.041616 0.000000
-0.316541 0.039856 0.000000
-0.195496 -0.041796 0.000000
0.255224 -0.021153 0.000000
0.464964 0.004169 0.000000
-0.118827 -0.040851 0.000000
0.221696 -0.023609 0.000000
0.406148 -0.008752 0.000000
0.222749 -0.023533 0.000000
-0.239416 0.042304 0.000000
-0.207488 -0.041791 0.000000
-0.122258 -0.040926 0.000000
-0.114270 -0.040748 0.000000
-0.479141 0.016348 0.000000
0.222663 0.024608 0.000000
-0.277865 -0.040686 0.000000
0.013227 -0.036158 0.000000
-0.236310 -0.041572 0.000000
-0.454305 -0.023108 0.000000
0.150268 0.029526 0.000000
0.147800 0.029684 0.000000
0.059464 -0.033831 0.000000
-0.465438 0.020973 0.000000
-0.405793 0.032283 0.000000
-0.048457 0.039694 0.000000
-0.474090 0.018241 0.000000
0.187711 -0.025985 0.000000
0.021894 -0.035744 0.000000
0.367487 -0.012142 0.000000
-0.222482 -0.041713 0.000000
0.356183 -0.013105 0.000000
0.054476 -0.034096 0.000000
0.097630 -0.031695 0.000000
0.422725 -0.007250 0.000000
0.094975 -0.031850 0.000000
0.316380 -0.016395 0.000000
0.229661 -0.023035 0.000000
0.499643 0.000696 0.000000
0.338677 0.015599 0.000000
0.366476 0.013235 0.000000
-0.346777 0.038018 0.000000
-0.466196 0.020753 0.000000
-0.154203 -0.041485 0.000000
0.223735 -0.023462 0.000000
0.324212 0.016797 0.000000
0.215140 0.025145 0.000000
-0.457091 -0.022434 0.000000
0.228250 -0.023137 0.000000
-0.491668 0.009655 0.000000
-0.118664 0.041726 0.000000
0.097965 0.032717 0.000000
-0.349204 0.037843 0.000000
-0.004872 -0.036983 0.000000
-0.132535 0.042000 0.000000
0.372710 0.012694 0.000000
0.199824 -0.025151 0.000000
-0.483307 0.014541 0.000000
0.089955 0.033177 0.000000
0.304486 -0.017349 0.000000
-0.247192 -0.041409 0.000000
-0.188167 -0.041777 0.000000
-0.297232 -0.040003 0.000000
-0.446649 0.025567 0.000000
0.017716 0.036939 0.000000
0.437778 -0.005861 0.000000
-0.074486 -0.039647 0.000000
0.153645 -0.028248 0.000000
0.046748 -0.034500 0.000000
-0.189653 -0.041783 0.000000
-0.492503 -0.008191 0.000000
-0.005484 -0.037010 0.000000
-0.432317 0.028306 0.000000
-0.016845 0.038469 0.000000
-0.256958 0.041982 0.000000
-0.219126 -0.041736 0.000000
0.322807 -0.015875 0.000000
0.206443 -0.024689 0.000000
0.355533 -0.013160 0.000000
0.271760 -0.019902 0.000000
-0.046340 -0.038674 0.000000
0.083586 -0.032502 0.000000
0.108522 0.032099 0.000000
0.409065 -0.008490 0.000000
0.171489 0.028143 0.000000
0.025066 -0.035591 0.000000
-0.469431 -0.019007 0.000000
0.380827 -0.010990 0.000000
0.173833 -0.026921 0.000000
0.015413 0.037047 0.000000
0.050040 0.035344 0.000000
-0.280898 -0.040590 0.000000
0.161326 -0.027748 0.000000
0.188379 -0.025939 0.000000
0.336631 -0.014741 0.000000
0.097383 -0.031710 0.000000
0.029605 -0.035368 0.000000
0.035431 -0.035078 0.000000
0.218042 0.024939 0.000000
0.464563 0.004208 0.000000
-0.009303 0.038151 0.000000
-0.363412 0.036729 0.000000
-0.180272 -0.041739 0.000000
0.465949 0.004072 0.000000
-0.371465 0.036023 0.000000
0.321781 0.016997 0.000000
-0.251011 -0.041340 0.000000
-0.051693 0.039809 0.000000
0.477802 -0.002045 0.000000
-0.348998 0.037858 0.000000
0.165481 0.028540 0.000000
0.070741 0.034246 0.000000
-0.334869 0.038814 0.000000
-0.277341 0.041449 0.000000
0.124886 0.031115 0.000000
0.232019 0.023932 0.000000
0.203380 -0.024904 0.000000
0.498068 0.000858 0.000000
-0.128963 -0.041065 0.000000
0.435500 0.007000 0.000000
0.402537 0.010044 0.000000
0.016985 0.036973 0.000000
-0.107881 -0.040594 0.000000
0.131823 0.030688 0.000000
0.253580 -0.021276 0.000000
-0.040610 -0.038458 0.000000
-0.196964 -0.041798 0.000000
-0.061131 -0.039204 0.000000
-0.198923 -0.041800 0.000000
0.467304 -0.003064 0.000000
0.358206 -0.012934 0.000000
0.185985 -0.026102 0.000000
0.390737 0.011104 0.000000
-0.299750 -0.039902 0.000000
0.120269 -0.030345 0.000000
0.343119 0.015227 0.000000
0.435830 0.006969 0.000000
0.068380 -0.033348 0.000000
-0.241859 -0.041495 0.000000
-0.294825 0.040837 0.000000
-0.363446 0.036727 0.000000
-0.152466 -0.041461 0.000000
-0.335033 0.038804 0.000000
0.418403 0.008595 0.000000
-0.264388 -0.041053 0.000000
0.224459 0.024479 0.000000
0.134622 -0.029458 0.000000
0.402773 0.010023 0.000000
-0.376815 0.035522 0.000000
0.140044 0.030175 0.000000
-0.433340 0.028126 0.000000
-0.154042 0.042329 0.000000
-0.090762 -0.040137 0.000000
0.440812 0.006497 0.000000
-0.163791 -0.041601 0.000000
-0.201037 0.042602 0.000000
0.413513 0.009044 0.000000
-0.363428 -0.036009 0.000000
-0.313969 -0.039257 0.000000
-0.070163 -0.039507 0.000000
-0.134950 0.042041 0.000000
0.006221 -0.036483 0.000000
0.286137 -0.018793 0.000000
0.117192 -0.030532 0.000000
-0.466464 -0.019908 0.000000
0.200191 -0.025126 0.000000
0.026575 0.036517 0.000000
-0.143010 0.042174 0.000000
0.103232 0.032410 0.000000
0.313056 -0.016663 0.000000
0.417527 -0.007724 0.000000
0.302386 0.018565 0.000000
0.269963 -0.020039 0.000000
0.058787 -0.033867 0.000000
-0.479751 -0.015318 0.000000
-0.197401 -0.041798 0.000000
0.070842 -0.033213 0.000000
-0.232085 0.042401 0.000000
-0.470901 0.019310 0.000000
0.487533 -0.001090 0.000000
-0.102126 -0.040448 0.000000
-0.148649 -0.041408 0.000000
0.376686 -0.011349 0.000000
0.264857 0.021490 0.000000
-0.279914 -0.040621 0.000000
0.018139 -0.035925 0.000000
0.246233 -0.021822 0.000000
0.340394 0.015456 0.000000
-0.494543 0.007056 0.000000
0.111798 -0.030857 0.000000
0.393811 -0.009850 0.000000
-0.287351 -0.040374 0.000000
-0.055130 -0.038994 0.000000
-0.393710 0.033751 0.000000
-0.406984 -0.031402 0.000000
0.058622 0.034896 0.000000
0.499597 0.000701 0.000000
-0.418454 -0.029800 0.000000
-0.213261 0.042563 0.000000
-0.399356 0.033088 0.000000
-0.441518 -0.025863 0.000000
-0.392518 0.033886 0.000000
0.280691 0.020273 0.000000
-0.159212 0.042390 0.000000
-0.158704 -0.041542 0.000000
-0.009471 0.038158 0.000000
-0.473758 -0.017581 0.000000
0.418403 0.008595 0.000000
0.298507 0.018874 0.000000
0.211328 0.025415 0.000000
-0.283011 0.041267 0.000000
0.353738 -0.013312 0.000000
-0.138885 0.042109 0.000000
0.433726 -0.006238 0.000000
0.410960 -0.008319 0.000000
0.482574 0.002425 0.000000
-0.497117 -0.002022 0.000000
-0.379431 0.035268 0.000000
0.493628 0.001310 0.000000
-0.006720 -0.037064 0.000000
0.403229 0.009982 0.000000
0.334754 -0.014896 0.000000
-0.039238 0.039354 0.000000
-0.479327 -0.015491 0.000000
0.249274 -0.021597 0.000000
-0.400536 -0.032221 0.000000
-0.390357 -0.033405 0.000000
-0.238807 0.042312 0.000000
-0.492842 -0.007903 0.000000
0.255471 -0.021135 0.000000
0.107598 0.032154 0.000000
-0.450454 -0.023993 0.000000
0.140534 -0.029086 0.000000
-0.408481 -0.031204 0.000000
0.042208 -0.034734 0.000000
-0.289813 0.041027 0.000000
-0.348004 0.037931 0.000000
0.384422 -0.010676 0.000000
0.247744 -0.021710 0.000000
0.298203 0.018898 0.000000
0.233144 0.023850 0.000000
-0.341771 0.038364 0.000000
-0.346657 0.038026 0.000000
-0.006285 -0.037045 0.000000
0.381024 -0.010973 0.000000
-0.263729 -0.041069 0.000000
-0.003157 -0.036907 0.000000
-0.404008 -0.031786 0.000000
-0.175836 0.042536 0.000000
0.155301 0.029203 0.000000
-0.377109 0.035494 0.000000
-0.002886 -0.036895 0.000000
-0.150927 0.042288 0.000000
0.107643 0.032151 0.000000
0.277291 0.020536 0.000000
0.465259 0.004140 0.000000
0.370130 0.012918 0.000000
-0.160089 0.042400 0.000000
-0.355679 0.037356 0.000000
-0.482837 0.014759 0.000000
-0.385219 0.034679 0.000000
-0.244439 0.042223 0.000000
-0.030351 -0.038057 0.000000
-0.319679 -0.038966 0.000000
0.443365 0.006254 0.000000
0.124848 -0.030065 0.000000
0.437994 0.006764 0.000000
-0.099816 -0.040387 0.000000
-0.424346 -0.028894 0.000000
-0.234830 0.042366 0.000000
-0.404418 -0.031734 0.000000
0.425831 -0.006966 0.000000
0.222459 0.024623 0.000000
-0.424579 0.029592 0.000000
-0.102920 -0.040468 0.000000
-0.112495 -0.040705 0.000000
0.147659 0.029693 0.000000
0.281044 -0.019188 0.000000
0.127049 -0.029929 0.000000
0.443903 -0.005289 0.000000
0.162394 -0.027679 0.000000
-0.122265 0.041801 0.000000
0.368225 -0.012079 0.000000
0.454104 0.005225 0.000000
0.161180 0.028821 0.000000
0.027319 -0.035480 0.000000
0.418556 -0.007631 0.000000
0.040588 0.035826 0.000000
0.363774 0.013469 0.000000
0.158934 -0.027905 0.000000
0.139887 0.030185 0.000000
-0.459951 -0.021708 0.000000
0.011128 -0.036256 0.000000
-0.494927 -0.005817 0.000000
0.421542 -0.007358 0.000000
-0.075740 -0.039687 0.000000
0.433883 -0.006223 0.000000
0.110114 0.032005 0.000000
-0.045351 0.039581 0.000000
0.372657 0.012698 0.000000
-0.290844 -0.040249 0.000000
0.486502 -0.001191 0.000000
0.493244 0.001349 0.000000
0.078586 -0.032784 0.000000
-0.174301 0.042527 0.000000
0.058396 0.034908 0.000000
-0.437294 0.027412 0.000000
-0.092803 0.041097 0.000000
0.328509 0.016444 0.000000
-0.407247 -0.031367 0.000000
0.376448 0.012367 0.000000
0.246287 -0.021818 0.000000
0.321287 0.017037 0.000000
-0.398099 0.033238 0.000000
-0.290133 0.041015 0.000000
-0.153271 0.042320 0.000000
-0.195238 0.042605 0.000000
-0.337728 -0.037909 0.000000
0.399704 0.010300 0.000000
-0.428683 -0.028187 0.000000
-0.009746 -0.037197 0.000000
0.040723 -0.034810 0.000000
0.450337 -0.004684 0.000000
-0.004291 -0.036958 0.000000
0.376611 -0.011356 0.000000
-0.348959 0.037861 0.000000
0.146355 -0.028717 0.000000
-0.378599 -0.034629 0.000000
-0.269048 0.041688 0.000000
0.093913 0.032951 0.000000
0.260027 0.021856 0.000000
0.359328 0.013851 0.000000
-0.228660 -0.041660 0.000000
0.056753 0.034995 0.000000
-0.060640 -0.039187 0.000000
-0.338007 -0.037891 0.000000
0.338518 0.015613 0.000000
-0.283719 -0.040499 0.000000
0.338038 -0.014624 0.000000
-0.285749 -0.040430 0.000000
0.283978 0.020017 0.000000
0.022124 0.036730 0.000000
-0.313191 -0.039294 0.000000
0.345554 -0.013999 0.000000
-0.165418 0.042453 0.000000
-0.243911 0.042232 0.000000
-0.371159 0.036051 0.000000
-0.275899 -0.040743 0.000000
0.364092 0.013441 0.000000
0.469032 -0.002897 0.000000
-0.065827 -0.039363 0.000000
-0.103875 -0.040492 0.000000
-0.230785 0.042416 0.000000
0.460051 -0.003760 0.000000
0.170465 0.028211 0.000000
0.097596 0.032738 0.000000
-0.302203 -0.039797 0.000000
0.041898 -0.034750 0.000000
0.434568 0.007088 0.000000
-0.058261 0.040037 0.000000
-0.255296 -0.041257 0.000000
0.077530 -0.032842 0.000000
0.368635 -0.012044 0.000000
-0.166538 -0.041629 0.000000
0.446825 -0.005015 0.000000
0.067725 -0.033384 0.000000
-0.100471 0.041299 0.000000
-0.421877 -0.029282 0.000000
0.130539 0.030767 0.000000
0.327450 0.016531 0.000000
0.217327 -0.023920 0.000000
0.392763 -0.009943 0.000000
0.143384 0.029965 0.000000
0.229510 0.024114 0.000000
-0.030851 0.039033 0.000000
-0.364678 0.036622 0.000000
-0.470829 0.019334 0.000000
0.088925 0.033235 0.000000
0.272694 0.020891 0.000000
0.349759 -0.013647 0.000000
-0.399039 0.033126 0.000000
0.249248 0.022665 0.000000
-0.180358 -0.041740 0.000000
0.131638 -0.029644 0.000000
-0.248342 0.042155 0.000000
0.446621 0.005944 0.000000
-0.162562 0.042425 0.000000
0.227028 0.024294 0.000000
-0.157562 -0.041528 0.000000
-0.109122 -0.040624 0.000000
0.289455 0.019589 0.000000
0.366594 0.013225 0.000000
-0.422603 -0.029169 0.000000
0.162513 -0.027671 0.000000
-0.454618 -0.023034 0.000000
0.445834 -0.005108 0.000000
0.008526 -0.036377 0.000000
0.025348 0.036576 0.000000
0.100533 -0.031525 0.000000
-0.366693 0.036449 0.000000
-0.221941 -0.041718 0.000000
0.203652 -0.024885 0.000000
-0.438099 -0.026519 0.000000
0.477399 0.002942 0.000000
0.492115 0.001464 0.000000
0.170737 -0.027128 0.000000
0.141113 0.030108 0.000000
0.474565 0.003223 0.000000
-0.031634 -0.038108 0.000000
-0.158036 0.042376 0.000000
-0.344056 0.038209 0.000000
-0.273698 -0.040808 0.000000
0.061114 0.034764 0.000000
0.023304 0.036674 0.000000
0.272821 -0.019821 0.000000
0.345858 0.014996 0.000000
-0.274904 -0.040773 0.000000
-0.405120 -0.031644 0.000000
-0.075319 -0.039674 0.000000
0.218136 0.024932 0.000000
0.447424 -0.004958 0.000000
-0.156198 -0.041512 0.000000
0.127872 0.030932 0.000000
0.412847 0.009106 0.000000
-0.315188 -0.039196 0.000000
0.130115 0.030794 0.000000
0.489398 0.001739 0.000000
0.490400 -0.000806 0.000000
-0.141681 -0.041298 0.000000
-0.093946 0.041128 0.000000
0.137646 -0.029269 0.000000
-0.368276 0.036309 0.000000
0.299391 0.018803 0.000000
-0.183330 -0.041757 0.000000
0.307823 0.018129 0.000000
0.118825 0.031483 0.000000
-0.341603 0.038375 0.000000
0.276313 0.020612 0.000000
0.432818 -0.006322 0.000000
0.060777 0.034782 0.000000
0.105551 0.032275 0.000000
0.171187 0.028163 0.000000
0.146686 0.029755 0.000000
-0.103443 0.041374 0.000000
-0.482362 -0.014190 0.000000
0.354038 -0.013286 0.000000
-0.431489 -0.027711 0.000000
-0.466211 -0.019983 0.000000
0.167774 0.028389 0.000000
0.106021 0.032247 0.000000
0.412520 0.009136 0.000000
-0.324764 -0.038689 0.000000
0.019861 -0.035842 0.000000
-0.422773 0.029876 0.000000
-0.358443 0.037137 0.000000
0.320210 -0.016086 0.000000
0.499625 0.000114 0.000000
-0.466429 -0.019919 0.000000
-0.045789 -0.038654 0.000000
0.261829 -0.020657 0.000000
0.205887 0.025797 0.000000
-0.249209 0.042139 0.000000
-0.187727 0.042592 0.000000
0.038393 -0.034928 0.000000
-0.027335 -0.037936 0.000000
-0.486924 -0.011915 0.000000
0.302960 -0.017470 0.000000
0.402714 0.010028 0.000000
-0.363635 -0.035992 0.000000
0.265497 0.021441 0.000000
-0.297071 -0.040010 0.000000
-0.019695 0.038586 0.000000
0.141465 0.030086 0.000000
-0.334354 0.038846 0.000000
-0.154388 -0.041488 0.000000
-0.001894 -0.036851 0.000000
0.072920 0.034127 0.000000
0.460780 -0.003691 0.000000
-0.123009 0.041816 0.000000
-0.494557 0.007040 0.000000
-0.438833 -0.026380 0.000000
-0.441524 0.026606 0.000000
0.006835 0.037441 0.000000
-0.190018 0.042598 0.000000
-0.429036 0.028866 0.000000
0.463050 0.004356 0.000000
-0.245242 -0.041440 0.000000
-0.248688 0.042148 0.000000
0.428976 0.007612 0.000000
-0.115766 -0.040782 0.000000
0.356681 0.014077 0.000000
-0.111291 -0.040676 0.000000
0.180054 -0.026504 0.000000
-0.326196 -0.038607 0.000000
0.104725 0.032323 0.000000
-0.197935 0.042606 0.000000
0.244937 0.022985 0.000000
-0.489733 0.011021 0.000000
-0.351303 0.037689 0.000000
0.150714 -0.028437 0.000000
0.123972 0.031171 0.000000
0.383724 0.011727 0.000000
0.063034 0.034662 0.000000
-0.327435 0.039263 0.000000
0.403589 0.009949 0.000000
0.320692 0.017086 0.000000
0.093961 0.032948 0.000000
-0.111319 -0.040677 0.000000
0.078018 0.033847 0.000000
-0.103355 0.041372 0.000000
0.110523 -0.030934 0.000000
-0.336898 0.038685 0.000000
-0.019928 0.038596 0.000000
0.085043 0.033455 0.000000
-0.103416 0.041373 0.000000
0.251163 -0.021456 0.000000
0.239110 0.023414 0.000000
0.282750 -0.019056 0.000000
0.313001 -0.016668 0.000000
-0.369239 0.036225 0.000000
0.422627 0.008204 0.000000
0.454049 -0.004332 0.000000
0.027562 0.036469 0.000000
0.159111 -0.027893 0.000000
-0.447392 -0.024660 0.000000
0.433284 -0.006279 0.000000
0.178356 -0.026618 0.000000
0.173081 -0.026972 0.000000
0.273859 -0.019741 0.000000
0.253743 0.022329 0.000000
0.424371 0.008042 0.000000
-0.342257 -0.037610 0.000000
-0.412646 -0.030637 0.000000
0.178642 0.027665 0.000000
-0.010000 -0.037208 0.000000
0.405785 -0.008784 0.000000
-0.188714 0.042595 0.000000
0.220341 0.024774 0.000000
0.272661 -0.019833 0.000000
0.488539 -0.000990 0.000000
0.231549 -0.022898 0.000000
0.405263 -0.008831 0.000000
0.497868 -0.000062 0.000000
0.158104 0.029021 0.000000
-0.437187 0.027431 0.000000
-0.106123 -0.040550 0.000000
0.035789 0.036066 0.000000
0.322240 0.016959 0.000000
-0.251514 -0.041330 0.000000
0.143474 -0.028900 0.000000
-0.282189 0.041295 0.000000
0.441488 0.006433 0.000000
-0.257784 -0.041204 0.000000
-0.017402 0.038492 0.000000
0.148602 0.029633 0.000000
-0.185258 0.042583 0.000000
-0.462017 -0.021161 0.000000
0.245729 0.022926 0.000000
-0.275798 -0.040746 0.000000
-0.338725 0.038567 0.000000
0.201467 -0.025037 0.000000
-0.103217 0.041368 0.000000
-0.156655 0.042360 0.000000
0.266033 0.021400 0.000000
-0.417052 -0.030007 0.000000
0.215854 -0.024025 0.000000
-0.233072 0.042390 0.000000
-0.237882 0.042325 0.000000
-0.120060 -0.040879 0.000000
-0.345805 -0.037366 0.000000
-0.374768 -0.034998 0.000000
0.257381 -0.020991 0.000000
0.327279 0.016545 0.000000
0.320817 -0.016036 0.000000
0.410719 0.009300 0.000000
0.414488 -0.008000 0.000000
-0.031164 -0.038089 0.000000
0.233302 -0.022771 0.000000
-0.210191 0.042577 0.000000
-0.418014 0.030596 0.000000
0.268340 0.021224 0.000000
-0.394506 0.033660 0.000000
0.356016 0.014134 0.000000
0.041752 -0.034757 0.000000
-0.370737 -0.035371 0.000000
-0.188701 0.042595 0.000000
0.363290 -0.012501 0.000000
0.074028 0.034067 0.000000
0.079411 0.033769 0.000000
-0.196723 -0.041797 0.000000
-0.086457 -0.040013 0.000000
-0.272759 0.041584 0.000000
-0.274214 -0.040793 0.000000
-0.489186 -0.010579 0.000000
-0.119284 0.041739 0.000000
0.010512 0.037273 0.000000
0.395744 0.010656 0.000000
0.299440 0.018799 0.000000
0.008598 -0.036373 0.000000
-0.232938 -0.041612 0.000000
-0.215971 -0.041756 0.000000
-0.205827 -0.041794 0.000000
-0.489132 -0.010613 0.000000
-0.264420 -0.041052 0.000000
0.057687 -0.033925 0.000000
0.283841 0.020028 0.000000
0.316800 -0.016362 0.000000
-0.338871 -0.037835 0.000000
0.491588 -0.000688 0.000000
-0.242536 0.042254 0.000000
0.343425 -0.014177 0.000000
0.060125 -0.033795 0.000000
0.486166 -0.001225 0.000000
0.219541 -0.023763 0.000000
0.157192 0.029081 0.000000
-0.119352 0.041741 0.000000
0.428196 -0.006748 0.000000
0.337729 -0.014650 0.000000
0.113736 -0.030741 0.000000
0.262013 0.021706 0.000000
0.075488 -0.032956 0.000000
-0.019349 -0.037606 0.000000
0.317538 -0.016302 0.000000
-0.209126 0.042581 0.000000
0.422336 0.008231 0.000000
-0.433470 0.028103 0.000000
0.250397 -0.021513 0.000000
-0.471738 -0.018265 0.000000
-0.462862 -0.020931 0.000000
-0.437827 0.027313 0.000000
-0.041395 -0.038488 0.000000
0.380777 0.011987 0.000000
-0.478624 -0.015774 0.000000
0.492420 0.001433 0.000000
-0.127080 -0.041027 0.000000
-0.454948 -0.022955 0.000000
-0.289235 0.041049 0.000000
0.040929 -0.034799 0.000000
-0.096047 -0.040285 0.000000
-0.134246 0.042029 0.000000
-0.223642 0.042488 0.000000
-0.478447 0.016625 0.000000
0.226360 -0.023274 0.000000
-0.485773 0.013324 0.000000
-0.235778 -0.041579 0.000000
0.027255 -0.035483 0.000000
-0.188624 0.042595 0.000000
-0.293375 0.040894 0.000000
0.458295 0.004819 0.000000
-0.126788 0.041891 0.000000
0.176234 0.027827 0.000000
0.355169 0.014207 0.000000
-0.142615 -0.041313 0.000000
-0.284804 0.041205 0.000000
0.261674 -0.020668 0.000000
0.065560 0.034526 0.000000
-0.249301 -0.041372 0.000000
-0.471065 0.019258 0.000000
0.500000 0.000152 0.000000
-0.467401 0.020398 0.000000
0.227622 0.024251 0.000000
-0.215912 0.042547 0.000000
-0.152926 -0.041467 0.000000
0.187513 -0.025998 0.000000
0.317655 -0.016292 0.000000
0.114473 -0.030696 0.000000
0.267739 -0.020209 0.000000
-0.330911 0.039058 0.000000
-0.398922 -0.032416 0.000000
-0.096399 0.041193 0.000000
0.386038 -0.010534 0.000000
0.091220 0.033105 0.000000
0.011800 -0.036225 0.000000
0.382223 -0.010868 0.000000
-0.144124 0.042191 0.000000
-0.291487 0.040965 0.000000
-0.391098 0.034045 0.000000
-0.330075 0.039107 0.000000
-0.379639 -0.034526 0.000000
-0.180828 0.042565 0.000000
-0.235516 0.042357 0.000000
-0.171518 0.042505 0.000000
0.351799 -0.013475 0.000000
0.281682 0.020196 0.000000
0.167470 -0.027344 0.000000
0.484691 -0.001370 0.000000
0.429927 0.007523 0.000000
0.045030 0.035601 0.000000
0.407788 -0.008605 0.000000
0.184694 0.027257 0.000000
-0.166691 0.042466 0.000000
0.094426 -0.031881 0.000000
-0.028451 -0.037980 0.000000
-0.240171 0.042292 0.000000
0.247203 0.022817 0.000000
0.089057 -0.032191 0.000000
0.321738 -0.015961 0.000000
0.366801 -0.012201 0.000000
-0.400939 0.032895 0.000000
-0.364512 0.036636 0.000000
-0.136088 0.042061 0.000000
-0.288369 0.041081 0.000000
-0.067496 0.040344 0.000000
0.451656 -0.004559 0.000000
0.101968 0.032484 0.000000
0.034433 -0.035128 0.000000
0.474911 -0.002327 0.000000
-0.329274 0.039154 0.000000
0.048678 0.035414 0.000000
-0.181073 -0.041744 0.000000
-0.411802 -0.030753 0.000000
-0.388243 -0.033636 0.000000
-0.492728 -0.008001 0.000000
-0.472508 -0.018008 0.000000
-0.005124 0.037971 0.000000
0.060679 -0.033765 0.000000
-0.165629 0.042455 0.000000
0.109411 0.032047 0.000000
-0.318461 -0.039029 0.000000
0.391373 0.011047 0.000000
-0.384561 0.034747 0.000000
-0.464680 -0.020424 0.000000
-0.155172 0.042342 0.000000
0.251511 0.022496 0.000000
-0.419211 -0.029687 0.000000
-0.496334 -0.003812 0.000000
-0.430850 -0.027821 0.000000
0.158688 0.028983 0.000000
-0.336153 -0.038010 0.000000
-0.226847 -0.041676 0.000000
0.430688 -0.006519 0.000000
-0.134976 0.042042 0.000000
0.341737 -0.014317 0.000000
0.236064 0.023637 0.000000
-0.150907 -0.041439 0.000000
0.279232 -0.019328 0.000000
0.179114 0.027634 0.000000
-0.404018 0.032510 0.000000
-0.123948 -0.040962 0.000000
0.494641 -0.000384 0.000000
0.284322 0.019990 0.000000
-0.142600 0.042167 0.000000
-0.441652 -0.025836 0.000000
-0.071147 -0.039539 0.000000
0.483191 0.002363 0.000000
0.294858 0.019163 0.000000
-0.218493 0.042531 0.000000
0.205791 0.025804 0.000000
0.146053 -0.028736 0.000000
0.384267 0.011679 0.000000
0.433570 -0.006252 0.000000
-0.434364 -0.027204 0.000000
0.498077 -0.000041 0.000000
-0.279422 -0.040637 0.000000
-0.343737 -0.037509 0.000000
0.098287 -0.031657 0.000000
0.386638 -0.010482 0.000000
-0.400280 0.032976 0.000000
-0.184573 -0.041764 0.000000
0.235978 0.023644 0.000000
-0.076497 -0.039710 0.000000
-0.015218 0.038401 0.000000
0.304924 -0.017314 0.000000
0.179842 -0.026518 0.000000
0.196844 -0.025358 0.000000
-0.268548 0.041701 0.000000
-0.038755 -0.038387 0.000000
-0.257691 -0.041206 0.000000
0.458754 -0.003884 0.000000
-0.429932 -0.027977 0.000000
0.013239 0.037147 0.000000
0.217312 -0.023922 0.000000
-0.108109 -0.040600 0.000000
-0.291664 0.040959 0.000000
0.165263 0.028554 0.000000
-0.428901 -0.028151 0.000000
0.006475 0.037457 0.000000
0.280415 0.020295 0.000000
-0.234869 -0.041590 0.000000
0.017781 0.036936 0.000000
-0.065476 -0.039351 0.000000
0.375182 0.012478 0.000000
0.270297 0.021075 0.000000
-0.332169 -0.038257 0.000000
0.043869 -0.034649 0.000000
-0.496389 -0.003713 0.000000
-0.007205 0.038061 0.000000
-0.150931 0.042288 0.000000
0.272325 0.020919 0.000000
0.430084 0.007509 0.000000
0.377046 -0.011318 0.000000
0.410696 0.009302 0.000000
-0.325408 0.039378 0.000000
-0.183056 -0.041756 0.000000
-0.181744 -0.041748 0.000000
0.003864 0.037575 0.000000
0.116669 -0.030564 0.000000
-0.441396 0.026631 0.000000
-0.376345 0.035568 0.000000
0.027126 -0.035490 0.000000
-0.492923 0.008631 0.000000
-0.305873 0.040370 0.000000
-0.183195 0.042576 0.000000
0.365450 0.013324 0.000000
0.032789 -0.035210 0.000000
-0.301831 0.040548 0.000000
0.346894 -0.013887 0.000000
-0.320964 -0.038896 0.000000
0.107522 0.032158 0.000000
-0.458388 0.022868 0.000000
-0.385404 0.034660 0.000000
0.212909 0.025303 0.000000
0.206758 -0.024667 0.000000
0.260634 0.021810 0.000000
0.074454 0.034043 0.000000
0.157518 -0.027997 0.000000
-0.154842 0.042338 0.000000
0.470235 0.003651 0.000000
-0.180995 -0.041744 0.000000
-0.401825 -0.032061 0.000000
0.024236 -0.035631 0.000000
0.436480 0.006907 0.000000
-0.326979 0.039290 0.000000
0.117652 0.031554 0.000000
0.022255 -0.035727 0.000000
0.495118 0.001158 0.000000
-0.038740 0.039336 0.000000
0.049317 0.035381 0.000000
-0.062287 0.040173 0.000000
-0.164717 0.042446 0.000000
0.198061 0.026342 0.000000
-0.338347 -0.037869 0.000000
0.320455 0.017105 0.000000
-0.132681 -0.041136 0.000000
-0.036408 -0.038296 0.000000
0.171885 0.028117 0.000000
-0.206835 -0.041792 0.000000
-0.033784 0.039147 0.000000
0.190998 0.026828 0.000000
0.091747 0.033075 0.000000
-0.262736 0.041849 0.000000
0.417901 0.008641 0.000000
-0.042878 0.039491 0.000000
0.043560 -0.034665 0.000000
-0.009637 0.038165 0.000000
-0.087894 -0.040056 0.000000
0.075960 0.033961 0.000000
0.387600 0.011383 0.000000
-0.010074 0.038184 0.000000
0.180810 0.027520 0.000000
-0.467004 0.020516 0.000000
0.126373 0.031024 0.000000
-0.440647 0.026777 0.000000
0.220821 -0.023671 0.000000
-0.358635 -0.036402 0.000000
0.027519 0.036471 0.000000
-0.365170 0.036580 0.000000
-0.472661 -0.017957 0.000000
0.155932 0.029162 0.000000
-0.202397 -0.041798 0.000000
0.449104 -0.004800 0.000000
-0.475005 -0.017141 0.000000
0.212832 0.025308 0.000000
-0.049650 -0.038796 0.000000
-0.285626 0.041177 0.000000
-0.239446 -0.041529 0.000000
0.411117 -0.008305 0.000000
-0.371167 -0.035332 0.000000
0.249859 0.022619 0.000000
0.133783 -0.029511 0.000000
-0.246893 0.042182 0.000000
-0.239446 -0.041529 0.000000
-0.493776 0.007847 0.000000
-0.359001 -0.036372 0.000000
0.365934 0.013282 0.000000
-0.416626 0.030800 0.000000
0.448029 -0.004901 0.000000
0.000533 0.037723 0.000000
0.325637 -0.015644 0.000000
-0.401893 -0.032052 0.000000
0.330687 0.016264 0.000000
0.112453 -0.030818 0.000000
-0.222375 0.042499 0.000000
-0.205915 -0.041793 0.000000
-0.480609 -0.014958 0.000000
0.083920 -0.032483 0.000000
0.250857 -0.021479 0.000000
0.198498 0.026312 0.000000
-0.440776 -0.026007 0.000000
0.278120 -0.019414 0.000000
-0.137363 0.042083 0.000000
0.204469 -0.024828 0.000000
-0.050109 -0.038813 0.000000
-0.235101 -0.041588 0.000000
0.191649 -0.025715 0.000000
-0.430336 0.028646 0.000000
-0.269208 0.041684 0.000000
-0.358073 -0.036447 0.000000
0.405767 0.009752 0.000000
0.437278 -0.005908 0.000000
0.466814 0.003988 0.000000
0.292239 -0.018316 0.000000
-0.107968 0.041484 0.000000
0.283149 -0.019025 0.000000
-0.097257 0.041216 0.000000
-0.135159 0.042045 0.000000
0.208119 0.025641 0.000000
-0.182658 -0.041753 0.000000
-0.057054 -0.039062 0.000000
0.328521 0.016443 0.000000
0.451732 0.005453 0.000000
0.153996 0.029287 0.000000
0.427048 -0.006854 0.000000
-0.291380 -0.040229 0.000000
-0.037359 0.039284 0.000000
0.461541 -0.003618 0.000000
0.403565 -0.008983 0.000000
-0.315749 -0.039168 0.000000
-0.212761 0.042566 0.000000
0.029604 -0.035368 0.000000
-0.321247 0.039608 0.000000
0.228115 0.024215 0.000000
0.383183 -0.010784 0.000000
0.021840 0.036744 0.000000
0.088422 0.033264 0.000000
0.031322 0.036286 0.000000
0.478371 -0.001990 0.000000
-0.019574 -0.037616 0.000000
-0.128721 0.041928 0.000000
-0.487366 0.012459 0.000000
0.425883 -0.006961 0.000000
-0.350830 0.037724 0.000000
0.294212 0.019214 0.000000
-0.278962 0.041398 0.000000
-0.033776 0.039146 0.000000
0.068032 0.034393 0.000000
-0.244298 0.042226 0.000000
-0.254853 0.042027 0.000000
-0.363745 0.036701 0.000000
-0.494268 0.007351 0.000000
-0.341821 0.038361 0.000000
-0.001133 -0.036817 0.000000
0.454158 0.005220 0.000000
-0.068753 -0.039461 0.000000
0.384289 -0.010688 0.000000
-0.073707 0.040541 0.000000
0.429783 -0.006602 0.000000
0.207215 0.025704 0.000000
-0.084672 0.040870 0.000000
0.469911 -0.002812 0.000000
-0.235479 -0.041583 0.000000
-0.392104 0.033932 0.000000
-0.216096 -0.041755 0.000000
0.339770 -0.014481 0.000000
-0.029768 -0.038033 0.000000
0.109287 0.032054 0.000000
0.273605 -0.019761 0.000000
0.075880 -0.032934 0.000000
0.481316 -0.001702 0.000000
0.397030 -0.009565 0.000000
0.014485 0.037090 0.000000
-0.204473 0.042598 0.000000
0.147687 -0.028631 0.000000
-0.195519 -0.041796 0.000000
-0.435027 0.027826 0.000000
0.169574 0.028270 0.000000
0.155052 0.029219 0.000000
0.218725 0.024890 0.000000
-0.287156 -0.040381 0.000000
0.448078 -0.004897 0.000000
0.282999 0.020094 0.000000
0.244381 -0.021959 0.000000
0.324890 -0.015705 0.000000
0.301758 -0.017566 0.000000
-0.350970 0.037713 0.000000
-0.259637 0.041923 0.000000
0.365894 0.013285 0.000000
-0.323988 0.039458 0.000000
0.360235 0.013773 0.000000
-0.385361 -0.033943 0.000000
0.345341 0.015040 0.000000
-0.028543 -0.037984 0.000000
0.318463 -0.016227 0.000000
-0.451520 -0.023753 0.000000
0.015180 -0.036065 0.000000
0.444069 -0.005274 0.000000
0.241341 -0.022183 0.000000
-0.356163 -0.036598 0.000000
-0.318755 -0.039014 0.000000
0.324559 -0.015732 0.000000
0.304901 -0.017316 0.000000
-0.185859 -0.041769 0.000000
0.359091 0.013871 0.000000
0.199867 0.026217 0.000000
-0.170186 0.042494 0.000000
-0.183629 0.042577 0.000000
-0.110747 -0.040663 0.000000
-0.219110 0.042527 0.000000
0.170876 -0.027118 0.000000
0.474498 -0.002367 0.000000
0.013944 0.037115 0.000000
-0.486119 0.013141 0.000000
0.215085 0.025149 0.000000
0.035842 -0.035057 0.000000
0.023145 0.036681 0.000000
-0.101079 -0.040421 0.000000
0.164650 0.028594 0.000000
0.013499 0.037135 0.000000
0.226531 -0.023261 0.000000
0.416678 -0.007801 0.000000
0.471473 -0.002661 0.000000
-0.164003 -0.041604 0.000000
-0.076938 0.040640 0.000000
0.296332 0.019046 0.000000
0.382389 -0.010853 0.000000
0.244274 0.023034 0.000000
0.490275 0.001650 0.000000
0.399076 0.010357 0.000000
-0.413944 0.031183 0.000000
-0.006267 0.038021 0.000000
-0.129273 0.041939 0.000000
-0.460920 0.022216 0.000000
-0.090777 -0.040138 0.000000
-0.306963 -0.039588 0.000000
-0.374383 0.035753 0.000000
0.252832 0.022397 0.000000
-0.341620 0.038374 0.000000
0.382067 -0.010882 0.000000
0.012464 0.037183 0.000000
-0.075162 0.040586 0.000000
-0.092842 0.041099 0.000000
-0.010635 0.038208 0.000000
-0.267264 0.041735 0.000000
-0.033002 -0.038163 0.000000
-0.233273 0.042387 0.000000
-0.212950 -0.041771 0.000000
-0.003928 0.037919 0.000000
-0.300789 -0.039858 0.000000
-0.228274 0.042443 0.000000
-0.172117 0.042510 0.000000
0.077215 0.033891 0.000000
0.247981 0.022759 0.000000
-0.449325 0.024993 0.000000
0.216717 -0.023964 0.000000
-0.232293 0.042399 0.000000
0.302603 -0.017499 0.000000
-0.102024 0.041338 0.000000
-0.253013 -0.041302 0.000000
0.040643 0.035823 0.000000
-0.051282 0.039794 0.000000
-0.462322 0.021841 0.000000
-0.175849 0.042536 0.000000
0.352692 -0.013400 0.000000
-0.208601 -0.041787 0.000000
0.398600 -0.009426 0.000000
0.046462 0.035528 0.000000
-0.022705 -0.037746 0.000000
-0.279133 0.041392 0.000000
0.247004 -0.021765 0.000000
0.276600 0.020590 0.000000
-0.131855 -0.041120 0.000000
-0.230790 -0.041636 0.000000
0.478567 -0.001971 0.000000
-0.287037 -0.040385 0.000000
0.015876 -0.036032 0.000000
0.131135 0.030731 0.000000
-0.193865 -0.041794 0.000000
-0.090902 0.041045 0.000000
-0.119268 0.041739 0.000000
0.112643 -0.030806 0.000000
-0.163296 0.042432 0.000000
0.254588 -0.021201 0.000000
-0.288840 -0.040322 0.000000
0.017215 -0.035969 0.000000
-0.217986 0.042534 0.000000
-0.289257 0.041048 0.000000
0.116060 -0.030601 0.000000
-0.005932 -0.037030 0.000000
-0.078403 0.040685 0.000000
-0.495591 0.005773 0.000000
0.264666 0.021504 0.000000
-0.077443 -0.039740 0.000000
-0.270545 0.041648 0.000000
-0.309039 -0.039493 0.000000
-0.138399 -0.041240 0.000000
-0.064321 -0.039313 0.000000
-0.116141 0.041671 0.000000
0.000030 -0.036765 0.000000
0.201004 -0.025069 0.000000
0.132760 0.030630 0.000000
-0.409479 0.031798 0.000000
0.033683 0.036170 0.000000
0.038778 0.035917 0.000000
-0.453201 0.024121 0.000000
0.030566 0.036323 0.000000
0.045565 0.035574 0.000000
0.458770 -0.003883 0.000000
0.470664 -0.002739 0.000000
0.450733 -0.004646 0.000000
-0.093532 -0.040216 0.000000
-0.388206 0.034362 0.000000
-0.036837 0.039264 0.000000
-0.150757 -0.041437 0.000000
-0.394494 -0.032938 0.000000
-0.335835 -0.038030 0.000000
0.031145 0.036295 0.000000
0.486606 -0.001181 0.000000
0.065643 0.034522 0.000000
0.226039 0.024365 0.000000
-0.446004 -0.024953 0.000000
-0.081162 0.040767 0.000000
-0.448462 0.025181 0.000000
0.225643 0.024394 0.000000
-0.180957 0.042566 0.000000
0.444665 0.006130 0.000000
0.015259 -0.036062 0.000000
0.040407 -0.034826 0.000000
0.394788 0.010742 0.000000
0.053957 -0.034123 0.000000
0.050031 0.035345 0.000000
-0.488674 0.011691 0.000000
-0.436479 -0.026821 0.000000
0.082054 -0.032589 0.000000
0.177344 -0.026686 0.000000
0.060014 0.034822 0.000000
-0.341185 0.038404 0.000000
0.304146 0.018424 0.000000
0.355708 -0.013145 0.000000
-0.212951 -0.041771 0.000000
-0.328099 -0.038499 0.000000
-0.392115 0.033931 0.000000
-0.283176 -0.040517 0.000000
-0.032588 -0.038146 0.000000
0.172524 0.028074 0.000000
-0.013299 -0.037350 0.000000
-0.428337 0.028982 0.000000
-0.282502 0.041284 0.000000
-0.095415 -0.040268 0.000000
0.155881 0.029165 0.000000
-0.046691 -0.038687 0.000000
0.065581 0.034525 0.000000
0.452299 -0.004498 0.000000
-0.055315 0.039936 0.000000
-0.074077 -0.039633 0.000000
0.190203 0.026882 0.000000
-0.476074 0.017529 0.000000
-0.230509 -0.041639 0.000000
-0.114682 -0.040758 0.000000
0.450683 -0.004651 0.000000
-0.052518 0.039838 0.000000
0.326188 -0.015599 0.000000
-0.412858 0.031335 0.000000
-0.055241 -0.038998 0.000000
-0.194743 0.042604 0.000000
-0.289778 -0.040289 0.000000
-0.190492 0.042599 0.000000
-0.388605 0.034319 0.000000
0.097772 0.032728 0.000000
0.321461 0.017023 0.000000
0.190883 0.026836 0.000000
-0.058900 0.040059 0.000000
-0.339582 -0.037788 0.000000
-0.002018 0.037836 0.000000
0.341993 0.015322 0.000000
0.316778 -0.016363 0.000000
0.007062 -0.036445 0.000000
0.045145 -0.034583 0.000000
-0.095647 -0.040274 0.000000
-0.387295 -0.033738 0.000000
0.084907 0.033462 0.000000
-0.044295 -0.038598 0.000000
-0.423167 -0.029081 0.000000
0.462483 -0.003528 0.000000
-0.118650 0.041726 0.000000
0.394970 -0.009748 0.000000
0.426825 -0.006874 0.000000
0.413845 -0.008058 0.000000
-0.105919 -0.040545 0.000000
0.033525 0.036178 0.000000
-0.160778 0.042407 0.000000
-0.161419 -0.041575 0.000000
-0.103612 0.041378 0.000000
0.093518 0.032973 0.000000
-0.059201 0.040069 0.000000
0.117752 -0.030498 0.000000
0.394556 0.010763 0.000000
0.070304 -0.033243 0.000000
0.387275 0.011412 0.000000
-0.131669 -0.041117 0.000000
-0.334186 0.038856 0.000000
0.195980 0.026486 0.000000
0.162547 0.028732 0.000000
0.386190 0.011509 0.000000
0.031764 -0.035261 0.000000
0.006985 0.037434 0.000000
-0.248570 0.042151 0.000000
0.403686 -0.008972 0.000000
-0.147082 -0.041383 0.000000
-0.348080 -0.037204 0.000000
-0.100033 0.041288 0.000000
-0.140055 -0.041269 0.000000
0.301237 0.018656 0.000000
0.295496 0.019112 0.000000
-0.189352 0.042597 0.000000
0.127991 0.030925 0.000000
0.059114 -0.033849 0.000000
-0.394838 0.033621 0.000000
-0.183021 0.042575 0.000000
-0.327801 0.039241 0.000000
0.211144 -0.024359 0.000000
0.482087 0.002474 0.000000
-0.267946 -0.040964 0.000000
0.328826 -0.015383 0.000000
-0.284379 0.041220 0.000000
0.106500 0.032219 0.000000
-0.128634 -0.041058 0.000000
0.264286 0.021533 0.000000
0.421747 0.008285 0.000000
0.186193 -0.026088 0.000000
-0.257661 -0.041207 0.000000
0.057306 -0.033946 0.000000
-0.129698 -0.041079 0.000000
0.420905 0.008363 0.000000
-0.167649 0.042475 0.000000
-0.285251 0.041190 0.000000
-0.208936 0.042582 0.000000
-0.262203 -0.041106 0.000000
-0.489372 -0.010460 0.000000
-0.251284 0.042100 0.000000
-0.428247 0.028997 0.000000
-0.198801 0.042605 0.000000
0.451898 0.005437 0.000000
-0.058628 -0.039117 0.000000
-0.384639 0.034739 0.000000
-0.080227 0.040739 0.000000
0.017135 -0.035973 0.000000
-0.120391 0.041762 0.000000
0.082967 0.033571 0.000000
0.141519 0.030082 0.000000
-0.174580 0.042529 0.000000
-0.315054 0.039931 0.000000
0.028460 0.036425 0.000000
-0.215515 -0.041759 0.000000
-0.154924 0.042339 0.000000
-0.095551 0.041171 0.000000
0.147504 -0.028643 0.000000
-0.176957 0.042543 0.000000
-0.372949 0.035888 0.000000
-0.344579 -0.037451 0.000000
0.089584 -0.032160 0.000000
0.355740 0.014158 0.000000
0.465942 0.004073 0.000000
-0.492283 -0.008372 0.000000
0.405028 -0.008852 0.000000
-0.392588 0.033878 0.000000
-0.009817 0.038173 0.000000
-0.156557 -0.041516 0.000000
-0.343265 0.038263 0.000000
0.430453 0.007474 0.000000
-0.163849 -0.041602 0.000000
0.346604 0.014933 0.000000
-0.209673 0.042579 0.000000
-0.078709 0.040694 0.000000
-0.048966 -0.038771 0.000000
0.198343 -0.025254 0.000000
-0.196452 0.042606 0.000000
0.153798 -0.028238 0.000000
-0.207804 0.042586 0.000000
-0.021823 0.038673 0.000000
0.041412 -0.034774 0.000000
0.032279 0.036239 0.000000
0.242736 -0.022080 0.000000
0.285140 -0.018871 0.000000
0.152077 0.029411 0.000000
-0.086123 -0.040003 0.000000
0.131121 0.030732 0.000000
-0.108579 0.041498 0.000000
-0.190004 0.042598 0.000000
0.097419 -0.031708 0.000000
-0.172463 -0.041683 0.000000
0.156998 -0.028031 0.000000
0.119269 0.031456 0.000000
0.477002 0.002981 0.000000
-0.031478 -0.038102 0.000000
0.158192 0.029016 0.000000
0.376435 0.012368 0.000000
0.165571 0.028534 0.000000
0.300989 0.018676 0.000000
-0.171840 0.042507 0.000000
0.315734 -0.016448 0.000000
-0.326458 -0.038592 0.000000
0.231951 -0.022869 0.000000
-0.227126 0.042456 0.000000
0.331126 -0.015194 0.000000
-0.486202 -0.012308 0.000000
-0.271400 0.041624 0.000000
0.266586 -0.020296 0.000000
-0.169276 -0.041656 0.000000
0.319739 0.017164 0.000000
-0.248577 -0.041386 0.000000
-0.248362 -0.041390 0.000000
0.465518 0.004115 0.000000
-0.242016 0.042262 0.000000
0.206199 -0.024706 0.000000
0.096271 0.032815 0.000000
0.040968 0.035807 0.000000
0.299509 -0.017744 0.000000
-0.417656 0.030649 0.000000
-0.173616 -0.041693 0.000000
-0.252035 0.042086 0.000000
-0.326041 -0.038616 0.000000
-0.190418 0.042599 0.000000
0.492412 0.001433 0.000000
0.410356 0.009334 0.000000
-0.207980 -0.041789 0.000000
-0.079764 -0.039812 0.000000
-0.048604 -0.038758 0.000000
-0.333322 -0.038187 0.000000
-0.247374 -0.041406 0.000000
-0.194134 -0.041794 0.000000
-0.199153 -0.041800 0.000000
0.477004 0.002981 0.000000
-0.422020 0.029992 0.000000
0.411792 -0.008244 0.000000
-0.020041 0.038600 0.000000
0.188581 0.026993 0.000000
0.406344 0.009699 0.000000
-0.425723 -0.028675 0.000000
-0.443793 0.026155 0.000000
0.315578 0.017502 0.000000
0.437595 0.006802 0.000000
-0.126984 0.041895 0.000000
-0.085393 -0.039981 0.000000
-0.037845 -0.038352 0.000000
0.498114 0.000853 0.000000
0.286901 -0.018734 0.000000
-0.297257 -0.040002 0.000000
-0.030404 -0.038059 0.000000
0.128187 -0.029859 0.000000
-0.254088 0.042044 0.000000
0.391043 -0.010095 0.000000
-0.274156 0.041544 0.000000
-0.447707 0.025342 0.000000
0.182580 -0.026333 0.000000
0.139894 0.030185 0.000000
0.462253 -0.003550 0.000000
0.097688 0.032733 0.000000
0.062392 0.034696 0.000000
0.337024 -0.014708 0.000000
-0.125946 -0.041003 0.000000
-0.280695 -0.040596 0.000000
0.414745 -0.007977 0.000000
0.280034 -0.019266 0.000000
-0.249453 0.042134 0.000000
0.317082 0.017380 0.000000
0.111360 -0.030884 0.000000
-0.480689 0.015707 0.000000
-0.449661 -0.024168 0.000000
-0.486664 -0.012058 0.000000
0.010998 -0.036262 0.000000
0.300897 -0.017634 0.000000
-0.266806 -0.040995 0.000000
-0.130829 0.041968 0.000000
-0.284617 -0.040469 0.000000
0.445618 -0.005128 0.000000
0.365354 -0.012325 0.000000
-0.074174 0.040555 0.000000
-0.270145 -0.040906 0.000000
-0.333311 -0.038188 0.000000
0.445629 0.006039 0.000000
-0.088781 0.040986 0.000000
0.450810 0.005542 0.000000
-0.491947 -0.008640 0.000000
0.244912 -0.021920 0.000000
-0.243363 -0.041471 0.000000
0.179035 -0.026573 0.000000
0.245735 0.022925 0.000000
-0.251778 0.042091 0.000000
-0.266955 -0.040991 0.000000
-0.196141 -0.041797 0.000000
-0.352427 -0.036884 0.000000
0.435934 0.006959 0.000000
0.465768 0.004090 0.000000
0.226086 -0.023293 0.000000
-0.308221 0.040264 0.000000
0.123791 0.031182 0.000000
0.305439 0.018320 0.000000
0.030773 0.036313 0.000000
-0.204478 0.042598 0.000000
-0.075849 -0.039690 0.000000
0.247866 0.022767 0.000000
0.171344 0.028153 0.000000
0.067032 0.034447 0.000000
0.059994 -0.033802 0.000000
0.115498 0.031683 0.000000
0.030552 -0.035321 0.000000
0.090962 0.033120 0.000000
0.486834 0.001997 0.000000
-0.422314 0.029947 0.000000
0.311871 0.017803 0.000000
0.015546 -0.036048 0.000000
-0.023167 0.038728 0.000000
0.305623 0.018306 0.000000
-0.280576 -0.040600 0.000000
-0.026920 -0.037919 0.000000
0.473821 0.003297 0.000000
0.133113 0.030608 0.000000
0.366027 -0.012267 0.000000
-0.279179 -0.040645 0.000000
-0.205377 -0.041794 0.000000
0.463345 0.004327 0.000000
-0.426857 -0.028489 0.000000
-0.446055 0.025691 0.000000
0.298380 -0.017833 0.000000
-0.484790 -0.013037 0.000000
0.232497 0.023898 0.000000
-0.076571 0.040629 0.000000
-0.180607 0.042564 0.000000
-0.402999 0.032639 0.000000
-0.140469 0.042134 0.000000
-0.029203 -0.038011 0.000000
-0.147542 -0.041390 0.000000
0.376851 -0.011335 0.000000
-0.165410 -0.041618 0.000000
0.462600 0.004400 0.000000
0.352318 -0.013431 0.000000
0.102180 0.032472 0.000000
-0.313612 0.040004 0.000000
-0.378808 -0.034608 0.000000
0.384405 -0.010677 0.000000
0.260374 -0.020766 0.000000
-0.378588 0.035350 0.000000
0.102236 -0.031425 0.000000
-0.071690 -0.039556 0.000000
-0.144126 -0.041336 0.000000
0.084880 0.033464 0.000000
0.020072 0.036828 0.000000
0.330010 -0.015286 0.000000
0.295343 0.019124 0.000000
-0.034798 -0.038233 0.000000
-0.278040 0.041427 0.000000
0.323872 -0.015788 0.000000
-0.285229 -0.040448 0.000000
0.274702 0.020736 0.000000
-0.178430 -0.041729 0.000000
0.381757 0.011900 0.000000
-0.136399 -0.041205 0.000000
-0.208660 0.042583 0.000000
0.455110 -0.004231 0.000000
0.370054 0.012925 0.000000
-0.492613 0.008897 0.000000
0.223658 -0.023468 0.000000
0.092085 0.033055 0.000000
0.315568 -0.016461 0.000000
-0.427572 -0.028373 0.000000
-0.155671 0.042348 0.000000
0.011903 0.037209 0.000000
-0.343293 0.038261 0.000000
-0.115594 0.041659 0.000000
-0.486717 -0.012029 0.000000
0.492779 -0.000570 0.000000
0.028142 -0.035440 0.000000
0.413876 0.009011 0.000000
0.280813 -0.019206 0.000000
0.156844 -0.028041 0.000000
-0.418323 0.030551 0.000000
0.190153 0.026886 0.000000
-0.344678 -0.037444 0.000000
-0.476573 0.017344 0.000000
-0.493269 0.008324 0.000000
-0.258872 -0.041181 0.000000
0.172581 -0.027005 0.000000
0.014980 0.037067 0.000000
0.265982 -0.020342 0.000000
0.339632 0.015519 0.000000
0.455784 0.005062 0.000000
-0.360338 -0.036265 0.000000
0.106100 0.032242 0.000000
0.429563 0.007557 0.000000
0.292865 -0.018267 0.000000
-0.084759 0.040872 0.000000
-0.346286 -0.037332 0.000000
-0.469875 -0.018868 0.000000
-0.471940 0.018971 0.000000
-0.133389 0.042014 0.000000
0.148137 -0.028603 0.000000
-0.418560 -0.029784 0.000000
-0.263569 0.041830 0.000000
-0.294364 -0.040117 0.000000
0.161921 0.028773 0.000000
0.170548 0.028205 0.000000
-0.203276 0.042600 0.000000
0.488959 0.001783 0.000000
-0.196698 -0.041797 0.000000
0.413471 0.009048 0.000000
0.348342 0.014787 0.000000
0.061817 -0.033704 0.000000
0.368437 0.013065 0.000000
0.389540 0.011211 0.000000
-0.157337 -0.041526 0.000000
0.036230 0.036044 0.000000
-0.015117 -0.037428 0.000000
-0.085131 0.040883 0.000000
-0.433440 -0.027369 0.000000
0.108705 -0.031042 0.000000
0.057178 -0.033952 0.000000
0.297166 0.018980 0.000000
-0.262295 -0.041103 0.000000
-0.328541 0.039197 0.000000
-0.393401 0.033786 0.000000
0.043772 0.035665 0.000000
0.478531 -0.001974 0.000000
0.448920 -0.004817 0.000000
-0.078459 -0.039771 0.000000
-0.067278 0.040337 0.000000
-0.096549 0.041197 0.000000
0.148770 0.029622 0.000000
-0.139102 0.042113 0.000000
0.341401 0.015371 0.000000
0.186672 -0.026056 0.000000
0.256027 -0.021093 0.000000
-0.155744 -0.041507 0.000000
-0.070053 -0.039504 0.000000
0.394309 -0.009806 0.000000
0.079631 -0.032725 0.000000
-0.385884 -0.033888 0.000000
-0.255711 -0.041248 0.000000
0.465066 0.004159 0.000000
-0.147096 0.042235 0.000000
0.417600 0.008669 0.000000
0.130792 -0.029697 0.000000
-0.497093 -0.002097 0.000000
0.355605 0.014169 0.000000
-0.286634 0.041142 0.000000
0.252346 -0.021368 0.000000
-0.132067 0.041992 0.000000
0.474853 0.003195 0.000000
0.010722 -0.036275 0.000000
-0.014849 -0.037417 0.000000
-0.396979 -0.032648 0.000000
0.485457 0.002136 0.000000
0.222155 -0.023576 0.000000
-0.379952 -0.034496 0.000000
-0.165575 0.042455 0.000000
-0.495953 0.005246 0.000000
0.361307 -0.012670 0.000000
0.247280 0.022811 0.000000
0.473448 0.003334 0.000000
0.092737 0.033018 0.000000
-0.476874 -0.016453 0.000000
-0.117920 -0.040830 0.000000
0.017507 0.036948 0.000000
0.179368 -0.026550 0.000000
-0.071827 0.040482 0.000000
-0.481796 -0.014444 0.000000
0.382390 0.011845 0.000000
0.325342 0.016705 0.000000
-0.255137 -0.041261 0.000000
0.272158 -0.019872 0.000000
0.082463 -0.032566 0.000000
0.476715 -0.002151 0.000000
0.323551 -0.015814 0.000000
-0.062286 -0.039244 0.000000
-0.328194 0.039218 0.000000
-0.310042 0.040177 0.000000
-0.154881 -0.041495 0.000000
-0.155986 0.042352 0.000000
0.022814 0.036697 0.000000
-0.416195 -0.030131 0.000000
-0.094763 -0.040251 0.000000
0.305344 0.018328 0.000000
-0.288026 0.041093 0.000000
0.190755 0.026845 0.000000
-0.316616 -0.039123 0.000000
-0.032631 0.039102 0.000000
-0.233192 0.042388 0.000000
0.136677 0.030386 0.000000
0.145005 -0.028803 0.000000
0.425663 -0.006981 0.000000
-0.274600 0.041531 0.000000
0.467913 0.003880 0.000000
0.308918 -0.016995 0.000000
0.335050 0.015902 0.000000
0.293526 0.019268 0.000000
-0.464552 0.021225 0.000000
0.117952 0.031536 0.000000
-0.168001 0.042477 0.000000
0.225329 -0.023348 0.000000
-0.012563 0.038290 0.000000
-0.451796 -0.023690 0.000000
0.174296 0.027956 0.000000
-0.096603 0.041199 0.000000
-0.319020 -0.039000 0.000000
-0.404932 -0.031668 0.000000
-0.209476 0.042580 0.000000
-0.416434 0.030828 0.000000
0.239296 0.023400 0.000000
-0.375883 -0.034892 0.000000
-0.156006 -0.041510 0.000000
0.475940 0.003087 0.000000
-0.216121 0.042546 0.000000
0.365389 -0.012322 0.000000
0.234387 0.023760 0.000000
0.432522 0.007280 0.000000
0.061382 -0.033728 0.000000
-0.356774 -0.036551 0.000000
0.109184 0.032060 0.000000
0.252556 -0.021352 0.000000
0.176280 -0.026758 0.000000
-0.438894 -0.026369 0.000000
0.050565 -0.034301 0.000000
-0.424158 0.029658 0.000000
0.384297 -0.010687 0.000000
0.220960 -0.023661 0.000000
-0.267231 0.041736 0.000000
0.393253 0.010880 0.000000
0.231120 -0.022929 0.000000
-0.496469 -0.003564 0.000000
-0.370189 0.036139 0.000000
0.478012 0.002881 0.000000
-0.467048 0.020503 0.000000
0.177272 -0.026691 0.000000
0.229500 0.024115 0.000000
0.174819 0.027921 0.000000
0.094127 -0.031899 0.000000
-0.297685 -0.039985 0.000000
-0.405398 0.032334 0.000000
-0.490340 0.010614 0.000000
-0.332493 -0.038238 0.000000
0.035595 -0.035069 0.000000
-0.334770 -0.038096 0.000000
0.271911 -0.019891 0.000000
-0.231163 0.042411 0.000000
0.464796 0.004185 0.000000
-0.377625 0.035444 0.000000
0.055077 0.035082 0.000000
0.026302 -0.035530 0.000000
-0.021856 -0.037711 0.000000
0.176452 -0.026746 0.000000
-0.420146 0.030278 0.000000
0.037635 0.035974 0.000000
-0.234380 -0.041596 0.000000
-0.417825 0.030624 0.000000
0.031956 0.036255 0.000000
0.120797 0.031364 0.000000
0.429163 -0.006659 0.000000
0.197085 -0.025341 0.000000
-0.267756 -0.040969 0.000000
0.408387 0.009513 0.000000
-0.181178 0.042567 0.000000
-0.003739 -0.036933 0.000000
-0.272856 -0.040833 0.000000
0.147801 -0.028624 0.000000
0.386490 0.011482 0.000000
0.401062 -0.009207 0.000000
-0.180038 -0.041738 0.000000
0.277231 -0.019482 0.000000
-0.157170 -0.041524 0.000000
0.130471 0.030772 0.000000
0.171193 -0.027097 0.000000
-0.355332 -0.036662 0.000000
-0.491893 0.009480 0.000000
-0.365043 -0.035871 0.000000
-0.206665 0.042590 0.000000
0.063092 -0.033635 0.000000
-0.377393 0.035466 0.000000
0.497715 -0.000077 0.000000
-0.391500 0.034001 0.000000
0.469715 0.003702 0.000000
0.208466 -0.024547 0.000000
-0.150738 0.042285 0.000000
0.290153 0.019534 0.000000
-0.335356 -0.038060 0.000000
-0.351646 0.037664 0.000000
-0.210451 -0.041780 0.000000
0.132382 -0.029598 0.000000
0.072229 0.034165 0.000000
0.361841 -0.012625 0.000000
0.493108 0.001363 0.000000
0.130794 0.030752 0.000000
-0.067408 0.040341 0.000000
-0.115334 0.041653 0.000000
-0.347586 0.037961 0.000000
0.227055 0.024292 0.000000
0.168865 0.028317 0.000000
-0.075832 -0.039690 0.000000
0.290412 -0.018459 0.000000
-0.137258 -0.041220 0.000000
-0.184568 0.042581 0.000000
0.440792 -0.005580 0.000000
-0.336736 -0.037973 0.000000
0.500276 0.000632 0.000000
0.243872 -0.021997 0.000000
-0.491998 0.009398 0.000000
-0.237934 -0.041549 0.000000
-0.018074 -0.037553 0.000000
0.020536 0.036806 0.000000
-0.076113 0.040615 0.000000
-0.098661 -0.040356 0.000000
0.345661 -0.013990 0.000000
-0.023225 -0.037767 0.000000
-0.269476 -0.040923 0.000000
-0.266143 0.041765 0.000000
0.492474 0.001427 0.000000
0.038953 -0.034900 0.000000
-0.160581 0.042405 0.000000
0.030342 -0.035331 0.000000
-0.273381 0.041566 0.000000
0.302942 0.018520 0.000000
0.257899 0.022016 0.000000
-0.114658 -0.040757 0.000000
0.049413 0.035376 0.000000
0.341732 0.015343 0.000000
0.450585 0.005564 0.000000
0.144350 0.029903 0.000000
-0.424491 -0.028871 0.000000
0.356851 0.014063 0.000000
-0.469817 -0.018886 0.000000
0.352845 -0.013387 0.000000
-0.193321 -0.041793 0.000000
-0.042917 -0.038546 0.000000
0.219718 -0.023750 0.000000
-0.335475 -0.038052 0.000000
-0.145024 -0.041350 0.000000
-0.158793 -0.041543 0.000000
-0.388628 -0.033594 0.000000
0.418559 -0.007630 0.000000
0.132995 -0.029560 0.000000
0.427538 -0.006809 0.000000
-0.337245 0.038663 0.000000
0.325808 0.016666 0.000000
-0.446737 0.025548 0.000000
-0.022590 -0.037741 0.000000
0.140275 -0.029103 0.000000
-0.456485 0.023340 0.000000
0.001981 0.037659 0.000000
0.477626 -0.002063 0.000000
0.230852 -0.022949 0.000000
-0.281076 0.041330 0.000000
0.493862 -0.000462 0.000000
-0.284698 0.041209 0.000000
-0.427550 -0.028376 0.000000
-0.329082 0.039165 0.000000
0.112856 -0.030794 0.000000
0.171880 0.028117 0.000000
0.295937 -0.018026 0.000000
-0.440143 -0.026130 0.000000
0.419273 0.008514 0.000000
0.249939 0.022613 0.000000
0.392322 -0.009982 0.000000
-0.447831 0.025316 0.000000
-0.303402 0.040482 0.000000
0.230828 -0.022951 0.000000
0.266743 -0.020285 0.000000
-0.377257 -0.034760 0.000000
-0.311221 -0.039390 0.000000
-0.254094 -0.041282 0.000000
-0.391933 0.033952 0.000000
0.253821 0.022323 0.000000
0.188050 0.027029 0.000000
-0.464503 0.021238 0.000000
-0.404408 0.032461 0.000000
0.320176 -0.016088 0.000000
0.366123 -0.012259 0.000000
-0.491484 0.009794 0.000000
0.439839 0.006589 0.000000
-0.438905 0.027110 0.000000
-0.051396 -0.038860 0.000000
-0.356167 0.037317 0.000000
0.117458 0.031566 0.000000
-0.265562 -0.041025 0.000000
-0.308636 -0.039511 0.000000
-0.191956 -0.041791 0.000000
-0.362951 0.036769 0.000000
0.125761 0.031061 0.000000
-0.367372 -0.035671 0.000000
0.472063 0.003471 0.000000
-0.124585 0.041848 0.000000
-0.044356 0.039545 0.000000
-0.347056 -0.037277 0.000000
0.454125 0.005223 0.000000
0.264302 0.021532 0.000000
-0.245455 0.042207 0.000000
0.208813 0.025592 0.000000
-0.478986 -0.015630 0.000000
-0.445017 0.025905 0.000000
-0.396967 0.033374 0.000000
0.327443 0.016532 0.000000
-0.185458 0.042584 0.000000
0.316393 0.017436 0.000000
-0.391405 -0.033288 0.000000
-0.411287 0.031552 0.000000
-0.015492 0.038412 0.000000
-0.458020 0.022960 0.000000
0.457013 -0.004050 0.000000
0.493644 -0.000484 0.000000
-0.220890 0.042512 0.000000
-0.417345 0.030694 0.000000
0.392667 -0.009951 0.000000
-0.404296 -0.031750 0.000000
0.227939 0.024228 0.000000
0.028384 0.036429 0.000000
-0.041886 -0.038506 0.000000
0.101194 -0.031487 0.000000
0.268884 -0.020122 0.000000
-0.018017 0.038517 0.000000
0.453214 0.005311 0.000000
0.284021 0.020014 0.000000
-0.480387 0.015835 0.000000
0.186551 0.027131 0.000000
0.384982 0.011616 0.000000
-0.176316 0.042539 0.000000
-0.319860 -0.038956 0.000000
0.432187 0.007311 0.000000
-0.142417 -0.041309 0.000000
0.315283 0.017526 0.000000
-0.102066 -0.040446 0.000000
-0.275647 -0.040751 0.000000
-0.497238 -0.001605 0.000000
0.139974 0.030180 0.000000
0.002020 0.037657 0.000000
0.040775 -0.034807 0.000000
0.378359 -0.011204 0.000000
-0.310379 0.040161 0.000000
-0.372177 0.035958 0.000000
-0.292946 -0.040170 0.000000
-0.393289 0.033798 0.000000
-0.081412 0.040774 0.000000
0.108007 -0.031084 0.000000
-0.110775 -0.040664 0.000000
0.104719 -0.031279 0.000000
0.029623 -0.035367 0.000000
-0.437794 -0.026576 0.000000
0.290870 0.019477 0.000000
0.138047 0.030300 0.000000
0.354061 -0.013285 0.000000
-0.433449 -0.027368 0.000000
0.297955 -0.017867 0.000000
0.410026 -0.008403 0.000000
0.329027 0.016401 0.000000
0.050395 -0.034310 0.000000
-0.307174 -0.039578 0.000000
0.010967 -0.036263 0.000000
0.494539 -0.000394 0.000000
0.048699 0.035413 0.000000
0.176800 0.027789 0.000000
-0.282922 -0.040525 0.000000
-0.462755 0.021724 0.000000
0.339142 -0.014533 0.000000
-0.362129 0.036837 0.000000
0.126352 -0.029972 0.000000
-0.295463 0.040811 0.000000
0.246671 0.022856 0.000000
0.247002 0.022832 0.000000
-0.385198 -0.033960 0.000000
0.077062 0.033900 0.000000
-0.462493 0.021795 0.000000
-0.112077 0.041580 0.000000
0.158302 0.029009 0.000000
0.259635 0.021886 0.000000
0.044747 -0.034604 0.000000
-0.219083 -0.041737 0.000000
-0.051818 0.039813 0.000000
0.457783 -0.003977 0.000000
-0.471719 -0.018271 0.000000
0.500653 0.000217 0.000000
-0.313577 0.040006 0.000000
-0.363961 -0.035964 0.000000
-0.121855 0.041792 0.000000
0.454670 -0.004273 0.000000
0.334774 -0.014894 0.000000
0.060869 -0.033755 0.000000
0.346089 -0.013954 0.000000
0.224049 0.024509 0.000000
0.363929 0.013455 0.000000
-0.207247 0.042588 0.000000
-0.385419 0.034658 0.000000
0.038623 -0.034917 0.000000
0.229597 -0.023040 0.000000
-0.281703 0.041311 0.000000
-0.279593 -0.040632 0.000000
-0.418277 0.030558 0.000000
0.211960 0.025370 0.000000
-0.364722 0.036618 0.000000
0.214903 -0.024093 0.000000
-0.259658 0.041923 0.000000
0.189866 -0.025838 0.000000
-0.325716 0.039361 0.000000
0.333595 -0.014991 0.000000
0.109592 0.032036 0.000000
0.441655 0.006417 0.000000
-0.456720 0.023283 0.000000
-0.118395 -0.040841 0.000000
-0.238932 0.042310 0.000000
0.184405 -0.026210 0.000000
-0.233372 0.042386 0.000000
-0.105649 -0.040538 0.000000
0.257371 0.022056 0.000000
0.410917 0.009282 0.000000
0.329275 0.016380 0.000000
-0.200822 0.042602 0.000000
-0.292778 -0.040177 0.000000
0.234570 -0.022679 0.000000
-0.167941 -0.041643 0.000000
-0.226820 0.042459 0.000000
0.048045 0.035447 0.000000
-0.382298 0.034980 0.000000
0.441626 0.006420 0.000000
-0.054593 0.039911 0.000000
-0.018288 -0.037562 0.000000
-0.380997 0.035111 0.000000
0.057986 -0.033909 0.000000
-0.266607 -0.040999 0.000000
-0.307920 -0.039544 0.000000
0.041242 0.035793 0.000000
-0.213902 0.042559 0.000000
-0.084602 -0.039958 0.000000
0.083803 0.033524 0.000000
-0.233767 -0.041603 0.000000
-0.208440 0.042584 0.000000
-0.281809 -0.040561 0.000000
0.054472 -0.034096 0.000000
0.021160 0.036776 0.000000
0.441703 0.006413 0.000000
-0.182631 0.042574 0.000000
0.178032 0.027706 0.000000
-0.116103 0.041670 0.000000
0.408230 -0.008565 0.000000
0.107985 -0.031085 0.000000
-0.063755 0.040221 0.000000
0.436238 0.006930 0.000000
-0.151686 0.042298 0.000000
-0.072069 -0.039569 0.000000
0.132475 0.030648 0.000000
0.381864 -0.010899 0.000000
-0.077102 0.040645 0.000000
0.095420 0.032864 0.000000
-0.416354 0.030839 0.000000
0.120812 -0.030312 0.000000
-0.487239 0.012530 0.000000
-0.368143 0.036321 0.000000
-0.370143 -0.035424 0.000000
0.393851 0.010826 0.000000
-0.204987 0.042596 0.000000
-0.356413 -0.036579 0.000000
-0.445098 0.025889 0.000000
-0.265180 -0.041034 0.000000
-0.332993 -0.038208 0.000000
0.340535 0.015444 0.000000
-0.177031 -0.041720 0.000000
0.314435 0.017595 0.000000
-0.273669 0.041558 0.000000
-0.072644 0.040508 0.000000
0.381829 -0.010902 0.000000
0.354116 -0.013280 0.000000
-0.029062 -0.038005 0.000000
-0.352119 -0.036907 0.000000
-0.281844 0.041306 0.000000
-0.062599 0.040183 0.000000
-0.230272 -0.041642 0.000000
-0.271989 -0.040856 0.000000
0.204920 -0.024796 0.000000
0.255263 -0.021150 0.000000
0.434214 -0.006192 0.000000
0.083702 0.033530 0.000000
-0.080416 -0.039832 0.000000
-0.005523 0.037988 0.000000
0.315913 -0.016433 0.000000
0.141821 0.030063 0.000000
0.177667 0.027731 0.000000
-0.439436 0.027010 0.000000
0.351441 -0.013505 0.000000
0.114838 0.031723 0.000000
-0.328918 -0.038451 0.000000
0.484141 0.002268 0.000000
0.159420 -0.027873 0.000000
-0.162779 0.042427 0.000000
-0.270780 -0.040889 0.000000
-0.244113 -0.041459 0.000000
0.426397 -0.006914 0.000000
-0.049847 -0.038804 0.000000
0.346595 -0.013912 0.000000
0.273504 0.020828 0.000000
-0.470131 0.019557 0.000000
0.220581 -0.023688 0.000000
0.197691 0.026367 0.000000
-0.098280 -0.040345 0.000000
-0.425878 0.029384 0.000000
0.150264 0.029527 0.000000
0.052785 0.035202 0.000000
-0.035205 -0.038249 0.000000
0.405379 -0.008821 0.000000
-0.026030 -0.037883 0.000000
-0.238044 -0.041548 0.000000
0.449211 0.005696 0.000000
-0.132776 -0.041138 0.000000
0.105594 -0.031227 0.000000
0.125854 -0.030003 0.000000
0.206933 0.025724 0.000000
-0.125790 -0.041000 0.000000
0.363371 0.013503 0.000000
0.042763 -0.034705 0.000000
0.407219 0.009620 0.000000
-0.063727 -0.039293 0.000000
0.020761 0.036795 0.000000
-0.155707 0.042348 0.000000
-0.377489 0.035457 0.000000
-0.150121 0.042277 0.000000
0.314944 -0.016511 0.000000
0.122430 -0.030213 0.000000
-0.453167 0.024129 0.000000
-0.033894 0.039151 0.000000
0.384229 0.011682 0.000000
0.246096 0.022899 0.000000
-0.200740 0.042602 0.000000
-0.014055 -0.037383 0.000000
0.149641 0.029567 0.000000
-0.024177 -0.037806 0.000000
0.460724 -0.003696 0.000000
0.377874 -0.011246 0.000000
0.306396 -0.017197 0.000000
0.209550 -0.024471 0.000000
0.273788 -0.019747 0.000000
0.353716 -0.013314 0.000000
-0.369654 -0.035468 0.000000
-0.168202 0.042479 0.000000
-0.083651 0.040840 0.000000
0.245635 -0.021867 0.000000
0.423834 -0.007149 0.000000
-0.058234 0.040036 0.000000
-0.042928 -0.038546 0.000000
-0.273484 -0.040814 0.000000
0.485000 -0.001340 0.000000
0.165604 0.028532 0.000000
-0.289794 0.041028 0.000000
-0.290233 0.041012 0.000000
-0.003455 0.037898 0.000000
-0.270972 -0.040883 0.000000
0.184832 0.027248 0.000000
-0.247357 -0.041406 0.000000
0.184699 0.027257 0.000000
-0.490053 0.010809 0.000000
-0.495514 0.005879 0.000000
-0.315116 -0.039200 0.000000
-0.093453 -0.040214 0.000000
-0.122401 -0.040929 0.000000
0.076898 0.033909 0.000000
0.486528 -0.001189 0.000000
0.023790 0.036651 0.000000
0.175964 -0.026779 0.000000
-0.305123 -0.039672 0.000000
0.349776 -0.013645 0.000000
0.494971 -0.000351 0.000000
-0.222624 0.042497 0.000000
-0.364712 -0.035900 0.000000
0.047983 0.035450 0.000000
-0.482364 0.014974 0.000000
0.074013 0.034067 0.000000
-0.265491 0.041782 0.000000
0.116088 -0.030599 0.000000
-0.168006 -0.041644 0.000000
0.367410 -0.012149 0.000000
-0.337621 -0.037916 0.000000
-0.467211 0.020454 0.000000
0.137275 -0.029292 0.000000
0.207066 -0.024646 0.000000
0.087743 0.033302 0.000000
-0.485616 -0.012616 0.000000
0.375272 0.012470 0.000000
-0.122604 -0.040933 0.000000
0.183889 -0.026245 0.000000
-0.057839 0.040022 0.000000
-0.227745 -0.041668 0.000000
-0.390013 -0.033443 0.000000
-0.043156 -0.038555 0.000000
0.350800 0.014578 0.000000
0.340014 -0.014460 0.000000
-0.212833 -0.041771 0.000000
-0.115452 0.041655 0.000000
0.070985 0.034233 0.000000
0.349892 -0.013636 0.000000
0.089435 0.033206 0.000000
-0.015534 0.038414 0.000000
0.273877 -0.019740 0.000000
0.251885 -0.021403 0.000000
0.280285 -0.019247 0.000000
-0.304197 0.040446 0.000000
0.209350 -0.024485 0.000000
-0.466406 -0.019925 0.000000
-0.213236 0.042563 0.000000
0.364251 -0.012419 0.000000
-0.270232 -0.040903 0.000000
0.326703 0.016593 0.000000
-0.175545 0.042535 0.000000
-0.473247 0.018531 0.000000
-0.317137 -0.039097 0.000000
-0.478721 0.016516 0.000000
-0.405528 0.032317 0.000000
-0.180827 0.042565 0.000000
-0.247539 0.042170 0.000000
-0.281256 0.041325 0.000000
-0.356034 0.037328 0.000000
0.411157 -0.008301 0.000000
-0.179822 -0.041737 0.000000
0.012851 -0.036175 0.000000
-0.390371 0.034125 0.000000
-0.307580 0.040293 0.000000
-0.496190 0.004865 0.000000
-0.334577 0.038832 0.000000
-0.404486 -0.031725 0.000000
0.332755 0.016092 0.000000
-0.325208 0.039389 0.000000
0.036550 -0.035021 0.000000
0.005402 -0.036521 0.000000
-0.344763 0.038160 0.000000
0.078759 -0.032774 0.000000
-0.444009 -0.025364 0.000000
0.117257 -0.030528 0.000000
-0.361845 0.036860 0.000000
-0.024541 0.038783 0.000000
0.360168 0.013779 0.000000
0.297396 -0.017911 0.000000
-0.248102 0.042159 0.000000
-0.185600 -0.041768 0.000000
0.192436 -0.025661 0.000000
-0.088337 0.040974 0.000000
-0.484128 0.014150 0.000000
0.340381 -0.014430 0.000000
-0.476635 0.017321 0.000000
0.233591 0.023818 0.000000
0.289842 0.019558 0.000000
-0.402932 -0.031923 0.000000
0.444359 -0.005246 0.000000
-0.129927 0.041951 0.000000
0.236872 -0.022511 0.000000
-0.313355 -0.039286 0.000000
-0.218247 0.042533 0.000000
-0.051426 0.039799 0.000000
0.054837 0.035095 0.000000
-0.495923 0.005292 0.000000
-0.310844 -0.039408 0.000000
0.042925 0.035708 0.000000
0.419099 -0.007581 0.000000
-0.255912 -0.041244 0.000000
0.480004 0.002682 0.000000
0.030303 0.036336 0.000000
0.417698 -0.007709 0.000000
-0.331217 0.039039 0.000000
-0.172815 0.042515 0.000000
0.427350 -0.006826 0.000000
-0.038923 -0.038394 0.000000
-0.094214 0.041135 0.000000
-0.497408 0.001587 0.000000
-0.161077 -0.041571 0.000000
-0.288406 0.041079 0.000000
-0.429168 0.028844 0.000000
-0.107927 0.041483 0.000000
0.349845 -0.013639 0.000000
0.148792 0.029621 0.000000
-0.123781 -0.040958 0.000000
0.244956 -0.021917 0.000000
0.155095 0.029216 0.000000
0.238644 -0.022381 0.000000
-0.297831 0.040717 0.000000
-0.278174 -0.040676 0.000000
-0.279923 -0.040621 0.000000
0.143802 -0.028879 0.000000
-0.048169 -0.038742 0.000000
-0.340841 0.038427 0.000000
-0.385969 -0.033879 0.000000
0.328166 -0.015437 0.000000
-0.333084 -0.038202 0.000000
-0.114420 -0.040752 0.000000
0.493820 -0.000466 0.000000
-0.093132 0.041106 0.000000
0.173620 0.028001 0.000000
0.325349 -0.015668 0.000000
0.391270 -0.010075 0.000000
-0.297613 -0.039988 0.000000
0.289821 -0.018506 0.000000
0.447955 0.005816 0.000000
0.027870 -0.035453 0.000000
-0.165066 0.042450 0.000000
0.490062 0.001672 0.000000
-0.144953 0.042204 0.000000
-0.345169 -0.037411 0.000000
-0.191348 0.042600 0.000000
-0.304911 -0.039681 0.000000
-0.123612 -0.040955 0.000000
0.092983 -0.031965 0.000000
-0.253415 -0.041294 0.000000
-0.257271 -0.041215 0.000000
0.397554 -0.009519 0.000000
-0.005337 -0.037004 0.000000
0.359561 -0.012819 0.000000
-0.320616 -0.038915 0.000000
0.347918 -0.013801 0.000000
0.487720 -0.001071 0.000000
-0.273225 -0.040822 0.000000
-0.391920 0.033953 0.000000
0.208399 0.025621 0.000000
-0.231786 -0.041625 0.000000
-0.216220 0.042545 0.000000
-0.438552 0.027177 0.000000
0.090351 -0.032116 0.000000
-0.466515 0.020660 0.000000
-0.161749 0.042417 0.000000
-0.314042 -0.039253 0.000000
0.354330 0.014278 0.000000
-0.073002 -0.039599 0.000000
-0.315240 -0.039194 0.000000
0.185676 0.027191 0.000000
-0.457003 0.023213 0.000000
-0.157809 -0.041531 0.000000
-0.059069 -0.039132 0.000000
0.006767 -0.036458 0.000000
-0.440223 0.026858 0.000000
0.050982 0.035296 0.000000
-0.311586 0.040103 0.000000
-0.162892 0.042428 0.000000
0.373938 -0.011587 0.000000
0.064559 -0.033556 0.000000
-0.451666 -0.023720 0.000000
0.319285 0.017201 0.000000
0.304858 -0.017319 0.000000
0.309994 0.017954 0.000000
-0.259481 -0.041167 0.000000
-0.419547 0.030368 0.000000
0.443741 -0.005304 0.000000
0.022693 0.036703 0.000000
-0.413770 0.031208 0.000000
-0.421443 -0.029349 0.000000
0.145263 0.029846 0.000000
0.206760 -0.024667 0.000000
0.099871 0.032607 0.000000
0.034595 0.036125 0.000000
-0.219014 0.042528 0.000000
0.484538 0.002228 0.000000
-0.380739 0.035137 0.000000
0.192369 0.026734 0.000000
0.442999 0.006289 0.000000
-0.214287 -0.041766 0.000000
0.404512 -0.008898 0.000000
0.085205 0.033446 0.000000
0.334969 0.015908 0.000000
0.249175 0.022670 0.000000
0.434687 0.007076 0.000000
-0.332683 0.038949 0.000000
0.440403 0.006536 0.000000
0.439277 0.006643 0.000000
-0.018297 -0.037562 0.000000
0.446508 -0.005045 0.000000
-0.058540 -0.039114 0.000000
-0.019102 -0.037596 0.000000
0.433902 0.007150 0.000000
0.258485 0.021972 0.000000
0.126709 -0.029950 0.000000
-0.452289 0.024331 0.000000
-0.224956 0.042477 0.000000
0.067658 -0.033388 0.000000
0.441261 0.006455 0.000000
0.380638 -0.011006 0.000000
-0.119728 0.041748 0.000000
0.087497 0.033316 0.000000
0.294156 0.019218 0.000000
-0.148503 0.042255 0.000000
-0.115129 -0.040768 0.000000
-0.416449 -0.030095 0.000000
-0.140049 0.042128 0.000000
0.054716 -0.034083 0.000000
0.038111 0.035950 0.000000
0.451606 -0.004564 0.000000
0.320612 -0.016053 0.000000
0.479890 -0.001841 0.000000
0.233821 0.023801 0.000000
0.108322 0.032111 0.000000
-0.105910 0.041435 0.000000
0.421708 0.008289 0.000000
-0.401345 -0.032120 0.000000
-0.052198 0.039827 0.000000
-0.323302 -0.038770 0.000000
0.354445 0.014268 0.000000
-0.239535 0.042302 0.000000
-0.228401 -0.041662 0.000000
0.272449 -0.019849 0.000000
0.071014 -0.033204 0.000000
-0.073568 0.040537 0.000000
-0.151353 0.042294 0.000000
-0.030810 -0.038075 0.000000
0.387828 -0.010378 0.000000
0.240872 0.023285 0.000000
0.337173 -0.014696 0.000000
-0.431935 0.028372 0.000000
0.190120 -0.025820 0.000000
0.122785 -0.030191 0.000000
0.013685 -0.036136 0.000000
-0.427638 0.029097 0.000000
-0.295224 -0.040084 0.000000
-0.434712 0.027882 0.000000
0.469033 0.003770 0.000000
-0.176643 0.042541 0.000000
0.223540 -0.023476 0.000000
-0.164471 0.042444 0.000000
0.037509 -0.034973 0.000000
-0.380783 -0.034413 0.000000
0.296396 -0.017990 0.000000
0.036184 0.036046 0.000000
-0.069578 0.040410 0.000000
0.134745 0.030507 0.000000
0.352955 -0.013378 0.000000
-0.408826 0.031885 0.000000
-0.495362 0.006080 0.000000
0.018627 -0.035902 0.000000
-0.165012 0.042449 0.000000
0.168663 0.028330 0.000000
0.416251 -0.007840 0.000000
0.484178 -0.001420 0.000000
0.151568 0.029443 0.000000
-0.273199 0.041572 0.000000
0.012760 0.037169 0.000000
0.237554 0.023528 0.000000
-0.232179 0.042400 0.000000
0.137936 0.030307 0.000000
-0.214086 -0.041767 0.000000
-0.099946 -0.040390 0.000000
0.019378 -0.035866 0.000000
-0.204768 0.042597 0.000000
0.474256 -0.002391 0.000000
-0.388457 0.034335 0.000000
-0.031423 0.039055 0.000000
0.400687 -0.009240 0.000000
0.324397 0.016782 0.000000
0.476878 -0.002136 0.000000
-0.495948 -0.004450 0.000000
0.312197 0.017776 0.000000
-0.291147 0.040978 0.000000
0.086260 -0.032350 0.000000
0.129167 -0.029798 0.000000
-0.433960 -0.027276 0.000000
0.040752 -0.034808 0.000000
-0.285950 -0.040423 0.000000
0.380381 -0.011028 0.000000
0.434227 0.007120 0.000000
0.189582 -0.025857 0.000000
0.084049 0.033510 0.000000
0.013827 -0.036129 0.000000
-0.216541 0.042543 0.000000
0.365170 -0.012341 0.000000
-0.047991 0.039678 0.000000
0.232358 0.023908 0.000000
0.493783 -0.000470 0.000000
-0.319919 -0.038953 0.000000
0.077477 -0.032845 0.000000
-0.085941 -0.039998 0.000000
-0.086711 -0.040020 0.000000
0.338226 -0.014609 0.000000
0.402148 0.010080 0.000000
0.323784 0.016833 0.000000
0.397946 0.010459 0.000000
-0.425955 -0.028637 0.000000
0.021534 0.036758 0.000000
0.055564 -0.034038 0.000000
0.136820 -0.029321 0.000000
-0.404947 -0.031666 0.000000
0.086179 -0.032355 0.000000
-0.217038 -0.041749 0.000000
0.240258 -0.022263 0.000000
-0.424900 -0.028806 0.000000
0.266819 -0.020279 0.000000
-0.115084 0.041647 0.000000
-0.216384 0.042544 0.000000
-0.088780 0.040986 0.000000
-0.213856 0.042559 0.000000
0.444860 0.006112 0.000000
0.397871 0.010465 0.000000
-0.307444 -0.039566 0.000000
0.124565 0.031134 0.000000
0.029755 -0.035360 0.000000
0.009986 -0.036309 0.000000
-0.343968 0.038216 0.000000
0.058133 -0.033902 0.000000
-0.133317 0.042013 0.000000
-0.026418 -0.037898 0.000000
0.006845 0.037440 0.000000
-0.013936 0.038347 0.000000
0.491159 -0.000730 0.000000
0.338658 0.015601 0.000000
0.273717 0.020812 0.000000
0.024271 -0.035629 0.000000
0.113786 -0.030738 0.000000
-0.321882 0.039574 0.000000
0.090515 0.033145 0.000000
0.001950 0.037660 0.000000
0.352489 0.014435 0.000000
0.217921 0.024947 0.000000
0.298575 0.018868 0.000000
-0.340077 -0.037756 0.000000
0.139457 0.030212 0.000000
-0.072896 -0.039595 0.000000
-0.063058 -0.039270 0.000000
0.217856 0.024952 0.000000
-0.303638 -0.039736 0.000000
0.124758 -0.030070 0.000000
0.077346 0.033884 0.000000
-0.061388 -0.039213 0.000000
0.046390 -0.034519 0.000000
0.402428 -0.009085 0.000000
-0.125331 -0.040990 0.000000
0.412533 0.009134 0.000000
0.099996 -0.031557 0.000000
0.452774 -0.004453 0.000000
-0.172677 0.042514 0.000000
0.236624 -0.022529 0.000000
0.379318 0.012115 0.000000
0.004299 -0.036571 0.000000
0.056195 -0.034005 0.000000
-0.406269 0.032221 0.000000
-0.477455 0.017011 0.000000
-0.248356 -0.041390 0.000000
0.163803 -0.027586 0.000000
0.051122 -0.034272 0.000000
-0.306209 0.040355 0.000000
0.120692 0.031370 0.000000
-0.382726 -0.034216 0.000000
-0.057269 0.040003 0.000000
0.493585 0.001314 0.000000
0.328028 0.016483 0.000000
-0.191600 0.042600 0.000000
-0.300385 -0.039875 0.000000
-0.355249 0.037389 0.000000
-0.392505 0.033887 0.000000
0.048744 0.035411 0.000000
-0.116510 -0.040799 0.000000
0.128580 -0.029834 0.000000
0.447524 -0.004949 0.000000
0.312035 -0.016745 0.000000
0.061705 0.034733 0.000000
0.255465 -0.021135 0.000000
-0.149712 0.042271 0.000000
-0.474500 0.018096 0.000000
-0.176430 -0.041715 0.000000
-0.370791 0.036085 0.000000
0.375133 -0.011484 0.000000
-0.043497 -0.038568 0.000000
0.270736 -0.019980 0.000000
0.329143 0.016391 0.000000
0.324816 0.016748 0.000000
-0.047162 -0.038704 0.000000
-0.432974 -0.027452 0.000000
0.437132 -0.005921 0.000000
0.400467 0.010231 0.000000
0.262237 0.021689 0.000000
-0.115615 -0.040779 0.000000
-0.223985 0.042486 0.000000
0.389198 -0.010257 0.000000
-0.286142 -0.040416 0.000000
-0.385380 -0.033941 0.000000
-0.394159 0.033700 0.000000
-0.262269 -0.041104 0.000000
-0.289589 -0.040296 0.000000
0.230755 -0.022956 0.000000
-0.344343 0.038189 0.000000
-0.212743 -0.041771 0.000000
0.140258 0.030162 0.000000
-0.382801 -0.034208 0.000000
0.160308 0.028878 0.000000
-0.109884 -0.040643 0.000000
-0.134997 0.042042 0.000000
0.300492 -0.017666 0.000000
0.398934 -0.009396 0.000000
-0.029938 -0.038040 0.000000
0.175532 0.027874 0.000000
0.285168 -0.018868 0.000000
0.248474 -0.021656 0.000000
-0.058903 0.040059 0.000000
-0.342620 -0.037585 0.000000
0.089244 -0.032180 0.000000
-0.018527 -0.037572 0.000000
-0.255810 0.042007 0.000000
-0.155101 -0.041498 0.000000
-0.281886 -0.040558 0.000000
0.366918 0.013197 0.000000
-0.420033 0.030295 0.000000
-0.319491 0.039702 0.000000
0.316806 0.017402 0.000000
0.062471 0.034692 0.000000
0.173584 0.028004 0.000000
-0.151081 0.042290 0.000000
-0.373494 0.035837 0.000000
0.314218 0.017613 0.000000
0.270586 -0.019992 0.000000
0.284560 0.019972 0.000000
-0.496957 0.003289 0.000000
-0.317507 0.039807 0.000000
-0.336305 0.038723 0.000000
0.447569 0.005853 0.000000
-0.220558 0.042515 0.000000
-0.228996 0.042435 0.000000
0.446775 0.005929 0.000000
0.096861 -0.031740 0.000000
0.240329 0.023325 0.000000
0.305435 -0.017273 0.000000
0.491644 -0.000682 0.000000
-0.104503 -0.040508 0.000000
-0.054856 0.039920 0.000000
0.083954 0.033516 0.000000
-0.105827 -0.040542 0.000000
0.331893 0.016164 0.000000
0.050376 -0.034311 0.000000
0.415107 0.008898 0.000000
0.035756 -0.035061 0.000000
-0.204814 -0.041795 0.000000
-0.399924 -0.032295 0.000000
0.454484 0.005188 0.000000
0.189075 -0.025892 0.000000
-0.277494 0.041444 0.000000
-0.144288 -0.041339 0.000000
0.068970 -0.033316 0.000000
-0.202643 0.042600 0.000000
0.059097 0.034871 0.000000
-0.462962 -0.020903 0.000000
0.347672 -0.013822 0.000000
-0.123876 0.041834 0.000000
-0.112668 -0.040710 0.000000
-0.417230 -0.029981 0.000000
-0.021337 0.038653 0.000000
-0.242932 0.042248 0.000000
0.475983 0.003082 0.000000
-0.313292 0.040021 0.000000
0.138465 -0.029217 0.000000
-0.394802 -0.032903 0.000000
-0.003253 0.037890 0.000000
-0.308725 -0.039507 0.000000
0.459859 0.004667 0.000000
-0.103074 0.041364 0.000000
-0.496885 -0.002667 0.000000
0.212928 -0.024233 0.000000
-0.428685 0.028924 0.000000
-0.138518 -0.041242 0.000000
-0.184442 0.042580 0.000000
-0.138105 -0.041235 0.000000
0.003629 -0.036602 0.000000
0.440793 0.006499 0.000000
0.179183 0.027629 0.000000
-0.193263 0.042602 0.000000
-0.177761 -0.041725 0.000000
0.093155 0.032994 0.000000
-0.189062 0.042596 0.000000
-0.334740 0.038822 0.000000
0.423367 0.008135 0.000000
0.282203 0.020156 0.000000
-0.080732 0.040754 0.000000
0.229021 -0.023082 0.000000
-0.251934 -0.041322 0.000000
-0.381702 -0.034320 0.000000
0.133523 0.030583 0.000000
-0.444526 -0.025259 0.000000
0.040203 -0.034836 0.000000
0.409466 -0.008454 0.000000
-0.096783 0.041203 0.000000
-0.393468 0.033778 0.000000
-0.303393 0.040482 0.000000
-0.471097 0.019247 0.000000
-0.393257 -0.033080 0.000000
-0.289946 0.041022 0.000000
0.446767 -0.005020 0.000000
0.192728 0.026709 0.000000
0.462935 0.004367 0.000000
0.058954 -0.033858 0.000000
0.103352 0.032403 0.000000
-0.246463 0.042190 0.000000
0.415494 0.008863 0.000000
0.341684 -0.014322 0.000000
-0.296806 -0.040020 0.000000
-0.471634 0.019072 0.000000
-0.345807 -0.037366 0.000000
-0.378197 0.035388 0.000000
-0.304435 0.040435 0.000000
-0.416943 -0.030023 0.000000
0.366582 -0.012220 0.000000
0.072326 -0.033131 0.000000
-0.008433 -0.037140 0.000000
0.198999 0.026277 0.000000
-0.039855 -0.038429 0.000000
-0.431899 -0.027639 0.000000
-0.257892 -0.041202 0.000000
-0.248166 -0.041393 0.000000
-0.388376 0.034343 0.000000
0.263799 0.021570 0.000000
-0.192959 -0.041793 0.000000
-0.437581 -0.026616 0.000000
-0.436957 0.027474 0.000000
0.159981 -0.027836 0.000000
-0.314701 0.039949 0.000000
0.004885 -0.036544 0.000000
-0.122935 0.041814 0.000000
-0.388945 -0.033560 0.000000
-0.273791 0.041554 0.000000
0.050232 0.035334 0.000000
-0.335790 0.038757 0.000000
0.007018 0.037432 0.000000
0.332880 0.016082 0.000000
-0.446993 0.025495 0.000000
0.415460 -0.007912 0.000000
-0.108155 -0.040601 0.000000
0.185511 0.027202 0.000000
0.413597 -0.008081 0.000000
-0.468179 0.020163 0.000000
-0.150759 -0.041437 0.000000
0.415669 -0.007893 0.000000
0.104853 0.032316 0.000000
-0.069728 -0.039493 0.000000
-0.060366 0.040109 0.000000
-0.425610 -0.028693 0.000000
-0.184846 -0.041766 0.000000
-0.189897 -0.041784 0.000000
0.484974 0.002184 0.000000
0.174275 -0.026892 0.000000
-0.048912 -0.038769 0.000000
-0.247620 0.042168 0.000000
-0.474698 -0.017251 0.000000
-0.251454 -0.041331 0.000000
0.381413 -0.010939 0.000000
0.119171 0.031462 0.000000
-0.169759 0.042491 0.000000
0.206499 0.025754 0.000000
-0.314376 0.039966 0.000000
-0.409600 0.031782 0.000000
-0.480621 -0.014953 0.000000
-0.413561 0.031237 0.000000
-0.006267 0.038021 0.000000
0.142726 0.030006 0.000000
-0.494428 0.007181 0.000000
0.451560 -0.004568 0.000000
0.457393 -0.004014 0.000000
0.165984 0.028507 0.000000
-0.393411 -0.033062 0.000000
-0.031982 0.039077 0.000000
0.495026 -0.000346 0.000000
-0.462249 -0.021098 0.000000
-0.457613 -0.022304 0.000000
0.427604 -0.006803 0.000000
-0.138968 -0.041250 0.000000
0.172772 0.028058 0.000000
-0.300164 0.040619 0.000000
-0.154482 -0.041489 0.000000
-0.234717 0.042368 0.000000
-0.259951 -0.041157 0.000000
0.394277 0.010788 0.000000
0.394064 -0.009828 0.000000
-0.126490 -0.041015 0.000000
0.426382 -0.006915 0.000000
0.291287 -0.018391 0.000000
0.390525 0.011123 0.000000
0.039523 0.035879 0.000000
0.198643 -0.025233 0.000000
-0.155558 0.042347 0.000000
0.045905 0.035557 0.000000
-0.266082 0.041766 0.000000
-0.186459 0.042587 0.000000
0.351366 0.014530 0.000000
0.461849 0.004473 0.000000
-0.135882 0.042058 0.000000
0.030852 -0.035306 0.000000
0.442130 0.006372 0.000000
0.325209 -0.015679 0.000000
-0.045982 -0.038661 0.000000
0.148599 0.029633 0.000000
-0.212174 0.042570 0.000000
0.347583 0.014851 0.000000
-0.320860 -0.038902 0.000000
0.099488 -0.031587 0.000000
0.097535 0.032742 0.000000
-0.212852 0.042565 0.000000
0.217670 -0.023896 0.000000
-0.171168 0.042502 0.000000
-0.062093 0.040166 0.000000
0.313138 -0.016657 0.000000
0.125102 -0.030049 0.000000
-0.368745 0.036268 0.000000
-0.321209 0.039610 0.000000
0.450142 -0.004702 0.000000
-0.456703 0.023287 0.000000
0.162947 -0.027642 0.000000
0.003931 -0.036588 0.000000
-0.291130 0.040978 0.000000
-0.050707 0.039774 0.000000
0.130257 0.030785 0.000000
-0.240686 0.042284 0.000000
0.157518 -0.027997 0.000000
-0.484690 -0.013087 0.000000
-0.285633 -0.040434 0.000000
-0.316871 0.039839 0.000000
-0.419457 -0.029651 0.000000
0.311227 0.017855 0.000000
0.299636 -0.017734 0.000000
0.078217 0.033836 0.000000
-0.419802 -0.029599 0.000000
-0.091058 -0.040146 0.000000
-0.323129 -0.038779 0.000000
-0.310381 0.040161 0.000000
0.468410 0.003831 0.000000
0.351811 -0.013474 0.000000
-0.255592 -0.041251 0.000000
-0.153111 -0.041470 0.000000
0.494128 -0.000435 0.000000
-0.275072 -0.040768 0.000000
0.002293 0.037645 0.000000
-0.267282 0.041735 0.000000
0.279855 -0.019280 0.000000
0.071081 -0.033200 0.000000
-0.179344 -0.041734 0.000000
0.162654 0.028725 0.000000
-0.169905 0.042492 0.000000
-0.422099 0.029980 0.000000
0.189483 -0.025864 0.000000
0.437786 0.006784 0.000000
0.156173 0.029146 0.000000
-0.455154 -0.022906 0.000000
0.431881 -0.006408 0.000000
-0.364729 0.036617 0.000000
0.414181 -0.008028 0.000000
0.360715 -0.012721 0.000000
-0.327572 0.039255 0.000000
0.323981 -0.015779 0.000000
0.415491 0.008863 0.000000
0.434689 0.007076 0.000000
-0.062787 0.040189 0.000000
0.459094 0.004741 0.000000
0.031290 -0.035284 0.000000
0.014749 0.037078 0.000000
0.264696 0.021502 0.000000
0.229512 0.024114 0.000000
0.480140 0.002669 0.000000
0.328839 -0.015382 0.000000
0.476350 0.003046 0.000000
0.229444 0.024119 0.000000
-0.243121 0.042245 0.000000
-0.407637 0.032043 0.000000
0.204540 0.025891 0.000000
-0.283013 0.041267 0.000000
0.256543 0.022119 0.000000
0.321875 0.016989 0.000000
-0.428276 -0.028255 0.000000
-0.123538 0.041827 0.000000
0.432641 -0.006338 0.000000
-0.180256 0.042562 0.000000
0.397881 -0.009490 0.000000
0.365404 -0.012321 0.000000
-0.363595 0.036714 0.000000
-0.256177 0.041999 0.000000
0.171895 -0.027051 0.000000
-0.125587 -0.040996 0.000000
0.200960 0.026141 0.000000
0.456480 -0.004101 0.000000
0.286079 -0.018798 0.000000
0.212911 -0.024234 0.000000
-0.304056 0.040452 0.000000
-0.439024 0.027087 0.000000
0.448585 -0.004849 0.000000
-0.087643 0.040954 0.000000
0.284776 -0.018899 0.000000
-0.439337 -0.026284 0.000000
0.429499 -0.006628 0.000000
0.333621 0.016020 0.000000
0.311069 0.017867 0.000000
0.386022 0.011523 0.000000
0.271863 -0.019894 0.000000
-0.107825 -0.040593 0.000000
-0.422628 0.029898 0.000000
0.015334 0.037051 0.000000
0.248149 0.022746 0.000000
-0.294583 -0.040109 0.000000
0.212816 -0.024241 0.000000
-0.103411 -0.040481 0.000000
-0.120858 0.041772 0.000000
-0.335322 0.038786 0.000000
-0.334382 -0.038121 0.000000
-0.082565 -0.039897 0.000000
0.381430 -0.010937 0.000000
0.292653 0.019337 0.000000
0.317825 0.017320 0.000000
0.186037 0.027166 0.000000
-0.014835 0.038385 0.000000
-0.412593 -0.030644 0.000000
0.349539 0.014685 0.000000
0.372309 -0.011728 0.000000
-0.269734 -0.040917 0.000000
-0.434771 -0.027132 0.000000
0.084064 -0.032475 0.000000
-0.286853 -0.040391 0.000000
0.407682 0.009577 0.000000
0.474350 -0.002382 0.000000
-0.467531 0.020359 0.000000
0.028016 0.036447 0.000000
-0.453820 0.023978 0.000000
-0.239144 0.042307 0.000000
0.057196 -0.033951 0.000000
0.413492 -0.008090 0.000000
0.419161 0.008525 0.000000
0.201933 0.026073 0.000000
-0.343196 -0.037546 0.000000
0.437757 -0.005863 0.000000
-0.309279 -0.039482 0.000000
-0.175474 -0.041707 0.000000
0.185178 -0.026157 0.000000
-0.314718 0.039948 0.000000
-0.315056 -0.039203 0.000000
0.248965 0.022686 0.000000
-0.427573 0.029108 0.000000
-0.487205 0.012550 0.000000
-0.154000 -0.041482 0.000000
0.033134 0.036197 0.000000
-0.152651 -0.041463 0.000000
-0.472956 -0.017857 0.000000
0.208484 0.025615 0.000000
0.319252 0.017203 0.000000
0.172768 0.028058 0.000000
-0.358459 0.037136 0.000000
-0.169086 -0.041655 0.000000
-0.145252 0.042209 0.000000
0.043058 -0.034690 0.000000
-0.126885 0.041893 0.000000
0.320053 -0.016098 0.000000
-0.232155 -0.041621 0.000000
-0.069572 -0.039488 0.000000
0.313232 0.017693 0.000000
-0.350894 0.037719 0.000000
0.159432 -0.027872 0.000000
0.076750 0.033917 0.000000
-0.314413 -0.039235 0.000000
0.010576 -0.036281 0.000000
-0.006367 0.038025 0.000000
-0.228369 0.042442 0.000000
-0.494969 0.006569 0.000000
0.254373 0.022282 0.000000
0.185279 0.027218 0.000000
-0.081822 -0.039875 0.000000
0.435594 -0.006064 0.000000
0.405423 -0.008817 0.000000
-0.405240 -0.031629 0.000000
-0.071633 -0.039555 0.000000
-0.133204 0.042011 0.000000
0.133384 -0.029536 0.000000
-0.157691 0.042372 0.000000
-0.493016 -0.007750 0.000000
0.497726 -0.000076 0.000000
-0.455468 0.023587 0.000000
-0.406398 0.032205 0.000000
0.155474 0.029192 0.000000
-0.035235 -0.038250 0.000000
0.103962 0.032368 0.000000
0.217729 -0.023892 0.000000
-0.084518 0.040865 0.000000
-0.193733 0.042603 0.000000
-0.223664 -0.041703 0.000000
-0.055860 0.039955 0.000000
-0.441241 0.026662 0.000000
0.406633 -0.008708 0.000000
0.500869 0.000239 0.000000
-0.423269 -0.029065 0.000000
-0.125589 -0.040996 0.000000
-0.126802 -0.041021 0.000000
-0.115182 0.041649 0.000000
-0.164420 -0.041608 0.000000
0.249175 0.022670 0.000000
-0.208977 -0.041785 0.000000
-0.321271 0.039607 0.000000
-0.275764 -0.040747 0.000000
-0.159057 0.042388 0.000000
0.498105 -0.000038 0.000000
0.286906 -0.018733 0.000000
0.080725 -0.032663 0.000000
0.113756 -0.030739 0.000000
0.173817 0.027988 0.000000
0.151818 -0.028366 0.000000
-0.082205 -0.039887 0.000000
-0.028486 0.038940 0.000000
0.335170 -0.014862 0.000000
-0.463135 -0.020856 0.000000
-0.083183 -0.039916 0.000000
0.272196 -0.019869 0.000000
0.096085 -0.031785 0.000000
0.372528 0.012709 0.000000
0.008886 0.037348 0.000000
-0.127450 -0.041035 0.000000
0.248168 0.022745 0.000000
0.023860 0.036647 0.000000
-0.286728 -0.040396 0.000000
-0.309153 -0.039488 0.000000
-0.017724 -0.037538 0.000000
-0.307264 -0.039574 0.000000
-0.425713 -0.028676 0.000000
0.457737 0.004873 0.000000
0.051812 -0.034236 0.000000
-0.345286 0.038123 0.000000
-0.419121 -0.029701 0.000000
-0.123535 0.041827 0.000000
0.112979 0.031834 0.000000
0.041482 -0.034771 0.000000
0.043195 -0.034683 0.000000
-0.264194 -0.041058 0.000000
0.114724 -0.030681 0.000000
0.463949 -0.003387 0.000000
-0.215966 -0.041756 0.000000
-0.451743 0.024455 0.000000
-0.042327 -0.038523 0.000000
-0.048695 0.039703 0.000000
0.194790 0.026568 0.000000
0.088702 0.033248 0.000000
-0.242375 -0.041487 0.000000
0.124048 0.031166 0.000000
-0.166480 -0.041628 0.000000
-0.235429 0.042358 0.000000
0.061053 -0.033745 0.000000
0.356450 0.014097 0.000000
0.196042 0.026481 0.000000
0.213024 -0.024226 0.000000
-0.472970 -0.017852 0.000000
-0.462977 0.021663 0.000000
-0.358878 -0.036382 0.000000
0.095678 -0.031809 0.000000
0.077703 0.033864 0.000000
0.486520 0.002029 0.000000
-0.048928 0.039711 0.000000
0.216934 0.025018 0.000000
0.494678 0.001203 0.000000
-0.141811 0.042155 0.000000
-0.225585 -0.041687 0.000000
0.207269 -0.024631 0.000000
-0.020926 -0.037673 0.000000
-0.418876 -0.029737 0.000000
-0.158375 0.042380 0.000000
-0.336217 -0.038006 0.000000
-0.418931 -0.029729 0.000000
-0.304131 -0.039715 0.000000
-0.069988 0.040424 0.000000
-0.082244 -0.039888 0.000000
0.034505 -0.035124 0.000000
0.192522 0.026724 0.000000
0.194048 -0.025550 0.000000
0.344598 -0.014079 0.000000
-0.358521 0.037131 0.000000
0.079788 -0.032716 0.000000
0.368132 -0.012087 0.000000
0.102058 -0.031436 0.000000
0.408367 0.009515 0.000000
0.373498 -0.011625 0.000000
0.071963 0.034180 0.000000
0.365455 -0.012316 0.000000
0.186552 0.027131 0.000000
-0.334903 -0.038088 0.000000
-0.319170 -0.038992 0.000000
0.485574 0.002124 0.000000
0.375932 -0.011415 0.000000
-0.340234 0.038468 0.000000
-0.369461 0.036205 0.000000
0.311076 0.017867 0.000000
-0.073860 -0.039626 0.000000
-0.195247 -0.041795 0.000000
-0.451539 -0.023749 0.000000
-0.072891 -0.039595 0.000000
0.133726 -0.029515 0.000000
-0.371778 -0.035275 0.000000
0.455695 0.005071 0.000000
0.337014 0.015738 0.000000
-0.263665 -0.041070 0.000000
-0.040900 0.039417 0.000000
-0.300182 -0.039884 0.000000
-0.170847 0.042500 0.000000
0.086558 0.033370 0.000000
-0.104262 -0.040502 0.000000
0.499108 0.000062 0.000000
0.425862 0.007903 0.000000
-0.459513 0.022582 0.000000
0.303046 -0.017463 0.000000
-0.030580 0.039023 0.000000
-0.209729 0.042579 0.000000
0.319027 -0.016181 0.000000
0.282508 0.020132 0.000000
0.068978 -0.033316 0.000000
0.103833 0.032375 0.000000
0.415606 0.008852 0.000000
-0.372375 -0.035220 0.000000
0.082709 -0.032552 0.000000
0.007048 0.037431 0.000000
0.302196 0.018580 0.000000
-0.166050 0.042459 0.000000
-0.281125 0.041329 0.000000
-0.042384 -0.038525 0.000000
0.096783 -0.031745 0.000000
0.230376 -0.022983 0.000000
0.154642 0.029245 0.000000
-0.090562 0.041036 0.000000
-0.053961 -0.038952 0.000000
-0.408444 0.031936 0.000000
-0.092259 -0.040180 0.000000
0.141272 0.030098 0.000000
-0.239490 -0.041528 0.000000
-0.431800 -0.027657 0.000000
-0.367027 0.036420 0.000000
-0.089705 0.041012 0.000000
0.235080 -0.022642 0.000000
-0.302031 0.040540 0.000000
-0.297793 -0.039981 0.000000
-0.215082 -0.041761 0.000000
0.363929 -0.012447 0.000000
0.001178 -0.036713 0.000000
-0.151965 0.042302 0.000000
-0.114828 -0.040761 0.000000
0.465484 0.004118 0.000000
0.397711 -0.009505 0.000000
-0.206132 0.042592 0.000000
-0.371244 -0.035325 0.000000
0.473247 -0.002489 0.000000
0.343183 -0.014197 0.000000
0.160568 0.028861 0.000000
-0.349750 0.037803 0.000000
-0.409162 0.031840 0.000000
-0.299895 0.040631 0.000000
0.415172 -0.007938 0.000000
0.196108 -0.025408 0.000000
0.239937 0.023353 0.000000
-0.040918 0.039418 0.000000
0.110554 0.031979 0.000000
0.421554 -0.007357 0.000000
0.047351 0.035483 0.000000
0.258713 -0.020891 0.000000
0.077630 0.033868 0.000000
-0.249669 -0.041365 0.000000
0.133471 0.030586 0.000000
0.104450 -0.031295 0.000000
-0.412029 -0.030722 0.000000
-0.394007 0.033717 0.000000
0.432632 -0.006339 0.000000
-0.006458 0.038029 0.000000
-0.187904 -0.041777 0.000000
-0.414780 0.031065 0.000000
0.291303 -0.018390 0.000000
-0.123872 0.041834 0.000000
-0.099304 -0.040373 0.000000
-0.043649 0.039519 0.000000
-0.299817 -0.039899 0.000000
0.001472 -0.036700 0.000000
-0.318798 -0.039011 0.000000
0.019081 0.036874 0.000000
0.232317 0.023911 0.000000
-0.170392 0.042496 0.000000
-0.373966 0.035792 0.000000
0.200289 0.026188 0.000000
-0.423374 0.029782 0.000000
-0.111966 0.041578 0.000000
0.228162 0.024212 0.000000
-0.326194 0.039334 0.000000
-0.323398 0.039491 0.000000
-0.383322 -0.034155 0.000000
0.426688 0.007826 0.000000
0.255863 0.022170 0.000000
-0.380878 0.035123 0.000000
0.111378 0.031930 0.000000
0.090323 0.033156 0.000000
0.242438 -0.022102 0.000000
0.122231 -0.030225 0.000000
-0.095432 -0.040269 0.000000
0.090510 -0.032107 0.000000
-0.115539 -0.040777 0.000000
-0.215634 -0.041758 0.000000
0.346190 0.014968 0.000000
-0.430126 -0.027944 0.000000
-0.148412 0.042253 0.000000
0.016001 -0.036026 0.000000
0.132087 -0.029617 0.000000
0.064173 0.034601 0.000000
0.379819 -0.011077 0.000000
-0.393199 -0.033086 0.000000
-0.187116 -0.041774 0.000000
-0.077314 -0.039736 0.000000
-0.209759 -0.041782 0.000000
-0.194793 0.042604 0.000000
0.169180 -0.027231 0.000000
0.055042 -0.034066 0.000000
-0.408870 -0.031152 0.000000
-0.496878 -0.002686 0.000000
-0.026420 -0.037899 0.000000
0.164303 -0.027553 0.000000
-0.278569 -0.040665 0.000000
0.094372 -0.031885 0.000000
-0.283804 -0.040497 0.000000
0.142991 0.029989 0.000000
-0.440315 0.026841 0.000000
-0.080538 -0.039835 0.000000
-0.420484 0.030227 0.000000
0.176680 0.027797 0.000000
0.212789 0.025311 0.000000
0.004632 -0.036556 0.000000
-0.316658 -0.039121 0.000000
-0.318992 0.039729 0.000000
-0.473654 -0.017617 0.000000
0.267698 0.021273 0.000000
0.252413 0.022428 0.000000
0.337969 0.015658 0.000000
0.363256 0.013513 0.000000
0.493541 0.001319 0.000000
0.032475 0.036229 0.000000
-0.361370 -0.036180 0.000000
0.485084 -0.001331 0.000000
0.040838 -0.034804 0.000000
-0.401468 0.032830 0.000000
-0.156256 0.042355 0.000000
0.364677 0.013391 0.000000
-0.132343 -0.041130 0.000000
0.442381 0.006348 0.000000
-0.342667 0.038304 0.000000
0.228493 0.024188 0.000000
0.482988 0.002384 0.000000
0.456961 0.004948 0.000000
-0.144748 -0.041346 0.000000
-0.428007 0.029036 0.000000
0.168758 0.028324 0.000000
0.120286 -0.030344 0.000000
-0.066816 0.040322 0.000000
-0.207630 0.042587 0.000000
-0.472337 -0.018066 0.000000
0.488730 0.001806 0.000000
-0.057961 -0.039094 0.000000
-0.486683 -0.012048 0.000000
0.399652 -0.009332 0.000000
-0.373739 0.035814 0.000000
-0.445100 0.025889 0.000000
0.320189 -0.016087 0.000000
0.328151 0.016473 0.000000
0.500176 0.000642 0.000000
-0.474116 -0.017456 0.000000
0.042492 -0.034719 0.000000
0.223549 -0.023476 0.000000
0.256728 -0.021040 0.000000
0.140532 -0.029086 0.000000
0.470561 -0.002749 0.000000
0.448537 -0.004853 0.000000
0.185609 0.027195 0.000000
-0.032995 0.039116 0.000000
0.388756 0.011281 0.000000
-0.438303 0.027223 0.000000
-0.261446 0.041880 0.000000
0.166077 -0.027436 0.000000
0.320435 -0.016067 0.000000
0.058638 -0.033875 0.000000
-0.420517 0.030222 0.000000
-0.325591 -0.038642 0.000000
-0.210395 -0.041780 0.000000
-0.001112 0.037796 0.000000
-0.302248 -0.039795 0.000000
0.409201 -0.008477 0.000000
-0.022760 -0.037748 0.000000
0.387855 0.011361 0.000000
0.394309 -0.009806 0.000000
-0.037398 0.039285 0.000000
0.414524 -0.007997 0.000000
-0.263639 0.041828 0.000000
-0.243077 -0.041476 0.000000
0.216705 0.025034 0.000000
0.263097 -0.020561 0.000000
-0.024914 0.038798 0.000000
-0.283242 0.041259 0.000000
0.394964 -0.009748 0.000000
0.436916 -0.005942 0.000000
0.414919 -0.007961 0.000000
-0.345461 -0.037391 0.000000
-0.140863 -0.041283 0.000000
0.405753 -0.008787 0.000000
0.421510 0.008307 0.000000
0.150398 -0.028458 0.000000
0.185259 -0.026152 0.000000
0.049314 0.035382 0.000000
-0.352146 -0.036905 0.000000
0.106377 0.032226 0.000000
-0.284181 -0.040484 0.000000
-0.364214 -0.035943 0.000000
-0.383671 -0.034120 0.000000
-0.196298 0.042606 0.000000
0.334091 0.015981 0.000000
-0.407192 0.032102 0.000000
-0.389168 0.034257 0.000000
-0.445355 0.025836 0.000000
0.187955 0.027036 0.000000
-0.003912 0.037918 0.000000
-0.342224 -0.037612 0.000000
0.375656 0.012436 0.000000
0.488566 0.001823 0.000000
0.366928 -0.012190 0.000000
-0.140034 -0.041269 0.000000
0.342716 0.015261 0.000000
-0.039841 -0.038429 0.000000
-0.017844 0.038510 0.000000
0.488264 -0.001017 0.000000
-0.370171 0.036141 0.000000
-0.255872 0.042006 0.000000
-0.143988 0.042189 0.000000
0.377769 -0.011256 0.000000
-0.071679 0.040477 0.000000
0.478179 -0.002009 0.000000
-0.402115 0.032750 0.000000
0.268394 -0.020159 0.000000
-0.076203 -0.039701 0.000000
-0.293031 -0.040167 0.000000
-0.294457 -0.040114 0.000000
-0.190995 0.042600 0.000000
0.157067 0.029089 0.000000
-0.476598 0.017335 0.000000
0.398660 0.010394 0.000000
-0.245127 0.042212 0.000000
-0.359910 -0.036300 0.000000
-0.455016 0.023695 0.000000
-0.480609 0.015742 0.000000
-0.129957 -0.041084 0.000000
0.409396 0.009421 0.000000
-0.039749 -0.038425 0.000000
-0.353962 -0.036768 0.000000
-0.331804 -0.038279 0.000000
0.446138 0.005990 0.000000
-0.168903 -0.041653 0.000000
0.104477 0.032338 0.000000
-0.105414 0.041423 0.000000
0.450277 0.005593 0.000000
0.014801 0.037075 0.000000
-0.076830 0.040637 0.000000
-0.109663 -0.040637 0.000000
-0.368896 0.036255 0.000000
0.053408 -0.034152 0.000000
-0.492299 0.009156 0.000000
-0.495203 -0.005481 0.000000
0.164777 0.028586 0.000000
-0.168760 -0.041651 0.000000
0.471178 0.003558 0.000000
-0.445575 0.025791 0.000000
0.283462 0.020058 0.000000
0.426460 -0.006908 0.000000
0.489934 0.001685 0.000000
0.368891 0.013026 0.000000
0.175835 -0.026787 0.000000
0.072654 0.034142 0.000000
0.402371 -0.009090 0.000000
-0.052278 -0.038892 0.000000
0.176167 -0.026765 0.000000
-0.299745 0.040637 0.000000
0.355065 -0.013200 0.000000
0.386221 0.011506 0.000000
0.372744 0.012691 0.000000
-0.156563 0.042359 0.000000
-0.312604 0.040054 0.000000
0.447329 -0.004967 0.000000
0.027749 -0.035459 0.000000
-0.311995 -0.039352 0.000000
0.177668 -0.026665 0.000000
-0.219599 -0.041734 0.000000
-0.285325 -0.040445 0.000000
0.157507 -0.027998 0.000000
-0.032205 -0.038131 0.000000
0.346374 0.014953 0.000000
0.052511 -0.034199 0.000000
-0.243441 -0.041470 0.000000
0.269621 -0.020065 0.000000
-0.276418 0.041478 0.000000
0.318363 0.017276 0.000000
-0.016917 0.038472 0.000000
0.202161 -0.024988 0.000000
0.460254 0.004629 0.000000
-0.228948 0.042436 0.000000
-0.313509 0.040010 0.000000
0.402959 -0.009037 0.000000
0.462880 -0.003489 0.000000
0.335001 -0.014875 0.000000
0.162723 0.028720 0.000000
0.005316 -0.036525 0.000000
-0.408736 0.031897 0.000000
-0.035379 -0.038256 0.000000
-0.064503 -0.039319 0.000000
-0.370605 -0.035383 0.000000
0.005214 0.037514 0.000000
0.257710 -0.020967 0.000000
0.212154 0.025356 0.000000
0.422799 -0.007244 0.000000
-0.091564 -0.040160 0.000000
0.234045 0.023785 0.000000
-0.111637 0.041571 0.000000
0.438226 0.006742 0.000000
0.001777 0.037668 0.000000
-0.073382 0.040531 0.000000
-0.410660 -0.030911 0.000000
0.406141 -0.008752 0.000000
0.328765 0.016423 0.000000
-0.073573 -0.039617 0.000000
0.499165 0.000745 0.000000
-0.128984 -0.041065 0.000000
-0.016841 -0.037501 0.000000
-0.341181 -0.037683 0.000000
0.021523 -0.035762 0.000000
0.340547 0.015443 0.000000
-0.461000 0.022194 0.000000
0.066108 -0.033472 0.000000
-0.044284 -0.038598 0.000000
-0.427390 -0.028402 0.000000
-0.133089 -0.041144 0.000000
-0.348828 -0.037150 0.000000
-0.295407 -0.040077 0.000000
-0.111462 0.041566 0.000000
-0.491450 0.009819 0.000000
-0.494423 0.007186 0.000000
-0.260293 -0.041150 0.000000
0.258551 0.021967 0.000000
0.031014 -0.035298 0.000000
0.421606 0.008298 0.000000
0.476955 -0.002128 0.000000
-0.167043 -0.041634 0.000000
0.063603 0.034631 0.000000
0.119669 0.031432 0.000000
0.111245 0.031938 0.000000
0.126669 -0.029952 0.000000
-0.110586 -0.040659 0.000000
-0.162877 0.042428 0.000000
-0.339437 0.038521 0.000000
0.231152 0.023995 0.000000
0.305119 -0.017298 0.000000
-0.482069 0.015106 0.000000
-0.012919 -0.037334 0.000000
0.134828 0.030501 0.000000
-0.366703 0.036448 0.000000
0.109720 -0.030981 0.000000
0.283523 0.020053 0.000000
-0.061916 -0.039231 0.000000
0.091765 -0.032035 0.000000
0.395374 0.010690 0.000000
0.111332 -0.030885 0.000000
0.291644 -0.018363 0.000000
-0.098609 0.041252 0.000000
0.476170 -0.002205 0.000000
0.176927 0.027781 0.000000
0.369687 -0.011954 0.000000
-0.469062 -0.019123 0.000000
-0.144206 -0.041338 0.000000
-0.294465 -0.040113 0.000000
0.216610 0.025041 0.000000
-0.312210 -0.039342 0.000000
0.496075 0.001061 0.000000
-0.482803 0.014775 0.000000
0.230398 0.024050 0.000000
0.411503 0.009229 0.000000
0.367587 0.013139 0.000000
0.469859 0.003688 0.000000
-0.483486 0.014457 0.000000
-0.278827 -0.040656 0.000000
0.301143 0.018664 0.000000
0.299972 0.018757 0.000000
-0.073032 0.040520 0.000000
0.153436 -0.028262 0.000000
-0.075993 0.040611 0.000000
-0.246536 0.042189 0.000000
-0.049688 -0.038798 0.000000
0.238680 -0.022378 0.000000
0.168759 0.028324 0.000000
-0.485917 -0.012459 0.000000
0.394781 0.010743 0.000000
0.219363 0.024844 0.000000
0.390549 -0.010138 0.000000
-0.179681 0.042558 0.000000
0.216582 0.025043 0.000000
0.497824 0.000882 0.000000
-0.233506 0.042384 0.000000
0.337606 -0.014660 0.000000
-0.028612 -0.037987 0.000000
-0.380615 -0.034430 0.000000
0.408049 -0.008581 0.000000
-0.273536 -0.040813 0.000000
-0.227513 -0.041670 0.000000
-0.218934 -0.041738 0.000000
0.109963 -0.030967 0.000000
0.084322 -0.032461 0.000000
0.411966 -0.008228 0.000000
-0.387966 0.034387 0.000000
-0.302974 0.040500 0.000000
-0.228204 0.042444 0.000000
0.348934 -0.013716 0.000000
0.280470 -0.019233 0.000000
-0.221576 0.042506 0.000000
-0.294929 0.040832 0.000000
0.007073 -0.036444 0.000000
0.176241 0.027826 0.000000
-0.074478 -0.039646 0.000000
-0.378701 -0.034619 0.000000
-0.335242 0.038791 0.000000
-0.133347 -0.041149 0.000000
0.422217 -0.007297 0.000000
-0.056497 0.039976 0.000000
0.338579 -0.014579 0.000000
-0.466590 0.020638 0.000000
-0.200485 0.042603 0.000000
-0.034771 0.039185 0.000000
-0.229263 -0.041653 0.000000
0.183365 -0.026280 0.000000
-0.445401 0.025827 0.000000
0.074131 0.034061 0.000000
-0.263226 -0.041081 0.000000
0.449279 -0.004783 0.000000
0.384425 0.011665 0.000000
-0.220889 0.042512 0.000000
-0.047420 -0.038714 0.000000
0.291443 -0.018379 0.000000
0.289495 0.019585 0.000000
-0.347560 -0.037241 0.000000
0.265607 0.021433 0.000000
0.221590 -0.023616 0.000000
-0.374575 -0.035016 0.000000
0.039041 -0.034896 0.000000
0.308799 0.018050 0.000000
-0.112603 0.041592 0.000000
-0.471326 -0.018401 0.000000
0.207091 -0.024644 0.000000
0.493362 0.001337 0.000000
-0.441758 -0.025815 0.000000
0.301033 -0.017623 0.000000
-0.326776 -0.038574 0.000000
0.123569 -0.030143 0.000000
-0.034179 0.039162 0.000000
-0.440088 -0.026141 0.000000
-0.412415 0.031397 0.000000
-0.312169 -0.039344 0.000000
-0.374264 0.035764 0.000000
-0.246130 -0.041426 0.000000
-0.213534 0.042561 0.000000
-0.475212 -0.017067 0.000000
-0.002089 -0.036859 0.000000
0.065878 -0.033485 0.000000
0.332777 -0.015059 0.000000
0.097271 -0.031716 0.000000
-0.209296 -0.041784 0.000000
-0.494029 -0.006796 0.000000
0.387696 -0.010389 0.000000
-0.414177 0.031151 0.000000
-0.291922 -0.040209 0.000000
-0.129036 0.041934 0.000000
0.100684 -0.031516 0.000000
-0.198612 -0.041800 0.000000
0.406466 -0.008723 0.000000
-0.472777 0.018691 0.000000
0.022719 0.036702 0.000000
0.100561 -0.031524 0.000000
0.149772 0.029558 0.000000
0.384205 -0.010695 0.000000
0.210726 -0.024388 0.000000
-0.149596 0.042270 0.000000
-0.290090 0.041017 0.000000
-0.423699 -0.028998 0.000000
0.276604 -0.019531 0.000000
0.017417 0.036953 0.000000
0.232442 -0.022834 0.000000
0.463765 -0.003405 0.000000
-0.269049 -0.040935 0.000000
0.447905 -0.004913 0.000000
-0.274631 -0.040781 0.000000
-0.281289 -0.040577 0.000000
0.372771 0.012688 0.000000
-0.477328 0.017059 0.000000
-0.023899 -0.037795 0.000000
0.253529 0.022345 0.000000
-0.455540 -0.022813 0.000000
-0.016819 0.038468 0.000000
-0.163092 0.042430 0.000000
0.443835 -0.005295 0.000000
0.081720 0.033641 0.000000
0.379418 0.012106 0.000000
0.220820 0.024740 0.000000
0.349935 -0.013632 0.000000
-0.418540 0.030519 0.000000
-0.289337 -0.040305 0.000000
-0.351266 0.037692 0.000000
-0.396103 0.033474 0.000000
0.079343 0.033773 0.000000
0.192659 0.026714 0.000000
0.450074 -0.004708 0.000000
-0.122377 -0.040929 0.000000
-0.342127 -0.037619 0.000000
0.146735 -0.028692 0.000000
-0.407852 -0.031288 0.000000
-0.230965 0.042414 0.000000
0.000043 -0.036764 0.000000
0.040980 -0.034797 0.000000
0.315943 0.017473 0.000000
-0.309298 -0.039481 0.000000
0.423239 0.008147 0.000000
0.048838 0.035406 0.000000
-0.344986 -0.037423 0.000000
0.105528 0.032276 0.000000
0.163403 -0.027612 0.000000
-0.219753 0.042522 0.000000
-0.381323 -0.034358 0.000000
-0.133907 0.042023 0.000000
-0.300117 -0.039887 0.000000
-0.073374 -0.039611 0.000000
0.209400 -0.024482 0.000000
-0.292929 -0.040171 0.000000
-0.343840 0.038224 0.000000
0.336939 -0.014715 0.000000
0.060944 -0.033751 0.000000
-0.195263 0.042605 0.000000
-0.021067 0.038642 0.000000
-0.336123 0.038735 0.000000
0.178373 0.027684 0.000000
0.036338 -0.035032 0.000000
-0.183320 -0.041757 0.000000
-0.356852 -0.036545 0.000000
0.348227 0.014796 0.000000
-0.453995 -0.023181 0.000000
0.478481 0.002834 0.000000
-0.289752 -0.040290 0.000000
0.348289 0.014791 0.000000
-0.194074 -0.041794 0.000000
-0.438769 0.027136 0.000000
0.443237 -0.005352 0.000000
-0.110211 -0.040650 0.000000
-0.149209 -0.041416 0.000000
-0.473307 -0.017737 0.000000
-0.037133 0.039275 0.000000
-0.130864 0.041969 0.000000
0.015541 0.037041 0.000000
-0.471811 0.019014 0.000000
-0.091500 -0.040158 0.000000
0.035747 -0.035062 0.000000
0.378697 -0.011175 0.000000
-0.076163 -0.039700 0.000000
0.183635 0.027329 0.000000
-0.124799 0.041853 0.000000
0.262913 -0.020575 0.000000
-0.391648 -0.033261 0.000000
0.389531 0.011212 0.000000
0.344349 0.015124 0.000000
-0.080749 -0.039842 0.000000
-0.215386 -0.041759 0.000000
-0.032342 -0.038136 0.000000
0.317408 0.017354 0.000000
0.376779 -0.011341 0.000000
0.056178 -0.034006 0.000000
0.101634 0.032504 0.000000
-0.413390 -0.030532 0.000000
0.190369 0.026871 0.000000
-0.116652 0.041682 0.000000
0.382314 0.011851 0.000000
0.469657 0.003708 0.000000
0.064334 -0.033569 0.000000
0.065674 -0.033496 0.000000
0.340049 -0.014458 0.000000
-0.022898 0.038717 0.000000
-0.416041 -0.030154 0.000000
-0.477228 -0.016319 0.000000
0.397456 0.010503 0.000000
-0.436251 0.027604 0.000000
0.194877 -0.025493 0.000000
-0.261615 -0.041120 0.000000
-0.138421 0.042101 0.000000
-0.244693 0.042219 0.000000
-0.432888 -0.027467 0.000000
-0.168421 -0.041648 0.000000
-0.122071 0.041797 0.000000
-0.049379 -0.038786 0.000000
-0.109533 -0.040634 0.000000
-0.089729 -0.040108 0.000000
-0.348408 -0.037180 0.000000
-0.187091 -0.041774 0.000000
0.352413 0.014441 0.000000
0.331404 -0.015172 0.000000
-0.077355 -0.039737 0.000000
-0.343313 -0.037538 0.000000
-0.104984 -0.040521 0.000000
0.204696 -0.024812 0.000000
-0.272625 0.041588 0.000000
0.131422 0.030713 0.000000
0.254679 0.022259 0.000000
0.287826 0.019716 0.000000
0.170818 -0.027122 0.000000
-0.005228 0.037976 0.000000
-0.047613 0.039664 0.000000
0.483602 0.002322 0.000000
-0.409683 0.031771 0.000000
-0.429914 0.028718 0.000000
-0.319313 -0.038985 0.000000
-0.026423 0.038858 0.000000
-0.225605 -0.041686 0.000000
0.320998 0.017061 0.000000
-0.389580 0.034212 0.000000
-0.237106 0.042335 0.000000
0.027113 -0.035490 0.000000
0.349081 0.014724 0.000000
0.482106 0.002472 0.000000
-0.380411 0.035170 0.000000
-0.238825 -0.041537 0.000000
-0.135869 0.042057 0.000000
-0.153324 0.042320 0.000000
0.241019 0.023274 0.000000
-0.078140 0.040677 0.000000
-0.148091 0.042249 0.000000
-0.381305 0.035080 0.000000
-0.292826 -0.040175 0.000000
-0.065349 -0.039347 0.000000
0.419784 0.008467 0.000000
0.448107 0.005801 0.000000
0.303215 -0.017450 0.000000
0.410167 0.009351 0.000000
0.210800 0.025452 0.000000
-0.495850 -0.004598 0.000000
-0.151681 0.042298 0.000000
0.050884 0.035301 0.000000
0.164506 -0.027540 0.000000
0.332012 0.016154 0.000000
-0.321300 -0.038878 0.000000
0.017726 0.036938 0.000000
-0.216337 0.042544 0.000000
-0.363431 0.036728 0.000000
0.430451 -0.006540 0.000000
-0.247302 -0.041407 0.000000
-0.485437 0.013498 0.000000
-0.221510 -0.041722 0.000000
-0.115840 0.041664 0.000000
-0.047859 -0.038730 0.000000
-0.239215 -0.041532 0.000000
-0.268512 -0.040949 0.000000
-0.448893 0.025087 0.000000
-0.275965 -0.040741 0.000000
-0.487347 -0.011678 0.000000
0.260653 0.021809 0.000000
-0.436056 0.027640 0.000000
0.379456 -0.011109 0.000000
0.409193 -0.008478 0.000000
-0.349878 0.037793 0.000000
-0.448598 -0.024401 0.000000
-0.308956 0.040229 0.000000
-0.325323 0.039383 0.000000
0.500774 0.000580 0.000000
0.402186 0.010076 0.000000
-0.459198 -0.021903 0.000000
-0.403301 -0.031877 0.000000
-0.497079 -0.002140 0.000000
0.308218 0.018097 0.000000
-0.193178 -0.041793 0.000000
-0.118433 0.041722 0.000000
-0.056649 -0.039048 0.000000
0.005750 0.037490 0.000000
-0.145326 -0.041355 0.000000
-0.174015 0.042525 0.000000
-0.463798 0.021436 0.000000
0.337007 0.015739 0.000000
0.401501 0.010138 0.000000
-0.040883 -0.038468 0.000000
0.075132 -0.032976 0.000000
0.451969 0.005431 0.000000
0.000726 -0.036733 0.000000
0.307018 0.018194 0.000000
0.206470 -0.024687 0.000000
0.224697 -0.023393 0.000000
0.232318 -0.022843 0.000000
-0.411814 0.031480 0.000000
0.488750 -0.000969 0.000000
-0.100523 0.041300 0.000000
-0.496914 -0.002595 0.000000
-0.369034 0.036243 0.000000
-0.246930 -0.041413 0.000000
0.230851 0.024017 0.000000
0.054160 -0.034113 0.000000
0.348814 -0.013726 0.000000
0.401364 0.010150 0.000000
-0.313520 -0.039278 0.000000
0.349255 0.014709 0.000000
-0.327447 0.039262 0.000000
0.077030 -0.032870 0.000000
0.007915 -0.036405 0.000000
0.008979 -0.036356 0.000000
-0.133860 -0.041159 0.000000
0.218807 0.024884 0.000000
-0.139344 -0.041257 0.000000
-0.368208 0.036315 0.000000
0.006148 -0.036487 0.000000
-0.011964 -0.037293 0.000000
0.311814 0.017807 0.000000
-0.176069 -0.041712 0.000000
-0.286667 0.041141 0.000000
-0.428903 0.028888 0.000000
0.272656 0.020894 0.000000
0.415292 0.008881 0.000000
0.383017 0.011789 0.000000
0.135862 0.030437 0.000000
0.050873 0.035301 0.000000
-0.277488 0.041444 0.000000
-0.328889 -0.038453 0.000000
0.235686 -0.022597 0.000000
0.258500 0.021971 0.000000
0.128170 -0.029860 0.000000
-0.426821 -0.028495 0.000000
-0.199373 0.042604 0.000000
0.243283 -0.022040 0.000000
0.122610 -0.030202 0.000000
-0.359210 -0.036356 0.000000
0.256281 -0.021074 0.000000
0.431225 0.007402 0.000000
-0.111005 -0.040670 0.000000
-0.408250 0.031962 0.000000
-0.018417 0.038534 0.000000
0.478440 0.002838 0.000000
0.471054 0.003570 0.000000
0.233602 0.023817 0.000000
-0.353062 0.037556 0.000000
-0.443065 -0.025555 0.000000
0.051395 -0.034258 0.000000
0.293955 0.019234 0.000000
-0.033422 0.039133 0.000000
0.014755 0.037077 0.000000
-0.358677 -0.036399 0.000000
-0.195163 0.042605 0.000000
0.209326 0.025556 0.000000
0.199961 0.026210 0.000000
-0.001705 -0.036842 0.000000
0.061169 0.034761 0.000000
-0.453167 0.024129 0.000000
0.471634 0.003513 0.000000
-0.459424 -0.021844 0.000000
0.319085 -0.016177 0.000000
-0.063748 0.040221 0.000000
-0.001477 -0.036832 0.000000
-0.165981 0.042459 0.000000
0.468461 -0.002952 0.000000
0.252189 -0.021380 0.000000
-0.233893 -0.041601 0.000000
0.379740 0.012078 0.000000
-0.078117 -0.039760 0.000000
0.431225 0.007402 0.000000
0.333968 -0.014961 0.000000
0.500764 0.000582 0.000000
-0.310266 -0.039436 0.000000
0.176172 -0.026765 0.000000
0.375545 0.012446 0.000000
0.434152 0.007127 0.000000
0.129143 -0.029800 0.000000
-0.326598 -0.038584 0.000000
0.041182 -0.034786 0.000000
0.142990 -0.028931 0.000000
-0.010306 0.038194 0.000000
-0.496668 -0.003165 0.000000
-0.485943 -0.012445 0.000000
-0.470270 -0.018742 0.000000
0.240076 0.023343 0.000000
0.302112 -0.017538 0.000000
-0.093839 0.041125 0.000000
0.227222 0.024280 0.000000
0.460122 -0.003754 0.000000
0.206083 -0.024714 0.000000
-0.391666 0.033982 0.000000
-0.197568 0.042606 0.000000
-0.447965 -0.024537 0.000000
-0.177805 0.042548 0.000000
-0.055006 0.039925 0.000000
-0.138509 0.042103 0.000000
0.255896 -0.021103 0.000000
-0.290987 -0.040244 0.000000
0.225879 0.024377 0.000000
0.178592 -0.026602 0.000000
-0.291701 -0.040217 0.000000
0.373667 0.012610 0.000000
-0.425604 0.029428 0.000000
0.365708 -0.012295 0.000000
0.489621 0.001716 0.000000
-0.046879 -0.038694 0.000000
0.264001 0.021555 0.000000
-0.393850 0.033735 0.000000
-0.318111 -0.039047 0.000000
0.424910 0.007992 0.000000
0.336213 -0.014775 0.000000
-0.027897 0.038917 0.000000
0.359837 0.013807 0.000000
-0.384380 -0.034046 0.000000
0.324428 -0.015743 0.000000
-0.157295 -0.041525 0.000000
-0.344381 -0.037465 0.000000
0.155464 0.029192 0.000000
-0.092897 -0.040198 0.000000
-0.362860 0.036776 0.000000
-0.184844 -0.041766 0.000000
0.234519 0.023750 0.000000
-0.029776 -0.038034 0.000000
0.424204 0.008057 0.000000
-0.239372 0.042304 0.000000
0.424591 -0.007079 0.000000
0.398200 0.010436 0.000000
0.343841 -0.014142 0.000000
0.277737 0.020502 0.000000
-0.318126 -0.039046 0.000000
0.367647 -0.012129 0.000000
-0.092690 0.041094 0.000000
-0.193968 -0.041794 0.000000
0.283031 -0.019034 0.000000
-0.055462 -0.039006 0.000000
0.019082 -0.035880 0.000000
-0.481234 0.015474 0.000000
0.172330 0.028087 0.000000
-0.084859 -0.039965 0.000000
0.271639 0.020972 0.000000
-0.096800 -0.040305 0.000000
-0.387974 -0.033665 0.000000
0.042897 0.035709 0.000000
0.369928 -0.011933 0.000000
-0.058631 0.040050 0.000000
-0.162818 -0.041592 0.000000
0.428235 -0.006745 0.000000
0.344933 0.015074 0.000000
-0.135309 -0.041186 0.000000
0.103433 -0.031355 0.000000
-0.292278 -0.040195 0.000000
0.296879 -0.017952 0.000000
-0.341395 0.038390 0.000000
0.311896 -0.016757 0.000000
0.113569 -0.030751 0.000000
-0.235205 -0.041586 0.000000
-0.212344 -0.041773 0.000000
0.265004 -0.020416 0.000000
0.492790 0.001395 0.000000
0.214777 0.025171 0.000000
0.460895 0.004566 0.000000
-0.074662 0.040570 0.000000
-0.190145 -0.041785 0.000000
0.308852 -0.017001 0.000000
0.405843 0.009745 0.000000
-0.438954 -0.026357 0.000000
-0.382198 -0.034269 0.000000
0.357938 0.013970 0.000000
-0.497472 -0.000239 0.000000
-0.296541 -0.040031 0.000000
-0.329776 -0.038400 0.000000
-0.471723 0.019043 0.000000
-0.447073 0.025478 0.000000
-0.283819 0.041239 0.000000
-0.059448 0.040078 0.000000
0.339400 0.015539 0.000000
-0.217119 -0.041749 0.000000
0.447100 -0.004989 0.000000
-0.391938 0.033951 0.000000
-0.472439 -0.018032 0.000000
-0.093413 0.041114 0.000000
0.321961 0.016982 0.000000
0.049977 0.035347 0.000000
-0.418407 0.030539 0.000000
-0.393231 0.033805 0.000000
-0.166838 -0.041632 0.000000
0.036262 -0.035036 0.000000
-0.122496 0.041805 0.000000
-0.268941 -0.040938 0.000000
-0.024658 0.038788 0.000000
-0.243052 -0.041476 0.000000
-0.353064 0.037556 0.000000
0.142381 0.030028 0.000000
-0.160811 -0.041567 0.000000
0.342901 -0.014220 0.000000
-0.100965 0.041311 0.000000
-0.340017 0.038483 0.000000
0.216855 0.025023 0.000000
-0.333607 -0.038169 0.000000
0.121993 -0.030240 0.000000
0.107376 -0.031121 0.000000
-0.150229 0.042278 0.000000
0.406395 0.009694 0.000000
-0.391477 -0.033280 0.000000
-0.467747 0.020294 0.000000
-0.118331 -0.040840 0.000000
0.403008 -0.009033 0.000000
0.177442 0.027746 0.000000
0.097509 -0.031702 0.000000
0.186659 0.027124 0.000000
0.087793 -0.032263 0.000000
-0.056501 -0.039043 0.000000
-0.288936 0.041060 0.000000
0.015863 -0.036033 0.000000
-0.155387 -0.041502 0.000000
-0.207604 -0.041790 0.000000
0.366227 -0.012250 0.000000
-0.286637 -0.040399 0.000000
0.157562 -0.027994 0.000000
0.119742 0.031428 0.000000
-0.262290 -0.041103 0.000000
-0.026036 -0.037883 0.000000
0.492875 0.001387 0.000000
-0.407520 0.032058 0.000000
0.384228 0.011682 0.000000
0.154712 0.029241 0.000000
0.143259 0.029972 0.000000
-0.497419 -0.000710 0.000000
-0.203615 -0.041796 0.000000
0.264133 -0.020482 0.000000
0.196022 0.026483 0.000000
0.358531 -0.012906 0.000000
0.286399 0.019828 0.000000
0.171382 -0.027085 0.000000
-0.384006 -0.034085 0.000000
-0.440388 0.026827 0.000000
-0.010431 -0.037227 0.000000
0.011038 -0.036260 0.000000
-0.128902 0.041931 0.000000
-0.299147 -0.039926 0.000000
0.026824 -0.035505 0.000000
0.220712 -0.023679 0.000000
-0.182376 0.042573 0.000000
0.463873 0.004276 0.000000
-0.327566 0.039255 0.000000
-0.214950 0.042553 0.000000
-0.402596 0.032690 0.000000
-0.200353 0.042603 0.000000
0.332650 0.016101 0.000000
0.447278 0.005881 0.000000
-0.220101 -0.041730 0.000000
0.259849 -0.020806 0.000000
0.356631 -0.013067 0.000000
-0.020263 -0.037645 0.000000
0.183126 0.027363 0.000000
-0.476835 0.017246 0.000000
-0.337658 -0.037914 0.000000
-0.470387 0.019476 0.000000
0.164846 0.028582 0.000000
-0.169882 -0.041663 0.000000
0.191003 0.026828 0.000000
-0.182169 0.042572 0.000000
-0.311527 0.040106 0.000000
-0.218202 0.042533 0.000000
0.078977 -0.032762 0.000000
-0.293654 -0.040144 0.000000
-0.483386 0.014504 0.000000
0.108760 0.032085 0.000000
-0.185866 -0.041769 0.000000
0.245634 0.022933 0.000000
-0.193932 -0.041794 0.000000
0.376631 -0.011354 0.000000
0.135906 -0.029378 0.000000
0.238334 -0.022404 0.000000
0.069348 0.034322 0.000000
-0.183576 -0.041759 0.000000
-0.177970 -0.041726 0.000000
0.078818 -0.032771 0.000000
0.493984 -0.000450 0.000000
-0.406515 -0.031463 0.000000
-0.471546 -0.018329 0.000000
0.170667 -0.027132 0.000000
-0.054618 0.039912 0.000000
-0.029829 0.038993 0.000000
-0.420829 -0.029442 0.000000
-0.003132 -0.036906 0.000000
-0.155023 0.042340 0.000000
0.345061 0.015063 0.000000
-0.335611 -0.038044 0.000000
-0.495342 0.006107 0.000000
-0.416220 0.030858 0.000000
0.244341 0.023029 0.000000
0.243578 -0.022018 0.000000
0.102268 0.032467 0.000000
-0.232692 -0.041615 0.000000
-0.239905 0.042296 0.000000
-0.016364 -0.037481 0.000000
0.402653 -0.009065 0.000000
-0.380139 0.035197 0.000000
-0.464116 0.021348 0.000000
-0.253748 -0.041288 0.000000
0.063732 -0.033601 0.000000
-0.054066 -0.038956 0.000000
-0.335195 0.038794 0.000000
0.153025 -0.028288 0.000000
0.218399 -0.023844 0.000000
-0.105921 -0.040545 0.000000
-0.029068 -0.038005 0.000000
0.142373 0.030028 0.000000
-0.018319 0.038530 0.000000
-0.157879 -0.041532 0.000000
0.354372 -0.013258 0.000000
0.184843 -0.026180 0.000000
-0.357323 0.037226 0.000000
-0.461483 0.022066 0.000000
-0.332232 0.038977 0.000000
0.066501 0.034476 0.000000
-0.304757 -0.039688 0.000000
-0.113160 0.041605 0.000000
0.440204 -0.005635 0.000000
-0.196420 -0.041797 0.000000
0.423272 0.008144 0.000000
0.147261 -0.028659 0.000000
0.450455 0.005576 0.000000
-0.406455 0.032197 0.000000
0.363662 0.013478 0.000000
0.463592 -0.003421 0.000000
-0.248547 -0.041386 0.000000
0.357243 0.014029 0.000000
0.207159 0.025708 0.000000
-0.141021 -0.041286 0.000000
0.144245 0.029910 0.000000
-0.446327 0.025634 0.000000
0.169701 0.028261 0.000000
0.429494 -0.006629 0.000000
-0.306933 -0.039589 0.000000
-0.182627 0.042574 0.000000
0.272745 0.020887 0.000000
0.458145 0.004834 0.000000
-0.016872 0.038470 0.000000
-0.342897 0.038288 0.000000
0.280948 -0.019196 0.000000
0.247083 0.022826 0.000000
0.072736 0.034138 0.000000
0.011239 0.037240 0.000000
-0.113503 0.041612 0.000000
0.263671 0.021580 0.000000
0.426663 -0.006889 0.000000
-0.442518 0.026411 0.000000
0.278165 0.020469 0.000000
-0.463134 0.021620 0.000000
-0.335171 -0.038071 0.000000
0.106304 -0.031185 0.000000
-0.062361 0.040175 0.000000
-0.370441 0.036116 0.000000
0.329562 0.016357 0.000000
-0.034023 -0.038203 0.000000
0.167683 0.028395 0.000000
0.269669 0.021123 0.000000
0.154400 0.029261 0.000000
0.091914 -0.032026 0.000000
0.313188 0.017696 0.000000
0.386468 -0.010497 0.000000
0.041202 0.035795 0.000000
0.496252 0.001043 0.000000
0.204930 0.025864 0.000000
0.244931 0.022985 0.000000
0.000399 -0.036748 0.000000
0.431390 0.007386 0.000000
-0.494530 -0.006269 0.000000
0.094103 -0.031900 0.000000
0.056305 -0.033999 0.000000
0.456250 0.005017 0.000000
0.454184 -0.004319 0.000000
-0.391548 0.033995 0.000000
0.152050 -0.028351 0.000000
0.426123 -0.006939 0.000000
-0.360446 0.036975 0.000000
-0.084607 0.040868 0.000000
-0.411761 0.031488 0.000000
-0.446611 -0.024825 0.000000
0.145824 -0.028751 0.000000
-0.442829 0.026348 0.000000
0.267485 -0.020228 0.000000
-0.345819 -0.037365 0.000000
-0.210019 -0.041781 0.000000
-0.193895 0.042603 0.000000
0.230600 -0.022967 0.000000
-0.465917 0.020835 0.000000
0.424409 0.008038 0.000000
-0.458898 -0.021980 0.000000
-0.366256 -0.035767 0.000000
0.078355 0.033828 0.000000
-0.187209 0.042590 0.000000
0.447660 0.005844 0.000000
-0.314058 0.039982 0.000000
0.370009 -0.011926 0.000000
-0.486206 0.013095 0.000000
-0.052870 0.039851 0.000000
0.148018 -0.028610 0.000000
-0.216938 -0.041750 0.000000
0.381433 -0.010937 0.000000
-0.362615 0.036797 0.000000
0.453272 -0.004406 0.000000
0.372592 -0.011703 0.000000
0.178118 0.027701 0.000000
0.067269 -0.033409 0.000000
-0.367173 -0.035688 0.000000
-0.343966 0.038216 0.000000
0.430889 -0.006500 0.000000
-0.344710 -0.037442 0.000000
-0.061774 0.040156 0.000000
0.321132 0.017050 0.000000
0.342105 0.015312 0.000000
-0.456125 -0.022671 0.000000
0.355238 -0.013185 0.000000
0.134577 0.030517 0.000000
-0.311237 0.040120 0.000000
0.171941 0.028113 0.000000
0.442345 -0.005435 0.000000
-0.031827 0.039071 0.000000
-0.361398 -0.036178 0.000000
-0.041658 0.039446 0.000000
-0.090137 -0.040120 0.000000
-0.317951 0.039784 0.000000
0.152835 0.029362 0.000000
-0.408143 0.031976 0.000000
-0.445551 -0.025047 0.000000
0.063742 -0.033600 0.000000
0.209613 -0.024467 0.000000
-0.174468 -0.041699 0.000000
-0.176410 0.042540 0.000000
0.008277 0.037375 0.000000
0.224299 0.024491 0.000000
-0.483105 0.014635 0.000000
-0.069255 0.040400 0.000000
-0.066854 -0.039398 0.000000
0.346629 -0.013909 0.000000
0.219646 0.024824 0.000000
0.075725 0.033973 0.000000
-0.148860 -0.041411 0.000000
0.131597 -0.029647 0.000000
-0.106749 -0.040566 0.000000
0.313049 -0.016664 0.000000
0.023101 0.036684 0.000000
-0.240106 -0.041519 0.000000
-0.204246 -0.041795 0.000000
-0.321543 0.039593 0.000000
0.242312 -0.022112 0.000000
0.065957 0.034505 0.000000
-0.381249 -0.034366 0.000000
0.502161 0.000369 0.000000
0.440867 0.006492 0.000000
0.389504 -0.010230 0.000000
0.189120 -0.025889 0.000000
-0.403267 0.032605 0.000000
0.399595 -0.009337 0.000000
-0.386842 0.034507 0.000000
0.234811 0.023729 0.000000
0.327759 -0.015471 0.000000
-0.247275 0.042175 0.000000
-0.207968 -0.041789 0.000000
0.208251 -0.024563 0.000000
-0.370443 -0.035397 0.000000
0.345229 -0.014026 0.000000
-0.398947 -0.032413 0.000000
0.132032 -0.029620 0.000000
0.373269 0.012645 0.000000
0.274290 0.020768 0.000000
-0.440258 0.026852 0.000000
-0.142941 0.042173 0.000000
-0.170758 -0.041670 0.000000
0.085322 -0.032404 0.000000
0.010714 0.037264 0.000000
-0.354465 -0.036729 0.000000
0.311030 0.017871 0.000000
-0.040213 -0.038443 0.000000
-0.370889 0.036076 0.000000
0.094324 -0.031887 0.000000
-0.106557 -0.040561 0.000000
-0.277223 -0.040704 0.000000
0.466996 -0.003094 0.000000
0.285203 -0.018866 0.000000
0.363198 -0.012509 0.000000
0.316529 -0.016383 0.000000
0.026765 -0.035507 0.000000
0.014501 -0.036097 0.000000
0.369266 -0.011990 0.000000
0.099401 -0.031592 0.000000
-0.437101 0.027447 0.000000
-0.213144 0.042564 0.000000
-0.026377 -0.037897 0.000000
0.170255 0.028225 0.000000
-0.496853 -0.002746 0.000000
-0.366348 0.036479 0.000000
0.216518 -0.023978 0.000000
-0.466407 0.020692 0.000000
-0.073886 -0.039627 0.000000
-0.491546 0.009747 0.000000
0.267606 -0.020219 0.000000
-0.286628 -0.040399 0.000000
0.187222 0.027086 0.000000
-0.255311 0.042018 0.000000
-0.392610 -0.033154 0.000000
-0.056029 -0.039026 0.000000
-0.428179 0.029008 0.000000
-0.376689 0.035535 0.000000
-0.101076 0.041314 0.000000
0.242953 -0.022064 0.000000
0.448032 0.005809 0.000000
-0.310565 -0.039422 0.000000
-0.014252 -0.037391 0.000000
0.489110 -0.000934 0.000000
-0.399652 0.033053 0.000000
0.027794 0.036458 0.000000
-0.140682 -0.041280 0.000000
-0.321974 0.039570 0.000000
0.396670 -0.009597 0.000000
-0.066243 -0.039377 0.000000
-0.006959 -0.037075 0.000000
-0.009031 -0.037166 0.000000
-0.413624 -0.030499 0.000000
0.144086 0.029920 0.000000
-0.159206 0.042390 0.000000
-0.163874 0.042438 0.000000
0.042552 0.035727 0.000000
0.021206 -0.035778 0.000000
-0.315424 0.039913 0.000000
0.078444 0.033823 0.000000
0.058272 0.034915 0.000000
0.386749 0.011459 0.000000
0.461354 -0.003636 0.000000
0.054766 0.035099 0.000000
0.362467 0.013581 0.000000
0.386178 0.011510 0.000000
-0.282818 -0.040528 0.000000
-0.201079 0.042602 0.000000
0.393155 -0.009908 0.000000
0.145987 -0.028740 0.000000
-0.399307 -0.032369 0.000000
-0.495005 0.006526 0.000000
0.332663 -0.015068 0.000000
0.305070 0.018350 0.000000
-0.349307 -0.037116 0.000000
0.455936 -0.004153 0.000000
-0.471823 0.019010 0.000000
-0.082047 0.040793 0.000000
-0.029874 0.038995 0.000000
-0.213126 0.042564 0.000000
0.384330 0.011673 0.000000
-0.470928 0.019302 0.000000
0.193982 -0.025555 0.000000
-0.151131 -0.041442 0.000000
0.415080 0.008901 0.000000
-0.103377 0.041372 0.000000
-0.131906 -0.041121 0.000000
0.168485 0.028342 0.000000
-0.357955 -0.036456 0.000000
-0.242660 -0.041483 0.000000
-0.470342 -0.018719 0.000000
-0.160626 -0.041565 0.000000
0.333027 0.016070 0.000000
-0.020886 0.038635 0.000000
-0.418426 0.030536 0.000000
0.458598 0.004790 0.000000
0.043905 0.035658 0.000000
-0.395290 0.033569 0.000000
-0.220684 0.042514 0.000000
0.394743 -0.009768 0.000000
-0.291476 -0.040225 0.000000
0.307605 0.018147 0.000000
0.429174 -0.006658 0.000000
-0.404183 -0.031764 0.000000
0.364862 -0.012367 0.000000
0.378580 -0.011185 0.000000
0.293498 -0.018218 0.000000
-0.219474 -0.041734 0.000000
-0.477201 -0.016329 0.000000
-0.186991 -0.041773 0.000000
0.209964 -0.024442 0.000000
-0.017308 0.038488 0.000000
-0.472759 -0.017924 0.000000
0.168429 0.028346 0.000000
0.109536 -0.030992 0.000000
0.353685 -0.013316 0.000000
-0.298552 0.040688 0.000000
-0.141860 -0.041301 0.000000
0.031913 0.036257 0.000000
-0.297241 0.040741 0.000000
-0.384698 0.034733 0.000000
0.393622 -0.009867 0.000000
0.223838 0.024524 0.000000
-0.212411 0.042568 0.000000
-0.311659 -0.039369 0.000000
-0.081095 0.040765 0.000000
-0.372005 -0.035255 0.000000
0.481281 0.002555 0.000000
-0.452088 -0.023624 0.000000
0.372925 -0.011675 0.000000
0.398182 -0.009463 0.000000
-0.180067 0.042561 0.000000
0.123145 -0.030169 0.000000
-0.072255 -0.039575 0.000000
-0.373710 -0.035097 0.000000
-0.398386 0.033204 0.000000
-0.306313 -0.039617 0.000000
-0.221195 0.042509 0.000000
-0.191590 0.042600 0.000000
-0.305411 -0.039659 0.000000
0.270070 -0.020031 0.000000
-0.115129 -0.040768 0.000000
0.281646 0.020199 0.000000
0.003930 -0.036588 0.000000
-0.268720 0.041697 0.000000
-0.113331 0.041608 0.000000
-0.055106 -0.038993 0.000000
0.255072 0.022229 0.000000
0.309810 0.017969 0.000000
0.208094 0.025642 0.000000
-0.322798 -0.038797 0.000000
0.140598 0.030140 0.000000
-0.212789 -0.041771 0.000000
-0.348777 0.037874 0.000000
0.333648 -0.014987 0.000000
-0.175464 -0.041707 0.000000
0.361774 -0.012631 0.000000
0.442723 -0.005400 0.000000
0.389846 0.011184 0.000000
-0.084335 0.040860 0.000000
0.249368 -0.021590 0.000000
-0.494809 0.006756 0.000000
-0.328891 -0.038453 0.000000
-0.366628 0.036455 0.000000
-0.318093 -0.039048 0.000000
-0.149473 0.042268 0.000000
0.377163 0.012304 0.000000
0.462681 -0.003509 0.000000
0.372671 0.012697 0.000000
-0.175454 -0.041707 0.000000
0.204041 -0.024857 0.000000
0.149797 -0.028496 0.000000
-0.059912 -0.039161 0.000000
-0.426899 0.029219 0.000000
0.239027 -0.022353 0.000000
-0.035629 -0.038265 0.000000
0.196004 -0.025416 0.000000
0.229133 0.024142 0.000000
0.486437 -0.001198 0.000000
0.180782 -0.026455 0.000000
0.210234 0.025492 0.000000
-0.415396 0.030977 0.000000
-0.412038 0.031450 0.000000
-0.082376 0.040802 0.000000
-0.082636 0.040810 0.000000
-0.226957 -0.041675 0.000000
0.499068 0.000755 0.000000
0.490034 0.001674 0.000000
0.451929 -0.004533 0.000000
-0.271558 0.041619 0.000000
0.073646 0.034088 0.000000
0.486744 0.002006 0.000000
0.148439 -0.028583 0.000000
0.287884 0.019712 0.000000
0.351402 0.014527 0.000000
0.390690 0.011108 0.000000
0.191188 0.026815 0.000000
0.273066 -0.019802 0.000000
-0.321180 -0.038885 0.000000
-0.111068 0.041557 0.000000
-0.327593 -0.038528 0.000000
0.414551 -0.007994 0.000000
0.379238 -0.011128 0.000000
0.264054 -0.020488 0.000000
-0.269494 -0.040923 0.000000
0.375263 -0.011473 0.000000
-0.189670 -0.041783 0.000000
-0.361135 -0.036200 0.000000
-0.389821 -0.033465 0.000000
0.270282 -0.020015 0.000000
0.201180 -0.025057 0.000000
0.113825 -0.030735 0.000000
-0.397464 -0.032591 0.000000
-0.172129 0.042510 0.000000
-0.438027 -0.026533 0.000000
0.400156 -0.009287 0.000000
0.366923 -0.012191 0.000000
0.312465 -0.016711 0.000000
0.177531 0.027740 0.000000
0.485691 -0.001271 0.000000
-0.032994 0.039116 0.000000
-0.055821 0.039953 0.000000
0.006555 0.037453 0.000000
0.219542 -0.023763 0.000000
0.475491 -0.002271 0.000000
0.408397 0.009512 0.000000
0.444250 0.006170 0.000000
0.354827 0.014236 0.000000
-0.229569 0.042429 0.000000
0.086861 -0.032316 0.000000
0.117831 -0.030493 0.000000
0.127994 -0.029871 0.000000
0.210549 -0.024401 0.000000
-0.016555 0.038456 0.000000
-0.126811 -0.041021 0.000000
-0.378608 0.035348 0.000000
-0.392687 -0.033145 0.000000
0.012111 -0.036210 0.000000
0.233402 -0.022764 0.000000
0.174416 0.027948 0.000000
-0.333583 0.038894 0.000000
-0.494037 -0.006789 0.000000
0.138889 0.030248 0.000000
0.417747 -0.007704 0.000000
-0.413361 -0.030536 0.000000
0.415453 0.008866 0.000000
0.238290 -0.022407 0.000000
0.334323 0.015962 0.000000
0.185650 0.027192 0.000000
-0.229480 0.042430 0.000000
0.050723 0.035309 0.000000
0.103941 0.032369 0.000000
-0.264413 -0.041052 0.000000
-0.374987 0.035696 0.000000
-0.415233 -0.030271 0.000000
0.063639 0.034629 0.000000
0.205676 -0.024743 0.000000
0.177733 0.027727 0.000000
0.336646 0.015769 0.000000
-0.376981 -0.034787 0.000000
0.012359 0.037188 0.000000
-0.126030 0.041877 0.000000
0.264026 -0.020490 0.000000
0.268576 0.021206 0.000000
0.325022 0.016731 0.000000
0.296617 0.019024 0.000000
-0.252679 0.042073 0.000000
-0.177106 -0.041720 0.000000
0.304264 -0.017367 0.000000
-0.242053 -0.041492 0.000000
0.275444 -0.019620 0.000000
0.375551 -0.011448 0.000000
0.099309 -0.031597 0.000000
0.342372 0.015290 0.000000
-0.065968 0.040295 0.000000
0.078461 -0.032791 0.000000
0.159177 0.028952 0.000000
-0.379030 0.035307 0.000000
0.164427 -0.027545 0.000000
0.221260 0.024709 0.000000
-0.391405 -0.033288 0.000000
0.332246 -0.015102 0.000000
0.159616 0.028923 0.000000
-0.360797 -0.036228 0.000000
0.079114 -0.032754 0.000000
-0.001790 0.037826 0.000000
0.009810 0.037306 0.000000
-0.006086 -0.037037 0.000000
-0.037100 -0.038323 0.000000
0.176214 -0.026762 0.000000
-0.492424 -0.008256 0.000000
-0.459686 0.022538 0.000000
-0.451939 -0.023658 0.000000
0.327939 0.016491 0.000000
0.486968 0.001984 0.000000
0.201080 0.026132 0.000000
0.302334 -0.017520 0.000000
-0.421992 0.029996 0.000000
-0.354294 0.037462 0.000000
-0.267804 0.041721 0.000000
-0.312867 0.040041 0.000000
0.240763 -0.022226 0.000000
-0.397035 0.033366 0.000000
-0.445220 -0.025116 0.000000
-0.187125 -0.041774 0.000000
0.100714 0.032558 0.000000
0.102953 -0.031383 0.000000
-0.247556 -0.041403 0.000000
0.084075 -0.032475 0.000000
0.302631 -0.017496 0.000000
0.358250 0.013943 0.000000
0.400649 0.010215 0.000000
0.085398 0.033435 0.000000
0.267903 -0.020196 0.000000
0.305323 0.018330 0.000000
-0.373740 -0.035094 0.000000
0.089204 -0.032182 0.000000
-0.481398 0.015402 0.000000
0.293514 -0.018216 0.000000
0.159450 -0.027871 0.000000
0.307854 -0.017080 0.000000
-0.380990 -0.034392 0.000000
0.027989 -0.035448 0.000000
-0.489300 0.011300 0.000000
-0.240845 0.042281 0.000000
-0.286609 -0.040400 0.000000
-0.086215 -0.040006 0.000000
0.005769 0.037489 0.000000
-0.118861 0.041730 0.000000
0.079672 -0.032723 0.000000
-0.494718 0.006860 0.000000
0.165552 0.028535 0.000000
-0.368413 0.036297 0.000000
-0.131336 -0.041110 0.000000
-0.216644 -0.041752 0.000000
0.373396 0.012634 0.000000
-0.203747 -0.041796 0.000000
-0.235635 0.042355 0.000000
-0.409707 0.031768 0.000000
0.223868 0.024522 0.000000
-0.365085 -0.035868 0.000000
0.453759 -0.004360 0.000000
-0.203540 0.042599 0.000000
-0.094707 0.041148 0.000000
-0.185193 0.042583 0.000000
0.389664 -0.010216 0.000000
-0.016724 0.038464 0.000000
0.268079 0.021244 0.000000
-0.001039 0.037793 0.000000
-0.001476 -0.036832 0.000000
0.066758 0.034462 0.000000
0.343685 0.015179 0.000000
0.157938 -0.027970 0.000000
0.052520 0.035216 0.000000
-0.105835 -0.040542 0.000000
0.097127 -0.031725 0.000000
-0.224061 0.042485 0.000000
-0.285493 -0.040439 0.000000
0.121294 0.031334 0.000000
-0.450066 0.024831 0.000000
-0.101528 0.041325 0.000000
0.289369 0.019595 0.000000
0.332566 -0.015076 0.000000
0.256817 0.022098 0.000000
0.398812 0.010381 0.000000
0.079815 -0.032715 0.000000
0.438121 -0.005829 0.000000
0.487472 0.001933 0.000000
-0.219965 -0.041731 0.000000
-0.146107 -0.041368 0.000000
-0.060398 -0.039178 0.000000
0.482715 0.002411 0.000000
-0.341500 0.038382 0.000000
0.089750 0.033188 0.000000
0.481089 -0.001724 0.000000
0.290496 -0.018453 0.000000
0.345518 0.015025 0.000000
-0.274528 -0.040784 0.000000
-0.325534 0.039371 0.000000
0.355192 0.014205 0.000000
-0.348184 0.037918 0.000000
0.444125 0.006182 0.000000
0.407924 -0.008592 0.000000
0.218265 0.024923 0.000000
0.238148 -0.022417 0.000000
-0.322808 -0.038796 0.000000
0.047168 -0.034478 0.000000
-0.107855 0.041481 0.000000
-0.448474 0.025179 0.000000
0.288176 -0.018634 0.000000
-0.404546 -0.031718 0.000000
-0.064120 0.040233 0.000000
0.174158 0.027965 0.000000
-0.340655 0.038440 0.000000
0.327394 -0.015500 0.000000
-0.062332 0.040174 0.000000
-0.111333 -0.040677 0.000000
-0.257805 -0.041203 0.000000
0.289790 0.019562 0.000000
-0.063405 0.040210 0.000000
-0.316698 0.039848 0.000000
0.220813 -0.023672 0.000000
0.134780 -0.029448 0.000000
0.137226 0.030352 0.000000
0.015618 0.037037 0.000000
0.152412 -0.028328 0.000000
-0.189542 -0.041782 0.000000
-0.051710 -0.038871 0.000000
-0.403760 -0.031818 0.000000
0.396284 0.010608 0.000000
0.329493 -0.015329 0.000000
-0.350758 -0.037008 0.000000
-0.395978 -0.032766 0.000000
-0.315649 0.039901 0.000000
-0.373618 -0.035106 0.000000
0.475830 -0.002238 0.000000
0.476333 0.003048 0.000000
-0.395760 0.033514 0.000000
0.388276 0.011323 0.000000
-0.215823 -0.041757 0.000000
-0.183448 0.042577 0.000000
0.252475 0.022424 0.000000
0.064138 -0.033579 0.000000
-0.334591 0.038831 0.000000
-0.111430 0.041566 0.000000
0.379362 -0.011117 0.000000
0.326003 0.016650 0.000000
0.235645 -0.022600 0.000000
-0.245840 -0.041431 0.000000
-0.447033 0.025486 0.000000
-0.036114 0.039237 0.000000
0.478283 -0.001998 0.000000
-0.369643 0.036189 0.000000
0.304620 0.018386 0.000000
-0.049975 -0.038808 0.000000
0.190060 0.026892 0.000000
-0.108449 -0.040608 0.000000
-0.235414 0.042358 0.000000
0.131816 0.030689 0.000000
-0.016700 -0.037495 0.000000
-0.205966 0.042593 0.000000
0.241491 0.023239 0.000000
-0.181364 -0.041746 0.000000
-0.326299 -0.038601 0.000000
-0.188944 -0.041780 0.000000
0.500786 0.000230 0.000000
-0.220030 0.042519 0.000000
0.458901 -0.003870 0.000000
-0.259922 0.041916 0.000000
-0.338241 -0.037876 0.000000
0.384883 0.011624 0.000000
0.172633 0.028067 0.000000
0.231152 -0.022927 0.000000
0.024973 0.036594 0.000000
0.091154 -0.032070 0.000000
0.046360 0.035533 0.000000
0.403196 -0.009016 0.000000
0.090576 -0.032103 0.000000
0.228308 -0.023133 0.000000
-0.008247 0.038106 0.000000
0.501005 0.000253 0.000000
0.046456 0.035529 0.000000
0.253759 0.022328 0.000000
0.424341 -0.007102 0.000000
-0.041097 0.039424 0.000000
0.359687 -0.012808 0.000000
0.363380 -0.012494 0.000000
-0.128266 0.041919 0.000000
0.227083 0.024290 0.000000
0.102434 -0.031414 0.000000
0.455568 0.005083 0.000000
0.316005 -0.016426 0.000000
0.380636 0.011999 0.000000
0.256413 -0.021064 0.000000
0.119170 0.031462 0.000000
0.271742 -0.019903 0.000000
-0.446453 0.025608 0.000000
0.128939 0.030866 0.000000
0.324776 -0.015714 0.000000
0.434884 0.007058 0.000000
0.297780 -0.017880 0.000000
-0.319031 -0.038999 0.000000
-0.456435 -0.022595 0.000000
0.016631 0.036990 0.000000
-0.202943 0.042600 0.000000
-0.109733 -0.040639 0.000000
0.425927 -0.006957 0.000000
-0.317198 -0.039093 0.000000
0.277898 0.020490 0.000000
0.008728 0.037355 0.000000
-0.233028 0.042391 0.000000
0.133354 0.030593 0.000000
-0.156533 -0.041516 0.000000
0.383339 0.011761 0.000000
-0.153838 -0.041480 0.000000
0.368187 0.013087 0.000000
0.272792 -0.019823 0.000000
-0.066833 -0.039397 0.000000
0.053890 -0.034127 0.000000
-0.247940 -0.041397 0.000000
-0.039089 -0.038400 0.000000
-0.458713 -0.022027 0.000000
-0.364601 -0.035910 0.000000
-0.054433 -0.038969 0.000000
0.348422 -0.013759 0.000000
-0.288439 -0.040336 0.000000
-0.224107 -0.041699 0.000000
0.501131 0.000265 0.000000
-0.026562 0.038864 0.000000
-0.054804 0.039918 0.000000
-0.104745 -0.040515 0.000000
0.241770 -0.022152 0.000000
0.335733 0.015845 0.000000
-0.322713 0.039529 0.000000
-0.073059 0.040521 0.000000
0.189494 -0.025863 0.000000
0.246079 -0.021834 0.000000
0.301476 0.018637 0.000000
0.017416 -0.035959 0.000000
0.005196 -0.036530 0.000000
-0.148665 0.042257 0.000000
0.351595 0.014511 0.000000
-0.007713 -0.037108 0.000000
0.252625 0.022412 0.000000
0.328047 0.016482 0.000000
0.299661 0.018782 0.000000
0.060678 -0.033765 0.000000
0.191154 -0.025749 0.000000
-0.338427 -0.037864 0.000000
0.112327 -0.030826 0.000000
-0.119716 0.041748 0.000000
-0.198382 0.042605 0.000000
0.389088 0.011251 0.000000
0.194818 -0.025497 0.000000
-0.164563 -0.041609 0.000000
-0.139835 -0.041265 0.000000
-0.336438 -0.037992 0.000000
-0.496852 -0.002749 0.000000
0.259437 0.021901 0.000000
-0.196066 -0.041797 0.000000
0.435936 -0.006033 0.000000
0.217430 0.024982 0.000000
-0.193692 0.042603 0.000000
-0.423361 0.029784 0.000000
-0.216174 -0.041755 0.000000
-0.231044 0.042413 0.000000
-0.254525 -0.041273 0.000000
-0.401883 -0.032053 0.000000
-0.194429 0.042604 0.000000
-0.156620 0.042359 0.000000
-0.200901 0.042602 0.000000
-0.255826 -0.041246 0.000000
0.225187 -0.023358 0.000000
0.308074 -0.017063 0.000000
-0.090366 0.041030 0.000000
-0.324438 -0.038707 0.000000
-0.243871 0.042232 0.000000
-0.081876 0.040788 0.000000
-0.088065 -0.040061 0.000000
-0.226619 0.042462 0.000000
0.094130 -0.031899 0.000000
0.130035 -0.029744 0.000000
0.000572 -0.036740 0.000000
-0.110805 0.041551 0.000000
0.369399 -0.011978 0.000000
-0.440563 0.026793 0.000000
0.310283 0.017931 0.000000
-0.253421 0.042058 0.000000
-0.168181 -0.041645 0.000000
-0.468769 -0.019213 0.000000
0.264945 0.021483 0.000000
0.128529 -0.029838 0.000000
-0.111900 0.041577 0.000000
-0.497202 0.002542 0.000000
-0.219472 0.042524 0.000000
-0.072134 -0.039571 0.000000
-0.292689 -0.040180 0.000000
-0.409411 0.031807 0.000000
-0.443286 0.026257 0.000000
-0.242279 -0.041489 0.000000
0.015301 0.037052 0.000000
-0.025036 0.038803 0.000000
-0.298422 0.040693 0.000000
-0.369222 -0.035506 0.000000
-0.140623 0.042137 0.000000
-0.264604 -0.041048 0.000000
-0.302484 -0.039785 0.000000
-0.331472 0.039024 0.000000
-0.132918 0.042006 0.000000
-0.366658 -0.035732 0.000000
0.226564 -0.023259 0.000000
0.288622 -0.018599 0.000000
-0.422722 0.029884 0.000000
0.269521 0.021134 0.000000
0.019758 0.036843 0.000000
0.423411 0.008131 0.000000
-0.150140 -0.041428 0.000000
-0.085650 -0.039989 0.000000
-0.120075 -0.040879 0.000000
0.413560 0.009040 0.000000
0.487131 0.001967 0.000000
0.377336 -0.011293 0.000000
-0.414242 0.031142 0.000000
-0.268862 0.041693 0.000000
0.472610 0.003417 0.000000
-0.300521 0.040604 0.000000
0.141769 0.030066 0.000000
-0.135447 -0.041188 0.000000
-0.239787 0.042298 0.000000
-0.123417 0.041824 0.000000
-0.231859 -0.041624 0.000000
0.132156 0.030668 0.000000
-0.040162 -0.038441 0.000000
-0.018285 -0.037562 0.000000
0.386487 -0.010495 0.000000
0.476484 -0.002174 0.000000
0.320241 -0.016083 0.000000
-0.379731 0.035238 0.000000
0.245495 -0.021877 0.000000
0.386980 -0.010452 0.000000
-0.005832 -0.037025 0.000000
0.449389 -0.004773 0.000000
0.085874 0.033408 0.000000
-0.111066 -0.040671 0.000000
-0.142448 0.042165 0.000000
0.133639 -0.029520 0.000000
-0.179150 0.042555 0.000000
0.321441 0.017024 0.000000
0.088280 -0.032235 0.000000
-0.364502 -0.035918 0.000000
-0.100669 -0.040410 0.000000
-0.295093 -0.040089 0.000000
0.052051 -0.034223 0.000000
0.026964 -0.035498 0.000000
0.161264 -0.027752 0.000000
-0.080241 0.040740 0.000000
-0.309930 -0.039452 0.000000
0.261664 -0.020669 0.000000
0.337608 0.015689 0.000000
0.146324 0.029778 0.000000
-0.434389 0.027941 0.000000
-0.329051 0.039167 0.000000
-0.108886 0.041505 0.000000
-0.405784 -0.031559 0.000000
0.232010 -0.022865 0.000000
0.295312 0.019127 0.000000
0.082322 0.033607 0.000000
-0.228337 0.042443 0.000000
0.246410 -0.021809 0.000000
0.368461 -0.012059 0.000000
-0.135533 -0.041190 0.000000
-0.046279 0.039615 0.000000
0.337471 -0.014671 0.000000
0.116439 -0.030578 0.000000
-0.026911 -0.037919 0.000000
0.446487 0.005956 0.000000
-0.380459 -0.034446 0.000000
0.483934 -0.001444 0.000000
-0.377192 -0.034767 0.000000
0.334466 0.015950 0.000000
-0.293621 0.040884 0.000000
0.402548 0.010043 0.000000
0.284606 -0.018912 0.000000
-0.410050 -0.030993 0.000000
0.405588 0.009768 0.000000
0.266919 -0.020271 0.000000
-0.258619 0.041947 0.000000
0.193318 -0.025601 0.000000
0.316669 -0.016372 0.000000
-0.085398 0.040891 0.000000
0.138741 -0.029200 0.000000
-0.095856 0.041179 0.000000
-0.020656 0.038625 0.000000
0.052077 0.035239 0.000000
-0.483131 -0.013837 0.000000
0.234914 -0.022654 0.000000
0.131977 -0.029623 0.000000
-0.183802 0.042578 0.000000
0.015937 -0.036029 0.000000
0.440678 -0.005591 0.000000
-0.411591 -0.030782 0.000000
0.104282 -0.031305 0.000000
-0.442085 -0.025750 0.000000
-0.083314 0.040830 0.000000
0.369631 0.012962 0.000000
0.248253 0.022739 0.000000
0.157804 0.029041 0.000000
-0.083728 0.040842 0.000000
-0.119434 -0.040864 0.000000
-0.242351 -0.041488 0.000000
-0.093035 0.041104 0.000000
0.468050 0.003866 0.000000
0.410381 0.009331 0.000000
0.432455 0.007286 0.000000
-0.313364 0.040017 0.000000
0.112832 -0.030795 0.000000
0.424836 0.007999 0.000000
-0.334278 -0.038127 0.000000
0.324150 -0.015765 0.000000
0.262819 -0.020582 0.000000
-0.113467 0.041611 0.000000
0.028379 -0.035429 0.000000
-0.339164 -0.037815 0.000000
0.330511 -0.015245 0.000000
-0.188682 -0.041779 0.000000
0.181541 -0.026404 0.000000
-0.446500 -0.024849 0.000000
-0.318704 0.039744 0.000000
-0.132075 0.041992 0.000000
-0.402927 -0.031924 0.000000
0.329802 -0.015303 0.000000
-0.488302 0.011915 0.000000
-0.029749 -0.038032 0.000000
0.460537 0.004601 0.000000
0.419833 0.008463 0.000000
-0.373107 0.035873 0.000000
0.444272 0.006168 0.000000
-0.425076 0.029513 0.000000
-0.052434 0.039835 0.000000
-0.084167 -0.039945 0.000000
-0.418419 0.030537 0.000000
0.470214 -0.002783 0.000000
-0.455798 0.023507 0.000000
0.113796 0.031786 0.000000
-0.339785 0.038498 0.000000
-0.417578 0.030660 0.000000
0.223312 -0.023493 0.000000
0.266584 -0.020297 0.000000
-0.097571 0.041224 0.000000
-0.225938 -0.041684 0.000000
0.490635 0.001614 0.000000
0.433925 -0.006219 0.000000
0.438489 -0.005795 0.000000
-0.418345 -0.029816 0.000000
0.394908 0.010731 0.000000
0.266850 -0.020276 0.000000
-0.487526 0.012368 0.000000
0.124017 -0.030116 0.000000
0.263761 -0.020511 0.000000
-0.005876 0.038004 0.000000
0.065172 -0.033523 0.000000
0.170861 0.028185 0.000000
-0.395725 -0.032796 0.000000
0.126845 0.030995 0.000000
0.013206 0.037149 0.000000
-0.056819 -0.039054 0.000000
0.224781 -0.023387 0.000000
0.492816 -0.000566 0.000000
-0.209900 -0.041782 0.000000
-0.451224 0.024573 0.000000
-0.446421 -0.024866 0.000000
0.085799 -0.032376 0.000000
0.488126 0.001867 0.000000
-0.190855 0.042599 0.000000
0.130801 0.030751 0.000000
-0.389453 -0.033505 0.000000
-0.052717 0.039845 0.000000
-0.325866 0.039352 0.000000
0.387332 0.011407 0.000000
-0.302411 -0.039788 0.000000
-0.422500 -0.029185 0.000000
0.478816 0.002801 0.000000
0.418665 -0.007621 0.000000
-0.227522 -0.041670 0.000000
0.497774 0.000888 0.000000
-0.148718 0.042258 0.000000
-0.215408 -0.041759 0.000000
0.253867 -0.021255 0.000000
-0.062837 -0.039263 0.000000
0.493763 0.001296 0.000000
-0.201208 0.042602 0.000000
-0.255465 -0.041254 0.000000
0.226339 0.024344 0.000000
0.393784 0.010832 0.000000
0.249229 0.022666 0.000000
-0.091174 0.041053 0.000000
-0.235612 -0.041581 0.000000
-0.121208 -0.040904 0.000000
0.310049 -0.016905 0.000000
0.162123 0.028760 0.000000
-0.131670 0.041984 0.000000
0.426801 -0.006877 0.000000
-0.271905 0.041609 0.000000
0.402106 0.010083 0.000000
-0.476615 -0.016551 0.000000
-0.229514 0.042430 0.000000
0.103660 0.032385 0.000000
-0.263194 0.041838 0.000000
0.428835 0.007626 0.000000
-0.118271 0.041718 0.000000
-0.331996 -0.038267 0.000000
0.394144 0.010800 0.000000
-0.055436 -0.039005 0.000000
0.275899 0.020644 0.000000
0.422509 0.008215 0.000000
0.314624 -0.016537 0.000000
-0.289493 -0.040300 0.000000
0.496737 0.000994 0.000000
0.407046 -0.008671 0.000000
0.199783 -0.025154 0.000000
-0.461965 0.021937 0.000000
0.213366 -0.024202 0.000000
-0.137458 -0.041224 0.000000
-0.233115 0.042389 0.000000
0.070262 -0.033245 0.000000
-0.467046 -0.019736 0.000000
0.157898 0.029035 0.000000
-0.166561 0.042464 0.000000
-0.340818 -0.037707 0.000000
-0.355356 -0.036660 0.000000
0.487566 -0.001086 0.000000
-0.287475 0.041113 0.000000
0.376419 -0.011373 0.000000
-0.121771 -0.040916 0.000000
-0.358163 0.037159 0.000000
-0.291682 -0.040218 0.000000
0.403645 -0.008976 0.000000
0.284071 -0.018954 0.000000
-0.173928 -0.041695 0.000000
-0.061649 0.040152 0.000000
0.383736 -0.010736 0.000000
-0.365791 -0.035807 0.000000
-0.005035 0.037967 0.000000
0.153677 0.029308 0.000000
-0.286218 0.041157 0.000000
0.131737 0.030694 0.000000
-0.362756 0.036785 0.000000
0.183685 -0.026258 0.000000
0.495723 -0.000276 0.000000
-0.273868 -0.040803 0.000000
0.463277 -0.003451 0.000000
0.102049 -0.031436 0.000000
0.026230 -0.035534 0.000000
0.108097 -0.031078 0.000000
-0.399353 -0.032364 0.000000
-0.153372 0.042321 0.000000
0.104590 0.032331 0.000000
-0.409814 -0.031025 0.000000
0.350147 0.014634 0.000000
0.139019 0.030239 0.000000
0.491996 -0.000647 0.000000
-0.304468 0.040433 0.000000
0.497580 -0.000091 0.000000
0.186065 0.027164 0.000000
0.487699 0.001910 0.000000
0.167709 -0.027328 0.000000
-0.299605 -0.039908 0.000000
0.027997 -0.035447 0.000000
-0.270074 -0.040907 0.000000
-0.493497 -0.007313 0.000000
-0.157487 0.042370 0.000000
0.009206 0.037333 0.000000
0.362720 0.013559 0.000000
0.039705 0.035870 0.000000
-0.024432 0.038779 0.000000
0.290153 -0.018480 0.000000
0.053015 -0.034173 0.000000
0.004988 -0.036539 0.000000
0.245242 -0.021896 0.000000
0.111985 -0.030846 0.000000
0.409486 -0.008452 0.000000
-0.441220 -0.025921 0.000000
-0.008950 -0.037162 0.000000
-0.040720 0.039410 0.000000
0.018221 0.036915 0.000000
-0.078256 -0.039765 0.000000
0.372271 -0.011731 0.000000
-0.480015 -0.015208 0.000000
-0.366847 -0.035716 0.000000
-0.284931 -0.040458 0.000000
0.171167 0.028164 0.000000
0.179807 0.027587 0.000000
-0.426744 -0.028508 0.000000
-0.392040 -0.033218 0.000000
0.251872 -0.021404 0.000000
-0.182729 -0.041754 0.000000
0.004961 -0.036541 0.000000
-0.093520 0.041117 0.000000
-0.090448 0.041033 0.000000
0.261806 -0.020658 0.000000
0.242710 0.023149 0.000000
0.152315 0.029395 0.000000
0.320012 -0.016102 0.000000
-0.095337 -0.040266 0.000000
-0.090732 0.041041 0.000000
-0.455042 0.023689 0.000000
0.210452 0.025477 0.000000
0.494131 -0.000435 0.000000
0.416598 -0.007809 0.000000
0.429726 0.007542 0.000000
0.367550 0.013142 0.000000
0.393636 -0.009866 0.000000
0.385782 0.011545 0.000000
0.449644 -0.004749 0.000000
-0.277126 0.041456 0.000000
-0.087985 -0.040058 0.000000
-0.075916 0.040609 0.000000
-0.070177 0.040430 0.000000
-0.410446 -0.030940 0.000000
0.026359 0.036528 0.000000
0.395616 -0.009691 0.000000
-0.083022 -0.039911 0.000000
0.308899 -0.016997 0.000000
0.107712 -0.031101 0.000000
0.080686 0.033699 0.000000
0.486790 0.002002 0.000000
-0.265006 -0.041038 0.000000
0.052937 -0.034177 0.000000
-0.434254 0.027965 0.000000
-0.491948 -0.008639 0.000000
0.332958 0.016076 0.000000
-0.192843 -0.041792 0.000000
0.316803 0.017403 0.000000
0.376187 0.012390 0.000000
-0.197420 -0.041798 0.000000
0.003276 -0.036618 0.000000
0.201712 0.026089 0.000000
-0.386535 0.034540 0.000000
-0.417456 0.030678 0.000000
-0.291904 0.040950 0.000000
0.287934 -0.018653 0.000000
-0.030521 0.039020 0.000000
0.452781 -0.004452 0.000000
-0.118096 -0.040834 0.000000
0.189419 -0.025868 0.000000
-0.212315 -0.041773 0.000000
-0.190680 0.042599 0.000000
0.398338 0.010423 0.000000
0.064722 0.034571 0.000000
0.276271 -0.019556 0.000000
0.237443 0.023537 0.000000
0.224291 -0.023422 0.000000
-0.018086 -0.037553 0.000000
0.198450 0.026315 0.000000
-0.413556 0.031238 0.000000
0.003666 -0.036600 0.000000
-0.183011 0.042575 0.000000
0.426117 -0.006940 0.000000
-0.402673 0.032680 0.000000
0.041219 0.035794 0.000000
0.075726 0.033973 0.000000
0.177203 -0.026696 0.000000
0.201145 0.026128 0.000000
0.010704 -0.036275 0.000000
-0.473267 0.018525 0.000000
0.084815 0.033467 0.000000
0.055895 0.035040 0.000000
0.094734 -0.031864 0.000000
0.318979 0.017226 0.000000
0.049894 -0.034337 0.000000
0.268181 -0.020175 0.000000
0.323143 0.016885 0.000000
0.184077 -0.026232 0.000000
0.327662 -0.015479 0.000000
0.386909 0.011445 0.000000
0.312406 -0.016716 0.000000
0.444317 0.006164 0.000000
-0.481742 0.015252 0.000000
0.140935 0.030119 0.000000
0.391199 -0.010081 0.000000
-0.374760 0.035718 0.000000
0.361162 0.013693 0.000000
0.339110 -0.014535 0.000000
0.319048 0.017220 0.000000
-0.133124 0.042010 0.000000
0.066581 0.034472 0.000000
0.337961 -0.014631 0.000000
0.189013 0.026964 0.000000
0.166125 -0.027433 0.000000
0.390138 -0.010174 0.000000
-0.117191 -0.040814 0.000000
-0.422282 0.029952 0.000000
-0.039108 -0.038401 0.000000
-0.382003 0.035010 0.000000
0.131097 -0.029678 0.000000
0.429917 0.007524 0.000000
0.154499 -0.028193 0.000000
-0.357049 0.037248 0.000000
0.239836 0.023361 0.000000
-0.182743 0.042574 0.000000
0.182031 -0.026371 0.000000
-0.113948 -0.040740 0.000000
0.311730 -0.016770 0.000000
0.496582 0.001009 0.000000
0.451448 0.005481 0.000000
-0.237942 0.042324 0.000000
-0.369142 -0.035513 0.000000
0.479608 -0.001869 0.000000
-0.127402 0.041903 0.000000
-0.118883 0.041731 0.000000
-0.471202 -0.018441 0.000000
-0.279521 -0.040634 0.000000
0.206895 -0.024658 0.000000
0.496542 0.001013 0.000000
0.157977 -0.027967 0.000000
-0.198676 -0.041800 0.000000
-0.291318 -0.040231 0.000000
-0.089021 -0.040088 0.000000
0.129589 -0.029772 0.000000
0.416549 -0.007813 0.000000
-0.410408 0.031672 0.000000
0.264643 0.021506 0.000000
-0.239779 0.042298 0.000000
-0.180567 0.042563 0.000000
-0.455251 0.023639 0.000000
-0.077764 0.040665 0.000000
-0.432666 -0.027505 0.000000
-0.383223 0.034886 0.000000
-0.259802 -0.041161 0.000000
0.361900 0.013630 0.000000
-0.094508 0.041143 0.000000
0.070195 0.034276 0.000000
0.031420 0.036282 0.000000
0.191522 -0.025724 0.000000
0.107138 -0.031136 0.000000
-0.409915 0.031739 0.000000
-0.255255 0.042019 0.000000
-0.233508 0.042384 0.000000
0.057715 0.034944 0.000000
-0.067854 -0.039431 0.000000
-0.236365 0.042345 0.000000
0.448152 0.005797 0.000000
0.326556 0.016605 0.000000
-0.341134 -0.037686 0.000000
-0.277228 -0.040704 0.000000
0.183453 0.027341 0.000000
0.428058 0.007698 0.000000
-0.298154 0.040704 0.000000
0.332932 0.016078 0.000000
-0.283159 -0.040517 0.000000
-0.348603 -0.037166 0.000000
0.213042 0.025294 0.000000
-0.154371 -0.041487 0.000000
0.110676 0.031971 0.000000
0.015184 0.037057 0.000000
-0.078854 0.040699 0.000000
-0.425482 -0.028713 0.000000
-0.317086 0.039829 0.000000
-0.398532 -0.032463 0.000000
-0.300302 0.040613 0.000000
0.403840 0.009926 0.000000
-0.254302 0.042039 0.000000
0.411870 0.009195 0.000000
0.395729 0.010658 0.000000
0.144611 0.029887 0.000000
-0.057515 0.040011 0.000000
-0.321878 -0.038847 0.000000
0.380120 0.012045 0.000000
0.359228 -0.012847 0.000000
-0.215784 0.042548 0.000000
-0.020466 0.038618 0.000000
0.303280 -0.017445 0.000000
0.202124 0.026060 0.000000
0.115432 -0.030638 0.000000
0.378334 -0.011206 0.000000
-0.107870 0.041481 0.000000
-0.494827 -0.005934 0.000000
-0.173878 0.042523 0.000000
0.493942 0.001278 0.000000
0.486080 -0.001233 0.000000
0.308600 0.018066 0.000000
-0.092999 -0.040201 0.000000
0.144677 -0.028823 0.000000
0.304141 -0.017376 0.000000
-0.096314 -0.040292 0.000000
-0.317090 -0.039099 0.000000
0.374401 -0.011547 0.000000
-0.297616 -0.039988 0.000000
-0.401268 0.032854 0.000000
0.334561 -0.014912 0.000000
-0.436498 -0.026817 0.000000
0.374609 -0.011529 0.000000
-0.273467 -0.040815 0.000000
-0.097238 -0.040317 0.000000
-0.294084 0.040866 0.000000
-0.399625 -0.032331 0.000000
0.441729 -0.005493 0.000000
-0.120045 0.041755 0.000000
-0.346340 -0.037328 0.000000
-0.478050 0.016780 0.000000
0.274352 -0.019704 0.000000
-0.111521 -0.040682 0.000000
0.452068 0.005421 0.000000
-0.208897 -0.041785 0.000000
0.294160 -0.018166 0.000000
0.324367 -0.015748 0.000000
-0.298528 -0.039951 0.000000
0.408090 0.009540 0.000000
-0.135420 -0.041188 0.000000
-0.388880 -0.033567 0.000000
0.326958 -0.015536 0.000000
-0.252983 0.042067 0.000000
0.282290 -0.019092 0.000000
-0.077436 0.040655 0.000000
-0.496270 0.004728 0.000000
0.484988 0.002183 0.000000
-0.268017 0.041715 0.000000
-0.267423 -0.040978 0.000000
-0.242635 0.042252 0.000000
0.044462 -0.034619 0.000000
0.251909 0.022466 0.000000
-0.040960 -0.038471 0.000000
0.136911 -0.029315 0.000000
0.187017 -0.026032 0.000000
-0.428225 -0.028264 0.000000
0.209027 -0.024508 0.000000
-0.090277 0.041028 0.000000
-0.222794 -0.041711 0.000000
-0.273567 0.041561 0.000000
0.494737 0.001197 0.000000
0.494542 -0.000394 0.000000
0.333344 0.016044 0.000000
0.413914 0.009008 0.000000
0.486983 -0.001144 0.000000
0.266884 -0.020274 0.000000
0.434018 -0.006211 0.000000
-0.223293 0.042491 0.000000
-0.193398 0.042603 0.000000
0.378630 -0.011181 0.000000
0.360469 -0.012742 0.000000
0.129865 -0.029755 0.000000
-0.177768 -0.041725 0.000000
-0.011024 -0.037252 0.000000
0.253763 0.022327 0.000000
0.386781 -0.010469 0.000000
0.052054 0.035240 0.000000
0.490512 0.001626 0.000000
0.344424 -0.014093 0.000000
0.300161 -0.017692 0.000000
0.403136 -0.009021 0.000000
0.334670 -0.014903 0.000000
-0.015981 -0.037465 0.000000
0.003856 -0.036591 0.000000
0.372923 0.012675 0.000000
-0.206963 0.042589 0.000000
-0.259673 0.041922 0.000000
-0.326479 -0.038591 0.000000
-0.097871 -0.040334 0.000000
-0.277728 -0.040690 0.000000
0.077173 0.033894 0.000000
-0.486474 -0.012162 0.000000
-0.338452 -0.037862 0.000000
0.455108 0.005128 0.000000
-0.305896 -0.039637 0.000000
0.296565 0.019028 0.000000
0.408295 0.009522 0.000000
-0.021370 0.038654 0.000000
0.036105 -0.035044 0.000000
-0.259521 -0.041167 0.000000
0.468824 0.003790 0.000000
0.334124 0.015979 0.000000
-0.465830 0.020860 0.000000
0.434408 0.007103 0.000000
0.220203 0.024784 0.000000
-0.210504 0.042576 0.000000
-0.281093 -0.040584 0.000000
0.190997 -0.025760 0.000000
-0.365756 0.036530 0.000000
-0.231216 0.042411 0.000000
-0.377948 0.035412 0.000000
0.307728 -0.017090 0.000000
-0.313478 -0.039280 0.000000
-0.287843 0.041100 0.000000
-0.086983 -0.040029 0.000000
-0.290168 0.041014 0.000000
-0.308211 -0.039531 0.000000
-0.411579 -0.030784 0.000000
-0.433165 -0.027418 0.000000
0.259485 0.021897 0.000000
-0.073769 0.040543 0.000000
-0.149026 -0.041413 0.000000
-0.405186 0.032362 0.000000
-0.155864 -0.041508 0.000000
-0.116202 -0.040792 0.000000
-0.296508 -0.040032 0.000000
-0.113516 0.041612 0.000000
-0.071599 0.040475 0.000000
0.089346 0.033211 0.000000
-0.411927 -0.030736 0.000000
0.343078 0.015230 0.000000
-0.278862 -0.040655 0.000000
-0.079371 -0.039799 0.000000
-0.305593 0.040383 0.000000
-0.415650 -0.030210 0.000000
0.283701 0.020039 0.000000
0.336981 -0.014712 0.000000
-0.184571 -0.041764 0.000000
-0.449959 0.024854 0.000000
0.027324 -0.035480 0.000000
0.108276 0.032114 0.000000
0.331280 -0.015182 0.000000
0.485094 -0.001330 0.000000
-0.161710 0.042417 0.000000
-0.370026 -0.035434 0.000000
-0.351523 -0.036952 0.000000
0.160329 -0.027814 0.000000
-0.006989 0.038052 0.000000
-0.208758 -0.041786 0.000000
-0.283898 -0.040494 0.000000
0.079786 0.033749 0.000000
0.458613 -0.003898 0.000000
0.479545 0.002728 0.000000
0.401336 0.010153 0.000000
0.430435 0.007476 0.000000
0.061760 -0.033707 0.000000
0.054411 0.035117 0.000000
0.184533 0.027268 0.000000
-0.459757 -0.021758 0.000000
0.312308 -0.016723 0.000000
-0.028040 -0.037964 0.000000
0.431695 0.007358 0.000000
0.343512 -0.014169 0.000000
0.291964 0.019391 0.000000
-0.218085 -0.041743 0.000000
-0.371290 0.036039 0.000000
-0.260002 0.041915 0.000000
0.343250 0.015216 0.000000
0.461599 -0.003612 0.000000
0.005466 -0.036518 0.000000
-0.170070 0.042494 0.000000
0.090936 0.033121 0.000000
0.130924 -0.029689 0.000000
-0.354609 -0.036718 0.000000
0.407373 0.009605 0.000000
0.255231 -0.021153 0.000000
0.096024 -0.031789 0.000000
0.120793 0.031364 0.000000
0.028846 0.036407 0.000000
-0.133093 0.042009 0.000000
0.311062 0.017868 0.000000
0.494767 0.001194 0.000000
0.022426 0.036716 0.000000
-0.063218 -0.039276 0.000000
-0.221898 -0.041719 0.000000
-0.032511 -0.038143 0.000000
0.186864 0.027110 0.000000
-0.381307 -0.034360 0.000000
0.333121 -0.015030 0.000000
-0.494371 -0.006441 0.000000
-0.207279 -0.041791 0.000000
-0.475979 0.017564 0.000000
0.047858 0.035457 0.000000
-0.375575 -0.034921 0.000000
-0.054466 -0.038970 0.000000
-0.246695 0.042186 0.000000
0.459737 -0.003790 0.000000
0.482427 0.002440 0.000000
0.164461 0.028607 0.000000
0.105106 -0.031256 0.000000
0.151433 0.029452 0.000000
-0.447782 -0.024577 0.000000
0.500822 0.000576 0.000000
-0.054921 0.039922 0.000000
-0.083450 0.040834 0.000000
0.036945 -0.035001 0.000000
0.448454 0.005768 0.000000
-0.320291 -0.038933 0.000000
0.323645 -0.015806 0.000000
0.242541 -0.022095 0.000000
-0.290248 0.041011 0.000000
-0.436108 -0.026888 0.000000
-0.159948 0.042399 0.000000
-0.165040 0.042449 0.000000
0.460290 0.004625 0.000000
0.385160 -0.010611 0.000000
-0.237084 0.042335 0.000000
-0.086341 -0.040009 0.000000
0.234655 -0.022672 0.000000
-0.118650 -0.040847 0.000000
0.377939 0.012236 0.000000
0.029423 0.036379 0.000000
-0.349317 0.037835 0.000000
-0.094866 0.041152 0.000000
0.426310 0.007861 0.000000
-0.135210 -0.041184 0.000000
-0.077668 0.040662 0.000000
-0.013539 0.038331 0.000000
0.227641 0.024250 0.000000
-0.067202 -0.039409 0.000000
0.430235 -0.006560 0.000000
-0.026744 -0.037912 0.000000
0.032811 -0.035209 0.000000
0.265621 0.021432 0.000000
-0.112756 0.041596 0.000000
0.033742 -0.035162 0.000000
0.156448 -0.028066 0.000000
-0.020960 -0.037674 0.000000
0.282336 -0.019088 0.000000
0.217621 -0.023900 0.000000
-0.216717 -0.041751 0.000000
-0.034264 0.039165 0.000000
0.146403 -0.028714 0.000000
0.210096 -0.024433 0.000000
-0.443917 0.026130 0.000000
0.050544 0.035318 0.000000
0.122421 -0.030213 0.000000
0.141551 0.030080 0.000000
-0.073586 -0.039618 0.000000
0.121989 0.031291 0.000000
-0.255067 -0.041262 0.000000
-0.253978 -0.041284 0.000000
0.084969 -0.032424 0.000000
0.419240 0.008517 0.000000
-0.481109 0.015528 0.000000
0.265803 -0.020356 0.000000
0.193314 0.026669 0.000000
0.270390 0.021067 0.000000
-0.497467 -0.000292 0.000000
-0.067690 -0.039426 0.000000
0.213349 -0.024203 0.000000
0.274860 -0.019665 0.000000
-0.241042 -0.041507 0.000000
0.245024 -0.021912 0.000000
0.375570 -0.011446 0.000000
-0.398165 -0.032508 0.000000
-0.331652 0.039013 0.000000
-0.131379 -0.041111 0.000000
-0.361186 0.036914 0.000000
0.449691 0.005650 0.000000
0.248152 -0.021680 0.000000
-0.362822 0.036780 0.000000
-0.277257 0.041452 0.000000
-0.102072 0.041339 0.000000
0.051255 0.035281 0.000000
-0.229868 -0.041646 0.000000
-0.018381 -0.037566 0.000000
-0.396121 0.033472 0.000000
0.195116 0.026545 0.000000
-0.474647 -0.017269 0.000000
0.384575 0.011652 0.000000
-0.259032 -0.041177 0.000000
-0.446618 0.025573 0.000000
-0.486088 -0.012368 0.000000
0.117571 0.031559 0.000000
0.113242 -0.030770 0.000000
0.135483 0.030461 0.000000
-0.330560 0.039078 0.000000
-0.179674 -0.041736 0.000000
-0.111887 -0.040691 0.000000
-0.035327 0.039206 0.000000
0.461324 0.004524 0.000000
0.380579 -0.011011 0.000000
0.082761 0.033583 0.000000
0.145813 0.029811 0.000000
-0.204209 0.042598 0.000000
-0.091903 0.041073 0.000000
-0.461975 -0.021172 0.000000
0.453969 0.005238 0.000000
0.201859 0.026078 0.000000
-0.412098 0.031441 0.000000
0.437957 -0.005845 0.000000
-0.178770 -0.041731 0.000000
0.032135 -0.035242 0.000000
0.353725 -0.013313 0.000000
0.268916 0.021180 0.000000
0.181626 0.027465 0.000000
0.009377 -0.036337 0.000000
0.037317 0.035990 0.000000
0.402410 0.010056 0.000000
0.083984 -0.032480 0.000000
0.032581 -0.035220 0.000000
-0.428941 0.028882 0.000000
-0.324405 -0.038709 0.000000
-0.144968 -0.041350 0.000000
-0.243613 -0.041467 0.000000
0.163313 0.028682 0.000000
0.063077 -0.033636 0.000000
-0.322689 -0.038803 0.000000
0.018284 0.036912 0.000000
-0.244433 -0.041454 0.000000
-0.012749 -0.037326 0.000000
0.105689 -0.031221 0.000000
0.428631 0.007645 0.000000
-0.074178 0.040555 0.000000
-0.093513 0.041116 0.000000
0.248177 -0.021678 0.000000
-0.421421 0.030084 0.000000
0.152662 -0.028312 0.000000
0.221347 -0.023634 0.000000
0.030356 -0.035331 0.000000
-0.148510 -0.041405 0.000000
0.310171 0.017940 0.000000
-0.412586 -0.030645 0.000000
-0.445309 -0.025097 0.000000
0.167160 0.028429 0.000000
-0.450610 -0.023958 0.000000
0.051072 0.035291 0.000000
0.178048 -0.026639 0.000000
-0.195810 0.042606 0.000000
0.422061 -0.007311 0.000000
-0.452635 0.024252 0.000000
-0.136273 -0.041203 0.000000
-0.058094 0.040031 0.000000
-0.246513 0.042189 0.000000
0.393048 0.010898 0.000000
-0.213129 0.042564 0.000000
0.386812 -0.010467 0.000000
-0.033035 -0.038164 0.000000
0.196636 -0.025372 0.000000
0.030998 -0.035299 0.000000
0.430849 -0.006504 0.000000
0.218309 -0.023851 0.000000
0.260403 0.021828 0.000000
0.108583 -0.031049 0.000000
0.223670 -0.023467 0.000000
0.281807 0.020186 0.000000
0.206270 -0.024701 0.000000
-0.079352 0.040714 0.000000
0.462196 -0.003555 0.000000
-0.445473 0.025812 0.000000
0.070251 0.034273 0.000000
-0.323831 -0.038741 0.000000
0.478731 0.002809 0.000000
-0.367883 -0.035626 0.000000
0.500927 0.000565 0.000000
0.076404 -0.032905 0.000000
-0.323713 -0.038748 0.000000
0.044019 -0.034641 0.000000
0.044329 0.035637 0.000000
-0.433888 -0.027289 0.000000
-0.437953 -0.026547 0.000000
0.135615 0.030452 0.000000
0.325238 0.016713 0.000000
0.387117 0.011426 0.000000
0.045379 0.035583 0.000000
-0.320025 -0.038947 0.000000
-0.313914 -0.039259 0.000000
0.363465 -0.012486 0.000000
0.336037 0.015820 0.000000
0.215761 -0.024032 0.000000
-0.477090 0.017150 0.000000
-0.308398 -0.039522 0.000000
0.370491 -0.011884 0.000000
-0.427820 -0.028332 0.000000
0.207210 0.025705 0.000000
0.456185 -0.004129 0.000000
-0.494586 0.007008 0.000000
0.284696 0.019961 0.000000
-0.155602 0.042347 0.000000
0.064876 -0.033539 0.000000
0.446136 -0.005079 0.000000
-0.062335 0.040174 0.000000
-0.121191 -0.040904 0.000000
0.190729 0.026846 0.000000
-0.143677 -0.041329 0.000000
0.204925 0.025864 0.000000
-0.346367 0.038047 0.000000
-0.076453 -0.039709 0.000000
-0.344365 0.038188 0.000000
-0.005761 0.037999 0.000000
0.214343 -0.024133 0.000000
-0.038616 0.039331 0.000000
0.336264 0.015801 0.000000
-0.402239 0.032735 0.000000
-0.310366 0.040161 0.000000
-0.045056 0.039570 0.000000
0.447679 -0.004934 0.000000
0.472968 -0.002516 0.000000
0.230507 0.024042 0.000000
0.195287 0.026534 0.000000
0.475589 0.003122 0.000000
-0.412171 0.031431 0.000000
-0.157375 0.042368 0.000000
0.126770 0.031000 0.000000
0.372488 -0.011712 0.000000
-0.476844 -0.016464 0.000000
0.245809 0.022920 0.000000
0.387410 0.011400 0.000000
0.254108 0.022301 0.000000
-0.313163 -0.039296 0.000000
-0.213100 -0.041770 0.000000
-0.442060 -0.025755 0.000000
-0.406616 0.032176 0.000000
0.459374 -0.003825 0.000000
-0.399367 0.033087 0.000000
0.312471 -0.016710 0.000000
0.062147 -0.033686 0.000000
0.051103 0.035289 0.000000
-0.184172 0.042579 0.000000
-0.060679 -0.039188 0.000000
-0.309628 -0.039466 0.000000
0.321734 0.017000 0.000000
0.273171 0.020854 0.000000
-0.409620 -0.031051 0.000000
0.350832 0.014576 0.000000
0.418408 0.008594 0.000000
-0.400164 0.032990 0.000000
0.138353 -0.029224 0.000000
0.380504 0.012011 0.000000
-0.153534 -0.041476 0.000000
0.123790 -0.030130 0.000000
-0.052090 0.039823 0.000000
0.387748 -0.010384 0.000000
0.472836 -0.002529 0.000000
0.293277 0.019288 0.000000
0.413008 -0.008134 0.000000
0.046672 -0.034504 0.000000
-0.348418 -0.037180 0.000000
-0.182503 0.042573 0.000000
0.165218 0.028557 0.000000
-0.379876 0.035224 0.000000
0.279505 0.020365 0.000000
0.262900 -0.020576 0.000000
0.194733 0.026572 0.000000
-0.302590 -0.039781 0.000000
-0.435638 -0.026974 0.000000
-0.276012 -0.040740 0.000000
0.477846 0.002897 0.000000
0.057853 -0.033916 0.000000
-0.362293 0.036823 0.000000
-0.480112 -0.015168 0.000000
-0.069989 0.040424 0.000000
-0.366837 -0.035717 0.000000
-0.086529 -0.040015 0.000000
0.353300 0.014366 0.000000
0.414429 0.008960 0.000000
-0.471634 -0.018300 0.000000
-0.329703 -0.038404 0.000000
0.239431 0.023391 0.000000
-0.358636 -0.036402 0.000000
-0.200137 -0.041800 0.000000
0.453662 0.005267 0.000000
0.116406 0.031629 0.000000
0.415209 -0.007935 0.000000
-0.262454 -0.041100 0.000000
0.026215 0.036535 0.000000
-0.385033 -0.033977 0.000000
0.467208 0.003949 0.000000
0.446986 0.005909 0.000000
0.046886 0.035507 0.000000
0.184268 0.027286 0.000000
0.248972 0.022685 0.000000
0.445587 0.006043 0.000000
0.411486 -0.008271 0.000000
0.200046 -0.025136 0.000000
0.300902 0.018683 0.000000
-0.310128 -0.039443 0.000000
-0.074854 -0.039659 0.000000
-0.024195 0.038769 0.000000
0.243673 0.023078 0.000000
-0.221071 0.042511 0.000000
0.344592 -0.014079 0.000000
-0.483596 -0.013618 0.000000
0.248333 0.022733 0.000000
-0.218632 -0.041739 0.000000
-0.111506 -0.040682 0.000000
-0.014492 0.038370 0.000000
0.438721 0.006695 0.000000
-0.200416 0.042603 0.000000
-0.321819 0.039578 0.000000
