-0.234903 -0.027601 0.000000
-0.453964 -0.017336 0.000000
-0.401477 -0.021129 0.000000
-0.209659 -0.027955 0.000000
0.307985 -0.014808 0.000000
-0.429129 0.022389 0.000000
0.024256 0.026126 0.000000
-0.016662 -0.026588 0.000000
-0.084159 0.030208 0.000000
-0.293673 -0.026086 0.000000
0.474486 -0.002058 0.000000
-0.431228 0.022049 0.000000
-0.051138 -0.027252 0.000000
0.114151 0.021777 0.000000
-0.227154 -0.027727 0.000000
0.210789 0.016337 0.000000
-0.500774 -0.002530 0.000000
0.124687 -0.022536 0.000000
-0.042481 0.028813 0.000000
-0.055612 0.029278 0.000000
-0.145085 0.031776 0.000000
-0.235011 -0.027599 0.000000
-0.404706 -0.020941 0.000000
0.226167 0.015405 0.000000
0.263541 0.013070 0.000000
0.341197 0.007897 0.000000
0.183495 0.017946 0.000000
0.146309 -0.021756 0.000000
-0.500226 -0.005920 0.000000
-0.425316 -0.019637 0.000000
-0.371054 -0.022768 0.000000
0.062867 -0.024545 0.000000
-0.227541 -0.027721 0.000000
-0.471073 -0.015360 0.000000
0.491391 -0.003429 0.000000
0.009782 0.026751 0.000000
0.234534 0.014891 0.000000
0.442669 0.000451 0.000000
-0.255073 0.032745 0.000000
-0.454498 -0.017284 0.000000
0.354637 0.006957 0.000000
0.146528 -0.021748 0.000000
0.018383 -0.025770 0.000000
-0.091014 0.030414 0.000000
-0.000913 -0.026238 0.000000
-0.020113 -0.026662 0.000000
-0.446223 0.019334 0.000000
-0.085545 0.030251 0.000000
-0.130899 -0.028155 0.000000
0.410447 0.002904 0.000000
-0.020554 0.027988 0.000000
-0.366747 -0.022984 0.000000
-0.316061 -0.025254 0.000000
0.389343 0.004465 0.000000
-0.357757 -0.023422 0.000000
0.189009 -0.020109 0.000000
-0.296164 0.032264 0.000000
-0.346100 -0.023968 0.000000
0.294597 0.011054 0.000000
0.018418 -0.025770 0.000000
0.319947 -0.014219 0.000000
-0.500686 -0.002236 0.000000
-0.404985 -0.020924 0.000000
0.010936 -0.025956 0.000000
0.144397 0.020154 0.000000
-0.174013 -0.028202 0.000000
0.317685 -0.014331 0.000000
-0.107715 0.030886 0.000000
-0.417781 0.024078 0.000000
0.019972 -0.025730 0.000000
-0.012604 0.027674 0.000000
0.479322 -0.002448 0.000000
-0.180373 -0.028178 0.000000
0.041151 0.025368 0.000000
0.279704 0.012030 0.000000
0.210753 0.016339 0.000000
-0.395827 -0.021452 0.000000
0.271607 -0.016537 0.000000
0.431189 -0.008223 0.000000
-0.338973 0.030894 0.000000
0.092453 0.022895 0.000000
-0.043947 0.028866 0.000000
-0.063192 0.029536 0.000000
0.439879 0.000667 0.000000
0.468870 -0.005966 0.000000
-0.348441 0.030418 0.000000
-0.472857 -0.015105 0.000000
0.384841 -0.010838 0.000000
0.066573 -0.024434 0.000000
-0.238210 -0.027541 0.000000
0.075052 0.023761 0.000000
0.073760 0.023824 0.000000
0.003044 0.027035 0.000000
-0.457683 0.016857 0.000000
0.148523 -0.021674 0.000000
0.313540 0.009790 0.000000
0.402411 -0.009867 0.000000
0.119630 0.021489 0.000000
0.165140 0.018997 0.000000
-0.492601 0.005086 0.000000
0.222728 0.015615 0.000000
0.174095 -0.020700 0.000000
0.306571 -0.014877 0.000000
0.305962 -0.014907 0.000000
0.000155 -0.026213 0.000000
-0.240858 0.032785 0.000000
0.276711 0.012224 0.000000
-0.448298 0.018914 0.000000
-0.268760 0.032650 0.000000
-0.135423 0.031569 0.000000
-0.299797 -0.025870 0.000000
0.493102 -0.003569 0.000000
-0.356375 -0.023488 0.000000
-0.226135 0.032770 0.000000
-0.025010 0.028160 0.000000
0.474182 -0.005638 0.000000
0.000228 0.027152 0.000000
0.464832 -0.001287 0.000000
-0.351762 0.030234 0.000000
0.230232 -0.018388 0.000000
-0.308801 -0.025537 0.000000
0.116536 -0.022820 0.000000
0.318584 0.009449 0.000000
0.012732 -0.025911 0.000000
-0.446350 0.019309 0.000000
-0.031569 0.028410 0.000000
-0.163984 0.032131 0.000000
0.001776 0.027088 0.000000
0.466580 -0.006106 0.000000
-0.198412 -0.028063 0.000000
0.381292 -0.011031 0.000000
0.081210 -0.023984 0.000000
0.221808 -0.018750 0.000000
-0.277686 0.032554 0.000000
-0.477566 -0.014362 0.000000
0.140643 0.020359 0.000000
-0.021341 0.028018 0.000000
-0.496133 -0.009242 0.000000
-0.107896 0.030891 0.000000
-0.110581 -0.028018 0.000000
-0.233734 -0.027621 0.000000
0.247220 -0.017643 0.000000
0.295742 0.010978 0.000000
0.224695 0.015495 0.000000
-0.159989 -0.028225 0.000000
-0.195262 -0.028089 0.000000
0.478612 -0.005362 0.000000
0.322483 0.009184 0.000000
-0.008985 -0.026421 0.000000
0.259417 0.013333 0.000000
0.308284 -0.014794 0.000000
0.008898 -0.026005 0.000000
-0.353216 0.030150 0.000000
0.460604 -0.006472 0.000000
-0.368865 -0.022878 0.000000
0.212015 -0.019164 0.000000
0.214443 0.016117 0.000000
-0.102518 0.030744 0.000000
-0.495001 0.003664 0.000000
0.442034 0.000500 0.000000
0.490125 -0.003325 0.000000
0.196957 -0.019787 0.000000
-0.304556 0.032079 0.000000
0.484069 -0.002832 0.000000
0.330300 0.008649 0.000000
-0.395846 -0.021451 0.000000
0.250438 0.013901 0.000000
0.462301 -0.006368 0.000000
-0.128768 0.031417 0.000000
0.219371 0.015819 0.000000
0.133228 -0.022232 0.000000
-0.191244 -0.028117 0.000000
0.283818 -0.015968 0.000000
-0.312495 -0.025394 0.000000
-0.314525 0.031812 0.000000
0.284388 0.011724 0.000000
0.419456 -0.008901 0.000000
0.080480 -0.024007 0.000000
0.130208 0.020925 0.000000
0.459053 -0.006566 0.000000
-0.443819 0.019806 0.000000
0.447829 -0.007241 0.000000
-0.070101 0.029765 0.000000
0.074987 -0.024178 0.000000
-0.419263 0.023871 0.000000
-0.225703 -0.027748 0.000000
0.004202 0.026987 0.000000
0.221753 -0.018752 0.000000
0.414250 0.002619 0.000000
-0.170574 0.032238 0.000000
-0.310751 0.031921 0.000000
-0.338445 0.030918 0.000000
-0.432738 -0.019112 0.000000
-0.282923 -0.026440 0.000000
-0.165478 -0.028220 0.000000
-0.270928 0.032628 0.000000
0.113862 -0.022912 0.000000
-0.226393 0.032771 0.000000
-0.295617 -0.026018 0.000000
-0.200176 0.032609 0.000000
0.304043 -0.015000 0.000000
0.223779 -0.018666 0.000000
0.022703 0.026194 0.000000
0.074774 -0.024185 0.000000
0.241211 -0.017909 0.000000
-0.395011 -0.021497 0.000000
-0.442140 0.020126 0.000000
0.482188 -0.002680 0.000000
-0.133580 0.031528 0.000000
-0.085854 -0.027762 0.000000
-0.183474 -0.028163 0.000000
0.288403 -0.015751 0.000000
0.004908 0.026957 0.000000
-0.351273 -0.023729 0.000000
0.388748 -0.010624 0.000000
0.196555 0.017183 0.000000
0.221392 -0.018768 0.000000
-0.481503 0.009965 0.000000
-0.164948 -0.028221 0.000000
-0.484174 -0.013091 0.000000
0.000516 -0.026205 0.000000
0.033175 -0.025385 0.000000
-0.110625 0.030964 0.000000
0.074118 -0.024205 0.000000
-0.454287 -0.017305 0.000000
0.145223 0.020108 0.000000
-0.065331 0.029608 0.000000
0.319474 -0.014243 0.000000
0.060891 0.024445 0.000000
-0.095700 -0.027875 0.000000
0.043400 -0.025106 0.000000
-0.159848 -0.028225 0.000000
0.353396 0.007044 0.000000
-0.457426 -0.016990 0.000000
-0.196461 -0.028079 0.000000
0.345776 -0.012911 0.000000
0.026651 0.026020 0.000000
0.129919 0.020940 0.000000
0.176677 -0.020599 0.000000
0.467522 -0.001501 0.000000
0.055994 0.024678 0.000000
0.131316 0.020865 0.000000
-0.109399 0.030932 0.000000
0.440229 0.000640 0.000000
-0.189151 0.032493 0.000000
0.301326 -0.015132 0.000000
0.192501 0.017421 0.000000
-0.333973 -0.024508 0.000000
-0.059257 -0.027386 0.000000
0.293783 -0.015495 0.000000
-0.297144 0.032244 0.000000
0.011075 -0.025952 0.000000
-0.169758 -0.028213 0.000000
0.232305 0.015029 0.000000
-0.272203 -0.026759 0.000000
-0.139819 -0.028193 0.000000
0.456309 -0.000614 0.000000
-0.312777 -0.025383 0.000000
-0.063511 0.029547 0.000000
-0.162274 -0.028225 0.000000
0.211028 -0.019205 0.000000
0.116690 0.021644 0.000000
0.409046 -0.009494 0.000000
-0.373440 -0.022648 0.000000
-0.227074 0.032773 0.000000
-0.476762 -0.014496 0.000000
0.177784 -0.020555 0.000000
-0.248188 -0.027347 0.000000
-0.140305 0.031676 0.000000
-0.155415 -0.028225 0.000000
0.492357 -0.003508 0.000000
-0.035205 0.028546 0.000000
0.341575 0.007871 0.000000
0.427579 -0.008433 0.000000
-0.494233 0.004144 0.000000
0.483594 -0.002793 0.000000
0.460231 -0.006494 0.000000
0.363704 0.006315 0.000000
0.380462 0.005112 0.000000
-0.105337 0.030822 0.000000
-0.009452 -0.026431 0.000000
-0.286305 0.032437 0.000000
0.344903 -0.012956 0.000000
-0.143476 0.031744 0.000000
-0.236106 -0.027579 0.000000
-0.049550 -0.027224 0.000000
0.270880 -0.016571 0.000000
-0.451961 0.018144 0.000000
0.411409 -0.009360 0.000000
0.284008 0.011749 0.000000
0.189906 -0.020073 0.000000
-0.146604 0.031807 0.000000
-0.392894 -0.021615 0.000000
-0.189627 -0.028128 0.000000
0.447926 -0.007236 0.000000
-0.382281 0.028046 0.000000
-0.282013 -0.026468 0.000000
-0.276375 -0.026639 0.000000
0.417521 0.002373 0.000000
0.098606 0.022582 0.000000
0.316907 0.009562 0.000000
-0.141638 0.031704 0.000000
0.103118 -0.023275 0.000000
0.248229 0.014039 0.000000
0.195640 0.017237 0.000000
-0.128207 0.031404 0.000000
-0.335218 0.031062 0.000000
0.129299 0.020974 0.000000
-0.461777 -0.016522 0.000000
-0.496155 0.002884 0.000000
-0.380078 -0.022305 0.000000
0.225045 -0.018612 0.000000
-0.001397 0.027219 0.000000
0.368705 -0.011708 0.000000
0.068190 -0.024386 0.000000
-0.000862 -0.026237 0.000000
-0.469969 0.013680 0.000000
0.290370 -0.015657 0.000000
-0.245285 -0.027406 0.000000
0.284356 -0.015942 0.000000
0.125236 0.021191 0.000000
-0.452329 0.018064 0.000000
0.015537 0.026505 0.000000
0.138325 -0.022048 0.000000
0.237738 -0.018062 0.000000
-0.125685 -0.028127 0.000000
0.005754 -0.026081 0.000000
0.490739 -0.004598 0.000000
0.212268 -0.019153 0.000000
-0.347915 -0.023885 0.000000
-0.152309 -0.028222 0.000000
-0.420240 0.023732 0.000000
0.488298 -0.003176 0.000000
-0.200334 -0.028048 0.000000
-0.400057 -0.021211 0.000000
0.111621 -0.022988 0.000000
0.071896 0.023915 0.000000
0.197550 -0.019763 0.000000
-0.194024 -0.028099 0.000000
0.200924 0.016925 0.000000
0.275790 0.012283 0.000000
-0.097004 0.030589 0.000000
-0.421335 0.023575 0.000000
0.437791 -0.007836 0.000000
-0.240581 0.032786 0.000000
0.405902 -0.009671 0.000000
-0.154641 -0.028224 0.000000
0.146317 -0.021756 0.000000
-0.134675 -0.028173 0.000000
-0.016026 -0.026575 0.000000
-0.476259 -0.014579 0.000000
-0.467891 -0.015787 0.000000
0.414841 -0.009165 0.000000
-0.037768 0.028641 0.000000
0.223744 -0.018667 0.000000
0.419266 0.002241 0.000000
0.069246 0.024044 0.000000
0.467845 -0.001527 0.000000
0.137413 0.020535 0.000000
0.218162 0.015892 0.000000
-0.143193 -0.028204 0.000000
-0.327761 -0.024775 0.000000
0.368040 0.006005 0.000000
-0.489777 0.006530 0.000000
0.184406 0.017894 0.000000
0.109521 0.022019 0.000000
0.184570 -0.020287 0.000000
-0.436008 -0.018869 0.000000
0.287542 0.011518 0.000000
-0.022606 -0.026713 0.000000
-0.398502 0.026453 0.000000
-0.340431 -0.024224 0.000000
-0.226905 0.032772 0.000000
-0.198115 0.032590 0.000000
0.346653 -0.012866 0.000000
-0.335029 -0.024463 0.000000
0.345011 -0.012950 0.000000
0.443456 -0.007502 0.000000
0.276909 0.012211 0.000000
-0.206925 -0.027985 0.000000
0.050461 0.024937 0.000000
0.486589 -0.004861 0.000000
0.110319 0.021978 0.000000
0.176218 0.018366 0.000000
0.090040 -0.023704 0.000000
0.415560 -0.009124 0.000000
-0.448299 -0.017862 0.000000
-0.111651 0.030991 0.000000
-0.235062 -0.027598 0.000000
-0.440887 -0.018488 0.000000
-0.242688 -0.027457 0.000000
-0.491396 -0.011169 0.000000
-0.408652 -0.020705 0.000000
-0.130567 0.031459 0.000000
0.209393 0.016420 0.000000
-0.063693 0.029553 0.000000
-0.090991 -0.027823 0.000000
0.137704 0.020519 0.000000
-0.499355 0.000033 0.000000
-0.417424 -0.020160 0.000000
0.453546 -0.000397 0.000000
-0.479395 -0.014041 0.000000
-0.125191 -0.028124 0.000000
0.218869 -0.018875 0.000000
-0.257955 -0.027128 0.000000
0.093528 -0.023591 0.000000
0.228041 -0.018483 0.000000
-0.249292 -0.027323 0.000000
0.024424 -0.025616 0.000000
-0.022933 0.028080 0.000000
-0.497723 -0.008314 0.000000
-0.293296 -0.026099 0.000000
0.186738 0.017758 0.000000
-0.328159 0.031350 0.000000
-0.210389 0.032692 0.000000
0.270369 -0.016595 0.000000
0.413809 0.002652 0.000000
-0.191025 -0.028119 0.000000
-0.102880 0.030754 0.000000
-0.372896 -0.022675 0.000000
0.109787 0.022005 0.000000
0.050695 0.024926 0.000000
0.482233 -0.005135 0.000000
0.445937 0.000197 0.000000
0.044972 -0.025062 0.000000
-0.458626 -0.016865 0.000000
0.329912 -0.013720 0.000000
0.357329 0.006767 0.000000
0.008722 0.026797 0.000000
0.421217 -0.008800 0.000000
-0.441463 0.020254 0.000000
0.179209 0.018194 0.000000
-0.337175 0.030975 0.000000
-0.332395 -0.024577 0.000000
-0.452123 -0.017513 0.000000
0.275026 -0.016379 0.000000
0.468431 -0.001574 0.000000
0.211008 -0.019206 0.000000
0.182748 0.017990 0.000000
-0.150360 -0.028220 0.000000
-0.238710 0.032787 0.000000
-0.326072 0.031430 0.000000
0.490787 -0.003379 0.000000
0.469477 -0.001657 0.000000
-0.016029 -0.026575 0.000000
0.217129 -0.018949 0.000000
0.478934 -0.002416 0.000000
0.386801 0.004651 0.000000
0.059318 -0.024650 0.000000
-0.301101 -0.025823 0.000000
-0.338582 -0.024306 0.000000
-0.111888 -0.028029 0.000000
-0.337990 -0.024332 0.000000
-0.074908 0.029919 0.000000
0.001759 -0.026175 0.000000
-0.347124 -0.023921 0.000000
-0.202462 -0.028028 0.000000
0.107522 -0.023127 0.000000
0.408481 -0.009526 0.000000
-0.369813 -0.022831 0.000000
0.175421 -0.020648 0.000000
-0.277409 -0.026609 0.000000
-0.001954 0.027242 0.000000
-0.070583 -0.027558 0.000000
0.167177 -0.020969 0.000000
-0.449072 0.018755 0.000000
0.019800 0.026321 0.000000
-0.429852 -0.019321 0.000000
0.395407 -0.010257 0.000000
-0.047855 0.029006 0.000000
0.174492 0.018465 0.000000
-0.364053 0.029465 0.000000
-0.109688 0.030939 0.000000
0.391005 0.004344 0.000000
0.147799 0.019966 0.000000
0.320267 -0.014203 0.000000
0.369292 -0.011677 0.000000
-0.193235 0.032540 0.000000
0.433839 0.001132 0.000000
0.111268 0.021928 0.000000
0.169547 0.018747 0.000000
0.109820 -0.023049 0.000000
0.062776 -0.024548 0.000000
0.147303 -0.021719 0.000000
-0.298480 -0.025918 0.000000
-0.089799 -0.027809 0.000000
-0.275603 -0.026661 0.000000
0.144781 -0.021813 0.000000
0.170538 -0.020839 0.000000
0.023733 -0.025634 0.000000
0.292246 0.011209 0.000000
0.496170 -0.003821 0.000000
0.172800 -0.020751 0.000000
0.466198 -0.006130 0.000000
0.108546 0.022070 0.000000
-0.496995 0.002259 0.000000
-0.062277 0.029505 0.000000
0.126161 0.021142 0.000000
-0.496265 -0.009172 0.000000
-0.328157 0.031350 0.000000
-0.092920 -0.027844 0.000000
-0.478163 0.011138 0.000000
-0.453913 -0.017341 0.000000
0.286376 -0.015847 0.000000
0.281636 -0.016070 0.000000
-0.093128 0.030477 0.000000
0.078706 -0.024063 0.000000
-0.396495 -0.021414 0.000000
0.260815 -0.017032 0.000000
0.064923 -0.024484 0.000000
0.057067 0.024627 0.000000
0.431597 0.001304 0.000000
-0.008861 -0.026418 0.000000
-0.334151 0.031108 0.000000
-0.436034 0.021235 0.000000
0.420932 -0.008817 0.000000
0.169427 0.018754 0.000000
-0.060712 -0.027409 0.000000
0.289255 -0.015710 0.000000
0.277576 -0.016260 0.000000
-0.412942 0.024729 0.000000
0.298705 -0.015259 0.000000
-0.141043 0.031692 0.000000
0.440067 0.000652 0.000000
0.414869 -0.009163 0.000000
0.290984 0.011292 0.000000
0.235990 -0.018138 0.000000
0.377592 0.005319 0.000000
-0.127179 -0.028135 0.000000
-0.142546 -0.028202 0.000000
0.164174 0.019052 0.000000
0.338973 -0.013260 0.000000
-0.208439 0.032678 0.000000
-0.469599 -0.015562 0.000000
-0.288086 -0.026274 0.000000
0.124689 0.021220 0.000000
0.124352 0.021238 0.000000
-0.150123 -0.028219 0.000000
0.048069 -0.024975 0.000000
0.020847 -0.025708 0.000000
-0.202408 0.032629 0.000000
-0.287217 0.032422 0.000000
-0.187406 -0.028142 0.000000
-0.159499 0.032053 0.000000
0.004015 0.026995 0.000000
-0.376775 0.028512 0.000000
-0.269817 0.032640 0.000000
-0.283321 -0.026427 0.000000
0.021879 -0.025681 0.000000
0.153870 -0.021475 0.000000
0.023183 -0.025648 0.000000
0.209830 0.016394 0.000000
0.297357 0.010871 0.000000
0.112488 -0.022958 0.000000
0.316526 0.009588 0.000000
-0.390035 0.027326 0.000000
-0.262415 -0.027019 0.000000
-0.136735 -0.028182 0.000000
0.324906 0.009018 0.000000
-0.022116 0.028048 0.000000
-0.342531 -0.024130 0.000000
0.199474 -0.019684 0.000000
-0.385085 0.027794 0.000000
-0.020147 0.027972 0.000000
0.456702 -0.006708 0.000000
0.396080 0.003971 0.000000
0.203916 0.016747 0.000000
0.031786 -0.025422 0.000000
-0.271789 0.032620 0.000000
-0.013973 -0.026531 0.000000
-0.143110 0.031736 0.000000
-0.214586 0.032718 0.000000
0.347491 0.007458 0.000000
-0.455355 0.017393 0.000000
0.279314 0.012055 0.000000
-0.012888 0.027685 0.000000
0.317382 -0.014346 0.000000
0.065309 -0.024472 0.000000
0.030458 0.025851 0.000000
0.098499 0.022588 0.000000
0.213548 -0.019100 0.000000
-0.386010 0.027709 0.000000
-0.319694 -0.025108 0.000000
-0.154171 0.031955 0.000000
0.115752 0.021693 0.000000
-0.054204 -0.027303 0.000000
-0.165187 0.032151 0.000000
0.105395 -0.023199 0.000000
0.017073 -0.025803 0.000000
-0.093881 -0.027855 0.000000
-0.007962 0.027487 0.000000
-0.470153 0.013627 0.000000
0.368829 -0.011701 0.000000
0.446926 0.000121 0.000000
0.290469 0.011326 0.000000
-0.261987 -0.027030 0.000000
0.068162 0.024096 0.000000
0.487461 -0.004806 0.000000
-0.276384 0.032570 0.000000
-0.171587 0.032254 0.000000
0.356526 0.006823 0.000000
-0.119911 -0.028090 0.000000
-0.275715 0.032578 0.000000
0.097909 0.022618 0.000000
0.238944 -0.018009 0.000000
0.054155 0.024764 0.000000
-0.225255 0.032768 0.000000
0.020258 0.026301 0.000000
0.144706 0.020137 0.000000
0.357340 -0.012309 0.000000
-0.126089 -0.028129 0.000000
-0.058218 -0.027369 0.000000
-0.335084 0.031068 0.000000
-0.253328 -0.027236 0.000000
-0.472850 0.012833 0.000000
0.237067 -0.018091 0.000000
0.224904 -0.018618 0.000000
0.385550 -0.010799 0.000000
-0.155801 0.031986 0.000000
-0.030292 -0.026868 0.000000
-0.020986 0.028004 0.000000
0.182843 0.017984 0.000000
0.130717 0.020897 0.000000
0.307667 -0.014824 0.000000
0.011226 0.026690 0.000000
-0.273073 -0.026734 0.000000
0.368166 -0.011737 0.000000
-0.113306 0.031034 0.000000
0.300204 0.010682 0.000000
-0.193139 -0.028104 0.000000
0.365808 -0.011862 0.000000
0.432176 0.001260 0.000000
0.402027 -0.009888 0.000000
0.159503 0.019315 0.000000
-0.353912 0.030110 0.000000
-0.314590 -0.025312 0.000000
0.373960 0.005581 0.000000
-0.476310 -0.014571 0.000000
0.479708 -0.005293 0.000000
0.209890 -0.019253 0.000000
-0.500747 -0.002433 0.000000
0.023988 -0.025627 0.000000
-0.298120 0.032224 0.000000
0.450048 -0.000123 0.000000
0.321052 -0.014164 0.000000
0.345392 0.007605 0.000000
0.211267 0.016308 0.000000
0.442248 -0.007573 0.000000
0.314538 0.009722 0.000000
-0.204652 0.032649 0.000000
-0.163433 0.032122 0.000000
0.034934 0.025650 0.000000
0.239538 -0.017983 0.000000
-0.032345 0.028439 0.000000
-0.019344 0.027940 0.000000
-0.021419 0.028021 0.000000
-0.038157 0.028655 0.000000
-0.065837 0.029625 0.000000
-0.312319 -0.025401 0.000000
0.118825 0.021531 0.000000
0.189432 -0.020092 0.000000
0.204223 0.016729 0.000000
-0.123575 -0.028114 0.000000
0.288416 0.011461 0.000000
0.257661 -0.017175 0.000000
0.082832 0.023377 0.000000
0.045895 -0.025036 0.000000
0.320302 -0.014201 0.000000
0.258860 -0.017121 0.000000
0.263276 0.013087 0.000000
-0.193779 -0.028100 0.000000
-0.285061 0.032456 0.000000
0.186506 0.017771 0.000000
-0.200866 0.032615 0.000000
0.290326 -0.015660 0.000000
-0.288555 0.032400 0.000000
0.419312 -0.008910 0.000000
-0.092308 -0.027838 0.000000
0.224213 0.015525 0.000000
-0.060996 -0.027414 0.000000
0.102030 0.022407 0.000000
-0.248644 -0.027337 0.000000
-0.416544 -0.020216 0.000000
-0.068987 0.029728 0.000000
0.066155 0.024193 0.000000
-0.149302 -0.028218 0.000000
0.252216 0.013789 0.000000
-0.403557 -0.021008 0.000000
-0.150596 0.031887 0.000000
-0.162983 0.032114 0.000000
0.121064 -0.022663 0.000000
0.348651 0.007377 0.000000
0.304303 0.010409 0.000000
-0.490506 0.006175 0.000000
0.006204 -0.026070 0.000000
0.425942 -0.008528 0.000000
0.080904 -0.023994 0.000000
-0.282387 0.032494 0.000000
0.493741 -0.004407 0.000000
-0.314377 -0.025321 0.000000
-0.497653 -0.008360 0.000000
0.188587 0.017650 0.000000
-0.481926 0.009809 0.000000
0.004706 0.026966 0.000000
-0.004966 -0.026331 0.000000
0.138107 0.020497 0.000000
-0.438683 -0.018662 0.000000
0.488035 -0.003155 0.000000
-0.025418 -0.026771 0.000000
-0.262619 -0.027014 0.000000
-0.482550 0.009576 0.000000
0.031174 -0.025439 0.000000
0.289100 0.011416 0.000000
0.249393 -0.017546 0.000000
-0.030597 -0.026875 0.000000
0.465498 -0.006173 0.000000
-0.150766 0.031890 0.000000
0.436302 0.000943 0.000000
-0.426903 -0.019528 0.000000
0.422795 -0.008709 0.000000
0.082822 0.023378 0.000000
-0.263815 0.032691 0.000000
0.090906 -0.023676 0.000000
0.413177 -0.009260 0.000000
-0.492240 -0.010883 0.000000
0.000711 0.027132 0.000000
-0.187016 -0.028144 0.000000
0.436760 -0.007897 0.000000
-0.024682 0.028148 0.000000
-0.473209 0.012724 0.000000
-0.329070 -0.024719 0.000000
-0.368667 0.029140 0.000000
-0.135467 0.031570 0.000000
0.216249 -0.018986 0.000000
0.008156 -0.026023 0.000000
0.448789 -0.007184 0.000000
0.378497 -0.011182 0.000000
-0.045546 -0.027154 0.000000
-0.003212 0.027294 0.000000
-0.107659 -0.027993 0.000000
-0.008582 -0.026412 0.000000
0.458021 -0.000749 0.000000
-0.212644 -0.027921 0.000000
0.299247 0.010746 0.000000
-0.249066 0.032769 0.000000
-0.347227 -0.023916 0.000000
-0.222244 -0.027798 0.000000
-0.063667 -0.027455 0.000000
-0.164895 -0.028221 0.000000
-0.207340 -0.027981 0.000000
-0.143938 0.031753 0.000000
0.193387 -0.019932 0.000000
0.422773 0.001976 0.000000
0.348612 -0.012764 0.000000
-0.102474 0.030743 0.000000
-0.037166 0.028618 0.000000
-0.462716 0.015631 0.000000
0.045292 -0.025053 0.000000
-0.446664 -0.018006 0.000000
-0.495518 -0.009547 0.000000
0.066854 0.024160 0.000000
-0.049684 0.029071 0.000000
0.228846 0.015241 0.000000
0.210203 0.016372 0.000000
0.169474 0.018751 0.000000
-0.476364 0.011733 0.000000
-0.307624 -0.025581 0.000000
0.345851 -0.012907 0.000000
0.119008 0.021522 0.000000
-0.154639 -0.028224 0.000000
-0.195779 0.032566 0.000000
-0.412355 0.024806 0.000000
0.450536 -0.000161 0.000000
0.153945 -0.021472 0.000000
0.148411 -0.021678 0.000000
-0.253706 -0.027227 0.000000
0.489307 -0.003258 0.000000
-0.454996 -0.017235 0.000000
-0.385078 -0.022041 0.000000
0.273398 -0.016454 0.000000
0.485704 -0.002965 0.000000
-0.005225 -0.026337 0.000000
0.374899 0.005513 0.000000
0.110039 -0.023042 0.000000
0.470677 -0.005854 0.000000
0.174870 0.018443 0.000000
-0.011483 0.027629 0.000000
-0.081983 -0.027713 0.000000
-0.035751 0.028566 0.000000
0.258329 0.013402 0.000000
0.120705 -0.022675 0.000000
0.472815 -0.001924 0.000000
0.431335 -0.008215 0.000000
0.298217 0.010814 0.000000
-0.310433 -0.025474 0.000000
-0.431460 0.022010 0.000000
-0.013292 -0.026516 0.000000
-0.147651 0.031828 0.000000
0.492061 -0.004514 0.000000
-0.339808 0.030854 0.000000
0.406723 0.003182 0.000000
-0.437860 0.020913 0.000000
0.106616 -0.023158 0.000000
-0.230205 -0.027678 0.000000
-0.416706 -0.020205 0.000000
0.024625 0.026109 0.000000
0.054053 0.024769 0.000000
0.491109 -0.003406 0.000000
-0.393560 0.026974 0.000000
-0.432366 0.021860 0.000000
0.386120 -0.010768 0.000000
0.099770 0.022523 0.000000
0.285174 -0.015904 0.000000
0.263946 0.013045 0.000000
-0.153174 0.031936 0.000000
-0.480653 0.010273 0.000000
0.089769 0.023030 0.000000
-0.102181 -0.027942 0.000000
0.105335 0.022236 0.000000
-0.473329 0.012687 0.000000
-0.154830 -0.028224 0.000000
0.327379 0.008849 0.000000
-0.415779 0.024352 0.000000
0.397441 0.003870 0.000000
-0.128450 0.031409 0.000000
0.272233 0.012513 0.000000
0.326773 -0.013878 0.000000
-0.023536 -0.026732 0.000000
-0.400869 0.026191 0.000000
0.433204 0.001181 0.000000
-0.133405 0.031524 0.000000
0.288532 0.011453 0.000000
0.226799 0.015367 0.000000
0.182718 -0.020360 0.000000
-0.491907 -0.010997 0.000000
-0.115884 -0.028060 0.000000
-0.462537 0.015677 0.000000
0.098195 -0.023438 0.000000
0.079263 0.023554 0.000000
0.358987 0.006649 0.000000
0.468465 -0.005991 0.000000
-0.430965 0.022092 0.000000
-0.241848 0.032785 0.000000
0.086514 0.023194 0.000000
0.464225 -0.006251 0.000000
0.382810 -0.010948 0.000000
-0.296562 -0.025985 0.000000
-0.472115 -0.015213 0.000000
0.190944 0.017513 0.000000
0.476688 -0.005482 0.000000
0.358201 -0.012264 0.000000
-0.145092 -0.028209 0.000000
-0.493257 -0.010511 0.000000
-0.472924 0.012811 0.000000
0.331014 0.008600 0.000000
0.174647 -0.020679 0.000000
0.332847 -0.013572 0.000000
-0.173438 -0.028204 0.000000
0.080822 0.023477 0.000000
0.139550 -0.022004 0.000000
0.423331 -0.008679 0.000000
-0.414958 -0.020316 0.000000
-0.167744 -0.028217 0.000000
-0.285135 -0.026369 0.000000
0.075758 0.023726 0.000000
0.091959 -0.023642 0.000000
-0.440165 0.020495 0.000000
0.021119 -0.025701 0.000000
-0.018583 -0.026629 0.000000
0.390364 0.004390 0.000000
-0.063833 0.029558 0.000000
-0.346889 0.030502 0.000000
0.144175 -0.021835 0.000000
-0.019518 0.027947 0.000000
0.137965 0.020505 0.000000
0.418615 -0.008950 0.000000
0.047494 -0.024991 0.000000
0.200231 -0.019653 0.000000
-0.196926 -0.028075 0.000000
-0.235624 -0.027588 0.000000
0.447671 -0.007251 0.000000
0.059831 0.024496 0.000000
-0.327273 0.031384 0.000000
0.330256 -0.013703 0.000000
0.044682 0.025205 0.000000
0.431014 0.001348 0.000000
-0.043027 -0.027109 0.000000
-0.432437 -0.019135 0.000000
0.046992 0.025099 0.000000
-0.419574 0.023827 0.000000
-0.467154 0.014466 0.000000
0.298906 -0.015249 0.000000
0.169667 -0.020872 0.000000
0.143389 -0.021864 0.000000
0.196692 -0.019798 0.000000
0.335638 -0.013430 0.000000
0.422075 0.002029 0.000000
-0.319052 0.031672 0.000000
-0.244812 0.032781 0.000000
-0.482502 -0.013444 0.000000
-0.220175 -0.027827 0.000000
0.104765 0.022266 0.000000
0.400325 0.003657 0.000000
0.111145 0.021935 0.000000
0.289122 0.011414 0.000000
-0.289194 -0.026237 0.000000
0.106072 -0.023176 0.000000
-0.032655 0.028450 0.000000
0.460511 -0.000945 0.000000
0.140235 0.020381 0.000000
-0.110212 -0.028015 0.000000
-0.131026 -0.028156 0.000000
-0.442234 0.020109 0.000000
0.003725 -0.026129 0.000000
-0.170963 -0.028210 0.000000
-0.351121 0.030271 0.000000
-0.380271 -0.022295 0.000000
-0.165868 0.032163 0.000000
-0.101429 -0.027935 0.000000
0.343369 0.007746 0.000000
0.495194 -0.004314 0.000000
0.336295 -0.013397 0.000000
-0.207677 -0.027977 0.000000
-0.332344 0.031183 0.000000
0.292933 -0.015535 0.000000
0.486673 -0.003044 0.000000
0.484233 -0.002845 0.000000
-0.154723 0.031966 0.000000
-0.348346 -0.023865 0.000000
0.484758 -0.004976 0.000000
-0.164278 0.032136 0.000000
-0.466786 0.014566 0.000000
-0.303195 -0.025747 0.000000
-0.366881 0.029268 0.000000
0.260779 0.013247 0.000000
-0.261372 -0.027045 0.000000
-0.460893 -0.016620 0.000000
0.494863 -0.004335 0.000000
-0.414157 0.024570 0.000000
0.298699 -0.015259 0.000000
0.255518 -0.017272 0.000000
0.011218 -0.025949 0.000000
-0.382234 -0.022192 0.000000
0.377745 0.005308 0.000000
-0.481940 0.009804 0.000000
0.075808 -0.024153 0.000000
-0.254171 -0.027217 0.000000
0.182660 -0.020363 0.000000
-0.116489 -0.028065 0.000000
-0.012598 0.027673 0.000000
0.127767 0.021056 0.000000
-0.071774 -0.027575 0.000000
0.317147 -0.014358 0.000000
0.142014 0.020284 0.000000
0.312798 -0.014573 0.000000
0.140688 -0.021962 0.000000
0.153297 0.019662 0.000000
0.394838 -0.010288 0.000000
0.067633 0.024122 0.000000
-0.022135 0.028049 0.000000
0.029511 0.025893 0.000000
-0.045164 -0.027148 0.000000
-0.204362 0.032647 0.000000
-0.320667 -0.025068 0.000000
0.444811 -0.007421 0.000000
0.082421 0.023398 0.000000
0.028057 -0.025521 0.000000
0.269868 0.012665 0.000000
0.439327 -0.007746 0.000000
0.342995 -0.013054 0.000000
0.451885 -0.006998 0.000000
0.262945 -0.016935 0.000000
0.264038 -0.016885 0.000000
0.012101 -0.025927 0.000000
-0.447206 -0.017958 0.000000
0.394021 -0.010333 0.000000
0.395078 0.004045 0.000000
-0.413605 -0.020401 0.000000
-0.347306 -0.023913 0.000000
-0.377808 -0.022423 0.000000
0.022659 0.026196 0.000000
-0.318734 0.031682 0.000000
-0.190260 -0.028124 0.000000
-0.475804 -0.014653 0.000000
0.187239 -0.020180 0.000000
0.071528 -0.024284 0.000000
0.494844 -0.004336 0.000000
0.180620 -0.020444 0.000000
-0.107062 0.030868 0.000000
0.220411 -0.018809 0.000000
0.315938 -0.014418 0.000000
-0.307928 -0.025570 0.000000
-0.217342 0.032735 0.000000
-0.463825 0.015348 0.000000
-0.087386 -0.027780 0.000000
0.276676 0.012226 0.000000
0.305943 0.010300 0.000000
0.124540 -0.022541 0.000000
0.274280 -0.016414 0.000000
0.156247 0.019497 0.000000
-0.137963 -0.028186 0.000000
-0.364577 0.029429 0.000000
0.220489 -0.018806 0.000000
0.336616 -0.013380 0.000000
-0.274434 0.032593 0.000000
0.304949 -0.014956 0.000000
-0.437699 0.020941 0.000000
-0.062190 0.029502 0.000000
0.313987 0.009759 0.000000
-0.382707 -0.022167 0.000000
-0.016251 0.027819 0.000000
-0.035368 -0.026967 0.000000
0.267703 0.012804 0.000000
0.245121 -0.017736 0.000000
-0.253615 0.032751 0.000000
-0.130875 -0.028155 0.000000
0.394988 0.004051 0.000000
0.059689 -0.024639 0.000000
0.209906 0.016390 0.000000
0.277603 0.012166 0.000000
0.404558 -0.009746 0.000000
0.387467 0.004602 0.000000
0.453364 -0.000383 0.000000
0.274351 -0.016410 0.000000
-0.287200 0.032423 0.000000
0.147330 -0.021718 0.000000
0.017768 0.026409 0.000000
-0.192051 0.032527 0.000000
-0.325264 -0.024879 0.000000
0.439809 -0.007717 0.000000
0.342045 -0.013103 0.000000
0.385523 -0.010800 0.000000
0.432726 0.001217 0.000000
-0.173238 0.032280 0.000000
-0.283310 0.032480 0.000000
0.352756 0.007089 0.000000
-0.268211 0.032654 0.000000
0.098021 -0.023444 0.000000
0.145291 0.020104 0.000000
0.443753 0.000367 0.000000
0.145148 0.020112 0.000000
-0.388788 0.027447 0.000000
0.137522 0.020529 0.000000
-0.092509 -0.027840 0.000000
0.110833 0.021951 0.000000
-0.360556 0.029698 0.000000
-0.051974 0.029151 0.000000
0.173628 0.018515 0.000000
0.202188 -0.019572 0.000000
-0.210134 -0.027949 0.000000
0.019007 -0.025755 0.000000
-0.080704 -0.027697 0.000000
0.297679 -0.015308 0.000000
0.180718 0.018107 0.000000
-0.010285 -0.026450 0.000000
-0.065856 -0.027488 0.000000
-0.125752 -0.028127 0.000000
0.417746 -0.008999 0.000000
-0.267806 0.032658 0.000000
0.482715 -0.002722 0.000000
-0.281663 0.032504 0.000000
0.099727 0.022525 0.000000
-0.448732 -0.017823 0.000000
-0.037657 0.028636 0.000000
-0.467648 -0.015818 0.000000
0.222086 -0.018738 0.000000
-0.387329 0.027585 0.000000
0.223005 0.015598 0.000000
0.438270 0.000791 0.000000
0.344634 -0.012970 0.000000
0.073096 0.023857 0.000000
0.037672 -0.025264 0.000000
0.384041 -0.010881 0.000000
-0.476337 0.011742 0.000000
-0.448192 0.018936 0.000000
0.069945 0.024010 0.000000
0.161194 -0.021198 0.000000
0.110111 0.021989 0.000000
-0.452765 0.017969 0.000000
-0.227455 -0.027723 0.000000
0.261989 -0.016979 0.000000
0.250054 0.013925 0.000000
0.139175 0.020439 0.000000
-0.156155 -0.028225 0.000000
-0.352410 -0.023675 0.000000
0.482716 -0.002722 0.000000
-0.090489 -0.027817 0.000000
0.406710 0.003183 0.000000
-0.419661 -0.020015 0.000000
-0.174351 0.032297 0.000000
-0.189296 -0.028130 0.000000
-0.412289 0.024815 0.000000
0.048271 -0.024969 0.000000
-0.231984 0.032783 0.000000
0.186439 0.017775 0.000000
-0.334953 -0.024466 0.000000
-0.400868 -0.021165 0.000000
-0.089849 -0.027810 0.000000
0.198300 0.017080 0.000000
0.099038 -0.023410 0.000000
-0.223332 -0.027782 0.000000
-0.139180 -0.028191 0.000000
0.105196 -0.023205 0.000000
-0.066547 0.029648 0.000000
0.050531 0.024934 0.000000
-0.331137 0.031233 0.000000
0.034716 0.025660 0.000000
0.343420 -0.013032 0.000000
0.497118 -0.003899 0.000000
-0.099984 0.030673 0.000000
-0.490401 -0.011485 0.000000
-0.078430 -0.027667 0.000000
0.459707 -0.006526 0.000000
0.318997 0.009421 0.000000
-0.195513 -0.028087 0.000000
-0.406449 -0.020837 0.000000
0.447644 -0.007252 0.000000
-0.471079 -0.015360 0.000000
0.102653 0.022375 0.000000
0.000989 -0.026194 0.000000
-0.429020 0.022406 0.000000
-0.475601 -0.014685 0.000000
0.040644 0.025391 0.000000
-0.475525 0.012003 0.000000
-0.336331 0.031012 0.000000
-0.449258 0.018716 0.000000
0.188710 0.017643 0.000000
-0.384922 0.027809 0.000000
0.228454 0.015265 0.000000
-0.461744 0.015876 0.000000
0.260277 0.013278 0.000000
0.112047 0.021887 0.000000
-0.243190 0.032783 0.000000
-0.441085 -0.018472 0.000000
0.492467 -0.004488 0.000000
0.404503 0.003347 0.000000
-0.069504 -0.027543 0.000000
-0.282720 -0.026446 0.000000
-0.083412 0.030185 0.000000
-0.144561 -0.028207 0.000000
-0.297716 0.032232 0.000000
0.497731 -0.004151 0.000000
0.463207 -0.006313 0.000000
0.467755 -0.001520 0.000000
0.072282 -0.024261 0.000000
0.494595 -0.003692 0.000000
-0.113062 -0.028039 0.000000
-0.021517 0.028025 0.000000
-0.269914 0.032639 0.000000
-0.010367 0.027584 0.000000
-0.128311 0.031406 0.000000
-0.079931 -0.027687 0.000000
-0.278087 -0.026588 0.000000
0.046316 -0.025024 0.000000
0.206602 0.016587 0.000000
0.035038 -0.025335 0.000000
0.007426 0.026851 0.000000
-0.334272 -0.024495 0.000000
0.303699 0.010450 0.000000
-0.403941 0.025840 0.000000
-0.083288 0.030182 0.000000
-0.449442 0.018678 0.000000
0.315302 0.009671 0.000000
-0.174310 -0.028201 0.000000
-0.410836 -0.020572 0.000000
-0.280256 0.032523 0.000000
-0.264692 -0.026961 0.000000
0.465759 -0.001361 0.000000
-0.027822 0.028268 0.000000
-0.161916 -0.028225 0.000000
0.037795 0.025520 0.000000
0.496212 -0.004249 0.000000
0.402335 -0.009871 0.000000
0.308946 0.010099 0.000000
0.027991 0.025961 0.000000
-0.114683 0.031070 0.000000
-0.405030 -0.020922 0.000000
0.351003 0.007212 0.000000
0.149121 0.019893 0.000000
-0.217236 0.032734 0.000000
0.084399 0.023299 0.000000
0.468771 -0.005972 0.000000
-0.270622 -0.026803 0.000000
-0.356670 -0.023474 0.000000
-0.191625 0.032522 0.000000
-0.084435 -0.027745 0.000000
-0.372829 -0.022679 0.000000
-0.182320 -0.028169 0.000000
0.324188 -0.014008 0.000000
-0.429811 0.022279 0.000000
0.179134 -0.020502 0.000000
0.112861 0.021845 0.000000
0.033802 0.025701 0.000000
0.468422 -0.005993 0.000000
0.175983 -0.020626 0.000000
0.494602 -0.003692 0.000000
-0.002797 0.027277 0.000000
-0.275665 0.032579 0.000000
0.247229 0.014102 0.000000
0.158452 0.019374 0.000000
0.328806 -0.013776 0.000000
0.333823 0.008407 0.000000
0.243123 -0.017825 0.000000
0.254980 0.013614 0.000000
0.117906 -0.022772 0.000000
-0.480135 0.010456 0.000000
-0.185207 -0.028154 0.000000
0.330052 0.008666 0.000000
-0.046830 0.028969 0.000000
0.282526 0.011846 0.000000
-0.200635 -0.028045 0.000000
-0.025616 -0.026775 0.000000
-0.249199 0.032769 0.000000
0.316519 0.009588 0.000000
-0.440765 -0.018497 0.000000
0.113031 -0.022940 0.000000
-0.081821 -0.027711 0.000000
0.409800 -0.009451 0.000000
0.493450 -0.003598 0.000000
0.086744 0.023182 0.000000
-0.182760 -0.028167 0.000000
-0.372748 0.028834 0.000000
-0.398384 0.026466 0.000000
0.200499 -0.019642 0.000000
-0.266955 0.032665 0.000000
0.138851 0.020457 0.000000
0.443695 0.000372 0.000000
0.078871 0.023573 0.000000
-0.287305 0.032421 0.000000
0.001174 0.027113 0.000000
0.010168 0.026735 0.000000
-0.446555 0.019268 0.000000
-0.388635 0.027462 0.000000
-0.372979 -0.022671 0.000000
0.449919 -0.007116 0.000000
0.373436 0.005619 0.000000
-0.226570 0.032771 0.000000
-0.157529 -0.028225 0.000000
0.065713 -0.024460 0.000000
0.066497 -0.024437 0.000000
-0.159827 -0.028225 0.000000
0.371511 -0.011558 0.000000
0.171247 -0.020811 0.000000
-0.440724 0.020391 0.000000
0.197823 0.017108 0.000000
-0.450441 -0.017669 0.000000
0.361403 -0.012095 0.000000
0.370220 0.005849 0.000000
-0.145932 0.031793 0.000000
0.236447 0.014773 0.000000
0.321475 -0.014143 0.000000
-0.479976 0.010513 0.000000
0.346435 0.007532 0.000000
-0.103702 -0.027956 0.000000
-0.418195 -0.020110 0.000000
0.114808 -0.022879 0.000000
-0.486464 0.008018 0.000000
0.357753 -0.012287 0.000000
0.334668 0.008349 0.000000
0.005446 0.026934 0.000000
-0.057241 0.029334 0.000000
-0.188865 0.032490 0.000000
-0.256453 0.032738 0.000000
0.278486 0.012109 0.000000
-0.182771 -0.028167 0.000000
0.015762 -0.025836 0.000000
-0.093202 -0.027848 0.000000
0.133041 -0.022239 0.000000
0.389634 -0.010575 0.000000
-0.140448 -0.028195 0.000000
0.342444 0.007810 0.000000
0.384436 -0.010860 0.000000
0.171187 -0.020813 0.000000
0.021954 -0.025679 0.000000
-0.358300 0.029843 0.000000
0.397653 0.003855 0.000000
0.277961 -0.016242 0.000000
0.197052 0.017154 0.000000
-0.150872 0.031892 0.000000
-0.052725 0.029178 0.000000
-0.196745 0.032576 0.000000
-0.462786 -0.016407 0.000000
-0.099533 -0.027915 0.000000
0.454379 -0.006848 0.000000
0.062832 -0.024546 0.000000
-0.301107 0.032160 0.000000
-0.135977 0.031582 0.000000
-0.381603 0.028104 0.000000
0.283927 0.011755 0.000000
-0.396971 -0.021387 0.000000
-0.126283 0.031359 0.000000
-0.184762 -0.028156 0.000000
0.254709 0.013631 0.000000
0.278420 0.012113 0.000000
0.334353 -0.013495 0.000000
0.305395 -0.014935 0.000000
-0.143065 -0.028204 0.000000
-0.232632 0.032784 0.000000
0.015876 -0.025833 0.000000
-0.287199 0.032423 0.000000
0.182267 -0.020378 0.000000
-0.023715 0.028110 0.000000
-0.003227 -0.026291 0.000000
0.059878 -0.024634 0.000000
-0.327232 0.031386 0.000000
-0.100680 0.030693 0.000000
-0.151665 -0.028221 0.000000
0.419713 -0.008887 0.000000
0.409062 0.003008 0.000000
-0.073316 -0.027597 0.000000
0.079967 0.023519 0.000000
-0.291846 -0.026148 0.000000
-0.365074 -0.023067 0.000000
-0.218971 0.032742 0.000000
-0.399428 -0.021248 0.000000
0.252260 0.013786 0.000000
-0.493389 -0.010460 0.000000
0.479157 -0.002434 0.000000
-0.277459 -0.026607 0.000000
-0.417573 0.024107 0.000000
0.203416 -0.019522 0.000000
0.123366 -0.022582 0.000000
-0.095916 -0.027878 0.000000
0.120153 0.021461 0.000000
0.157971 0.019401 0.000000
0.188649 -0.020123 0.000000
-0.475016 0.012164 0.000000
0.203814 0.016753 0.000000
0.071288 0.023945 0.000000
0.057609 -0.024700 0.000000
0.396728 0.003923 0.000000
0.381889 -0.010998 0.000000
0.401429 -0.009922 0.000000
0.066430 0.024180 0.000000
0.149195 -0.021649 0.000000
0.132300 -0.022266 0.000000
0.474564 -0.005614 0.000000
0.242889 0.014373 0.000000
0.028184 -0.025518 0.000000
-0.335619 0.031044 0.000000
-0.243089 -0.027449 0.000000
-0.396439 -0.021417 0.000000
0.469270 -0.001641 0.000000
-0.067056 -0.027507 0.000000
0.255518 -0.017272 0.000000
-0.358846 -0.023370 0.000000
0.330781 0.008616 0.000000
-0.095791 0.030554 0.000000
-0.367265 0.029240 0.000000
0.475216 -0.002117 0.000000
0.131613 0.020849 0.000000
-0.111370 0.030983 0.000000
0.468175 -0.001553 0.000000
-0.266949 -0.026902 0.000000
0.310220 -0.014699 0.000000
-0.482777 0.009490 0.000000
-0.500810 -0.004558 0.000000
-0.442579 0.020043 0.000000
0.390391 0.004389 0.000000
-0.410503 -0.020593 0.000000
0.449228 -0.000059 0.000000
0.269448 0.012692 0.000000
0.261304 0.013213 0.000000
0.121682 -0.022641 0.000000
-0.492822 0.004964 0.000000
0.109496 -0.023060 0.000000
-0.296168 0.032264 0.000000
-0.319055 -0.025134 0.000000
-0.103110 -0.027951 0.000000
-0.112709 0.031019 0.000000
0.318201 -0.014306 0.000000
-0.129148 0.031426 0.000000
-0.359480 -0.023339 0.000000
0.482350 -0.005128 0.000000
0.458027 -0.000749 0.000000
0.266381 -0.016778 0.000000
-0.149519 0.031866 0.000000
-0.114261 0.031059 0.000000
0.484146 -0.005015 0.000000
-0.324559 0.031484 0.000000
0.245180 -0.017734 0.000000
0.031968 -0.025417 0.000000
0.438603 0.000765 0.000000
0.384594 -0.010851 0.000000
-0.235670 0.032787 0.000000
-0.009044 -0.026422 0.000000
0.473709 -0.005667 0.000000
-0.275400 0.032582 0.000000
-0.500599 -0.001996 0.000000
-0.037994 -0.027016 0.000000
-0.457735 -0.016958 0.000000
0.149265 -0.021647 0.000000
-0.320273 0.031633 0.000000
0.257439 0.013459 0.000000
-0.260089 0.032716 0.000000
-0.382122 0.028060 0.000000
0.091429 -0.023659 0.000000
-0.377581 -0.022435 0.000000
0.426091 0.001724 0.000000
-0.424724 -0.019678 0.000000
-0.454204 0.017652 0.000000
-0.030983 0.028388 0.000000
-0.020893 0.028001 0.000000
0.131068 0.020878 0.000000
0.241899 0.014435 0.000000
-0.224120 -0.027771 0.000000
-0.159378 0.032051 0.000000
-0.294094 -0.026071 0.000000
-0.429097 0.022394 0.000000
-0.051495 -0.027258 0.000000
0.139181 0.020439 0.000000
0.484827 -0.004972 0.000000
0.178037 0.018262 0.000000
0.271640 0.012551 0.000000
0.144404 0.020153 0.000000
-0.427165 0.022699 0.000000
-0.231234 0.032783 0.000000
-0.317585 0.031720 0.000000
-0.095454 0.030544 0.000000
-0.044298 0.028879 0.000000
-0.395146 -0.021490 0.000000
-0.015303 -0.026560 0.000000
0.440314 -0.007688 0.000000
-0.402922 0.025958 0.000000
-0.081970 0.030141 0.000000
0.135320 0.020649 0.000000
0.295177 0.011016 0.000000
0.417141 -0.009034 0.000000
-0.500713 -0.002321 0.000000
-0.129047 -0.028145 0.000000
0.284084 0.011744 0.000000
0.113776 0.021797 0.000000
-0.420553 -0.019957 0.000000
-0.261894 -0.027032 0.000000
0.175315 0.018418 0.000000
0.155401 0.019544 0.000000
0.329147 -0.013759 0.000000
0.087472 0.023146 0.000000
0.289511 -0.015698 0.000000
-0.319369 0.031662 0.000000
-0.023080 -0.026723 0.000000
0.159410 -0.021266 0.000000
-0.178230 -0.028187 0.000000
-0.491328 -0.011191 0.000000
-0.062596 0.029516 0.000000
-0.100089 0.030676 0.000000
0.095140 -0.023538 0.000000
0.407764 -0.009566 0.000000
-0.021204 0.028013 0.000000
0.212644 -0.019138 0.000000
0.306788 0.010243 0.000000
-0.222581 0.032758 0.000000
-0.094016 0.030502 0.000000
0.304044 -0.015000 0.000000
0.459743 -0.000884 0.000000
-0.128329 0.031407 0.000000
-0.449583 0.018648 0.000000
-0.498425 -0.007814 0.000000
-0.359259 0.029782 0.000000
-0.391176 -0.021710 0.000000
-0.134977 -0.028174 0.000000
0.445603 0.000223 0.000000
-0.372288 0.028869 0.000000
-0.482301 -0.013485 0.000000
0.224034 0.015536 0.000000
-0.152529 -0.028222 0.000000
0.173951 -0.020706 0.000000
0.398613 0.003784 0.000000
-0.203756 -0.028015 0.000000
0.426955 -0.008469 0.000000
-0.211134 -0.027938 0.000000
-0.045480 -0.027153 0.000000
0.025355 -0.025592 0.000000
0.068349 0.024087 0.000000
-0.081025 0.030112 0.000000
0.091115 -0.023669 0.000000
-0.218706 0.032741 0.000000
0.480305 -0.002527 0.000000
-0.481383 0.010009 0.000000
-0.372922 0.028820 0.000000
0.173323 0.018532 0.000000
-0.262799 -0.027009 0.000000
0.372557 -0.011502 0.000000
0.035656 -0.025318 0.000000
-0.059611 -0.027392 0.000000
-0.287434 0.032419 0.000000
-0.218489 0.032740 0.000000
0.296008 0.010961 0.000000
-0.108233 -0.027998 0.000000
0.228615 -0.018458 0.000000
0.364899 -0.011910 0.000000
0.207157 -0.019367 0.000000
0.023448 -0.025641 0.000000
-0.258916 0.032723 0.000000
-0.178260 -0.028186 0.000000
-0.373329 -0.022653 0.000000
0.153561 0.019647 0.000000
0.246767 -0.017663 0.000000
-0.472515 -0.015155 0.000000
-0.378983 0.028330 0.000000
0.142676 0.020248 0.000000
-0.274116 0.032596 0.000000
-0.143248 0.031739 0.000000
0.334485 0.008361 0.000000
-0.150381 0.031883 0.000000
0.076899 0.023670 0.000000
0.112807 0.021848 0.000000
-0.451414 -0.017579 0.000000
-0.420733 0.023662 0.000000
0.330872 -0.013672 0.000000
-0.279238 -0.026553 0.000000
-0.116559 -0.028065 0.000000
-0.369428 0.029084 0.000000
0.493799 -0.003626 0.000000
-0.481773 -0.013591 0.000000
0.052397 -0.024851 0.000000
-0.205152 0.032653 0.000000
-0.361962 -0.023219 0.000000
0.315823 -0.014423 0.000000
0.317492 0.009523 0.000000
-0.095614 0.030548 0.000000
0.160135 -0.021238 0.000000
-0.329556 -0.024698 0.000000
0.231415 0.015084 0.000000
0.081573 -0.023973 0.000000
-0.278568 0.032544 0.000000
0.168361 0.018815 0.000000
-0.327004 -0.024807 0.000000
0.064859 -0.024486 0.000000
-0.333206 -0.024542 0.000000
-0.479734 0.010597 0.000000
0.420582 -0.008837 0.000000
0.495222 -0.003743 0.000000
-0.433283 -0.019072 0.000000
-0.235730 0.032787 0.000000
-0.101179 -0.027932 0.000000
-0.143805 0.031750 0.000000
0.167827 -0.020944 0.000000
0.121516 0.021389 0.000000
0.034398 -0.025352 0.000000
0.093324 -0.023597 0.000000
0.412257 -0.009312 0.000000
-0.434939 -0.018949 0.000000
-0.126342 -0.028130 0.000000
-0.160026 0.032063 0.000000
0.012222 0.026647 0.000000
0.261309 0.013213 0.000000
-0.423153 -0.019784 0.000000
0.230629 0.015132 0.000000
0.193219 -0.019939 0.000000
0.381595 0.005029 0.000000
-0.228847 -0.027700 0.000000
0.278135 0.012131 0.000000
0.104782 -0.023219 0.000000
-0.267248 0.032662 0.000000
0.338046 0.008115 0.000000
-0.070340 0.029773 0.000000
0.453712 -0.000410 0.000000
-0.462471 -0.016443 0.000000
0.285598 0.011645 0.000000
0.376453 -0.011293 0.000000
-0.389291 0.027398 0.000000
0.449836 -0.007121 0.000000
0.206899 -0.019378 0.000000
0.175764 -0.020635 0.000000
-0.127699 0.031392 0.000000
-0.355118 -0.023548 0.000000
-0.427349 0.022670 0.000000
-0.256681 0.032737 0.000000
-0.377064 -0.022462 0.000000
-0.352707 -0.023661 0.000000
0.036288 -0.025301 0.000000
0.088460 0.023096 0.000000
-0.260235 0.032715 0.000000
0.423365 0.001931 0.000000
0.174599 0.018459 0.000000
0.201557 0.016887 0.000000
-0.342817 0.030710 0.000000
0.447209 -0.007278 0.000000
0.040304 0.025406 0.000000
0.022506 -0.025665 0.000000
0.169020 0.018777 0.000000
0.091962 -0.023641 0.000000
0.489355 -0.004686 0.000000
0.334432 -0.013491 0.000000
-0.329124 0.031313 0.000000
-0.017471 0.027867 0.000000
0.160521 0.019258 0.000000
-0.166978 -0.028218 0.000000
-0.029876 -0.026860 0.000000
0.091952 0.022920 0.000000
0.350585 0.007241 0.000000
0.399270 0.003735 0.000000
0.327376 -0.013848 0.000000
-0.227002 -0.027729 0.000000
-0.375598 -0.022537 0.000000
0.342353 -0.013087 0.000000
-0.288330 0.032404 0.000000
0.483588 -0.002793 0.000000
-0.457319 0.016942 0.000000
-0.487177 -0.012383 0.000000
0.306984 0.010230 0.000000
-0.124160 -0.028117 0.000000
0.056975 0.024631 0.000000
-0.485434 0.008446 0.000000
0.184608 -0.020285 0.000000
-0.402422 -0.021075 0.000000
-0.099971 -0.027920 0.000000
0.463959 -0.006267 0.000000
0.106814 -0.023151 0.000000
-0.124204 0.031308 0.000000
0.246140 -0.017691 0.000000
-0.065627 0.029618 0.000000
-0.183437 -0.028163 0.000000
0.193587 0.017358 0.000000
0.099000 -0.023411 0.000000
-0.484008 -0.013127 0.000000
-0.116391 -0.028064 0.000000
0.167664 -0.020950 0.000000
-0.418713 0.023949 0.000000
-0.380176 0.028228 0.000000
-0.433594 0.021654 0.000000
0.065750 0.024213 0.000000
0.453936 -0.006875 0.000000
-0.305561 0.032055 0.000000
0.111287 -0.023000 0.000000
-0.474383 0.012363 0.000000
0.049750 -0.024927 0.000000
0.343756 -0.013015 0.000000
0.436298 -0.007924 0.000000
0.022377 -0.025669 0.000000
0.203363 0.016780 0.000000
-0.499154 0.000268 0.000000
0.357810 -0.012284 0.000000
-0.015988 0.027808 0.000000
0.150553 0.019814 0.000000
0.400394 0.003652 0.000000
0.441705 -0.007605 0.000000
0.472899 -0.005717 0.000000
0.411080 0.002857 0.000000
-0.123017 -0.028110 0.000000
-0.461642 -0.016537 0.000000
-0.046940 -0.027179 0.000000
-0.159690 -0.028225 0.000000
-0.168008 -0.028217 0.000000
-0.176414 0.032326 0.000000
-0.151306 0.031901 0.000000
0.275352 -0.016364 0.000000
0.436318 0.000942 0.000000
-0.305950 0.032046 0.000000
0.383423 -0.010915 0.000000
-0.308330 0.031985 0.000000
-0.311891 -0.025418 0.000000
0.196452 -0.019807 0.000000
-0.122240 0.031260 0.000000
0.332955 -0.013566 0.000000
-0.202193 0.032627 0.000000
0.292008 -0.015579 0.000000
0.478835 -0.005348 0.000000
0.371839 0.005733 0.000000
0.290834 0.011302 0.000000
0.446515 0.000152 0.000000
-0.236213 -0.027577 0.000000
-0.176484 0.032327 0.000000
-0.113479 0.031039 0.000000
-0.000147 -0.026220 0.000000
-0.173231 0.032280 0.000000
0.270969 0.012594 0.000000
0.141590 -0.021930 0.000000
-0.169987 0.032229 0.000000
0.413912 0.002645 0.000000
0.253431 0.013712 0.000000
0.258777 -0.017124 0.000000
0.395920 0.003983 0.000000
-0.015743 -0.026569 0.000000
0.247954 -0.017611 0.000000
-0.146700 0.031809 0.000000
-0.447623 -0.017922 0.000000
-0.036142 0.028580 0.000000
0.432407 0.001242 0.000000
0.465561 -0.006169 0.000000
-0.076238 0.029962 0.000000
0.053537 -0.024818 0.000000
0.272998 0.012464 0.000000
-0.465365 -0.016103 0.000000
-0.007292 -0.026383 0.000000
-0.391000 0.027232 0.000000
-0.293978 0.032305 0.000000
0.360289 0.006557 0.000000
0.202738 0.016817 0.000000
-0.244867 -0.027414 0.000000
0.388555 0.004523 0.000000
0.202960 0.016804 0.000000
-0.051040 -0.027250 0.000000
0.036736 0.025568 0.000000
0.296545 -0.015362 0.000000
0.058796 0.024545 0.000000
-0.484411 0.008858 0.000000
0.332123 -0.013608 0.000000
-0.427676 -0.019474 0.000000
-0.292303 -0.026132 0.000000
0.171943 -0.020784 0.000000
0.035207 -0.025330 0.000000
0.210377 -0.019233 0.000000
-0.239039 -0.027526 0.000000
-0.220683 0.032750 0.000000
0.102127 -0.023308 0.000000
-0.389440 -0.021805 0.000000
0.115050 0.021730 0.000000
-0.051577 -0.027260 0.000000
0.362272 0.006416 0.000000
0.308292 0.010142 0.000000
-0.070966 0.029793 0.000000
0.243742 0.014320 0.000000
0.425922 0.001737 0.000000
0.494493 -0.004359 0.000000
0.099404 -0.023398 0.000000
-0.154051 0.031953 0.000000
0.055653 0.024694 0.000000
-0.307463 -0.025587 0.000000
-0.053387 -0.027290 0.000000
-0.324021 -0.024931 0.000000
-0.267987 0.032656 0.000000
0.220444 -0.018808 0.000000
-0.128191 0.031403 0.000000
0.212756 -0.019133 0.000000
0.189696 -0.020081 0.000000
-0.019830 0.027959 0.000000
-0.177889 -0.028188 0.000000
-0.052510 0.029170 0.000000
-0.167418 -0.028218 0.000000
0.182187 -0.020381 0.000000
-0.201082 0.032617 0.000000
0.098990 -0.023412 0.000000
0.384666 -0.010847 0.000000
0.478343 -0.002369 0.000000
0.021595 -0.025689 0.000000
-0.405072 0.025708 0.000000
-0.347784 0.030454 0.000000
0.301573 -0.015120 0.000000
0.066781 0.024163 0.000000
0.091274 0.022954 0.000000
-0.157500 0.032017 0.000000
-0.014059 0.027732 0.000000
0.161232 0.019218 0.000000
-0.169642 -0.028213 0.000000
0.244245 -0.017775 0.000000
-0.397892 0.026519 0.000000
-0.486417 -0.012572 0.000000
-0.437598 -0.018747 0.000000
0.016425 0.026467 0.000000
0.299426 0.010734 0.000000
0.460802 -0.006459 0.000000
-0.395811 0.026741 0.000000
0.491299 -0.004562 0.000000
0.463057 -0.006322 0.000000
0.059833 -0.024635 0.000000
0.493096 -0.003569 0.000000
-0.463431 -0.016333 0.000000
-0.352083 0.030216 0.000000
-0.109695 0.030939 0.000000
-0.369677 -0.022838 0.000000
-0.291971 -0.026143 0.000000
-0.469721 0.013751 0.000000
-0.004057 -0.026310 0.000000
0.152837 -0.021514 0.000000
-0.458173 -0.016912 0.000000
0.265241 -0.016830 0.000000
-0.330990 -0.024637 0.000000
0.125434 0.021180 0.000000
0.210973 0.016326 0.000000
0.437564 0.000846 0.000000
0.246886 -0.017658 0.000000
0.179268 0.018191 0.000000
-0.151372 0.031902 0.000000
-0.386853 0.027630 0.000000
0.171003 -0.020821 0.000000
-0.363789 -0.023130 0.000000
0.166075 0.018944 0.000000
-0.495078 0.003614 0.000000
0.325981 -0.013918 0.000000
-0.428400 -0.019424 0.000000
-0.018214 0.027896 0.000000
0.383517 -0.010910 0.000000
0.495029 -0.003727 0.000000
0.223933 0.015542 0.000000
0.296628 0.010920 0.000000
-0.349752 0.030346 0.000000
-0.461680 0.015892 0.000000
-0.016379 0.027824 0.000000
-0.404021 0.025831 0.000000
-0.287535 -0.026291 0.000000
-0.035886 -0.026977 0.000000
0.045998 -0.025033 0.000000
-0.241597 0.032785 0.000000
0.031635 -0.025426 0.000000
0.153658 -0.021483 0.000000
-0.260964 0.032710 0.000000
-0.288377 -0.026264 0.000000
-0.316831 -0.025223 0.000000
-0.273295 -0.026727 0.000000
0.140031 -0.021986 0.000000
0.068200 -0.024386 0.000000
0.437865 -0.007832 0.000000
0.103622 -0.023258 0.000000
0.353721 0.007021 0.000000
0.459481 -0.006540 0.000000
-0.084166 0.030208 0.000000
-0.211450 -0.027935 0.000000
0.064296 0.024283 0.000000
0.302622 0.010521 0.000000
0.494810 -0.003709 0.000000
0.378325 -0.011191 0.000000
0.346666 0.007516 0.000000
-0.068876 -0.027534 0.000000
-0.379752 0.028264 0.000000
-0.303394 -0.025740 0.000000
0.442753 -0.007543 0.000000
-0.428211 0.022534 0.000000
-0.360522 -0.023289 0.000000
0.117439 0.021605 0.000000
-0.080263 -0.027691 0.000000
-0.115388 0.031088 0.000000
0.400890 0.003616 0.000000
0.024629 -0.025611 0.000000
0.160602 0.019253 0.000000
-0.118085 -0.028077 0.000000
0.221987 -0.018742 0.000000
0.109366 -0.023065 0.000000
-0.477485 -0.014375 0.000000
0.163210 0.019106 0.000000
0.384669 -0.010847 0.000000
-0.113602 -0.028043 0.000000
0.316702 0.009576 0.000000
-0.159486 -0.028225 0.000000
0.303169 0.010485 0.000000
0.047249 -0.024998 0.000000
0.221785 -0.018751 0.000000
-0.318270 -0.025166 0.000000
-0.438076 0.020874 0.000000
0.376578 -0.011286 0.000000
0.101817 0.022418 0.000000
0.199378 0.017016 0.000000
-0.090924 0.030412 0.000000
-0.357647 0.029883 0.000000
0.045850 0.025151 0.000000
-0.277310 -0.026612 0.000000
0.254174 0.013665 0.000000
-0.357868 -0.023417 0.000000
-0.380059 0.028238 0.000000
-0.159015 0.032044 0.000000
0.318103 0.009481 0.000000
-0.212699 0.032707 0.000000
-0.243283 -0.027445 0.000000
-0.191965 0.032526 0.000000
0.249902 0.013934 0.000000
-0.417295 0.024146 0.000000
0.229205 0.015219 0.000000
-0.225053 -0.027757 0.000000
0.161427 -0.021189 0.000000
0.409658 0.002963 0.000000
0.318847 -0.014274 0.000000
0.473129 -0.005703 0.000000
0.136349 -0.022120 0.000000
0.146778 -0.021739 0.000000
-0.182553 0.032411 0.000000
-0.308152 0.031990 0.000000
-0.140424 0.031678 0.000000
0.064531 -0.024496 0.000000
-0.263942 -0.026980 0.000000
-0.219424 -0.027837 0.000000
0.106310 -0.023168 0.000000
0.325466 0.008980 0.000000
0.175482 -0.020646 0.000000
-0.485021 -0.012902 0.000000
-0.132401 -0.028162 0.000000
0.346703 0.007513 0.000000
0.174335 0.018474 0.000000
0.291611 0.011251 0.000000
0.485406 -0.002941 0.000000
0.236924 0.014744 0.000000
0.484664 -0.004982 0.000000
0.241310 0.014471 0.000000
0.430743 0.001369 0.000000
-0.182198 0.032406 0.000000
-0.413822 0.024614 0.000000
-0.093916 0.030499 0.000000
-0.393921 -0.021559 0.000000
0.131401 0.020860 0.000000
-0.438743 0.020754 0.000000
-0.167738 -0.028217 0.000000
-0.258593 0.032725 0.000000
0.206686 0.016582 0.000000
0.271781 -0.016529 0.000000
0.372940 -0.011481 0.000000
0.047620 -0.024987 0.000000
0.208598 0.016468 0.000000
0.427855 -0.008417 0.000000
-0.289203 -0.026236 0.000000
-0.294541 0.032294 0.000000
-0.083268 -0.027730 0.000000
-0.070889 -0.027563 0.000000
-0.490025 0.006411 0.000000
-0.397847 -0.021338 0.000000
0.398743 0.003774 0.000000
0.264502 -0.016864 0.000000
-0.170203 -0.028212 0.000000
-0.492194 -0.010898 0.000000
0.160709 -0.021216 0.000000
0.301358 -0.015131 0.000000
-0.094489 0.030516 0.000000
-0.476294 0.011756 0.000000
0.131143 0.020874 0.000000
-0.095367 -0.027872 0.000000
0.022547 0.026201 0.000000
0.038707 0.025479 0.000000
-0.100733 0.030694 0.000000
0.157667 0.019418 0.000000
-0.208791 -0.027964 0.000000
-0.492312 -0.010857 0.000000
0.468700 -0.001595 0.000000
-0.447597 0.019058 0.000000
0.106836 -0.023150 0.000000
-0.034732 0.028528 0.000000
-0.338724 -0.024300 0.000000
0.142814 0.020240 0.000000
-0.460079 -0.016709 0.000000
-0.055121 0.029261 0.000000
-0.007977 -0.026398 0.000000
-0.038919 -0.027034 0.000000
0.377765 0.005307 0.000000
-0.181950 -0.028171 0.000000
0.238389 -0.018033 0.000000
-0.321113 0.031605 0.000000
-0.131642 -0.028159 0.000000
0.363401 -0.011990 0.000000
-0.041265 -0.027077 0.000000
0.108014 0.022097 0.000000
0.379766 -0.011113 0.000000
0.256301 0.013531 0.000000
-0.358694 0.029819 0.000000
0.014687 -0.025863 0.000000
0.103178 -0.023273 0.000000
-0.193692 0.032544 0.000000
-0.198833 -0.028060 0.000000
0.026205 -0.025569 0.000000
0.409648 -0.009460 0.000000
0.455015 -0.000512 0.000000
0.007388 -0.026042 0.000000
-0.439738 0.020573 0.000000
0.146300 0.020049 0.000000
-0.338746 -0.024299 0.000000
0.447736 -0.007247 0.000000
-0.238908 -0.027528 0.000000
-0.070777 0.029787 0.000000
-0.200627 -0.028045 0.000000
0.232505 0.015017 0.000000
-0.350917 -0.023745 0.000000
-0.488322 -0.012083 0.000000
-0.175695 -0.028196 0.000000
-0.031174 0.028395 0.000000
0.002230 0.027069 0.000000
0.114981 -0.022873 0.000000
-0.443035 0.019957 0.000000
0.191322 0.017490 0.000000
-0.219678 0.032745 0.000000
-0.408569 0.025285 0.000000
0.382720 -0.010953 0.000000
0.262539 0.013134 0.000000
0.216921 -0.018957 0.000000
0.049885 -0.024923 0.000000
-0.479206 -0.014075 0.000000
0.487564 -0.003116 0.000000
0.401788 -0.009902 0.000000
0.106883 -0.023149 0.000000
0.263620 0.013065 0.000000
0.371941 0.005726 0.000000
0.354754 0.006948 0.000000
0.324493 0.009047 0.000000
-0.481844 0.009840 0.000000
0.436268 -0.007926 0.000000
-0.303719 0.032099 0.000000
0.204558 -0.019475 0.000000
-0.029335 -0.026849 0.000000
0.154801 0.019578 0.000000
0.165712 -0.021025 0.000000
0.399304 -0.010040 0.000000
0.422742 -0.008712 0.000000
0.228629 -0.018458 0.000000
-0.279076 0.032538 0.000000
-0.160848 -0.028225 0.000000
-0.154111 -0.028224 0.000000
0.171985 -0.020782 0.000000
0.264603 -0.016859 0.000000
-0.182737 -0.028167 0.000000
0.040451 0.025400 0.000000
0.089574 0.023040 0.000000
-0.129225 0.031428 0.000000
0.138674 0.020466 0.000000
0.143866 -0.021846 0.000000
-0.370681 -0.022787 0.000000
0.288923 0.011427 0.000000
-0.456160 -0.017119 0.000000
-0.063374 0.029542 0.000000
-0.468493 0.014097 0.000000
0.095610 -0.023523 0.000000
0.164016 0.019061 0.000000
-0.404224 0.025807 0.000000
-0.078231 -0.027665 0.000000
-0.224502 -0.027765 0.000000
0.224241 0.015523 0.000000
-0.040460 -0.027062 0.000000
-0.179526 0.032371 0.000000
-0.016253 0.027819 0.000000
-0.268318 0.032654 0.000000
0.377016 0.005361 0.000000
-0.341123 -0.024193 0.000000
0.360539 0.006539 0.000000
0.423896 0.001891 0.000000
-0.048314 0.029022 0.000000
-0.463456 -0.016330 0.000000
0.395398 -0.010257 0.000000
-0.438880 0.020729 0.000000
0.317675 0.009510 0.000000
0.337860 -0.013317 0.000000
-0.024159 -0.026745 0.000000
-0.417693 0.024090 0.000000
-0.175652 -0.028197 0.000000
-0.102161 0.030734 0.000000
0.000460 -0.026206 0.000000
-0.413851 0.024610 0.000000
-0.201189 -0.028040 0.000000
0.001843 0.027085 0.000000
0.415591 -0.009122 0.000000
-0.455902 0.017269 0.000000
-0.439121 -0.018628 0.000000
0.254357 -0.017324 0.000000
-0.452984 -0.017431 0.000000
-0.105324 -0.027971 0.000000
-0.097979 -0.027899 0.000000
-0.055606 0.029278 0.000000
0.489609 -0.003283 0.000000
0.041688 -0.025153 0.000000
0.072479 0.023887 0.000000
-0.434227 -0.019002 0.000000
0.073447 -0.024226 0.000000
0.360776 -0.012128 0.000000
-0.236712 -0.027568 0.000000
-0.301572 -0.025806 0.000000
-0.177128 -0.028191 0.000000
-0.187705 0.032476 0.000000
0.410295 -0.009423 0.000000
-0.195696 0.032565 0.000000
-0.303709 -0.025728 0.000000
0.001513 0.027099 0.000000
0.241321 0.014471 0.000000
0.377133 0.005352 0.000000
-0.456274 0.017184 0.000000
-0.496037 0.002967 0.000000
-0.146263 -0.028211 0.000000
0.065825 -0.024457 0.000000
0.487012 -0.004834 0.000000
0.146369 0.020045 0.000000
0.459571 -0.006534 0.000000
0.248475 0.014024 0.000000
0.013196 -0.025900 0.000000
-0.389234 0.027404 0.000000
-0.488206 0.007259 0.000000
0.252611 0.013764 0.000000
-0.030603 0.028373 0.000000
0.480475 -0.005245 0.000000
0.443225 -0.007515 0.000000
0.428387 -0.008386 0.000000
0.394482 0.004088 0.000000
0.101000 0.022459 0.000000
0.327319 -0.013851 0.000000
-0.446275 -0.018039 0.000000
-0.154005 -0.028224 0.000000
0.088928 -0.023739 0.000000
0.263018 0.013104 0.000000
-0.451987 0.018138 0.000000
0.297812 0.010841 0.000000
0.349657 -0.012710 0.000000
0.105896 0.022207 0.000000
-0.457783 0.016834 0.000000
0.232761 -0.018279 0.000000
-0.110296 -0.028015 0.000000
0.379947 0.005149 0.000000
0.378862 -0.011162 0.000000
0.099219 0.022551 0.000000
0.033660 0.025707 0.000000
0.027764 -0.025529 0.000000
-0.061350 -0.027419 0.000000
-0.284475 0.032464 0.000000
0.247579 -0.017627 0.000000
-0.299506 0.032194 0.000000
-0.168205 0.032201 0.000000
0.453446 -0.006905 0.000000
0.102897 0.022362 0.000000
0.349356 -0.012726 0.000000
0.026630 -0.025558 0.000000
-0.211283 0.032699 0.000000
0.478583 -0.005364 0.000000
0.096529 0.022688 0.000000
-0.427103 0.022708 0.000000
0.145294 -0.021794 0.000000
0.383672 -0.010901 0.000000
-0.482952 -0.013352 0.000000
-0.279271 0.032535 0.000000
0.119039 -0.022733 0.000000
0.364958 -0.011907 0.000000
0.185589 0.017825 0.000000
0.345695 -0.012915 0.000000
-0.045342 0.028916 0.000000
-0.431627 -0.019194 0.000000
-0.269369 -0.026837 0.000000
-0.172857 -0.028205 0.000000
-0.418979 0.023912 0.000000
-0.179156 0.032366 0.000000
0.167923 0.018840 0.000000
-0.228268 0.032776 0.000000
0.268690 0.012741 0.000000
0.283999 -0.015959 0.000000
0.379193 0.005203 0.000000
-0.431639 0.021981 0.000000
0.225226 0.015463 0.000000
-0.038929 0.028683 0.000000
0.129897 -0.022351 0.000000
0.169521 0.018749 0.000000
-0.483479 0.009222 0.000000
-0.198078 -0.028066 0.000000
-0.159717 -0.028225 0.000000
-0.099577 -0.027916 0.000000
0.084561 0.023291 0.000000
0.066908 -0.024424 0.000000
0.048992 -0.024948 0.000000
0.382967 -0.010940 0.000000
0.170331 0.018703 0.000000
-0.414765 -0.020328 0.000000
0.300572 0.010658 0.000000
-0.301071 0.032161 0.000000
-0.324265 0.031495 0.000000
-0.007017 -0.026377 0.000000
-0.089271 0.030362 0.000000
-0.330970 -0.024638 0.000000
0.303369 0.010472 0.000000
0.080205 -0.024016 0.000000
-0.425647 -0.019615 0.000000
0.228827 0.015242 0.000000
0.347890 -0.012802 0.000000
-0.066605 0.029650 0.000000
0.412834 0.002725 0.000000
0.269709 -0.016625 0.000000
0.019589 0.026330 0.000000
-0.136619 -0.028181 0.000000
0.463336 -0.001169 0.000000
0.024058 0.026134 0.000000
-0.100833 -0.027928 0.000000
0.179009 0.018206 0.000000
0.403270 0.003439 0.000000
0.411002 -0.009383 0.000000
-0.029455 0.028330 0.000000
-0.325839 -0.024855 0.000000
0.208373 0.016481 0.000000
-0.034473 0.028519 0.000000
0.480935 -0.002578 0.000000
-0.352188 -0.023686 0.000000
0.113929 -0.022909 0.000000
-0.057925 -0.027365 0.000000
0.379387 -0.011134 0.000000
0.353614 0.007029 0.000000
-0.109549 -0.028009 0.000000
0.326441 -0.013895 0.000000
-0.365923 -0.023025 0.000000
-0.064111 0.029567 0.000000
0.430010 0.001425 0.000000
-0.016093 -0.026576 0.000000
-0.021138 0.028010 0.000000
0.482700 -0.002721 0.000000
-0.200156 -0.028049 0.000000
0.004118 -0.026120 0.000000
-0.465324 0.014957 0.000000
0.175532 0.018405 0.000000
-0.018751 0.027917 0.000000
0.222161 0.015650 0.000000
0.140339 0.020376 0.000000
-0.344403 0.030629 0.000000
0.161328 0.019212 0.000000
-0.422570 0.023394 0.000000
0.476135 -0.002191 0.000000
-0.298973 0.032205 0.000000
0.301908 0.010569 0.000000
-0.437077 0.021052 0.000000
0.062027 0.024391 0.000000
-0.051347 -0.027256 0.000000
-0.389007 0.027426 0.000000
-0.261724 -0.027036 0.000000
0.042424 -0.025133 0.000000
0.442207 0.000487 0.000000
-0.311174 0.031909 0.000000
-0.053266 0.029197 0.000000
0.207727 -0.019343 0.000000
0.216361 -0.018981 0.000000
-0.344356 0.030632 0.000000
-0.162124 0.032100 0.000000
-0.052354 -0.027273 0.000000
-0.362377 -0.023199 0.000000
0.495349 -0.003754 0.000000
0.483683 -0.005044 0.000000
-0.497897 0.001513 0.000000
0.123798 0.021268 0.000000
0.178766 -0.020517 0.000000
0.191220 0.017496 0.000000
-0.312747 0.031865 0.000000
0.370672 0.005817 0.000000
0.012949 0.026617 0.000000
-0.132516 -0.028163 0.000000
0.144326 -0.021829 0.000000
0.404090 0.003378 0.000000
0.070951 -0.024302 0.000000
0.454453 -0.000468 0.000000
0.143961 0.020178 0.000000
0.275806 -0.016343 0.000000
0.230480 0.015141 0.000000
-0.162439 0.032105 0.000000
0.261889 0.013176 0.000000
-0.434400 0.021517 0.000000
-0.419108 0.023894 0.000000
-0.426988 -0.019522 0.000000
0.231153 0.015100 0.000000
0.214156 0.016134 0.000000
-0.292284 -0.026133 0.000000
-0.500160 -0.001098 0.000000
0.252993 0.013740 0.000000
-0.358364 -0.023393 0.000000
-0.271986 -0.026765 0.000000
0.274816 -0.016389 0.000000
0.396317 0.003953 0.000000
0.344905 0.007639 0.000000
-0.142741 -0.028203 0.000000
-0.234573 0.032786 0.000000
-0.178308 0.032354 0.000000
0.138786 0.020460 0.000000
-0.061463 -0.027421 0.000000
-0.173311 0.032281 0.000000
-0.471338 0.013283 0.000000
0.230629 0.015132 0.000000
-0.028813 -0.026839 0.000000
-0.329943 0.031282 0.000000
0.060450 -0.024617 0.000000
0.323977 -0.014018 0.000000
-0.097096 -0.027890 0.000000
-0.148901 0.031854 0.000000
-0.126182 -0.028130 0.000000
-0.229925 0.032780 0.000000
0.411289 0.002841 0.000000
0.480019 -0.005274 0.000000
0.056758 0.024642 0.000000
0.495398 -0.004301 0.000000
0.094602 -0.023556 0.000000
-0.025447 0.028177 0.000000
0.124956 -0.022526 0.000000
-0.146918 0.031813 0.000000
0.348180 -0.012787 0.000000
0.286642 -0.015834 0.000000
-0.063819 0.029557 0.000000
-0.314615 -0.025311 0.000000
-0.193252 -0.028104 0.000000
-0.038137 -0.027019 0.000000
0.393493 0.004161 0.000000
0.203696 -0.019510 0.000000
0.234500 -0.018203 0.000000
-0.382964 -0.022153 0.000000
-0.214388 0.032717 0.000000
-0.017613 -0.026609 0.000000
-0.243972 0.032783 0.000000
0.381323 -0.011029 0.000000
0.128021 -0.022418 0.000000
0.066350 -0.024441 0.000000
-0.088370 -0.027792 0.000000
0.056497 -0.024733 0.000000
-0.044126 0.028873 0.000000
-0.384155 -0.022090 0.000000
-0.028929 -0.026841 0.000000
0.072941 0.023864 0.000000
0.284212 0.011736 0.000000
0.365401 -0.011884 0.000000
0.014030 -0.025880 0.000000
-0.161233 0.032084 0.000000
0.192293 -0.019976 0.000000
-0.129614 -0.028148 0.000000
-0.302842 -0.025760 0.000000
-0.188197 0.032482 0.000000
-0.142541 0.031724 0.000000
-0.161777 0.032094 0.000000
-0.025248 -0.026768 0.000000
-0.060752 -0.027410 0.000000
-0.007597 0.027472 0.000000
0.190177 -0.020062 0.000000
-0.108510 -0.028000 0.000000
-0.129196 -0.028146 0.000000
0.494248 -0.004374 0.000000
0.030798 0.025836 0.000000
-0.152496 0.031923 0.000000
-0.368035 -0.022920 0.000000
0.168527 -0.020916 0.000000
-0.485494 -0.012792 0.000000
0.429084 -0.008346 0.000000
-0.444083 -0.018225 0.000000
0.185903 0.017807 0.000000
-0.488291 -0.012092 0.000000
-0.000721 0.027191 0.000000
-0.204594 -0.028007 0.000000
-0.306820 0.032025 0.000000
0.497653 -0.003943 0.000000
0.235712 -0.018150 0.000000
-0.225000 0.032767 0.000000
0.150327 0.019826 0.000000
0.307000 0.010229 0.000000
0.298399 0.010802 0.000000
-0.012947 0.027687 0.000000
0.414987 -0.009157 0.000000
0.131834 0.020837 0.000000
-0.199302 0.032601 0.000000
0.098172 -0.023439 0.000000
-0.462145 -0.016480 0.000000
-0.161025 0.032081 0.000000
-0.333561 0.031133 0.000000
0.029996 0.025871 0.000000
0.130916 0.020887 0.000000
-0.246377 -0.027384 0.000000
0.242988 -0.017831 0.000000
0.231917 0.015053 0.000000
-0.045831 -0.027160 0.000000
0.121069 0.021413 0.000000
0.090760 -0.023680 0.000000
0.302946 -0.015054 0.000000
-0.374876 -0.022574 0.000000
-0.358077 0.029857 0.000000
-0.355097 -0.023549 0.000000
-0.414211 -0.020363 0.000000
0.284941 0.011688 0.000000
-0.021524 -0.026691 0.000000
-0.346629 0.030515 0.000000
-0.269117 0.032647 0.000000
0.083857 0.023326 0.000000
0.300487 -0.015173 0.000000
0.001939 -0.026171 0.000000
-0.188672 -0.028134 0.000000
0.240757 -0.017929 0.000000
-0.074111 0.029894 0.000000
0.110847 -0.023015 0.000000
0.261223 0.013218 0.000000
-0.209984 -0.027951 0.000000
-0.488848 0.006966 0.000000
0.149447 0.019875 0.000000
0.130690 0.020899 0.000000
0.221633 -0.018757 0.000000
-0.346820 -0.023935 0.000000
0.089005 -0.023737 0.000000
-0.359056 -0.023360 0.000000
-0.200401 0.032611 0.000000
-0.211926 -0.027929 0.000000
0.197876 -0.019749 0.000000
-0.301554 -0.025806 0.000000
-0.184241 -0.028159 0.000000
0.180552 -0.020446 0.000000
-0.081994 -0.027713 0.000000
0.459820 -0.006519 0.000000
-0.284784 0.032460 0.000000
-0.458305 0.016711 0.000000
-0.420262 0.023729 0.000000
-0.188316 0.032483 0.000000
-0.466030 -0.016022 0.000000
0.371350 -0.011567 0.000000
0.162240 -0.021158 0.000000
0.346484 -0.012874 0.000000
-0.008183 -0.026403 0.000000
0.424425 -0.008615 0.000000
-0.393281 0.027002 0.000000
-0.360649 -0.023283 0.000000
-0.007858 0.027483 0.000000
-0.358957 0.029802 0.000000
-0.147460 0.031825 0.000000
0.070567 -0.024314 0.000000
0.278047 -0.016238 0.000000
-0.105009 0.030813 0.000000
-0.111788 0.030994 0.000000
0.284640 0.011708 0.000000
0.094922 0.022770 0.000000
-0.212499 -0.027923 0.000000
0.127107 0.021091 0.000000
-0.320343 0.031630 0.000000
0.463010 -0.006325 0.000000
-0.067679 -0.027516 0.000000
-0.476716 -0.014504 0.000000
0.077857 -0.024089 0.000000
-0.274150 -0.026703 0.000000
-0.131463 0.031480 0.000000
0.099874 -0.023383 0.000000
0.259844 -0.017076 0.000000
-0.330174 0.031273 0.000000
-0.295098 0.032284 0.000000
-0.296847 -0.025975 0.000000
0.384635 -0.010849 0.000000
-0.270982 -0.026793 0.000000
0.110429 -0.023029 0.000000
0.178254 -0.020537 0.000000
-0.145327 0.031781 0.000000
-0.046416 0.028955 0.000000
-0.306759 -0.025614 0.000000
0.039853 0.025427 0.000000
0.037216 -0.025276 0.000000
-0.200421 -0.028047 0.000000
0.290369 0.011332 0.000000
-0.119823 0.031201 0.000000
-0.062568 0.029515 0.000000
0.125210 -0.022517 0.000000
-0.429360 -0.019356 0.000000
-0.359132 -0.023356 0.000000
-0.091342 0.030424 0.000000
-0.272490 0.032613 0.000000
0.394822 0.004063 0.000000
0.013385 -0.025895 0.000000
-0.252222 0.032757 0.000000
0.005333 -0.026091 0.000000
0.030027 -0.025469 0.000000
-0.299277 0.032199 0.000000
-0.007326 -0.026384 0.000000
-0.398661 -0.021291 0.000000
0.153927 -0.021473 0.000000
0.294827 0.011039 0.000000
-0.243038 -0.027450 0.000000
0.247335 0.014095 0.000000
0.342961 0.007774 0.000000
0.304043 -0.015000 0.000000
0.077282 0.023652 0.000000
-0.291548 0.032351 0.000000
0.161408 0.019208 0.000000
0.135219 -0.022161 0.000000
-0.279089 -0.026557 0.000000
0.413882 0.002647 0.000000
0.021758 0.026235 0.000000
0.388581 0.004521 0.000000
0.467084 -0.001467 0.000000
-0.161737 -0.028225 0.000000
-0.157624 0.032019 0.000000
0.203067 0.016798 0.000000
-0.357147 -0.023451 0.000000
0.372835 -0.011487 0.000000
-0.402117 -0.021092 0.000000
0.485367 -0.004938 0.000000
0.474302 -0.002044 0.000000
-0.423272 0.023291 0.000000
0.319844 0.009363 0.000000
0.151413 0.019766 0.000000
0.470570 -0.001745 0.000000
-0.395685 0.026754 0.000000
-0.064189 -0.027463 0.000000
-0.313563 -0.025353 0.000000
0.383599 -0.010905 0.000000
-0.424271 -0.019709 0.000000
0.086391 0.023200 0.000000
0.218088 0.015897 0.000000
0.022211 0.026216 0.000000
0.176879 -0.020591 0.000000
0.047505 -0.024991 0.000000
-0.468460 0.014106 0.000000
-0.232460 -0.027641 0.000000
-0.113234 0.031032 0.000000
0.247907 -0.017613 0.000000
-0.052667 0.029176 0.000000
0.161801 -0.021175 0.000000
-0.497845 -0.008232 0.000000
-0.370559 0.028999 0.000000
-0.397437 -0.021361 0.000000
-0.245532 -0.027401 0.000000
-0.401210 -0.021145 0.000000
-0.086616 0.030283 0.000000
-0.350458 0.030308 0.000000
-0.289178 0.032390 0.000000
0.312708 0.009846 0.000000
0.413249 -0.009256 0.000000
0.147947 0.019958 0.000000
-0.454036 0.017689 0.000000
0.200550 0.016947 0.000000
-0.481290 -0.013686 0.000000
-0.258066 -0.027125 0.000000
-0.355840 -0.023514 0.000000
-0.403808 0.025856 0.000000
0.481672 -0.005170 0.000000
-0.460935 0.016076 0.000000
-0.244563 -0.027420 0.000000
-0.468300 -0.015734 0.000000
-0.057629 0.029347 0.000000
-0.187170 0.032470 0.000000
-0.427896 0.022584 0.000000
0.404567 0.003343 0.000000
0.287168 0.011543 0.000000
0.113555 0.021809 0.000000
-0.374166 0.028721 0.000000
-0.437645 -0.018743 0.000000
0.430962 -0.008236 0.000000
-0.500463 -0.001675 0.000000
-0.178338 0.032354 0.000000
0.456449 -0.006723 0.000000
-0.125313 0.031335 0.000000
0.241738 0.014445 0.000000
0.067560 -0.024405 0.000000
-0.328187 -0.024756 0.000000
0.321614 -0.014136 0.000000
-0.412427 0.024797 0.000000
-0.348524 0.030413 0.000000
0.021179 -0.025699 0.000000
-0.024811 -0.026759 0.000000
-0.289755 0.032381 0.000000
-0.325905 0.031436 0.000000
-0.059165 0.029400 0.000000
-0.367231 -0.022960 0.000000
0.198102 0.017092 0.000000
-0.222596 -0.027793 0.000000
0.220358 -0.018812 0.000000
0.479204 -0.005325 0.000000
-0.348779 -0.023845 0.000000
0.103079 0.022353 0.000000
-0.245044 0.032780 0.000000
0.148121 -0.021689 0.000000
0.415748 0.002507 0.000000
0.344451 -0.012979 0.000000
0.326408 -0.013896 0.000000
-0.458338 0.016703 0.000000
0.482772 -0.002727 0.000000
-0.339082 0.030889 0.000000
0.137906 0.020508 0.000000
-0.074830 0.029917 0.000000
0.422058 -0.008752 0.000000
-0.119989 -0.028090 0.000000
-0.394055 -0.021551 0.000000
-0.459267 0.016482 0.000000
-0.124650 -0.028120 0.000000
-0.491746 0.005544 0.000000
0.491850 -0.004527 0.000000
0.324271 -0.014003 0.000000
0.212247 0.016249 0.000000
-0.249822 -0.027311 0.000000
-0.161771 0.032094 0.000000
0.492075 -0.003485 0.000000
-0.275672 -0.026659 0.000000
-0.117745 0.031148 0.000000
-0.374157 -0.022611 0.000000
0.128284 0.021028 0.000000
-0.489862 0.006489 0.000000
0.320175 0.009341 0.000000
0.011877 0.026662 0.000000
-0.174073 -0.028202 0.000000
-0.168180 0.032201 0.000000
0.377052 -0.011260 0.000000
0.092508 -0.023624 0.000000
-0.052392 0.029166 0.000000
-0.056442 -0.027341 0.000000
0.218135 -0.018906 0.000000
0.204564 -0.019474 0.000000
-0.157226 -0.028225 0.000000
0.483055 -0.002750 0.000000
0.035730 -0.025316 0.000000
-0.398995 0.026399 0.000000
-0.178700 0.032359 0.000000
-0.076327 0.029965 0.000000
-0.150484 -0.028220 0.000000
0.126107 -0.022486 0.000000
0.391441 -0.010476 0.000000
0.020497 0.026290 0.000000
0.153612 -0.021484 0.000000
-0.003167 -0.026290 0.000000
-0.106851 0.030863 0.000000
-0.311222 -0.025443 0.000000
0.267691 0.012805 0.000000
-0.264094 -0.026976 0.000000
0.390222 -0.010543 0.000000
-0.419820 0.023792 0.000000
-0.246674 0.032776 0.000000
-0.333552 -0.024527 0.000000
-0.366546 0.029292 0.000000
0.150896 -0.021586 0.000000
-0.369853 -0.022829 0.000000
-0.311812 -0.025421 0.000000
0.385232 0.004765 0.000000
-0.019584 0.027950 0.000000
0.390136 0.004407 0.000000
0.205426 -0.019439 0.000000
-0.135952 -0.028178 0.000000
0.115234 -0.022864 0.000000
0.164598 -0.021068 0.000000
-0.412002 -0.020501 0.000000
0.327333 -0.013850 0.000000
-0.396240 0.026696 0.000000
0.340190 0.007967 0.000000
-0.152171 0.031917 0.000000
0.325577 0.008973 0.000000
-0.121134 -0.028098 0.000000
0.416107 0.002480 0.000000
-0.439108 -0.018629 0.000000
0.001982 -0.026170 0.000000
0.364539 0.006255 0.000000
-0.388743 -0.021843 0.000000
-0.050227 0.029090 0.000000
-0.146195 -0.028211 0.000000
-0.128909 -0.028144 0.000000
0.418275 -0.008969 0.000000
-0.406471 -0.020836 0.000000
0.208824 -0.019297 0.000000
-0.035732 0.028565 0.000000
-0.252557 -0.027252 0.000000
-0.137518 0.031616 0.000000
0.373623 0.005605 0.000000
-0.024781 0.028152 0.000000
-0.366474 -0.022998 0.000000
-0.279527 -0.026544 0.000000
-0.006686 0.027435 0.000000
0.129773 -0.022356 0.000000
-0.413803 0.024616 0.000000
0.139199 0.020438 0.000000
-0.464378 -0.016221 0.000000
0.456514 -0.000630 0.000000
-0.488179 0.007271 0.000000
0.062152 -0.024566 0.000000
-0.231933 0.032783 0.000000
0.176647 -0.020600 0.000000
0.203891 0.016749 0.000000
-0.211795 0.032702 0.000000
0.263566 -0.016907 0.000000
0.130203 0.020925 0.000000
-0.012432 -0.026497 0.000000
0.448949 -0.000037 0.000000
-0.383934 0.027898 0.000000
0.475851 -0.002168 0.000000
-0.489804 -0.011665 0.000000
0.409127 -0.009489 0.000000
-0.390710 -0.021736 0.000000
-0.155339 -0.028225 0.000000
0.156900 -0.021361 0.000000
0.141347 -0.021939 0.000000
0.317482 0.009523 0.000000
0.066060 0.024198 0.000000
0.450742 -0.000177 0.000000
-0.002950 -0.026285 0.000000
0.187550 0.017711 0.000000
-0.381095 -0.022252 0.000000
0.459259 -0.006553 0.000000
0.068953 -0.024363 0.000000
0.415330 -0.009137 0.000000
-0.338339 0.030923 0.000000
0.255226 0.013599 0.000000
-0.176258 0.032324 0.000000
0.222811 0.015610 0.000000
0.306451 0.010266 0.000000
-0.316146 -0.025250 0.000000
-0.469092 -0.015630 0.000000
-0.013875 -0.026528 0.000000
-0.237068 -0.027562 0.000000
-0.257333 0.032733 0.000000
-0.484809 -0.012950 0.000000
-0.357317 -0.023443 0.000000
0.392096 -0.010440 0.000000
0.281707 0.011899 0.000000
0.484816 -0.004973 0.000000
-0.276358 -0.026639 0.000000
0.450149 -0.007103 0.000000
0.420671 0.002135 0.000000
-0.062476 -0.027437 0.000000
-0.228164 0.032775 0.000000
0.354626 -0.012451 0.000000
0.145358 0.020101 0.000000
-0.375306 -0.022552 0.000000
-0.362523 -0.023192 0.000000
-0.325484 -0.024870 0.000000
-0.404834 -0.020933 0.000000
0.091122 -0.023669 0.000000
0.381923 0.005006 0.000000
-0.442192 0.020116 0.000000
-0.045617 -0.027156 0.000000
0.100215 0.022500 0.000000
-0.096217 -0.027881 0.000000
0.274491 0.012367 0.000000
0.462990 -0.001141 0.000000
0.320764 -0.014178 0.000000
0.261860 0.013178 0.000000
-0.444101 0.019751 0.000000
-0.229108 -0.027696 0.000000
0.107677 -0.023122 0.000000
-0.144383 0.031762 0.000000
-0.455527 -0.017182 0.000000
-0.345859 -0.023979 0.000000
0.013130 -0.025902 0.000000
-0.225667 0.032769 0.000000
-0.297214 0.032243 0.000000
-0.167314 0.032187 0.000000
-0.375985 0.028578 0.000000
-0.058685 -0.027377 0.000000
0.340083 0.007974 0.000000
0.296167 0.010950 0.000000
-0.435847 0.021267 0.000000
0.119930 -0.022702 0.000000
0.458899 -0.000818 0.000000
-0.439126 -0.018628 0.000000
0.075076 0.023760 0.000000
0.297730 -0.015305 0.000000
0.399807 0.003696 0.000000
0.101296 0.022444 0.000000
0.478724 -0.002399 0.000000
0.308886 0.010103 0.000000
-0.035384 0.028552 0.000000
-0.295859 0.032270 0.000000
0.155978 -0.021396 0.000000
0.484709 -0.004979 0.000000
0.246291 0.014161 0.000000
0.088243 0.023107 0.000000
0.126037 0.021148 0.000000
0.449350 -0.000069 0.000000
-0.001907 -0.026261 0.000000
-0.471597 0.013207 0.000000
0.181438 0.018065 0.000000
-0.370838 0.028978 0.000000
0.453182 -0.000368 0.000000
0.344690 0.007654 0.000000
-0.222490 -0.027794 0.000000
0.457781 -0.006643 0.000000
-0.476341 -0.014566 0.000000
0.114922 -0.022875 0.000000
0.482269 -0.005133 0.000000
0.474100 -0.002027 0.000000
-0.401401 0.026132 0.000000
-0.038190 0.028656 0.000000
0.222226 -0.018732 0.000000
-0.084936 -0.027751 0.000000
0.060768 0.024451 0.000000
0.382823 0.004940 0.000000
0.032170 -0.025412 0.000000
0.371199 0.005779 0.000000
0.002576 0.027054 0.000000
-0.028669 0.028300 0.000000
0.376333 -0.011299 0.000000
0.164780 0.019018 0.000000
-0.265931 0.032673 0.000000
0.491453 -0.003434 0.000000
0.047010 -0.025005 0.000000
0.365083 -0.011901 0.000000
0.097421 0.022643 0.000000
0.264449 -0.016866 0.000000
0.134375 0.020700 0.000000
0.066689 -0.024431 0.000000
0.467508 -0.001500 0.000000
-0.182569 0.032411 0.000000
0.204145 -0.019492 0.000000
-0.483725 -0.013188 0.000000
-0.495504 -0.009554 0.000000
0.478689 -0.002397 0.000000
-0.459406 -0.016782 0.000000
0.092291 0.022903 0.000000
0.223350 -0.018684 0.000000
-0.428820 0.022438 0.000000
-0.435807 0.021274 0.000000
0.340379 0.007954 0.000000
0.484506 -0.004992 0.000000
-0.392071 0.027125 0.000000
-0.159086 -0.028225 0.000000
0.027602 0.025978 0.000000
-0.353142 -0.023641 0.000000
0.365474 0.006188 0.000000
-0.199194 -0.028057 0.000000
-0.345330 -0.024003 0.000000
0.481532 -0.002626 0.000000
0.198351 -0.019730 0.000000
0.275628 0.012294 0.000000
-0.105793 0.030834 0.000000
0.319728 0.009371 0.000000
-0.472913 -0.015096 0.000000
0.487390 -0.003102 0.000000
0.397116 0.003894 0.000000
0.365810 -0.011862 0.000000
0.224445 0.015510 0.000000
-0.339899 0.030850 0.000000
-0.092935 -0.027845 0.000000
0.043487 0.025260 0.000000
0.361518 0.006470 0.000000
0.059577 -0.024643 0.000000
0.340774 -0.013168 0.000000
0.012813 -0.025909 0.000000
-0.122528 0.031267 0.000000
0.453044 -0.000357 0.000000
0.498895 -0.004046 0.000000
-0.031161 -0.026886 0.000000
-0.321567 0.031590 0.000000
-0.231271 -0.027661 0.000000
-0.061641 -0.027424 0.000000
0.110331 0.021977 0.000000
-0.429765 0.022286 0.000000
-0.191147 0.032517 0.000000
0.158330 0.019381 0.000000
0.280032 -0.016145 0.000000
0.075773 0.023726 0.000000
0.005565 -0.026085 0.000000
0.087913 -0.023772 0.000000
-0.040655 -0.027066 0.000000
0.330748 0.008618 0.000000
0.154977 0.019568 0.000000
-0.418423 -0.020095 0.000000
0.427182 -0.008456 0.000000
0.002535 0.027056 0.000000
0.428003 0.001578 0.000000
-0.241302 0.032785 0.000000
0.251129 0.013857 0.000000
-0.441902 -0.018406 0.000000
-0.413100 -0.020433 0.000000
0.285269 -0.015899 0.000000
-0.331124 0.031234 0.000000
-0.094359 -0.027860 0.000000
0.447314 -0.007272 0.000000
-0.236044 -0.027580 0.000000
-0.068091 -0.027522 0.000000
-0.135751 0.031577 0.000000
-0.103449 0.030770 0.000000
0.443638 -0.007491 0.000000
-0.033985 0.028500 0.000000
-0.199827 0.032606 0.000000
0.061634 -0.024582 0.000000
-0.319583 0.031655 0.000000
-0.000717 -0.026233 0.000000
0.006839 -0.026055 0.000000
-0.007719 -0.026393 0.000000
0.393882 -0.010341 0.000000
0.159615 -0.021258 0.000000
0.194619 0.017297 0.000000
0.203013 -0.019538 0.000000
0.021710 -0.025686 0.000000
-0.413986 -0.020377 0.000000
0.092182 0.022909 0.000000
0.460202 -0.000921 0.000000
-0.139803 -0.028193 0.000000
0.001706 0.027091 0.000000
0.125930 0.021154 0.000000
0.161343 0.019212 0.000000
0.119623 0.021489 0.000000
0.135300 -0.022158 0.000000
0.110938 -0.023011 0.000000
-0.190730 0.032512 0.000000
-0.081985 0.030142 0.000000
-0.429626 0.022308 0.000000
0.087084 0.023165 0.000000
-0.417314 0.024143 0.000000
0.322350 0.009193 0.000000
0.065891 0.024206 0.000000
0.011297 0.026687 0.000000
0.173558 0.018518 0.000000
0.336868 0.008197 0.000000
-0.104931 -0.027968 0.000000
-0.134896 -0.028174 0.000000
-0.112758 0.031020 0.000000
-0.103311 0.030766 0.000000
-0.004271 0.027337 0.000000
0.062779 -0.024548 0.000000
0.047422 0.025079 0.000000
-0.141963 -0.028200 0.000000
-0.181924 -0.028171 0.000000
-0.284219 0.032468 0.000000
-0.041004 0.028759 0.000000
0.363396 -0.011990 0.000000
0.010506 0.026721 0.000000
-0.130662 0.031461 0.000000
0.421601 -0.008778 0.000000
-0.369870 0.029051 0.000000
-0.251580 -0.027274 0.000000
-0.461547 -0.016548 0.000000
-0.120854 -0.028096 0.000000
-0.019977 0.027965 0.000000
0.284274 0.011732 0.000000
0.332984 0.008465 0.000000
-0.352021 0.030219 0.000000
0.439014 0.000734 0.000000
0.109403 -0.023063 0.000000
0.016493 -0.025818 0.000000
0.463222 -0.006312 0.000000
0.462209 -0.006374 0.000000
0.162793 -0.021137 0.000000
-0.435784 -0.018886 0.000000
0.394077 0.004118 0.000000
-0.410487 -0.020594 0.000000
-0.246534 0.032776 0.000000
0.322926 -0.014071 0.000000
0.261694 0.013188 0.000000
-0.435976 0.021245 0.000000
-0.313328 0.031848 0.000000
-0.393107 0.027020 0.000000
0.150152 -0.021614 0.000000
-0.065299 0.029607 0.000000
0.135821 0.020622 0.000000
-0.175352 -0.028198 0.000000
-0.345010 -0.024017 0.000000
0.134265 0.020706 0.000000
0.495614 -0.004287 0.000000
0.467467 -0.001497 0.000000
-0.107127 -0.027988 0.000000
-0.016134 0.027814 0.000000
-0.321414 0.031595 0.000000
-0.224197 -0.027770 0.000000
0.477676 -0.005420 0.000000
0.380070 -0.011097 0.000000
-0.253846 0.032750 0.000000
-0.249086 -0.027327 0.000000
0.263875 0.013049 0.000000
0.348272 -0.012782 0.000000
-0.201007 -0.028042 0.000000
0.498455 -0.004105 0.000000
-0.349555 -0.023809 0.000000
0.341604 -0.013125 0.000000
-0.319879 0.031645 0.000000
0.489821 -0.004656 0.000000
0.195725 -0.019837 0.000000
-0.146670 -0.028212 0.000000
0.027339 -0.025540 0.000000
-0.225437 0.032768 0.000000
-0.381830 0.028085 0.000000
-0.403464 -0.021014 0.000000
-0.327376 0.031380 0.000000
-0.188582 -0.028135 0.000000
0.410269 -0.009425 0.000000
-0.163995 0.032131 0.000000
0.233651 -0.018240 0.000000
0.187014 0.017742 0.000000
-0.135559 0.031572 0.000000
0.011454 0.026680 0.000000
-0.494169 -0.010148 0.000000
-0.286616 -0.026321 0.000000
0.249066 -0.017561 0.000000
0.402933 -0.009837 0.000000
-0.345208 0.030588 0.000000
0.438152 0.000800 0.000000
-0.083080 -0.027727 0.000000
-0.130768 -0.028155 0.000000
0.352352 0.007117 0.000000
-0.039961 -0.027053 0.000000
0.490862 -0.004590 0.000000
0.082126 0.023412 0.000000
0.357414 0.006761 0.000000
-0.035254 0.028548 0.000000
-0.073112 0.029862 0.000000
-0.459509 0.016423 0.000000
-0.196232 -0.028081 0.000000
0.483082 -0.005082 0.000000
-0.227456 -0.027723 0.000000
0.182718 0.017991 0.000000
0.246755 -0.017664 0.000000
-0.459666 0.016385 0.000000
0.284803 -0.015921 0.000000
0.195256 0.017259 0.000000
-0.009275 -0.026428 0.000000
0.426883 0.001664 0.000000
0.254154 0.013666 0.000000
0.123951 -0.022562 0.000000
0.487507 -0.004803 0.000000
0.250902 -0.017479 0.000000
0.077460 -0.024102 0.000000
-0.428936 -0.019386 0.000000
0.151317 0.019772 0.000000
0.006558 0.026888 0.000000
-0.149298 -0.028218 0.000000
0.060198 0.024478 0.000000
0.251138 -0.017468 0.000000
0.312901 -0.014567 0.000000
0.373000 -0.011478 0.000000
-0.061843 0.029491 0.000000
0.131159 0.020873 0.000000
-0.064575 0.029582 0.000000
-0.256696 -0.027157 0.000000
0.259868 0.013304 0.000000
0.002751 -0.026152 0.000000
0.490142 -0.004636 0.000000
-0.049544 -0.027224 0.000000
0.481814 -0.005161 0.000000
-0.230996 0.032782 0.000000
-0.346582 -0.023946 0.000000
-0.321563 -0.025032 0.000000
0.228227 0.015279 0.000000
0.434926 0.001049 0.000000
0.297689 0.010849 0.000000
0.478507 -0.005368 0.000000
0.458303 -0.006611 0.000000
0.411335 0.002838 0.000000
0.051528 0.024887 0.000000
-0.100009 -0.027920 0.000000
-0.486218 -0.012621 0.000000
-0.172389 -0.028206 0.000000
-0.362586 0.029565 0.000000
0.487451 -0.004806 0.000000
-0.335157 -0.024457 0.000000
0.359099 0.006641 0.000000
-0.309243 -0.025520 0.000000
0.390779 -0.010512 0.000000
-0.190575 0.032510 0.000000
-0.285369 -0.026361 0.000000
0.430337 0.001400 0.000000
-0.492944 -0.010628 0.000000
0.140121 -0.021983 0.000000
0.454496 -0.000471 0.000000
0.122005 -0.022630 0.000000
0.235893 -0.018142 0.000000
-0.495384 0.003414 0.000000
0.169873 0.018729 0.000000
0.079637 0.023536 0.000000
0.074604 -0.024190 0.000000
-0.369465 0.029081 0.000000
0.190671 -0.020042 0.000000
0.245612 0.014203 0.000000
0.151302 0.019772 0.000000
-0.451502 -0.017571 0.000000
-0.231599 -0.027655 0.000000
0.267308 -0.016735 0.000000
-0.444704 0.019635 0.000000
-0.410087 -0.020618 0.000000
-0.095313 -0.027871 0.000000
-0.133670 -0.028168 0.000000
-0.305097 -0.025676 0.000000
-0.396994 0.026616 0.000000
0.277996 0.012140 0.000000
-0.404865 -0.020931 0.000000
-0.244937 0.032780 0.000000
0.103126 -0.023275 0.000000
0.154799 -0.021440 0.000000
-0.468494 0.014097 0.000000
-0.177711 0.032345 0.000000
0.045385 -0.025050 0.000000
-0.054730 -0.027312 0.000000
0.265500 -0.016818 0.000000
-0.100871 0.030698 0.000000
-0.105555 -0.027973 0.000000
0.086309 0.023204 0.000000
0.151046 0.019787 0.000000
0.088881 0.023075 0.000000
-0.419769 0.023799 0.000000
-0.198466 0.032594 0.000000
0.341566 -0.013127 0.000000
0.034414 0.025673 0.000000
-0.374819 0.028670 0.000000
0.394323 -0.010317 0.000000
-0.145586 0.031786 0.000000
-0.144825 -0.028208 0.000000
0.224360 -0.018641 0.000000
-0.472122 -0.015211 0.000000
-0.477875 0.011234 0.000000
0.487295 -0.003094 0.000000
0.364730 0.006242 0.000000
-0.479641 -0.013997 0.000000
0.319246 0.009404 0.000000
0.414536 -0.009182 0.000000
0.135999 0.020612 0.000000
-0.009823 -0.026440 0.000000
-0.038037 0.028650 0.000000
-0.230687 0.032782 0.000000
0.449857 -0.000108 0.000000
-0.168175 0.032201 0.000000
-0.454689 -0.017266 0.000000
-0.233187 -0.027630 0.000000
0.084488 -0.023881 0.000000
-0.041734 -0.027086 0.000000
0.156155 -0.021389 0.000000
-0.082963 -0.027726 0.000000
0.028444 0.025940 0.000000
0.012662 0.026629 0.000000
0.328960 0.008741 0.000000
-0.337858 0.030944 0.000000
-0.398109 -0.021323 0.000000
0.052969 -0.024835 0.000000
-0.342777 -0.024119 0.000000
-0.265020 -0.026953 0.000000
-0.469699 0.013757 0.000000
0.355931 0.006865 0.000000
-0.245040 0.032780 0.000000
-0.500352 -0.001445 0.000000
-0.169078 0.032215 0.000000
0.405602 -0.009688 0.000000
-0.367764 0.029204 0.000000
0.370867 0.005803 0.000000
-0.076457 0.029969 0.000000
-0.037068 -0.026999 0.000000
-0.307256 -0.025595 0.000000
-0.289405 -0.026230 0.000000
-0.134515 -0.028172 0.000000
0.246340 -0.017682 0.000000
-0.079992 0.030080 0.000000
0.479102 -0.002430 0.000000
-0.155832 -0.028225 0.000000
-0.280091 -0.026527 0.000000
0.245853 -0.017704 0.000000
0.220858 0.015729 0.000000
-0.176226 -0.028194 0.000000
0.339728 -0.013222 0.000000
-0.235191 -0.027595 0.000000
-0.287582 0.032416 0.000000
-0.453683 -0.017363 0.000000
0.268102 -0.016699 0.000000
0.457760 -0.006644 0.000000
-0.211947 -0.027929 0.000000
0.223082 -0.018696 0.000000
-0.241527 0.032785 0.000000
0.005952 0.026913 0.000000
-0.493502 0.004578 0.000000
-0.330564 -0.024655 0.000000
-0.070815 0.029788 0.000000
-0.191560 0.032521 0.000000
-0.139125 0.031651 0.000000
0.158678 -0.021293 0.000000
0.376146 -0.011309 0.000000
-0.221818 0.032755 0.000000
0.374921 0.005512 0.000000
0.262019 0.013168 0.000000
-0.221618 0.032754 0.000000
0.396717 -0.010184 0.000000
0.272040 -0.016517 0.000000
0.397309 0.003880 0.000000
-0.486890 0.007836 0.000000
0.476476 -0.005495 0.000000
0.398702 -0.010074 0.000000
0.322652 0.009172 0.000000
-0.484909 -0.012927 0.000000
-0.042410 0.028810 0.000000
0.079485 0.023543 0.000000
0.185971 0.017803 0.000000
0.225000 -0.018614 0.000000
-0.297727 0.032232 0.000000
-0.044996 -0.027145 0.000000
-0.411639 0.024898 0.000000
0.171782 -0.020790 0.000000
-0.079164 -0.027677 0.000000
0.191552 0.017477 0.000000
-0.295839 0.032270 0.000000
-0.374568 -0.022590 0.000000
0.403611 -0.009799 0.000000
-0.275307 0.032583 0.000000
-0.023732 0.028111 0.000000
-0.082841 -0.027724 0.000000
0.124086 0.021252 0.000000
-0.486599 -0.012528 0.000000
0.025523 0.026070 0.000000
-0.279893 -0.026533 0.000000
-0.381149 0.028144 0.000000
-0.356340 -0.023490 0.000000
-0.242876 -0.027453 0.000000
-0.290469 0.032369 0.000000
0.192750 0.017407 0.000000
-0.235975 0.032787 0.000000
0.284779 -0.015922 0.000000
0.219323 -0.018856 0.000000
-0.093252 -0.027848 0.000000
0.085735 0.023232 0.000000
-0.215239 -0.027890 0.000000
0.160080 0.019282 0.000000
-0.050253 -0.027237 0.000000
-0.244640 0.032781 0.000000
0.166050 0.018946 0.000000
-0.090012 0.030384 0.000000
-0.270897 -0.026795 0.000000
0.445659 0.000219 0.000000
-0.351342 -0.023726 0.000000
-0.389326 0.027395 0.000000
0.158964 -0.021283 0.000000
-0.465950 0.014791 0.000000
-0.394409 0.026887 0.000000
-0.081329 0.030122 0.000000
0.072563 0.023883 0.000000
0.220293 -0.018814 0.000000
0.292511 -0.015555 0.000000
0.419704 0.002208 0.000000
0.321179 0.009272 0.000000
-0.248434 0.032771 0.000000
-0.228793 -0.027701 0.000000
-0.291760 -0.026150 0.000000
0.372768 -0.011491 0.000000
0.265795 -0.016805 0.000000
0.461893 -0.001054 0.000000
-0.105491 -0.027973 0.000000
0.397162 0.003891 0.000000
0.153601 -0.021485 0.000000
0.302756 0.010512 0.000000
0.310221 0.010013 0.000000
0.453670 -0.006891 0.000000
-0.202082 0.032626 0.000000
-0.461012 0.016057 0.000000
0.219069 -0.018866 0.000000
0.403589 0.003415 0.000000
0.434658 -0.008020 0.000000
-0.011907 -0.026486 0.000000
0.465761 -0.006157 0.000000
-0.009069 -0.026423 0.000000
0.032527 -0.025403 0.000000
0.116601 -0.022817 0.000000
0.050044 -0.024919 0.000000
-0.395564 -0.021466 0.000000
-0.051614 -0.027260 0.000000
0.419477 0.002225 0.000000
0.059294 -0.024651 0.000000
0.430121 -0.008285 0.000000
0.290759 0.011307 0.000000
0.443223 -0.007515 0.000000
-0.182604 0.032412 0.000000
0.345261 -0.012937 0.000000
0.363675 -0.011975 0.000000
-0.486892 -0.012455 0.000000
0.388874 -0.010617 0.000000
-0.422129 -0.019852 0.000000
-0.151799 -0.028221 0.000000
0.088686 -0.023747 0.000000
-0.154968 -0.028225 0.000000
-0.004354 0.027341 0.000000
0.006053 -0.026074 0.000000
0.313243 -0.014551 0.000000
-0.045868 -0.027160 0.000000
0.062531 0.024367 0.000000
0.104545 0.022277 0.000000
-0.361919 -0.023221 0.000000
0.081235 0.023456 0.000000
0.344954 0.007635 0.000000
-0.009882 0.027565 0.000000
0.193736 0.017349 0.000000
0.374377 0.005551 0.000000
0.358508 0.006683 0.000000
-0.149544 -0.028219 0.000000
-0.385309 -0.022028 0.000000
0.052331 0.024850 0.000000
-0.390322 -0.021757 0.000000
0.285788 0.011633 0.000000
-0.386058 0.027704 0.000000
0.283134 0.011806 0.000000
-0.416005 0.024322 0.000000
-0.255013 0.032745 0.000000
-0.194826 0.032556 0.000000
0.030099 -0.025467 0.000000
-0.061376 -0.027420 0.000000
-0.055939 -0.027332 0.000000
0.054917 0.024728 0.000000
-0.477652 0.011309 0.000000
-0.444689 -0.018174 0.000000
-0.337795 -0.024341 0.000000
0.426130 0.001721 0.000000
-0.455739 0.017307 0.000000
0.178443 -0.020529 0.000000
-0.096507 -0.027884 0.000000
0.181414 0.018067 0.000000
-0.032466 -0.026911 0.000000
0.088684 0.023085 0.000000
-0.161797 -0.028225 0.000000
0.003823 -0.026127 0.000000
0.283740 0.011767 0.000000
0.453495 -0.000393 0.000000
0.437154 0.000877 0.000000
-0.393207 -0.021598 0.000000
-0.090921 0.030412 0.000000
-0.228239 -0.027710 0.000000
-0.054957 0.029256 0.000000
0.488271 -0.003174 0.000000
-0.090500 -0.027818 0.000000
-0.008267 -0.026405 0.000000
0.021623 0.026241 0.000000
0.170140 -0.020854 0.000000
-0.420013 0.023764 0.000000
0.469474 -0.005929 0.000000
-0.234737 0.032786 0.000000
0.019917 0.026316 0.000000
-0.363076 -0.023165 0.000000
-0.270121 0.032636 0.000000
0.426726 -0.008482 0.000000
-0.368228 -0.022910 0.000000
0.078165 -0.024080 0.000000
0.022259 0.026213 0.000000
0.333881 -0.013519 0.000000
0.275890 0.012277 0.000000
0.206839 0.016573 0.000000
-0.134879 0.031557 0.000000
0.098734 0.022576 0.000000
-0.140082 -0.028194 0.000000
-0.459676 -0.016753 0.000000
-0.009677 0.027557 0.000000
-0.302671 0.032124 0.000000
-0.424607 -0.019686 0.000000
0.431954 0.001277 0.000000
-0.393500 0.026980 0.000000
0.093478 0.022843 0.000000
0.438989 0.000736 0.000000
-0.411431 0.024925 0.000000
-0.064914 0.029594 0.000000
-0.125426 0.031338 0.000000
-0.095272 -0.027871 0.000000
-0.404546 0.025770 0.000000
-0.196282 -0.028080 0.000000
-0.392824 -0.021619 0.000000
0.427730 -0.008424 0.000000
0.438658 0.000761 0.000000
-0.129936 -0.028150 0.000000
-0.175841 -0.028196 0.000000
0.346112 -0.012893 0.000000
0.004886 -0.026102 0.000000
-0.059797 -0.027394 0.000000
-0.328658 -0.024736 0.000000
-0.474236 -0.014898 0.000000
0.432793 -0.008129 0.000000
0.039718 0.025433 0.000000
0.408056 0.003083 0.000000
0.278603 0.012101 0.000000
-0.022979 -0.026721 0.000000
-0.076949 -0.027647 0.000000
0.182443 0.018007 0.000000
-0.255198 -0.027193 0.000000
0.469289 -0.001642 0.000000
0.375843 -0.011325 0.000000
-0.458837 -0.016842 0.000000
0.480069 -0.005271 0.000000
0.415763 0.002506 0.000000
-0.110122 -0.028014 0.000000
0.269774 -0.016622 0.000000
0.438917 0.000741 0.000000
-0.388609 -0.021850 0.000000
0.453594 -0.006896 0.000000
0.460527 -0.006476 0.000000
0.313776 0.009774 0.000000
-0.278143 0.032549 0.000000
-0.045609 -0.027156 0.000000
-0.182672 -0.028167 0.000000
-0.401418 0.026130 0.000000
-0.217097 -0.027866 0.000000
-0.037820 0.028642 0.000000
0.478416 -0.005374 0.000000
0.222388 -0.018725 0.000000
0.076699 -0.024125 0.000000
-0.405795 0.025622 0.000000
-0.169916 0.032228 0.000000
-0.221005 -0.027816 0.000000
-0.398826 0.026418 0.000000
-0.350309 0.030316 0.000000
0.129517 -0.022365 0.000000
0.325035 0.009010 0.000000
-0.249157 -0.027326 0.000000
0.237558 -0.018070 0.000000
-0.310413 0.031930 0.000000
0.377005 -0.011263 0.000000
-0.025615 -0.026775 0.000000
-0.426776 0.022759 0.000000
-0.062308 0.029506 0.000000
0.383795 -0.010895 0.000000
-0.119304 -0.028086 0.000000
-0.002390 0.027260 0.000000
0.163310 0.019101 0.000000
0.022249 -0.025672 0.000000
-0.354773 0.030060 0.000000
0.405968 -0.009667 0.000000
-0.148940 0.031855 0.000000
0.362860 -0.012018 0.000000
0.054536 0.024746 0.000000
0.478645 -0.002393 0.000000
-0.369189 0.029102 0.000000
-0.209463 0.032685 0.000000
-0.322852 0.031544 0.000000
0.428577 0.001535 0.000000
-0.471312 -0.015327 0.000000
0.238057 0.014673 0.000000
-0.343749 0.030663 0.000000
0.343638 -0.013021 0.000000
0.494313 -0.003668 0.000000
0.443996 -0.007470 0.000000
-0.498506 0.000949 0.000000
-0.339091 0.030888 0.000000
0.193160 -0.019941 0.000000
-0.469947 -0.015515 0.000000
-0.448927 0.018785 0.000000
-0.346993 0.030497 0.000000
0.136982 -0.022097 0.000000
0.202636 -0.019554 0.000000
0.093408 0.022847 0.000000
0.364132 0.006284 0.000000
0.264679 -0.016856 0.000000
-0.058772 0.029387 0.000000
-0.328074 -0.024761 0.000000
0.038525 0.025487 0.000000
0.014462 0.026552 0.000000
0.146575 0.020034 0.000000
0.265310 -0.016827 0.000000
0.387707 0.004585 0.000000
0.047877 0.025058 0.000000
0.495243 -0.003745 0.000000
0.410461 -0.009414 0.000000
0.358417 0.006690 0.000000
-0.169765 0.032226 0.000000
0.271308 -0.016551 0.000000
0.402969 -0.009835 0.000000
0.492876 -0.003551 0.000000
0.304528 0.010394 0.000000
-0.160564 -0.028225 0.000000
0.017691 0.026412 0.000000
-0.202407 -0.028028 0.000000
0.071349 0.023942 0.000000
-0.235874 0.032787 0.000000
0.195731 -0.019837 0.000000
-0.146998 0.031815 0.000000
0.189993 0.017568 0.000000
-0.084602 0.030222 0.000000
0.200555 0.016947 0.000000
-0.119428 0.031191 0.000000
-0.072823 0.029853 0.000000
-0.295530 0.032276 0.000000
0.358407 0.006690 0.000000
-0.341233 -0.024188 0.000000
-0.422252 -0.019844 0.000000
-0.481459 0.009981 0.000000
-0.430663 0.022141 0.000000
0.289833 0.011368 0.000000
-0.010270 0.027581 0.000000
0.065991 0.024201 0.000000
0.212871 0.016212 0.000000
0.034865 0.025653 0.000000
-0.344980 0.030600 0.000000
-0.429658 0.022303 0.000000
-0.054505 -0.027308 0.000000
-0.066366 0.029642 0.000000
0.464490 -0.006234 0.000000
0.235196 0.014851 0.000000
0.225437 -0.018595 0.000000
0.356584 0.006819 0.000000
0.051337 -0.024882 0.000000
0.032927 -0.025392 0.000000
0.104803 0.022264 0.000000
0.069754 -0.024338 0.000000
0.016573 0.026461 0.000000
0.186057 0.017798 0.000000
-0.367776 -0.022933 0.000000
-0.398280 0.026477 0.000000
-0.431387 -0.019211 0.000000
-0.346162 0.030539 0.000000
-0.472668 -0.015133 0.000000
0.485372 -0.004938 0.000000
-0.173708 0.032287 0.000000
0.126835 0.021106 0.000000
0.019691 -0.025737 0.000000
0.097839 0.022621 0.000000
0.072025 0.023909 0.000000
0.234351 -0.018210 0.000000
0.016407 -0.025820 0.000000
-0.371081 0.028960 0.000000
-0.439695 0.020581 0.000000
0.300303 -0.015181 0.000000
-0.244336 -0.027425 0.000000
-0.116668 0.031121 0.000000
0.054577 0.024745 0.000000
0.167241 0.018878 0.000000
0.026002 -0.025575 0.000000
-0.299865 -0.025868 0.000000
0.421007 -0.008812 0.000000
0.429207 -0.008338 0.000000
-0.161968 0.032097 0.000000
-0.284807 -0.026379 0.000000
-0.345394 -0.024000 0.000000
-0.019165 -0.026641 0.000000
0.238620 -0.018023 0.000000
0.003608 -0.026132 0.000000
0.261691 0.013188 0.000000
0.060037 -0.024629 0.000000
0.459562 -0.000870 0.000000
0.181536 -0.020407 0.000000
0.096669 0.022681 0.000000
0.206422 -0.019397 0.000000
0.002603 -0.026156 0.000000
-0.456461 0.017141 0.000000
0.334528 -0.013487 0.000000
-0.153812 -0.028223 0.000000
0.358089 0.006713 0.000000
-0.165209 -0.028221 0.000000
0.038230 -0.025248 0.000000
-0.340086 0.030841 0.000000
0.362632 -0.012030 0.000000
-0.363997 0.029469 0.000000
0.058392 -0.024677 0.000000
-0.023796 -0.026738 0.000000
-0.389919 -0.021779 0.000000
0.034996 0.025647 0.000000
0.375536 0.005467 0.000000
0.250995 0.013866 0.000000
-0.165596 -0.028220 0.000000
0.113546 -0.022922 0.000000
-0.044144 0.028873 0.000000
-0.055169 -0.027319 0.000000
-0.295813 0.032271 0.000000
0.276564 0.012233 0.000000
0.335806 0.008270 0.000000
0.341073 0.007905 0.000000
-0.021603 -0.026692 0.000000
-0.357266 0.029907 0.000000
0.396679 -0.010186 0.000000
0.203909 0.016748 0.000000
0.147442 0.019986 0.000000
-0.208922 -0.027963 0.000000
0.026802 0.026013 0.000000
-0.182185 0.032406 0.000000
0.028381 -0.025513 0.000000
0.139536 0.020420 0.000000
-0.401740 0.026094 0.000000
0.305649 -0.014922 0.000000
0.296225 0.010946 0.000000
-0.182405 -0.028169 0.000000
-0.295412 0.032278 0.000000
-0.182149 -0.028170 0.000000
0.066394 -0.024440 0.000000
-0.499010 0.000428 0.000000
-0.162830 -0.028224 0.000000
0.024074 0.026134 0.000000
-0.037642 -0.027010 0.000000
0.020984 0.026269 0.000000
-0.091203 0.030420 0.000000
-0.118449 -0.028079 0.000000
-0.472205 0.013027 0.000000
-0.344448 0.030627 0.000000
-0.361902 -0.023222 0.000000
0.281746 -0.016065 0.000000
-0.004802 0.027359 0.000000
0.453187 -0.006920 0.000000
0.186987 0.017743 0.000000
-0.251805 0.032759 0.000000
0.451259 -0.000218 0.000000
0.018180 0.026391 0.000000
0.480532 -0.005242 0.000000
-0.157392 0.032015 0.000000
-0.482538 0.009581 0.000000
-0.268485 0.032652 0.000000
-0.385201 0.027784 0.000000
0.003986 -0.026123 0.000000
0.470522 -0.001741 0.000000
-0.340602 0.030816 0.000000
-0.077181 -0.027650 0.000000
-0.382607 0.028017 0.000000
0.323389 -0.014048 0.000000
0.231564 -0.018331 0.000000
-0.204380 0.032647 0.000000
-0.275635 0.032579 0.000000
0.427553 0.001613 0.000000
0.070227 -0.024324 0.000000
-0.383013 0.027980 0.000000
0.011712 -0.025936 0.000000
0.076741 0.023678 0.000000
0.036051 -0.025308 0.000000
0.352379 0.007115 0.000000
-0.426832 -0.019533 0.000000
-0.299458 0.032195 0.000000
-0.445136 0.019549 0.000000
-0.360791 -0.023276 0.000000
-0.222898 0.032759 0.000000
0.331378 -0.013646 0.000000
-0.390560 -0.021744 0.000000
0.414026 0.002636 0.000000
-0.249673 -0.027315 0.000000
0.212265 0.016248 0.000000
-0.032195 0.028433 0.000000
0.225190 0.015465 0.000000
-0.361490 -0.023242 0.000000
0.349571 0.007313 0.000000
-0.498928 -0.007401 0.000000
-0.382129 0.028059 0.000000
-0.492885 -0.010650 0.000000
-0.308265 -0.025557 0.000000
0.231524 -0.018332 0.000000
0.289432 -0.015702 0.000000
0.452165 -0.006982 0.000000
0.023567 -0.025638 0.000000
-0.434186 0.021553 0.000000
0.246248 -0.017686 0.000000
-0.333158 0.031149 0.000000
0.123455 -0.022579 0.000000
0.165115 0.018999 0.000000
0.468376 -0.005996 0.000000
0.300482 0.010664 0.000000
-0.400990 -0.021157 0.000000
-0.368281 0.029167 0.000000
-0.330086 0.031276 0.000000
-0.432016 0.021918 0.000000
0.055535 -0.024761 0.000000
0.126965 0.021099 0.000000
0.424501 -0.008611 0.000000
0.329003 0.008738 0.000000
0.200795 -0.019630 0.000000
-0.317684 -0.025189 0.000000
0.090444 0.022996 0.000000
-0.274593 0.032591 0.000000
-0.212164 -0.027927 0.000000
0.054658 -0.024786 0.000000
0.429869 -0.008300 0.000000
-0.450245 0.018510 0.000000
-0.275403 0.032582 0.000000
0.103409 0.022336 0.000000
0.362732 -0.012025 0.000000
-0.483018 -0.013338 0.000000
0.017878 0.026404 0.000000
-0.038027 0.028650 0.000000
-0.397272 0.026586 0.000000
0.334533 -0.013486 0.000000
0.091425 -0.023659 0.000000
0.048846 0.025013 0.000000
0.100116 -0.023374 0.000000
-0.206671 -0.027987 0.000000
0.449688 -0.000095 0.000000
0.294730 0.011045 0.000000
0.150417 -0.021604 0.000000
0.317506 -0.014340 0.000000
-0.063161 0.029535 0.000000
0.166080 -0.021011 0.000000
0.240638 -0.017934 0.000000
-0.410321 -0.020604 0.000000
-0.255817 -0.027178 0.000000
0.331950 0.008536 0.000000
0.191051 -0.020027 0.000000
-0.242363 0.032784 0.000000
0.227529 0.015322 0.000000
-0.083473 -0.027732 0.000000
0.478869 -0.002411 0.000000
-0.159129 0.032046 0.000000
-0.236500 0.032788 0.000000
-0.227202 0.032773 0.000000
-0.041654 0.028783 0.000000
0.333166 0.008452 0.000000
0.257164 0.013476 0.000000
-0.132142 0.031496 0.000000
0.358285 -0.012260 0.000000
-0.000200 0.027170 0.000000
0.498966 -0.004052 0.000000
-0.188280 0.032483 0.000000
0.369031 -0.011691 0.000000
0.409332 0.002988 0.000000
0.292577 0.011187 0.000000
0.032699 0.025750 0.000000
-0.427250 0.022686 0.000000
0.267994 -0.016704 0.000000
0.194482 -0.019888 0.000000
-0.072419 0.029840 0.000000
0.020097 0.026308 0.000000
0.465315 -0.001326 0.000000
-0.298967 0.032206 0.000000
-0.224844 -0.027760 0.000000
0.240087 0.014547 0.000000
0.135720 -0.022143 0.000000
0.352282 0.007122 0.000000
0.060485 -0.024616 0.000000
0.264230 0.013027 0.000000
-0.002690 -0.026279 0.000000
0.029035 -0.025495 0.000000
0.190942 0.017513 0.000000
-0.084222 -0.027742 0.000000
-0.266591 0.032668 0.000000
-0.470658 0.013481 0.000000
0.013654 -0.025889 0.000000
0.130175 0.020926 0.000000
-0.236739 -0.027568 0.000000
-0.288613 -0.026256 0.000000
-0.070318 0.029772 0.000000
-0.115117 -0.028054 0.000000
0.179104 -0.020503 0.000000
-0.474272 -0.014893 0.000000
-0.298313 0.032219 0.000000
-0.055741 0.029283 0.000000
-0.166740 0.032177 0.000000
0.216114 -0.018992 0.000000
0.061286 0.024427 0.000000
0.205215 -0.019447 0.000000
0.174615 0.018458 0.000000
-0.005651 -0.026346 0.000000
0.315398 0.009664 0.000000
0.131005 -0.022312 0.000000
-0.102593 0.030746 0.000000
-0.382539 0.028023 0.000000
-0.256347 0.032739 0.000000
-0.163995 -0.028222 0.000000
-0.390354 0.027295 0.000000
-0.491827 -0.011025 0.000000
-0.489358 0.006729 0.000000
0.245474 0.014212 0.000000
-0.224232 -0.027769 0.000000
0.212076 -0.019161 0.000000
0.073344 -0.024229 0.000000
-0.267365 0.032661 0.000000
0.316905 -0.014370 0.000000
0.362577 0.006395 0.000000
-0.436971 0.021071 0.000000
-0.077527 -0.027655 0.000000
0.433066 -0.008114 0.000000
-0.326326 0.031420 0.000000
0.113098 -0.022938 0.000000
0.051408 0.024893 0.000000
-0.116419 0.031114 0.000000
0.453096 -0.006926 0.000000
0.063260 -0.024534 0.000000
-0.413373 0.024673 0.000000
0.343455 -0.013030 0.000000
-0.481351 0.010020 0.000000
-0.457839 0.016820 0.000000
-0.500895 -0.003179 0.000000
0.428684 0.001526 0.000000
-0.256000 -0.027174 0.000000
0.085765 -0.023841 0.000000
-0.396757 -0.021399 0.000000
-0.220834 -0.027818 0.000000
-0.000094 0.027165 0.000000
0.482998 -0.005087 0.000000
-0.321543 0.031591 0.000000
0.280172 0.011999 0.000000
-0.463551 -0.016319 0.000000
-0.372581 0.028846 0.000000
-0.364561 0.029430 0.000000
0.341385 -0.013137 0.000000
-0.009361 0.027544 0.000000
-0.476231 0.011776 0.000000
0.419252 0.002243 0.000000
-0.471867 -0.015248 0.000000
0.387215 -0.010708 0.000000
0.295274 0.011009 0.000000
-0.061755 -0.027426 0.000000
0.055759 -0.024754 0.000000
0.157114 -0.021353 0.000000
-0.212938 0.032709 0.000000
0.234573 -0.018200 0.000000
-0.338329 -0.024317 0.000000
-0.313042 0.031856 0.000000
-0.368525 0.029150 0.000000
-0.366623 -0.022990 0.000000
-0.357967 -0.023412 0.000000
-0.289919 0.032378 0.000000
0.354443 -0.012461 0.000000
-0.214301 -0.027902 0.000000
-0.167829 -0.028217 0.000000
-0.156126 0.031992 0.000000
0.415920 -0.009104 0.000000
0.376513 -0.011289 0.000000
-0.052446 -0.027274 0.000000
-0.383367 -0.022132 0.000000
0.027121 0.025999 0.000000
-0.294577 -0.026054 0.000000
-0.155407 -0.028225 0.000000
0.181570 0.018058 0.000000
0.442717 -0.007545 0.000000
0.050354 -0.024910 0.000000
-0.106903 -0.027986 0.000000
-0.216034 -0.027880 0.000000
-0.109558 -0.028009 0.000000
-0.241435 -0.027482 0.000000
-0.181304 -0.028174 0.000000
-0.152774 -0.028222 0.000000
0.202831 -0.019546 0.000000
0.492518 -0.004485 0.000000
-0.310280 0.031933 0.000000
0.280265 0.011993 0.000000
0.345471 -0.012927 0.000000
-0.103131 0.030761 0.000000
-0.248362 -0.027343 0.000000
-0.190390 -0.028123 0.000000
0.222147 -0.018736 0.000000
-0.041197 0.028766 0.000000
-0.227409 0.032773 0.000000
-0.199536 0.032604 0.000000
0.489277 -0.003256 0.000000
-0.466378 0.014676 0.000000
0.276055 0.012266 0.000000
0.020062 0.026309 0.000000
0.093608 -0.023588 0.000000
-0.090457 0.030398 0.000000
0.340544 -0.013180 0.000000
0.064798 -0.024488 0.000000
0.236709 0.014757 0.000000
-0.294266 0.032300 0.000000
-0.162065 -0.028225 0.000000
-0.406054 -0.020861 0.000000
-0.427876 -0.019461 0.000000
0.138708 0.020465 0.000000
0.107768 0.022110 0.000000
-0.155616 0.031983 0.000000
0.179089 -0.020504 0.000000
-0.314432 -0.025318 0.000000
-0.252294 -0.027258 0.000000
-0.211828 0.032702 0.000000
-0.094537 -0.027862 0.000000
-0.297814 0.032230 0.000000
0.457947 -0.000743 0.000000
0.401114 0.003599 0.000000
0.244224 -0.017776 0.000000
0.344155 -0.012994 0.000000
0.073622 -0.024220 0.000000
-0.316433 -0.025239 0.000000
0.344811 0.007645 0.000000
-0.211889 -0.027930 0.000000
0.493941 -0.004394 0.000000
-0.037971 0.028648 0.000000
-0.237236 0.032788 0.000000
0.470689 -0.005854 0.000000
-0.077037 0.029987 0.000000
0.121758 -0.022638 0.000000
0.188270 -0.020138 0.000000
0.344408 -0.012981 0.000000
-0.154729 0.031966 0.000000
-0.103772 -0.027957 0.000000
0.067490 -0.024407 0.000000
-0.331261 -0.024626 0.000000
0.089067 0.023066 0.000000
0.349486 -0.012719 0.000000
-0.489375 -0.011790 0.000000
0.272412 0.012501 0.000000
-0.372657 -0.022688 0.000000
0.052389 -0.024852 0.000000
-0.194490 0.032553 0.000000
-0.404557 -0.020950 0.000000
-0.301018 0.032162 0.000000
0.286327 0.011598 0.000000
0.201767 0.016875 0.000000
0.353707 0.007022 0.000000
0.266261 -0.016783 0.000000
-0.432699 0.021805 0.000000
-0.011019 -0.026466 0.000000
-0.136642 0.031596 0.000000
-0.346915 -0.023930 0.000000
0.224864 -0.018619 0.000000
-0.351483 -0.023719 0.000000
0.111304 0.021926 0.000000
0.207283 -0.019362 0.000000
0.287825 0.011499 0.000000
-0.483333 0.009278 0.000000
0.392989 0.004198 0.000000
0.018443 0.026380 0.000000
-0.435854 -0.018880 0.000000
-0.075473 0.029938 0.000000
-0.257631 0.032731 0.000000
-0.074709 0.029913 0.000000
0.106853 0.022158 0.000000
0.339610 -0.013228 0.000000
0.396786 0.003919 0.000000
0.254187 -0.017332 0.000000
0.066398 0.024182 0.000000
-0.081984 0.030142 0.000000
0.107814 -0.023117 0.000000
0.303438 -0.015030 0.000000
-0.230521 -0.027673 0.000000
-0.322040 0.031573 0.000000
-0.287863 0.032412 0.000000
-0.189741 0.032500 0.000000
0.294447 0.011064 0.000000
-0.179869 -0.028180 0.000000
0.414974 -0.009157 0.000000
0.409168 0.003000 0.000000
0.294698 -0.015451 0.000000
0.342592 -0.013075 0.000000
0.196638 -0.019800 0.000000
0.172114 0.018601 0.000000
-0.123789 -0.028115 0.000000
-0.370629 -0.022790 0.000000
-0.438011 -0.018715 0.000000
0.100209 -0.023371 0.000000
0.209885 0.016391 0.000000
-0.143792 -0.028206 0.000000
-0.071624 0.029814 0.000000
-0.069204 0.029735 0.000000
-0.451290 0.018288 0.000000
-0.210276 0.032692 0.000000
0.154983 -0.021433 0.000000
-0.344277 0.030636 0.000000
-0.406782 0.025503 0.000000
-0.321174 0.031603 0.000000
-0.476551 -0.014531 0.000000
0.365086 0.006216 0.000000
0.107068 0.022147 0.000000
0.367639 0.006034 0.000000
-0.455021 -0.017233 0.000000
-0.486168 -0.012633 0.000000
0.139061 0.020445 0.000000
-0.078609 0.030036 0.000000
0.316725 -0.014379 0.000000
0.152457 -0.021528 0.000000
0.339001 -0.013259 0.000000
0.412016 0.002787 0.000000
0.073220 -0.024233 0.000000
-0.040692 -0.027067 0.000000
-0.102592 0.030746 0.000000
-0.457923 -0.016938 0.000000
-0.190145 0.032505 0.000000
0.350499 0.007247 0.000000
0.075074 0.023760 0.000000
0.416133 0.002478 0.000000
0.430122 -0.008285 0.000000
0.199486 -0.019683 0.000000
-0.348728 -0.023847 0.000000
-0.205578 0.032656 0.000000
0.233396 -0.018251 0.000000
-0.013012 -0.026510 0.000000
-0.086598 0.030283 0.000000
-0.318569 -0.025154 0.000000
-0.286727 -0.026317 0.000000
-0.465510 -0.016085 0.000000
-0.091681 0.030434 0.000000
0.310856 0.009970 0.000000
0.349970 -0.012694 0.000000
0.042670 -0.025126 0.000000
0.084361 0.023301 0.000000
0.220490 -0.018806 0.000000
0.237158 0.014729 0.000000
-0.177223 0.032338 0.000000
0.352434 -0.012566 0.000000
0.496776 -0.004213 0.000000
0.004339 -0.026115 0.000000
-0.389470 -0.021804 0.000000
0.182007 0.018033 0.000000
0.489101 -0.003242 0.000000
-0.017842 0.027881 0.000000
-0.067048 0.029664 0.000000
0.102190 -0.023306 0.000000
-0.063359 -0.027451 0.000000
-0.045786 0.028932 0.000000
-0.381801 0.028087 0.000000
-0.235074 -0.027597 0.000000
-0.203831 -0.028014 0.000000
-0.297888 -0.025938 0.000000
0.301743 -0.015112 0.000000
0.369169 0.005925 0.000000
-0.330669 -0.024651 0.000000
-0.043668 -0.027121 0.000000
0.143300 0.020214 0.000000
-0.392759 0.027055 0.000000
0.183890 0.017923 0.000000
-0.423498 0.023257 0.000000
-0.005877 0.027403 0.000000
0.339847 -0.013215 0.000000
-0.158505 -0.028225 0.000000
-0.393783 0.026952 0.000000
-0.209928 -0.027952 0.000000
0.432361 0.001245 0.000000
0.276110 0.012263 0.000000
0.326356 -0.013899 0.000000
-0.235393 0.032787 0.000000
0.360837 -0.012125 0.000000
-0.213806 0.032714 0.000000
-0.012677 -0.026502 0.000000
0.441969 0.000505 0.000000
-0.359434 -0.023342 0.000000
0.184169 0.017907 0.000000
-0.166278 -0.028219 0.000000
0.004750 -0.026105 0.000000
-0.237376 -0.027556 0.000000
-0.015595 0.027793 0.000000
0.367013 0.006079 0.000000
-0.344854 0.030606 0.000000
-0.110026 -0.028013 0.000000
0.274510 -0.016403 0.000000
-0.425213 0.022999 0.000000
0.198508 0.017068 0.000000
0.221416 0.015695 0.000000
-0.015195 -0.026557 0.000000
-0.304083 -0.025714 0.000000
-0.356158 -0.023498 0.000000
0.063179 0.024336 0.000000
0.332180 0.008520 0.000000
0.225849 0.015425 0.000000
0.100639 -0.023357 0.000000
0.230768 0.015123 0.000000
0.210392 0.016360 0.000000
-0.128733 0.031416 0.000000
0.270584 0.012619 0.000000
0.154945 0.019570 0.000000
0.087009 -0.023801 0.000000
0.081019 -0.023990 0.000000
-0.193901 0.032547 0.000000
-0.034253 0.028510 0.000000
0.179527 0.018176 0.000000
0.026528 -0.025561 0.000000
0.079430 -0.024040 0.000000
-0.482712 -0.013401 0.000000
0.468734 -0.001598 0.000000
-0.088532 -0.027794 0.000000
-0.467514 -0.015836 0.000000
-0.002292 0.027256 0.000000
0.155137 0.019559 0.000000
-0.390129 -0.021768 0.000000
-0.331309 0.031226 0.000000
-0.098483 0.030631 0.000000
0.054924 0.024728 0.000000
-0.262426 -0.027019 0.000000
0.411434 -0.009359 0.000000
-0.065474 -0.027483 0.000000
-0.220820 -0.027819 0.000000
-0.232938 -0.027634 0.000000
-0.356056 0.029981 0.000000
0.162103 -0.021163 0.000000
0.419132 0.002252 0.000000
0.386300 0.004687 0.000000
-0.374174 0.028721 0.000000
-0.053455 0.029203 0.000000
-0.037975 0.028648 0.000000
-0.264316 -0.026971 0.000000
-0.164763 -0.028221 0.000000
0.414066 0.002633 0.000000
0.475790 -0.005538 0.000000
0.204052 -0.019495 0.000000
-0.247586 -0.027360 0.000000
-0.314671 -0.025309 0.000000
0.305352 -0.014937 0.000000
-0.217411 0.032735 0.000000
-0.371353 -0.022753 0.000000
0.107646 -0.023123 0.000000
0.386015 0.004708 0.000000
-0.258771 0.032724 0.000000
0.481827 -0.005161 0.000000
0.425691 -0.008542 0.000000
0.306515 0.010261 0.000000
0.053874 0.024778 0.000000
-0.109439 -0.028008 0.000000
-0.237939 -0.027546 0.000000
0.296173 0.010950 0.000000
-0.391955 0.027136 0.000000
-0.053239 -0.027287 0.000000
0.028220 -0.025517 0.000000
-0.030078 0.028354 0.000000
0.108955 -0.023079 0.000000
-0.164506 0.032140 0.000000
-0.014315 0.027742 0.000000
-0.407336 0.025437 0.000000
-0.043790 0.028860 0.000000
-0.155747 -0.028225 0.000000
0.045659 -0.025043 0.000000
0.206323 -0.019401 0.000000
-0.251026 -0.027285 0.000000
0.424427 -0.008615 0.000000
0.183155 -0.020343 0.000000
0.439928 0.000663 0.000000
0.034650 -0.025345 0.000000
0.452151 -0.000287 0.000000
0.187975 0.017686 0.000000
-0.350290 0.030317 0.000000
-0.252063 -0.027263 0.000000
0.423555 0.001917 0.000000
-0.210649 -0.027944 0.000000
-0.202934 0.032634 0.000000
-0.280595 -0.026511 0.000000
-0.349031 -0.023833 0.000000
-0.338702 -0.024301 0.000000
0.377497 -0.011236 0.000000
0.249369 -0.017547 0.000000
-0.148866 -0.028217 0.000000
0.194085 0.017328 0.000000
0.316758 0.009572 0.000000
-0.142449 0.031722 0.000000
0.271758 0.012544 0.000000
0.178066 -0.020544 0.000000
0.050612 0.024930 0.000000
-0.309450 -0.025512 0.000000
0.336255 0.008239 0.000000
0.375227 -0.011359 0.000000
-0.324046 0.031502 0.000000
0.290354 0.011333 0.000000
-0.096614 -0.027885 0.000000
0.418451 0.002303 0.000000
0.346387 0.007535 0.000000
-0.251147 0.032762 0.000000
-0.215362 0.032723 0.000000
-0.294012 0.032304 0.000000
0.071290 0.023945 0.000000
-0.352839 0.030172 0.000000
0.446594 -0.007315 0.000000
-0.137785 -0.028186 0.000000
-0.442116 -0.018388 0.000000
-0.405242 0.025688 0.000000
-0.224337 0.032765 0.000000
0.438150 0.000800 0.000000
-0.239028 0.032787 0.000000
0.175399 0.018413 0.000000
-0.255323 0.032744 0.000000
-0.036776 -0.026994 0.000000
0.128004 -0.022419 0.000000
-0.189123 0.032493 0.000000
0.292378 -0.015562 0.000000
-0.344073 -0.024060 0.000000
-0.133998 -0.028170 0.000000
-0.132535 0.031504 0.000000
-0.312306 0.031878 0.000000
-0.195402 -0.028087 0.000000
0.173177 0.018540 0.000000
-0.281759 -0.026476 0.000000
-0.461755 -0.016524 0.000000
0.428280 0.001557 0.000000
-0.166915 -0.028219 0.000000
0.046222 -0.025027 0.000000
0.335655 0.008281 0.000000
0.097369 -0.023465 0.000000
-0.349160 0.030379 0.000000
-0.342643 0.030718 0.000000
-0.134951 0.031559 0.000000
-0.237615 0.032788 0.000000
-0.345605 -0.023990 0.000000
-0.152706 -0.028222 0.000000
0.188618 0.017648 0.000000
0.318171 0.009477 0.000000
0.292929 -0.015536 0.000000
0.047840 -0.024981 0.000000
-0.120675 -0.028095 0.000000
-0.164299 -0.028222 0.000000
0.249371 -0.017547 0.000000
0.138954 0.020451 0.000000
-0.132522 0.031504 0.000000
0.196133 0.017208 0.000000
0.165636 0.018969 0.000000
-0.230014 0.032780 0.000000
0.467921 -0.006024 0.000000
-0.317424 -0.025200 0.000000
0.280842 0.011956 0.000000
-0.274844 0.032589 0.000000
-0.077762 -0.027658 0.000000
-0.191221 -0.028117 0.000000
-0.281887 -0.026472 0.000000
0.292374 -0.015562 0.000000
0.242877 0.014374 0.000000
0.385854 0.004720 0.000000
-0.444884 -0.018158 0.000000
-0.450916 -0.017625 0.000000
0.039560 -0.025212 0.000000
0.236866 -0.018100 0.000000
0.365282 0.006202 0.000000
0.240538 -0.017939 0.000000
-0.277736 -0.026599 0.000000
0.256499 -0.017227 0.000000
0.283125 0.011807 0.000000
-0.130708 -0.028154 0.000000
0.473332 -0.001966 0.000000
0.486336 -0.004877 0.000000
-0.386702 -0.021953 0.000000
-0.087094 -0.027777 0.000000
0.029479 0.025894 0.000000
0.109620 -0.023056 0.000000
0.408108 0.003079 0.000000
0.382997 0.004928 0.000000
-0.124832 -0.028122 0.000000
-0.370707 -0.022786 0.000000
0.205971 0.016625 0.000000
0.377947 0.005293 0.000000
-0.412305 0.024813 0.000000
-0.483666 0.009150 0.000000
-0.328820 -0.024730 0.000000
-0.273607 -0.026718 0.000000
0.240452 0.014525 0.000000
-0.287608 -0.026289 0.000000
-0.289799 -0.026216 0.000000
0.014764 0.026539 0.000000
-0.059237 -0.027386 0.000000
0.417291 0.002390 0.000000
0.122622 0.021330 0.000000
-0.395009 -0.021498 0.000000
0.449558 -0.007138 0.000000
0.332934 -0.013567 0.000000
0.177029 0.018319 0.000000
-0.499140 0.000284 0.000000
0.483438 -0.005059 0.000000
0.222035 0.015657 0.000000
-0.045077 -0.027146 0.000000
-0.315202 -0.025288 0.000000
0.419369 0.002234 0.000000
-0.004878 -0.026329 0.000000
-0.076198 0.029961 0.000000
-0.225323 -0.027753 0.000000
0.367988 -0.011746 0.000000
0.244704 0.014260 0.000000
-0.193760 -0.028100 0.000000
-0.319975 0.031642 0.000000
-0.315666 0.031779 0.000000
-0.118601 -0.028080 0.000000
-0.470706 -0.015411 0.000000
0.076941 0.023668 0.000000
-0.282115 0.032497 0.000000
0.176714 -0.020597 0.000000
-0.336205 0.031018 0.000000
-0.060370 0.029441 0.000000
-0.377889 0.028420 0.000000
0.496742 -0.004215 0.000000
-0.217636 -0.027860 0.000000
0.130070 -0.022345 0.000000
0.075103 0.023759 0.000000
0.162650 0.019138 0.000000
0.293697 -0.015499 0.000000
-0.215715 0.032725 0.000000
0.248254 -0.017597 0.000000
0.010806 -0.025959 0.000000
-0.189262 -0.028130 0.000000
0.141213 0.020328 0.000000
0.175272 -0.020654 0.000000
0.383340 -0.010919 0.000000
0.268961 -0.016659 0.000000
-0.003699 0.027314 0.000000
-0.167052 -0.028218 0.000000
0.304053 -0.015000 0.000000
-0.165945 0.032164 0.000000
-0.040108 0.028727 0.000000
-0.240316 -0.027503 0.000000
0.428659 -0.008370 0.000000
0.114711 -0.022883 0.000000
0.384227 -0.010871 0.000000
-0.126158 0.031356 0.000000
-0.379297 0.028303 0.000000
0.002625 0.027052 0.000000
0.347859 -0.012803 0.000000
-0.241259 -0.027485 0.000000
-0.139849 -0.028193 0.000000
0.251345 -0.017459 0.000000
-0.091553 -0.027829 0.000000
0.043988 -0.025089 0.000000
-0.379430 0.028292 0.000000
0.198391 0.017075 0.000000
-0.386363 -0.021972 0.000000
-0.365673 0.029354 0.000000
-0.488499 -0.012035 0.000000
-0.203996 -0.028013 0.000000
-0.349704 -0.023802 0.000000
-0.157176 0.032011 0.000000
0.073640 0.023830 0.000000
-0.375577 -0.022538 0.000000
-0.272208 -0.026759 0.000000
0.011711 -0.025937 0.000000
-0.297308 -0.025959 0.000000
-0.203722 0.032641 0.000000
-0.321208 0.031602 0.000000
0.340641 0.007935 0.000000
0.273637 0.012423 0.000000
-0.122794 0.031274 0.000000
0.214068 0.016139 0.000000
-0.349053 0.030385 0.000000
0.348361 0.007397 0.000000
0.062529 0.024367 0.000000
-0.058395 -0.027372 0.000000
0.265626 -0.016813 0.000000
0.293532 -0.015507 0.000000
-0.212370 -0.027924 0.000000
0.194137 -0.019902 0.000000
0.087577 0.023140 0.000000
-0.192704 0.032534 0.000000
-0.360765 0.029685 0.000000
0.056060 0.024675 0.000000
0.093946 0.022819 0.000000
0.185447 0.017833 0.000000
-0.147425 0.031824 0.000000
0.024901 0.026097 0.000000
-0.434826 0.021445 0.000000
-0.252713 0.032755 0.000000
0.334446 -0.013491 0.000000
0.357588 0.006748 0.000000
0.389387 -0.010589 0.000000
-0.348652 0.030406 0.000000
0.015619 0.026502 0.000000
-0.024333 -0.026749 0.000000
0.391332 -0.010482 0.000000
0.420349 0.002160 0.000000
-0.407968 -0.020746 0.000000
-0.064934 0.029594 0.000000
-0.145427 -0.028209 0.000000
0.485748 -0.002968 0.000000
-0.357765 0.029876 0.000000
0.246212 -0.017688 0.000000
-0.014301 0.027741 0.000000
0.038290 0.025498 0.000000
0.027046 0.026003 0.000000
-0.091251 0.030421 0.000000
0.318117 -0.014310 0.000000
0.409252 -0.009482 0.000000
0.019834 -0.025734 0.000000
-0.033722 0.028490 0.000000
0.415754 0.002506 0.000000
-0.312294 -0.025402 0.000000
-0.290948 -0.026178 0.000000
-0.318916 0.031676 0.000000
-0.313755 -0.025345 0.000000
-0.223058 0.032760 0.000000
0.214238 -0.019071 0.000000
0.372560 0.005681 0.000000
0.406619 0.003190 0.000000
0.109589 -0.023057 0.000000
-0.429032 -0.019379 0.000000
-0.348621 0.030408 0.000000
-0.196967 0.032578 0.000000
-0.250083 0.032766 0.000000
-0.198852 -0.028060 0.000000
0.133896 0.020726 0.000000
0.317690 -0.014331 0.000000
0.292246 -0.015568 0.000000
-0.368800 -0.022882 0.000000
-0.324214 -0.024923 0.000000
0.424787 0.001823 0.000000
-0.380410 0.028207 0.000000
-0.072244 -0.027582 0.000000
0.026548 0.026025 0.000000
0.139778 -0.021996 0.000000
-0.050781 0.029110 0.000000
0.290191 -0.015666 0.000000
0.095619 -0.023522 0.000000
-0.151325 0.031901 0.000000
0.242964 0.014368 0.000000
0.496506 -0.004230 0.000000
0.036168 0.025594 0.000000
-0.056278 0.029301 0.000000
-0.437896 -0.018724 0.000000
0.204792 -0.019465 0.000000
0.180133 0.018141 0.000000
0.349046 0.007349 0.000000
0.288387 0.011463 0.000000
0.153789 -0.021478 0.000000
-0.153394 0.031941 0.000000
0.041932 -0.025147 0.000000
-0.187215 -0.028143 0.000000
-0.330122 0.031275 0.000000
0.280089 0.012005 0.000000
0.336301 0.008236 0.000000
0.404475 -0.009751 0.000000
-0.402333 -0.021080 0.000000
0.212756 0.016218 0.000000
0.231741 0.015064 0.000000
0.206877 0.016571 0.000000
-0.428374 0.022508 0.000000
-0.042884 0.028828 0.000000
-0.492727 0.005016 0.000000
0.040150 -0.025196 0.000000
-0.429840 0.022274 0.000000
0.136206 -0.022125 0.000000
0.222296 0.015641 0.000000
0.304092 -0.014998 0.000000
-0.181979 0.032403 0.000000
-0.435384 0.021348 0.000000
-0.314439 0.031815 0.000000
0.051866 -0.024867 0.000000
0.020586 -0.025714 0.000000
0.000075 -0.026215 0.000000
0.010925 0.026703 0.000000
0.136787 0.020569 0.000000
-0.185401 0.032448 0.000000
0.222558 0.015625 0.000000
0.130732 -0.022322 0.000000
0.188498 -0.020129 0.000000
-0.344745 0.030612 0.000000
0.468756 -0.001600 0.000000
0.118850 0.021530 0.000000
-0.177416 -0.028190 0.000000
-0.154142 0.031955 0.000000
0.196903 -0.019789 0.000000
0.233268 0.014969 0.000000
-0.252876 0.032755 0.000000
-0.259306 -0.027096 0.000000
0.176271 -0.020615 0.000000
0.215600 0.016047 0.000000
0.155874 0.019518 0.000000
0.444701 -0.007428 0.000000
0.342829 0.007783 0.000000
-0.251450 0.032761 0.000000
-0.484085 0.008986 0.000000
-0.062225 0.029504 0.000000
-0.361265 -0.023253 0.000000
-0.048040 0.029013 0.000000
0.338120 -0.013304 0.000000
-0.361597 0.029631 0.000000
0.242446 -0.017855 0.000000
-0.130587 -0.028154 0.000000
0.448544 -0.007199 0.000000
-0.362681 -0.023184 0.000000
-0.037062 0.028614 0.000000
0.057695 -0.024698 0.000000
-0.484025 -0.013123 0.000000
0.110623 0.021962 0.000000
-0.006788 0.027440 0.000000
-0.159090 -0.028225 0.000000
-0.320303 -0.025083 0.000000
-0.310313 0.031932 0.000000
0.386679 0.004660 0.000000
0.018977 -0.025756 0.000000
-0.243052 -0.027450 0.000000
-0.182000 -0.028171 0.000000
-0.144771 -0.028208 0.000000
-0.179714 -0.028181 0.000000
-0.147117 -0.028213 0.000000
0.455704 -0.000566 0.000000
0.335724 0.008276 0.000000
0.210266 -0.019237 0.000000
0.350714 0.007232 0.000000
-0.294546 -0.026055 0.000000
0.448315 -0.007212 0.000000
0.029787 0.025881 0.000000
-0.415848 -0.020260 0.000000
-0.178249 -0.028186 0.000000
0.438592 -0.007789 0.000000
0.326553 -0.013889 0.000000
-0.033354 0.028477 0.000000
-0.371110 0.028957 0.000000
-0.347125 -0.023921 0.000000
0.223822 -0.018664 0.000000
-0.185776 -0.028151 0.000000
0.150513 0.019816 0.000000
0.456169 -0.006740 0.000000
0.372876 -0.011485 0.000000
-0.137933 0.031625 0.000000
0.006901 -0.026053 0.000000
0.423751 0.001902 0.000000
-0.268332 0.032653 0.000000
-0.312841 -0.025381 0.000000
-0.005472 0.027386 0.000000
-0.456181 -0.017117 0.000000
0.145944 -0.021770 0.000000
0.127959 0.021045 0.000000
-0.363426 -0.023148 0.000000
-0.170592 0.032239 0.000000
0.110569 0.021965 0.000000
-0.290467 -0.026194 0.000000
0.325750 -0.013929 0.000000
-0.341350 0.030780 0.000000
-0.293804 -0.026081 0.000000
-0.281208 0.032510 0.000000
0.174480 0.018466 0.000000
0.063154 -0.024537 0.000000
-0.049081 -0.027216 0.000000
-0.494544 0.003953 0.000000
0.448449 0.000002 0.000000
-0.213553 0.032712 0.000000
-0.187395 -0.028142 0.000000
0.265208 0.012964 0.000000
-0.195490 -0.028087 0.000000
0.479840 -0.005285 0.000000
-0.187663 -0.028141 0.000000
-0.160201 -0.028225 0.000000
-0.268819 -0.026852 0.000000
-0.329192 0.031310 0.000000
-0.493769 0.004421 0.000000
0.109953 0.021997 0.000000
-0.187751 -0.028140 0.000000
-0.053736 -0.027296 0.000000
0.452517 -0.006960 0.000000
0.174029 0.018492 0.000000
0.025228 -0.025595 0.000000
-0.169462 -0.028214 0.000000
-0.278034 -0.026589 0.000000
0.010370 -0.025969 0.000000
-0.280394 0.032522 0.000000
-0.343679 -0.024078 0.000000
0.022443 0.026205 0.000000
-0.399978 0.026291 0.000000
0.445476 0.000233 0.000000
-0.190663 0.032511 0.000000
-0.160633 0.032074 0.000000
-0.164764 -0.028221 0.000000
0.238160 0.014667 0.000000
0.487017 -0.004834 0.000000
0.392350 -0.010426 0.000000
-0.010608 -0.026457 0.000000
0.202149 0.016852 0.000000
0.149569 0.019868 0.000000
-0.290769 -0.026184 0.000000
-0.337956 0.030940 0.000000
0.312690 -0.014578 0.000000
-0.379252 0.028307 0.000000
-0.150221 0.031880 0.000000
-0.089561 0.030371 0.000000
0.443826 0.000361 0.000000
-0.499604 -0.000278 0.000000
0.267298 -0.016736 0.000000
0.235892 0.014808 0.000000
-0.256044 0.032740 0.000000
0.258214 -0.017150 0.000000
-0.402229 -0.021086 0.000000
-0.151708 -0.028221 0.000000
-0.226401 -0.027738 0.000000
-0.189167 0.032493 0.000000
-0.245943 0.032778 0.000000
0.052617 0.024837 0.000000
0.080305 -0.024013 0.000000
0.465690 -0.006161 0.000000
-0.296460 -0.025988 0.000000
-0.355684 0.030004 0.000000
-0.357012 -0.023458 0.000000
0.232284 -0.018299 0.000000
-0.405090 0.025706 0.000000
0.128162 0.021034 0.000000
0.350887 0.007220 0.000000
0.141544 0.020310 0.000000
0.075691 -0.024156 0.000000
0.281924 0.011885 0.000000
0.280431 0.011982 0.000000
-0.268990 0.032648 0.000000
0.143074 0.020226 0.000000
-0.192473 0.032532 0.000000
-0.136634 -0.028181 0.000000
-0.423856 -0.019737 0.000000
-0.348793 0.030399 0.000000
-0.318038 0.031705 0.000000
0.290305 0.011337 0.000000
0.485908 -0.002981 0.000000
0.353067 0.007067 0.000000
-0.108374 -0.027999 0.000000
0.195785 0.017228 0.000000
0.381691 0.005022 0.000000
-0.317861 -0.025182 0.000000
0.272029 -0.016518 0.000000
0.342361 -0.013087 0.000000
-0.402850 -0.021050 0.000000
0.111646 0.021908 0.000000
0.034175 0.025684 0.000000
-0.472504 -0.015156 0.000000
-0.456090 -0.017126 0.000000
-0.285542 0.032449 0.000000
-0.129135 -0.028146 0.000000
-0.429466 -0.019348 0.000000
0.319243 0.009404 0.000000
-0.361025 -0.023264 0.000000
-0.111958 -0.028029 0.000000
0.082098 0.023414 0.000000
0.156860 0.019463 0.000000
-0.355910 -0.023510 0.000000
-0.286270 -0.026332 0.000000
0.314202 -0.014503 0.000000
0.209549 -0.019267 0.000000
-0.384362 0.027859 0.000000
-0.057463 -0.027357 0.000000
-0.440672 0.020401 0.000000
-0.414790 -0.020327 0.000000
0.255537 0.013579 0.000000
-0.066043 -0.027491 0.000000
0.319825 0.009364 0.000000
0.073824 -0.024214 0.000000
-0.007224 0.027457 0.000000
-0.012267 0.027660 0.000000
0.237526 0.014706 0.000000
-0.023560 -0.026733 0.000000
-0.222518 -0.027794 0.000000
0.272651 -0.016489 0.000000
-0.366269 0.029312 0.000000
0.149724 -0.021630 0.000000
-0.128718 -0.028143 0.000000
-0.398300 0.026475 0.000000
-0.175714 -0.028196 0.000000
0.338165 0.008107 0.000000
0.263200 0.013092 0.000000
0.395775 -0.010236 0.000000
0.163239 0.019105 0.000000
-0.065680 0.029619 0.000000
0.334693 -0.013478 0.000000
0.157503 -0.021338 0.000000
0.038269 -0.025247 0.000000
-0.324174 -0.024924 0.000000
-0.429877 -0.019319 0.000000
0.475258 -0.002120 0.000000
0.102985 0.022358 0.000000
0.227382 -0.018511 0.000000
0.246466 -0.017677 0.000000
0.328486 0.008774 0.000000
-0.329992 0.031280 0.000000
0.443120 0.000416 0.000000
0.102460 0.022385 0.000000
-0.085360 0.030245 0.000000
0.009433 -0.025992 0.000000
-0.457874 0.016812 0.000000
0.127750 0.021057 0.000000
0.207997 -0.019332 0.000000
-0.418382 -0.020098 0.000000
-0.301842 0.032144 0.000000
-0.301390 0.032154 0.000000
-0.282718 0.032489 0.000000
-0.410662 0.025023 0.000000
0.020547 -0.025715 0.000000
-0.389384 -0.021808 0.000000
-0.430787 -0.019254 0.000000
-0.294704 0.032291 0.000000
0.434291 0.001097 0.000000
0.377811 0.005303 0.000000
-0.086318 -0.027768 0.000000
0.368131 0.005999 0.000000
0.498909 -0.004076 0.000000
0.038157 -0.025250 0.000000
-0.469603 -0.015562 0.000000
-0.288204 0.032406 0.000000
0.192231 0.017437 0.000000
-0.122301 -0.028105 0.000000
0.200998 -0.019621 0.000000
0.245492 0.014211 0.000000
-0.382436 -0.022181 0.000000
-0.074765 -0.027617 0.000000
-0.470344 -0.015461 0.000000
-0.150349 -0.028220 0.000000
0.175193 0.018425 0.000000
0.258002 0.013423 0.000000
-0.495155 -0.009718 0.000000
-0.249905 0.032767 0.000000
0.111638 -0.022988 0.000000
0.103769 0.022317 0.000000
-0.265396 -0.026944 0.000000
-0.360221 0.029720 0.000000
0.372312 0.005699 0.000000
-0.416688 -0.020207 0.000000
-0.390742 -0.021734 0.000000
-0.047738 0.029002 0.000000
0.249992 -0.017520 0.000000
-0.309315 0.031959 0.000000
-0.096106 -0.027880 0.000000
0.267714 0.012804 0.000000
-0.102220 0.030736 0.000000
-0.153296 0.031939 0.000000
-0.163845 0.032129 0.000000
-0.349159 0.030379 0.000000
0.380908 -0.011052 0.000000
0.236613 0.014763 0.000000
0.423707 0.001905 0.000000
0.422649 0.001985 0.000000
0.466049 -0.001384 0.000000
0.480449 -0.005247 0.000000
-0.172522 0.032269 0.000000
-0.491195 0.005829 0.000000
0.080991 -0.023991 0.000000
-0.060841 0.029457 0.000000
-0.265749 -0.026935 0.000000
0.379013 0.005216 0.000000
-0.413932 -0.020381 0.000000
-0.382538 -0.022176 0.000000
-0.164839 0.032145 0.000000
0.247347 -0.017638 0.000000
-0.408269 0.025322 0.000000
0.040682 -0.025181 0.000000
0.424898 -0.008588 0.000000
0.174558 0.018461 0.000000
-0.211228 0.032699 0.000000
-0.290848 -0.026181 0.000000
0.360156 -0.012161 0.000000
-0.269544 -0.026832 0.000000
0.467477 -0.001498 0.000000
0.142058 0.020282 0.000000
-0.057133 -0.027352 0.000000
-0.191330 -0.028116 0.000000
-0.423282 -0.019775 0.000000
0.079048 -0.024052 0.000000
-0.244282 0.032782 0.000000
0.127143 -0.022449 0.000000
0.080341 0.023501 0.000000
-0.429102 -0.019374 0.000000
0.309019 -0.014758 0.000000
0.246582 0.014142 0.000000
-0.447286 -0.017951 0.000000
0.224421 -0.018638 0.000000
-0.413953 0.024597 0.000000
-0.157019 -0.028225 0.000000
0.230581 -0.018373 0.000000
-0.258286 0.032727 0.000000
-0.447581 0.019061 0.000000
0.214883 -0.019043 0.000000
-0.050008 -0.027232 0.000000
0.284459 -0.015937 0.000000
0.476318 -0.005505 0.000000
-0.272753 -0.026743 0.000000
0.382111 0.004992 0.000000
0.012825 0.026622 0.000000
-0.311208 0.031908 0.000000
0.112819 -0.022947 0.000000
-0.080462 0.030094 0.000000
0.457064 -0.000673 0.000000
-0.003552 -0.026298 0.000000
0.434647 0.001070 0.000000
0.204235 0.016728 0.000000
0.236364 0.014778 0.000000
0.262422 0.013142 0.000000
0.401563 0.003566 0.000000
0.158902 -0.021285 0.000000
0.047818 0.025060 0.000000
-0.353777 -0.023611 0.000000
-0.124221 0.031309 0.000000
-0.185347 0.032448 0.000000
-0.017866 0.027882 0.000000
-0.064023 0.029564 0.000000
-0.400454 0.026238 0.000000
0.140111 -0.021983 0.000000
0.017551 -0.025791 0.000000
0.020570 -0.025715 0.000000
-0.162464 0.032105 0.000000
-0.175762 -0.028196 0.000000
0.368315 -0.011729 0.000000
0.343856 -0.013010 0.000000
0.049751 0.024971 0.000000
0.126600 -0.022468 0.000000
-0.409009 0.025230 0.000000
-0.200756 -0.028044 0.000000
-0.442173 -0.018384 0.000000
-0.485442 -0.012804 0.000000
-0.006820 -0.026373 0.000000
-0.429507 0.022328 0.000000
-0.286216 -0.026334 0.000000
-0.259676 0.032719 0.000000
0.254837 0.013623 0.000000
0.104249 -0.023237 0.000000
0.045925 0.025148 0.000000
0.177886 0.018270 0.000000
0.292284 -0.015566 0.000000
-0.395428 0.026781 0.000000
0.101756 0.022421 0.000000
0.404474 -0.009751 0.000000
-0.073015 -0.027593 0.000000
-0.234617 0.032786 0.000000
0.017451 0.026423 0.000000
0.387704 0.004585 0.000000
-0.217602 -0.027860 0.000000
-0.069248 -0.027539 0.000000
-0.498364 -0.007860 0.000000
-0.123483 0.031291 0.000000
-0.008495 -0.026410 0.000000
-0.040278 0.028733 0.000000
-0.086765 -0.027773 0.000000
0.068476 0.024081 0.000000
0.201387 -0.019605 0.000000
0.492847 -0.003548 0.000000
0.469651 -0.005918 0.000000
0.021130 -0.025701 0.000000
-0.023089 0.028086 0.000000
0.310428 0.009999 0.000000
-0.045762 0.028931 0.000000
0.099823 0.022520 0.000000
-0.230507 0.032782 0.000000
-0.168446 0.032205 0.000000
0.240674 -0.017933 0.000000
-0.381329 -0.022239 0.000000
0.443087 -0.007524 0.000000
-0.442328 -0.018371 0.000000
0.122453 0.021339 0.000000
-0.189167 -0.028131 0.000000
0.045703 -0.025041 0.000000
0.044463 0.025216 0.000000
-0.248042 -0.027350 0.000000
0.360917 -0.012121 0.000000
0.042772 0.025293 0.000000
0.153631 0.019643 0.000000
0.146501 0.020038 0.000000
0.470756 -0.005849 0.000000
-0.112234 0.031006 0.000000
0.044713 -0.025069 0.000000
-0.298794 -0.025907 0.000000
0.206674 -0.019387 0.000000
0.223296 -0.018686 0.000000
-0.082371 -0.027718 0.000000
-0.479029 0.010842 0.000000
-0.406391 -0.020841 0.000000
0.466099 -0.001388 0.000000
-0.279273 0.032535 0.000000
-0.247714 -0.027357 0.000000
0.075968 -0.024148 0.000000
0.477627 -0.002311 0.000000
0.369671 -0.011656 0.000000
-0.493883 0.004355 0.000000
0.184974 0.017861 0.000000
0.398515 0.003791 0.000000
-0.497280 -0.008597 0.000000
0.005664 -0.026083 0.000000
-0.293457 -0.026093 0.000000
0.312026 0.009892 0.000000
0.211147 0.016315 0.000000
-0.161962 0.032097 0.000000
-0.306182 -0.025635 0.000000
0.465239 -0.006189 0.000000
0.295545 0.010991 0.000000
0.487624 -0.004795 0.000000
0.157875 -0.021324 0.000000
-0.035680 -0.026973 0.000000
-0.074930 0.029920 0.000000
0.249420 -0.017545 0.000000
0.026831 -0.025553 0.000000
0.439171 -0.007755 0.000000
0.159173 0.019333 0.000000
-0.027434 -0.026811 0.000000
-0.279830 0.032529 0.000000
0.439462 -0.007738 0.000000
0.473457 -0.001976 0.000000
-0.198901 0.032598 0.000000
0.482095 -0.002672 0.000000
-0.323105 -0.024969 0.000000
0.145510 0.020092 0.000000
-0.394351 -0.021534 0.000000
-0.055798 0.029285 0.000000
-0.221143 -0.027814 0.000000
-0.113260 0.031033 0.000000
-0.481857 0.009835 0.000000
-0.206475 -0.027989 0.000000
0.231055 -0.018353 0.000000
0.376326 -0.011299 0.000000
-0.340390 -0.024226 0.000000
0.299635 -0.015214 0.000000
0.043940 -0.025091 0.000000
-0.352892 -0.023653 0.000000
0.372340 0.005697 0.000000
-0.406865 -0.020813 0.000000
0.113565 0.021808 0.000000
-0.352959 -0.023650 0.000000
-0.403252 0.025920 0.000000
-0.490224 0.006314 0.000000
0.488881 -0.004716 0.000000
0.366686 0.006102 0.000000
-0.194666 0.032555 0.000000
0.141710 -0.021925 0.000000
0.438012 -0.007823 0.000000
0.229188 0.015220 0.000000
0.028258 0.025949 0.000000
0.403331 -0.009815 0.000000
-0.081642 -0.027709 0.000000
0.068217 -0.024385 0.000000
-0.075657 -0.027630 0.000000
0.434394 -0.008036 0.000000
-0.155018 -0.028225 0.000000
0.087582 0.023140 0.000000
-0.054994 -0.027317 0.000000
0.188096 -0.020145 0.000000
-0.188156 -0.028138 0.000000
0.168470 -0.020919 0.000000
0.305418 -0.014934 0.000000
0.241515 0.014459 0.000000
0.221597 -0.018759 0.000000
0.081497 0.023443 0.000000
-0.405111 0.025703 0.000000
0.178277 -0.020536 0.000000
-0.493965 0.004305 0.000000
0.260770 -0.017034 0.000000
-0.177223 -0.028190 0.000000
0.484350 -0.005002 0.000000
0.190908 -0.020032 0.000000
-0.261579 0.032706 0.000000
-0.398083 -0.021324 0.000000
-0.009316 0.027542 0.000000
-0.484967 -0.012914 0.000000
-0.079269 -0.027679 0.000000
0.003630 -0.026132 0.000000
0.114469 -0.022891 0.000000
0.389436 0.004458 0.000000
0.288687 -0.015737 0.000000
0.169022 -0.020897 0.000000
0.010132 0.026737 0.000000
-0.410785 -0.020575 0.000000
-0.186851 0.032466 0.000000
0.477705 -0.002317 0.000000
-0.147270 0.031821 0.000000
0.070551 -0.024314 0.000000
0.102280 0.022394 0.000000
0.491021 -0.004580 0.000000
0.122538 -0.022611 0.000000
-0.326705 -0.024819 0.000000
-0.413839 0.024612 0.000000
0.100315 -0.023368 0.000000
0.222840 0.015608 0.000000
0.175164 0.018427 0.000000
0.446956 0.000118 0.000000
-0.019249 -0.026643 0.000000
0.248860 0.014000 0.000000
-0.137587 0.031618 0.000000
0.002211 0.027070 0.000000
-0.437412 0.020992 0.000000
-0.105335 -0.027971 0.000000
0.380486 -0.011074 0.000000
0.392828 0.004210 0.000000
-0.407390 -0.020781 0.000000
-0.433683 -0.019043 0.000000
-0.097408 0.030600 0.000000
-0.322520 0.031556 0.000000
-0.110802 0.030968 0.000000
-0.238424 -0.027537 0.000000
0.282493 -0.016030 0.000000
-0.095882 -0.027877 0.000000
0.376732 -0.011277 0.000000
-0.431997 0.021921 0.000000
0.183734 0.017932 0.000000
-0.136161 0.031586 0.000000
0.113079 0.021833 0.000000
0.047215 -0.024999 0.000000
0.038998 0.025466 0.000000
0.480323 -0.005255 0.000000
-0.270672 -0.026802 0.000000
-0.293614 0.032312 0.000000
0.278884 0.012083 0.000000
0.230602 -0.018372 0.000000
0.015370 0.026512 0.000000
-0.091227 -0.027826 0.000000
-0.024837 -0.026759 0.000000
-0.032467 0.028443 0.000000
-0.454657 0.017551 0.000000
0.344208 0.007687 0.000000
-0.167672 0.032193 0.000000
0.399543 -0.010027 0.000000
-0.493931 0.004325 0.000000
-0.323201 0.031532 0.000000
0.215491 -0.019018 0.000000
-0.297660 -0.025946 0.000000
0.242924 0.014371 0.000000
-0.439168 0.020677 0.000000
0.435344 0.001016 0.000000
0.083170 0.023360 0.000000
0.400368 -0.009981 0.000000
-0.009762 -0.026438 0.000000
0.423137 -0.008690 0.000000
-0.121476 -0.028100 0.000000
-0.378984 0.028330 0.000000
-0.069619 -0.027544 0.000000
-0.258843 0.032724 0.000000
0.349663 -0.012710 0.000000
-0.452727 -0.017455 0.000000
-0.381367 0.028125 0.000000
0.043548 -0.025102 0.000000
0.229190 0.015220 0.000000
0.040565 0.025394 0.000000
0.076564 -0.024129 0.000000
-0.397407 -0.021363 0.000000
-0.356199 0.029972 0.000000
0.279323 -0.016179 0.000000
0.061303 -0.024592 0.000000
0.477955 -0.002337 0.000000
-0.008722 -0.026415 0.000000
0.221705 0.015677 0.000000
0.441680 -0.007607 0.000000
-0.058059 0.029362 0.000000
-0.442069 0.020140 0.000000
0.228401 0.015269 0.000000
-0.364479 -0.023096 0.000000
-0.125580 -0.028126 0.000000
-0.372479 0.028854 0.000000
0.176620 -0.020601 0.000000
-0.217242 -0.027865 0.000000
-0.172630 -0.028206 0.000000
0.078572 -0.024067 0.000000
0.384270 0.004835 0.000000
0.360117 -0.012163 0.000000
0.128000 -0.022419 0.000000
-0.142959 -0.028203 0.000000
-0.293037 0.032323 0.000000
-0.232533 -0.027640 0.000000
0.267179 0.012838 0.000000
0.204688 -0.019469 0.000000
0.132370 -0.022263 0.000000
-0.135439 0.031570 0.000000
-0.047089 -0.027182 0.000000
-0.100107 0.030676 0.000000
-0.330268 0.031269 0.000000
-0.492795 -0.010683 0.000000
0.346059 0.007558 0.000000
0.023105 -0.025650 0.000000
-0.148464 -0.028216 0.000000
0.482610 -0.005111 0.000000
-0.380433 -0.022286 0.000000
-0.420930 -0.019932 0.000000
0.288896 0.011429 0.000000
0.268249 0.012769 0.000000
-0.118704 0.031172 0.000000
-0.081142 0.030116 0.000000
-0.399542 0.026340 0.000000
0.347669 0.007446 0.000000
0.104024 0.022304 0.000000
-0.422284 0.023436 0.000000
0.446321 -0.007331 0.000000
-0.463869 -0.016281 0.000000
0.406165 -0.009656 0.000000
-0.229332 -0.027692 0.000000
-0.003401 -0.026295 0.000000
0.319632 0.009377 0.000000
0.434861 0.001054 0.000000
0.488155 -0.003164 0.000000
-0.315444 -0.025278 0.000000
-0.259440 -0.027093 0.000000
-0.318217 0.031699 0.000000
0.333262 0.008446 0.000000
-0.203640 0.032640 0.000000
0.185591 0.017825 0.000000
-0.360131 -0.023308 0.000000
0.259143 -0.017108 0.000000
0.381964 0.005003 0.000000
-0.091237 0.030421 0.000000
0.134555 -0.022185 0.000000
-0.013430 -0.026519 0.000000
0.010451 0.026723 0.000000
0.087808 0.023129 0.000000
-0.181282 -0.028174 0.000000
0.130160 0.020927 0.000000
0.275068 0.012330 0.000000
-0.277637 0.032555 0.000000
0.028961 -0.025497 0.000000
0.262889 -0.016938 0.000000
-0.084772 -0.027749 0.000000
0.199494 -0.019683 0.000000
-0.417966 0.024053 0.000000
-0.046023 -0.027163 0.000000
-0.139340 0.031655 0.000000
0.102763 -0.023287 0.000000
-0.277495 0.032557 0.000000
0.093607 -0.023588 0.000000
0.206851 -0.019379 0.000000
-0.401169 0.026158 0.000000
0.442423 0.000470 0.000000
-0.251896 0.032759 0.000000
0.412464 -0.009300 0.000000
0.124768 0.021216 0.000000
0.164952 -0.021054 0.000000
-0.269200 0.032646 0.000000
0.330412 -0.013695 0.000000
0.059259 -0.024652 0.000000
-0.441279 0.020288 0.000000
0.391744 0.004289 0.000000
-0.214590 -0.027899 0.000000
0.405142 -0.009714 0.000000
-0.486717 0.007910 0.000000
-0.366195 -0.023011 0.000000
0.056658 -0.024728 0.000000
0.330507 0.008635 0.000000
-0.478153 -0.014261 0.000000
0.193011 0.017391 0.000000
-0.196339 0.032572 0.000000
-0.384126 0.027880 0.000000
0.304129 0.010421 0.000000
0.259900 -0.017074 0.000000
0.436180 0.000952 0.000000
-0.471872 0.013125 0.000000
-0.246562 0.032776 0.000000
-0.106052 -0.027978 0.000000
-0.387990 -0.021884 0.000000
0.386960 -0.010722 0.000000
0.266794 -0.016759 0.000000
-0.488083 -0.012148 0.000000
-0.488166 -0.012126 0.000000
-0.124618 -0.028120 0.000000
0.374632 0.005532 0.000000
-0.186330 -0.028148 0.000000
0.378689 0.005240 0.000000
-0.239272 -0.027522 0.000000
0.000044 0.027160 0.000000
0.116122 0.021674 0.000000
-0.211198 -0.027937 0.000000
-0.094952 0.030529 0.000000
-0.056849 -0.027347 0.000000
-0.274380 0.032594 0.000000
-0.437302 0.021012 0.000000
-0.253544 0.032752 0.000000
-0.179377 0.032369 0.000000
-0.418613 -0.020083 0.000000
-0.335987 -0.024421 0.000000
0.158920 -0.021284 0.000000
0.417938 -0.008988 0.000000
0.418341 0.002311 0.000000
0.430950 -0.008237 0.000000
0.120612 0.021437 0.000000
0.397095 0.003896 0.000000
0.171659 0.018627 0.000000
0.461252 -0.001004 0.000000
-0.084347 0.030214 0.000000
-0.035896 -0.026977 0.000000
-0.465689 -0.016064 0.000000
0.086891 0.023175 0.000000
0.188135 -0.020144 0.000000
-0.136894 -0.028182 0.000000
-0.026843 -0.026800 0.000000
0.494398 -0.003675 0.000000
-0.280240 -0.026522 0.000000
0.089442 0.023047 0.000000
0.147277 -0.021720 0.000000
0.278483 -0.016218 0.000000
-0.340813 0.030806 0.000000
0.303773 0.010445 0.000000
0.422077 -0.008751 0.000000
-0.041991 -0.027090 0.000000
0.002695 -0.026153 0.000000
0.305225 0.010348 0.000000
-0.180390 0.032383 0.000000
0.236980 0.014740 0.000000
0.128132 0.021036 0.000000
-0.492239 0.005283 0.000000
-0.372301 -0.022706 0.000000
0.331582 -0.013636 0.000000
-0.454815 -0.017253 0.000000
0.454922 -0.000505 0.000000
0.060819 0.024449 0.000000
-0.302854 -0.025759 0.000000
-0.253109 0.032754 0.000000
-0.131885 0.031490 0.000000
-0.323074 0.031537 0.000000
-0.046366 0.028953 0.000000
-0.145167 0.031778 0.000000
0.207913 -0.019335 0.000000
0.307807 -0.014817 0.000000
0.333649 0.008419 0.000000
0.089200 0.023059 0.000000
0.326793 0.008890 0.000000
-0.259367 0.032720 0.000000
0.478379 -0.002372 0.000000
-0.303465 0.032105 0.000000
-0.399046 -0.021269 0.000000
0.478672 -0.005358 0.000000
-0.459904 0.016327 0.000000
0.245232 -0.017731 0.000000
0.182133 -0.020383 0.000000
0.088255 -0.023761 0.000000
-0.009257 0.027540 0.000000
0.255383 -0.017278 0.000000
-0.043176 -0.027112 0.000000
0.267161 -0.016742 0.000000
0.129719 0.020951 0.000000
0.479294 -0.005319 0.000000
0.157017 0.019454 0.000000
0.138022 0.020502 0.000000
0.019028 0.026354 0.000000
-0.214106 -0.027905 0.000000
-0.071212 -0.027567 0.000000
0.438745 0.000755 0.000000
-0.268026 -0.026873 0.000000
-0.246058 -0.027390 0.000000
-0.478327 0.011082 0.000000
-0.276337 -0.026640 0.000000
-0.105879 -0.027977 0.000000
0.189839 -0.020075 0.000000
0.312420 -0.014591 0.000000
-0.437731 -0.018736 0.000000
-0.038840 0.028680 0.000000
0.160535 -0.021223 0.000000
0.244939 0.014245 0.000000
0.221576 0.015685 0.000000
-0.479606 -0.014003 0.000000
0.253304 -0.017371 0.000000
-0.286390 0.032436 0.000000
0.096207 -0.023503 0.000000
0.183192 -0.020341 0.000000
-0.108839 0.030917 0.000000
-0.271331 0.032624 0.000000
0.032095 -0.025414 0.000000
-0.168775 -0.028216 0.000000
0.082902 -0.023931 0.000000
0.125935 0.021154 0.000000
-0.230779 -0.027669 0.000000
0.365264 -0.011891 0.000000
0.389586 0.004447 0.000000
-0.193244 0.032540 0.000000
-0.459408 -0.016782 0.000000
-0.226189 -0.027741 0.000000
0.161004 -0.021205 0.000000
-0.101832 0.030725 0.000000
-0.400180 0.026269 0.000000
-0.225833 0.032769 0.000000
-0.452124 -0.017512 0.000000
-0.434102 -0.019012 0.000000
0.367542 -0.011770 0.000000
0.160753 0.019245 0.000000
-0.382098 0.028062 0.000000
-0.139367 0.031656 0.000000
0.215101 0.016077 0.000000
0.383890 0.004863 0.000000
0.173640 -0.020718 0.000000
0.116640 0.021647 0.000000
0.406959 0.003165 0.000000
0.029338 0.025901 0.000000
-0.451100 -0.017608 0.000000
0.048151 0.025045 0.000000
-0.120237 -0.028092 0.000000
0.343280 -0.013039 0.000000
0.448979 -0.000040 0.000000
-0.359395 -0.023343 0.000000
0.222439 0.015633 0.000000
0.190402 0.017544 0.000000
0.095385 0.022746 0.000000
0.125387 -0.022511 0.000000
0.288130 0.011479 0.000000
-0.240723 -0.027496 0.000000
0.366782 -0.011810 0.000000
0.413952 -0.009216 0.000000
0.184108 -0.020305 0.000000
-0.477294 -0.014408 0.000000
-0.434522 -0.018980 0.000000
0.022248 -0.025672 0.000000
-0.139131 0.031651 0.000000
0.474203 -0.005636 0.000000
-0.263210 -0.026999 0.000000
-0.336299 0.031014 0.000000
0.328266 0.008789 0.000000
-0.480203 -0.013893 0.000000
0.081933 0.023422 0.000000
0.096316 0.022699 0.000000
-0.358412 -0.023391 0.000000
0.063905 -0.024514 0.000000
-0.135423 0.031569 0.000000
0.184085 -0.020306 0.000000
-0.210713 -0.027943 0.000000
-0.146883 -0.028213 0.000000
-0.457230 -0.017010 0.000000
-0.495008 0.003660 0.000000
-0.450657 0.018423 0.000000
-0.235756 0.032787 0.000000
-0.499169 0.000251 0.000000
-0.497197 0.002100 0.000000
0.363251 -0.011998 0.000000
-0.152202 -0.028222 0.000000
0.211890 0.016270 0.000000
-0.447653 0.019047 0.000000
-0.431652 -0.019192 0.000000
-0.394433 0.026885 0.000000
-0.116937 0.031128 0.000000
-0.482953 -0.013351 0.000000
0.023736 -0.025634 0.000000
0.144836 -0.021811 0.000000
-0.248482 -0.027340 0.000000
0.075900 0.023719 0.000000
0.317597 0.009515 0.000000
-0.370831 -0.022780 0.000000
-0.162767 -0.028224 0.000000
-0.337037 -0.024374 0.000000
0.051224 0.024902 0.000000
-0.064205 0.029570 0.000000
-0.144972 0.031774 0.000000
-0.029118 -0.026845 0.000000
0.393637 -0.010354 0.000000
-0.266319 0.032670 0.000000
-0.193416 -0.028103 0.000000
-0.107209 -0.027989 0.000000
0.228586 -0.018459 0.000000
-0.166686 -0.028219 0.000000
-0.223887 0.032764 0.000000
-0.105679 0.030831 0.000000
-0.461588 0.015914 0.000000
-0.417093 0.024174 0.000000
-0.301081 0.032160 0.000000
0.275394 -0.016362 0.000000
-0.211634 -0.027933 0.000000
0.122894 0.021316 0.000000
0.041735 -0.025152 0.000000
0.317581 -0.014336 0.000000
0.276453 0.012241 0.000000
0.171920 -0.020785 0.000000
0.210272 -0.019237 0.000000
0.378507 -0.011182 0.000000
0.086130 -0.023829 0.000000
-0.370957 0.028969 0.000000
-0.299222 0.032200 0.000000
0.145495 -0.021786 0.000000
0.285352 -0.015895 0.000000
0.495786 -0.004276 0.000000
0.069421 -0.024349 0.000000
0.413423 -0.009246 0.000000
-0.354046 0.030102 0.000000
0.111922 -0.022978 0.000000
-0.099792 -0.027918 0.000000
-0.037582 0.028634 0.000000
-0.124377 -0.028119 0.000000
-0.328024 -0.024763 0.000000
0.374114 0.005570 0.000000
-0.006529 -0.026366 0.000000
-0.194995 0.032558 0.000000
-0.305416 -0.025664 0.000000
-0.304160 0.032089 0.000000
-0.121286 0.031237 0.000000
-0.418247 -0.020107 0.000000
0.202347 -0.019566 0.000000
0.109309 0.022030 0.000000
-0.456625 -0.017072 0.000000
0.282056 0.011877 0.000000
0.370811 -0.011595 0.000000
-0.127833 0.031395 0.000000
0.494426 -0.003678 0.000000
-0.124921 0.031326 0.000000
-0.170725 0.032241 0.000000
-0.375779 0.028594 0.000000
-0.207125 0.032668 0.000000
0.008632 -0.026012 0.000000
0.001462 0.027101 0.000000
-0.375394 0.028624 0.000000
0.026226 -0.025569 0.000000
0.488258 -0.003173 0.000000
0.212759 0.016218 0.000000
-0.184899 -0.028155 0.000000
-0.456593 0.017110 0.000000
-0.361015 0.029668 0.000000
-0.312405 0.031875 0.000000
0.046257 0.025133 0.000000
0.156026 -0.021394 0.000000
-0.059903 -0.027396 0.000000
-0.248216 0.032771 0.000000
0.485817 -0.004910 0.000000
-0.337392 -0.024359 0.000000
0.218148 -0.018906 0.000000
0.070236 -0.024324 0.000000
-0.282591 -0.026450 0.000000
0.142474 0.020259 0.000000
0.449658 -0.000093 0.000000
-0.094598 -0.027863 0.000000
0.270742 -0.016577 0.000000
-0.342715 0.030715 0.000000
-0.271672 0.032621 0.000000
-0.290857 -0.026181 0.000000
-0.054804 -0.027313 0.000000
-0.398367 0.026468 0.000000
-0.024855 0.028154 0.000000
0.348245 0.007405 0.000000
0.295696 0.010981 0.000000
-0.277828 -0.026596 0.000000
0.446076 -0.007346 0.000000
-0.043276 0.028842 0.000000
-0.460526 -0.016661 0.000000
-0.477549 -0.014365 0.000000
-0.214784 0.032720 0.000000
-0.065865 0.029626 0.000000
-0.389943 0.027335 0.000000
0.286488 -0.015842 0.000000
0.195957 -0.019828 0.000000
0.155688 -0.021406 0.000000
0.161191 -0.021198 0.000000
0.496895 -0.004205 0.000000
-0.174641 -0.028200 0.000000
0.286145 -0.015858 0.000000
0.393778 0.004140 0.000000
-0.103613 0.030775 0.000000
-0.046779 0.028968 0.000000
-0.162021 -0.028225 0.000000
0.120859 0.021424 0.000000
-0.024699 -0.026756 0.000000
0.111047 0.021940 0.000000
-0.309714 0.031948 0.000000
0.358328 -0.012257 0.000000
0.425355 0.001780 0.000000
-0.291009 -0.026176 0.000000
0.032812 0.025745 0.000000
-0.195599 -0.028086 0.000000
0.054427 -0.024793 0.000000
-0.011650 -0.026480 0.000000
0.401366 -0.009925 0.000000
0.477274 -0.002283 0.000000
-0.282715 0.032489 0.000000
0.389833 -0.010564 0.000000
-0.153782 0.031948 0.000000
-0.406952 0.025483 0.000000
0.003283 0.027025 0.000000
0.489440 -0.004680 0.000000
-0.355747 0.030000 0.000000
0.188937 -0.020112 0.000000
0.047034 0.025097 0.000000
-0.418941 -0.020062 0.000000
0.232587 -0.018286 0.000000
-0.036188 0.028582 0.000000
0.131852 -0.022282 0.000000
-0.227974 -0.027714 0.000000
-0.320491 -0.025076 0.000000
-0.397533 0.026558 0.000000
-0.477908 0.011224 0.000000
0.016993 0.026442 0.000000
0.078555 0.023589 0.000000
0.487852 -0.004781 0.000000
0.051743 -0.024870 0.000000
-0.425452 -0.019628 0.000000
0.116228 0.021668 0.000000
0.114743 0.021746 0.000000
-0.138752 0.031643 0.000000
0.247910 0.014059 0.000000
0.182359 -0.020374 0.000000
-0.018533 0.027908 0.000000
0.101726 0.022422 0.000000
-0.410214 -0.020610 0.000000
0.250163 -0.017512 0.000000
0.267262 0.012833 0.000000
-0.142131 -0.028200 0.000000
0.421834 0.002047 0.000000
0.370292 -0.011623 0.000000
0.168199 0.018824 0.000000
0.473694 -0.001995 0.000000
-0.083786 -0.027736 0.000000
0.304514 0.010395 0.000000
-0.307061 0.032019 0.000000
0.158642 -0.021295 0.000000
-0.320960 0.031610 0.000000
-0.441236 0.020296 0.000000
0.496218 -0.003825 0.000000
0.019878 0.026317 0.000000
-0.254175 -0.027216 0.000000
0.047293 0.025085 0.000000
-0.327366 -0.024791 0.000000
-0.189335 -0.028130 0.000000
-0.153362 0.031940 0.000000
-0.332745 0.031166 0.000000
-0.209937 0.032689 0.000000
-0.267188 0.032663 0.000000
-0.326176 0.031426 0.000000
0.015320 -0.025847 0.000000
-0.362022 -0.023216 0.000000
0.286910 -0.015822 0.000000
0.020615 0.026285 0.000000
-0.244395 0.032782 0.000000
-0.019728 0.027955 0.000000
0.305827 -0.014914 0.000000
0.275803 0.012283 0.000000
0.132631 0.020794 0.000000
-0.464905 -0.016158 0.000000
-0.347919 -0.023884 0.000000
-0.087794 0.030319 0.000000
-0.456263 0.017186 0.000000
-0.460071 0.016287 0.000000
-0.228904 0.032777 0.000000
0.425580 0.001763 0.000000
0.283203 -0.015997 0.000000
0.498936 -0.004049 0.000000
0.307908 0.010168 0.000000
-0.341097 0.030792 0.000000
-0.345133 0.030592 0.000000
0.020762 0.026279 0.000000
-0.330170 -0.024672 0.000000
0.321620 0.009242 0.000000
0.397162 -0.010159 0.000000
-0.031279 -0.026888 0.000000
0.203837 -0.019504 0.000000
-0.271505 0.032623 0.000000
0.265343 0.012955 0.000000
0.278541 0.012105 0.000000
0.412364 0.002761 0.000000
-0.134184 -0.028170 0.000000
-0.158119 -0.028225 0.000000
-0.119621 0.031196 0.000000
0.454600 -0.000480 0.000000
-0.244742 0.032781 0.000000
-0.321752 0.031583 0.000000
0.402589 0.003490 0.000000
0.299862 0.010705 0.000000
0.309837 -0.014718 0.000000
0.089721 0.023033 0.000000
0.120954 0.021419 0.000000
0.391267 0.004324 0.000000
0.299778 0.010711 0.000000
-0.069686 0.029751 0.000000
0.382383 0.004972 0.000000
0.320649 0.009308 0.000000
0.081253 0.023455 0.000000
-0.069668 0.029750 0.000000
-0.072888 -0.027591 0.000000
-0.060142 -0.027400 0.000000
0.398199 0.003814 0.000000
-0.206313 0.032662 0.000000
-0.281322 -0.026489 0.000000
-0.227503 0.032774 0.000000
-0.144920 -0.028208 0.000000
0.259648 -0.017085 0.000000
-0.491590 0.005626 0.000000
0.073484 -0.024225 0.000000
0.079621 -0.024034 0.000000
0.057363 -0.024707 0.000000
-0.423525 0.023253 0.000000
0.324534 0.009044 0.000000
0.256111 -0.017245 0.000000
0.173152 0.018542 0.000000
0.307919 0.010167 0.000000
-0.152169 -0.028222 0.000000
-0.131180 -0.028157 0.000000
-0.334559 -0.024483 0.000000
0.332310 0.008511 0.000000
-0.161903 -0.028225 0.000000
-0.497437 -0.008499 0.000000
0.202951 0.016805 0.000000
0.250299 0.013909 0.000000
-0.210851 0.032696 0.000000
0.327555 -0.013839 0.000000
0.358324 0.006696 0.000000
0.430453 0.001391 0.000000
-0.486192 -0.012627 0.000000
0.292229 -0.015569 0.000000
0.328751 -0.013779 0.000000
0.316559 -0.014387 0.000000
-0.065395 0.029610 0.000000
-0.101171 -0.027932 0.000000
0.031069 0.025824 0.000000
0.377164 -0.011254 0.000000
0.126457 0.021126 0.000000
-0.073518 -0.027600 0.000000
0.030628 -0.025453 0.000000
0.081135 -0.023987 0.000000
-0.298364 -0.025922 0.000000
0.093270 0.022853 0.000000
0.349963 -0.012694 0.000000
-0.161987 -0.028225 0.000000
-0.243076 0.032784 0.000000
0.386868 -0.010727 0.000000
-0.243003 0.032784 0.000000
0.002339 -0.026162 0.000000
0.169103 -0.020894 0.000000
-0.255498 0.032743 0.000000
-0.354959 -0.023555 0.000000
-0.045972 -0.027162 0.000000
-0.487343 0.007640 0.000000
0.108526 -0.023093 0.000000
-0.380220 -0.022298 0.000000
0.344560 0.007663 0.000000
-0.320488 -0.025076 0.000000
-0.269492 0.032643 0.000000
-0.009926 0.027567 0.000000
-0.024601 0.028145 0.000000
0.482105 -0.005143 0.000000
-0.337999 0.030938 0.000000
0.229527 -0.018419 0.000000
-0.484209 0.008938 0.000000
-0.452042 -0.017520 0.000000
-0.185500 -0.028152 0.000000
0.488428 -0.003187 0.000000
0.270088 -0.016607 0.000000
0.281104 -0.016095 0.000000
-0.448261 0.018922 0.000000
-0.316079 0.031767 0.000000
0.008063 0.026824 0.000000
0.228635 0.015254 0.000000
-0.065258 -0.027479 0.000000
-0.266544 -0.026913 0.000000
-0.113195 -0.028040 0.000000
0.168624 -0.020913 0.000000
0.423582 -0.008664 0.000000
0.119139 0.021515 0.000000
-0.403927 0.025842 0.000000
0.175741 0.018393 0.000000
0.329282 0.008719 0.000000
-0.369470 -0.022848 0.000000
-0.435049 0.021406 0.000000
-0.014644 -0.026545 0.000000
0.074427 0.023792 0.000000
-0.128899 -0.028144 0.000000
0.239898 -0.017967 0.000000
0.050259 0.024947 0.000000
-0.105957 0.030838 0.000000
0.037178 0.025548 0.000000
0.275808 0.012282 0.000000
-0.075664 0.029944 0.000000
0.158683 -0.021293 0.000000
-0.011671 -0.026480 0.000000
0.391937 0.004275 0.000000
-0.304971 -0.025681 0.000000
0.203069 0.016797 0.000000
0.029979 0.025872 0.000000
-0.320430 0.031627 0.000000
0.206433 -0.019397 0.000000
-0.473338 -0.015034 0.000000
-0.311455 0.031902 0.000000
-0.089434 -0.027805 0.000000
-0.127228 0.031381 0.000000
-0.286507 -0.026325 0.000000
0.340277 -0.013193 0.000000
0.094492 -0.023559 0.000000
0.483763 -0.005039 0.000000
0.149574 -0.021635 0.000000
-0.289202 0.032390 0.000000
0.292748 0.011176 0.000000
0.084583 0.023290 0.000000
-0.134817 -0.028173 0.000000
0.235740 0.014817 0.000000
0.431617 -0.008198 0.000000
-0.212325 -0.027925 0.000000
0.476854 -0.005471 0.000000
-0.130662 0.031461 0.000000
-0.022061 0.028046 0.000000
-0.231410 0.032783 0.000000
0.002314 0.027065 0.000000
0.111297 -0.022999 0.000000
-0.431874 -0.019176 0.000000
-0.382438 -0.022181 0.000000
0.442085 -0.007583 0.000000
-0.127149 -0.028135 0.000000
-0.299762 -0.025871 0.000000
-0.494746 -0.009902 0.000000
0.297232 0.010879 0.000000
-0.324236 0.031496 0.000000
0.087132 -0.023797 0.000000
-0.046663 0.028963 0.000000
-0.094577 0.030518 0.000000
0.206202 -0.019406 0.000000
-0.337926 -0.024335 0.000000
-0.065375 0.029609 0.000000
0.357220 -0.012315 0.000000
0.265523 0.012944 0.000000
0.343224 -0.013042 0.000000
-0.280276 0.032523 0.000000
0.316763 0.009572 0.000000
0.376192 0.005420 0.000000
0.275090 0.012329 0.000000
-0.095069 -0.027868 0.000000
-0.276137 -0.026645 0.000000
-0.021017 0.028006 0.000000
-0.299585 0.032192 0.000000
0.436565 0.000923 0.000000
-0.064253 -0.027464 0.000000
-0.445018 -0.018147 0.000000
-0.375445 -0.022545 0.000000
0.461430 -0.001018 0.000000
0.145537 -0.021785 0.000000
-0.105816 0.030835 0.000000
0.211825 -0.019172 0.000000
-0.444669 -0.018176 0.000000
0.020071 0.026309 0.000000
0.160719 0.019247 0.000000
-0.403280 -0.021024 0.000000
0.095383 -0.023530 0.000000
0.012552 0.026633 0.000000
-0.159234 0.032048 0.000000
0.054356 -0.024795 0.000000
0.023242 -0.025646 0.000000
-0.452020 -0.017522 0.000000
0.012169 0.026650 0.000000
0.316681 -0.014381 0.000000
-0.023533 0.028103 0.000000
-0.089612 0.030373 0.000000
0.256502 -0.017227 0.000000
0.085034 -0.023864 0.000000
0.201314 -0.019608 0.000000
-0.404769 -0.020937 0.000000
0.271712 0.012547 0.000000
-0.303210 -0.025746 0.000000
0.043322 0.025268 0.000000
0.200177 -0.019655 0.000000
0.127140 -0.022449 0.000000
0.474498 -0.002059 0.000000
0.225962 0.015418 0.000000
0.325711 0.008964 0.000000
0.015034 0.026527 0.000000
0.445541 -0.007378 0.000000
0.290521 -0.015650 0.000000
0.340383 0.007953 0.000000
-0.346679 0.030513 0.000000
0.195588 -0.019843 0.000000
-0.464357 -0.016224 0.000000
-0.015400 -0.026562 0.000000
0.388246 0.004545 0.000000
0.307549 0.010192 0.000000
0.426910 -0.008472 0.000000
-0.147260 -0.028213 0.000000
0.134139 -0.022200 0.000000
0.392804 0.004212 0.000000
-0.458092 0.016761 0.000000
-0.321994 -0.025014 0.000000
0.116349 -0.022826 0.000000
-0.357514 -0.023434 0.000000
-0.470652 -0.015419 0.000000
-0.280059 -0.026527 0.000000
0.307500 -0.014832 0.000000
-0.300274 -0.025853 0.000000
-0.021247 -0.026685 0.000000
0.118630 -0.022747 0.000000
0.104775 0.022265 0.000000
-0.002023 0.027245 0.000000
-0.372331 0.028865 0.000000
0.055380 0.024707 0.000000
0.414889 0.002571 0.000000
-0.003167 0.027292 0.000000
-0.049742 0.029073 0.000000
0.129113 0.020983 0.000000
-0.365325 0.029378 0.000000
-0.075497 0.029938 0.000000
0.386994 -0.010720 0.000000
0.205785 0.016636 0.000000
-0.191390 -0.028116 0.000000
-0.182812 -0.028166 0.000000
0.110610 -0.023023 0.000000
-0.407029 -0.020803 0.000000
-0.275531 -0.026663 0.000000
0.210847 0.016333 0.000000
-0.069049 -0.027536 0.000000
-0.266994 -0.026901 0.000000
-0.270009 -0.026819 0.000000
-0.483672 -0.013200 0.000000
0.317937 0.009492 0.000000
-0.455879 -0.017147 0.000000
0.249957 -0.017521 0.000000
0.231506 -0.018333 0.000000
-0.078610 -0.027670 0.000000
-0.318316 -0.025164 0.000000
0.446661 -0.007311 0.000000
0.107389 0.022130 0.000000
-0.381786 -0.022215 0.000000
0.080683 0.023484 0.000000
0.075807 0.023724 0.000000
-0.498428 0.001025 0.000000
-0.425713 0.022922 0.000000
-0.152164 -0.028222 0.000000
-0.390742 -0.021734 0.000000
0.095854 0.022722 0.000000
0.131154 0.020874 0.000000
-0.023711 0.028110 0.000000
0.287840 0.011498 0.000000
-0.256601 0.032738 0.000000
-0.489384 -0.011787 0.000000
-0.127257 0.031382 0.000000
0.218344 0.015881 0.000000
0.000210 0.027153 0.000000
-0.092447 0.030457 0.000000
-0.315160 -0.025290 0.000000
0.215818 0.016034 0.000000
0.420388 0.002157 0.000000
0.124185 -0.022553 0.000000
-0.173556 -0.028203 0.000000
0.283275 0.011797 0.000000
0.398944 -0.010060 0.000000
-0.029226 0.028321 0.000000
0.102578 0.022379 0.000000
-0.072993 0.029858 0.000000
0.201017 0.016919 0.000000
-0.002978 -0.026285 0.000000
0.231812 -0.018320 0.000000
0.464054 -0.006261 0.000000
-0.351748 0.030235 0.000000
0.056042 -0.024746 0.000000
-0.406855 -0.020813 0.000000
0.119823 0.021479 0.000000
-0.016397 -0.026583 0.000000
0.026576 0.026023 0.000000
-0.392833 -0.021619 0.000000
0.425333 -0.008563 0.000000
-0.090594 -0.027819 0.000000
-0.346745 0.030509 0.000000
0.177695 -0.020559 0.000000
-0.026220 -0.026787 0.000000
-0.438213 0.020850 0.000000
-0.456555 -0.017079 0.000000
0.472633 -0.001910 0.000000
-0.416241 0.024290 0.000000
0.339245 -0.013246 0.000000
-0.445716 -0.018087 0.000000
-0.483051 -0.013331 0.000000
0.120200 -0.022693 0.000000
0.110938 0.021945 0.000000
0.226754 -0.018538 0.000000
0.369726 -0.011653 0.000000
-0.449492 -0.017755 0.000000
0.194055 0.017330 0.000000
-0.133644 -0.028168 0.000000
0.107343 0.022132 0.000000
0.297491 0.010862 0.000000
-0.354183 -0.023592 0.000000
-0.332592 -0.024568 0.000000
0.389757 -0.010568 0.000000
0.171208 -0.020813 0.000000
0.303365 0.010472 0.000000
0.458130 -0.006622 0.000000
0.108384 0.022078 0.000000
-0.042209 0.028803 0.000000
-0.077904 -0.027660 0.000000
0.180626 -0.020443 0.000000
0.115568 -0.022853 0.000000
-0.318353 0.031695 0.000000
0.396643 0.003929 0.000000
0.141128 0.020333 0.000000
0.118382 0.021555 0.000000
-0.142740 0.031728 0.000000
0.114764 -0.022881 0.000000
-0.253330 -0.027236 0.000000
0.458036 -0.000750 0.000000
-0.469902 -0.015521 0.000000
-0.132047 -0.028161 0.000000
0.116698 -0.022814 0.000000
0.338078 -0.013306 0.000000
0.378448 0.005257 0.000000
-0.060258 0.029438 0.000000
0.043232 0.025272 0.000000
-0.264209 -0.026974 0.000000
0.341804 0.007855 0.000000
0.086541 -0.023816 0.000000
-0.122841 -0.028109 0.000000
-0.458790 -0.016847 0.000000
0.246982 0.014117 0.000000
-0.500805 -0.002654 0.000000
-0.154487 0.031962 0.000000
-0.411436 0.024924 0.000000
-0.321617 0.031588 0.000000
0.311237 -0.014649 0.000000
0.042029 0.025327 0.000000
-0.476497 -0.014540 0.000000
0.264166 0.013031 0.000000
-0.458444 0.016678 0.000000
0.337272 0.008169 0.000000
0.077683 0.023632 0.000000
0.196559 -0.019803 0.000000
-0.107978 -0.027996 0.000000
-0.128556 0.031412 0.000000
-0.134962 -0.028174 0.000000
-0.198441 -0.028063 0.000000
-0.089722 -0.027808 0.000000
0.355609 0.006888 0.000000
0.022878 -0.025656 0.000000
-0.334181 -0.024499 0.000000
-0.260291 -0.027072 0.000000
-0.003066 -0.026287 0.000000
0.097280 -0.023468 0.000000
0.445724 -0.007367 0.000000
-0.109690 0.030939 0.000000
-0.424753 -0.019676 0.000000
0.401315 -0.009928 0.000000
-0.129410 0.031432 0.000000
0.217673 0.015922 0.000000
0.097327 0.022647 0.000000
-0.426072 0.022867 0.000000
-0.082871 0.030169 0.000000
0.032922 0.025740 0.000000
-0.193321 -0.028103 0.000000
-0.394008 0.026929 0.000000
0.266159 0.012903 0.000000
-0.457994 0.016784 0.000000
0.357752 0.006737 0.000000
-0.142346 0.031719 0.000000
0.002710 -0.026153 0.000000
0.084835 0.023277 0.000000
0.056949 -0.024720 0.000000
-0.350699 0.030295 0.000000
-0.072284 -0.027583 0.000000
0.296912 -0.015345 0.000000
0.466176 -0.001394 0.000000
-0.107754 0.030887 0.000000
-0.024623 -0.026755 0.000000
-0.500543 -0.005336 0.000000
0.261282 0.013215 0.000000
-0.242046 -0.027470 0.000000
-0.170505 -0.028211 0.000000
-0.039289 0.028697 0.000000
-0.072583 0.029845 0.000000
0.125607 0.021171 0.000000
0.315721 0.009642 0.000000
0.105385 -0.023199 0.000000
0.014564 0.026547 0.000000
0.167969 -0.020938 0.000000
0.106206 -0.023171 0.000000
0.335889 -0.013417 0.000000
-0.211339 0.032699 0.000000
-0.149053 0.031857 0.000000
0.317215 -0.014355 0.000000
0.418924 0.002267 0.000000
0.105213 -0.023205 0.000000
0.215900 0.016029 0.000000
-0.165213 0.032152 0.000000
-0.206273 0.032662 0.000000
-0.134248 -0.028171 0.000000
-0.172012 -0.028207 0.000000
-0.249793 -0.027312 0.000000
0.456711 -0.006708 0.000000
-0.224714 -0.027762 0.000000
-0.124887 -0.028122 0.000000
-0.308406 0.031983 0.000000
-0.202312 0.032628 0.000000
-0.159294 -0.028225 0.000000
0.295784 0.010975 0.000000
0.082496 0.023394 0.000000
-0.170097 0.032231 0.000000
-0.139746 -0.028192 0.000000
-0.147637 0.031828 0.000000
0.497191 -0.004186 0.000000
-0.330689 0.031252 0.000000
0.273568 -0.016447 0.000000
0.111639 -0.022988 0.000000
0.115934 -0.022840 0.000000
-0.452109 0.018112 0.000000
-0.334679 -0.024478 0.000000
-0.320646 -0.025069 0.000000
-0.315288 -0.025284 0.000000
-0.303996 -0.025717 0.000000
0.482020 -0.002666 0.000000
-0.295505 -0.026022 0.000000
-0.119804 0.031200 0.000000
0.042517 0.025305 0.000000
0.054306 -0.024796 0.000000
0.034311 0.025678 0.000000
0.124940 -0.022527 0.000000
-0.074113 0.029894 0.000000
-0.452577 -0.017469 0.000000
0.455379 -0.006788 0.000000
-0.215163 0.032722 0.000000
-0.000753 0.027193 0.000000
-0.439218 0.020668 0.000000
-0.138195 -0.028187 0.000000
0.440916 -0.007652 0.000000
0.118716 -0.022744 0.000000
-0.376045 0.028573 0.000000
-0.411508 -0.020531 0.000000
-0.473072 -0.015073 0.000000
-0.308365 -0.025554 0.000000
-0.318707 -0.025148 0.000000
-0.492036 -0.010953 0.000000
-0.258447 0.032726 0.000000
-0.178726 -0.028185 0.000000
0.383583 -0.010906 0.000000
-0.337181 0.030974 0.000000
-0.321965 -0.025016 0.000000
0.222384 -0.018725 0.000000
-0.322644 0.031552 0.000000
0.065268 0.024236 0.000000
0.266804 0.012862 0.000000
0.412408 0.002757 0.000000
0.158498 0.019371 0.000000
-0.143869 0.031752 0.000000
-0.478165 -0.014259 0.000000
-0.083057 0.030175 0.000000
0.341717 0.007861 0.000000
0.487581 -0.003118 0.000000
-0.066811 -0.027503 0.000000
0.147661 0.019974 0.000000
-0.016573 -0.026587 0.000000
-0.462858 0.015595 0.000000
0.164087 -0.021087 0.000000
0.317900 -0.014321 0.000000
-0.120602 0.031220 0.000000
0.173900 0.018499 0.000000
0.018800 -0.025760 0.000000
-0.057701 -0.027361 0.000000
-0.208137 0.032676 0.000000
0.427723 -0.008425 0.000000
-0.391050 -0.021717 0.000000
-0.012583 -0.026500 0.000000
0.057008 0.024630 0.000000
-0.485728 -0.012737 0.000000
0.388957 0.004493 0.000000
0.026449 -0.025563 0.000000
-0.357629 -0.023428 0.000000
0.150379 0.019824 0.000000
0.278781 -0.016204 0.000000
0.031641 0.025798 0.000000
-0.002067 0.027247 0.000000
-0.378006 0.028411 0.000000
0.452421 -0.000309 0.000000
-0.343538 0.030674 0.000000
-0.117207 0.031134 0.000000
-0.247689 0.032773 0.000000
-0.007003 -0.026377 0.000000
-0.048765 0.029038 0.000000
0.112549 -0.022956 0.000000
0.027665 0.025975 0.000000
-0.377581 -0.022435 0.000000
-0.165106 -0.028221 0.000000
-0.294759 0.032290 0.000000
0.132903 0.020779 0.000000
-0.394097 0.026920 0.000000
-0.282569 0.032491 0.000000
-0.186055 -0.028149 0.000000
-0.341910 -0.024158 0.000000
0.049691 0.024973 0.000000
-0.160009 0.032062 0.000000
-0.095756 -0.027876 0.000000
0.414133 -0.009205 0.000000
0.495563 -0.003771 0.000000
-0.397600 -0.021352 0.000000
-0.183509 -0.028163 0.000000
-0.387751 -0.021897 0.000000
0.207564 0.016530 0.000000
-0.270210 0.032636 0.000000
0.035610 -0.025319 0.000000
-0.324192 -0.024924 0.000000
-0.377336 0.028466 0.000000
0.039955 -0.025201 0.000000
-0.476736 -0.014501 0.000000
0.295368 -0.015419 0.000000
-0.032874 0.028459 0.000000
0.146825 -0.021737 0.000000
0.198985 -0.019704 0.000000
-0.301294 -0.025816 0.000000
-0.348830 0.030397 0.000000
0.447607 -0.007255 0.000000
-0.402314 -0.021081 0.000000
0.261708 -0.016991 0.000000
0.038368 0.025494 0.000000
-0.315289 -0.025284 0.000000
0.262051 0.013166 0.000000
0.419609 -0.008893 0.000000
-0.027756 0.028265 0.000000
0.122357 -0.022618 0.000000
0.072021 0.023909 0.000000
-0.355651 -0.023523 0.000000
-0.322972 -0.024974 0.000000
-0.068363 -0.027526 0.000000
-0.113194 0.031031 0.000000
0.112217 0.021879 0.000000
-0.434145 -0.019009 0.000000
-0.305959 0.032046 0.000000
-0.222883 -0.027789 0.000000
0.055317 0.024710 0.000000
-0.406857 -0.020813 0.000000
0.401492 0.003571 0.000000
0.138387 -0.022046 0.000000
-0.450485 0.018460 0.000000
0.418179 -0.008974 0.000000
0.026961 -0.025550 0.000000
0.140243 0.020381 0.000000
-0.497454 -0.008489 0.000000
-0.164859 -0.028221 0.000000
0.483914 -0.002819 0.000000
0.474145 -0.005640 0.000000
-0.359497 -0.023339 0.000000
-0.284159 0.032468 0.000000
0.142305 0.020268 0.000000
0.273051 -0.016471 0.000000
-0.325888 -0.024853 0.000000
-0.339966 0.030846 0.000000
-0.251186 -0.027282 0.000000
-0.239895 0.032786 0.000000
0.027829 -0.025527 0.000000
-0.474821 -0.014808 0.000000
-0.088446 -0.027793 0.000000
-0.499477 -0.000116 0.000000
-0.305745 0.032051 0.000000
0.113694 -0.022917 0.000000
0.462157 -0.006377 0.000000
0.058036 0.024581 0.000000
0.033733 -0.025370 0.000000
0.231453 -0.018335 0.000000
0.376839 -0.011272 0.000000
0.340404 0.007952 0.000000
0.488232 -0.004757 0.000000
0.263032 -0.016931 0.000000
-0.481046 0.010131 0.000000
-0.435655 -0.018896 0.000000
-0.102196 -0.027942 0.000000
0.201942 -0.019582 0.000000
-0.093590 0.030490 0.000000
-0.423791 -0.019741 0.000000
-0.263973 -0.026980 0.000000
0.379184 0.005204 0.000000
-0.173693 0.032287 0.000000
-0.077832 0.030012 0.000000
0.023696 -0.025635 0.000000
-0.062920 0.029527 0.000000
0.471428 -0.001813 0.000000
-0.500887 -0.004140 0.000000
-0.290294 0.032372 0.000000
0.253575 -0.017359 0.000000
0.368780 -0.011704 0.000000
-0.032499 0.028444 0.000000
-0.397129 -0.021378 0.000000
-0.188219 -0.028137 0.000000
-0.098646 0.030635 0.000000
-0.111641 0.030991 0.000000
-0.157170 0.032011 0.000000
0.266885 0.012857 0.000000
-0.454128 -0.017320 0.000000
-0.020565 0.027988 0.000000
0.240709 0.014509 0.000000
0.317325 0.009534 0.000000
-0.297420 -0.025955 0.000000
-0.264424 -0.026968 0.000000
-0.293021 -0.026108 0.000000
0.480948 -0.002579 0.000000
-0.238684 0.032787 0.000000
0.447340 0.000088 0.000000
0.410736 0.002883 0.000000
0.404064 -0.009774 0.000000
-0.354452 0.030078 0.000000
-0.491069 -0.011275 0.000000
-0.138910 -0.028190 0.000000
0.001289 0.027108 0.000000
0.073226 0.023850 0.000000
-0.271580 -0.026777 0.000000
0.291489 0.011259 0.000000
-0.358033 -0.023409 0.000000
0.122558 -0.022610 0.000000
-0.362413 0.029577 0.000000
-0.274153 0.032596 0.000000
0.441602 0.000534 0.000000
-0.041622 -0.027084 0.000000
-0.486821 -0.012473 0.000000
-0.393867 -0.021562 0.000000
-0.174741 0.032302 0.000000
0.488453 -0.003189 0.000000
0.249660 -0.017534 0.000000
0.422933 0.001964 0.000000
0.331293 -0.013650 0.000000
-0.215985 0.032727 0.000000
0.210684 0.016343 0.000000
-0.199678 -0.028053 0.000000
0.410541 -0.009409 0.000000
-0.495822 0.003117 0.000000
0.406181 0.003223 0.000000
-0.445354 0.019506 0.000000
-0.088528 0.030340 0.000000
0.456493 -0.006721 0.000000
0.261633 0.013192 0.000000
0.405833 0.003249 0.000000
-0.112048 -0.028030 0.000000
-0.284233 0.032467 0.000000
0.070631 -0.024312 0.000000
0.262113 -0.016973 0.000000
0.069366 0.024038 0.000000
-0.047010 -0.027180 0.000000
-0.377259 -0.022452 0.000000
-0.001686 0.027231 0.000000
0.192149 -0.019982 0.000000
-0.244282 -0.027426 0.000000
0.486188 -0.003004 0.000000
0.318119 0.009480 0.000000
0.010429 -0.025968 0.000000
-0.270937 0.032628 0.000000
-0.490771 -0.011370 0.000000
-0.211025 0.032697 0.000000
-0.291373 -0.026163 0.000000
0.327890 -0.013822 0.000000
0.055348 0.024708 0.000000
-0.181708 0.032400 0.000000
0.344358 -0.012984 0.000000
-0.355269 -0.023541 0.000000
0.343377 0.007745 0.000000
0.205523 0.016651 0.000000
0.213500 -0.019102 0.000000
-0.468217 -0.015745 0.000000
0.217570 -0.018930 0.000000
0.375622 0.005461 0.000000
-0.334625 -0.024480 0.000000
0.456181 -0.006740 0.000000
0.489284 -0.004690 0.000000
-0.176600 0.032329 0.000000
-0.363320 0.029515 0.000000
0.186242 0.017787 0.000000
-0.325257 -0.024879 0.000000
-0.210460 0.032693 0.000000
-0.138555 -0.028188 0.000000
0.125544 -0.022506 0.000000
0.017309 0.026429 0.000000
0.307068 0.010224 0.000000
-0.036357 0.028588 0.000000
-0.453376 0.017836 0.000000
0.095344 0.022748 0.000000
0.258076 0.013418 0.000000
-0.084979 0.030233 0.000000
0.106533 0.022174 0.000000
-0.070275 -0.027554 0.000000
0.283862 -0.015966 0.000000
-0.355570 0.030011 0.000000
0.410319 -0.009422 0.000000
0.319355 -0.014249 0.000000
0.398340 0.003804 0.000000
-0.177337 0.032340 0.000000
0.381200 0.005058 0.000000
-0.124935 -0.028122 0.000000
-0.275348 0.032583 0.000000
0.339724 -0.013222 0.000000
0.437093 -0.007877 0.000000
-0.057838 -0.027363 0.000000
0.390079 -0.010551 0.000000
0.094304 0.022801 0.000000
-0.346429 -0.023953 0.000000
0.074364 -0.024197 0.000000
0.415796 0.002503 0.000000
0.078879 0.023573 0.000000
-0.462753 0.015622 0.000000
-0.032554 0.028447 0.000000
0.248079 -0.017605 0.000000
0.479838 -0.005285 0.000000
0.194031 0.017332 0.000000
-0.057797 0.029353 0.000000
-0.170554 -0.028211 0.000000
0.095917 0.022719 0.000000
0.468868 -0.001609 0.000000
0.090093 0.023014 0.000000
-0.326269 0.031423 0.000000
-0.127062 0.031377 0.000000
-0.204436 -0.028009 0.000000
0.023729 0.026149 0.000000
-0.280964 -0.026500 0.000000
0.364452 0.006261 0.000000
-0.006615 -0.026368 0.000000
-0.335319 0.031058 0.000000
0.155011 0.019566 0.000000
0.402346 -0.009870 0.000000
0.176009 0.018378 0.000000
0.178398 0.018241 0.000000
0.247800 -0.017617 0.000000
0.097719 -0.023454 0.000000
-0.367394 -0.022952 0.000000
0.450636 -0.000169 0.000000
-0.199286 -0.028056 0.000000
0.362869 -0.012018 0.000000
-0.403835 -0.020992 0.000000
-0.055300 -0.027322 0.000000
-0.135734 -0.028177 0.000000
0.311544 -0.014634 0.000000
-0.300602 0.032171 0.000000
-0.288525 -0.026259 0.000000
0.480900 -0.005219 0.000000
0.374446 0.005546 0.000000
0.004740 0.026964 0.000000
0.191967 -0.019989 0.000000
0.192033 -0.019987 0.000000
0.330782 -0.013676 0.000000
0.450232 -0.000137 0.000000
-0.321380 -0.025039 0.000000
0.153098 0.019673 0.000000
0.090179 0.023010 0.000000
-0.464634 0.015138 0.000000
-0.229221 -0.027694 0.000000
0.282819 0.011827 0.000000
0.120591 -0.022679 0.000000
-0.269823 0.032639 0.000000
-0.334853 -0.024470 0.000000
0.265882 -0.016801 0.000000
-0.086130 0.030268 0.000000
-0.201789 -0.028034 0.000000
0.330465 -0.013692 0.000000
-0.177058 0.032336 0.000000
-0.134090 0.031539 0.000000
-0.094774 0.030524 0.000000
0.225388 0.015453 0.000000
0.319774 -0.014228 0.000000
-0.283112 -0.026434 0.000000
0.172062 0.018604 0.000000
0.064612 -0.024493 0.000000
0.248117 0.014046 0.000000
-0.071831 0.029821 0.000000
-0.174397 0.032297 0.000000
-0.088753 0.030347 0.000000
0.164156 0.019053 0.000000
-0.385174 0.027786 0.000000
-0.461533 -0.016549 0.000000
0.458633 -0.000797 0.000000
0.288749 0.011439 0.000000
0.015315 0.026515 0.000000
-0.320612 -0.025071 0.000000
-0.008429 -0.026409 0.000000
-0.045578 -0.027155 0.000000
0.308826 0.010107 0.000000
0.172131 0.018600 0.000000
-0.309514 0.031954 0.000000
-0.451579 0.018226 0.000000
-0.388689 0.027457 0.000000
-0.236820 -0.027566 0.000000
0.126821 0.021106 0.000000
-0.379852 -0.022317 0.000000
0.276948 -0.016289 0.000000
-0.069722 0.029752 0.000000
0.340169 0.007968 0.000000
-0.059978 -0.027397 0.000000
0.010635 0.026715 0.000000
0.451910 -0.000269 0.000000
0.217110 0.015956 0.000000
-0.280976 -0.026499 0.000000
0.156548 0.019480 0.000000
-0.047084 0.028978 0.000000
0.490270 -0.003337 0.000000
-0.010674 -0.026459 0.000000
0.406687 -0.009627 0.000000
0.439533 -0.007734 0.000000
0.412540 0.002748 0.000000
0.067410 0.024133 0.000000
0.208899 0.016450 0.000000
0.219538 -0.018847 0.000000
-0.224448 0.032766 0.000000
0.199686 -0.019675 0.000000
-0.454497 -0.017284 0.000000
-0.480518 0.010320 0.000000
-0.020169 -0.026663 0.000000
-0.141482 -0.028198 0.000000
-0.389767 -0.021787 0.000000
0.249051 0.013988 0.000000
0.290236 -0.015664 0.000000
0.154652 -0.021445 0.000000
0.216087 -0.018993 0.000000
0.414379 0.002610 0.000000
0.126116 0.021144 0.000000
-0.116512 0.031117 0.000000
0.273435 0.012436 0.000000
-0.311490 0.031901 0.000000
0.420793 0.002126 0.000000
-0.227986 0.032775 0.000000
-0.367321 -0.022955 0.000000
-0.261813 0.032705 0.000000
-0.167600 0.032192 0.000000
-0.397531 -0.021355 0.000000
-0.235589 0.032787 0.000000
0.402226 0.003517 0.000000
-0.096741 0.030581 0.000000
0.223860 -0.018662 0.000000
0.153445 -0.021491 0.000000
-0.020945 -0.026679 0.000000
-0.132777 -0.028164 0.000000
-0.292169 0.032339 0.000000
-0.217485 -0.027862 0.000000
0.029113 -0.025493 0.000000
-0.070959 -0.027564 0.000000
0.341174 0.007898 0.000000
0.445911 -0.007356 0.000000
0.395449 0.004017 0.000000
-0.223567 0.032762 0.000000
0.048892 -0.024951 0.000000
-0.257494 -0.027139 0.000000
0.055614 -0.024759 0.000000
0.240471 -0.017942 0.000000
-0.368704 -0.022887 0.000000
0.237581 -0.018069 0.000000
0.004899 -0.026101 0.000000
0.281135 -0.016094 0.000000
0.222014 0.015659 0.000000
-0.262356 0.032702 0.000000
-0.321349 -0.025041 0.000000
-0.419356 -0.020035 0.000000
-0.405342 0.025676 0.000000
0.288368 0.011464 0.000000
-0.044568 -0.027137 0.000000
-0.339460 -0.024267 0.000000
-0.102706 0.030749 0.000000
-0.287670 0.032415 0.000000
0.318670 -0.014282 0.000000
-0.096480 0.030573 0.000000
0.286904 0.011560 0.000000
0.412503 -0.009298 0.000000
0.035402 -0.025325 0.000000
0.125754 -0.022498 0.000000
-0.494629 -0.009953 0.000000
0.483454 -0.005058 0.000000
0.228701 -0.018454 0.000000
-0.403604 -0.021005 0.000000
0.475832 -0.005535 0.000000
-0.363432 0.029507 0.000000
0.383410 0.004898 0.000000
0.334812 -0.013472 0.000000
0.420757 -0.008827 0.000000
0.364877 -0.011912 0.000000
-0.441862 0.020179 0.000000
0.248843 0.014001 0.000000
-0.119166 -0.028085 0.000000
0.488767 -0.004723 0.000000
-0.465306 -0.016110 0.000000
-0.260417 -0.027069 0.000000
0.271477 0.012562 0.000000
0.122930 0.021314 0.000000
-0.287331 -0.026298 0.000000
-0.310197 -0.025483 0.000000
0.256499 -0.017227 0.000000
0.013771 -0.025886 0.000000
-0.477138 0.011480 0.000000
0.138232 0.020491 0.000000
0.459159 -0.006559 0.000000
0.031231 0.025816 0.000000
0.013617 0.026588 0.000000
-0.474619 -0.014839 0.000000
0.102356 0.022390 0.000000
0.365745 -0.011865 0.000000
0.421987 -0.008756 0.000000
-0.080186 -0.027690 0.000000
-0.498688 0.000768 0.000000
-0.098199 0.030623 0.000000
-0.279584 -0.026542 0.000000
0.229826 -0.018406 0.000000
0.481792 -0.005163 0.000000
0.457657 -0.000720 0.000000
0.348589 0.007381 0.000000
0.361775 -0.012076 0.000000
-0.068921 -0.027534 0.000000
0.300959 -0.015150 0.000000
-0.194916 -0.028091 0.000000
0.461559 -0.006413 0.000000
-0.280440 -0.026516 0.000000
0.018297 0.026386 0.000000
-0.391224 -0.021708 0.000000
0.229739 0.015187 0.000000
0.259176 -0.017106 0.000000
-0.134223 0.031542 0.000000
-0.370647 0.028992 0.000000
-0.209563 0.032686 0.000000
-0.085288 -0.027755 0.000000
-0.156203 0.031994 0.000000
-0.099597 0.030662 0.000000
0.290304 0.011337 0.000000
0.471167 -0.001792 0.000000
-0.140905 0.031689 0.000000
-0.262141 0.032703 0.000000
-0.402013 0.026063 0.000000
-0.336371 -0.024404 0.000000
0.071180 -0.024295 0.000000
0.334683 0.008348 0.000000
0.079285 0.023553 0.000000
0.488401 -0.004746 0.000000
0.348287 0.007402 0.000000
0.235360 0.014840 0.000000
-0.262726 0.032699 0.000000
0.252181 -0.017422 0.000000
-0.181997 0.032404 0.000000
0.395093 -0.010274 0.000000
0.409520 0.002974 0.000000
-0.142095 -0.028200 0.000000
0.092527 -0.023623 0.000000
-0.102139 0.030733 0.000000
0.247832 0.014064 0.000000
0.467736 -0.006035 0.000000
0.101724 -0.023321 0.000000
0.155715 0.019527 0.000000
-0.134025 -0.028170 0.000000
0.493842 -0.003630 0.000000
-0.491787 0.005523 0.000000
-0.064569 -0.027469 0.000000
0.154310 -0.021458 0.000000
0.312970 -0.014564 0.000000
-0.261011 0.032710 0.000000
-0.014013 -0.026531 0.000000
-0.008266 0.027499 0.000000
-0.148207 0.031840 0.000000
-0.331796 -0.024603 0.000000
-0.375976 -0.022518 0.000000
0.292232 -0.015569 0.000000
0.314630 -0.014482 0.000000
-0.293756 0.032309 0.000000
0.325727 -0.013931 0.000000
0.116297 0.021665 0.000000
0.022794 -0.025658 0.000000
-0.255343 -0.027189 0.000000
-0.318357 0.031695 0.000000
-0.379867 0.028254 0.000000
-0.465984 -0.016027 0.000000
-0.335054 -0.024461 0.000000
0.422977 -0.008699 0.000000
-0.192160 -0.028111 0.000000
-0.005462 0.027386 0.000000
0.202919 -0.019542 0.000000
0.326650 -0.013884 0.000000
-0.298760 0.032210 0.000000
-0.119438 0.031191 0.000000
0.189097 -0.020105 0.000000
-0.104245 0.030792 0.000000
0.389639 -0.010575 0.000000
-0.136475 -0.028181 0.000000
0.210074 -0.019245 0.000000
0.084199 0.023309 0.000000
0.072309 -0.024261 0.000000
0.128476 0.021018 0.000000
0.402949 -0.009837 0.000000
0.181932 0.018037 0.000000
0.050277 -0.024912 0.000000
0.432827 0.001210 0.000000
0.297436 0.010866 0.000000
-0.408369 0.025309 0.000000
0.092070 0.022914 0.000000
-0.438067 -0.018710 0.000000
0.358242 0.006702 0.000000
0.260259 0.013280 0.000000
0.269190 0.012709 0.000000
-0.337465 -0.024356 0.000000
-0.231573 -0.027656 0.000000
0.301139 0.010620 0.000000
-0.079715 0.030071 0.000000
0.306084 0.010290 0.000000
0.265268 0.012960 0.000000
0.274009 0.012399 0.000000
-0.174384 0.032297 0.000000
-0.113107 0.031029 0.000000
0.330215 -0.013705 0.000000
0.065040 0.024247 0.000000
0.047053 0.025096 0.000000
-0.015168 0.027776 0.000000
-0.357184 0.029912 0.000000
0.404676 -0.009740 0.000000
0.082327 0.023402 0.000000
0.376787 0.005377 0.000000
0.142625 0.020251 0.000000
-0.267503 -0.026887 0.000000
-0.003965 -0.026308 0.000000
0.378088 -0.011204 0.000000
-0.267655 0.032659 0.000000
-0.082868 -0.027725 0.000000
0.274827 -0.016388 0.000000
-0.300066 -0.025860 0.000000
-0.376422 -0.022495 0.000000
0.326975 -0.013868 0.000000
-0.361431 0.029641 0.000000
0.431300 -0.008217 0.000000
0.148215 0.019943 0.000000
0.440908 0.000587 0.000000
-0.477597 0.011327 0.000000
-0.260169 0.032715 0.000000
-0.134032 -0.028170 0.000000
0.183066 0.017971 0.000000
-0.300969 -0.025828 0.000000
-0.431414 -0.019209 0.000000
0.037164 -0.025278 0.000000
0.151705 0.019750 0.000000
0.120219 0.021458 0.000000
0.189451 -0.020091 0.000000
-0.207319 -0.027981 0.000000
0.481676 -0.002638 0.000000
-0.306968 0.032021 0.000000
0.116347 -0.022826 0.000000
-0.340077 -0.024240 0.000000
-0.377606 0.028444 0.000000
-0.194405 0.032552 0.000000
-0.361250 -0.023254 0.000000
-0.265869 0.032674 0.000000
-0.210019 0.032690 0.000000
-0.458307 -0.016898 0.000000
-0.161068 0.032081 0.000000
-0.489668 -0.011705 0.000000
0.389752 -0.010569 0.000000
0.059476 -0.024646 0.000000
-0.114128 -0.028047 0.000000
0.190429 0.017543 0.000000
0.275652 0.012292 0.000000
-0.368148 0.029177 0.000000
0.050404 -0.024908 0.000000
0.006787 0.026878 0.000000
0.347898 0.007430 0.000000
-0.155072 0.031973 0.000000
0.228611 0.015256 0.000000
0.456514 -0.000630 0.000000
0.279778 -0.016157 0.000000
-0.010585 -0.026457 0.000000
0.148228 0.019943 0.000000
-0.036848 -0.026995 0.000000
-0.070574 0.029780 0.000000
-0.393175 -0.021600 0.000000
-0.122156 0.031258 0.000000
0.481297 -0.005194 0.000000
-0.013950 -0.026530 0.000000
0.061193 0.024431 0.000000
0.310848 -0.014668 0.000000
-0.083439 0.030186 0.000000
0.388052 0.004560 0.000000
-0.341837 -0.024161 0.000000
-0.065081 0.029599 0.000000
0.109747 0.022007 0.000000
0.366339 0.006127 0.000000
0.043489 -0.025103 0.000000
-0.341158 0.030789 0.000000
0.146279 0.020050 0.000000
-0.402832 0.025969 0.000000
-0.496111 0.002915 0.000000
0.334881 0.008334 0.000000
0.094981 -0.023543 0.000000
-0.342801 -0.024118 0.000000
-0.054963 0.029256 0.000000
0.294291 0.011074 0.000000
-0.057759 0.029352 0.000000
-0.179884 0.032376 0.000000
-0.380040 -0.022307 0.000000
-0.111216 0.030979 0.000000
0.471265 -0.001800 0.000000
0.053878 -0.024809 0.000000
0.297092 0.010889 0.000000
0.456403 -0.006726 0.000000
-0.479787 0.010579 0.000000
-0.226753 0.032772 0.000000
0.482338 -0.005129 0.000000
0.330822 -0.013674 0.000000
-0.328014 -0.024764 0.000000
-0.432458 0.021845 0.000000
0.315915 -0.014419 0.000000
-0.123604 0.031294 0.000000
-0.111395 -0.028025 0.000000
-0.209888 -0.027952 0.000000
-0.072128 -0.027580 0.000000
-0.082350 -0.027718 0.000000
-0.259626 0.032719 0.000000
-0.014007 -0.026531 0.000000
0.040042 0.025418 0.000000
-0.005046 0.027369 0.000000
0.267940 0.012789 0.000000
0.308710 -0.014773 0.000000
-0.244528 -0.027421 0.000000
0.062495 0.024369 0.000000
0.377641 0.005315 0.000000
-0.491893 -0.011002 0.000000
-0.227903 0.032775 0.000000
0.467250 -0.006065 0.000000
0.372070 -0.011528 0.000000
-0.399066 -0.021268 0.000000
-0.347080 -0.023923 0.000000
0.151132 -0.021577 0.000000
0.444058 -0.007466 0.000000
-0.017927 0.027885 0.000000
-0.141839 -0.028200 0.000000
-0.302894 -0.025758 0.000000
-0.139104 0.031650 0.000000
0.376431 -0.011294 0.000000
0.144056 0.020172 0.000000
0.071639 -0.024281 0.000000
-0.441425 0.020261 0.000000
-0.081694 -0.027710 0.000000
-0.038663 0.028674 0.000000
0.356778 0.006805 0.000000
0.354023 0.007000 0.000000
-0.195828 -0.028084 0.000000
0.010094 0.026738 0.000000
-0.012211 -0.026492 0.000000
-0.110576 0.030963 0.000000
0.411807 -0.009337 0.000000
0.104406 0.022284 0.000000
-0.158282 0.032031 0.000000
-0.027362 -0.026810 0.000000
0.282361 0.011857 0.000000
-0.034692 -0.026954 0.000000
0.283884 0.011757 0.000000
0.139122 0.020442 0.000000
0.433935 -0.008063 0.000000
0.219446 -0.018851 0.000000
0.007218 -0.026046 0.000000
0.414885 0.002571 0.000000
0.331511 -0.013639 0.000000
-0.245335 0.032779 0.000000
-0.205962 -0.027994 0.000000
0.101853 -0.023317 0.000000
0.087805 0.023129 0.000000
0.242596 0.014391 0.000000
-0.045669 -0.027157 0.000000
0.370305 -0.011623 0.000000
0.295687 0.010982 0.000000
-0.202124 -0.028031 0.000000
-0.282128 -0.026464 0.000000
0.081883 -0.023963 0.000000
0.167921 -0.020940 0.000000
-0.010888 -0.026463 0.000000
-0.241424 -0.027482 0.000000
-0.116610 0.031119 0.000000
-0.455797 -0.017156 0.000000
0.423119 0.001950 0.000000
-0.100942 -0.027930 0.000000
0.265631 -0.016812 0.000000
-0.199624 -0.028053 0.000000
0.125598 -0.022504 0.000000
-0.274468 -0.026694 0.000000
0.454389 -0.006848 0.000000
0.200340 0.016959 0.000000
-0.475620 -0.014682 0.000000
0.442534 0.000462 0.000000
0.263674 0.013062 0.000000
0.349509 -0.012718 0.000000
0.339249 0.008032 0.000000
0.419335 -0.008908 0.000000
0.350303 0.007261 0.000000
0.436397 -0.007918 0.000000
-0.500882 -0.004174 0.000000
0.473032 -0.001942 0.000000
0.340191 0.007967 0.000000
-0.457655 0.016864 0.000000
0.210439 -0.019230 0.000000
-0.078410 0.030030 0.000000
0.486540 -0.004864 0.000000
0.194582 -0.019884 0.000000
0.321877 0.009225 0.000000
0.356495 -0.012353 0.000000
0.013618 -0.025890 0.000000
-0.069877 -0.027548 0.000000
-0.375865 -0.022524 0.000000
-0.323930 0.031506 0.000000
0.252887 0.013746 0.000000
-0.100879 -0.027929 0.000000
-0.248587 -0.027338 0.000000
-0.468091 0.014208 0.000000
-0.114875 -0.028053 0.000000
-0.270247 0.032635 0.000000
0.339221 0.008034 0.000000
0.356157 -0.012371 0.000000
-0.306422 0.032035 0.000000
-0.228458 -0.027706 0.000000
0.180397 -0.020452 0.000000
-0.066186 0.029636 0.000000
-0.140259 -0.028194 0.000000
0.467324 -0.001486 0.000000
-0.419247 0.023874 0.000000
0.459981 -0.000903 0.000000
-0.151500 0.031904 0.000000
-0.419464 -0.020028 0.000000
0.392580 -0.010413 0.000000
-0.043346 -0.027115 0.000000
0.125649 0.021169 0.000000
-0.164537 0.032140 0.000000
0.376087 0.005428 0.000000
0.236480 -0.018117 0.000000
-0.200704 -0.028044 0.000000
-0.061861 0.029491 0.000000
-0.304361 -0.025704 0.000000
-0.472691 -0.015129 0.000000
0.225019 0.015475 0.000000
0.059153 -0.024655 0.000000
0.284681 0.011705 0.000000
-0.440146 0.020498 0.000000
0.295658 -0.015405 0.000000
-0.318057 0.031704 0.000000
0.489218 -0.003251 0.000000
0.004958 -0.026100 0.000000
0.494746 -0.004343 0.000000
-0.120902 0.031228 0.000000
-0.211084 -0.027939 0.000000
0.071134 0.023952 0.000000
-0.422585 0.023392 0.000000
-0.214871 -0.027895 0.000000
0.440565 0.000614 0.000000
0.198992 0.017039 0.000000
-0.472603 -0.015142 0.000000
0.454585 -0.000478 0.000000
0.163930 -0.021093 0.000000
0.182929 0.017979 0.000000
-0.182160 0.032406 0.000000
0.150122 0.019838 0.000000
0.436884 -0.007890 0.000000
-0.023062 -0.026723 0.000000
0.221399 0.015696 0.000000
0.335774 -0.013423 0.000000
-0.126502 -0.028131 0.000000
-0.374433 -0.022597 0.000000
-0.231588 0.032783 0.000000
0.309054 0.010091 0.000000
-0.308974 0.031968 0.000000
0.121965 -0.022631 0.000000
0.377591 0.005319 0.000000
-0.038446 -0.027025 0.000000
-0.075652 0.029943 0.000000
-0.342224 -0.024143 0.000000
-0.236816 -0.027566 0.000000
-0.334644 0.031088 0.000000
0.104834 0.022262 0.000000
0.002210 -0.026165 0.000000
-0.179916 0.032376 0.000000
-0.245346 0.032779 0.000000
0.131164 0.020873 0.000000
-0.379264 0.028306 0.000000
0.235840 -0.018145 0.000000
0.232813 -0.018276 0.000000
-0.131768 -0.028160 0.000000
-0.192606 -0.028108 0.000000
0.233078 0.014981 0.000000
0.375845 -0.011325 0.000000
-0.055319 -0.027322 0.000000
0.208787 -0.019299 0.000000
-0.206417 0.032663 0.000000
0.006152 -0.026071 0.000000
-0.230394 -0.027675 0.000000
0.420509 0.002147 0.000000
-0.500895 -0.003180 0.000000
-0.487152 -0.012389 0.000000
-0.165055 -0.028221 0.000000
-0.351395 -0.023723 0.000000
-0.417877 0.024065 0.000000
-0.325294 -0.024878 0.000000
-0.317831 0.031712 0.000000
0.270947 0.012596 0.000000
-0.028355 0.028288 0.000000
-0.236119 0.032787 0.000000
0.394814 -0.010289 0.000000
0.121686 -0.022641 0.000000
0.201826 -0.019587 0.000000
-0.491922 0.005452 0.000000
-0.418798 -0.020071 0.000000
0.183089 -0.020345 0.000000
-0.033494 -0.026931 0.000000
-0.227929 -0.027715 0.000000
-0.472197 -0.015201 0.000000
0.417238 0.002394 0.000000
-0.350036 -0.023786 0.000000
-0.054568 0.029242 0.000000
-0.163917 0.032130 0.000000
-0.333024 -0.024549 0.000000
-0.486042 0.008195 0.000000
0.265170 -0.016833 0.000000
-0.404441 -0.020956 0.000000
-0.394965 0.026829 0.000000
-0.222152 -0.027799 0.000000
0.127428 0.021074 0.000000
0.009265 0.026773 0.000000
0.403810 -0.009788 0.000000
0.336161 -0.013404 0.000000
0.116818 0.021637 0.000000
0.338678 0.008071 0.000000
-0.227830 -0.027716 0.000000
0.299349 -0.015227 0.000000
0.011618 -0.025939 0.000000
-0.293900 0.032307 0.000000
0.382117 0.004992 0.000000
0.106768 -0.023153 0.000000
-0.334729 0.031084 0.000000
0.409704 0.002960 0.000000
-0.473969 0.012491 0.000000
0.456183 -0.006740 0.000000
-0.056052 -0.027334 0.000000
0.015429 0.026510 0.000000
-0.064573 0.029582 0.000000
0.434896 0.001051 0.000000
0.156357 0.019491 0.000000
0.498085 -0.004129 0.000000
-0.373360 -0.022652 0.000000
-0.171264 0.032249 0.000000
-0.347129 0.030489 0.000000
0.119664 -0.022711 0.000000
0.333561 -0.013536 0.000000
-0.231888 -0.027651 0.000000
0.185230 0.017846 0.000000
0.297806 -0.015302 0.000000
0.356859 -0.012334 0.000000
-0.424995 0.023032 0.000000
-0.484280 -0.013067 0.000000
0.498648 -0.004025 0.000000
-0.186815 -0.028145 0.000000
-0.281515 -0.026483 0.000000
-0.318886 0.031677 0.000000
0.008001 -0.026027 0.000000
0.448949 -0.000037 0.000000
0.050916 -0.024894 0.000000
-0.452694 -0.017458 0.000000
0.305725 0.010314 0.000000
0.068807 0.024065 0.000000
0.002227 0.027069 0.000000
0.213623 -0.019096 0.000000
-0.034292 0.028512 0.000000
0.452379 -0.000305 0.000000
0.329744 0.008687 0.000000
-0.492797 -0.010683 0.000000
-0.414866 0.024476 0.000000
0.457955 -0.000743 0.000000
-0.419812 0.023793 0.000000
0.408342 0.003062 0.000000
0.134639 0.020686 0.000000
-0.181130 -0.028175 0.000000
-0.042344 0.028808 0.000000
-0.152676 0.031927 0.000000
-0.371220 0.028949 0.000000
0.479760 -0.005290 0.000000
-0.400175 0.026269 0.000000
-0.436434 0.021165 0.000000
-0.076395 0.029967 0.000000
-0.413399 -0.020414 0.000000
-0.294767 0.032290 0.000000
-0.458655 0.016627 0.000000
-0.395734 -0.021457 0.000000
-0.226888 0.032772 0.000000
0.349856 -0.012700 0.000000
0.399911 -0.010006 0.000000
-0.391947 -0.021668 0.000000
0.087893 0.023125 0.000000
0.480346 -0.005253 0.000000
0.182435 0.018008 0.000000
0.017036 0.026441 0.000000
-0.498979 -0.007356 0.000000
0.306495 0.010263 0.000000
0.173208 0.018538 0.000000
0.199727 0.016996 0.000000
0.345632 -0.012918 0.000000
-0.271271 0.032625 0.000000
0.088538 -0.023752 0.000000
0.342738 -0.013067 0.000000
-0.295698 0.032273 0.000000
0.431280 -0.008218 0.000000
-0.329429 -0.024704 0.000000
-0.045366 0.028917 0.000000
0.163223 0.019106 0.000000
-0.308582 0.031978 0.000000
-0.232880 0.032784 0.000000
-0.042218 -0.027095 0.000000
0.351983 -0.012589 0.000000
0.435301 -0.007983 0.000000
-0.204366 -0.028009 0.000000
0.130382 -0.022334 0.000000
-0.265610 0.032676 0.000000
0.131352 0.020863 0.000000
-0.368014 0.029187 0.000000
0.083785 0.023330 0.000000
0.327785 0.008822 0.000000
-0.480189 -0.013895 0.000000
-0.260701 -0.027062 0.000000
-0.251993 -0.027265 0.000000
0.233358 -0.018253 0.000000
0.189836 -0.020075 0.000000
0.393988 0.004125 0.000000
-0.029810 -0.026859 0.000000
0.132605 0.020796 0.000000
0.292817 0.011171 0.000000
0.314141 0.009749 0.000000
0.347085 0.007487 0.000000
0.090616 0.022988 0.000000
0.374509 -0.011397 0.000000
-0.077457 0.030000 0.000000
0.125657 -0.022502 0.000000
0.270503 -0.016588 0.000000
0.083119 0.023363 0.000000
-0.130775 -0.028155 0.000000
-0.494550 -0.009987 0.000000
0.232096 0.015042 0.000000
0.011629 0.026673 0.000000
0.109494 -0.023060 0.000000
-0.064645 0.029585 0.000000
0.138428 -0.022045 0.000000
0.300717 -0.015161 0.000000
0.473435 -0.001974 0.000000
0.199347 -0.019689 0.000000
-0.389188 0.027408 0.000000
0.319080 -0.014262 0.000000
-0.203990 -0.028013 0.000000
0.077438 -0.024102 0.000000
0.436955 0.000892 0.000000
-0.118894 -0.028083 0.000000
0.130532 0.020907 0.000000
-0.283852 0.032473 0.000000
-0.051705 -0.027262 0.000000
-0.355418 -0.023534 0.000000
0.341536 -0.013129 0.000000
0.089164 0.023061 0.000000
-0.168016 -0.028217 0.000000
-0.162282 0.032102 0.000000
-0.142920 -0.028203 0.000000
0.466947 -0.001456 0.000000
0.213803 0.016155 0.000000
-0.050136 -0.027235 0.000000
-0.125538 0.031341 0.000000
0.285135 0.011676 0.000000
0.038780 0.025476 0.000000
0.213174 0.016193 0.000000
0.165218 0.018993 0.000000
-0.167146 0.032184 0.000000
0.425526 0.001767 0.000000
0.136384 0.020591 0.000000
0.344452 0.007670 0.000000
-0.467892 0.014264 0.000000
-0.417686 0.024091 0.000000
0.471508 -0.005803 0.000000
-0.435923 -0.018875 0.000000
0.013551 0.026591 0.000000
-0.181291 -0.028174 0.000000
0.223257 0.015583 0.000000
0.039035 0.025464 0.000000
-0.097479 0.030602 0.000000
0.074963 -0.024179 0.000000
0.347975 0.007424 0.000000
0.095627 0.022734 0.000000
-0.096142 -0.027880 0.000000
0.141011 -0.021951 0.000000
-0.398297 0.026475 0.000000
-0.237540 0.032788 0.000000
0.154848 0.019575 0.000000
0.326057 -0.013914 0.000000
-0.046373 0.028953 0.000000
0.314318 -0.014498 0.000000
-0.334151 0.031108 0.000000
-0.438766 0.020750 0.000000
-0.286063 -0.026339 0.000000
0.207904 -0.019336 0.000000
-0.384524 0.027844 0.000000
-0.368248 0.029170 0.000000
0.223534 0.015566 0.000000
-0.314473 0.031814 0.000000
0.185763 -0.020239 0.000000
-0.130760 0.031464 0.000000
-0.005919 0.027404 0.000000
0.098606 -0.023425 0.000000
-0.166088 -0.028220 0.000000
0.269243 -0.016646 0.000000
0.297547 0.010859 0.000000
0.292054 0.011222 0.000000
0.321267 0.009266 0.000000
0.296766 0.010910 0.000000
0.107822 0.022108 0.000000
-0.450799 0.018392 0.000000
0.088410 0.023099 0.000000
0.465238 -0.001320 0.000000
-0.005537 -0.026344 0.000000
-0.461672 0.015894 0.000000
0.069527 0.024030 0.000000
-0.387553 -0.021908 0.000000
0.191375 0.017487 0.000000
0.143296 0.020214 0.000000
-0.023407 -0.026730 0.000000
0.472925 -0.005715 0.000000
-0.498399 0.001052 0.000000
-0.291916 0.032344 0.000000
0.106391 -0.023165 0.000000
0.014450 -0.025869 0.000000
0.294166 -0.015476 0.000000
0.207619 0.016526 0.000000
-0.274108 -0.026704 0.000000
0.462476 -0.006357 0.000000
-0.019286 0.027938 0.000000
-0.197629 0.032585 0.000000
0.257358 -0.017189 0.000000
-0.350895 -0.023746 0.000000
0.068543 -0.024375 0.000000
0.172295 0.018591 0.000000
-0.492860 -0.010659 0.000000
-0.382123 0.028060 0.000000
0.328456 -0.013794 0.000000
0.296988 -0.015341 0.000000
0.099828 -0.023384 0.000000
-0.130202 0.031451 0.000000
-0.214925 0.032720 0.000000
0.120146 0.021461 0.000000
-0.334157 -0.024500 0.000000
0.429386 0.001473 0.000000
-0.025260 0.028170 0.000000
-0.185394 0.032448 0.000000
0.109339 -0.023066 0.000000
0.005230 -0.026094 0.000000
-0.447293 0.019119 0.000000
-0.264494 -0.026966 0.000000
-0.156138 0.031992 0.000000
-0.347544 0.030467 0.000000
-0.362483 -0.023194 0.000000
-0.458687 -0.016858 0.000000
-0.484042 0.009003 0.000000
0.370683 0.005816 0.000000
-0.455871 -0.017148 0.000000
0.181918 0.018038 0.000000
0.304743 -0.014966 0.000000
0.259343 0.013338 0.000000
-0.365486 0.029367 0.000000
-0.417039 0.024181 0.000000
0.192384 -0.019973 0.000000
0.250056 0.013925 0.000000
-0.309851 0.031945 0.000000
-0.467808 0.014287 0.000000
0.062900 0.024350 0.000000
-0.161295 0.032085 0.000000
0.160700 -0.021217 0.000000
0.276749 -0.016299 0.000000
-0.180923 0.032390 0.000000
-0.001575 -0.026253 0.000000
0.234714 0.014880 0.000000
-0.064483 0.029579 0.000000
-0.405413 0.025667 0.000000
-0.368340 -0.022905 0.000000
-0.035156 0.028544 0.000000
-0.353565 0.030130 0.000000
-0.343261 0.030688 0.000000
0.068715 -0.024370 0.000000
-0.459402 -0.016782 0.000000
-0.268303 0.032654 0.000000
0.309764 0.010044 0.000000
0.294105 0.011086 0.000000
-0.166419 -0.028219 0.000000
0.361003 0.006506 0.000000
0.005852 0.026917 0.000000
0.485959 -0.004901 0.000000
0.449838 -0.007121 0.000000
-0.345274 -0.024005 0.000000
0.110288 0.021979 0.000000
0.478550 -0.005366 0.000000
0.487397 -0.004810 0.000000
0.156686 0.019473 0.000000
0.244340 0.014283 0.000000
0.337536 -0.013333 0.000000
0.293960 0.011096 0.000000
-0.450622 0.018430 0.000000
0.026804 0.026013 0.000000
0.308187 0.010149 0.000000
-0.281699 0.032503 0.000000
-0.170964 -0.028210 0.000000
-0.421769 -0.019876 0.000000
0.415230 0.002546 0.000000
-0.189572 0.032498 0.000000
0.078970 -0.024055 0.000000
-0.138984 0.031648 0.000000
-0.461103 0.016034 0.000000
0.384050 -0.010881 0.000000
-0.154677 0.031965 0.000000
-0.491485 -0.011139 0.000000
-0.307455 0.032008 0.000000
-0.152133 0.031916 0.000000
0.324189 -0.014008 0.000000
-0.479110 -0.014093 0.000000
-0.459312 -0.016792 0.000000
-0.383858 -0.022106 0.000000
-0.107852 0.030890 0.000000
-0.415103 0.024444 0.000000
0.201573 0.016886 0.000000
0.426229 0.001714 0.000000
-0.291758 0.032347 0.000000
0.147140 0.020003 0.000000
-0.456348 0.017167 0.000000
0.489418 -0.003268 0.000000
0.094174 -0.023570 0.000000
0.248462 0.014025 0.000000
0.198811 -0.019711 0.000000
0.433029 -0.008116 0.000000
0.045130 -0.025057 0.000000
-0.099755 -0.027917 0.000000
0.389545 -0.010580 0.000000
0.038888 0.025471 0.000000
0.486813 -0.003055 0.000000
0.344864 -0.012958 0.000000
0.497149 -0.004189 0.000000
-0.296620 -0.025983 0.000000
0.087809 0.023129 0.000000
-0.203465 -0.028018 0.000000
0.393139 -0.010382 0.000000
-0.373914 -0.022623 0.000000
0.006706 0.026881 0.000000
0.470723 -0.005852 0.000000
0.317193 0.009543 0.000000
0.365807 0.006165 0.000000
-0.294556 -0.026055 0.000000
0.024335 -0.025618 0.000000
-0.185162 -0.028154 0.000000
-0.055950 -0.027332 0.000000
0.310911 0.009967 0.000000
0.230214 0.015157 0.000000
-0.310243 0.031934 0.000000
-0.465988 -0.016027 0.000000
-0.260667 -0.027063 0.000000
0.146875 0.020017 0.000000
-0.474310 -0.014887 0.000000
-0.043730 0.028858 0.000000
0.053408 0.024800 0.000000
0.476169 -0.005514 0.000000
0.049489 0.024983 0.000000
-0.431775 -0.019183 0.000000
0.423655 0.001909 0.000000
0.124795 -0.022532 0.000000
-0.087856 0.030320 0.000000
-0.048398 -0.027205 0.000000
0.016862 0.026448 0.000000
0.177426 0.018297 0.000000
0.178486 -0.020528 0.000000
0.364241 -0.011945 0.000000
-0.482512 0.009591 0.000000
0.257692 0.013443 0.000000
-0.039604 0.028708 0.000000
-0.326287 0.031422 0.000000
-0.140853 0.031688 0.000000
0.223211 0.015586 0.000000
-0.368466 -0.022898 0.000000
-0.495064 0.003623 0.000000
0.366163 -0.011843 0.000000
0.228811 0.015243 0.000000
-0.156913 -0.028225 0.000000
-0.201409 0.032620 0.000000
-0.169285 -0.028214 0.000000
0.396173 -0.010214 0.000000
-0.295029 0.032285 0.000000
-0.204668 0.032649 0.000000
-0.448957 -0.017803 0.000000
-0.355271 0.030029 0.000000
-0.092408 -0.027839 0.000000
0.051746 0.024877 0.000000
-0.348590 -0.023853 0.000000
-0.410364 -0.020601 0.000000
-0.176206 -0.028194 0.000000
0.196510 -0.019805 0.000000
0.445742 0.000213 0.000000
0.244624 0.014265 0.000000
0.328914 0.008744 0.000000
-0.388076 -0.021879 0.000000
-0.042434 0.028811 0.000000
0.359776 -0.012181 0.000000
-0.083150 -0.027728 0.000000
-0.385112 0.027792 0.000000
-0.223503 0.032762 0.000000
-0.106560 0.030855 0.000000
0.093115 0.022861 0.000000
-0.473864 -0.014955 0.000000
-0.257691 0.032731 0.000000
-0.428816 0.022438 0.000000
0.314373 -0.014495 0.000000
0.435907 0.000973 0.000000
0.346987 -0.012848 0.000000
0.111153 0.021934 0.000000
-0.387290 -0.021922 0.000000
-0.342522 0.030724 0.000000
0.123849 0.021265 0.000000
0.091680 0.022934 0.000000
0.117431 0.021605 0.000000
0.377514 -0.011235 0.000000
-0.495786 -0.009417 0.000000
0.473319 -0.001965 0.000000
-0.009239 0.027539 0.000000
0.238209 0.014664 0.000000
-0.032799 -0.026917 0.000000
-0.416182 0.024298 0.000000
0.152256 -0.021535 0.000000
0.392416 0.004240 0.000000
-0.094081 0.030504 0.000000
0.101892 -0.023316 0.000000
0.263492 -0.016910 0.000000
-0.423565 -0.019756 0.000000
-0.098140 0.030621 0.000000
0.263939 -0.016890 0.000000
-0.009720 0.027558 0.000000
-0.400034 0.026285 0.000000
-0.318079 0.031704 0.000000
-0.347191 0.030486 0.000000
0.071278 -0.024292 0.000000
-0.477537 0.011348 0.000000
-0.014892 -0.026551 0.000000
0.039103 -0.025224 0.000000
0.311618 0.009919 0.000000
-0.254975 0.032745 0.000000
-0.246068 -0.027390 0.000000
-0.017945 -0.026616 0.000000
-0.341294 -0.024185 0.000000
-0.349196 0.030377 0.000000
-0.112541 -0.028034 0.000000
-0.088268 -0.027791 0.000000
-0.389825 -0.021784 0.000000
0.019721 -0.025737 0.000000
-0.115306 0.031086 0.000000
0.257251 -0.017194 0.000000
0.242837 -0.017837 0.000000
-0.000025 -0.026217 0.000000
-0.455029 -0.017232 0.000000
0.287882 0.011496 0.000000
-0.337501 -0.024354 0.000000
-0.245383 -0.027404 0.000000
0.012704 -0.025912 0.000000
-0.137042 0.031605 0.000000
0.484386 -0.002858 0.000000
0.387848 -0.010673 0.000000
0.439782 -0.007719 0.000000
-0.055096 -0.027318 0.000000
-0.033402 -0.026929 0.000000
0.074732 0.023777 0.000000
0.074085 0.023808 0.000000
0.226523 -0.018548 0.000000
0.045611 0.025163 0.000000
0.453945 -0.006875 0.000000
-0.008021 0.027490 0.000000
-0.480608 0.010288 0.000000
-0.208827 0.032681 0.000000
0.455519 -0.000552 0.000000
0.325780 -0.013928 0.000000
0.296635 -0.015358 0.000000
-0.121432 0.031241 0.000000
-0.254164 0.032749 0.000000
0.154902 0.019572 0.000000
0.401758 -0.009903 0.000000
0.158971 -0.021282 0.000000
-0.090308 0.030393 0.000000
0.386834 0.004648 0.000000
-0.024592 0.028144 0.000000
-0.124791 0.031323 0.000000
-0.291604 0.032350 0.000000
-0.217190 0.032734 0.000000
0.395505 -0.010251 0.000000
0.280413 -0.016128 0.000000
-0.192186 -0.028111 0.000000
-0.411180 -0.020551 0.000000
-0.483748 0.009118 0.000000
0.193420 0.017367 0.000000
0.032664 -0.025399 0.000000
0.198891 -0.019708 0.000000
0.407929 0.003092 0.000000
0.148903 -0.021660 0.000000
0.327676 0.008829 0.000000
0.337818 0.008131 0.000000
0.106985 -0.023145 0.000000
0.003884 -0.026126 0.000000
-0.243748 0.032783 0.000000
-0.010545 -0.026456 0.000000
0.302069 -0.015096 0.000000
0.177884 -0.020551 0.000000
0.148039 0.019953 0.000000
-0.147539 0.031826 0.000000
-0.088093 0.030327 0.000000
-0.030965 0.028387 0.000000
-0.193931 -0.028099 0.000000
-0.220958 0.032751 0.000000
-0.297454 -0.025954 0.000000
-0.425588 -0.019619 0.000000
-0.454450 0.017597 0.000000
-0.125289 -0.028125 0.000000
0.295642 0.010985 0.000000
-0.468910 -0.015654 0.000000
0.492385 -0.003510 0.000000
-0.415511 -0.020281 0.000000
-0.215600 -0.027886 0.000000
0.274156 0.012389 0.000000
-0.390444 0.027286 0.000000
0.133637 0.020740 0.000000
-0.143622 0.031747 0.000000
0.487751 -0.003132 0.000000
-0.250132 0.032766 0.000000
-0.246473 -0.027382 0.000000
-0.227912 0.032775 0.000000
-0.269471 0.032643 0.000000
0.392194 0.004256 0.000000
0.330143 0.008660 0.000000
-0.309393 -0.025514 0.000000
0.478536 -0.002384 0.000000
0.454623 -0.000481 0.000000
-0.499068 -0.007276 0.000000
-0.437205 0.021029 0.000000
0.382635 0.004954 0.000000
-0.149194 -0.028218 0.000000
0.076844 0.023673 0.000000
-0.169052 0.032215 0.000000
0.480120 -0.002512 0.000000
0.291366 -0.015610 0.000000
0.147889 0.019961 0.000000
0.028633 -0.025506 0.000000
0.085852 0.023227 0.000000
-0.470177 -0.015484 0.000000
-0.170792 -0.028210 0.000000
0.098130 0.022606 0.000000
-0.336442 -0.024401 0.000000
0.377377 -0.011243 0.000000
0.167493 0.018864 0.000000
-0.121552 0.031243 0.000000
0.351161 0.007201 0.000000
0.469866 -0.005904 0.000000
0.339300 -0.013243 0.000000
-0.239263 -0.027522 0.000000
0.389476 -0.010584 0.000000
0.363972 0.006295 0.000000
0.388574 -0.010633 0.000000
-0.498744 0.000711 0.000000
0.296164 -0.015381 0.000000
-0.056765 0.029318 0.000000
-0.327185 -0.024799 0.000000
0.012020 -0.025929 0.000000
-0.311334 -0.025439 0.000000
0.226965 0.015357 0.000000
-0.277156 0.032561 0.000000
0.071804 0.023920 0.000000
0.370297 0.005844 0.000000
-0.081505 -0.027707 0.000000
0.416961 0.002415 0.000000
-0.208159 -0.027971 0.000000
-0.331774 0.031207 0.000000
-0.420342 -0.019971 0.000000
0.088477 0.023095 0.000000
0.305386 -0.014935 0.000000
0.088926 0.023073 0.000000
0.071999 -0.024270 0.000000
-0.219913 0.032746 0.000000
0.168855 -0.020904 0.000000
0.175805 0.018390 0.000000
0.479311 -0.005318 0.000000
-0.424040 -0.019724 0.000000
-0.156612 -0.028225 0.000000
-0.225250 -0.027754 0.000000
0.306154 0.010286 0.000000
-0.118974 -0.028083 0.000000
0.049110 -0.024945 0.000000
0.192506 -0.019968 0.000000
0.477398 -0.005438 0.000000
-0.299453 0.032195 0.000000
-0.192203 0.032529 0.000000
-0.279513 0.032532 0.000000
-0.400858 0.026193 0.000000
-0.172582 0.032270 0.000000
-0.371837 0.028903 0.000000
-0.432423 0.021851 0.000000
0.285663 0.011641 0.000000
-0.150874 0.031892 0.000000
0.236721 -0.018106 0.000000
0.223040 0.015596 0.000000
-0.182263 0.032407 0.000000
-0.367244 -0.022959 0.000000
-0.462579 -0.016431 0.000000
0.437260 0.000869 0.000000
-0.349195 0.030377 0.000000
-0.087097 -0.027777 0.000000
-0.082340 -0.027718 0.000000
-0.149581 0.031867 0.000000
0.391006 -0.010500 0.000000
-0.213618 -0.027910 0.000000
-0.154627 -0.028224 0.000000
0.397295 -0.010152 0.000000
0.019180 -0.025750 0.000000
0.475194 -0.002115 0.000000
0.396231 -0.010211 0.000000
0.072255 0.023898 0.000000
0.323660 0.009103 0.000000
0.295375 0.011002 0.000000
0.062489 -0.024557 0.000000
0.405192 -0.009711 0.000000
0.480009 -0.002503 0.000000
-0.173741 -0.028203 0.000000
0.047857 0.025058 0.000000
-0.496311 0.002772 0.000000
-0.127864 0.031396 0.000000
0.334544 -0.013486 0.000000
-0.050306 0.029093 0.000000
0.235908 0.014806 0.000000
0.382323 -0.010975 0.000000
0.148307 0.019938 0.000000
-0.349670 0.030351 0.000000
0.034961 0.025649 0.000000
-0.039097 0.028690 0.000000
0.449243 -0.000060 0.000000
0.076818 0.023674 0.000000
0.389806 -0.010566 0.000000
-0.153022 -0.028222 0.000000
0.292302 0.011205 0.000000
0.119439 -0.022719 0.000000
0.416815 -0.009052 0.000000
-0.295678 -0.026016 0.000000
-0.023226 0.028091 0.000000
-0.335950 -0.024422 0.000000
0.253872 0.013684 0.000000
-0.087620 0.030313 0.000000
0.126000 0.021150 0.000000
-0.065182 -0.027478 0.000000
-0.382492 -0.022178 0.000000
0.325189 0.008999 0.000000
-0.074288 -0.027611 0.000000
-0.500657 -0.002152 0.000000
-0.280797 -0.026505 0.000000
0.064606 0.024268 0.000000
0.343995 0.007702 0.000000
-0.217983 -0.027855 0.000000
0.388705 -0.010626 0.000000
-0.233181 -0.027630 0.000000
0.024120 -0.025624 0.000000
0.287442 -0.015796 0.000000
-0.149797 0.031872 0.000000
-0.025961 0.028197 0.000000
0.232268 -0.018300 0.000000
0.221150 -0.018778 0.000000
0.409925 -0.009444 0.000000
-0.462013 -0.016495 0.000000
-0.360646 0.029692 0.000000
-0.355329 0.030026 0.000000
-0.057137 -0.027352 0.000000
0.224608 -0.018630 0.000000
0.363455 -0.011987 0.000000
0.450608 -0.007075 0.000000
-0.164846 -0.028221 0.000000
-0.451952 -0.017529 0.000000
-0.177358 -0.028190 0.000000
0.372602 0.005678 0.000000
-0.194367 -0.028096 0.000000
0.003571 -0.026133 0.000000
-0.064844 -0.027473 0.000000
-0.187042 0.032468 0.000000
-0.234402 0.032786 0.000000
-0.195464 0.032563 0.000000
-0.344587 -0.024037 0.000000
-0.141884 0.031710 0.000000
-0.191095 0.032516 0.000000
-0.291846 0.032345 0.000000
0.256761 -0.017216 0.000000
0.200112 -0.019658 0.000000
0.183193 -0.020341 0.000000
0.165338 0.018986 0.000000
0.043534 -0.025102 0.000000
0.378917 -0.011159 0.000000
0.494163 -0.004380 0.000000
-0.246256 0.032777 0.000000
0.141578 -0.021930 0.000000
-0.407483 -0.020775 0.000000
0.254134 -0.017334 0.000000
-0.087034 0.030296 0.000000
0.151911 0.019739 0.000000
-0.218295 -0.027851 0.000000
0.392008 0.004270 0.000000
-0.030091 -0.026864 0.000000
0.471473 -0.005805 0.000000
-0.464080 0.015282 0.000000
0.390777 -0.010512 0.000000
0.185575 -0.020246 0.000000
-0.194246 -0.028097 0.000000
0.318696 -0.014281 0.000000
0.087592 -0.023782 0.000000
0.393176 -0.010380 0.000000
0.037457 0.025536 0.000000
-0.247983 0.032772 0.000000
-0.022233 0.028053 0.000000
-0.009468 0.027548 0.000000
-0.163756 -0.028223 0.000000
-0.272095 -0.026762 0.000000
0.180806 -0.020436 0.000000
0.275876 -0.016339 0.000000
-0.010111 -0.026446 0.000000
-0.068645 -0.027530 0.000000
0.258073 0.013418 0.000000
-0.092885 0.030470 0.000000
-0.419336 -0.020036 0.000000
0.443011 -0.007528 0.000000
-0.263318 -0.026996 0.000000
-0.187710 -0.028141 0.000000
-0.047642 -0.027191 0.000000
-0.170695 -0.028211 0.000000
0.025143 -0.025597 0.000000
-0.464751 0.015108 0.000000
-0.129710 0.031439 0.000000
0.194891 0.017281 0.000000
-0.294388 0.032297 0.000000
-0.170307 0.032234 0.000000
0.038393 -0.025244 0.000000
-0.399284 0.026368 0.000000
-0.176442 0.032327 0.000000
-0.179403 0.032369 0.000000
-0.217744 0.032737 0.000000
-0.043603 -0.027119 0.000000
-0.450432 0.018471 0.000000
0.046787 0.025108 0.000000
0.218239 0.015888 0.000000
-0.341218 -0.024189 0.000000
0.284501 0.011717 0.000000
0.119205 0.021511 0.000000
0.386385 -0.010753 0.000000
-0.225892 -0.027745 0.000000
-0.122321 -0.028105 0.000000
0.241993 0.014429 0.000000
0.151318 -0.021570 0.000000
-0.487443 0.007596 0.000000
-0.413517 -0.020407 0.000000
-0.242625 -0.027458 0.000000
0.237652 0.014699 0.000000
-0.312620 -0.025389 0.000000
-0.458186 0.016739 0.000000
-0.000650 0.027189 0.000000
0.366187 0.006138 0.000000
-0.145982 0.031795 0.000000
-0.182061 0.032405 0.000000
0.065703 0.024215 0.000000
0.148504 -0.021675 0.000000
0.213230 0.016190 0.000000
0.471744 -0.001839 0.000000
-0.206323 -0.027990 0.000000
-0.306272 0.032038 0.000000
0.135646 0.020631 0.000000
-0.422139 -0.019852 0.000000
-0.375776 0.028594 0.000000
-0.022252 -0.026706 0.000000
0.378334 0.005265 0.000000
0.467929 -0.001534 0.000000
0.407418 -0.009586 0.000000
0.040236 0.025409 0.000000
-0.496959 -0.008789 0.000000
0.437374 0.000860 0.000000
-0.439824 0.020558 0.000000
-0.264975 0.032681 0.000000
-0.311425 -0.025436 0.000000
0.454044 -0.000436 0.000000
0.471560 -0.005800 0.000000
0.102131 -0.023308 0.000000
-0.185975 -0.028150 0.000000
-0.312550 -0.025392 0.000000
-0.077732 -0.027658 0.000000
0.090098 0.023014 0.000000
-0.096442 0.030572 0.000000
0.076163 -0.024142 0.000000
-0.394305 -0.021537 0.000000
0.451609 -0.007015 0.000000
0.192210 -0.019980 0.000000
0.125162 0.021195 0.000000
0.155356 -0.021419 0.000000
-0.003796 -0.026304 0.000000
0.318453 -0.014293 0.000000
-0.271640 -0.026775 0.000000
0.128946 -0.022385 0.000000
0.171115 -0.020816 0.000000
-0.396766 0.026641 0.000000
0.448586 -0.000009 0.000000
-0.442658 0.020028 0.000000
-0.215278 -0.027890 0.000000
0.087075 -0.023799 0.000000
-0.283146 -0.026433 0.000000
-0.248669 -0.027336 0.000000
-0.239304 -0.027521 0.000000
-0.126287 0.031359 0.000000
0.059067 -0.024658 0.000000
0.118315 -0.022758 0.000000
-0.451803 0.018178 0.000000
0.105548 -0.023194 0.000000
-0.498948 0.000496 0.000000
0.181770 -0.020398 0.000000
0.259977 -0.017070 0.000000
-0.395144 -0.021490 0.000000
0.452842 -0.000342 0.000000
0.127919 -0.022422 0.000000
-0.236666 0.032788 0.000000
-0.418347 0.024000 0.000000
0.401992 -0.009890 0.000000
0.444626 -0.007432 0.000000
0.136262 -0.022123 0.000000
0.070308 0.023993 0.000000
0.032597 -0.025401 0.000000
0.100001 -0.023378 0.000000
-0.047978 -0.027197 0.000000
-0.366440 -0.022999 0.000000
-0.478181 -0.014256 0.000000
-0.295368 0.032279 0.000000
-0.181369 -0.028174 0.000000
-0.206214 -0.027992 0.000000
0.456301 -0.006732 0.000000
0.284189 -0.015950 0.000000
-0.150607 0.031887 0.000000
-0.120491 0.031218 0.000000
0.390854 -0.010508 0.000000
0.099789 -0.023385 0.000000
-0.308084 -0.025564 0.000000
-0.025544 -0.026774 0.000000
0.106978 0.022151 0.000000
0.017577 0.026417 0.000000
-0.122644 -0.028107 0.000000
-0.378377 -0.022394 0.000000
0.392909 -0.010395 0.000000
0.421873 -0.008763 0.000000
-0.355975 -0.023507 0.000000
-0.388897 0.027436 0.000000
-0.293884 0.032307 0.000000
0.231462 -0.018335 0.000000
0.065134 0.024242 0.000000
0.106781 -0.023152 0.000000
0.401524 0.003569 0.000000
-0.244799 0.032781 0.000000
-0.191151 -0.028118 0.000000
0.253654 -0.017356 0.000000
-0.101026 0.030702 0.000000
-0.450042 -0.017705 0.000000
-0.185533 0.032450 0.000000
-0.385038 -0.022043 0.000000
-0.054015 0.029223 0.000000
-0.136268 0.031588 0.000000
0.201586 0.016886 0.000000
0.446346 -0.007330 0.000000
0.417475 0.002377 0.000000
-0.214368 0.032717 0.000000
0.194211 0.017321 0.000000
0.308181 0.010150 0.000000
-0.353407 -0.023629 0.000000
-0.030968 0.028387 0.000000
0.434945 -0.008003 0.000000
-0.469283 -0.015605 0.000000
0.172371 0.018586 0.000000
-0.046029 0.028941 0.000000
0.429804 -0.008304 0.000000
-0.032599 0.028448 0.000000
0.149204 -0.021649 0.000000
-0.370469 -0.022798 0.000000
-0.351530 0.030248 0.000000
0.402190 -0.009879 0.000000
-0.451095 -0.017608 0.000000
0.428530 0.001538 0.000000
0.303037 -0.015049 0.000000
-0.424567 0.023096 0.000000
-0.393476 0.026983 0.000000
0.371999 0.005722 0.000000
-0.030447 0.028367 0.000000
-0.177938 -0.028188 0.000000
-0.463678 -0.016304 0.000000
0.215663 0.016043 0.000000
0.433259 -0.008102 0.000000
0.489314 -0.004688 0.000000
0.491887 -0.003469 0.000000
-0.487615 -0.012271 0.000000
-0.239728 -0.027514 0.000000
0.378040 -0.011207 0.000000
-0.228995 -0.027698 0.000000
0.225095 0.015471 0.000000
0.059559 0.024509 0.000000
-0.358724 0.029817 0.000000
0.115885 0.021686 0.000000
-0.082409 -0.027719 0.000000
-0.310925 0.031916 0.000000
-0.460461 -0.016668 0.000000
0.489406 -0.004683 0.000000
-0.132170 -0.028161 0.000000
0.058635 -0.024670 0.000000
0.278604 -0.016212 0.000000
-0.023856 -0.026739 0.000000
-0.049264 0.029056 0.000000
0.162617 0.019140 0.000000
0.432835 0.001209 0.000000
0.293019 -0.015531 0.000000
-0.270321 0.032634 0.000000
-0.198797 -0.028060 0.000000
0.135229 -0.022160 0.000000
0.244467 -0.017765 0.000000
-0.154766 0.031967 0.000000
0.160311 0.019269 0.000000
-0.472499 0.012938 0.000000
0.100645 0.022478 0.000000
0.263155 0.013095 0.000000
-0.300791 0.032167 0.000000
0.089802 -0.023711 0.000000
-0.105217 0.030818 0.000000
0.051179 0.024904 0.000000
0.268859 0.012730 0.000000
-0.008215 -0.026404 0.000000
0.293775 -0.015495 0.000000
-0.191515 -0.028115 0.000000
-0.053701 0.029212 0.000000
-0.208228 0.032676 0.000000
0.480582 -0.005239 0.000000
0.087901 0.023124 0.000000
-0.348901 0.030393 0.000000
0.345462 -0.012927 0.000000
-0.294965 0.032287 0.000000
0.313488 0.009793 0.000000
-0.026088 0.028201 0.000000
0.264613 -0.016859 0.000000
0.309897 -0.014715 0.000000
-0.143204 0.031738 0.000000
-0.480735 -0.013793 0.000000
-0.443754 0.019818 0.000000
0.318605 -0.014286 0.000000
-0.082729 -0.027723 0.000000
-0.369955 -0.022824 0.000000
-0.380663 -0.022274 0.000000
0.101281 -0.023336 0.000000
-0.292598 0.032331 0.000000
0.429051 0.001498 0.000000
-0.067308 0.029673 0.000000
0.340556 0.007941 0.000000
-0.341395 -0.024181 0.000000
-0.035148 0.028544 0.000000
-0.056984 -0.027350 0.000000
-0.283068 0.032484 0.000000
-0.430502 -0.019275 0.000000
-0.428865 0.022430 0.000000
0.476611 -0.002229 0.000000
-0.395076 -0.021494 0.000000
0.269906 0.012663 0.000000
0.102169 -0.023306 0.000000
0.076457 -0.024133 0.000000
0.141709 -0.021925 0.000000
-0.050589 -0.027242 0.000000
0.322984 -0.014068 0.000000
0.401644 0.003560 0.000000
0.489645 -0.004667 0.000000
0.251814 0.013814 0.000000
-0.134231 -0.028171 0.000000
0.188047 0.017682 0.000000
-0.234827 0.032786 0.000000
0.217046 0.015960 0.000000
-0.092441 0.030457 0.000000
-0.158738 0.032039 0.000000
-0.033537 -0.026931 0.000000
0.416923 0.002418 0.000000
-0.101797 0.030724 0.000000
-0.383282 0.027956 0.000000
-0.480991 -0.013744 0.000000
0.436588 -0.007907 0.000000
-0.165765 0.032161 0.000000
-0.020747 -0.026675 0.000000
0.373531 0.005612 0.000000
0.002635 0.027052 0.000000
-0.168866 -0.028215 0.000000
-0.031923 -0.026900 0.000000
-0.474046 -0.014927 0.000000
-0.306705 -0.025616 0.000000
-0.425458 0.022962 0.000000
-0.188598 -0.028135 0.000000
-0.154983 -0.028225 0.000000
-0.378439 -0.022390 0.000000
0.312497 -0.014587 0.000000
-0.302833 -0.025760 0.000000
-0.145875 -0.028210 0.000000
-0.374830 -0.022577 0.000000
-0.176576 -0.028193 0.000000
0.151632 0.019754 0.000000
0.300987 0.010630 0.000000
-0.088251 -0.027791 0.000000
0.020006 -0.025729 0.000000
-0.249452 0.032768 0.000000
-0.060885 -0.027412 0.000000
0.259647 -0.017085 0.000000
-0.008522 0.027510 0.000000
0.344959 0.007635 0.000000
-0.165215 0.032152 0.000000
0.409669 -0.009458 0.000000
-0.068581 0.029715 0.000000
-0.018893 0.027923 0.000000
-0.494816 -0.009871 0.000000
0.205161 -0.019450 0.000000
0.424744 0.001826 0.000000
-0.015059 0.027772 0.000000
-0.400676 -0.021176 0.000000
-0.199373 0.032602 0.000000
0.261677 0.013189 0.000000
-0.315429 -0.025279 0.000000
-0.301326 0.032155 0.000000
-0.183842 -0.028161 0.000000
0.188515 0.017654 0.000000
0.320100 0.009346 0.000000
0.399389 -0.010035 0.000000
-0.407380 0.025432 0.000000
-0.027541 -0.026814 0.000000
0.281571 0.011908 0.000000
0.470599 -0.001747 0.000000
0.242108 -0.017870 0.000000
-0.090474 -0.027817 0.000000
0.122244 0.021350 0.000000
0.395857 -0.010232 0.000000
-0.085133 0.030238 0.000000
0.270912 -0.016570 0.000000
-0.255407 0.032743 0.000000
-0.175401 0.032312 0.000000
0.396604 0.003932 0.000000
-0.177805 -0.028188 0.000000
0.066890 0.024158 0.000000
0.103667 -0.023256 0.000000
0.492717 -0.004472 0.000000
0.475509 -0.002141 0.000000
0.074371 0.023794 0.000000
0.267977 0.012787 0.000000
0.288838 0.011433 0.000000
-0.469636 -0.015557 0.000000
-0.276597 0.032567 0.000000
0.437465 -0.007856 0.000000
-0.323821 0.031510 0.000000
-0.238471 0.032787 0.000000
-0.235539 0.032787 0.000000
-0.387832 -0.021893 0.000000
-0.026488 -0.026792 0.000000
0.415884 0.002496 0.000000
-0.430678 0.022138 0.000000
-0.407628 -0.020767 0.000000
0.330495 -0.013691 0.000000
-0.493830 0.004386 0.000000
0.440110 0.000649 0.000000
-0.397349 0.026578 0.000000
0.004614 -0.026108 0.000000
-0.452391 0.018050 0.000000
-0.128681 0.031415 0.000000
0.128543 0.021014 0.000000
0.240478 0.014523 0.000000
0.318926 0.009425 0.000000
-0.070088 -0.027551 0.000000
-0.406671 -0.020824 0.000000
-0.232877 0.032784 0.000000
0.320952 -0.014169 0.000000
-0.226601 -0.027735 0.000000
0.225863 -0.018577 0.000000
0.451621 -0.007014 0.000000
0.051085 0.024908 0.000000
-0.208986 0.032682 0.000000
0.247180 0.014105 0.000000
-0.237168 -0.027560 0.000000
-0.451936 -0.017530 0.000000
0.492140 -0.004509 0.000000
-0.199319 -0.028056 0.000000
-0.206158 -0.027992 0.000000
0.325103 -0.013962 0.000000
-0.051456 0.029133 0.000000
0.266085 -0.016792 0.000000
0.217733 0.015918 0.000000
-0.220309 -0.027825 0.000000
-0.396324 -0.021424 0.000000
-0.063930 -0.027459 0.000000
-0.311217 -0.025444 0.000000
0.126240 0.021137 0.000000
-0.360892 0.029676 0.000000
0.306503 -0.014881 0.000000
-0.012150 0.027656 0.000000
-0.463044 0.015548 0.000000
0.004757 -0.026105 0.000000
0.302751 0.010513 0.000000
-0.017526 0.027869 0.000000
0.145021 0.020119 0.000000
-0.122992 0.031279 0.000000
-0.374632 -0.022587 0.000000
0.317887 -0.014321 0.000000
0.281487 -0.016077 0.000000
0.248786 -0.017573 0.000000
-0.374899 -0.022573 0.000000
0.110102 0.021989 0.000000
-0.400417 0.026242 0.000000
-0.257026 0.032735 0.000000
0.466029 -0.006140 0.000000
0.166373 -0.021000 0.000000
-0.097675 -0.027896 0.000000
-0.232290 -0.027644 0.000000
-0.295928 -0.026007 0.000000
-0.081393 0.030124 0.000000
0.034859 -0.025340 0.000000
-0.058586 0.029380 0.000000
0.278596 0.012102 0.000000
0.001267 0.027109 0.000000
-0.028554 -0.026834 0.000000
-0.343520 -0.024085 0.000000
0.131718 0.020843 0.000000
-0.416066 -0.020246 0.000000
-0.436290 0.021190 0.000000
-0.009094 -0.026423 0.000000
0.030893 -0.025446 0.000000
0.103036 -0.023278 0.000000
0.026868 0.026011 0.000000
0.462351 -0.006365 0.000000
-0.174275 0.032295 0.000000
-0.252552 -0.027253 0.000000
0.283587 -0.015978 0.000000
0.479702 -0.005294 0.000000
0.448830 -0.007182 0.000000
0.152371 0.019713 0.000000
0.127370 -0.022441 0.000000
-0.216698 -0.027872 0.000000
0.285013 -0.015911 0.000000
-0.365341 0.029377 0.000000
-0.165782 0.032161 0.000000
-0.458139 -0.016916 0.000000
0.369866 -0.011646 0.000000
-0.455888 -0.017147 0.000000
0.292309 -0.015565 0.000000
0.159382 -0.021267 0.000000
-0.251239 0.032762 0.000000
0.072845 -0.024244 0.000000
-0.488560 0.007098 0.000000
-0.157022 -0.028225 0.000000
-0.270078 -0.026818 0.000000
-0.117207 0.031134 0.000000
0.441549 -0.007615 0.000000
0.451061 -0.000202 0.000000
-0.279427 -0.026547 0.000000
0.448475 0.000000 0.000000
0.379322 0.005194 0.000000
0.307531 0.010193 0.000000
0.041197 -0.025167 0.000000
-0.173476 -0.028203 0.000000
-0.180666 -0.028177 0.000000
-0.186014 0.032456 0.000000
-0.125469 -0.028126 0.000000
0.409279 -0.009481 0.000000
-0.237172 0.032788 0.000000
0.128836 0.020998 0.000000
-0.032559 0.028447 0.000000
0.218949 0.015845 0.000000
0.188615 0.017649 0.000000
-0.162352 -0.028225 0.000000
0.266191 -0.016787 0.000000
-0.329535 0.031297 0.000000
-0.439186 0.020673 0.000000
0.486202 -0.003005 0.000000
-0.449432 -0.017761 0.000000
-0.136991 0.031604 0.000000
0.329522 0.008703 0.000000
-0.234330 0.032786 0.000000
0.245943 0.014182 0.000000
0.007523 0.026847 0.000000
-0.403187 -0.021030 0.000000
0.409829 0.002951 0.000000
0.366004 0.006151 0.000000
0.243366 -0.017814 0.000000
0.165196 -0.021045 0.000000
0.226153 -0.018564 0.000000
-0.464923 -0.016156 0.000000
0.329061 0.008734 0.000000
0.159961 -0.021245 0.000000
0.354426 -0.012462 0.000000
-0.367895 0.029195 0.000000
0.067711 -0.024400 0.000000
-0.348391 -0.023863 0.000000
0.415636 -0.009120 0.000000
-0.272775 -0.026742 0.000000
-0.093261 0.030480 0.000000
0.189747 0.017583 0.000000
-0.261323 -0.027046 0.000000
-0.468761 -0.015674 0.000000
0.264171 -0.016879 0.000000
-0.073356 0.029870 0.000000
-0.471276 0.013301 0.000000
0.253533 -0.017361 0.000000
-0.009563 -0.026434 0.000000
-0.011770 0.027640 0.000000
0.304560 0.010392 0.000000
0.472065 -0.005769 0.000000
0.073861 -0.024213 0.000000
0.036365 0.025585 0.000000
-0.313728 -0.025346 0.000000
-0.212321 -0.027925 0.000000
-0.316681 0.031749 0.000000
0.254756 0.013628 0.000000
0.022632 -0.025662 0.000000
0.037673 -0.025264 0.000000
0.366292 -0.011836 0.000000
-0.471460 0.013247 0.000000
-0.058538 0.029379 0.000000
-0.278412 -0.026578 0.000000
-0.092612 0.030462 0.000000
-0.499873 -0.000647 0.000000
0.046797 -0.025011 0.000000
-0.142167 -0.028201 0.000000
-0.256630 -0.027159 0.000000
0.402306 0.003511 0.000000
-0.128455 -0.028142 0.000000
0.258045 -0.017158 0.000000
0.495092 -0.003732 0.000000
0.274491 -0.016404 0.000000
0.484056 -0.005021 0.000000
0.108379 0.022079 0.000000
-0.376085 -0.022512 0.000000
-0.294015 0.032304 0.000000
0.300142 -0.015189 0.000000
0.125419 0.021181 0.000000
0.186449 -0.020211 0.000000
0.103036 0.022355 0.000000
0.490691 -0.003372 0.000000
0.257722 -0.017172 0.000000
0.319240 0.009404 0.000000
-0.078867 -0.027673 0.000000
0.059280 -0.024651 0.000000
0.461309 -0.006429 0.000000
-0.435940 -0.018874 0.000000
0.471149 -0.005825 0.000000
0.162778 0.019131 0.000000
0.393716 0.004145 0.000000
0.459344 -0.006548 0.000000
-0.163607 -0.028223 0.000000
-0.473583 -0.014997 0.000000
-0.045503 -0.027154 0.000000
0.071190 0.023950 0.000000
-0.493150 -0.010551 0.000000
-0.421670 0.023526 0.000000
0.161364 -0.021191 0.000000
0.093240 -0.023600 0.000000
0.156957 -0.021359 0.000000
0.298868 -0.015251 0.000000
0.270036 0.012654 0.000000
0.074248 0.023801 0.000000
-0.339828 0.030853 0.000000
0.153014 0.019677 0.000000
-0.497046 -0.008737 0.000000
-0.326292 -0.024836 0.000000
-0.350650 0.030297 0.000000
-0.411490 -0.020532 0.000000
-0.400277 0.026258 0.000000
0.470321 -0.005876 0.000000
-0.065220 0.029604 0.000000
-0.484946 0.008644 0.000000
0.429145 -0.008342 0.000000
-0.035402 -0.026968 0.000000
0.340030 0.007978 0.000000
0.150750 -0.021591 0.000000
-0.459643 0.016391 0.000000
-0.363100 0.029530 0.000000
0.211944 0.016267 0.000000
-0.452422 0.018044 0.000000
0.123565 0.021280 0.000000
-0.330261 -0.024668 0.000000
-0.416779 -0.020201 0.000000
0.199910 0.016985 0.000000
-0.146833 -0.028212 0.000000
0.441340 0.000554 0.000000
-0.081129 0.030115 0.000000
0.495130 -0.004318 0.000000
0.338398 0.008091 0.000000
0.219240 0.015827 0.000000
0.367054 0.006076 0.000000
0.161612 -0.021182 0.000000
-0.004761 -0.026326 0.000000
-0.162494 -0.028224 0.000000
-0.470558 0.013510 0.000000
-0.017479 -0.026606 0.000000
0.444613 -0.007433 0.000000
0.109335 0.022029 0.000000
-0.085091 0.030237 0.000000
-0.401352 0.026137 0.000000
-0.249664 -0.027315 0.000000
-0.253488 -0.027232 0.000000
0.273955 -0.016429 0.000000
-0.161239 0.032084 0.000000
-0.254863 -0.027200 0.000000
-0.431124 -0.019230 0.000000
0.030286 0.025858 0.000000
0.143221 -0.021870 0.000000
0.152152 -0.021539 0.000000
0.295615 -0.015407 0.000000
0.424188 -0.008629 0.000000
-0.249175 0.032769 0.000000
0.416378 -0.009077 0.000000
0.054402 0.024753 0.000000
0.273388 -0.016455 0.000000
-0.008409 -0.026408 0.000000
0.396368 0.003950 0.000000
-0.485524 0.008409 0.000000
-0.072670 0.029848 0.000000
-0.409079 0.025222 0.000000
0.377493 0.005326 0.000000
-0.296232 0.032263 0.000000
-0.206281 -0.027991 0.000000
0.180110 0.018142 0.000000
-0.341699 0.030763 0.000000
0.003568 -0.026133 0.000000
0.059806 -0.024636 0.000000
-0.396679 0.026650 0.000000
0.324822 0.009024 0.000000
0.036185 -0.025304 0.000000
0.487570 -0.003117 0.000000
-0.218276 -0.027851 0.000000
-0.227514 0.032774 0.000000
-0.260188 -0.027075 0.000000
-0.025547 -0.026774 0.000000
0.288080 -0.015766 0.000000
-0.088446 0.030338 0.000000
0.108327 -0.023100 0.000000
-0.244331 -0.027425 0.000000
0.437314 0.000865 0.000000
0.363581 -0.011980 0.000000
-0.163181 0.032117 0.000000
0.208700 0.016462 0.000000
-0.000108 -0.026219 0.000000
0.246311 0.014159 0.000000
0.043902 -0.025092 0.000000
-0.086208 -0.027766 0.000000
-0.260457 0.032714 0.000000
0.020570 -0.025715 0.000000
-0.054152 -0.027303 0.000000
0.014646 -0.025864 0.000000
-0.279387 0.032534 0.000000
-0.150104 0.031877 0.000000
-0.158471 0.032035 0.000000
-0.205869 0.032659 0.000000
-0.429470 0.022334 0.000000
0.048777 -0.024955 0.000000
-0.129270 0.031429 0.000000
0.321805 0.009230 0.000000
-0.307744 -0.025577 0.000000
0.331737 -0.013628 0.000000
0.335386 -0.013443 0.000000
-0.424753 0.023069 0.000000
-0.106871 -0.027986 0.000000
0.027710 0.025973 0.000000
0.226795 -0.018536 0.000000
0.465345 -0.006182 0.000000
-0.404473 0.025779 0.000000
0.041287 -0.025164 0.000000
-0.106542 -0.027983 0.000000
-0.244122 -0.027429 0.000000
-0.480299 -0.013875 0.000000
-0.390764 0.027255 0.000000
-0.352931 0.030166 0.000000
-0.124676 -0.028121 0.000000
-0.243285 0.032783 0.000000
-0.257234 -0.027145 0.000000
0.124309 0.021240 0.000000
-0.010684 -0.026459 0.000000
0.351120 -0.012634 0.000000
-0.466706 0.014588 0.000000
0.448417 -0.007206 0.000000
-0.063463 0.029545 0.000000
-0.007769 0.027479 0.000000
0.159446 -0.021264 0.000000
0.015927 -0.025832 0.000000
-0.154767 0.031967 0.000000
-0.456852 -0.017049 0.000000
-0.270916 -0.026795 0.000000
-0.055343 -0.027322 0.000000
-0.185917 0.032455 0.000000
0.316705 -0.014380 0.000000
-0.203787 0.032642 0.000000
0.393618 0.004152 0.000000
-0.446611 0.019256 0.000000
-0.142504 0.031723 0.000000
-0.111124 0.030977 0.000000
-0.491447 -0.011152 0.000000
0.306256 -0.014893 0.000000
-0.172609 -0.028206 0.000000
0.363987 0.006294 0.000000
-0.323159 0.031534 0.000000
0.497307 -0.003915 0.000000
-0.180993 0.032391 0.000000
0.129365 -0.022370 0.000000
0.029406 -0.025485 0.000000
-0.190372 -0.028123 0.000000
0.437044 -0.007880 0.000000
-0.241641 -0.027478 0.000000
0.283844 -0.015966 0.000000
-0.135842 -0.028178 0.000000
-0.036001 -0.026979 0.000000
-0.005980 0.027407 0.000000
0.366332 -0.011834 0.000000
0.034995 0.025647 0.000000
-0.152833 -0.028222 0.000000
0.474617 -0.002069 0.000000
-0.127006 0.031376 0.000000
-0.041061 0.028761 0.000000
-0.043479 0.028849 0.000000
0.235332 -0.018167 0.000000
-0.016945 -0.026594 0.000000
0.337951 0.008122 0.000000
0.149714 -0.021630 0.000000
-0.023098 -0.026723 0.000000
0.428011 -0.008408 0.000000
0.394767 0.004067 0.000000
-0.119878 0.031202 0.000000
-0.224230 -0.027769 0.000000
0.136327 0.020594 0.000000
0.005355 -0.026090 0.000000
0.410558 -0.009408 0.000000
0.141164 0.020331 0.000000
-0.344187 0.030640 0.000000
0.020764 -0.025710 0.000000
-0.028532 -0.026833 0.000000
-0.470831 -0.015394 0.000000
0.308716 0.010114 0.000000
-0.102278 0.030737 0.000000
-0.063694 0.029553 0.000000
-0.355229 -0.023543 0.000000
0.234351 -0.018210 0.000000
-0.497555 0.001807 0.000000
-0.410589 0.025032 0.000000
0.023501 0.026159 0.000000
0.372115 0.005713 0.000000
-0.282785 0.032488 0.000000
-0.097422 -0.027893 0.000000
0.226394 0.015391 0.000000
0.023995 -0.025627 0.000000
-0.012689 -0.026503 0.000000
-0.025492 0.028179 0.000000
0.089477 0.023045 0.000000
0.315668 -0.014431 0.000000
0.474646 -0.002071 0.000000
0.110996 -0.023009 0.000000
0.458904 -0.006575 0.000000
0.304712 -0.014968 0.000000
0.237861 -0.018056 0.000000
-0.011803 -0.026483 0.000000
0.258538 -0.017135 0.000000
-0.017037 -0.026596 0.000000
-0.125910 -0.028128 0.000000
0.437571 0.000845 0.000000
-0.490707 0.006076 0.000000
-0.042337 0.028808 0.000000
-0.158615 -0.028225 0.000000
-0.366919 0.029265 0.000000
0.263240 0.013090 0.000000
0.186705 -0.020201 0.000000
-0.461761 -0.016523 0.000000
0.051599 0.024884 0.000000
-0.398359 0.026468 0.000000
-0.483086 0.009373 0.000000
0.055674 -0.024757 0.000000
0.103791 -0.023252 0.000000
0.121649 0.021382 0.000000
0.086084 -0.023830 0.000000
-0.142023 0.031713 0.000000
-0.432225 -0.019150 0.000000
-0.075643 0.029943 0.000000
0.093191 -0.023602 0.000000
-0.159828 -0.028225 0.000000
0.033824 0.025700 0.000000
-0.204631 -0.028007 0.000000
0.027941 -0.025524 0.000000
-0.215890 0.032726 0.000000
-0.499753 -0.006565 0.000000
0.070349 0.023991 0.000000
0.311592 0.009921 0.000000
0.257521 -0.017181 0.000000
0.117402 0.021606 0.000000
0.068772 0.024067 0.000000
0.254905 0.013619 0.000000
0.305782 -0.014916 0.000000
0.256940 0.013490 0.000000
0.319912 0.009358 0.000000
-0.154236 -0.028224 0.000000
-0.094017 0.030502 0.000000
-0.360958 0.029672 0.000000
-0.024148 -0.026745 0.000000
-0.390405 -0.021752 0.000000
-0.378298 0.028386 0.000000
-0.441093 -0.018471 0.000000
-0.105685 -0.027975 0.000000
-0.312652 0.031868 0.000000
-0.001618 -0.026254 0.000000
0.145693 -0.021779 0.000000
0.036103 0.025597 0.000000
0.497158 -0.003903 0.000000
0.464590 -0.006228 0.000000
0.461591 -0.001031 0.000000
-0.372961 0.028817 0.000000
-0.243266 -0.027446 0.000000
-0.029247 0.028322 0.000000
-0.390280 -0.021759 0.000000
-0.386097 -0.021986 0.000000
0.070573 -0.024313 0.000000
-0.267409 0.032661 0.000000
0.190353 -0.020055 0.000000
0.387480 0.004601 0.000000
0.003217 -0.026141 0.000000
0.261201 -0.017014 0.000000
-0.158262 -0.028225 0.000000
0.402712 0.003481 0.000000
0.453866 -0.006879 0.000000
-0.345141 -0.024011 0.000000
0.412825 0.002726 0.000000
-0.377356 -0.022447 0.000000
-0.109727 0.030940 0.000000
0.308540 0.010126 0.000000
0.169875 0.018729 0.000000
-0.428959 -0.019384 0.000000
-0.141808 0.031708 0.000000
0.126762 -0.022463 0.000000
-0.334337 -0.024493 0.000000
-0.116566 0.031118 0.000000
0.462925 -0.001136 0.000000
0.150413 0.019822 0.000000
0.476804 -0.002245 0.000000
-0.425863 0.022899 0.000000
0.043369 -0.025107 0.000000
0.331063 0.008597 0.000000
-0.409723 0.025142 0.000000
0.063633 0.024314 0.000000
0.441288 -0.007630 0.000000
-0.366841 0.029271 0.000000
0.423230 -0.008684 0.000000
-0.349825 0.030342 0.000000
-0.305766 0.032050 0.000000
-0.008277 -0.026405 0.000000
0.284139 -0.015953 0.000000
-0.450044 0.018552 0.000000
-0.285554 -0.026355 0.000000
0.297944 0.010832 0.000000
-0.324159 0.031498 0.000000
0.326377 -0.013898 0.000000
0.050872 -0.024895 0.000000
0.197418 -0.019768 0.000000
0.457439 -0.000703 0.000000
0.266246 -0.016784 0.000000
-0.004757 -0.026326 0.000000
-0.070615 -0.027559 0.000000
0.459424 -0.006543 0.000000
0.218495 -0.018891 0.000000
-0.116010 0.031104 0.000000
-0.268528 0.032652 0.000000
0.396630 -0.010189 0.000000
-0.439096 -0.018630 0.000000
-0.078195 0.030023 0.000000
0.481708 -0.005168 0.000000
-0.065482 0.029613 0.000000
0.377269 0.005342 0.000000
-0.384861 0.027814 0.000000
-0.374542 0.028692 0.000000
0.343627 -0.013022 0.000000
0.115085 -0.022870 0.000000
-0.183932 0.032429 0.000000
0.147559 0.019980 0.000000
-0.416522 -0.020217 0.000000
-0.451241 0.018298 0.000000
-0.391088 0.027223 0.000000
-0.220466 0.032749 0.000000
0.270918 0.012598 0.000000
-0.372401 0.028860 0.000000
0.402684 -0.009851 0.000000
-0.237079 0.032788 0.000000
-0.063978 0.029562 0.000000
-0.164424 -0.028222 0.000000
0.252377 0.013778 0.000000
-0.185111 -0.028154 0.000000
-0.422101 -0.019854 0.000000
-0.299234 0.032200 0.000000
-0.186670 -0.028146 0.000000
0.328639 0.008763 0.000000
0.117405 0.021606 0.000000
0.212271 -0.019153 0.000000
0.058794 0.024545 0.000000
0.221823 0.015670 0.000000
0.365550 0.006183 0.000000
-0.323187 0.031533 0.000000
0.383420 0.004897 0.000000
-0.082672 -0.027722 0.000000
-0.388051 -0.021881 0.000000
-0.486852 -0.012465 0.000000
-0.177940 -0.028188 0.000000
0.331883 -0.013621 0.000000
-0.471074 0.013360 0.000000
-0.179547 -0.028181 0.000000
0.268852 -0.016664 0.000000
-0.291264 0.032356 0.000000
0.031843 -0.025421 0.000000
-0.147120 -0.028213 0.000000
0.057987 -0.024689 0.000000
0.099595 -0.023392 0.000000
0.343961 0.007705 0.000000
0.010293 -0.025971 0.000000
0.132699 0.020790 0.000000
-0.422101 -0.019854 0.000000
0.473615 -0.005673 0.000000
0.399835 0.003694 0.000000
-0.182086 0.032405 0.000000
0.455361 -0.000539 0.000000
-0.297239 -0.025961 0.000000
0.474266 -0.005632 0.000000
-0.282330 0.032494 0.000000
-0.020739 -0.026675 0.000000
0.371212 0.005778 0.000000
-0.417633 -0.020146 0.000000
0.291388 0.011265 0.000000
-0.063435 0.029544 0.000000
-0.193542 0.032543 0.000000
-0.457181 -0.017015 0.000000
0.462624 -0.006348 0.000000
-0.108012 -0.027996 0.000000
-0.392550 0.027076 0.000000
-0.125959 -0.028128 0.000000
-0.482163 0.009721 0.000000
-0.219853 -0.027831 0.000000
0.076967 0.023667 0.000000
0.381554 -0.011016 0.000000
0.186012 0.017800 0.000000
0.438998 0.000735 0.000000
0.389157 -0.010601 0.000000
-0.250233 0.032766 0.000000
-0.010667 0.027596 0.000000
-0.499273 -0.007081 0.000000
0.014658 0.026543 0.000000
0.090330 -0.023694 0.000000
-0.210902 -0.027941 0.000000
0.029445 -0.025484 0.000000
-0.039530 -0.027045 0.000000
-0.223546 0.032762 0.000000
0.386363 0.004683 0.000000
-0.057672 -0.027361 0.000000
-0.282208 -0.026462 0.000000
-0.152854 0.031930 0.000000
-0.079479 -0.027681 0.000000
-0.163809 -0.028223 0.000000
-0.169152 0.032216 0.000000
0.459786 -0.006521 0.000000
-0.401356 -0.021136 0.000000
-0.283561 0.032477 0.000000
-0.147258 -0.028213 0.000000
0.361016 0.006506 0.000000
0.491457 -0.004552 0.000000
-0.011282 -0.026472 0.000000
-0.142685 -0.028202 0.000000
0.346021 -0.012898 0.000000
0.419727 -0.008886 0.000000
0.419304 0.002239 0.000000
0.440244 0.000639 0.000000
-0.089411 -0.027805 0.000000
-0.201767 -0.028034 0.000000
-0.155191 -0.028225 0.000000
-0.302196 -0.025783 0.000000
0.234682 -0.018195 0.000000
0.184331 0.017898 0.000000
0.313498 0.009792 0.000000
-0.405904 -0.020870 0.000000
-0.098981 0.030645 0.000000
0.170131 -0.020854 0.000000
-0.322817 0.031546 0.000000
0.013535 -0.025892 0.000000
-0.060449 0.029444 0.000000
-0.174859 -0.028200 0.000000
0.256062 0.013546 0.000000
0.409862 0.002948 0.000000
0.091986 -0.023641 0.000000
0.495242 -0.003745 0.000000
-0.131340 -0.028158 0.000000
0.140091 -0.021984 0.000000
-0.193343 0.032541 0.000000
-0.143470 0.031743 0.000000
-0.430736 0.022129 0.000000
0.365326 0.006199 0.000000
0.484530 -0.002869 0.000000
0.241175 -0.017911 0.000000
-0.030731 0.028378 0.000000
-0.070075 -0.027551 0.000000
-0.475987 0.011855 0.000000
0.168316 0.018817 0.000000
-0.499377 -0.006978 0.000000
-0.467591 0.014346 0.000000
0.389948 -0.010558 0.000000
-0.251402 -0.027277 0.000000
0.341100 0.007903 0.000000
-0.202611 0.032631 0.000000
0.123087 -0.022592 0.000000
0.021924 0.026228 0.000000
0.100760 -0.023353 0.000000
-0.190297 -0.028123 0.000000
0.250722 -0.017487 0.000000
-0.060571 -0.027407 0.000000
0.322935 0.009153 0.000000
-0.455925 -0.017143 0.000000
0.313029 0.009824 0.000000
-0.034882 0.028534 0.000000
-0.262573 0.032700 0.000000
-0.191427 0.032520 0.000000
-0.440563 -0.018514 0.000000
-0.198853 0.032597 0.000000
0.091794 0.022928 0.000000
0.425838 0.001743 0.000000
-0.317005 0.031738 0.000000
-0.424780 0.023065 0.000000
0.287573 -0.015790 0.000000
-0.416465 0.024260 0.000000
-0.457659 -0.016966 0.000000
0.156269 -0.021385 0.000000
-0.330259 0.031269 0.000000
-0.085095 0.030237 0.000000
0.006546 0.026888 0.000000
0.440585 -0.007672 0.000000
-0.114948 -0.028053 0.000000
0.277605 -0.016259 0.000000
0.009078 0.026781 0.000000
-0.383284 -0.022136 0.000000
-0.155014 0.031972 0.000000
-0.020303 -0.026666 0.000000
0.317496 0.009522 0.000000
-0.074478 -0.027613 0.000000
-0.208447 0.032678 0.000000
0.109582 0.022016 0.000000
-0.246702 0.032776 0.000000
0.440132 -0.007698 0.000000
0.375226 0.005490 0.000000
-0.022412 -0.026709 0.000000
-0.203982 0.032643 0.000000
0.071560 -0.024283 0.000000
0.285772 0.011634 0.000000
-0.071247 0.029802 0.000000
0.489178 -0.004697 0.000000
0.257889 -0.017165 0.000000
-0.492338 -0.010848 0.000000
-0.133211 0.031520 0.000000
-0.193065 -0.028105 0.000000
-0.132296 -0.028162 0.000000
0.087701 0.023134 0.000000
0.396789 0.003918 0.000000
0.026321 0.026035 0.000000
-0.392783 -0.021622 0.000000
-0.447230 -0.017956 0.000000
0.477528 -0.005429 0.000000
-0.436697 0.021119 0.000000
-0.375644 -0.022535 0.000000
-0.194837 0.032556 0.000000
-0.389495 0.027378 0.000000
-0.169886 0.032228 0.000000
0.390663 -0.010519 0.000000
-0.474082 0.012456 0.000000
-0.298268 0.032220 0.000000
-0.347532 -0.023902 0.000000
0.412122 0.002779 0.000000
0.469850 -0.005905 0.000000
0.237465 -0.018074 0.000000
0.006311 0.026898 0.000000
-0.185608 0.032451 0.000000
-0.365663 0.029355 0.000000
0.100547 0.022483 0.000000
0.127375 -0.022441 0.000000
0.453622 -0.000403 0.000000
-0.384329 -0.022081 0.000000
0.240787 -0.017928 0.000000
0.215530 0.016051 0.000000
-0.218806 0.032742 0.000000
-0.048360 0.029024 0.000000
0.268123 -0.016698 0.000000
0.415810 -0.009110 0.000000
0.013805 0.026580 0.000000
0.340772 -0.013168 0.000000
-0.120908 0.031228 0.000000
-0.267236 0.032662 0.000000
-0.075512 0.029939 0.000000
-0.500905 -0.003972 0.000000
-0.090356 0.030395 0.000000
0.018121 -0.025777 0.000000
0.275823 0.012281 0.000000
-0.368013 -0.022921 0.000000
0.431258 -0.008219 0.000000
-0.028643 -0.026836 0.000000
-0.184798 0.032440 0.000000
0.240676 0.014511 0.000000
-0.077730 0.030009 0.000000
0.028960 -0.025497 0.000000
-0.267505 -0.026887 0.000000
0.032017 0.025781 0.000000
0.479056 -0.002426 0.000000
0.112536 -0.022957 0.000000
0.008964 -0.026004 0.000000
0.009257 -0.025997 0.000000
-0.017241 -0.026601 0.000000
-0.278827 -0.026565 0.000000
-0.031879 0.028421 0.000000
0.186846 0.017752 0.000000
0.103343 0.022339 0.000000
0.242815 0.014378 0.000000
-0.355192 0.030034 0.000000
0.199040 0.017036 0.000000
-0.068639 0.029717 0.000000
0.283050 0.011812 0.000000
-0.477397 0.011394 0.000000
0.401021 0.003606 0.000000
-0.224666 0.032766 0.000000
0.057484 -0.024704 0.000000
0.134380 -0.022191 0.000000
0.487538 -0.003114 0.000000
-0.213648 -0.027910 0.000000
-0.368198 0.029173 0.000000
-0.337700 -0.024345 0.000000
-0.331485 0.031219 0.000000
0.281541 -0.016075 0.000000
-0.455674 0.017321 0.000000
-0.241828 -0.027474 0.000000
0.068488 -0.024377 0.000000
0.335980 0.008258 0.000000
-0.125110 -0.028123 0.000000
-0.280747 -0.026506 0.000000
-0.000612 -0.026231 0.000000
-0.446307 0.019318 0.000000
-0.016702 -0.026589 0.000000
0.452537 -0.006959 0.000000
0.248418 -0.017590 0.000000
-0.036208 0.028583 0.000000
0.485895 -0.004905 0.000000
-0.031628 0.028412 0.000000
-0.119893 0.031203 0.000000
-0.053715 0.029212 0.000000
0.122925 -0.022598 0.000000
0.084982 -0.023865 0.000000
-0.098935 0.030644 0.000000
-0.407059 0.025470 0.000000
0.371402 -0.011564 0.000000
-0.333477 0.031136 0.000000
0.274045 0.012396 0.000000
0.288376 -0.015752 0.000000
0.428852 -0.008359 0.000000
0.486393 -0.003021 0.000000
-0.316456 -0.025238 0.000000
-0.232210 0.032784 0.000000
-0.495157 0.003563 0.000000
0.001965 0.027080 0.000000
0.299198 0.010749 0.000000
0.261596 -0.016996 0.000000
-0.406323 0.025558 0.000000
0.312115 -0.014606 0.000000
-0.457992 -0.016931 0.000000
-0.357944 -0.023413 0.000000
0.195572 -0.019843 0.000000
0.430428 0.001393 0.000000
-0.417405 -0.020161 0.000000
0.487943 -0.004775 0.000000
0.367896 0.006016 0.000000
0.220266 0.015765 0.000000
0.086304 -0.023823 0.000000
-0.492126 -0.010922 0.000000
0.350842 -0.012648 0.000000
-0.090253 -0.027815 0.000000
-0.002720 -0.026279 0.000000
0.275473 0.012304 0.000000
0.375025 0.005504 0.000000
0.245557 0.014207 0.000000
-0.285189 0.032454 0.000000
-0.188744 0.032488 0.000000
-0.049738 0.029073 0.000000
-0.342778 0.030712 0.000000
0.200331 -0.019649 0.000000
0.076948 -0.024118 0.000000
-0.038230 -0.027021 0.000000
-0.264909 -0.026956 0.000000
0.305999 -0.014905 0.000000
-0.415328 -0.020293 0.000000
-0.045149 0.028910 0.000000
-0.038886 0.028682 0.000000
0.117300 0.021612 0.000000
0.401960 0.003536 0.000000
0.102935 0.022360 0.000000
0.029714 -0.025477 0.000000
-0.319407 0.031661 0.000000
0.071322 0.023943 0.000000
0.026416 0.026030 0.000000
-0.069725 -0.027546 0.000000
0.349126 -0.012738 0.000000
-0.344703 -0.024031 0.000000
0.103606 0.022326 0.000000
0.328209 -0.013806 0.000000
-0.231979 0.032783 0.000000
0.384082 0.004849 0.000000
-0.499875 -0.006416 0.000000
0.138285 0.020488 0.000000
0.261914 0.013174 0.000000
0.012530 -0.025916 0.000000
-0.231855 -0.027651 0.000000
0.347159 0.007481 0.000000
-0.089417 0.030367 0.000000
-0.353799 0.030116 0.000000
-0.068581 -0.027529 0.000000
-0.278951 -0.026561 0.000000
0.126952 0.021099 0.000000
-0.250506 -0.027297 0.000000
-0.161839 0.032095 0.000000
-0.113681 0.031044 0.000000
-0.012815 -0.026505 0.000000
0.358045 -0.012272 0.000000
-0.281710 -0.026477 0.000000
0.266142 -0.016789 0.000000
-0.237828 0.032788 0.000000
-0.401232 -0.021144 0.000000
0.336816 0.008200 0.000000
-0.314605 0.031810 0.000000
0.059063 0.024532 0.000000
0.285693 0.011639 0.000000
-0.178408 -0.028186 0.000000
0.125472 -0.022508 0.000000
-0.142395 0.031720 0.000000
-0.061368 0.029475 0.000000
-0.343292 -0.024095 0.000000
-0.177507 0.032342 0.000000
0.259386 0.013335 0.000000
-0.372466 0.028855 0.000000
0.097590 -0.023458 0.000000
0.196568 0.017182 0.000000
0.400061 -0.009998 0.000000
0.016236 0.026475 0.000000
0.359826 -0.012178 0.000000
-0.109028 -0.028005 0.000000
-0.033467 -0.026930 0.000000
0.163484 -0.021111 0.000000
-0.155843 0.031987 0.000000
-0.413905 0.024603 0.000000
-0.147150 0.031818 0.000000
-0.163971 -0.028222 0.000000
-0.101124 -0.027931 0.000000
-0.358948 0.029802 0.000000
0.479261 -0.002443 0.000000
-0.051049 0.029119 0.000000
0.223597 0.015562 0.000000
0.079971 -0.024023 0.000000
0.494490 -0.004359 0.000000
0.259697 0.013315 0.000000
-0.298564 -0.025915 0.000000
-0.444711 0.019633 0.000000
0.479303 -0.005319 0.000000
-0.103542 0.030773 0.000000
-0.338161 -0.024325 0.000000
0.068219 0.024094 0.000000
-0.128690 0.031415 0.000000
0.272577 0.012491 0.000000
0.046678 -0.025014 0.000000
-0.016018 0.027809 0.000000
-0.452899 -0.017439 0.000000
0.491491 -0.004550 0.000000
-0.133802 -0.028169 0.000000
0.082001 0.023418 0.000000
0.483722 -0.005042 0.000000
-0.186706 -0.028146 0.000000
0.236201 0.014788 0.000000
0.240324 0.014533 0.000000
0.231151 -0.018349 0.000000
-0.203461 0.032639 0.000000
-0.285802 0.032445 0.000000
-0.140174 -0.028194 0.000000
0.443570 0.000381 0.000000
0.313184 -0.014554 0.000000
0.089992 0.023019 0.000000
-0.387104 0.027606 0.000000
-0.442845 -0.018328 0.000000
-0.161338 0.032086 0.000000
-0.206026 -0.027993 0.000000
-0.176176 -0.028195 0.000000
-0.097068 -0.027890 0.000000
-0.144293 -0.028207 0.000000
-0.311005 0.031914 0.000000
-0.331781 0.031206 0.000000
0.152624 0.019699 0.000000
0.307524 -0.014831 0.000000
-0.309829 -0.025497 0.000000
-0.401704 -0.021116 0.000000
-0.397004 -0.021385 0.000000
0.130241 0.020923 0.000000
0.366732 0.006099 0.000000
0.463837 -0.001209 0.000000
-0.316707 0.031748 0.000000
0.039212 -0.025221 0.000000
0.452313 -0.006973 0.000000
-0.236115 0.032787 0.000000
-0.167677 -0.028218 0.000000
0.303425 -0.015030 0.000000
-0.390256 0.027304 0.000000
-0.128716 0.031416 0.000000
-0.389976 -0.021776 0.000000
-0.494441 0.004016 0.000000
0.258761 -0.017125 0.000000
0.466447 -0.001416 0.000000
-0.287116 0.032424 0.000000
-0.172480 0.032268 0.000000
0.186769 0.017756 0.000000
0.322274 0.009198 0.000000
-0.033978 -0.026940 0.000000
0.275275 -0.016367 0.000000
0.278307 0.012120 0.000000
0.348613 0.007380 0.000000
0.121776 -0.022638 0.000000
0.391813 0.004284 0.000000
0.407425 0.003130 0.000000
0.427170 0.001642 0.000000
0.160091 -0.021240 0.000000
0.486249 -0.004882 0.000000
-0.482786 0.009487 0.000000
0.245975 -0.017699 0.000000
0.231120 -0.018350 0.000000
0.076401 -0.024134 0.000000
-0.005962 0.027406 0.000000
0.140464 -0.021971 0.000000
0.475616 -0.002149 0.000000
0.027912 0.025964 0.000000
-0.122537 0.031268 0.000000
-0.217400 0.032735 0.000000
-0.167538 -0.028218 0.000000
0.339997 0.007980 0.000000
0.447103 -0.007285 0.000000
0.197639 0.017119 0.000000
-0.240489 -0.027500 0.000000
-0.121577 -0.028101 0.000000
0.343226 0.007756 0.000000
0.079620 0.023536 0.000000
-0.408004 -0.020744 0.000000
0.468347 -0.005998 0.000000
-0.253598 -0.027230 0.000000
0.325303 0.008991 0.000000
-0.427160 0.022699 0.000000
0.170408 -0.020844 0.000000
-0.247314 -0.027366 0.000000
-0.078883 0.030045 0.000000
-0.101733 0.030722 0.000000
0.115920 0.021684 0.000000
-0.191077 0.032516 0.000000
-0.447103 -0.017967 0.000000
-0.268914 0.032649 0.000000
0.409035 -0.009494 0.000000
0.111026 -0.023008 0.000000
0.194325 0.017314 0.000000
0.175138 0.018428 0.000000
0.097111 0.022658 0.000000
-0.117101 0.031132 0.000000
0.217773 0.015916 0.000000
-0.261232 -0.027049 0.000000
-0.207678 -0.027977 0.000000
0.471337 -0.005814 0.000000
0.472195 -0.005761 0.000000
-0.481633 0.009917 0.000000
0.377927 0.005295 0.000000
0.143929 0.020179 0.000000
-0.318726 0.031683 0.000000
0.258567 -0.017134 0.000000
-0.290444 0.032369 0.000000
0.119686 0.021486 0.000000
0.212311 -0.019152 0.000000
-0.391961 -0.021667 0.000000
0.130484 0.020910 0.000000
0.369097 0.005930 0.000000
-0.498403 0.001049 0.000000
0.444531 0.000307 0.000000
0.252485 -0.017408 0.000000
0.308290 -0.014794 0.000000
-0.208106 0.032675 0.000000
0.067284 -0.024413 0.000000
-0.020440 -0.026668 0.000000
0.483054 -0.005084 0.000000
0.476740 -0.005479 0.000000
0.204862 0.016691 0.000000
0.282757 0.011831 0.000000
0.043989 -0.025089 0.000000
-0.288634 -0.026256 0.000000
0.210178 0.016373 0.000000
-0.104582 0.030801 0.000000
0.358452 -0.012251 0.000000
0.276374 0.012246 0.000000
0.110887 0.021948 0.000000
0.301039 -0.015146 0.000000
-0.083161 -0.027728 0.000000
-0.241053 -0.027490 0.000000
-0.446951 0.019188 0.000000
-0.102620 0.030747 0.000000
-0.140556 -0.028195 0.000000
-0.098383 -0.027903 0.000000
0.081862 0.023425 0.000000
-0.471533 0.013226 0.000000
0.280420 0.011983 0.000000
0.014416 -0.025870 0.000000
-0.106316 -0.027981 0.000000
0.382604 0.004956 0.000000
0.024033 -0.025626 0.000000
0.240949 -0.017921 0.000000
-0.102424 -0.027944 0.000000
-0.191678 -0.028114 0.000000
0.394582 0.004081 0.000000
0.331501 0.008567 0.000000
0.073525 -0.024223 0.000000
0.222788 0.015611 0.000000
0.305611 0.010322 0.000000
0.281406 -0.016081 0.000000
0.101203 -0.023338 0.000000
0.465349 -0.001329 0.000000
0.320666 0.009307 0.000000
-0.210848 0.032696 0.000000
-0.493927 0.004328 0.000000
-0.101731 0.030722 0.000000
0.401166 -0.009936 0.000000
-0.395959 -0.021444 0.000000
-0.330290 -0.024667 0.000000
-0.331079 -0.024633 0.000000
0.392105 0.004263 0.000000
-0.454124 -0.017321 0.000000
0.472259 -0.001880 0.000000
-0.036104 0.028579 0.000000
0.262612 0.013130 0.000000
-0.473717 0.012569 0.000000
0.454176 -0.006861 0.000000
-0.397681 0.026542 0.000000
-0.255277 0.032744 0.000000
0.022079 -0.025676 0.000000
0.365840 -0.011860 0.000000
0.415362 0.002536 0.000000
-0.294114 0.032303 0.000000
-0.187369 -0.028143 0.000000
0.227781 0.015307 0.000000
0.432025 -0.008174 0.000000
0.474988 -0.005588 0.000000
-0.255017 -0.027197 0.000000
-0.246010 -0.027391 0.000000
0.293288 0.011140 0.000000
-0.164267 0.032136 0.000000
0.157966 0.019401 0.000000
-0.318933 -0.025139 0.000000
-0.353500 -0.023624 0.000000
-0.365707 -0.023035 0.000000
0.340481 -0.013183 0.000000
0.326323 0.008922 0.000000
-0.059827 -0.027395 0.000000
0.031079 0.025823 0.000000
0.403360 0.003432 0.000000
-0.428469 0.022493 0.000000
0.164059 -0.021088 0.000000
0.059797 0.024497 0.000000
0.371283 0.005773 0.000000
0.110948 0.021945 0.000000
0.352419 0.007113 0.000000
0.282099 0.011874 0.000000
0.072786 -0.024246 0.000000
-0.114933 -0.028053 0.000000
0.235060 0.014859 0.000000
-0.274784 0.032589 0.000000
0.001699 -0.026177 0.000000
0.142198 -0.021907 0.000000
-0.207084 -0.027983 0.000000
0.358739 -0.012236 0.000000
-0.309323 0.031959 0.000000
0.192744 -0.019958 0.000000
0.129605 0.020957 0.000000
-0.187379 -0.028142 0.000000
0.399021 0.003754 0.000000
-0.000653 -0.026232 0.000000
-0.339368 -0.024271 0.000000
0.140501 0.020367 0.000000
-0.282839 0.032487 0.000000
-0.386622 -0.021958 0.000000
0.398823 0.003768 0.000000
0.000688 -0.026201 0.000000
0.439547 0.000693 0.000000
0.477143 -0.005453 0.000000
-0.025189 -0.026766 0.000000
0.218067 0.015898 0.000000
-0.064899 -0.027474 0.000000
0.307603 -0.014827 0.000000
-0.423176 -0.019782 0.000000
-0.079380 0.030061 0.000000
-0.072872 -0.027591 0.000000
0.136201 -0.022125 0.000000
0.120220 0.021458 0.000000
-0.236361 0.032788 0.000000
0.299837 0.010707 0.000000
-0.462234 -0.016470 0.000000
-0.446273 -0.018039 0.000000
-0.470431 0.013547 0.000000
-0.251411 0.032761 0.000000
-0.342580 0.030721 0.000000
0.090304 -0.023695 0.000000
-0.166074 -0.028220 0.000000
0.039124 -0.025224 0.000000
0.193152 -0.019942 0.000000
0.245819 -0.017705 0.000000
-0.355984 0.029986 0.000000
-0.115414 -0.028057 0.000000
0.075720 -0.024156 0.000000
-0.230536 0.032782 0.000000
-0.082890 0.030169 0.000000
0.201061 -0.019619 0.000000
-0.211589 -0.027933 0.000000
0.464998 -0.006203 0.000000
0.349167 0.007341 0.000000
0.390088 0.004411 0.000000
0.022484 0.026204 0.000000
0.490532 -0.004611 0.000000
0.438988 0.000736 0.000000
0.132181 0.020818 0.000000
-0.370385 -0.022802 0.000000
0.230292 0.015153 0.000000
-0.158152 0.032029 0.000000
-0.360850 0.029679 0.000000
-0.451637 -0.017558 0.000000
-0.376753 -0.022478 0.000000
0.474471 -0.005620 0.000000
-0.171944 0.032260 0.000000
0.496321 -0.004242 0.000000
0.233560 0.014952 0.000000
-0.131054 -0.028156 0.000000
0.107378 -0.023132 0.000000
0.086686 0.023185 0.000000
0.089189 -0.023731 0.000000
0.121094 -0.022662 0.000000
0.216937 0.015966 0.000000
0.287741 -0.015782 0.000000
0.270388 -0.016594 0.000000
-0.120135 0.031209 0.000000
-0.352267 0.030205 0.000000
0.371566 0.005753 0.000000
0.263115 0.013098 0.000000
0.171803 -0.020789 0.000000
-0.266901 -0.026904 0.000000
-0.353301 0.030145 0.000000
-0.262574 0.032700 0.000000
0.080752 0.023480 0.000000
-0.485125 -0.012878 0.000000
0.395251 0.004032 0.000000
-0.156136 0.031992 0.000000
-0.279896 0.032528 0.000000
-0.457518 0.016896 0.000000
0.456240 -0.000608 0.000000
-0.380788 -0.022268 0.000000
-0.037748 0.028640 0.000000
0.137727 -0.022070 0.000000
0.188892 -0.020113 0.000000
-0.075645 0.029943 0.000000
0.017551 0.026418 0.000000
0.004191 -0.026118 0.000000
-0.440458 -0.018522 0.000000
0.439441 -0.007739 0.000000
-0.255361 0.032743 0.000000
0.364199 0.006279 0.000000
-0.191651 -0.028114 0.000000
0.026809 0.026013 0.000000
0.010262 0.026731 0.000000
-0.183264 0.032420 0.000000
-0.397216 -0.021373 0.000000
0.418221 0.002320 0.000000
-0.169546 0.032222 0.000000
0.053564 0.024792 0.000000
-0.134196 0.031542 0.000000
0.025994 0.026049 0.000000
0.161136 -0.021200 0.000000
0.360952 -0.012119 0.000000
0.204788 0.016695 0.000000
0.321878 -0.014123 0.000000
0.283787 -0.015969 0.000000
-0.200109 0.032609 0.000000
0.385308 0.004760 0.000000
-0.499252 0.000155 0.000000
-0.026396 -0.026791 0.000000
-0.089381 -0.027804 0.000000
-0.402023 -0.021098 0.000000
-0.193120 -0.028105 0.000000
0.175371 0.018415 0.000000
-0.494031 0.004266 0.000000
0.232821 -0.018276 0.000000
0.052420 0.024846 0.000000
-0.500913 -0.003850 0.000000
-0.316592 0.031752 0.000000
-0.402576 0.025999 0.000000
0.305867 -0.014912 0.000000
-0.298994 0.032205 0.000000
-0.104218 0.030791 0.000000
-0.481177 0.010083 0.000000
-0.245049 -0.027410 0.000000
-0.200375 0.032611 0.000000
-0.328289 -0.024752 0.000000
-0.266779 0.032666 0.000000
0.057812 -0.024694 0.000000
-0.026443 0.028215 0.000000
0.248512 0.014022 0.000000
-0.418243 0.024014 0.000000
0.235106 0.014856 0.000000
0.090448 0.022996 0.000000
0.026250 -0.025568 0.000000
-0.041228 -0.027077 0.000000
-0.127697 -0.028138 0.000000
-0.187235 -0.028143 0.000000
-0.279158 -0.026555 0.000000
-0.450115 -0.017698 0.000000
0.330953 -0.013668 0.000000
-0.174109 -0.028202 0.000000
-0.264441 0.032685 0.000000
0.114186 0.021776 0.000000
0.462290 -0.001086 0.000000
0.312787 -0.014573 0.000000
-0.395249 0.026800 0.000000
-0.284571 -0.026387 0.000000
0.189261 0.017611 0.000000
0.135825 0.020621 0.000000
0.307121 0.010221 0.000000
0.218513 -0.018890 0.000000
-0.112067 -0.028030 0.000000
-0.496262 0.002807 0.000000
0.233718 -0.018237 0.000000
0.289342 -0.015706 0.000000
-0.151516 -0.028221 0.000000
0.113923 0.021789 0.000000
0.109208 0.022035 0.000000
-0.040294 -0.027059 0.000000
-0.146123 -0.028211 0.000000
0.099776 -0.023386 0.000000
-0.497604 -0.008392 0.000000
0.418328 -0.008966 0.000000
-0.126495 0.031364 0.000000
0.295605 0.010987 0.000000
-0.145235 -0.028209 0.000000
0.110073 -0.023041 0.000000
0.229706 -0.018411 0.000000
0.109018 -0.023077 0.000000
-0.304270 0.032086 0.000000
-0.284243 -0.026397 0.000000
-0.087534 0.030311 0.000000
0.142385 0.020264 0.000000
0.230426 -0.018380 0.000000
0.187953 0.017687 0.000000
-0.390292 -0.021759 0.000000
-0.450456 -0.017667 0.000000
-0.315899 -0.025260 0.000000
0.132536 0.020799 0.000000
-0.470573 -0.015430 0.000000
0.297811 0.010841 0.000000
0.373665 0.005602 0.000000
-0.348687 0.030404 0.000000
-0.223928 0.032764 0.000000
0.101863 -0.023317 0.000000
0.302381 0.010537 0.000000
-0.269263 0.032645 0.000000
0.494138 -0.004381 0.000000
-0.176700 -0.028192 0.000000
-0.274118 0.032596 0.000000
0.287587 0.011515 0.000000
-0.204388 0.032647 0.000000
0.117566 0.021598 0.000000
0.342012 0.007840 0.000000
0.430511 0.001387 0.000000
-0.484410 0.008858 0.000000
-0.030996 -0.026882 0.000000
-0.175876 -0.028196 0.000000
-0.269385 0.032644 0.000000
0.244774 -0.017752 0.000000
0.273739 -0.016439 0.000000
-0.418112 -0.020115 0.000000
0.298917 -0.015248 0.000000
-0.096669 0.030579 0.000000
-0.338322 0.030923 0.000000
-0.351291 0.030261 0.000000
-0.276388 0.032570 0.000000
0.191358 -0.020014 0.000000
-0.381488 -0.022231 0.000000
0.230948 -0.018357 0.000000
-0.049651 0.029070 0.000000
-0.363793 0.029483 0.000000
0.407484 -0.009582 0.000000
-0.154952 -0.028225 0.000000
0.306603 0.010256 0.000000
0.190562 0.017535 0.000000
0.414916 -0.009161 0.000000
0.347224 0.007477 0.000000
0.319290 0.009401 0.000000
0.276741 -0.016299 0.000000
0.129205 -0.022376 0.000000
0.044523 0.025213 0.000000
0.202700 0.016819 0.000000
-0.196652 -0.028077 0.000000
-0.070184 -0.027552 0.000000
-0.382348 -0.022186 0.000000
-0.226611 -0.027735 0.000000
0.413569 -0.009237 0.000000
0.355293 -0.012416 0.000000
0.189038 -0.020108 0.000000
0.335029 0.008324 0.000000
0.439419 -0.007740 0.000000
0.381779 -0.011004 0.000000
0.229338 -0.018427 0.000000
-0.179436 -0.028182 0.000000
-0.424688 -0.019680 0.000000
0.063290 -0.024533 0.000000
-0.218781 -0.027845 0.000000
0.469846 -0.005906 0.000000
-0.261210 -0.027049 0.000000
-0.295092 -0.026036 0.000000
-0.493975 -0.010228 0.000000
-0.023112 0.028087 0.000000
0.153610 0.019644 0.000000
0.390601 -0.010522 0.000000
-0.467231 -0.015871 0.000000
-0.334811 0.031080 0.000000
-0.442443 -0.018361 0.000000
0.049453 0.024985 0.000000
-0.253226 -0.027238 0.000000
-0.415866 -0.020259 0.000000
0.178475 0.018236 0.000000
0.136393 0.020591 0.000000
-0.097565 0.030605 0.000000
0.065208 -0.024476 0.000000
0.369446 -0.011668 0.000000
-0.407527 0.025413 0.000000
0.254967 -0.017297 0.000000
-0.309691 -0.025503 0.000000
-0.177471 -0.028189 0.000000
-0.163117 0.032116 0.000000
0.355215 0.006916 0.000000
-0.105912 0.030837 0.000000
0.439802 -0.007718 0.000000
0.409901 -0.009445 0.000000
0.126373 0.021130 0.000000
0.385681 -0.010792 0.000000
-0.304569 0.032079 0.000000
-0.364402 -0.023100 0.000000
-0.363090 0.029531 0.000000
0.140384 -0.021974 0.000000
-0.289948 -0.026211 0.000000
-0.165887 -0.028220 0.000000
0.212060 -0.019162 0.000000
0.352416 0.007113 0.000000
-0.052300 0.029163 0.000000
0.155777 0.019523 0.000000
0.095860 -0.023515 0.000000
-0.038662 0.028674 0.000000
0.075348 -0.024167 0.000000
0.021721 0.026237 0.000000
0.177645 0.018284 0.000000
-0.211060 0.032697 0.000000
-0.350176 0.030323 0.000000
-0.228488 -0.027706 0.000000
0.217778 -0.018921 0.000000
-0.081269 0.030120 0.000000
0.218558 0.015868 0.000000
-0.031704 -0.026896 0.000000
0.314253 0.009742 0.000000
0.404852 0.003322 0.000000
0.375868 -0.011324 0.000000
-0.303257 0.032110 0.000000
0.395534 0.004011 0.000000
-0.100356 0.030683 0.000000
-0.348553 -0.023855 0.000000
-0.497322 0.001999 0.000000
0.418716 -0.008944 0.000000
0.346886 -0.012854 0.000000
-0.380700 0.028182 0.000000
0.369564 -0.011662 0.000000
0.484096 -0.002834 0.000000
-0.223329 0.032761 0.000000
0.103279 -0.023269 0.000000
0.274487 0.012368 0.000000
0.125624 0.021170 0.000000
0.408148 0.003076 0.000000
0.063863 -0.024516 0.000000
-0.140532 0.031681 0.000000
-0.438241 0.020845 0.000000
-0.357581 -0.023430 0.000000
-0.019348 0.027941 0.000000
0.139333 0.020431 0.000000
0.095175 0.022757 0.000000
0.373377 -0.011458 0.000000
0.117773 -0.022777 0.000000
-0.197613 0.032585 0.000000
0.197402 -0.019769 0.000000
0.207322 -0.019360 0.000000
0.476864 -0.005471 0.000000
0.279862 0.012019 0.000000
0.070598 -0.024313 0.000000
-0.293617 -0.026088 0.000000
0.146311 0.020048 0.000000
-0.026122 0.028203 0.000000
-0.077098 -0.027649 0.000000
-0.207438 0.032670 0.000000
0.447882 -0.007238 0.000000
-0.031127 0.028393 0.000000
-0.321221 -0.025046 0.000000
-0.425145 -0.019649 0.000000
0.353142 -0.012529 0.000000
0.063989 -0.024512 0.000000
-0.460387 0.016210 0.000000
0.357428 0.006760 0.000000
0.394733 -0.010294 0.000000
-0.489288 -0.011815 0.000000
-0.233277 0.032785 0.000000
-0.221498 -0.027809 0.000000
0.132361 0.020809 0.000000
0.389009 0.004490 0.000000
-0.158527 -0.028225 0.000000
0.316357 0.009599 0.000000
-0.180029 -0.028180 0.000000
0.400010 0.003681 0.000000
-0.273296 0.032604 0.000000
-0.089781 0.030378 0.000000
-0.136795 0.031600 0.000000
-0.195519 -0.028087 0.000000
0.204528 -0.019476 0.000000
0.072004 0.023910 0.000000
-0.414350 -0.020355 0.000000
0.483327 -0.005066 0.000000
-0.279581 -0.026542 0.000000
-0.188266 -0.028137 0.000000
-0.251220 -0.027281 0.000000
0.095576 0.022737 0.000000
0.396281 -0.010208 0.000000
-0.042281 0.028806 0.000000
-0.364714 0.029420 0.000000
0.322160 0.009206 0.000000
0.493788 -0.004404 0.000000
0.093898 0.022822 0.000000
-0.217536 -0.027861 0.000000
0.344437 0.007671 0.000000
0.300059 0.010692 0.000000
-0.116497 0.031116 0.000000
-0.444321 -0.018205 0.000000
0.030726 0.025839 0.000000
-0.408255 0.025323 0.000000
0.287505 0.011520 0.000000
0.354793 -0.012443 0.000000
-0.237270 -0.027558 0.000000
-0.488464 0.007142 0.000000
-0.326469 0.031415 0.000000
0.253770 -0.017350 0.000000
0.163024 0.019117 0.000000
0.321038 -0.014165 0.000000
-0.438030 -0.018713 0.000000
-0.220725 0.032750 0.000000
-0.033324 0.028475 0.000000
0.032126 0.025776 0.000000
0.282914 -0.016010 0.000000
-0.397887 0.026520 0.000000
-0.241392 -0.027483 0.000000
0.209033 0.016442 0.000000
-0.100175 0.030678 0.000000
-0.307521 0.032007 0.000000
0.436715 0.000911 0.000000
-0.422440 -0.019832 0.000000
0.365723 -0.011867 0.000000
0.112903 -0.022944 0.000000
-0.001320 -0.026247 0.000000
0.259620 -0.017086 0.000000
-0.033641 0.028487 0.000000
-0.322872 -0.024979 0.000000
-0.455106 -0.017224 0.000000
0.264483 -0.016865 0.000000
0.492628 -0.004478 0.000000
-0.303386 0.032107 0.000000
-0.119934 -0.028090 0.000000
0.269931 -0.016615 0.000000
0.478129 -0.005392 0.000000
-0.317541 -0.025195 0.000000
-0.499412 -0.006942 0.000000
-0.336793 -0.024385 0.000000
0.129415 -0.022368 0.000000
-0.094761 0.030524 0.000000
0.171518 0.018635 0.000000
-0.373060 -0.022667 0.000000
-0.361419 0.029642 0.000000
-0.106510 0.030853 0.000000
-0.136578 0.031595 0.000000
-0.453466 -0.017385 0.000000
0.167838 -0.020943 0.000000
0.248722 0.014008 0.000000
0.136380 -0.022119 0.000000
0.069548 0.024029 0.000000
-0.315848 0.031773 0.000000
-0.148790 -0.028217 0.000000
-0.492581 0.005097 0.000000
0.394718 0.004071 0.000000
-0.157533 -0.028225 0.000000
-0.437979 -0.018717 0.000000
0.071006 0.023959 0.000000
0.480761 -0.002564 0.000000
0.168744 -0.020908 0.000000
-0.111683 0.030992 0.000000
-0.147182 -0.028213 0.000000
0.264902 0.012984 0.000000
0.358392 0.006691 0.000000
0.432470 0.001237 0.000000
0.036776 0.025567 0.000000
-0.087070 -0.027777 0.000000
0.453844 -0.006881 0.000000
0.438848 -0.007774 0.000000
0.333369 -0.013545 0.000000
-0.326917 -0.024810 0.000000
0.064102 -0.024509 0.000000
0.453380 -0.000384 0.000000
0.269819 0.012668 0.000000
0.111247 0.021929 0.000000
-0.206253 -0.027991 0.000000
-0.063189 0.029536 0.000000
-0.500323 -0.001390 0.000000
0.142790 -0.021886 0.000000
-0.022869 -0.026719 0.000000
0.473237 -0.001958 0.000000
0.320572 0.009314 0.000000
0.308456 0.010131 0.000000
0.207815 -0.019339 0.000000
-0.024546 0.028142 0.000000
0.066214 -0.024445 0.000000
-0.297192 -0.025963 0.000000
0.046990 -0.025005 0.000000
0.079099 0.023562 0.000000
0.083033 0.023367 0.000000
-0.087296 -0.027779 0.000000
-0.119270 0.031187 0.000000
-0.289750 0.032381 0.000000
-0.245621 0.032778 0.000000
0.175589 0.018402 0.000000
-0.440255 0.020478 0.000000
0.149739 -0.021629 0.000000
-0.005673 0.027394 0.000000
0.352436 0.007111 0.000000
-0.208581 -0.027967 0.000000
0.089064 -0.023735 0.000000
-0.258584 -0.027113 0.000000
0.279240 -0.016182 0.000000
0.482704 -0.005106 0.000000
0.309304 0.010075 0.000000
0.005015 0.026953 0.000000
0.313294 -0.014548 0.000000
0.135028 0.020664 0.000000
0.203253 0.016787 0.000000
-0.093929 -0.027856 0.000000
0.481941 -0.005153 0.000000
-0.114904 -0.028053 0.000000
0.489472 -0.003272 0.000000
0.349320 -0.012728 0.000000
0.404000 -0.009778 0.000000
0.078824 -0.024059 0.000000
-0.192927 -0.028106 0.000000
-0.174663 -0.028200 0.000000
-0.196771 0.032576 0.000000
0.049121 -0.024945 0.000000
-0.035496 -0.026969 0.000000
-0.455900 -0.017145 0.000000
-0.426989 0.022726 0.000000
-0.115793 0.031099 0.000000
-0.064114 -0.027462 0.000000
0.287798 0.011501 0.000000
-0.146764 -0.028212 0.000000
-0.127371 -0.028136 0.000000
-0.067663 -0.027516 0.000000
-0.122635 -0.028107 0.000000
-0.371587 0.028921 0.000000
-0.014907 -0.026551 0.000000
-0.477344 0.011412 0.000000
0.338599 -0.013279 0.000000
-0.324794 0.031476 0.000000
-0.345255 -0.024006 0.000000
0.207718 0.016520 0.000000
0.162748 0.019132 0.000000
0.453215 -0.006919 0.000000
0.303371 0.010471 0.000000
0.304162 -0.014995 0.000000
-0.185050 -0.028155 0.000000
-0.004551 -0.026321 0.000000
0.138055 0.020500 0.000000
-0.408800 -0.020696 0.000000
-0.344453 0.030627 0.000000
0.453366 -0.006909 0.000000
0.443767 0.000366 0.000000
-0.476129 -0.014600 0.000000
0.063590 -0.024524 0.000000
-0.024420 -0.026750 0.000000
0.251270 0.013848 0.000000
-0.188649 -0.028134 0.000000
-0.329465 0.031300 0.000000
0.259202 -0.017105 0.000000
0.495556 -0.003771 0.000000
-0.318353 -0.025163 0.000000
-0.224903 0.032767 0.000000
0.440005 -0.007706 0.000000
-0.277933 0.032551 0.000000
-0.215400 -0.027888 0.000000
0.027402 -0.025538 0.000000
0.013866 0.026577 0.000000
0.460496 -0.006478 0.000000
0.033742 0.025703 0.000000
-0.310841 0.031918 0.000000
-0.413719 0.024627 0.000000
-0.341471 0.030774 0.000000
-0.365136 -0.023064 0.000000
-0.449279 -0.017775 0.000000
0.321770 0.009232 0.000000
0.203723 0.016759 0.000000
0.012428 0.026639 0.000000
0.020765 -0.025710 0.000000
0.294567 -0.015457 0.000000
0.175647 0.018399 0.000000
-0.444892 -0.018157 0.000000
0.121460 0.021392 0.000000
-0.350233 -0.023777 0.000000
0.271031 0.012590 0.000000
-0.011245 -0.026471 0.000000
0.486642 -0.004858 0.000000
-0.284742 -0.026381 0.000000
-0.226714 0.032772 0.000000
0.205859 -0.019421 0.000000
-0.066178 0.029636 0.000000
0.446931 0.000120 0.000000
-0.462161 -0.016478 0.000000
0.409037 -0.009494 0.000000
-0.405146 0.025699 0.000000
0.350374 -0.012673 0.000000
-0.376008 -0.022516 0.000000
-0.254544 -0.027208 0.000000
-0.125196 0.031332 0.000000
0.114751 0.021746 0.000000
-0.419535 0.023833 0.000000
0.297005 0.010895 0.000000
0.344618 0.007659 0.000000
-0.131174 -0.028157 0.000000
-0.005710 0.027396 0.000000
-0.198750 0.032597 0.000000
-0.438931 0.020720 0.000000
-0.241663 0.032785 0.000000
-0.000025 -0.026217 0.000000
0.238343 0.014656 0.000000
0.374895 0.005514 0.000000
-0.072284 0.029835 0.000000
-0.271972 -0.026766 0.000000
-0.208688 0.032680 0.000000
-0.112674 0.031018 0.000000
-0.140698 0.031684 0.000000
0.371044 -0.011583 0.000000
-0.338047 -0.024330 0.000000
0.312442 -0.014590 0.000000
-0.368447 -0.022899 0.000000
0.331213 -0.013654 0.000000
0.401027 0.003605 0.000000
-0.019187 0.027934 0.000000
-0.044661 -0.027139 0.000000
-0.329412 0.031302 0.000000
-0.087708 -0.027784 0.000000
0.480152 -0.002515 0.000000
-0.489561 -0.011736 0.000000
-0.158310 0.032032 0.000000
-0.259054 0.032722 0.000000
-0.013512 -0.026521 0.000000
0.015272 -0.025848 0.000000
0.164394 -0.021076 0.000000
0.234267 0.014908 0.000000
-0.433886 0.021604 0.000000
0.357615 -0.012295 0.000000
0.350283 0.007263 0.000000
-0.130285 -0.028152 0.000000
0.155278 -0.021422 0.000000
0.242224 0.014415 0.000000
-0.412418 0.024798 0.000000
-0.303573 -0.025733 0.000000
0.365994 0.006151 0.000000
0.112940 0.021841 0.000000
0.300625 0.010654 0.000000
-0.039645 0.028710 0.000000
0.151766 0.019747 0.000000
0.066902 0.024157 0.000000
0.171336 -0.020808 0.000000
-0.043096 -0.027110 0.000000
-0.230266 0.032781 0.000000
-0.320017 0.031641 0.000000
0.438234 -0.007810 0.000000
0.105431 -0.023197 0.000000
-0.215029 -0.027893 0.000000
0.044038 -0.025088 0.000000
-0.150587 0.031887 0.000000
0.314787 0.009705 0.000000
0.310055 -0.014707 0.000000
-0.209512 -0.027956 0.000000
0.021796 -0.025683 0.000000
-0.251284 -0.027280 0.000000
0.479611 -0.002471 0.000000
0.429791 0.001442 0.000000
-0.042048 -0.027091 0.000000
-0.064728 -0.027471 0.000000
-0.060767 0.029455 0.000000
-0.132822 -0.028164 0.000000
-0.188327 0.032483 0.000000
-0.112957 -0.028038 0.000000
0.367109 -0.011793 0.000000
0.108564 -0.023092 0.000000
-0.044928 0.028902 0.000000
0.084499 0.023294 0.000000
0.031542 -0.025429 0.000000
0.135738 0.020626 0.000000
-0.106749 0.030860 0.000000
-0.407115 -0.020798 0.000000
-0.029562 0.028334 0.000000
-0.105437 -0.027972 0.000000
0.262422 0.013142 0.000000
0.395704 0.003998 0.000000
-0.000035 0.027163 0.000000
0.060796 0.024450 0.000000
-0.280085 0.032525 0.000000
-0.447318 -0.017948 0.000000
-0.074938 -0.027620 0.000000
0.252509 0.013770 0.000000
0.299705 -0.015210 0.000000
-0.311087 0.031912 0.000000
-0.387351 -0.021919 0.000000
0.423216 -0.008685 0.000000
-0.101555 -0.027936 0.000000
-0.473819 0.012537 0.000000
0.384999 -0.010829 0.000000
0.271645 0.012551 0.000000
0.265293 -0.016828 0.000000
0.081424 -0.023978 0.000000
-0.069796 -0.027547 0.000000
0.038137 0.025505 0.000000
-0.062238 -0.027433 0.000000
0.132610 -0.022254 0.000000
-0.263907 0.032690 0.000000
0.272070 0.012524 0.000000
-0.471685 -0.015274 0.000000
-0.499586 -0.000255 0.000000
-0.363964 -0.023121 0.000000
0.337851 0.008129 0.000000
0.489994 -0.004645 0.000000
-0.081919 -0.027713 0.000000
0.193434 0.017367 0.000000
-0.219110 0.032743 0.000000
0.307037 -0.014855 0.000000
-0.094229 0.030508 0.000000
-0.463896 -0.016278 0.000000
0.110691 -0.023020 0.000000
0.070995 -0.024301 0.000000
-0.398874 0.026413 0.000000
0.417339 -0.009022 0.000000
0.346770 -0.012860 0.000000
-0.489086 -0.011872 0.000000
0.296760 -0.015352 0.000000
-0.190926 0.032514 0.000000
0.136351 -0.022120 0.000000
0.124773 -0.022533 0.000000
0.002852 0.027043 0.000000
-0.355701 -0.023520 0.000000
-0.456212 0.017198 0.000000
-0.187284 -0.028143 0.000000
-0.073122 0.029862 0.000000
-0.192376 -0.028110 0.000000
0.358878 -0.012228 0.000000
-0.342883 -0.024114 0.000000
0.214834 -0.019046 0.000000
0.342061 0.007837 0.000000
0.136031 0.020610 0.000000
-0.389548 -0.021799 0.000000
-0.338882 -0.024293 0.000000
-0.051284 0.029127 0.000000
-0.124213 0.031308 0.000000
-0.323384 -0.024957 0.000000
-0.391957 -0.021667 0.000000
0.305558 0.010325 0.000000
0.184515 -0.020289 0.000000
0.060962 0.024442 0.000000
0.404644 0.003337 0.000000
-0.472083 -0.015217 0.000000
-0.285106 -0.026370 0.000000
-0.068408 -0.027527 0.000000
-0.130674 0.031462 0.000000
0.282451 0.011851 0.000000
-0.338229 -0.024322 0.000000
0.088388 -0.023757 0.000000
-0.191594 0.032522 0.000000
0.478318 -0.002367 0.000000
0.046911 0.025102 0.000000
0.196014 0.017215 0.000000
0.373021 0.005648 0.000000
0.476898 -0.002252 0.000000
-0.156696 -0.028225 0.000000
0.076206 0.023704 0.000000
0.279819 -0.016155 0.000000
0.019646 -0.025738 0.000000
-0.189169 -0.028131 0.000000
-0.322441 -0.024996 0.000000
0.421436 -0.008788 0.000000
-0.169066 0.032215 0.000000
0.180471 0.018121 0.000000
-0.494681 -0.009930 0.000000
-0.237537 -0.027553 0.000000
-0.262527 -0.027016 0.000000
-0.450575 -0.017657 0.000000
0.413648 0.002664 0.000000
0.035118 -0.025333 0.000000
-0.294869 -0.026044 0.000000
-0.079522 -0.027682 0.000000
-0.087338 0.030305 0.000000
0.261887 0.013176 0.000000
-0.343551 -0.024084 0.000000
0.228694 0.015251 0.000000
-0.158952 0.032043 0.000000
-0.132203 0.031497 0.000000
0.067716 0.024118 0.000000
-0.099962 0.030672 0.000000
-0.131919 0.031491 0.000000
-0.478982 0.010858 0.000000
-0.065192 -0.027478 0.000000
-0.082136 0.030146 0.000000
-0.468481 0.014100 0.000000
-0.465617 -0.016072 0.000000
-0.245453 0.032779 0.000000
-0.348898 -0.023839 0.000000
0.278275 -0.016228 0.000000
0.122192 0.021353 0.000000
-0.186737 0.032465 0.000000
0.437141 0.000878 0.000000
0.462010 -0.006386 0.000000
-0.346258 -0.023960 0.000000
0.147969 0.019957 0.000000
-0.097754 0.030610 0.000000
0.454874 -0.000501 0.000000
-0.271909 0.032618 0.000000
0.447477 -0.007262 0.000000
-0.289171 0.032390 0.000000
0.013243 -0.025899 0.000000
-0.362566 0.029567 0.000000
-0.134393 0.031546 0.000000
0.052038 -0.024862 0.000000
-0.254043 0.032749 0.000000
-0.181173 -0.028175 0.000000
0.272592 -0.016492 0.000000
0.023183 -0.025648 0.000000
0.222228 0.015646 0.000000
0.070332 -0.024321 0.000000
0.498445 -0.004009 0.000000
-0.254126 -0.027218 0.000000
0.473440 -0.001974 0.000000
0.122669 0.021328 0.000000
0.021557 0.026244 0.000000
-0.223737 -0.027776 0.000000
-0.277341 -0.026611 0.000000
-0.388907 0.027435 0.000000
-0.232604 -0.027639 0.000000
-0.077597 -0.027656 0.000000
-0.370170 0.029028 0.000000
-0.284763 -0.026381 0.000000
0.092418 -0.023627 0.000000
-0.491848 0.005491 0.000000
-0.395626 0.026760 0.000000
0.092397 -0.023627 0.000000
-0.150410 -0.028220 0.000000
0.342898 0.007778 0.000000
0.236272 -0.018126 0.000000
-0.385272 0.027777 0.000000
0.303283 -0.015037 0.000000
-0.168640 0.032208 0.000000
-0.495318 -0.009642 0.000000
-0.294577 -0.026054 0.000000
0.389145 -0.010602 0.000000
-0.079427 -0.027681 0.000000
0.294392 0.011067 0.000000
-0.240310 0.032786 0.000000
-0.151009 -0.028220 0.000000
0.416867 0.002422 0.000000
-0.066638 0.029651 0.000000
-0.495044 0.003636 0.000000
-0.419329 -0.020036 0.000000
-0.414101 0.024577 0.000000
-0.026909 0.028233 0.000000
-0.150094 0.031877 0.000000
-0.024934 -0.026761 0.000000
0.107806 -0.023117 0.000000
-0.050301 -0.027237 0.000000
-0.356263 -0.023493 0.000000
0.102038 0.022406 0.000000
0.021881 -0.025681 0.000000
0.282909 0.011821 0.000000
0.188073 -0.020146 0.000000
0.013100 0.026610 0.000000
-0.204366 -0.028009 0.000000
-0.206528 0.032664 0.000000
0.238108 -0.018045 0.000000
0.085708 -0.023842 0.000000
0.255191 -0.017286 0.000000
0.352483 0.007108 0.000000
0.067535 -0.024406 0.000000
0.009598 0.026759 0.000000
-0.441874 0.020177 0.000000
0.312386 -0.014593 0.000000
0.185358 -0.020255 0.000000
-0.079678 0.030070 0.000000
0.124871 0.021210 0.000000
-0.111281 -0.028024 0.000000
0.107339 0.022133 0.000000
0.226934 -0.018530 0.000000
0.024650 0.026108 0.000000
0.384630 0.004809 0.000000
0.256365 -0.017233 0.000000
0.240140 0.014544 0.000000
-0.227788 0.032774 0.000000
0.414660 0.002588 0.000000
-0.481448 -0.013655 0.000000
-0.092387 -0.027839 0.000000
-0.427999 0.022567 0.000000
0.465216 -0.001318 0.000000
0.093805 -0.023582 0.000000
-0.156514 0.031999 0.000000
0.368841 -0.011701 0.000000
0.027047 0.026003 0.000000
0.155925 0.019515 0.000000
-0.242909 -0.027453 0.000000
0.168703 -0.020910 0.000000
-0.349717 -0.023801 0.000000
-0.120394 0.031215 0.000000
-0.115345 -0.028056 0.000000
-0.074757 0.029915 0.000000
-0.191084 0.032516 0.000000
0.156660 0.019474 0.000000
0.368796 0.005951 0.000000
0.206889 -0.019378 0.000000
-0.405613 -0.020887 0.000000
-0.116811 -0.028067 0.000000
-0.212329 -0.027925 0.000000
0.157703 -0.021330 0.000000
0.209591 0.016408 0.000000
-0.384017 0.027890 0.000000
-0.065156 -0.027478 0.000000
-0.121248 0.031236 0.000000
-0.034427 0.028517 0.000000
-0.223277 -0.027783 0.000000
-0.202637 0.032631 0.000000
-0.499669 -0.006663 0.000000
-0.468834 0.014002 0.000000
0.347669 -0.012813 0.000000
0.037008 0.025556 0.000000
0.459610 -0.006532 0.000000
0.468086 -0.001546 0.000000
-0.278083 -0.026588 0.000000
-0.164671 0.032143 0.000000
0.059398 -0.024648 0.000000
-0.451835 -0.017540 0.000000
-0.290947 0.032361 0.000000
0.288040 -0.015768 0.000000
-0.014269 -0.026537 0.000000
-0.405417 -0.020899 0.000000
-0.251273 0.032762 0.000000
0.495825 -0.004273 0.000000
0.408540 0.003047 0.000000
-0.116115 -0.028062 0.000000
-0.498688 -0.007604 0.000000
-0.265933 -0.026930 0.000000
0.342782 -0.013065 0.000000
0.363356 0.006339 0.000000
0.223854 -0.018663 0.000000
-0.001259 -0.026246 0.000000
-0.015250 -0.026558 0.000000
0.498686 -0.004029 0.000000
-0.029613 -0.026855 0.000000
0.431339 0.001324 0.000000
0.021321 -0.025696 0.000000
-0.059522 -0.027390 0.000000
-0.315133 0.031795 0.000000
0.313988 0.009759 0.000000
0.245451 0.014213 0.000000
0.465828 -0.006153 0.000000
0.326050 0.008940 0.000000
0.054283 -0.024797 0.000000
0.058822 0.024544 0.000000
-0.023341 -0.026728 0.000000
-0.200723 0.032614 0.000000
-0.473084 0.012762 0.000000
0.333896 -0.013519 0.000000
0.175835 0.018388 0.000000
0.102325 0.022392 0.000000
-0.317694 -0.025189 0.000000
0.381946 -0.010995 0.000000
-0.405470 0.025660 0.000000
0.240092 -0.017958 0.000000
-0.303596 -0.025732 0.000000
0.239366 0.014592 0.000000
0.065784 -0.024458 0.000000
0.258356 0.013400 0.000000
-0.116989 -0.028068 0.000000
-0.417087 -0.020181 0.000000
-0.401638 -0.021120 0.000000
0.063753 -0.024519 0.000000
-0.248929 0.032770 0.000000
0.126482 -0.022472 0.000000
-0.318934 0.031676 0.000000
-0.000876 -0.026237 0.000000
-0.000619 0.027187 0.000000
0.003759 0.027005 0.000000
-0.487227 -0.012371 0.000000
-0.110198 0.030953 0.000000
0.320111 -0.014211 0.000000
0.134534 0.020691 0.000000
0.021455 0.026248 0.000000
0.306469 -0.014882 0.000000
0.250582 -0.017493 0.000000
-0.128522 -0.028142 0.000000
-0.258387 -0.027118 0.000000
-0.031501 -0.026892 0.000000
-0.225312 -0.027754 0.000000
-0.313302 0.031848 0.000000
-0.489566 0.006630 0.000000
-0.468628 0.014059 0.000000
0.116356 -0.022826 0.000000
0.301539 0.010593 0.000000
-0.325117 0.031464 0.000000
0.431679 0.001298 0.000000
0.407370 0.003134 0.000000
0.048564 0.025026 0.000000
-0.246294 0.032777 0.000000
0.028138 0.025954 0.000000
0.365502 0.006186 0.000000
-0.360297 0.029715 0.000000
-0.499679 -0.000377 0.000000
0.091823 -0.023646 0.000000
-0.106918 -0.027986 0.000000
0.146779 -0.021739 0.000000
-0.268660 0.032651 0.000000
0.295306 -0.015422 0.000000
0.376879 0.005371 0.000000
0.294397 -0.015465 0.000000
-0.052238 0.029161 0.000000
0.486126 -0.004890 0.000000
0.315980 -0.014416 0.000000
-0.254944 0.032745 0.000000
0.344932 0.007637 0.000000
-0.189930 0.032502 0.000000
-0.444961 0.019584 0.000000
-0.307496 0.032007 0.000000
-0.118036 0.031155 0.000000
-0.097911 -0.027898 0.000000
0.075733 0.023728 0.000000
-0.294046 0.032304 0.000000
-0.383383 0.027947 0.000000
-0.037982 0.028648 0.000000
0.088381 0.023100 0.000000
-0.045297 0.028915 0.000000
-0.023002 -0.026721 0.000000
-0.038461 0.028666 0.000000
-0.125592 0.031342 0.000000
-0.352397 -0.023676 0.000000
-0.243974 -0.027432 0.000000
-0.120719 -0.028095 0.000000
-0.165585 -0.028220 0.000000
-0.074932 -0.027620 0.000000
0.281186 0.011933 0.000000
0.031894 0.025787 0.000000
-0.332558 -0.024570 0.000000
-0.327363 0.031381 0.000000
0.411089 0.002856 0.000000
-0.316620 0.031751 0.000000
-0.293179 -0.026103 0.000000
-0.105639 0.030830 0.000000
0.471330 -0.001805 0.000000
0.457523 -0.006658 0.000000
0.193231 -0.019938 0.000000
0.386013 0.004708 0.000000
0.028729 -0.025503 0.000000
0.263278 -0.016920 0.000000
0.268508 -0.016680 0.000000
-0.027002 0.028236 0.000000
0.104113 -0.023242 0.000000
0.345098 -0.012946 0.000000
-0.069563 0.029747 0.000000
0.243635 0.014327 0.000000
0.454147 -0.000444 0.000000
0.052954 -0.024835 0.000000
-0.023966 0.028120 0.000000
0.485543 -0.002952 0.000000
0.164558 0.019030 0.000000
0.425062 -0.008579 0.000000
-0.180807 0.032388 0.000000
0.046542 0.025119 0.000000
-0.440892 0.020360 0.000000
-0.049057 0.029049 0.000000
0.152999 0.019678 0.000000
-0.406125 0.025582 0.000000
-0.185291 -0.028153 0.000000
-0.300930 0.032164 0.000000
-0.108192 -0.027998 0.000000
0.325137 0.009003 0.000000
-0.444949 -0.018153 0.000000
-0.458313 -0.016898 0.000000
-0.204038 0.032644 0.000000
0.419440 0.002228 0.000000
-0.356876 -0.023464 0.000000
0.227242 0.015340 0.000000
-0.119884 0.031202 0.000000
0.323636 -0.014035 0.000000
0.093905 0.022821 0.000000
0.015639 0.026501 0.000000
0.420808 0.002125 0.000000
0.380907 0.005079 0.000000
0.216823 0.015973 0.000000
0.366504 -0.011825 0.000000
0.266466 0.012884 0.000000
-0.337716 -0.024344 0.000000
-0.318616 0.031686 0.000000
0.391190 -0.010489 0.000000
0.262798 0.013118 0.000000
0.026321 0.026035 0.000000
0.198136 -0.019739 0.000000
0.352343 0.007118 0.000000
0.237836 -0.018057 0.000000
-0.031967 0.028424 0.000000
-0.060880 -0.027412 0.000000
-0.451859 0.018166 0.000000
-0.369065 0.029111 0.000000
-0.057172 -0.027353 0.000000
-0.188134 0.032481 0.000000
-0.424966 0.023037 0.000000
0.230624 0.015132 0.000000
-0.145902 0.031793 0.000000
-0.008443 -0.026409 0.000000
-0.022880 0.028078 0.000000
-0.029838 -0.026859 0.000000
-0.048520 -0.027207 0.000000
0.488882 -0.003224 0.000000
-0.120854 -0.028096 0.000000
0.157607 -0.021334 0.000000
-0.458905 -0.016835 0.000000
-0.268731 -0.026854 0.000000
-0.338989 0.030893 0.000000
-0.149923 0.031874 0.000000
-0.144191 -0.028207 0.000000
-0.308527 0.031980 0.000000
0.074892 -0.024181 0.000000
0.470482 -0.001738 0.000000
0.068412 -0.024379 0.000000
0.295001 -0.015436 0.000000
-0.428590 -0.019410 0.000000
0.021262 -0.025697 0.000000
0.305270 0.010345 0.000000
0.022352 0.026209 0.000000
0.030741 0.025838 0.000000
-0.119407 -0.028086 0.000000
-0.335078 -0.024460 0.000000
-0.473849 0.012528 0.000000
0.035179 -0.025331 0.000000
-0.377929 0.028417 0.000000
0.440120 0.000648 0.000000
-0.413712 0.024628 0.000000
0.185279 0.017843 0.000000
0.213435 -0.019104 0.000000
0.477345 -0.002288 0.000000
-0.040448 0.028739 0.000000
-0.408639 -0.020706 0.000000
0.263318 -0.016918 0.000000
0.173013 -0.020742 0.000000
0.139008 0.020448 0.000000
-0.184295 -0.028159 0.000000
0.108999 0.022046 0.000000
0.016397 -0.025820 0.000000
0.389535 -0.010581 0.000000
-0.196109 0.032570 0.000000
0.067024 0.024151 0.000000
-0.284305 -0.026395 0.000000
0.386186 -0.010764 0.000000
-0.154974 0.031971 0.000000
0.006433 -0.026065 0.000000
-0.298830 0.032208 0.000000
-0.012328 -0.026495 0.000000
0.436091 0.000959 0.000000
0.070652 -0.024311 0.000000
