0.723454 -0.039346 0.000000
0.964543 0.007610 0.000000
0.098127 0.076811 0.000000
0.433531 -0.063252 0.000000
0.618295 0.067884 0.000000
0.812027 0.037121 0.000000
0.229501 -0.062180 0.000000
0.767568 -0.034085 0.000000
0.266309 0.096844 0.000000
0.545910 -0.056514 0.000000
0.708594 0.054478 0.000000
0.292787 -0.064806 0.000000
0.486652 0.083988 0.000000
0.792159 0.040616 0.000000
0.898057 0.021082 0.000000
0.589697 -0.052932 0.000000
0.597716 -0.052226 0.000000
0.895123 -0.016772 0.000000
0.451238 -0.062458 0.000000
0.827371 -0.026361 0.000000
0.868003 -0.020720 0.000000
0.651605 0.063139 0.000000
0.871975 -0.020151 0.000000
0.930310 0.014671 0.000000
0.880951 -0.018854 0.000000
0.086526 -0.046499 0.000000
0.001472 0.015740 0.000000
0.930634 0.014605 0.000000
0.311036 -0.065168 0.000000
0.097623 0.076667 0.000000
0.568767 -0.054703 0.000000
0.034409 0.049938 0.000000
0.599481 -0.052068 0.000000
0.327007 -0.065328 0.000000
0.834150 -0.025443 0.000000
0.265004 -0.063913 0.000000
0.987059 0.002814 0.000000
0.828990 0.034076 0.000000
0.571649 0.074104 0.000000
0.152096 -0.055902 0.000000
0.263193 0.096822 0.000000
-0.000075 0.000408 0.000000
0.901776 -0.015780 0.000000
0.539790 -0.056976 0.000000
0.816640 0.036298 0.000000
0.921330 0.016479 0.000000
0.677397 0.059302 0.000000
0.003109 0.019505 0.000000
0.334349 -0.065356 0.000000
0.736420 0.050013 0.000000
0.225052 -0.061916 0.000000
0.958760 0.008822 0.000000
0.872019 -0.020145 0.000000
0.887533 0.023125 0.000000
0.793716 0.040345 0.000000
0.928342 0.015068 0.000000
0.599969 -0.052025 0.000000
0.281142 -0.064484 0.000000
0.084951 0.072748 0.000000
0.746925 -0.036593 0.000000
0.258812 -0.063660 0.000000
0.028474 -0.029401 0.000000
0.082475 -0.045703 0.000000
0.248569 -0.063194 0.000000
0.604027 0.069841 0.000000
0.070709 0.067659 0.000000
0.103697 -0.049524 0.000000
0.255158 0.096725 0.000000
0.427390 -0.063500 0.000000
0.895187 -0.016762 0.000000
0.328668 -0.065336 0.000000
0.339955 -0.065359 0.000000
0.012359 -0.019372 0.000000
0.795218 0.040083 0.000000
0.061228 0.063789 0.000000
0.340957 0.095187 0.000000
0.108399 -0.050267 0.000000
0.929743 0.014785 0.000000
0.319358 0.096030 0.000000
0.814337 -0.028102 0.000000
0.711000 0.054098 0.000000
0.846792 -0.023705 0.000000
0.622942 0.067237 0.000000
0.013703 -0.020463 0.000000
0.231924 -0.062320 0.000000
0.901089 -0.015883 0.000000
0.441672 0.088328 0.000000
0.025419 -0.027877 0.000000
0.760567 -0.034944 0.000000
0.186839 -0.059189 0.000000
-0.000476 0.006303 0.000000
0.969322 0.006602 0.000000
0.242998 -0.062917 0.000000
0.059458 0.063017 0.000000
0.058094 -0.039997 0.000000
0.238908 -0.062705 0.000000
0.018620 0.038401 0.000000
0.216744 -0.061394 0.000000
0.728877 0.051239 0.000000
0.758787 0.046314 0.000000
0.685885 0.058009 0.000000
0.707475 -0.041161 0.000000
0.606890 -0.051400 0.000000
0.599998 -0.052022 0.000000
0.414807 0.090575 0.000000
0.823427 0.035081 0.000000
0.424895 0.089764 0.000000
0.757929 -0.035266 0.000000
0.252800 -0.063394 0.000000
0.270517 0.096858 0.000000
0.193398 0.093621 0.000000
0.991528 0.001847 0.000000
0.353139 -0.065301 0.000000
0.134301 -0.053849 0.000000
0.190838 -0.059514 0.000000
0.178349 0.092104 0.000000
0.746203 0.048407 0.000000
0.253124 0.096691 0.000000
0.391509 -0.064664 0.000000
0.233606 -0.062417 0.000000
0.030455 -0.030328 0.000000
0.966116 0.007279 0.000000
0.308678 -0.065130 0.000000
0.991397 0.001875 0.000000
0.032354 -0.031174 0.000000
0.056355 -0.039515 0.000000
0.563800 -0.055108 0.000000
0.814909 0.036608 0.000000
0.361204 -0.065222 0.000000
0.612265 0.068717 0.000000
0.255022 0.096722 0.000000
0.937492 0.013212 0.000000
0.735598 0.050147 0.000000
0.575415 -0.054152 0.000000
0.959417 -0.006788 0.000000
0.057280 -0.039773 0.000000
0.656006 0.062494 0.000000
0.927413 -0.011871 0.000000
0.649680 -0.047301 0.000000
0.350964 -0.065316 0.000000
0.472253 0.085450 0.000000
0.721287 -0.039595 0.000000
0.074625 0.069138 0.000000
0.739158 -0.037516 0.000000
0.806278 0.038140 0.000000
0.593331 0.071277 0.000000
0.728107 0.051363 0.000000
0.689745 -0.043115 0.000000
0.983895 -0.002741 0.000000
0.649303 -0.047339 0.000000
0.071028 0.067784 0.000000
0.839523 0.032157 0.000000
0.632593 -0.048985 0.000000
0.167119 -0.057430 0.000000
0.614254 -0.050723 0.000000
0.337339 -0.065360 0.000000
0.587359 0.072067 0.000000
0.620521 0.067575 0.000000
0.572107 -0.054428 0.000000
0.538914 -0.057041 0.000000
0.934283 -0.010799 0.000000
0.237785 0.096301 0.000000
0.510098 0.081466 0.000000
0.178880 -0.058510 0.000000
0.872936 -0.020013 0.000000
0.711609 -0.040696 0.000000
0.219888 -0.061596 0.000000
0.348446 0.094837 0.000000
0.137345 0.086014 0.000000
0.195999 -0.059920 0.000000
0.334440 0.095468 0.000000
0.120643 -0.052059 0.000000
0.675743 0.059552 0.000000
0.523829 0.079914 0.000000
0.097250 -0.048450 0.000000
0.612262 -0.050907 0.000000
0.827260 -0.026376 0.000000
0.993059 0.001514 0.000000
0.289300 0.096744 0.000000
0.717869 -0.039986 0.000000
-0.000296 0.001888 0.000000
0.681024 0.058751 0.000000
0.130995 0.084774 0.000000
0.815250 -0.027982 0.000000
0.957817 0.009019 0.000000
0.416150 0.090469 0.000000
0.642732 0.064427 0.000000
0.429229 0.089402 0.000000
0.927841 -0.011804 0.000000
0.538152 0.078239 0.000000
0.065408 -0.041901 0.000000
0.290203 0.096731 0.000000
0.466693 -0.061676 0.000000
0.590868 -0.052830 0.000000
0.751398 -0.036056 0.000000
0.478598 0.084814 0.000000
0.121303 0.082714 0.000000
0.187499 0.093066 0.000000
0.940409 -0.009834 0.000000
0.046871 -0.036641 0.000000
0.254958 0.096721 0.000000
0.181548 -0.058743 0.000000
0.092751 -0.047657 0.000000
0.800132 0.039223 0.000000
0.699451 0.055912 0.000000
0.700449 -0.041943 0.000000
0.613926 -0.050753 0.000000
0.948306 -0.008579 0.000000
0.761001 -0.034891 0.000000
0.994769 -0.000897 0.000000
0.812076 0.037112 0.000000
0.394462 -0.064586 0.000000
0.154687 0.088968 0.000000
0.004162 0.021482 0.000000
0.166317 -0.057352 0.000000
0.213808 0.095161 0.000000
0.658408 -0.046417 0.000000
0.858958 0.028557 0.000000
0.060874 -0.040745 0.000000
0.801165 0.039041 0.000000
0.524865 -0.058060 0.000000
0.754827 -0.035642 0.000000
0.736086 -0.037878 0.000000
0.573291 -0.054329 0.000000
0.530934 0.079089 0.000000
0.387059 -0.064770 0.000000
0.722864 0.052208 0.000000
0.611894 -0.050941 0.000000
0.924989 -0.012246 0.000000
0.654054 -0.046860 0.000000
0.111929 0.080497 0.000000
0.419612 0.090194 0.000000
0.999950 -0.000009 0.000000
0.612250 0.068719 0.000000
0.369994 -0.065102 0.000000
0.252005 0.096672 0.000000
0.766348 0.045042 0.000000
0.452427 0.087353 0.000000
0.018632 -0.023960 0.000000
0.556987 0.075950 0.000000
0.241136 0.096405 0.000000
0.702613 -0.041703 0.000000
0.724589 -0.039216 0.000000
0.724220 -0.039258 0.000000
0.873161 0.025878 0.000000
0.860488 0.028271 0.000000
0.529430 0.079265 0.000000
0.820672 0.035576 0.000000
0.762367 -0.034724 0.000000
0.914409 -0.013871 0.000000
0.759748 0.046153 0.000000
0.271095 0.096860 0.000000
0.006975 -0.014065 0.000000
0.312963 -0.065193 0.000000
0.058542 0.062613 0.000000
0.893880 -0.016956 0.000000
0.610932 0.068900 0.000000
0.129134 0.084397 0.000000
0.693994 0.056760 0.000000
0.266014 0.096843 0.000000
0.900267 0.020650 0.000000
0.688409 0.057622 0.000000
0.508501 -0.059179 0.000000
0.242617 -0.062898 0.000000
0.874877 -0.019734 0.000000
0.178088 -0.058441 0.000000
-0.000392 0.002812 0.000000
0.717866 0.053007 0.000000
0.274026 -0.064250 0.000000
0.069973 -0.042998 0.000000
0.085431 0.072907 0.000000
0.073233 0.068621 0.000000
0.830315 -0.025963 0.000000
0.544404 -0.056628 0.000000
0.229791 0.095997 0.000000
0.460409 -0.062003 0.000000
0.745431 -0.036771 0.000000
0.540222 -0.056943 0.000000
0.702237 -0.041744 0.000000
0.712616 -0.040582 0.000000
0.997174 0.000618 0.000000
0.482700 0.084396 0.000000
0.651264 -0.047142 0.000000
0.806299 0.038136 0.000000
0.678730 -0.044298 0.000000
0.922730 0.016198 0.000000
0.542335 -0.056785 0.000000
0.335743 -0.065357 0.000000
0.048888 -0.037289 0.000000
0.036794 -0.033019 0.000000
0.158226 -0.056548 0.000000
0.577857 0.073306 0.000000
0.739229 0.049554 0.000000
0.764314 -0.034485 0.000000
0.120231 0.082469 0.000000
0.853145 -0.022821 0.000000
0.526643 0.079589 0.000000
0.163409 -0.057070 0.000000
0.213068 -0.061150 0.000000
0.832111 0.033509 0.000000
0.009217 -0.016497 0.000000
0.452145 0.087379 0.000000
0.018743 0.038509 0.000000
0.887411 -0.017910 0.000000
0.899351 0.020829 0.000000
0.230066 0.096010 0.000000
0.493723 -0.060123 0.000000
0.731594 -0.038404 0.000000
0.342078 -0.065354 0.000000
0.874879 0.025551 0.000000
0.784422 0.041956 0.000000
0.531546 0.079018 0.000000
0.988532 0.002495 0.000000
0.968039 -0.005379 0.000000
0.404094 0.091392 0.000000
0.934275 -0.010800 0.000000
0.561746 0.075357 0.000000
0.924980 -0.012248 0.000000
0.402166 -0.064371 0.000000
0.382528 0.092894 0.000000
0.686670 -0.043448 0.000000
0.980902 0.004138 0.000000
0.370802 -0.065090 0.000000
0.946193 -0.008916 0.000000
0.102120 -0.049267 0.000000
0.530779 0.079108 0.000000
0.548834 0.076952 0.000000
0.024607 0.043235 0.000000
0.300179 0.096557 0.000000
0.759602 -0.035062 0.000000
0.175577 -0.058216 0.000000
0.970831 -0.004919 0.000000
0.538641 0.078180 0.000000
0.007492 -0.014662 0.000000
0.975779 -0.004099 0.000000
0.797675 -0.030281 0.000000
0.726392 0.051640 0.000000
0.985991 0.003044 0.000000
0.109642 0.079923 0.000000
0.950739 -0.008189 0.000000
0.243728 -0.062954 0.000000
0.641177 0.064650 0.000000
0.219695 0.095504 0.000000
0.806740 -0.029102 0.000000
0.124235 0.083359 0.000000
0.210780 -0.060995 0.000000
0.170992 0.091228 0.000000
0.616927 0.068074 0.000000
0.321391 -0.065287 0.000000
0.978461 0.004660 0.000000
0.266688 0.096845 0.000000
0.275045 -0.064285 0.000000
0.151834 0.088520 0.000000
0.658883 0.062070 0.000000
0.951821 -0.008015 0.000000
0.586924 0.072124 0.000000
0.351966 -0.065310 0.000000
0.690419 0.057312 0.000000
0.513595 0.081076 0.000000
0.449232 0.087647 0.000000
0.952340 -0.007932 0.000000
0.595280 0.071017 0.000000
0.354281 -0.065291 0.000000
0.650632 -0.047205 0.000000
0.007671 -0.014862 0.000000
0.443148 0.088196 0.000000
0.873577 -0.019921 0.000000
0.218948 -0.061536 0.000000
0.375799 -0.065004 0.000000
0.436552 0.088778 0.000000
0.949220 0.010804 0.000000
0.652014 -0.047066 0.000000
0.918106 0.017123 0.000000
0.043885 0.055433 0.000000
0.987550 0.002708 0.000000
0.563818 0.075096 0.000000
0.020210 0.039756 0.000000
0.260796 -0.063744 0.000000
0.401627 0.091575 0.000000
0.354632 0.094525 0.000000
0.037237 -0.033193 0.000000
0.656963 -0.046565 0.000000
0.317349 0.096096 0.000000
0.822486 -0.027018 0.000000
0.000397 -0.001762 0.000000
0.347501 0.094882 0.000000
0.045853 -0.036303 0.000000
0.992230 -0.001330 0.000000
0.933547 -0.010914 0.000000
0.906917 0.019343 0.000000
0.841887 0.031723 0.000000
0.233391 -0.062405 0.000000
0.578059 0.073280 0.000000
0.674489 0.059742 0.000000
0.800141 0.039221 0.000000
0.708312 0.054523 0.000000
0.205558 -0.060630 0.000000
0.501779 -0.059617 0.000000
0.734550 0.050318 0.000000
0.356523 -0.065271 0.000000
0.995640 0.000953 0.000000
0.761440 0.045869 0.000000
0.486535 -0.060558 0.000000
0.562522 -0.055211 0.000000
0.860718 -0.021756 0.000000
0.897163 0.021257 0.000000
0.422118 -0.063704 0.000000
0.327576 -0.065331 0.000000
0.893566 0.021957 0.000000
0.842238 0.031658 0.000000
0.962703 0.007996 0.000000
0.643262 0.064350 0.000000
0.542960 -0.056738 0.000000
0.565108 0.074934 0.000000
0.401844 -0.064380 0.000000
0.016383 -0.022451 0.000000
0.448880 0.087679 0.000000
0.087381 0.073540 0.000000
0.314796 0.096178 0.000000
0.117264 -0.051584 0.000000
0.598096 -0.052192 0.000000
0.332312 0.095554 0.000000
0.193525 -0.059728 0.000000
0.519152 0.080449 0.000000
0.007697 -0.014892 0.000000
0.107832 -0.050179 0.000000
0.045928 0.056522 0.000000
0.928745 0.014987 0.000000
0.761435 -0.034838 0.000000
0.339549 -0.065359 0.000000
0.101821 -0.049218 0.000000
0.323712 0.095882 0.000000
0.569771 0.074343 0.000000
0.292627 0.096696 0.000000
0.091082 0.074709 0.000000
-0.000291 0.001849 0.000000
0.159567 0.089694 0.000000
0.618896 0.067801 0.000000
0.528234 0.079405 0.000000
0.310828 0.096292 0.000000
0.380202 0.093043 0.000000
0.126875 -0.052902 0.000000
0.713529 0.053698 0.000000
0.886786 -0.018002 0.000000
0.958940 0.008784 0.000000
0.333740 0.095497 0.000000
0.179749 -0.058586 0.000000
0.891674 -0.017282 0.000000
0.665080 -0.045731 0.000000
0.207352 -0.060757 0.000000
0.481569 -0.060850 0.000000
0.645529 0.064022 0.000000
0.440031 0.088472 0.000000
0.170722 -0.057771 0.000000
0.659345 0.062002 0.000000
0.143540 -0.054951 0.000000
0.094715 0.075815 0.000000
0.183897 -0.058943 0.000000
0.299879 0.096563 0.000000
0.711475 -0.040711 0.000000
0.953762 0.009863 0.000000
0.236493 0.096258 0.000000
0.050950 0.059067 0.000000
0.361024 0.094184 0.000000
0.885277 0.023560 0.000000
-0.000358 0.007985 0.000000
0.522466 -0.058230 0.000000
0.867483 0.026954 0.000000
0.602551 0.070041 0.000000
0.076169 0.069706 0.000000
0.426130 -0.063549 0.000000
0.830274 -0.025969 0.000000
0.585967 -0.053255 0.000000
0.845915 0.030981 0.000000
0.828207 0.034218 0.000000
0.749731 -0.036257 0.000000
0.097410 0.076604 0.000000
0.382338 0.092907 0.000000
0.729426 -0.038656 0.000000
0.953758 0.009864 0.000000
0.166440 -0.057364 0.000000
0.083735 -0.045955 0.000000
0.330734 0.095618 0.000000
0.190461 -0.059484 0.000000
0.918191 0.017107 0.000000
0.436015 -0.063147 0.000000
0.867427 -0.020803 0.000000
0.239696 0.096360 0.000000
0.142830 0.087011 0.000000
0.726349 -0.039012 0.000000
0.065312 -0.041878 0.000000
0.468504 -0.061580 0.000000
0.022984 -0.026565 0.000000
0.175009 -0.058165 0.000000
0.612389 0.068700 0.000000
0.120083 0.082435 0.000000
0.249879 0.096631 0.000000
0.793596 0.040366 0.000000
0.016359 0.036370 0.000000
0.731977 -0.038359 0.000000
0.494725 -0.060061 0.000000
0.943984 -0.009268 0.000000
0.003712 0.020668 0.000000
0.909879 -0.014560 0.000000
0.539169 0.078117 0.000000
0.407267 -0.064215 0.000000
0.351165 -0.065315 0.000000
0.114818 -0.051231 0.000000
0.041647 0.054206 0.000000
0.438920 0.088570 0.000000
0.995685 -0.000741 0.000000
0.152775 0.088670 0.000000
0.368848 -0.065120 0.000000
0.177179 0.091969 0.000000
0.508005 -0.059212 0.000000
0.059441 0.063010 0.000000
0.856563 -0.022341 0.000000
0.006543 -0.013547 0.000000
0.591476 -0.052776 0.000000
0.153692 0.088816 0.000000
0.410949 -0.064097 0.000000
0.238950 -0.062707 0.000000
0.884120 0.023783 0.000000
0.155476 -0.056262 0.000000
0.370221 0.093658 0.000000
0.373668 -0.065042 0.000000
0.574411 0.073750 0.000000
0.274929 0.096857 0.000000
0.928254 -0.011740 0.000000
0.267053 0.096847 0.000000
0.559178 0.075677 0.000000
0.182611 -0.058835 0.000000
0.896865 0.021315 0.000000
0.656641 -0.046597 0.000000
0.355563 0.094478 0.000000
0.704725 -0.041468 0.000000
0.699949 -0.041998 0.000000
0.632486 0.065892 0.000000
0.611042 0.068885 0.000000
0.940076 -0.009887 0.000000
0.453378 0.087265 0.000000
0.384056 -0.064839 0.000000
0.388967 -0.064725 0.000000
0.989812 -0.001742 0.000000
0.462105 -0.061916 0.000000
0.768953 0.044601 0.000000
0.619687 -0.050216 0.000000
0.081883 0.071717 0.000000
0.007481 -0.014651 0.000000
0.013093 -0.019977 0.000000
0.081575 0.071613 0.000000
0.179564 -0.058570 0.000000
0.034453 -0.032068 0.000000
0.194018 0.093679 0.000000
0.632497 0.065891 0.000000
0.836497 -0.025122 0.000000
0.664866 0.061183 0.000000
0.224124 0.095738 0.000000
0.168485 0.090914 0.000000
0.484651 -0.060670 0.000000
0.187162 -0.059216 0.000000
0.974077 0.005594 0.000000
0.403970 -0.064319 0.000000
0.526975 -0.057911 0.000000
0.056619 0.061747 0.000000
0.041804 -0.034905 0.000000
0.681133 0.058735 0.000000
0.277224 -0.064356 0.000000
0.308954 0.096346 0.000000
0.497657 -0.059878 0.000000
0.474764 0.085200 0.000000
0.495396 -0.060019 0.000000
0.800754 0.039113 0.000000
0.640856 0.064697 0.000000
0.991328 0.001890 0.000000
0.851558 0.029936 0.000000
0.835433 -0.025268 0.000000
0.409161 0.091011 0.000000
0.105657 -0.049838 0.000000
0.690053 -0.043082 0.000000
0.875148 -0.019695 0.000000
0.885162 -0.018240 0.000000
0.115129 0.081278 0.000000
0.437953 -0.063063 0.000000
0.142976 -0.054886 0.000000
0.804682 -0.029372 0.000000
0.992410 -0.001300 0.000000
0.098196 0.076831 0.000000
0.928708 -0.011669 0.000000
0.575432 0.073619 0.000000
0.640033 -0.048259 0.000000
0.991124 0.001934 0.000000
0.649341 -0.047335 0.000000
0.036998 -0.033099 0.000000
0.014868 -0.021356 0.000000
0.472432 0.085432 0.000000
0.100242 -0.048957 0.000000
0.226624 -0.062012 0.000000
0.778786 0.042925 0.000000
0.369289 0.093714 0.000000
0.486802 -0.060542 0.000000
0.198606 -0.060120 0.000000
0.161131 -0.056841 0.000000
0.692649 -0.042799 0.000000
0.340234 0.095218 0.000000
0.245192 0.096520 0.000000
0.649745 0.063410 0.000000
0.537898 -0.057117 0.000000
0.514458 0.080979 0.000000
0.121880 0.082841 0.000000
0.809762 0.037523 0.000000
0.156096 -0.056326 0.000000
0.016977 0.036938 0.000000
0.588175 -0.053064 0.000000
0.274185 0.096859 0.000000
0.763088 0.045592 0.000000
0.949228 0.010802 0.000000
0.007222 0.026217 0.000000
0.281828 -0.064506 0.000000
0.591481 -0.052776 0.000000
0.432162 -0.063308 0.000000
0.644221 -0.047846 0.000000
0.730593 0.050961 0.000000
0.889566 0.022732 0.000000
0.025916 -0.028133 0.000000
0.842962 0.031525 0.000000
0.792037 0.040637 0.000000
0.521516 -0.058296 0.000000
0.005491 -0.012200 0.000000
0.070128 -0.043034 0.000000
0.517352 0.080653 0.000000
0.783440 -0.032101 0.000000
0.428629 -0.063452 0.000000
0.474728 0.085204 0.000000
0.477795 -0.061066 0.000000
0.511246 -0.058997 0.000000
0.196183 -0.059934 0.000000
0.368269 0.093774 0.000000
0.924832 0.015776 0.000000
0.340960 -0.065356 0.000000
0.830253 -0.025972 0.000000
0.615522 0.068269 0.000000
0.524298 -0.058101 0.000000
0.928603 0.015016 0.000000
0.572194 0.074035 0.000000
0.892266 0.022209 0.000000
0.097553 -0.048501 0.000000
0.870697 -0.020335 0.000000
0.456367 0.086985 0.000000
0.887417 -0.017909 0.000000
0.100994 0.077623 0.000000
0.353009 -0.065302 0.000000
0.526365 -0.057954 0.000000
0.291076 -0.064764 0.000000
0.780246 -0.032504 0.000000
0.934656 0.013789 0.000000
0.463411 -0.061850 0.000000
0.412855 0.090729 0.000000
0.178687 -0.058493 0.000000
0.551421 -0.056089 0.000000
0.196474 -0.059957 0.000000
0.063099 0.064586 0.000000
0.854219 0.029442 0.000000
0.559045 -0.055489 0.000000
0.193710 -0.059743 0.000000
0.506332 -0.059322 0.000000
0.337891 -0.065360 0.000000
0.724670 -0.039207 0.000000
0.887016 0.023225 0.000000
0.791515 0.040728 0.000000
0.089315 -0.047028 0.000000
0.423659 -0.063644 0.000000
0.440534 0.088428 0.000000
0.045363 0.056222 0.000000
0.009783 -0.017053 0.000000
0.437774 -0.063071 0.000000
0.516907 -0.058614 0.000000
0.286343 0.096784 0.000000
0.518648 -0.058495 0.000000
0.713316 -0.040503 0.000000
0.709611 0.054318 0.000000
0.981115 -0.003208 0.000000
0.374214 0.093418 0.000000
0.408317 -0.064182 0.000000
0.389506 0.092430 0.000000
0.888720 0.022896 0.000000
0.098410 0.076891 0.000000
0.962883 0.007958 0.000000
0.770620 -0.033707 0.000000
0.749719 0.047825 0.000000
0.399921 0.091700 0.000000
0.291644 0.096711 0.000000
0.970170 0.006423 0.000000
0.596339 0.070876 0.000000
0.597705 -0.052227 0.000000
0.601585 0.070171 0.000000
0.253971 0.096705 0.000000
0.787371 0.041447 0.000000
0.591635 0.071502 0.000000
0.949752 0.010694 0.000000
0.956441 -0.007270 0.000000
0.784513 -0.031965 0.000000
0.820635 0.035582 0.000000
0.648547 0.063585 0.000000
0.182849 -0.058855 0.000000
0.263528 0.096825 0.000000
0.251248 -0.063321 0.000000
0.000504 0.012700 0.000000
0.776965 0.043237 0.000000
0.729254 0.051178 0.000000
0.986060 -0.002377 0.000000
0.969664 0.006530 0.000000
0.365067 0.093957 0.000000
0.524403 0.079848 0.000000
0.386432 0.092637 0.000000
0.424803 0.089772 0.000000
0.587581 -0.053115 0.000000
0.731056 0.050886 0.000000
0.986144 0.003011 0.000000
0.341087 -0.065356 0.000000
0.870931 -0.020301 0.000000
0.453098 -0.062368 0.000000
0.552474 0.076507 0.000000
0.839378 -0.024728 0.000000
0.543937 -0.056664 0.000000
0.327906 -0.065333 0.000000
0.177340 0.091988 0.000000
0.703967 0.055206 0.000000
0.791912 0.040659 0.000000
0.305377 -0.065075 0.000000
0.493924 0.083223 0.000000
0.489409 0.083699 0.000000
0.423534 0.089875 0.000000
0.767615 0.044828 0.000000
0.638739 0.065000 0.000000
0.036245 -0.032800 0.000000
0.270128 -0.064108 0.000000
0.917662 -0.013374 0.000000
0.164116 -0.057139 0.000000
0.745586 -0.036753 0.000000
0.472667 0.085409 0.000000
0.682147 0.058580 0.000000
0.661340 -0.046117 0.000000
0.176644 0.091906 0.000000
0.263831 -0.063866 0.000000
0.236013 -0.062548 0.000000
0.484442 -0.060682 0.000000
0.926582 0.015424 0.000000
0.856627 -0.022332 0.000000
0.371757 0.093566 0.000000
0.739776 0.049464 0.000000
0.123064 -0.052393 0.000000
0.727516 0.051458 0.000000
0.944771 0.011721 0.000000
0.484986 0.084160 0.000000
0.886485 0.023327 0.000000
0.526504 -0.057944 0.000000
0.701864 0.055535 0.000000
0.868236 -0.020687 0.000000
0.198861 -0.060139 0.000000
0.218176 -0.061486 0.000000
0.337867 0.095322 0.000000
0.485283 -0.060633 0.000000
0.032598 -0.031281 0.000000
0.195496 0.093806 0.000000
0.009103 -0.016382 0.000000
0.561118 -0.055324 0.000000
0.603765 0.069877 0.000000
0.269349 0.096854 0.000000
0.581878 0.072785 0.000000
0.691555 0.057137 0.000000
0.430902 0.089262 0.000000
0.018798 -0.024067 0.000000
0.990868 0.001990 0.000000
0.360175 -0.065234 0.000000
0.327212 0.095753 0.000000
-0.000367 0.007894 0.000000
0.006437 0.025108 0.000000
0.435682 0.088852 0.000000
0.692277 0.057026 0.000000
0.087666 -0.046717 0.000000
0.607611 -0.051334 0.000000
0.196561 0.093895 0.000000
0.314893 -0.065218 0.000000
0.824321 -0.026772 0.000000
0.425574 0.089708 0.000000
0.262380 -0.063808 0.000000
0.039867 0.053201 0.000000
0.157191 0.089345 0.000000
0.271326 -0.064152 0.000000
0.005742 -0.012533 0.000000
0.614803 0.068367 0.000000
0.037636 0.051901 0.000000
0.608053 -0.051294 0.000000
0.339157 0.095266 0.000000
0.825286 -0.026642 0.000000
0.924338 -0.012347 0.000000
0.682713 0.058494 0.000000
0.754082 0.047100 0.000000
0.378877 0.093127 0.000000
0.511118 0.081353 0.000000
0.982430 0.003810 0.000000
0.076114 -0.044378 0.000000
0.576078 0.073536 0.000000
0.606694 0.069479 0.000000
0.573117 0.073916 0.000000
0.212772 0.095098 0.000000
0.632220 0.065930 0.000000
0.803004 0.038717 0.000000
0.166246 -0.057345 0.000000
0.464040 -0.061816 0.000000
0.761999 0.045775 0.000000
0.826552 -0.026472 0.000000
0.641533 0.064599 0.000000
0.020431 0.039941 0.000000
0.137783 0.086095 0.000000
0.674039 -0.044795 0.000000
0.023490 -0.026846 0.000000
0.559482 -0.055454 0.000000
0.788978 -0.031397 0.000000
0.792522 -0.030944 0.000000
0.530546 -0.057655 0.000000
0.237566 0.096294 0.000000
0.436057 -0.063145 0.000000
0.165604 0.090532 0.000000
0.637238 0.065215 0.000000
0.891918 0.022277 0.000000
0.116480 0.081600 0.000000
0.193519 -0.059728 0.000000
0.155758 0.089129 0.000000
0.707551 0.054643 0.000000
0.864224 -0.021259 0.000000
0.729121 -0.038691 0.000000
0.172025 -0.057893 0.000000
0.979068 -0.003551 0.000000
0.788871 -0.031411 0.000000
0.187966 0.093113 0.000000
0.331574 0.095584 0.000000
0.081099 -0.045425 0.000000
0.000037 -0.000192 0.000000
0.135312 0.085625 0.000000
0.762301 0.045724 0.000000
0.105831 0.078934 0.000000
0.579893 0.073043 0.000000
0.399138 -0.064459 0.000000
0.387464 0.092569 0.000000
0.913052 0.018130 0.000000
0.531159 -0.057610 0.000000
0.990340 0.002104 0.000000
0.583666 0.072551 0.000000
0.922624 0.016219 0.000000
0.294134 -0.064839 0.000000
0.000692 -0.002813 0.000000
0.593517 0.071252 0.000000
0.732143 -0.038339 0.000000
0.822660 0.035219 0.000000
0.290336 -0.064745 0.000000
0.776405 0.043333 0.000000
0.791083 -0.031129 0.000000
0.815184 0.036558 0.000000
0.758637 -0.035180 0.000000
0.836891 0.032638 0.000000
0.626833 -0.049539 0.000000
0.305278 -0.065073 0.000000
0.770210 0.044388 0.000000
0.780443 -0.032479 0.000000
0.121419 0.082739 0.000000
0.509673 -0.059101 0.000000
-0.000018 0.000095 0.000000
0.359597 0.094261 0.000000
0.292984 0.096691 0.000000
0.000667 0.013289 0.000000
0.659552 0.061972 0.000000
0.285314 0.096793 0.000000
0.213867 0.095164 0.000000
0.042686 0.054781 0.000000
0.538724 -0.057055 0.000000
0.292853 -0.064807 0.000000
0.429942 -0.063398 0.000000
0.589412 -0.052957 0.000000
0.695889 -0.042445 0.000000
0.474839 0.085193 0.000000
0.321630 -0.065289 0.000000
0.532172 -0.057537 0.000000
0.285736 0.096789 0.000000
0.040354 -0.034378 0.000000
0.579633 0.073076 0.000000
0.896035 0.021476 0.000000
0.230216 0.096016 0.000000
0.322588 0.095923 0.000000
0.672407 -0.044967 0.000000
0.463736 -0.061832 0.000000
0.726793 -0.038961 0.000000
0.403370 -0.064336 0.000000
0.542687 -0.056759 0.000000
0.558021 0.075821 0.000000
0.679798 0.058937 0.000000
0.384504 -0.064829 0.000000
0.061698 -0.040959 0.000000
0.605678 0.069617 0.000000
0.402807 -0.064353 0.000000
0.656903 -0.046571 0.000000
0.444086 -0.062791 0.000000
0.928716 -0.011668 0.000000
0.195462 -0.059878 0.000000
0.099054 0.077074 0.000000
0.995393 0.001006 0.000000
0.789402 0.041095 0.000000
0.637012 -0.048556 0.000000
0.721936 0.052356 0.000000
0.858868 0.028574 0.000000
0.339766 0.095239 0.000000
0.321352 0.095965 0.000000
0.944089 0.011861 0.000000
0.608254 0.069266 0.000000
0.692779 -0.042785 0.000000
0.943401 -0.009360 0.000000
0.868173 -0.020696 0.000000
0.879981 -0.018995 0.000000
0.236427 0.096255 0.000000
0.677191 -0.044462 0.000000
0.808037 -0.028933 0.000000
0.413380 0.090687 0.000000
0.760402 -0.034964 0.000000
0.359135 0.094286 0.000000
0.526314 -0.057958 0.000000
0.373408 0.093467 0.000000
0.978375 -0.003666 0.000000
0.789775 0.041030 0.000000
0.259183 -0.063676 0.000000
0.252015 0.096672 0.000000
0.881842 -0.018724 0.000000
0.604745 0.069744 0.000000
0.014893 0.034976 0.000000
0.692662 0.056966 0.000000
0.599070 0.070510 0.000000
0.234468 -0.062464 0.000000
0.035312 0.050497 0.000000
0.203457 0.094449 0.000000
0.869054 0.026657 0.000000
0.328116 -0.065334 0.000000
0.401029 0.091619 0.000000
0.306902 -0.065100 0.000000
0.566414 -0.054896 0.000000
0.455974 -0.062226 0.000000
0.718883 -0.039870 0.000000
0.060526 0.063486 0.000000
0.564850 0.074966 0.000000
0.839312 -0.024737 0.000000
0.533989 -0.057405 0.000000
0.198090 0.094024 0.000000
0.288426 -0.064695 0.000000
0.140041 -0.054543 0.000000
0.113741 -0.051073 0.000000
0.045792 0.056450 0.000000
0.830763 0.033754 0.000000
0.080360 0.071194 0.000000
0.228834 -0.062142 0.000000
0.235512 -0.062520 0.000000
0.027489 0.045339 0.000000
0.565205 -0.054994 0.000000
0.769260 -0.033875 0.000000
0.138039 -0.054305 0.000000
0.795788 0.039983 0.000000
0.766272 -0.034244 0.000000
0.665123 0.061145 0.000000
0.913877 0.017966 0.000000
0.129164 -0.053200 0.000000
0.740648 -0.037340 0.000000
0.489533 -0.060378 0.000000
0.585779 -0.053272 0.000000
0.328715 -0.065337 0.000000
0.761929 -0.034778 0.000000
0.793822 -0.030777 0.000000
0.697682 -0.042248 0.000000
0.069923 -0.042986 0.000000
0.358550 -0.065253 0.000000
0.809955 0.037489 0.000000
0.963169 -0.006177 0.000000
0.287362 0.096772 0.000000
0.409923 0.090953 0.000000
0.227445 0.095890 0.000000
0.108782 0.079703 0.000000
0.314828 0.096177 0.000000
0.489314 0.083709 0.000000
0.322802 0.095915 0.000000
0.116892 0.081697 0.000000
0.516683 0.080728 0.000000
0.242738 0.096454 0.000000
0.015476 -0.021804 0.000000
0.846634 0.030848 0.000000
0.308280 0.096365 0.000000
0.525436 -0.058020 0.000000
0.942799 0.012126 0.000000
0.777177 -0.032889 0.000000
0.537950 -0.057113 0.000000
0.836104 0.032782 0.000000
0.176596 0.091901 0.000000
0.397214 -0.064514 0.000000
0.432927 0.089089 0.000000
0.419945 0.090167 0.000000
0.063754 -0.041487 0.000000
0.474867 -0.061231 0.000000
0.855754 0.029156 0.000000
0.734845 -0.038023 0.000000
0.576142 0.073528 0.000000
0.262957 -0.063831 0.000000
0.130477 -0.053369 0.000000
0.738606 0.049656 0.000000
0.480367 -0.060920 0.000000
0.539161 0.078118 0.000000
0.853218 0.029628 0.000000
0.093336 -0.047762 0.000000
0.835344 0.032921 0.000000
0.522810 0.080031 0.000000
0.017207 -0.023018 0.000000
0.936436 -0.010461 0.000000
0.749977 0.047783 0.000000
0.249545 0.096623 0.000000
0.511581 0.081301 0.000000
0.771974 -0.033539 0.000000
0.533115 0.078834 0.000000
0.028216 0.045850 0.000000
0.712705 -0.040572 0.000000
0.125177 -0.052676 0.000000
0.931908 -0.011171 0.000000
0.100389 0.077453 0.000000
0.669038 -0.045320 0.000000
0.005385 0.023518 0.000000
0.285475 0.096791 0.000000
0.936192 0.013477 0.000000
0.013844 -0.020573 0.000000
0.877820 0.024991 0.000000
-0.000075 0.010059 0.000000
0.302168 0.096513 0.000000
0.185857 0.092901 0.000000
0.247491 0.096574 0.000000
0.847536 -0.023602 0.000000
0.085597 -0.046321 0.000000
0.754406 0.047046 0.000000
0.884388 0.023731 0.000000
0.772476 0.044003 0.000000
0.133085 0.085194 0.000000
0.731661 -0.038396 0.000000
0.179882 -0.058597 0.000000
0.438797 0.088580 0.000000
0.858692 0.028607 0.000000
0.132736 -0.053654 0.000000
0.723266 0.052143 0.000000
0.512739 0.081172 0.000000
0.628552 0.066449 0.000000
0.621107 -0.050082 0.000000
0.463820 0.086276 0.000000
0.486926 -0.060535 0.000000
0.441704 -0.062899 0.000000
0.828497 0.034165 0.000000
0.899424 -0.016132 0.000000
0.584133 0.072490 0.000000
0.342616 -0.065353 0.000000
0.949948 -0.008316 0.000000
0.434714 -0.063202 0.000000
0.613806 0.068505 0.000000
0.977841 -0.003756 0.000000
0.915437 0.017656 0.000000
0.846587 0.030857 0.000000
0.350590 0.094731 0.000000
0.328640 -0.065336 0.000000
0.060567 0.063504 0.000000
0.470391 -0.061477 0.000000
0.249397 -0.063233 0.000000
0.158110 -0.056536 0.000000
0.886348 -0.018066 0.000000
0.833676 0.033225 0.000000
0.794079 0.040281 0.000000
0.383013 -0.064860 0.000000
0.114721 0.081181 0.000000
0.614456 -0.050704 0.000000
0.554349 0.076276 0.000000
0.128924 0.084355 0.000000
0.483393 -0.060743 0.000000
0.190016 -0.059448 0.000000
0.265733 -0.063943 0.000000
0.926093 0.015522 0.000000
0.837848 0.032463 0.000000
0.518752 0.080495 0.000000
0.376053 -0.064999 0.000000
0.083791 -0.045966 0.000000
0.288234 -0.064690 0.000000
0.073515 -0.043807 0.000000
0.279658 0.096843 0.000000
0.461008 0.086546 0.000000
0.340714 0.095197 0.000000
0.610780 -0.051044 0.000000
0.461259 0.086522 0.000000
0.788482 0.041254 0.000000
0.138542 -0.054365 0.000000
0.415265 0.090539 0.000000
0.316222 -0.065235 0.000000
0.306390 -0.065092 0.000000
0.313726 -0.065203 0.000000
0.300650 -0.064983 0.000000
0.947568 -0.008697 0.000000
0.010334 0.030142 0.000000
0.763755 0.045480 0.000000
0.005266 0.023330 0.000000
0.022344 0.041489 0.000000
0.158579 -0.056584 0.000000
0.676423 -0.044543 0.000000
0.675486 0.059591 0.000000
0.279310 -0.064424 0.000000
0.519488 0.080411 0.000000
0.726787 -0.038962 0.000000
0.153444 -0.056047 0.000000
0.536186 0.078471 0.000000
0.688512 0.057606 0.000000
0.652421 0.063020 0.000000
0.817563 0.036133 0.000000
0.161234 0.089931 0.000000
0.242382 0.096443 0.000000
0.504761 0.082054 0.000000
0.093985 0.075594 0.000000
0.653539 -0.046912 0.000000
0.927258 -0.011895 0.000000
0.952283 -0.007941 0.000000
0.644126 0.064226 0.000000
0.670403 -0.045177 0.000000
0.127212 0.083994 0.000000
0.811981 0.037129 0.000000
0.751265 0.047569 0.000000
0.202852 0.094403 0.000000
0.696766 -0.042349 0.000000
0.978539 -0.003639 0.000000
0.344017 -0.065350 0.000000
0.569138 0.074424 0.000000
0.046794 -0.036616 0.000000
0.838046 -0.024910 0.000000
0.974510 -0.004310 0.000000
0.829915 -0.026017 0.000000
0.375922 0.093313 0.000000
0.938321 -0.010164 0.000000
0.211163 0.094996 0.000000
0.157902 -0.056514 0.000000
0.644184 -0.047849 0.000000
0.876851 -0.019449 0.000000
0.963724 0.007782 0.000000
0.881174 -0.018821 0.000000
-0.000156 0.000888 0.000000
0.250994 0.096655 0.000000
0.056039 0.061480 0.000000
0.721818 -0.039535 0.000000
0.925995 -0.012091 0.000000
0.287109 0.096776 0.000000
0.054016 -0.038845 0.000000
0.891739 0.022311 0.000000
0.671784 0.060149 0.000000
0.635097 0.065521 0.000000
0.950750 -0.008187 0.000000
0.189409 0.093253 0.000000
0.900975 -0.015900 0.000000
0.789617 0.041057 0.000000
0.239820 -0.062755 0.000000
0.202376 0.094367 0.000000
0.977220 -0.003859 0.000000
0.383113 0.092856 0.000000
0.218737 0.095453 0.000000
0.252856 -0.063397 0.000000
0.638742 -0.048386 0.000000
0.219584 0.095498 0.000000
0.085874 0.073053 0.000000
0.522368 -0.058237 0.000000
0.575648 -0.054132 0.000000
0.681193 -0.044036 0.000000
0.921126 -0.012842 0.000000
0.557574 0.075877 0.000000
0.137726 0.086084 0.000000
0.860250 0.028315 0.000000
0.949301 -0.008420 0.000000
0.420377 0.090132 0.000000
0.736165 0.050055 0.000000
0.603329 -0.051723 0.000000
0.600406 -0.051985 0.000000
0.333365 -0.065354 0.000000
0.012219 0.032246 0.000000
0.735373 0.050184 0.000000
0.359210 0.094282 0.000000
0.814391 -0.028095 0.000000
0.282119 0.096821 0.000000
0.975701 0.005248 0.000000
0.796541 -0.030428 0.000000
0.731369 -0.038430 0.000000
0.591224 -0.052798 0.000000
0.157323 0.089365 0.000000
0.665585 0.061076 0.000000
0.063462 -0.041413 0.000000
0.240195 0.096376 0.000000
0.259514 0.096785 0.000000
0.344624 0.095018 0.000000
0.969881 0.006484 0.000000
0.337950 0.095319 0.000000
0.217204 -0.061423 0.000000
0.041913 0.054353 0.000000
0.183949 0.092709 0.000000
0.027697 0.045487 0.000000
0.372022 0.093550 0.000000
0.314058 0.096199 0.000000
0.605011 0.069708 0.000000
0.138829 -0.054399 0.000000
0.137005 -0.054180 0.000000
0.634005 -0.048848 0.000000
0.204296 0.094513 0.000000
0.113300 0.080836 0.000000
0.770853 0.044279 0.000000
0.021250 0.040613 0.000000
0.715639 -0.040240 0.000000
0.121283 0.082709 0.000000
0.162359 0.090091 0.000000
0.848646 -0.023448 0.000000
0.053869 0.060469 0.000000
0.067054 -0.042306 0.000000
0.011951 0.031958 0.000000
0.485517 -0.060619 0.000000
0.863024 0.027795 0.000000
0.989747 0.002233 0.000000
0.482127 0.084455 0.000000
0.997584 -0.000415 0.000000
0.021489 0.040806 0.000000
0.417041 0.090399 0.000000
0.067250 0.066296 0.000000
0.144895 0.087375 0.000000
0.865419 0.027344 0.000000
0.685925 0.058003 0.000000
0.426545 -0.063533 0.000000
0.619513 -0.050232 0.000000
0.411936 0.090799 0.000000
0.370724 0.093628 0.000000
0.986550 -0.002294 0.000000
0.820443 0.035617 0.000000
0.985164 -0.002528 0.000000
0.306489 -0.065093 0.000000
0.922911 0.016162 0.000000
0.973225 0.005775 0.000000
0.945004 -0.009106 0.000000
0.027682 -0.029017 0.000000
0.538924 -0.057040 0.000000
0.959265 -0.006813 0.000000
0.463445 -0.061848 0.000000
0.317297 -0.065248 0.000000
0.033281 0.049227 0.000000
0.425008 -0.063592 0.000000
0.941180 -0.009712 0.000000
0.630155 -0.049220 0.000000
0.148940 -0.055559 0.000000
0.491112 -0.060284 0.000000
0.046842 0.056996 0.000000
0.147833 -0.055436 0.000000
0.720099 -0.039731 0.000000
0.562610 -0.055204 0.000000
0.326624 -0.065326 0.000000
0.235076 0.096204 0.000000
0.869960 0.026486 0.000000
0.311484 -0.065174 0.000000
0.566392 0.074772 0.000000
0.538016 -0.057108 0.000000
0.751312 -0.036067 0.000000
0.693559 -0.042700 0.000000
0.023584 0.042457 0.000000
0.924661 0.015810 0.000000
0.398282 -0.064484 0.000000
0.835893 -0.025205 0.000000
0.374603 -0.065025 0.000000
0.289619 -0.064728 0.000000
0.652172 0.063056 0.000000
0.419245 -0.063808 0.000000
0.337618 0.095333 0.000000
0.733577 0.050476 0.000000
0.685866 0.058012 0.000000
0.765678 -0.034317 0.000000
0.483962 -0.060710 0.000000
0.547325 0.077135 0.000000
0.913139 0.018112 0.000000
0.158671 0.089567 0.000000
0.503717 -0.059492 0.000000
0.703461 0.055285 0.000000
0.653940 0.062797 0.000000
0.409506 -0.064144 0.000000
0.769558 -0.033838 0.000000
0.339006 -0.065361 0.000000
0.703652 -0.041587 0.000000
0.647410 -0.047528 0.000000
0.947489 -0.008709 0.000000
0.896244 -0.016605 0.000000
0.425113 -0.063588 0.000000
0.008818 0.028313 0.000000
0.785853 -0.031795 0.000000
0.866892 0.027066 0.000000
0.281702 -0.064502 0.000000
0.550460 0.076753 0.000000
0.060928 -0.040759 0.000000
0.352638 -0.065305 0.000000
0.764574 -0.034453 0.000000
0.303925 0.096471 0.000000
0.713845 0.053647 0.000000
0.823419 0.035082 0.000000
0.769090 0.044578 0.000000
0.973681 0.005678 0.000000
0.231370 -0.062288 0.000000
0.189233 -0.059385 0.000000
0.986971 -0.002223 0.000000
0.898182 -0.016317 0.000000
0.954346 -0.007609 0.000000
0.756650 -0.035421 0.000000
0.792120 -0.030996 0.000000
0.869621 0.026550 0.000000
0.514754 -0.058760 0.000000
0.452434 -0.062400 0.000000
0.204605 0.094537 0.000000
0.518475 0.080526 0.000000
0.743808 -0.036965 0.000000
0.909856 -0.014563 0.000000
0.002892 -0.008117 0.000000
0.342313 -0.065353 0.000000
0.116395 0.081579 0.000000
0.674689 -0.044726 0.000000
0.177893 0.092052 0.000000
0.899242 0.020850 0.000000
0.798172 0.039566 0.000000
0.749829 0.047807 0.000000
0.442692 -0.062854 0.000000
0.319214 0.096035 0.000000
0.502472 -0.059572 0.000000
0.853960 0.029490 0.000000
0.337742 -0.065360 0.000000
0.886532 -0.018039 0.000000
0.787703 0.041389 0.000000
0.138096 0.086153 0.000000
0.553352 0.076399 0.000000
0.128838 -0.053157 0.000000
0.212930 0.095107 0.000000
0.462759 0.086378 0.000000
0.856075 -0.022410 0.000000
0.169571 0.091050 0.000000
0.649544 0.063439 0.000000
0.667464 0.060796 0.000000
0.289564 -0.064726 0.000000
0.916664 -0.013527 0.000000
0.347366 0.094888 0.000000
0.878454 0.024869 0.000000
0.680858 -0.044072 0.000000
0.924907 -0.012259 0.000000
0.444312 0.088092 0.000000
0.343119 -0.065352 0.000000
0.024173 0.042908 0.000000
0.870918 -0.020303 0.000000
0.716879 0.053165 0.000000
0.193726 -0.059744 0.000000
0.653397 -0.046927 0.000000
0.963309 -0.006154 0.000000
0.057681 0.062226 0.000000
0.574510 -0.054227 0.000000
0.758461 -0.035201 0.000000
0.684782 0.058178 0.000000
0.242636 0.096451 0.000000
0.312457 0.096245 0.000000
0.929101 0.014915 0.000000
0.600752 -0.051954 0.000000
0.400947 0.091625 0.000000
0.698509 0.056059 0.000000
0.165124 -0.057236 0.000000
0.540626 0.077943 0.000000
-0.000187 0.009366 0.000000
0.055678 0.061313 0.000000
0.648145 -0.047455 0.000000
0.504435 -0.059445 0.000000
0.855335 0.029234 0.000000
0.428765 0.089441 0.000000
0.573231 -0.054334 0.000000
0.858447 -0.022076 0.000000
0.520365 -0.058375 0.000000
0.437728 0.088674 0.000000
0.555898 -0.055739 0.000000
0.380665 -0.064910 0.000000
0.566703 0.074733 0.000000
0.588778 -0.053012 0.000000
0.680126 0.058888 0.000000
0.837765 0.032479 0.000000
0.769014 -0.033906 0.000000
0.471972 -0.061390 0.000000
0.705358 0.054988 0.000000
0.969449 0.006575 0.000000
0.320190 -0.065276 0.000000
0.033451 0.049335 0.000000
0.531018 0.079080 0.000000
0.439109 0.088553 0.000000
0.738109 -0.037640 0.000000
0.384201 -0.064836 0.000000
0.805977 -0.029202 0.000000
0.194131 0.093689 0.000000
0.260950 0.096800 0.000000
0.497448 0.082848 0.000000
0.451069 0.087477 0.000000
0.598698 -0.052138 0.000000
0.030275 0.047260 0.000000
0.690509 -0.043033 0.000000
0.909178 0.018897 0.000000
0.865425 0.027343 0.000000
0.781190 0.042513 0.000000
0.558417 -0.055539 0.000000
0.615354 0.068292 0.000000
0.881171 0.024349 0.000000
0.450249 0.087553 0.000000
0.438251 0.088628 0.000000
0.819677 0.035755 0.000000
0.385433 0.092703 0.000000
0.343896 0.095053 0.000000
0.613190 0.068590 0.000000
0.005198 0.023221 0.000000
0.594062 0.071180 0.000000
0.117210 0.081773 0.000000
0.358072 -0.065257 0.000000
0.962952 -0.006212 0.000000
0.518804 -0.058484 0.000000
0.445317 0.088001 0.000000
0.277071 -0.064351 0.000000
0.290854 -0.064758 0.000000
0.613629 -0.050781 0.000000
0.673153 0.059943 0.000000
0.993144 -0.001175 0.000000
0.014552 -0.021117 0.000000
0.025984 0.044256 0.000000
0.817405 -0.027696 0.000000
0.973617 0.005692 0.000000
0.925843 -0.012114 0.000000
0.651382 -0.047130 0.000000
0.316106 -0.065233 0.000000
0.058977 -0.040239 0.000000
0.970069 -0.005044 0.000000
0.258348 0.096774 0.000000
0.656957 -0.046565 0.000000
0.055062 0.061028 0.000000
0.600833 -0.051947 0.000000
0.612785 0.068645 0.000000
0.124333 0.083381 0.000000
0.487382 0.083912 0.000000
0.946408 0.011384 0.000000
0.377857 0.093191 0.000000
0.954202 -0.007632 0.000000
0.344267 0.095035 0.000000
0.880751 -0.018883 0.000000
0.238856 0.096334 0.000000
0.308717 -0.065131 0.000000
0.642003 0.064531 0.000000
0.147078 0.087743 0.000000
0.927515 -0.011855 0.000000
0.166871 0.090701 0.000000
0.866232 -0.020973 0.000000
0.736459 0.050007 0.000000
0.494218 0.083192 0.000000
0.889079 -0.017665 0.000000
0.299843 0.096563 0.000000
0.048719 -0.037236 0.000000
0.176552 -0.058304 0.000000
0.868506 -0.020648 0.000000
0.910404 -0.014480 0.000000
0.900972 -0.015900 0.000000
0.012425 -0.019428 0.000000
0.631074 0.066093 0.000000
0.293121 0.096689 0.000000
0.556180 -0.055716 0.000000
0.913021 -0.014083 0.000000
0.059397 -0.040351 0.000000
0.870265 -0.020397 0.000000
0.349819 -0.065322 0.000000
0.521931 0.080132 0.000000
0.043504 0.055226 0.000000
0.624668 0.066995 0.000000
0.902030 -0.015742 0.000000
0.387694 -0.064755 0.000000
0.768433 0.044689 0.000000
0.507886 0.081712 0.000000
0.030807 -0.030487 0.000000
0.315707 0.096150 0.000000
0.937906 -0.010230 0.000000
0.139467 -0.054475 0.000000
0.753481 0.047201 0.000000
0.309630 -0.065146 0.000000
0.011228 0.031161 0.000000
0.241681 -0.062850 0.000000
0.025039 -0.027678 0.000000
0.352761 -0.065304 0.000000
0.223358 0.095699 0.000000
0.579164 0.073137 0.000000
0.646741 0.063847 0.000000
0.499192 0.082659 0.000000
0.174583 0.091665 0.000000
0.414889 -0.063963 0.000000
0.986413 0.002953 0.000000
0.586296 -0.053227 0.000000
0.834957 -0.025333 0.000000
0.075252 -0.044190 0.000000
0.717965 -0.039975 0.000000
0.757187 -0.035356 0.000000
0.041471 -0.034785 0.000000
0.678503 0.059134 0.000000
0.011345 0.031292 0.000000
0.727061 0.051532 0.000000
0.369293 -0.065113 0.000000
0.769412 0.044523 0.000000
0.334496 -0.065356 0.000000
0.224391 -0.061875 0.000000
0.661647 -0.046085 0.000000
0.376644 0.093268 0.000000
0.769512 0.044506 0.000000
0.464702 0.086191 0.000000
0.751650 -0.036026 0.000000
0.197651 0.093987 0.000000
0.691046 -0.042974 0.000000
0.527928 -0.057844 0.000000
0.574349 -0.054241 0.000000
0.713858 0.053645 0.000000
0.154074 -0.056115 0.000000
0.654405 -0.046824 0.000000
0.881015 -0.018845 0.000000
0.998328 -0.000288 0.000000
0.894298 0.021814 0.000000
0.216246 -0.061362 0.000000
0.295476 -0.064872 0.000000
0.646476 -0.047621 0.000000
0.568412 0.074516 0.000000
0.113185 0.080807 0.000000
0.295195 0.096654 0.000000
0.283564 0.096808 0.000000
0.072138 -0.043496 0.000000
0.257656 -0.063609 0.000000
0.041470 -0.034785 0.000000
0.759332 -0.035095 0.000000
0.044094 0.055546 0.000000
0.132826 -0.053665 0.000000
0.500679 -0.059687 0.000000
0.141753 0.086821 0.000000
0.861838 0.028017 0.000000
0.476409 -0.061144 0.000000
0.283659 -0.064559 0.000000
0.863804 -0.021318 0.000000
0.873529 0.025808 0.000000
0.134308 0.085431 0.000000
0.846657 -0.023724 0.000000
0.715582 0.053371 0.000000
0.797807 -0.030264 0.000000
0.914943 0.017754 0.000000
0.692433 -0.042823 0.000000
0.624434 -0.049767 0.000000
0.019493 -0.024506 0.000000
0.321172 0.095971 0.000000
0.950405 -0.008243 0.000000
0.743361 -0.037018 0.000000
0.567258 0.074663 0.000000
0.298219 0.096595 0.000000
0.936476 -0.010455 0.000000
0.157017 0.089319 0.000000
0.263922 0.096829 0.000000
0.919251 -0.013131 0.000000
0.904007 0.019916 0.000000
0.000741 -0.002974 0.000000
0.760120 0.046091 0.000000
0.915611 -0.013688 0.000000
0.640371 -0.048226 0.000000
0.759468 -0.035078 0.000000
0.817864 0.036079 0.000000
0.884246 0.023759 0.000000
0.911869 0.018364 0.000000
0.201277 -0.060318 0.000000
0.382721 0.092881 0.000000
0.143659 0.087157 0.000000
0.462920 0.086362 0.000000
0.518439 0.080530 0.000000
0.481974 -0.060826 0.000000
0.334333 0.095473 0.000000
0.526797 0.079571 0.000000
0.271775 -0.064168 0.000000
0.932718 -0.011044 0.000000
0.530439 -0.057662 0.000000
0.090823 -0.047307 0.000000
0.946600 -0.008851 0.000000
0.698174 -0.042194 0.000000
0.825247 0.034752 0.000000
0.964501 0.007619 0.000000
0.411836 -0.064067 0.000000
0.838033 -0.024912 0.000000
0.525233 0.079752 0.000000
0.976912 -0.003910 0.000000
0.414438 0.090604 0.000000
0.867349 0.026979 0.000000
0.050388 -0.037757 0.000000
0.044224 0.055616 0.000000
0.568142 0.074550 0.000000
0.373731 -0.065041 0.000000
0.966676 -0.005603 0.000000
0.414154 0.090626 0.000000
0.728395 -0.038776 0.000000
0.708055 0.054563 0.000000
0.451151 -0.062462 0.000000
0.327899 -0.065333 0.000000
0.979302 0.004480 0.000000
0.781891 0.042392 0.000000
0.744554 0.048679 0.000000
0.472457 0.085430 0.000000
0.323934 0.095873 0.000000
0.174228 0.091624 0.000000
0.762106 0.045757 0.000000
0.137953 -0.054295 0.000000
0.002718 -0.007788 0.000000
0.654865 -0.046778 0.000000
0.837085 -0.025042 0.000000
0.070937 -0.043222 0.000000
0.012743 -0.019690 0.000000
0.083152 0.072150 0.000000
0.753050 -0.035857 0.000000
0.120876 0.082617 0.000000
0.812374 -0.028362 0.000000
0.462287 0.086423 0.000000
0.862444 0.027903 0.000000
0.094047 0.075613 0.000000
0.127980 -0.053046 0.000000
0.622364 -0.049963 0.000000
0.007080 -0.014190 0.000000
0.162781 -0.057007 0.000000
0.633371 0.065766 0.000000
0.601021 -0.051930 0.000000
0.000030 0.010634 0.000000
0.216430 0.095320 0.000000
0.294094 -0.064838 0.000000
0.731531 0.050809 0.000000
0.836054 0.032791 0.000000
0.916325 -0.013579 0.000000
0.440561 -0.062950 0.000000
0.881941 -0.018710 0.000000
0.261344 0.096804 0.000000
0.384392 -0.064832 0.000000
0.388334 0.092510 0.000000
0.037091 -0.033135 0.000000
0.712290 -0.040619 0.000000
0.053598 -0.038724 0.000000
0.052499 0.059818 0.000000
0.010903 -0.018103 0.000000
0.915674 0.017608 0.000000
0.831153 0.033683 0.000000
0.207780 0.094764 0.000000
0.446861 -0.062664 0.000000
0.012628 0.032682 0.000000
0.246424 0.096549 0.000000
0.340050 0.095226 0.000000
0.999928 0.000016 0.000000
0.070259 -0.043064 0.000000
0.395893 -0.064548 0.000000
0.151431 0.088456 0.000000
0.754818 -0.035643 0.000000
0.329893 0.095652 0.000000
0.009813 -0.017083 0.000000
0.644922 0.064110 0.000000
0.133366 0.085248 0.000000
0.839668 0.032130 0.000000
0.902526 0.020207 0.000000
0.384895 -0.064821 0.000000
0.737080 0.049905 0.000000
0.000790 -0.003131 0.000000
0.461217 -0.061962 0.000000
0.623079 0.067218 0.000000
0.006046 -0.012927 0.000000
0.368807 -0.065120 0.000000
0.013274 0.033355 0.000000
-0.000152 0.000863 0.000000
0.751383 0.047549 0.000000
0.655971 -0.046665 0.000000
0.063570 0.064785 0.000000
0.148185 -0.055475 0.000000
0.370172 0.093661 0.000000
0.919308 0.016883 0.000000
0.959094 0.008752 0.000000
0.858585 -0.022057 0.000000
0.167416 -0.057459 0.000000
0.484099 -0.060702 0.000000
0.634002 -0.048849 0.000000
0.484350 0.084225 0.000000
0.105261 0.078782 0.000000
0.142996 -0.054888 0.000000
0.891683 -0.017281 0.000000
0.048575 -0.037190 0.000000
0.418534 -0.063834 0.000000
0.292689 -0.064803 0.000000
0.410077 0.090941 0.000000
0.997413 0.000566 0.000000
0.517563 -0.058570 0.000000
0.554882 -0.055819 0.000000
0.454027 0.087205 0.000000
0.325525 -0.065321 0.000000
0.290206 -0.064742 0.000000
0.031645 0.048169 0.000000
0.000340 -0.001539 0.000000
0.846936 0.030793 0.000000
0.343763 -0.065350 0.000000
0.264278 -0.063884 0.000000
0.343358 0.095078 0.000000
0.500285 -0.059712 0.000000
0.061423 -0.040888 0.000000
0.241209 -0.062826 0.000000
0.584863 0.072395 0.000000
0.277928 -0.064379 0.000000
0.820570 0.035594 0.000000
0.483341 0.084329 0.000000
0.730031 0.051052 0.000000
0.021355 -0.025634 0.000000
-0.000492 0.004669 0.000000
0.275018 0.096856 0.000000
0.708624 -0.041032 0.000000
0.073392 -0.043779 0.000000
0.184691 0.092783 0.000000
0.842040 -0.024362 0.000000
0.039673 0.053089 0.000000
0.950570 -0.008216 0.000000
0.435615 0.088858 0.000000
0.008842 0.028343 0.000000
0.599384 -0.052077 0.000000
0.539860 0.078034 0.000000
0.828200 0.034219 0.000000
0.217405 0.095379 0.000000
0.426174 0.089658 0.000000
0.726069 0.051692 0.000000
0.940767 -0.009778 0.000000
0.164248 0.090351 0.000000
0.694113 -0.042640 0.000000
0.732717 -0.038272 0.000000
0.852066 0.029842 0.000000
0.584158 0.072487 0.000000
0.440405 0.088439 0.000000
0.963181 -0.006175 0.000000
0.764132 -0.034508 0.000000
0.163216 0.090212 0.000000
0.247398 -0.063138 0.000000
0.244503 -0.062994 0.000000
0.740456 -0.037362 0.000000
0.257409 -0.063598 0.000000
0.518033 -0.058537 0.000000
0.253866 0.096703 0.000000
0.479174 0.084755 0.000000
0.242277 -0.062880 0.000000
0.769497 0.044509 0.000000
0.009967 0.029711 0.000000
0.097291 -0.048457 0.000000
0.089080 0.074085 0.000000
0.504420 -0.059446 0.000000
0.547931 0.077062 0.000000
0.883553 -0.018475 0.000000
0.178594 -0.058485 0.000000
0.140152 -0.054556 0.000000
0.013890 0.033983 0.000000
0.077583 -0.044692 0.000000
0.194672 0.093736 0.000000
0.487332 0.083917 0.000000
0.800250 -0.029948 0.000000
0.039919 0.053231 0.000000
0.521334 0.080200 0.000000
0.478339 0.084840 0.000000
0.484871 0.084172 0.000000
0.238383 -0.062677 0.000000
0.809284 0.037608 0.000000
0.641064 -0.048158 0.000000
0.420067 -0.063778 0.000000
0.101241 0.077691 0.000000
0.491685 -0.060248 0.000000
0.475330 0.085144 0.000000
0.770451 -0.033728 0.000000
0.327767 -0.065332 0.000000
0.145981 -0.055230 0.000000
0.334510 -0.065356 0.000000
0.993602 0.001396 0.000000
0.012906 0.032973 0.000000
0.561142 0.075432 0.000000
0.919489 -0.013094 0.000000
0.983312 0.003621 0.000000
0.178754 -0.058499 0.000000
0.404230 0.091382 0.000000
0.503269 0.082218 0.000000
0.502799 -0.059551 0.000000
0.896749 -0.016530 0.000000
0.932853 0.014156 0.000000
0.845289 0.031096 0.000000
0.688020 -0.043302 0.000000
0.703638 0.055258 0.000000
0.217983 0.095413 0.000000
0.220429 0.095543 0.000000
0.716328 -0.040162 0.000000
0.264817 -0.063906 0.000000
0.865977 0.027238 0.000000
0.984200 -0.002690 0.000000
0.917345 -0.013423 0.000000
0.770443 0.044348 0.000000
0.744782 -0.036849 0.000000
0.783859 0.042053 0.000000
0.022763 0.041819 0.000000
0.571839 -0.054450 0.000000
0.960600 0.008437 0.000000
0.075613 0.069503 0.000000
0.051037 0.059110 0.000000
0.928396 0.015058 0.000000
0.376477 0.093278 0.000000
0.585266 0.072342 0.000000
0.663685 -0.045875 0.000000
0.742796 0.048968 0.000000
0.250542 -0.063287 0.000000
0.558767 0.075728 0.000000
0.828637 -0.026190 0.000000
0.589437 -0.052954 0.000000
0.999348 0.000143 0.000000
0.158183 -0.056543 0.000000
0.029538 -0.029904 0.000000
0.990080 -0.001696 0.000000
0.786771 -0.031679 0.000000
0.374914 0.093376 0.000000
0.846468 -0.023750 0.000000
0.514506 -0.058777 0.000000
0.011797 0.031790 0.000000
0.795624 -0.030546 0.000000
0.817269 0.036186 0.000000
0.604452 -0.051621 0.000000
0.840512 -0.024572 0.000000
0.751661 0.047503 0.000000
0.074443 0.069071 0.000000
0.795443 0.040043 0.000000
0.048513 -0.037170 0.000000
0.548729 0.076965 0.000000
0.344288 0.095034 0.000000
0.813948 0.036779 0.000000
0.659614 0.061963 0.000000
0.951789 0.010272 0.000000
0.884631 -0.018317 0.000000
0.069868 0.067332 0.000000
0.970970 0.006253 0.000000
0.933006 0.014124 0.000000
0.912636 0.018212 0.000000
0.846789 0.030820 0.000000
0.373141 0.093483 0.000000
0.139968 -0.054534 0.000000
0.562857 -0.055184 0.000000
0.814642 0.036655 0.000000
0.957824 0.009017 0.000000
0.870492 0.026385 0.000000
0.399431 -0.064450 0.000000
0.698633 0.056040 0.000000
0.634092 0.065664 0.000000
0.895236 0.021632 0.000000
0.123898 0.083285 0.000000
0.587112 -0.053156 0.000000
0.614060 -0.050741 0.000000
0.080600 0.071278 0.000000
0.781195 -0.032384 0.000000
0.892064 -0.017225 0.000000
0.963167 0.007899 0.000000
0.015183 0.035257 0.000000
0.010886 -0.018088 0.000000
0.761174 -0.034870 0.000000
0.295799 0.096642 0.000000
0.718319 -0.039935 0.000000
0.617645 -0.050407 0.000000
0.813925 -0.028157 0.000000
0.888674 -0.017724 0.000000
0.797081 0.039757 0.000000
0.030218 0.047223 0.000000
0.297039 -0.064909 0.000000
0.435213 0.088893 0.000000
0.821607 -0.027135 0.000000
0.446368 0.087907 0.000000
0.726287 -0.039020 0.000000
0.548319 -0.056329 0.000000
0.448569 0.087707 0.000000
0.269833 0.096856 0.000000
0.932267 -0.011114 0.000000
0.476915 0.084984 0.000000
0.901389 -0.015838 0.000000
0.767932 0.044774 0.000000
0.152584 0.088640 0.000000
0.702689 0.055407 0.000000
0.618838 -0.050295 0.000000
0.914809 -0.013810 0.000000
0.895855 -0.016663 0.000000
0.446972 -0.062659 0.000000
0.110740 -0.050625 0.000000
0.723442 -0.039348 0.000000
0.778923 0.042902 0.000000
0.022178 0.041359 0.000000
0.206390 0.094668 0.000000
0.225263 -0.061929 0.000000
0.295564 -0.064874 0.000000
0.659062 0.062044 0.000000
0.298373 0.096592 0.000000
0.834886 -0.025342 0.000000
0.806974 0.038017 0.000000
0.475346 -0.061204 0.000000
0.058433 -0.040090 0.000000
0.787566 0.041413 0.000000
0.537030 -0.057181 0.000000
0.280770 0.096833 0.000000
0.866091 0.027217 0.000000
0.113484 0.080881 0.000000
0.618113 0.067909 0.000000
0.212301 -0.061098 0.000000
0.278387 0.096846 0.000000
0.493730 -0.060122 0.000000
0.726043 -0.039048 0.000000
0.502766 0.082273 0.000000
0.371719 0.093568 0.000000
0.487370 -0.060508 0.000000
0.692044 -0.042865 0.000000
0.626902 -0.049532 0.000000
0.428430 0.089469 0.000000
0.213551 -0.061183 0.000000
0.358578 -0.065253 0.000000
0.408928 0.091029 0.000000
0.438036 0.088647 0.000000
0.524314 0.079858 0.000000
0.256303 0.096744 0.000000
0.754854 0.046972 0.000000
0.993334 -0.001142 0.000000
0.815282 0.036541 0.000000
0.243344 -0.062935 0.000000
0.779712 0.042766 0.000000
0.601398 0.070196 0.000000
0.046246 -0.036435 0.000000
0.488200 -0.060458 0.000000
0.638214 -0.048438 0.000000
0.988387 0.002527 0.000000
0.156583 -0.056377 0.000000
0.845231 -0.023922 0.000000
0.055066 -0.039150 0.000000
0.310822 0.096292 0.000000
0.086875 -0.046566 0.000000
0.791144 0.040792 0.000000
0.840429 -0.024584 0.000000
0.295749 -0.064879 0.000000
0.290058 0.096733 0.000000
0.891094 0.022437 0.000000
0.389047 -0.064723 0.000000
0.582939 -0.053515 0.000000
0.216262 0.095310 0.000000
0.247821 0.096582 0.000000
0.164909 0.090439 0.000000
0.892229 -0.017200 0.000000
0.820150 -0.027330 0.000000
0.491041 0.083528 0.000000
0.637891 0.065122 0.000000
0.754297 0.047064 0.000000
0.782268 0.042327 0.000000
0.516092 0.080795 0.000000
0.374172 -0.065033 0.000000
0.466576 -0.061682 0.000000
0.411340 -0.064083 0.000000
0.243412 0.096475 0.000000
0.250077 0.096636 0.000000
0.427704 -0.063488 0.000000
0.220328 0.095537 0.000000
0.953908 -0.007679 0.000000
0.756887 0.046632 0.000000
0.864877 -0.021166 0.000000
0.243889 0.096489 0.000000
0.087801 0.073675 0.000000
0.016235 0.036254 0.000000
0.784816 -0.031927 0.000000
0.120934 -0.052100 0.000000
0.114130 -0.051130 0.000000
0.515092 -0.058738 0.000000
0.634986 -0.048753 0.000000
0.318395 0.096062 0.000000
0.096587 -0.048335 0.000000
0.787037 0.041504 0.000000
0.362723 0.094091 0.000000
0.416255 0.090461 0.000000
0.565928 -0.054935 0.000000
0.081589 -0.045524 0.000000
0.763480 0.045526 0.000000
0.024512 0.043164 0.000000
0.205616 -0.060634 0.000000
0.168900 -0.057600 0.000000
0.677767 -0.044401 0.000000
0.243069 0.096465 0.000000
0.981694 -0.003111 0.000000
0.666471 0.060944 0.000000
0.110249 0.080078 0.000000
0.117307 0.081796 0.000000
0.467683 0.085900 0.000000
0.071372 -0.043323 0.000000
0.644289 0.064202 0.000000
0.998847 -0.000198 0.000000
0.044022 -0.035684 0.000000
0.896999 0.021289 0.000000
0.958802 -0.006888 0.000000
0.185296 -0.059060 0.000000
0.497746 0.082816 0.000000
0.441629 0.088332 0.000000
0.518099 -0.058533 0.000000
0.308952 0.096346 0.000000
0.504443 0.082089 0.000000
0.063257 -0.041362 0.000000
0.979809 -0.003427 0.000000
0.175145 0.091731 0.000000
0.547362 -0.056403 0.000000
0.060992 -0.040776 0.000000
0.510768 -0.059029 0.000000
0.395136 0.092041 0.000000
0.192348 0.093524 0.000000
0.882962 0.024006 0.000000
0.328501 0.095706 0.000000
0.569684 -0.054627 0.000000
0.420766 0.090100 0.000000
0.312943 0.096231 0.000000
0.597247 -0.052267 0.000000
0.473143 -0.061326 0.000000
0.122746 0.083031 0.000000
0.736109 0.050064 0.000000
0.627696 -0.049456 0.000000
0.001011 0.014416 0.000000
0.277781 -0.064374 0.000000
0.001000 -0.003774 0.000000
0.230749 0.096038 0.000000
0.585069 -0.053333 0.000000
0.979105 0.004522 0.000000
0.069684 -0.042930 0.000000
0.591008 -0.052817 0.000000
0.583673 0.072550 0.000000
0.831912 -0.025747 0.000000
0.300023 -0.064970 0.000000
0.102649 -0.049354 0.000000
0.583124 0.072622 0.000000
0.943901 -0.009281 0.000000
0.615900 -0.050570 0.000000
0.776853 -0.032930 0.000000
0.381781 0.092943 0.000000
0.406739 0.091197 0.000000
0.029816 0.046952 0.000000
0.238676 0.096329 0.000000
0.827904 -0.026289 0.000000
0.701899 -0.041782 0.000000
0.714244 0.053584 0.000000
0.040001 -0.034247 0.000000
0.820706 0.035570 0.000000
0.116267 -0.051442 0.000000
0.442443 0.088260 0.000000
0.791383 0.040751 0.000000
0.423977 -0.063632 0.000000
0.128205 0.084204 0.000000
0.969725 -0.005101 0.000000
0.417429 0.090368 0.000000
0.632792 0.065849 0.000000
0.273389 0.096861 0.000000
0.749017 0.047942 0.000000
0.889559 -0.017594 0.000000
0.451502 -0.062445 0.000000
0.963531 0.007822 0.000000
0.656816 0.062375 0.000000
0.284875 -0.064594 0.000000
0.749682 0.047832 0.000000
0.350341 0.094743 0.000000
0.070898 0.067733 0.000000
0.462408 -0.061901 0.000000
0.600432 -0.051983 0.000000
0.913242 -0.014049 0.000000
0.897778 -0.016377 0.000000
0.935553 -0.010600 0.000000
0.980030 -0.003390 0.000000
0.672887 0.059983 0.000000
0.923915 0.015960 0.000000
0.713750 -0.040454 0.000000
0.689334 -0.043160 0.000000
0.291206 0.096717 0.000000
0.026955 -0.028659 0.000000
0.040614 -0.034475 0.000000
0.844473 0.031247 0.000000
0.203528 0.094455 0.000000
0.673444 -0.044858 0.000000
0.579717 -0.053789 0.000000
0.690982 0.057225 0.000000
0.485295 -0.060632 0.000000
0.671612 -0.045050 0.000000
0.618636 0.067837 0.000000
0.596746 0.070821 0.000000
0.046021 0.056570 0.000000
0.091402 -0.047414 0.000000
0.187305 0.093046 0.000000
0.402799 -0.064353 0.000000
0.031292 -0.030705 0.000000
0.037126 -0.033149 0.000000
0.036984 -0.033093 0.000000
0.571846 -0.054450 0.000000
0.522396 -0.058235 0.000000
0.870489 0.026386 0.000000
0.440364 -0.062959 0.000000
0.410956 0.090874 0.000000
0.532441 -0.057518 0.000000
0.198854 0.094089 0.000000
0.445302 0.088002 0.000000
0.752244 -0.035954 0.000000
0.054485 0.060761 0.000000
0.325548 -0.065321 0.000000
0.124921 -0.052642 0.000000
0.912125 -0.014219 0.000000
0.271011 0.096860 0.000000
0.134266 0.085423 0.000000
0.075801 0.069573 0.000000
0.326398 0.095783 0.000000
0.765118 -0.034387 0.000000
0.757858 -0.035274 0.000000
0.796063 -0.030489 0.000000
0.617664 -0.050405 0.000000
0.031029 0.047765 0.000000
0.466572 0.086009 0.000000
0.811490 -0.028478 0.000000
0.474048 -0.061277 0.000000
0.484568 0.084203 0.000000
0.598115 -0.052190 0.000000
0.719554 -0.039794 0.000000
0.341684 0.095155 0.000000
0.026413 0.044568 0.000000
0.937775 0.013154 0.000000
0.957919 -0.007031 0.000000
0.095638 -0.048169 0.000000
0.987686 0.002678 0.000000
0.375259 -0.065013 0.000000
0.188924 0.093208 0.000000
0.286522 0.096782 0.000000
0.992485 0.001639 0.000000
0.004122 0.021412 0.000000
0.735384 -0.037960 0.000000
0.551949 0.076571 0.000000
0.642294 -0.048037 0.000000
0.505874 -0.059352 0.000000
0.617381 -0.050432 0.000000
0.336806 -0.065359 0.000000
0.805931 0.038201 0.000000
0.138954 0.086311 0.000000
0.736075 0.050069 0.000000
0.806062 -0.029191 0.000000
0.230790 0.096040 0.000000
0.642782 0.064419 0.000000
0.320806 0.095983 0.000000
0.432865 0.089094 0.000000
0.701575 -0.041818 0.000000
0.998281 0.000376 0.000000
0.883170 0.023966 0.000000
0.644390 -0.047829 0.000000
0.540792 -0.056901 0.000000
0.116070 0.081502 0.000000
0.699706 0.055873 0.000000
0.185031 0.092818 0.000000
0.564418 0.075021 0.000000
0.027712 0.045498 0.000000
0.093801 -0.047846 0.000000
0.820990 0.035519 0.000000
0.916194 0.017505 0.000000
0.004028 -0.010069 0.000000
0.405154 0.091314 0.000000
0.809669 0.037540 0.000000
0.237440 0.096291 0.000000
0.269159 0.096854 0.000000
0.010481 0.030313 0.000000
0.797000 0.039771 0.000000
0.699931 -0.042000 0.000000
0.761674 0.045830 0.000000
0.450212 0.087556 0.000000
0.180941 -0.058690 0.000000
0.669499 0.060491 0.000000
0.764336 0.045382 0.000000
0.229097 -0.062157 0.000000
0.336902 -0.065359 0.000000
0.674809 0.059693 0.000000
0.357799 -0.065260 0.000000
0.801512 0.038980 0.000000
0.120531 0.082538 0.000000
0.971187 -0.004860 0.000000
0.119315 -0.051876 0.000000
0.699137 -0.042087 0.000000
0.548473 -0.056318 0.000000
0.466725 -0.061674 0.000000
0.066218 -0.042100 0.000000
0.120787 0.082596 0.000000
0.503380 -0.059513 0.000000
0.405964 -0.064256 0.000000
0.997228 -0.000476 0.000000
0.537306 0.078339 0.000000
0.826252 0.034571 0.000000
0.640134 0.064801 0.000000
0.223094 0.095685 0.000000
0.812667 -0.028323 0.000000
0.321173 0.095971 0.000000
0.797279 0.039722 0.000000
0.226620 -0.062012 0.000000
0.999640 -0.000062 0.000000
0.020245 -0.024970 0.000000
0.610556 -0.051064 0.000000
0.624714 -0.049741 0.000000
0.051817 0.059488 0.000000
0.644109 -0.047857 0.000000
0.351329 -0.065314 0.000000
0.788308 0.041284 0.000000
0.920368 -0.012959 0.000000
0.334119 0.095481 0.000000
0.609333 -0.051176 0.000000
0.566601 0.074746 0.000000
0.799201 -0.030084 0.000000
0.369125 0.093724 0.000000
0.597449 -0.052249 0.000000
0.219729 0.095506 0.000000
0.542958 -0.056738 0.000000
0.211616 -0.061052 0.000000
0.007437 0.026511 0.000000
0.470584 0.085616 0.000000
0.514123 -0.058803 0.000000
0.052858 0.059991 0.000000
0.762049 -0.034763 0.000000
0.126608 -0.052867 0.000000
0.938682 -0.010107 0.000000
0.750182 -0.036203 0.000000
0.461123 -0.061967 0.000000
0.347917 0.094862 0.000000
0.695584 0.056514 0.000000
0.765566 0.045174 0.000000
0.423982 -0.063632 0.000000
0.705401 -0.041392 0.000000
0.874017 -0.019858 0.000000
0.988664 0.002467 0.000000
0.624814 -0.049732 0.000000
0.359686 -0.065240 0.000000
0.687088 0.057824 0.000000
0.110230 0.080074 0.000000
0.104183 0.078496 0.000000
0.938658 -0.010111 0.000000
0.243171 -0.062926 0.000000
0.490682 0.083566 0.000000
0.979875 -0.003416 0.000000
0.541496 -0.056848 0.000000
0.246514 -0.063096 0.000000
0.798819 -0.030133 0.000000
0.087987 -0.046778 0.000000
0.374497 0.093401 0.000000
0.710397 -0.040833 0.000000
0.431391 0.089220 0.000000
0.075438 -0.044230 0.000000
0.633489 0.065750 0.000000
0.612615 0.068669 0.000000
0.671451 -0.045067 0.000000
0.168717 0.090943 0.000000
0.787847 -0.031542 0.000000
0.306196 0.096416 0.000000
-0.000020 0.000105 0.000000
0.275973 -0.064316 0.000000
0.567735 -0.054788 0.000000
0.637391 -0.048519 0.000000
0.987873 0.002638 0.000000
0.834319 -0.025419 0.000000
0.712037 0.053934 0.000000
0.312675 0.096239 0.000000
0.760959 0.045950 0.000000
0.819521 -0.027414 0.000000
0.766458 0.045023 0.000000
0.302226 0.096512 0.000000
0.949400 0.010767 0.000000
0.518590 -0.058499 0.000000
0.467627 0.085906 0.000000
0.706949 0.054738 0.000000
0.550822 0.076709 0.000000
0.933833 0.013957 0.000000
0.863102 -0.021418 0.000000
0.771439 -0.033605 0.000000
0.719585 0.052733 0.000000
0.710607 -0.040809 0.000000
0.259929 0.096790 0.000000
0.461508 -0.061947 0.000000
0.051201 0.059189 0.000000
0.961208 -0.006497 0.000000
0.733484 0.050491 0.000000
0.473071 0.085369 0.000000
0.075253 0.069370 0.000000
0.718245 -0.039943 0.000000
0.953100 -0.007810 0.000000
0.913423 0.018056 0.000000
0.290836 -0.064758 0.000000
0.880695 -0.018891 0.000000
0.681490 -0.044004 0.000000
0.224647 0.095762 0.000000
0.348754 -0.065328 0.000000
0.661521 0.061680 0.000000
0.593182 -0.052627 0.000000
0.884091 -0.018396 0.000000
0.136829 -0.054159 0.000000
0.481251 0.084545 0.000000
0.223347 -0.061812 0.000000
0.295338 -0.064869 0.000000
0.167112 -0.057430 0.000000
0.179130 -0.058532 0.000000
0.566891 0.074709 0.000000
0.838889 -0.024795 0.000000
0.949712 0.010702 0.000000
0.109275 -0.050403 0.000000
0.058481 0.062586 0.000000
0.800705 0.039122 0.000000
0.068808 -0.042725 0.000000
0.649142 -0.047355 0.000000
0.217833 0.095405 0.000000
0.922348 0.016275 0.000000
0.395806 0.091993 0.000000
0.112521 -0.050894 0.000000
0.275238 0.096856 0.000000
0.669698 -0.045250 0.000000
0.135124 0.085589 0.000000
0.244751 -0.063006 0.000000
0.087785 -0.046740 0.000000
0.558456 0.075767 0.000000
0.093043 -0.047709 0.000000
0.927552 0.015228 0.000000
0.767096 -0.034143 0.000000
0.997070 -0.000504 0.000000
0.279348 0.096844 0.000000
0.033906 -0.031840 0.000000
0.428910 0.089429 0.000000
0.778689 -0.032700 0.000000
0.046458 0.056797 0.000000
0.431662 -0.063328 0.000000
0.775407 0.043503 0.000000
0.247258 -0.063131 0.000000
0.323696 -0.065307 0.000000
0.377696 0.093202 0.000000
0.442046 0.088295 0.000000
0.121283 -0.052148 0.000000
0.332781 -0.065353 0.000000
0.081664 -0.045539 0.000000
0.365508 0.093932 0.000000
0.280025 -0.064447 0.000000
0.754575 0.047018 0.000000
0.643015 0.064386 0.000000
0.890461 -0.017461 0.000000
0.298104 -0.064931 0.000000
0.857975 -0.022143 0.000000
0.240389 0.096382 0.000000
0.221709 0.095611 0.000000
0.008365 -0.015618 0.000000
0.152189 0.088577 0.000000
0.520894 0.080250 0.000000
0.949252 -0.008427 0.000000
0.809742 -0.028709 0.000000
0.128124 -0.053064 0.000000
0.326172 -0.065324 0.000000
0.304352 -0.065057 0.000000
0.310659 0.096297 0.000000
0.004951 0.022822 0.000000
0.329276 0.095677 0.000000
-0.000371 0.002583 0.000000
0.512612 0.081186 0.000000
0.880477 -0.018923 0.000000
0.701623 0.055573 0.000000
0.353675 -0.065296 0.000000
0.722505 0.052265 0.000000
0.430972 0.089256 0.000000
0.775532 -0.033095 0.000000
0.762062 -0.034762 0.000000
0.058062 0.062398 0.000000
0.414238 0.090620 0.000000
0.894719 -0.016832 0.000000
0.192098 -0.059616 0.000000
0.517105 0.080681 0.000000
0.220962 0.095571 0.000000
0.208014 -0.060804 0.000000
0.270098 -0.064107 0.000000
0.805441 -0.029272 0.000000
0.006438 -0.013419 0.000000
0.144062 0.087228 0.000000
0.594862 -0.052479 0.000000
0.703896 -0.041560 0.000000
0.923995 -0.012400 0.000000
0.737564 0.049826 0.000000
0.466049 0.086060 0.000000
0.643684 -0.047899 0.000000
0.758356 -0.035214 0.000000
0.058684 0.062676 0.000000
0.153157 0.088731 0.000000
0.885420 -0.018202 0.000000
0.081356 0.071538 0.000000
0.176300 -0.058281 0.000000
0.663671 0.061361 0.000000
0.895919 -0.016654 0.000000
0.397948 -0.064493 0.000000
0.625989 -0.049619 0.000000
0.012045 -0.019106 0.000000
0.429479 -0.063417 0.000000
0.210153 -0.060953 0.000000
0.051959 0.059557 0.000000
0.216872 -0.061402 0.000000
0.241448 0.096414 0.000000
0.013550 0.033639 0.000000
0.884345 0.023740 0.000000
0.515405 -0.058716 0.000000
0.358689 0.094310 0.000000
0.884114 -0.018393 0.000000
0.774583 -0.033214 0.000000
0.004505 0.022077 0.000000
0.195043 -0.059846 0.000000
0.711093 -0.040754 0.000000
0.629993 0.066245 0.000000
0.754374 0.047052 0.000000
0.018621 -0.023953 0.000000
0.186192 -0.059135 0.000000
0.878655 0.024831 0.000000
0.010497 0.030332 0.000000
0.620418 0.067589 0.000000
0.728596 0.051284 0.000000
0.064412 -0.041653 0.000000
0.218455 0.095438 0.000000
0.942717 -0.009469 0.000000
0.435379 -0.063174 0.000000
0.415399 0.090528 0.000000
0.219474 0.095492 0.000000
0.796682 0.039827 0.000000
0.473620 -0.061300 0.000000
0.602446 -0.051802 0.000000
0.759526 0.046190 0.000000
0.817928 -0.027626 0.000000
0.660601 -0.046193 0.000000
0.298940 0.096581 0.000000
0.823946 -0.026822 0.000000
0.353255 -0.065300 0.000000
0.261386 -0.063768 0.000000
0.812319 0.037069 0.000000
0.487220 -0.060517 0.000000
0.479311 -0.060980 0.000000
0.479777 0.084694 0.000000
0.917283 -0.013432 0.000000
0.260293 -0.063724 0.000000
0.339350 0.095257 0.000000
0.556861 0.075965 0.000000
0.952965 0.010028 0.000000
0.753026 -0.035860 0.000000
0.561709 -0.055276 0.000000
0.474956 -0.061226 0.000000
0.786941 -0.031657 0.000000
0.273320 0.096861 0.000000
0.302991 -0.065032 0.000000
0.345220 -0.065347 0.000000
0.645621 -0.047707 0.000000
0.230430 0.096026 0.000000
0.082996 -0.045808 0.000000
0.325116 -0.065318 0.000000
0.885109 -0.018247 0.000000
0.326087 -0.065323 0.000000
0.411226 0.090854 0.000000
0.880157 0.024543 0.000000
0.853627 -0.022753 0.000000
0.965444 -0.005805 0.000000
0.620047 0.067641 0.000000
0.350784 -0.065317 0.000000
0.435387 0.088878 0.000000
0.135172 0.085598 0.000000
0.512212 -0.058933 0.000000
0.390892 -0.064679 0.000000
0.122634 0.083007 0.000000
0.188421 0.093158 0.000000
0.780993 0.042546 0.000000
0.091088 0.074711 0.000000
0.079021 0.070725 0.000000
0.211191 0.094998 0.000000
0.707829 0.054599 0.000000
0.878369 0.024886 0.000000
0.585005 -0.053338 0.000000
0.101667 0.077807 0.000000
0.518294 -0.058519 0.000000
0.316959 0.096109 0.000000
0.056712 -0.039615 0.000000
0.016785 0.036764 0.000000
0.628854 -0.049346 0.000000
0.427736 -0.063487 0.000000
0.373048 0.093488 0.000000
0.484310 -0.060690 0.000000
0.753929 -0.035751 0.000000
0.257772 -0.063614 0.000000
0.298371 0.096592 0.000000
0.367293 0.093830 0.000000
0.448727 -0.062576 0.000000
0.565558 -0.054965 0.000000
0.403585 0.091430 0.000000
0.989205 -0.001845 0.000000
0.645603 -0.047709 0.000000
0.814826 -0.028038 0.000000
0.069164 0.067057 0.000000
0.440336 0.088445 0.000000
0.376196 0.093296 0.000000
0.345393 0.094982 0.000000
0.212577 -0.061117 0.000000
0.665846 -0.045651 0.000000
0.933176 0.014090 0.000000
0.465885 -0.061718 0.000000
0.019159 0.038867 0.000000
0.267378 0.096848 0.000000
0.277461 0.096849 0.000000
0.400943 -0.064407 0.000000
0.068272 -0.042597 0.000000
0.149191 -0.055587 0.000000
0.648480 0.063595 0.000000
0.254374 -0.063465 0.000000
0.904100 0.019898 0.000000
0.345257 -0.065347 0.000000
0.424163 -0.063625 0.000000
0.503708 -0.059492 0.000000
0.162130 -0.056942 0.000000
0.859399 -0.021942 0.000000
0.748869 -0.036360 0.000000
0.264766 0.096838 0.000000
0.609805 0.069054 0.000000
0.454657 0.087146 0.000000
0.878505 -0.019209 0.000000
0.592758 -0.052664 0.000000
0.204374 0.094519 0.000000
0.146632 0.087668 0.000000
0.505430 -0.059380 0.000000
0.690315 -0.043054 0.000000
0.049095 -0.037354 0.000000
0.951325 0.010368 0.000000
0.947275 -0.008743 0.000000
0.070543 0.067595 0.000000
0.724919 -0.039178 0.000000
0.133174 -0.053709 0.000000
0.205278 -0.060610 0.000000
0.157446 -0.056467 0.000000
0.483454 -0.060740 0.000000
0.865655 0.027299 0.000000
0.484639 -0.060670 0.000000
0.279756 0.096842 0.000000
0.727190 0.051511 0.000000
0.655051 0.062634 0.000000
0.254461 0.096713 0.000000
0.319283 -0.065268 0.000000
0.530668 -0.057646 0.000000
0.848128 -0.023520 0.000000
0.008822 -0.016095 0.000000
-0.000385 0.002725 0.000000
0.617731 0.067962 0.000000
0.443113 -0.062835 0.000000
0.574441 0.073746 0.000000
0.502236 -0.059588 0.000000
0.022213 0.041386 0.000000
0.357197 -0.065265 0.000000
0.840960 0.031893 0.000000
0.216610 0.095331 0.000000
0.808177 -0.028914 0.000000
0.438008 0.088650 0.000000
0.817428 -0.027692 0.000000
0.745397 0.048540 0.000000
0.044937 0.055996 0.000000
0.999414 -0.000101 0.000000
0.152023 -0.055894 0.000000
0.138569 -0.054368 0.000000
0.209807 -0.060930 0.000000
0.568533 0.074501 0.000000
0.299777 0.096565 0.000000
0.808666 -0.028850 0.000000
0.309445 -0.065143 0.000000
0.898740 0.020949 0.000000
0.147168 -0.055362 0.000000
0.705736 -0.041355 0.000000
0.342281 -0.065354 0.000000
-0.000144 0.000818 0.000000
0.846617 -0.023730 0.000000
0.403937 -0.064320 0.000000
0.599645 0.070433 0.000000
0.076466 0.069813 0.000000
0.075172 0.069340 0.000000
0.620194 -0.050168 0.000000
0.987971 -0.002053 0.000000
0.992762 0.001579 0.000000
0.036332 0.051119 0.000000
0.538704 -0.057057 0.000000
0.287258 0.096774 0.000000
0.686357 -0.043482 0.000000
0.423481 -0.063651 0.000000
0.483043 0.084360 0.000000
0.281248 0.096829 0.000000
0.173452 0.091533 0.000000
0.794377 0.040229 0.000000
0.483505 -0.060737 0.000000
0.697372 0.056236 0.000000
0.622492 0.067300 0.000000
0.393959 -0.064599 0.000000
0.815103 -0.028001 0.000000
0.827598 -0.026330 0.000000
0.364634 -0.065181 0.000000
0.127337 0.084021 0.000000
0.730716 0.050941 0.000000
0.895986 -0.016644 0.000000
0.676246 -0.044562 0.000000
0.781601 0.042442 0.000000
0.960556 0.008446 0.000000
0.095908 0.076164 0.000000
0.742396 -0.037132 0.000000
0.719181 -0.039836 0.000000
0.886634 0.023299 0.000000
0.961194 -0.006499 0.000000
0.729661 -0.038628 0.000000
0.969636 0.006536 0.000000
0.141010 0.086690 0.000000
0.122062 0.082881 0.000000
0.539640 0.078061 0.000000
0.862977 0.027803 0.000000
0.008472 -0.015731 0.000000
0.753489 0.047199 0.000000
0.804534 0.038448 0.000000
0.531517 0.079021 0.000000
0.024479 0.043139 0.000000
0.970790 0.006292 0.000000
0.114478 -0.051181 0.000000
0.059806 0.063171 0.000000
0.534606 -0.057359 0.000000
0.946445 0.011377 0.000000
0.656305 -0.046632 0.000000
0.523336 -0.058169 0.000000
0.059730 -0.040440 0.000000
0.900308 0.020642 0.000000
0.133737 0.085320 0.000000
0.800330 -0.029938 0.000000
0.493228 -0.060153 0.000000
0.199566 0.094149 0.000000
0.925664 0.015608 0.000000
0.110669 0.080186 0.000000
0.565646 -0.054958 0.000000
0.931461 0.014438 0.000000
0.624946 -0.049719 0.000000
0.501994 0.082357 0.000000
0.334968 0.095447 0.000000
0.169397 0.091028 0.000000
0.671366 0.060211 0.000000
0.929176 0.014900 0.000000
0.719752 0.052706 0.000000
0.729609 0.051120 0.000000
0.971883 -0.004745 0.000000
0.921342 -0.012809 0.000000
0.554934 -0.055815 0.000000
0.983971 0.003479 0.000000
0.922559 -0.012622 0.000000
0.335520 0.095425 0.000000
0.012774 -0.019716 0.000000
0.388979 0.092466 0.000000
0.023420 0.042331 0.000000
0.105055 -0.049742 0.000000
0.053767 -0.038773 0.000000
0.281951 -0.064510 0.000000
0.010827 -0.018034 0.000000
0.856968 0.028929 0.000000
0.996615 -0.000582 0.000000
0.238959 0.096337 0.000000
0.166715 0.090680 0.000000
0.120588 -0.052052 0.000000
0.500399 0.082529 0.000000
0.661526 0.061679 0.000000
0.209535 0.094884 0.000000
0.064337 0.065107 0.000000
0.526300 0.079629 0.000000
0.075900 0.069609 0.000000
0.671734 -0.045037 0.000000
0.453985 0.087209 0.000000
0.540322 0.077979 0.000000
0.516131 -0.058667 0.000000
0.917123 -0.013457 0.000000
0.657521 -0.046508 0.000000
0.902669 -0.015646 0.000000
0.175783 -0.058235 0.000000
0.420737 0.090102 0.000000
0.633972 0.065681 0.000000
0.656326 -0.046629 0.000000
0.953175 -0.007797 0.000000
0.177190 -0.058362 0.000000
0.163903 0.090305 0.000000
0.504408 0.082093 0.000000
0.645667 -0.047702 0.000000
0.081962 -0.045599 0.000000
0.959739 -0.006736 0.000000
0.563250 0.075168 0.000000
0.504282 -0.059455 0.000000
0.087523 0.073586 0.000000
0.795561 0.040023 0.000000
0.932272 0.014273 0.000000
0.430257 -0.063385 0.000000
0.877828 -0.019307 0.000000
0.632360 -0.049008 0.000000
0.246902 -0.063114 0.000000
0.821620 -0.027133 0.000000
0.810824 0.037334 0.000000
0.104143 -0.049595 0.000000
0.152401 0.088610 0.000000
0.776454 -0.032980 0.000000
0.547518 0.077112 0.000000
0.311307 0.096278 0.000000
0.307385 0.096387 0.000000
0.848183 -0.023512 0.000000
0.967090 0.007073 0.000000
0.951110 0.010413 0.000000
0.620127 -0.050175 0.000000
0.121179 -0.052133 0.000000
0.473085 0.085367 0.000000
0.062263 0.064234 0.000000
0.268710 0.096852 0.000000
0.325531 0.095815 0.000000
0.757578 0.046517 0.000000
0.513106 0.081131 0.000000
0.151912 0.088533 0.000000
0.341391 -0.065355 0.000000
0.142035 0.086871 0.000000
-0.000370 0.002572 0.000000
0.920792 -0.012894 0.000000
0.703122 0.055339 0.000000
0.581525 -0.053636 0.000000
0.947747 0.011108 0.000000
0.092737 -0.047654 0.000000
0.329194 -0.065339 0.000000
0.735531 -0.037943 0.000000
0.300821 0.096544 0.000000
0.149940 -0.055670 0.000000
0.984858 0.003288 0.000000
0.989521 -0.001791 0.000000
0.835528 0.032887 0.000000
0.817740 -0.027651 0.000000
0.141481 0.086773 0.000000
0.655154 0.062619 0.000000
0.805467 -0.029269 0.000000
0.231790 -0.062312 0.000000
0.235722 -0.062532 0.000000
0.215557 -0.061317 0.000000
0.834036 0.033159 0.000000
0.605591 0.069629 0.000000
0.071033 0.067786 0.000000
0.678010 0.059209 0.000000
0.394627 -0.064582 0.000000
0.993867 0.001339 0.000000
0.448097 -0.062606 0.000000
0.628526 0.066453 0.000000
0.160989 0.089896 0.000000
0.099146 -0.048772 0.000000
0.326616 -0.065326 0.000000
0.117948 0.081946 0.000000
0.959209 0.008728 0.000000
0.080824 0.071357 0.000000
0.676917 -0.044491 0.000000
0.225454 0.095799 0.000000
0.658477 -0.046410 0.000000
0.387428 0.092571 0.000000
0.711519 -0.040706 0.000000
0.595473 -0.052425 0.000000
0.931634 0.014403 0.000000
0.010884 -0.018087 0.000000
0.490586 -0.060315 0.000000
0.829033 -0.026137 0.000000
0.575851 0.073565 0.000000
0.075873 -0.044326 0.000000
0.131153 0.084806 0.000000
0.793212 0.040432 0.000000
0.223967 -0.061850 0.000000
0.103111 0.078204 0.000000
0.979854 -0.003419 0.000000
-0.000441 0.003450 0.000000
0.643447 -0.047922 0.000000
0.782153 -0.032264 0.000000
0.696606 -0.042366 0.000000
0.181394 -0.058729 0.000000
0.962564 0.008025 0.000000
0.981608 0.003986 0.000000
0.899033 -0.016190 0.000000
0.067251 -0.042353 0.000000
0.104002 0.078448 0.000000
0.460063 0.086636 0.000000
0.066483 0.065988 0.000000
0.464345 -0.061800 0.000000
0.405797 0.091267 0.000000
0.475690 -0.061185 0.000000
0.288269 0.096759 0.000000
0.410975 0.090873 0.000000
0.008894 -0.016169 0.000000
0.105783 -0.049858 0.000000
0.569616 -0.054633 0.000000
0.957402 0.009105 0.000000
0.532665 -0.057502 0.000000
0.083034 0.072110 0.000000
0.282532 0.096817 0.000000
0.427275 0.089566 0.000000
0.445956 -0.062707 0.000000
0.143484 -0.054944 0.000000
0.329724 0.095659 0.000000
0.606264 -0.051457 0.000000
0.907251 0.019277 0.000000
0.178492 0.092120 0.000000
0.095757 0.076120 0.000000
0.791802 0.040678 0.000000
0.466833 -0.061668 0.000000
0.719099 0.052811 0.000000
0.161649 -0.056894 0.000000
0.682502 0.058526 0.000000
0.690171 0.057350 0.000000
0.630477 -0.049189 0.000000
0.433793 -0.063241 0.000000
0.674702 -0.044725 0.000000
0.144217 -0.055028 0.000000
0.041579 -0.034824 0.000000
0.812376 0.037059 0.000000
0.364087 0.094013 0.000000
0.636718 0.065290 0.000000
0.076703 -0.044504 0.000000
0.521106 0.080226 0.000000
0.846676 -0.023722 0.000000
0.934579 0.013805 0.000000
0.664117 -0.045830 0.000000
0.972358 0.005959 0.000000
0.739199 -0.037511 0.000000
0.102372 -0.049309 0.000000
0.339804 -0.065359 0.000000
0.432565 -0.063291 0.000000
0.921268 0.016491 0.000000
0.419269 0.090222 0.000000
0.233211 -0.062394 0.000000
0.597798 -0.052218 0.000000
0.180934 -0.058689 0.000000
0.421515 0.090039 0.000000
0.821177 -0.027193 0.000000
0.218327 0.095431 0.000000
0.253209 0.096692 0.000000
0.963926 -0.006053 0.000000
0.130991 -0.053434 0.000000
0.203743 0.094471 0.000000
0.213421 -0.061174 0.000000
0.774349 0.043684 0.000000
0.945215 -0.009072 0.000000
0.328948 -0.065338 0.000000
0.281054 -0.064481 0.000000
0.965267 -0.005834 0.000000
0.070845 0.067712 0.000000
0.714774 0.053500 0.000000
0.527487 -0.057875 0.000000
0.984379 -0.002660 0.000000
0.237175 -0.062611 0.000000
0.331410 0.095591 0.000000
-0.000317 0.008373 0.000000
0.162256 -0.056955 0.000000
0.600725 0.070287 0.000000
0.450219 -0.062506 0.000000
0.580536 0.072960 0.000000
0.922653 -0.012607 0.000000
0.906182 -0.015118 0.000000
0.619577 0.067706 0.000000
0.093734 0.075518 0.000000
0.826760 -0.026444 0.000000
0.703734 0.055243 0.000000
0.281576 0.096826 0.000000
0.675290 -0.044663 0.000000
0.327408 0.095746 0.000000
0.637834 -0.048475 0.000000
0.117895 0.081934 0.000000
0.662422 -0.046005 0.000000
0.384744 0.092748 0.000000
0.301978 0.096518 0.000000
0.119348 0.082267 0.000000
0.500277 -0.059712 0.000000
0.486995 -0.060531 0.000000
0.595409 0.071000 0.000000
0.069473 0.067178 0.000000
0.003088 -0.008476 0.000000
0.887958 -0.017830 0.000000
0.664927 0.061174 0.000000
0.912663 0.018207 0.000000
0.015902 0.035943 0.000000
0.071533 0.067976 0.000000
0.097816 -0.048546 0.000000
0.596088 0.070909 0.000000
-0.000480 0.006185 0.000000
0.214619 -0.061255 0.000000
0.035580 0.050662 0.000000
0.118397 -0.051745 0.000000
0.903773 0.019962 0.000000
0.074644 -0.044056 0.000000
0.205105 -0.060598 0.000000
0.701210 0.055638 0.000000
0.989525 0.002281 0.000000
0.006069 -0.012957 0.000000
0.019229 -0.024341 0.000000
0.825356 -0.026632 0.000000
0.370434 -0.065096 0.000000
0.542823 0.077680 0.000000
0.594630 0.071104 0.000000
0.497956 -0.059859 0.000000
0.865442 -0.021086 0.000000
0.407271 -0.064215 0.000000
0.743794 0.048804 0.000000
0.027764 -0.029057 0.000000
0.353202 -0.065300 0.000000
0.513077 0.081135 0.000000
0.828956 0.034082 0.000000
0.425319 -0.063580 0.000000
0.404266 -0.064309 0.000000
0.714468 0.053548 0.000000
0.962745 0.007988 0.000000
0.477803 0.084894 0.000000
0.502964 0.082251 0.000000
0.386027 0.092664 0.000000
0.399456 0.091733 0.000000
0.636881 0.065266 0.000000
0.243859 0.096488 0.000000
0.710873 -0.040779 0.000000
0.313189 -0.065196 0.000000
0.015541 -0.021851 0.000000
0.944053 0.011869 0.000000
0.284865 0.096797 0.000000
0.433421 0.089046 0.000000
0.383926 -0.064841 0.000000
0.298897 -0.064947 0.000000
0.885994 -0.018118 0.000000
0.352025 -0.065310 0.000000
0.907756 -0.014881 0.000000
0.665995 -0.045636 0.000000
0.053000 -0.038547 0.000000
0.605698 0.069614 0.000000
0.780658 -0.032452 0.000000
0.505963 -0.059346 0.000000
0.774550 0.043649 0.000000
0.826272 -0.026509 0.000000
0.232879 0.096120 0.000000
0.848217 -0.023508 0.000000
0.316849 0.096113 0.000000
0.178872 -0.058509 0.000000
0.428591 0.089456 0.000000
0.840499 0.031978 0.000000
0.633199 0.065791 0.000000
0.505799 -0.059356 0.000000
0.571470 0.074127 0.000000
0.013335 0.033417 0.000000
0.847293 0.030726 0.000000
0.096119 -0.048253 0.000000
0.365465 -0.065171 0.000000
0.534946 -0.057334 0.000000
0.164083 -0.057135 0.000000
0.135076 -0.053944 0.000000
0.925991 0.015542 0.000000
0.429627 -0.063411 0.000000
0.901582 -0.015809 0.000000
0.862917 -0.021444 0.000000
0.292053 0.096705 0.000000
0.101345 -0.049139 0.000000
0.290862 0.096722 0.000000
0.072379 0.068297 0.000000
0.000516 -0.002203 0.000000
0.329264 -0.065339 0.000000
0.901624 0.020384 0.000000
0.276313 0.096853 0.000000
0.225864 0.095818 0.000000
0.512937 -0.058884 0.000000
0.279200 -0.064421 0.000000
0.735531 0.050158 0.000000
0.931633 -0.011213 0.000000
0.746775 -0.036611 0.000000
0.026371 0.044538 0.000000
0.651102 -0.047158 0.000000
0.001501 -0.005128 0.000000
0.548447 0.076999 0.000000
0.024878 -0.027593 0.000000
0.605906 0.069586 0.000000
0.385112 -0.064816 0.000000
0.502461 -0.059573 0.000000
0.491030 0.083529 0.000000
0.302032 -0.065012 0.000000
0.451730 0.087417 0.000000
0.734235 -0.038095 0.000000
0.624285 -0.049782 0.000000
0.572960 -0.054357 0.000000
0.707197 0.054699 0.000000
0.335313 -0.065357 0.000000
0.053482 -0.038690 0.000000
0.259912 -0.063708 0.000000
0.404774 -0.064293 0.000000
0.858130 0.028712 0.000000
0.661424 0.061694 0.000000
0.123425 0.083181 0.000000
0.067991 0.066592 0.000000
0.332473 0.095548 0.000000
0.013053 -0.019945 0.000000
0.237733 -0.062641 0.000000
0.778160 0.043032 0.000000
0.068128 -0.042562 0.000000
0.012319 -0.019338 0.000000
0.828124 -0.026259 0.000000
0.253140 -0.063410 0.000000
0.701353 0.055615 0.000000
0.694862 -0.042558 0.000000
0.440482 -0.062954 0.000000
0.867631 -0.020774 0.000000
0.198311 0.094043 0.000000
0.014306 0.034399 0.000000
0.336422 -0.065358 0.000000
0.058822 -0.040197 0.000000
0.023341 -0.026765 0.000000
0.932729 -0.011042 0.000000
0.326722 0.095771 0.000000
0.994747 -0.000901 0.000000
0.171083 0.091239 0.000000
0.536329 -0.057233 0.000000
0.194006 -0.059766 0.000000
0.482243 0.084443 0.000000
0.969217 0.006624 0.000000
0.329694 0.095660 0.000000
0.712536 0.053855 0.000000
0.510681 -0.059034 0.000000
0.183575 0.092671 0.000000
0.314475 0.096187 0.000000
0.859478 -0.021931 0.000000
0.914807 0.017781 0.000000
0.489968 -0.060352 0.000000
0.881230 -0.018813 0.000000
0.647927 0.063675 0.000000
0.385558 -0.064805 0.000000
0.659262 -0.046330 0.000000
0.966408 -0.005647 0.000000
0.405053 0.091322 0.000000
0.857152 0.028895 0.000000
0.985166 -0.002527 0.000000
0.843983 -0.024094 0.000000
0.076993 0.070002 0.000000
0.137027 0.085955 0.000000
0.122114 -0.052263 0.000000
0.663662 -0.045877 0.000000
0.942011 -0.009581 0.000000
0.937433 -0.010304 0.000000
0.444555 -0.062770 0.000000
0.772942 0.043923 0.000000
0.330770 0.095616 0.000000
0.396384 -0.064535 0.000000
0.948774 0.010896 0.000000
0.745175 0.048577 0.000000
0.000283 0.011814 0.000000
0.668768 0.060601 0.000000
0.595340 0.071009 0.000000
0.210049 -0.060946 0.000000
0.127032 -0.052922 0.000000
0.423227 -0.063661 0.000000
0.803792 -0.029488 0.000000
0.756392 -0.035453 0.000000
0.105203 -0.049765 0.000000
0.386492 0.092633 0.000000
0.268631 -0.064054 0.000000
0.094860 -0.048033 0.000000
0.763256 0.045564 0.000000
0.704806 0.055074 0.000000
0.177401 0.091995 0.000000
0.103081 -0.049425 0.000000
0.783163 -0.032136 0.000000
0.765700 -0.034315 0.000000
0.938196 -0.010184 0.000000
0.497197 -0.059907 0.000000
0.747190 -0.036561 0.000000
0.613719 0.068517 0.000000
0.000602 -0.002509 0.000000
0.718468 0.052911 0.000000
0.858834 -0.022022 0.000000
0.425156 -0.063587 0.000000
0.838070 0.032423 0.000000
0.230906 -0.062261 0.000000
0.726860 -0.038953 0.000000
0.273523 -0.064232 0.000000
0.569166 -0.054670 0.000000
0.298409 0.096591 0.000000
0.391486 -0.064665 0.000000
0.319433 -0.065269 0.000000
0.686957 -0.043417 0.000000
0.864191 0.027575 0.000000
0.440454 -0.062955 0.000000
0.485718 -0.060607 0.000000
0.622349 -0.049965 0.000000
0.694203 0.056728 0.000000
0.937878 -0.010234 0.000000
0.980411 0.004243 0.000000
0.871843 -0.020170 0.000000
0.430237 -0.063386 0.000000
0.511304 -0.058993 0.000000
0.501967 0.082360 0.000000
0.922555 0.016233 0.000000
0.032933 0.049004 0.000000
0.564224 -0.055073 0.000000
0.270239 -0.064112 0.000000
0.603737 0.069880 0.000000
0.035689 0.050729 0.000000
0.383189 -0.064857 0.000000
0.297649 0.096606 0.000000
0.434873 0.088922 0.000000
0.057473 -0.039826 0.000000
0.728459 -0.038768 0.000000
0.402146 -0.064372 0.000000
0.506547 -0.059308 0.000000
0.033003 -0.031455 0.000000
0.936696 0.013374 0.000000
0.156593 0.089255 0.000000
0.661234 -0.046128 0.000000
0.465375 0.086126 0.000000
0.010298 0.030100 0.000000
0.214949 0.095230 0.000000
0.435250 0.088889 0.000000
0.363832 -0.065190 0.000000
0.048435 -0.037146 0.000000
0.670038 0.060411 0.000000
0.586736 -0.053189 0.000000
0.353908 0.094562 0.000000
0.025251 -0.027790 0.000000
0.565629 -0.054959 0.000000
0.074241 0.068996 0.000000
0.741989 -0.037181 0.000000
0.171616 -0.057855 0.000000
0.079914 0.071038 0.000000
0.388503 0.092499 0.000000
0.620838 -0.050108 0.000000
0.446300 -0.062691 0.000000
0.469138 0.085758 0.000000
0.271381 0.096861 0.000000
0.092058 0.075011 0.000000
0.046204 0.056665 0.000000
0.461993 0.086451 0.000000
0.677237 0.059326 0.000000
0.044734 0.055889 0.000000
0.643112 -0.047956 0.000000
0.489426 0.083697 0.000000
0.438323 0.088622 0.000000
0.955657 -0.007397 0.000000
0.759853 0.046136 0.000000
0.846890 0.030801 0.000000
0.023027 -0.026589 0.000000
0.928632 0.015010 0.000000
0.157223 0.089350 0.000000
0.313358 -0.065198 0.000000
0.812411 -0.028357 0.000000
0.143886 -0.054990 0.000000
0.099751 -0.048875 0.000000
0.912082 -0.014225 0.000000
0.125907 -0.052774 0.000000
0.433786 -0.063241 0.000000
0.099223 -0.048785 0.000000
0.214564 -0.061251 0.000000
0.669313 -0.045291 0.000000
0.675647 -0.044625 0.000000
0.960124 0.008537 0.000000
0.640064 0.064811 0.000000
0.178715 -0.058496 0.000000
0.358964 -0.065249 0.000000
0.888332 -0.017775 0.000000
0.606086 -0.051473 0.000000
0.263368 0.096824 0.000000
0.846595 -0.023733 0.000000
0.363279 -0.065197 0.000000
0.124333 -0.052563 0.000000
0.799795 -0.030007 0.000000
0.150237 0.088266 0.000000
0.390177 0.092384 0.000000
0.052919 0.060020 0.000000
0.775926 0.043414 0.000000
0.267359 -0.064008 0.000000
0.003507 -0.009213 0.000000
0.487589 0.083890 0.000000
0.920795 0.016586 0.000000
0.110872 -0.050645 0.000000
0.172140 0.091372 0.000000
0.052370 0.059756 0.000000
0.241982 -0.062865 0.000000
0.679925 -0.044172 0.000000
0.095664 -0.048173 0.000000
0.966365 0.007226 0.000000
0.684843 -0.043645 0.000000
0.153377 0.088766 0.000000
0.483720 0.084290 0.000000
0.210967 0.094982 0.000000
0.012364 0.032402 0.000000
0.204502 -0.060555 0.000000
0.706804 -0.041236 0.000000
0.093658 0.075495 0.000000
0.446651 0.087881 0.000000
0.006135 0.024664 0.000000
0.991489 -0.001457 0.000000
0.640728 0.064715 0.000000
0.388987 -0.064724 0.000000
0.258431 0.096775 0.000000
0.736678 -0.037808 0.000000
0.027229 0.045154 0.000000
0.988408 0.002522 0.000000
0.490315 -0.060331 0.000000
0.447105 0.087840 0.000000
0.142185 -0.054795 0.000000
0.938717 -0.010102 0.000000
0.920131 0.016719 0.000000
0.918500 -0.013246 0.000000
0.824375 0.034910 0.000000
0.174709 -0.058138 0.000000
0.323333 0.095895 0.000000
0.087454 -0.046676 0.000000
0.889528 0.022740 0.000000
0.958969 -0.006861 0.000000
0.649728 -0.047296 0.000000
0.146187 -0.055253 0.000000
0.201927 -0.060366 0.000000
0.490078 0.083629 0.000000
0.398950 0.091769 0.000000
0.192998 -0.059688 0.000000
0.034105 0.049747 0.000000
0.357442 0.094377 0.000000
0.432722 -0.063285 0.000000
0.752156 -0.035965 0.000000
0.220593 -0.061642 0.000000
0.034532 -0.032101 0.000000
0.474152 0.085261 0.000000
0.790601 -0.031190 0.000000
0.096426 0.076316 0.000000
0.182019 0.092503 0.000000
0.912455 0.018248 0.000000
0.047416 -0.036817 0.000000
0.683743 0.058336 0.000000
0.445355 -0.062734 0.000000
0.172213 0.091381 0.000000
0.261459 0.096805 0.000000
0.122869 0.083058 0.000000
0.925025 -0.012241 0.000000
0.965724 0.007361 0.000000
0.552582 0.076493 0.000000
0.811819 0.037158 0.000000
0.741772 0.049137 0.000000
0.604037 -0.051659 0.000000
0.164143 -0.057141 0.000000
0.469222 0.085750 0.000000
0.008885 0.028397 0.000000
0.657395 0.062290 0.000000
0.540273 -0.056940 0.000000
0.000059 0.010782 0.000000
0.821090 0.035501 0.000000
0.124079 0.083325 0.000000
0.880438 -0.018929 0.000000
0.486946 -0.060534 0.000000
0.088887 -0.046948 0.000000
0.657916 0.062213 0.000000
0.384218 0.092783 0.000000
0.423034 -0.063669 0.000000
0.321615 0.095956 0.000000
0.701837 0.055540 0.000000
0.419208 0.090227 0.000000
0.199883 0.094176 0.000000
0.704121 -0.041535 0.000000
0.252786 0.096685 0.000000
0.509000 0.081588 0.000000
0.415974 0.090483 0.000000
0.711305 0.054050 0.000000
0.789823 -0.031290 0.000000
0.702722 0.055401 0.000000
0.943129 -0.009404 0.000000
0.018991 -0.024191 0.000000
0.166599 -0.057380 0.000000
0.009901 -0.017168 0.000000
0.006817 -0.013878 0.000000
0.363822 -0.065190 0.000000
0.649489 -0.047320 0.000000
0.024109 0.042859 0.000000
0.577438 0.073360 0.000000
0.534935 0.078619 0.000000
0.232741 0.096114 0.000000
0.429528 0.089378 0.000000
0.668846 -0.045340 0.000000
0.808771 -0.028836 0.000000
0.962413 0.008057 0.000000
0.067472 -0.042405 0.000000
0.222966 0.095678 0.000000
0.727827 -0.038842 0.000000
0.312367 -0.065185 0.000000
0.885284 0.023559 0.000000
0.000599 0.013047 0.000000
0.091905 -0.047504 0.000000
0.172146 0.091372 0.000000
0.177000 0.091948 0.000000
0.999566 -0.000075 0.000000
0.532445 -0.057517 0.000000
0.196402 0.093882 0.000000
0.522671 0.080047 0.000000
0.601130 0.070233 0.000000
0.168765 -0.057587 0.000000
0.807996 -0.028938 0.000000
0.172998 0.091479 0.000000
0.164581 0.090395 0.000000
0.540382 0.077972 0.000000
0.985905 -0.002403 0.000000
0.788037 -0.031517 0.000000
0.302120 -0.065014 0.000000
0.652293 0.063039 0.000000
0.199958 0.094182 0.000000
0.718718 -0.039889 0.000000
0.195608 -0.059890 0.000000
0.478820 0.084791 0.000000
0.157202 0.089347 0.000000
0.391568 0.092288 0.000000
0.617750 -0.050397 0.000000
0.301028 0.096540 0.000000
0.849957 -0.023266 0.000000
0.494994 0.083109 0.000000
0.790370 -0.031220 0.000000
0.879300 -0.019094 0.000000
0.584331 0.072464 0.000000
0.171518 0.091294 0.000000
0.505446 0.081979 0.000000
0.601703 0.070155 0.000000
0.108810 0.079710 0.000000
0.871122 -0.020274 0.000000
0.348963 -0.065327 0.000000
0.848813 -0.023425 0.000000
0.545433 -0.056550 0.000000
0.090514 -0.047250 0.000000
0.791082 0.040803 0.000000
0.022155 -0.026097 0.000000
0.598933 0.070529 0.000000
0.788453 0.041259 0.000000
0.735349 -0.037964 0.000000
0.026198 0.044412 0.000000
0.215092 0.095239 0.000000
0.858583 0.028627 0.000000
0.723043 -0.039394 0.000000
0.935722 0.013572 0.000000
0.971667 -0.004781 0.000000
0.962042 -0.006361 0.000000
0.244084 -0.062972 0.000000
0.602610 0.070033 0.000000
0.165788 0.090557 0.000000
0.362334 0.094113 0.000000
0.489638 -0.060372 0.000000
0.759659 -0.035055 0.000000
0.575021 0.073672 0.000000
0.233729 0.096152 0.000000
0.934271 -0.010801 0.000000
0.095976 0.076184 0.000000
0.028256 0.045878 0.000000
0.861805 -0.021602 0.000000
0.862394 0.027913 0.000000
0.412916 0.090724 0.000000
0.919883 -0.013034 0.000000
0.794795 0.040156 0.000000
0.607370 -0.051356 0.000000
0.734861 -0.038021 0.000000
0.874487 -0.019790 0.000000
0.660046 -0.046249 0.000000
0.039521 0.053001 0.000000
0.650303 -0.047238 0.000000
0.407739 -0.064200 0.000000
0.481460 -0.060856 0.000000
0.190960 0.093396 0.000000
0.580210 -0.053748 0.000000
0.398733 -0.064471 0.000000
0.845302 0.031094 0.000000
0.562627 -0.055203 0.000000
0.880667 -0.018895 0.000000
0.405187 0.091312 0.000000
0.837130 0.032595 0.000000
0.225001 0.095778 0.000000
0.454148 0.087193 0.000000
0.025943 -0.028147 0.000000
0.790560 0.040894 0.000000
0.351870 0.094666 0.000000
0.526018 -0.057979 0.000000
0.046244 0.056686 0.000000
0.944104 -0.009249 0.000000
0.196946 0.093928 0.000000
0.725280 0.051819 0.000000
0.088536 0.073911 0.000000
0.716577 0.053213 0.000000
-0.000178 0.009428 0.000000
0.714401 -0.040380 0.000000
0.747034 0.048270 0.000000
0.519245 0.080438 0.000000
0.671743 -0.045036 0.000000
0.999331 -0.000115 0.000000
0.432202 0.089151 0.000000
0.472973 -0.061336 0.000000
0.479781 -0.060953 0.000000
0.190411 -0.059480 0.000000
0.067968 0.066583 0.000000
0.267157 -0.064000 0.000000
0.081134 0.071463 0.000000
0.376086 -0.064998 0.000000
0.917562 -0.013389 0.000000
0.236895 0.096273 0.000000
0.922075 -0.012696 0.000000
0.557396 -0.055621 0.000000
0.352595 0.094629 0.000000
0.672564 -0.044950 0.000000
0.233112 0.096128 0.000000
0.855540 0.029196 0.000000
0.624078 0.067078 0.000000
0.315764 0.096148 0.000000
0.914751 -0.013819 0.000000
0.911611 0.018415 0.000000
0.026244 0.044445 0.000000
0.392933 -0.064626 0.000000
0.448648 0.087700 0.000000
0.739137 0.049569 0.000000
0.812664 -0.028324 0.000000
0.567848 -0.054778 0.000000
0.371879 0.093559 0.000000
0.539669 -0.056985 0.000000
0.837278 0.032567 0.000000
0.466699 0.085997 0.000000
0.499759 0.082598 0.000000
0.631007 -0.049138 0.000000
0.215164 0.095243 0.000000
0.109560 0.079902 0.000000
0.615507 -0.050606 0.000000
0.322819 0.095914 0.000000
0.870488 -0.020365 0.000000
0.410236 0.090929 0.000000
0.130555 0.084685 0.000000
0.032563 -0.031265 0.000000
0.186580 0.092973 0.000000
0.016999 -0.022877 0.000000
0.612020 -0.050930 0.000000
0.220937 0.095570 0.000000
0.061214 -0.040834 0.000000
0.233055 -0.062385 0.000000
0.208980 0.094846 0.000000
0.436011 -0.063147 0.000000
0.373744 -0.065041 0.000000
0.886778 -0.018003 0.000000
0.068205 0.066677 0.000000
0.875922 -0.019583 0.000000
0.391110 -0.064674 0.000000
0.069746 -0.042945 0.000000
0.166916 -0.057411 0.000000
0.838689 -0.024822 0.000000
0.032184 0.048522 0.000000
0.071259 0.067872 0.000000
0.500845 0.082481 0.000000
0.031574 -0.030832 0.000000
0.241084 -0.062819 0.000000
0.777580 0.043132 0.000000
0.631258 0.066066 0.000000
0.512307 0.081220 0.000000
0.547281 -0.056409 0.000000
0.529372 -0.057739 0.000000
0.944661 0.011744 0.000000
0.086352 0.073210 0.000000
0.613415 0.068559 0.000000
0.302245 -0.065016 0.000000
0.021914 -0.025958 0.000000
0.017132 0.037079 0.000000
0.305453 0.096434 0.000000
0.560207 -0.055396 0.000000
0.770206 -0.033758 0.000000
0.050446 0.058818 0.000000
0.190036 -0.059449 0.000000
0.697324 -0.042287 0.000000
0.783324 -0.032115 0.000000
0.218803 -0.061526 0.000000
0.033083 -0.031489 0.000000
0.975882 -0.004082 0.000000
0.860896 -0.021730 0.000000
0.892325 0.022198 0.000000
0.210013 -0.060944 0.000000
0.495356 0.083071 0.000000
0.449810 0.087593 0.000000
0.033348 -0.031603 0.000000
0.994182 -0.000998 0.000000
0.907451 0.019238 0.000000
0.500160 0.082555 0.000000
0.672777 -0.044928 0.000000
0.910821 -0.014417 0.000000
0.044407 0.055716 0.000000
0.456748 -0.062188 0.000000
0.305301 0.096437 0.000000
0.634652 0.065584 0.000000
0.253290 -0.063417 0.000000
0.190869 -0.059517 0.000000
0.388317 -0.064740 0.000000
0.850116 -0.023243 0.000000
0.664111 0.061296 0.000000
0.973610 0.005693 0.000000
0.359963 0.094241 0.000000
0.612257 0.068718 0.000000
0.964801 -0.005910 0.000000
0.029869 0.046988 0.000000
0.469912 -0.061503 0.000000
0.372733 -0.065059 0.000000
0.525458 0.079726 0.000000
0.783164 0.042173 0.000000
0.361622 0.094152 0.000000
0.417965 -0.063854 0.000000
0.976090 0.005166 0.000000
0.997019 -0.000512 0.000000
0.881580 -0.018762 0.000000
0.769004 -0.033907 0.000000
0.355938 -0.065276 0.000000
0.005889 0.024295 0.000000
0.392949 -0.064626 0.000000
0.836329 0.032741 0.000000
0.922540 0.016236 0.000000
0.319571 -0.065271 0.000000
0.500060 0.082566 0.000000
0.454724 -0.062288 0.000000
0.560438 0.075520 0.000000
0.788338 -0.031479 0.000000
0.006760 -0.013811 0.000000
0.861185 0.028140 0.000000
0.863216 0.027758 0.000000
0.859489 -0.021929 0.000000
0.050912 0.059049 0.000000
0.039113 0.052766 0.000000
0.016493 0.036494 0.000000
0.078795 -0.044948 0.000000
0.276141 -0.064321 0.000000
0.497700 -0.059875 0.000000
0.938529 -0.010131 0.000000
0.594418 0.071133 0.000000
0.899087 0.020881 0.000000
0.534780 -0.057346 0.000000
0.971495 -0.004809 0.000000
0.019101 -0.024261 0.000000
0.315412 -0.065224 0.000000
0.243303 -0.062932 0.000000
0.422551 -0.063687 0.000000
0.012992 -0.019895 0.000000
0.466469 -0.061687 0.000000
0.862785 -0.021463 0.000000
0.195848 0.093835 0.000000
0.121413 -0.052166 0.000000
0.326112 -0.065324 0.000000
0.795029 0.040116 0.000000
0.915757 -0.013665 0.000000
0.822667 0.035217 0.000000
0.641971 -0.048069 0.000000
0.521160 0.080220 0.000000
0.044051 -0.035694 0.000000
0.203189 0.094429 0.000000
0.848863 -0.023418 0.000000
0.487987 0.083848 0.000000
0.511138 -0.059004 0.000000
0.202718 0.094393 0.000000
0.418549 -0.063833 0.000000
0.344764 0.095012 0.000000
0.333075 -0.065354 0.000000
0.943262 0.012031 0.000000
0.466182 0.086047 0.000000
0.125960 0.083730 0.000000
0.743817 -0.036964 0.000000
0.982296 -0.003010 0.000000
0.900794 0.020547 0.000000
0.150293 -0.055708 0.000000
0.853025 0.029664 0.000000
0.012706 -0.019660 0.000000
0.402596 -0.064359 0.000000
0.142949 -0.054883 0.000000
0.530744 -0.057640 0.000000
0.101807 0.077846 0.000000
0.791223 -0.031111 0.000000
0.140248 -0.054567 0.000000
0.422948 0.089923 0.000000
0.120435 0.082516 0.000000
0.333054 -0.065354 0.000000
0.336624 0.095377 0.000000
0.213488 0.095141 0.000000
0.772073 -0.033526 0.000000
0.118206 0.082005 0.000000
0.491389 -0.060266 0.000000
0.638634 0.065016 0.000000
0.763049 0.045598 0.000000
0.771009 -0.033658 0.000000
0.844509 -0.024021 0.000000
0.151481 -0.055836 0.000000
0.773872 0.043765 0.000000
0.924936 0.015755 0.000000
0.643462 -0.047921 0.000000
0.220710 0.095558 0.000000
0.539197 0.078114 0.000000
0.682962 -0.043847 0.000000
0.176163 0.091850 0.000000
0.894251 -0.016901 0.000000
0.284041 -0.064570 0.000000
0.585781 -0.053271 0.000000
0.767655 0.044821 0.000000
0.646981 0.063812 0.000000
0.618480 -0.050329 0.000000
0.350898 -0.065316 0.000000
0.548957 -0.056280 0.000000
0.993471 0.001425 0.000000
0.025902 0.044197 0.000000
0.029333 -0.029810 0.000000
0.043161 -0.035385 0.000000
0.743106 0.048917 0.000000
0.407416 0.091145 0.000000
0.757680 -0.035296 0.000000
0.514167 -0.058800 0.000000
0.276501 0.096852 0.000000
0.864572 -0.021209 0.000000
0.003050 -0.008408 0.000000
0.774302 -0.033249 0.000000
0.462795 0.086374 0.000000
0.959203 0.008729 0.000000
0.627716 0.066567 0.000000
0.275049 -0.064285 0.000000
0.309418 -0.065142 0.000000
0.431131 -0.063350 0.000000
0.007938 0.027182 0.000000
0.586903 0.072127 0.000000
0.894800 0.021717 0.000000
0.460948 0.086551 0.000000
0.032984 -0.031447 0.000000
0.520731 0.080269 0.000000
0.667969 0.060720 0.000000
0.078711 0.070617 0.000000
0.717349 -0.040045 0.000000
0.252214 0.096675 0.000000
0.184121 -0.058961 0.000000
0.199537 -0.060189 0.000000
0.115067 -0.051268 0.000000
0.273267 0.096862 0.000000
0.617709 0.067965 0.000000
0.704431 -0.041501 0.000000
-0.000435 0.003369 0.000000
0.411461 0.090836 0.000000
0.413108 -0.064023 0.000000
0.072335 0.068280 0.000000
0.365856 -0.065165 0.000000
0.831245 0.033667 0.000000
0.890817 -0.017409 0.000000
0.994192 0.001268 0.000000
0.387353 0.092576 0.000000
0.745344 0.048549 0.000000
0.373841 0.093441 0.000000
0.774402 -0.033236 0.000000
0.808948 -0.028813 0.000000
0.757012 0.046611 0.000000
0.362402 -0.065207 0.000000
0.719982 0.052669 0.000000
0.782788 0.042237 0.000000
0.018442 0.038246 0.000000
0.746168 0.048413 0.000000
0.460059 -0.062021 0.000000
0.358882 0.094300 0.000000
0.611308 -0.050995 0.000000
0.326780 0.095769 0.000000
0.089446 -0.047052 0.000000
0.461885 0.086461 0.000000
0.942554 -0.009495 0.000000
0.069049 -0.042782 0.000000
0.308354 -0.065124 0.000000
0.791054 -0.031132 0.000000
0.946285 0.011410 0.000000
0.865401 -0.021091 0.000000
0.811893 0.037145 0.000000
0.352584 -0.065306 0.000000
0.862396 0.027912 0.000000
0.942561 -0.009494 0.000000
0.018828 -0.024086 0.000000
0.498285 -0.059838 0.000000
0.481611 -0.060847 0.000000
0.384839 0.092742 0.000000
0.492630 -0.060190 0.000000
0.221165 0.095582 0.000000
0.049295 0.058247 0.000000
0.223512 0.095707 0.000000
0.493074 -0.060163 0.000000
0.076319 0.069760 0.000000
0.169928 -0.057696 0.000000
0.325169 0.095828 0.000000
0.744554 0.048679 0.000000
0.897922 0.021108 0.000000
0.369453 0.093705 0.000000
0.807639 0.037899 0.000000
0.769689 0.044476 0.000000
0.826337 -0.026500 0.000000
0.053672 0.060376 0.000000
0.957735 0.009036 0.000000
0.120507 -0.052040 0.000000
0.895824 -0.016668 0.000000
0.214878 -0.061273 0.000000
0.452132 0.087380 0.000000
0.014915 -0.021391 0.000000
0.567332 0.074653 0.000000
0.339586 0.095247 0.000000
0.342941 0.095098 0.000000
0.752145 0.047423 0.000000
0.240277 0.096378 0.000000
0.081801 0.071690 0.000000
0.177130 -0.058357 0.000000
0.020323 0.039850 0.000000
0.456570 0.086966 0.000000
0.320290 -0.065277 0.000000
0.703297 -0.041627 0.000000
0.903381 0.020039 0.000000
0.445299 0.088003 0.000000
0.625975 0.066812 0.000000
0.197357 0.093963 0.000000
0.808730 -0.028842 0.000000
0.694656 -0.042580 0.000000
0.434636 0.088942 0.000000
0.180535 -0.058654 0.000000
0.832944 0.033358 0.000000
0.288257 -0.064690 0.000000
0.624950 0.066956 0.000000
0.183993 0.092713 0.000000
0.744930 -0.036831 0.000000
0.977915 0.004776 0.000000
0.946642 -0.008845 0.000000
0.499502 0.082626 0.000000
0.770432 -0.033730 0.000000
0.134624 -0.053889 0.000000
0.587972 0.071986 0.000000
0.639094 -0.048352 0.000000
0.166999 -0.057419 0.000000
0.612354 -0.050899 0.000000
0.729589 0.051123 0.000000
0.544548 0.077471 0.000000
0.490141 -0.060342 0.000000
0.001171 0.014897 0.000000
0.819229 0.035835 0.000000
0.233142 -0.062390 0.000000
0.269933 0.096856 0.000000
0.343716 0.095061 0.000000
0.367562 0.093814 0.000000
0.731563 0.050803 0.000000
0.731428 0.050825 0.000000
0.052898 -0.038517 0.000000
0.000899 -0.003469 0.000000
0.239086 0.096341 0.000000
0.331669 0.095580 0.000000
0.353000 0.094608 0.000000
0.136570 -0.054127 0.000000
0.836437 0.032721 0.000000
0.452012 0.087391 0.000000
0.635466 -0.048706 0.000000
0.005876 0.024276 0.000000
0.342897 0.095100 0.000000
-0.000427 0.003247 0.000000
0.766954 -0.034160 0.000000
0.803300 0.038665 0.000000
0.641908 -0.048075 0.000000
0.568536 0.074500 0.000000
0.846472 0.030878 0.000000
0.335299 -0.065357 0.000000
0.399709 0.091715 0.000000
0.473979 -0.061281 0.000000
0.842049 -0.024361 0.000000
0.455616 0.087055 0.000000
0.862757 -0.021467 0.000000
0.071771 0.068066 0.000000
0.228671 -0.062132 0.000000
0.879986 0.024576 0.000000
0.266268 -0.063964 0.000000
0.100728 0.077549 0.000000
0.655718 0.062537 0.000000
0.778850 -0.032679 0.000000
0.060591 0.063514 0.000000
0.000644 -0.002652 0.000000
0.137516 0.086045 0.000000
0.768286 -0.033996 0.000000
0.484886 -0.060656 0.000000
0.717846 0.053011 0.000000
0.170575 0.091176 0.000000
0.641919 0.064544 0.000000
0.038751 -0.033777 0.000000
0.832035 0.033523 0.000000
0.731336 -0.038434 0.000000
0.437732 -0.063073 0.000000
0.791834 -0.031033 0.000000
0.868063 -0.020712 0.000000
0.818168 0.036025 0.000000
0.755920 0.046794 0.000000
0.657866 -0.046472 0.000000
0.947300 -0.008739 0.000000
0.425335 -0.063580 0.000000
0.958617 -0.006918 0.000000
0.211464 -0.061042 0.000000
0.077119 0.070048 0.000000
0.513986 -0.058813 0.000000
0.187072 -0.059209 0.000000
0.803920 0.038556 0.000000
0.089281 -0.047021 0.000000
0.814519 -0.028078 0.000000
0.632894 -0.048956 0.000000
0.490935 -0.060294 0.000000
0.531019 0.079080 0.000000
0.556763 -0.055671 0.000000
0.948306 0.010993 0.000000
-0.000211 0.001252 0.000000
0.891470 0.022364 0.000000
0.270526 -0.064123 0.000000
0.200722 -0.060277 0.000000
0.599263 -0.052088 0.000000
0.607682 0.069344 0.000000
0.870985 -0.020294 0.000000
0.159275 0.089653 0.000000
0.394563 0.092082 0.000000
0.618802 0.067814 0.000000
0.131324 0.084841 0.000000
0.244056 -0.062971 0.000000
0.284671 0.096798 0.000000
0.178666 0.092139 0.000000
0.895582 -0.016704 0.000000
0.631797 -0.049062 0.000000
0.788544 0.041243 0.000000
0.740005 0.049427 0.000000
0.806281 0.038139 0.000000
0.299279 0.096574 0.000000
0.093562 0.075466 0.000000
0.800600 -0.029903 0.000000
0.538638 0.078180 0.000000
0.957694 -0.007067 0.000000
0.958972 0.008778 0.000000
0.176775 -0.058324 0.000000
0.944456 -0.009193 0.000000
0.496073 -0.059978 0.000000
0.043322 0.055128 0.000000
0.334359 -0.065356 0.000000
0.104235 -0.049610 0.000000
0.850312 0.030168 0.000000
0.141164 0.086718 0.000000
0.926434 0.015453 0.000000
0.732100 -0.038344 0.000000
0.927518 -0.011854 0.000000
0.851983 -0.022983 0.000000
0.821997 0.035338 0.000000
0.162415 0.090099 0.000000
0.449462 -0.062542 0.000000
0.787669 -0.031564 0.000000
0.914475 0.017847 0.000000
0.200138 0.094196 0.000000
0.531504 -0.057585 0.000000
0.880135 0.024548 0.000000
0.980456 0.004233 0.000000
0.037618 0.051890 0.000000
0.999645 0.000078 0.000000
0.895302 -0.016745 0.000000
0.216802 -0.061398 0.000000
0.407638 0.091128 0.000000
0.981904 -0.003076 0.000000
0.450917 -0.062473 0.000000
0.676108 0.059497 0.000000
0.924677 -0.012295 0.000000
0.215064 0.095237 0.000000
0.252379 0.096678 0.000000
0.516136 0.080790 0.000000
0.145695 0.087511 0.000000
0.641790 0.064562 0.000000
0.859475 0.028460 0.000000
0.738586 -0.037583 0.000000
0.639542 0.064885 0.000000
0.169550 -0.057661 0.000000
0.393453 -0.064613 0.000000
0.375593 0.093334 0.000000
0.899675 -0.016094 0.000000
0.612600 -0.050876 0.000000
0.268900 -0.064064 0.000000
0.023552 0.042432 0.000000
0.916644 -0.013530 0.000000
0.640214 0.064789 0.000000
0.777858 0.043084 0.000000
0.256311 0.096744 0.000000
0.473915 0.085285 0.000000
0.527233 -0.057893 0.000000
0.314081 0.096199 0.000000
0.015017 0.035096 0.000000
0.030736 0.047569 0.000000
0.020567 0.040053 0.000000
0.426195 0.089656 0.000000
0.915415 -0.013718 0.000000
0.792516 0.040554 0.000000
0.411279 -0.064085 0.000000
0.377779 -0.064968 0.000000
0.877772 -0.019315 0.000000
0.284630 -0.064587 0.000000
0.427290 -0.063504 0.000000
0.846741 0.030829 0.000000
0.819113 0.035856 0.000000
0.015569 0.035627 0.000000
0.270538 0.096858 0.000000
0.332864 -0.065353 0.000000
0.150651 0.088332 0.000000
0.392567 -0.064636 0.000000
0.519003 0.080466 0.000000
0.699555 -0.042041 0.000000
0.959466 -0.006780 0.000000
0.614721 -0.050679 0.000000
0.413265 -0.064018 0.000000
0.647283 0.063768 0.000000
0.023949 -0.027096 0.000000
0.430229 -0.063387 0.000000
0.061937 -0.041022 0.000000
0.967537 0.006979 0.000000
0.997845 -0.000371 0.000000
0.829840 -0.026028 0.000000
0.765454 0.045193 0.000000
0.991733 0.001802 0.000000
0.707807 -0.041123 0.000000
0.384412 -0.064831 0.000000
0.870898 0.026308 0.000000
0.211209 0.094999 0.000000
0.237508 -0.062629 0.000000
0.171669 0.091313 0.000000
0.278383 0.096846 0.000000
0.772308 -0.033497 0.000000
0.356103 -0.065274 0.000000
0.408176 -0.064186 0.000000
0.876370 -0.019518 0.000000
0.217798 -0.061462 0.000000
0.463187 0.086337 0.000000
0.343686 0.095063 0.000000
0.889450 0.022755 0.000000
0.142051 -0.054780 0.000000
0.343904 -0.065350 0.000000
0.026479 -0.028419 0.000000
0.084516 -0.046108 0.000000
0.343966 -0.065350 0.000000
0.000504 0.012698 0.000000
0.970719 -0.004937 0.000000
0.768876 -0.033923 0.000000
0.970700 -0.004940 0.000000
0.170380 -0.057739 0.000000
0.614633 -0.050688 0.000000
0.548754 0.076962 0.000000
0.040506 0.053564 0.000000
0.915803 -0.013658 0.000000
0.846006 -0.023814 0.000000
0.263079 -0.063836 0.000000
0.928322 0.015073 0.000000
0.527630 -0.057865 0.000000
0.921141 -0.012840 0.000000
0.245370 -0.063038 0.000000
0.442778 -0.062850 0.000000
0.831885 0.033550 0.000000
0.560077 0.075565 0.000000
0.000904 0.014081 0.000000
0.298295 0.096594 0.000000
0.945175 0.011638 0.000000
0.024256 -0.027263 0.000000
0.700387 0.055766 0.000000
0.308209 0.096367 0.000000
0.107337 0.079333 0.000000
0.012848 0.032912 0.000000
0.823029 0.035152 0.000000
0.275691 -0.064306 0.000000
0.739045 0.049584 0.000000
0.760581 0.046013 0.000000
0.922340 -0.012655 0.000000
0.453048 -0.062370 0.000000
0.676745 0.059400 0.000000
0.877859 -0.019303 0.000000
0.726581 -0.038986 0.000000
0.676861 -0.044497 0.000000
0.302616 -0.065024 0.000000
0.137974 0.086130 0.000000
0.719967 0.052672 0.000000
0.573404 0.073879 0.000000
0.439577 -0.062993 0.000000
0.880571 -0.018909 0.000000
0.880394 -0.018935 0.000000
0.322998 0.095908 0.000000
0.559892 -0.055422 0.000000
0.566561 0.074751 0.000000
0.842178 0.031669 0.000000
0.496010 0.083001 0.000000
0.232391 -0.062347 0.000000
0.954350 -0.007608 0.000000
0.615550 -0.050602 0.000000
0.134500 0.085468 0.000000
0.679767 -0.044188 0.000000
0.010319 0.030124 0.000000
0.236842 -0.062593 0.000000
0.719900 0.052682 0.000000
0.684808 0.058174 0.000000
0.971396 -0.004825 0.000000
0.578358 0.073241 0.000000
0.467759 0.085893 0.000000
0.654335 0.062739 0.000000
0.438463 0.088610 0.000000
0.280993 -0.064479 0.000000
0.086832 -0.046558 0.000000
0.208299 -0.060824 0.000000
0.683630 0.058354 0.000000
0.343914 -0.065350 0.000000
0.368567 -0.065124 0.000000
0.914046 -0.013927 0.000000
-0.000468 0.003954 0.000000
0.061622 0.063958 0.000000
0.435889 -0.063152 0.000000
0.389287 -0.064717 0.000000
0.912619 0.018216 0.000000
0.976676 -0.003950 0.000000
0.928406 -0.011716 0.000000
0.586649 0.072160 0.000000
0.568199 0.074543 0.000000
0.850876 0.030063 0.000000
0.045419 -0.036159 0.000000
0.236436 -0.062571 0.000000
0.725222 0.051828 0.000000
0.067131 0.066248 0.000000
0.774059 0.043733 0.000000
0.236118 -0.062553 0.000000
0.925477 0.015646 0.000000
0.867390 -0.020808 0.000000
0.203916 0.094484 0.000000
0.962701 0.007997 0.000000
-0.000456 0.003710 0.000000
0.931069 -0.011302 0.000000
0.112058 -0.050824 0.000000
0.634124 -0.048837 0.000000
0.366888 0.093853 0.000000
0.428195 -0.063469 0.000000
0.265370 0.096841 0.000000
0.199552 -0.060190 0.000000
0.181044 0.092397 0.000000
0.251192 -0.063318 0.000000
0.883587 -0.018470 0.000000
0.035776 0.050782 0.000000
0.368655 -0.065123 0.000000
0.669465 0.060497 0.000000
0.373097 0.093485 0.000000
0.085052 -0.046214 0.000000
0.023713 -0.026968 0.000000
0.564732 -0.055032 0.000000
0.063810 0.064885 0.000000
0.909388 0.018856 0.000000
0.035701 -0.032581 0.000000
0.332867 -0.065353 0.000000
0.861439 0.028092 0.000000
0.105896 -0.049876 0.000000
0.158909 0.089601 0.000000
0.291482 -0.064774 0.000000
0.441643 0.088330 0.000000
0.792315 -0.030971 0.000000
0.503806 -0.059486 0.000000
0.696864 -0.042338 0.000000
0.256997 -0.063580 0.000000
0.307960 0.096373 0.000000
0.544385 0.077491 0.000000
0.744324 0.048717 0.000000
0.936315 0.013452 0.000000
0.102374 0.078002 0.000000
0.020826 -0.025321 0.000000
0.928250 -0.011741 0.000000
0.268618 -0.064053 0.000000
0.750411 -0.036175 0.000000
0.731923 -0.038365 0.000000
0.601675 -0.051871 0.000000
0.019484 -0.024500 0.000000
0.853093 -0.022828 0.000000
0.800910 -0.029862 0.000000
0.111862 0.080480 0.000000
0.173763 -0.058052 0.000000
0.057427 -0.039814 0.000000
0.466302 -0.061696 0.000000
0.723347 0.052130 0.000000
0.596066 -0.052372 0.000000
0.250203 -0.063271 0.000000
0.279544 -0.064432 0.000000
0.087509 0.073582 0.000000
0.910556 -0.014457 0.000000
0.971183 0.006208 0.000000
0.942942 -0.009433 0.000000
0.121138 -0.052128 0.000000
0.249387 0.096619 0.000000
0.805523 -0.029262 0.000000
0.011186 0.031114 0.000000
0.693536 -0.042703 0.000000
0.988577 -0.001951 0.000000
0.494934 -0.060048 0.000000
0.321250 -0.065285 0.000000
0.692677 -0.042796 0.000000
0.827197 -0.026385 0.000000
0.181328 -0.058723 0.000000
0.713610 0.053685 0.000000
0.878474 0.024866 0.000000
0.730440 -0.038538 0.000000
0.040019 -0.034254 0.000000
0.424047 -0.063630 0.000000
0.879439 0.024681 0.000000
0.598635 0.070569 0.000000
0.967537 0.006979 0.000000
0.149717 0.088184 0.000000
0.991894 -0.001388 0.000000
0.560509 0.075511 0.000000
0.211130 -0.061019 0.000000
0.609939 0.069036 0.000000
0.727518 0.051458 0.000000
0.848945 0.030421 0.000000
0.358240 -0.065256 0.000000
0.706758 -0.041241 0.000000
0.109625 -0.050456 0.000000
0.055868 0.061401 0.000000
0.439193 -0.063010 0.000000
0.926571 0.015426 0.000000
0.236840 0.096271 0.000000
0.890441 -0.017464 0.000000
0.310818 0.096292 0.000000
0.691194 -0.042958 0.000000
0.028887 -0.029598 0.000000
0.870992 -0.020293 0.000000
0.057118 0.061972 0.000000
0.642243 0.064497 0.000000
0.480790 0.084591 0.000000
0.698939 -0.042109 0.000000
0.418136 0.090312 0.000000
0.905728 0.019578 0.000000
0.824908 -0.026693 0.000000
0.664474 -0.045794 0.000000
0.712734 0.053824 0.000000
0.266395 -0.063969 0.000000
0.615208 0.068312 0.000000
0.011773 0.031764 0.000000
0.215286 0.095250 0.000000
0.073148 0.068589 0.000000
0.624007 0.067088 0.000000
0.824406 -0.026760 0.000000
0.669473 0.060495 0.000000
0.147014 0.087733 0.000000
0.657468 -0.046513 0.000000
0.925965 -0.012095 0.000000
0.629034 -0.049328 0.000000
0.507347 -0.059256 0.000000
0.090756 -0.047295 0.000000
0.715793 -0.040222 0.000000
0.412420 0.090762 0.000000
0.004366 -0.010592 0.000000
0.239850 -0.062756 0.000000
0.676753 -0.044508 0.000000
0.393447 0.092159 0.000000
0.318239 -0.065259 0.000000
0.508109 0.081687 0.000000
0.866882 -0.020880 0.000000
0.710338 0.054203 0.000000
0.896159 0.021452 0.000000
0.922521 0.016240 0.000000
0.938162 -0.010189 0.000000
0.263077 -0.063836 0.000000
0.849515 -0.023327 0.000000
0.890573 0.022538 0.000000
0.033894 0.049614 0.000000
0.300281 0.096555 0.000000
0.220951 -0.061665 0.000000
0.241548 0.096418 0.000000
0.434032 0.088994 0.000000
0.077078 0.070033 0.000000
0.615905 -0.050570 0.000000
0.633875 0.065695 0.000000
0.491172 -0.060280 0.000000
0.148382 0.087962 0.000000
0.056551 0.061716 0.000000
0.455694 -0.062240 0.000000
0.232964 0.096123 0.000000
0.392950 -0.064626 0.000000
0.456940 -0.062179 0.000000
0.701173 0.055643 0.000000
0.950893 -0.008164 0.000000
0.663147 0.061439 0.000000
0.091564 -0.047443 0.000000
0.460410 -0.062003 0.000000
0.875255 -0.019679 0.000000
0.188264 0.093143 0.000000
0.470195 0.085655 0.000000
0.307904 -0.065117 0.000000
0.859423 0.028470 0.000000
0.888446 0.022949 0.000000
0.276193 -0.064323 0.000000
0.732949 -0.038245 0.000000
0.873377 0.025837 0.000000
0.322528 0.095925 0.000000
0.697724 -0.042243 0.000000
0.877307 -0.019383 0.000000
0.817139 0.036209 0.000000
0.920159 -0.012991 0.000000
0.175217 -0.058183 0.000000
0.000953 -0.003635 0.000000
0.644256 -0.047842 0.000000
0.595738 -0.052401 0.000000
0.836949 0.032628 0.000000
0.216796 0.095342 0.000000
0.775738 0.043447 0.000000
0.657610 -0.046499 0.000000
0.942185 0.012252 0.000000
0.539782 0.078044 0.000000
0.994061 0.001297 0.000000
0.089965 0.074361 0.000000
0.467240 -0.061647 0.000000
0.097231 0.076552 0.000000
0.305578 0.096431 0.000000
0.230466 -0.062236 0.000000
0.390259 0.092378 0.000000
0.346203 0.094943 0.000000
0.877442 -0.019363 0.000000
0.120668 0.082569 0.000000
0.798653 -0.030155 0.000000
0.972513 0.005926 0.000000
0.984280 0.003412 0.000000
0.287084 0.096776 0.000000
0.847734 0.030645 0.000000
0.069012 -0.042774 0.000000
0.309458 -0.065143 0.000000
0.034778 0.050168 0.000000
0.016291 -0.022386 0.000000
0.311301 0.096278 0.000000
0.444777 0.088050 0.000000
0.701411 -0.041836 0.000000
0.879854 -0.019013 0.000000
0.084550 0.072615 0.000000
0.565116 -0.055001 0.000000
0.087926 -0.046767 0.000000
0.410133 -0.064124 0.000000
0.408471 0.091064 0.000000
0.687363 0.057782 0.000000
0.111937 0.080499 0.000000
0.935819 0.013553 0.000000
0.863344 0.027734 0.000000
0.225511 0.095802 0.000000
0.632793 -0.048966 0.000000
0.404744 -0.064294 0.000000
0.175428 0.091764 0.000000
0.376550 0.093274 0.000000
0.349418 -0.065325 0.000000
0.684716 -0.043658 0.000000
0.273437 0.096861 0.000000
0.508013 0.081698 0.000000
0.032862 0.048958 0.000000
0.277049 0.096850 0.000000
0.346798 0.094915 0.000000
0.347408 -0.065336 0.000000
0.229729 0.095994 0.000000
0.356307 -0.065273 0.000000
0.445788 0.087959 0.000000
0.582444 -0.053557 0.000000
0.589523 0.071782 0.000000
0.914699 0.017802 0.000000
0.532867 -0.057487 0.000000
0.962483 -0.006289 0.000000
0.564536 -0.055048 0.000000
0.527455 -0.057877 0.000000
0.601615 -0.051877 0.000000
0.261212 -0.063761 0.000000
0.685786 -0.043543 0.000000
0.923156 0.016113 0.000000
0.041248 0.053984 0.000000
0.848466 -0.023473 0.000000
0.040798 -0.034542 0.000000
0.511121 -0.059005 0.000000
0.115745 -0.051367 0.000000
0.625869 0.066827 0.000000
0.308075 -0.065120 0.000000
0.669877 0.060435 0.000000
0.142585 0.086968 0.000000
0.755968 -0.035504 0.000000
0.097178 0.076536 0.000000
0.996747 0.000711 0.000000
0.695348 -0.042504 0.000000
0.571905 0.074072 0.000000
0.145608 0.087497 0.000000
0.020707 0.040168 0.000000
0.003544 -0.009276 0.000000
0.981972 0.003908 0.000000
0.517220 -0.058593 0.000000
0.518387 -0.058513 0.000000
0.235417 0.096217 0.000000
0.563468 -0.055134 0.000000
0.917597 0.017225 0.000000
0.857594 -0.022196 0.000000
0.346290 0.094939 0.000000
0.574192 0.073778 0.000000
0.578594 -0.053884 0.000000
0.039107 0.052762 0.000000
0.898429 0.021009 0.000000
0.147679 -0.055419 0.000000
0.366112 0.093897 0.000000
0.335197 0.095438 0.000000
0.176388 0.091876 0.000000
0.068115 0.066641 0.000000
0.087972 0.073730 0.000000
0.245317 0.096523 0.000000
0.852214 0.029815 0.000000
0.940092 0.012681 0.000000
0.530315 -0.057671 0.000000
0.481766 0.084492 0.000000
0.916383 0.017467 0.000000
0.188991 0.093214 0.000000
0.537661 -0.057135 0.000000
0.173469 -0.058025 0.000000
0.914619 0.017818 0.000000
0.301988 -0.065011 0.000000
0.263036 -0.063834 0.000000
0.788627 0.041229 0.000000
0.194927 -0.059837 0.000000
0.061472 0.063894 0.000000
0.939792 0.012742 0.000000
0.587504 -0.053122 0.000000
0.899154 0.020868 0.000000
0.364954 0.093963 0.000000
0.404199 0.091385 0.000000
0.084504 0.072600 0.000000
0.176706 0.091914 0.000000
0.715831 0.053332 0.000000
0.885672 0.023484 0.000000
0.861158 -0.021693 0.000000
0.255589 -0.063518 0.000000
0.221291 0.095589 0.000000
0.464685 0.086193 0.000000
0.060339 -0.040603 0.000000
0.913578 -0.013998 0.000000
0.262235 -0.063802 0.000000
0.750850 -0.036122 0.000000
0.204288 0.094513 0.000000
0.208067 -0.060808 0.000000
0.604853 -0.051585 0.000000
0.057631 -0.039870 0.000000
0.875546 0.025424 0.000000
0.794116 0.040275 0.000000
0.242294 -0.062881 0.000000
0.724454 -0.039231 0.000000
0.122930 0.083072 0.000000
0.341848 0.095147 0.000000
0.444132 0.088108 0.000000
0.236682 0.096265 0.000000
0.941650 0.012362 0.000000
0.893961 -0.016944 0.000000
0.401373 -0.064394 0.000000
0.732442 -0.038304 0.000000
0.042934 0.054918 0.000000
0.248425 0.096596 0.000000
0.189227 -0.059384 0.000000
0.156862 0.089295 0.000000
0.337270 -0.065360 0.000000
0.942124 0.012265 0.000000
0.677515 0.059284 0.000000
0.988280 0.002550 0.000000
0.269511 0.096855 0.000000
0.392804 -0.064630 0.000000
0.970451 0.006363 0.000000
0.178394 0.092109 0.000000
0.731679 0.050785 0.000000
0.316052 -0.065232 0.000000
0.406428 -0.064241 0.000000
0.770661 0.044311 0.000000
0.590871 -0.052829 0.000000
0.126471 -0.052849 0.000000
0.596113 0.070906 0.000000
0.415323 -0.063948 0.000000
0.199999 0.094185 0.000000
0.829095 -0.026128 0.000000
0.509859 -0.059089 0.000000
0.992943 0.001540 0.000000
0.369629 -0.065108 0.000000
0.225365 -0.061935 0.000000
0.326823 0.095768 0.000000
0.561081 0.075440 0.000000
0.564534 -0.055048 0.000000
0.854334 -0.022654 0.000000
0.378112 0.093175 0.000000
0.083213 0.072170 0.000000
0.433460 0.089043 0.000000
0.347457 0.094884 0.000000
0.521725 0.080155 0.000000
0.987644 0.002687 0.000000
0.407051 0.091173 0.000000
0.609947 -0.051120 0.000000
0.770977 -0.033662 0.000000
0.098734 0.076983 0.000000
0.629307 -0.049302 0.000000
0.958125 0.008954 0.000000
0.096143 -0.048257 0.000000
0.294097 0.096675 0.000000
0.692756 0.056952 0.000000
0.176592 -0.058308 0.000000
0.932466 -0.011083 0.000000
0.660470 0.061836 0.000000
0.807502 -0.029003 0.000000
0.003358 0.019995 0.000000
0.612364 -0.050898 0.000000
0.023483 0.042380 0.000000
0.482071 -0.060820 0.000000
0.014720 -0.021245 0.000000
0.443017 -0.062839 0.000000
0.940594 -0.009805 0.000000
0.617088 0.068051 0.000000
0.159302 -0.056658 0.000000
0.787919 0.041352 0.000000
0.291585 0.096711 0.000000
0.321251 0.095968 0.000000
0.181019 -0.058696 0.000000
0.436382 0.088792 0.000000
0.786037 0.041677 0.000000
0.988421 -0.001977 0.000000
0.038412 0.052358 0.000000
0.627124 0.066650 0.000000
0.409822 0.090961 0.000000
0.344672 -0.065348 0.000000
0.639164 -0.048345 0.000000
0.272720 -0.064203 0.000000
0.017966 -0.023526 0.000000
0.338453 0.095297 0.000000
0.969688 0.006525 0.000000
0.544827 0.077438 0.000000
0.094384 0.075714 0.000000
0.825085 0.034782 0.000000
0.861535 0.028074 0.000000
0.469069 0.085765 0.000000
0.446464 0.087898 0.000000
0.804644 -0.029376 0.000000
0.668521 0.060638 0.000000
0.081668 -0.045540 0.000000
0.369441 0.093705 0.000000
0.599351 0.070472 0.000000
0.107568 -0.050137 0.000000
0.451894 -0.062427 0.000000
0.793316 0.040414 0.000000
0.444135 0.088107 0.000000
0.758966 0.046284 0.000000
0.849503 -0.023329 0.000000
0.178751 0.092148 0.000000
0.273649 0.096861 0.000000
0.472644 0.085411 0.000000
0.635271 0.065496 0.000000
0.148010 0.087899 0.000000
0.898925 0.020912 0.000000
0.246495 -0.063095 0.000000
0.520620 -0.058358 0.000000
0.575873 -0.054114 0.000000
0.491607 0.083469 0.000000
0.373772 -0.065040 0.000000
0.432271 0.089145 0.000000
0.179915 0.092275 0.000000
0.791653 -0.031056 0.000000
0.131888 0.084955 0.000000
0.092226 0.075062 0.000000
0.058876 0.062760 0.000000
0.016955 0.036919 0.000000
0.022956 -0.026550 0.000000
0.006358 0.024993 0.000000
0.116391 -0.051459 0.000000
0.663728 0.061353 0.000000
0.584341 0.072463 0.000000
0.415577 0.090514 0.000000
0.061155 0.063757 0.000000
0.201132 0.094272 0.000000
0.894444 -0.016872 0.000000
0.922966 -0.012559 0.000000
0.801517 0.038979 0.000000
0.000784 -0.003114 0.000000
0.564255 0.075041 0.000000
0.710634 0.054156 0.000000
0.802710 -0.029629 0.000000
0.313509 -0.065200 0.000000
0.602979 0.069983 0.000000
0.539939 -0.056964 0.000000
0.015171 0.035245 0.000000
0.005265 -0.011892 0.000000
0.023593 0.042464 0.000000
0.512160 -0.058936 0.000000
-0.000048 0.010216 0.000000
0.454988 -0.062275 0.000000
0.627444 0.066605 0.000000
0.668582 0.060629 0.000000
0.421912 0.090007 0.000000
0.592141 -0.052718 0.000000
0.273242 0.096862 0.000000
0.367519 0.093817 0.000000
0.734320 -0.038085 0.000000
0.299560 -0.064961 0.000000
0.900627 0.020579 0.000000
0.084834 0.072709 0.000000
0.154374 -0.056147 0.000000
0.090100 -0.047173 0.000000
0.970925 -0.004903 0.000000
0.534014 0.078728 0.000000
0.112115 -0.050833 0.000000
0.519850 -0.058411 0.000000
0.636661 -0.048590 0.000000
0.646642 -0.047605 0.000000
0.214093 0.095178 0.000000
0.001482 -0.005081 0.000000
0.730700 -0.038508 0.000000
0.573377 0.073883 0.000000
0.277907 0.096848 0.000000
0.081381 0.071547 0.000000
0.858337 0.028673 0.000000
0.771467 -0.033602 0.000000
0.342536 0.095117 0.000000
0.139785 0.086465 0.000000
0.922199 -0.012677 0.000000
0.522618 -0.058219 0.000000
0.277523 0.096849 0.000000
0.582072 -0.053589 0.000000
0.464076 0.086251 0.000000
0.879415 -0.019077 0.000000
0.863297 0.027743 0.000000
0.653514 0.062860 0.000000
0.198649 -0.060124 0.000000
0.650559 0.063291 0.000000
0.670818 0.060294 0.000000
0.337538 -0.065360 0.000000
0.706650 -0.041253 0.000000
0.137624 -0.054256 0.000000
-0.000123 0.009776 0.000000
0.384827 -0.064823 0.000000
0.288538 0.096755 0.000000
-0.000032 0.000169 0.000000
0.271780 -0.064169 0.000000
0.269979 -0.064103 0.000000
0.785738 -0.031810 0.000000
0.822818 -0.026973 0.000000
0.742453 -0.037126 0.000000
0.477589 -0.061077 0.000000
0.056058 -0.039431 0.000000
0.145549 0.087487 0.000000
0.825680 -0.026589 0.000000
0.228394 0.095933 0.000000
0.560062 0.075567 0.000000
0.440474 0.088433 0.000000
0.187212 -0.059221 0.000000
0.444831 -0.062758 0.000000
0.642956 0.064394 0.000000
0.773232 -0.033382 0.000000
0.255425 -0.063511 0.000000
0.700173 0.055800 0.000000
0.034045 -0.031899 0.000000
0.820027 0.035692 0.000000
0.406199 -0.064248 0.000000
0.782838 -0.032177 0.000000
0.464327 0.086227 0.000000
0.793577 0.040369 0.000000
0.715305 -0.040278 0.000000
0.964623 -0.005939 0.000000
0.026687 -0.028524 0.000000
0.036437 -0.032878 0.000000
0.482229 0.084444 0.000000
0.241761 -0.062854 0.000000
0.804259 -0.029427 0.000000
0.617547 -0.050416 0.000000
0.193463 -0.059724 0.000000
0.976949 -0.003904 0.000000
0.407782 -0.064199 0.000000
0.184550 -0.058997 0.000000
0.460167 -0.062015 0.000000
0.528833 -0.057778 0.000000
0.713726 -0.040457 0.000000
0.579171 0.073136 0.000000
0.388112 0.092526 0.000000
0.727205 0.051509 0.000000
0.932863 0.014153 0.000000
0.723934 -0.039291 0.000000
0.599720 0.070423 0.000000
0.199501 0.094143 0.000000
0.128041 -0.053054 0.000000
0.176032 -0.058257 0.000000
0.230808 -0.062256 0.000000
0.989558 -0.001785 0.000000
0.664784 0.061195 0.000000
0.241681 -0.062850 0.000000
0.853217 0.029628 0.000000
0.999671 -0.000057 0.000000
0.252437 0.096679 0.000000
0.188701 -0.059342 0.000000
0.091768 -0.047480 0.000000
0.696493 0.056373 0.000000
0.322375 -0.065295 0.000000
-0.000159 0.009549 0.000000
0.041171 0.053940 0.000000
0.132286 -0.053597 0.000000
0.103256 -0.049453 0.000000
0.994598 -0.000927 0.000000
0.010683 0.030545 0.000000
0.059500 0.063036 0.000000
0.816823 0.036265 0.000000
0.605774 -0.051501 0.000000
0.080196 0.071137 0.000000
0.438683 0.088590 0.000000
0.183644 -0.058921 0.000000
0.703427 -0.041612 0.000000
0.000513 0.012734 0.000000
0.397774 -0.064498 0.000000
0.437873 0.088662 0.000000
0.973229 0.005774 0.000000
0.487291 0.083921 0.000000
0.004725 0.022448 0.000000
0.078552 -0.044898 0.000000
0.702462 -0.041720 0.000000
0.348083 0.094854 0.000000
0.761285 0.045895 0.000000
0.076162 0.069703 0.000000
0.648530 -0.047416 0.000000
0.745275 -0.036790 0.000000
0.591813 0.071479 0.000000
0.352083 0.094655 0.000000
0.270127 0.096857 0.000000
0.995298 0.001027 0.000000
0.458872 -0.062082 0.000000
0.189112 -0.059375 0.000000
0.329309 -0.065340 0.000000
0.221676 -0.061710 0.000000
0.870258 0.026429 0.000000
0.601354 -0.051900 0.000000
0.649141 -0.047355 0.000000
0.308726 0.096352 0.000000
0.508058 -0.059209 0.000000
0.780946 0.042554 0.000000
0.273940 -0.064247 0.000000
0.615107 -0.050644 0.000000
0.573789 -0.054287 0.000000
0.761685 0.045828 0.000000
0.924333 -0.012348 0.000000
0.035358 -0.032442 0.000000
0.204502 -0.060555 0.000000
0.338122 0.095311 0.000000
0.406738 -0.064231 0.000000
0.015069 -0.021504 0.000000
0.733454 -0.038186 0.000000
0.357171 -0.065265 0.000000
0.603495 -0.051708 0.000000
0.091549 -0.047440 0.000000
0.604103 -0.051653 0.000000
0.018195 -0.023677 0.000000
0.529684 -0.057717 0.000000
0.810618 -0.028593 0.000000
0.060212 -0.040569 0.000000
0.668474 0.060645 0.000000
0.101970 -0.049242 0.000000
0.955450 -0.007431 0.000000
0.859447 -0.021935 0.000000
0.748647 -0.036387 0.000000
0.936546 0.013405 0.000000
0.980127 -0.003373 0.000000
0.389805 0.092409 0.000000
0.550270 -0.056178 0.000000
0.944749 0.011726 0.000000
0.250905 -0.063304 0.000000
0.257083 -0.063584 0.000000
0.386695 0.092619 0.000000
0.299337 0.096573 0.000000
0.531037 0.079077 0.000000
0.054676 -0.039037 0.000000
0.837454 -0.024991 0.000000
0.018193 0.038029 0.000000
0.012392 0.032432 0.000000
0.488262 0.083820 0.000000
0.332164 0.095560 0.000000
0.819149 0.035849 0.000000
0.326386 0.095784 0.000000
0.753467 0.047203 0.000000
0.688084 0.057672 0.000000
0.000832 0.013847 0.000000
0.331898 -0.065352 0.000000
0.867462 -0.020798 0.000000
0.866010 -0.021005 0.000000
0.172652 0.091436 0.000000
0.036580 -0.032934 0.000000
0.575820 0.073569 0.000000
0.954553 0.009699 0.000000
0.330929 0.095610 0.000000
0.037382 -0.033250 0.000000
0.597803 0.070680 0.000000
0.421214 -0.063736 0.000000
0.062746 0.064438 0.000000
0.696944 -0.042329 0.000000
0.317617 0.096087 0.000000
0.114951 0.081235 0.000000
0.139494 -0.054478 0.000000
0.349313 -0.065325 0.000000
0.082851 0.072047 0.000000
0.137294 0.086004 0.000000
0.636144 -0.048640 0.000000
0.773817 -0.033309 0.000000
0.858650 -0.022047 0.000000
0.262918 -0.063830 0.000000
0.256904 0.096754 0.000000
0.822036 -0.027078 0.000000
0.968720 0.006729 0.000000
0.489317 -0.060391 0.000000
0.731669 -0.038395 0.000000
0.253366 0.096695 0.000000
0.887396 -0.017912 0.000000
0.768407 0.044694 0.000000
0.094284 -0.047932 0.000000
0.016704 0.036690 0.000000
0.777543 0.043138 0.000000
0.258950 0.096780 0.000000
0.738593 0.049658 0.000000
0.594861 -0.052479 0.000000
0.794338 0.040236 0.000000
0.800520 0.039154 0.000000
0.423672 -0.063644 0.000000
0.428284 0.089481 0.000000
0.529000 0.079316 0.000000
0.163981 -0.057126 0.000000
0.604786 -0.051591 0.000000
0.485757 0.084080 0.000000
0.485892 0.084066 0.000000
0.977557 -0.003803 0.000000
0.547091 -0.056424 0.000000
0.505325 0.081993 0.000000
0.307135 0.096393 0.000000
0.289646 0.096739 0.000000
0.494386 -0.060082 0.000000
0.736250 -0.037858 0.000000
0.224032 -0.061854 0.000000
0.825599 -0.026600 0.000000
0.965762 0.007353 0.000000
0.506660 -0.059301 0.000000
0.614053 -0.050741 0.000000
0.828022 -0.026273 0.000000
0.582855 -0.053522 0.000000
0.684397 -0.043693 0.000000
0.560841 -0.055346 0.000000
0.829137 0.034049 0.000000
0.392147 0.092249 0.000000
0.843997 0.031335 0.000000
0.717344 0.053091 0.000000
0.617420 0.068005 0.000000
0.013165 -0.020034 0.000000
0.666812 -0.045551 0.000000
0.245749 -0.063057 0.000000
0.022639 -0.026372 0.000000
0.850881 0.030062 0.000000
0.436761 -0.063114 0.000000
0.359927 -0.065237 0.000000
0.135228 -0.053963 0.000000
0.527369 0.079505 0.000000
0.898713 0.020954 0.000000
0.328891 0.095692 0.000000
0.256153 0.096741 0.000000
0.323019 0.095907 0.000000
0.087047 0.073433 0.000000
0.011871 -0.018958 0.000000
0.662019 -0.046047 0.000000
0.583938 0.072516 0.000000
0.501684 0.082390 0.000000
0.238429 -0.062679 0.000000
0.922947 0.016154 0.000000
0.794395 -0.030704 0.000000
0.817722 0.036105 0.000000
0.549375 0.076886 0.000000
0.064971 0.065368 0.000000
0.803179 0.038687 0.000000
0.044360 -0.035800 0.000000
0.320547 -0.065279 0.000000
0.524535 -0.058084 0.000000
0.409032 -0.064159 0.000000
0.310903 -0.065167 0.000000
0.146144 0.087587 0.000000
0.228922 -0.062147 0.000000
0.116311 -0.051448 0.000000
0.538686 0.078175 0.000000
0.555816 0.076094 0.000000
0.952548 0.010115 0.000000
0.964862 0.007543 0.000000
0.690306 -0.043055 0.000000
0.729593 0.051123 0.000000
0.118284 -0.051729 0.000000
0.249165 -0.063222 0.000000
0.621087 0.067496 0.000000
0.030824 0.047628 0.000000
0.419098 0.090236 0.000000
0.346424 0.094933 0.000000
0.133431 -0.053742 0.000000
0.817084 -0.027738 0.000000
0.039019 0.052711 0.000000
0.935501 -0.010608 0.000000
0.477481 -0.061083 0.000000
0.152536 0.088632 0.000000
0.114192 -0.051139 0.000000
0.655351 0.062590 0.000000
0.907339 0.019260 0.000000
0.472388 0.085437 0.000000
0.061521 0.063915 0.000000
0.735764 0.050120 0.000000
0.824209 -0.026787 0.000000
0.381776 -0.064886 0.000000
0.368266 -0.065128 0.000000
0.698945 -0.042109 0.000000
0.108658 -0.050307 0.000000
0.001674 -0.005553 0.000000
0.302487 -0.065021 0.000000
0.582870 0.072655 0.000000
0.064754 0.065279 0.000000
0.404915 -0.064289 0.000000
0.226692 -0.062016 0.000000
0.914309 0.017880 0.000000
0.987314 0.002759 0.000000
0.079853 -0.045168 0.000000
0.288215 0.096760 0.000000
0.170704 -0.057769 0.000000
0.771599 0.044152 0.000000
0.605434 -0.051532 0.000000
0.429755 0.089359 0.000000
0.535248 -0.057312 0.000000
0.997689 -0.000397 0.000000
0.430194 0.089322 0.000000
0.222022 0.095628 0.000000
0.824642 -0.026728 0.000000
0.833071 -0.025589 0.000000
0.825974 -0.026549 0.000000
0.313857 -0.065204 0.000000
0.921892 0.016366 0.000000
0.550279 0.076775 0.000000
0.828304 0.034200 0.000000
0.418302 -0.063842 0.000000
0.013605 -0.020387 0.000000
0.867589 -0.020780 0.000000
0.344007 -0.065350 0.000000
0.651855 -0.047082 0.000000
0.169287 0.091014 0.000000
0.180992 -0.058694 0.000000
0.391100 0.092321 0.000000
0.166857 -0.057405 0.000000
0.798689 0.039475 0.000000
0.730201 0.051024 0.000000
0.850237 0.030182 0.000000
0.280981 -0.064478 0.000000
0.806992 -0.029069 0.000000
0.105310 -0.049782 0.000000
0.100624 0.077519 0.000000
0.053339 0.060218 0.000000
0.924265 -0.012358 0.000000
0.001901 0.016842 0.000000
0.086204 0.073162 0.000000
0.779092 -0.032649 0.000000
0.572303 0.074021 0.000000
0.428158 0.089492 0.000000
0.469101 -0.061548 0.000000
0.682577 -0.043888 0.000000
0.466674 -0.061677 0.000000
0.307590 -0.065112 0.000000
0.043852 -0.035626 0.000000
0.839069 -0.024770 0.000000
0.272561 0.096864 0.000000
0.547858 0.077071 0.000000
0.814049 0.036761 0.000000
0.372143 0.093543 0.000000
0.097600 0.076660 0.000000
0.223465 0.095704 0.000000
0.081073 0.071442 0.000000
0.236228 -0.062559 0.000000
0.082326 0.071868 0.000000
0.882269 0.024139 0.000000
0.189631 -0.059417 0.000000
0.940751 0.012546 0.000000
0.610176 0.069003 0.000000
0.766858 -0.034172 0.000000
0.595529 0.070984 0.000000
0.883938 0.023818 0.000000
0.782580 -0.032209 0.000000
0.116531 0.081612 0.000000
0.176612 -0.058310 0.000000
0.732611 0.050633 0.000000
0.708363 0.054515 0.000000
0.995651 -0.000747 0.000000
0.124122 0.083334 0.000000
0.103850 -0.049548 0.000000
0.668781 -0.045346 0.000000
0.010165 0.029945 0.000000
0.716919 -0.040094 0.000000
0.762228 0.045737 0.000000
0.534364 -0.057377 0.000000
0.842668 -0.024276 0.000000
0.668455 -0.045380 0.000000
0.992709 0.001590 0.000000
0.818968 0.035882 0.000000
0.487579 0.083891 0.000000
0.172067 0.091363 0.000000
0.267765 -0.064022 0.000000
0.205624 -0.060634 0.000000
0.739433 0.049520 0.000000
0.802545 -0.029650 0.000000
0.114837 -0.051234 0.000000
0.091004 0.074685 0.000000
0.379181 0.093108 0.000000
0.399092 -0.064460 0.000000
0.036453 -0.032884 0.000000
0.789539 -0.031326 0.000000
0.731580 0.050801 0.000000
0.305505 -0.065077 0.000000
0.050181 -0.037694 0.000000
0.276728 -0.064340 0.000000
0.094072 0.075620 0.000000
0.413050 -0.064025 0.000000
0.001671 0.016265 0.000000
0.281545 -0.064497 0.000000
0.517004 -0.058608 0.000000
0.824165 -0.026792 0.000000
0.332746 0.095537 0.000000
0.591554 0.071513 0.000000
0.562541 0.075257 0.000000
0.352751 -0.065304 0.000000
0.447354 0.087818 0.000000
0.983002 0.003687 0.000000
0.625907 0.066821 0.000000
0.418118 0.090314 0.000000
0.719367 -0.039815 0.000000
0.043902 -0.035643 0.000000
0.019781 -0.024686 0.000000
0.344835 0.095008 0.000000
0.409319 0.090999 0.000000
0.856499 -0.022350 0.000000
0.426129 -0.063549 0.000000
0.104693 0.078632 0.000000
0.861506 0.028080 0.000000
0.324508 0.095852 0.000000
0.478501 -0.061026 0.000000
0.230505 0.096029 0.000000
0.895658 0.021550 0.000000
0.153183 -0.056019 0.000000
0.481688 -0.060843 0.000000
0.449720 -0.062529 0.000000
0.557269 -0.055631 0.000000
0.658829 -0.046374 0.000000
0.208897 -0.060866 0.000000
0.996152 0.000841 0.000000
0.810752 -0.028576 0.000000
0.221073 -0.061672 0.000000
0.566705 0.074733 0.000000
0.505212 0.082005 0.000000
0.149890 0.088211 0.000000
0.001648 -0.005491 0.000000
0.138258 -0.054331 0.000000
0.569509 -0.054642 0.000000
0.428950 -0.063439 0.000000
0.877186 0.025112 0.000000
0.326721 0.095771 0.000000
0.425122 0.089745 0.000000
0.966073 0.007288 0.000000
0.668659 -0.045359 0.000000
0.549269 0.076899 0.000000
0.581619 -0.053628 0.000000
0.391134 0.092318 0.000000
0.845114 0.031129 0.000000
0.420394 -0.063766 0.000000
0.160720 -0.056800 0.000000
0.157578 0.089403 0.000000
0.472756 -0.061348 0.000000
0.341925 0.095144 0.000000
0.425044 -0.063591 0.000000
0.598131 0.070636 0.000000
0.228210 -0.062106 0.000000
0.954773 -0.007540 0.000000
0.692467 -0.042819 0.000000
0.641005 0.064675 0.000000
0.924915 -0.012258 0.000000
0.044517 -0.035853 0.000000
0.047205 0.057184 0.000000
0.328157 -0.065334 0.000000
0.705185 -0.041417 0.000000
0.283389 -0.064551 0.000000
0.767628 0.044826 0.000000
0.937459 0.013219 0.000000
0.595883 0.070937 0.000000
0.601758 0.070148 0.000000
0.875076 -0.019705 0.000000
0.562922 -0.055179 0.000000
0.291182 0.096717 0.000000
0.069671 -0.042928 0.000000
0.900663 0.020572 0.000000
0.703871 -0.041563 0.000000
0.437332 0.088709 0.000000
0.591704 -0.052756 0.000000
0.339718 -0.065359 0.000000
0.028095 -0.029219 0.000000
0.319818 -0.065273 0.000000
0.012110 -0.019161 0.000000
0.706258 0.054846 0.000000
0.636797 -0.048577 0.000000
0.389472 0.092432 0.000000
0.016620 -0.022616 0.000000
0.682743 -0.043870 0.000000
0.320194 0.096003 0.000000
0.579918 0.073040 0.000000
0.740913 0.049278 0.000000
0.006020 0.024492 0.000000
0.977557 -0.003803 0.000000
0.004490 -0.010780 0.000000
0.323608 0.095885 0.000000
0.380262 -0.064918 0.000000
0.921017 -0.012859 0.000000
0.439170 -0.063011 0.000000
0.700048 0.055819 0.000000
0.028835 -0.029573 0.000000
0.395897 0.091987 0.000000
0.684824 0.058171 0.000000
0.612772 -0.050860 0.000000
0.323595 0.095886 0.000000
0.837696 0.032491 0.000000
0.505118 -0.059401 0.000000
0.562436 0.075270 0.000000
0.245786 -0.063059 0.000000
0.943338 0.012015 0.000000
0.635900 0.065407 0.000000
0.020140 0.039697 0.000000
0.781492 0.042461 0.000000
0.581684 0.072810 0.000000
0.391840 -0.064655 0.000000
0.253280 -0.063417 0.000000
0.869255 -0.020541 0.000000
0.332520 -0.065353 0.000000
0.663501 -0.045894 0.000000
0.503325 -0.059517 0.000000
0.609009 -0.051206 0.000000
0.841022 -0.024502 0.000000
0.570513 0.074249 0.000000
0.150332 0.088281 0.000000
0.048179 -0.037065 0.000000
0.473501 0.085326 0.000000
0.437727 -0.063073 0.000000
0.400096 -0.064431 0.000000
0.056492 -0.039553 0.000000
0.359212 -0.065246 0.000000
0.928157 0.015106 0.000000
0.320143 0.096005 0.000000
0.896740 0.021339 0.000000
0.116716 -0.051506 0.000000
0.905712 0.019581 0.000000
0.417344 0.090375 0.000000
0.165204 0.090479 0.000000
0.769051 -0.033901 0.000000
0.950776 0.010482 0.000000
-0.000343 0.008133 0.000000
0.180116 -0.058618 0.000000
0.398757 0.091783 0.000000
0.822881 -0.026965 0.000000
0.376718 0.093263 0.000000
0.735382 -0.037960 0.000000
0.638760 0.064997 0.000000
0.860524 0.028264 0.000000
0.161049 0.089905 0.000000
0.656978 -0.046563 0.000000
0.382709 -0.064867 0.000000
0.525951 0.079669 0.000000
0.083934 0.072411 0.000000
0.912864 -0.014106 0.000000
0.973759 -0.004434 0.000000
0.884921 -0.018275 0.000000
0.273084 -0.064216 0.000000
0.265789 -0.063945 0.000000
0.450079 0.087569 0.000000
0.684230 0.058262 0.000000
0.546544 -0.056465 0.000000
0.305375 -0.065075 0.000000
0.944674 -0.009158 0.000000
0.768948 0.044602 0.000000
0.309959 -0.065151 0.000000
0.219207 0.095478 0.000000
0.793418 -0.030829 0.000000
0.885318 -0.018217 0.000000
0.374718 -0.065023 0.000000
0.460319 -0.062008 0.000000
0.373455 0.093464 0.000000
0.353537 -0.065297 0.000000
0.172353 -0.057924 0.000000
0.707605 -0.041146 0.000000
0.914103 -0.013918 0.000000
0.717356 -0.040045 0.000000
0.988330 -0.001993 0.000000
0.401779 -0.064382 0.000000
0.191570 0.093452 0.000000
0.281045 -0.064481 0.000000
0.899887 -0.016063 0.000000
0.949308 -0.008418 0.000000
0.466614 0.086005 0.000000
0.431265 0.089231 0.000000
0.625384 0.066895 0.000000
0.923245 -0.012516 0.000000
0.329014 0.095687 0.000000
0.474048 0.085271 0.000000
0.183961 0.092710 0.000000
0.538258 -0.057090 0.000000
0.660578 -0.046195 0.000000
0.180847 0.092376 0.000000
0.703368 -0.041619 0.000000
0.884378 0.023733 0.000000
0.322226 -0.065294 0.000000
0.573838 -0.054283 0.000000
0.050269 0.058730 0.000000
0.290207 0.096731 0.000000
0.077124 -0.044594 0.000000
0.555599 0.076121 0.000000
0.112987 0.080758 0.000000
0.033339 -0.031599 0.000000
0.621621 -0.050034 0.000000
0.739220 -0.037508 0.000000
0.954770 -0.007540 0.000000
0.253798 0.096702 0.000000
0.939824 -0.009927 0.000000
0.333531 -0.065354 0.000000
0.173786 0.091572 0.000000
0.145386 -0.055162 0.000000
0.343142 0.095088 0.000000
0.036399 -0.032862 0.000000
0.445636 -0.062721 0.000000
0.418568 0.090278 0.000000
0.224971 -0.061911 0.000000
0.187770 -0.059267 0.000000
0.272839 -0.064207 0.000000
0.091113 0.074719 0.000000
0.742680 0.048988 0.000000
0.268985 0.096853 0.000000
0.887215 -0.017939 0.000000
0.464919 0.086170 0.000000
0.330115 -0.065344 0.000000
0.088320 -0.046842 0.000000
0.510226 0.081452 0.000000
0.309029 0.096344 0.000000
0.713535 -0.040478 0.000000
0.325598 -0.065321 0.000000
0.235682 0.096227 0.000000
0.054119 0.060588 0.000000
0.686158 -0.043503 0.000000
0.296141 -0.064889 0.000000
0.272685 -0.064202 0.000000
0.716200 0.053273 0.000000
0.890201 -0.017500 0.000000
0.282605 0.096817 0.000000
0.286445 -0.064638 0.000000
0.522505 0.080066 0.000000
0.051537 0.059352 0.000000
0.957982 -0.007021 0.000000
0.658696 -0.046388 0.000000
0.958872 0.008799 0.000000
0.462488 0.086404 0.000000
0.609028 0.069160 0.000000
0.070822 -0.043195 0.000000
0.394581 0.092080 0.000000
0.606790 0.069466 0.000000
0.596292 -0.052352 0.000000
0.310543 0.096300 0.000000
0.183200 0.092632 0.000000
0.469424 0.085730 0.000000
0.713028 0.053777 0.000000
0.465930 0.086072 0.000000
0.107179 -0.050077 0.000000
0.613423 -0.050800 0.000000
0.559041 0.075694 0.000000
0.868920 0.026682 0.000000
0.004171 0.021497 0.000000
0.180733 0.092364 0.000000
0.388591 0.092493 0.000000
0.495384 -0.060020 0.000000
0.214655 -0.061258 0.000000
0.465536 0.086110 0.000000
0.607892 -0.051309 0.000000
0.408014 -0.064191 0.000000
0.294875 -0.064857 0.000000
0.356813 0.094411 0.000000
0.185428 -0.059071 0.000000
0.792003 0.040643 0.000000
0.372668 -0.065060 0.000000
0.380719 -0.064908 0.000000
0.879261 0.024715 0.000000
0.160541 0.089832 0.000000
0.942200 0.012249 0.000000
0.851409 -0.023063 0.000000
0.610558 -0.051064 0.000000
0.008777 0.028261 0.000000
0.126023 -0.052790 0.000000
0.773938 -0.033294 0.000000
0.361076 -0.065223 0.000000
0.165255 0.090485 0.000000
0.535276 0.078579 0.000000
0.968783 -0.005256 0.000000
0.646639 0.063862 0.000000
0.141723 -0.054742 0.000000
0.066738 0.066091 0.000000
0.407019 0.091175 0.000000
0.599753 -0.052044 0.000000
0.443853 -0.062802 0.000000
0.165912 -0.057313 0.000000
0.447091 -0.062654 0.000000
0.168281 0.090888 0.000000
0.409303 0.091001 0.000000
0.922234 -0.012672 0.000000
0.976819 -0.003926 0.000000
0.299154 -0.064952 0.000000
0.499362 0.082641 0.000000
0.415968 0.090483 0.000000
0.066326 0.065923 0.000000
0.985960 -0.002393 0.000000
0.281018 -0.064480 0.000000
0.005654 0.023937 0.000000
0.210227 -0.060958 0.000000
0.983793 -0.002759 0.000000
0.262313 -0.063805 0.000000
0.856388 0.029037 0.000000
0.657299 0.062304 0.000000
0.845935 -0.023824 0.000000
0.838653 -0.024827 0.000000
0.021714 -0.025843 0.000000
0.959890 0.008586 0.000000
0.628538 -0.049376 0.000000
0.205906 0.094635 0.000000
0.920104 -0.013000 0.000000
0.498368 -0.059833 0.000000
0.364344 -0.065184 0.000000
0.967199 0.007050 0.000000
0.868481 -0.020652 0.000000
0.553948 -0.055892 0.000000
0.317830 0.096080 0.000000
0.029265 -0.029777 0.000000
0.219242 -0.061555 0.000000
0.093844 -0.047854 0.000000
0.851240 0.029996 0.000000
0.480761 -0.060897 0.000000
0.360923 -0.065225 0.000000
0.985325 -0.002501 0.000000
0.080836 -0.045372 0.000000
0.691569 0.057135 0.000000
0.128406 0.084247 0.000000
0.705420 -0.041390 0.000000
0.411450 -0.064080 0.000000
0.644901 -0.047778 0.000000
0.730005 -0.038588 0.000000
0.020840 0.040277 0.000000
0.505704 -0.059363 0.000000
0.163774 0.090288 0.000000
0.695793 0.056481 0.000000
0.999048 0.000208 0.000000
0.409182 -0.064154 0.000000
0.480058 0.084666 0.000000
0.743919 -0.036952 0.000000
0.524199 -0.058108 0.000000
0.282468 -0.064525 0.000000
0.982030 0.003896 0.000000
0.300183 -0.064974 0.000000
0.438143 -0.063055 0.000000
0.096031 -0.048238 0.000000
0.861586 -0.021633 0.000000
0.646065 -0.047663 0.000000
0.116740 0.081661 0.000000
0.994299 0.001245 0.000000
0.852697 -0.022883 0.000000
0.846118 -0.023799 0.000000
0.223442 -0.061817 0.000000
0.748086 -0.036454 0.000000
0.812385 0.037057 0.000000
0.642876 -0.047979 0.000000
0.523343 -0.058168 0.000000
0.975179 0.005360 0.000000
0.781605 0.042441 0.000000
0.280236 0.096838 0.000000
0.255249 0.096726 0.000000
0.668458 0.060647 0.000000
0.683293 -0.043811 0.000000
0.748437 0.048038 0.000000
0.013333 0.033415 0.000000
0.652153 0.063059 0.000000
0.485773 -0.060604 0.000000
0.030913 -0.030534 0.000000
0.980163 0.004296 0.000000
0.500434 -0.059702 0.000000
0.286832 0.096779 0.000000
0.594458 0.071127 0.000000
0.713908 0.053637 0.000000
0.892270 -0.017194 0.000000
0.685624 -0.043561 0.000000
0.835796 0.032838 0.000000
0.434396 0.088963 0.000000
0.610088 -0.051107 0.000000
0.414377 -0.063980 0.000000
0.446801 0.087868 0.000000
0.286424 0.096783 0.000000
0.809130 -0.028789 0.000000
0.350599 0.094730 0.000000
0.213200 0.095124 0.000000
0.880175 0.024540 0.000000
0.823894 -0.026829 0.000000
0.161732 0.090002 0.000000
0.322182 0.095938 0.000000
0.021778 -0.025880 0.000000
0.342572 0.095115 0.000000
0.912590 -0.014148 0.000000
0.498683 0.082715 0.000000
0.067308 0.066319 0.000000
0.479148 0.084758 0.000000
0.864123 0.027588 0.000000
0.162620 0.090128 0.000000
0.415068 -0.063957 0.000000
0.876397 0.025262 0.000000
0.261722 0.096807 0.000000
0.006121 0.024644 0.000000
0.107192 0.079295 0.000000
0.298807 0.096584 0.000000
0.554621 -0.055839 0.000000
0.958595 -0.006922 0.000000
0.327379 0.095747 0.000000
0.834692 0.033039 0.000000
0.288322 0.096758 0.000000
0.559711 -0.055436 0.000000
0.137572 -0.054250 0.000000
0.959630 -0.006753 0.000000
0.811746 -0.028445 0.000000
0.073961 0.068893 0.000000
0.126223 -0.052817 0.000000
0.661574 0.061672 0.000000
0.403120 0.091464 0.000000
0.186461 0.092961 0.000000
0.489931 0.083645 0.000000
0.771227 0.044215 0.000000
0.992756 0.001580 0.000000
0.558171 -0.055559 0.000000
0.750428 0.047708 0.000000
0.039735 -0.034148 0.000000
0.448809 0.087685 0.000000
0.516691 -0.058629 0.000000
0.734238 0.050369 0.000000
0.454746 0.087137 0.000000
0.381479 -0.064893 0.000000
0.707619 0.054632 0.000000
0.074264 0.069005 0.000000
0.024956 -0.027634 0.000000
0.987154 -0.002192 0.000000
0.038351 -0.033625 0.000000
0.522281 -0.058243 0.000000
0.015205 0.035278 0.000000
-0.000112 0.000622 0.000000
0.009031 0.028577 0.000000
0.857635 -0.022191 0.000000
0.210476 -0.060975 0.000000
0.537980 0.078259 0.000000
0.072440 0.068320 0.000000
0.857739 0.028785 0.000000
0.259578 -0.063693 0.000000
0.125891 -0.052772 0.000000
0.400661 0.091646 0.000000
0.512075 -0.058942 0.000000
0.487484 0.083901 0.000000
0.803623 -0.029510 0.000000
0.834950 0.032992 0.000000
0.183147 -0.058880 0.000000
0.953092 -0.007811 0.000000
0.061298 0.063819 0.000000
0.215801 0.095282 0.000000
0.665955 0.061021 0.000000
0.241340 -0.062833 0.000000
0.039643 0.053072 0.000000
0.046214 -0.036424 0.000000
0.037482 0.051810 0.000000
0.184662 0.092781 0.000000
0.505070 0.082021 0.000000
0.400747 -0.064412 0.000000
0.461409 -0.061952 0.000000
0.720342 0.052612 0.000000
0.411777 0.090812 0.000000
0.584086 0.072497 0.000000
0.581562 0.072826 0.000000
0.945242 -0.009068 0.000000
0.180010 -0.058609 0.000000
0.462625 0.086390 0.000000
0.086367 -0.046469 0.000000
0.318779 -0.065264 0.000000
0.508975 -0.059148 0.000000
0.307377 -0.065108 0.000000
0.976784 -0.003932 0.000000
0.927217 -0.011901 0.000000
0.698741 -0.042131 0.000000
0.048920 -0.037299 0.000000
0.853055 -0.022833 0.000000
0.103219 0.078234 0.000000
0.185894 -0.059110 0.000000
0.138257 0.086182 0.000000
0.055192 -0.039186 0.000000
0.493118 -0.060160 0.000000
0.811446 -0.028484 0.000000
0.002106 -0.006537 0.000000
0.068699 -0.042699 0.000000
0.684128 0.058278 0.000000
0.899229 0.020853 0.000000
0.292978 -0.064811 0.000000
0.350914 0.094714 0.000000
0.715324 -0.040276 0.000000
0.129557 0.084483 0.000000
0.209030 0.094849 0.000000
0.646919 0.063821 0.000000
0.172569 0.091425 0.000000
0.004613 -0.010962 0.000000
0.340052 0.095226 0.000000
0.455315 0.087084 0.000000
0.419695 0.090187 0.000000
0.686487 0.057917 0.000000
0.030984 -0.030566 0.000000
0.059794 0.063165 0.000000
0.876757 0.025194 0.000000
0.417733 0.090344 0.000000
0.597667 0.070698 0.000000
0.062734 0.064433 0.000000
0.681331 -0.044021 0.000000
0.529427 -0.057735 0.000000
0.696011 -0.042431 0.000000
0.668276 0.060674 0.000000
0.412061 0.090790 0.000000
0.804451 0.038463 0.000000
0.356444 0.094431 0.000000
0.919843 0.016776 0.000000
0.907432 0.019242 0.000000
0.676846 0.059385 0.000000
0.474723 -0.061240 0.000000
0.952886 -0.007844 0.000000
0.141320 0.086745 0.000000
0.658056 0.062192 0.000000
0.158310 0.089513 0.000000
0.306862 -0.065099 0.000000
0.892483 -0.017163 0.000000
0.728199 -0.038799 0.000000
0.413712 -0.064003 0.000000
0.983087 0.003669 0.000000
0.120262 0.082476 0.000000
0.128800 0.084330 0.000000
0.967878 0.006907 0.000000
0.628722 -0.049358 0.000000
0.076661 0.069883 0.000000
0.767265 -0.034122 0.000000
0.395719 -0.064553 0.000000
0.238374 -0.062676 0.000000
0.648489 -0.047420 0.000000
0.768721 0.044640 0.000000
0.965013 0.007511 0.000000
0.011228 -0.018394 0.000000
0.822808 -0.026975 0.000000
0.764608 -0.034449 0.000000
0.114116 0.081037 0.000000
0.393179 -0.064620 0.000000
0.579764 -0.053785 0.000000
0.136789 -0.054154 0.000000
0.086304 -0.046457 0.000000
0.319050 0.096040 0.000000
0.793880 -0.030770 0.000000
0.465692 -0.061729 0.000000
0.993441 0.001431 0.000000
0.955182 0.009568 0.000000
0.094078 -0.047896 0.000000
0.033860 0.049593 0.000000
0.849143 0.030384 0.000000
0.662551 0.061528 0.000000
0.556587 -0.055684 0.000000
0.141421 0.086763 0.000000
0.353213 0.094597 0.000000
0.292027 -0.064787 0.000000
0.190003 -0.059447 0.000000
0.086088 -0.046416 0.000000
0.907012 -0.014993 0.000000
0.030531 0.047432 0.000000
0.508427 0.081652 0.000000
0.367828 0.093799 0.000000
0.995739 0.000931 0.000000
0.555508 -0.055769 0.000000
0.672023 -0.045007 0.000000
0.999373 0.000137 0.000000
0.656944 -0.046567 0.000000
0.012429 -0.019431 0.000000
0.190832 0.093384 0.000000
0.017697 -0.023349 0.000000
0.044894 -0.035983 0.000000
-0.000447 0.006877 0.000000
0.854200 -0.022673 0.000000
0.077342 0.070128 0.000000
0.961571 -0.006438 0.000000
0.060386 -0.040615 0.000000
0.810146 -0.028656 0.000000
0.173323 -0.058012 0.000000
0.505922 -0.059348 0.000000
0.798789 0.039458 0.000000
0.179483 0.092228 0.000000
0.656193 0.062467 0.000000
0.919779 0.016789 0.000000
0.921798 -0.012739 0.000000
0.292005 0.096705 0.000000
0.899827 -0.016072 0.000000
0.542215 -0.056794 0.000000
0.143809 0.087184 0.000000
0.226298 -0.061992 0.000000
0.585905 -0.053261 0.000000
0.951002 -0.008147 0.000000
0.622566 0.067289 0.000000
0.598386 0.070602 0.000000
0.010023 0.029778 0.000000
0.382758 0.092879 0.000000
0.912234 0.018292 0.000000
0.661467 0.061688 0.000000
0.376532 -0.064990 0.000000
0.265880 -0.063949 0.000000
0.735087 0.050231 0.000000
0.639742 -0.048288 0.000000
0.293984 0.096677 0.000000
0.432755 0.089103 0.000000
0.942183 0.012252 0.000000
0.674366 0.059760 0.000000
0.110156 -0.050536 0.000000
0.001090 -0.004034 0.000000
0.495821 -0.059993 0.000000
0.342429 -0.065353 0.000000
0.545303 0.077380 0.000000
0.621915 0.067380 0.000000
0.021500 -0.025720 0.000000
0.070014 -0.043007 0.000000
0.919168 0.016911 0.000000
0.928495 0.015038 0.000000
0.117141 0.081757 0.000000
0.252722 -0.063391 0.000000
0.773192 -0.033387 0.000000
0.788744 0.041209 0.000000
0.643220 0.064356 0.000000
0.742448 -0.037126 0.000000
0.331110 -0.065349 0.000000
0.936332 -0.010477 0.000000
0.785102 0.041839 0.000000
0.547552 0.077108 0.000000
0.891226 0.022411 0.000000
0.884908 0.023631 0.000000
0.721226 -0.039602 0.000000
0.618848 0.067807 0.000000
0.215867 -0.061337 0.000000
0.685654 -0.043557 0.000000
0.695629 0.056507 0.000000
0.517140 0.080677 0.000000
0.830065 -0.025997 0.000000
0.179592 0.092240 0.000000
0.237742 0.096300 0.000000
0.445402 -0.062732 0.000000
0.952667 0.010090 0.000000
0.802298 0.038842 0.000000
0.601032 0.070246 0.000000
0.068097 -0.042555 0.000000
0.618461 0.067861 0.000000
0.252665 0.096683 0.000000
0.635189 0.065508 0.000000
0.301444 0.096531 0.000000
0.400052 0.091690 0.000000
0.816480 0.036327 0.000000
0.249612 -0.063243 0.000000
0.983572 0.003565 0.000000
0.797173 0.039741 0.000000
0.864931 0.027436 0.000000
0.264702 -0.063901 0.000000
0.044128 -0.035720 0.000000
0.238349 -0.062675 0.000000
0.646909 0.063823 0.000000
0.466737 -0.061673 0.000000
0.423480 0.089880 0.000000
0.173892 -0.058064 0.000000
0.151469 -0.055835 0.000000
0.777344 -0.032868 0.000000
0.350974 0.094711 0.000000
0.178442 0.092115 0.000000
0.211238 0.095001 0.000000
0.959306 -0.006806 0.000000
0.943378 -0.009364 0.000000
0.872091 -0.020135 0.000000
0.697550 -0.042263 0.000000
0.043761 -0.035595 0.000000
0.868473 -0.020653 0.000000
0.069161 -0.042809 0.000000
0.074796 -0.044089 0.000000
0.259926 0.096790 0.000000
0.296434 0.096630 0.000000
0.061739 -0.040970 0.000000
0.359887 0.094245 0.000000
0.167838 -0.057500 0.000000
0.137329 0.086011 0.000000
0.497752 -0.059872 0.000000
0.230888 -0.062260 0.000000
0.252491 -0.063380 0.000000
0.384773 -0.064824 0.000000
0.140475 0.086593 0.000000
0.391660 -0.064660 0.000000
0.981596 -0.003127 0.000000
0.084908 -0.046185 0.000000
0.310280 -0.065157 0.000000
0.951088 0.010418 0.000000
0.775350 -0.033118 0.000000
0.437696 -0.063074 0.000000
0.769895 0.044441 0.000000
0.595932 0.070930 0.000000
0.291581 -0.064776 0.000000
0.048446 0.057818 0.000000
0.336221 -0.065358 0.000000
0.226924 0.095866 0.000000
0.620585 -0.050132 0.000000
0.836249 -0.025156 0.000000
0.818971 0.035881 0.000000
0.311928 0.096260 0.000000
0.266062 -0.063956 0.000000
0.140942 -0.054650 0.000000
0.760716 -0.034926 0.000000
0.322257 0.095935 0.000000
0.410752 -0.064103 0.000000
0.763051 0.045598 0.000000
0.817395 -0.027697 0.000000
0.039297 0.052872 0.000000
0.513643 -0.058836 0.000000
0.533518 -0.057439 0.000000
0.617907 -0.050382 0.000000
0.373769 -0.065040 0.000000
0.896736 0.021340 0.000000
0.687287 0.057794 0.000000
0.969621 -0.005118 0.000000
0.320791 0.095983 0.000000
0.006473 0.025160 0.000000
0.097396 0.076600 0.000000
0.656987 0.062350 0.000000
0.179323 -0.058549 0.000000
0.579026 0.073155 0.000000
0.744145 -0.036925 0.000000
0.476080 0.085069 0.000000
0.992917 0.001545 0.000000
0.191331 0.093430 0.000000
0.838029 -0.024913 0.000000
0.888376 -0.017768 0.000000
0.294902 -0.064858 0.000000
0.363752 0.094032 0.000000
0.590308 -0.052879 0.000000
0.119987 -0.051969 0.000000
0.994390 -0.000962 0.000000
0.710055 -0.040871 0.000000
0.942206 -0.009550 0.000000
0.270994 -0.064140 0.000000
0.246549 0.096552 0.000000
0.919347 0.016876 0.000000
0.980458 0.004233 0.000000
0.932764 0.014174 0.000000
0.916268 -0.013587 0.000000
0.264016 -0.063874 0.000000
0.520401 0.080306 0.000000
-0.000415 0.003087 0.000000
0.224662 -0.061892 0.000000
0.047180 0.057171 0.000000
0.465780 0.086086 0.000000
0.913254 -0.014047 0.000000
0.314188 0.096196 0.000000
0.466514 0.086015 0.000000
0.221157 0.095582 0.000000
0.540019 0.078015 0.000000
0.210910 0.094978 0.000000
0.166348 -0.057355 0.000000
0.973885 -0.004413 0.000000
0.574367 -0.054239 0.000000
0.502329 0.082320 0.000000
0.356594 0.094423 0.000000
0.134402 -0.053862 0.000000
0.992657 0.001602 0.000000
0.530091 -0.057687 0.000000
0.557713 -0.055596 0.000000
0.962680 0.008001 0.000000
0.066080 0.065822 0.000000
0.526866 -0.057919 0.000000
0.285559 -0.064613 0.000000
0.890895 0.022475 0.000000
0.329614 0.095663 0.000000
0.347803 0.094867 0.000000
0.099931 0.077323 0.000000
0.361030 0.094184 0.000000
0.146633 -0.055303 0.000000
0.583826 0.072530 0.000000
0.963329 -0.006151 0.000000
0.101145 0.077664 0.000000
0.423858 -0.063637 0.000000
0.218379 -0.061499 0.000000
0.548603 -0.056308 0.000000
0.576187 0.073522 0.000000
0.048362 0.057775 0.000000
0.119889 -0.051955 0.000000
0.073068 -0.043706 0.000000
0.886649 -0.018022 0.000000
0.876316 -0.019526 0.000000
0.439054 0.088558 0.000000
0.495376 0.083069 0.000000
0.946327 -0.008895 0.000000
0.146635 0.087669 0.000000
0.784803 -0.031928 0.000000
0.893312 0.022006 0.000000
0.947556 -0.008699 0.000000
0.868834 -0.020602 0.000000
0.040724 0.053687 0.000000
0.435789 -0.063156 0.000000
0.346815 0.094914 0.000000
0.430035 0.089335 0.000000
0.825104 0.034778 0.000000
0.254768 0.096718 0.000000
0.056739 -0.039623 0.000000
0.916379 0.017468 0.000000
0.863564 -0.021352 0.000000
0.394857 -0.064576 0.000000
0.217048 -0.061413 0.000000
0.456577 0.086965 0.000000
0.374503 0.093401 0.000000
0.638759 0.064998 0.000000
0.321461 -0.065287 0.000000
0.157738 0.089427 0.000000
0.298272 0.096594 0.000000
0.059050 0.062837 0.000000
0.600153 0.070364 0.000000
0.233829 -0.062429 0.000000
0.297749 0.096604 0.000000
0.087987 -0.046778 0.000000
0.289372 0.096743 0.000000
0.840009 0.032067 0.000000
0.129408 0.084453 0.000000
0.913280 0.018084 0.000000
0.609892 0.069042 0.000000
0.774198 0.043709 0.000000
0.843621 -0.024144 0.000000
0.421849 -0.063713 0.000000
0.583624 -0.053456 0.000000
0.200182 0.094199 0.000000
0.182895 -0.058859 0.000000
0.702155 0.055490 0.000000
0.192426 0.093531 0.000000
0.449960 -0.062518 0.000000
0.018116 -0.023625 0.000000
0.356961 0.094403 0.000000
0.898732 0.020950 0.000000
0.396662 0.091932 0.000000
0.996306 0.000808 0.000000
0.321550 0.095959 0.000000
0.268529 -0.064050 0.000000
0.445063 -0.062747 0.000000
0.540374 0.077973 0.000000
0.907246 -0.014958 0.000000
0.598547 0.070580 0.000000
0.931696 -0.011204 0.000000
0.864358 -0.021240 0.000000
0.864386 -0.021236 0.000000
0.658091 0.062187 0.000000
0.971536 -0.004802 0.000000
0.254883 -0.063487 0.000000
0.546978 -0.056432 0.000000
0.830466 -0.025943 0.000000
0.885470 0.023523 0.000000
0.769787 0.044460 0.000000
0.089689 0.074275 0.000000
0.940329 -0.009847 0.000000
0.562138 -0.055242 0.000000
0.939651 -0.009954 0.000000
0.251171 0.096658 0.000000
0.915448 -0.013713 0.000000
0.017296 0.037229 0.000000
0.907659 -0.014895 0.000000
0.506914 0.081818 0.000000
0.604519 -0.051615 0.000000
0.407645 -0.064203 0.000000
0.044806 -0.035952 0.000000
0.383287 0.092844 0.000000
0.907625 0.019204 0.000000
0.635658 0.065441 0.000000
0.002675 -0.007702 0.000000
0.418986 0.090245 0.000000
0.403623 -0.064329 0.000000
0.800964 -0.029855 0.000000
0.597807 0.070680 0.000000
0.043514 -0.035510 0.000000
0.616052 -0.050556 0.000000
0.504899 -0.059415 0.000000
0.861872 -0.021592 0.000000
0.309450 -0.065143 0.000000
0.838899 -0.024794 0.000000
0.793633 -0.030802 0.000000
0.989813 0.002218 0.000000
0.265014 0.096840 0.000000
0.123037 0.083095 0.000000
0.662825 0.061487 0.000000
0.867870 0.026881 0.000000
0.860249 -0.021822 0.000000
0.152526 -0.055948 0.000000
0.299259 0.096575 0.000000
0.089637 -0.047087 0.000000
0.757180 0.046583 0.000000
0.537122 0.078360 0.000000
0.922357 -0.012653 0.000000
0.561675 0.075366 0.000000
0.815580 -0.027938 0.000000
0.430843 0.089267 0.000000
0.514449 0.080980 0.000000
0.291458 0.096713 0.000000
0.347849 -0.065333 0.000000
0.052555 -0.038415 0.000000
0.803872 0.038564 0.000000
0.322251 -0.065294 0.000000
0.059367 -0.040343 0.000000
0.711872 -0.040666 0.000000
0.641572 -0.048108 0.000000
0.361681 -0.065216 0.000000
0.166185 0.090610 0.000000
0.614536 -0.050697 0.000000
0.380477 -0.064913 0.000000
0.712910 0.053796 0.000000
0.598568 -0.052150 0.000000
0.418900 0.090252 0.000000
0.642892 -0.047977 0.000000
0.266257 -0.063964 0.000000
0.850543 -0.023184 0.000000
0.346149 0.094946 0.000000
0.626625 0.066720 0.000000
0.027567 -0.028961 0.000000
0.969214 0.006625 0.000000
0.895410 -0.016729 0.000000
0.794355 0.040233 0.000000
0.108905 0.079734 0.000000
0.678683 -0.044303 0.000000
0.134613 0.085490 0.000000
0.266841 0.096846 0.000000
0.485770 0.084079 0.000000
0.321661 -0.065289 0.000000
0.459842 0.086657 0.000000
0.068750 0.066895 0.000000
0.581336 0.072855 0.000000
0.626694 -0.049552 0.000000
0.874329 -0.019813 0.000000
0.996757 -0.000557 0.000000
0.836977 -0.025057 0.000000
0.596384 -0.052344 0.000000
0.554520 -0.055847 0.000000
0.487121 -0.060523 0.000000
0.112467 -0.050886 0.000000
0.013772 -0.020517 0.000000
0.132110 -0.053575 0.000000
0.124955 0.083518 0.000000
0.016169 0.036193 0.000000
0.497836 0.082806 0.000000
0.570119 0.074299 0.000000
0.560579 0.075502 0.000000
0.680802 -0.044078 0.000000
0.569412 -0.054650 0.000000
0.007621 -0.014807 0.000000
0.058279 0.062496 0.000000
0.648635 -0.047406 0.000000
0.742160 -0.037160 0.000000
0.581209 0.072872 0.000000
0.551470 -0.056086 0.000000
0.666945 0.060874 0.000000
0.273042 -0.064215 0.000000
0.110749 -0.050626 0.000000
0.690434 -0.043041 0.000000
0.266735 -0.063983 0.000000
0.406509 0.091214 0.000000
0.560582 0.075502 0.000000
0.850578 0.030119 0.000000
0.571683 0.074100 0.000000
0.288975 0.096749 0.000000
0.666512 -0.045582 0.000000
0.188173 0.093133 0.000000
0.012464 0.032508 0.000000
0.389208 0.092450 0.000000
0.552117 -0.056035 0.000000
0.492799 -0.060180 0.000000
0.886037 -0.018111 0.000000
0.819605 -0.027403 0.000000
0.696688 -0.042357 0.000000
0.606707 0.069477 0.000000
0.726270 -0.039022 0.000000
0.958556 -0.006928 0.000000
0.162671 -0.056996 0.000000
0.874168 -0.019836 0.000000
0.112567 0.080655 0.000000
0.930859 -0.011334 0.000000
0.099498 -0.048832 0.000000
0.247890 0.096584 0.000000
0.099358 -0.048808 0.000000
0.498440 0.082741 0.000000
0.236166 -0.062556 0.000000
0.559504 0.075636 0.000000
0.208426 0.094808 0.000000
0.326310 0.095786 0.000000
0.638240 -0.048435 0.000000
0.319503 0.096026 0.000000
0.741643 -0.037222 0.000000
0.179392 -0.058555 0.000000
0.783111 0.042182 0.000000
0.976583 0.005061 0.000000
0.367550 -0.065139 0.000000
0.657302 -0.046530 0.000000
0.557103 0.075935 0.000000
0.543510 0.077597 0.000000
0.002742 -0.007832 0.000000
0.517187 -0.058595 0.000000
0.007150 0.026118 0.000000
0.672896 0.059981 0.000000
0.199396 0.094135 0.000000
0.506589 0.081854 0.000000
0.038129 -0.033540 0.000000
0.360399 -0.065232 0.000000
0.991239 0.001909 0.000000
0.158643 -0.056591 0.000000
0.867528 0.026946 0.000000
0.782819 0.042232 0.000000
0.482408 0.084426 0.000000
0.809722 0.037530 0.000000
0.839494 -0.024712 0.000000
0.935982 -0.010532 0.000000
0.149071 -0.055573 0.000000
0.299037 0.096579 0.000000
0.970665 0.006318 0.000000
0.150452 -0.055725 0.000000
0.188294 -0.059309 0.000000
0.474923 0.085184 0.000000
0.201797 -0.060357 0.000000
0.646447 -0.047624 0.000000
0.004334 -0.010543 0.000000
0.745153 -0.036804 0.000000
0.202944 0.094410 0.000000
0.667438 -0.045486 0.000000
0.322794 -0.065299 0.000000
0.547090 0.077164 0.000000
0.450094 -0.062512 0.000000
0.353722 -0.065296 0.000000
0.289580 -0.064727 0.000000
0.005492 0.023686 0.000000
0.505009 -0.059408 0.000000
0.231867 0.096081 0.000000
0.794890 0.040140 0.000000
0.679591 0.058969 0.000000
0.563481 0.075139 0.000000
0.429851 -0.063402 0.000000
0.343842 -0.065350 0.000000
0.672085 0.060103 0.000000
0.530249 0.079170 0.000000
0.458199 0.086813 0.000000
0.994203 0.001266 0.000000
0.400004 0.091694 0.000000
0.838335 -0.024871 0.000000
0.000812 -0.003201 0.000000
0.089805 -0.047118 0.000000
0.229841 0.095999 0.000000
0.434607 -0.063207 0.000000
0.266959 0.096846 0.000000
0.491108 0.083521 0.000000
0.401807 -0.064382 0.000000
0.749171 -0.036324 0.000000
0.342721 -0.065353 0.000000
0.924394 -0.012338 0.000000
0.581090 0.072887 0.000000
0.040703 -0.034507 0.000000
0.036660 0.051317 0.000000
0.438264 -0.063050 0.000000
0.523424 -0.058162 0.000000
0.489074 0.083734 0.000000
0.075219 0.069358 0.000000
0.264804 -0.063905 0.000000
0.736137 0.050059 0.000000
0.425762 0.089692 0.000000
0.108032 0.079510 0.000000
0.247912 0.096584 0.000000
0.335436 0.095428 0.000000
0.024059 -0.027156 0.000000
0.424022 -0.063630 0.000000
0.361084 -0.065223 0.000000
-0.000174 0.001006 0.000000
0.609046 0.069158 0.000000
0.916402 -0.013567 0.000000
0.038760 -0.033781 0.000000
0.082774 -0.045763 0.000000
0.505701 0.081951 0.000000
0.637209 -0.048537 0.000000
0.296127 0.096636 0.000000
0.009581 -0.016858 0.000000
0.513894 0.081043 0.000000
0.828893 0.034093 0.000000
0.142167 -0.054793 0.000000
0.414839 0.090572 0.000000
0.744126 0.048750 0.000000
0.543426 0.077607 0.000000
0.572803 0.073956 0.000000
0.269067 0.096853 0.000000
0.620266 -0.050162 0.000000
0.666562 -0.045577 0.000000
0.951225 -0.008111 0.000000
0.042517 0.054688 0.000000
0.787137 -0.031632 0.000000
0.582886 0.072653 0.000000
0.235426 0.096217 0.000000
0.343859 -0.065350 0.000000
0.510698 0.081399 0.000000
0.759704 0.046161 0.000000
0.540517 0.077956 0.000000
0.089769 0.074300 0.000000
0.923689 -0.012447 0.000000
0.218540 0.095442 0.000000
0.307067 0.096395 0.000000
0.162695 0.090138 0.000000
0.881165 0.024351 0.000000
0.450933 0.087490 0.000000
0.086590 -0.046512 0.000000
0.866030 0.027229 0.000000
0.129783 -0.053280 0.000000
0.329760 -0.065342 0.000000
0.595109 0.071040 0.000000
0.550272 0.076776 0.000000
0.146189 -0.055253 0.000000
0.020030 -0.024839 0.000000
0.227920 0.095912 0.000000
0.257051 -0.063582 0.000000
0.251917 0.096670 0.000000
0.639951 0.064827 0.000000
0.447705 0.087786 0.000000
0.799785 -0.030008 0.000000
0.774759 -0.033192 0.000000
0.233949 -0.062435 0.000000
0.504941 -0.059412 0.000000
0.386249 -0.064789 0.000000
0.970340 0.006387 0.000000
0.285741 0.096789 0.000000
0.798229 0.039556 0.000000
0.180016 0.092286 0.000000
0.790894 -0.031153 0.000000
0.003916 -0.009889 0.000000
0.889886 0.022671 0.000000
0.447253 -0.062646 0.000000
0.382239 0.092913 0.000000
0.386461 0.092635 0.000000
0.614125 0.068461 0.000000
0.916565 0.017431 0.000000
0.890099 -0.017515 0.000000
0.855106 0.029277 0.000000
0.027936 0.045655 0.000000
0.623592 0.067146 0.000000
0.999224 -0.000134 0.000000
0.364333 -0.065184 0.000000
-0.000095 0.009943 0.000000
0.368925 0.093736 0.000000
0.211417 -0.061039 0.000000
0.892525 0.022159 0.000000
0.643668 -0.047901 0.000000
0.406927 0.091182 0.000000
0.510040 0.081472 0.000000
0.520011 -0.058400 0.000000
0.658808 0.062081 0.000000
0.474921 0.085184 0.000000
0.114138 0.081042 0.000000
0.151828 0.088519 0.000000
0.875086 0.025512 0.000000
0.369911 0.093677 0.000000
0.750126 0.047758 0.000000
0.397831 -0.064497 0.000000
0.940703 -0.009788 0.000000
0.093536 0.075458 0.000000
0.286431 -0.064638 0.000000
0.046156 0.056640 0.000000
0.347272 0.094893 0.000000
0.449404 -0.062544 0.000000
0.323858 0.095876 0.000000
0.164672 -0.057193 0.000000
0.302989 -0.065032 0.000000
0.140352 -0.054580 0.000000
0.389359 -0.064715 0.000000
0.005752 -0.012546 0.000000
0.847124 0.030758 0.000000
0.588530 0.071913 0.000000
0.269441 -0.064083 0.000000
0.797000 0.039771 0.000000
0.880156 -0.018969 0.000000
0.268359 0.096851 0.000000
0.892286 -0.017192 0.000000
0.819646 0.035760 0.000000
0.527404 0.079501 0.000000
0.115160 0.081285 0.000000
0.402334 -0.064366 0.000000
0.608428 -0.051259 0.000000
0.276850 0.096851 0.000000
0.484216 0.084239 0.000000
0.399185 -0.064457 0.000000
0.665069 -0.045732 0.000000
0.490965 0.083536 0.000000
0.153671 -0.056072 0.000000
0.450548 -0.062490 0.000000
0.383247 0.092847 0.000000
0.688155 0.057661 0.000000
0.474260 0.085250 0.000000
0.373197 0.093479 0.000000
0.201494 0.094299 0.000000
0.717009 0.053144 0.000000
0.005229 0.023271 0.000000
0.335218 0.095437 0.000000
0.863619 -0.021345 0.000000
0.239271 -0.062725 0.000000
0.998084 0.000419 0.000000
0.489466 -0.060382 0.000000
0.000348 0.012087 0.000000
0.149195 0.088098 0.000000
0.646289 -0.047640 0.000000
0.617727 0.067963 0.000000
0.354042 -0.065293 0.000000
0.733042 0.050563 0.000000
0.107401 -0.050111 0.000000
0.324162 -0.065311 0.000000
0.488207 -0.060458 0.000000
0.674581 -0.044738 0.000000
0.357664 -0.065261 0.000000
0.845494 -0.023885 0.000000
0.978313 0.004691 0.000000
0.762405 0.045707 0.000000
0.706093 0.054872 0.000000
0.040306 -0.034360 0.000000
0.681944 0.058611 0.000000
0.225257 -0.061928 0.000000
0.549848 -0.056211 0.000000
0.390746 -0.064683 0.000000
0.679108 -0.044258 0.000000
0.904746 -0.015334 0.000000
0.011216 0.031148 0.000000
0.409581 -0.064142 0.000000
0.343432 0.095075 0.000000
0.142900 0.087023 0.000000
0.710258 -0.040848 0.000000
0.188176 0.093134 0.000000
0.208995 -0.060873 0.000000
0.741016 0.049261 0.000000
0.727238 -0.038910 0.000000
0.085031 -0.046209 0.000000
0.129917 -0.053298 0.000000
0.552075 -0.056039 0.000000
0.326688 0.095773 0.000000
0.045639 0.056368 0.000000
0.708892 0.054431 0.000000
0.677882 -0.044388 0.000000
0.172423 0.091407 0.000000
0.124422 0.083400 0.000000
0.009564 -0.016841 0.000000
0.673095 0.059951 0.000000
0.948092 0.011037 0.000000
0.904494 -0.015372 0.000000
0.752338 0.047391 0.000000
0.815217 0.036552 0.000000
0.011486 -0.018622 0.000000
0.962272 0.008087 0.000000
0.075359 0.069410 0.000000
0.329975 -0.065343 0.000000
0.779189 -0.032637 0.000000
0.952257 -0.007945 0.000000
0.091323 -0.047400 0.000000
0.602132 0.070098 0.000000
0.661641 -0.046086 0.000000
0.913944 0.017953 0.000000
0.447033 0.087847 0.000000
0.312108 -0.065182 0.000000
0.886544 0.023316 0.000000
0.215619 -0.061321 0.000000
0.568291 0.074531 0.000000
0.399751 0.091712 0.000000
0.568825 -0.054698 0.000000
0.181697 0.092468 0.000000
0.950799 -0.008179 0.000000
0.585489 0.072313 0.000000
0.871032 -0.020287 0.000000
0.994026 -0.001024 0.000000
0.592035 -0.052727 0.000000
0.704879 -0.041451 0.000000
0.679114 -0.044258 0.000000
0.053582 0.060333 0.000000
0.177017 0.091950 0.000000
0.684821 -0.043647 0.000000
0.165381 0.090502 0.000000
0.113193 -0.050992 0.000000
0.061779 -0.040981 0.000000
0.522785 0.080034 0.000000
0.418568 0.090278 0.000000
0.451615 0.087427 0.000000
0.512886 -0.058887 0.000000
0.180944 0.092386 0.000000
0.710876 0.054118 0.000000
0.998813 -0.000204 0.000000
0.234656 -0.062474 0.000000
0.560809 0.075474 0.000000
0.015255 0.035326 0.000000
0.118637 -0.051779 0.000000
0.526929 -0.057914 0.000000
0.079292 0.070820 0.000000
0.196113 0.093858 0.000000
0.967997 -0.005386 0.000000
0.671831 0.060141 0.000000
0.413464 0.090681 0.000000
0.248194 -0.063176 0.000000
0.246375 -0.063089 0.000000
0.615259 -0.050629 0.000000
0.977630 -0.003791 0.000000
0.217051 -0.061414 0.000000
0.236478 -0.062573 0.000000
0.750934 0.047624 0.000000
0.706489 -0.041271 0.000000
0.404067 -0.064316 0.000000
0.665797 -0.045656 0.000000
0.851209 -0.023091 0.000000
0.271844 0.096863 0.000000
0.480811 0.084589 0.000000
0.835170 -0.025303 0.000000
0.974297 0.005547 0.000000
0.448339 0.087729 0.000000
0.812811 0.036981 0.000000
0.734929 -0.038014 0.000000
0.840761 0.031930 0.000000
0.576675 0.073459 0.000000
0.724065 -0.039276 0.000000
0.445343 0.087999 0.000000
0.004500 0.022068 0.000000
0.004695 -0.011083 0.000000
0.632107 0.065946 0.000000
0.862712 0.027853 0.000000
0.136588 -0.054129 0.000000
0.387770 -0.064753 0.000000
0.776345 -0.032994 0.000000
0.252737 -0.063391 0.000000
0.498544 0.082730 0.000000
0.792601 -0.030934 0.000000
0.797066 0.039760 0.000000
0.806831 -0.029091 0.000000
0.451150 -0.062462 0.000000
0.686962 0.057844 0.000000
0.542601 -0.056765 0.000000
0.216701 -0.061391 0.000000
0.213776 -0.061198 0.000000
0.598754 -0.052133 0.000000
0.827690 0.034311 0.000000
0.791693 -0.031051 0.000000
0.855766 0.029153 0.000000
0.624565 -0.049755 0.000000
0.074657 -0.044059 0.000000
0.103641 0.078349 0.000000
0.740951 0.049272 0.000000
0.184634 -0.059004 0.000000
0.363167 -0.065198 0.000000
0.522666 -0.058216 0.000000
0.340862 -0.065357 0.000000
0.032442 -0.031212 0.000000
0.040506 0.053564 0.000000
0.989133 -0.001857 0.000000
0.286916 -0.064652 0.000000
0.173408 -0.058020 0.000000
0.500964 0.082468 0.000000
0.605598 -0.051517 0.000000
0.234714 0.096190 0.000000
0.666346 -0.045599 0.000000
0.206329 0.094664 0.000000
0.637349 0.065199 0.000000
0.118378 -0.051742 0.000000
0.714689 0.053513 0.000000
0.700876 -0.041895 0.000000
0.608450 -0.051257 0.000000
0.666172 0.060989 0.000000
0.129253 -0.053211 0.000000
0.546272 0.077263 0.000000
0.216884 -0.061403 0.000000
0.891370 0.022383 0.000000
0.192829 -0.059675 0.000000
0.397200 -0.064514 0.000000
0.146377 -0.055274 0.000000
0.632642 -0.048981 0.000000
0.389859 -0.064704 0.000000
0.552347 -0.056018 0.000000
0.800274 -0.029945 0.000000
0.905233 0.019675 0.000000
0.084028 -0.046012 0.000000
0.196172 -0.059933 0.000000
0.150581 0.088321 0.000000
0.022859 -0.026495 0.000000
0.521786 -0.058277 0.000000
0.471482 -0.061417 0.000000
0.855482 -0.022493 0.000000
0.687718 0.057728 0.000000
0.544236 0.077509 0.000000
0.266692 0.096845 0.000000
0.082355 -0.045679 0.000000
0.667567 0.060781 0.000000
0.664342 -0.045807 0.000000
0.906944 0.019338 0.000000
0.087773 -0.046737 0.000000
0.590841 -0.052832 0.000000
0.696582 0.056359 0.000000
0.007928 -0.015148 0.000000
0.641935 -0.048072 0.000000
0.329169 -0.065339 0.000000
0.937620 0.013186 0.000000
0.112995 -0.050963 0.000000
0.556513 -0.055690 0.000000
0.769811 0.044456 0.000000
0.804619 0.038433 0.000000
0.242781 0.096456 0.000000
0.754762 -0.035650 0.000000
0.026890 -0.028626 0.000000
0.127297 0.084012 0.000000
0.355127 0.094500 0.000000
0.668276 0.060674 0.000000
0.003897 -0.009859 0.000000
0.494718 0.083139 0.000000
0.002528 0.018290 0.000000
0.232333 -0.062344 0.000000
0.710093 0.054242 0.000000
0.550741 0.076719 0.000000
0.713685 0.053673 0.000000
0.143972 -0.055000 0.000000
0.749353 -0.036302 0.000000
0.526382 0.079619 0.000000
0.866205 -0.020977 0.000000
0.586157 -0.053239 0.000000
0.000896 -0.003461 0.000000
0.961709 -0.006415 0.000000
0.263813 -0.063865 0.000000
0.181069 -0.058701 0.000000
0.312329 -0.065185 0.000000
0.878286 -0.019241 0.000000
0.391727 0.092277 0.000000
0.185875 -0.059108 0.000000
0.229071 -0.062155 0.000000
0.307251 0.096390 0.000000
0.108864 -0.050339 0.000000
0.899651 -0.016098 0.000000
0.970028 -0.005051 0.000000
0.284696 0.096798 0.000000
0.770128 0.044402 0.000000
0.457505 0.086878 0.000000
0.666732 -0.045559 0.000000
0.338997 0.095273 0.000000
0.522610 0.080054 0.000000
0.424074 0.089832 0.000000
0.422023 -0.063707 0.000000
0.707007 -0.041213 0.000000
0.626930 0.066678 0.000000
0.502172 0.082337 0.000000
0.038112 0.052181 0.000000
0.417744 0.090343 0.000000
0.089022 -0.046973 0.000000
0.096510 0.076341 0.000000
0.699442 -0.042054 0.000000
0.996404 0.000786 0.000000
0.070477 0.067569 0.000000
0.238510 0.096324 0.000000
0.738442 -0.037600 0.000000
0.764415 0.045368 0.000000
0.552577 -0.056000 0.000000
0.576586 0.073471 0.000000
0.435950 -0.063149 0.000000
0.161705 0.089998 0.000000
0.018282 0.038106 0.000000
0.756127 -0.035485 0.000000
0.816805 0.036269 0.000000
0.518662 -0.058494 0.000000
0.132280 0.085034 0.000000
0.494911 0.083118 0.000000
0.257511 0.096764 0.000000
0.704353 -0.041509 0.000000
0.632170 -0.049026 0.000000
0.220208 0.095531 0.000000
0.637953 0.065113 0.000000
0.111704 -0.050770 0.000000
0.046224 0.056675 0.000000
0.937077 -0.010360 0.000000
0.612617 0.068669 0.000000
0.422927 0.089925 0.000000
0.184733 0.092788 0.000000
0.009127 0.028697 0.000000
0.071589 -0.043372 0.000000
0.148165 -0.055473 0.000000
0.885865 -0.018137 0.000000
0.570179 -0.054587 0.000000
0.627783 -0.049448 0.000000
0.825649 -0.026593 0.000000
0.830713 -0.025909 0.000000
0.004974 0.022860 0.000000
0.855965 0.029116 0.000000
0.218548 0.095443 0.000000
0.714313 0.053573 0.000000
0.927946 -0.011788 0.000000
0.732538 0.050645 0.000000
0.856664 -0.022327 0.000000
0.296849 -0.064905 0.000000
0.145347 0.087453 0.000000
0.842804 0.031554 0.000000
0.402113 0.091539 0.000000
0.390832 -0.064681 0.000000
0.577335 -0.053991 0.000000
0.977941 0.004771 0.000000
0.265167 -0.063920 0.000000
0.806935 -0.029077 0.000000
0.376921 0.093250 0.000000
0.112572 0.080656 0.000000
0.336205 0.095396 0.000000
0.487251 0.083925 0.000000
0.254425 0.096712 0.000000
0.864531 0.027511 0.000000
0.067803 0.066517 0.000000
0.396333 0.091956 0.000000
0.959194 0.008731 0.000000
0.575913 0.073557 0.000000
0.291740 -0.064780 0.000000
0.406588 -0.064236 0.000000
0.291285 -0.064769 0.000000
0.655704 -0.046693 0.000000
0.387744 -0.064754 0.000000
0.188125 -0.059295 0.000000
0.720516 -0.039684 0.000000
0.936658 -0.010426 0.000000
0.100471 0.077476 0.000000
0.809025 -0.028803 0.000000
0.693803 0.056790 0.000000
0.358391 -0.065254 0.000000
0.689763 -0.043113 0.000000
0.331083 0.095604 0.000000
0.905914 0.019541 0.000000
0.084048 -0.046017 0.000000
0.307232 -0.065106 0.000000
0.620942 -0.050098 0.000000
0.703240 -0.041633 0.000000
0.445927 -0.062708 0.000000
0.107843 -0.050180 0.000000
0.393048 0.092187 0.000000
0.768848 0.044619 0.000000
0.439658 0.088505 0.000000
0.952459 -0.007913 0.000000
0.078830 -0.044955 0.000000
0.506010 0.081917 0.000000
0.131528 0.084882 0.000000
0.838792 -0.024808 0.000000
0.793349 0.040409 0.000000
0.533182 0.078826 0.000000
0.764154 0.045412 0.000000
0.815398 0.036520 0.000000
0.269594 0.096855 0.000000
0.909606 -0.014601 0.000000
0.810732 -0.028578 0.000000
0.189226 0.093236 0.000000
0.834136 0.033141 0.000000
0.027098 -0.028731 0.000000
0.282584 -0.064528 0.000000
0.221052 -0.061671 0.000000
0.279221 -0.064421 0.000000
0.664354 0.061260 0.000000
0.078708 0.070616 0.000000
0.332564 0.095544 0.000000
0.412893 0.090726 0.000000
0.833660 -0.025509 0.000000
0.647582 -0.047511 0.000000
0.367879 -0.065134 0.000000
0.173970 -0.058071 0.000000
0.641925 0.064543 0.000000
0.161616 -0.056890 0.000000
0.277322 0.096850 0.000000
0.032224 -0.031117 0.000000
0.058913 -0.040222 0.000000
0.468612 -0.061574 0.000000
0.392710 0.092210 0.000000
0.862425 -0.021514 0.000000
0.471345 -0.061425 0.000000
0.762684 0.045660 0.000000
0.211969 -0.061076 0.000000
0.616598 0.068119 0.000000
0.491355 -0.060269 0.000000
0.145749 0.087520 0.000000
0.211844 0.095041 0.000000
0.449877 0.087587 0.000000
0.549001 -0.056277 0.000000
0.466730 0.085993 0.000000
0.372122 -0.065070 0.000000
0.014766 -0.021279 0.000000
0.576063 -0.054098 0.000000
0.311851 0.096263 0.000000
0.560120 -0.055403 0.000000
0.656048 0.062488 0.000000
0.722283 -0.039481 0.000000
0.197003 -0.059998 0.000000
0.168091 -0.057524 0.000000
0.559809 -0.055428 0.000000
-0.000039 0.010266 0.000000
0.796179 0.039915 0.000000
0.599145 -0.052099 0.000000
0.555775 0.076099 0.000000
0.344111 0.095042 0.000000
0.320640 0.095988 0.000000
0.041691 -0.034864 0.000000
0.837871 0.032459 0.000000
0.042580 0.054722 0.000000
0.428166 0.089491 0.000000
0.147441 0.087804 0.000000
0.577795 0.073314 0.000000
0.963483 0.007833 0.000000
0.216774 -0.061396 0.000000
0.417210 0.090385 0.000000
0.045339 0.056210 0.000000
0.520075 0.080344 0.000000
0.918744 0.016996 0.000000
0.694018 -0.042650 0.000000
0.945559 -0.009017 0.000000
0.899200 -0.016165 0.000000
0.466829 0.085984 0.000000
0.677441 0.059295 0.000000
0.006419 -0.013395 0.000000
0.470795 0.085595 0.000000
0.267481 -0.064012 0.000000
0.439355 0.088531 0.000000
0.091534 0.074850 0.000000
0.266672 0.096845 0.000000
0.215890 0.095287 0.000000
0.102802 -0.049380 0.000000
0.999889 -0.000019 0.000000
0.801864 0.038918 0.000000
0.012690 0.032747 0.000000
0.747669 -0.036504 0.000000
0.756552 -0.035433 0.000000
0.214883 0.095226 0.000000
0.172856 0.091461 0.000000
0.895140 -0.016769 0.000000
0.806578 -0.029124 0.000000
0.895493 0.021582 0.000000
0.742099 0.049083 0.000000
0.435359 0.088880 0.000000
0.668773 -0.045347 0.000000
0.507173 -0.059267 0.000000
0.556270 0.076038 0.000000
0.732716 -0.038272 0.000000
0.423977 0.089839 0.000000
0.437124 0.088727 0.000000
0.379739 0.093073 0.000000
0.529418 -0.057736 0.000000
0.310840 0.096292 0.000000
0.288045 0.096762 0.000000
0.900479 -0.015974 0.000000
0.956512 -0.007259 0.000000
0.958450 0.008886 0.000000
0.541411 0.077849 0.000000
0.996380 0.000791 0.000000
0.879661 -0.019041 0.000000
0.195514 0.093807 0.000000
0.022466 -0.026276 0.000000
0.630268 -0.049210 0.000000
0.136168 0.085791 0.000000
0.116053 0.081498 0.000000
0.105919 0.078957 0.000000
0.954622 0.009684 0.000000
0.323593 -0.065306 0.000000
0.114592 0.081150 0.000000
0.490430 0.083592 0.000000
0.780049 -0.032529 0.000000
0.673591 -0.044842 0.000000
0.009231 0.028825 0.000000
0.163074 -0.057037 0.000000
0.668804 0.060596 0.000000
0.791649 0.040704 0.000000
0.175246 0.091743 0.000000
0.805505 -0.029264 0.000000
0.717950 -0.039977 0.000000
0.064818 -0.041756 0.000000
0.258936 -0.063665 0.000000
0.071648 -0.043385 0.000000
0.628454 -0.049384 0.000000
0.101045 0.077637 0.000000
0.775799 -0.033062 0.000000
0.456687 -0.062191 0.000000
0.823963 0.034984 0.000000
0.112859 0.080727 0.000000
0.272873 0.096863 0.000000
0.766108 -0.034264 0.000000
0.386535 0.092630 0.000000
0.130539 0.084682 0.000000
0.343563 0.095068 0.000000
0.224694 0.095764 0.000000
0.815928 -0.027892 0.000000
0.954156 0.009781 0.000000
0.633386 -0.048909 0.000000
0.772209 0.044048 0.000000
0.296885 -0.064905 0.000000
0.708502 0.054493 0.000000
0.370499 -0.065095 0.000000
0.105504 0.078847 0.000000
0.290218 0.096731 0.000000
0.766697 -0.034192 0.000000
0.534071 0.078722 0.000000
0.134127 0.085396 0.000000
0.277409 0.096849 0.000000
0.358043 0.094345 0.000000
0.117010 -0.051548 0.000000
0.668540 -0.045372 0.000000
0.295377 0.096650 0.000000
0.603270 -0.051728 0.000000
0.929730 -0.011510 0.000000
0.012338 -0.019354 0.000000
0.421508 -0.063726 0.000000
0.102511 -0.049331 0.000000
0.999974 -0.000004 0.000000
0.641764 -0.048089 0.000000
0.497590 0.082833 0.000000
0.675932 0.059523 0.000000
0.579550 0.073087 0.000000
0.372076 -0.065071 0.000000
0.368718 0.093748 0.000000
0.971886 -0.004744 0.000000
0.654310 -0.046834 0.000000
0.433843 -0.063239 0.000000
0.225262 0.095790 0.000000
0.798287 0.039546 0.000000
0.005581 0.023825 0.000000
0.760203 -0.034989 0.000000
0.674985 -0.044695 0.000000
0.302028 -0.065012 0.000000
0.354056 0.094555 0.000000
0.579237 0.073128 0.000000
0.580480 -0.053725 0.000000
0.732122 -0.038342 0.000000
0.687923 0.057696 0.000000
0.809070 0.037646 0.000000
0.745049 0.048598 0.000000
0.869384 0.026595 0.000000
0.917948 0.017155 0.000000
0.034113 -0.031927 0.000000
0.277692 0.096848 0.000000
0.447394 -0.062639 0.000000
0.103086 -0.049426 0.000000
0.871867 0.026124 0.000000
0.884205 -0.018380 0.000000
0.984694 -0.002607 0.000000
0.452430 0.087352 0.000000
0.744509 -0.036881 0.000000
0.510700 0.081399 0.000000
0.726589 -0.038985 0.000000
0.413638 -0.064005 0.000000
0.598007 -0.052200 0.000000
0.504141 -0.059464 0.000000
0.480405 0.084630 0.000000
0.132776 0.085134 0.000000
0.615542 0.068266 0.000000
0.569339 -0.054656 0.000000
0.546283 -0.056485 0.000000
0.288928 -0.064709 0.000000
0.054252 0.060650 0.000000
0.774656 0.043631 0.000000
0.004470 0.022016 0.000000
0.089220 -0.047010 0.000000
0.740663 -0.037338 0.000000
0.547166 0.077155 0.000000
0.050668 -0.037843 0.000000
0.094359 -0.047945 0.000000
0.046490 0.056813 0.000000
0.030436 -0.030319 0.000000
0.661904 0.061623 0.000000
0.221991 -0.061729 0.000000
0.712647 -0.040579 0.000000
0.844600 0.031224 0.000000
0.543510 0.077597 0.000000
0.969374 -0.005159 0.000000
0.864093 -0.021277 0.000000
0.436644 -0.063119 0.000000
0.450653 0.087516 0.000000
0.650482 0.063303 0.000000
0.731978 -0.038359 0.000000
0.124943 -0.052645 0.000000
0.882022 0.024186 0.000000
0.224531 -0.061884 0.000000
0.428059 0.089500 0.000000
0.347290 -0.065336 0.000000
0.136915 0.085934 0.000000
0.838571 0.032331 0.000000
0.230590 -0.062243 0.000000
0.189577 0.093268 0.000000
0.130709 -0.053398 0.000000
0.233208 0.096132 0.000000
0.070087 0.067417 0.000000
0.417837 -0.063859 0.000000
0.014532 0.034622 0.000000
0.021939 0.041167 0.000000
0.434600 -0.063207 0.000000
0.328752 0.095697 0.000000
0.117526 0.081848 0.000000
0.503718 0.082169 0.000000
0.208233 -0.060819 0.000000
0.773352 -0.033367 0.000000
0.645915 0.063966 0.000000
0.067842 0.066532 0.000000
0.403909 -0.064321 0.000000
0.570373 0.074267 0.000000
0.061500 -0.040908 0.000000
0.745221 -0.036796 0.000000
0.174235 0.091625 0.000000
0.636717 0.065290 0.000000
0.328163 -0.065334 0.000000
0.114266 -0.051150 0.000000
0.711714 0.053985 0.000000
0.030530 0.047431 0.000000
0.767490 0.044849 0.000000
0.165396 -0.057263 0.000000
0.107093 -0.050063 0.000000
0.706365 0.054830 0.000000
0.147372 0.087792 0.000000
0.985853 0.003074 0.000000
0.875477 -0.019647 0.000000
0.324455 0.095854 0.000000
0.006101 -0.012997 0.000000
0.488472 -0.060442 0.000000
0.140965 -0.054652 0.000000
0.638715 -0.048389 0.000000
0.987498 0.002719 0.000000
0.076056 -0.044366 0.000000
0.291369 0.096715 0.000000
0.361098 0.094180 0.000000
0.554551 0.076250 0.000000
0.205895 -0.060654 0.000000
0.413947 -0.063995 0.000000
0.395372 0.092024 0.000000
0.912923 -0.014098 0.000000
0.691536 0.057140 0.000000
0.280123 0.096839 0.000000
0.954282 0.009755 0.000000
0.706575 -0.041261 0.000000
0.626685 0.066712 0.000000
0.703116 0.055340 0.000000
0.451379 0.087449 0.000000
0.205298 -0.060611 0.000000
0.482930 0.084372 0.000000
0.663701 -0.045873 0.000000
0.786880 -0.031665 0.000000
0.252316 0.096677 0.000000
0.366756 -0.065151 0.000000
-0.000348 0.002347 0.000000
-0.000443 0.006945 0.000000
0.847768 -0.023570 0.000000
0.735178 -0.037984 0.000000
0.234349 -0.062457 0.000000
0.354462 0.094534 0.000000
0.326207 -0.065324 0.000000
0.818281 -0.027579 0.000000
0.206758 0.094694 0.000000
0.226565 -0.062008 0.000000
0.042870 0.054883 0.000000
0.955592 -0.007408 0.000000
0.500054 -0.059726 0.000000
0.997447 0.000558 0.000000
0.151714 0.088501 0.000000
0.327490 0.095743 0.000000
0.702111 -0.041759 0.000000
0.056494 0.061690 0.000000
0.218522 -0.061508 0.000000
0.781865 -0.032300 0.000000
0.762367 -0.034724 0.000000
0.325555 0.095814 0.000000
0.168588 0.090927 0.000000
0.004065 -0.010127 0.000000
0.767269 0.044886 0.000000
0.323078 -0.065302 0.000000
0.413860 -0.063998 0.000000
0.795156 0.040093 0.000000
0.229775 -0.062196 0.000000
0.583447 -0.053471 0.000000
0.497780 -0.059870 0.000000
0.108086 -0.050218 0.000000
0.606803 0.069464 0.000000
0.863322 -0.021387 0.000000
0.353769 0.094569 0.000000
0.362088 0.094126 0.000000
0.338598 -0.065361 0.000000
0.882614 -0.018612 0.000000
0.429314 0.089395 0.000000
0.760119 0.046091 0.000000
0.944915 -0.009120 0.000000
0.912865 -0.014106 0.000000
0.514527 -0.058776 0.000000
0.011270 0.031208 0.000000
0.383003 -0.064861 0.000000
0.618533 0.067851 0.000000
0.698672 -0.042139 0.000000
0.218753 0.095454 0.000000
0.706999 0.054730 0.000000
0.717178 0.053117 0.000000
0.002800 0.018873 0.000000
0.030183 -0.030203 0.000000
0.916500 0.017444 0.000000
0.088653 0.073949 0.000000
0.338437 0.095297 0.000000
0.417008 0.090401 0.000000
0.497879 0.082802 0.000000
0.565005 0.074947 0.000000
0.735659 -0.037928 0.000000
0.796959 -0.030374 0.000000
0.525825 -0.057992 0.000000
0.941102 0.012474 0.000000
0.018727 0.038494 0.000000
0.674816 0.059692 0.000000
0.270750 0.096859 0.000000
0.068548 -0.042663 0.000000
0.174892 -0.058154 0.000000
0.174752 0.091685 0.000000
0.487828 -0.060481 0.000000
0.407316 -0.064213 0.000000
0.504788 -0.059422 0.000000
0.964654 -0.005934 0.000000
0.359817 0.094249 0.000000
0.225673 0.095809 0.000000
0.207207 -0.060747 0.000000
0.021904 0.041139 0.000000
0.297342 -0.064915 0.000000
0.624408 -0.049770 0.000000
0.010616 0.030469 0.000000
0.533989 0.078731 0.000000
0.313966 0.096202 0.000000
0.043977 -0.035669 0.000000
0.888919 -0.017688 0.000000
0.612907 -0.050848 0.000000
0.192403 0.093529 0.000000
0.550566 0.076740 0.000000
0.697005 -0.042322 0.000000
0.921146 0.016516 0.000000
0.246568 -0.063099 0.000000
0.577371 -0.053988 0.000000
0.702427 -0.041723 0.000000
0.437551 -0.063080 0.000000
0.346815 0.094914 0.000000
0.348035 0.094856 0.000000
0.424408 -0.063616 0.000000
0.211631 0.095028 0.000000
0.335787 -0.065357 0.000000
0.494506 0.083161 0.000000
0.411411 0.090840 0.000000
0.301015 0.096541 0.000000
0.680092 0.058893 0.000000
0.607989 -0.051300 0.000000
0.778519 0.042971 0.000000
0.724699 -0.039203 0.000000
0.495174 0.083090 0.000000
0.106797 -0.050017 0.000000
0.390134 0.092387 0.000000
0.130439 -0.053364 0.000000
0.289340 -0.064721 0.000000
0.498297 0.082756 0.000000
0.795073 0.040108 0.000000
0.808014 -0.028936 0.000000
0.444841 -0.062757 0.000000
0.681112 -0.044045 0.000000
0.780831 0.042574 0.000000
0.759396 -0.035087 0.000000
0.965637 -0.005773 0.000000
0.619816 0.067673 0.000000
0.877930 0.024970 0.000000
0.918503 -0.013245 0.000000
0.066184 -0.042092 0.000000
0.397359 0.091882 0.000000
0.674037 -0.044795 0.000000
0.073515 -0.043807 0.000000
0.538459 0.078202 0.000000
0.384238 -0.064835 0.000000
0.212695 -0.061125 0.000000
0.175153 0.091732 0.000000
0.998033 -0.000338 0.000000
0.965719 -0.005760 0.000000
0.216993 -0.061410 0.000000
0.525203 0.079755 0.000000
0.905023 0.019716 0.000000
0.289913 0.096735 0.000000
0.765681 0.045155 0.000000
0.080197 0.071137 0.000000
0.082415 0.071899 0.000000
0.127074 0.083965 0.000000
0.940712 -0.009787 0.000000
0.437729 0.088674 0.000000
0.776212 -0.033010 0.000000
0.150409 0.088294 0.000000
0.844811 0.031185 0.000000
0.746314 0.048389 0.000000
0.941233 -0.009704 0.000000
0.764687 0.045322 0.000000
0.574371 -0.054239 0.000000
0.684503 -0.043681 0.000000
0.988565 0.002489 0.000000
0.470253 -0.061485 0.000000
0.844798 0.031187 0.000000
0.282816 0.096815 0.000000
0.693253 -0.042733 0.000000
0.232626 -0.062361 0.000000
0.681511 0.058677 0.000000
0.540202 -0.056945 0.000000
0.602446 0.070055 0.000000
0.414055 -0.063991 0.000000
0.610022 -0.051113 0.000000
0.655921 0.062507 0.000000
0.585985 -0.053254 0.000000
0.126929 -0.052909 0.000000
0.302535 0.096505 0.000000
0.309374 -0.065142 0.000000
0.004631 0.022290 0.000000
0.798184 0.039564 0.000000
0.638288 -0.048431 0.000000
0.151778 0.088511 0.000000
0.324518 -0.065314 0.000000
0.766985 -0.034156 0.000000
0.031264 0.047919 0.000000
0.089775 -0.047113 0.000000
0.322223 0.095936 0.000000
0.079982 0.071062 0.000000
0.664558 -0.045785 0.000000
0.798231 -0.030209 0.000000
0.323561 -0.065306 0.000000
0.099445 -0.048823 0.000000
0.807377 -0.029019 0.000000
0.420871 -0.063749 0.000000
0.596468 -0.052336 0.000000
0.685726 -0.043550 0.000000
0.641955 0.064538 0.000000
0.415958 0.090484 0.000000
0.575974 -0.054105 0.000000
0.440127 -0.062970 0.000000
0.345374 0.094983 0.000000
0.637286 -0.048529 0.000000
0.316206 -0.065234 0.000000
0.508642 0.081628 0.000000
0.796384 -0.030448 0.000000
0.753343 0.047224 0.000000
0.071949 -0.043453 0.000000
0.018978 0.038712 0.000000
0.727598 0.051445 0.000000
0.116330 0.081564 0.000000
0.652663 -0.047001 0.000000
0.482712 0.084394 0.000000
0.770850 0.044279 0.000000
0.809269 -0.028771 0.000000
0.538232 0.078229 0.000000
0.982940 -0.002902 0.000000
0.000712 -0.002878 0.000000
0.010659 -0.017880 0.000000
0.232657 -0.062362 0.000000
0.399173 -0.064458 0.000000
0.348162 -0.065332 0.000000
0.004386 -0.010623 0.000000
0.954011 -0.007663 0.000000
0.205122 0.094577 0.000000
0.792177 0.040613 0.000000
0.480173 0.084654 0.000000
0.016468 -0.022509 0.000000
0.102483 0.078032 0.000000
0.628089 0.066515 0.000000
0.897878 -0.016362 0.000000
0.917429 -0.013410 0.000000
0.264977 0.096840 0.000000
0.843558 0.031415 0.000000
0.729501 0.051138 0.000000
0.102534 0.078045 0.000000
0.372340 -0.065066 0.000000
0.222602 0.095658 0.000000
0.920757 0.016593 0.000000
0.697291 0.056249 0.000000
0.632499 0.065891 0.000000
0.239591 0.096357 0.000000
0.369545 -0.065109 0.000000
0.116966 -0.051541 0.000000
0.406505 -0.064239 0.000000
0.870007 -0.020434 0.000000
0.995684 -0.000741 0.000000
0.182353 -0.058813 0.000000
0.273673 0.096860 0.000000
0.518989 -0.058471 0.000000
0.265838 -0.063947 0.000000
0.501885 0.082368 0.000000
0.274774 0.096857 0.000000
0.948182 0.011018 0.000000
0.919104 -0.013153 0.000000
-0.000170 0.000981 0.000000
0.839023 0.032248 0.000000
0.187289 0.093045 0.000000
0.257154 -0.063587 0.000000
0.442096 0.088291 0.000000
0.511370 0.081324 0.000000
0.327897 0.095728 0.000000
0.462031 0.086447 0.000000
0.921689 -0.012756 0.000000
0.784488 0.041945 0.000000
0.963924 -0.006054 0.000000
0.843486 0.031429 0.000000
0.462400 0.086412 0.000000
0.076373 -0.044433 0.000000
0.727532 -0.038876 0.000000
0.818953 -0.027489 0.000000
0.738145 0.049731 0.000000
0.146106 -0.055244 0.000000
0.729775 -0.038615 0.000000
0.764703 0.045320 0.000000
0.265027 -0.063914 0.000000
0.967479 -0.005471 0.000000
0.550189 0.076786 0.000000
0.359654 -0.065240 0.000000
0.522482 0.080069 0.000000
0.498001 0.082788 0.000000
0.085475 0.072921 0.000000
0.112557 0.080652 0.000000
0.082459 -0.045700 0.000000
0.035970 -0.032689 0.000000
0.415098 0.090552 0.000000
0.499191 -0.059781 0.000000
0.375388 0.093347 0.000000
0.151158 -0.055801 0.000000
0.547776 -0.056371 0.000000
0.311338 -0.065172 0.000000
0.324349 -0.065313 0.000000
0.321160 -0.065285 0.000000
0.953810 -0.007695 0.000000
0.723009 0.052184 0.000000
0.804725 -0.029366 0.000000
0.900654 0.020574 0.000000
0.201940 -0.060367 0.000000
0.093916 0.075573 0.000000
0.002259 0.017690 0.000000
0.690529 -0.043030 0.000000
0.567805 -0.054782 0.000000
0.104044 -0.049579 0.000000
0.553101 -0.055959 0.000000
0.713769 0.053660 0.000000
0.993744 0.001365 0.000000
0.012388 0.032427 0.000000
0.105973 0.078971 0.000000
0.142609 -0.054844 0.000000
0.576445 0.073489 0.000000
0.879828 -0.019017 0.000000
0.232618 -0.062360 0.000000
0.974496 0.005505 0.000000
0.768327 -0.033991 0.000000
0.485583 -0.060615 0.000000
0.008017 -0.015244 0.000000
0.557661 -0.055600 0.000000
0.808186 -0.028913 0.000000
0.204123 0.094500 0.000000
0.144704 -0.055084 0.000000
0.247348 0.096571 0.000000
0.115632 -0.051351 0.000000
0.142954 -0.054883 0.000000
0.334880 -0.065356 0.000000
0.326028 -0.065323 0.000000
0.463720 -0.061833 0.000000
0.487823 -0.060481 0.000000
0.101363 -0.049142 0.000000
0.145946 -0.055226 0.000000
0.745918 0.048454 0.000000
0.526648 -0.057934 0.000000
0.398592 -0.064475 0.000000
0.448779 -0.062574 0.000000
0.228009 0.095916 0.000000
0.150631 -0.055745 0.000000
0.626657 0.066716 0.000000
0.917583 -0.013386 0.000000
0.379566 0.093084 0.000000
0.749005 -0.036344 0.000000
0.081130 -0.045431 0.000000
0.048169 -0.037061 0.000000
0.901301 -0.015851 0.000000
0.561270 -0.055311 0.000000
0.295169 0.096654 0.000000
0.478718 0.084801 0.000000
0.742797 0.048968 0.000000
0.970719 0.006306 0.000000
0.299849 0.096563 0.000000
0.012938 -0.019851 0.000000
0.253197 -0.063413 0.000000
0.304127 -0.065054 0.000000
0.145299 0.087445 0.000000
0.784128 0.042007 0.000000
0.623373 -0.049868 0.000000
0.981933 -0.003071 0.000000
0.561296 0.075413 0.000000
0.968715 -0.005268 0.000000
0.753354 0.047222 0.000000
0.229880 -0.062202 0.000000
0.477463 0.084929 0.000000
-0.000175 0.009448 0.000000
0.285280 -0.064605 0.000000
0.020994 0.040403 0.000000
0.501824 -0.059614 0.000000
0.965905 -0.005729 0.000000
0.311205 0.096281 0.000000
0.631521 -0.049089 0.000000
0.326892 -0.065327 0.000000
0.776213 0.043366 0.000000
0.333402 0.095510 0.000000
0.612839 -0.050854 0.000000
0.469288 0.085743 0.000000
0.134467 -0.053870 0.000000
0.000307 0.011917 0.000000
0.957432 0.009099 0.000000
0.894872 -0.016809 0.000000
0.007019 -0.014117 0.000000
0.096923 -0.048394 0.000000
0.869623 -0.020489 0.000000
0.372957 -0.065055 0.000000
0.365595 0.093927 0.000000
0.797411 0.039699 0.000000
0.394998 -0.064572 0.000000
0.865630 -0.021059 0.000000
0.784475 0.041947 0.000000
0.971334 -0.004836 0.000000
0.692088 -0.042861 0.000000
0.381960 -0.064882 0.000000
0.747546 -0.036519 0.000000
0.158170 0.089492 0.000000
0.814870 0.036614 0.000000
0.424931 -0.063595 0.000000
0.220637 0.095554 0.000000
0.618869 -0.050292 0.000000
0.290303 0.096730 0.000000
0.484981 -0.060650 0.000000
0.015524 -0.021839 0.000000
0.444866 0.088042 0.000000
0.613232 -0.050817 0.000000
0.063402 0.064714 0.000000
0.219240 -0.061555 0.000000
0.947836 -0.008654 0.000000
0.063878 0.064914 0.000000
0.615700 0.068244 0.000000
0.995896 0.000897 0.000000
0.984973 -0.002560 0.000000
0.415633 0.090510 0.000000
0.980250 0.004277 0.000000
0.504491 -0.059441 0.000000
0.840607 -0.024559 0.000000
0.007368 -0.014520 0.000000
0.293930 -0.064834 0.000000
0.957808 -0.007049 0.000000
0.292354 -0.064795 0.000000
0.542736 -0.056755 0.000000
0.299930 -0.064968 0.000000
0.083853 -0.045978 0.000000
-0.000418 0.007311 0.000000
0.506937 -0.059283 0.000000
0.597546 -0.052241 0.000000
0.587455 -0.053126 0.000000
0.113705 -0.051068 0.000000
0.017729 -0.023370 0.000000
0.559621 0.075622 0.000000
0.285088 -0.064600 0.000000
0.704102 -0.041537 0.000000
0.932968 -0.011005 0.000000
0.234997 -0.062492 0.000000
0.284622 -0.064586 0.000000
0.320720 -0.065281 0.000000
0.449619 -0.062534 0.000000
0.696959 0.056300 0.000000
0.148630 -0.055525 0.000000
0.275348 -0.064295 0.000000
0.303384 0.096484 0.000000
0.459763 0.086665 0.000000
0.967204 -0.005516 0.000000
0.698949 0.055991 0.000000
0.648947 -0.047375 0.000000
0.342706 -0.065353 0.000000
0.057546 0.062165 0.000000
0.446789 0.087869 0.000000
0.157103 0.089332 0.000000
0.969646 -0.005114 0.000000
0.177704 -0.058408 0.000000
0.151115 0.088406 0.000000
0.237336 0.096287 0.000000
0.762552 -0.034701 0.000000
0.855704 0.029165 0.000000
0.978766 0.004595 0.000000
0.473967 -0.061281 0.000000
0.997987 0.000440 0.000000
0.288258 -0.064690 0.000000
0.977172 -0.003867 0.000000
0.720528 0.052582 0.000000
0.320293 -0.065277 0.000000
0.717528 -0.040025 0.000000
0.119170 -0.051855 0.000000
0.801121 -0.029835 0.000000
0.320429 -0.065278 0.000000
0.559669 0.075616 0.000000
0.855693 0.029167 0.000000
0.151096 0.088403 0.000000
0.210045 0.094919 0.000000
0.302542 -0.065023 0.000000
0.290208 0.096731 0.000000
-0.000444 0.006923 0.000000
0.548013 0.077052 0.000000
0.996053 -0.000678 0.000000
0.817783 -0.027645 0.000000
0.410491 -0.064112 0.000000
0.301760 -0.065006 0.000000
0.672950 -0.044910 0.000000
0.993579 -0.001101 0.000000
0.364438 0.093993 0.000000
0.437467 -0.063084 0.000000
0.015027 0.035106 0.000000
0.048130 0.057657 0.000000
0.226899 0.095865 0.000000
0.696232 -0.042407 0.000000
0.159192 0.089641 0.000000
0.042627 -0.035198 0.000000
0.177274 0.091980 0.000000
0.638097 -0.048450 0.000000
0.949702 0.010704 0.000000
0.430441 0.089301 0.000000
0.667677 0.060764 0.000000
0.587944 -0.053084 0.000000
0.280337 0.096837 0.000000
0.342240 0.095130 0.000000
0.794435 0.040219 0.000000
0.414990 -0.063960 0.000000
0.430810 -0.063363 0.000000
0.982099 0.003881 0.000000
0.639051 0.064956 0.000000
0.352420 0.094638 0.000000
0.680015 0.058904 0.000000
0.570506 0.074250 0.000000
0.536910 -0.057190 0.000000
0.971043 -0.004884 0.000000
0.465977 0.086067 0.000000
0.436365 0.088794 0.000000
0.942774 0.012131 0.000000
0.558740 0.075732 0.000000
0.018506 0.038302 0.000000
0.741361 0.049204 0.000000
0.651380 -0.047130 0.000000
0.242800 0.096456 0.000000
0.665331 0.061114 0.000000
0.577694 -0.053960 0.000000
0.068530 -0.042658 0.000000
0.910126 -0.014522 0.000000
0.816219 0.036373 0.000000
0.540609 0.077945 0.000000
0.084228 -0.046052 0.000000
0.021148 0.040530 0.000000
0.028440 0.046006 0.000000
0.782289 -0.032246 0.000000
0.363767 0.094031 0.000000
0.844052 -0.024084 0.000000
0.486589 0.083994 0.000000
0.355914 0.094460 0.000000
0.170879 0.091214 0.000000
0.896489 0.021388 0.000000
0.934266 -0.010802 0.000000
0.439123 -0.063013 0.000000
0.835854 0.032828 0.000000
0.068412 0.066760 0.000000
0.534190 -0.057390 0.000000
0.158812 -0.056608 0.000000
0.855394 -0.022506 0.000000
0.059836 0.063184 0.000000
0.835098 -0.025313 0.000000
0.449349 0.087636 0.000000
0.670400 0.060357 0.000000
0.182261 0.092530 0.000000
0.270849 -0.064135 0.000000
0.811247 -0.028511 0.000000
0.093638 0.075489 0.000000
0.694312 -0.042618 0.000000
0.312826 -0.065191 0.000000
0.572589 0.073984 0.000000
0.633001 0.065819 0.000000
0.736981 0.049921 0.000000
0.608594 -0.051244 0.000000
0.974419 -0.004325 0.000000
0.562534 0.075258 0.000000
0.211492 0.095018 0.000000
0.082809 0.072033 0.000000
0.412352 -0.064049 0.000000
0.332993 -0.065354 0.000000
0.626912 0.066680 0.000000
0.047195 0.057179 0.000000
0.394258 -0.064591 0.000000
0.206003 -0.060661 0.000000
0.253322 -0.063419 0.000000
0.270727 0.096859 0.000000
0.955859 0.009427 0.000000
0.151048 0.088395 0.000000
0.001873 0.016773 0.000000
0.096540 0.076350 0.000000
0.870906 0.026306 0.000000
0.149764 -0.055651 0.000000
0.468653 -0.061572 0.000000
0.775359 -0.033117 0.000000
0.493792 0.083237 0.000000
0.248598 -0.063195 0.000000
0.007395 -0.014552 0.000000
0.912367 -0.014182 0.000000
0.610037 0.069022 0.000000
0.317209 0.096101 0.000000
0.848737 -0.023435 0.000000
0.074993 0.069274 0.000000
0.050411 -0.037765 0.000000
0.599410 -0.052075 0.000000
0.219066 -0.061543 0.000000
0.342974 -0.065352 0.000000
0.916962 -0.013481 0.000000
0.553723 -0.055910 0.000000
0.716960 -0.040090 0.000000
0.783736 0.042074 0.000000
0.045515 -0.036191 0.000000
0.204729 0.094547 0.000000
0.768561 -0.033962 0.000000
0.705448 0.054974 0.000000
0.949144 0.010820 0.000000
0.714496 -0.040370 0.000000
0.154247 0.088902 0.000000
0.191649 0.093460 0.000000
0.258445 -0.063643 0.000000
0.332189 0.095559 0.000000
0.627065 -0.049517 0.000000
0.337275 -0.065360 0.000000
0.934203 0.013881 0.000000
0.506801 -0.059291 0.000000
0.056691 0.061779 0.000000
0.100307 0.077429 0.000000
0.486512 0.084002 0.000000
0.725261 -0.039138 0.000000
0.589995 0.071720 0.000000
0.157958 -0.056520 0.000000
0.145047 0.087402 0.000000
0.175645 0.091790 0.000000
0.245904 0.096537 0.000000
0.857043 -0.022274 0.000000
0.063355 0.064694 0.000000
0.352048 0.094657 0.000000
0.904926 0.019736 0.000000
0.881268 0.024331 0.000000
0.890801 0.022493 0.000000
0.676896 0.059378 0.000000
0.600837 -0.051947 0.000000
0.200892 0.094253 0.000000
0.709043 0.054408 0.000000
0.406846 0.091188 0.000000
0.730250 -0.038560 0.000000
0.405408 0.091295 0.000000
0.101163 -0.049109 0.000000
0.080287 0.071168 0.000000
0.885920 0.023437 0.000000
0.904936 -0.015306 0.000000
0.120144 -0.051990 0.000000
0.886279 0.023367 0.000000
0.249869 0.096631 0.000000
0.370166 0.093662 0.000000
0.140078 -0.054547 0.000000
0.816503 -0.027815 0.000000
0.915097 -0.013766 0.000000
0.113342 -0.051014 0.000000
0.187353 -0.059232 0.000000
0.063803 -0.041500 0.000000
0.702731 -0.041690 0.000000
0.662400 0.061550 0.000000
0.151518 -0.055840 0.000000
0.100418 0.077461 0.000000
0.245772 -0.063058 0.000000
0.271290 -0.064151 0.000000
0.189924 0.093300 0.000000
0.805417 0.038292 0.000000
0.893855 0.021901 0.000000
0.500302 0.082540 0.000000
0.451633 0.087426 0.000000
0.736668 0.049973 0.000000
0.016567 -0.022579 0.000000
0.795557 0.040023 0.000000
0.841852 0.031729 0.000000
0.685154 0.058121 0.000000
0.214702 0.095215 0.000000
0.960597 -0.006596 0.000000
0.259749 -0.063701 0.000000
0.093721 -0.047832 0.000000
0.830460 0.033809 0.000000
0.992740 -0.001244 0.000000
0.725817 -0.039074 0.000000
0.006587 -0.013600 0.000000
0.546935 -0.056436 0.000000
0.937959 -0.010221 0.000000
0.456546 0.086968 0.000000
0.658285 0.062158 0.000000
0.765063 -0.034393 0.000000
0.260132 0.096792 0.000000
0.585458 0.072317 0.000000
0.852753 0.029715 0.000000
0.109875 -0.050494 0.000000
0.009043 -0.016323 0.000000
0.421940 0.090005 0.000000
0.540142 -0.056949 0.000000
0.465824 -0.061722 0.000000
0.565842 0.074841 0.000000
0.778200 -0.032761 0.000000
0.608696 -0.051235 0.000000
0.852363 -0.022930 0.000000
0.080257 -0.045252 0.000000
0.082633 0.071973 0.000000
0.128229 0.084209 0.000000
0.659180 0.062027 0.000000
0.590164 -0.052891 0.000000
0.325102 -0.065318 0.000000
0.370882 -0.065089 0.000000
0.918644 -0.013224 0.000000
0.937181 0.013275 0.000000
0.651630 0.063135 0.000000
0.556120 -0.055721 0.000000
0.158956 0.089607 0.000000
0.952811 -0.007856 0.000000
0.299362 -0.064957 0.000000
0.105838 -0.049867 0.000000
0.377565 -0.064972 0.000000
0.788868 -0.031412 0.000000
0.182463 -0.058822 0.000000
0.875942 -0.019580 0.000000
0.608455 0.069239 0.000000
0.431719 0.089192 0.000000
0.071053 -0.043249 0.000000
0.010653 0.030510 0.000000
0.666941 -0.045538 0.000000
0.536968 0.078379 0.000000
0.159504 0.089685 0.000000
0.462982 0.086356 0.000000
0.496083 -0.059977 0.000000
0.588560 -0.053031 0.000000
0.379013 0.093119 0.000000
0.651552 -0.047113 0.000000
0.737423 -0.037720 0.000000
0.344480 -0.065349 0.000000
0.496903 0.082906 0.000000
0.489972 0.083640 0.000000
0.733519 0.050486 0.000000
0.441763 0.088320 0.000000
0.258604 0.096776 0.000000
0.299593 0.096568 0.000000
0.236755 -0.062588 0.000000
0.893911 0.021890 0.000000
0.818483 -0.027552 0.000000
0.569495 -0.054643 0.000000
0.563257 0.075167 0.000000
0.852546 0.029753 0.000000
0.897965 0.021100 0.000000
0.450675 -0.062484 0.000000
0.453577 0.087247 0.000000
0.120103 -0.051985 0.000000
0.928707 0.014995 0.000000
0.341357 -0.065356 0.000000
0.399739 0.091713 0.000000
0.892138 -0.017214 0.000000
0.622184 -0.049980 0.000000
0.411153 -0.064090 0.000000
0.232283 0.096097 0.000000
0.910952 -0.014397 0.000000
0.819950 -0.027357 0.000000
0.042586 0.054726 0.000000
0.219665 -0.061582 0.000000
0.748924 0.047957 0.000000
0.870255 -0.020398 0.000000
0.921710 -0.012752 0.000000
0.243921 0.096489 0.000000
0.444345 0.088089 0.000000
0.369220 -0.065114 0.000000
0.274113 -0.064254 0.000000
0.208656 -0.060849 0.000000
0.295977 0.096639 0.000000
0.305190 0.096440 0.000000
0.089330 -0.047030 0.000000
0.143019 0.087045 0.000000
0.859601 0.028437 0.000000
0.671560 0.060182 0.000000
0.831318 0.033654 0.000000
0.711325 0.054047 0.000000
0.665963 -0.045639 0.000000
0.401572 0.091579 0.000000
0.055804 -0.039359 0.000000
0.277570 0.096849 0.000000
0.254126 0.096707 0.000000
0.222837 0.095671 0.000000
0.855927 0.029123 0.000000
0.941333 -0.009688 0.000000
0.309714 -0.065147 0.000000
0.719993 -0.039743 0.000000
0.340050 -0.065358 0.000000
0.708954 -0.040995 0.000000
0.471174 0.085558 0.000000
0.291460 -0.064773 0.000000
0.066253 0.065894 0.000000
0.016940 0.036905 0.000000
0.716637 -0.040126 0.000000
0.056445 0.061668 0.000000
0.546319 -0.056482 0.000000
0.761524 -0.034827 0.000000
0.449080 0.087660 0.000000
0.020890 0.040318 0.000000
0.285005 0.096795 0.000000
0.915633 0.017616 0.000000
0.114785 0.081196 0.000000
0.486515 0.084002 0.000000
0.016348 0.036359 0.000000
0.417522 0.090361 0.000000
0.113293 -0.051007 0.000000
0.174110 -0.058083 0.000000
0.917174 0.017309 0.000000
0.298622 -0.064941 0.000000
0.227350 0.095886 0.000000
0.932288 0.014270 0.000000
0.743065 -0.037053 0.000000
0.018161 0.038001 0.000000
0.735519 0.050160 0.000000
0.755060 0.046937 0.000000
0.902313 0.020249 0.000000
0.180763 -0.058674 0.000000
0.483508 -0.060736 0.000000
0.334028 -0.065355 0.000000
0.161289 0.089939 0.000000
0.574311 -0.054244 0.000000
0.734118 0.050388 0.000000
0.587226 -0.053146 0.000000
0.463473 -0.061846 0.000000
0.457316 0.086896 0.000000
0.810217 0.037442 0.000000
0.819731 0.035745 0.000000
0.052234 0.059690 0.000000
0.312987 -0.065193 0.000000
0.564458 0.075016 0.000000
0.812865 0.036972 0.000000
0.609120 -0.051196 0.000000
0.938514 0.013003 0.000000
0.134000 0.085371 0.000000
0.115402 0.081343 0.000000
0.364094 0.094013 0.000000
0.502463 -0.059573 0.000000
0.752589 0.047349 0.000000
0.081729 -0.045552 0.000000
0.984280 -0.002677 0.000000
0.719120 -0.039843 0.000000
0.095851 -0.048206 0.000000
0.673783 0.059848 0.000000
0.849968 0.030232 0.000000
0.767028 0.044927 0.000000
0.053719 0.060398 0.000000
0.236209 -0.062558 0.000000
0.584502 -0.053381 0.000000
0.614859 0.068360 0.000000
0.442815 -0.062849 0.000000
0.714037 -0.040422 0.000000
0.750063 -0.036217 0.000000
0.746635 -0.036628 0.000000
0.339380 -0.065360 0.000000
0.431945 0.089173 0.000000
0.923248 0.016094 0.000000
0.485980 -0.060592 0.000000
0.597176 0.070764 0.000000
0.374268 0.093415 0.000000
0.419639 -0.063794 0.000000
0.237087 0.096280 0.000000
0.178075 0.092074 0.000000
0.877244 -0.019392 0.000000
0.177499 -0.058390 0.000000
0.255006 0.096722 0.000000
0.150779 0.088353 0.000000
0.939195 -0.010026 0.000000
0.213731 0.095156 0.000000
0.797016 0.039768 0.000000
0.622791 -0.049923 0.000000
0.205922 0.094636 0.000000
0.737695 0.049805 0.000000
0.042700 -0.035223 0.000000
0.686687 -0.043446 0.000000
0.374470 0.093403 0.000000
0.870271 -0.020396 0.000000
0.129358 -0.053225 0.000000
0.653671 0.062837 0.000000
0.387549 -0.064758 0.000000
0.604807 0.069735 0.000000
0.361792 0.094142 0.000000
0.895293 -0.016746 0.000000
0.691474 -0.042927 0.000000
0.011206 -0.018375 0.000000
0.416530 0.090439 0.000000
0.409174 -0.064155 0.000000
0.402352 0.091521 0.000000
0.615618 -0.050596 0.000000
0.668338 -0.045393 0.000000
0.761346 0.045885 0.000000
0.027913 0.045639 0.000000
0.391475 0.092295 0.000000
0.361527 -0.065218 0.000000
0.309660 -0.065146 0.000000
0.932251 -0.011117 0.000000
0.828958 0.034082 0.000000
0.188212 -0.059302 0.000000
0.283293 0.096811 0.000000
0.889049 -0.017669 0.000000
0.147856 -0.055439 0.000000
0.847379 -0.023624 0.000000
0.646788 0.063840 0.000000
0.656285 -0.046634 0.000000
0.544311 0.077500 0.000000
0.421685 -0.063719 0.000000
0.412701 -0.064037 0.000000
0.779337 0.042831 0.000000
0.198859 -0.060139 0.000000
0.739497 0.049510 0.000000
0.811431 -0.028486 0.000000
0.827276 -0.026374 0.000000
0.098521 -0.048666 0.000000
0.855515 0.029200 0.000000
0.321994 0.095944 0.000000
0.274551 -0.064269 0.000000
0.983371 -0.002830 0.000000
0.511487 0.081312 0.000000
0.387458 0.092569 0.000000
0.011425 -0.018569 0.000000
0.886637 -0.018023 0.000000
0.237069 -0.062605 0.000000
0.009961 -0.017226 0.000000
0.444644 0.088062 0.000000
0.740126 -0.037401 0.000000
0.044780 -0.035943 0.000000
0.196869 -0.059987 0.000000
0.501663 0.082392 0.000000
0.441910 -0.062889 0.000000
0.428450 0.089467 0.000000
0.349370 -0.065325 0.000000
0.091975 0.074986 0.000000
0.568186 -0.054751 0.000000
0.847309 -0.023634 0.000000
0.668795 -0.045345 0.000000
0.981817 0.003941 0.000000
0.384778 -0.064824 0.000000
0.111747 -0.050777 0.000000
0.975425 -0.004158 0.000000
0.132028 0.084983 0.000000
0.509627 -0.059104 0.000000
0.490801 -0.060302 0.000000
0.015047 -0.021488 0.000000
0.706847 -0.041231 0.000000
0.457467 0.086882 0.000000
0.215822 -0.061334 0.000000
0.550957 0.076692 0.000000
0.769988 -0.033785 0.000000
0.411425 -0.064080 0.000000
0.131516 0.084880 0.000000
0.672383 -0.044969 0.000000
0.848590 -0.023456 0.000000
0.000046 -0.000234 0.000000
0.646606 0.063866 0.000000
0.225188 0.095787 0.000000
0.854816 0.029331 0.000000
0.066838 0.066131 0.000000
0.331967 0.095568 0.000000
0.485870 0.084069 0.000000
0.132177 0.085013 0.000000
0.632666 0.065867 0.000000
0.465884 0.086076 0.000000
0.236938 -0.062598 0.000000
0.540195 0.077994 0.000000
0.559563 -0.055448 0.000000
0.361199 0.094174 0.000000
0.476465 -0.061141 0.000000
0.652112 -0.047056 0.000000
0.832226 0.033488 0.000000
0.272964 -0.064212 0.000000
0.235901 0.096235 0.000000
0.590422 -0.052869 0.000000
0.871783 -0.020179 0.000000
0.793555 -0.030812 0.000000
0.679090 -0.044260 0.000000
0.553771 -0.055906 0.000000
0.165797 0.090558 0.000000
0.059132 -0.040280 0.000000
0.586630 -0.053198 0.000000
0.342821 -0.065352 0.000000
0.106131 0.079013 0.000000
0.877057 0.025136 0.000000
0.816513 0.036321 0.000000
0.528361 -0.057812 0.000000
0.669686 0.060463 0.000000
0.775717 0.043450 0.000000
0.348584 -0.065329 0.000000
0.140748 0.086643 0.000000
0.639667 -0.048295 0.000000
0.186034 -0.059122 0.000000
0.441915 -0.062889 0.000000
0.688698 0.057577 0.000000
0.708125 0.054552 0.000000
0.518575 0.080515 0.000000
0.108534 -0.050288 0.000000
0.888218 0.022993 0.000000
0.426617 0.089621 0.000000
0.158731 -0.056600 0.000000
0.212491 -0.061111 0.000000
0.062077 -0.041058 0.000000
0.652440 -0.047023 0.000000
0.826640 -0.026460 0.000000
0.501522 0.082408 0.000000
0.844593 -0.024010 0.000000
0.177219 0.091974 0.000000
0.196919 -0.059991 0.000000
0.393470 0.092158 0.000000
0.623260 -0.049879 0.000000
0.626561 0.066729 0.000000
0.982343 -0.003002 0.000000
0.069635 -0.042919 0.000000
0.200867 -0.060288 0.000000
0.114008 -0.051112 0.000000
0.843189 -0.024204 0.000000
0.122369 -0.052298 0.000000
0.424011 -0.063631 0.000000
0.459211 0.086718 0.000000
0.089944 -0.047144 0.000000
0.437911 0.088658 0.000000
0.606643 -0.051422 0.000000
0.113090 0.080784 0.000000
0.566562 -0.054884 0.000000
0.549696 0.076846 0.000000
0.032897 -0.031410 0.000000
0.575619 -0.054135 0.000000
0.668145 -0.045413 0.000000
0.691897 0.057084 0.000000
0.079811 0.071002 0.000000
0.345530 0.094975 0.000000
0.240039 0.096371 0.000000
0.673023 -0.044902 0.000000
0.008894 0.028408 0.000000
0.257575 -0.063605 0.000000
0.582616 0.072688 0.000000
-0.000093 0.009956 0.000000
0.943485 -0.009347 0.000000
0.525922 -0.057986 0.000000
0.295201 -0.064865 0.000000
0.958119 -0.006999 0.000000
0.590138 -0.052894 0.000000
0.570287 -0.054578 0.000000
0.890365 -0.017475 0.000000
0.934686 -0.010736 0.000000
0.121594 -0.052191 0.000000
0.262465 -0.063811 0.000000
0.757859 0.046470 0.000000
0.804678 0.038422 0.000000
0.404158 0.091388 0.000000
0.380915 0.092998 0.000000
0.596882 0.070803 0.000000
0.671255 -0.045087 0.000000
0.920715 -0.012906 0.000000
0.537738 0.078288 0.000000
0.008239 0.027575 0.000000
0.032214 -0.031113 0.000000
0.323970 -0.065309 0.000000
0.990489 0.002072 0.000000
0.933901 0.013943 0.000000
0.136289 0.085814 0.000000
0.847636 0.030663 0.000000
0.788380 0.041272 0.000000
0.733243 0.050530 0.000000
0.609997 -0.051115 0.000000
0.189752 0.093284 0.000000
0.716400 -0.040153 0.000000
0.344409 0.095028 0.000000
0.900472 0.020610 0.000000
0.379270 0.093102 0.000000
0.716968 0.053150 0.000000
0.107577 -0.050139 0.000000
0.883635 -0.018463 0.000000
0.213926 -0.061208 0.000000
0.715863 0.053327 0.000000
0.035252 -0.032399 0.000000
0.633395 -0.048908 0.000000
0.432780 0.089101 0.000000
0.742075 -0.037170 0.000000
0.000450 0.012493 0.000000
0.003737 -0.009598 0.000000
0.643217 -0.047945 0.000000
0.329969 0.095649 0.000000
0.692972 -0.042764 0.000000
0.466604 -0.061680 0.000000
0.545197 0.077393 0.000000
0.431803 0.089185 0.000000
0.276432 0.096852 0.000000
0.544137 -0.056649 0.000000
0.520982 -0.058333 0.000000
0.777170 -0.032890 0.000000
0.008608 0.028047 0.000000
0.539655 -0.056986 0.000000
0.969225 0.006623 0.000000
0.630842 -0.049154 0.000000
0.959493 0.008669 0.000000
0.815171 -0.027992 0.000000
0.660081 -0.046246 0.000000
0.436555 0.088777 0.000000
0.422685 0.089944 0.000000
0.565008 0.074946 0.000000
0.466897 -0.061665 0.000000
0.224856 -0.061904 0.000000
0.109354 -0.050415 0.000000
0.330105 -0.065344 0.000000
0.870732 0.026339 0.000000
0.468608 -0.061574 0.000000
0.353342 0.094591 0.000000
0.593575 -0.052592 0.000000
0.157101 -0.056431 0.000000
0.021589 0.040887 0.000000
0.018289 -0.023740 0.000000
0.825862 -0.026564 0.000000
0.665457 -0.045692 0.000000
0.581167 -0.053667 0.000000
0.758843 0.046305 0.000000
0.252243 -0.063368 0.000000
0.468871 -0.061560 0.000000
0.130861 -0.053417 0.000000
0.483352 0.084328 0.000000
0.805706 0.038241 0.000000
0.067476 -0.042406 0.000000
0.554424 -0.055855 0.000000
0.610565 -0.051063 0.000000
0.887752 -0.017860 0.000000
0.678707 -0.044301 0.000000
0.419363 0.090214 0.000000
0.978297 0.004695 0.000000
0.669601 -0.045261 0.000000
0.717117 -0.040072 0.000000
0.133665 -0.053771 0.000000
0.582967 0.072642 0.000000
0.182940 0.092603 0.000000
0.817363 0.036169 0.000000
0.211061 -0.061014 0.000000
0.886017 0.023418 0.000000
0.437023 -0.063103 0.000000
0.749080 0.047931 0.000000
0.842151 0.031674 0.000000
0.610721 0.068929 0.000000
0.368475 0.093762 0.000000
0.196433 0.093885 0.000000
0.098910 0.077033 0.000000
0.150271 -0.055706 0.000000
0.032613 -0.031287 0.000000
0.804293 0.038490 0.000000
0.476875 0.084988 0.000000
0.645896 -0.047679 0.000000
0.105922 -0.049881 0.000000
0.261485 -0.063772 0.000000
0.112150 0.080552 0.000000
0.016516 -0.022543 0.000000
0.772278 -0.033501 0.000000
0.117972 0.081951 0.000000
0.750685 -0.036142 0.000000
0.526955 -0.057912 0.000000
0.731709 -0.038390 0.000000
0.676031 0.059508 0.000000
0.173069 -0.057989 0.000000
0.987590 0.002699 0.000000
0.992350 -0.001310 0.000000
0.923205 -0.012522 0.000000
0.645117 0.064082 0.000000
0.729627 0.051117 0.000000
0.030267 0.047255 0.000000
0.583864 -0.053436 0.000000
0.833106 0.033328 0.000000
0.904016 0.019915 0.000000
0.685452 -0.043579 0.000000
0.119514 0.082305 0.000000
0.109959 0.080004 0.000000
0.866686 0.027105 0.000000
0.759807 -0.035037 0.000000
0.043611 -0.035543 0.000000
0.391083 0.092322 0.000000
0.686720 -0.043443 0.000000
0.673700 -0.044831 0.000000
0.778591 0.042958 0.000000
0.717895 0.053003 0.000000
0.542831 -0.056748 0.000000
0.888828 0.022875 0.000000
0.001041 0.014507 0.000000
0.942386 0.012211 0.000000
0.690032 -0.043084 0.000000
0.672589 -0.044948 0.000000
0.169144 -0.057623 0.000000
0.715410 -0.040266 0.000000
0.247014 -0.063120 0.000000
0.180558 -0.058656 0.000000
0.356803 -0.065268 0.000000
0.303090 -0.065034 0.000000
0.057351 0.062077 0.000000
0.798896 0.039439 0.000000
0.296912 0.096621 0.000000
0.676323 -0.044554 0.000000
0.301967 0.096518 0.000000
0.979004 -0.003561 0.000000
0.682710 0.058494 0.000000
0.323975 0.095872 0.000000
0.099494 -0.048831 0.000000
0.065080 -0.041821 0.000000
0.538014 0.078255 0.000000
0.797698 -0.030278 0.000000
0.661053 -0.046146 0.000000
0.853528 -0.022767 0.000000
0.051419 -0.038074 0.000000
0.682764 0.058486 0.000000
0.398228 0.091820 0.000000
0.472284 -0.061373 0.000000
0.835290 -0.025287 0.000000
0.075506 0.069464 0.000000
0.008616 -0.015884 0.000000
0.827913 -0.026288 0.000000
0.537937 0.078264 0.000000
0.983030 -0.002887 0.000000
0.161304 -0.056859 0.000000
-0.000409 0.007426 0.000000
0.059279 0.062938 0.000000
0.791413 -0.031086 0.000000
0.517388 -0.058582 0.000000
0.519435 0.080417 0.000000
0.089531 0.074226 0.000000
0.053898 -0.038811 0.000000
0.192172 0.093508 0.000000
0.959817 0.008601 0.000000
0.150085 -0.055686 0.000000
0.317061 -0.065245 0.000000
0.700233 0.055790 0.000000
0.059065 -0.040262 0.000000
0.906292 0.019467 0.000000
0.367808 0.093800 0.000000
0.528918 0.079325 0.000000
0.592812 -0.052659 0.000000
0.442912 0.088217 0.000000
0.586788 0.072142 0.000000
0.461806 0.086469 0.000000
0.336593 -0.065359 0.000000
0.142068 -0.054782 0.000000
0.547441 -0.056397 0.000000
0.810608 -0.028595 0.000000
0.715138 -0.040297 0.000000
0.138187 0.086169 0.000000
0.837648 0.032500 0.000000
0.113670 0.080927 0.000000
0.882981 0.024002 0.000000
0.730156 -0.038571 0.000000
0.890930 -0.017392 0.000000
0.229235 -0.062165 0.000000
0.458868 0.086750 0.000000
0.905254 0.019671 0.000000
0.789891 -0.031281 0.000000
0.481554 0.084514 0.000000
0.036661 -0.032966 0.000000
0.248770 0.096605 0.000000
0.935050 0.013709 0.000000
0.380713 -0.064909 0.000000
0.436313 -0.063134 0.000000
0.446604 0.087885 0.000000
0.485335 0.084124 0.000000
0.963555 0.007817 0.000000
0.317765 0.096083 0.000000
0.979651 0.004405 0.000000
0.151112 0.088406 0.000000
0.769237 0.044553 0.000000
0.395344 -0.064563 0.000000
0.096510 0.076341 0.000000
0.484867 -0.060657 0.000000
0.885122 0.023590 0.000000
0.895940 -0.016651 0.000000
0.982799 -0.002926 0.000000
0.316410 0.096127 0.000000
0.480088 -0.060936 0.000000
0.887789 -0.017854 0.000000
0.752432 -0.035932 0.000000
0.551343 0.076645 0.000000
0.567999 0.074569 0.000000
0.195314 0.093790 0.000000
0.213562 -0.061184 0.000000
0.719690 -0.039778 0.000000
0.451414 -0.062450 0.000000
0.619668 -0.050217 0.000000
0.263852 0.096829 0.000000
0.157655 0.089415 0.000000
0.239866 0.096366 0.000000
0.033176 -0.031529 0.000000
0.246768 -0.063108 0.000000
0.775507 0.043486 0.000000
0.395122 -0.064569 0.000000
0.805795 0.038225 0.000000
0.018346 -0.023776 0.000000
0.021169 -0.025524 0.000000
0.489540 -0.060378 0.000000
0.186681 0.092983 0.000000
0.615304 0.068298 0.000000
0.355325 -0.065281 0.000000
0.370399 0.093648 0.000000
0.421377 0.090050 0.000000
0.564732 0.074981 0.000000
0.440452 0.088435 0.000000
0.129931 -0.053299 0.000000
0.557794 -0.055589 0.000000
0.267410 -0.064009 0.000000
0.861188 0.028139 0.000000
0.942425 -0.009515 0.000000
0.622938 -0.049909 0.000000
0.547326 0.077135 0.000000
0.523601 0.079941 0.000000
0.782985 -0.032158 0.000000
0.856080 -0.022409 0.000000
0.457042 0.086921 0.000000
0.549405 0.076882 0.000000
0.560422 0.075522 0.000000
0.333667 -0.065355 0.000000
0.650489 0.063302 0.000000
0.250916 -0.063305 0.000000
0.809754 -0.028707 0.000000
0.331641 -0.065351 0.000000
0.815812 -0.027907 0.000000
0.516408 -0.058648 0.000000
0.250424 0.096644 0.000000
0.055191 0.061088 0.000000
0.062783 0.064454 0.000000
0.589806 -0.052922 0.000000
0.691868 0.057089 0.000000
0.866662 -0.020912 0.000000
0.482204 0.084447 0.000000
0.385255 -0.064813 0.000000
0.371784 0.093564 0.000000
0.793538 -0.030814 0.000000
0.269002 0.096853 0.000000
0.089251 -0.047016 0.000000
0.741706 0.049148 0.000000
0.688147 -0.043288 0.000000
0.426946 0.089593 0.000000
0.078762 -0.044941 0.000000
0.256455 0.096747 0.000000
0.069067 -0.042787 0.000000
0.608957 -0.051211 0.000000
0.910656 0.018605 0.000000
0.661987 0.061611 0.000000
0.770798 0.044288 0.000000
0.711290 0.054052 0.000000
0.106537 -0.049977 0.000000
0.641356 -0.048130 0.000000
0.650162 0.063349 0.000000
0.486748 0.083978 0.000000
0.734728 -0.038037 0.000000
0.296195 -0.064890 0.000000
0.747619 -0.036510 0.000000
0.303444 0.096483 0.000000
0.159134 -0.056641 0.000000
0.027880 -0.029114 0.000000
0.605875 -0.051492 0.000000
0.471677 -0.061407 0.000000
0.341038 -0.065356 0.000000
0.871103 -0.020277 0.000000
0.030975 -0.030562 0.000000
0.641552 -0.048110 0.000000
0.073337 -0.043767 0.000000
0.006311 0.024924 0.000000
0.372520 0.093520 0.000000
0.266356 0.096844 0.000000
0.877081 0.025132 0.000000
0.000090 0.010935 0.000000
-0.000404 0.002954 0.000000
0.223202 -0.061803 0.000000
0.957026 0.009184 0.000000
0.125377 0.083607 0.000000
0.831380 -0.025819 0.000000
0.828833 0.034104 0.000000
0.012850 0.032914 0.000000
0.292243 -0.064792 0.000000
0.073824 -0.043876 0.000000
0.402407 0.091517 0.000000
0.027650 0.045453 0.000000
0.053392 0.060243 0.000000
0.366144 0.093895 0.000000
0.325184 0.095828 0.000000
0.309982 0.096316 0.000000
0.523723 0.079927 0.000000
0.573092 0.073919 0.000000
0.907195 0.019289 0.000000
0.008399 -0.015653 0.000000
0.005383 -0.012053 0.000000
0.457633 -0.062145 0.000000
0.396570 -0.064531 0.000000
0.500504 -0.059698 0.000000
0.845150 -0.023933 0.000000
0.211916 -0.061072 0.000000
0.227096 -0.062041 0.000000
0.921856 -0.012730 0.000000
0.314188 0.096196 0.000000
0.313265 -0.065197 0.000000
0.862639 -0.021484 0.000000
0.795633 0.040010 0.000000
0.987756 0.002663 0.000000
0.047183 0.057173 0.000000
0.043667 0.055315 0.000000
0.471179 -0.061434 0.000000
0.017098 -0.022944 0.000000
0.457007 0.086925 0.000000
0.689670 0.057428 0.000000
0.618131 0.067907 0.000000
0.778275 -0.032752 0.000000
0.512634 -0.058904 0.000000
0.109305 0.079837 0.000000
0.376847 -0.064985 0.000000
0.332628 0.095541 0.000000
0.023715 0.042558 0.000000
0.019208 0.038909 0.000000
0.922787 0.016187 0.000000
0.765689 -0.034316 0.000000
0.457286 0.086898 0.000000
0.405998 -0.064255 0.000000
0.905316 -0.015248 0.000000
0.437724 -0.063073 0.000000
0.055461 -0.039262 0.000000
0.021596 -0.025776 0.000000
0.801162 -0.029830 0.000000
0.561867 -0.055264 0.000000
0.881494 0.024287 0.000000
0.162417 0.090099 0.000000
0.126723 0.083891 0.000000
0.151721 0.088502 0.000000
0.102255 -0.049289 0.000000
0.962931 0.007948 0.000000
0.019477 0.039139 0.000000
0.006197 0.024755 0.000000
0.040675 0.053659 0.000000
0.111707 -0.050771 0.000000
0.651597 -0.047108 0.000000
0.009515 0.029171 0.000000
0.126707 -0.052880 0.000000
0.680320 0.058858 0.000000
0.385969 -0.064796 0.000000
0.474866 0.085190 0.000000
0.107796 0.079450 0.000000
0.379342 -0.064937 0.000000
0.221784 -0.061716 0.000000
0.821407 -0.027162 0.000000
0.222595 -0.061766 0.000000
0.929053 -0.011616 0.000000
0.635196 0.065507 0.000000
0.037108 -0.033142 0.000000
0.727598 -0.038868 0.000000
0.735467 -0.037950 0.000000
0.262942 -0.063830 0.000000
0.736371 0.050021 0.000000
0.214570 0.095207 0.000000
0.982844 0.003721 0.000000
0.803660 0.038602 0.000000
0.145052 -0.055124 0.000000
0.991926 0.001760 0.000000
0.216940 -0.061406 0.000000
0.245902 0.096536 0.000000
0.121797 -0.052219 0.000000
0.664968 -0.045743 0.000000
0.599270 -0.052087 0.000000
0.985415 0.003168 0.000000
0.127693 -0.053008 0.000000
0.275034 0.096856 0.000000
0.518500 0.080523 0.000000
-0.000085 0.000462 0.000000
0.967785 0.006927 0.000000
0.447878 0.087771 0.000000
0.271358 -0.064153 0.000000
0.890522 0.022547 0.000000
0.175013 -0.058165 0.000000
0.507946 -0.059216 0.000000
0.109558 -0.050446 0.000000
0.797094 -0.030356 0.000000
0.338140 -0.065361 0.000000
0.970838 -0.004917 0.000000
0.344543 0.095022 0.000000
0.241998 -0.062866 0.000000
0.770149 -0.033765 0.000000
0.819562 0.035775 0.000000
0.361384 -0.065220 0.000000
0.044759 -0.035936 0.000000
0.884543 -0.018330 0.000000
0.283127 0.096812 0.000000
0.504458 0.082088 0.000000
0.787841 0.041365 0.000000
0.106130 0.079013 0.000000
0.303657 0.096477 0.000000
0.154314 0.088912 0.000000
0.076312 0.069757 0.000000
0.153020 -0.056002 0.000000
0.179208 -0.058539 0.000000
0.084922 0.072739 0.000000
0.562096 0.075313 0.000000
0.691763 -0.042896 0.000000
0.722251 -0.039485 0.000000
0.036478 -0.032894 0.000000
0.207368 0.094735 0.000000
0.394696 -0.064580 0.000000
0.077187 0.070072 0.000000
0.471195 0.085556 0.000000
0.022195 0.041372 0.000000
0.407004 0.091176 0.000000
0.214080 -0.061219 0.000000
0.904208 -0.015415 0.000000
0.049155 0.058177 0.000000
0.311854 0.096263 0.000000
0.364361 -0.065184 0.000000
0.230502 0.096029 0.000000
0.650080 0.063361 0.000000
0.570434 -0.054566 0.000000
0.659793 0.061936 0.000000
0.566904 0.074708 0.000000
0.807162 -0.029047 0.000000
0.234570 -0.062469 0.000000
0.189445 -0.059402 0.000000
0.000789 -0.003129 0.000000
0.040240 0.053413 0.000000
0.390358 0.092371 0.000000
0.494480 0.083164 0.000000
0.374948 0.093374 0.000000
0.711541 0.054013 0.000000
0.681133 0.058734 0.000000
0.860896 0.028194 0.000000
0.044235 -0.035757 0.000000
0.494673 -0.060064 0.000000
0.596648 0.070835 0.000000
0.461158 -0.061965 0.000000
0.364863 0.093969 0.000000
0.050267 0.058729 0.000000
0.974902 -0.004245 0.000000
0.716429 0.053237 0.000000
0.018006 0.037863 0.000000
0.188105 0.093127 0.000000
0.057389 0.062095 0.000000
0.875862 0.025364 0.000000
0.048529 0.057860 0.000000
0.501942 -0.059607 0.000000
0.363779 -0.065191 0.000000
0.610420 0.068970 0.000000
0.839483 -0.024713 0.000000
0.639875 -0.048275 0.000000
0.857224 0.028881 0.000000
0.067022 -0.042298 0.000000
0.128472 -0.053110 0.000000
0.901618 0.020385 0.000000
0.683588 -0.043780 0.000000
0.206858 -0.060722 0.000000
0.633227 0.065787 0.000000
0.927013 -0.011933 0.000000
0.103327 0.078263 0.000000
0.760002 0.046110 0.000000
0.871361 -0.020240 0.000000
0.853123 0.029646 0.000000
0.057390 -0.039804 0.000000
0.219051 -0.061542 0.000000
0.685771 -0.043545 0.000000
0.789205 0.041129 0.000000
0.948702 -0.008515 0.000000
0.166986 0.090717 0.000000
0.712100 0.053924 0.000000
0.630930 0.066113 0.000000
0.452449 -0.062400 0.000000
0.027394 -0.028876 0.000000
0.799698 -0.030020 0.000000
0.844037 0.031327 0.000000
0.975512 -0.004143 0.000000
0.938433 -0.010146 0.000000
0.832942 -0.025607 0.000000
0.967257 0.007038 0.000000
0.923400 0.016064 0.000000
0.019618 -0.024584 0.000000
0.557220 0.075921 0.000000
0.307445 -0.065109 0.000000
0.266685 0.096845 0.000000
0.141524 0.086781 0.000000
0.235204 -0.062504 0.000000
0.355134 0.094500 0.000000
0.991147 -0.001515 0.000000
0.422739 0.089940 0.000000
0.263814 0.096828 0.000000
0.577199 0.073391 0.000000
0.747186 0.048245 0.000000
0.465792 -0.061723 0.000000
0.090558 0.074546 0.000000
0.713982 0.053626 0.000000
0.671577 -0.045054 0.000000
0.046066 -0.036374 0.000000
0.410308 -0.064118 0.000000
0.683969 -0.043739 0.000000
0.166590 -0.057379 0.000000
0.484499 -0.060679 0.000000
0.966748 0.007145 0.000000
0.791175 0.040787 0.000000
0.451044 -0.062467 0.000000
0.775155 -0.033142 0.000000
0.822987 0.035160 0.000000
0.453839 0.087222 0.000000
0.073519 -0.043808 0.000000
0.921475 -0.012789 0.000000
0.183654 -0.058922 0.000000
0.835455 -0.025265 0.000000
0.091750 0.074917 0.000000
0.226402 -0.061998 0.000000
0.449554 -0.062537 0.000000
0.156548 -0.056373 0.000000
0.054521 -0.038992 0.000000
0.158865 0.089594 0.000000
0.532561 0.078899 0.000000
0.476712 0.085005 0.000000
0.142757 0.086998 0.000000
0.555062 0.076187 0.000000
0.996615 -0.000582 0.000000
0.757902 0.046462 0.000000
0.751364 0.047552 0.000000
0.157441 -0.056466 0.000000
0.095192 0.075955 0.000000
0.433092 0.089074 0.000000
0.437115 -0.063099 0.000000
0.111586 0.080412 0.000000
0.376811 -0.064985 0.000000
0.862358 -0.021523 0.000000
0.687049 -0.043407 0.000000
0.723104 -0.039387 0.000000
0.724696 -0.039204 0.000000
0.051367 -0.038058 0.000000
0.334742 0.095456 0.000000
0.411164 -0.064089 0.000000
0.054228 -0.038907 0.000000
0.732073 -0.038348 0.000000
0.972138 -0.004703 0.000000
0.434554 -0.063209 0.000000
0.869904 -0.020448 0.000000
0.401199 -0.064399 0.000000
0.024029 0.042799 0.000000
0.127910 -0.053037 0.000000
0.312719 0.096238 0.000000
0.372523 -0.065063 0.000000
0.602613 0.070033 0.000000
0.907762 0.019177 0.000000
0.817744 0.036101 0.000000
0.554338 0.076277 0.000000
0.173741 -0.058050 0.000000
0.092554 0.075161 0.000000
0.751859 -0.036001 0.000000
0.678662 -0.044306 0.000000
0.014198 0.034293 0.000000
0.076464 -0.044453 0.000000
0.463629 0.086294 0.000000
0.427572 0.089541 0.000000
0.857547 0.028821 0.000000
0.096933 0.076465 0.000000
0.452765 0.087322 0.000000
0.955951 0.009408 0.000000
0.571444 0.074131 0.000000
0.817049 0.036225 0.000000
0.039190 0.052810 0.000000
0.147386 0.087795 0.000000
0.653641 0.062841 0.000000
0.875898 -0.019586 0.000000
0.245883 -0.063064 0.000000
0.992982 -0.001202 0.000000
0.712096 0.053925 0.000000
0.030199 0.047210 0.000000
0.510367 0.081436 0.000000
0.250681 -0.063294 0.000000
0.659316 -0.046324 0.000000
0.883365 0.023928 0.000000
0.015543 -0.021852 0.000000
0.875176 0.025495 0.000000
0.302858 -0.065029 0.000000
0.350557 -0.065318 0.000000
0.129008 0.084372 0.000000
0.069287 -0.042838 0.000000
0.532067 0.078957 0.000000
0.318102 -0.065258 0.000000
0.008300 -0.015549 0.000000
0.609923 0.069038 0.000000
0.960149 -0.006669 0.000000
0.491683 -0.060248 0.000000
0.287874 -0.064679 0.000000
0.932466 -0.011083 0.000000
0.917262 -0.013435 0.000000
0.503041 0.082243 0.000000
0.305516 -0.065077 0.000000
0.416655 -0.063902 0.000000
0.208816 0.094835 0.000000
0.803304 0.038665 0.000000
0.876322 -0.019525 0.000000
0.947628 0.011133 0.000000
0.012549 0.032599 0.000000
0.730826 0.050923 0.000000
0.472739 0.085402 0.000000
0.735791 0.050116 0.000000
0.305353 0.096436 0.000000
0.360148 -0.065235 0.000000
0.774290 -0.033250 0.000000
0.175103 -0.058173 0.000000
0.967941 -0.005395 0.000000
0.638710 -0.048389 0.000000
0.506256 0.081890 0.000000
0.490463 -0.060323 0.000000
0.173702 -0.058047 0.000000
0.441918 -0.062889 0.000000
0.800002 -0.029980 0.000000
0.836896 0.032637 0.000000
0.780212 0.042680 0.000000
0.327872 -0.065332 0.000000
0.752161 -0.035964 0.000000
0.360166 0.094230 0.000000
0.392938 -0.064626 0.000000
0.613856 0.068498 0.000000
0.919431 -0.013103 0.000000
0.148105 -0.055466 0.000000
0.050623 0.058906 0.000000
0.874091 -0.019847 0.000000
0.365084 0.093956 0.000000
0.519355 -0.058445 0.000000
0.250955 0.096654 0.000000
0.102864 -0.049390 0.000000
0.146740 0.087686 0.000000
0.097068 0.076504 0.000000
0.921920 0.016360 0.000000
0.782857 0.042226 0.000000
0.732806 -0.038262 0.000000
0.038034 0.052135 0.000000
0.882891 -0.018571 0.000000
0.070912 -0.043216 0.000000
0.180004 0.092284 0.000000
0.240492 0.096385 0.000000
0.473991 -0.061280 0.000000
0.447391 0.087815 0.000000
0.351201 -0.065315 0.000000
0.152658 0.088651 0.000000
0.947123 0.011237 0.000000
0.868516 0.026759 0.000000
0.681340 0.058703 0.000000
0.864417 0.027533 0.000000
0.488320 -0.060451 0.000000
0.373772 0.093445 0.000000
0.547834 0.077074 0.000000
0.177060 -0.058350 0.000000
0.625359 0.066898 0.000000
0.426760 0.089609 0.000000
0.760408 0.046042 0.000000
0.462382 -0.061902 0.000000
0.153391 0.088768 0.000000
0.481855 -0.060833 0.000000
0.599925 -0.052029 0.000000
0.686925 0.057849 0.000000
0.000213 -0.001010 0.000000
0.809448 0.037579 0.000000
0.313423 -0.065199 0.000000
0.037684 -0.033368 0.000000
0.346815 -0.065339 0.000000
0.611890 -0.050942 0.000000
0.867855 0.026884 0.000000
0.845851 -0.023836 0.000000
0.912517 -0.014159 0.000000
0.248808 0.096606 0.000000
0.220711 0.095558 0.000000
0.267148 -0.064000 0.000000
0.640700 0.064719 0.000000
0.000413 -0.001821 0.000000
0.623428 -0.049863 0.000000
0.114244 -0.051147 0.000000
0.471503 -0.061416 0.000000
0.894182 0.021837 0.000000
0.690377 0.057319 0.000000
0.012382 0.032421 0.000000
0.665256 -0.045713 0.000000
0.720302 -0.039708 0.000000
0.521722 -0.058281 0.000000
0.806298 0.038136 0.000000
0.122434 0.082962 0.000000
0.475998 -0.061167 0.000000
0.474985 0.085178 0.000000
0.714567 0.053533 0.000000
0.813403 0.036876 0.000000
0.963048 -0.006197 0.000000
0.504869 -0.059417 0.000000
0.344390 -0.065349 0.000000
0.126800 0.083907 0.000000
0.953420 0.009934 0.000000
0.521512 0.080179 0.000000
0.531972 0.078968 0.000000
0.270563 0.096858 0.000000
0.889292 -0.017633 0.000000
0.104506 0.078582 0.000000
0.401869 -0.064380 0.000000
0.482026 0.084465 0.000000
0.247703 -0.063152 0.000000
0.983091 0.003668 0.000000
0.987231 -0.002179 0.000000
0.000054 -0.000274 0.000000
0.301445 0.096531 0.000000
0.210852 0.094974 0.000000
0.977353 -0.003837 0.000000
0.012954 -0.019864 0.000000
0.628816 0.066412 0.000000
0.564937 -0.055015 0.000000
0.688081 0.057672 0.000000
0.282851 -0.064536 0.000000
0.561707 0.075362 0.000000
0.099180 -0.048778 0.000000
0.186618 0.092977 0.000000
0.798880 -0.030125 0.000000
0.013678 0.033769 0.000000
0.671332 -0.045079 0.000000
0.497941 0.082795 0.000000
0.305350 -0.065074 0.000000
0.210204 -0.060957 0.000000
0.146129 0.087584 0.000000
0.313703 0.096210 0.000000
0.117595 -0.051631 0.000000
0.163989 -0.057126 0.000000
0.431072 -0.063352 0.000000
0.641154 0.064654 0.000000
0.155276 0.089057 0.000000
0.159396 0.089670 0.000000
0.785418 -0.031850 0.000000
0.502221 -0.059589 0.000000
0.831346 -0.025824 0.000000
0.534436 0.078678 0.000000
0.182586 -0.058833 0.000000
0.658853 0.062075 0.000000
0.433418 0.089046 0.000000
0.633076 0.065808 0.000000
0.120644 0.082563 0.000000
0.757010 -0.035377 0.000000
0.371079 0.093607 0.000000
0.302439 -0.065020 0.000000
0.209816 -0.060930 0.000000
0.595374 -0.052433 0.000000
0.222153 -0.061739 0.000000
0.077063 0.070027 0.000000
0.535979 0.078496 0.000000
0.420880 -0.063748 0.000000
0.070032 -0.043011 0.000000
0.832382 -0.025683 0.000000
0.907428 0.019243 0.000000
0.134765 -0.053906 0.000000
0.963001 0.007934 0.000000
0.843793 0.031372 0.000000
0.360992 0.094186 0.000000
0.168655 -0.057577 0.000000
0.243696 0.096484 0.000000
0.161990 0.090038 0.000000
0.211268 0.095003 0.000000
-0.000031 0.000167 0.000000
0.810040 -0.028670 0.000000
0.221175 -0.061679 0.000000
0.992002 -0.001369 0.000000
0.081963 -0.045600 0.000000
0.049044 -0.037338 0.000000
0.686200 -0.043499 0.000000
0.960051 -0.006685 0.000000
0.072747 -0.043634 0.000000
0.839082 -0.024769 0.000000
0.523341 0.079971 0.000000
0.641591 -0.048106 0.000000
0.796154 -0.030478 0.000000
0.541415 -0.056854 0.000000
0.597974 -0.052203 0.000000
0.647755 0.063700 0.000000
0.821616 0.035406 0.000000
0.318669 0.096053 0.000000
0.808986 0.037661 0.000000
0.009237 0.028833 0.000000
0.784860 -0.031921 0.000000
0.955800 0.009439 0.000000
0.078177 0.070428 0.000000
0.467814 -0.061616 0.000000
0.025519 -0.027928 0.000000
0.803547 0.038622 0.000000
0.652088 0.063069 0.000000
0.724869 -0.039184 0.000000
0.756529 0.046692 0.000000
-0.000497 0.005315 0.000000
0.242193 -0.062876 0.000000
0.532371 0.078921 0.000000
0.302595 0.096503 0.000000
0.039777 0.053149 0.000000
0.009784 0.029494 0.000000
0.207985 0.094778 0.000000
0.798286 0.039546 0.000000
0.210516 0.094951 0.000000
0.043447 -0.035486 0.000000
0.517108 -0.058601 0.000000
0.884554 -0.018328 0.000000
0.234360 -0.062458 0.000000
0.218071 -0.061479 0.000000
0.505636 -0.059367 0.000000
0.103553 -0.049501 0.000000
0.010519 0.030357 0.000000
0.280841 0.096832 0.000000
0.232420 -0.062349 0.000000
0.939428 0.012817 0.000000
0.488295 0.083816 0.000000
0.356749 0.094415 0.000000
0.465279 -0.061751 0.000000
0.789404 -0.031343 0.000000
0.636120 0.065375 0.000000
0.977053 -0.003887 0.000000
0.209202 0.094861 0.000000
0.977497 0.004866 0.000000
0.161067 -0.056835 0.000000
0.359273 0.094278 0.000000
0.008833 -0.016106 0.000000
0.849382 0.030340 0.000000
0.820267 -0.027314 0.000000
0.066804 0.066117 0.000000
0.835766 -0.025222 0.000000
0.420755 0.090101 0.000000
0.776054 -0.033030 0.000000
0.541068 0.077890 0.000000
0.645530 0.064022 0.000000
0.324395 0.095857 0.000000
0.016728 0.036711 0.000000
0.933621 -0.010903 0.000000
0.650578 -0.047211 0.000000
0.488293 0.083816 0.000000
-0.000496 0.004960 0.000000
0.276970 -0.064348 0.000000
0.230902 0.096044 0.000000
0.658960 -0.046361 0.000000
0.995036 -0.000852 0.000000
0.349285 0.094797 0.000000
0.872482 0.026007 0.000000
0.637132 0.065230 0.000000
0.127052 -0.052925 0.000000
0.886708 -0.018013 0.000000
0.973203 0.005780 0.000000
0.995109 0.001068 0.000000
0.945795 0.011510 0.000000
0.375261 -0.065013 0.000000
0.562282 0.075290 0.000000
0.539637 -0.056987 0.000000
0.017796 -0.023414 0.000000
0.086173 -0.046432 0.000000
0.061304 0.063821 0.000000
0.686858 -0.043428 0.000000
0.693522 -0.042704 0.000000
0.929959 0.014742 0.000000
0.099134 0.077097 0.000000
0.919453 -0.013100 0.000000
0.663432 0.061397 0.000000
0.612776 -0.050860 0.000000
0.723597 0.052090 0.000000
0.998468 0.000335 0.000000
0.652830 -0.046984 0.000000
0.224915 -0.061907 0.000000
0.168795 -0.057590 0.000000
0.534207 -0.057389 0.000000
0.116714 -0.051505 0.000000
0.693786 -0.042675 0.000000
0.645792 0.063984 0.000000
0.160418 -0.056770 0.000000
0.130380 0.084650 0.000000
0.089114 0.074096 0.000000
0.167469 0.090781 0.000000
0.013740 -0.020491 0.000000
0.098425 -0.048650 0.000000
0.805797 -0.029226 0.000000
0.127067 -0.052927 0.000000
0.903037 0.020107 0.000000
0.331871 -0.065352 0.000000
0.563918 -0.055098 0.000000
0.876361 -0.019519 0.000000
0.845204 0.031112 0.000000
0.953210 -0.007792 0.000000
0.166474 0.090648 0.000000
0.033927 0.049635 0.000000
0.378766 0.093134 0.000000
0.900079 0.020687 0.000000
0.466929 -0.061663 0.000000
0.870120 0.026455 0.000000
0.925534 0.015635 0.000000
0.862315 0.027928 0.000000
0.421048 0.090077 0.000000
0.459316 -0.062059 0.000000
0.905032 -0.015291 0.000000
0.907507 0.019227 0.000000
0.581819 -0.053611 0.000000
0.004310 -0.010508 0.000000
0.753670 -0.035782 0.000000
0.355873 0.094462 0.000000
0.687298 -0.043380 0.000000
0.272633 0.096864 0.000000
0.719227 -0.039831 0.000000
0.870719 0.026342 0.000000
0.558985 0.075701 0.000000
0.781499 -0.032346 0.000000
0.407124 0.091167 0.000000
0.533234 -0.057460 0.000000
0.585938 0.072254 0.000000
0.186273 -0.059142 0.000000
0.652680 0.062982 0.000000
0.880568 0.024465 0.000000
0.268940 -0.064065 0.000000
0.593085 0.071310 0.000000
0.456774 0.086947 0.000000
0.291208 0.096717 0.000000
0.015920 0.035959 0.000000
0.877620 -0.019337 0.000000
0.793626 -0.030803 0.000000
0.339639 -0.065359 0.000000
0.758896 -0.035148 0.000000
0.218004 0.095414 0.000000
0.957315 -0.007129 0.000000
0.421891 0.090009 0.000000
0.627444 -0.049480 0.000000
0.012565 0.032615 0.000000
0.320187 0.096003 0.000000
0.428526 -0.063456 0.000000
0.741636 -0.037222 0.000000
0.004639 -0.011001 0.000000
0.208103 -0.060810 0.000000
0.635098 0.065521 0.000000
0.125461 -0.052714 0.000000
0.126019 0.083742 0.000000
0.078838 0.070661 0.000000
0.881113 -0.018830 0.000000
0.087737 -0.046730 0.000000
0.173976 0.091594 0.000000
0.872517 -0.020073 0.000000
0.657392 0.062290 0.000000
0.035151 0.050398 0.000000
0.741929 0.049111 0.000000
0.639572 -0.048305 0.000000
0.291765 -0.064781 0.000000
0.116870 0.081692 0.000000
0.898170 0.021060 0.000000
0.364569 0.093985 0.000000
0.209096 -0.060881 0.000000
0.163223 -0.057052 0.000000
0.008317 0.027675 0.000000
0.894572 -0.016854 0.000000
0.351962 -0.065310 0.000000
0.070470 0.067566 0.000000
0.140802 -0.054633 0.000000
0.677654 0.059263 0.000000
0.463475 -0.061846 0.000000
0.536046 -0.057253 0.000000
0.759005 -0.035135 0.000000
0.121930 -0.052237 0.000000
0.652166 -0.047051 0.000000
0.362558 -0.065206 0.000000
0.303676 -0.065046 0.000000
0.504430 0.082091 0.000000
0.211387 -0.061036 0.000000
0.162842 -0.057014 0.000000
0.596975 0.070791 0.000000
0.800946 -0.029858 0.000000
0.335608 -0.065357 0.000000
0.155576 -0.056272 0.000000
0.329976 -0.065343 0.000000
0.376163 -0.064997 0.000000
0.260104 -0.063716 0.000000
0.697866 0.056159 0.000000
0.390648 -0.064685 0.000000
0.835929 0.032814 0.000000
0.349587 0.094781 0.000000
0.149516 0.088152 0.000000
0.312363 0.096248 0.000000
0.035700 -0.032580 0.000000
0.623591 -0.049847 0.000000
0.281138 -0.064484 0.000000
0.612550 -0.050881 0.000000
0.727689 -0.038857 0.000000
0.254326 -0.063463 0.000000
0.098835 -0.048719 0.000000
0.976161 0.005151 0.000000
0.493907 -0.060111 0.000000
0.182758 -0.058847 0.000000
0.627444 0.066605 0.000000
0.367769 0.093803 0.000000
0.942289 0.012231 0.000000
0.283630 0.096808 0.000000
0.027633 0.045441 0.000000
0.321537 -0.065288 0.000000
0.655143 -0.046749 0.000000
0.022884 -0.026509 0.000000
0.715801 -0.040221 0.000000
0.687575 0.057750 0.000000
0.993076 0.001511 0.000000
0.475237 0.085153 0.000000
0.316349 0.096129 0.000000
0.013712 -0.020470 0.000000
0.265798 0.096842 0.000000
0.147816 -0.055434 0.000000
0.136666 0.085887 0.000000
0.100796 -0.049048 0.000000
0.002099 -0.006521 0.000000
0.885153 -0.018241 0.000000
0.642529 -0.048013 0.000000
0.467138 -0.061652 0.000000
0.533666 0.078769 0.000000
0.872107 0.026079 0.000000
0.806366 0.038124 0.000000
0.729544 0.051131 0.000000
0.000253 0.011687 0.000000
0.973726 -0.004440 0.000000
0.892226 -0.017201 0.000000
0.101894 0.077870 0.000000
0.852413 0.029778 0.000000
0.015407 0.035473 0.000000
0.795319 0.040065 0.000000
0.823240 -0.026917 0.000000
0.844979 -0.023957 0.000000
0.003170 0.019626 0.000000
0.019265 -0.024364 0.000000
0.873042 -0.019998 0.000000
0.129135 0.084398 0.000000
0.558526 -0.055531 0.000000
0.235004 -0.062493 0.000000
0.750306 0.047728 0.000000
0.609720 0.069066 0.000000
0.221352 -0.061690 0.000000
0.592895 -0.052652 0.000000
0.203691 -0.060497 0.000000
0.990548 0.002059 0.000000
0.622514 0.067297 0.000000
0.359216 -0.065246 0.000000
0.144793 0.087357 0.000000
0.552446 -0.056010 0.000000
0.533736 0.078761 0.000000
0.887861 0.023062 0.000000
0.262873 -0.063828 0.000000
0.594471 0.071126 0.000000
0.893081 0.022051 0.000000
0.830999 0.033712 0.000000
0.291847 0.096708 0.000000
0.155741 0.089127 0.000000
0.317129 -0.065246 0.000000
0.266600 0.096845 0.000000
0.301699 0.096525 0.000000
0.227199 0.095879 0.000000
0.900401 0.020624 0.000000
0.037720 0.051950 0.000000
0.116160 -0.051426 0.000000
0.728054 -0.038815 0.000000
0.367449 -0.065141 0.000000
0.646030 0.063950 0.000000
0.142931 -0.054881 0.000000
0.286021 0.096786 0.000000
0.200419 0.094217 0.000000
0.277043 0.096850 0.000000
0.167005 -0.057419 0.000000
0.430519 0.089295 0.000000
0.828389 -0.026224 0.000000
0.050219 0.058705 0.000000
0.003311 0.019904 0.000000
0.954848 0.009637 0.000000
0.511758 0.081281 0.000000
0.166755 0.090686 0.000000
0.253614 -0.063432 0.000000
0.608548 0.069226 0.000000
0.080008 0.071071 0.000000
0.494728 0.083138 0.000000
0.318625 0.096054 0.000000
0.196390 0.093881 0.000000
0.448742 0.087692 0.000000
0.564051 -0.055087 0.000000
0.869138 -0.020558 0.000000
0.324941 0.095837 0.000000
0.205724 -0.060642 0.000000
0.232040 0.096088 0.000000
0.093279 0.075381 0.000000
0.909768 0.018780 0.000000
0.863489 0.027707 0.000000
0.246462 0.096550 0.000000
0.927974 0.015143 0.000000
0.170446 0.091160 0.000000
0.533880 -0.057413 0.000000
0.389947 0.092400 0.000000
0.990597 0.002049 0.000000
0.075480 0.069454 0.000000
0.597659 0.070699 0.000000
0.338298 0.095304 0.000000
0.502503 -0.059570 0.000000
0.257392 0.096762 0.000000
0.217167 -0.061421 0.000000
0.321258 -0.065286 0.000000
0.124102 0.083330 0.000000
0.518143 -0.058530 0.000000
0.348956 0.094813 0.000000
0.519939 -0.058405 0.000000
0.223935 0.095729 0.000000
0.562175 0.075303 0.000000
0.787579 0.041410 0.000000
0.381429 -0.064894 0.000000
0.227874 -0.062086 0.000000
0.554749 -0.055829 0.000000
0.851289 -0.023080 0.000000
0.649551 -0.047314 0.000000
0.295891 0.096640 0.000000
0.834657 0.033046 0.000000
0.923094 0.016125 0.000000
0.464185 0.086241 0.000000
0.590899 -0.052827 0.000000
0.623903 -0.049818 0.000000
0.285073 0.096795 0.000000
0.787998 -0.031522 0.000000
0.452694 0.087328 0.000000
0.384788 0.092745 0.000000
0.156100 0.089181 0.000000
0.832820 -0.025623 0.000000
0.233268 -0.062398 0.000000
0.542957 -0.056739 0.000000
0.696945 -0.042329 0.000000
0.038663 -0.033744 0.000000
0.465299 -0.061749 0.000000
0.597396 -0.052254 0.000000
0.520682 0.080274 0.000000
0.835206 0.032946 0.000000
0.346491 -0.065341 0.000000
0.303275 0.096487 0.000000
0.673108 0.059949 0.000000
0.225742 -0.061958 0.000000
0.614412 -0.050708 0.000000
0.613420 0.068558 0.000000
0.638222 -0.048437 0.000000
0.098686 0.076970 0.000000
0.679497 0.058983 0.000000
0.971757 0.006087 0.000000
0.273909 -0.064246 0.000000
0.768705 -0.033944 0.000000
0.169368 0.091025 0.000000
0.739041 0.049585 0.000000
0.374875 -0.065020 0.000000
0.647167 0.063785 0.000000
0.550418 0.076758 0.000000
0.721533 -0.039567 0.000000
0.239156 -0.062719 0.000000
0.147957 0.087891 0.000000
0.085729 -0.046346 0.000000
0.029183 0.046519 0.000000
0.868878 -0.020595 0.000000
0.786872 -0.031666 0.000000
0.492874 0.083335 0.000000
0.485979 -0.060592 0.000000
0.390512 0.092361 0.000000
0.277694 -0.064372 0.000000
0.916798 0.017384 0.000000
0.317122 -0.065246 0.000000
0.199408 -0.060180 0.000000
0.616838 0.068086 0.000000
0.019726 0.039350 0.000000
0.634485 -0.048802 0.000000
0.804256 0.038497 0.000000
0.356774 0.094413 0.000000
0.105625 -0.049833 0.000000
0.821495 0.035428 0.000000
0.478070 0.084867 0.000000
0.156677 -0.056387 0.000000
0.438990 0.088563 0.000000
0.957761 -0.007057 0.000000
0.478922 -0.061002 0.000000
0.283137 0.096812 0.000000
0.051719 -0.038165 0.000000
0.495947 0.083008 0.000000
0.278933 -0.064412 0.000000
0.626214 0.066778 0.000000
0.412336 0.090769 0.000000
0.395032 -0.064571 0.000000
0.767927 -0.034040 0.000000
0.120150 0.082450 0.000000
0.480833 -0.060893 0.000000
0.593908 0.071201 0.000000
0.929677 0.014799 0.000000
0.453823 0.087224 0.000000
0.496274 0.082973 0.000000
0.214613 0.095209 0.000000
0.264434 -0.063890 0.000000
0.523255 -0.058174 0.000000
0.127365 0.084027 0.000000
0.846152 0.030937 0.000000
0.165958 -0.057318 0.000000
0.752975 0.047285 0.000000
0.581430 0.072843 0.000000
0.594602 -0.052502 0.000000
0.243775 -0.062957 0.000000
0.442979 0.088211 0.000000
0.399806 0.091708 0.000000
0.500503 0.082518 0.000000
0.758362 -0.035213 0.000000
0.659895 0.061921 0.000000
0.192871 0.093573 0.000000
0.885116 -0.018246 0.000000
0.685845 0.058015 0.000000
0.757336 -0.035338 0.000000
0.339439 -0.065360 0.000000
0.898624 -0.016251 0.000000
0.434578 -0.063208 0.000000
0.028501 -0.029414 0.000000
0.083100 0.072132 0.000000
0.307777 -0.065115 0.000000
0.316864 0.096112 0.000000
0.860481 0.028272 0.000000
0.465836 0.086081 0.000000
0.342527 0.095118 0.000000
0.164100 -0.057137 0.000000
0.874524 -0.019784 0.000000
0.007533 -0.014708 0.000000
-0.000491 0.005792 0.000000
0.436772 -0.063114 0.000000
0.062438 -0.041152 0.000000
0.573005 -0.054353 0.000000
0.791785 -0.031039 0.000000
0.720641 -0.039669 0.000000
0.077166 -0.044603 0.000000
0.846533 -0.023741 0.000000
0.139156 -0.054438 0.000000
0.003287 0.019858 0.000000
0.883862 -0.018430 0.000000
0.717997 -0.039972 0.000000
0.850015 -0.023257 0.000000
0.646160 -0.047653 0.000000
0.432118 -0.063309 0.000000
0.638812 0.064990 0.000000
0.418974 -0.063818 0.000000
0.158864 -0.056614 0.000000
0.209114 -0.060882 0.000000
0.404285 -0.064309 0.000000
0.497984 0.082790 0.000000
0.063124 0.064597 0.000000
0.144007 0.087219 0.000000
0.421810 0.090015 0.000000
0.947355 0.011189 0.000000
0.867159 -0.020841 0.000000
0.472929 0.085383 0.000000
0.499348 -0.059771 0.000000
0.086157 -0.046429 0.000000
0.576326 -0.054076 0.000000
0.102223 0.077960 0.000000
0.294110 0.096675 0.000000
0.995210 0.001046 0.000000
0.213320 0.095131 0.000000
0.758803 0.046312 0.000000
0.690057 -0.043082 0.000000
0.522247 -0.058245 0.000000
0.443264 0.088186 0.000000
0.181175 -0.058710 0.000000
0.534642 -0.057357 0.000000
0.060943 -0.040763 0.000000
0.040961 0.053821 0.000000
0.898010 0.021091 0.000000
0.833762 0.033209 0.000000
0.312872 0.096233 0.000000
0.561549 0.075381 0.000000
0.331945 -0.065352 0.000000
0.843590 -0.024148 0.000000
0.237783 0.096301 0.000000
0.056757 0.061809 0.000000
0.346394 -0.065341 0.000000
0.789866 0.041014 0.000000
0.277103 -0.064352 0.000000
0.003324 0.019929 0.000000
0.861833 -0.021598 0.000000
0.331383 0.095592 0.000000
0.604578 0.069766 0.000000
0.267850 -0.064025 0.000000
0.035470 0.050594 0.000000
0.533161 0.078829 0.000000
0.359090 0.094288 0.000000
0.812736 0.036995 0.000000
0.992812 -0.001231 0.000000
0.049766 -0.037566 0.000000
0.865914 -0.021018 0.000000
0.523605 0.079940 0.000000
0.675850 -0.044604 0.000000
0.928609 -0.011685 0.000000
0.723605 0.052088 0.000000
0.308694 0.096353 0.000000
0.610486 0.068961 0.000000
0.088461 -0.046869 0.000000
0.873401 0.025833 0.000000
0.361253 -0.065221 0.000000
0.474012 -0.061279 0.000000
0.424667 -0.063606 0.000000
0.802004 0.038893 0.000000
0.804038 -0.029455 0.000000
0.312689 0.096239 0.000000
0.552824 0.076464 0.000000
0.305621 0.096430 0.000000
0.660734 -0.046179 0.000000
0.071218 0.067856 0.000000
0.733813 -0.038144 0.000000
0.092833 -0.047672 0.000000
0.625929 -0.049625 0.000000
0.410839 -0.064100 0.000000
0.932229 -0.011120 0.000000
0.657359 0.062295 0.000000
0.020434 0.039943 0.000000
0.263416 -0.063850 0.000000
0.619051 0.067779 0.000000
0.259981 0.096790 0.000000
0.232119 -0.062331 0.000000
0.913173 0.018106 0.000000
0.108326 -0.050256 0.000000
0.568525 -0.054723 0.000000
0.298638 0.096587 0.000000
0.865485 -0.021079 0.000000
0.901726 -0.015788 0.000000
0.574814 0.073698 0.000000
0.923790 -0.012432 0.000000
0.264751 0.096838 0.000000
0.994913 -0.000873 0.000000
0.051247 0.059212 0.000000
0.774074 -0.033277 0.000000
0.925674 0.015606 0.000000
0.186343 0.092950 0.000000
0.003374 -0.008984 0.000000
0.380143 0.093047 0.000000
0.510809 0.081387 0.000000
0.644904 0.064113 0.000000
0.858640 -0.022049 0.000000
0.754239 0.047074 0.000000
0.808497 -0.028872 0.000000
0.803967 -0.029465 0.000000
0.755040 -0.035616 0.000000
0.711265 0.054056 0.000000
0.066669 -0.042211 0.000000
0.899152 0.020868 0.000000
0.310725 0.096295 0.000000
0.634493 0.065607 0.000000
0.680632 0.058811 0.000000
0.847680 -0.023582 0.000000
0.870146 0.026450 0.000000
0.998228 0.000388 0.000000
0.886022 0.023417 0.000000
0.156589 -0.056377 0.000000
0.742857 -0.037078 0.000000
0.623765 -0.049831 0.000000
0.793463 -0.030824 0.000000
0.790898 -0.031152 0.000000
0.359973 0.094241 0.000000
0.817225 0.036194 0.000000
0.095483 -0.048142 0.000000
0.960141 -0.006670 0.000000
0.227476 -0.062063 0.000000
0.818767 -0.027514 0.000000
0.903578 0.020001 0.000000
0.342193 0.095132 0.000000
0.356800 -0.065268 0.000000
0.627392 0.066613 0.000000
0.741678 -0.037218 0.000000
0.535077 0.078602 0.000000
0.380967 0.092995 0.000000
0.715886 0.053323 0.000000
0.886840 -0.017994 0.000000
0.160477 0.089823 0.000000
0.789825 -0.031290 0.000000
0.325100 -0.065318 0.000000
0.418514 0.090283 0.000000
0.199991 0.094184 0.000000
0.540429 0.077966 0.000000
0.131366 0.084849 0.000000
0.705340 -0.041399 0.000000
0.667564 0.060781 0.000000
0.393835 0.092133 0.000000
0.792386 -0.030962 0.000000
0.604308 0.069803 0.000000
0.075355 0.069408 0.000000
0.063069 0.064574 0.000000
0.776871 -0.032928 0.000000
0.677444 -0.044435 0.000000
0.511073 0.081358 0.000000
0.113309 0.080838 0.000000
0.783218 -0.032129 0.000000
0.751517 -0.036042 0.000000
0.350955 0.094712 0.000000
0.154065 0.088874 0.000000
0.731059 0.050885 0.000000
0.500453 -0.059701 0.000000
0.691545 -0.042920 0.000000
0.033733 -0.031766 0.000000
0.502082 0.082347 0.000000
0.510321 -0.059058 0.000000
0.052204 -0.038310 0.000000
0.634970 0.065539 0.000000
0.858301 0.028680 0.000000
0.741799 -0.037203 0.000000
0.750492 -0.036165 0.000000
0.882434 -0.018638 0.000000
0.845357 0.031084 0.000000
0.915186 -0.013753 0.000000
0.970219 -0.005020 0.000000
0.679549 -0.044211 0.000000
0.588351 0.071936 0.000000
0.194979 -0.059841 0.000000
0.153348 -0.056037 0.000000
0.495842 0.083019 0.000000
0.346654 -0.065340 0.000000
0.215192 0.095245 0.000000
0.547521 0.077112 0.000000
0.780090 -0.032523 0.000000
0.665533 -0.045684 0.000000
0.942342 -0.009528 0.000000
0.655941 -0.046669 0.000000
0.861627 0.028057 0.000000
0.256770 -0.063570 0.000000
0.809978 -0.028678 0.000000
0.500796 0.082486 0.000000
0.709928 -0.040885 0.000000
0.491675 -0.060249 0.000000
0.414532 0.090596 0.000000
0.000195 -0.000932 0.000000
0.163088 -0.057038 0.000000
0.099020 -0.048751 0.000000
0.125011 0.083529 0.000000
0.260258 -0.063723 0.000000
0.362047 0.094129 0.000000
0.265827 0.096842 0.000000
0.863896 -0.021305 0.000000
0.393706 0.092142 0.000000
0.446389 -0.062687 0.000000
0.485227 -0.060636 0.000000
0.161954 -0.056924 0.000000
0.056142 0.061528 0.000000
0.327167 0.095755 0.000000
0.288171 -0.064688 0.000000
0.898322 0.021030 0.000000
0.197245 0.093953 0.000000
0.000819 0.013805 0.000000
0.978936 -0.003573 0.000000
0.630980 0.066106 0.000000
0.665214 0.061131 0.000000
0.264322 -0.063886 0.000000
0.074691 -0.044066 0.000000
0.312902 0.096233 0.000000
0.353815 0.094567 0.000000
0.508531 -0.059177 0.000000
0.363331 -0.065196 0.000000
0.299875 0.096563 0.000000
0.171998 -0.057890 0.000000
0.152227 0.088583 0.000000
0.705432 0.054976 0.000000
0.833045 0.033339 0.000000
0.235998 0.096239 0.000000
0.534932 -0.057335 0.000000
0.501092 -0.059661 0.000000
0.283768 -0.064562 0.000000
0.925480 0.015645 0.000000
0.062506 0.064338 0.000000
0.716238 0.053267 0.000000
0.406578 -0.064236 0.000000
0.837009 0.032617 0.000000
0.386760 0.092615 0.000000
0.089671 0.074269 0.000000
0.242564 -0.062895 0.000000
0.025862 -0.028105 0.000000
0.580843 -0.053694 0.000000
0.753903 0.047130 0.000000
0.986947 0.002838 0.000000
0.878083 0.024940 0.000000
0.720812 0.052536 0.000000
0.308766 -0.065131 0.000000
0.829654 0.033955 0.000000
0.565006 0.074947 0.000000
0.659007 0.062052 0.000000
0.649258 0.063481 0.000000
0.489299 -0.060392 0.000000
0.523982 0.079897 0.000000
0.284478 -0.064582 0.000000
0.911635 -0.014293 0.000000
0.543122 -0.056726 0.000000
0.991783 0.001791 0.000000
0.795325 0.040064 0.000000
0.681562 0.058669 0.000000
0.381304 -0.064896 0.000000
0.077431 0.070160 0.000000
0.470377 0.085637 0.000000
0.066509 -0.042172 0.000000
0.875938 -0.019580 0.000000
0.080238 0.071151 0.000000
0.419073 0.090238 0.000000
0.540413 -0.056929 0.000000
0.334755 0.095456 0.000000
0.586237 -0.053232 0.000000
0.164739 -0.057199 0.000000
0.585124 0.072361 0.000000
0.360233 0.094227 0.000000
0.100950 -0.049074 0.000000
0.486627 -0.060553 0.000000
0.595256 -0.052444 0.000000
0.115615 -0.051348 0.000000
0.842777 -0.024261 0.000000
0.104481 0.078576 0.000000
0.941442 0.012404 0.000000
0.260282 -0.063724 0.000000
0.769490 -0.033847 0.000000
0.608914 -0.051215 0.000000
0.441673 -0.062900 0.000000
0.153190 -0.056020 0.000000
0.836204 -0.025162 0.000000
0.625011 -0.049713 0.000000
0.811539 0.037207 0.000000
0.641963 0.064537 0.000000
0.616801 -0.050486 0.000000
0.472243 -0.061376 0.000000
0.573047 -0.054349 0.000000
0.035623 -0.032549 0.000000
0.235092 0.096204 0.000000
0.576429 -0.054067 0.000000
0.000292 0.011854 0.000000
0.626025 -0.049616 0.000000
0.427828 -0.063483 0.000000
0.867434 0.026963 0.000000
0.952857 -0.007849 0.000000
0.485677 -0.060610 0.000000
0.648749 0.063555 0.000000
0.441797 -0.062894 0.000000
0.311950 0.096260 0.000000
0.671076 -0.045106 0.000000
0.687515 -0.043357 0.000000
0.881378 0.024310 0.000000
0.421005 0.090081 0.000000
0.673880 -0.044812 0.000000
0.926966 -0.011940 0.000000
0.368900 0.093738 0.000000
0.853882 0.029505 0.000000
0.217068 -0.061415 0.000000
0.480569 0.084614 0.000000
0.595106 -0.052457 0.000000
0.060412 0.063437 0.000000
0.139693 0.086448 0.000000
0.970920 0.006264 0.000000
0.498265 -0.059840 0.000000
0.745646 0.048499 0.000000
0.388842 0.092476 0.000000
0.610329 0.068982 0.000000
0.429141 0.089410 0.000000
0.469549 -0.061523 0.000000
0.555031 -0.055807 0.000000
0.363093 0.094070 0.000000
0.000962 0.014263 0.000000
0.778975 -0.032664 0.000000
0.324941 -0.065318 0.000000
0.159650 0.089706 0.000000
0.184197 0.092734 0.000000
0.103658 -0.049517 0.000000
0.604573 0.069767 0.000000
0.743885 0.048789 0.000000
0.233663 0.096150 0.000000
0.735152 -0.037987 0.000000
0.198822 -0.060136 0.000000
0.268839 -0.064061 0.000000
0.617941 0.067933 0.000000
0.547986 -0.056355 0.000000
0.078365 -0.044859 0.000000
0.756832 -0.035399 0.000000
0.091915 -0.047506 0.000000
0.993050 -0.001191 0.000000
0.777286 -0.032876 0.000000
0.724390 -0.039239 0.000000
0.760438 0.046037 0.000000
0.669607 0.060475 0.000000
0.408360 -0.064180 0.000000
0.028946 -0.029626 0.000000
0.590539 0.071648 0.000000
0.343189 0.095086 0.000000
0.642431 0.064470 0.000000
0.192758 0.093562 0.000000
0.057766 -0.039907 0.000000
0.891053 -0.017374 0.000000
0.708908 -0.041000 0.000000
0.226009 -0.061974 0.000000
0.647955 0.063671 0.000000
0.793716 -0.030791 0.000000
0.846538 -0.023741 0.000000
0.778593 0.042958 0.000000
0.119683 0.082343 0.000000
0.695142 -0.042527 0.000000
0.745824 0.048470 0.000000
0.645443 -0.047725 0.000000
0.212984 -0.061145 0.000000
0.308326 0.096364 0.000000
0.334509 0.095465 0.000000
0.002267 0.017708 0.000000
0.976977 0.004977 0.000000
0.269919 0.096856 0.000000
0.044721 -0.035923 0.000000
0.141042 -0.054661 0.000000
0.796316 0.039891 0.000000
0.340172 0.095221 0.000000
0.695228 0.056569 0.000000
0.850329 -0.023214 0.000000
0.758742 0.046322 0.000000
0.887836 -0.017848 0.000000
0.126397 -0.052840 0.000000
0.275893 -0.064313 0.000000
0.153389 -0.056041 0.000000
0.538296 -0.057087 0.000000
0.131691 0.084915 0.000000
0.988638 0.002473 0.000000
0.514209 0.081007 0.000000
0.181469 -0.058736 0.000000
0.546245 -0.056488 0.000000
0.620733 -0.050118 0.000000
0.575187 0.073651 0.000000
0.775331 -0.033120 0.000000
0.115399 0.081342 0.000000
0.890387 -0.017472 0.000000
0.455450 -0.062252 0.000000
0.608283 -0.051273 0.000000
0.379380 0.093095 0.000000
0.355517 -0.065280 0.000000
0.263128 -0.063838 0.000000
0.309683 0.096325 0.000000
0.301436 -0.065000 0.000000
0.484589 0.084201 0.000000
0.549121 -0.056267 0.000000
0.298809 0.096584 0.000000
0.300586 0.096549 0.000000
0.093149 0.075341 0.000000
0.499837 0.082590 0.000000
0.847454 0.030697 0.000000
0.864396 0.027536 0.000000
0.155739 -0.056289 0.000000
0.421357 -0.063731 0.000000
0.377016 -0.064982 0.000000
0.020493 -0.025121 0.000000
0.927452 0.015248 0.000000
0.249678 0.096626 0.000000
0.574174 -0.054255 0.000000
0.842588 0.031594 0.000000
0.843848 -0.024113 0.000000
0.731623 -0.038400 0.000000
0.050041 0.058617 0.000000
0.893708 0.021929 0.000000
0.998525 0.000323 0.000000
0.422860 0.089930 0.000000
0.808082 0.037821 0.000000
0.827998 0.034255 0.000000
0.128493 -0.053112 0.000000
0.220988 0.095573 0.000000
0.048213 0.057699 0.000000
0.698961 0.055989 0.000000
0.763380 -0.034600 0.000000
0.872687 0.025968 0.000000
0.827508 0.034344 0.000000
0.224205 0.095742 0.000000
0.375438 0.093344 0.000000
0.428021 0.089503 0.000000
0.833108 -0.025584 0.000000
0.345897 0.094958 0.000000
0.897277 0.021234 0.000000
0.376405 0.093283 0.000000
0.870644 0.026356 0.000000
0.921095 -0.012847 0.000000
0.072823 -0.043651 0.000000
-0.000426 0.007194 0.000000
0.835527 -0.025255 0.000000
0.467497 0.085918 0.000000
0.969000 -0.005221 0.000000
0.986118 -0.002367 0.000000
0.140415 -0.054587 0.000000
0.005471 0.023653 0.000000
0.379016 -0.064944 0.000000
0.784701 0.041908 0.000000
0.363365 0.094054 0.000000
0.669995 0.060417 0.000000
0.564176 0.075051 0.000000
0.169947 0.091097 0.000000
0.067384 -0.042384 0.000000
0.523201 0.079987 0.000000
0.613471 0.068551 0.000000
0.802800 0.038753 0.000000
0.184335 -0.058979 0.000000
0.843480 -0.024163 0.000000
0.458262 0.086807 0.000000
0.695657 0.056503 0.000000
0.371235 -0.065084 0.000000
0.135911 0.085741 0.000000
0.881271 0.024330 0.000000
0.248740 -0.063202 0.000000
0.837923 0.032450 0.000000
0.145845 -0.055215 0.000000
0.722464 -0.039460 0.000000
0.251050 0.096656 0.000000
0.975533 -0.004140 0.000000
0.453221 -0.062362 0.000000
0.752097 -0.035972 0.000000
0.837786 -0.024946 0.000000
0.144702 0.087341 0.000000
0.110708 0.080195 0.000000
0.967635 -0.005445 0.000000
0.783141 0.042177 0.000000
0.005196 0.023218 0.000000
0.959650 0.008636 0.000000
0.288768 -0.064705 0.000000
0.075916 0.069615 0.000000
0.873471 -0.019936 0.000000
0.548034 -0.056352 0.000000
0.857045 0.028915 0.000000
0.961947 -0.006376 0.000000
0.538400 0.078209 0.000000
-0.000385 0.007709 0.000000
0.549996 0.076810 0.000000
0.687930 -0.043312 0.000000
0.489513 -0.060380 0.000000
0.776761 0.043272 0.000000
0.058385 0.062544 0.000000
0.518366 0.080539 0.000000
0.007740 0.026919 0.000000
0.255800 0.096736 0.000000
0.571020 -0.054517 0.000000
0.546861 -0.056441 0.000000
-0.000174 0.001007 0.000000
0.824998 -0.026681 0.000000
0.165794 0.090557 0.000000
0.362899 -0.065202 0.000000
0.975033 0.005391 0.000000
0.038081 0.052163 0.000000
0.793793 0.040331 0.000000
0.183970 -0.058949 0.000000
0.184723 -0.059012 0.000000
0.315267 -0.065222 0.000000
0.198032 -0.060077 0.000000
0.532515 0.078905 0.000000
0.686509 0.057913 0.000000
0.210865 -0.061001 0.000000
0.106290 -0.049938 0.000000
0.115267 -0.051297 0.000000
0.562035 -0.055250 0.000000
0.793611 -0.030805 0.000000
0.571199 0.074162 0.000000
0.705634 -0.041366 0.000000
0.071445 0.067943 0.000000
0.953336 -0.007771 0.000000
0.873245 -0.019969 0.000000
0.501885 0.082368 0.000000
0.168150 -0.057530 0.000000
0.596423 0.070865 0.000000
0.115051 0.081259 0.000000
0.855266 -0.022523 0.000000
0.834722 -0.025365 0.000000
0.044201 -0.035745 0.000000
0.189490 -0.059405 0.000000
0.398665 -0.064473 0.000000
0.979831 -0.003423 0.000000
0.492759 0.083347 0.000000
0.918550 0.017035 0.000000
0.127636 -0.053001 0.000000
0.002171 0.017485 0.000000
0.540985 0.077900 0.000000
0.869473 -0.020510 0.000000
0.375352 -0.065012 0.000000
0.561828 -0.055267 0.000000
0.199120 0.094111 0.000000
0.745302 -0.036787 0.000000
0.602546 -0.051793 0.000000
0.245333 0.096523 0.000000
0.809146 0.037632 0.000000
0.297595 -0.064920 0.000000
0.790598 -0.031191 0.000000
0.331138 -0.065349 0.000000
0.757299 -0.035342 0.000000
0.903165 -0.015572 0.000000
0.387285 -0.064765 0.000000
0.242505 -0.062892 0.000000
0.933003 -0.010999 0.000000
0.102691 -0.049361 0.000000
0.191263 -0.059548 0.000000
0.524554 0.079831 0.000000
-0.000462 0.006611 0.000000
0.927237 0.015292 0.000000
0.714082 0.053610 0.000000
0.144465 -0.055057 0.000000
0.810347 -0.028629 0.000000
0.171691 0.091315 0.000000
0.463348 -0.061853 0.000000
0.693365 0.056857 0.000000
0.940902 0.012515 0.000000
0.373927 -0.065037 0.000000
0.873275 -0.019965 0.000000
0.736005 -0.037887 0.000000
0.220055 0.095523 0.000000
0.661939 0.061618 0.000000
0.381197 0.092981 0.000000
0.910884 -0.014407 0.000000
0.518774 -0.058486 0.000000
0.282073 -0.064513 0.000000
0.899402 -0.016135 0.000000
0.689043 0.057524 0.000000
0.540838 0.077917 0.000000
0.056002 -0.039415 0.000000
0.971410 0.006160 0.000000
0.768066 0.044752 0.000000
0.684502 -0.043681 0.000000
0.637381 0.065195 0.000000
0.210681 -0.060989 0.000000
0.857207 0.028884 0.000000
0.261826 0.096808 0.000000
0.189916 -0.059440 0.000000
0.875255 -0.019679 0.000000
0.244625 -0.063000 0.000000
0.766248 0.045059 0.000000
0.213389 0.095135 0.000000
0.422390 -0.063693 0.000000
0.897717 -0.016386 0.000000
0.593590 -0.052591 0.000000
0.917123 0.017320 0.000000
0.832966 -0.025604 0.000000
0.967224 0.007045 0.000000
0.066235 0.065886 0.000000
0.326034 0.095797 0.000000
0.539949 -0.056964 0.000000
0.035808 0.050802 0.000000
0.145884 -0.055219 0.000000
0.615853 0.068223 0.000000
0.839675 0.032129 0.000000
0.289982 -0.064737 0.000000
0.475367 0.085140 0.000000
0.002435 0.018085 0.000000
0.605456 0.069647 0.000000
0.731034 0.050889 0.000000
0.861926 -0.021585 0.000000
0.714811 -0.040334 0.000000
0.671636 0.060171 0.000000
0.360698 -0.065228 0.000000
0.078113 -0.044805 0.000000
0.958356 0.008906 0.000000
0.580177 -0.053751 0.000000
0.444431 0.088081 0.000000
0.240645 0.096390 0.000000
0.709276 0.054371 0.000000
0.300405 -0.064978 0.000000
0.732182 0.050703 0.000000
0.671010 0.060265 0.000000
0.502213 -0.059589 0.000000
0.506664 0.081846 0.000000
0.464196 0.086240 0.000000
0.866152 0.027206 0.000000
0.778266 -0.032753 0.000000
0.937856 0.013137 0.000000
0.330706 0.095619 0.000000
0.199546 0.094147 0.000000
0.586346 -0.053222 0.000000
0.090814 0.074626 0.000000
0.806402 0.038118 0.000000
0.845317 -0.023910 0.000000
0.429107 0.089413 0.000000
0.341556 0.095160 0.000000
0.189213 -0.059383 0.000000
0.536547 -0.057217 0.000000
0.649863 -0.047283 0.000000
0.915940 0.017555 0.000000
0.742684 -0.037098 0.000000
0.741487 -0.037240 0.000000
0.239171 0.096344 0.000000
0.768112 -0.034017 0.000000
0.708691 -0.041024 0.000000
0.852435 -0.022920 0.000000
0.576179 0.073523 0.000000
0.345108 0.094995 0.000000
0.071722 0.068048 0.000000
0.464249 -0.061805 0.000000
0.007771 0.026960 0.000000
0.303310 0.096486 0.000000
0.955100 -0.007487 0.000000
0.205119 -0.060599 0.000000
0.304584 0.096455 0.000000
0.614241 0.068445 0.000000
0.175203 0.091738 0.000000
0.079528 0.070903 0.000000
0.422635 -0.063684 0.000000
0.443920 -0.062799 0.000000
0.001731 -0.005688 0.000000
0.408682 0.091048 0.000000
0.041002 0.053844 0.000000
0.120337 0.082493 0.000000
0.342947 0.095098 0.000000
0.564975 -0.055012 0.000000
0.036809 0.051407 0.000000
0.883830 0.023839 0.000000
0.665705 -0.045666 0.000000
0.390142 0.092386 0.000000
0.955092 -0.007488 0.000000
0.839396 0.032180 0.000000
0.949652 0.010715 0.000000
0.730924 0.050907 0.000000
0.083835 -0.045975 0.000000
0.079668 -0.045129 0.000000
0.959385 0.008691 0.000000
0.103187 0.078225 0.000000
0.032592 0.048785 0.000000
0.722042 -0.039509 0.000000
0.244829 -0.063010 0.000000
0.767798 -0.034056 0.000000
0.721948 -0.039520 0.000000
0.859022 -0.021995 0.000000
0.066943 0.066173 0.000000
0.253224 0.096692 0.000000
0.264982 -0.063912 0.000000
0.064548 -0.041688 0.000000
0.878564 0.024848 0.000000
0.606744 0.069472 0.000000
0.567367 0.074649 0.000000
0.554013 0.076317 0.000000
0.775362 -0.033116 0.000000
0.312170 0.096253 0.000000
0.376729 0.093263 0.000000
0.838466 -0.024853 0.000000
0.677303 -0.044450 0.000000
0.773708 0.043793 0.000000
0.035854 -0.032642 0.000000
0.876476 -0.019503 0.000000
0.771229 0.044215 0.000000
0.740210 0.049393 0.000000
0.079042 -0.044999 0.000000
0.804326 -0.029418 0.000000
0.367536 -0.065139 0.000000
0.645201 0.064070 0.000000
0.448036 -0.062609 0.000000
0.931344 -0.011259 0.000000
0.836129 0.032777 0.000000
0.586041 -0.053249 0.000000
0.131777 -0.053533 0.000000
0.855763 -0.022454 0.000000
0.023229 -0.026703 0.000000
0.628418 0.066468 0.000000
0.701114 0.055653 0.000000
0.250624 -0.063291 0.000000
0.286465 0.096782 0.000000
0.566898 -0.054856 0.000000
0.219227 0.095479 0.000000
0.969340 0.006598 0.000000
0.794929 -0.030635 0.000000
0.800372 0.039180 0.000000
0.743009 -0.037060 0.000000
0.996982 -0.000519 0.000000
0.573547 -0.054308 0.000000
0.055422 -0.039251 0.000000
0.039538 -0.034075 0.000000
0.567267 0.074662 0.000000
0.566052 0.074815 0.000000
0.544989 -0.056584 0.000000
0.137584 -0.054251 0.000000
0.137256 0.085997 0.000000
0.989212 0.002349 0.000000
0.878244 0.024910 0.000000
0.185093 0.092824 0.000000
0.098194 -0.048610 0.000000
0.374725 0.093387 0.000000
0.876744 -0.019464 0.000000
0.764771 0.045308 0.000000
0.351278 0.094696 0.000000
0.546319 0.077257 0.000000
0.705554 -0.041375 0.000000
0.812389 0.037056 0.000000
0.478855 -0.061006 0.000000
0.229131 -0.062159 0.000000
0.142352 0.086927 0.000000
0.777484 -0.032851 0.000000
0.803145 0.038693 0.000000
0.190295 -0.059470 0.000000
0.639924 -0.048270 0.000000
0.752240 0.047407 0.000000
0.564710 -0.055034 0.000000
0.724719 0.051909 0.000000
0.828171 -0.026253 0.000000
0.906866 -0.015015 0.000000
0.904843 -0.015320 0.000000
0.470293 0.085645 0.000000
0.916353 0.017473 0.000000
0.236075 -0.062551 0.000000
0.981044 0.004107 0.000000
0.502906 -0.059544 0.000000
0.152599 -0.055956 0.000000
0.988865 0.002423 0.000000
0.848746 0.030458 0.000000
0.167254 0.090752 0.000000
0.780559 -0.032464 0.000000
0.350628 -0.065318 0.000000
0.565831 0.074843 0.000000
0.040136 0.053355 0.000000
0.580908 -0.053689 0.000000
0.283866 0.096805 0.000000
0.013712 -0.020470 0.000000
0.784861 0.041880 0.000000
0.829991 -0.026007 0.000000
0.948961 0.010857 0.000000
0.500903 0.082475 0.000000
0.826330 0.034557 0.000000
0.472320 -0.061371 0.000000
0.512994 0.081144 0.000000
0.156542 0.089247 0.000000
0.625072 -0.049707 0.000000
0.941386 0.012416 0.000000
0.842968 0.031524 0.000000
0.555281 0.076160 0.000000
0.657232 -0.046537 0.000000
0.779295 0.042838 0.000000
0.271037 -0.064142 0.000000
0.356321 0.094438 0.000000
0.768431 -0.033978 0.000000
0.229484 -0.062179 0.000000
0.440694 -0.062944 0.000000
0.593678 0.071231 0.000000
0.202659 -0.060421 0.000000
0.654868 0.062661 0.000000
0.282207 -0.064517 0.000000
0.117287 0.081792 0.000000
0.453910 0.087216 0.000000
0.814364 -0.028099 0.000000
0.438765 0.088583 0.000000
0.457305 -0.062161 0.000000
0.576472 0.073485 0.000000
0.058055 -0.039986 0.000000
0.097761 0.076707 0.000000
0.040359 -0.034380 0.000000
0.271626 -0.064163 0.000000
0.588456 -0.053040 0.000000
0.034350 0.049900 0.000000
0.958512 0.008874 0.000000
0.529586 0.079247 0.000000
0.255001 0.096722 0.000000
0.691542 0.057139 0.000000
0.820259 0.035650 0.000000
0.676961 -0.044486 0.000000
0.548910 -0.056284 0.000000
0.460974 0.086549 0.000000
0.815233 0.036549 0.000000
0.367265 0.093831 0.000000
0.250363 -0.063279 0.000000
0.853831 0.029514 0.000000
0.069669 -0.042927 0.000000
0.541749 0.077808 0.000000
0.069099 0.067032 0.000000
0.367555 -0.065139 0.000000
0.313969 -0.065206 0.000000
0.947216 -0.008753 0.000000
0.747731 0.048155 0.000000
0.211968 0.095049 0.000000
0.420487 -0.063763 0.000000
0.215982 -0.061345 0.000000
0.569483 0.074380 0.000000
0.002591 0.018426 0.000000
0.031445 0.048038 0.000000
0.840700 0.031941 0.000000
0.301002 -0.064991 0.000000
0.201576 0.094306 0.000000
0.016920 0.036887 0.000000
0.962643 -0.006263 0.000000
0.784847 0.041883 0.000000
0.769337 0.044536 0.000000
0.729610 0.051120 0.000000
0.203463 0.094450 0.000000
0.899491 0.020802 0.000000
0.190421 -0.059480 0.000000
0.472840 -0.061343 0.000000
0.143312 0.087096 0.000000
0.850530 0.030127 0.000000
0.777829 0.043089 0.000000
0.568451 -0.054729 0.000000
0.203535 -0.060486 0.000000
0.900480 -0.015974 0.000000
0.661453 0.061690 0.000000
0.651938 -0.047074 0.000000
0.226807 0.095861 0.000000
0.118604 0.082096 0.000000
0.472089 0.085467 0.000000
0.325039 0.095833 0.000000
0.639507 -0.048311 0.000000
0.144789 -0.055094 0.000000
0.710185 0.054227 0.000000
0.784616 0.041923 0.000000
0.102088 -0.049262 0.000000
0.505061 -0.059404 0.000000
0.576038 0.073541 0.000000
0.884192 0.023769 0.000000
0.209310 0.094869 0.000000
0.164966 0.090447 0.000000
0.081859 -0.045578 0.000000
0.465851 0.086079 0.000000
0.410304 -0.064119 0.000000
0.408834 -0.064165 0.000000
0.687655 0.057737 0.000000
0.921455 0.016454 0.000000
0.363759 0.094032 0.000000
0.497571 0.082835 0.000000
0.209558 -0.060913 0.000000
0.158817 0.089588 0.000000
0.421646 0.090029 0.000000
0.162929 -0.057022 0.000000
0.778055 -0.032779 0.000000
0.937009 -0.010371 0.000000
0.463501 0.086306 0.000000
0.904489 -0.015373 0.000000
0.412312 -0.064050 0.000000
0.467740 0.085895 0.000000
0.798532 0.039503 0.000000
0.255300 0.096727 0.000000
0.667926 -0.045435 0.000000
0.503386 -0.059513 0.000000
0.423839 -0.063638 0.000000
0.364504 0.093989 0.000000
0.258181 -0.063632 0.000000
0.068989 0.066989 0.000000
0.009968 0.029713 0.000000
0.320019 0.096009 0.000000
0.204196 0.094506 0.000000
0.306362 -0.065091 0.000000
0.432510 0.089124 0.000000
0.366519 0.093874 0.000000
0.155138 -0.056226 0.000000
0.014257 0.034351 0.000000
0.695174 -0.042523 0.000000
0.037816 0.052006 0.000000
0.069151 0.067052 0.000000
0.350515 0.094734 0.000000
0.036675 0.051326 0.000000
0.642827 0.064413 0.000000
0.445733 0.087964 0.000000
0.419654 0.090190 0.000000
0.844315 0.031276 0.000000
0.120545 -0.052046 0.000000
0.191727 0.093467 0.000000
0.775629 0.043465 0.000000
0.642231 -0.048043 0.000000
0.649533 0.063441 0.000000
0.144581 -0.055070 0.000000
0.313734 0.096209 0.000000
0.024688 -0.027492 0.000000
0.814782 -0.028044 0.000000
0.893637 -0.016992 0.000000
0.234190 0.096170 0.000000
0.356897 0.094407 0.000000
0.812871 -0.028296 0.000000
0.469193 -0.061543 0.000000
0.634369 0.065625 0.000000
0.877255 -0.019390 0.000000
0.789154 0.041138 0.000000
0.942939 -0.009434 0.000000
0.265170 0.096840 0.000000
0.912072 0.018324 0.000000
0.531837 -0.057561 0.000000
0.334732 -0.065356 0.000000
0.221893 0.095621 0.000000
0.067091 -0.042314 0.000000
0.117301 -0.051589 0.000000
0.408465 0.091065 0.000000
0.118897 -0.051816 0.000000
0.783372 0.042137 0.000000
0.997172 -0.000486 0.000000
0.690259 0.057337 0.000000
0.513245 0.081116 0.000000
0.429418 -0.063420 0.000000
0.524937 -0.058055 0.000000
0.751563 0.047519 0.000000
0.639560 0.064883 0.000000
0.652588 -0.047008 0.000000
0.328095 0.095721 0.000000
0.047983 -0.037001 0.000000
0.747203 -0.036560 0.000000
0.103941 -0.049563 0.000000
0.850196 0.030189 0.000000
0.878830 -0.019162 0.000000
0.316097 -0.065233 0.000000
0.943873 -0.009285 0.000000
0.005375 0.023502 0.000000
0.203650 -0.060494 0.000000
0.640566 0.064738 0.000000
0.003715 -0.009561 0.000000
0.872486 -0.020078 0.000000
0.705435 -0.041389 0.000000
0.552625 0.076488 0.000000
0.161810 0.090013 0.000000
0.582844 -0.053523 0.000000
0.891777 -0.017267 0.000000
0.010906 -0.018106 0.000000
0.011352 0.031300 0.000000
0.839559 0.032150 0.000000
0.109155 -0.050385 0.000000
0.183281 -0.058891 0.000000
0.672482 -0.044959 0.000000
0.595691 0.070963 0.000000
0.987305 -0.002166 0.000000
0.914202 -0.013903 0.000000
0.822587 -0.027004 0.000000
0.804171 0.038512 0.000000
0.299960 -0.064969 0.000000
0.468185 0.085851 0.000000
0.001962 -0.006219 0.000000
0.237419 -0.062624 0.000000
0.080468 -0.045296 0.000000
0.050882 -0.037909 0.000000
0.262687 0.096817 0.000000
-0.000100 0.009913 0.000000
0.853569 0.029563 0.000000
0.970067 -0.005045 0.000000
0.342763 -0.065352 0.000000
0.674790 -0.044716 0.000000
0.474532 -0.061250 0.000000
0.561667 0.075366 0.000000
0.427439 -0.063499 0.000000
0.123240 0.083140 0.000000
0.074736 0.069179 0.000000
0.709261 -0.040960 0.000000
0.742243 -0.037151 0.000000
0.286089 0.096786 0.000000
0.312977 0.096230 0.000000
0.342204 -0.065354 0.000000
0.389151 0.092454 0.000000
0.193627 -0.059736 0.000000
0.073846 -0.043880 0.000000
0.937776 -0.010250 0.000000
0.083933 -0.045994 0.000000
0.226479 -0.062003 0.000000
0.856841 0.028953 0.000000
0.112772 0.080705 0.000000
0.492989 0.083323 0.000000
0.001936 0.016929 0.000000
0.317497 -0.065251 0.000000
0.365622 0.093925 0.000000
0.475738 0.085103 0.000000
0.173911 -0.058065 0.000000
0.491880 -0.060236 0.000000
0.515618 0.080848 0.000000
0.990395 -0.001643 0.000000
0.228625 -0.062129 0.000000
0.789062 -0.031387 0.000000
0.340193 -0.065358 0.000000
0.155789 0.089134 0.000000
0.899655 -0.016097 0.000000
0.852076 -0.022970 0.000000
0.087879 -0.046758 0.000000
0.262445 0.096815 0.000000
0.493630 0.083254 0.000000
0.817568 0.036132 0.000000
0.530070 0.079191 0.000000
0.884028 0.023801 0.000000
0.895576 -0.016705 0.000000
0.857341 -0.022232 0.000000
0.017034 -0.022901 0.000000
0.893524 0.021965 0.000000
0.589110 0.071837 0.000000
0.009597 0.029270 0.000000
0.355082 0.094502 0.000000
0.280945 0.096831 0.000000
0.170822 -0.057780 0.000000
0.216390 -0.061371 0.000000
0.012663 -0.019624 0.000000
0.076863 -0.044538 0.000000
0.273802 0.096860 0.000000
